{"type":"FeatureCollection","features":[{"type":"Feature","properties":{"lite":true,"src":"data/years/1812-05-28.geojson"},"geometry":{"type":"MultiPolygon","coordinates":[[[[24.271,58.278],[24.268,58.272],[24.119,58.228],[24.011,58.32],[23.839,58.359],[23.746,58.341],[23.685,58.526],[23.503,58.564],[23.54,58.593],[23.489,58.689],[23.802,58.751],[23.727,58.788],[23.441,58.766],[23.536,58.814],[23.425,58.943],[23.53,58.939],[23.664,58.972],[23.404,59.026],[23.45,59.029],[23.435,59.078],[23.542,59.09],[23.508,59.229],[24.084,59.269],[24.035,59.387],[24.241,59.344],[24.179,59.397],[24.359,59.474],[24.79,59.443],[24.796,59.572],[24.969,59.489],[25.149,59.476],[25.146,59.541],[25.441,59.491],[25.555,59.541],[25.497,59.648],[25.67,59.564],[25.713,59.601],[25.671,59.654],[25.697,59.675],[25.814,59.564],[25.98,59.635],[26.949,59.437],[27.914,59.402],[28.074,59.513],[28.093,59.598],[27.997,59.692],[28.096,59.79],[28.364,59.664],[28.473,59.828],[28.845,59.782],[29.037,59.845],[28.988,59.914],[29.126,59.986],[30.026,59.861],[30.176,59.87],[30.228,59.911],[30.184,59.99],[29.962,60.01],[29.939,60.126],[29.87,60.162],[29.147,60.161],[28.805,60.357],[28.617,60.352],[28.437,60.547],[28.672,60.429],[28.714,60.439],[28.642,60.656],[28.746,60.664],[28.722,60.686],[28.735,60.697],[28.748,60.696],[28.728,60.714],[28.766,60.721],[28.708,60.776],[28.617,60.705],[28.658,60.686],[28.622,60.667],[28.637,60.682],[28.626,60.681],[28.618,60.687],[28.607,60.69],[28.598,60.692],[28.586,60.69],[28.6,60.661],[28.545,60.682],[28.542,60.66],[28.521,60.67],[28.521,60.678],[28.508,60.682],[28.399,60.662],[28.386,60.604],[28.298,60.623],[28.345,60.596],[28.232,60.511],[28.159,60.543],[28.177,60.508],[28.152,60.517],[28.14,60.506],[28.073,60.528],[28.072,60.499],[28.006,60.525],[27.896,60.502],[27.86,60.552],[27.734,60.582],[27.697,60.517],[27.741,60.485],[27.468,60.513],[27.491,60.46],[27.365,60.514],[27.369,60.499],[27.229,60.532],[27.197,60.515],[27.194,60.553],[27.273,60.526],[27.282,60.533],[27.179,60.585],[27.162,60.572],[27.175,60.52],[27.008,60.555],[26.94,60.471],[26.78,60.493],[26.734,60.48],[26.746,60.45],[26.678,60.425],[26.455,60.486],[26.336,60.371],[26.237,60.458],[26.265,60.389],[26.241,60.401],[26.22,60.397],[26.168,60.425],[26.2,60.362],[26.166,60.399],[26.054,60.423],[25.979,60.479],[25.919,60.49],[26.059,60.375],[26.12,60.325],[25.844,60.412],[25.913,60.367],[25.863,60.333],[25.924,60.252],[25.743,60.324],[25.786,60.282],[25.848,60.267],[25.67,60.276],[25.628,60.328],[25.719,60.334],[25.722,60.341],[25.706,60.371],[25.674,60.383],[25.514,60.328],[25.553,60.308],[25.514,60.286],[25.496,60.253],[25.494,60.249],[25.491,60.249],[25.328,60.285],[25.346,60.258],[25.241,60.261],[25.204,60.255],[25.191,60.248],[25.209,60.233],[25.155,60.234],[25.154,60.183],[24.981,60.216],[24.933,60.184],[24.963,60.156],[24.925,60.145],[24.893,60.202],[24.845,60.21],[24.838,60.167],[24.815,60.175],[24.793,60.155],[24.767,60.157],[24.75,60.144],[24.685,60.14],[24.678,60.116],[24.575,60.178],[24.628,60.136],[24.566,60.101],[24.619,60.121],[24.647,60.109],[24.584,60.095],[24.602,60.091],[24.621,60.086],[24.541,60.039],[24.508,60.02],[24.507,59.997],[24.488,60.008],[24.472,59.991],[24.456,60.009],[24.442,60.007],[24.479,60.042],[24.477,60.07],[24.457,60.045],[24.416,60.034],[24.406,60.018],[24.371,60.037],[24.335,60.003],[24.387,60.085],[23.836,60.018],[23.901,60.012],[23.805,59.968],[23.809,59.984],[23.731,59.987],[23.756,59.974],[23.675,59.979],[23.623,59.961],[23.569,59.992],[23.479,59.982],[23.467,59.968],[23.424,59.963],[23.541,60.041],[23.534,60.073],[23.564,60.093],[23.553,60.097],[23.514,60.085],[23.492,60.05],[23.463,60.05],[23.38,59.941],[23.223,59.891],[23.245,59.856],[23.214,59.847],[23.214,59.843],[23.216,59.84],[22.893,59.809],[23.207,59.911],[23.193,59.918],[23.218,59.918],[23.218,59.929],[23.259,59.945],[23.272,59.949],[23.296,59.976],[23.328,60.041],[23.171,59.91],[23.229,59.962],[23.107,59.983],[23.212,59.995],[23.232,60.036],[23.03,59.985],[23.027,59.91],[22.978,59.953],[22.888,59.916],[22.815,59.979],[22.832,60.023],[22.979,59.971],[23.05,59.994],[22.994,60.041],[23.113,60.008],[23.265,60.063],[23.198,60.075],[23.06,60.044],[23.039,60.069],[22.985,60.075],[23.065,60.13],[23.036,60.149],[22.869,60.164],[22.891,60.18],[22.872,60.2],[23.009,60.289],[23.09,60.366],[23.079,60.376],[22.521,60.214],[22.637,60.285],[22.509,60.254],[22.473,60.257],[22.454,60.266],[22.482,60.273],[22.471,60.283],[22.523,60.304],[22.51,60.308],[22.602,60.362],[22.604,60.374],[22.647,60.399],[22.646,60.405],[22.583,60.376],[22.474,60.386],[22.471,60.392],[22.515,60.416],[22.52,60.423],[22.294,60.384],[22.219,60.444],[22.125,60.44],[22.135,60.448],[22.122,60.473],[22.017,60.463],[21.969,60.538],[21.897,60.553],[21.864,60.544],[21.889,60.481],[21.857,60.49],[21.823,60.501],[21.777,60.497],[21.775,60.478],[21.757,60.476],[21.739,60.495],[21.833,60.547],[21.847,60.635],[21.73,60.59],[21.698,60.616],[21.674,60.628],[21.666,60.628],[21.67,60.631],[21.653,60.644],[21.607,60.654],[21.579,60.679],[21.606,60.65],[21.665,60.626],[21.581,60.649],[21.588,60.642],[21.718,60.592],[21.586,60.491],[21.609,60.524],[21.544,60.594],[21.337,60.688],[21.473,60.706],[21.381,60.835],[21.327,60.83],[21.446,60.923],[21.298,61.087],[21.419,61.047],[21.438,61.066],[21.371,61.091],[21.492,61.073],[21.479,61.128],[21.43,61.126],[21.425,61.133],[21.493,61.142],[21.447,61.184],[21.505,61.187],[21.438,61.193],[21.536,61.186],[21.612,61.23],[21.477,61.276],[21.537,61.281],[21.492,61.306],[21.579,61.335],[21.538,61.401],[21.447,61.43],[21.6,61.445],[21.45,61.509],[21.634,61.514],[21.537,61.532],[21.496,61.589],[21.464,61.589],[21.461,61.599],[21.522,61.61],[21.572,61.574],[21.664,61.556],[21.674,61.571],[21.616,61.602],[21.636,61.619],[21.506,61.724],[21.603,61.72],[21.548,61.746],[21.529,61.755],[21.421,61.807],[21.548,61.814],[21.419,61.953],[21.279,61.993],[21.294,62.001],[21.312,62.045],[21.308,62.073],[21.322,62.067],[21.311,62.152],[21.365,62.135],[21.431,62.22],[21.384,62.285],[21.378,62.266],[21.364,62.264],[21.361,62.259],[21.355,62.247],[21.32,62.244],[21.308,62.256],[21.34,62.261],[21.359,62.311],[21.303,62.318],[21.366,62.371],[21.309,62.346],[21.3,62.415],[21.222,62.409],[21.243,62.447],[21.167,62.423],[21.208,62.495],[21.176,62.462],[21.182,62.491],[21.157,62.47],[21.111,62.49],[21.19,62.543],[21.152,62.573],[21.223,62.607],[21.134,62.644],[21.099,62.606],[21.086,62.608],[21.082,62.616],[21.076,62.616],[21.077,62.617],[21.073,62.62],[21.072,62.622],[21.182,62.74],[21.121,62.799],[21.211,62.805],[21.253,62.841],[21.248,62.892],[21.404,62.881],[21.495,62.966],[21.496,63.003],[21.44,63.019],[21.504,63.011],[21.467,63.056],[21.685,63.054],[21.501,63.172],[21.563,63.189],[21.54,63.267],[21.67,63.21],[21.985,63.266],[22.022,63.222],[21.952,63.22],[21.941,63.184],[21.942,63.184],[22.002,63.158],[21.973,63.205],[22.042,63.201],[22.024,63.254],[22.084,63.213],[22.369,63.292],[22.385,63.346],[22.203,63.474],[22.403,63.438],[22.292,63.51],[22.323,63.582],[22.36,63.509],[22.447,63.475],[22.519,63.596],[22.428,63.604],[22.615,63.724],[22.635,63.689],[22.686,63.681],[22.754,63.717],[22.672,63.759],[22.76,63.796],[22.699,63.841],[22.826,63.844],[22.778,63.859],[22.788,63.861],[22.869,63.829],[22.903,63.836],[22.836,63.906],[22.939,63.892],[22.941,63.844],[23.025,63.822],[23.005,63.853],[23.029,63.879],[23.1,63.856],[23.133,63.87],[23.073,63.917],[23.371,63.912],[23.41,63.94],[23.363,63.969],[23.397,64.083],[23.558,64.042],[23.619,64.046],[23.634,64.072],[23.581,64.118],[23.64,64.147],[23.72,64.186],[23.685,64.22],[23.931,64.265],[24.03,64.415],[24.371,64.545],[24.39,64.659],[24.569,64.734],[24.54,64.818],[25.098,64.922],[25.309,64.83],[25.39,64.902],[25.199,65.008],[25.487,64.96],[25.38,64.997],[25.418,64.997],[25.47,65.016],[25.461,65.023],[25.473,65.023],[25.385,65.097],[25.364,65.103],[25.296,65.123],[25.227,65.127],[25.296,65.208],[25.269,65.232],[25.353,65.23],[25.264,65.27],[25.334,65.36],[25.26,65.411],[25.305,65.4],[25.365,65.426],[25.325,65.486],[25.174,65.565],[25.182,65.591],[25.114,65.55],[25.051,65.62],[24.874,65.668],[24.695,65.63],[24.643,65.706],[24.539,65.756],[24.313,65.805],[24.189,65.793],[24.135,65.875],[24.119,65.875],[24.057,65.947],[24.02,66.049],[23.912,66.149],[23.751,66.189],[23.689,66.258],[23.652,66.457],[23.882,66.563],[23.894,66.751],[24.004,66.805],[23.578,67.161],[23.615,67.214],[23.604,67.26],[23.735,67.29],[23.786,67.337],[23.752,67.351],[23.765,67.42],[23.478,67.444],[23.433,67.482],[23.481,67.557],[23.554,67.587],[23.485,67.735],[23.481,67.864],[23.636,67.913],[23.662,67.951],[23.384,68.051],[23.307,68.146],[23.165,68.124],[23.155,68.218],[23.067,68.29],[22.808,68.395],[22.303,68.476],[22.071,68.477],[21.919,68.568],[21.739,68.588],[21.717,68.619],[21.465,68.686],[21.406,68.749],[21.305,68.756],[21.072,68.869],[20.904,68.895],[20.888,68.924],[20.934,68.949],[20.911,68.981],[20.633,69.042],[20.745,69.104],[21.072,69.037],[21.156,69.088],[21.037,69.179],[21.099,69.24],[21.314,69.291],[21.639,69.271],[22.023,69.012],[22.368,68.824],[22.409,68.713],[22.57,68.727],[22.852,68.676],[23.071,68.681],[23.198,68.618],[23.735,68.715],[23.79,68.8],[23.93,68.816],[24.332,68.709],[24.665,68.666],[24.905,68.557],[24.956,68.606],[25.133,68.648],[25.15,68.766],[25.203,68.813],[25.434,68.884],[25.628,68.874],[25.796,68.993],[25.751,69.06],[25.771,69.135],[25.737,69.218],[25.788,69.313],[25.877,69.371],[25.844,69.417],[25.887,69.455],[25.891,69.524],[26.004,69.587],[25.963,69.651],[26.007,69.69],[26.198,69.715],[26.529,69.924],[26.865,69.938],[27.1,69.902],[27.312,69.929],[27.352,69.949],[27.336,69.969],[27.563,70.024],[27.613,70.062],[27.867,70.075],[28.167,69.894],[28.377,69.857],[28.404,69.802],[29.132,69.674],[29.339,69.469],[29.23,69.377],[28.852,69.204],[28.828,69.091],[28.941,69.023],[28.41,68.899],[28.444,68.866],[28.728,68.865],[28.797,68.833],[28.715,68.726],[28.447,68.515],[28.69,68.183],[29.331,68.073],[29.561,67.896],[29.95,68.726],[30.205,69.388],[30.062,69.412],[30.232,69.558],[30.22,69.6],[30.143,69.632],[30.141,69.631],[30.136,69.635],[30.145,69.633],[30.146,69.633],[30.149,69.635],[30.232,69.637],[30.246,69.632],[30.261,69.616],[30.316,69.608],[30.314,69.607],[30.512,69.536],[30.853,69.527],[30.927,69.578],[30.928,69.672],[30.879,69.73],[30.828,69.791],[31.446,69.689],[31.268,69.593],[31.511,69.686],[31.819,69.648],[31.686,69.707],[31.736,69.818],[32.098,69.762],[31.892,69.905],[31.942,69.954],[32.872,69.711],[32.852,69.711],[32.846,69.712],[32.716,69.728],[32.715,69.727],[32.711,69.724],[32.683,69.717],[32.999,69.689],[33.0,69.689],[33.0,69.688],[33.011,69.68],[33.002,69.678],[33.0,69.677],[33.099,69.652],[32.833,69.567],[32.178,69.634],[32.188,69.7],[32.116,69.743],[32.094,69.656],[31.953,69.628],[32.054,69.59],[32.001,69.549],[32.178,69.587],[32.502,69.502],[32.26,69.422],[32.901,69.464],[32.843,69.446],[32.804,69.415],[32.805,69.373],[32.91,69.444],[33.074,69.452],[32.815,69.326],[32.884,69.276],[33.049,69.381],[33.501,69.4],[33.358,69.298],[33.399,69.286],[33.255,69.286],[33.305,69.274],[33.21,69.253],[33.246,69.242],[33.344,69.259],[33.353,69.274],[33.454,69.264],[33.267,69.222],[33.42,69.221],[33.365,69.189],[33.383,69.182],[33.5,69.202],[33.479,69.155],[33.048,69.066],[33.005,68.886],[33.073,69.049],[33.584,69.132],[33.573,69.194],[33.64,69.176],[33.556,69.231],[33.629,69.268],[33.55,69.258],[33.579,69.3],[34.312,69.303],[34.366,69.265],[34.978,69.216],[34.937,69.166],[35.127,69.203],[35.118,69.165],[35.166,69.114],[35.129,69.169],[35.289,69.203],[35.182,69.233],[35.156,69.253],[35.83,69.19],[36.042,69.084],[36.046,69.139],[36.075,69.133],[36.061,69.12],[36.098,69.109],[36.288,69.097],[36.247,69.078],[37.805,68.645],[37.743,68.626],[38.334,68.416],[38.313,68.414],[38.365,68.362],[38.287,68.352],[38.37,68.359],[38.377,68.382],[38.387,68.386],[38.44,68.288],[38.434,68.341],[38.456,68.352],[38.444,68.339],[38.785,68.245],[38.494,68.348],[38.6,68.328],[38.648,68.375],[39.084,68.167],[39.706,68.0],[39.635,68.035],[39.87,68.033],[39.741,68.158],[40.006,67.986],[40.376,67.887],[40.273,67.84],[40.419,67.757],[40.643,67.802],[40.983,67.696],[41.037,67.634],[40.948,67.44],[41.117,67.414],[41.081,67.25],[41.315,67.218],[41.278,67.138],[41.393,67.113],[41.211,66.822],[40.559,66.451],[40.003,66.256],[38.653,66.064],[37.926,66.083],[37.145,66.242],[35.554,66.384],[34.898,66.594],[34.462,66.541],[34.367,66.619],[34.505,66.632],[34.352,66.699],[34.093,66.674],[34.141,66.695],[34.184,66.746],[34.172,66.777],[34.151,66.786],[34.13,66.703],[34.064,66.681],[34.054,66.76],[34.025,66.685],[33.925,66.686],[33.772,66.765],[33.607,66.852],[33.625,66.787],[33.542,66.798],[33.643,66.734],[33.519,66.766],[33.543,66.745],[33.631,66.714],[33.632,66.705],[33.503,66.717],[32.789,67.03],[32.998,67.084],[32.323,67.167],[31.87,67.139],[32.046,67.097],[32.255,67.122],[32.354,67.07],[32.311,67.039],[32.566,66.977],[32.417,66.947],[32.504,66.897],[32.387,66.869],[32.956,66.729],[32.859,66.712],[32.805,66.753],[32.684,66.749],[32.855,66.691],[33.319,66.638],[33.118,66.642],[33.099,66.582],[32.821,66.593],[33.196,66.538],[32.931,66.519],[33.718,66.415],[33.463,66.378],[33.666,66.335],[33.414,66.325],[33.215,66.28],[33.077,66.276],[32.982,66.249],[33.573,66.315],[33.632,66.306],[33.58,66.295],[33.563,66.276],[33.911,66.234],[33.879,66.2],[34.109,66.227],[34.141,66.167],[34.698,65.983],[34.634,65.92],[34.683,65.876],[34.857,65.866],[34.775,65.81],[34.842,65.813],[34.849,65.818],[34.853,65.813],[34.92,65.815],[34.837,65.754],[34.976,65.716],[34.931,65.675],[34.688,65.797],[34.66,65.794],[34.683,65.694],[34.773,65.686],[34.686,65.668],[34.797,65.581],[34.737,65.583],[34.754,65.529],[34.633,65.487],[34.689,65.436],[34.456,65.43],[34.531,65.406],[34.474,65.407],[34.509,65.39],[34.501,65.388],[34.353,65.406],[34.443,65.367],[34.362,65.381],[34.307,65.38],[34.271,65.371],[34.5,65.328],[34.446,65.317],[34.457,65.269],[34.66,65.194],[34.599,65.196],[34.691,65.157],[34.637,65.141],[34.686,65.079],[34.783,65.079],[34.774,64.995],[34.831,65.022],[34.782,64.981],[34.608,64.951],[34.769,64.953],[34.921,64.834],[34.961,64.836],[34.78,64.732],[34.913,64.633],[34.99,64.611],[34.859,64.538],[34.781,64.526],[34.759,64.534],[34.731,64.531],[34.7,64.524],[34.683,64.509],[34.772,64.525],[34.787,64.51],[34.83,64.514],[34.809,64.502],[34.868,64.503],[34.889,64.48],[35.011,64.506],[34.964,64.418],[35.404,64.284],[35.698,64.362],[35.955,64.191],[36.241,64.128],[36.176,64.074],[36.3,63.971],[37.205,63.877],[37.311,63.798],[38.01,63.936],[38.06,64.071],[37.891,64.212],[38.01,64.288],[37.788,64.368],[37.791,64.438],[37.615,64.355],[37.11,64.401],[36.738,64.689],[36.534,64.717],[36.5,64.822],[36.571,64.812],[36.438,64.922],[36.811,64.957],[36.827,65.138],[37.046,65.168],[37.677,65.029],[37.872,64.896],[38.37,64.843],[38.368,64.763],[38.007,64.757],[38.125,64.673],[37.994,64.614],[38.013,64.584],[38.15,64.656],[38.158,64.711],[38.495,64.735],[38.431,64.808],[39.527,64.55],[39.756,64.539],[39.85,64.676],[39.894,64.661],[40.182,64.559],[40.421,64.548],[40.44,64.565],[40.196,64.574],[40.055,64.653],[39.91,64.67],[39.824,64.68],[39.943,64.689],[39.962,64.701],[39.98,64.695],[40.0,64.699],[40.0,64.697],[40.025,64.7],[40.055,64.715],[40.189,64.708],[40.302,64.635],[40.444,64.603],[40.453,64.675],[40.421,64.721],[40.426,64.723],[40.331,64.894],[40.34,64.89],[40.321,64.912],[40.274,64.945],[39.724,65.336],[39.765,65.566],[40.486,65.812],[40.743,65.984],[41.523,66.121],[42.206,66.51],[42.632,66.393],[43.259,66.411],[43.349,66.32],[43.6,66.294],[44.072,66.066],[44.019,65.983],[44.194,65.812],[44.203,65.822],[44.214,65.832],[44.18,65.869],[44.234,65.846],[44.222,65.861],[44.191,65.87],[44.189,65.876],[44.188,65.876],[44.185,65.88],[44.167,65.885],[44.166,65.929],[44.109,65.977],[44.084,65.986],[44.182,66.041],[44.074,66.228],[44.303,66.408],[44.309,66.406],[44.859,66.231],[45.741,66.063],[45.833,66.083],[46.347,66.023],[47.11,65.816],[47.408,65.831],[47.662,65.803],[47.764,65.84],[47.737,65.913],[47.757,65.937],[48.141,66.122],[49.007,66.114],[51.512,66.778],[51.554,66.797],[51.491,66.83],[51.525,66.922],[51.812,66.949],[51.849,66.997],[52.022,67.023],[52.159,67.081],[53.772,66.994],[59.879,66.997],[59.869,66.963],[59.919,66.949],[60.083,66.985],[61.661,67.011],[61.854,67.122],[62.823,67.383],[62.878,67.578],[63.107,67.67],[63.422,67.763],[63.691,67.757],[63.711,67.805],[63.873,67.831],[63.952,67.895],[63.919,67.964],[63.839,68.025],[64.326,68.129],[64.351,68.173],[64.418,68.196],[64.532,68.196],[64.501,68.314],[64.559,68.354],[64.761,68.401],[65.006,68.384],[65.445,68.424],[65.269,68.232],[65.324,68.09],[65.286,68.01],[65.436,67.915],[65.781,67.919],[65.91,67.955],[66.084,67.925],[66.015,67.796],[66.194,67.736],[66.2,67.695],[66.106,67.652],[66.0,67.683],[65.85,67.659],[65.819,67.631],[65.839,67.604],[65.791,67.568],[66.033,67.57],[66.1,67.506],[66.085,67.471],[65.937,67.398],[65.7,67.393],[65.673,67.368],[65.701,67.339],[65.662,67.316],[65.188,67.149],[65.207,67.078],[65.073,67.043],[65.102,66.997],[65.098,66.897],[64.575,66.803],[64.533,66.733],[64.411,66.728],[64.295,66.668],[63.98,66.656],[63.807,66.552],[63.541,66.476],[63.413,66.485],[63.237,66.33],[63.292,66.244],[63.104,66.255],[63.009,66.199],[62.957,66.118],[62.858,66.078],[62.817,66.011],[62.87,65.977],[62.798,65.932],[62.844,65.877],[62.522,65.844],[62.014,65.72],[62.273,65.619],[62.322,65.537],[62.402,65.511],[62.369,65.447],[62.479,65.345],[62.81,65.289],[62.797,65.054],[62.673,64.891],[62.806,64.833],[62.816,64.806],[62.781,64.785],[62.799,64.736],[62.59,64.645],[62.533,64.551],[62.687,64.489],[62.899,64.472],[63.234,64.519],[63.455,64.454],[63.497,64.377],[63.41,64.325],[63.611,64.263],[63.889,64.279],[64.017,64.352],[64.478,64.355],[64.604,64.432],[64.761,64.422],[64.995,64.461],[65.177,64.441],[65.4,64.566],[65.884,64.564],[66.02,64.59],[66.465,64.507],[66.682,64.552],[66.932,64.482],[66.884,64.383],[66.792,64.328],[66.816,64.221],[67.161,64.159],[67.163,64.121],[67.253,64.112],[67.279,64.076],[67.677,64.074],[67.798,64.027],[67.929,64.111],[68.18,64.171],[68.427,64.291],[68.884,64.218],[68.894,64.266],[68.995,64.33],[68.874,64.433],[69.015,64.467],[69.229,64.465],[69.389,64.384],[69.732,64.389],[69.824,64.336],[69.999,64.311],[70.304,64.339],[70.471,64.247],[70.67,64.232],[70.765,64.189],[70.77,64.117],[70.554,63.999],[70.641,63.893],[70.818,63.811],[70.911,63.688],[71.386,63.67],[71.546,63.587],[71.607,63.18],[71.805,63.214],[71.989,63.197],[72.16,63.294],[72.656,63.275],[72.911,63.389],[73.101,63.431],[73.279,63.313],[73.366,63.202],[74.24,63.167],[74.507,63.038],[74.915,63.027],[75.363,63.103],[75.7,63.086],[75.804,63.109],[76.235,63.015],[76.297,62.945],[76.689,63.034],[76.823,62.987],[77.022,62.971],[77.155,62.787],[77.326,62.706],[77.885,62.553],[78.015,62.456],[78.379,62.563],[78.793,62.61],[79.821,62.599],[79.907,62.699],[79.92,62.789],[80.555,62.996],[80.592,63.079],[81.109,63.11],[81.171,62.969],[81.316,62.881],[81.337,62.821],[81.596,62.769],[81.633,62.73],[81.783,62.684],[82.165,62.804],[82.316,62.765],[82.746,62.749],[82.755,62.666],[83.006,62.591],[83.032,62.525],[83.282,62.456],[83.798,62.555],[83.938,62.48],[84.017,62.392],[84.24,62.368],[84.286,62.272],[84.39,62.236],[84.444,62.17],[84.487,62.096],[84.516,61.925],[84.684,61.801],[85.096,61.747],[85.277,61.669],[85.403,61.682],[85.491,61.613],[85.712,61.568],[85.843,61.588],[85.956,61.541],[85.962,61.455],[86.129,61.374],[86.211,61.374],[86.327,61.452],[86.507,61.406],[86.523,61.349],[86.603,61.311],[86.775,61.317],[86.976,61.36],[86.989,61.411],[86.95,61.447],[87.003,61.46],[87.254,61.376],[87.245,61.354],[87.467,61.339],[87.474,61.266],[87.564,61.209],[87.692,61.267],[87.713,61.296],[87.676,61.329],[87.778,61.362],[87.963,61.315],[88.182,61.346],[88.953,60.746],[89.867,60.807],[90.946,60.746],[91.965,60.751],[92.138,60.829],[92.136,60.89],[92.234,60.951],[92.227,60.98],[92.409,60.968],[92.474,60.997],[92.401,61.111],[92.467,61.195],[92.56,61.191],[92.757,61.087],[92.902,61.068],[92.891,61.095],[92.939,61.13],[92.818,61.216],[92.829,61.236],[92.632,61.304],[92.83,61.359],[92.93,61.332],[93.012,61.363],[93.151,61.321],[93.156,61.244],[93.343,61.1],[93.472,61.082],[93.568,61.104],[93.732,61.038],[93.918,61.058],[94.029,60.96],[94.252,61.12],[94.382,61.118],[94.546,61.174],[94.721,61.158],[95.113,61.089],[95.359,60.921],[95.402,60.816],[95.326,60.744],[95.48,60.706],[95.234,60.563],[95.227,60.499],[95.289,60.451],[95.267,60.423],[95.113,60.416],[95.022,60.37],[94.929,60.237],[95.011,60.196],[94.977,60.113],[95.081,60.049],[95.007,60.007],[95.02,59.966],[95.062,59.89],[95.173,59.803],[95.136,59.755],[95.241,59.637],[95.498,59.637],[95.593,59.575],[95.726,59.554],[95.783,59.606],[95.881,59.627],[95.954,59.628],[96.052,59.556],[96.239,59.626],[96.326,59.549],[96.29,59.505],[96.352,59.471],[96.452,59.473],[96.554,59.539],[96.784,59.549],[97.121,59.5],[97.224,59.535],[97.237,59.577],[97.204,59.615],[97.361,59.66],[97.457,59.73],[97.696,59.679],[98.052,59.723],[98.129,59.768],[98.337,59.723],[98.445,59.784],[98.606,59.762],[98.878,59.826],[98.935,59.767],[99.001,59.772],[99.102,59.841],[99.116,59.906],[99.409,60.029],[99.412,60.078],[99.649,60.116],[100.066,59.994],[100.097,59.959],[100.072,59.895],[100.315,59.841],[100.429,59.859],[100.553,59.788],[100.866,59.783],[101.025,59.714],[101.448,59.683],[101.472,59.725],[101.729,59.74],[101.79,59.712],[101.785,59.684],[102.016,59.637],[102.107,59.589],[102.443,59.647],[102.485,59.627],[102.456,59.614],[102.454,59.524],[102.525,59.498],[102.527,59.471],[102.639,59.449],[102.483,59.392],[102.517,59.26],[102.436,59.214],[102.484,59.181],[102.616,59.206],[102.82,59.187],[102.899,59.27],[103.014,59.312],[103.136,59.254],[103.212,59.251],[103.235,59.285],[103.333,59.268],[103.342,59.243],[103.21,59.232],[103.235,59.17],[103.309,59.131],[103.391,59.025],[103.555,58.993],[103.623,58.918],[103.896,58.917],[103.976,58.867],[103.944,58.835],[103.951,58.774],[103.884,58.754],[103.889,58.732],[103.97,58.723],[104.04,58.783],[104.19,58.771],[104.252,58.711],[104.376,58.722],[104.343,58.67],[104.466,58.604],[104.814,58.672],[104.899,58.748],[104.766,58.812],[104.792,58.861],[105.135,59.055],[105.277,59.063],[105.373,59.116],[105.314,59.161],[105.343,59.197],[105.307,59.249],[105.19,59.301],[105.241,59.445],[105.149,59.49],[104.976,59.473],[104.859,59.558],[104.886,59.608],[104.811,59.63],[104.813,59.673],[104.782,59.692],[104.889,59.76],[105.026,59.773],[105.018,59.83],[105.07,59.869],[105.372,59.834],[105.429,59.853],[105.466,59.826],[105.52,59.844],[105.437,59.902],[105.429,59.947],[105.51,60.0],[105.433,60.149],[105.512,60.23],[105.344,60.304],[105.231,60.28],[104.903,60.305],[104.854,60.352],[104.669,60.411],[104.649,60.522],[104.585,60.544],[104.575,60.591],[104.514,60.627],[104.614,60.726],[104.582,60.773],[104.492,60.807],[104.486,60.843],[104.638,60.903],[104.586,60.946],[104.648,61.036],[104.631,61.074],[104.697,61.083],[104.856,61.186],[105.049,61.175],[104.953,61.32],[104.826,61.354],[105.01,61.407],[105.283,61.419],[105.284,61.466],[105.378,61.54],[105.587,61.586],[105.669,61.65],[105.814,61.625],[105.896,61.681],[105.982,61.686],[105.903,61.841],[106.276,62.018],[106.399,62.039],[106.417,62.099],[106.393,62.14],[106.454,62.196],[106.47,62.261],[106.381,62.284],[106.487,62.337],[106.445,62.393],[106.548,62.392],[106.634,62.46],[106.759,62.493],[106.689,62.564],[106.8,62.627],[106.478,62.703],[106.516,62.728],[106.516,62.794],[106.453,62.818],[106.438,62.868],[106.205,62.928],[106.193,62.973],[106.153,62.982],[106.175,63.008],[106.127,63.077],[106.4,63.122],[106.398,63.182],[106.443,63.218],[106.356,63.256],[106.422,63.353],[106.622,63.312],[106.741,63.395],[106.503,63.537],[106.524,63.563],[106.602,63.558],[106.593,63.598],[106.66,63.622],[106.694,63.661],[106.612,63.722],[106.795,63.87],[106.73,63.912],[106.733,63.939],[106.629,63.974],[106.631,64.005],[106.675,64.037],[106.97,63.966],[107.043,63.922],[107.197,63.977],[107.303,63.973],[107.371,63.931],[107.339,63.904],[107.416,63.889],[107.454,63.917],[107.585,63.897],[107.632,63.93],[107.632,63.975],[107.761,64.015],[108.206,63.999],[108.315,64.006],[108.394,64.048],[108.248,64.255],[108.086,64.252],[108.049,64.192],[107.978,64.187],[107.642,64.316],[107.353,64.269],[107.274,64.303],[107.258,64.35],[107.105,64.359],[106.917,64.443],[106.738,64.429],[106.656,64.533],[106.58,64.548],[106.547,64.526],[106.576,64.481],[106.553,64.465],[106.256,64.452],[106.181,64.421],[106.094,64.432],[106.138,64.488],[106.025,64.546],[105.906,64.495],[105.763,64.497],[105.79,64.553],[105.717,64.591],[105.756,64.642],[105.7,64.679],[105.873,64.672],[105.829,64.781],[105.872,64.832],[105.992,64.828],[105.935,64.902],[106.033,64.913],[106.027,64.88],[106.058,64.865],[106.212,64.871],[105.959,65.037],[106.111,65.065],[106.194,65.128],[106.312,65.14],[106.411,65.222],[106.528,65.215],[106.436,65.251],[106.449,65.314],[106.615,65.39],[106.819,65.373],[106.973,65.506],[106.71,65.545],[106.705,65.607],[106.435,65.674],[106.464,65.733],[106.439,65.771],[106.495,65.797],[106.47,65.824],[106.498,65.883],[106.469,65.922],[106.522,66.003],[106.34,66.158],[106.202,66.154],[106.12,66.194],[106.141,66.249],[106.119,66.37],[106.335,66.47],[106.318,66.542],[106.391,66.489],[106.52,66.498],[106.762,66.424],[106.895,66.432],[106.921,66.48],[107.07,66.536],[107.24,66.456],[107.5,66.447],[107.603,66.491],[107.839,66.483],[107.885,66.451],[107.966,66.463],[107.982,66.416],[108.043,66.413],[108.106,66.44],[108.11,66.529],[108.387,66.642],[108.389,66.672],[108.27,66.714],[108.776,66.757],[108.803,66.806],[108.876,66.822],[108.982,66.753],[108.865,66.677],[108.864,66.639],[109.021,66.585],[109.201,66.607],[109.253,66.51],[109.232,66.465],[109.369,66.426],[109.386,66.347],[109.276,66.313],[109.28,66.255],[109.353,66.234],[109.349,66.148],[109.453,66.146],[109.519,66.19],[109.672,66.194],[109.815,66.261],[109.958,66.262],[110.143,66.339],[110.375,66.367],[110.33,66.448],[110.52,66.461],[110.768,66.548],[111.103,66.559],[111.235,66.598],[111.36,66.567],[111.579,66.64],[112.115,66.661],[112.208,66.609],[112.695,66.615],[112.759,66.569],[112.883,66.559],[112.942,66.488],[113.12,66.436],[113.185,66.382],[113.266,66.224],[113.314,66.21],[113.274,66.104],[113.452,66.032],[113.486,65.927],[113.403,65.894],[113.3,65.924],[113.054,65.925],[112.931,65.871],[112.869,65.784],[112.767,65.762],[112.67,65.677],[112.61,65.663],[112.621,65.607],[112.536,65.62],[112.478,65.569],[112.309,65.542],[112.33,65.49],[112.793,65.46],[112.749,65.366],[112.808,65.353],[112.78,65.273],[112.63,65.305],[112.532,65.268],[112.53,65.228],[112.576,65.188],[112.555,65.1],[112.66,65.044],[112.896,65.102],[113.039,65.081],[113.033,65.04],[113.11,64.979],[113.368,64.956],[113.409,64.83],[113.964,64.822],[114.063,64.745],[114.049,64.655],[114.124,64.633],[114.088,64.59],[114.131,64.561],[114.365,64.597],[114.443,64.67],[114.583,64.7],[114.605,64.628],[114.674,64.656],[114.683,64.706],[114.803,64.676],[114.816,64.697],[114.764,64.712],[114.747,64.754],[114.805,64.731],[114.849,64.76],[114.726,64.785],[114.748,64.823],[114.845,64.831],[114.826,64.874],[114.956,64.926],[115.416,64.95],[115.412,64.985],[115.264,65.018],[115.351,65.034],[115.348,65.065],[115.576,65.043],[115.564,65.097],[115.858,65.084],[115.902,65.156],[116.054,65.1],[116.097,65.111],[116.136,65.07],[116.338,65.099],[116.556,65.086],[116.542,65.057],[116.409,65.031],[116.497,65.0],[116.669,65.071],[116.708,65.061],[116.697,65.093],[116.729,65.114],[116.792,65.086],[116.798,65.116],[116.859,65.128],[116.859,65.171],[117.003,65.174],[116.991,65.205],[117.095,65.266],[117.256,65.281],[117.253,65.307],[117.314,65.326],[117.307,65.364],[117.368,65.374],[117.386,65.425],[117.421,65.428],[117.408,65.488],[117.368,65.513],[117.675,65.649],[117.687,65.705],[117.806,65.741],[117.835,65.795],[118.069,65.786],[118.018,65.836],[118.063,65.901],[118.042,65.976],[118.391,66.106],[118.376,66.176],[118.199,66.238],[118.1,66.32],[118.14,66.378],[118.298,66.414],[118.329,66.455],[118.393,66.434],[118.602,66.494],[118.715,66.487],[118.849,66.432],[118.832,66.463],[118.877,66.495],[119.076,66.537],[119.271,66.634],[119.152,66.707],[119.159,66.743],[119.059,66.839],[119.044,66.95],[119.116,66.911],[119.659,66.84],[119.98,66.703],[119.998,66.665],[120.054,66.665],[120.057,66.599],[120.195,66.55],[120.174,66.516],[120.222,66.485],[120.339,66.471],[120.33,66.425],[120.374,66.404],[120.343,66.352],[120.498,66.327],[120.503,66.244],[120.555,66.219],[120.478,66.14],[120.508,66.018],[120.589,65.949],[120.448,65.813],[120.49,65.762],[120.473,65.682],[120.575,65.646],[120.699,65.649],[120.698,65.617],[120.79,65.58],[120.905,65.587],[120.93,65.551],[121.033,65.536],[121.063,65.472],[121.105,65.455],[121.085,65.429],[121.128,65.403],[121.137,65.352],[121.232,65.335],[121.217,65.263],[121.516,65.226],[121.83,65.092],[122.31,64.975],[122.595,64.975],[122.744,64.866],[122.873,64.823],[123.005,64.879],[123.064,64.873],[123.382,64.744],[123.629,64.765],[123.922,64.721],[124.172,64.762],[124.22,64.856],[124.273,64.888],[124.479,64.931],[124.544,64.915],[124.609,64.961],[124.776,64.966],[124.851,65.028],[125.0,65.028],[124.946,65.089],[125.001,65.101],[125.042,65.223],[125.138,65.299],[125.276,65.328],[125.293,65.361],[125.786,65.328],[125.802,65.38],[125.985,65.443],[126.159,65.471],[126.303,65.475],[126.355,65.445],[126.519,65.46],[126.529,65.514],[126.631,65.585],[126.821,65.56],[127.019,65.613],[127.069,65.736],[127.052,65.78],[127.154,65.829],[127.307,65.774],[127.39,65.857],[127.387,65.953],[127.584,65.954],[127.61,65.998],[127.594,66.042],[127.469,66.046],[127.374,66.111],[127.256,66.056],[127.152,66.082],[127.137,66.148],[126.988,66.147],[127.007,66.164],[126.976,66.312],[127.017,66.401],[127.183,66.485],[127.188,66.535],[127.351,66.592],[127.312,66.625],[127.325,66.652],[127.419,66.663],[127.537,66.612],[127.677,66.622],[127.812,66.555],[128.022,66.534],[128.045,66.48],[128.254,66.469],[128.391,66.5],[128.396,66.535],[128.454,66.559],[128.399,66.603],[128.521,66.657],[128.61,66.636],[128.617,66.604],[128.724,66.553],[129.164,66.546],[129.382,66.497],[129.462,66.523],[129.412,66.593],[129.753,66.489],[129.899,66.493],[130.02,66.541],[130.12,66.472],[130.054,66.421],[130.051,66.383],[130.102,66.321],[130.109,66.215],[130.435,66.203],[130.544,66.08],[130.848,65.971],[131.138,65.939],[131.134,65.881],[131.264,65.789],[131.353,65.795],[131.411,65.692],[131.707,65.699],[131.644,65.608],[131.652,65.567],[131.48,65.454],[131.527,65.44],[131.537,65.399],[131.606,65.39],[131.683,65.301],[131.843,65.296],[131.994,65.216],[132.128,65.061],[132.168,64.964],[132.264,64.927],[132.27,64.855],[132.354,64.801],[132.354,64.731],[132.278,64.663],[132.409,64.61],[132.612,64.645],[132.618,64.612],[132.741,64.588],[132.878,64.626],[132.873,64.686],[132.971,64.707],[133.004,64.744],[132.961,64.8],[133.012,64.844],[132.918,64.929],[132.959,64.991],[132.947,65.031],[132.992,65.065],[132.974,65.125],[133.021,65.174],[133.193,65.232],[133.224,65.275],[133.482,65.279],[133.632,65.212],[133.883,65.199],[133.946,65.227],[133.999,65.304],[134.147,65.323],[134.322,65.411],[134.469,65.37],[134.494,65.403],[134.47,65.433],[134.52,65.502],[134.671,65.554],[134.715,65.595],[134.698,65.644],[134.741,65.645],[134.763,65.689],[134.832,65.692],[134.865,65.764],[135.079,65.759],[135.374,65.802],[135.438,65.85],[135.437,65.892],[135.487,65.904],[135.741,65.889],[135.752,65.958],[135.843,65.972],[135.862,66.003],[136.015,66.006],[136.109,66.087],[136.233,66.117],[136.273,66.156],[136.437,66.195],[136.708,66.203],[136.855,66.193],[136.878,66.157],[136.95,66.153],[137.008,66.11],[137.276,66.097],[137.315,66.05],[137.523,66.054],[137.709,65.967],[138.017,65.962],[138.11,65.997],[138.224,65.936],[138.379,65.93],[139.26,66.018],[139.526,65.967],[139.827,65.845],[139.987,65.832],[140.178,65.875],[140.392,65.795],[140.292,65.704],[140.217,65.684],[140.19,65.628],[140.367,65.549],[140.508,65.559],[140.669,65.523],[140.724,65.557],[140.98,65.538],[141.053,65.566],[141.148,65.509],[141.329,65.485],[141.345,65.458],[141.418,65.471],[141.453,65.443],[141.842,65.462],[141.879,65.399],[142.085,65.391],[142.101,65.36],[142.905,65.312],[142.976,65.252],[142.988,65.167],[143.353,65.152],[143.533,65.112],[143.534,65.066],[143.661,65.07],[143.79,65.029],[143.898,65.051],[144.039,65.019],[144.248,65.024],[144.351,64.886],[144.529,64.862],[144.688,64.772],[144.658,64.72],[144.53,64.654],[144.705,64.607],[144.782,64.554],[144.921,64.569],[144.991,64.531],[145.139,64.538],[145.291,64.439],[145.491,64.451],[145.667,64.409],[145.739,64.435],[145.863,64.397],[145.878,64.344],[146.046,64.285],[146.153,64.195],[146.473,64.191],[147.006,64.129],[147.219,64.037],[147.361,64.056],[147.391,64.091],[147.372,64.118],[147.637,64.171],[147.724,64.115],[147.648,64.069],[147.668,64.007],[147.772,64.005],[147.773,63.962],[147.819,63.942],[147.892,63.965],[148.018,63.931],[148.089,64.001],[148.181,64.02],[148.173,64.097],[148.267,64.149],[148.269,64.197],[148.319,64.22],[148.223,64.275],[148.262,64.298],[148.237,64.327],[148.089,64.381],[148.07,64.413],[148.227,64.438],[148.331,64.524],[148.509,64.502],[148.551,64.447],[148.704,64.398],[149.164,64.421],[149.194,64.377],[149.34,64.372],[149.372,64.378],[149.363,64.415],[149.504,64.401],[149.589,64.47],[149.777,64.544],[149.935,64.549],[149.993,64.492],[150.135,64.464],[150.012,64.352],[150.09,64.278],[150.197,64.26],[150.192,64.224],[150.236,64.207],[150.376,64.21],[150.552,64.161],[150.666,64.174],[150.679,64.271],[150.603,64.304],[150.641,64.332],[151.252,64.339],[151.324,64.367],[151.406,64.325],[151.495,64.421],[151.968,64.484],[152.065,64.447],[152.14,64.347],[152.449,64.39],[152.44,64.47],[152.377,64.526],[152.728,64.62],[152.852,64.7],[152.751,64.779],[152.589,64.817],[152.53,64.914],[152.528,64.985],[152.634,65.057],[152.668,65.167],[152.719,65.179],[152.729,65.218],[152.799,65.202],[152.933,65.25],[153.154,65.239],[153.202,65.296],[153.441,65.353],[153.503,65.342],[153.595,65.407],[153.451,65.481],[153.545,65.634],[153.52,65.661],[153.585,65.697],[153.552,65.741],[153.497,65.75],[153.538,65.806],[153.753,65.865],[153.957,65.868],[154.087,65.843],[154.106,65.772],[154.268,65.801],[154.415,65.919],[154.396,65.974],[154.435,65.995],[154.247,66.056],[154.302,66.098],[154.368,66.1],[154.398,66.178],[154.521,66.215],[154.838,66.164],[154.894,66.104],[155.077,66.123],[155.075,66.158],[155.173,66.178],[155.261,66.177],[155.398,66.12],[155.53,66.139],[155.649,66.116],[155.75,66.156],[156.06,66.041],[156.145,66.065],[156.433,66.029],[156.675,66.183],[157.013,66.007],[156.958,65.953],[157.083,65.91],[157.336,65.887],[157.451,65.907],[157.463,65.94],[157.417,65.967],[157.436,65.99],[157.657,66.029],[157.742,66.094],[158.189,66.137],[158.283,66.096],[158.509,66.091],[158.434,66.21],[158.443,66.258],[158.552,66.352],[158.605,66.353],[158.774,66.279],[159.194,66.207],[159.19,66.154],[159.049,66.052],[158.987,65.94],[158.924,65.898],[158.932,65.817],[158.885,65.785],[158.92,65.738],[159.377,65.653],[159.833,65.524],[160.027,65.51],[160.169,65.445],[160.165,65.38],[160.206,65.344],[160.414,65.248],[160.518,65.161],[161.01,65.165],[161.347,65.118],[161.415,65.064],[161.687,64.989],[161.781,64.835],[161.866,64.808],[162.292,64.737],[162.554,64.742],[162.734,64.656],[162.997,64.644],[163.121,64.69],[163.142,64.77],[163.121,64.797],[163.347,64.814],[163.508,64.924],[163.873,64.86],[164.023,64.87],[164.188,64.929],[164.794,64.767],[164.881,64.681],[165.022,64.691],[165.033,64.838],[165.263,64.846],[165.358,64.756],[165.684,64.748],[165.738,64.718],[165.741,64.674],[165.867,64.618],[165.814,64.585],[165.87,64.55],[166.058,64.557],[166.199,64.604],[166.807,64.528],[167.009,64.546],[167.235,64.618],[167.37,64.49],[167.504,64.472],[167.713,64.336],[167.813,64.346],[168.025,64.281],[168.153,64.286],[168.224,64.341],[168.496,64.313],[168.623,64.21],[168.769,64.183],[168.764,64.146],[168.858,64.022],[169.111,63.948],[169.342,63.942],[169.368,63.87],[169.54,63.814],[169.548,63.698],[169.587,63.659],[169.51,63.633],[169.49,63.574],[169.203,63.52],[168.785,63.304],[168.777,63.248],[168.684,63.245],[168.704,63.196],[168.595,63.19],[168.46,63.075],[168.925,62.939],[169.124,62.968],[169.514,62.809],[169.655,62.704],[169.841,62.651],[170.053,62.663],[169.982,62.543],[170.084,62.485],[170.037,62.443],[170.27,62.277],[170.421,62.309],[170.859,62.244],[170.906,62.275],[171.08,62.285],[171.049,62.337],[171.218,62.363],[171.258,62.321],[171.359,62.351],[171.377,62.319],[171.486,62.307],[171.858,62.377],[171.871,62.408],[172.054,62.461],[172.205,62.446],[172.294,62.398],[172.486,62.435],[172.701,62.398],[172.853,62.327],[172.905,62.388],[173.172,62.39],[173.218,62.432],[173.505,62.529],[173.687,62.529],[173.796,62.511],[173.871,62.436],[174.075,62.441],[174.088,62.345],[174.005,62.278],[174.105,62.186],[174.103,62.076],[174.227,62.061],[174.327,62.088],[174.344,62.041],[174.458,61.983],[174.446,61.911],[174.505,61.876],[174.475,61.869],[174.478,61.867],[173.835,61.644],[173.52,61.723],[173.507,61.556],[173.319,61.523],[173.171,61.394],[172.79,61.439],[172.739,61.401],[172.97,61.284],[172.65,61.166],[172.374,61.22],[172.431,61.122],[172.241,61.131],[172.472,61.072],[172.423,61.012],[172.01,61.087],[172.215,60.948],[172.074,60.838],[172.007,60.887],[171.71,60.833],[171.634,60.719],[171.395,60.614],[170.643,60.41],[170.691,60.313],[170.525,60.255],[170.427,59.971],[170.323,59.931],[169.957,60.073],[169.668,60.425],[169.231,60.548],[168.476,60.597],[167.797,60.531],[167.787,60.47],[167.228,60.339],[167.067,60.404],[167.118,60.409],[167.003,60.415],[167.074,60.307],[166.787,60.227],[166.861,60.214],[166.286,59.81],[166.09,59.812],[166.209,60.128],[166.314,60.196],[166.285,60.244],[166.291,60.321],[166.253,60.368],[166.259,60.396],[166.389,60.408],[166.268,60.473],[165.228,60.087],[165.171,60.143],[165.027,60.101],[165.166,60.079],[165.215,59.986],[164.836,59.782],[164.716,59.996],[164.49,60.1],[164.342,60.089],[164.344,59.994],[164.143,59.935],[164.2,59.853],[164.067,59.894],[164.214,59.991],[163.647,60.01],[163.696,59.956],[163.835,59.992],[163.691,59.877],[163.434,59.837],[163.37,59.731],[163.416,59.622],[163.361,59.592],[163.278,59.591],[163.192,59.561],[163.214,59.567],[163.205,59.559],[163.19,59.528],[163.189,59.514],[163.194,59.51],[163.212,59.532],[163.275,59.555],[163.206,59.486],[163.332,59.404],[163.345,59.356],[163.342,59.273],[163.071,59.22],[163.23,59.139],[163.251,59.086],[163.225,59.04],[163.107,59.132],[162.904,59.113],[163.072,58.992],[162.411,58.657],[162.133,58.37],[161.989,58.087],[162.137,57.847],[162.483,57.773],[162.468,57.768],[162.446,57.777],[162.398,57.774],[162.45,57.741],[162.34,57.673],[162.355,57.662],[162.53,57.751],[162.552,57.929],[162.698,57.95],[163.212,57.819],[163.322,57.725],[163.097,57.484],[162.782,57.351],[162.853,57.031],[162.777,56.781],[162.933,56.693],[163.232,56.742],[163.25,56.443],[163.362,56.184],[163.054,56.006],[162.817,56.062],[162.619,56.227],[162.077,56.08],[161.788,55.638],[161.741,55.385],[161.863,55.085],[162.155,54.853],[162.14,54.753],[161.715,54.505],[161.288,54.48],[161.071,54.593],[160.719,54.528],[159.985,54.109],[160.037,54.163],[159.993,54.161],[159.841,53.76],[159.956,53.495],[159.838,53.434],[159.974,53.327],[159.903,53.256],[159.947,53.211],[159.963,53.252],[160.022,53.263],[160.036,53.098],[159.743,53.205],[159.814,53.276],[159.711,53.218],[159.576,53.252],[159.091,53.108],[158.713,52.887],[158.611,53.051],[158.42,53.017],[158.43,52.894],[158.646,52.898],[158.481,52.77],[158.602,52.694],[158.549,52.627],[158.388,52.65],[158.526,52.528],[158.397,52.408],[158.561,52.418],[158.483,52.344],[158.549,52.291],[158.393,52.227],[158.273,51.963],[157.911,51.629],[157.563,51.501],[157.472,51.359],[156.664,50.865],[156.76,51.074],[156.715,51.199],[156.534,51.322],[156.443,52.225],[156.147,52.848],[155.558,55.199],[155.651,55.966],[155.99,56.682],[156.472,56.957],[156.553,57.102],[156.737,57.076],[157.0,57.436],[156.907,57.67],[156.773,57.725],[156.855,57.802],[157.006,57.855],[157.349,57.771],[157.526,57.822],[157.678,58.016],[157.984,57.98],[158.332,58.075],[159.084,58.432],[159.713,58.851],[159.719,58.978],[159.858,59.127],[160.394,59.387],[160.496,59.556],[160.897,59.628],[161.493,60.043],[161.919,60.208],[161.951,60.423],[162.705,60.608],[162.891,60.752],[163.73,60.872],[163.768,60.92],[163.487,61.007],[163.937,61.223],[164.029,61.35],[163.751,61.469],[163.872,61.652],[164.054,61.684],[164.136,62.254],[164.531,62.44],[165.021,62.402],[165.091,62.487],[164.72,62.575],[164.616,62.68],[164.44,62.694],[163.275,62.527],[163.172,62.429],[163.373,62.334],[163.086,62.22],[163.104,62.083],[163.196,62.059],[162.966,61.809],[163.075,61.761],[163.065,61.701],[163.055,61.646],[163.032,61.518],[162.853,61.603],[162.942,61.644],[162.834,61.715],[162.616,61.665],[162.749,61.628],[162.754,61.591],[162.389,61.663],[162.008,61.383],[161.876,61.429],[161.897,61.339],[161.815,61.373],[161.784,61.301],[161.543,61.253],[161.581,61.188],[160.911,60.898],[160.79,60.717],[160.686,60.772],[160.407,60.702],[160.44,60.747],[160.426,60.759],[160.168,60.575],[160.145,60.655],[160.255,60.713],[160.175,60.827],[160.387,60.906],[160.336,60.93],[160.443,61.036],[159.788,60.933],[160.005,61.107],[159.938,61.245],[159.768,61.239],[159.966,61.264],[159.881,61.321],[160.084,61.378],[160.107,61.441],[160.035,61.454],[160.279,61.554],[160.323,61.664],[160.254,61.692],[160.41,61.762],[160.365,61.939],[160.03,61.846],[159.896,61.711],[159.696,61.73],[159.576,61.652],[159.512,61.708],[159.572,61.817],[159.471,61.764],[159.351,61.817],[159.396,61.877],[159.03,61.923],[158.886,61.905],[158.829,61.817],[158.272,61.826],[158.041,61.729],[157.499,61.79],[157.339,61.678],[157.038,61.649],[156.899,61.539],[156.672,61.519],[156.657,61.203],[155.929,60.929],[155.988,60.909],[155.906,60.709],[155.811,60.728],[155.435,60.512],[154.935,60.353],[154.638,60.153],[154.485,59.932],[154.585,60.105],[154.411,60.066],[154.48,59.886],[154.209,59.878],[154.229,59.733],[154.374,59.577],[154.228,59.665],[154.072,59.519],[154.126,59.458],[154.303,59.439],[154.393,59.536],[154.414,59.421],[154.534,59.42],[154.413,59.551],[154.972,59.496],[155.079,59.332],[155.108,59.325],[155.098,59.313],[155.098,59.302],[155.182,59.174],[154.834,59.197],[154.807,59.128],[154.334,59.209],[154.355,59.109],[154.041,59.047],[153.685,59.185],[153.785,59.246],[153.638,59.19],[153.388,59.248],[153.279,59.132],[153.342,59.091],[153.009,59.063],[152.907,58.907],[152.548,58.952],[152.354,59.061],[152.395,59.008],[152.172,58.987],[152.067,58.887],[151.345,58.837],[151.102,59.106],[152.081,59.145],[152.322,59.23],[152.141,59.305],[151.738,59.3],[151.771,59.356],[151.668,59.454],[151.409,59.605],[150.915,59.566],[150.939,59.455],[150.761,59.433],[150.754,59.488],[150.5,59.485],[150.772,59.563],[150.576,59.543],[150.458,59.617],[149.597,59.758],[149.045,59.616],[149.227,59.463],[148.934,59.452],[148.875,59.551],[148.716,59.458],[148.74,59.36],[148.984,59.377],[148.929,59.234],[148.417,59.254],[148.402,59.376],[148.242,59.409],[147.878,59.385],[147.786,59.343],[147.848,59.302],[147.796,59.262],[147.638,59.308],[147.543,59.236],[146.507,59.465],[146.312,59.402],[146.308,59.286],[146.246,59.277],[146.054,59.251],[146.038,59.215],[146.005,59.141],[145.827,59.246],[145.971,59.404],[145.803,59.366],[145.698,59.427],[143.255,59.361],[142.488,59.208],[141.924,58.941],[141.672,58.753],[141.79,58.855],[141.591,58.728],[141.512,58.656],[141.536,58.666],[141.625,58.718],[141.384,58.539],[140.657,58.265],[140.665,58.274],[140.587,58.239],[140.177,57.806],[140.117,57.743],[139.797,57.585],[139.775,57.551],[139.772,57.548],[139.731,57.552],[139.505,57.44],[139.49,57.414],[139.474,57.399],[139.443,57.385],[139.435,57.382],[139.431,57.38],[139.399,57.365],[139.392,57.367],[139.357,57.363],[139.301,57.339],[138.867,57.125],[138.853,57.116],[138.812,57.091],[138.814,57.091],[138.816,57.091],[138.347,56.78],[138.355,56.796],[138.363,56.805],[138.379,56.824],[138.346,56.804],[138.293,56.765],[138.321,56.776],[138.338,56.774],[138.203,56.685],[138.211,56.703],[138.236,56.719],[138.239,56.725],[138.157,56.665],[138.174,56.666],[138.057,56.588],[138.06,56.594],[137.282,56.022],[137.273,56.019],[137.255,56.009],[137.243,56.0],[137.242,56.0],[137.238,55.997],[137.218,55.977],[137.202,55.969],[137.173,55.959],[137.164,55.954],[137.123,55.941],[137.098,55.922],[137.075,55.914],[137.05,55.899],[137.026,55.875],[136.99,55.855],[136.964,55.853],[136.928,55.839],[136.541,55.583],[136.197,55.422],[136.202,55.435],[136.244,55.472],[136.248,55.473],[136.257,55.492],[135.511,55.142],[135.63,55.176],[135.651,55.178],[135.674,55.176],[135.19,54.95],[135.215,54.966],[135.22,54.975],[135.242,54.984],[135.248,54.994],[135.254,55.0],[135.255,55.0],[135.279,55.013],[135.316,55.04],[135.331,55.048],[135.407,55.074],[135.407,55.076],[135.443,55.11],[135.269,55.029],[134.985,54.854],[134.894,54.72],[134.902,54.559],[134.965,54.505],[131.221,54.505],[131.199,54.604],[131.389,54.711],[131.534,54.718],[131.618,54.776],[131.766,54.792],[131.816,54.846],[131.979,54.888],[131.999,54.922],[131.969,54.989],[132.063,55.04],[132.387,55.059],[132.408,55.087],[132.353,55.152],[132.365,55.189],[132.629,55.208],[132.693,55.274],[132.662,55.33],[132.682,55.36],[132.762,55.341],[132.948,55.381],[132.757,55.427],[132.628,55.508],[132.667,55.563],[132.542,55.679],[132.401,55.708],[132.224,55.708],[132.123,55.65],[131.952,55.662],[131.804,55.62],[131.618,55.658],[131.568,55.618],[131.437,55.651],[131.34,55.622],[131.19,55.646],[131.106,55.621],[130.743,55.724],[130.6,55.728],[130.391,56.054],[129.207,56.867],[128.837,56.646],[128.171,56.72],[126.915,56.498],[126.543,56.498],[124.916,56.202],[124.546,56.276],[124.101,56.276],[123.828,56.403],[123.293,56.428],[123.047,56.497],[122.888,56.6],[122.8,56.581],[122.774,56.502],[122.594,56.494],[122.469,56.606],[122.285,56.655],[122.161,56.743],[121.604,56.75],[121.62,56.79],[121.532,56.858],[121.515,56.926],[121.408,56.98],[121.079,56.986],[121.021,57.036],[120.889,57.046],[120.285,57.005],[120.031,56.904],[119.897,56.894],[119.665,56.771],[119.785,56.695],[119.859,56.684],[119.805,56.595],[119.958,56.489],[120.267,56.452],[120.258,56.391],[120.401,56.35],[120.402,56.304],[120.535,56.274],[120.52,56.237],[120.235,56.204],[120.058,56.142],[120.051,56.075],[120.158,55.981],[120.136,55.9],[120.181,55.869],[120.281,55.913],[120.402,55.86],[120.888,56.005],[121.206,56.01],[121.272,55.941],[121.274,55.859],[121.345,55.806],[121.297,55.732],[121.36,55.503],[121.439,55.476],[121.549,55.499],[121.636,55.53],[121.69,55.593],[121.77,55.61],[121.885,55.597],[121.976,55.475],[121.934,55.214],[122.007,55.179],[121.928,55.123],[121.941,54.998],[121.667,54.83],[121.647,54.74],[121.695,54.719],[121.889,54.793],[121.919,54.712],[121.88,54.66],[121.93,54.619],[121.92,54.572],[122.123,54.464],[122.131,54.432],[121.904,54.375],[121.816,54.441],[121.71,54.419],[121.65,54.355],[121.745,54.275],[121.724,54.223],[121.746,54.152],[121.651,54.133],[121.629,54.082],[121.64,54.008],[121.799,53.96],[121.919,53.823],[121.921,53.721],[121.964,53.693],[121.942,53.604],[122.012,53.517],[122.019,53.436],[121.641,53.385],[121.513,53.33],[121.341,53.324],[121.204,53.277],[120.846,53.273],[120.278,52.865],[120.033,52.761],[120.052,52.694],[120.03,52.639],[120.079,52.59],[120.454,52.638],[120.718,52.543],[120.626,52.347],[120.756,52.239],[120.782,52.16],[120.775,52.116],[120.697,52.049],[120.71,51.991],[120.648,51.912],[120.493,51.876],[120.167,51.67],[120.1,51.66],[120.052,51.552],[119.977,51.487],[119.954,51.4],[119.895,51.384],[119.912,51.331],[119.82,51.275],[119.81,51.217],[119.762,51.215],[119.781,51.173],[119.742,51.074],[119.518,50.905],[119.495,50.736],[119.294,50.599],[119.244,50.446],[119.138,50.393],[119.175,50.356],[119.354,50.343],[119.344,50.142],[119.303,50.081],[119.189,50.007],[119.093,49.987],[118.644,49.955],[118.521,49.894],[118.476,49.836],[118.394,49.82],[118.188,49.682],[117.837,49.509],[117.473,49.614],[117.254,49.622],[117.057,49.673],[116.721,49.803],[116.577,49.926],[116.219,50.019],[116.052,50.003],[115.717,49.883],[115.389,49.896],[115.211,49.977],[115.0,50.149],[114.756,50.241],[114.472,50.239],[114.286,50.282],[113.971,50.165],[113.849,50.086],[113.751,50.083],[113.456,49.962],[113.179,49.806],[113.083,49.69],[113.055,49.6],[112.777,49.506],[112.473,49.539],[112.03,49.417],[111.66,49.401],[111.476,49.348],[111.337,49.37],[110.841,49.167],[110.687,49.14],[110.372,49.247],[110.181,49.167],[109.729,49.271],[109.516,49.261],[109.453,49.311],[109.287,49.344],[108.541,49.332],[108.34,49.439],[108.239,49.537],[108.106,49.559],[108.019,49.607],[108.019,49.66],[107.937,49.675],[107.961,49.745],[107.949,49.938],[107.193,50.011],[107.062,50.077],[106.976,50.201],[106.657,50.332],[106.226,50.297],[106.06,50.339],[105.986,50.405],[105.328,50.481],[105.106,50.395],[104.901,50.395],[104.608,50.319],[104.404,50.305],[104.121,50.153],[103.785,50.191],[103.606,50.138],[103.439,50.198],[103.305,50.196],[103.204,50.302],[102.927,50.308],[102.62,50.404],[102.473,50.53],[102.308,50.567],[102.28,50.644],[102.334,50.721],[102.22,50.805],[102.235,50.98],[102.151,51.102],[102.141,51.238],[102.198,51.309],[102.077,51.379],[101.527,51.481],[101.353,51.455],[101.243,51.52],[101.118,51.533],[100.512,51.732],[99.921,51.754],[99.711,51.885],[99.325,51.939],[99.235,51.999],[98.999,52.062],[98.935,52.196],[98.82,52.197],[98.801,52.279],[98.714,52.298],[98.652,52.266],[98.682,52.37],[98.642,52.421],[98.718,52.454],[98.733,52.501],[98.809,52.51],[98.831,52.542],[98.805,52.602],[98.942,52.671],[98.942,52.8],[98.87,52.799],[98.861,52.844],[98.951,52.923],[99.224,52.859],[99.253,52.958],[98.993,53.043],[99.058,53.108],[98.938,53.154],[98.862,53.13],[98.687,53.16],[98.605,53.11],[98.317,53.105],[98.291,53.228],[98.032,53.258],[97.978,53.295],[97.959,53.363],[97.611,53.377],[97.589,53.442],[97.452,53.467],[97.336,53.599],[97.129,53.618],[96.874,53.734],[96.715,53.703],[96.652,53.559],[96.563,53.539],[96.443,53.519],[96.367,53.563],[96.375,53.604],[96.295,53.589],[96.301,53.616],[96.251,53.621],[96.184,53.521],[96.111,53.494],[96.093,53.456],[95.756,53.525],[95.395,53.377],[95.306,53.4],[95.293,53.449],[95.246,53.462],[95.051,53.382],[94.976,53.41],[94.739,53.388],[94.592,53.32],[94.588,53.288],[94.672,53.276],[94.693,53.239],[94.6,53.179],[94.597,53.047],[94.507,52.914],[94.304,52.909],[94.146,52.846],[94.133,52.763],[94.067,52.671],[93.98,52.637],[93.978,52.582],[93.761,52.443],[93.76,52.368],[93.683,52.298],[93.668,52.224],[93.358,52.134],[93.227,52.041],[93.131,52.017],[93.07,51.949],[92.899,51.9],[92.853,51.839],[92.672,51.845],[92.506,51.787],[92.209,51.811],[92.104,51.788],[91.948,51.809],[91.885,51.861],[91.628,51.872],[91.558,51.905],[91.238,51.888],[91.101,51.948],[90.851,51.914],[90.738,52.074],[90.563,52.125],[90.493,52.187],[90.35,52.197],[90.127,52.139],[90.114,52.047],[90.023,51.987],[90.097,51.756],[89.963,51.766],[89.684,51.573],[89.58,51.558],[89.42,51.61],[89.258,51.554],[89.221,51.573],[89.238,51.646],[89.206,51.663],[89.032,51.605],[88.734,51.564],[88.653,51.53],[88.693,51.397],[88.444,51.29],[88.317,51.349],[88.163,51.356],[88.144,51.433],[87.939,51.48],[87.873,51.553],[87.677,51.536],[87.733,51.389],[87.551,51.369],[87.521,51.247],[87.124,51.226],[87.205,51.043],[87.311,50.919],[87.358,50.917],[87.368,50.846],[87.421,50.806],[87.423,50.737],[87.493,50.646],[87.433,50.509],[87.338,50.443],[87.4,50.377],[87.106,50.334],[87.069,50.288],[87.105,50.241],[86.975,50.295],[86.779,50.203],[86.719,50.243],[86.664,50.199],[86.708,50.09],[86.616,50.022],[86.658,49.889],[86.618,49.886],[86.585,49.806],[86.767,49.786],[86.748,49.742],[86.769,49.703],[86.697,49.689],[86.593,49.607],[86.628,49.561],[86.815,49.544],[86.844,49.504],[86.829,49.449],[86.931,49.41],[86.922,49.347],[86.991,49.285],[85.844,48.414],[85.747,48.39],[85.603,48.232],[85.382,48.148],[83.132,48.282],[84.267,49.205],[81.479,50.291],[78.65,50.807],[74.921,54.149],[72.992,55.307],[64.687,54.272],[64.452,53.581],[60.903,53.617],[61.281,53.542],[61.363,53.583],[61.514,53.585],[61.552,53.506],[61.412,53.436],[61.288,53.503],[61.218,53.493],[61.137,53.373],[61.143,53.323],[61.203,53.276],[61.346,53.27],[61.478,53.215],[61.645,53.243],[61.764,53.169],[62.052,53.125],[62.115,53.066],[62.095,52.994],[61.959,52.935],[61.82,52.978],[61.604,52.949],[61.448,53.021],[61.349,52.985],[61.19,53.013],[60.975,52.971],[61.05,52.918],[60.828,52.771],[60.696,52.735],[60.673,52.672],[60.724,52.626],[60.803,52.626],[60.815,52.522],[60.936,52.488],[60.961,52.402],[61.033,52.332],[60.675,52.145],[60.426,52.13],[60.203,51.993],[60.003,51.993],[59.986,51.952],[60.061,51.859],[60.142,51.888],[60.454,51.804],[60.475,51.783],[60.437,51.73],[60.356,51.692],[60.376,51.663],[60.486,51.651],[60.515,51.618],[60.932,51.611],[60.945,51.544],[61.023,51.485],[61.476,51.424],[61.563,51.295],[61.626,51.263],[61.53,51.209],[61.424,50.839],[61.369,50.787],[60.718,50.658],[60.3,50.69],[60.179,50.747],[60.139,50.849],[60.02,50.859],[59.958,50.833],[59.91,50.748],[59.908,50.674],[59.811,50.566],[59.522,50.481],[59.457,50.531],[59.562,50.549],[59.568,50.582],[59.44,50.636],[59.276,50.621],[59.199,50.668],[58.926,50.683],[58.813,50.731],[58.75,50.8],[58.663,50.797],[58.645,50.867],[58.555,50.896],[58.607,50.98],[58.599,51.027],[58.522,51.067],[58.385,51.074],[58.309,51.155],[58.221,51.127],[58.164,51.06],[58.078,51.103],[57.961,51.083],[57.767,51.124],[57.73,51.075],[57.718,50.913],[57.555,50.924],[57.467,50.864],[57.337,50.902],[57.292,50.985],[57.202,51.022],[57.156,51.105],[56.866,51.057],[56.715,51.077],[56.676,51.051],[56.686,50.974],[56.601,50.988],[56.477,51.078],[56.417,51.036],[56.424,50.976],[56.347,50.952],[56.314,50.89],[56.155,50.909],[56.073,50.727],[55.66,50.536],[55.47,50.662],[55.308,50.669],[55.089,50.799],[55.05,50.889],[54.896,50.917],[54.814,50.977],[54.637,51.033],[54.531,51.007],[54.537,50.954],[54.498,50.928],[54.635,50.88],[54.634,50.706],[54.671,50.606],[54.591,50.547],[54.499,50.529],[54.386,50.618],[54.426,50.765],[54.49,50.823],[54.482,50.857],[54.278,50.91],[54.154,50.992],[54.115,51.1],[54.022,51.123],[53.938,51.19],[53.674,51.226],[53.598,51.295],[53.614,51.392],[53.409,51.489],[53.165,51.52],[53.14,51.492],[53.036,51.495],[52.943,51.459],[52.78,51.513],[52.673,51.464],[52.545,51.465],[52.482,51.509],[52.308,51.779],[52.257,51.729],[52.146,51.721],[52.088,51.663],[51.867,51.678],[51.76,51.596],[51.776,51.497],[51.694,51.459],[51.649,51.458],[51.585,51.54],[51.461,51.48],[51.31,51.476],[51.249,51.534],[51.376,51.567],[51.375,51.634],[51.234,51.69],[50.926,51.685],[50.842,51.75],[50.766,51.764],[50.742,51.708],[50.784,51.599],[50.677,51.572],[50.697,51.615],[50.579,51.639],[50.57,51.592],[50.521,51.567],[50.521,51.471],[50.356,51.417],[50.323,51.308],[49.985,51.235],[49.776,51.107],[49.435,51.117],[49.343,50.965],[49.417,50.883],[49.367,50.831],[49.142,50.786],[48.83,50.601],[48.565,50.64],[48.57,50.613],[48.668,50.577],[48.696,50.334],[48.783,50.175],[48.778,50.11],[48.87,50.066],[48.877,50.018],[48.78,49.937],[48.429,49.816],[48.243,49.871],[47.997,50.186],[47.6,50.458],[47.51,50.442],[47.391,50.329],[47.301,50.297],[47.314,50.237],[47.26,50.186],[47.323,50.105],[47.307,50.051],[47.174,49.951],[46.956,49.889],[46.895,49.822],[46.77,49.331],[47.021,49.201],[47.017,49.1],[46.929,49.01],[46.75,48.917],[46.474,48.408],[47.095,48.261],[47.07,48.205],[47.111,48.156],[47.099,48.099],[47.182,48.069],[47.039,47.987],[47.15,47.875],[47.119,47.806],[47.357,47.679],[47.388,47.704],[47.413,47.83],[47.649,47.761],[48.043,47.765],[48.172,47.708],[48.408,47.442],[48.523,47.404],[48.693,47.098],[48.995,46.771],[48.914,46.707],[48.766,46.688],[48.679,46.763],[48.555,46.767],[48.451,46.658],[48.527,46.633],[48.538,46.563],[48.705,46.545],[49.145,46.357],[49.144,46.353],[49.198,46.334],[49.336,46.2],[49.326,46.137],[49.267,46.17],[49.24,46.157],[49.318,46.066],[49.252,46.102],[49.192,46.0],[49.033,46.12],[49.0,45.951],[48.929,45.979],[48.857,45.841],[48.754,45.899],[48.716,45.814],[48.705,45.827],[48.695,45.839],[48.694,45.84],[48.686,45.85],[48.673,45.88],[48.68,45.901],[48.598,45.953],[48.305,45.77],[48.223,45.753],[48.226,45.747],[48.245,45.755],[48.27,45.753],[48.279,45.749],[48.313,45.758],[48.243,45.71],[48.183,45.716],[48.189,45.722],[48.193,45.724],[48.195,45.729],[48.162,45.742],[48.142,45.739],[48.145,45.736],[48.151,45.719],[48.061,45.727],[48.007,45.632],[47.856,45.699],[47.909,45.477],[47.731,45.631],[47.775,45.406],[47.722,45.598],[47.633,45.653],[47.648,45.46],[47.457,45.354],[47.43,45.124],[47.388,45.187],[47.262,44.927],[47.201,44.937],[47.258,44.838],[47.179,44.718],[47.052,44.798],[46.984,44.747],[47.081,44.665],[46.835,44.63],[46.912,44.492],[46.738,44.503],[46.903,44.468],[47.114,44.222],[47.234,44.218],[47.534,43.823],[47.51,43.767],[47.518,43.767],[47.463,43.564],[47.41,43.525],[47.375,43.605],[47.413,43.624],[47.399,43.69],[47.272,43.816],[46.918,43.82],[46.871,43.769],[46.777,43.78],[46.581,43.735],[46.575,43.757],[46.663,43.78],[46.68,43.818],[46.591,43.877],[46.462,43.886],[46.469,43.958],[46.442,44.008],[46.319,44.015],[46.328,43.973],[46.243,43.946],[46.215,43.866],[46.094,43.865],[46.06,43.825],[46.024,43.874],[46.063,43.882],[46.074,43.935],[45.832,43.983],[45.723,43.958],[45.509,44.02],[45.488,44.007],[45.718,43.948],[45.856,43.966],[46.039,43.929],[45.999,43.88],[46.041,43.816],[46.08,43.811],[46.106,43.854],[46.201,43.843],[46.253,43.877],[46.258,43.939],[46.363,43.94],[46.352,43.99],[46.416,43.995],[46.455,43.934],[46.445,43.873],[46.583,43.866],[46.648,43.796],[46.548,43.759],[46.455,43.667],[46.411,43.597],[46.428,43.54],[46.379,43.48],[46.233,43.426],[46.113,43.46],[45.981,43.427],[45.729,43.539],[45.5,43.562],[45.366,43.651],[45.265,43.626],[45.194,43.653],[45.182,43.698],[45.077,43.696],[45.065,43.777],[45.001,43.762],[44.956,43.675],[44.836,43.665],[44.829,43.588],[44.71,43.62],[44.69,43.566],[44.626,43.555],[44.625,43.613],[44.541,43.601],[44.493,43.396],[44.57,43.382],[44.571,43.237],[44.66,43.204],[44.676,43.244],[44.806,43.167],[44.914,43.064],[44.939,42.952],[44.848,42.842],[44.624,42.884],[44.611,42.776],[44.771,42.605],[44.865,42.754],[45.028,42.684],[45.153,42.689],[45.354,42.515],[45.537,42.536],[45.696,42.502],[45.732,42.451],[45.617,42.226],[45.628,42.197],[45.88,42.097],[45.946,42.018],[46.054,42.015],[46.098,41.98],[46.22,41.989],[46.292,41.934],[46.536,41.872],[46.566,41.782],[46.736,41.842],[46.766,41.772],[46.898,41.708],[47.024,41.553],[47.137,41.549],[47.233,41.416],[47.248,41.312],[47.374,41.255],[47.498,41.242],[47.546,41.201],[47.624,41.223],[47.744,41.188],[47.897,41.215],[47.899,41.282],[47.955,41.349],[48.005,41.359],[48.058,41.457],[48.204,41.489],[48.373,41.576],[48.553,41.799],[48.587,41.84],[49.069,41.373],[49.224,41.009],[49.553,40.784],[49.552,40.634],[49.809,40.567],[50.067,40.597],[50.346,40.406],[50.372,40.228],[50.241,40.345],[50.024,40.304],[49.872,40.375],[49.482,40.18],[49.498,40.106],[49.417,40.078],[49.483,39.997],[49.412,39.941],[49.422,39.7],[49.356,39.675],[49.335,39.731],[49.338,39.734],[49.331,39.748],[49.325,39.778],[49.326,39.799],[49.331,39.819],[49.335,39.828],[49.283,39.866],[49.078,39.882],[49.001,39.919],[48.906,39.907],[48.871,39.936],[48.873,39.982],[48.673,40.051],[48.641,40.118],[48.457,40.138],[48.263,40.034],[48.229,40.063],[48.163,40.053],[48.073,40.136],[47.972,40.123],[47.959,40.078],[47.791,40.114],[47.749,40.084],[47.815,40.028],[47.816,39.991],[47.742,39.941],[47.771,39.914],[47.749,39.851],[47.886,39.772],[47.88,39.738],[47.744,39.623],[47.102,39.308],[47.017,39.189],[46.866,39.165],[46.598,38.919],[46.519,38.882],[46.476,38.949],[46.479,39.115],[46.395,39.192],[46.421,39.212],[46.514,39.184],[46.603,39.216],[46.362,39.413],[46.476,39.462],[46.562,39.439],[46.669,39.498],[46.668,39.563],[46.736,39.589],[46.731,39.617],[46.689,39.641],[46.591,39.59],[46.531,39.617],[46.551,39.727],[46.523,39.82],[46.444,39.906],[46.451,39.958],[46.101,39.877],[46.016,39.912],[45.883,39.798],[45.743,39.941],[45.581,39.97],[45.639,40.025],[45.874,40.01],[45.981,40.218],[45.939,40.26],[45.863,40.261],[45.586,40.398],[45.386,40.612],[45.398,40.708],[45.556,40.777],[45.601,40.84],[45.42,40.96],[45.419,41.017],[45.334,40.994],[45.224,41.014],[45.12,41.08],[45.09,41.052],[45.068,41.109],[45.167,41.108],[45.201,41.127],[45.187,41.157],[45.035,41.199],[45.002,41.29],[44.954,41.263],[44.821,41.273],[44.81,41.244],[44.92,41.196],[44.88,41.139],[44.936,41.071],[44.772,41.0],[44.904,40.914],[44.831,40.809],[44.752,40.778],[44.77,40.666],[44.527,40.7],[44.421,40.682],[44.322,40.738],[44.237,40.717],[44.118,40.741],[44.016,40.823],[44.039,40.878],[44.094,40.88],[44.128,40.953],[44.065,40.965],[44.075,41.007],[43.968,41.085],[43.956,41.336],[43.905,41.468],[43.849,41.527],[43.69,41.528],[43.734,41.691],[43.838,41.69],[43.89,41.731],[43.847,41.776],[43.677,41.795],[43.557,41.898],[43.455,41.923],[43.128,41.831],[42.713,41.811],[42.656,41.838],[42.635,41.932],[42.42,41.996],[42.382,42.051],[42.296,42.039],[42.216,42.069],[42.273,42.098],[42.304,42.225],[42.53,42.512],[42.61,42.517],[42.631,42.431],[42.835,42.465],[42.979,42.358],[43.122,42.339],[43.293,42.415],[43.588,42.39],[43.669,42.438],[43.809,42.447],[43.906,42.512],[43.916,42.561],[43.965,42.542],[44.028,42.593],[44.233,42.622],[44.256,42.678],[44.354,42.708],[44.386,42.814],[44.317,42.868],[44.374,42.906],[44.407,43.007],[44.513,43.023],[44.471,43.077],[44.396,43.045],[44.319,43.112],[44.264,43.109],[44.249,43.153],[44.172,43.139],[44.121,43.061],[44.068,43.061],[44.087,42.981],[44.057,42.95],[43.852,43.037],[43.947,43.134],[44.027,43.151],[44.027,43.193],[44.09,43.239],[44.044,43.363],[44.109,43.424],[44.15,43.417],[44.177,43.351],[44.316,43.425],[44.36,43.401],[44.404,43.421],[44.385,43.488],[44.438,43.656],[44.327,43.671],[44.285,43.753],[44.304,43.886],[44.42,43.943],[44.423,44.003],[44.256,43.93],[43.905,43.999],[43.794,43.94],[43.739,43.846],[43.458,43.873],[43.327,43.812],[43.257,43.928],[43.195,43.956],[43.107,43.901],[42.947,43.889],[42.849,43.822],[42.686,43.816],[42.668,43.913],[42.627,43.937],[42.654,43.968],[42.564,43.986],[42.594,44.044],[42.485,44.03],[42.482,43.976],[42.395,43.972],[42.301,44.094],[42.313,44.13],[42.564,44.245],[42.56,44.293],[42.359,44.276],[42.288,44.333],[41.973,44.39],[41.918,44.494],[41.848,44.496],[41.623,44.411],[41.595,44.371],[41.688,44.323],[41.703,44.235],[41.625,44.122],[41.545,44.096],[41.445,43.999],[41.334,43.992],[41.343,44.021],[41.295,44.014],[41.275,44.082],[40.907,44.146],[40.853,44.125],[40.944,43.985],[40.773,43.926],[40.773,43.878],[40.715,43.8],[40.728,43.743],[40.695,43.656],[40.718,43.623],[40.68,43.533],[40.651,43.546],[40.663,43.585],[40.467,43.658],[40.469,43.716],[40.394,43.736],[40.394,43.769],[40.358,43.78],[40.462,43.974],[40.388,44.038],[40.373,44.215],[40.443,44.298],[40.413,44.346],[40.411,44.502],[40.335,44.562],[40.328,44.602],[40.383,44.65],[40.409,44.734],[40.536,44.729],[40.554,44.666],[40.625,44.619],[40.672,44.533],[40.669,44.489],[40.619,44.467],[40.641,44.453],[40.758,44.472],[40.733,44.609],[40.636,44.709],[40.623,44.788],[40.531,44.919],[40.249,45.097],[40.158,45.116],[39.903,45.084],[39.611,45.198],[39.319,45.005],[39.076,44.969],[38.988,44.989],[38.907,45.055],[38.808,45.01],[38.724,45.019],[38.687,45.08],[38.64,45.064],[38.499,45.12],[38.467,45.092],[38.314,45.178],[38.215,45.195],[38.138,45.149],[38.105,45.17],[37.798,45.126],[37.751,45.17],[37.636,45.144],[37.441,45.203],[37.275,45.145],[37.201,45.083],[37.115,45.099],[37.149,45.088],[36.633,45.14],[36.591,45.245],[36.992,45.29],[36.798,45.304],[36.766,45.375],[36.859,45.379],[36.763,45.415],[36.725,45.358],[36.622,45.305],[36.785,45.442],[37.377,45.316],[37.573,45.413],[37.625,45.382],[37.664,45.359],[37.707,45.58],[37.756,45.653],[37.991,46.006],[38.079,46.009],[38.086,45.939],[38.154,46.016],[38.214,46.019],[38.214,46.023],[38.214,46.025],[38.216,46.028],[38.326,46.05],[38.358,46.027],[38.581,46.039],[38.568,46.114],[38.011,46.466],[38.0,46.467],[37.989,46.467],[37.957,46.457],[37.941,46.468],[37.93,46.478],[37.88,46.547],[37.879,46.549],[37.778,46.613],[38.291,46.743],[38.333,46.664],[38.593,46.662],[38.463,46.751],[38.559,46.795],[38.561,46.796],[39.103,47.043],[39.3,47.025],[39.198,47.284],[38.953,47.268],[38.865,47.173],[38.572,47.115],[38.482,47.141],[38.606,47.244],[38.828,47.269],[38.624,47.255],[38.088,47.024],[38.136,47.06],[38.064,47.112],[37.574,47.1],[37.521,47.072],[37.518,47.061],[37.524,47.053],[37.517,47.061],[37.515,47.066],[37.498,47.041],[37.477,47.031],[37.335,46.89],[37.304,46.869],[37.236,46.951],[36.92,46.826],[36.805,46.664],[36.765,46.631],[36.749,46.635],[36.752,46.645],[36.76,46.647],[36.787,46.652],[36.806,46.678],[36.829,46.709],[36.718,46.78],[36.409,46.725],[36.329,46.674],[36.272,46.606],[36.28,46.62],[36.283,46.622],[36.284,46.626],[36.295,46.638],[36.296,46.642],[35.887,46.652],[35.445,46.435],[35.2,46.167],[35.146,46.125],[34.983,46.078],[35.214,46.188],[35.357,46.364],[35.2,46.381],[34.812,46.161],[34.799,46.163],[34.688,46.185],[34.628,46.173],[34.604,46.028],[34.48,45.953],[34.47,46.009],[34.395,46.01],[34.475,46.118],[34.395,46.092],[34.519,46.138],[34.327,46.224],[34.302,46.191],[34.319,46.107],[34.245,46.182],[34.276,46.089],[34.226,46.065],[34.139,46.214],[34.123,46.18],[34.153,46.115],[34.062,46.161],[34.025,46.099],[34.283,46.004],[34.356,46.037],[34.486,45.873],[34.582,45.914],[34.555,45.989],[34.648,45.941],[34.518,45.788],[34.656,45.867],[34.791,45.896],[34.654,45.793],[34.751,45.823],[34.721,45.728],[34.878,45.75],[34.985,45.679],[35.11,45.489],[35.018,45.441],[35.015,45.413],[35.134,45.335],[35.423,45.3],[35.473,45.293],[35.307,45.389],[35.222,45.487],[35.056,45.639],[35.063,45.623],[34.9,45.857],[34.826,45.811],[34.855,45.948],[34.835,46.016],[34.674,46.101],[34.788,46.072],[34.818,46.147],[35.045,45.666],[35.504,45.288],[35.72,45.334],[35.845,45.473],[35.963,45.373],[36.344,45.484],[36.647,45.383],[36.461,45.341],[36.402,45.211],[36.454,45.096],[36.374,45.059],[35.841,44.999],[35.681,45.111],[35.497,45.118],[35.386,45.052],[35.384,44.947],[35.264,44.967],[35.082,44.792],[34.964,44.841],[34.605,44.773],[34.347,44.548],[33.973,44.392],[33.769,44.396],[33.852,44.432],[33.837,44.463],[33.815,44.51],[33.633,44.548],[33.42,44.592],[33.602,44.61],[33.51,44.624],[33.603,45.0],[33.45,45.176],[33.26,45.148],[32.987,45.325],[33.024,45.308],[33.202,45.446],[32.924,45.358],[32.968,45.34],[32.986,45.33],[32.983,45.328],[32.652,45.315],[32.48,45.39],[33.171,45.792],[33.263,45.755],[33.614,45.89],[33.683,45.843],[33.759,45.936],[33.618,45.946],[33.609,46.147],[33.511,46.122],[33.563,46.075],[33.503,46.028],[33.205,46.107],[33.195,46.177],[32.54,46.066],[32.227,46.132],[32.239,46.183],[31.896,46.316],[31.78,46.265],[31.784,46.322],[31.889,46.335],[31.959,46.343],[32.063,46.39],[32.008,46.453],[31.762,46.488],[31.668,46.466],[31.712,46.427],[31.536,46.55],[31.522,46.563],[31.512,46.577],[31.512,46.581],[32.002,46.488],[32.35,46.462],[32.428,46.489],[32.367,46.489],[32.339,46.473],[32.336,46.475],[32.326,46.468],[32.315,46.469],[32.294,46.575],[32.141,46.557],[31.982,46.658],[31.923,46.788],[32.026,46.919],[32.012,46.947],[31.939,46.936],[31.979,46.987],[31.958,46.999],[31.903,46.945],[31.997,46.907],[31.877,46.801],[31.879,46.634],[31.423,46.626],[31.489,46.635],[31.458,46.638],[31.599,46.8],[31.589,46.837],[31.504,46.727],[31.426,46.802],[31.489,46.729],[31.41,46.619],[31.031,46.601],[31.003,46.66],[30.997,46.654],[31.012,46.634],[31.012,46.628],[31.014,46.612],[31.011,46.596],[30.838,46.551],[30.748,46.542],[30.752,46.375],[30.683,46.319],[30.639,46.385],[30.681,46.316],[30.481,46.081],[29.607,45.487],[29.778,45.468],[29.755,45.219],[29.69,45.2],[29.671,45.268],[29.651,45.34],[29.551,45.409],[29.43,45.443],[29.238,45.433],[28.966,45.331],[28.942,45.281],[28.796,45.335],[28.802,45.302],[28.752,45.281],[28.79,45.244],[28.714,45.224],[28.35,45.32],[28.261,45.456],[28.214,45.467],[28.186,45.415],[28.079,45.436],[28.033,45.408],[27.987,45.292],[28.119,45.252],[28.093,45.192],[28.176,45.132],[28.125,45.092],[28.141,44.962],[28.048,44.775],[27.907,44.78],[27.825,44.814],[27.82,44.786],[27.88,44.766],[27.89,44.703],[28.019,44.645],[28.014,44.572],[28.11,44.444],[27.926,44.248],[27.848,44.258],[27.721,44.196],[27.596,44.197],[27.45,44.125],[26.917,44.138],[26.764,44.078],[26.313,44.028],[26.107,43.97],[26.071,43.926],[25.933,43.912],[25.949,43.855],[25.777,43.708],[25.396,43.619],[25.243,43.686],[25.089,43.687],[24.907,43.759],[24.778,43.706],[24.501,43.762],[24.349,43.697],[24.177,43.681],[23.778,43.8],[23.606,43.792],[23.414,43.853],[23.066,43.796],[22.869,43.838],[22.838,43.878],[22.879,43.981],[23.006,44.011],[23.043,44.075],[22.678,44.214],[22.681,44.278],[22.556,44.312],[22.456,44.469],[22.539,44.48],[22.59,44.552],[22.695,44.519],[22.763,44.539],[22.702,44.608],[22.621,44.615],[22.472,44.71],[22.424,44.795],[22.486,44.881],[22.501,44.978],[22.656,45.105],[22.576,45.139],[22.572,45.169],[22.674,45.241],[22.832,45.281],[23.492,45.315],[23.586,45.353],[23.587,45.506],[23.641,45.527],[23.706,45.505],[23.702,45.425],[23.817,45.475],[23.932,45.458],[23.939,45.495],[23.987,45.492],[23.988,45.53],[24.164,45.514],[24.373,45.582],[24.77,45.611],[25.035,45.592],[25.235,45.516],[25.322,45.381],[25.405,45.388],[25.413,45.429],[25.536,45.508],[25.625,45.499],[25.654,45.531],[25.726,45.465],[25.788,45.48],[25.861,45.422],[25.921,45.52],[26.047,45.478],[26.213,45.622],[26.336,45.592],[26.355,45.642],[26.471,45.657],[26.411,45.738],[26.451,45.797],[26.389,45.841],[26.465,45.94],[26.495,46.134],[26.266,46.25],[26.293,46.371],[26.208,46.417],[26.221,46.458],[26.131,46.435],[26.077,46.486],[26.068,46.536],[26.167,46.605],[26.104,46.714],[26.004,46.784],[25.964,46.874],[25.8,46.973],[25.736,47.074],[25.601,47.132],[25.563,47.11],[25.422,47.182],[25.297,47.161],[25.202,47.211],[25.268,47.277],[25.354,47.289],[25.484,47.391],[25.552,47.403],[25.542,47.432],[25.575,47.453],[25.729,47.304],[25.825,47.325],[25.868,47.38],[25.84,47.433],[25.866,47.458],[26.057,47.485],[26.135,47.46],[26.158,47.475],[26.113,47.52],[26.186,47.564],[26.276,47.496],[26.298,47.548],[26.49,47.56],[26.45,47.601],[26.35,47.602],[26.251,47.671],[26.269,47.707],[26.236,47.798],[26.085,47.919],[26.105,47.955],[26.199,47.883],[26.226,47.899],[26.139,47.963],[26.054,48.136],[26.047,48.173],[26.126,48.237],[26.179,48.251],[26.2,48.219],[26.345,48.182],[26.7,48.261],[26.725,48.245],[26.809,48.253],[26.898,48.201],[26.805,48.258],[26.62,48.27],[26.683,48.329],[26.774,48.287],[26.779,48.367],[26.834,48.391],[26.943,48.351],[27.033,48.36],[27.036,48.399],[27.209,48.361],[27.308,48.424],[27.403,48.411],[27.504,48.472],[27.438,48.603],[27.371,48.63],[27.332,48.602],[27.256,48.621],[27.246,48.568],[26.97,48.58],[26.862,48.541],[26.8,48.608],[26.789,48.55],[26.735,48.587],[26.72,48.531],[26.623,48.557],[26.713,48.499],[26.615,48.506],[26.612,48.451],[26.471,48.538],[26.379,48.521],[26.359,48.58],[26.308,48.606],[26.317,48.637],[26.227,48.685],[26.229,48.808],[26.257,48.813],[26.219,48.835],[26.219,48.901],[26.162,48.943],[26.082,49.128],[26.089,49.723],[25.939,49.704],[25.816,49.756],[25.725,49.714],[25.654,49.74],[25.633,49.786],[25.54,49.778],[25.477,49.826],[25.402,49.987],[25.194,50.104],[25.166,50.215],[25.202,50.28],[25.073,50.284],[25.058,50.341],[24.942,50.369],[24.931,50.345],[24.716,50.343],[24.638,50.409],[24.566,50.429],[24.51,50.408],[24.455,50.47],[24.535,50.5],[24.501,50.546],[24.436,50.546],[24.374,50.604],[24.257,50.577],[24.157,50.651],[24.102,50.647],[24.076,50.724],[24.03,50.728],[24.027,50.77],[23.969,50.797],[23.993,50.832],[24.131,50.839],[24.15,50.872],[24.003,50.931],[23.916,51.077],[23.867,51.105],[23.873,51.154],[23.65,51.307],[23.708,51.422],[23.674,51.487],[23.573,51.541],[23.549,51.605],[23.552,51.735],[23.647,51.8],[23.615,51.84],[23.643,51.895],[23.623,51.913],[23.693,51.99],[23.657,52.077],[23.495,52.155],[23.509,52.18],[23.215,52.231],[23.206,52.281],[23.115,52.305],[23.063,52.288],[23.052,52.327],[22.963,52.372],[22.843,52.366],[22.552,52.423],[22.559,52.466],[22.517,52.49],[22.531,52.524],[22.43,52.609],[22.531,52.705],[22.766,52.815],[22.766,52.857],[22.904,52.902],[22.942,52.954],[22.897,53.024],[22.947,53.068],[22.811,53.108],[22.968,53.165],[22.934,53.212],[22.857,53.234],[22.446,53.223],[22.477,53.327],[22.58,53.45],[22.905,53.548],[22.938,53.605],[23.224,53.711],[23.375,53.729],[23.407,53.698],[23.658,53.663],[23.699,53.621],[23.765,53.648],[23.777,53.716],[23.861,53.803],[23.771,53.878],[23.821,53.907],[23.811,53.935],[23.908,53.947],[23.943,54.013],[23.989,54.015],[24.039,54.074],[24.15,54.061],[24.145,54.127],[24.187,54.156],[23.958,54.192],[23.997,54.295],[24.045,54.31],[24.025,54.369],[24.098,54.366],[24.049,54.419],[24.078,54.438],[24.056,54.501],[24.104,54.513],[24.104,54.545],[24.009,54.55],[23.988,54.497],[23.903,54.536],[24.01,54.581],[24.017,54.611],[24.069,54.602],[24.077,54.642],[24.137,54.662],[24.09,54.697],[24.154,54.764],[24.144,54.808],[24.247,54.822],[24.089,54.905],[24.024,54.871],[23.963,54.898],[23.941,54.865],[23.76,54.935],[23.643,54.939],[23.585,55.039],[23.415,55.079],[23.053,55.111],[22.652,55.054],[22.539,55.141],[22.194,55.158],[22.216,55.217],[21.882,55.283],[21.849,55.328],[21.728,55.297],[21.614,55.377],[21.607,55.429],[21.52,55.506],[21.501,55.583],[21.366,55.735],[21.368,55.786],[21.292,55.857],[21.114,55.888],[21.051,55.899],[20.968,56.528],[21.112,56.864],[21.374,57.001],[21.419,57.291],[21.709,57.572],[22.586,57.758],[22.62,57.598],[23.133,57.36],[23.238,57.107],[23.56,56.977],[23.928,57.007],[24.393,57.238],[24.333,57.829],[24.479,58.068],[24.469,58.246],[24.587,58.313],[24.314,58.382],[24.291,58.364],[24.292,58.329],[24.265,58.285],[24.271,58.278]]],[[[-160.202,66.478],[-160.214,66.518],[-160.239,66.545],[-160.288,66.576],[-160.25,66.563],[-160.174,66.632],[-160.186,66.638],[-160.194,66.639],[-160.225,66.636],[-160.23,66.644],[-160.189,66.656],[-160.216,66.672],[-160.338,66.607],[-160.479,66.618],[-160.558,66.592],[-160.544,66.579],[-160.889,66.658],[-161.488,66.527],[-161.493,66.537],[-161.467,66.539],[-161.48,66.541],[-161.458,66.543],[-161.466,66.539],[-161.45,66.544],[-161.43,66.562],[-161.886,66.718],[-161.784,66.89],[-161.487,66.938],[-161.514,66.983],[-161.823,67.049],[-162.434,66.982],[-162.42,67.054],[-162.613,67.075],[-162.636,67.071],[-162.64,67.067],[-162.661,67.052],[-162.657,67.074],[-162.783,67.045],[-162.896,67.035],[-162.877,67.04],[-162.918,67.045],[-162.96,67.039],[-162.841,66.991],[-163.688,67.106],[-163.866,67.408],[-164.164,67.626],[-165.337,68.024],[-165.965,68.136],[-166.19,68.26],[-166.842,68.338],[-166.326,68.445],[-166.198,68.691],[-166.217,68.881],[-165.313,68.859],[-163.91,69.001],[-163.543,69.136],[-163.149,69.419],[-163.289,69.275],[-163.109,69.332],[-163.018,69.543],[-163.033,69.56],[-163.09,69.578],[-163.114,69.59],[-163.118,69.593],[-163.001,69.614],[-163.04,69.692],[-162.923,69.695],[-163.01,69.757],[-161.92,70.293],[-161.851,70.309],[-161.663,70.246],[-161.871,70.247],[-161.728,70.213],[-162.03,70.177],[-162.111,70.142],[-162.1,70.127],[-160.872,70.337],[-160.108,70.612],[-160.172,70.578],[-159.906,70.583],[-159.898,70.524],[-160.211,70.463],[-159.907,70.484],[-159.904,70.466],[-160.189,70.34],[-159.96,70.373],[-159.89,70.268],[-159.762,70.197],[-159.758,70.216],[-159.839,70.255],[-159.797,70.307],[-159.879,70.379],[-159.736,70.494],[-159.954,70.643],[-160.099,70.616],[-159.634,70.8],[-159.535,70.819],[-159.16,70.876],[-158.846,70.907],[-158.779,70.908],[-158.767,70.906],[-159.478,70.785],[-159.321,70.775],[-159.351,70.736],[-159.16,70.658],[-159.135,70.657],[-159.116,70.662],[-159.085,70.658],[-159.277,70.758],[-157.811,70.867],[-157.451,70.965],[-156.818,71.283],[-156.477,71.386],[-156.44,71.381],[-156.357,71.359],[-156.591,71.347],[-156.57,71.281],[-156.031,71.201],[-156.153,71.154],[-155.65,71.18],[-155.516,71.096],[-155.726,70.984],[-156.141,70.917],[-155.925,70.857],[-155.998,70.748],[-155.886,70.755],[-155.876,70.829],[-155.591,70.814],[-155.526,70.832],[-155.583,70.836],[-155.481,70.862],[-155.511,70.942],[-155.362,70.997],[-155.165,70.986],[-155.243,71.082],[-155.154,71.105],[-155.123,71.11],[-155.13,71.082],[-155.085,71.067],[-155.062,71.033],[-155.047,71.033],[-155.096,71.146],[-155.018,71.104],[-155.057,71.0],[-154.907,71.103],[-154.61,71.014],[-154.565,70.986],[-154.561,70.974],[-154.708,70.96],[-154.61,70.909],[-154.778,70.88],[-154.724,70.881],[-154.745,70.862],[-154.726,70.848],[-154.573,70.795],[-154.497,70.79],[-154.483,70.789],[-154.459,70.823],[-154.339,70.795],[-154.395,70.759],[-154.14,70.773],[-153.947,70.875],[-153.229,70.917],[-152.78,70.876],[-152.672,70.736],[-152.601,70.786],[-152.668,70.876],[-152.231,70.827],[-152.588,70.628],[-152.464,70.635],[-152.416,70.607],[-152.348,70.597],[-152.333,70.601],[-152.311,70.606],[-152.058,70.58],[-152.068,70.565],[-152.512,70.582],[-152.604,70.565],[-152.629,70.556],[-152.624,70.547],[-151.763,70.55],[-151.872,70.504],[-151.729,70.497],[-151.976,70.434],[-151.197,70.352],[-151.136,70.374],[-151.192,70.413],[-151.089,70.396],[-150.905,70.435],[-150.916,70.457],[-150.807,70.413],[-150.752,70.422],[-150.833,70.387],[-150.744,70.405],[-150.753,70.34],[-150.71,70.336],[-149.871,70.513],[-149.46,70.516],[-149.055,70.463],[-148.931,70.416],[-148.967,70.385],[-148.947,70.372],[-148.519,70.39],[-148.487,70.31],[-148.2,70.348],[-148.268,70.269],[-148.138,70.258],[-148.127,70.262],[-148.118,70.273],[-148.051,70.261],[-147.889,70.3],[-147.971,70.218],[-147.055,70.141],[-146.52,70.19],[-145.955,70.123],[-145.876,70.122],[-145.88,70.129],[-145.91,70.137],[-145.906,70.144],[-145.858,70.133],[-145.913,70.17],[-145.59,70.046],[-144.959,69.958],[-143.536,70.076],[-143.505,70.088],[-143.509,70.091],[-143.511,70.093],[-143.514,70.1],[-143.515,70.105],[-143.513,70.11],[-143.531,70.113],[-143.535,70.119],[-143.535,70.124],[-143.534,70.125],[-142.744,70.04],[-143.001,70.084],[-142.978,70.084],[-142.746,70.041],[-142.625,70.011],[-142.583,69.997],[-142.543,69.98],[-142.601,69.985],[-142.594,69.954],[-142.516,69.967],[-142.543,69.982],[-142.501,69.971],[-142.514,69.943],[-142.238,69.848],[-141.649,69.765],[-141.357,69.626],[-141.006,69.647],[-141.005,69.56],[-141.006,69.56],[-140.997,67.077],[-140.916,64.768],[-140.935,60.86],[-140.895,60.389],[-140.807,60.263],[-140.429,60.23],[-139.748,60.264],[-139.627,60.334],[-139.438,60.339],[-139.306,60.282],[-139.007,60.259],[-138.857,60.086],[-138.784,59.923],[-138.699,59.894],[-138.622,59.778],[-137.647,59.184],[-137.332,58.959],[-137.128,59.038],[-136.973,59.097],[-136.841,59.148],[-136.679,59.151],[-136.184,59.422],[-135.852,59.648],[-135.633,59.703],[-135.546,59.696],[-135.42,59.761],[-135.262,59.699],[-135.069,59.594],[-135.033,59.471],[-134.791,59.214],[-134.056,58.792],[-133.83,58.717],[-133.626,58.546],[-133.479,58.47],[-133.491,58.413],[-133.282,58.204],[-133.164,58.145],[-133.075,58.008],[-132.835,57.795],[-131.956,56.782],[-131.725,56.605],[-131.054,56.396],[-130.866,56.375],[-130.767,56.288],[-130.262,56.091],[-130.074,56.086],[-130.019,56.001],[-130.019,55.98],[-130.024,55.979],[-130.034,55.969],[-130.017,55.92],[-130.175,55.715],[-129.995,55.283],[-130.114,55.252],[-130.265,54.997],[-130.331,54.946],[-130.349,55.012],[-130.337,54.936],[-130.482,54.837],[-130.524,54.868],[-130.454,54.904],[-130.471,54.953],[-130.616,54.819],[-130.676,54.862],[-130.6,54.975],[-130.681,54.938],[-130.699,54.852],[-130.657,54.774],[-130.741,54.792],[-130.724,54.792],[-130.713,54.817],[-130.692,54.795],[-130.691,54.797],[-130.744,54.963],[-130.737,54.821],[-130.934,54.802],[-130.978,54.924],[-130.864,54.97],[-131.007,54.993],[-130.959,55.05],[-130.989,55.068],[-130.832,55.118],[-130.784,55.031],[-130.734,55.089],[-130.721,55.075],[-130.712,55.053],[-130.692,55.02],[-130.687,55.018],[-130.714,55.111],[-130.652,55.112],[-130.553,55.137],[-130.522,55.161],[-130.69,55.15],[-130.57,55.225],[-130.472,55.336],[-130.714,55.152],[-130.742,55.101],[-130.818,55.197],[-130.932,55.095],[-131.076,55.13],[-131.091,55.194],[-130.944,55.295],[-130.625,55.298],[-130.687,55.322],[-130.609,55.378],[-130.873,55.314],[-130.873,55.541],[-130.774,55.524],[-130.707,55.596],[-130.677,55.547],[-130.636,55.666],[-130.877,55.56],[-130.895,55.707],[-130.749,55.724],[-130.702,55.754],[-130.907,55.715],[-130.97,55.782],[-130.907,55.818],[-130.907,55.819],[-130.912,55.827],[-130.99,55.798],[-131.215,55.982],[-131.063,56.052],[-131.084,56.091],[-131.342,55.968],[-131.42,56.011],[-131.531,56.004],[-131.613,55.939],[-131.62,55.986],[-131.737,55.888],[-131.845,55.949],[-131.746,55.884],[-131.92,55.865],[-131.767,55.822],[-131.825,55.719],[-131.896,55.754],[-131.82,55.669],[-131.896,55.6],[-131.971,55.652],[-132.043,55.682],[-131.962,55.604],[-132.093,55.576],[-132.011,55.52],[-132.185,55.588],[-132.224,55.703],[-132.287,55.762],[-132.003,55.777],[-132.097,55.848],[-132.067,55.944],[-131.93,55.976],[-131.971,56.175],[-131.593,56.158],[-131.615,56.195],[-131.57,56.184],[-131.489,56.217],[-131.489,56.238],[-131.899,56.226],[-131.955,56.38],[-132.003,56.352],[-132.166,56.405],[-132.161,56.378],[-132.182,56.383],[-132.206,56.46],[-132.366,56.541],[-132.213,56.696],[-132.248,56.698],[-132.556,56.715],[-132.356,56.841],[-132.56,56.756],[-132.946,56.985],[-132.787,56.962],[-132.795,57.126],[-132.999,57.012],[-133.187,57.091],[-133.132,57.141],[-133.172,57.176],[-133.314,57.107],[-133.574,57.185],[-133.505,57.209],[-133.5,57.293],[-133.193,57.237],[-133.256,57.293],[-133.099,57.325],[-133.465,57.364],[-133.347,57.445],[-133.505,57.448],[-133.516,57.545],[-133.34,57.593],[-133.616,57.577],[-133.652,57.716],[-133.072,57.51],[-132.894,57.494],[-132.819,57.506],[-133.099,57.542],[-133.179,57.608],[-133.095,57.701],[-133.188,57.697],[-133.19,57.614],[-133.595,57.772],[-133.575,57.917],[-133.099,57.835],[-133.158,57.927],[-133.588,57.927],[-133.672,57.786],[-133.853,57.952],[-133.761,57.996],[-133.68,57.932],[-133.702,57.984],[-133.567,58.028],[-133.76,58.029],[-133.668,58.153],[-133.889,57.974],[-134.051,58.062],[-134.081,58.28],[-133.967,58.318],[-134.017,58.401],[-133.948,58.422],[-133.922,58.445],[-133.926,58.5],[-133.974,58.5],[-133.985,58.493],[-133.981,58.432],[-134.084,58.414],[-134.15,58.201],[-134.516,58.356],[-134.774,58.391],[-134.786,58.495],[-134.99,58.677],[-134.906,58.661],[-134.954,58.833],[-135.027,58.732],[-135.137,58.83],[-135.204,59.072],[-135.372,59.264],[-135.347,59.482],[-135.401,59.288],[-135.557,59.321],[-135.365,59.21],[-135.308,59.082],[-135.459,59.222],[-135.754,59.336],[-135.825,59.343],[-135.383,59.102],[-135.379,58.924],[-135.14,58.617],[-135.145,58.577],[-135.172,58.624],[-135.239,58.619],[-135.054,58.348],[-135.101,58.294],[-135.09,58.24],[-135.314,58.246],[-135.497,58.504],[-135.476,58.375],[-135.623,58.426],[-135.918,58.38],[-135.846,58.476],[-135.845,58.543],[-135.857,58.57],[-135.877,58.549],[-135.877,58.57],[-135.89,58.575],[-135.913,58.566],[-135.915,58.564],[-135.92,58.56],[-135.936,58.588],[-135.837,58.602],[-136.089,58.819],[-135.794,58.895],[-135.837,58.909],[-135.917,58.905],[-136.06,58.854],[-136.144,59.027],[-136.064,59.044],[-136.061,59.072],[-136.383,59.089],[-136.2,59.054],[-136.173,58.939],[-136.445,58.996],[-136.283,58.924],[-136.123,58.934],[-136.142,58.779],[-136.177,58.773],[-136.177,58.754],[-136.215,58.75],[-136.4,58.823],[-136.283,58.827],[-136.49,58.838],[-136.534,58.956],[-136.591,58.907],[-136.701,59.009],[-136.667,58.893],[-137.066,59.055],[-136.917,58.935],[-137.046,58.915],[-137.133,58.842],[-137.017,58.904],[-136.56,58.832],[-136.489,58.794],[-136.655,58.831],[-136.614,58.763],[-136.452,58.667],[-136.519,58.758],[-136.35,58.687],[-136.534,58.6],[-136.281,58.657],[-136.14,58.547],[-136.167,58.552],[-136.233,58.51],[-136.1,58.513],[-136.102,58.478],[-136.038,58.383],[-136.284,58.315],[-136.521,58.452],[-136.498,58.389],[-136.573,58.383],[-136.411,58.38],[-136.369,58.303],[-136.579,58.325],[-136.568,58.245],[-136.666,58.21],[-136.732,58.259],[-136.677,58.272],[-136.678,58.298],[-137.644,58.603],[-137.485,58.666],[-137.618,58.648],[-137.669,58.615],[-138.06,58.956],[-138.515,59.106],[-138.35,59.074],[-138.322,59.074],[-138.386,59.107],[-139.855,59.535],[-139.828,59.538],[-139.733,59.546],[-139.7,59.59],[-139.639,59.568],[-139.471,59.701],[-139.637,59.873],[-139.491,59.992],[-139.312,59.852],[-139.364,59.762],[-139.281,59.62],[-139.361,59.596],[-139.304,59.562],[-139.229,59.609],[-139.3,59.82],[-138.923,59.802],[-139.254,59.861],[-139.542,60.04],[-139.768,59.881],[-139.781,59.829],[-139.862,59.84],[-140.311,59.693],[-140.843,59.734],[-141.433,59.884],[-141.473,59.901],[-141.5,59.919],[-141.29,59.932],[-141.33,60.059],[-141.159,60.119],[-141.152,60.171],[-141.353,60.085],[-141.587,60.184],[-141.449,60.086],[-141.567,60.104],[-141.368,60.027],[-141.588,59.964],[-142.665,60.093],[-143.881,59.987],[-144.247,60.023],[-144.013,60.043],[-144.283,60.141],[-144.23,60.181],[-144.295,60.193],[-144.416,60.166],[-144.588,60.178],[-144.76,60.216],[-144.66,60.22],[-144.725,60.241],[-144.683,60.277],[-145.204,60.293],[-145.441,60.378],[-145.38,60.376],[-145.388,60.379],[-145.333,60.386],[-145.328,60.392],[-145.278,60.391],[-145.255,60.398],[-145.278,60.392],[-145.329,60.393],[-145.227,60.444],[-145.494,60.417],[-145.549,60.462],[-145.693,60.461],[-145.654,60.493],[-145.947,60.455],[-145.611,60.658],[-145.632,60.672],[-145.767,60.629],[-145.837,60.614],[-145.902,60.613],[-145.811,60.636],[-145.899,60.628],[-145.85,60.691],[-146.01,60.618],[-145.978,60.669],[-145.935,60.682],[-145.909,60.697],[-145.9,60.705],[-145.901,60.717],[-146.261,60.628],[-146.073,60.748],[-146.0,60.743],[-145.981,60.746],[-145.973,60.752],[-146.043,60.792],[-146.652,60.685],[-146.701,60.743],[-146.05,60.825],[-146.232,60.892],[-146.354,60.818],[-146.638,60.818],[-146.631,60.885],[-146.761,60.946],[-146.559,60.933],[-146.72,60.966],[-146.667,61.035],[-146.507,61.0],[-146.481,61.003],[-146.622,61.083],[-146.227,61.089],[-146.203,61.075],[-146.122,61.06],[-145.967,61.045],[-145.923,61.055],[-146.651,61.159],[-146.591,61.132],[-146.696,61.056],[-146.79,61.073],[-146.882,60.962],[-147.057,60.945],[-146.971,60.971],[-146.968,61.029],[-147.062,61.119],[-146.906,61.178],[-146.969,61.195],[-147.242,61.169],[-147.095,61.113],[-147.173,61.096],[-147.086,61.02],[-147.174,60.932],[-147.217,61.009],[-147.278,61.001],[-147.258,60.919],[-147.377,60.873],[-147.456,60.922],[-147.392,60.968],[-147.376,60.979],[-147.4,60.977],[-147.448,60.941],[-147.472,60.957],[-147.405,61.004],[-147.417,61.017],[-147.496,61.012],[-147.493,60.912],[-147.55,60.907],[-147.474,61.068],[-147.533,61.151],[-147.585,61.018],[-147.664,61.024],[-147.678,61.011],[-147.597,61.005],[-147.689,60.955],[-147.594,60.95],[-147.602,60.849],[-147.732,60.942],[-147.831,60.876],[-147.744,60.832],[-147.829,60.814],[-148.066,60.932],[-147.992,60.961],[-147.873,61.076],[-147.933,61.079],[-147.609,61.232],[-147.761,61.206],[-147.732,61.273],[-148.075,61.006],[-148.133,61.146],[-148.415,61.051],[-148.36,61.036],[-148.419,60.97],[-148.165,61.069],[-148.19,60.969],[-148.329,60.954],[-148.266,60.914],[-148.307,60.835],[-148.381,60.86],[-148.41,60.847],[-148.338,60.807],[-148.513,60.837],[-148.719,60.786],[-148.452,60.8],[-148.671,60.72],[-148.685,60.646],[-148.52,60.766],[-148.364,60.767],[-148.429,60.614],[-148.341,60.65],[-148.348,60.691],[-148.227,60.764],[-148.254,60.745],[-148.256,60.701],[-148.281,60.688],[-148.297,60.676],[-148.302,60.665],[-148.246,60.693],[-148.189,60.608],[-148.252,60.598],[-148.329,60.529],[-148.44,60.563],[-148.395,60.597],[-148.572,60.556],[-148.704,60.437],[-148.451,60.545],[-148.327,60.498],[-148.418,60.447],[-148.269,60.489],[-148.28,60.43],[-148.191,60.56],[-148.18,60.518],[-148.196,60.491],[-148.188,60.476],[-148.148,60.582],[-148.037,60.56],[-148.098,60.521],[-148.022,60.47],[-148.1,60.453],[-147.986,60.414],[-148.265,60.363],[-148.208,60.304],[-148.327,60.262],[-148.323,60.247],[-148.412,60.287],[-148.339,60.235],[-148.455,60.178],[-148.214,60.26],[-148.301,60.206],[-148.188,60.213],[-148.216,60.147],[-148.149,60.236],[-148.088,60.214],[-148.239,60.116],[-148.342,60.186],[-148.428,59.948],[-148.533,60.034],[-148.635,59.916],[-149.124,59.964],[-149.064,60.056],[-149.209,60.007],[-149.236,59.909],[-149.291,59.869],[-149.288,60.015],[-149.335,60.007],[-149.361,60.115],[-149.399,60.121],[-149.394,60.127],[-149.402,60.134],[-149.403,60.135],[-149.409,60.135],[-149.411,60.134],[-149.439,60.12],[-149.445,60.035],[-149.387,59.984],[-149.626,59.82],[-149.535,59.778],[-149.525,59.705],[-149.642,59.739],[-149.573,59.759],[-149.653,59.774],[-149.616,59.879],[-149.692,59.952],[-149.747,59.94],[-149.749,59.823],[-149.871,59.853],[-149.76,59.793],[-149.74,59.639],[-150.072,59.845],[-150.079,59.76],[-149.925,59.73],[-149.943,59.657],[-150.035,59.613],[-150.134,59.694],[-150.098,59.613],[-150.113,59.602],[-150.138,59.629],[-150.163,59.623],[-150.166,59.619],[-150.084,59.578],[-150.209,59.58],[-150.251,59.486],[-150.405,59.461],[-150.29,59.509],[-150.349,59.535],[-150.262,59.629],[-150.285,59.643],[-150.22,59.715],[-150.228,59.752],[-150.479,59.459],[-150.477,59.528],[-150.57,59.529],[-150.496,59.604],[-150.661,59.546],[-150.582,59.445],[-150.955,59.31],[-150.887,59.269],[-150.962,59.197],[-151.031,59.325],[-151.087,59.27],[-151.317,59.31],[-151.104,59.217],[-151.405,59.277],[-151.591,59.162],[-151.979,59.255],[-151.924,59.359],[-151.834,59.353],[-151.773,59.317],[-151.759,59.324],[-151.888,59.425],[-151.743,59.454],[-151.743,59.428],[-151.681,59.39],[-151.721,59.452],[-151.646,59.486],[-151.296,59.411],[-151.473,59.502],[-151.34,59.462],[-151.449,59.533],[-151.19,59.563],[-151.198,59.639],[-150.879,59.811],[-151.5,59.638],[-151.415,59.599],[-151.861,59.756],[-151.704,60.031],[-151.421,60.214],[-151.378,60.364],[-151.295,60.393],[-151.261,60.547],[-151.41,60.72],[-150.377,61.039],[-150.005,60.852],[-149.767,60.969],[-149.12,60.878],[-148.988,60.811],[-148.96,60.823],[-148.933,60.873],[-149.694,61.005],[-150.075,61.157],[-149.714,61.313],[-149.71,61.379],[-149.351,61.47],[-149.536,61.494],[-149.458,61.498],[-149.421,61.509],[-149.411,61.506],[-149.404,61.51],[-149.37,61.514],[-149.351,61.521],[-149.38,61.514],[-149.385,61.517],[-149.404,61.52],[-149.405,61.524],[-149.757,61.447],[-149.985,61.238],[-150.293,61.284],[-150.673,61.274],[-151.017,61.182],[-151.168,61.046],[-151.609,60.971],[-151.8,60.855],[-151.707,60.715],[-151.873,60.755],[-152.012,60.687],[-152.314,60.501],[-152.236,60.395],[-152.557,60.223],[-152.85,60.236],[-152.909,60.295],[-152.993,60.3],[-152.854,60.208],[-152.678,60.166],[-152.576,60.082],[-152.601,60.005],[-152.808,59.878],[-153.23,59.863],[-153.279,59.818],[-152.991,59.81],[-153.049,59.695],[-153.22,59.635],[-153.425,59.642],[-153.336,59.721],[-153.417,59.751],[-153.418,59.765],[-153.443,59.771],[-153.435,59.779],[-153.454,59.787],[-153.483,59.64],[-153.599,59.698],[-153.71,59.634],[-153.56,59.606],[-153.585,59.554],[-153.776,59.527],[-153.818,59.556],[-153.866,59.542],[-153.734,59.506],[-153.728,59.436],[-154.141,59.371],[-154.096,59.344],[-153.945,59.361],[-154.268,59.141],[-154.176,59.12],[-154.161,59.021],[-154.067,59.072],[-153.781,59.046],[-153.703,59.076],[-153.264,58.841],[-153.316,58.839],[-153.311,58.845],[-153.316,58.852],[-153.335,58.851],[-153.339,58.853],[-153.347,58.855],[-153.354,58.854],[-153.592,58.633],[-153.898,58.607],[-153.922,58.501],[-154.078,58.476],[-154.001,58.375],[-154.2,58.354],[-154.352,58.285],[-154.102,58.28],[-154.218,58.264],[-154.247,58.248],[-154.143,58.216],[-154.3,58.194],[-154.212,58.136],[-154.337,58.157],[-154.316,58.082],[-154.493,58.203],[-154.448,58.091],[-154.611,58.122],[-154.567,58.023],[-155.029,57.992],[-155.121,57.945],[-155.084,57.873],[-155.249,57.87],[-155.34,57.825],[-155.301,57.724],[-155.381,57.71],[-155.417,57.745],[-155.612,57.778],[-155.601,57.787],[-155.607,57.792],[-155.619,57.792],[-155.578,57.679],[-155.775,57.641],[-155.731,57.544],[-156.032,57.569],[-156.097,57.525],[-156.023,57.433],[-156.191,57.481],[-156.539,57.326],[-156.538,57.28],[-156.318,57.292],[-156.405,57.224],[-156.335,57.172],[-156.492,57.12],[-156.438,57.082],[-156.613,57.047],[-156.55,56.981],[-156.773,57.036],[-156.829,56.897],[-156.954,56.983],[-156.933,56.917],[-157.087,56.819],[-157.127,56.846],[-157.174,56.859],[-157.185,56.857],[-157.14,56.79],[-157.2,56.764],[-157.44,56.857],[-157.402,56.763],[-157.601,56.724],[-157.468,56.623],[-157.679,56.608],[-157.761,56.679],[-158.137,56.533],[-157.841,56.566],[-157.861,56.474],[-158.139,56.522],[-158.132,56.461],[-158.408,56.453],[-158.649,56.279],[-158.531,56.252],[-158.562,56.293],[-158.437,56.344],[-158.198,56.288],[-158.41,56.24],[-158.341,56.202],[-158.456,56.132],[-158.401,56.061],[-158.45,56.118],[-158.502,56.094],[-158.433,55.993],[-158.556,56.023],[-158.494,56.07],[-158.6,56.048],[-158.46,56.194],[-158.623,56.203],[-158.551,56.172],[-158.725,56.155],[-158.649,56.088],[-158.727,56.049],[-158.64,56.018],[-158.669,55.951],[-158.845,56.025],[-158.92,55.912],[-159.349,55.878],[-159.42,55.787],[-159.451,55.897],[-159.559,55.877],[-159.495,55.765],[-159.597,55.566],[-159.748,55.602],[-159.6,55.641],[-159.708,55.659],[-159.578,55.802],[-159.815,55.856],[-159.874,55.783],[-160.033,55.787],[-160.056,55.696],[-160.153,55.739],[-160.135,55.662],[-160.421,55.662],[-160.356,55.608],[-160.47,55.583],[-160.503,55.476],[-160.595,55.609],[-160.772,55.543],[-160.662,55.519],[-160.671,55.46],[-160.899,55.526],[-161.24,55.356],[-161.502,55.36],[-161.493,55.487],[-161.361,55.593],[-161.31,55.54],[-161.143,55.541],[-161.391,55.627],[-161.589,55.619],[-161.722,55.508],[-161.69,55.404],[-161.879,55.229],[-161.919,55.265],[-161.879,55.224],[-162.04,55.227],[-161.964,55.105],[-162.137,55.112],[-162.078,55.173],[-162.222,55.118],[-162.229,55.021],[-162.3,55.085],[-162.417,55.032],[-162.522,55.116],[-162.35,55.107],[-162.646,55.303],[-162.693,55.275],[-162.734,55.227],[-162.588,55.141],[-162.555,54.956],[-162.882,54.934],[-162.967,55.001],[-162.908,55.018],[-163.181,55.134],[-163.215,55.026],[-163.03,54.947],[-163.343,54.809],[-163.388,54.858],[-163.265,54.916],[-163.338,54.954],[-163.22,54.934],[-163.318,55.106],[-163.0,55.248],[-163.086,55.176],[-162.856,55.18],[-162.899,55.27],[-162.76,55.293],[-162.643,55.392],[-162.523,55.366],[-162.503,55.462],[-162.593,55.453],[-161.805,55.893],[-160.876,56.0],[-160.856,55.931],[-161.025,55.898],[-160.8,55.714],[-160.652,55.738],[-160.793,55.885],[-160.253,55.768],[-160.32,55.818],[-160.24,55.852],[-160.58,55.912],[-160.356,56.278],[-159.816,56.546],[-159.211,56.699],[-159.265,56.703],[-158.888,56.883],[-158.858,56.891],[-158.837,56.89],[-158.954,56.847],[-158.643,56.792],[-158.688,56.974],[-158.417,57.221],[-158.068,57.316],[-158.035,57.37],[-158.079,57.371],[-157.75,57.556],[-157.8,57.523],[-157.689,57.566],[-157.664,57.462],[-157.58,57.473],[-157.6,57.618],[-157.711,57.636],[-157.582,57.926],[-157.585,58.115],[-157.528,58.188],[-157.249,58.192],[-157.32,58.255],[-157.495,58.242],[-157.534,58.39],[-157.051,58.712],[-156.965,58.959],[-156.844,59.005],[-156.884,59.017],[-157.015,58.971],[-157.085,58.875],[-158.16,58.614],[-158.563,58.804],[-158.483,58.897],[-158.495,58.946],[-158.756,58.906],[-158.776,58.772],[-158.811,58.732],[-158.891,58.764],[-158.798,58.781],[-158.814,58.812],[-158.961,58.78],[-158.853,58.795],[-158.907,58.769],[-158.897,58.715],[-158.698,58.492],[-158.896,58.395],[-159.061,58.426],[-159.017,58.451],[-159.467,58.813],[-159.651,58.84],[-159.596,58.952],[-159.789,58.936],[-159.751,58.843],[-159.903,58.768],[-160.002,58.877],[-160.163,58.864],[-160.141,58.936],[-160.245,58.888],[-160.329,58.944],[-160.254,58.988],[-160.334,59.079],[-160.839,58.811],[-160.831,58.868],[-160.953,58.884],[-161.183,58.781],[-161.193,58.785],[-161.392,58.67],[-161.305,58.68],[-161.713,58.553],[-161.772,58.552],[-161.717,58.586],[-161.75,58.642],[-162.136,58.633],[-162.175,58.649],[-161.994,58.681],[-161.945,58.647],[-161.897,58.652],[-161.847,58.668],[-161.64,58.799],[-161.773,58.768],[-161.843,59.035],[-161.582,59.114],[-161.812,59.119],[-161.849,59.059],[-162.007,59.185],[-161.954,59.379],[-161.825,59.412],[-161.7,59.495],[-162.212,60.029],[-162.184,60.151],[-162.249,60.208],[-162.285,60.211],[-162.197,60.153],[-162.264,60.054],[-162.317,60.111],[-162.54,59.982],[-163.153,59.846],[-164.116,59.835],[-164.221,59.943],[-164.121,59.988],[-164.651,60.258],[-164.622,60.373],[-164.551,60.384],[-164.53,60.387],[-164.574,60.449],[-164.571,60.461],[-164.525,60.459],[-164.458,60.477],[-164.448,60.473],[-164.444,60.474],[-164.431,60.477],[-164.426,60.516],[-164.486,60.559],[-164.116,60.666],[-164.017,60.766],[-163.783,60.755],[-163.818,60.625],[-163.738,60.574],[-163.413,60.726],[-163.551,60.813],[-164.1,60.871],[-163.974,60.894],[-163.94,60.927],[-163.993,61.047],[-164.109,60.984],[-164.076,60.956],[-164.009,60.978],[-163.992,60.961],[-164.157,60.948],[-164.091,60.875],[-164.537,60.848],[-164.619,60.935],[-164.635,60.944],[-164.639,60.944],[-164.643,60.946],[-164.648,60.946],[-164.649,60.947],[-164.802,60.891],[-164.855,60.941],[-165.186,60.957],[-164.844,61.03],[-164.891,61.061],[-164.905,61.059],[-164.909,61.045],[-164.933,61.052],[-164.917,61.063],[-164.927,61.076],[-164.954,61.082],[-164.844,61.081],[-164.883,61.128],[-165.006,61.1],[-164.992,61.044],[-165.294,61.189],[-165.368,61.082],[-165.592,61.105],[-165.619,61.297],[-165.848,61.311],[-165.92,61.39],[-165.753,61.488],[-165.93,61.554],[-166.149,61.513],[-166.186,61.594],[-166.165,61.654],[-165.767,61.686],[-166.011,61.721],[-166.102,61.812],[-165.617,61.844],[-165.754,61.982],[-165.744,62.082],[-165.099,62.521],[-164.846,62.533],[-164.856,62.471],[-164.563,62.427],[-164.481,62.564],[-164.671,62.523],[-164.686,62.466],[-164.838,62.478],[-164.78,62.538],[-164.786,62.575],[-164.855,62.55],[-164.765,62.593],[-164.865,62.769],[-164.818,62.763],[-164.782,62.766],[-164.75,62.791],[-164.856,62.835],[-164.683,63.02],[-164.385,63.023],[-164.367,62.996],[-164.355,62.995],[-164.335,62.997],[-164.296,62.967],[-164.252,62.963],[-164.254,62.932],[-164.305,62.91],[-164.297,62.896],[-164.163,62.855],[-164.162,62.814],[-164.103,62.793],[-164.102,62.783],[-164.1,62.783],[-164.09,62.781],[-164.205,62.725],[-164.068,62.667],[-164.076,62.683],[-164.031,62.69],[-164.026,62.721],[-164.014,62.697],[-164.034,62.672],[-164.023,62.651],[-164.038,62.644],[-163.843,62.487],[-163.787,62.507],[-163.911,62.575],[-163.933,62.587],[-163.921,62.599],[-163.923,62.621],[-163.929,62.592],[-163.936,62.597],[-163.934,62.618],[-163.941,62.637],[-163.935,62.656],[-163.934,62.656],[-163.925,62.67],[-163.94,62.726],[-163.968,62.76],[-164.097,62.831],[-163.909,62.868],[-163.798,62.92],[-163.771,62.957],[-163.805,62.985],[-163.762,63.019],[-163.039,63.063],[-162.583,63.272],[-162.266,63.489],[-162.314,63.541],[-162.006,63.484],[-162.156,63.429],[-161.139,63.502],[-160.799,63.737],[-160.767,63.833],[-160.937,64.053],[-160.96,64.22],[-161.236,64.379],[-161.187,64.355],[-161.161,64.356],[-161.14,64.357],[-161.14,64.371],[-161.266,64.398],[-161.169,64.395],[-161.165,64.406],[-161.374,64.47],[-161.527,64.379],[-161.533,64.416],[-161.381,64.533],[-161.018,64.5],[-161.09,64.539],[-160.799,64.613],[-160.783,64.718],[-161.141,64.931],[-161.528,64.739],[-161.772,64.838],[-161.787,64.807],[-161.721,64.783],[-161.71,64.783],[-161.697,64.782],[-161.673,64.786],[-161.854,64.75],[-161.871,64.751],[-161.866,64.753],[-161.87,64.753],[-161.867,64.756],[-161.873,64.759],[-161.872,64.762],[-161.873,64.762],[-161.971,64.713],[-161.884,64.708],[-162.179,64.679],[-162.543,64.532],[-162.631,64.386],[-162.791,64.325],[-162.838,64.491],[-163.045,64.54],[-163.125,64.658],[-163.339,64.64],[-163.286,64.606],[-163.329,64.595],[-163.387,64.58],[-163.032,64.516],[-163.15,64.398],[-163.65,64.568],[-164.386,64.553],[-164.244,64.569],[-164.274,64.572],[-164.764,64.512],[-164.889,64.475],[-164.889,64.501],[-164.92,64.53],[-164.901,64.532],[-164.89,64.535],[-164.89,64.539],[-164.834,64.533],[-164.825,64.537],[-164.979,64.546],[-165.006,64.538],[-164.902,64.504],[-164.907,64.494],[-164.941,64.492],[-164.952,64.487],[-164.953,64.484],[-164.858,64.462],[-164.921,64.444],[-164.857,64.444],[-165.011,64.433],[-166.197,64.578],[-166.469,64.72],[-166.421,64.881],[-166.689,64.985],[-166.701,65.04],[-166.855,65.09],[-166.944,65.15],[-166.949,65.168],[-166.897,65.248],[-166.849,65.279],[-166.941,65.177],[-166.891,65.117],[-166.54,65.118],[-166.354,65.274],[-166.037,65.245],[-167.465,65.414],[-168.07,65.577],[-168.112,65.671],[-167.806,65.763],[-168.067,65.636],[-167.528,65.722],[-167.486,65.761],[-167.585,65.794],[-167.422,65.807],[-167.505,65.829],[-167.265,65.901],[-167.186,65.837],[-167.038,65.87],[-166.87,65.917],[-166.98,65.973],[-166.251,66.17],[-166.057,66.107],[-165.744,66.096],[-165.598,66.117],[-165.597,66.117],[-165.537,66.147],[-165.46,66.138],[-165.621,66.182],[-165.696,66.203],[-165.852,66.213],[-165.875,66.24],[-165.429,66.404],[-164.99,66.38],[-164.697,66.543],[-164.401,66.582],[-163.751,66.55],[-163.731,66.49],[-163.871,66.387],[-163.838,66.259],[-164.201,66.19],[-163.904,66.195],[-163.759,66.062],[-162.746,66.101],[-162.632,66.038],[-162.677,66.036],[-162.675,65.993],[-162.653,65.981],[-162.65,65.982],[-162.135,66.079],[-161.839,66.023],[-161.929,66.034],[-161.968,66.004],[-161.847,65.963],[-161.781,65.973],[-161.83,65.999],[-161.789,66.035],[-161.736,66.054],[-161.708,66.075],[-161.778,66.064],[-161.553,66.242],[-161.008,66.244],[-161.101,66.327],[-161.549,66.398],[-161.897,66.357],[-161.821,66.271],[-161.907,66.265],[-161.888,66.524],[-162.064,66.617],[-162.145,66.81],[-162.269,66.824],[-162.5,66.849],[-162.623,66.862],[-162.47,66.951],[-162.01,66.78],[-162.069,66.646],[-161.582,66.44],[-161.187,66.539],[-160.804,66.366],[-160.268,66.38],[-160.202,66.478]]],[[[58.834,75.722],[58.734,75.8],[58.876,75.846],[60.412,75.957],[60.039,76.034],[60.496,76.114],[60.782,76.1],[60.479,75.996],[61.081,76.017],[61.082,76.085],[61.225,76.125],[60.906,76.148],[61.152,76.273],[62.403,76.253],[62.347,76.176],[62.544,76.155],[62.77,76.261],[63.052,76.186],[63.72,76.329],[63.978,76.333],[64.119,76.254],[64.535,76.38],[64.843,76.339],[64.699,76.39],[64.969,76.476],[65.261,76.434],[65.486,76.551],[66.091,76.476],[66.006,76.603],[65.822,76.651],[66.04,76.738],[66.379,76.706],[66.227,76.763],[67.571,76.991],[68.58,76.955],[68.501,76.93],[68.833,76.868],[68.759,76.841],[69.09,76.703],[68.795,76.575],[68.957,76.537],[68.195,76.294],[68.306,76.249],[65.991,75.984],[63.792,75.612],[63.811,75.652],[63.705,75.704],[63.587,75.715],[63.686,75.69],[62.311,75.419],[61.904,75.466],[61.854,75.432],[61.949,75.387],[61.817,75.32],[61.734,75.36],[61.463,75.207],[61.382,75.211],[61.412,75.313],[61.29,75.309],[61.349,75.281],[61.091,75.172],[60.79,75.141],[60.741,75.014],[60.503,75.103],[60.307,75.084],[60.485,75.048],[60.386,75.044],[60.411,75.0],[59.908,74.983],[60.629,74.913],[60.527,74.843],[60.155,74.843],[60.305,74.78],[60.247,74.734],[59.656,74.719],[59.626,74.749],[59.492,74.788],[59.45,74.785],[59.575,74.719],[59.837,74.663],[59.862,74.607],[59.762,74.572],[59.14,74.735],[59.09,74.699],[59.269,74.618],[59.138,74.614],[59.122,74.526],[58.785,74.584],[59.113,74.52],[59.061,74.468],[59.123,74.45],[59.134,74.424],[58.211,74.554],[58.591,74.448],[58.531,74.412],[58.413,74.439],[58.354,74.439],[58.315,74.427],[58.611,74.381],[58.721,74.249],[58.634,74.235],[58.731,74.214],[58.531,74.221],[58.638,74.201],[58.471,74.199],[58.584,74.161],[58.506,74.144],[58.277,74.184],[58.279,74.15],[58.537,74.119],[58.141,74.117],[58.192,74.077],[58.115,74.034],[58.249,74.002],[58.144,73.973],[57.71,74.044],[57.546,74.179],[57.342,74.207],[57.542,74.08],[57.251,74.067],[57.521,74.066],[57.784,73.954],[57.864,73.9],[57.762,73.879],[57.884,73.77],[57.648,73.713],[57.43,73.829],[56.649,73.872],[57.293,73.811],[57.619,73.629],[57.208,73.554],[56.703,73.694],[56.888,73.599],[56.75,73.579],[57.239,73.448],[56.904,73.301],[56.765,73.341],[56.807,73.308],[56.728,73.234],[56.039,73.306],[55.985,73.421],[55.887,73.42],[55.987,73.375],[55.956,73.294],[55.737,73.339],[55.405,73.328],[54.917,73.44],[54.222,73.316],[54.067,73.357],[54.487,73.462],[54.233,73.482],[54.389,73.557],[55.406,73.706],[54.562,73.691],[54.236,73.596],[53.673,73.75],[54.009,73.778],[54.322,73.914],[54.846,73.953],[54.577,73.997],[55.034,74.158],[56.078,74.035],[55.61,74.176],[55.109,74.249],[55.754,74.276],[55.677,74.341],[55.297,74.35],[55.378,74.41],[55.505,74.403],[56.259,74.46],[55.567,74.544],[55.824,74.671],[55.95,74.63],[56.409,74.702],[56.568,74.643],[56.654,74.671],[56.736,74.645],[56.946,74.672],[55.826,74.784],[56.446,74.887],[56.256,74.926],[56.466,75.013],[56.421,75.037],[56.039,75.0],[56.083,75.049],[56.103,75.071],[56.157,75.132],[56.292,75.158],[56.385,75.037],[56.587,75.058],[56.75,75.194],[57.076,75.216],[56.704,75.298],[57.035,75.38],[57.996,75.296],[57.719,75.349],[57.73,75.423],[57.554,75.475],[58.491,75.595],[57.98,75.626],[58.834,75.722]]],[[[52.315,71.529],[52.318,71.529],[52.314,71.563],[52.297,71.571],[52.261,71.568],[52.193,71.529],[52.301,71.461],[51.919,71.457],[51.62,71.536],[51.434,71.84],[51.564,72.061],[51.822,72.151],[52.046,72.049],[52.224,72.13],[52.175,72.069],[52.527,72.026],[52.504,72.035],[52.464,72.04],[52.463,72.046],[52.453,72.046],[52.467,72.07],[52.398,72.098],[52.442,72.123],[52.441,72.168],[52.467,72.118],[52.562,72.131],[52.526,72.175],[52.431,72.212],[52.551,72.186],[52.456,72.275],[52.628,72.24],[52.599,72.29],[52.725,72.314],[52.575,72.364],[52.761,72.325],[52.705,72.427],[52.849,72.431],[52.71,72.443],[52.719,72.474],[52.901,72.496],[52.98,72.573],[53.32,72.549],[53.117,72.591],[52.98,72.588],[52.727,72.54],[52.846,72.611],[52.748,72.629],[52.976,72.662],[52.403,72.717],[52.614,72.852],[52.954,72.908],[53.298,72.865],[53.524,72.854],[53.628,72.889],[53.085,72.949],[53.415,72.996],[53.154,73.09],[53.423,73.23],[54.248,73.258],[54.916,73.424],[55.435,73.313],[55.803,73.319],[56.566,73.138],[55.819,73.057],[56.434,73.033],[56.315,72.986],[55.546,72.942],[56.275,72.947],[56.12,72.779],[55.342,72.762],[55.843,72.738],[55.922,72.65],[55.668,72.655],[55.695,72.595],[55.598,72.523],[55.494,72.559],[55.298,72.569],[55.563,72.508],[55.302,72.441],[55.479,72.435],[55.469,72.334],[55.362,72.287],[55.576,72.173],[55.408,72.098],[55.46,72.056],[55.363,71.98],[55.433,71.934],[55.275,71.943],[55.524,71.882],[55.655,71.626],[56.214,71.185],[57.613,70.708],[57.468,70.659],[57.476,70.592],[57.358,70.607],[57.433,70.587],[57.037,70.655],[56.763,70.672],[57.321,70.542],[56.547,70.655],[56.691,70.612],[56.608,70.618],[56.505,70.66],[56.623,70.718],[56.516,70.741],[56.22,70.738],[56.325,70.691],[56.193,70.699],[56.321,70.652],[56.159,70.651],[56.226,70.633],[55.794,70.665],[56.032,70.557],[55.884,70.567],[55.83,70.606],[55.745,70.593],[55.611,70.633],[55.746,70.6],[55.568,70.677],[55.763,70.611],[55.861,70.613],[55.611,70.724],[55.81,70.616],[55.436,70.733],[55.354,70.685],[55.099,70.765],[54.906,70.762],[55.358,70.679],[55.401,70.687],[55.481,70.633],[55.27,70.681],[55.206,70.657],[55.293,70.562],[55.168,70.545],[54.54,70.782],[54.431,70.735],[54.791,70.636],[54.306,70.763],[54.047,70.724],[53.906,70.815],[53.881,70.803],[53.851,70.802],[53.846,70.797],[53.925,70.778],[53.899,70.76],[53.872,70.761],[53.424,70.842],[53.575,70.881],[53.752,70.811],[53.683,70.878],[53.777,70.935],[53.51,71.087],[53.963,71.015],[53.906,71.073],[54.175,71.07],[54.266,71.095],[54.011,71.137],[54.225,71.147],[54.103,71.212],[53.805,71.19],[53.838,71.134],[53.516,71.217],[53.464,71.257],[53.547,71.254],[53.552,71.277],[53.341,71.325],[53.287,71.438],[53.496,71.528],[53.46,71.537],[53.493,71.554],[53.472,71.573],[53.238,71.499],[53.16,71.408],[53.096,71.484],[53.042,71.491],[53.009,71.51],[52.999,71.511],[53.055,71.465],[52.931,71.447],[53.029,71.4],[52.917,71.383],[52.882,71.46],[52.78,71.464],[52.856,71.41],[52.613,71.469],[52.724,71.5],[52.583,71.598],[52.635,71.591],[52.554,71.652],[52.571,71.74],[52.531,71.764],[52.504,71.68],[52.536,71.565],[52.399,71.539],[52.458,71.462],[52.331,71.514],[52.309,71.53],[52.309,71.533],[52.313,71.533],[52.315,71.529]]],[[[-153.674,57.535],[-153.88,57.633],[-153.555,57.595],[-153.634,57.659],[-153.905,57.701],[-153.935,57.803],[-153.855,57.779],[-153.853,57.78],[-153.835,57.789],[-153.764,57.752],[-153.704,57.786],[-153.699,57.813],[-153.714,57.82],[-153.716,57.826],[-153.719,57.827],[-153.684,57.883],[-153.621,57.882],[-153.67,57.862],[-153.572,57.832],[-153.548,57.706],[-153.525,57.656],[-153.512,57.648],[-153.515,57.646],[-153.502,57.625],[-153.497,57.623],[-153.518,57.719],[-153.425,57.691],[-153.489,57.774],[-153.353,57.703],[-153.321,57.702],[-153.31,57.719],[-153.478,57.842],[-153.337,57.804],[-153.209,57.793],[-153.225,57.733],[-153.192,57.704],[-153.181,57.703],[-153.172,57.808],[-153.235,57.895],[-153.164,57.878],[-153.096,57.838],[-153.043,57.816],[-153.038,57.822],[-153.282,58.0],[-152.992,57.91],[-152.803,57.913],[-152.914,57.819],[-152.852,57.723],[-152.83,57.841],[-152.734,57.814],[-152.674,57.881],[-152.671,57.869],[-152.654,57.862],[-152.641,57.869],[-152.618,57.838],[-152.636,57.917],[-152.493,57.905],[-152.426,57.814],[-152.325,57.822],[-152.451,57.778],[-152.571,57.706],[-152.537,57.695],[-152.482,57.723],[-152.444,57.725],[-152.518,57.647],[-152.394,57.686],[-152.467,57.597],[-152.154,57.618],[-152.343,57.422],[-152.958,57.524],[-152.888,57.485],[-153.026,57.474],[-153.052,57.43],[-152.818,57.472],[-152.606,57.357],[-152.819,57.265],[-152.916,57.321],[-152.865,57.345],[-152.874,57.355],[-153.155,57.361],[-153.207,57.306],[-152.941,57.257],[-153.389,57.208],[-153.45,57.112],[-153.473,57.177],[-153.551,57.175],[-153.491,57.17],[-153.496,57.066],[-153.666,57.091],[-153.763,57.05],[-153.595,57.055],[-153.689,56.999],[-153.556,56.97],[-153.689,56.973],[-153.775,56.868],[-153.692,56.861],[-153.975,56.744],[-154.052,56.765],[-154.046,56.767],[-154.021,56.815],[-154.028,56.82],[-154.148,56.746],[-153.762,56.995],[-153.859,56.962],[-153.822,57.014],[-153.851,57.039],[-153.973,56.96],[-153.921,57.063],[-153.739,57.139],[-153.805,57.159],[-154.095,56.967],[-154.141,56.997],[-154.097,57.034],[-154.112,57.053],[-153.951,57.121],[-154.227,57.161],[-154.466,57.127],[-154.379,57.05],[-154.097,57.121],[-154.183,56.992],[-154.156,56.949],[-154.307,56.915],[-154.299,56.891],[-154.298,56.877],[-154.298,56.857],[-154.3,56.851],[-154.298,56.85],[-154.226,56.878],[-154.31,56.843],[-154.355,56.937],[-154.275,56.955],[-154.522,56.991],[-154.531,57.185],[-154.799,57.347],[-154.694,57.343],[-154.72,57.423],[-154.633,57.505],[-154.198,57.665],[-154.012,57.647],[-153.971,57.562],[-154.105,57.526],[-153.931,57.535],[-153.895,57.421],[-153.779,57.321],[-153.622,57.277],[-153.762,57.343],[-153.812,57.414],[-153.802,57.512],[-153.847,57.575],[-153.769,57.54],[-153.693,57.528],[-153.674,57.535]]],[[[-133.151,56.262],[-133.069,56.238],[-133.094,56.171],[-133.038,56.183],[-133.143,56.127],[-133.097,56.048],[-132.972,55.997],[-132.736,55.985],[-132.444,55.719],[-132.596,55.697],[-132.486,55.637],[-132.447,55.669],[-132.462,55.62],[-132.453,55.608],[-132.389,55.67],[-132.306,55.528],[-132.144,55.471],[-132.422,55.54],[-132.499,55.603],[-132.568,55.629],[-132.582,55.559],[-132.523,55.552],[-132.704,55.463],[-132.745,55.36],[-132.562,55.503],[-132.414,55.516],[-132.281,55.444],[-132.479,55.421],[-132.526,55.366],[-132.474,55.317],[-132.456,55.418],[-132.358,55.325],[-132.345,55.33],[-132.362,55.408],[-132.327,55.399],[-132.316,55.414],[-132.299,55.406],[-132.276,55.419],[-132.097,55.283],[-132.472,55.259],[-132.29,55.241],[-132.353,55.187],[-132.356,55.131],[-132.276,55.242],[-132.244,55.178],[-132.229,55.22],[-132.152,55.213],[-132.145,55.187],[-132.189,55.167],[-132.192,55.151],[-131.999,55.267],[-131.986,55.168],[-132.104,55.121],[-131.999,55.107],[-132.077,55.08],[-132.1,55.114],[-132.151,55.129],[-132.204,55.123],[-132.113,55.104],[-132.147,55.066],[-132.091,55.054],[-132.087,55.037],[-132.299,55.057],[-132.227,54.998],[-132.314,54.982],[-132.164,54.99],[-132.216,54.934],[-132.213,54.917],[-132.209,54.915],[-131.98,55.037],[-132.072,54.951],[-131.981,54.969],[-132.028,54.93],[-131.974,54.9],[-132.114,54.899],[-131.963,54.835],[-132.088,54.816],[-131.957,54.791],[-132.023,54.783],[-132.015,54.692],[-132.168,54.746],[-132.109,54.698],[-132.165,54.692],[-132.237,54.773],[-132.279,54.712],[-132.309,54.72],[-132.228,54.802],[-132.367,54.81],[-132.285,54.829],[-132.297,54.858],[-132.294,54.836],[-132.359,54.866],[-132.364,54.877],[-132.331,54.868],[-132.285,54.868],[-132.403,54.929],[-132.355,54.923],[-132.383,55.088],[-132.415,54.907],[-132.436,54.923],[-132.493,54.895],[-132.526,54.918],[-132.471,54.94],[-132.49,55.0],[-132.524,54.934],[-132.613,54.967],[-132.477,55.054],[-132.57,55.071],[-132.523,55.115],[-132.557,55.129],[-132.586,55.118],[-132.625,55.053],[-132.636,55.054],[-132.571,55.169],[-132.656,55.268],[-132.544,55.277],[-132.605,55.289],[-132.671,55.276],[-132.699,55.242],[-132.63,55.173],[-132.667,55.138],[-132.801,55.182],[-132.829,55.283],[-133.015,55.203],[-133.045,55.233],[-132.977,55.242],[-132.962,55.264],[-132.929,55.267],[-132.917,55.277],[-132.92,55.282],[-133.236,55.284],[-133.283,55.351],[-133.226,55.383],[-133.04,55.341],[-132.884,55.354],[-133.156,55.476],[-133.075,55.55],[-133.08,55.594],[-132.932,55.624],[-132.999,55.638],[-133.276,55.577],[-133.396,55.621],[-133.351,55.69],[-133.386,55.736],[-133.34,55.705],[-133.247,55.746],[-133.13,55.88],[-133.217,55.865],[-133.265,55.914],[-133.233,55.953],[-133.268,56.153],[-133.643,56.216],[-133.663,56.32],[-133.598,56.285],[-133.581,56.298],[-133.614,56.357],[-133.441,56.324],[-133.316,56.332],[-133.347,56.315],[-133.346,56.262],[-133.175,56.329],[-133.151,56.262]]],[[[-171.734,63.365],[-171.84,63.553],[-171.739,63.66],[-171.739,63.785],[-171.522,63.659],[-171.521,63.659],[-171.383,63.632],[-171.375,63.627],[-171.527,63.63],[-171.527,63.621],[-171.483,63.592],[-171.502,63.587],[-171.491,63.58],[-171.263,63.612],[-171.38,63.632],[-171.237,63.615],[-171.045,63.581],[-171.167,63.6],[-171.197,63.582],[-171.085,63.563],[-170.955,63.561],[-170.345,63.693],[-170.095,63.612],[-170.042,63.488],[-170.062,63.491],[-170.107,63.47],[-170.048,63.487],[-170.072,63.445],[-170.062,63.431],[-170.041,63.488],[-169.189,63.296],[-169.078,63.313],[-169.223,63.328],[-169.27,63.346],[-168.853,63.319],[-168.865,63.263],[-168.876,63.21],[-168.886,63.165],[-169.328,63.183],[-169.616,62.967],[-169.763,62.961],[-169.705,63.034],[-169.818,63.111],[-169.955,63.14],[-169.843,63.103],[-169.874,63.104],[-169.836,63.085],[-169.785,63.045],[-169.771,63.016],[-170.596,63.366],[-171.054,63.425],[-171.44,63.308],[-171.734,63.365]]],[[[-135.467,58.131],[-135.412,58.144],[-134.969,58.047],[-134.92,57.935],[-135.001,57.889],[-134.936,57.847],[-135.03,57.899],[-135.226,57.95],[-134.948,57.805],[-135.068,57.775],[-135.228,57.781],[-135.413,57.859],[-135.48,57.868],[-135.552,57.903],[-135.603,57.906],[-135.705,57.942],[-135.726,57.941],[-135.739,57.949],[-135.744,57.95],[-135.762,57.951],[-135.839,57.99],[-135.877,58.002],[-135.894,58.004],[-135.897,58.002],[-135.326,57.749],[-135.449,57.737],[-134.937,57.763],[-134.829,57.498],[-134.989,57.546],[-134.869,57.466],[-135.089,57.465],[-135.838,57.775],[-135.837,57.757],[-135.729,57.72],[-135.71,57.68],[-135.742,57.688],[-135.818,57.647],[-135.572,57.596],[-135.683,57.55],[-135.569,57.55],[-135.548,57.479],[-135.704,57.369],[-135.845,57.391],[-136.033,57.52],[-135.811,57.443],[-136.0,57.545],[-135.914,57.582],[-136.026,57.558],[-136.098,57.61],[-135.976,57.625],[-136.085,57.669],[-136.138,57.626],[-136.111,57.715],[-136.223,57.799],[-136.422,57.821],[-136.363,57.925],[-136.266,57.898],[-136.353,58.003],[-136.112,57.87],[-136.023,57.842],[-136.444,58.118],[-136.277,58.099],[-136.364,58.21],[-136.283,58.224],[-136.201,58.092],[-136.114,58.067],[-136.186,58.105],[-136.168,58.22],[-135.982,58.193],[-135.798,58.288],[-135.494,58.172],[-135.61,58.054],[-135.712,58.06],[-135.769,58.049],[-135.636,57.996],[-135.735,58.013],[-135.836,57.99],[-135.653,57.949],[-135.418,58.1],[-135.467,58.131]]],[[[-135.312,56.993],[-135.216,57.0],[-135.225,57.034],[-135.151,56.976],[-135.12,56.984],[-135.203,57.046],[-135.402,57.1],[-135.279,57.168],[-135.425,57.169],[-135.343,57.259],[-135.502,57.266],[-135.552,57.235],[-135.604,57.289],[-135.544,57.284],[-135.691,57.354],[-135.477,57.359],[-135.599,57.404],[-135.609,57.386],[-135.632,57.399],[-135.552,57.426],[-135.528,57.459],[-135.551,57.509],[-135.444,57.558],[-135.291,57.509],[-135.423,57.455],[-135.398,57.433],[-135.223,57.489],[-135.16,57.46],[-135.213,57.441],[-135.222,57.413],[-135.211,57.409],[-135.166,57.445],[-134.977,57.384],[-134.832,57.415],[-134.814,57.298],[-134.968,57.383],[-134.913,57.329],[-135.028,57.352],[-135.08,57.34],[-134.955,57.33],[-135.01,57.292],[-135.013,57.26],[-134.966,57.309],[-134.931,57.259],[-134.864,57.271],[-134.801,57.163],[-134.871,57.138],[-134.791,57.123],[-134.789,57.085],[-134.814,57.093],[-134.835,57.089],[-134.835,57.081],[-134.695,56.895],[-134.705,56.844],[-134.788,56.874],[-134.803,56.875],[-134.818,56.865],[-134.673,56.821],[-134.751,56.787],[-134.639,56.736],[-134.747,56.721],[-134.753,56.702],[-134.636,56.731],[-134.616,56.635],[-134.638,56.54],[-134.679,56.634],[-134.67,56.542],[-134.747,56.552],[-134.763,56.54],[-134.668,56.531],[-134.642,56.441],[-134.649,56.436],[-134.719,56.443],[-134.757,56.438],[-134.645,56.427],[-134.734,56.379],[-134.636,56.359],[-134.784,56.244],[-134.843,56.289],[-134.793,56.331],[-134.847,56.302],[-134.809,56.388],[-134.893,56.315],[-134.952,56.385],[-134.893,56.45],[-134.963,56.418],[-134.943,56.474],[-135.061,56.531],[-134.94,56.574],[-134.828,56.748],[-134.972,56.617],[-134.96,56.722],[-135.057,56.61],[-135.153,56.648],[-134.994,56.756],[-135.033,56.779],[-135.175,56.675],[-135.23,56.687],[-135.201,56.743],[-135.018,56.82],[-135.084,56.813],[-135.104,56.793],[-135.116,56.792],[-135.136,56.776],[-135.173,56.757],[-135.184,56.756],[-135.103,56.828],[-135.196,56.85],[-135.198,56.813],[-135.267,56.783],[-135.309,56.776],[-135.26,56.791],[-135.388,56.862],[-135.287,56.885],[-135.402,56.952],[-135.214,56.948],[-135.312,56.993]]],[[[23.29,58.487],[23.31,58.426],[23.238,58.459],[23.216,58.431],[23.158,58.478],[23.065,58.421],[23.089,58.379],[22.954,58.384],[22.926,58.302],[22.704,58.275],[22.723,58.211],[22.543,58.253],[22.271,58.19],[22.202,57.984],[22.052,57.905],[21.978,57.977],[22.216,58.157],[21.999,58.25],[21.867,58.262],[21.861,58.353],[21.946,58.307],[22.023,58.366],[21.834,58.482],[21.838,58.502],[22.009,58.506],[22.109,58.418],[22.203,58.546],[22.293,58.487],[22.287,58.57],[22.539,58.642],[23.138,58.55],[23.07,58.616],[23.067,58.62],[23.195,58.684],[23.353,58.646],[23.406,58.551],[23.165,58.569],[23.136,58.522],[23.29,58.487]]],[[[47.745,42.425],[47.854,42.471],[47.839,42.509],[47.702,42.477],[47.675,42.513],[47.58,42.513],[47.484,42.468],[47.413,42.544],[47.358,42.538],[47.382,42.625],[47.262,42.657],[47.309,42.719],[47.303,42.803],[47.328,42.829],[47.521,42.813],[47.549,42.855],[47.517,42.896],[47.335,42.972],[47.307,43.03],[47.337,43.051],[47.29,43.113],[47.389,43.123],[47.403,43.038],[47.405,43.023],[47.698,42.872],[47.763,42.631],[47.888,42.582],[48.37,41.948],[48.491,41.914],[48.459,41.853],[48.454,41.842],[48.381,41.831],[48.305,41.882],[48.234,41.857],[48.154,41.901],[48.234,41.912],[48.141,42.004],[48.093,42.007],[48.095,42.124],[48.059,42.126],[47.981,42.234],[47.782,42.231],[47.769,42.271],[47.797,42.306],[47.696,42.367],[47.745,42.425]]],[[[-164.512,60.466],[-164.566,60.465],[-164.578,60.46],[-164.584,60.447],[-164.54,60.39],[-164.551,60.384],[-164.61,60.381],[-164.631,60.373],[-164.711,60.293],[-165.134,60.439],[-164.974,60.54],[-165.27,60.493],[-165.421,60.55],[-165.013,60.69],[-164.967,60.724],[-165.033,60.786],[-164.838,60.796],[-164.862,60.858],[-164.839,60.844],[-164.683,60.904],[-164.673,60.819],[-164.264,60.788],[-164.206,60.683],[-164.526,60.552],[-164.514,60.536],[-164.451,60.521],[-164.432,60.493],[-164.512,60.466]]],[[[155.523,50.145],[155.431,50.037],[155.221,50.051],[155.209,50.291],[155.648,50.377],[155.929,50.71],[156.156,50.741],[156.17,50.507],[156.042,50.466],[155.888,50.247],[155.523,50.145]]],[[[42.98,42.444],[42.849,42.504],[42.981,42.668],[43.061,42.675],[43.101,42.713],[43.161,42.7],[43.188,42.77],[43.33,42.817],[43.338,42.885],[43.559,42.862],[43.607,42.809],[43.788,42.736],[43.577,42.584],[43.604,42.535],[43.577,42.442],[43.303,42.466],[43.184,42.394],[43.071,42.374],[42.967,42.399],[42.98,42.444]]],[[[-164.044,54.967],[-163.776,55.052],[-163.465,55.044],[-163.547,55.027],[-163.423,54.946],[-163.371,54.786],[-163.16,54.769],[-163.046,54.671],[-163.362,54.75],[-163.423,54.656],[-163.727,54.63],[-163.724,54.69],[-163.72,54.755],[-163.93,54.81],[-164.007,54.916],[-164.044,54.967]]],[[[22.042,58.941],[22.396,58.937],[22.583,59.093],[22.942,58.982],[22.941,58.942],[23.069,58.837],[22.961,58.849],[22.769,58.819],[22.755,58.813],[22.751,58.8],[22.766,58.803],[22.784,58.79],[22.826,58.822],[22.889,58.82],[22.563,58.687],[22.466,58.716],[22.398,58.889],[22.042,58.941]]],[[[-163.796,63.035],[-163.774,63.096],[-163.658,63.111],[-163.671,63.106],[-163.698,63.074],[-163.746,63.054],[-163.717,63.042],[-163.792,63.014],[-163.797,62.994],[-163.893,62.989],[-163.776,62.954],[-163.804,62.952],[-163.811,62.947],[-163.804,62.921],[-163.825,62.931],[-163.837,62.931],[-163.912,62.896],[-164.096,62.984],[-164.5,63.103],[-164.553,63.092],[-164.299,63.245],[-163.828,63.219],[-163.855,63.197],[-163.846,63.173],[-163.821,63.153],[-163.862,63.128],[-163.863,63.127],[-163.862,63.124],[-163.843,63.121],[-163.843,63.116],[-163.906,63.088],[-163.968,63.091],[-164.028,63.075],[-163.907,63.086],[-163.831,63.113],[-163.813,63.119],[-163.795,63.112],[-163.754,63.111],[-163.778,63.094],[-163.796,63.035]]],[[[-132.373,56.035],[-132.47,56.023],[-132.452,56.061],[-132.459,56.17],[-132.491,56.063],[-132.592,56.162],[-132.552,56.073],[-132.622,56.09],[-132.658,56.05],[-132.717,56.217],[-132.435,56.352],[-132.382,56.257],[-132.508,56.187],[-132.37,56.228],[-132.105,56.105],[-132.258,56.136],[-132.184,56.048],[-132.219,56.05],[-132.21,55.946],[-132.352,55.913],[-132.45,55.956],[-132.373,56.035]]],[[[21.989,53.527],[21.921,53.513],[21.877,53.466],[21.804,53.481],[22.486,53.738],[22.619,53.878],[22.622,53.925],[22.468,54.039],[22.449,54.099],[22.352,54.177],[22.441,54.256],[22.525,54.263],[22.526,54.219],[22.623,54.105],[22.596,54.05],[22.666,54.025],[22.774,53.917],[22.775,53.87],[22.723,53.837],[22.7,53.772],[22.421,53.686],[22.028,53.505],[21.989,53.527]]],[[[-132.061,56.233],[-132.015,56.171],[-132.074,56.116],[-132.143,56.182],[-132.331,56.237],[-132.394,56.483],[-132.175,56.35],[-132.018,56.344],[-131.921,56.204],[-132.002,56.188],[-132.034,56.224],[-132.053,56.233],[-132.061,56.233]]],[[[22.611,60.061],[22.382,60.031],[22.373,60.093],[22.485,60.078],[22.441,60.139],[22.619,60.151],[22.461,60.167],[22.414,60.159],[22.46,60.209],[22.54,60.203],[22.846,60.237],[22.983,60.303],[22.832,60.211],[22.881,60.136],[22.753,60.064],[22.761,60.007],[22.67,60.05],[22.575,60.021],[22.615,60.052],[22.616,60.059],[22.611,60.061]]],[[[156.414,50.637],[156.185,50.681],[156.199,50.768],[156.484,50.87],[156.514,50.765],[156.414,50.637]]],[[[-133.738,56.002],[-133.689,56.075],[-133.641,56.086],[-133.568,56.072],[-133.558,56.084],[-133.537,56.074],[-133.533,56.08],[-133.524,56.074],[-133.504,56.077],[-133.5,56.081],[-133.632,56.108],[-133.622,56.144],[-133.53,56.117],[-133.287,56.148],[-133.392,56.081],[-133.317,56.092],[-133.297,56.012],[-133.491,56.046],[-133.674,55.914],[-133.738,56.002]]],[[[35.926,65.052],[36.024,65.04],[35.728,64.966],[35.508,65.126],[35.658,65.13],[35.762,65.172],[35.84,65.138],[35.825,65.096],[35.84,65.049],[35.85,65.041],[35.864,65.039],[35.856,65.037],[35.814,65.052],[35.812,65.088],[35.799,65.093],[35.767,65.087],[35.769,65.065],[35.751,65.062],[35.743,65.039],[35.88,65.019],[35.926,65.052]]],[[[-145.823,60.552],[-146.281,60.452],[-146.325,60.501],[-145.76,60.615],[-145.823,60.552]]],[[[-136.475,57.938],[-136.573,57.919],[-136.535,57.944],[-136.499,58.106],[-136.342,58.013],[-136.376,57.997],[-136.377,57.93],[-136.459,57.846],[-136.464,57.893],[-136.522,57.902],[-136.475,57.938]]],[[[52.011,47.16],[51.993,47.152],[51.989,47.15],[51.995,47.143],[52.035,47.168],[52.068,47.149],[51.879,47.03],[51.832,47.074],[51.846,47.098],[51.801,47.106],[51.827,47.164],[51.773,47.187],[51.839,47.218],[51.884,47.157],[51.968,47.157],[51.975,47.182],[52.011,47.16]]],[[[56.408,70.572],[56.162,70.631],[56.382,70.623],[56.445,70.633],[56.339,70.659],[56.432,70.666],[56.649,70.564],[56.529,70.586],[56.494,70.572],[56.439,70.57],[56.405,70.569],[56.411,70.565],[56.356,70.572],[56.408,70.572]]],[[[125.883,73.651],[125.914,73.638],[125.754,73.53],[125.89,73.51],[125.857,73.49],[125.798,73.487],[125.664,73.552],[125.826,73.65],[125.883,73.651]]],[[[155.661,50.808],[155.523,50.81],[155.474,50.914],[155.659,50.899],[155.661,50.808]]],[[[49.192,46.398],[49.174,46.407],[49.295,46.4],[49.243,46.465],[49.356,46.389],[49.342,46.373],[49.269,46.289],[49.181,46.398],[49.192,46.398]]],[[[23.303,58.954],[23.144,58.998],[23.188,59.055],[23.388,58.992],[23.303,58.954]]],[[[-153.302,57.847],[-153.531,57.939],[-153.344,57.93],[-153.201,57.807],[-153.326,57.844],[-153.311,57.841],[-153.296,57.843],[-153.302,57.847]]],[[[47.774,43.919],[47.651,43.937],[47.665,44.0],[47.868,43.984],[47.774,43.919]]],[[[51.464,51.302],[51.495,51.263],[51.466,51.252],[51.474,51.211],[51.422,51.212],[51.44,51.183],[51.402,51.2],[51.372,51.169],[51.311,51.214],[51.464,51.302]]]]}}]}