{"type":"FeatureCollection","features":[{"type":"Feature","properties":{"lite":true,"src":"data/years/1909-06-25.geojson"},"geometry":{"type":"MultiPolygon","coordinates":[[[[21.524,61.375],[21.449,61.403],[21.537,61.409],[21.53,61.448],[21.422,61.485],[21.522,61.478],[21.467,61.563],[21.664,61.54],[21.537,61.651],[21.471,61.758],[21.489,61.801],[21.405,61.895],[21.237,61.985],[21.291,62.124],[21.389,62.207],[21.355,62.232],[21.369,62.267],[21.319,62.249],[21.332,62.351],[21.274,62.349],[21.236,62.384],[21.194,62.339],[21.202,62.39],[21.112,62.453],[21.125,62.548],[21.066,62.599],[21.114,62.78],[21.221,62.827],[21.243,62.869],[21.39,62.879],[21.446,62.967],[21.443,63.04],[21.498,63.07],[21.679,63.024],[21.519,63.125],[21.499,63.21],[21.559,63.232],[21.647,63.198],[21.895,63.26],[21.893,63.206],[21.959,63.186],[22.04,63.244],[22.175,63.233],[22.277,63.298],[22.33,63.284],[22.368,63.317],[22.35,63.345],[22.188,63.446],[22.279,63.524],[22.338,63.522],[22.397,63.473],[22.505,63.587],[22.525,63.658],[22.595,63.7],[22.676,63.702],[22.734,63.628],[22.774,63.628],[22.902,63.705],[22.833,63.726],[22.917,63.74],[22.906,63.796],[23.166,63.887],[23.332,63.908],[23.37,63.941],[23.383,64.048],[23.602,64.064],[23.573,64.106],[23.614,64.104],[23.735,64.215],[23.927,64.269],[24.006,64.39],[24.344,64.531],[24.373,64.623],[24.534,64.746],[24.538,64.805],[25.093,64.918],[25.259,64.836],[25.226,64.823],[25.355,64.83],[25.365,64.898],[25.229,64.931],[25.193,64.962],[25.204,64.987],[25.441,64.961],[25.354,65.092],[25.211,65.124],[25.27,65.179],[25.326,65.348],[25.266,65.378],[25.355,65.412],[25.351,65.479],[25.304,65.515],[24.891,65.648],[24.678,65.636],[24.562,65.725],[24.551,65.764],[24.689,65.896],[24.626,65.888],[24.537,65.796],[24.412,65.767],[24.178,65.791],[24.056,65.947],[24.02,66.049],[23.911,66.149],[23.748,66.191],[23.69,66.257],[23.652,66.457],[23.882,66.564],[23.894,66.751],[24.004,66.805],[23.581,67.155],[23.615,67.214],[23.604,67.26],[23.735,67.29],[23.78,67.329],[23.753,67.35],[23.765,67.42],[23.477,67.444],[23.433,67.481],[23.479,67.557],[23.554,67.587],[23.485,67.736],[23.481,67.864],[23.636,67.913],[23.662,67.95],[23.388,68.05],[23.307,68.146],[23.165,68.124],[23.155,68.218],[23.067,68.29],[22.808,68.395],[22.303,68.476],[22.068,68.478],[21.919,68.568],[21.739,68.588],[21.717,68.619],[21.464,68.687],[21.406,68.749],[21.305,68.756],[21.072,68.869],[20.906,68.895],[20.888,68.925],[20.934,68.949],[20.911,68.981],[20.633,69.042],[20.745,69.104],[21.072,69.037],[21.156,69.088],[21.037,69.18],[21.098,69.239],[21.314,69.291],[21.638,69.271],[22.023,69.012],[22.368,68.825],[22.409,68.713],[22.57,68.727],[22.852,68.676],[23.071,68.681],[23.198,68.618],[23.735,68.715],[23.79,68.8],[23.929,68.816],[24.332,68.709],[24.664,68.666],[24.905,68.557],[24.955,68.606],[25.132,68.648],[25.15,68.764],[25.202,68.813],[25.434,68.884],[25.628,68.874],[25.796,68.993],[25.751,69.06],[25.771,69.135],[25.737,69.218],[25.786,69.312],[25.877,69.371],[25.846,69.415],[25.887,69.455],[25.892,69.523],[26.004,69.587],[25.962,69.651],[26.005,69.689],[26.198,69.715],[26.419,69.836],[26.503,69.919],[26.865,69.938],[27.1,69.902],[27.312,69.929],[27.352,69.949],[27.335,69.969],[27.665,70.068],[27.897,70.071],[28.167,69.894],[28.377,69.856],[28.405,69.802],[29.145,69.666],[29.34,69.463],[29.23,69.377],[28.852,69.204],[28.828,69.091],[28.954,69.027],[29.13,69.048],[29.255,69.12],[29.334,69.277],[29.377,69.302],[29.948,69.366],[30.123,69.442],[30.155,69.506],[30.232,69.558],[30.22,69.6],[30.131,69.637],[30.231,69.637],[30.512,69.536],[30.853,69.527],[30.931,69.595],[30.928,69.672],[30.845,69.767],[30.848,69.805],[31.285,69.76],[31.54,69.697],[31.797,69.688],[31.694,69.733],[31.713,69.83],[31.849,69.853],[32.057,69.777],[32.097,69.793],[31.914,69.934],[31.941,69.965],[32.052,69.964],[32.213,69.899],[32.49,69.851],[32.531,69.802],[32.92,69.78],[33.132,69.729],[33.107,69.646],[32.896,69.583],[32.11,69.676],[32.036,69.641],[32.1,69.594],[32.414,69.581],[32.502,69.517],[32.211,69.43],[32.54,69.507],[33.085,69.476],[32.859,69.362],[32.808,69.303],[32.895,69.315],[32.992,69.394],[33.317,69.451],[33.524,69.428],[33.469,69.35],[33.244,69.27],[33.45,69.288],[33.544,69.209],[33.519,69.183],[33.275,69.104],[33.043,69.07],[33.017,69.041],[33.029,68.963],[33.065,69.058],[33.427,69.105],[33.563,69.182],[33.573,69.304],[33.723,69.337],[34.421,69.311],[34.662,69.249],[35.119,69.223],[35.176,69.182],[35.261,69.218],[35.147,69.27],[35.183,69.28],[35.874,69.195],[37.207,68.846],[37.474,68.742],[37.683,68.713],[38.047,68.537],[38.327,68.444],[38.43,68.343],[38.609,68.327],[38.51,68.37],[38.641,68.385],[38.924,68.311],[39.521,68.076],[39.853,68.044],[39.71,68.169],[39.792,68.165],[39.912,68.122],[40.004,68.02],[40.408,67.877],[40.403,67.853],[40.331,67.847],[40.467,67.761],[40.538,67.755],[40.569,67.807],[40.653,67.815],[40.8,67.728],[40.94,67.733],[41.037,67.68],[41.036,67.468],[41.149,67.422],[41.111,67.252],[41.243,67.213],[41.338,67.224],[41.39,67.127],[41.356,67.009],[41.155,66.794],[40.737,66.587],[40.707,66.53],[40.567,66.455],[40.067,66.276],[39.277,66.119],[38.608,66.052],[37.913,66.087],[36.986,66.271],[36.406,66.295],[35.509,66.388],[34.846,66.605],[34.48,66.532],[34.36,66.615],[34.42,66.646],[33.836,66.695],[33.764,66.767],[33.599,66.823],[33.606,66.79],[33.521,66.809],[33.628,66.746],[33.535,66.72],[33.254,66.794],[32.837,66.98],[32.794,67.086],[32.668,67.119],[32.37,67.16],[32.067,67.133],[31.933,67.16],[31.859,67.153],[31.927,67.153],[31.918,67.125],[32.264,67.125],[32.551,66.999],[32.519,66.886],[32.889,66.782],[32.933,66.743],[32.831,66.727],[32.974,66.691],[33.184,66.692],[33.32,66.643],[33.304,66.622],[33.122,66.647],[33.067,66.595],[32.87,66.595],[32.893,66.58],[33.084,66.581],[33.261,66.618],[33.424,66.592],[33.519,66.536],[33.199,66.564],[32.959,66.53],[33.047,66.506],[33.23,66.533],[33.466,66.468],[33.603,66.5],[33.735,66.426],[33.562,66.392],[33.675,66.357],[33.629,66.344],[33.322,66.32],[33.6,66.33],[33.885,66.26],[34.109,66.249],[34.545,66.097],[34.851,65.901],[34.965,65.721],[34.89,65.705],[34.689,65.802],[34.689,65.728],[34.753,65.712],[34.711,65.689],[34.777,65.6],[34.683,65.455],[34.504,65.45],[34.511,65.412],[34.429,65.422],[34.381,65.383],[34.476,65.352],[34.48,65.281],[34.618,65.254],[34.679,65.202],[34.682,65.114],[34.765,65.107],[34.754,65.055],[34.809,65.041],[34.775,64.969],[34.942,64.858],[34.944,64.769],[35.009,64.743],[34.949,64.725],[34.957,64.656],[34.933,64.64],[34.973,64.611],[34.788,64.548],[35.009,64.494],[34.965,64.456],[35.161,64.38],[35.306,64.372],[35.33,64.326],[35.538,64.355],[35.582,64.411],[35.811,64.342],[35.981,64.198],[36.109,64.231],[36.274,64.146],[36.265,64.024],[36.292,64.01],[36.857,63.911],[36.935,63.932],[37.004,63.9],[37.193,63.891],[37.279,63.822],[37.389,63.803],[37.538,63.822],[37.653,63.923],[37.828,63.908],[37.965,63.943],[38.074,64.017],[38.046,64.148],[37.906,64.237],[37.979,64.317],[37.802,64.374],[37.801,64.42],[37.688,64.423],[37.629,64.377],[37.34,64.341],[37.124,64.394],[36.744,64.681],[36.56,64.719],[36.444,64.939],[36.65,64.922],[36.809,64.983],[36.867,65.076],[36.821,65.145],[36.86,65.179],[37.043,65.207],[37.692,65.056],[37.734,65.033],[37.744,64.969],[38.004,64.87],[38.404,64.854],[38.368,64.809],[38.383,64.781],[38.039,64.76],[38.122,64.695],[38.048,64.646],[38.159,64.671],[38.19,64.724],[38.487,64.761],[38.418,64.804],[38.446,64.818],[38.521,64.786],[38.931,64.744],[39.546,64.563],[39.736,64.555],[39.916,64.61],[39.786,64.597],[39.811,64.66],[39.85,64.676],[40.064,64.622],[40.18,64.559],[40.517,64.541],[40.516,64.594],[40.413,64.724],[40.451,64.789],[40.376,64.924],[40.28,65.012],[40.103,65.081],[39.718,65.379],[39.704,65.462],[39.751,65.553],[39.828,65.607],[40.472,65.813],[40.71,65.972],[41.435,66.095],[41.847,66.291],[42.16,66.527],[42.642,66.453],[42.67,66.396],[43.301,66.426],[43.348,66.382],[43.653,66.285],[43.692,66.237],[43.294,66.091],[43.353,66.041],[43.451,66.037],[43.515,65.976],[43.517,66.037],[43.382,66.072],[43.479,66.131],[43.835,66.186],[44.044,66.082],[44.04,65.994],[44.174,65.875],[44.124,65.991],[44.147,66.052],[44.076,66.2],[44.166,66.375],[44.303,66.408],[44.859,66.231],[45.741,66.063],[45.833,66.083],[46.348,66.023],[47.11,65.816],[47.408,65.831],[47.662,65.803],[47.764,65.84],[47.737,65.912],[47.757,65.937],[48.14,66.122],[49.007,66.114],[51.512,66.778],[51.554,66.797],[51.491,66.83],[51.525,66.923],[51.812,66.949],[51.849,66.997],[52.159,67.081],[53.772,66.994],[59.879,66.997],[59.869,66.963],[59.919,66.949],[60.082,66.985],[61.661,67.011],[61.854,67.122],[62.823,67.383],[62.877,67.577],[63.107,67.67],[63.422,67.763],[63.691,67.757],[63.711,67.805],[63.873,67.831],[63.952,67.895],[63.919,67.964],[63.839,68.025],[64.326,68.129],[64.351,68.173],[64.417,68.196],[64.532,68.196],[64.501,68.315],[64.559,68.354],[64.761,68.401],[65.006,68.384],[65.445,68.424],[65.269,68.232],[65.324,68.091],[65.286,68.01],[65.436,67.915],[65.781,67.919],[65.91,67.955],[66.084,67.926],[66.015,67.796],[66.193,67.736],[66.2,67.695],[66.106,67.652],[66.0,67.683],[65.85,67.659],[65.819,67.631],[65.839,67.604],[65.791,67.568],[66.034,67.57],[66.1,67.506],[66.085,67.471],[65.937,67.398],[65.7,67.393],[65.673,67.368],[65.701,67.339],[65.662,67.317],[65.188,67.149],[65.207,67.078],[65.073,67.043],[65.102,66.996],[65.097,66.897],[64.575,66.803],[64.533,66.734],[64.411,66.728],[64.296,66.668],[63.98,66.656],[63.807,66.552],[63.542,66.476],[63.413,66.485],[63.237,66.33],[63.292,66.244],[63.104,66.255],[63.009,66.199],[62.957,66.118],[62.858,66.078],[62.817,66.011],[62.87,65.977],[62.798,65.932],[62.844,65.877],[62.522,65.844],[62.014,65.72],[62.274,65.619],[62.322,65.537],[62.402,65.511],[62.369,65.447],[62.479,65.345],[62.81,65.289],[62.797,65.053],[62.673,64.891],[62.806,64.833],[62.815,64.806],[62.781,64.785],[62.799,64.736],[62.59,64.645],[62.533,64.551],[62.687,64.489],[62.899,64.472],[63.235,64.519],[63.455,64.454],[63.497,64.377],[63.41,64.325],[63.611,64.263],[63.889,64.279],[64.016,64.352],[64.478,64.355],[64.603,64.432],[64.761,64.422],[64.995,64.461],[65.177,64.441],[65.4,64.566],[65.884,64.564],[66.02,64.59],[66.465,64.507],[66.682,64.552],[66.932,64.482],[66.884,64.383],[66.792,64.328],[66.816,64.221],[67.161,64.159],[67.163,64.121],[67.252,64.112],[67.279,64.076],[67.677,64.074],[67.798,64.027],[67.929,64.111],[68.18,64.171],[68.427,64.291],[68.884,64.218],[68.894,64.266],[68.995,64.33],[68.874,64.433],[69.015,64.467],[69.229,64.465],[69.389,64.384],[69.732,64.389],[69.824,64.336],[69.999,64.311],[70.303,64.339],[70.471,64.247],[70.67,64.232],[70.765,64.189],[70.77,64.117],[70.554,63.999],[70.641,63.893],[70.817,63.811],[70.911,63.688],[71.385,63.67],[71.546,63.587],[71.607,63.18],[71.805,63.214],[71.989,63.197],[72.16,63.294],[72.656,63.275],[72.911,63.389],[73.101,63.431],[73.279,63.313],[73.366,63.202],[74.241,63.167],[74.507,63.038],[74.915,63.027],[75.363,63.103],[75.7,63.086],[75.804,63.109],[76.235,63.015],[76.297,62.945],[76.689,63.034],[76.823,62.987],[77.022,62.971],[77.155,62.787],[77.326,62.706],[77.885,62.553],[78.015,62.456],[78.379,62.563],[78.793,62.61],[79.821,62.599],[79.907,62.699],[79.92,62.789],[80.555,62.996],[80.592,63.079],[81.108,63.11],[81.171,62.969],[81.315,62.882],[81.337,62.821],[81.596,62.769],[81.633,62.73],[81.783,62.684],[82.164,62.804],[82.316,62.765],[82.746,62.749],[82.755,62.666],[83.006,62.591],[83.032,62.525],[83.282,62.456],[83.799,62.555],[83.939,62.48],[84.017,62.392],[84.24,62.368],[84.286,62.272],[84.39,62.236],[84.444,62.171],[84.487,62.097],[84.516,61.925],[84.684,61.801],[85.096,61.747],[85.277,61.669],[85.403,61.682],[85.491,61.613],[85.712,61.568],[85.844,61.588],[85.956,61.541],[85.962,61.455],[86.129,61.374],[86.211,61.374],[86.327,61.452],[86.507,61.406],[86.523,61.349],[86.603,61.311],[86.775,61.317],[86.976,61.36],[86.989,61.411],[86.95,61.447],[87.003,61.46],[87.254,61.377],[87.245,61.354],[87.467,61.34],[87.474,61.266],[87.564,61.209],[87.692,61.267],[87.713,61.296],[87.676,61.329],[87.778,61.362],[87.963,61.315],[88.182,61.346],[88.953,60.746],[89.867,60.807],[90.946,60.746],[91.965,60.751],[92.138,60.829],[92.135,60.89],[92.234,60.951],[92.226,60.98],[92.409,60.968],[92.474,60.997],[92.401,61.111],[92.468,61.195],[92.559,61.191],[92.757,61.087],[92.902,61.068],[92.891,61.095],[92.939,61.13],[92.892,61.146],[92.876,61.195],[92.632,61.304],[92.83,61.359],[92.93,61.332],[93.012,61.363],[93.15,61.321],[93.156,61.244],[93.343,61.1],[93.472,61.082],[93.568,61.104],[93.732,61.038],[93.918,61.058],[94.029,60.96],[94.251,61.12],[94.382,61.118],[94.545,61.174],[94.722,61.158],[95.113,61.089],[95.359,60.922],[95.402,60.815],[95.326,60.744],[95.48,60.706],[95.234,60.563],[95.227,60.499],[95.289,60.451],[95.267,60.423],[95.113,60.416],[95.022,60.37],[94.929,60.237],[95.011,60.196],[94.977,60.113],[95.081,60.049],[95.007,60.007],[95.02,59.966],[95.062,59.89],[95.173,59.802],[95.136,59.755],[95.241,59.637],[95.498,59.637],[95.593,59.575],[95.726,59.554],[95.783,59.606],[95.88,59.627],[95.954,59.628],[96.052,59.556],[96.239,59.626],[96.326,59.549],[96.29,59.505],[96.352,59.471],[96.452,59.473],[96.554,59.539],[96.784,59.549],[97.121,59.5],[97.224,59.535],[97.237,59.577],[97.204,59.615],[97.361,59.66],[97.457,59.73],[97.696,59.679],[98.052,59.723],[98.129,59.768],[98.337,59.723],[98.446,59.784],[98.606,59.762],[98.878,59.826],[98.935,59.767],[99.001,59.772],[99.102,59.841],[99.116,59.906],[99.409,60.029],[99.412,60.078],[99.649,60.116],[100.066,59.994],[100.097,59.959],[100.072,59.895],[100.315,59.841],[100.429,59.859],[100.553,59.788],[100.866,59.783],[101.025,59.714],[101.448,59.683],[101.471,59.725],[101.73,59.74],[101.79,59.712],[101.785,59.684],[102.016,59.637],[102.107,59.589],[102.443,59.647],[102.485,59.628],[102.456,59.614],[102.454,59.524],[102.525,59.498],[102.527,59.471],[102.639,59.449],[102.483,59.392],[102.517,59.26],[102.436,59.214],[102.484,59.181],[102.616,59.206],[102.82,59.187],[102.899,59.269],[103.014,59.312],[103.136,59.254],[103.212,59.251],[103.235,59.285],[103.332,59.268],[103.342,59.243],[103.21,59.232],[103.235,59.17],[103.309,59.131],[103.391,59.025],[103.555,58.994],[103.623,58.918],[103.896,58.917],[103.976,58.867],[103.944,58.835],[103.951,58.774],[103.884,58.754],[103.889,58.732],[103.97,58.723],[104.04,58.783],[104.19,58.771],[104.252,58.711],[104.377,58.722],[104.343,58.67],[104.466,58.604],[104.814,58.672],[104.899,58.748],[104.766,58.812],[104.792,58.861],[105.135,59.055],[105.277,59.063],[105.373,59.116],[105.314,59.161],[105.343,59.197],[105.307,59.249],[105.19,59.301],[105.241,59.445],[105.149,59.49],[104.976,59.473],[104.858,59.558],[104.886,59.608],[104.811,59.63],[104.813,59.673],[104.782,59.692],[104.888,59.76],[105.026,59.773],[105.019,59.83],[105.071,59.869],[105.372,59.834],[105.43,59.853],[105.466,59.826],[105.52,59.844],[105.437,59.902],[105.429,59.947],[105.51,60.0],[105.433,60.149],[105.512,60.23],[105.344,60.304],[105.231,60.28],[104.902,60.305],[104.854,60.352],[104.669,60.411],[104.649,60.522],[104.585,60.544],[104.575,60.591],[104.514,60.626],[104.614,60.726],[104.582,60.773],[104.491,60.808],[104.486,60.843],[104.638,60.903],[104.586,60.946],[104.648,61.036],[104.63,61.074],[104.697,61.083],[104.856,61.186],[105.049,61.175],[104.953,61.32],[104.826,61.354],[105.011,61.407],[105.283,61.419],[105.284,61.466],[105.379,61.54],[105.587,61.586],[105.669,61.65],[105.814,61.625],[105.896,61.681],[105.982,61.686],[105.904,61.842],[106.276,62.019],[106.399,62.039],[106.417,62.099],[106.393,62.139],[106.454,62.196],[106.47,62.261],[106.381,62.283],[106.487,62.337],[106.445,62.393],[106.548,62.392],[106.633,62.46],[106.759,62.493],[106.689,62.564],[106.8,62.627],[106.479,62.702],[106.516,62.728],[106.516,62.794],[106.453,62.818],[106.438,62.868],[106.205,62.928],[106.193,62.973],[106.153,62.982],[106.175,63.008],[106.127,63.076],[106.4,63.122],[106.398,63.182],[106.443,63.218],[106.356,63.256],[106.422,63.352],[106.622,63.312],[106.741,63.395],[106.503,63.536],[106.524,63.563],[106.602,63.558],[106.593,63.598],[106.66,63.622],[106.694,63.661],[106.611,63.722],[106.795,63.87],[106.73,63.911],[106.733,63.939],[106.629,63.974],[106.631,64.005],[106.675,64.037],[106.97,63.966],[107.043,63.922],[107.197,63.977],[107.303,63.973],[107.371,63.931],[107.339,63.904],[107.416,63.889],[107.454,63.917],[107.585,63.897],[107.632,63.93],[107.632,63.975],[107.761,64.015],[108.206,63.999],[108.315,64.006],[108.394,64.048],[108.248,64.255],[108.086,64.252],[108.049,64.192],[107.978,64.187],[107.642,64.316],[107.353,64.269],[107.274,64.303],[107.258,64.35],[107.105,64.359],[106.917,64.443],[106.739,64.429],[106.656,64.533],[106.58,64.548],[106.547,64.526],[106.576,64.481],[106.552,64.465],[106.137,64.421],[106.09,64.44],[106.137,64.489],[106.026,64.545],[105.906,64.495],[105.77,64.491],[105.79,64.553],[105.716,64.592],[105.756,64.642],[105.703,64.682],[105.782,64.663],[105.881,64.684],[105.823,64.765],[105.868,64.83],[105.991,64.827],[105.937,64.903],[106.032,64.913],[106.027,64.88],[106.058,64.865],[106.212,64.87],[105.96,65.038],[106.111,65.065],[106.194,65.128],[106.312,65.14],[106.41,65.222],[106.528,65.215],[106.436,65.251],[106.448,65.314],[106.616,65.39],[106.819,65.373],[106.973,65.506],[106.71,65.545],[106.705,65.607],[106.436,65.674],[106.464,65.733],[106.439,65.771],[106.495,65.797],[106.47,65.824],[106.498,65.883],[106.469,65.922],[106.522,66.004],[106.34,66.158],[106.202,66.154],[106.118,66.197],[106.141,66.249],[106.12,66.371],[106.337,66.473],[106.317,66.532],[106.245,66.57],[106.222,66.65],[106.26,66.686],[106.152,66.732],[106.216,66.802],[106.014,66.794],[106.097,66.857],[106.087,66.898],[105.86,66.916],[105.857,66.949],[105.697,66.931],[105.552,66.986],[105.558,67.016],[105.949,67.036],[106.067,67.112],[106.08,67.164],[106.342,67.196],[106.439,67.261],[106.543,67.286],[106.711,67.253],[106.827,67.333],[106.926,68.254],[106.911,68.859],[106.156,69.413],[106.344,69.472],[106.36,69.51],[106.479,69.575],[106.598,69.563],[106.63,69.523],[106.853,69.518],[107.61,69.656],[107.954,69.664],[108.023,69.695],[108.018,69.746],[108.052,69.784],[108.119,69.782],[108.248,69.849],[108.897,69.838],[108.944,69.766],[109.297,69.769],[109.341,69.817],[109.39,69.822],[109.411,69.96],[109.532,69.989],[109.551,70.028],[109.362,70.081],[109.368,70.132],[109.311,70.149],[109.311,70.203],[109.578,70.248],[109.622,70.285],[109.584,70.353],[109.64,70.367],[110.011,70.408],[110.317,70.405],[110.313,70.437],[110.123,70.479],[110.092,70.528],[110.158,70.542],[110.117,70.587],[110.15,70.607],[110.14,70.634],[110.452,70.701],[110.511,70.721],[110.519,70.762],[110.621,70.782],[110.845,70.778],[111.055,70.84],[111.374,70.857],[111.481,70.924],[111.94,70.97],[112.055,71.052],[112.247,70.995],[112.355,71.066],[112.6,71.101],[112.519,71.168],[112.668,71.191],[112.728,71.256],[112.605,71.299],[112.474,71.281],[112.222,71.383],[112.007,71.407],[112.004,72.128],[111.719,72.169],[111.693,72.226],[111.601,72.217],[111.673,72.259],[111.576,72.329],[111.327,72.321],[111.062,72.372],[111.047,72.393],[111.079,72.415],[111.042,72.437],[111.289,72.481],[111.313,72.513],[111.18,72.563],[110.92,72.578],[110.89,72.605],[110.912,72.636],[110.728,72.681],[110.67,72.785],[110.751,72.811],[110.65,72.882],[110.912,72.936],[110.703,72.986],[110.857,73.044],[110.792,73.098],[110.854,73.164],[110.385,73.157],[110.371,73.197],[110.585,73.236],[110.631,73.27],[110.545,73.338],[110.211,73.383],[110.561,73.402],[110.681,73.438],[110.694,73.484],[110.818,73.508],[110.886,73.56],[111.011,73.553],[111.296,73.612],[111.201,73.631],[111.188,73.668],[110.91,73.703],[110.88,73.732],[111.057,73.819],[111.211,73.812],[111.336,73.852],[111.804,73.744],[112.393,73.709],[112.822,73.747],[112.951,73.797],[112.932,73.864],[112.824,73.958],[112.828,73.997],[113.113,73.892],[113.395,73.686],[113.43,73.612],[113.408,73.579],[113.263,73.551],[113.135,73.448],[113.272,73.375],[113.495,73.335],[113.521,73.103],[113.456,72.996],[113.487,72.964],[113.298,72.884],[113.535,72.971],[113.52,73.02],[113.561,73.077],[113.53,73.212],[113.565,73.255],[113.726,73.321],[114.028,73.344],[113.768,73.354],[113.527,73.439],[113.467,73.505],[113.845,73.537],[114.112,73.6],[114.854,73.609],[115.413,73.71],[116.603,73.675],[117.444,73.589],[118.45,73.589],[118.791,73.556],[118.998,73.491],[118.912,73.455],[118.688,73.442],[118.469,73.479],[118.347,73.405],[118.428,73.375],[118.373,73.34],[118.353,73.282],[118.462,73.209],[118.933,73.118],[119.531,73.059],[119.593,73.003],[119.684,72.995],[119.722,72.959],[120.467,72.881],[120.555,72.882],[119.879,72.946],[119.757,72.998],[119.787,73.018],[120.655,72.977],[121.055,72.932],[121.388,72.976],[121.794,72.977],[121.964,72.964],[121.925,72.929],[122.053,72.892],[122.424,72.875],[122.623,72.828],[122.716,72.827],[122.304,72.934],[122.36,72.95],[122.872,72.873],[122.953,72.892],[122.432,72.977],[122.465,73.019],[122.613,73.031],[122.856,72.999],[122.89,72.959],[123.215,72.928],[123.317,72.976],[123.311,73.025],[123.381,73.164],[123.547,73.197],[123.521,73.172],[123.659,73.169],[123.609,73.183],[123.666,73.203],[123.533,73.213],[123.225,73.4],[123.24,73.548],[123.372,73.618],[123.375,73.664],[123.569,73.716],[123.629,73.697],[123.575,73.676],[123.636,73.605],[123.976,73.628],[123.909,73.669],[123.877,73.773],[123.986,73.759],[124.054,73.72],[123.999,73.692],[124.06,73.685],[124.384,73.806],[124.611,73.737],[124.693,73.742],[124.726,73.708],[124.84,73.722],[124.93,73.667],[124.98,73.676],[124.987,73.628],[125.048,73.647],[125.048,73.683],[125.137,73.704],[125.17,73.65],[125.212,73.649],[125.175,73.57],[125.2,73.551],[125.287,73.539],[125.365,73.583],[125.652,73.525],[125.522,73.455],[125.563,73.409],[125.628,73.429],[125.604,73.45],[125.822,73.488],[125.92,73.54],[125.97,73.534],[125.973,73.502],[126.289,73.557],[126.405,73.512],[126.386,73.462],[126.33,73.431],[126.199,73.454],[126.187,73.433],[126.255,73.403],[126.16,73.382],[126.422,73.409],[126.55,73.346],[126.587,73.297],[126.565,73.234],[126.607,73.27],[126.616,73.34],[126.563,73.381],[126.628,73.38],[126.727,73.444],[126.829,73.389],[126.838,73.438],[126.89,73.437],[126.919,73.484],[126.83,73.519],[126.858,73.533],[127.051,73.549],[127.451,73.491],[127.988,73.471],[128.077,73.406],[128.083,73.358],[128.365,73.354],[128.258,73.268],[128.66,73.261],[128.967,73.18],[128.781,73.073],[129.099,73.128],[129.442,73.029],[129.479,72.983],[129.36,72.94],[128.897,72.979],[128.315,72.911],[128.214,72.862],[128.228,72.82],[128.129,72.786],[128.535,72.785],[129.358,72.703],[129.214,72.656],[128.635,72.701],[127.92,72.66],[128.181,72.571],[128.611,72.483],[129.259,72.464],[129.262,72.414],[129.499,72.335],[129.338,72.298],[129.358,72.263],[129.564,72.231],[129.249,72.135],[129.489,72.134],[129.389,72.098],[128.823,72.073],[128.5,72.151],[128.543,72.17],[128.451,72.187],[128.444,72.222],[128.197,72.235],[127.804,72.365],[127.864,72.332],[127.747,72.326],[128.249,72.205],[128.451,72.093],[128.453,72.024],[128.625,71.961],[128.664,71.863],[128.924,71.74],[129.183,71.809],[129.024,72.006],[129.063,72.011],[129.287,71.883],[129.31,71.804],[129.521,71.725],[129.275,71.749],[128.929,71.708],[128.824,71.666],[128.875,71.597],[129.165,71.605],[129.248,71.55],[129.423,71.324],[129.71,71.219],[129.759,71.147],[129.744,71.121],[130.078,71.084],[130.219,70.995],[130.176,70.967],[130.466,70.927],[130.514,70.881],[130.671,70.874],[130.724,70.962],[130.772,70.977],[130.89,70.845],[130.895,70.761],[131.042,70.739],[131.226,70.75],[131.546,70.887],[131.854,71.21],[132.176,71.218],[131.947,71.254],[131.946,71.286],[132.263,71.681],[132.537,71.888],[132.717,71.946],[133.027,71.965],[132.929,71.912],[132.796,71.911],[132.775,71.88],[132.806,71.834],[132.721,71.812],[132.715,71.777],[132.984,71.72],[133.152,71.579],[133.67,71.435],[134.126,71.375],[134.489,71.377],[134.696,71.415],[134.81,71.482],[135.032,71.539],[135.41,71.531],[135.341,71.566],[135.621,71.623],[135.986,71.635],[136.496,71.568],[136.564,71.501],[136.772,71.524],[136.919,71.454],[137.492,71.347],[137.449,71.31],[137.485,71.298],[137.422,71.279],[137.56,71.241],[137.705,71.285],[137.671,71.251],[137.739,71.251],[137.694,71.222],[137.709,71.181],[137.813,71.12],[137.911,71.149],[137.977,71.119],[138.068,71.136],[138.011,71.183],[137.842,71.182],[137.852,71.2],[137.739,71.229],[137.829,71.256],[138.067,71.225],[138.216,71.259],[137.986,71.294],[138.233,71.324],[137.992,71.335],[137.826,71.387],[138.009,71.471],[138.033,71.556],[138.102,71.582],[138.5,71.613],[138.403,71.575],[138.438,71.539],[138.577,71.552],[138.589,71.588],[138.555,71.607],[138.757,71.643],[139.042,71.57],[139.089,71.49],[139.158,71.449],[139.117,71.429],[139.192,71.415],[139.346,71.422],[139.446,71.496],[139.738,71.465],[139.932,71.485],[139.926,71.549],[139.733,71.669],[139.691,71.784],[139.738,71.837],[139.645,71.911],[139.336,71.95],[139.635,71.955],[139.712,72.001],[139.716,72.083],[139.871,72.177],[140.068,72.148],[140.195,72.168],[140.216,72.183],[140.194,72.206],[139.561,72.232],[139.433,72.183],[139.556,72.175],[139.533,72.164],[139.376,72.163],[139.324,72.128],[139.153,72.177],[139.092,72.245],[139.167,72.328],[139.327,72.421],[139.543,72.498],[140.577,72.496],[141.024,72.586],[140.933,72.601],[141.011,72.668],[141.001,72.701],[140.668,72.802],[140.582,72.869],[140.596,72.893],[141.273,72.866],[141.551,72.774],[142.095,72.714],[143.487,72.7],[145.41,72.556],[146.854,72.354],[146.745,72.329],[145.371,72.346],[145.174,72.415],[145.091,72.401],[144.968,72.435],[144.723,72.379],[144.523,72.226],[144.287,72.295],[144.144,72.263],[144.415,72.175],[144.599,72.175],[144.75,72.233],[145.068,72.264],[146.929,72.313],[146.497,72.067],[145.967,71.847],[145.936,71.863],[145.995,72.03],[146.107,72.039],[146.339,72.126],[146.205,72.174],[146.052,72.154],[146.062,72.12],[145.983,72.066],[145.939,72.094],[145.938,72.156],[145.848,72.166],[145.902,72.203],[145.691,72.253],[145.622,72.243],[145.749,72.205],[145.621,72.08],[145.674,72.033],[145.791,72.027],[145.817,71.964],[145.79,71.92],[145.345,71.866],[144.967,71.966],[144.974,71.914],[145.216,71.843],[145.193,71.812],[145.049,71.774],[144.888,71.771],[144.921,71.693],[145.251,71.687],[145.312,71.661],[145.569,71.741],[145.823,71.747],[146.157,71.821],[146.37,71.913],[146.62,72.075],[147.195,72.33],[148.267,72.319],[148.965,72.251],[149.723,72.121],[150.042,71.942],[150.074,71.895],[149.981,71.832],[149.668,71.762],[149.369,71.904],[149.127,71.766],[148.841,71.803],[149.039,71.758],[148.993,71.698],[148.832,71.675],[149.026,71.67],[149.103,71.703],[149.772,71.648],[149.952,71.669],[150.102,71.595],[150.015,71.57],[150.004,71.598],[149.951,71.59],[149.965,71.531],[149.876,71.5],[149.869,71.463],[150.277,71.521],[150.632,71.515],[150.67,71.488],[150.522,71.345],[150.202,71.275],[150.047,71.21],[150.409,71.285],[150.656,71.39],[150.739,71.394],[150.66,71.357],[150.608,71.28],[150.827,71.367],[150.99,71.392],[151.463,71.341],[151.611,71.304],[152.136,71.015],[151.996,70.97],[151.681,70.976],[151.971,70.945],[152.211,70.881],[152.609,70.833],[153.075,70.841],[153.348,70.882],[153.698,70.866],[154.238,70.965],[155.937,71.099],[157.986,71.048],[159.239,70.829],[159.691,70.671],[159.842,70.582],[160.034,70.411],[160.093,70.312],[160.095,70.245],[159.957,70.136],[159.795,70.137],[159.797,70.106],[159.915,70.099],[159.847,70.029],[159.862,69.993],[159.697,69.915],[159.689,69.891],[159.763,69.839],[159.73,69.839],[160.113,69.725],[160.915,69.646],[161.002,69.583],[160.923,69.46],[161.023,69.294],[161.042,69.171],[160.969,69.114],[161.059,69.07],[161.289,69.044],[161.415,68.978],[161.217,68.785],[161.207,68.69],[161.068,68.565],[160.762,68.561],[160.821,68.527],[161.134,68.561],[161.275,68.677],[161.322,68.793],[161.574,68.921],[161.566,69.014],[161.399,69.221],[161.415,69.331],[161.439,69.381],[161.6,69.428],[161.703,69.496],[162.024,69.551],[162.028,69.582],[162.207,69.656],[162.314,69.661],[162.333,69.699],[162.769,69.654],[163.165,69.721],[163.585,69.684],[164.028,69.774],[164.237,69.683],[164.609,69.595],[165.675,69.596],[166.075,69.523],[166.628,69.534],[166.752,69.496],[166.894,69.496],[167.672,69.772],[167.803,69.775],[168.083,69.709],[167.994,69.688],[167.994,69.628],[168.253,69.545],[168.194,69.382],[168.288,69.243],[168.734,69.208],[169.362,69.082],[169.42,69.023],[169.454,68.845],[169.625,68.777],[170.351,68.828],[170.612,68.756],[170.551,68.792],[170.551,68.824],[170.457,68.832],[170.448,68.86],[170.634,68.918],[170.722,68.825],[170.691,68.941],[170.912,69.002],[170.963,69.051],[171.032,69.042],[170.962,69.156],[170.894,69.18],[170.928,69.229],[170.908,69.306],[170.751,69.391],[170.732,69.457],[170.609,69.58],[170.51,69.602],[170.18,69.585],[170.122,69.614],[170.284,69.729],[170.567,69.778],[170.556,69.893],[170.522,69.931],[170.558,70.079],[170.404,70.115],[170.481,70.142],[171.987,69.995],[172.726,69.981],[172.861,69.903],[173.236,69.819],[173.178,69.794],[173.198,69.783],[173.41,69.796],[173.476,69.833],[173.295,69.906],[173.173,69.883],[173.169,69.91],[173.458,69.952],[173.742,69.867],[173.789,69.884],[173.933,69.847],[174.07,69.887],[175.163,69.848],[175.723,69.904],[176.125,69.894],[176.275,69.808],[176.237,69.793],[176.505,69.754],[176.734,69.675],[177.359,69.617],[178.187,69.449],[178.369,69.476],[178.768,69.408],[179.043,69.327],[178.939,69.32],[178.743,69.372],[178.679,69.359],[178.652,69.309],[178.715,69.279],[178.88,69.296],[179.298,69.262],[179.926,68.997],[179.55,69.106],[179.719,69.003],[180.0,68.974],[179.998,65.067],[179.796,65.022],[179.459,64.813],[179.162,64.788],[178.758,64.641],[178.523,64.588],[178.486,64.611],[178.708,64.645],[178.749,64.683],[178.218,64.658],[178.273,64.669],[177.608,64.72],[177.501,64.814],[177.404,64.831],[177.487,64.85],[177.442,64.916],[177.258,64.933],[177.167,65.025],[176.916,65.082],[176.591,65.025],[176.438,65.074],[176.318,65.049],[176.546,65.001],[176.958,65.046],[177.221,64.914],[177.298,64.824],[177.043,64.77],[176.927,64.799],[176.876,64.844],[176.626,64.868],[176.454,64.806],[176.418,64.844],[176.06,64.948],[175.771,64.795],[175.592,64.789],[175.712,64.775],[175.841,64.81],[175.925,64.848],[175.988,64.904],[176.082,64.919],[176.21,64.873],[176.418,64.713],[176.368,64.674],[176.149,64.63],[176.11,64.544],[176.21,64.62],[176.369,64.634],[176.457,64.692],[176.584,64.673],[176.743,64.571],[176.985,64.711],[177.338,64.781],[177.492,64.768],[177.453,64.649],[177.362,64.547],[177.427,64.442],[177.67,64.305],[178.0,64.21],[178.179,64.206],[178.075,64.254],[178.283,64.354],[178.218,64.427],[178.567,64.053],[178.484,64.071],[178.398,64.032],[178.383,64.001],[178.436,63.987],[178.383,63.973],[178.657,63.949],[178.643,64.001],[178.763,63.643],[178.759,63.623],[178.609,63.675],[178.589,63.671],[178.649,63.629],[178.733,63.608],[178.64,63.588],[178.531,63.644],[178.501,63.597],[178.354,63.626],[178.266,63.571],[178.372,63.522],[178.504,63.579],[178.706,63.572],[178.723,63.476],[178.596,63.411],[178.699,63.386],[178.808,63.442],[178.747,63.544],[178.774,63.594],[178.829,63.479],[179.006,63.321],[178.856,63.399],[178.808,63.383],[178.809,63.35],[178.915,63.326],[178.931,63.294],[179.231,63.24],[179.388,63.16],[179.412,63.061],[179.315,63.059],[179.242,63.006],[179.316,62.906],[179.539,62.85],[179.608,62.707],[179.563,62.626],[179.417,62.567],[179.356,62.506],[179.129,62.479],[179.113,62.448],[179.148,62.418],[179.15,62.338],[179.075,62.287],[178.961,62.357],[178.028,62.544],[177.307,62.582],[177.266,62.616],[177.322,62.747],[177.452,62.81],[177.329,62.801],[177.256,62.739],[177.26,62.71],[177.195,62.703],[177.142,62.719],[177.151,62.778],[177.113,62.813],[176.981,62.865],[176.998,62.794],[177.038,62.765],[176.928,62.673],[177.05,62.584],[177.264,62.579],[176.71,62.499],[176.685,62.511],[176.718,62.531],[176.681,62.538],[176.595,62.482],[176.642,62.472],[176.282,62.313],[175.754,62.215],[175.306,62.075],[175.393,62.12],[175.318,62.101],[175.17,62.015],[174.765,61.917],[174.732,61.953],[174.605,61.978],[174.726,61.894],[174.595,61.83],[174.155,61.801],[174.193,61.817],[174.079,61.841],[174.021,61.797],[174.107,61.78],[173.805,61.65],[173.813,61.677],[173.777,61.697],[173.542,61.744],[173.496,61.658],[173.49,61.562],[173.349,61.552],[173.294,61.515],[173.277,61.453],[173.162,61.404],[173.065,61.391],[172.888,61.47],[172.719,61.429],[172.901,61.371],[172.949,61.3],[172.846,61.277],[172.681,61.329],[172.767,61.266],[172.646,61.191],[172.344,61.213],[172.434,61.15],[172.358,61.127],[172.373,61.1],[172.49,61.081],[172.455,61.042],[172.244,61.013],[172.027,61.09],[172.164,61.026],[172.201,60.966],[172.114,60.938],[172.026,60.85],[171.992,60.877],[172.002,60.922],[171.957,60.947],[171.948,60.848],[171.61,60.802],[171.626,60.741],[171.413,60.69],[171.458,60.718],[171.407,60.714],[171.365,60.632],[171.271,60.593],[170.857,60.506],[170.783,60.444],[170.642,60.418],[170.618,60.394],[170.658,60.326],[170.53,60.285],[170.473,60.23],[170.401,59.967],[170.245,59.911],[170.107,59.976],[170.076,60.033],[169.932,60.069],[169.746,60.278],[169.7,60.409],[169.265,60.55],[169.248,60.567],[169.364,60.566],[169.265,60.619],[169.208,60.62],[169.151,60.561],[168.65,60.553],[168.479,60.595],[168.169,60.578],[167.05,60.324],[166.341,59.866],[166.139,59.816],[166.101,59.832],[166.102,59.915],[166.178,60.131],[166.259,60.257],[166.233,60.396],[166.344,60.417],[166.38,60.471],[166.349,60.486],[166.007,60.435],[165.927,60.379],[165.98,60.376],[166.041,60.423],[166.081,60.437],[166.212,60.457],[166.053,60.424],[165.967,60.365],[165.233,60.096],[165.0,60.127],[165.024,60.072],[165.13,60.083],[165.201,59.992],[165.0,59.84],[164.826,59.782],[164.702,59.976],[164.469,60.111],[164.32,60.087],[164.369,60.025],[164.14,59.933],[164.155,59.859],[164.051,59.877],[164.046,59.93],[164.107,59.972],[164.044,60.03],[163.64,60.046],[163.623,60.025],[163.683,59.974],[163.794,59.991],[163.698,59.897],[163.51,59.899],[163.364,59.826],[163.389,59.63],[163.328,59.585],[163.18,59.558],[163.21,59.56],[163.171,59.506],[163.322,59.409],[163.313,59.29],[163.263,59.239],[163.234,59.245],[163.258,59.296],[163.169,59.296],[163.083,59.268],[163.067,59.234],[163.075,59.193],[163.218,59.15],[163.258,59.076],[163.162,59.034],[163.174,59.071],[163.012,59.157],[162.882,59.128],[163.075,59.01],[163.069,58.969],[162.76,58.89],[162.736,58.864],[162.785,58.867],[162.788,58.832],[162.405,58.655],[162.17,58.406],[161.993,58.088],[162.026,57.929],[162.082,57.882],[162.214,57.822],[162.457,57.782],[162.441,57.742],[162.347,57.691],[162.39,57.696],[162.477,57.762],[162.465,57.866],[162.505,57.917],[162.69,57.969],[162.996,57.85],[163.208,57.84],[163.33,57.709],[163.242,57.67],[163.241,57.595],[163.164,57.562],[163.076,57.463],[162.833,57.383],[162.776,57.255],[162.787,57.15],[162.858,57.051],[162.79,56.922],[162.79,56.795],[162.915,56.709],[163.071,56.746],[163.239,56.733],[163.281,56.688],[163.239,56.624],[163.275,56.563],[163.247,56.531],[163.353,56.323],[163.366,56.181],[163.107,56.087],[163.045,56.006],[162.823,56.056],[162.635,56.221],[162.557,56.229],[162.628,56.242],[162.752,56.346],[163.074,56.477],[163.091,56.518],[163.02,56.538],[162.911,56.427],[162.683,56.484],[162.627,56.439],[162.482,56.424],[162.414,56.384],[162.583,56.267],[162.156,56.132],[162.057,56.069],[162.04,56.045],[162.077,56.022],[161.764,55.555],[161.748,55.376],[161.813,55.179],[161.875,55.079],[162.15,54.864],[162.124,54.757],[161.8,54.576],[161.736,54.507],[161.311,54.49],[161.238,54.513],[161.204,54.572],[161.114,54.591],[160.732,54.53],[160.026,54.153],[159.902,53.982],[159.844,53.793],[159.864,53.695],[159.818,53.66],[159.902,53.608],[159.873,53.666],[159.929,53.647],[159.969,53.57],[159.961,53.498],[159.918,53.473],[159.798,53.521],[159.858,53.475],[159.876,53.4],[159.933,53.391],[159.921,53.35],[159.972,53.329],[159.953,53.299],[159.978,53.268],[160.017,53.265],[160.059,53.097],[159.632,53.257],[159.489,53.232],[159.39,53.159],[159.256,53.153],[159.016,53.081],[158.727,52.891],[158.584,53.063],[158.438,53.025],[158.436,52.92],[158.522,52.907],[158.483,52.94],[158.507,52.947],[158.625,52.931],[158.646,52.902],[158.631,52.845],[158.561,52.79],[158.6,52.701],[158.549,52.625],[158.424,52.651],[158.436,52.601],[158.521,52.568],[158.571,52.392],[158.528,52.277],[158.429,52.266],[158.387,52.207],[158.416,52.167],[158.319,52.13],[158.329,52.073],[158.286,52.034],[158.276,51.94],[157.915,51.633],[157.76,51.545],[157.537,51.486],[157.473,51.411],[157.474,51.361],[157.365,51.338],[157.261,51.234],[157.046,51.124],[156.675,50.866],[156.663,50.911],[156.746,50.994],[156.745,51.078],[156.707,51.092],[156.718,51.156],[156.674,51.229],[156.556,51.271],[156.521,51.315],[156.473,51.513],[156.486,51.955],[156.429,52.202],[156.282,52.523],[156.358,52.501],[156.379,52.45],[156.441,52.516],[156.263,52.566],[156.102,52.853],[156.077,53.13],[155.931,53.838],[155.699,54.511],[155.544,55.304],[155.646,55.914],[155.944,56.656],[156.124,56.831],[156.166,56.836],[156.065,56.724],[156.207,56.855],[156.45,56.955],[156.552,57.108],[156.649,57.079],[156.695,57.109],[156.981,57.421],[156.98,57.529],[156.933,57.644],[156.84,57.728],[156.749,57.73],[156.983,57.857],[157.051,57.805],[157.241,57.771],[157.456,57.8],[157.538,57.856],[157.653,58.004],[157.64,58.025],[157.947,57.983],[158.235,58.021],[158.245,58.051],[158.657,58.271],[159.024,58.415],[159.399,58.676],[159.498,58.715],[159.723,58.879],[159.753,58.954],[159.729,59.009],[159.804,59.097],[160.212,59.331],[160.336,59.361],[160.444,59.456],[160.497,59.551],[160.847,59.618],[161.254,59.857],[161.467,60.047],[161.837,60.187],[161.929,60.268],[161.921,60.313],[161.875,60.318],[161.917,60.422],[162.208,60.538],[162.39,60.559],[162.503,60.621],[162.626,60.611],[162.754,60.647],[162.898,60.771],[163.11,60.778],[163.194,60.821],[163.37,60.816],[163.643,60.875],[163.729,60.937],[163.487,61.002],[163.513,61.049],[163.638,61.147],[163.854,61.213],[164.016,61.336],[163.949,61.435],[163.838,61.448],[163.777,61.416],[163.75,61.453],[163.847,61.633],[164.011,61.687],[164.066,61.773],[164.045,61.842],[164.072,61.865],[164.064,62.102],[164.123,62.278],[164.613,62.474],[165.092,62.421],[165.225,62.382],[165.297,62.323],[165.255,62.383],[165.094,62.456],[165.341,62.479],[165.626,62.445],[165.354,62.487],[165.111,62.485],[164.767,62.558],[164.598,62.673],[164.447,62.689],[164.055,62.656],[163.91,62.585],[163.626,62.589],[163.267,62.522],[163.265,62.463],[163.175,62.437],[163.235,62.418],[163.229,62.397],[163.34,62.38],[163.369,62.332],[163.231,62.311],[163.224,62.275],[163.097,62.23],[163.108,62.154],[163.15,62.113],[163.131,62.068],[163.193,62.067],[163.026,61.921],[163.059,61.901],[162.977,61.799],[163.343,61.706],[163.323,61.658],[163.112,61.616],[163.076,61.585],[163.112,61.548],[163.018,61.517],[162.907,61.582],[162.909,61.609],[162.86,61.603],[162.935,61.639],[162.932,61.667],[162.839,61.708],[162.643,61.666],[162.775,61.594],[162.411,61.673],[161.987,61.374],[161.906,61.365],[161.888,61.336],[161.809,61.346],[161.796,61.313],[161.692,61.286],[161.568,61.185],[161.471,61.196],[161.412,61.152],[161.443,61.12],[160.915,60.9],[160.79,60.72],[160.687,60.76],[160.633,60.716],[160.559,60.741],[160.469,60.699],[160.41,60.706],[160.443,60.743],[160.414,60.742],[160.373,60.72],[160.357,60.659],[160.186,60.578],[160.14,60.589],[160.134,60.655],[160.223,60.734],[160.225,60.785],[160.166,60.827],[160.391,61.026],[160.202,61.038],[159.885,60.941],[159.899,60.916],[159.798,60.931],[159.799,60.979],[159.903,61.037],[159.947,61.136],[159.913,61.252],[159.776,61.242],[160.079,61.452],[160.035,61.459],[160.138,61.502],[160.297,61.684],[160.259,61.69],[160.366,61.766],[160.346,61.945],[160.039,61.846],[159.881,61.706],[159.72,61.714],[159.578,61.653],[159.495,61.681],[159.429,61.784],[159.354,61.82],[159.395,61.839],[159.364,61.89],[159.118,61.917],[158.905,61.896],[158.838,61.821],[158.548,61.83],[158.487,61.79],[158.305,61.823],[158.08,61.734],[157.537,61.792],[157.393,61.746],[157.361,61.685],[157.03,61.651],[156.92,61.55],[156.799,61.516],[156.69,61.525],[156.634,61.422],[156.654,61.197],[156.547,61.209],[156.374,61.149],[155.949,60.925],[155.973,60.905],[155.917,60.859],[155.914,60.704],[155.841,60.729],[155.727,60.656],[155.571,60.626],[155.492,60.582],[155.48,60.534],[155.362,60.528],[155.136,60.411],[154.952,60.367],[154.536,60.053],[154.475,59.881],[154.231,59.876],[154.229,59.73],[154.337,59.605],[154.283,59.631],[154.193,59.593],[154.149,59.538],[154.091,59.531],[154.075,59.509],[154.138,59.457],[154.292,59.444],[154.398,59.534],[154.38,59.47],[154.425,59.423],[154.501,59.433],[154.431,59.486],[154.437,59.548],[154.645,59.542],[154.813,59.47],[154.964,59.496],[155.21,59.344],[155.216,59.305],[155.177,59.308],[155.162,59.278],[155.194,59.236],[155.15,59.222],[155.194,59.176],[154.828,59.189],[154.793,59.175],[154.793,59.135],[154.735,59.128],[154.438,59.216],[154.333,59.192],[154.358,59.111],[154.022,59.046],[153.913,59.079],[153.797,59.173],[153.369,59.241],[153.35,59.157],[153.29,59.131],[153.349,59.134],[153.337,59.091],[153.007,59.061],[152.943,59.007],[152.901,58.906],[152.729,58.911],[152.357,59.023],[152.166,58.984],[152.154,58.925],[152.021,58.875],[151.717,58.849],[151.453,58.865],[151.353,58.833],[151.309,58.839],[151.273,58.921],[151.214,58.946],[151.077,59.106],[151.182,59.094],[151.437,59.17],[152.045,59.153],[152.284,59.22],[152.142,59.292],[151.982,59.265],[151.749,59.296],[151.606,59.473],[151.386,59.571],[150.907,59.559],[150.94,59.46],[150.779,59.433],[150.681,59.452],[150.705,59.492],[150.462,59.491],[150.727,59.557],[150.524,59.554],[150.417,59.621],[149.758,59.741],[149.373,59.76],[149.35,59.744],[149.379,59.725],[149.037,59.633],[149.1,59.597],[149.081,59.56],[149.201,59.524],[149.209,59.47],[149.11,59.492],[148.976,59.453],[148.902,59.463],[148.842,59.499],[148.876,59.541],[148.855,59.551],[148.743,59.472],[148.736,59.368],[148.864,59.404],[148.989,59.375],[148.934,59.235],[148.828,59.275],[148.783,59.237],[148.686,59.266],[148.59,59.242],[148.416,59.262],[148.378,59.382],[148.22,59.409],[147.845,59.377],[147.789,59.344],[147.844,59.3],[147.825,59.27],[147.708,59.265],[147.606,59.299],[147.563,59.29],[147.544,59.24],[147.489,59.24],[147.289,59.326],[147.197,59.313],[147.044,59.363],[146.745,59.374],[146.512,59.461],[146.325,59.391],[146.321,59.293],[146.363,59.213],[146.323,59.181],[146.108,59.172],[146.048,59.139],[145.954,59.153],[145.801,59.26],[145.911,59.35],[145.912,59.407],[145.815,59.404],[145.804,59.368],[145.666,59.425],[145.0,59.37],[143.922,59.413],[143.494,59.319],[143.211,59.377],[142.302,59.137],[141.949,58.945],[141.837,58.811],[141.585,58.619],[141.25,58.477],[141.105,58.459],[140.902,58.375],[140.667,58.191],[140.519,57.933],[140.498,57.825],[140.305,57.749],[140.01,57.696],[139.838,57.509],[139.597,57.444],[139.563,57.379],[139.419,57.298],[139.179,57.264],[138.912,57.028],[138.624,56.96],[138.562,56.827],[138.577,56.783],[138.544,56.794],[138.55,56.859],[138.478,56.846],[138.396,56.732],[138.29,56.692],[138.263,56.62],[138.126,56.579],[138.16,56.479],[138.246,56.464],[138.222,56.426],[138.119,56.441],[137.917,56.345],[137.834,56.227],[137.769,56.203],[137.72,56.135],[137.563,56.107],[137.422,56.02],[137.39,55.948],[137.339,55.966],[137.084,55.844],[137.049,55.794],[136.967,55.79],[136.773,55.661],[136.43,55.565],[136.161,55.318],[135.869,55.174],[135.469,55.057],[135.184,54.859],[135.173,54.821],[135.262,54.72],[135.653,54.666],[135.75,54.571],[136.206,54.621],[136.535,54.596],[136.662,54.683],[136.681,54.615],[136.822,54.646],[136.883,54.591],[136.809,54.512],[136.842,54.488],[136.818,54.474],[136.837,54.435],[136.748,54.428],[136.754,54.364],[136.821,54.316],[136.759,54.298],[136.807,54.25],[136.766,54.218],[136.813,54.157],[136.78,54.064],[136.689,54.006],[136.659,53.935],[136.684,53.809],[136.775,53.773],[136.898,53.847],[137.017,53.852],[137.108,53.808],[137.186,53.851],[137.283,54.038],[137.157,54.044],[137.061,54.146],[137.394,54.308],[137.643,54.297],[137.734,54.321],[137.504,54.137],[137.481,54.087],[137.429,54.146],[137.319,54.122],[137.294,54.077],[137.599,53.954],[137.863,53.968],[137.783,53.898],[137.608,53.833],[137.561,53.725],[137.488,53.666],[137.337,53.661],[137.214,53.585],[137.335,53.529],[137.918,53.587],[138.284,53.738],[138.367,53.91],[138.576,53.997],[138.572,53.816],[138.361,53.668],[138.346,53.608],[138.243,53.558],[138.249,53.52],[138.473,53.526],[138.656,53.732],[138.697,53.819],[138.684,53.877],[138.772,54.015],[138.767,54.105],[138.665,54.077],[138.744,54.234],[138.661,54.303],[138.74,54.316],[139.302,54.191],[139.702,54.298],[139.796,54.294],[139.816,54.215],[139.918,54.2],[140.002,54.123],[140.239,54.057],[140.257,53.989],[140.329,53.966],[140.257,53.868],[140.357,53.79],[140.522,53.726],[140.581,53.639],[141.098,53.475],[140.95,53.489],[140.931,53.436],[140.995,53.448],[141.229,53.316],[141.413,53.297],[141.431,53.148],[141.359,53.073],[141.236,53.078],[141.191,53.041],[141.262,53.036],[141.203,52.988],[141.126,52.985],[140.841,53.12],[140.714,53.116],[140.936,53.03],[140.984,52.93],[141.186,52.851],[141.261,52.852],[141.223,52.809],[141.315,52.656],[141.222,52.51],[141.128,52.461],[141.128,52.423],[141.186,52.351],[141.402,52.226],[141.545,52.218],[141.555,52.161],[141.494,52.172],[141.355,52.106],[141.306,52.015],[141.419,51.953],[141.423,51.924],[141.204,51.826],[141.112,51.68],[140.908,51.612],[140.901,51.493],[140.8,51.454],[140.819,51.417],[140.892,51.428],[140.867,51.362],[140.69,51.317],[140.712,51.26],[140.68,51.239],[140.676,51.173],[140.707,51.028],[140.677,50.947],[140.53,50.862],[140.541,50.803],[140.463,50.699],[140.515,50.617],[140.442,50.53],[140.514,50.447],[140.544,50.347],[140.532,50.136],[140.598,50.077],[140.681,50.102],[140.69,50.082],[140.486,49.978],[140.415,49.873],[140.458,49.806],[140.536,49.775],[140.56,49.575],[140.445,49.373],[140.435,49.297],[140.344,49.276],[140.39,49.273],[140.345,49.224],[140.35,49.198],[140.377,49.206],[140.358,49.103],[140.396,48.988],[140.348,48.906],[140.254,48.848],[140.213,48.764],[140.175,48.45],[139.269,47.795],[138.971,47.32],[138.896,47.308],[138.558,47.023],[138.5,46.867],[138.41,46.782],[138.358,46.674],[138.345,46.55],[138.2,46.447],[138.064,46.182],[137.775,45.934],[137.67,45.794],[137.387,45.615],[137.143,45.374],[136.858,45.213],[136.759,45.087],[136.582,44.958],[136.443,44.785],[136.374,44.788],[136.313,44.732],[136.329,44.709],[136.242,44.661],[136.229,44.572],[136.166,44.497],[135.892,44.402],[135.802,44.265],[135.653,44.162],[135.629,44.04],[135.537,43.996],[135.512,43.922],[135.462,43.945],[135.481,43.878],[135.519,43.888],[135.468,43.804],[135.361,43.716],[135.274,43.688],[135.141,43.51],[134.35,43.119],[134.194,43.08],[133.925,42.882],[133.732,42.846],[133.717,42.82],[133.57,42.819],[133.216,42.728],[133.156,42.683],[133.037,42.684],[132.996,42.723],[133.039,42.771],[132.995,42.819],[132.916,42.818],[132.844,42.741],[132.757,42.832],[132.772,42.87],[132.576,42.841],[132.512,42.871],[132.505,42.91],[132.423,42.929],[132.314,42.846],[132.288,42.882],[132.291,43.086],[132.321,43.094],[132.329,43.17],[132.368,43.21],[132.308,43.241],[132.35,43.293],[132.302,43.317],[132.231,43.232],[131.947,43.064],[131.845,43.083],[131.909,43.195],[131.995,43.238],[132.051,43.313],[131.968,43.271],[131.957,43.306],[131.811,43.326],[131.762,43.278],[131.735,43.202],[131.76,43.184],[131.718,43.184],[131.563,43.031],[131.562,42.997],[131.525,43.005],[131.472,42.872],[131.356,42.777],[131.278,42.764],[131.259,42.676],[131.219,42.649],[131.219,42.557],[131.168,42.575],[131.114,42.663],[130.892,42.6],[130.815,42.634],[130.945,42.634],[130.819,42.656],[130.805,42.688],[130.714,42.686],[130.677,42.652],[130.871,42.527],[130.703,42.297],[130.533,42.526],[130.585,42.569],[130.572,42.622],[130.504,42.678],[130.382,42.698],[130.585,42.817],[130.735,42.825],[130.794,42.869],[130.992,42.849],[131.022,42.895],[131.103,42.91],[131.076,43.002],[131.184,43.121],[131.181,43.167],[131.264,43.27],[131.31,43.389],[131.301,43.457],[131.191,43.541],[131.231,43.974],[131.245,44.021],[131.298,44.052],[131.096,44.691],[130.958,44.839],[131.098,44.919],[131.177,44.903],[131.337,44.968],[131.469,44.974],[131.646,45.108],[131.698,45.207],[131.851,45.337],[131.969,45.234],[132.931,45.021],[133.117,45.124],[133.102,45.288],[133.155,45.457],[133.193,45.504],[133.413,45.573],[133.477,45.628],[133.481,45.759],[133.511,45.779],[133.477,45.819],[133.503,45.859],[133.525,45.884],[133.58,45.871],[133.66,45.935],[133.745,46.155],[133.902,46.254],[133.934,46.391],[133.847,46.475],[133.908,46.577],[134.019,46.667],[134.039,46.86],[134.114,47.056],[134.227,47.118],[134.155,47.256],[134.182,47.322],[134.313,47.42],[134.486,47.43],[134.555,47.469],[134.773,47.711],[134.658,47.887],[134.59,47.922],[134.561,48.005],[134.683,48.136],[134.717,48.266],[134.415,48.391],[133.738,48.251],[133.596,48.174],[133.525,48.096],[133.224,48.126],[133.092,48.107],[132.771,47.938],[132.675,47.951],[132.668,47.881],[132.576,47.794],[132.574,47.74],[132.523,47.711],[132.341,47.742],[131.916,47.67],[131.703,47.696],[131.62,47.664],[131.535,47.719],[131.419,47.743],[131.096,47.676],[130.965,47.704],[130.907,47.884],[130.675,48.064],[130.678,48.138],[130.831,48.294],[130.739,48.428],[130.759,48.486],[130.66,48.485],[130.614,48.518],[130.608,48.577],[130.531,48.615],[130.674,48.871],[130.535,48.854],[130.44,48.896],[130.251,48.865],[130.202,48.883],[129.916,49.038],[129.921,49.082],[129.844,49.121],[129.842,49.167],[129.743,49.195],[129.711,49.274],[129.552,49.291],[129.528,49.385],[129.481,49.421],[129.185,49.388],[129.114,49.349],[128.998,49.441],[128.872,49.481],[128.797,49.572],[128.672,49.611],[128.198,49.539],[128.068,49.547],[127.968,49.603],[127.855,49.585],[127.702,49.663],[127.644,49.767],[127.537,49.791],[127.507,49.844],[127.534,49.922],[127.487,50.025],[127.57,50.13],[127.591,50.209],[127.332,50.327],[127.359,50.415],[127.294,50.464],[127.367,50.578],[127.289,50.675],[127.287,50.751],[126.932,51.065],[126.905,51.204],[126.972,51.324],[126.899,51.316],[126.869,51.252],[126.814,51.282],[126.82,51.326],[126.89,51.35],[126.909,51.391],[126.797,51.424],[126.83,51.508],[126.752,51.553],[126.726,51.709],[126.609,51.788],[126.442,51.992],[126.51,52.037],[126.556,52.131],[126.317,52.2],[126.329,52.235],[126.439,52.275],[126.35,52.303],[126.351,52.377],[126.276,52.463],[126.203,52.468],[126.212,52.533],[126.083,52.593],[126.028,52.566],[125.991,52.586],[125.979,52.645],[126.069,52.68],[126.045,52.72],[126.104,52.754],[126.088,52.775],[125.975,52.767],[125.837,52.907],[125.654,52.883],[125.734,52.982],[125.621,53.062],[125.488,53.069],[125.127,53.207],[124.919,53.194],[124.836,53.133],[124.652,53.209],[124.409,53.236],[124.253,53.375],[124.121,53.353],[123.971,53.455],[123.614,53.563],[123.55,53.541],[123.495,53.56],[123.454,53.527],[123.253,53.568],[123.154,53.513],[122.859,53.474],[122.401,53.452],[122.317,53.496],[122.082,53.43],[121.889,53.431],[121.641,53.385],[121.512,53.33],[121.341,53.324],[121.204,53.277],[120.846,53.273],[120.279,52.865],[120.033,52.761],[120.034,52.626],[120.079,52.59],[120.454,52.639],[120.718,52.544],[120.626,52.347],[120.755,52.24],[120.777,52.117],[120.697,52.049],[120.711,51.988],[120.648,51.912],[120.493,51.876],[120.17,51.673],[120.1,51.66],[120.052,51.552],[119.977,51.487],[119.953,51.398],[119.895,51.384],[119.914,51.332],[119.82,51.275],[119.811,51.217],[119.762,51.215],[119.782,51.172],[119.741,51.073],[119.518,50.905],[119.5,50.742],[119.294,50.599],[119.244,50.446],[119.138,50.393],[119.175,50.356],[119.358,50.337],[119.324,50.102],[119.189,50.007],[118.644,49.955],[117.871,49.513],[117.757,49.513],[117.473,49.614],[117.254,49.622],[117.057,49.673],[116.721,49.803],[116.577,49.926],[116.219,50.019],[116.052,50.003],[115.717,49.883],[115.39,49.896],[115.211,49.977],[115.0,50.149],[114.756,50.241],[114.472,50.239],[114.286,50.282],[113.971,50.165],[113.847,50.085],[113.751,50.083],[113.456,49.962],[113.179,49.806],[113.083,49.69],[113.055,49.6],[112.777,49.506],[112.473,49.539],[112.03,49.417],[111.66,49.401],[111.476,49.348],[111.337,49.37],[110.841,49.167],[110.688,49.14],[110.372,49.247],[110.181,49.167],[109.729,49.271],[109.516,49.261],[109.453,49.311],[109.287,49.344],[108.541,49.332],[108.34,49.439],[108.239,49.537],[108.106,49.56],[108.019,49.607],[108.019,49.66],[107.937,49.675],[107.961,49.745],[107.949,49.938],[107.193,50.011],[107.062,50.077],[106.976,50.201],[106.658,50.332],[106.226,50.297],[106.06,50.338],[105.986,50.405],[105.278,50.478],[105.106,50.395],[104.901,50.395],[104.608,50.319],[104.404,50.305],[104.122,50.153],[103.785,50.191],[103.664,50.136],[103.439,50.198],[103.279,50.202],[103.203,50.302],[102.928,50.308],[102.621,50.404],[102.515,50.508],[102.33,50.55],[102.285,50.596],[102.28,50.646],[102.334,50.72],[102.22,50.805],[102.235,50.98],[102.151,51.102],[102.14,51.232],[102.198,51.305],[102.186,51.328],[102.053,51.388],[101.725,51.455],[101.527,51.481],[101.353,51.455],[101.243,51.52],[101.118,51.533],[100.512,51.732],[99.921,51.754],[99.711,51.885],[99.324,51.939],[99.235,51.999],[99.0,52.062],[98.946,52.128],[98.935,52.196],[98.817,52.199],[98.802,52.279],[98.714,52.298],[98.652,52.266],[98.682,52.37],[98.641,52.418],[98.718,52.454],[98.733,52.5],[98.809,52.51],[98.831,52.542],[98.808,52.605],[98.938,52.663],[98.942,52.8],[98.871,52.799],[98.857,52.833],[98.93,52.913],[99.224,52.859],[99.253,52.958],[98.991,53.042],[99.069,53.1],[98.939,53.154],[98.861,53.13],[98.687,53.16],[98.599,53.109],[98.308,53.108],[98.291,53.228],[98.032,53.258],[97.978,53.295],[97.959,53.363],[97.611,53.377],[97.589,53.442],[97.451,53.467],[97.336,53.599],[97.129,53.618],[96.885,53.733],[96.807,53.73],[96.709,53.693],[96.652,53.558],[96.563,53.539],[96.443,53.519],[96.367,53.563],[96.375,53.604],[96.295,53.589],[96.301,53.616],[96.251,53.621],[96.184,53.521],[96.111,53.494],[96.092,53.456],[95.756,53.525],[95.395,53.377],[95.306,53.4],[95.293,53.449],[95.246,53.462],[95.051,53.382],[94.976,53.41],[94.739,53.388],[94.592,53.32],[94.588,53.288],[94.672,53.276],[94.693,53.239],[94.6,53.179],[94.597,53.047],[94.507,52.914],[94.304,52.909],[94.146,52.846],[94.134,52.763],[94.067,52.671],[93.98,52.637],[93.978,52.582],[93.761,52.443],[93.76,52.368],[93.683,52.298],[93.668,52.224],[93.358,52.134],[93.228,52.042],[93.131,52.017],[93.071,51.949],[92.899,51.9],[92.854,51.839],[92.672,51.845],[92.506,51.787],[92.209,51.811],[92.104,51.788],[91.947,51.809],[91.885,51.861],[91.628,51.872],[91.558,51.905],[91.238,51.888],[91.101,51.948],[90.856,51.913],[90.739,52.073],[90.564,52.125],[90.493,52.187],[90.349,52.197],[90.137,52.143],[90.114,52.047],[90.023,51.985],[90.096,51.759],[90.035,51.741],[89.963,51.766],[89.725,51.586],[89.581,51.558],[89.42,51.61],[89.258,51.554],[89.221,51.573],[89.238,51.646],[89.206,51.663],[88.731,51.56],[88.962,51.424],[88.941,51.226],[89.037,51.17],[89.056,51.052],[89.194,50.965],[89.075,50.867],[89.324,50.663],[89.421,50.54],[89.734,50.424],[89.622,50.39],[89.61,50.432],[89.511,50.474],[89.509,50.373],[89.392,50.329],[89.332,50.215],[89.398,50.181],[89.504,50.198],[89.517,50.121],[89.579,50.094],[89.545,50.038],[89.599,49.994],[89.58,49.933],[89.62,49.904],[89.622,49.786],[89.699,49.725],[89.44,49.648],[89.371,49.588],[89.215,49.639],[89.173,49.599],[89.194,49.527],[89.014,49.466],[88.889,49.547],[88.854,49.529],[88.853,49.442],[88.69,49.457],[88.616,49.498],[88.198,49.459],[88.111,49.358],[88.138,49.273],[87.955,49.174],[87.705,49.163],[87.5,49.119],[87.447,49.078],[87.116,49.13],[86.838,49.094],[86.709,48.954],[86.788,48.84],[86.739,48.784],[86.751,48.715],[86.564,48.527],[86.308,48.483],[86.192,48.418],[85.784,48.408],[85.719,48.359],[85.586,48.141],[85.515,47.92],[85.595,47.624],[85.585,47.493],[85.671,47.383],[85.679,47.275],[85.658,47.206],[85.557,47.179],[85.497,47.052],[85.226,47.042],[84.919,46.852],[84.74,46.815],[84.716,46.835],[84.752,46.918],[84.664,46.984],[84.266,47.0],[84.069,46.965],[83.905,46.974],[83.525,47.067],[83.15,47.212],[83.021,47.206],[82.986,46.943],[82.839,46.732],[82.675,46.332],[82.568,46.197],[82.489,45.901],[82.372,45.734],[82.292,45.533],[82.362,45.481],[82.513,45.466],[82.631,45.416],[82.614,45.248],[82.539,45.124],[82.474,45.116],[82.247,45.232],[81.948,45.145],[81.796,45.196],[81.739,45.338],[81.665,45.348],[81.542,45.293],[80.856,45.127],[80.697,45.144],[80.445,45.104],[80.39,45.046],[80.103,45.032],[79.858,44.904],[79.843,44.873],[79.869,44.849],[79.992,44.794],[80.244,44.816],[80.493,44.727],[80.49,44.701],[80.356,44.653],[80.38,44.608],[80.33,44.453],[80.373,44.232],[80.339,44.121],[80.404,44.049],[80.712,43.46],[80.643,43.326],[80.748,43.276],[80.793,43.15],[80.732,43.101],[80.618,43.134],[80.368,43.028],[80.374,42.975],[80.542,42.917],[80.549,42.88],[80.248,42.816],[80.144,42.645],[80.268,42.239],[80.21,42.19],[80.257,42.083],[80.232,42.035],[79.868,42.01],[79.748,41.88],[79.611,41.868],[79.392,41.773],[79.282,41.783],[78.658,41.533],[78.618,41.478],[78.36,41.378],[78.35,41.271],[78.076,41.041],[77.831,41.063],[77.503,40.981],[77.008,41.044],[76.861,41.013],[76.767,40.945],[76.762,40.847],[76.648,40.765],[76.61,40.598],[76.556,40.566],[76.476,40.436],[76.318,40.345],[76.244,40.441],[76.154,40.369],[76.052,40.39],[75.902,40.299],[75.682,40.292],[75.64,40.371],[75.667,40.45],[75.56,40.633],[75.196,40.442],[75.138,40.464],[75.005,40.447],[74.835,40.512],[74.787,40.421],[74.858,40.326],[74.706,40.331],[74.341,40.096],[74.17,40.107],[74.004,40.061],[73.832,39.824],[73.82,39.767],[73.893,39.711],[73.926,39.591],[73.837,39.475],[73.633,39.448],[73.644,39.35],[73.602,39.236],[73.709,39.066],[73.826,38.976],[73.813,38.936],[73.717,38.919],[73.681,38.873],[73.736,38.8],[73.736,38.722],[73.797,38.603],[73.933,38.53],[74.046,38.53],[74.039,38.597],[74.126,38.669],[74.314,38.669],[74.761,38.52],[74.832,38.464],[74.838,38.38],[74.771,38.292],[74.791,38.082],[74.881,38.02],[74.913,37.878],[74.886,37.831],[74.965,37.768],[74.882,37.634],[74.915,37.571],[75.154,37.406],[75.092,37.378],[75.068,37.312],[74.891,37.232],[74.789,37.331],[74.66,37.394],[74.52,37.376],[74.316,37.427],[74.301,37.4],[74.224,37.403],[74.186,37.338],[73.711,37.217],[73.598,37.26],[73.739,37.338],[73.753,37.428],[73.485,37.481],[73.296,37.465],[73.132,37.384],[73.068,37.316],[72.791,37.22],[72.657,37.029],[72.26,36.967],[71.836,36.699],[71.653,36.687],[71.554,36.768],[71.431,37.069],[71.494,37.307],[71.53,37.762],[71.59,37.816],[71.598,37.898],[71.537,37.944],[71.342,37.895],[71.259,37.929],[71.364,38.207],[71.334,38.281],[71.049,38.41],[70.987,38.471],[70.951,38.473],[70.936,38.434],[70.761,38.444],[70.6,38.347],[70.583,38.277],[70.547,38.263],[70.469,38.12],[70.254,37.973],[70.252,37.937],[70.172,37.946],[70.165,37.89],[70.247,37.819],[70.283,37.705],[70.247,37.625],[70.159,37.543],[70.009,37.549],[69.919,37.617],[69.803,37.582],[69.509,37.579],[69.378,37.438],[69.41,37.246],[69.442,37.224],[69.39,37.164],[69.264,37.105],[69.126,37.168],[68.985,37.32],[68.888,37.338],[68.913,37.281],[68.836,37.329],[68.81,37.312],[68.816,37.254],[68.669,37.278],[68.625,37.206],[68.404,37.152],[68.394,37.106],[68.288,37.103],[68.278,37.012],[68.186,37.018],[68.021,36.927],[67.878,37.064],[67.775,37.109],[67.781,37.189],[67.747,37.229],[67.633,37.254],[67.56,37.222],[67.503,37.282],[67.257,37.186],[67.124,37.283],[67.097,37.341],[67.006,37.384],[66.296,37.331],[66.143,37.385],[66.08,37.441],[65.855,37.508],[65.761,37.578],[65.742,37.531],[65.659,37.51],[65.621,37.431],[65.624,37.345],[65.536,37.257],[65.063,37.233],[64.779,37.118],[64.756,37.054],[64.778,36.937],[64.605,36.661],[64.595,36.425],[64.477,36.271],[64.304,36.212],[64.267,36.153],[64.123,36.146],[64.045,36.092],[64.04,36.002],[63.89,36.03],[63.765,35.977],[63.582,35.959],[63.43,35.871],[63.104,35.856],[63.084,35.826],[63.112,35.77],[63.213,35.696],[63.077,35.625],[63.1,35.525],[63.079,35.436],[62.918,35.388],[62.623,35.223],[62.536,35.228],[62.432,35.281],[62.289,35.143],[62.234,35.294],[62.008,35.439],[61.603,35.431],[61.392,35.555],[61.352,35.628],[61.271,35.62],[61.246,35.649],[61.247,35.876],[61.206,35.94],[61.137,35.972],[61.225,36.124],[61.147,36.357],[61.188,36.565],[61.166,36.636],[60.342,36.638],[60.019,37.026],[59.653,37.15],[59.602,37.126],[59.556,37.198],[59.465,37.208],[59.469,37.241],[59.37,37.321],[59.356,37.481],[59.312,37.53],[59.21,37.517],[59.035,37.625],[58.801,37.695],[58.781,37.661],[58.682,37.643],[58.53,37.7],[58.478,37.643],[58.36,37.633],[58.21,37.677],[58.157,37.788],[57.798,37.868],[57.691,37.92],[57.495,37.923],[57.355,37.967],[57.328,37.995],[57.344,38.081],[57.186,38.276],[57.039,38.188],[56.73,38.271],[56.586,38.235],[56.436,38.255],[56.303,38.179],[56.315,38.089],[56.215,38.069],[55.963,38.067],[55.739,38.119],[55.447,38.084],[55.13,37.952],[54.857,37.761],[54.787,37.652],[54.809,37.602],[54.788,37.525],[54.654,37.439],[54.533,37.441],[54.208,37.325],[53.914,37.345],[53.806,37.865],[53.807,38.033],[53.867,38.33],[53.827,38.526],[53.853,38.661],[53.981,38.911],[53.863,39.032],[53.766,39.03],[53.643,39.121],[53.604,39.238],[53.568,39.215],[53.578,39.319],[53.539,39.333],[53.389,39.311],[53.243,39.358],[53.159,39.345],[53.198,39.324],[53.163,39.178],[53.086,39.402],[53.274,39.663],[53.314,39.659],[53.248,39.608],[53.217,39.525],[53.427,39.536],[53.492,39.481],[53.568,39.468],[53.574,39.523],[53.615,39.495],[53.732,39.515],[53.629,39.571],[53.655,39.582],[53.639,39.611],[53.515,39.655],[53.451,39.632],[53.41,39.664],[53.413,39.757],[53.388,39.77],[53.485,39.885],[53.537,39.896],[53.573,39.964],[53.428,40.004],[53.28,39.94],[52.935,39.99],[52.929,39.905],[53.054,39.769],[53.039,39.742],[53.009,39.759],[52.739,40.05],[52.735,40.203],[52.691,40.274],[52.739,40.498],[52.863,40.659],[52.828,40.716],[52.898,40.895],[52.917,41.085],[52.962,41.059],[53.04,40.886],[53.122,40.872],[53.065,40.844],[53.107,40.774],[53.182,40.768],[53.266,40.817],[53.245,40.775],[53.331,40.776],[53.373,40.834],[53.399,40.763],[53.483,40.737],[53.555,40.773],[53.556,40.838],[53.606,40.893],[53.657,40.864],[53.653,40.781],[53.721,40.695],[53.719,40.629],[53.863,40.626],[53.936,40.671],[54.088,40.682],[54.054,40.715],[54.173,40.73],[54.226,40.727],[54.219,40.693],[54.26,40.676],[54.373,40.685],[54.417,40.711],[54.318,40.724],[54.249,40.887],[54.332,40.927],[54.47,40.862],[54.478,40.81],[54.648,40.85],[54.76,40.964],[54.678,41.065],[54.743,41.049],[54.732,41.098],[54.074,41.476],[54.019,41.607],[53.992,41.798],[53.899,41.902],[53.898,42.069],[53.811,42.122],[53.666,42.142],[53.283,42.072],[53.15,42.095],[52.939,41.957],[52.821,41.697],[52.917,41.668],[52.821,41.401],[52.91,41.121],[52.874,41.052],[52.761,41.374],[52.561,41.517],[52.592,41.639],[52.434,41.757],[52.491,41.902],[52.403,42.092],[52.435,42.177],[52.594,42.335],[52.676,42.538],[52.663,42.613],[52.565,42.741],[52.663,42.667],[52.71,42.585],[52.735,42.703],[52.574,42.799],[52.466,42.826],[52.357,42.832],[52.277,42.797],[52.173,42.884],[51.898,42.845],[51.76,43.041],[51.676,43.102],[51.68,43.159],[51.652,43.182],[51.27,43.153],[51.318,43.442],[51.269,43.555],[51.112,43.662],[50.907,44.006],[50.86,44.028],[50.843,44.189],[50.751,44.242],[50.285,44.328],[50.23,44.39],[50.224,44.564],[50.313,44.661],[50.643,44.621],[50.871,44.629],[51.115,44.488],[51.366,44.56],[51.374,44.528],[51.56,44.511],[51.55,44.547],[51.437,44.606],[51.297,44.601],[51.227,44.723],[50.962,44.856],[50.959,44.978],[51.242,45.1],[51.251,45.174],[51.417,45.384],[51.491,45.336],[51.593,45.345],[51.7,45.392],[51.757,45.455],[51.792,45.405],[51.94,45.367],[52.008,45.395],[52.52,45.409],[53.083,45.302],[53.227,45.339],[52.747,45.519],[52.732,45.553],[52.748,45.645],[52.954,45.83],[53.082,46.005],[53.157,46.272],[53.127,46.393],[52.997,46.504],[53.04,46.574],[53.054,46.546],[53.088,46.553],[53.106,46.609],[53.201,46.643],[53.207,46.686],[53.106,46.739],[53.059,46.889],[52.958,46.926],[52.603,46.949],[52.454,46.996],[52.243,46.805],[52.09,46.815],[51.778,46.905],[51.685,46.959],[51.635,47.042],[51.594,46.988],[51.515,47.057],[51.194,47.115],[50.844,47.008],[50.746,46.91],[50.71,46.946],[50.61,46.907],[50.571,46.83],[50.578,46.878],[50.502,46.865],[50.43,46.897],[50.379,46.814],[50.374,46.854],[50.233,46.728],[50.222,46.761],[50.155,46.739],[50.035,46.636],[49.815,46.542],[49.703,46.56],[49.703,46.519],[49.621,46.575],[49.627,46.519],[49.493,46.518],[49.504,46.499],[49.324,46.565],[49.394,46.478],[49.367,46.389],[49.281,46.439],[49.255,46.424],[49.292,46.396],[49.217,46.378],[49.299,46.253],[49.154,46.287],[49.102,46.243],[49.114,46.154],[49.047,46.196],[48.935,46.142],[48.936,46.091],[48.914,46.132],[48.858,46.115],[48.868,46.076],[48.82,46.104],[48.813,46.059],[48.714,46.129],[48.637,46.083],[48.725,46.026],[48.791,45.841],[48.716,45.814],[48.571,45.964],[48.373,45.875],[48.414,45.844],[48.334,45.839],[48.226,45.746],[48.243,45.71],[48.174,45.74],[48.006,45.703],[47.98,45.726],[47.899,45.697],[47.854,45.717],[47.819,45.611],[47.765,45.682],[47.606,45.759],[47.685,45.66],[47.695,45.53],[47.601,45.517],[47.566,45.465],[47.536,45.51],[47.416,45.348],[47.372,45.189],[47.34,45.191],[47.202,44.974],[47.135,44.94],[47.078,44.785],[47.033,44.83],[47.0,44.814],[46.932,44.761],[46.934,44.735],[46.997,44.73],[46.937,44.722],[46.763,44.607],[46.748,44.467],[46.934,44.431],[46.944,44.398],[47.034,44.361],[47.128,44.22],[47.223,44.236],[47.447,43.875],[47.483,43.862],[47.469,43.841],[47.526,43.821],[47.457,43.681],[47.368,43.613],[47.404,43.511],[47.465,43.551],[47.554,43.876],[47.753,43.912],[47.607,43.746],[47.54,43.586],[47.492,43.332],[47.556,43.34],[47.585,43.293],[47.49,43.176],[47.462,43.043],[47.491,42.995],[47.699,42.868],[47.721,42.702],[47.76,42.633],[47.888,42.581],[47.94,42.48],[48.098,42.348],[48.303,42.104],[48.387,41.937],[48.491,41.914],[48.655,41.801],[48.904,41.523],[49.029,41.429],[49.136,41.275],[49.195,41.057],[49.382,40.866],[49.536,40.79],[49.51,40.691],[49.538,40.655],[49.814,40.566],[50.051,40.584],[50.238,40.495],[50.361,40.363],[50.388,40.221],[50.298,40.312],[50.128,40.358],[49.847,40.316],[49.494,40.155],[49.495,40.096],[49.433,40.061],[49.48,39.99],[49.408,39.801],[49.424,39.711],[49.319,39.61],[49.286,39.498],[49.409,39.388],[49.407,39.324],[49.37,39.338],[49.407,39.289],[49.294,39.343],[49.255,39.315],[49.2,39.027],[49.085,38.964],[49.055,39.004],[49.14,39.047],[49.145,39.088],[49.07,39.113],[49.044,39.18],[48.964,39.176],[48.935,39.118],[48.949,39.01],[48.867,38.746],[48.873,38.439],[48.778,38.445],[48.61,38.396],[48.415,38.618],[48.309,38.602],[48.23,38.662],[48.223,38.722],[47.995,38.848],[47.992,38.891],[48.06,38.948],[48.294,39.005],[48.307,39.046],[48.271,39.108],[48.142,39.182],[48.106,39.267],[48.153,39.319],[48.339,39.379],[47.971,39.705],[47.823,39.68],[47.542,39.516],[47.407,39.477],[47.291,39.379],[47.102,39.308],[47.021,39.19],[46.851,39.156],[46.554,38.89],[46.378,38.925],[46.125,38.863],[45.439,39.004],[45.434,39.053],[45.311,39.201],[45.152,39.216],[45.088,39.351],[44.957,39.435],[44.872,39.625],[44.59,39.772],[44.459,39.698],[44.455,39.646],[44.224,39.628],[43.886,39.654],[43.563,39.833],[43.366,39.794],[43.318,39.969],[43.265,39.987],[43.058,39.988],[42.758,39.922],[42.557,39.935],[42.513,40.023],[42.379,40.125],[42.232,40.161],[42.155,40.249],[42.124,40.247],[42.127,40.344],[42.17,40.345],[42.157,40.39],[42.002,40.398],[41.907,40.469],[41.7,40.366],[41.658,40.405],[41.658,40.484],[41.756,40.544],[41.773,40.587],[41.722,40.663],[41.798,40.667],[41.819,40.751],[41.874,40.806],[41.85,40.893],[41.915,40.936],[41.821,40.954],[41.813,41.0],[41.713,41.048],[41.561,41.065],[41.515,41.124],[41.525,41.228],[41.47,41.264],[41.487,41.317],[41.541,41.328],[41.54,41.42],[41.611,41.486],[41.527,41.519],[41.74,41.75],[41.774,41.89],[41.659,42.126],[41.593,42.355],[41.547,42.408],[41.454,42.716],[41.216,42.8],[41.158,42.791],[41.026,42.978],[40.937,42.975],[40.845,43.066],[40.592,43.086],[40.36,43.164],[40.333,43.145],[40.219,43.316],[39.918,43.412],[39.868,43.495],[39.72,43.567],[39.323,43.9],[38.754,44.273],[38.6,44.329],[38.199,44.389],[38.032,44.558],[37.93,44.604],[37.934,44.637],[37.867,44.692],[37.786,44.722],[37.822,44.668],[37.808,44.637],[37.486,44.671],[37.376,44.742],[37.295,44.865],[37.304,44.899],[37.203,44.98],[36.882,45.086],[36.715,45.099],[36.586,45.173],[36.588,45.203],[36.73,45.206],[36.962,45.283],[36.944,45.317],[36.789,45.294],[36.762,45.356],[36.803,45.313],[36.835,45.358],[36.77,45.384],[36.668,45.326],[36.707,45.392],[36.83,45.442],[37.13,45.337],[37.106,45.273],[37.072,45.266],[37.1,45.238],[37.314,45.275],[37.161,45.326],[37.393,45.317],[37.519,45.369],[37.735,45.306],[37.703,45.34],[37.741,45.383],[37.717,45.389],[37.723,45.461],[37.687,45.486],[37.7,45.558],[37.632,45.576],[37.662,45.567],[37.635,45.553],[37.646,45.45],[37.618,45.418],[37.584,45.429],[37.591,45.626],[37.623,45.667],[37.669,45.615],[37.703,45.622],[37.669,45.669],[37.835,45.761],[37.93,46.013],[38.098,46.058],[38.071,45.954],[38.096,45.945],[38.166,46.117],[38.247,46.141],[38.446,46.034],[38.553,46.032],[38.571,46.091],[38.297,46.219],[38.268,46.272],[38.087,46.39],[37.983,46.393],[38.019,46.368],[37.992,46.348],[37.898,46.407],[37.825,46.48],[37.734,46.672],[37.851,46.623],[37.99,46.619],[38.27,46.73],[38.314,46.676],[38.585,46.657],[38.582,46.696],[38.483,46.739],[38.422,46.743],[38.378,46.708],[38.369,46.757],[38.415,46.833],[38.775,46.888],[39.102,47.04],[39.28,47.02],[39.293,47.058],[39.232,47.088],[39.263,47.112],[39.216,47.189],[39.243,47.262],[39.067,47.278],[38.957,47.254],[38.936,47.225],[38.956,47.202],[38.845,47.163],[38.561,47.112],[38.485,47.131],[38.605,47.24],[38.523,47.207],[38.477,47.144],[38.236,47.109],[38.108,47.026],[38.13,47.064],[38.072,47.095],[37.565,47.086],[37.333,46.882],[37.247,46.933],[36.93,46.831],[36.766,46.63],[36.744,46.65],[36.802,46.725],[36.615,46.775],[36.379,46.709],[36.234,46.562],[36.257,46.621],[36.215,46.66],[35.907,46.651],[35.76,46.593],[35.628,46.489],[35.484,46.442],[35.162,46.128],[34.981,46.082],[35.037,46.147],[35.201,46.183],[35.27,46.266],[35.217,46.279],[35.24,46.309],[35.22,46.337],[35.17,46.292],[35.12,46.302],[34.823,46.185],[34.865,45.962],[35.044,45.67],[35.332,45.371],[35.481,45.298],[35.716,45.34],[35.836,45.471],[35.854,45.414],[35.986,45.363],[36.118,45.457],[36.285,45.476],[36.585,45.427],[36.638,45.352],[36.494,45.339],[36.492,45.295],[36.437,45.272],[36.409,45.149],[36.455,45.09],[36.438,45.067],[36.229,45.006],[35.857,44.987],[35.677,45.1],[35.52,45.116],[35.413,45.063],[35.397,45.035],[35.427,45.008],[35.362,44.987],[35.367,44.943],[35.256,44.959],[35.149,44.892],[35.085,44.792],[34.964,44.839],[34.724,44.809],[34.462,44.72],[34.33,44.545],[34.129,44.435],[33.955,44.381],[33.713,44.394],[33.579,44.492],[33.458,44.513],[33.372,44.578],[33.554,44.624],[33.516,44.639],[33.538,44.675],[33.517,44.785],[33.604,44.866],[33.62,44.925],[33.546,45.109],[33.396,45.185],[33.257,45.157],[32.935,45.343],[32.727,45.355],[32.656,45.313],[32.569,45.32],[32.511,45.34],[32.482,45.395],[32.499,45.438],[32.642,45.521],[33.176,45.743],[33.169,45.782],[33.266,45.754],[33.465,45.85],[33.768,45.926],[33.62,45.951],[33.643,45.975],[33.623,46.124],[33.59,46.154],[33.532,46.117],[33.558,46.087],[33.496,46.068],[33.516,46.046],[33.431,46.047],[33.352,46.105],[33.301,46.091],[33.316,46.124],[33.215,46.128],[33.225,46.152],[33.189,46.16],[33.123,46.131],[32.774,46.13],[32.5,46.076],[32.268,46.126],[32.243,46.173],[32.027,46.256],[31.79,46.285],[31.766,46.314],[31.801,46.342],[31.968,46.351],[32.057,46.392],[32.007,46.448],[31.772,46.494],[31.699,46.487],[31.687,46.43],[31.508,46.588],[31.581,46.545],[31.757,46.554],[32.318,46.464],[32.64,46.642],[32.329,46.557],[32.243,46.601],[32.141,46.561],[32.014,46.634],[31.936,46.766],[32.007,46.915],[31.937,46.955],[31.977,47.009],[31.87,47.023],[31.897,47.093],[31.806,47.192],[31.871,47.094],[31.839,47.013],[31.947,46.999],[31.899,46.944],[31.97,46.931],[31.946,46.861],[31.865,46.799],[31.907,46.736],[31.906,46.653],[31.812,46.616],[31.654,46.652],[31.573,46.608],[31.482,46.631],[31.596,46.797],[31.418,46.625],[31.336,46.601],[31.053,46.612],[30.833,46.548],[30.78,46.481],[30.797,46.445],[30.764,46.377],[30.492,46.078],[30.244,45.872],[29.636,45.511],[29.629,45.484],[29.674,45.466],[29.745,45.49],[29.748,45.462],[29.784,45.461],[29.755,45.223],[29.664,45.215],[29.655,45.328],[29.578,45.39],[29.322,45.439],[28.955,45.319],[28.945,45.282],[28.849,45.302],[28.795,45.237],[28.703,45.22],[28.343,45.317],[28.279,45.429],[28.174,45.473],[28.069,45.594],[28.163,45.654],[28.083,46.016],[28.14,46.193],[28.114,46.233],[28.176,46.286],[28.246,46.428],[28.219,46.506],[28.247,46.607],[28.069,46.989],[27.807,47.144],[27.742,47.263],[27.634,47.308],[27.433,47.565],[27.3,47.659],[27.202,47.898],[27.164,47.921],[27.159,47.986],[27.095,48.009],[27.109,48.034],[27.043,48.076],[27.042,48.112],[26.973,48.143],[26.997,48.158],[26.817,48.247],[26.704,48.264],[26.325,48.183],[26.3,48.267],[26.15,48.45],[26.174,48.53],[26.366,48.509],[26.314,48.637],[26.209,48.721],[26.231,48.801],[26.17,48.971],[26.203,49.018],[26.203,49.414],[26.144,49.51],[26.209,49.567],[26.233,49.674],[26.165,49.727],[25.761,49.698],[25.58,49.789],[25.538,49.778],[25.477,49.826],[25.405,49.982],[25.194,50.103],[25.175,50.278],[25.072,50.284],[25.057,50.339],[24.715,50.343],[24.573,50.428],[24.501,50.413],[24.455,50.473],[24.538,50.506],[24.478,50.541],[24.154,50.614],[24.075,50.57],[24.114,50.543],[23.841,50.455],[23.684,50.451],[23.635,50.38],[23.133,50.346],[23.017,50.287],[22.704,50.291],[22.608,50.327],[22.477,50.296],[22.315,50.417],[22.388,50.518],[22.362,50.563],[21.997,50.678],[22.014,50.723],[21.98,50.767],[21.875,50.782],[21.816,50.691],[21.769,50.678],[21.63,50.526],[21.486,50.487],[21.203,50.339],[20.79,50.275],[20.586,50.144],[20.404,50.129],[20.218,50.056],[20.195,50.114],[19.824,50.142],[19.481,50.229],[19.158,50.233],[19.075,50.282],[19.048,50.305],[19.061,50.346],[18.968,50.378],[19.075,50.614],[19.041,50.661],[18.62,50.837],[18.634,50.927],[18.61,50.976],[18.434,51.021],[18.446,51.059],[18.406,51.121],[18.166,51.168],[18.15,51.303],[18.211,51.42],[18.133,51.484],[18.185,51.57],[18.098,51.605],[18.081,51.648],[18.114,51.692],[18.01,51.717],[17.99,51.778],[17.952,51.787],[18.022,51.813],[17.962,51.893],[17.705,52.05],[17.648,52.17],[17.821,52.258],[17.845,52.313],[17.881,52.307],[17.9,52.374],[17.944,52.376],[17.946,52.422],[18.134,52.506],[18.26,52.481],[18.351,52.543],[18.466,52.537],[18.461,52.672],[18.507,52.711],[18.503,52.744],[18.604,52.754],[18.595,52.857],[18.629,52.89],[18.754,52.909],[18.786,53.016],[18.763,53.031],[18.81,53.067],[18.97,53.065],[19.318,53.217],[19.504,53.165],[19.545,53.177],[19.559,53.223],[19.665,53.162],[19.841,53.147],[19.831,53.178],[19.923,53.225],[20.275,53.143],[20.376,53.177],[20.537,53.348],[20.925,53.298],[21.3,53.456],[21.53,53.491],[21.811,53.475],[22.016,53.531],[22.543,53.774],[22.622,53.925],[22.468,54.04],[22.449,54.099],[22.352,54.18],[22.444,54.257],[22.68,54.281],[22.775,54.328],[22.78,54.362],[22.68,54.454],[22.682,54.571],[22.727,54.723],[22.846,54.796],[22.829,54.873],[22.716,54.951],[22.632,54.96],[22.564,55.057],[22.614,55.095],[22.54,55.14],[22.195,55.158],[22.216,55.217],[21.882,55.283],[21.849,55.328],[21.729,55.292],[21.672,55.36],[21.615,55.376],[21.607,55.43],[21.521,55.505],[21.501,55.583],[21.294,55.856],[21.046,55.903],[21.053,56.078],[20.969,56.253],[21.003,56.516],[21.067,56.447],[21.058,56.504],[20.993,56.552],[21.056,56.691],[21.055,56.833],[21.391,57.022],[21.418,57.281],[21.7,57.556],[21.999,57.6],[22.486,57.743],[22.61,57.755],[22.594,57.64],[22.656,57.586],[23.129,57.37],[23.261,57.099],[23.509,57.031],[23.585,56.979],[23.695,56.967],[23.953,57.013],[24.379,57.23],[24.406,57.345],[24.286,57.832],[24.457,58.076],[24.47,58.248],[24.542,58.286],[24.555,58.325],[24.459,58.378],[24.331,58.387],[24.243,58.275],[24.105,58.236],[23.973,58.316],[23.741,58.345],[23.624,58.525],[23.503,58.563],[23.496,58.694],[23.535,58.747],[23.864,58.773],[23.798,58.8],[23.429,58.765],[23.485,58.81],[23.424,58.93],[23.628,58.979],[23.623,59.011],[23.571,59.041],[23.614,59.011],[23.547,58.97],[23.41,59.016],[23.482,59.089],[23.473,59.213],[23.642,59.257],[23.736,59.234],[23.727,59.269],[23.759,59.284],[24.027,59.293],[24.036,59.388],[24.221,59.355],[24.163,59.402],[24.306,59.419],[24.337,59.471],[24.648,59.455],[24.622,59.471],[24.678,59.495],[24.728,59.459],[24.801,59.57],[24.91,59.511],[25.145,59.539],[25.403,59.492],[25.489,59.565],[25.487,59.668],[25.677,59.566],[25.713,59.592],[25.671,59.656],[25.697,59.671],[25.873,59.599],[25.884,59.629],[25.99,59.634],[26.498,59.54],[26.666,59.552],[26.938,59.45],[27.409,59.452],[27.876,59.408],[27.983,59.447],[28.055,59.528],[28.065,59.596],[27.994,59.705],[28.008,59.758],[28.087,59.799],[28.184,59.759],[28.224,59.691],[28.375,59.666],[28.418,59.708],[28.427,59.812],[28.476,59.852],[28.534,59.86],[28.718,59.787],[28.833,59.787],[28.976,59.831],[29.034,59.888],[28.98,59.93],[29.161,60.003],[29.805,59.94],[30.162,59.868],[30.243,59.972],[29.948,60.027],[29.88,60.145],[29.722,60.192],[29.553,60.198],[29.4,60.159],[29.027,60.186],[28.843,60.309],[28.599,60.387],[28.445,60.557],[28.505,60.56],[28.547,60.509],[28.703,60.461],[28.662,60.58],[28.578,60.58],[28.555,60.61],[28.59,60.646],[28.681,60.615],[28.648,60.674],[28.732,60.69],[28.679,60.735],[28.575,60.683],[28.41,60.665],[28.343,60.595],[28.145,60.529],[27.823,60.526],[27.778,60.571],[27.74,60.557],[27.753,60.506],[27.708,60.486],[27.612,60.506],[27.63,60.471],[27.481,60.505],[27.478,60.461],[27.237,60.511],[27.276,60.528],[27.212,60.56],[27.218,60.583],[27.178,60.567],[27.182,60.515],[27.113,60.547],[27.025,60.532],[26.959,60.447],[26.807,60.471],[26.539,60.378],[26.512,60.409],[26.581,60.428],[26.501,60.445],[26.478,60.486],[26.569,60.582],[26.627,60.609],[26.75,60.576],[26.692,60.642],[26.652,60.646],[26.465,60.505],[26.483,60.44],[26.416,60.392],[26.146,60.394],[26.055,60.423],[26.106,60.334],[26.075,60.294],[25.851,60.396],[25.916,60.36],[25.93,60.245],[25.746,60.304],[25.849,60.266],[25.774,60.234],[25.721,60.248],[25.652,60.295],[25.651,60.339],[25.689,60.349],[25.658,60.361],[25.545,60.311],[25.502,60.246],[25.196,60.241],[25.156,60.223],[25.204,60.204],[25.186,60.183],[25.031,60.148],[24.679,60.13],[24.665,60.101],[24.603,60.122],[24.588,60.054],[24.471,59.99],[24.423,59.989],[24.415,60.032],[24.313,59.998],[24.36,60.043],[24.333,60.072],[23.8,59.957],[23.432,59.954],[23.54,60.029],[23.537,60.068],[23.249,59.838],[22.9,59.807],[22.947,59.848],[23.247,59.922],[23.326,60.009],[23.227,59.929],[23.115,59.923],[23.113,59.974],[23.252,60.038],[22.997,60.056],[23.042,60.119],[23.025,60.129],[22.969,60.094],[22.953,60.115],[22.946,60.085],[22.845,60.082],[22.914,60.124],[22.869,60.185],[23.083,60.346],[22.558,60.206],[22.815,60.227],[22.893,60.286],[22.956,60.293],[22.835,60.195],[22.845,60.108],[22.733,60.004],[22.601,59.983],[22.572,60.027],[22.474,59.998],[22.471,60.072],[22.416,60.155],[22.451,60.222],[22.548,60.217],[22.449,60.245],[22.626,60.38],[22.29,60.383],[22.11,60.448],[22.045,60.44],[21.935,60.492],[21.946,60.517],[21.848,60.52],[21.874,60.478],[21.785,60.478],[21.824,60.619],[21.664,60.553],[21.638,60.495],[21.579,60.491],[21.518,60.567],[21.577,60.563],[21.416,60.577],[21.358,60.655],[21.392,60.756],[21.319,60.865],[21.388,60.943],[21.306,61.055],[21.409,61.043],[21.367,61.06],[21.415,61.065],[21.503,61.28],[21.544,61.28],[21.524,61.375]],[[126.71,72.219],[126.909,72.215],[126.892,72.293],[126.738,72.386],[127.03,72.402],[127.374,72.361],[127.366,72.442],[126.675,72.429],[126.654,72.482],[126.905,72.51],[127.204,72.598],[127.428,72.613],[127.468,72.655],[127.348,72.663],[127.577,72.716],[127.327,72.708],[126.926,72.572],[126.78,72.553],[126.495,72.467],[126.573,72.424],[126.558,72.405],[126.403,72.439],[126.339,72.419],[126.343,72.378],[126.111,72.28],[126.246,72.29],[126.362,72.352],[126.577,72.226],[126.633,72.223],[126.524,72.315],[126.546,72.355],[126.645,72.355],[126.626,72.32],[126.71,72.219]]],[[[-173.383,64.398],[-173.507,64.343],[-173.634,64.332],[-174.05,64.424],[-174.127,64.557],[-174.703,64.732],[-174.704,64.761],[-174.968,64.805],[-174.99,64.767],[-175.056,64.759],[-175.446,64.784],[-175.483,64.861],[-175.77,64.939],[-175.912,65.016],[-175.811,65.063],[-175.781,65.161],[-175.879,65.257],[-175.928,65.398],[-176.044,65.452],[-176.993,65.605],[-177.246,65.539],[-177.416,65.441],[-178.284,65.444],[-178.463,65.473],[-178.57,65.539],[-178.456,65.728],[-178.532,65.755],[-178.628,65.731],[-178.903,65.92],[-178.873,65.936],[-178.978,66.049],[-178.799,65.994],[-178.725,66.009],[-178.673,66.114],[-178.542,66.163],[-178.505,66.379],[-178.539,66.352],[-178.604,66.361],[-178.624,66.294],[-178.787,66.167],[-178.897,66.15],[-179.061,66.194],[-179.127,66.251],[-179.085,66.302],[-179.168,66.413],[-179.189,66.403],[-179.176,66.29],[-179.421,66.34],[-179.218,66.182],[-179.252,66.145],[-179.575,66.111],[-179.671,66.131],[-179.581,66.148],[-179.689,66.184],[-179.768,66.103],[-179.815,65.988],[-179.782,65.849],[-179.742,65.794],[-179.637,65.747],[-179.277,65.63],[-179.321,65.574],[-179.261,65.532],[-179.499,65.396],[-179.525,65.236],[-179.661,65.143],[-179.997,65.068],[-179.999,68.978],[-179.58,68.909],[-179.529,68.915],[-179.547,68.949],[-179.521,68.964],[-179.334,68.858],[-179.363,68.855],[-179.357,68.828],[-179.32,68.812],[-178.844,68.752],[-178.485,68.592],[-178.716,68.656],[-178.7,68.543],[-178.043,68.428],[-177.951,68.338],[-177.953,68.296],[-177.711,68.34],[-178.375,68.557],[-177.492,68.292],[-177.631,68.305],[-177.635,68.282],[-177.753,68.257],[-177.677,68.23],[-177.34,68.245],[-177.174,68.199],[-177.25,68.209],[-177.225,68.146],[-177.075,68.164],[-175.921,67.851],[-175.876,67.829],[-175.896,67.807],[-175.866,67.826],[-175.268,67.658],[-175.312,67.635],[-175.291,67.606],[-175.127,67.5],[-175.197,67.525],[-175.188,67.435],[-175.367,67.358],[-175.187,67.351],[-175.099,67.371],[-175.041,67.443],[-174.969,67.425],[-175.08,67.481],[-174.834,67.385],[-174.756,67.303],[-174.86,67.275],[-174.908,67.037],[-174.79,66.94],[-174.7,66.917],[-174.763,66.899],[-174.688,66.734],[-174.707,66.718],[-174.752,66.752],[-174.971,66.665],[-174.86,66.612],[-174.437,66.531],[-174.395,66.475],[-174.461,66.459],[-174.466,66.401],[-174.389,66.338],[-174.438,66.344],[-174.447,66.3],[-174.354,66.333],[-174.372,66.364],[-174.206,66.471],[-174.024,66.48],[-173.957,66.45],[-173.979,66.406],[-173.93,66.346],[-174.019,66.305],[-174.021,66.226],[-173.938,66.333],[-173.782,66.373],[-173.762,66.45],[-173.918,66.516],[-174.16,66.534],[-174.302,66.582],[-173.983,66.697],[-173.997,66.798],[-174.113,66.977],[-174.25,66.976],[-174.186,67.014],[-174.282,67.047],[-174.474,67.019],[-174.496,67.021],[-174.424,67.042],[-174.565,67.033],[-174.651,67.06],[-174.432,67.103],[-173.828,67.087],[-173.676,67.132],[-173.121,67.05],[-173.275,67.046],[-173.101,66.978],[-173.071,66.992],[-173.054,66.937],[-172.82,66.909],[-172.436,66.938],[-173.03,67.025],[-173.006,67.056],[-172.195,66.961],[-171.93,66.979],[-171.725,66.955],[-171.639,66.926],[-171.694,66.88],[-171.671,66.85],[-171.353,66.771],[-171.331,66.745],[-171.388,66.715],[-171.363,66.675],[-170.858,66.511],[-170.565,66.354],[-170.407,66.319],[-170.521,66.265],[-170.274,66.29],[-170.156,66.25],[-170.106,66.193],[-170.326,66.182],[-170.189,66.145],[-169.919,66.159],[-170.044,66.193],[-169.952,66.184],[-169.711,66.132],[-169.645,66.073],[-169.72,66.006],[-169.814,65.991],[-169.994,66.036],[-170.578,65.853],[-170.518,65.833],[-170.53,65.679],[-170.489,65.671],[-170.588,65.605],[-170.874,65.623],[-171.146,65.695],[-171.462,65.825],[-171.389,65.746],[-171.318,65.734],[-171.372,65.728],[-171.265,65.657],[-171.081,65.634],[-171.024,65.583],[-170.983,65.59],[-170.976,65.513],[-171.041,65.467],[-171.305,65.522],[-171.903,65.461],[-172.034,65.474],[-171.744,65.5],[-172.083,65.484],[-171.825,65.516],[-171.958,65.517],[-172.098,65.563],[-172.169,65.528],[-172.248,65.538],[-172.351,65.663],[-172.657,65.702],[-172.803,65.675],[-172.661,65.673],[-172.677,65.63],[-172.391,65.581],[-172.398,65.527],[-172.32,65.465],[-172.428,65.47],[-172.389,65.432],[-172.213,65.465],[-172.197,65.437],[-172.093,65.484],[-172.163,65.421],[-172.203,65.325],[-172.191,65.242],[-172.386,65.27],[-172.577,65.248],[-172.68,65.269],[-172.699,65.244],[-172.59,65.214],[-172.203,65.217],[-172.166,65.176],[-172.19,65.141],[-172.081,65.074],[-172.322,64.948],[-172.541,64.925],[-172.764,64.838],[-172.902,64.858],[-173.057,64.838],[-173.064,64.807],[-172.967,64.845],[-172.751,64.76],[-172.857,64.699],[-173.039,64.661],[-172.864,64.663],[-172.768,64.604],[-172.468,64.559],[-172.371,64.472],[-172.22,64.407],[-172.592,64.371],[-172.757,64.42],[-172.815,64.504],[-172.884,64.495],[-173.0,64.465],[-172.791,64.438],[-172.823,64.32],[-172.876,64.301],[-172.91,64.33],[-172.948,64.308],[-172.924,64.264],[-173.109,64.241],[-173.366,64.286],[-173.428,64.324],[-173.307,64.452],[-173.285,64.521],[-173.414,64.616],[-173.352,64.497],[-173.383,64.398]]],[[[55.929,73.305],[55.749,73.346],[55.434,73.332],[54.998,73.44],[54.507,73.396],[54.213,73.324],[54.033,73.375],[54.294,73.418],[54.333,73.459],[54.185,73.491],[54.373,73.566],[54.753,73.659],[55.174,73.711],[54.96,73.716],[54.857,73.684],[54.828,73.691],[54.867,73.726],[54.542,73.702],[54.281,73.601],[54.06,73.606],[53.632,73.767],[53.657,73.811],[53.869,73.779],[54.315,73.931],[54.8,73.977],[54.589,74.019],[55.018,74.173],[55.182,74.187],[55.833,74.1],[55.862,74.108],[55.59,74.193],[55.076,74.266],[55.227,74.307],[55.307,74.277],[55.655,74.304],[55.708,74.271],[55.742,74.293],[55.665,74.326],[55.234,74.366],[55.388,74.445],[56.281,74.487],[56.014,74.492],[56.069,74.518],[55.991,74.543],[55.657,74.52],[55.706,74.55],[55.5,74.567],[55.532,74.655],[55.756,74.692],[55.896,74.661],[56.388,74.721],[56.556,74.684],[56.977,74.69],[56.599,74.694],[56.531,74.746],[56.433,74.753],[56.484,74.793],[55.939,74.775],[55.821,74.804],[55.884,74.846],[56.676,74.949],[56.296,74.958],[56.466,75.013],[56.419,75.035],[55.888,74.989],[55.862,74.996],[55.937,75.067],[55.917,75.082],[55.729,75.076],[55.806,75.155],[55.92,75.198],[56.071,75.219],[56.118,75.188],[56.234,75.198],[56.138,75.157],[56.173,75.15],[56.37,75.188],[56.465,75.106],[56.46,75.069],[56.899,75.232],[56.875,75.281],[56.732,75.298],[56.836,75.355],[57.044,75.398],[57.736,75.328],[57.655,75.427],[57.544,75.452],[57.501,75.499],[58.165,75.578],[58.193,75.602],[58.153,75.623],[57.926,75.629],[58.018,75.681],[58.521,75.73],[58.573,75.774],[58.929,75.868],[59.137,75.865],[59.398,75.937],[59.749,75.931],[60.048,75.993],[60.336,76.002],[60.044,76.044],[60.268,76.11],[60.838,76.123],[60.469,76.014],[60.735,76.005],[60.817,76.06],[61.086,76.085],[61.154,76.13],[60.903,76.151],[60.998,76.249],[61.076,76.28],[61.676,76.315],[62.094,76.253],[62.383,76.271],[62.406,76.255],[62.373,76.222],[62.389,76.197],[62.504,76.178],[62.555,76.219],[62.781,76.271],[62.972,76.21],[63.718,76.35],[63.955,76.363],[64.091,76.313],[64.666,76.417],[64.825,76.484],[65.032,76.501],[65.169,76.475],[65.484,76.575],[65.993,76.533],[66.019,76.542],[65.889,76.636],[65.753,76.683],[65.892,76.74],[66.124,76.757],[66.657,76.901],[67.57,77.013],[68.461,76.967],[68.679,76.879],[68.809,76.869],[68.76,76.833],[68.925,76.789],[68.931,76.719],[69.034,76.712],[68.894,76.679],[68.793,76.588],[68.938,76.568],[68.4,76.364],[68.213,76.327],[68.327,76.294],[68.292,76.28],[67.973,76.262],[67.102,76.095],[65.342,75.868],[65.135,75.808],[64.115,75.717],[63.721,75.637],[63.726,75.667],[63.656,75.712],[63.582,75.711],[63.617,75.69],[63.537,75.636],[63.305,75.586],[63.023,75.586],[62.242,75.433],[62.018,75.441],[61.842,75.362],[61.704,75.368],[61.654,75.28],[61.515,75.224],[61.397,75.237],[61.375,75.33],[61.283,75.318],[61.29,75.278],[61.149,75.207],[60.811,75.137],[60.756,75.105],[60.803,75.08],[60.737,75.025],[60.592,75.034],[60.569,75.057],[60.602,75.1],[60.516,75.114],[60.444,75.065],[60.468,75.032],[60.424,75.011],[59.942,74.998],[60.621,74.968],[60.688,74.924],[60.554,74.862],[60.205,74.847],[60.372,74.794],[60.315,74.759],[59.937,74.718],[59.524,74.794],[59.642,74.727],[59.769,74.726],[59.869,74.68],[59.87,74.625],[59.765,74.589],[59.573,74.602],[59.17,74.72],[59.29,74.643],[59.132,74.548],[59.146,74.526],[59.094,74.484],[59.147,74.439],[58.783,74.461],[58.717,74.5],[58.192,74.575],[58.639,74.424],[58.613,74.408],[58.625,74.364],[58.728,74.299],[58.729,74.242],[58.509,74.165],[58.287,74.219],[58.253,74.192],[58.306,74.16],[58.522,74.149],[58.376,74.138],[58.321,74.088],[58.234,74.137],[58.14,74.138],[58.172,74.104],[58.14,74.076],[58.216,74.012],[58.134,73.985],[57.729,74.048],[57.534,74.182],[57.419,74.18],[57.519,74.12],[57.516,74.082],[57.269,74.08],[57.546,74.061],[57.91,73.917],[57.941,73.802],[57.722,73.715],[57.403,73.838],[56.582,73.88],[57.347,73.828],[57.616,73.666],[57.584,73.61],[57.35,73.55],[57.02,73.584],[56.793,73.675],[56.727,73.672],[56.85,73.615],[56.753,73.606],[56.921,73.596],[57.235,73.51],[57.254,73.457],[56.907,73.31],[56.758,73.36],[56.748,73.333],[56.795,73.321],[56.749,73.299],[56.747,73.245],[56.127,73.288],[56.043,73.323],[56.016,73.412],[55.908,73.44],[55.878,73.434],[55.986,73.385],[55.979,73.328],[55.929,73.305]]],[[[52.288,71.507],[52.216,71.563],[52.147,71.539],[52.279,71.477],[51.823,71.461],[51.532,71.566],[51.55,71.596],[51.418,71.734],[51.401,71.868],[51.575,72.071],[51.843,72.159],[52.052,72.101],[52.211,72.128],[52.19,72.097],[52.404,72.085],[52.384,72.107],[52.409,72.128],[52.371,72.162],[52.415,72.168],[52.402,72.223],[52.482,72.252],[52.415,72.287],[52.587,72.264],[52.567,72.278],[52.684,72.323],[52.581,72.374],[52.735,72.345],[52.665,72.424],[52.74,72.478],[52.69,72.474],[52.699,72.498],[52.869,72.519],[52.91,72.573],[53.079,72.594],[52.733,72.556],[52.753,72.637],[52.98,72.676],[53.214,72.649],[52.977,72.683],[52.574,72.671],[52.377,72.731],[52.616,72.863],[52.977,72.92],[53.377,72.887],[53.293,72.908],[53.392,72.928],[53.144,72.962],[53.154,73.014],[53.373,73.012],[53.122,73.101],[53.157,73.156],[53.321,73.221],[53.561,73.235],[53.754,73.299],[54.191,73.272],[54.535,73.377],[54.934,73.425],[55.304,73.339],[55.49,73.321],[55.758,73.328],[55.808,73.299],[56.435,73.23],[56.583,73.132],[55.829,73.061],[56.466,73.052],[56.342,72.994],[55.622,72.963],[55.977,72.942],[56.248,72.973],[56.221,72.83],[56.163,72.792],[56.01,72.774],[55.857,72.801],[55.738,72.773],[55.497,72.808],[55.444,72.786],[55.812,72.758],[55.946,72.669],[55.723,72.64],[55.685,72.573],[55.607,72.536],[55.453,72.576],[55.298,72.583],[55.544,72.526],[55.522,72.466],[55.133,72.451],[55.463,72.437],[55.487,72.395],[55.479,72.27],[55.575,72.197],[55.345,72.066],[55.437,72.056],[55.35,71.976],[55.381,71.945],[55.264,71.954],[55.226,71.929],[55.506,71.897],[55.529,71.785],[55.672,71.611],[56.013,71.388],[56.11,71.257],[57.039,70.87],[57.463,70.818],[57.639,70.73],[57.551,70.724],[57.445,70.605],[56.744,70.699],[56.853,70.648],[57.154,70.638],[57.343,70.572],[57.314,70.561],[56.584,70.642],[56.495,70.691],[56.522,70.729],[56.574,70.736],[56.546,70.749],[56.226,70.663],[56.348,70.647],[56.375,70.653],[56.329,70.681],[56.434,70.676],[56.65,70.589],[56.541,70.541],[56.401,70.564],[56.501,70.559],[56.466,70.579],[56.54,70.589],[56.375,70.588],[56.054,70.653],[56.177,70.609],[56.126,70.594],[55.854,70.672],[56.048,70.585],[55.874,70.58],[55.625,70.634],[55.603,70.648],[55.779,70.635],[55.751,70.698],[55.603,70.723],[55.692,70.699],[55.747,70.648],[55.407,70.748],[55.35,70.703],[55.423,70.696],[55.455,70.667],[55.274,70.686],[55.236,70.654],[55.29,70.602],[55.208,70.554],[55.141,70.556],[54.748,70.68],[54.688,70.758],[54.574,70.781],[54.5,70.784],[54.48,70.736],[54.767,70.648],[54.557,70.677],[54.282,70.771],[54.294,70.744],[54.253,70.729],[54.054,70.74],[53.849,70.804],[53.89,70.784],[53.538,70.834],[53.54,70.807],[53.464,70.814],[53.3,70.866],[53.575,70.889],[53.676,70.865],[53.734,70.954],[53.503,71.063],[53.504,71.093],[53.941,71.143],[54.068,71.12],[53.919,71.106],[54.236,71.125],[54.127,71.121],[53.953,71.175],[53.797,71.155],[53.557,71.202],[53.451,71.264],[53.61,71.325],[53.685,71.399],[53.889,71.422],[53.941,71.459],[53.556,71.38],[53.545,71.319],[53.481,71.292],[53.364,71.327],[53.255,71.448],[53.435,71.542],[53.365,71.565],[53.18,71.494],[53.132,71.426],[53.057,71.498],[53.008,71.483],[53.039,71.444],[52.902,71.393],[52.812,71.443],[52.742,71.441],[52.678,71.481],[52.615,71.468],[52.625,71.496],[52.553,71.594],[52.432,71.548],[52.397,71.48],[52.288,71.507]]],[[[139.647,74.979],[139.464,74.929],[139.51,74.858],[139.645,74.889],[139.564,74.847],[139.496,74.76],[139.323,74.68],[139.073,74.647],[138.764,74.719],[138.162,74.774],[137.878,74.852],[137.779,74.98],[137.141,75.132],[136.913,75.27],[136.862,75.362],[137.038,75.388],[137.118,75.343],[137.254,75.336],[137.426,75.379],[137.345,75.42],[137.148,75.402],[137.14,75.454],[137.188,75.471],[137.207,75.527],[137.19,75.578],[137.283,75.594],[137.21,75.636],[136.98,75.597],[137.069,75.564],[136.982,75.582],[136.971,75.606],[136.998,75.62],[136.97,75.61],[136.985,75.622],[137.142,75.653],[137.148,75.695],[137.068,75.726],[137.2,75.79],[137.739,75.748],[137.721,75.779],[137.431,75.879],[137.432,75.953],[137.711,76.013],[138.028,76.032],[138.113,76.077],[137.973,76.054],[138.139,76.119],[138.377,76.157],[138.343,76.126],[138.432,76.063],[138.532,76.186],[139.049,76.239],[138.897,76.219],[138.96,76.206],[138.975,76.158],[139.109,76.097],[139.827,75.97],[139.912,75.937],[139.834,75.926],[139.799,75.886],[139.956,75.836],[140.508,75.791],[140.543,75.755],[140.434,75.656],[140.476,75.64],[140.902,75.616],[141.052,75.644],[140.864,75.739],[140.905,75.824],[140.878,75.9],[140.902,75.98],[140.973,76.039],[141.231,76.057],[141.612,76.017],[141.307,76.175],[141.325,76.184],[142.147,76.012],[142.547,75.863],[143.073,75.807],[143.584,75.87],[143.948,75.835],[144.209,75.765],[144.723,75.695],[144.81,75.644],[145.176,75.608],[145.381,75.524],[144.746,75.433],[144.698,75.405],[144.678,75.328],[144.936,75.266],[144.726,75.232],[144.69,75.159],[144.347,75.044],[143.972,75.026],[143.758,75.075],[143.365,75.067],[142.897,75.137],[142.835,75.218],[142.712,75.231],[142.66,75.306],[142.501,75.36],[142.509,75.456],[142.726,75.551],[143.014,75.602],[143.041,75.65],[142.926,75.717],[142.447,75.711],[142.401,75.663],[142.23,75.655],[142.14,75.591],[142.115,75.507],[142.184,75.472],[142.156,75.399],[142.2,75.349],[142.41,75.267],[142.629,75.097],[143.615,75.011],[143.705,74.946],[143.432,74.888],[142.7,74.893],[142.625,74.848],[142.714,74.848],[142.679,74.834],[142.351,74.824],[141.974,74.936],[142.081,74.965],[142.356,74.929],[142.194,75.004],[140.071,74.828],[139.979,74.895],[139.647,74.979]]],[[[142.095,50.815],[142.129,50.891],[142.219,50.974],[142.264,51.13],[142.087,51.396],[142.074,51.474],[141.801,51.675],[141.819,51.785],[141.649,51.887],[141.643,52.084],[141.694,52.179],[141.64,52.315],[141.665,52.385],[141.768,52.455],[141.838,52.581],[141.859,52.852],[141.923,53.013],[141.833,53.155],[141.77,53.368],[142.217,53.518],[142.251,53.481],[142.236,53.414],[142.275,53.37],[142.352,53.356],[142.473,53.386],[142.554,53.464],[142.681,53.517],[142.609,53.57],[142.51,53.551],[142.503,53.663],[142.641,53.678],[142.71,53.629],[142.799,53.704],[142.77,53.838],[142.675,53.719],[142.61,53.693],[142.721,53.928],[142.395,54.238],[142.408,54.267],[142.478,54.274],[142.574,54.231],[142.639,54.263],[142.628,54.327],[142.688,54.418],[142.736,54.419],[142.816,54.296],[143.008,54.13],[143.0,54.062],[142.879,53.896],[142.881,53.808],[143.102,53.557],[143.131,53.475],[143.093,53.385],[143.179,53.395],[143.288,53.143],[143.329,52.915],[143.322,52.557],[143.287,52.435],[143.202,52.353],[143.196,52.419],[143.291,52.586],[143.256,52.593],[143.153,52.382],[143.18,52.31],[143.125,51.96],[143.17,51.861],[143.233,51.871],[143.315,51.728],[143.261,51.678],[143.219,51.526],[143.31,51.512],[143.331,51.616],[143.366,51.636],[143.449,51.499],[143.458,51.362],[143.381,51.346],[143.47,51.268],[143.501,51.301],[143.523,51.268],[143.795,50.294],[143.993,50.032],[144.039,49.898],[142.131,49.896],[142.174,50.094],[142.151,50.332],[142.043,50.545],[142.095,50.815]]],[[[149.916,74.818],[149.696,74.761],[148.704,74.76],[148.255,74.789],[147.699,74.942],[147.118,74.998],[146.74,75.103],[146.18,75.185],[146.072,75.24],[146.17,75.291],[146.173,75.393],[146.22,75.389],[146.354,75.555],[146.437,75.597],[146.771,75.507],[146.684,75.481],[146.639,75.43],[146.797,75.366],[147.326,75.35],[147.168,75.362],[147.374,75.44],[148.408,75.421],[148.58,75.383],[148.449,75.285],[148.558,75.222],[148.9,75.223],[149.327,75.284],[150.126,75.226],[150.27,75.165],[150.561,75.129],[150.472,75.101],[150.5,75.094],[150.633,75.116],[150.71,75.167],[150.958,75.142],[150.82,75.104],[150.65,74.995],[150.686,74.94],[150.575,74.881],[149.916,74.818]]],[[[141.594,73.906],[142.027,73.92],[142.584,73.825],[143.407,73.543],[143.537,73.444],[143.444,73.405],[143.475,73.321],[143.562,73.232],[143.407,73.188],[143.175,73.177],[142.538,73.214],[141.512,73.299],[140.789,73.41],[140.503,73.405],[139.964,73.327],[139.743,73.351],[139.721,73.434],[139.906,73.471],[140.416,73.483],[140.69,73.604],[140.901,73.802],[141.128,73.882],[141.368,73.864],[141.594,73.906]]],[[[-177.703,71.304],[-177.514,71.293],[-177.444,71.228],[-177.49,71.173],[-177.629,71.114],[-177.932,71.039],[-178.819,70.98],[-179.274,70.908],[-179.496,70.914],[-179.999,70.995],[-180.0,71.531],[-179.735,71.586],[-179.327,71.556],[-179.074,71.6],[-178.394,71.541],[-178.006,71.449],[-177.962,71.396],[-177.703,71.304]]],[[[179.667,70.875],[179.203,70.88],[178.793,70.801],[178.621,71.029],[178.631,71.069],[178.905,71.237],[179.183,71.303],[179.565,71.452],[180.0,71.531],[180.0,70.996],[179.807,70.913],[179.667,70.875]]],[[[111.509,74.36],[111.647,74.38],[111.919,74.361],[111.982,74.392],[111.973,74.484],[112.006,74.536],[112.11,74.551],[113.315,74.48],[113.407,74.442],[113.426,74.388],[113.176,74.219],[112.971,74.193],[112.774,74.088],[112.183,74.131],[111.959,74.211],[111.576,74.258],[111.457,74.322],[111.509,74.36]]],[[[167.991,69.957],[168.263,70.024],[168.638,69.986],[169.425,69.872],[169.453,69.823],[169.413,69.765],[169.282,69.763],[169.309,69.663],[169.178,69.569],[168.867,69.568],[168.144,69.702],[168.059,69.76],[167.795,69.801],[167.757,69.832],[167.991,69.957]]],[[[23.142,58.444],[23.03,58.359],[22.721,58.225],[22.371,58.221],[22.277,58.18],[22.199,57.984],[22.071,57.916],[22.001,57.919],[21.965,57.981],[22.087,58.082],[22.151,58.086],[22.194,58.145],[21.847,58.287],[21.882,58.342],[22.007,58.357],[21.832,58.511],[22.109,58.493],[22.193,58.547],[22.58,58.634],[22.635,58.594],[22.9,58.62],[23.091,58.571],[23.331,58.454],[23.26,58.43],[23.142,58.444]]],[[[164.231,59.106],[164.556,59.239],[164.734,59.023],[164.633,58.866],[164.368,58.852],[164.258,58.799],[164.144,58.81],[163.585,58.558],[163.49,58.448],[163.438,58.475],[163.386,58.559],[163.573,58.636],[163.739,58.817],[163.751,58.894],[163.842,58.995],[163.788,59.018],[163.725,58.998],[163.748,59.018],[163.954,59.035],[164.231,59.106]]],[[[141.017,73.991],[140.448,73.902],[140.144,74.015],[140.115,74.063],[140.15,74.213],[140.228,74.243],[140.563,74.282],[140.98,74.263],[141.057,74.235],[141.116,74.163],[141.084,74.066],[141.017,73.991]]],[[[138.106,55.0],[138.008,54.912],[137.986,54.798],[137.712,54.621],[137.645,54.647],[137.487,54.872],[137.225,54.773],[137.274,54.897],[137.388,55.005],[137.461,55.027],[137.495,55.121],[137.571,55.195],[137.786,55.138],[137.932,55.153],[137.981,55.092],[138.209,55.036],[138.106,55.0]]],[[[46.424,38.349],[46.446,38.285],[46.376,38.115],[46.65,38.079],[46.692,38.016],[46.673,37.985],[46.506,38.009],[46.544,37.929],[46.495,37.732],[46.422,37.718],[46.343,37.734],[46.349,37.8],[46.169,37.977],[46.089,37.971],[46.034,37.915],[45.902,37.992],[45.858,38.046],[45.908,38.104],[46.073,38.184],[46.174,38.172],[46.241,38.198],[46.28,38.377],[46.348,38.485],[46.425,38.471],[46.463,38.402],[46.424,38.349]]],[[[135.671,75.802],[135.693,75.869],[135.815,75.781],[135.865,75.705],[136.184,75.616],[135.959,75.502],[136.033,75.444],[136.015,75.43],[135.844,75.383],[135.454,75.381],[135.453,75.45],[135.594,75.568],[135.545,75.676],[135.588,75.705],[135.606,75.771],[135.671,75.802]]],[[[49.733,37.356],[49.701,37.429],[49.726,37.513],[49.903,37.52],[49.887,37.429],[49.918,37.333],[49.876,37.31],[49.899,37.261],[49.777,37.241],[49.794,37.187],[49.628,37.019],[49.508,37.049],[49.567,37.116],[49.467,37.224],[49.465,37.309],[49.522,37.377],[49.322,37.421],[49.218,37.499],[49.208,37.581],[49.244,37.619],[49.451,37.544],[49.692,37.517],[49.685,37.45],[49.553,37.427],[49.569,37.36],[49.69,37.325],[49.733,37.356]]],[[[52.216,71.298],[52.217,71.331],[52.742,71.406],[52.912,71.366],[53.02,71.281],[52.975,71.28],[52.885,71.339],[52.754,71.373],[52.863,71.334],[52.781,71.318],[53.061,71.238],[53.211,71.257],[53.216,71.158],[53.144,71.09],[53.048,71.067],[53.044,71.033],[53.135,70.978],[53.002,70.974],[53.014,71.005],[52.961,71.049],[52.805,71.092],[52.77,71.162],[52.657,71.214],[52.29,71.259],[52.216,71.298]]],[[[165.943,55.365],[166.254,55.33],[166.288,55.304],[166.226,55.25],[166.25,55.152],[166.448,54.961],[166.575,54.911],[166.648,54.845],[166.664,54.677],[166.484,54.79],[166.358,54.83],[166.076,55.063],[166.083,55.105],[165.974,55.2],[165.986,55.217],[165.746,55.297],[165.833,55.304],[165.943,55.365]]],[[[22.709,59.07],[22.699,59.028],[22.737,59.005],[22.935,58.982],[23.043,58.843],[22.884,58.833],[22.885,58.785],[22.848,58.774],[22.782,58.786],[22.826,58.82],[22.798,58.825],[22.743,58.803],[22.67,58.709],[22.556,58.687],[22.463,58.716],[22.44,58.841],[22.382,58.882],[22.174,58.89],[22.048,58.941],[22.444,58.97],[22.588,59.086],[22.667,59.085],[22.709,59.07]]],[[[128.417,72.869],[128.994,72.932],[129.22,72.926],[129.396,72.867],[129.415,72.815],[129.335,72.774],[129.207,72.762],[128.319,72.812],[128.417,72.869]]],[[[161.388,69.462],[161.293,69.414],[161.352,69.378],[161.373,69.298],[161.319,69.243],[161.389,69.188],[161.392,69.102],[161.517,68.98],[161.486,68.906],[161.409,68.893],[161.477,68.975],[161.454,69.001],[161.138,69.09],[161.129,69.235],[161.169,69.325],[161.068,69.414],[161.099,69.468],[161.374,69.544],[161.388,69.462]]],[[[135.66,74.11],[135.437,74.163],[135.354,74.259],[135.591,74.235],[136.026,74.098],[136.259,73.991],[136.268,73.931],[136.154,73.879],[136.082,73.898],[136.042,73.938],[135.731,74.042],[135.66,74.11]]],[[[137.482,71.484],[137.267,71.49],[137.411,71.456],[137.339,71.429],[136.992,71.518],[137.217,71.576],[137.707,71.596],[137.852,71.584],[137.966,71.511],[137.696,71.419],[137.482,71.484]]],[[[128.653,72.676],[128.869,72.652],[128.974,72.594],[128.654,72.528],[128.384,72.553],[128.109,72.635],[128.653,72.676]]],[[[149.453,76.769],[149.263,76.711],[149.251,76.633],[148.454,76.623],[148.441,76.644],[148.866,76.734],[149.453,76.769]]],[[[120.23,73.039],[119.703,73.046],[119.765,73.073],[119.634,73.128],[120.023,73.168],[120.279,73.101],[120.21,73.053],[120.23,73.039]]],[[[137.071,55.01],[137.086,54.953],[137.062,54.928],[136.942,54.923],[136.896,54.96],[136.749,54.931],[136.741,54.886],[136.67,54.907],[136.701,54.964],[136.822,55.023],[137.043,55.106],[137.088,55.085],[137.126,55.122],[137.182,55.108],[137.071,55.01]]],[[[35.847,64.993],[35.843,64.986],[35.798,64.977],[35.751,64.955],[35.687,65.022],[35.709,65.025],[35.584,65.042],[35.502,65.105],[35.527,65.145],[35.686,65.171],[35.823,65.15],[35.864,65.079],[35.84,65.06],[35.875,65.02],[35.874,65.018],[35.853,64.996],[35.879,64.991],[35.847,64.993]]],[[[-172.114,64.791],[-172.043,64.751],[-172.633,64.684],[-172.578,64.759],[-172.4,64.837],[-172.114,64.791]]],[[[39.987,64.719],[40.248,64.691],[40.302,64.635],[40.431,64.613],[40.459,64.572],[40.196,64.574],[40.055,64.653],[39.824,64.68],[39.987,64.719]]],[[[161.61,69.448],[161.375,69.428],[161.426,69.465],[161.395,69.592],[161.454,69.602],[161.474,69.636],[161.559,69.632],[161.633,69.572],[161.61,69.448]]],[[[167.439,54.866],[167.559,54.837],[167.577,54.798],[167.734,54.762],[167.769,54.712],[167.926,54.643],[168.106,54.506],[167.5,54.786],[167.439,54.866]]],[[[23.175,58.681],[23.285,58.667],[23.343,58.644],[23.397,58.557],[23.226,58.535],[23.065,58.6],[23.175,58.681]]],[[[160.553,70.885],[160.45,70.873],[160.408,70.914],[160.424,70.927],[160.673,70.914],[160.764,70.804],[160.509,70.805],[160.553,70.885]]],[[[40.36,64.76],[40.4,64.712],[40.405,64.64],[40.328,64.637],[40.252,64.699],[40.065,64.761],[40.36,64.76]]],[[[152.555,76.139],[152.868,76.191],[152.89,76.131],[152.776,76.083],[152.555,76.139]]],[[[19.868,60.229],[19.925,60.233],[19.942,60.182],[20.026,60.153],[20.046,60.093],[19.946,60.085],[19.811,60.177],[19.868,60.229]]],[[[161.817,69.657],[161.906,69.642],[161.894,69.571],[161.78,69.549],[161.678,69.601],[161.673,69.637],[161.817,69.657]]],[[[150.701,59.14],[150.78,59.104],[150.612,59.006],[150.472,59.004],[150.663,59.095],[150.701,59.14]]],[[[116.124,74.321],[116.061,74.287],[115.894,74.304],[115.942,74.369],[116.063,74.371],[116.124,74.321]]],[[[42.677,66.682],[42.485,66.707],[42.43,66.748],[42.456,66.774],[42.63,66.756],[42.677,66.682]]],[[[23.162,58.969],[23.122,59.034],[23.344,59.039],[23.393,58.998],[23.162,58.969]]],[[[20.101,60.091],[20.19,60.065],[20.224,60.006],[20.194,59.981],[20.134,59.993],[20.035,60.063],[20.101,60.091]]],[[[21.997,60.356],[21.964,60.348],[21.998,60.334],[21.79,60.381],[21.846,60.41],[21.801,60.444],[21.814,60.469],[21.889,60.45],[21.939,60.405],[21.895,60.396],[21.997,60.356]]],[[[137.548,54.515],[137.62,54.566],[137.65,54.482],[137.609,54.441],[137.637,54.402],[137.567,54.398],[137.548,54.515]]],[[[-172.5,64.642],[-172.455,64.62],[-172.519,64.593],[-172.673,64.603],[-172.723,64.628],[-172.697,64.652],[-172.5,64.642]]],[[[47.867,43.988],[47.753,43.928],[47.641,43.946],[47.664,43.996],[47.839,44.001],[47.867,43.988]]],[[[137.834,54.491],[137.918,54.505],[137.923,54.466],[137.848,54.438],[137.823,54.388],[137.718,54.369],[137.834,54.491]]],[[[52.699,45.405],[52.628,45.41],[52.562,45.457],[52.598,45.518],[52.657,45.519],[52.699,45.405]]],[[[161.49,70.827],[161.653,70.814],[161.695,70.75],[161.463,70.805],[161.49,70.827]]],[[[49.82,46.217],[49.781,46.226],[49.722,46.338],[49.749,46.357],[49.837,46.288],[49.82,46.217]]],[[[36.274,65.157],[36.036,65.127],[35.93,65.153],[35.934,65.18],[35.989,65.193],[35.957,65.181],[35.957,65.17],[36.274,65.157]]],[[[19.608,60.254],[19.673,60.163],[19.592,60.197],[19.599,60.149],[19.547,60.134],[19.514,60.179],[19.608,60.254]]],[[[50.283,44.956],[50.257,44.985],[50.279,45.071],[50.352,45.074],[50.324,44.974],[50.283,44.956]]],[[[22.387,60.052],[22.413,60.085],[22.446,60.07],[22.441,60.002],[22.38,59.997],[22.349,60.06],[22.368,60.08],[22.387,60.052]]],[[[50.639,44.935],[50.628,44.967],[50.732,44.932],[50.761,44.865],[50.705,44.859],[50.687,44.912],[50.639,44.935]]],[[[28.696,60.267],[28.571,60.292],[28.541,60.347],[28.721,60.288],[28.696,60.267]]],[[[22.74,63.721],[22.688,63.757],[22.763,63.791],[22.829,63.776],[22.74,63.721]]],[[[22.313,60.321],[22.393,60.354],[22.477,60.321],[22.395,60.293],[22.367,60.293],[22.388,60.321],[22.313,60.321]]],[[[25.677,60.245],[25.636,60.204],[25.565,60.275],[25.582,60.295],[25.677,60.245]]],[[[35.913,65.015],[35.88,65.042],[35.979,65.057],[36.024,65.039],[35.913,65.015]]],[[[22.072,60.197],[22.011,60.17],[22.038,60.156],[22.013,60.139],[21.935,60.176],[22.072,60.197]]],[[[24.021,58.129],[23.97,58.1],[23.943,58.116],[23.957,58.152],[24.011,58.153],[24.021,58.129]]],[[[21.281,60.566],[21.222,60.604],[21.268,60.644],[21.299,60.567],[21.281,60.566]]],[[[53.464,39.57],[53.482,39.594],[53.537,39.541],[53.507,39.509],[53.464,39.57]]],[[[21.22,62.953],[21.147,62.953],[21.137,63.004],[21.172,63.002],[21.22,62.953]]],[[[22.213,60.21],[22.268,60.252],[22.295,60.22],[22.23,60.187],[22.213,60.21]]],[[[50.354,40.4],[50.326,40.461],[50.359,40.474],[50.389,40.404],[50.354,40.4]]],[[[26.952,60.099],[27.015,60.051],[27.023,60.024],[26.983,60.021],[26.952,60.099]]],[[[21.258,60.497],[21.229,60.56],[21.325,60.482],[21.3,60.488],[21.258,60.497]]],[[[27.809,59.988],[27.825,60.029],[27.881,60.012],[27.888,59.999],[27.809,59.988]]],[[[28.501,60.313],[28.439,60.366],[28.501,60.355],[28.52,60.317],[28.501,60.313]]]]}}]}