{"type":"FeatureCollection","features":[{"type":"Feature","properties":{"lite":true,"src":"data/years/1945-06-29.geojson"},"geometry":{"type":"MultiPolygon","coordinates":[[[[12.785,54.391],[12.855,54.358],[12.928,54.414],[13.034,54.434],[13.029,54.402],[13.096,54.372],[13.077,54.352],[13.115,54.28],[13.286,54.235],[13.349,54.18],[13.322,54.167],[13.389,54.171],[13.465,54.098],[13.712,54.174],[13.698,54.153],[13.805,54.103],[13.746,54.036],[13.899,53.934],[13.819,53.878],[13.817,53.853],[14.037,53.755],[14.26,53.752],[14.225,53.704],[14.305,53.713],[14.294,53.749],[14.532,53.657],[14.591,53.598],[14.624,53.653],[14.576,53.66],[14.546,53.706],[14.575,53.767],[14.624,53.77],[14.631,53.851],[14.583,53.815],[14.576,53.855],[14.441,53.87],[14.432,53.906],[14.363,53.879],[14.412,53.853],[14.33,53.818],[14.203,53.878],[13.842,53.85],[13.822,53.865],[13.932,53.899],[13.907,53.993],[13.973,53.989],[13.959,53.941],[14.048,53.941],[14.051,54.005],[13.946,54.067],[13.888,54.01],[13.864,54.008],[13.864,54.05],[13.774,54.023],[13.815,54.101],[13.758,54.158],[13.814,54.173],[13.883,54.102],[14.018,54.06],[14.237,53.929],[14.407,53.922],[14.785,54.035],[15.859,54.25],[16.132,54.284],[16.07,54.263],[16.179,54.263],[16.215,54.3],[16.138,54.29],[16.275,54.359],[16.232,54.323],[16.324,54.35],[16.325,54.373],[16.282,54.359],[16.44,54.488],[16.473,54.482],[16.446,54.488],[16.504,54.534],[16.94,54.606],[17.035,54.667],[17.337,54.749],[18.152,54.838],[18.337,54.834],[18.751,54.69],[18.812,54.645],[18.822,54.599],[18.708,54.701],[18.448,54.79],[18.415,54.753],[18.473,54.687],[18.476,54.64],[18.523,54.647],[18.571,54.548],[18.574,54.45],[18.717,54.382],[19.002,54.345],[19.377,54.378],[19.627,54.461],[19.832,54.598],[19.959,54.764],[19.921,54.889],[19.973,54.962],[20.407,54.952],[20.634,55.049],[20.822,55.181],[21.043,55.409],[21.093,55.54],[21.098,55.705],[21.135,55.628],[21.103,55.422],[21.047,55.33],[20.842,55.149],[20.532,54.964],[20.969,54.9],[21.229,54.939],[21.182,55.191],[21.267,55.211],[21.289,55.287],[21.198,55.575],[21.058,55.783],[21.059,56.056],[20.974,56.237],[20.969,56.365],[20.999,56.508],[21.069,56.436],[21.027,56.613],[21.061,56.838],[21.261,56.923],[21.396,57.027],[21.419,57.284],[21.704,57.558],[21.992,57.596],[22.482,57.74],[22.607,57.749],[22.595,57.638],[22.643,57.585],[23.135,57.364],[23.256,57.101],[23.655,56.966],[23.985,57.022],[24.223,57.129],[24.404,57.251],[24.409,57.354],[24.289,57.832],[24.457,58.076],[24.469,58.238],[24.555,58.325],[24.459,58.378],[24.331,58.387],[24.243,58.275],[24.105,58.236],[23.973,58.316],[23.729,58.371],[23.624,58.525],[23.508,58.573],[23.496,58.694],[23.538,58.742],[23.864,58.773],[23.798,58.8],[23.482,58.812],[23.424,58.912],[23.438,58.938],[23.637,58.974],[23.624,59.01],[23.569,59.041],[23.601,59.013],[23.556,58.988],[23.468,58.984],[23.414,59.016],[23.482,59.089],[23.466,59.199],[23.502,59.225],[23.719,59.23],[23.735,59.273],[23.828,59.29],[24.027,59.288],[24.044,59.391],[24.206,59.344],[24.356,59.472],[24.723,59.453],[24.793,59.565],[24.918,59.507],[25.155,59.532],[25.399,59.488],[25.489,59.565],[25.483,59.653],[25.665,59.563],[25.705,59.571],[25.684,59.657],[25.711,59.665],[25.873,59.599],[25.982,59.632],[26.488,59.533],[26.651,59.553],[26.973,59.444],[27.437,59.448],[27.888,59.409],[27.978,59.44],[28.066,59.544],[28.063,59.603],[27.994,59.692],[28.009,59.758],[28.074,59.794],[28.172,59.766],[28.244,59.678],[28.367,59.661],[28.419,59.703],[28.436,59.82],[28.494,59.854],[28.727,59.782],[28.832,59.783],[28.981,59.83],[29.027,59.867],[29.062,59.968],[29.196,60.007],[29.792,59.936],[30.076,59.868],[30.218,59.897],[30.234,59.983],[29.95,60.027],[29.902,60.121],[29.824,60.168],[29.58,60.199],[29.401,60.159],[29.045,60.182],[28.787,60.335],[28.597,60.388],[28.455,60.544],[28.504,60.551],[28.582,60.49],[28.706,60.461],[28.666,60.579],[28.556,60.608],[28.578,60.637],[28.678,60.612],[28.732,60.677],[28.731,60.716],[28.677,60.736],[28.41,60.665],[28.341,60.594],[28.145,60.529],[27.811,60.544],[27.943,60.621],[28.053,60.628],[28.093,60.672],[28.159,60.681],[28.241,60.771],[28.409,60.831],[28.491,60.921],[28.646,60.971],[28.815,61.104],[29.214,61.253],[29.802,61.604],[30.706,62.212],[31.258,62.508],[31.432,62.761],[31.582,62.908],[31.22,63.223],[30.715,63.424],[30.479,63.481],[30.011,63.739],[30.264,63.823],[30.595,64.047],[30.613,64.094],[30.564,64.241],[30.064,64.405],[30.088,64.481],[30.013,64.511],[29.98,64.576],[30.207,64.663],[30.143,64.772],[29.806,64.796],[29.653,64.905],[29.609,65.004],[29.646,65.072],[29.869,65.12],[29.848,65.218],[29.604,65.246],[29.749,65.346],[29.748,65.514],[29.798,65.537],[29.839,65.619],[29.909,65.631],[29.958,65.679],[30.12,65.668],[30.135,65.709],[30.072,65.869],[30.069,66.009],[29.859,66.219],[29.758,66.226],[29.633,66.329],[29.554,66.47],[29.355,66.678],[29.131,66.819],[29.075,66.904],[29.135,67.015],[29.523,67.293],[29.933,67.514],[30.029,67.695],[29.692,67.815],[29.357,68.083],[28.697,68.195],[28.464,68.53],[28.739,68.734],[28.817,68.847],[28.738,68.876],[28.474,68.874],[28.438,68.902],[28.918,69.044],[28.829,69.093],[28.866,69.216],[29.229,69.377],[29.344,69.464],[29.131,69.674],[28.801,69.733],[28.806,70.081],[29.138,70.058],[29.169,70.033],[29.131,70.017],[29.158,70.009],[29.344,70.017],[29.686,69.97],[29.364,69.86],[29.536,69.914],[29.74,69.903],[29.77,69.834],[29.587,69.722],[29.509,69.709],[29.532,69.7],[29.488,69.661],[29.679,69.735],[29.902,69.736],[30.029,69.776],[30.063,69.77],[29.937,69.706],[29.939,69.688],[30.07,69.739],[30.186,69.688],[30.111,69.756],[30.207,69.77],[30.16,69.814],[30.166,69.876],[30.29,69.886],[30.314,69.865],[30.269,69.845],[30.403,69.829],[30.41,69.704],[30.338,69.674],[30.36,69.667],[30.444,69.678],[30.451,69.81],[30.695,69.809],[30.717,69.77],[30.838,69.803],[30.928,69.669],[30.901,69.547],[30.941,69.574],[30.943,69.691],[30.868,69.791],[31.774,69.681],[31.798,69.689],[31.693,69.735],[31.714,69.823],[31.756,69.846],[31.857,69.845],[32.042,69.769],[32.097,69.793],[31.918,69.924],[31.939,69.964],[32.057,69.959],[32.467,69.848],[32.58,69.782],[32.917,69.777],[33.129,69.724],[33.104,69.645],[32.896,69.583],[32.11,69.676],[32.026,69.637],[32.1,69.594],[32.427,69.57],[32.481,69.509],[32.203,69.429],[32.668,69.5],[33.024,69.47],[32.806,69.303],[32.901,69.31],[32.975,69.388],[33.326,69.449],[33.511,69.423],[33.47,69.35],[33.242,69.269],[33.474,69.275],[33.535,69.207],[33.519,69.183],[33.274,69.104],[33.043,69.07],[33.011,68.967],[33.078,69.06],[33.441,69.103],[33.568,69.184],[33.562,69.283],[33.644,69.326],[34.362,69.317],[34.647,69.251],[35.108,69.22],[35.185,69.181],[35.261,69.218],[35.182,69.274],[35.837,69.199],[37.774,68.676],[38.327,68.439],[38.433,68.339],[38.609,68.327],[38.528,68.365],[38.632,68.382],[38.929,68.304],[39.109,68.211],[39.528,68.069],[39.853,68.044],[39.737,68.151],[39.779,68.163],[39.92,68.111],[39.986,68.029],[40.145,67.951],[40.363,67.899],[40.407,67.862],[40.331,67.847],[40.484,67.749],[40.697,67.77],[40.804,67.725],[40.994,67.714],[41.055,67.636],[41.036,67.468],[41.149,67.416],[41.111,67.251],[41.224,67.213],[41.32,67.227],[41.39,67.123],[41.217,66.836],[40.737,66.587],[40.719,66.543],[40.566,66.454],[40.173,66.339],[40.066,66.276],[39.277,66.119],[38.609,66.052],[37.913,66.087],[37.016,66.269],[36.382,66.299],[35.509,66.388],[34.846,66.605],[34.48,66.533],[34.364,66.612],[34.433,66.644],[33.858,66.692],[33.777,66.761],[33.599,66.823],[33.519,66.813],[33.628,66.746],[33.536,66.72],[33.253,66.794],[32.837,66.98],[32.794,67.086],[32.668,67.119],[32.365,67.162],[32.069,67.133],[31.859,67.153],[31.923,67.122],[32.262,67.122],[32.541,67.006],[32.518,66.882],[32.909,66.77],[32.931,66.736],[32.802,66.727],[32.97,66.686],[33.221,66.679],[33.318,66.639],[33.122,66.647],[33.066,66.595],[32.871,66.581],[33.084,66.581],[33.241,66.616],[33.427,66.589],[33.505,66.537],[33.199,66.564],[32.96,66.53],[33.076,66.505],[33.246,66.53],[33.445,66.467],[33.608,66.489],[33.71,66.428],[33.323,66.32],[33.554,66.322],[34.109,66.249],[34.567,66.078],[34.851,65.897],[34.96,65.718],[34.89,65.705],[34.689,65.802],[34.69,65.717],[34.777,65.6],[34.675,65.451],[34.495,65.45],[34.381,65.383],[34.474,65.278],[34.637,65.239],[34.685,65.183],[34.682,65.108],[34.793,65.017],[34.775,64.969],[34.936,64.838],[34.955,64.653],[34.788,64.548],[34.946,64.515],[34.961,64.458],[35.325,64.327],[35.538,64.355],[35.595,64.404],[35.806,64.343],[35.984,64.196],[36.11,64.231],[36.274,64.146],[36.282,64.01],[36.833,63.911],[37.171,63.889],[37.297,63.813],[37.423,63.805],[37.538,63.822],[37.653,63.923],[37.872,63.915],[37.997,63.956],[38.08,64.021],[38.047,64.148],[37.912,64.23],[37.979,64.317],[37.814,64.388],[37.801,64.42],[37.688,64.423],[37.36,64.352],[37.145,64.409],[36.729,64.716],[36.56,64.746],[36.44,64.938],[36.653,64.923],[36.833,64.992],[36.867,65.076],[36.839,65.162],[37.043,65.207],[37.692,65.056],[37.734,65.033],[37.744,64.969],[38.004,64.871],[38.404,64.854],[38.361,64.805],[38.039,64.76],[38.041,64.643],[38.159,64.671],[38.193,64.72],[38.491,64.761],[38.54,64.798],[38.931,64.744],[39.546,64.563],[39.737,64.553],[39.916,64.61],[39.794,64.595],[39.817,64.661],[39.864,64.666],[40.06,64.621],[40.164,64.562],[40.497,64.535],[40.532,64.565],[40.415,64.722],[40.45,64.789],[40.376,64.924],[40.28,65.012],[40.149,65.049],[39.721,65.375],[39.704,65.464],[39.751,65.55],[39.916,65.633],[40.413,65.776],[40.704,65.968],[41.008,65.999],[41.425,66.09],[41.805,66.265],[42.177,66.525],[42.586,66.464],[42.653,66.443],[42.67,66.396],[43.293,66.424],[43.646,66.283],[43.692,66.237],[43.294,66.091],[43.355,66.039],[43.516,65.976],[43.517,66.037],[43.397,66.08],[43.691,66.177],[43.857,66.177],[44.047,66.078],[44.041,65.991],[44.174,65.875],[44.15,66.048],[44.077,66.202],[44.166,66.374],[44.244,66.454],[44.36,66.508],[44.395,66.621],[44.483,66.674],[44.365,66.784],[44.485,66.836],[44.496,66.908],[44.408,67.012],[44.193,67.131],[44.08,67.174],[43.903,67.16],[43.781,67.196],[43.752,67.312],[43.789,67.395],[44.041,67.679],[44.114,67.707],[44.072,67.714],[44.117,67.734],[44.125,67.807],[44.087,67.84],[44.089,67.886],[44.258,67.928],[44.126,67.938],[44.244,68.266],[44.041,68.376],[43.334,68.607],[43.272,68.663],[43.311,68.685],[43.487,68.678],[44.053,68.545],[45.265,68.574],[45.904,68.482],[45.959,68.449],[46.026,68.327],[46.525,68.139],[46.567,67.997],[46.714,67.92],[46.708,67.816],[46.385,67.825],[46.004,67.768],[45.625,67.746],[45.616,67.768],[45.371,67.73],[45.306,67.702],[45.351,67.664],[45.316,67.593],[45.16,67.579],[45.003,67.512],[44.932,67.457],[44.914,67.37],[45.125,67.28],[45.577,67.183],[45.825,66.899],[45.973,66.846],[46.28,66.837],[46.489,66.879],[46.597,66.858],[46.405,66.746],[46.596,66.82],[46.924,66.842],[47.41,66.929],[47.503,66.917],[47.706,66.993],[47.743,67.036],[47.75,67.121],[47.686,67.191],[47.777,67.295],[47.792,67.36],[47.948,67.445],[47.817,67.582],[48.0,67.652],[48.144,67.626],[48.257,67.683],[48.489,67.665],[48.699,67.716],[49.093,67.636],[48.881,67.724],[48.782,67.837],[48.586,67.934],[48.67,67.935],[48.922,67.849],[49.226,67.874],[50.018,68.091],[49.853,68.019],[49.992,68.056],[50.2,68.169],[50.525,68.255],[50.778,68.379],[50.896,68.342],[51.068,68.35],[51.569,68.436],[51.532,68.454],[51.562,68.483],[51.881,68.509],[52.178,68.583],[52.217,68.585],[52.179,68.505],[52.361,68.475],[52.284,68.413],[52.141,68.382],[52.249,68.318],[52.337,68.324],[52.678,68.423],[52.73,68.483],[52.491,68.586],[52.504,68.62],[52.638,68.642],[52.506,68.629],[52.409,68.585],[52.279,68.598],[52.328,68.633],[53.25,68.878],[53.775,68.967],[54.348,69.012],[54.56,69.0],[54.338,68.955],[53.604,68.908],[53.665,68.866],[53.719,68.863],[53.691,68.886],[53.728,68.897],[54.026,68.845],[53.931,68.81],[53.814,68.684],[53.727,68.64],[53.89,68.523],[53.943,68.404],[53.803,68.345],[53.602,68.408],[53.577,68.401],[53.691,68.345],[53.425,68.364],[53.32,68.346],[53.211,68.269],[53.349,68.238],[53.808,68.251],[53.962,68.214],[54.088,68.246],[54.172,68.31],[54.197,68.301],[54.173,68.262],[54.203,68.21],[54.505,68.312],[54.68,68.179],[54.809,68.169],[54.918,68.24],[54.917,68.283],[54.856,68.324],[54.937,68.399],[55.393,68.564],[55.7,68.577],[55.998,68.66],[56.358,68.611],[56.63,68.642],[56.848,68.572],[57.276,68.556],[57.398,68.581],[57.45,68.651],[57.604,68.742],[57.926,68.751],[57.972,68.786],[57.958,68.846],[58.17,68.889],[58.242,68.889],[58.203,68.836],[58.284,68.776],[58.378,68.756],[58.338,68.736],[58.424,68.743],[58.283,68.796],[58.254,68.842],[58.273,68.895],[58.879,69.003],[59.2,69.003],[58.903,68.934],[59.101,68.909],[59.423,68.761],[59.404,68.703],[59.178,68.696],[59.062,68.62],[59.086,68.419],[59.643,68.34],[59.777,68.36],[59.858,68.381],[59.964,68.466],[59.872,68.582],[59.764,68.637],[59.811,68.688],[59.911,68.72],[60.087,68.687],[60.435,68.714],[60.612,68.766],[60.802,68.889],[60.914,68.905],[60.944,68.991],[60.93,69.087],[60.895,69.123],[60.756,69.173],[60.728,69.173],[60.742,69.119],[60.695,69.102],[60.592,69.133],[60.593,69.25],[60.541,69.313],[60.292,69.462],[60.216,69.553],[60.139,69.578],[60.156,69.629],[60.232,69.665],[60.65,69.673],[60.637,69.726],[60.706,69.824],[60.926,69.867],[61.801,69.761],[62.632,69.742],[63.411,69.671],[64.129,69.55],[65.004,69.304],[64.835,69.287],[64.766,69.183],[64.786,69.147],[64.939,69.208],[64.926,69.262],[65.077,69.27],[65.397,69.183],[65.903,69.113],[65.662,69.115],[65.696,69.084],[66.114,69.037],[66.581,68.906],[67.09,68.856],[67.115,68.836],[67.042,68.795],[67.196,68.707],[67.331,68.697],[67.583,68.604],[67.808,68.503],[67.72,68.51],[67.793,68.479],[68.158,68.412],[68.256,68.339],[68.186,68.242],[68.247,68.248],[68.237,68.206],[68.265,68.188],[68.436,68.225],[68.564,68.31],[68.57,68.383],[68.923,68.637],[69.103,68.869],[68.982,68.875],[68.952,68.903],[69.198,68.957],[69.018,68.963],[68.783,68.911],[68.458,68.98],[68.362,69.077],[68.052,69.277],[68.021,69.335],[68.099,69.401],[68.099,69.545],[68.031,69.536],[68.014,69.514],[68.04,69.49],[67.96,69.485],[67.785,69.517],[67.613,69.592],[67.01,69.699],[66.972,69.688],[66.999,69.653],[66.934,69.631],[66.958,69.537],[66.914,69.526],[66.797,69.579],[66.768,69.756],[66.886,70.014],[66.979,70.057],[67.006,70.03],[66.968,69.993],[66.985,69.97],[67.066,69.967],[67.232,70.012],[67.325,70.102],[67.28,70.106],[67.284,70.166],[67.254,70.176],[67.265,70.145],[67.243,70.145],[67.09,70.214],[67.259,70.461],[67.221,70.548],[67.335,70.758],[67.229,70.826],[67.107,70.835],[66.686,70.765],[66.612,70.884],[66.771,70.96],[66.888,71.08],[66.817,71.1],[66.745,71.05],[66.767,71.013],[66.711,71.0],[66.642,71.01],[66.621,71.058],[66.811,71.164],[66.913,71.295],[67.367,71.359],[67.969,71.541],[68.416,71.786],[68.654,72.082],[68.977,72.696],[69.232,72.805],[69.33,72.946],[69.465,72.975],[69.795,72.962],[69.774,72.936],[69.556,72.907],[69.604,72.879],[71.566,72.915],[72.008,72.834],[71.824,72.813],[71.885,72.798],[72.132,72.832],[72.837,72.71],[72.809,72.649],[72.732,72.597],[72.837,72.513],[72.799,72.481],[72.799,72.413],[72.874,72.281],[72.737,72.196],[72.513,71.908],[72.342,71.852],[72.32,71.823],[72.36,71.717],[72.194,71.601],[71.859,71.535],[71.805,71.477],[71.916,71.385],[72.165,71.264],[72.637,71.131],[72.676,71.091],[72.63,71.016],[72.837,70.868],[72.775,70.695],[72.683,70.617],[72.775,70.539],[72.773,70.421],[72.638,70.39],[72.436,70.286],[72.467,70.24],[72.62,70.164],[72.573,70.095],[72.491,70.049],[72.691,69.837],[72.655,69.751],[72.56,69.688],[72.535,69.63],[72.628,69.51],[72.647,69.295],[72.508,69.217],[72.473,69.15],[72.554,68.977],[72.777,68.823],[73.539,68.581],[73.635,68.517],[73.646,68.457],[73.606,68.432],[73.6,68.479],[73.527,68.475],[73.449,68.435],[73.411,68.366],[73.103,68.219],[73.073,68.091],[73.202,67.976],[73.204,67.866],[73.074,67.816],[73.113,67.759],[73.095,67.718],[72.908,67.69],[72.852,67.635],[72.556,67.602],[72.537,67.516],[72.397,67.458],[72.454,67.401],[72.408,67.33],[72.048,67.298],[72.052,67.268],[72.213,67.224],[72.226,67.16],[72.104,67.186],[71.994,67.056],[71.748,66.917],[71.522,66.92],[71.41,66.967],[71.405,66.927],[71.516,66.76],[71.593,66.72],[71.597,66.686],[71.55,66.644],[71.082,66.628],[71.044,66.604],[71.124,66.584],[70.981,66.534],[70.686,66.509],[70.319,66.584],[70.293,66.619],[70.314,66.651],[70.679,66.713],[70.738,66.748],[70.706,66.76],[70.577,66.754],[70.547,66.742],[70.606,66.741],[70.531,66.73],[70.542,66.7],[70.33,66.677],[70.152,66.71],[69.892,66.832],[69.612,66.789],[69.382,66.828],[68.972,66.806],[69.105,66.77],[69.113,66.619],[69.386,66.513],[69.73,66.484],[70.376,66.332],[70.974,66.367],[71.429,66.356],[71.679,66.324],[71.833,66.235],[72.003,66.231],[72.347,66.306],[72.395,66.416],[72.357,66.515],[72.297,66.509],[72.475,66.611],[72.936,66.656],[73.002,66.739],[73.509,66.83],[73.656,66.941],[73.853,66.985],[73.873,67.052],[73.92,67.078],[73.893,67.12],[73.951,67.224],[73.9,67.296],[74.099,67.432],[74.74,67.692],[74.821,67.93],[74.726,68.149],[74.593,68.254],[74.334,68.386],[74.459,68.509],[74.416,68.618],[74.455,68.694],[74.628,68.775],[75.192,68.875],[76.114,68.978],[76.583,68.975],[76.699,68.869],[76.622,68.8],[76.663,68.763],[77.324,68.524],[77.301,68.379],[77.165,68.292],[77.36,68.228],[77.199,67.98],[77.304,67.909],[77.217,67.826],[77.092,67.833],[77.082,67.789],[77.776,67.566],[78.047,67.544],[78.233,67.585],[78.371,67.55],[78.741,67.592],[78.952,67.558],[79.041,67.573],[78.857,67.647],[78.723,67.648],[78.578,67.602],[78.463,67.633],[78.573,67.633],[78.605,67.662],[78.459,67.685],[78.114,67.657],[78.012,67.695],[77.893,67.69],[77.934,67.725],[77.6,67.726],[77.465,67.761],[77.472,67.995],[77.537,68.129],[77.709,68.222],[78.168,68.271],[78.088,68.356],[77.957,68.396],[77.909,68.469],[77.947,68.484],[77.929,68.517],[77.775,68.521],[77.716,68.613],[77.746,68.692],[77.692,68.871],[77.644,68.905],[76.921,69.009],[76.727,69.129],[76.41,69.142],[76.005,69.238],[75.483,69.254],[75.144,69.157],[75.154,69.119],[75.108,69.104],[74.751,69.079],[74.336,69.142],[73.934,69.074],[73.752,69.169],[73.896,69.415],[73.846,69.493],[73.635,69.626],[73.517,69.748],[73.65,69.876],[73.765,70.079],[73.688,70.135],[73.708,70.161],[74.007,70.305],[74.078,70.384],[74.267,70.48],[74.33,70.539],[74.321,70.655],[74.263,70.709],[73.929,70.847],[73.895,70.967],[73.727,71.045],[73.527,71.263],[73.016,71.419],[73.498,71.665],[73.521,71.719],[73.471,71.774],[73.525,71.822],[74.49,71.994],[74.981,72.128],[75.088,72.234],[75.109,72.391],[75.041,72.626],[74.764,72.8],[74.768,72.826],[75.037,72.882],[75.502,72.767],[75.531,72.741],[75.411,72.697],[75.712,72.558],[75.594,72.545],[75.557,72.496],[75.667,72.333],[75.753,72.305],[75.746,72.27],[75.593,72.213],[75.516,72.15],[75.516,72.076],[75.418,72.027],[75.439,71.986],[75.284,71.952],[75.281,71.894],[75.224,71.842],[75.218,71.792],[75.274,71.735],[75.506,71.652],[75.498,71.57],[75.532,71.543],[75.427,71.486],[75.442,71.462],[75.237,71.448],[75.263,71.366],[75.857,71.25],[76.889,71.19],[76.914,71.182],[76.882,71.16],[76.915,71.073],[76.959,71.104],[76.929,71.161],[77.005,71.184],[77.558,71.174],[77.838,71.124],[77.949,70.976],[78.279,70.942],[78.436,70.886],[78.598,70.928],[79.031,70.935],[79.108,71.007],[78.884,71.005],[78.902,70.976],[78.753,70.934],[78.546,70.958],[78.481,70.926],[78.442,70.955],[78.488,71.012],[78.463,71.024],[78.529,71.035],[78.535,71.065],[78.498,71.079],[78.523,71.095],[78.357,71.092],[78.498,71.044],[78.452,71.036],[78.25,71.097],[78.235,71.124],[78.311,71.208],[78.287,71.251],[77.93,71.258],[77.901,71.313],[78.007,71.364],[77.982,71.373],[77.738,71.313],[77.726,71.281],[77.45,71.324],[77.525,71.305],[77.492,71.301],[77.191,71.368],[77.116,71.421],[76.713,71.463],[76.554,71.527],[76.267,71.574],[76.016,71.918],[76.398,72.006],[76.899,72.051],[77.584,71.831],[77.759,71.826],[78.11,71.88],[78.226,71.96],[78.017,72.099],[77.913,72.118],[77.512,72.062],[77.4,72.077],[77.376,72.101],[77.442,72.21],[77.67,72.189],[77.879,72.301],[78.127,72.385],[78.232,72.364],[78.499,72.383],[78.498,72.408],[78.846,72.374],[79.391,72.386],[80.109,72.187],[80.825,72.087],[80.851,72.067],[80.821,72.025],[80.732,72.045],[80.798,72.07],[80.637,72.051],[81.25,71.859],[81.307,71.776],[81.589,71.72],[82.068,71.701],[82.866,71.786],[82.993,71.731],[83.251,71.726],[83.318,71.673],[83.175,71.577],[83.028,71.551],[82.987,71.459],[83.027,71.414],[82.259,71.258],[82.355,71.089],[82.204,71.012],[82.208,70.987],[82.416,70.776],[82.216,70.682],[82.16,70.635],[82.193,70.652],[82.188,70.622],[82.082,70.565],[82.153,70.518],[82.24,70.277],[82.346,70.199],[82.161,70.574],[82.433,70.609],[82.522,70.773],[82.482,70.806],[82.579,70.911],[82.69,70.962],[82.895,70.944],[82.876,70.995],[82.901,71.001],[82.967,70.934],[83.133,70.882],[83.136,70.766],[83.029,70.618],[83.063,70.633],[83.058,70.598],[82.998,70.571],[83.052,70.501],[83.018,70.426],[82.656,70.253],[82.672,70.193],[82.645,70.181],[83.11,70.07],[83.179,70.086],[83.158,70.099],[83.184,70.137],[83.132,70.205],[82.952,70.325],[83.335,70.311],[83.532,70.339],[83.746,70.46],[83.723,70.586],[83.6,70.7],[83.477,70.911],[83.308,71.076],[83.208,71.079],[83.188,71.111],[83.255,71.116],[83.15,71.242],[83.373,71.368],[83.384,71.466],[83.541,71.497],[83.619,71.557],[83.619,71.631],[83.412,71.751],[83.418,71.793],[83.372,71.83],[83.039,71.886],[82.677,71.88],[82.471,72.015],[82.185,72.094],[82.3,72.134],[82.307,72.183],[82.199,72.28],[81.209,72.355],[80.727,72.523],[80.704,72.545],[80.823,72.619],[80.675,72.65],[80.629,72.719],[80.806,72.844],[80.836,72.909],[80.811,72.973],[80.688,73.058],[80.437,73.101],[80.587,73.115],[80.573,73.134],[80.231,73.176],[80.564,73.222],[80.54,73.269],[80.253,73.323],[80.352,73.383],[80.587,73.432],[80.672,73.502],[80.515,73.488],[80.52,73.573],[81.652,73.652],[83.451,73.656],[84.792,73.765],[85.3,73.703],[85.472,73.72],[85.48,73.768],[85.586,73.819],[85.869,73.824],[86.017,73.867],[86.783,73.902],[87.08,73.871],[87.102,73.843],[87.018,73.781],[86.353,73.611],[86.105,73.583],[85.786,73.471],[85.797,73.365],[85.833,73.332],[86.217,73.261],[86.316,73.181],[86.663,73.122],[86.783,73.001],[86.773,73.072],[86.688,73.134],[86.326,73.254],[85.875,73.344],[85.845,73.372],[85.842,73.452],[85.885,73.497],[86.204,73.558],[87.179,73.618],[87.339,73.703],[87.249,73.691],[87.296,73.74],[87.617,73.824],[87.664,73.891],[87.533,73.909],[87.527,73.86],[87.473,73.825],[87.321,73.831],[86.94,74.033],[87.202,74.042],[87.406,74.012],[87.367,74.043],[86.852,74.074],[86.728,74.132],[86.792,74.178],[86.761,74.206],[86.571,74.249],[86.02,74.263],[85.95,74.283],[85.907,74.351],[86.159,74.358],[86.295,74.313],[86.263,74.381],[86.05,74.416],[86.475,74.458],[86.68,74.39],[86.954,74.389],[86.72,74.302],[87.133,74.369],[87.017,74.431],[86.788,74.422],[86.536,74.512],[86.683,74.54],[86.621,74.559],[85.74,74.636],[85.9,74.723],[86.105,74.739],[86.123,74.766],[86.028,74.814],[86.091,74.821],[86.331,74.78],[86.345,74.762],[86.227,74.76],[86.321,74.708],[86.474,74.725],[86.639,74.697],[86.606,74.668],[86.693,74.622],[86.915,74.616],[86.906,74.658],[86.944,74.678],[86.765,74.703],[86.961,74.756],[87.098,74.862],[87.379,74.946],[87.174,74.986],[87.426,75.006],[87.585,74.945],[87.557,74.961],[87.775,75.025],[86.899,75.088],[87.024,75.164],[87.964,75.102],[88.3,75.174],[88.338,75.242],[88.611,75.344],[88.96,75.429],[88.918,75.436],[89.152,75.457],[89.245,75.507],[89.395,75.449],[89.534,75.447],[89.637,75.505],[89.909,75.519],[89.94,75.546],[89.915,75.561],[89.955,75.578],[90.599,75.612],[90.886,75.671],[90.978,75.62],[91.128,75.666],[91.195,75.664],[91.217,75.632],[91.586,75.639],[91.642,75.654],[91.621,75.699],[91.701,75.736],[91.813,75.717],[92.392,75.751],[93.783,75.882],[94.154,75.946],[93.663,75.897],[93.525,75.945],[93.458,75.918],[93.494,75.895],[93.475,75.878],[93.419,75.873],[93.258,75.952],[93.313,75.97],[93.285,75.976],[93.01,75.934],[93.108,75.911],[93.02,75.887],[92.888,75.897],[92.827,75.965],[92.885,75.983],[92.954,76.067],[93.04,76.072],[93.098,76.026],[93.224,76.06],[93.121,76.096],[93.43,76.107],[93.344,76.07],[93.422,76.047],[93.388,76.021],[93.421,76.013],[93.703,76.062],[93.99,76.053],[93.671,76.092],[93.636,76.123],[93.686,76.132],[94.374,76.121],[94.498,76.05],[94.737,76.116],[94.54,76.15],[94.573,76.16],[94.834,76.15],[95.044,76.103],[95.391,76.164],[96.197,76.088],[96.004,75.993],[95.578,75.889],[95.739,75.856],[95.821,75.917],[95.937,75.949],[96.337,75.97],[96.266,75.993],[96.301,75.999],[96.518,76.016],[96.665,75.965],[96.462,75.872],[96.85,75.923],[97.251,76.043],[97.397,76.047],[97.194,75.985],[97.247,75.958],[97.186,75.931],[97.329,75.94],[97.307,75.956],[97.395,75.989],[97.824,75.988],[97.807,76.022],[97.71,76.049],[97.548,76.054],[97.713,76.096],[97.911,76.06],[98.147,76.085],[98.216,76.098],[97.918,76.123],[98.816,76.267],[98.721,76.203],[99.235,76.224],[99.296,76.205],[99.226,76.158],[99.104,76.16],[99.236,76.13],[99.573,76.155],[99.594,76.126],[99.475,76.104],[99.571,76.064],[99.663,76.083],[99.754,76.049],[99.67,75.867],[99.425,75.794],[99.571,75.78],[99.899,75.925],[99.904,75.969],[99.844,76.045],[99.877,76.092],[99.8,76.154],[99.63,76.201],[99.593,76.271],[99.395,76.278],[99.243,76.35],[99.051,76.345],[98.819,76.495],[98.875,76.521],[99.493,76.47],[100.228,76.492],[100.387,76.472],[100.851,76.54],[101.09,76.463],[101.319,76.482],[101.738,76.45],[101.869,76.4],[102.233,76.384],[101.447,76.505],[100.878,76.551],[101.104,76.616],[101.126,76.733],[101.224,76.755],[100.964,76.785],[100.871,76.831],[100.851,76.88],[100.938,76.982],[101.21,76.989],[101.234,77.047],[101.166,77.066],[101.207,77.098],[101.788,77.269],[102.076,77.391],[102.271,77.381],[102.548,77.498],[102.852,77.541],[102.899,77.582],[103.197,77.659],[103.356,77.62],[103.566,77.632],[104.024,77.733],[104.326,77.73],[104.263,77.685],[104.324,77.669],[104.75,77.706],[104.867,77.613],[105.353,77.543],[105.874,77.569],[105.912,77.474],[105.98,77.425],[106.292,77.37],[106.185,77.345],[105.761,77.364],[105.446,77.237],[104.14,77.089],[104.769,77.121],[104.923,77.084],[105.327,77.083],[105.929,77.144],[105.775,77.035],[105.489,77.025],[105.446,76.989],[105.843,76.989],[106.206,77.062],[106.756,77.001],[106.646,77.027],[106.83,77.055],[107.033,77.018],[107.286,77.021],[107.346,76.955],[107.499,76.922],[107.284,76.885],[107.355,76.869],[107.219,76.806],[107.072,76.799],[107.054,76.754],[106.612,76.559],[106.505,76.598],[106.4,76.596],[106.372,76.58],[106.417,76.509],[106.82,76.469],[106.912,76.509],[107.269,76.535],[107.575,76.504],[107.808,76.528],[107.985,76.624],[107.975,76.655],[107.902,76.671],[107.918,76.726],[107.959,76.738],[108.649,76.715],[109.397,76.76],[110.053,76.692],[110.359,76.756],[110.567,76.764],[110.738,76.724],[111.09,76.762],[111.199,76.707],[111.555,76.684],[111.472,76.618],[111.826,76.596],[112.199,76.472],[111.909,76.365],[112.258,76.454],[112.748,76.335],[112.74,76.267],[112.687,76.225],[112.513,76.238],[112.633,76.193],[112.789,76.19],[112.858,76.144],[112.792,76.079],[112.58,76.046],[112.962,76.065],[113.041,76.113],[112.987,76.144],[113.06,76.164],[113.256,76.143],[112.964,76.221],[112.932,76.26],[113.259,76.266],[113.459,76.149],[113.449,76.048],[113.549,76.021],[113.526,76.005],[113.556,75.972],[113.547,75.867],[113.621,75.892],[113.617,75.924],[113.784,75.939],[113.853,75.914],[113.89,75.847],[113.722,75.664],[113.712,75.606],[113.509,75.533],[113.422,75.539],[113.582,75.621],[113.595,75.658],[113.077,75.684],[113.135,75.707],[112.608,75.84],[112.35,75.847],[112.46,75.823],[112.518,75.774],[112.665,75.772],[112.871,75.712],[112.877,75.629],[112.795,75.585],[112.821,75.556],[113.018,75.55],[112.996,75.611],[113.267,75.651],[113.306,75.616],[113.265,75.571],[113.323,75.54],[113.536,75.507],[113.644,75.521],[113.72,75.414],[113.536,75.39],[113.669,75.366],[113.575,75.269],[113.012,75.068],[112.888,74.988],[112.141,74.877],[112.051,74.784],[111.787,74.664],[111.396,74.687],[111.02,74.601],[111.052,74.579],[110.944,74.544],[110.545,74.475],[110.287,74.478],[110.387,74.436],[110.211,74.368],[109.595,74.313],[109.682,74.288],[109.979,74.294],[109.947,74.235],[109.846,74.176],[109.481,74.077],[109.062,74.031],[108.768,73.936],[108.491,73.77],[108.191,73.67],[107.957,73.661],[107.771,73.61],[107.139,73.612],[107.103,73.574],[107.17,73.553],[106.867,73.422],[106.803,73.342],[106.671,73.303],[106.286,73.319],[106.068,73.274],[106.021,73.153],[105.853,73.095],[105.834,73.002],[105.593,72.889],[105.176,72.787],[105.198,72.774],[105.493,72.766],[105.957,72.901],[106.005,72.948],[106.28,72.962],[106.209,72.983],[106.173,73.097],[106.193,73.133],[106.359,73.194],[106.792,73.14],[107.036,73.182],[107.792,73.173],[108.092,73.246],[108.352,73.223],[108.391,73.252],[108.198,73.279],[109.184,73.384],[109.247,73.401],[109.211,73.469],[109.422,73.419],[109.321,73.484],[109.185,73.507],[109.17,73.54],[109.193,73.551],[109.52,73.451],[109.751,73.457],[110.104,73.516],[110.157,73.546],[110.089,73.56],[110.125,73.581],[110.424,73.604],[110.479,73.649],[110.914,73.697],[110.878,73.735],[110.893,73.765],[110.658,73.786],[110.263,73.697],[109.848,73.699],[109.757,73.659],[109.652,73.685],[109.528,73.779],[109.558,73.834],[109.82,73.877],[109.887,73.961],[110.022,74.015],[110.58,73.992],[110.968,73.909],[111.089,73.943],[111.068,73.987],[111.127,74.031],[111.536,74.051],[111.579,74.024],[111.205,73.97],[111.295,73.869],[111.411,73.819],[111.775,73.747],[112.248,73.707],[112.875,73.76],[112.951,73.797],[112.871,73.926],[112.894,73.963],[113.142,73.86],[113.425,73.637],[113.411,73.581],[113.292,73.567],[113.135,73.448],[113.264,73.372],[113.494,73.336],[113.52,73.114],[113.459,73.02],[113.47,72.96],[113.09,72.835],[113.185,72.719],[113.534,72.635],[114.045,72.597],[114.091,72.595],[113.347,72.688],[113.226,72.738],[113.157,72.819],[113.178,72.856],[113.37,72.886],[113.535,72.967],[113.561,73.077],[113.531,73.18],[113.546,73.24],[113.694,73.312],[114.027,73.344],[113.768,73.354],[113.527,73.439],[113.471,73.501],[114.098,73.587],[114.859,73.605],[115.243,73.693],[115.457,73.703],[116.576,73.663],[117.242,73.59],[118.635,73.572],[118.831,73.545],[118.974,73.484],[118.69,73.442],[118.471,73.48],[118.347,73.41],[118.352,73.283],[118.389,73.239],[119.004,73.104],[119.53,73.059],[119.586,72.996],[119.818,72.936],[120.558,72.882],[119.878,72.946],[119.757,72.998],[119.813,73.017],[120.583,72.981],[121.014,72.93],[121.387,72.967],[121.866,72.968],[121.961,72.952],[121.925,72.929],[122.053,72.892],[122.417,72.868],[123.344,72.727],[123.788,72.756],[124.109,72.711],[124.343,72.641],[124.737,72.624],[125.138,72.532],[125.256,72.452],[125.454,72.424],[125.647,72.342],[125.883,72.332],[126.095,72.271],[126.246,72.29],[126.368,72.351],[126.552,72.252],[126.625,72.178],[126.751,72.14],[126.803,72.016],[127.128,71.849],[127.089,71.767],[127.204,71.594],[127.215,71.395],[127.306,71.411],[127.311,71.491],[127.189,71.75],[127.241,71.836],[127.326,71.895],[126.977,72.051],[126.892,72.293],[126.737,72.385],[127.031,72.402],[127.656,72.348],[127.938,72.206],[128.256,72.112],[128.382,72.04],[128.495,71.914],[128.614,71.889],[128.646,71.798],[128.712,71.771],[128.96,71.74],[129.182,71.803],[129.17,71.85],[129.078,71.923],[129.056,71.973],[129.077,71.999],[129.294,71.867],[129.315,71.799],[129.482,71.729],[129.275,71.749],[128.929,71.708],[128.814,71.656],[128.844,71.604],[129.185,71.59],[129.313,71.464],[129.384,71.344],[129.655,71.257],[129.756,71.148],[129.744,71.121],[130.076,71.083],[130.222,70.984],[130.169,70.966],[130.577,70.869],[130.694,70.883],[130.722,70.953],[130.782,70.971],[130.891,70.839],[130.898,70.755],[131.13,70.731],[131.285,70.763],[131.536,70.878],[131.846,71.202],[132.174,71.218],[131.947,71.254],[131.946,71.286],[132.257,71.672],[132.538,71.889],[132.717,71.941],[132.753,71.931],[132.756,71.832],[132.707,71.793],[132.716,71.768],[132.924,71.724],[133.157,71.573],[133.679,71.433],[134.006,71.383],[134.452,71.367],[134.696,71.415],[134.809,71.477],[135.023,71.529],[135.228,71.548],[135.358,71.524],[135.418,71.532],[135.37,71.569],[135.59,71.615],[135.965,71.632],[136.495,71.568],[136.564,71.501],[136.775,71.519],[136.885,71.461],[137.453,71.341],[137.476,71.331],[137.422,71.279],[137.538,71.239],[137.642,71.255],[137.804,71.116],[137.91,71.142],[137.985,71.107],[138.068,71.136],[138.011,71.183],[137.761,71.22],[137.783,71.245],[138.062,71.221],[138.216,71.259],[138.021,71.298],[138.227,71.324],[137.992,71.335],[137.826,71.387],[138.008,71.469],[138.034,71.557],[138.069,71.574],[138.489,71.611],[138.398,71.571],[138.457,71.534],[138.591,71.551],[138.562,71.603],[138.734,71.642],[139.041,71.567],[139.114,71.428],[139.203,71.412],[139.354,71.421],[139.446,71.496],[139.742,71.464],[139.932,71.485],[139.926,71.549],[139.732,71.669],[139.691,71.785],[139.739,71.836],[139.644,71.912],[139.376,71.949],[139.646,71.955],[139.714,72.003],[139.714,72.075],[139.857,72.163],[140.063,72.134],[140.199,72.169],[140.194,72.206],[140.012,72.237],[139.561,72.233],[139.323,72.128],[139.187,72.162],[139.092,72.235],[139.166,72.323],[139.541,72.494],[140.093,72.473],[140.602,72.494],[141.024,72.586],[141.001,72.701],[140.668,72.802],[140.578,72.871],[140.749,72.889],[141.351,72.851],[141.563,72.771],[141.993,72.72],[143.549,72.689],[145.471,72.547],[146.198,72.458],[146.807,72.345],[145.414,72.352],[144.968,72.435],[144.735,72.387],[144.535,72.232],[144.284,72.295],[144.144,72.263],[144.432,72.169],[145.085,72.259],[146.047,72.3],[146.9,72.296],[146.428,72.038],[145.967,71.848],[145.936,71.862],[145.997,72.029],[146.106,72.033],[146.341,72.125],[146.205,72.174],[146.052,72.154],[146.057,72.123],[145.981,72.066],[145.941,72.094],[145.956,72.133],[145.902,72.203],[145.691,72.253],[145.623,72.243],[145.737,72.216],[145.741,72.19],[145.618,72.082],[145.677,72.027],[145.79,72.026],[145.817,71.958],[145.798,71.926],[145.347,71.867],[144.967,71.966],[144.958,71.921],[145.209,71.835],[145.049,71.774],[144.888,71.771],[144.921,71.693],[145.239,71.686],[145.319,71.658],[145.543,71.733],[146.08,71.791],[147.181,72.323],[148.268,72.319],[149.183,72.223],[149.722,72.116],[150.016,71.955],[150.07,71.886],[149.982,71.832],[149.669,71.762],[149.406,71.896],[149.338,71.9],[149.125,71.766],[148.841,71.803],[149.032,71.753],[148.995,71.699],[148.83,71.672],[148.999,71.663],[149.114,71.695],[149.69,71.642],[149.962,71.657],[150.085,71.593],[150.019,71.571],[150.004,71.598],[149.947,71.589],[149.866,71.463],[150.24,71.519],[150.554,71.516],[150.665,71.483],[150.647,71.438],[150.52,71.345],[150.024,71.208],[150.399,71.275],[150.675,71.388],[150.729,71.391],[150.662,71.36],[150.606,71.278],[150.99,71.392],[151.463,71.341],[151.732,71.243],[152.134,71.001],[151.996,70.97],[151.662,70.984],[152.538,70.838],[153.698,70.866],[154.221,70.956],[155.936,71.094],[157.904,71.046],[159.046,70.87],[159.678,70.671],[160.036,70.408],[160.103,70.286],[160.094,70.246],[159.957,70.135],[159.795,70.137],[159.797,70.103],[159.875,70.071],[159.812,69.976],[159.698,69.917],[159.684,69.894],[159.73,69.835],[160.091,69.727],[160.918,69.638],[160.993,69.584],[160.922,69.459],[161.015,69.298],[161.042,69.17],[160.968,69.114],[161.029,69.072],[161.261,69.045],[161.409,68.974],[161.216,68.784],[161.208,68.696],[161.068,68.565],[160.762,68.561],[160.838,68.524],[161.01,68.525],[161.136,68.561],[161.275,68.677],[161.321,68.792],[161.577,68.912],[161.567,69.012],[161.482,69.089],[161.426,69.201],[161.436,69.374],[161.809,69.528],[161.976,69.528],[162.323,69.662],[162.611,69.677],[162.833,69.652],[163.178,69.717],[163.6,69.681],[164.013,69.767],[164.532,69.599],[165.628,69.591],[166.137,69.511],[166.646,69.524],[166.861,69.491],[167.213,69.582],[167.656,69.761],[167.778,69.776],[167.992,69.714],[167.994,69.627],[168.242,69.549],[168.194,69.382],[168.233,69.279],[168.283,69.242],[168.734,69.208],[169.364,69.081],[169.425,68.999],[169.453,68.84],[169.589,68.777],[170.333,68.821],[170.612,68.756],[170.551,68.824],[170.442,68.84],[170.62,68.909],[170.654,68.901],[170.705,68.805],[170.711,68.905],[170.761,68.954],[171.032,69.042],[170.908,69.306],[170.609,69.58],[170.122,69.614],[170.28,69.728],[170.567,69.778],[170.556,69.893],[170.522,69.931],[170.558,70.079],[170.429,70.115],[170.471,70.134],[171.929,69.997],[172.64,69.966],[173.165,69.847],[173.202,69.779],[173.461,69.811],[173.476,69.833],[173.271,69.911],[173.184,69.903],[173.456,69.952],[173.742,69.867],[173.934,69.847],[174.089,69.883],[175.296,69.846],[175.723,69.904],[176.082,69.893],[176.233,69.828],[176.235,69.794],[176.532,69.741],[176.741,69.667],[177.437,69.604],[178.187,69.449],[178.366,69.476],[178.769,69.408],[179.03,69.327],[178.94,69.32],[178.743,69.372],[178.679,69.359],[178.652,69.309],[178.715,69.279],[178.88,69.296],[179.298,69.262],[179.912,69.005],[179.835,69.003],[179.55,69.106],[179.719,69.003],[180.0,68.974],[179.997,65.069],[179.796,65.022],[179.46,64.813],[179.162,64.788],[178.62,64.605],[178.523,64.588],[178.489,64.609],[178.687,64.636],[178.749,64.683],[178.374,64.666],[177.608,64.72],[177.505,64.805],[177.442,64.916],[177.259,64.933],[177.167,65.025],[176.916,65.082],[176.592,65.025],[176.438,65.074],[176.308,65.047],[176.567,64.995],[176.956,65.038],[177.215,64.909],[177.292,64.83],[177.043,64.77],[176.927,64.799],[176.87,64.848],[176.634,64.869],[176.45,64.807],[176.418,64.844],[176.06,64.948],[175.87,64.831],[175.693,64.778],[175.068,64.763],[174.705,64.679],[174.451,64.686],[174.718,64.67],[175.052,64.739],[175.682,64.754],[175.823,64.783],[176.022,64.902],[176.065,64.901],[176.201,64.875],[176.416,64.706],[176.148,64.629],[176.114,64.59],[176.11,64.544],[176.214,64.621],[176.329,64.622],[176.455,64.688],[176.603,64.661],[176.739,64.565],[177.009,64.711],[177.342,64.777],[177.48,64.76],[177.453,64.649],[177.361,64.544],[177.434,64.43],[177.632,64.319],[178.088,64.2],[178.18,64.205],[178.076,64.255],[178.281,64.352],[178.345,64.298],[178.478,64.121],[178.482,64.066],[178.398,64.032],[178.377,63.972],[178.664,63.943],[178.755,63.648],[178.609,63.675],[178.354,63.626],[178.261,63.574],[178.37,63.516],[178.472,63.573],[178.702,63.573],[178.723,63.476],[178.595,63.412],[178.681,63.384],[178.774,63.4],[178.808,63.442],[178.747,63.544],[178.773,63.587],[178.836,63.47],[179.002,63.32],[178.856,63.399],[178.804,63.381],[178.822,63.339],[179.244,63.23],[179.408,63.141],[179.407,63.058],[179.315,63.059],[179.236,63.006],[179.306,62.904],[179.539,62.843],[179.604,62.703],[179.552,62.619],[179.413,62.565],[179.357,62.507],[179.129,62.479],[179.104,62.453],[179.14,62.423],[179.15,62.339],[179.098,62.29],[178.961,62.357],[178.028,62.544],[177.34,62.576],[177.292,62.61],[177.316,62.737],[177.453,62.81],[177.329,62.801],[177.244,62.706],[177.195,62.703],[177.143,62.719],[177.151,62.778],[177.113,62.813],[176.974,62.864],[176.93,62.664],[177.05,62.578],[177.216,62.573],[176.815,62.52],[176.685,62.539],[176.279,62.313],[175.797,62.226],[175.318,62.101],[175.169,62.015],[174.769,61.919],[174.604,61.979],[174.719,61.884],[174.594,61.83],[174.456,61.806],[174.079,61.841],[174.017,61.819],[174.045,61.773],[174.007,61.723],[173.872,61.676],[173.542,61.744],[173.496,61.658],[173.492,61.565],[173.349,61.552],[173.293,61.514],[173.277,61.453],[173.162,61.404],[173.061,61.392],[172.888,61.47],[172.714,61.427],[172.9,61.366],[172.956,61.303],[172.845,61.278],[172.673,61.329],[172.763,61.274],[172.641,61.19],[172.343,61.219],[172.373,61.1],[172.473,61.073],[172.453,61.042],[172.362,61.009],[172.244,61.013],[172.019,61.092],[172.163,61.027],[172.189,60.948],[172.114,60.938],[172.022,60.85],[171.992,60.877],[172.002,60.922],[171.951,60.947],[171.945,60.851],[171.61,60.802],[171.627,60.744],[171.407,60.714],[171.363,60.631],[171.167,60.553],[170.857,60.506],[170.784,60.444],[170.642,60.418],[170.618,60.394],[170.656,60.324],[170.53,60.285],[170.469,60.224],[170.395,59.961],[170.245,59.911],[170.107,59.976],[170.076,60.033],[169.93,60.071],[169.746,60.278],[169.703,60.407],[169.331,60.531],[169.323,60.556],[169.367,60.563],[169.265,60.619],[169.206,60.62],[169.15,60.561],[168.189,60.582],[167.05,60.324],[166.34,59.866],[166.139,59.816],[166.097,59.851],[166.136,60.023],[166.259,60.257],[166.256,60.38],[166.347,60.412],[166.381,60.47],[166.349,60.486],[166.001,60.434],[165.769,60.289],[165.233,60.096],[164.997,60.127],[165.037,60.064],[165.119,60.084],[165.181,59.981],[165.0,59.84],[164.827,59.783],[164.702,59.976],[164.469,60.111],[164.318,60.086],[164.335,60.027],[164.14,59.933],[164.14,59.868],[164.053,59.877],[164.049,59.933],[164.107,59.972],[164.044,60.03],[163.64,60.046],[163.621,60.023],[163.677,59.971],[163.743,59.973],[163.701,59.9],[163.505,59.899],[163.36,59.824],[163.387,59.628],[163.328,59.585],[163.179,59.567],[163.166,59.502],[163.328,59.387],[163.297,59.265],[163.263,59.24],[163.24,59.245],[163.258,59.296],[163.105,59.278],[163.061,59.241],[163.066,59.194],[163.19,59.13],[163.188,59.049],[163.154,59.039],[163.175,59.07],[163.012,59.157],[162.882,59.128],[163.038,59.021],[163.031,58.994],[162.76,58.891],[162.726,58.853],[162.774,58.862],[162.763,58.835],[162.406,58.68],[162.143,58.453],[161.939,58.068],[162.003,57.948],[162.106,57.854],[162.315,57.797],[162.339,57.691],[162.381,57.69],[162.477,57.762],[162.466,57.869],[162.566,57.95],[162.701,57.964],[162.996,57.85],[163.211,57.837],[163.279,57.736],[163.074,57.503],[162.742,57.359],[162.765,57.347],[162.752,57.218],[162.827,57.046],[162.782,56.854],[162.79,56.795],[162.902,56.707],[163.071,56.746],[163.213,56.74],[163.246,56.687],[163.215,56.629],[163.341,56.33],[163.348,56.196],[163.107,56.087],[163.031,56.018],[162.867,56.04],[162.648,56.19],[162.631,56.246],[162.721,56.329],[163.074,56.477],[163.093,56.525],[162.985,56.547],[162.898,56.433],[162.699,56.492],[162.394,56.39],[162.561,56.272],[162.443,56.207],[162.086,56.101],[162.036,56.05],[162.019,55.96],[161.749,55.628],[161.711,55.49],[161.718,55.366],[161.797,55.168],[161.874,55.068],[161.972,55.024],[162.148,54.863],[162.113,54.764],[161.8,54.576],[161.736,54.508],[161.308,54.491],[161.24,54.512],[161.204,54.572],[161.114,54.591],[160.728,54.529],[160.006,54.139],[159.9,53.981],[159.818,53.659],[159.904,53.601],[159.882,53.651],[159.922,53.646],[159.962,53.515],[159.918,53.473],[159.798,53.521],[159.978,53.268],[160.015,53.267],[160.05,53.095],[159.615,53.259],[159.453,53.216],[159.39,53.159],[159.256,53.153],[159.02,53.084],[158.724,52.892],[158.584,53.063],[158.439,53.027],[158.419,53.009],[158.446,52.902],[158.522,52.907],[158.484,52.936],[158.514,52.943],[158.625,52.931],[158.642,52.901],[158.632,52.847],[158.561,52.79],[158.597,52.703],[158.549,52.626],[158.419,52.652],[158.435,52.601],[158.512,52.564],[158.555,52.313],[158.524,52.275],[158.429,52.266],[158.318,52.128],[158.276,51.94],[157.911,51.643],[157.537,51.487],[157.263,51.235],[157.097,51.159],[156.692,50.891],[156.655,50.885],[156.746,50.994],[156.745,51.078],[156.674,51.229],[156.558,51.271],[156.521,51.317],[156.473,51.513],[156.493,51.925],[156.429,52.202],[156.281,52.521],[156.359,52.498],[156.379,52.45],[156.441,52.515],[156.263,52.566],[156.102,52.854],[156.077,53.133],[155.931,53.838],[155.699,54.512],[155.544,55.305],[155.646,55.913],[155.944,56.656],[156.109,56.818],[156.161,56.832],[156.064,56.723],[156.202,56.85],[156.45,56.955],[156.546,57.102],[156.646,57.077],[156.695,57.109],[156.981,57.421],[156.981,57.528],[156.933,57.644],[156.84,57.728],[156.76,57.738],[156.98,57.849],[157.168,57.773],[157.434,57.791],[157.535,57.851],[157.646,58.004],[157.923,57.979],[158.233,58.019],[158.664,58.271],[159.044,58.421],[159.702,58.851],[159.756,58.945],[159.733,59.016],[159.789,59.083],[159.922,59.175],[160.341,59.361],[160.444,59.456],[160.485,59.542],[160.861,59.622],[161.248,59.85],[161.465,60.046],[161.837,60.187],[161.929,60.268],[161.916,60.327],[161.875,60.318],[161.917,60.422],[162.461,60.592],[162.754,60.646],[162.899,60.771],[163.11,60.778],[163.194,60.821],[163.37,60.816],[163.643,60.875],[163.729,60.937],[163.515,61.002],[163.513,61.049],[163.634,61.145],[163.854,61.213],[164.015,61.33],[164.02,61.364],[163.94,61.44],[163.784,61.426],[163.751,61.453],[163.846,61.632],[164.011,61.687],[164.071,61.783],[164.064,62.102],[164.123,62.279],[164.613,62.474],[165.092,62.421],[165.228,62.374],[165.284,62.317],[165.33,62.316],[165.232,62.401],[165.094,62.456],[165.341,62.479],[165.512,62.446],[165.63,62.443],[164.763,62.568],[164.582,62.691],[164.367,62.712],[163.257,62.543],[163.165,62.445],[163.351,62.362],[163.126,62.284],[163.081,62.198],[163.137,62.045],[163.029,61.936],[162.952,61.801],[163.24,61.745],[163.303,61.716],[163.285,61.663],[163.095,61.618],[163.065,61.596],[163.084,61.554],[163.007,61.52],[162.943,61.579],[162.932,61.67],[162.838,61.72],[162.654,61.693],[162.641,61.668],[162.751,61.628],[162.743,61.599],[162.41,61.673],[162.026,61.42],[161.784,61.343],[161.565,61.201],[161.468,61.202],[161.327,61.086],[160.888,60.884],[160.795,60.741],[160.677,60.776],[160.399,60.74],[160.263,60.628],[160.139,60.589],[160.135,60.657],[160.223,60.734],[160.225,60.785],[160.166,60.827],[160.391,61.026],[160.172,61.052],[159.864,60.93],[159.781,60.943],[159.903,61.037],[159.947,61.136],[159.913,61.252],[159.839,61.266],[159.854,61.31],[160.008,61.391],[160.158,61.52],[160.366,61.766],[160.355,61.948],[159.966,61.826],[159.831,61.713],[159.527,61.665],[159.364,61.89],[159.248,61.922],[158.905,61.896],[158.734,61.836],[158.305,61.823],[158.024,61.73],[157.893,61.786],[157.486,61.803],[157.027,61.65],[156.858,61.536],[156.695,61.534],[156.634,61.422],[156.654,61.212],[156.417,61.182],[156.085,61.013],[155.928,60.907],[155.892,60.759],[154.966,60.375],[154.623,60.136],[154.532,60.05],[154.466,59.919],[154.231,59.879],[154.228,59.724],[154.293,59.638],[154.087,59.534],[154.065,59.513],[154.109,59.463],[154.292,59.444],[154.344,59.486],[154.42,59.423],[154.501,59.433],[154.431,59.486],[154.418,59.54],[154.44,59.548],[154.691,59.517],[154.849,59.463],[154.967,59.492],[155.083,59.393],[155.184,59.362],[155.137,59.203],[154.828,59.189],[154.742,59.161],[154.742,59.127],[154.451,59.22],[154.331,59.203],[154.343,59.135],[154.291,59.094],[154.155,59.096],[154.02,59.047],[153.913,59.079],[153.795,59.174],[153.361,59.242],[153.269,59.092],[152.994,59.075],[152.876,58.918],[152.567,58.955],[152.357,59.023],[152.124,58.989],[152.119,58.923],[152.061,58.896],[151.616,58.852],[151.455,58.875],[151.309,58.839],[151.273,58.921],[151.214,58.947],[151.077,59.106],[151.164,59.09],[151.607,59.168],[152.045,59.153],[152.284,59.22],[152.142,59.292],[151.981,59.265],[151.751,59.296],[151.606,59.473],[151.386,59.571],[151.102,59.592],[150.904,59.567],[150.87,59.553],[150.932,59.471],[150.712,59.443],[150.681,59.452],[150.729,59.494],[150.685,59.51],[150.462,59.491],[150.728,59.556],[150.707,59.575],[150.526,59.554],[150.417,59.621],[150.297,59.648],[149.64,59.769],[149.48,59.767],[149.372,59.76],[149.034,59.632],[149.084,59.551],[149.207,59.508],[149.204,59.47],[149.088,59.493],[148.901,59.463],[148.844,59.5],[148.878,59.539],[148.861,59.553],[148.695,59.449],[148.722,59.37],[148.863,59.402],[148.96,59.379],[148.949,59.261],[148.906,59.242],[148.799,59.281],[148.545,59.246],[148.415,59.262],[148.399,59.361],[148.365,59.394],[148.213,59.419],[147.843,59.383],[147.782,59.35],[147.825,59.291],[147.783,59.269],[147.606,59.299],[147.544,59.274],[147.552,59.249],[147.489,59.24],[147.297,59.326],[147.164,59.319],[146.999,59.373],[146.745,59.374],[146.512,59.461],[146.325,59.391],[146.341,59.204],[146.318,59.184],[145.991,59.149],[145.797,59.265],[145.911,59.35],[145.909,59.413],[145.316,59.394],[145.249,59.423],[145.056,59.384],[144.592,59.372],[143.926,59.413],[143.474,59.338],[143.211,59.377],[142.587,59.238],[142.303,59.138],[141.978,58.968],[141.837,58.811],[141.616,58.646],[141.338,58.518],[141.089,58.461],[140.902,58.375],[140.685,58.231],[140.516,57.942],[140.498,57.825],[140.315,57.753],[140.067,57.722],[139.945,57.65],[139.839,57.51],[139.597,57.444],[139.565,57.381],[139.474,57.32],[139.179,57.264],[138.913,57.028],[138.653,56.986],[138.586,56.875],[138.478,56.846],[138.401,56.738],[138.306,56.717],[138.262,56.647],[138.138,56.594],[138.116,56.567],[138.142,56.457],[137.917,56.345],[137.844,56.253],[137.727,56.176],[136.731,55.662],[136.417,55.569],[136.128,55.303],[135.742,55.145],[135.558,55.124],[135.217,54.93],[135.156,54.861],[135.261,54.721],[135.67,54.641],[135.731,54.572],[135.973,54.574],[136.209,54.617],[136.536,54.59],[136.813,54.649],[136.878,54.582],[136.748,54.428],[136.766,54.217],[136.806,54.134],[136.689,54.006],[136.654,53.92],[136.681,53.811],[136.761,53.769],[136.937,53.852],[137.113,53.804],[137.176,53.838],[137.283,54.038],[137.178,54.036],[137.063,54.138],[137.194,54.218],[137.386,54.305],[137.728,54.311],[137.512,54.151],[137.319,54.122],[137.293,54.075],[137.595,53.954],[137.856,53.962],[137.784,53.899],[137.597,53.827],[137.562,53.729],[137.488,53.666],[137.337,53.661],[137.212,53.582],[137.311,53.533],[137.899,53.573],[138.293,53.743],[138.342,53.885],[138.554,53.989],[138.589,53.857],[138.572,53.816],[138.24,53.559],[138.249,53.52],[138.431,53.507],[138.55,53.58],[138.649,53.72],[138.776,54.024],[138.741,54.249],[138.658,54.289],[138.733,54.314],[138.995,54.229],[139.337,54.183],[139.701,54.298],[139.796,54.294],[139.815,54.211],[140.238,54.05],[140.256,53.863],[140.361,53.78],[140.533,53.712],[140.555,53.648],[140.952,53.503],[140.926,53.436],[141.242,53.308],[141.414,53.292],[141.434,53.153],[141.353,53.095],[141.236,53.078],[141.19,53.041],[141.242,53.022],[141.18,52.982],[140.841,53.12],[140.713,53.116],[140.94,52.989],[140.959,52.941],[141.202,52.841],[141.312,52.655],[141.221,52.508],[141.128,52.461],[141.131,52.409],[141.395,52.226],[141.504,52.206],[141.483,52.16],[141.343,52.103],[141.31,52.033],[141.305,52.009],[141.422,51.924],[141.276,51.874],[141.082,51.679],[140.908,51.612],[140.901,51.494],[140.796,51.455],[140.814,51.413],[140.882,51.42],[140.867,51.362],[140.69,51.317],[140.676,51.173],[140.71,51.05],[140.678,50.95],[140.529,50.866],[140.462,50.702],[140.485,50.608],[140.439,50.537],[140.527,50.368],[140.516,50.171],[140.592,50.074],[140.68,50.081],[140.487,49.979],[140.411,49.866],[140.527,49.73],[140.554,49.559],[140.434,49.353],[140.34,49.272],[140.389,48.968],[140.245,48.84],[140.213,48.764],[140.175,48.45],[139.284,47.814],[139.046,47.471],[139.041,47.402],[138.555,47.019],[138.384,46.735],[138.342,46.549],[138.2,46.447],[138.065,46.183],[137.775,45.934],[137.663,45.788],[137.377,45.61],[137.179,45.417],[136.858,45.213],[136.438,44.788],[136.374,44.788],[136.244,44.664],[136.182,44.513],[135.892,44.402],[135.802,44.266],[135.722,44.234],[135.647,44.156],[135.63,44.042],[135.46,43.944],[135.503,43.87],[135.468,43.804],[135.361,43.716],[135.274,43.688],[135.129,43.503],[134.862,43.395],[134.351,43.119],[134.186,43.078],[133.904,42.875],[133.57,42.819],[133.216,42.728],[133.154,42.683],[133.036,42.684],[133.003,42.717],[133.039,42.771],[132.995,42.819],[132.916,42.818],[132.844,42.741],[132.798,42.765],[132.772,42.87],[132.591,42.842],[132.462,42.934],[132.308,42.85],[132.285,42.962],[132.369,43.213],[132.351,43.292],[132.302,43.317],[132.229,43.231],[132.097,43.176],[131.947,43.064],[131.845,43.083],[131.906,43.192],[131.992,43.235],[132.051,43.313],[131.811,43.326],[131.752,43.22],[131.525,43.005],[131.472,42.872],[131.278,42.764],[131.219,42.651],[131.222,42.561],[131.169,42.575],[131.114,42.663],[130.968,42.628],[130.805,42.688],[130.714,42.686],[130.677,42.652],[130.867,42.524],[130.701,42.295],[130.656,42.319],[130.659,42.375],[130.581,42.478],[130.605,42.62],[130.536,42.682],[130.414,42.706],[130.436,42.746],[130.641,42.833],[130.817,42.876],[131.021,42.857],[131.128,42.916],[131.106,43.039],[131.31,43.389],[131.301,43.457],[131.191,43.541],[131.231,43.974],[131.298,44.052],[131.096,44.691],[130.958,44.839],[131.123,44.927],[131.213,44.911],[131.343,44.971],[131.469,44.974],[131.646,45.108],[131.705,45.218],[131.868,45.345],[131.992,45.241],[132.931,45.021],[133.117,45.124],[133.102,45.295],[133.151,45.453],[133.193,45.504],[133.47,45.624],[133.478,45.827],[133.522,45.883],[133.58,45.871],[133.66,45.935],[133.745,46.155],[133.902,46.254],[133.93,46.382],[133.851,46.445],[133.848,46.481],[133.908,46.577],[134.019,46.667],[134.039,46.859],[134.113,47.054],[134.215,47.1],[134.151,47.248],[134.182,47.322],[134.316,47.421],[134.486,47.43],[134.555,47.469],[134.761,47.7],[134.768,47.737],[134.595,47.909],[134.558,47.993],[134.582,48.059],[134.661,48.101],[134.717,48.266],[134.415,48.391],[133.751,48.25],[133.596,48.174],[133.484,48.069],[133.083,48.099],[132.662,47.872],[132.579,47.735],[132.522,47.711],[132.341,47.742],[131.916,47.67],[131.619,47.664],[131.446,47.738],[131.268,47.73],[131.086,47.673],[130.959,47.705],[130.94,47.818],[130.884,47.906],[130.683,48.045],[130.661,48.106],[130.831,48.294],[130.824,48.327],[130.526,48.605],[130.674,48.86],[130.51,48.852],[130.418,48.896],[130.223,48.866],[129.911,49.04],[129.913,49.072],[129.749,49.18],[129.726,49.262],[129.554,49.288],[129.49,49.416],[129.39,49.428],[129.109,49.347],[129.053,49.365],[129.003,49.436],[128.874,49.479],[128.79,49.568],[128.712,49.584],[128.398,49.577],[128.186,49.534],[127.841,49.586],[127.691,49.669],[127.672,49.746],[127.535,49.787],[127.486,50.019],[127.574,50.137],[127.581,50.21],[127.333,50.317],[127.292,50.461],[127.367,50.576],[127.281,50.682],[127.292,50.741],[127.133,50.91],[126.933,51.059],[126.899,51.18],[126.969,51.319],[126.894,51.303],[126.888,51.241],[126.818,51.267],[126.82,51.326],[126.914,51.381],[126.795,51.424],[126.718,51.71],[126.609,51.788],[126.442,51.992],[126.509,52.037],[126.555,52.127],[126.319,52.194],[126.349,52.292],[126.334,52.396],[126.276,52.453],[126.208,52.462],[126.18,52.544],[126.087,52.589],[125.994,52.579],[125.974,52.638],[126.097,52.757],[126.065,52.782],[125.975,52.764],[125.856,52.863],[125.658,52.877],[125.658,52.921],[125.722,52.946],[125.727,52.982],[125.62,53.05],[125.485,53.069],[125.165,53.193],[124.963,53.183],[124.819,53.128],[124.644,53.188],[124.495,53.188],[124.34,53.255],[124.269,53.347],[124.105,53.341],[123.866,53.481],[123.615,53.544],[123.441,53.523],[123.283,53.554],[123.15,53.5],[122.839,53.452],[122.246,53.457],[122.062,53.413],[121.83,53.413],[121.212,53.272],[121.066,53.291],[120.831,53.264],[120.268,52.857],[120.031,52.768],[120.026,52.641],[120.082,52.588],[120.186,52.58],[120.442,52.637],[120.708,52.543],[120.684,52.431],[120.626,52.344],[120.752,52.209],[120.777,52.117],[120.652,51.915],[120.492,51.879],[120.064,51.621],[119.955,51.388],[119.776,51.214],[119.747,51.076],[119.521,50.902],[119.504,50.746],[119.294,50.598],[119.237,50.441],[119.139,50.39],[119.198,50.345],[119.357,50.335],[119.322,50.098],[119.171,50.001],[118.574,49.923],[118.478,49.84],[117.876,49.521],[117.796,49.518],[117.495,49.623],[117.259,49.631],[116.986,49.708],[116.717,49.827],[116.617,49.929],[116.246,50.027],[116.07,50.003],[115.73,49.881],[115.417,49.898],[115.214,49.993],[115.034,50.145],[114.847,50.23],[114.666,50.264],[114.446,50.245],[114.322,50.284],[114.176,50.248],[113.875,50.088],[113.785,50.087],[113.557,50.002],[113.187,49.794],[113.098,49.67],[113.093,49.603],[112.832,49.518],[112.709,49.499],[112.492,49.541],[111.964,49.407],[111.691,49.407],[111.5,49.35],[111.327,49.342],[111.129,49.288],[110.955,49.191],[110.738,49.144],[110.352,49.214],[110.206,49.169],[109.556,49.231],[109.345,49.339],[109.198,49.36],[109.076,49.335],[108.959,49.357],[108.563,49.335],[108.073,49.59],[107.954,49.686],[107.984,49.929],[107.746,49.98],[107.461,49.982],[107.175,50.027],[107.079,50.085],[107.008,50.199],[106.788,50.311],[106.663,50.339],[106.244,50.3],[106.077,50.345],[105.989,50.411],[105.335,50.484],[105.13,50.398],[104.967,50.405],[104.622,50.318],[104.418,50.309],[104.252,50.188],[104.094,50.149],[103.826,50.201],[103.65,50.138],[103.318,50.199],[103.224,50.309],[102.92,50.315],[102.78,50.387],[102.632,50.41],[102.541,50.509],[102.332,50.567],[102.296,50.644],[102.355,50.721],[102.237,50.821],[102.255,50.987],[102.168,51.123],[102.163,51.25],[102.224,51.327],[102.082,51.389],[101.601,51.484],[101.387,51.452],[101.245,51.529],[100.558,51.735],[99.949,51.751],[99.729,51.891],[99.344,51.942],[98.986,52.096],[98.933,52.076],[98.881,52.113],[98.87,52.043],[98.709,51.829],[98.629,51.782],[98.376,51.728],[98.349,51.649],[98.28,51.64],[98.234,51.467],[98.058,51.463],[97.831,50.999],[97.869,50.938],[98.006,50.856],[97.967,50.773],[98.065,50.629],[98.317,50.526],[98.292,50.302],[98.105,50.049],[97.937,49.975],[97.915,49.908],[97.785,49.906],[97.719,49.952],[97.568,49.833],[97.55,49.76],[97.365,49.679],[97.146,49.708],[97.079,49.809],[96.975,49.839],[96.948,49.896],[96.781,49.914],[96.751,49.868],[96.669,49.868],[96.583,49.807],[96.512,49.866],[96.372,49.835],[96.093,49.943],[95.942,49.89],[95.826,50.023],[95.746,49.96],[95.584,49.913],[95.576,49.862],[95.527,49.836],[95.359,49.911],[95.047,49.907],[95.008,49.941],[95.021,50.01],[94.98,50.052],[94.916,50.055],[94.87,50.0],[94.617,49.97],[94.496,50.105],[94.338,50.186],[94.295,50.359],[94.352,50.415],[94.309,50.51],[94.251,50.515],[94.223,50.569],[93.736,50.579],[93.463,50.619],[93.416,50.56],[93.156,50.54],[93.101,50.598],[92.937,50.643],[92.904,50.771],[92.803,50.724],[92.761,50.65],[92.666,50.622],[92.323,50.815],[92.207,50.643],[91.894,50.655],[91.843,50.704],[91.78,50.692],[91.499,50.526],[91.467,50.449],[91.166,50.374],[91.066,50.389],[90.999,50.363],[90.953,50.389],[90.742,50.248],[90.745,50.198],[90.706,50.16],[90.562,50.164],[90.51,50.224],[90.443,50.205],[90.407,50.132],[90.303,50.14],[90.244,50.059],[90.188,50.061],[90.157,50.103],[90.048,50.081],[90.002,49.917],[89.901,49.888],[89.803,49.917],[89.732,49.881],[89.644,49.901],[89.659,49.788],[89.724,49.762],[89.721,49.723],[89.457,49.648],[89.376,49.583],[89.223,49.637],[89.201,49.601],[89.236,49.548],[89.187,49.509],[89.007,49.463],[88.924,49.547],[88.886,49.534],[88.896,49.451],[88.852,49.442],[88.408,49.484],[88.221,49.462],[88.134,49.369],[88.17,49.286],[87.995,49.181],[87.705,49.163],[87.466,49.08],[87.176,49.132],[86.876,49.11],[86.731,48.972],[86.807,48.824],[86.779,48.723],[86.597,48.543],[86.466,48.494],[86.344,48.495],[86.234,48.427],[85.803,48.414],[85.739,48.356],[85.618,48.165],[85.537,47.937],[85.622,47.622],[85.609,47.499],[85.701,47.379],[85.701,47.261],[85.52,47.059],[85.219,47.039],[84.967,46.869],[84.802,46.828],[84.748,46.838],[84.774,46.936],[84.678,46.994],[84.295,47.007],[84.111,46.972],[83.902,46.977],[83.56,47.063],[83.155,47.225],[83.062,47.22],[83.034,47.201],[83.01,46.953],[82.874,46.764],[82.709,46.356],[82.571,46.168],[82.511,45.9],[82.322,45.583],[82.317,45.537],[82.354,45.499],[82.647,45.434],[82.643,45.268],[82.565,45.133],[82.484,45.127],[82.297,45.238],[81.947,45.158],[81.824,45.197],[81.783,45.321],[81.679,45.35],[81.557,45.296],[80.918,45.15],[80.525,45.109],[80.399,45.05],[80.113,45.037],[79.871,44.903],[79.874,44.868],[79.999,44.799],[80.263,44.824],[80.514,44.732],[80.385,44.636],[80.349,44.447],[80.4,44.263],[80.369,44.114],[80.739,43.468],[80.815,43.169],[80.777,43.11],[80.655,43.142],[80.384,43.029],[80.388,42.995],[80.552,42.929],[80.572,42.888],[80.258,42.816],[80.158,42.633],[80.293,42.254],[80.284,42.216],[80.234,42.196],[80.27,42.055],[79.873,42.013],[79.79,41.896],[79.341,41.792],[78.671,41.532],[78.371,41.373],[78.372,41.277],[78.29,41.23],[78.188,41.101],[78.081,41.042],[77.86,41.07],[77.686,41.002],[77.546,40.987],[77.022,41.05],[76.871,41.013],[76.791,40.951],[76.648,40.741],[76.643,40.618],[76.57,40.562],[76.515,40.46],[76.339,40.355],[76.224,40.404],[76.068,40.396],[75.901,40.301],[75.706,40.299],[75.624,40.595],[75.583,40.644],[75.23,40.45],[75.065,40.448],[74.859,40.517],[74.826,40.408],[74.88,40.329],[74.734,40.341],[74.355,40.098],[74.189,40.112],[73.991,40.042],[73.843,39.769],[73.907,39.727],[73.952,39.596],[73.862,39.485],[73.656,39.455],[73.669,39.342],[73.62,39.236],[73.728,39.076],[73.852,38.971],[73.723,38.912],[73.709,38.858],[73.814,38.613],[73.939,38.54],[74.079,38.545],[74.064,38.596],[74.147,38.677],[74.356,38.674],[74.792,38.524],[74.852,38.474],[74.862,38.387],[74.803,38.325],[74.792,38.195],[74.818,38.074],[74.916,38.005],[74.906,37.842],[74.984,37.785],[74.904,37.652],[74.954,37.56],[75.184,37.407],[75.094,37.32],[74.921,37.24],[74.823,37.332],[74.67,37.392],[74.254,37.409],[74.146,37.336],[73.738,37.222],[73.622,37.265],[73.77,37.343],[73.776,37.433],[73.456,37.476],[73.299,37.46],[72.8,37.229],[72.661,37.025],[72.306,36.978],[71.845,36.694],[71.675,36.676],[71.554,36.763],[71.457,36.943],[71.431,37.066],[71.448,37.211],[71.489,37.278],[71.504,37.608],[71.589,37.816],[71.585,37.912],[71.507,37.947],[71.331,37.891],[71.258,37.925],[71.356,38.155],[71.362,38.248],[70.96,38.472],[70.711,38.41],[70.341,38.017],[70.247,37.945],[70.163,37.929],[70.166,37.872],[70.235,37.822],[70.286,37.701],[70.254,37.617],[70.159,37.539],[70.016,37.545],[69.912,37.613],[69.794,37.583],[69.522,37.582],[69.382,37.454],[69.411,37.178],[69.256,37.097],[69.124,37.165],[69.006,37.301],[68.891,37.338],[68.662,37.273],[68.624,37.205],[68.334,37.109],[68.285,37.032],[68.182,37.018],[68.058,36.933],[68.004,36.936],[67.788,37.092],[67.773,37.205],[67.726,37.229],[67.526,37.269],[67.247,37.186],[67.092,37.343],[67.013,37.38],[66.538,37.366],[66.449,37.322],[66.414,37.344],[66.287,37.327],[66.105,37.421],[65.772,37.537],[65.698,37.533],[65.646,37.454],[65.647,37.35],[65.562,37.261],[65.067,37.243],[64.794,37.122],[64.793,36.92],[64.617,36.637],[64.616,36.426],[64.469,36.253],[64.164,36.165],[63.978,36.039],[63.613,35.968],[63.522,35.903],[63.318,35.852],[63.123,35.863],[63.105,35.832],[63.183,35.676],[63.105,35.634],[63.099,35.556],[63.124,35.535],[63.087,35.433],[62.986,35.416],[62.631,35.226],[62.47,35.288],[62.313,35.15],[62.27,35.256],[62.043,35.441],[61.966,35.459],[61.797,35.412],[61.597,35.444],[61.438,35.554],[61.375,35.636],[61.278,35.611],[61.255,35.63],[61.231,35.694],[61.262,35.817],[61.212,35.937],[61.201,36.067],[61.221,36.179],[61.163,36.419],[61.189,36.569],[61.154,36.65],[60.335,36.656],[60.064,37.012],[59.479,37.235],[59.394,37.323],[59.376,37.496],[59.343,37.536],[59.236,37.519],[58.934,37.669],[58.405,37.641],[58.235,37.679],[58.175,37.796],[57.7,37.926],[57.456,37.938],[57.354,37.993],[57.372,38.091],[57.209,38.283],[57.061,38.196],[56.865,38.226],[56.756,38.286],[56.443,38.26],[56.323,38.183],[56.349,38.135],[56.332,38.088],[56.223,38.071],[56.169,38.095],[55.986,38.073],[55.764,38.124],[55.469,38.091],[55.14,37.955],[54.833,37.746],[54.782,37.643],[54.808,37.577],[54.781,37.515],[54.672,37.442],[54.58,37.453],[54.202,37.33],[53.91,37.353],[53.806,37.865],[53.869,38.361],[53.829,38.552],[53.854,38.66],[53.983,38.908],[53.863,39.032],[53.765,39.031],[53.643,39.122],[53.579,39.319],[53.539,39.333],[53.159,39.345],[53.164,39.19],[53.122,39.431],[53.224,39.592],[53.207,39.524],[53.408,39.537],[53.564,39.462],[53.732,39.515],[53.639,39.611],[53.41,39.668],[53.415,39.775],[53.575,39.963],[53.428,40.004],[53.289,39.941],[52.935,39.991],[52.928,39.907],[53.026,39.752],[52.74,40.051],[52.736,40.201],[52.691,40.273],[52.739,40.498],[52.863,40.659],[52.832,40.712],[52.925,41.076],[52.961,41.055],[53.111,40.769],[53.384,40.769],[53.494,40.736],[53.556,40.768],[53.555,40.838],[53.592,40.891],[53.656,40.857],[53.653,40.781],[53.737,40.617],[54.031,40.654],[54.1,40.716],[54.223,40.725],[54.219,40.693],[54.278,40.669],[54.35,40.673],[54.422,40.71],[54.307,40.754],[54.25,40.88],[54.338,40.924],[54.47,40.862],[54.48,40.799],[54.707,40.875],[54.76,40.965],[54.732,41.104],[54.074,41.476],[54.019,41.607],[54.025,41.715],[53.936,41.877],[53.898,42.069],[53.811,42.122],[53.66,42.143],[53.283,42.072],[53.15,42.095],[52.949,41.975],[52.821,41.697],[52.917,41.666],[52.821,41.401],[52.908,41.11],[52.876,41.054],[52.761,41.374],[52.562,41.517],[52.592,41.639],[52.434,41.762],[52.494,41.901],[52.406,42.093],[52.437,42.175],[52.595,42.335],[52.746,42.649],[52.733,42.713],[52.576,42.799],[52.173,42.884],[51.898,42.845],[51.652,43.182],[51.27,43.154],[51.315,43.299],[51.318,43.442],[51.269,43.555],[51.21,43.614],[51.152,43.621],[51.017,43.809],[50.917,43.98],[50.843,44.189],[50.751,44.242],[50.285,44.328],[50.233,44.371],[50.239,44.573],[50.309,44.653],[50.871,44.626],[50.993,44.532],[51.132,44.481],[51.561,44.511],[51.55,44.547],[51.437,44.606],[51.295,44.603],[51.227,44.723],[50.962,44.856],[50.96,44.97],[51.243,45.1],[51.25,45.168],[51.406,45.368],[51.475,45.335],[51.596,45.338],[51.726,45.403],[51.928,45.364],[52.519,45.406],[52.766,45.339],[53.105,45.298],[53.228,45.338],[52.751,45.518],[52.733,45.55],[52.748,45.645],[52.932,45.799],[53.083,46.003],[53.158,46.338],[53.037,46.483],[53.004,46.485],[53.007,46.528],[53.091,46.553],[53.206,46.643],[53.194,46.715],[53.102,46.778],[53.059,46.889],[52.866,46.952],[52.603,46.949],[52.454,46.996],[52.242,46.804],[52.09,46.815],[51.777,46.905],[51.686,46.959],[51.635,47.043],[51.194,47.115],[50.844,47.008],[50.783,46.939],[50.71,46.946],[50.523,46.873],[50.433,46.901],[50.311,46.81],[49.828,46.561],[49.62,46.575],[49.562,46.53],[49.454,46.511],[49.324,46.565],[49.387,46.492],[49.37,46.402],[49.281,46.439],[49.217,46.378],[49.228,46.311],[49.275,46.265],[49.154,46.287],[48.909,46.129],[48.783,46.093],[48.71,46.131],[48.635,46.081],[48.725,46.022],[48.761,45.858],[48.718,45.833],[48.571,45.964],[48.453,45.934],[48.223,45.744],[47.854,45.717],[47.829,45.659],[47.556,45.768],[47.554,45.739],[47.625,45.708],[47.642,45.56],[47.488,45.726],[47.39,45.745],[47.414,45.674],[47.54,45.635],[47.566,45.56],[47.422,45.363],[47.37,45.232],[47.135,44.94],[47.073,44.783],[47.033,44.83],[46.988,44.808],[46.773,44.692],[46.715,44.603],[46.68,44.516],[46.698,44.448],[46.76,44.392],[47.038,44.346],[47.085,44.25],[47.267,44.142],[47.489,43.813],[47.5,43.768],[47.452,43.682],[47.368,43.613],[47.405,43.503],[47.463,43.531],[47.551,43.871],[47.636,43.9],[47.68,43.87],[47.555,43.657],[47.487,43.457],[47.492,43.332],[47.577,43.32],[47.585,43.293],[47.487,43.216],[47.454,43.089],[47.466,43.014],[47.693,42.867],[47.732,42.642],[47.865,42.588],[47.949,42.459],[48.115,42.329],[48.305,42.094],[48.394,41.92],[48.541,41.881],[48.673,41.787],[48.901,41.525],[49.038,41.416],[49.139,41.267],[49.155,41.152],[49.227,41.012],[49.405,40.845],[49.529,40.79],[49.528,40.663],[49.694,40.585],[49.805,40.565],[49.974,40.589],[50.08,40.556],[50.235,40.491],[50.352,40.379],[50.368,40.269],[50.129,40.358],[49.923,40.34],[49.569,40.211],[49.494,40.156],[49.426,40.051],[49.455,40.012],[49.389,39.692],[49.314,39.604],[49.284,39.491],[49.408,39.388],[49.396,39.353],[49.255,39.315],[49.201,39.028],[49.158,38.986],[49.063,38.971],[49.062,39.006],[49.14,39.047],[49.146,39.093],[49.044,39.18],[48.964,39.176],[48.932,39.114],[48.952,39.021],[48.867,38.746],[48.87,38.451],[48.665,38.39],[48.597,38.42],[48.433,38.625],[48.33,38.604],[48.246,38.67],[48.247,38.715],[48.024,38.837],[48.013,38.897],[48.075,38.953],[48.309,39.004],[48.327,39.055],[48.294,39.113],[48.137,39.208],[48.124,39.275],[48.199,39.336],[48.358,39.39],[47.985,39.716],[47.813,39.679],[47.542,39.515],[47.392,39.471],[47.285,39.374],[47.1,39.304],[47.033,39.197],[46.956,39.158],[46.849,39.161],[46.542,38.877],[46.351,38.91],[46.185,38.843],[45.438,39.002],[45.346,39.165],[45.144,39.219],[45.063,39.373],[44.954,39.434],[44.889,39.606],[44.815,39.639],[44.787,39.709],[44.594,39.831],[44.488,39.963],[44.283,40.046],[43.933,40.014],[43.666,40.105],[43.665,40.143],[43.715,40.157],[43.583,40.453],[43.741,40.667],[43.75,40.745],[43.673,40.926],[43.595,40.993],[43.484,41.024],[43.455,41.093],[43.474,41.138],[43.43,41.184],[43.233,41.192],[42.831,41.582],[42.597,41.582],[42.52,41.471],[42.523,41.406],[42.48,41.376],[42.0,41.456],[41.908,41.448],[41.873,41.388],[41.824,41.372],[41.699,41.436],[41.498,41.48],[41.74,41.75],[41.774,41.892],[41.659,42.127],[41.633,42.272],[41.547,42.408],[41.501,42.625],[41.441,42.73],[41.216,42.8],[41.158,42.792],[41.026,42.978],[40.936,42.975],[40.837,43.07],[40.363,43.163],[40.219,43.316],[39.919,43.412],[39.875,43.491],[39.47,43.759],[39.287,43.927],[38.754,44.273],[38.6,44.329],[38.2,44.389],[37.866,44.693],[37.783,44.723],[37.81,44.638],[37.486,44.671],[37.374,44.744],[37.3,44.862],[37.309,44.893],[37.203,44.98],[36.882,45.086],[36.623,45.131],[36.589,45.192],[36.729,45.203],[36.962,45.279],[36.967,45.308],[36.77,45.384],[36.689,45.349],[36.725,45.397],[36.827,45.435],[37.089,45.343],[37.068,45.251],[37.11,45.234],[37.314,45.275],[37.215,45.298],[37.211,45.324],[37.398,45.316],[37.52,45.361],[37.735,45.299],[37.702,45.558],[37.643,45.587],[37.625,45.568],[37.646,45.45],[37.611,45.416],[37.584,45.429],[37.591,45.626],[37.629,45.657],[37.669,45.615],[37.705,45.62],[37.666,45.66],[37.835,45.761],[37.929,46.013],[38.09,46.053],[38.071,45.954],[38.096,45.945],[38.162,46.103],[38.218,46.135],[38.454,46.026],[38.548,46.027],[38.571,46.091],[38.297,46.218],[38.268,46.272],[38.087,46.39],[37.983,46.393],[37.99,46.349],[37.899,46.407],[37.825,46.48],[37.745,46.659],[37.845,46.623],[38.026,46.621],[38.266,46.723],[38.302,46.679],[38.388,46.653],[38.585,46.657],[38.582,46.696],[38.483,46.739],[38.417,46.743],[38.384,46.711],[38.368,46.747],[38.411,46.827],[38.47,46.859],[38.778,46.882],[39.073,47.027],[39.28,47.017],[39.3,47.077],[39.252,47.263],[39.067,47.278],[38.957,47.254],[38.811,47.162],[38.561,47.112],[38.486,47.128],[38.563,47.216],[38.766,47.253],[38.605,47.24],[38.523,47.207],[38.451,47.135],[38.236,47.109],[38.135,47.063],[38.072,47.095],[37.559,47.086],[37.325,46.903],[37.197,46.926],[36.766,46.752],[36.613,46.775],[36.395,46.717],[36.24,46.636],[36.193,46.667],[35.907,46.651],[35.76,46.593],[35.628,46.489],[35.484,46.442],[35.158,46.128],[34.98,46.086],[35.056,46.142],[35.204,46.184],[35.334,46.322],[35.348,46.35],[35.199,46.443],[35.204,46.385],[35.055,46.26],[34.811,46.181],[34.702,46.176],[34.565,45.987],[34.408,46.017],[34.445,46.096],[34.56,46.098],[34.574,46.153],[34.537,46.184],[34.457,46.155],[34.331,46.17],[34.156,46.281],[34.119,46.119],[34.032,46.135],[33.957,46.214],[33.773,46.248],[33.671,46.216],[33.79,46.121],[33.808,46.168],[33.845,46.16],[33.9,46.039],[33.99,46.027],[33.964,46.087],[34.008,46.096],[34.112,46.019],[34.139,45.94],[34.2,45.956],[34.207,46.031],[34.359,46.015],[34.413,45.949],[34.359,45.884],[34.498,45.875],[34.572,45.928],[34.559,45.96],[34.629,45.94],[34.603,45.879],[34.464,45.769],[34.651,45.785],[34.986,45.632],[35.07,45.551],[35.092,45.469],[35.014,45.423],[35.133,45.325],[35.339,45.286],[35.343,45.333],[35.053,45.612],[34.678,46.09],[34.732,46.108],[34.825,46.07],[34.902,45.883],[35.054,45.654],[35.319,45.377],[35.458,45.298],[35.697,45.328],[35.863,45.404],[36.015,45.36],[36.136,45.458],[36.485,45.441],[36.603,45.419],[36.636,45.377],[36.617,45.334],[36.494,45.339],[36.431,45.271],[36.405,45.156],[36.446,45.075],[36.23,45.006],[35.856,44.987],[35.728,45.081],[35.526,45.118],[35.149,44.892],[35.081,44.792],[34.964,44.839],[34.724,44.809],[34.518,44.744],[34.441,44.705],[34.335,44.548],[34.13,44.435],[33.93,44.379],[33.712,44.395],[33.579,44.492],[33.462,44.512],[33.378,44.578],[33.554,44.624],[33.52,44.781],[33.621,44.918],[33.546,45.109],[33.396,45.185],[33.275,45.156],[33.177,45.19],[32.935,45.343],[32.727,45.355],[32.656,45.313],[32.569,45.32],[32.511,45.34],[32.483,45.392],[32.531,45.458],[32.933,45.658],[33.769,45.925],[33.628,45.997],[33.614,46.143],[33.593,46.156],[33.432,46.047],[33.316,46.124],[33.189,46.16],[33.123,46.131],[32.774,46.13],[32.502,46.076],[32.268,46.126],[32.243,46.173],[32.027,46.256],[31.791,46.285],[31.769,46.311],[31.814,46.339],[31.943,46.343],[32.057,46.392],[32.007,46.448],[31.773,46.494],[31.659,46.472],[31.569,46.546],[31.765,46.553],[32.348,46.459],[32.446,46.551],[32.642,46.642],[32.33,46.557],[32.243,46.601],[32.141,46.561],[32.016,46.634],[31.936,46.766],[32.008,46.905],[31.981,47.008],[31.751,47.252],[31.727,47.232],[31.818,47.175],[31.869,47.084],[31.839,47.013],[31.907,46.924],[31.965,46.919],[31.943,46.857],[31.864,46.796],[31.907,46.733],[31.905,46.653],[31.813,46.616],[31.647,46.653],[31.573,46.608],[31.478,46.632],[31.595,46.797],[31.418,46.625],[31.338,46.602],[31.053,46.612],[30.833,46.548],[30.78,46.481],[30.765,46.379],[30.507,46.094],[30.244,45.872],[30.067,45.801],[29.984,45.843],[29.93,45.818],[29.802,45.735],[29.852,45.672],[29.747,45.624],[29.68,45.697],[29.681,45.804],[29.636,45.821],[29.593,45.557],[29.619,45.488],[29.752,45.451],[29.76,45.321],[29.73,45.227],[29.666,45.211],[29.672,45.271],[29.659,45.219],[29.624,45.216],[29.7,45.162],[29.664,45.117],[29.615,44.86],[29.563,44.822],[29.192,44.793],[29.001,44.689],[28.975,44.745],[29.139,44.804],[29.096,44.875],[29.101,44.842],[29.065,44.833],[29.044,44.867],[29.053,44.944],[29.11,44.97],[28.983,45.012],[28.869,44.943],[28.866,44.883],[28.945,44.831],[28.925,44.813],[28.946,44.765],[28.798,44.72],[28.784,44.649],[28.87,44.662],[28.912,44.696],[28.898,44.717],[28.967,44.701],[28.986,44.673],[28.939,44.634],[28.975,44.687],[28.774,44.601],[28.795,44.634],[28.758,44.627],[28.764,44.596],[28.788,44.586],[28.733,44.568],[28.772,44.551],[28.758,44.465],[28.925,44.621],[28.845,44.495],[28.635,44.316],[28.672,44.169],[28.631,44.154],[28.671,43.996],[28.584,43.801],[28.573,43.606],[28.603,43.538],[28.579,43.483],[28.473,43.367],[28.322,43.428],[28.157,43.408],[28.091,43.364],[28.018,43.234],[27.904,43.202],[27.944,43.166],[27.884,43.031],[27.891,42.714],[27.733,42.715],[27.717,42.674],[27.74,42.661],[27.628,42.629],[27.65,42.558],[27.541,42.565],[27.453,42.48],[27.466,42.429],[27.473,42.462],[27.514,42.435],[27.63,42.458],[27.652,42.419],[27.719,42.415],[27.714,42.349],[27.78,42.339],[27.788,42.311],[27.756,42.258],[27.986,42.072],[28.014,41.974],[27.812,41.995],[27.8,41.951],[27.687,41.969],[27.609,41.954],[27.547,41.902],[27.238,42.098],[27.172,42.058],[27.046,42.083],[26.941,41.998],[26.821,41.967],[26.606,41.967],[26.543,41.92],[26.525,41.825],[26.375,41.817],[26.334,41.79],[26.324,41.714],[26.212,41.75],[26.054,41.702],[26.055,41.649],[26.115,41.616],[26.159,41.537],[26.146,41.478],[26.173,41.43],[26.118,41.357],[25.883,41.305],[25.811,41.341],[25.678,41.297],[25.551,41.316],[25.503,41.28],[25.24,41.241],[25.102,41.337],[24.887,41.401],[24.803,41.393],[24.774,41.349],[24.699,41.409],[24.582,41.441],[24.51,41.562],[24.301,41.516],[24.251,41.563],[24.168,41.513],[24.076,41.536],[24.047,41.526],[24.041,41.457],[23.949,41.439],[23.895,41.464],[23.76,41.412],[23.693,41.428],[23.653,41.472],[23.391,41.579],[23.303,41.672],[23.034,41.784],[22.909,41.919],[22.866,41.929],[22.838,42.019],[22.723,42.045],[22.49,42.277],[22.469,42.359],[22.384,42.435],[22.372,42.503],[22.328,42.545],[22.334,42.716],[22.834,43.216],[22.914,43.236],[23.214,43.536],[23.274,43.654],[23.274,43.796],[23.226,43.851],[23.224,44.046],[23.176,44.101],[23.174,44.296],[23.126,44.351],[23.124,44.546],[23.078,44.595],[23.072,44.703],[22.983,44.785],[22.959,44.869],[22.792,44.932],[22.759,45.019],[22.643,45.028],[22.596,45.074],[22.213,45.075],[22.149,45.026],[21.76,45.025],[21.696,45.074],[21.551,45.076],[21.496,45.124],[21.351,45.126],[21.296,45.174],[21.151,45.176],[21.103,45.222],[20.994,45.228],[20.953,45.272],[20.586,45.433],[20.364,45.664],[20.284,45.684],[20.134,45.833],[20.122,45.903],[20.034,45.984],[20.014,46.064],[19.714,46.364],[19.596,46.424],[19.254,46.424],[19.207,46.378],[19.141,46.369],[19.036,46.264],[18.976,46.146],[18.972,45.795],[18.92,45.726],[18.846,45.817],[18.857,45.857],[18.907,45.868],[18.878,45.894],[18.901,45.931],[18.774,45.884],[18.656,45.908],[18.571,45.815],[18.404,45.743],[18.211,45.785],[17.858,45.774],[17.809,45.814],[17.658,45.846],[17.591,45.936],[17.304,45.98],[17.317,45.998],[17.276,46.013],[17.209,46.117],[17.051,46.155],[16.891,46.291],[16.838,46.382],[16.752,46.385],[16.659,46.464],[16.517,46.501],[16.501,46.545],[16.376,46.631],[16.405,46.687],[16.313,46.745],[16.33,46.834],[16.282,46.86],[16.094,46.863],[15.982,46.828],[15.971,46.743],[16.01,46.678],[15.851,46.724],[15.636,46.718],[15.625,46.682],[15.546,46.672],[15.491,46.618],[15.388,46.646],[15.206,46.639],[15.085,46.683],[14.684,47.083],[14.626,47.202],[14.624,47.496],[14.533,47.586],[14.472,47.753],[14.428,47.795],[14.426,47.999],[14.484,48.116],[14.669,48.291],[14.69,48.373],[14.883,48.566],[14.959,48.581],[15.119,48.741],[15.122,48.953],[15.009,49.069],[14.943,49.078],[14.903,49.122],[14.795,49.128],[14.746,49.174],[14.551,49.176],[14.496,49.224],[14.301,49.226],[14.253,49.272],[14.135,49.284],[14.076,49.351],[14.074,49.646],[14.028,49.693],[14.019,49.809],[13.514,50.364],[13.435,50.383],[13.359,50.469],[13.293,50.478],[13.253,50.522],[12.951,50.526],[12.896,50.574],[12.74,50.58],[12.585,50.683],[12.525,50.81],[12.574,50.904],[12.578,51.006],[12.814,51.186],[12.824,51.296],[12.514,51.614],[12.335,51.683],[12.176,51.851],[12.179,51.957],[12.325,52.213],[12.324,52.346],[12.278,52.395],[12.272,52.503],[12.18,52.641],[12.172,52.753],[12.125,52.81],[12.126,52.9],[12.175,52.963],[12.177,53.094],[12.146,53.162],[12.222,53.247],[12.274,53.496],[12.228,53.543],[12.219,53.609],[12.014,53.814],[11.935,53.833],[11.834,53.933],[11.819,54.009],[11.685,54.144],[12.088,54.194],[12.092,54.114],[12.115,54.098],[12.097,54.146],[12.143,54.18],[12.109,54.183],[12.342,54.304],[12.528,54.485],[12.591,54.452],[12.907,54.437],[12.625,54.423],[12.527,54.374],[12.438,54.388],[12.363,54.31],[12.369,54.269],[12.458,54.256],[12.42,54.273],[12.482,54.332],[12.685,54.411],[12.718,54.414],[12.692,54.396],[12.684,54.372],[12.705,54.397],[12.785,54.391]],[[23.591,53.611],[23.868,53.172],[23.617,53.614],[23.51,53.898],[23.517,54.039],[23.458,54.174],[23.333,54.247],[23.118,54.304],[22.995,54.386],[22.863,54.408],[22.812,54.396],[22.769,54.364],[22.815,54.394],[23.032,54.346],[23.05,54.295],[23.118,54.303],[23.317,54.236],[23.45,54.153],[23.496,54.045],[23.459,53.982],[23.591,53.611]],[[22.733,49.397],[22.659,49.53],[22.788,49.682],[22.641,49.529],[22.72,49.381],[22.737,49.277],[22.682,49.161],[22.844,49.094],[22.848,49.034],[22.885,49.004],[22.876,49.087],[22.707,49.173],[22.759,49.286],[22.733,49.397]]],[[[-179.58,66.148],[-179.689,66.184],[-179.762,66.117],[-179.823,65.944],[-179.741,65.792],[-179.33,65.627],[-179.321,65.533],[-179.538,65.429],[-179.569,65.266],[-179.7,65.165],[-179.997,65.073],[-179.995,68.978],[-179.626,68.906],[-179.529,68.915],[-179.537,68.949],[-179.507,68.955],[-179.422,68.894],[-179.391,68.823],[-178.922,68.768],[-178.53,68.599],[-178.716,68.656],[-178.758,68.575],[-178.74,68.543],[-178.039,68.424],[-177.951,68.29],[-177.706,68.337],[-178.347,68.538],[-177.636,68.326],[-177.634,68.295],[-177.753,68.257],[-177.68,68.224],[-177.363,68.25],[-177.253,68.211],[-177.241,68.151],[-177.162,68.128],[-177.104,68.153],[-176.97,68.134],[-175.878,67.825],[-175.896,67.807],[-175.867,67.821],[-175.464,67.708],[-175.192,67.513],[-175.218,67.449],[-175.376,67.343],[-175.099,67.371],[-175.04,67.443],[-174.833,67.384],[-174.785,67.306],[-174.893,67.29],[-174.955,67.104],[-174.915,66.992],[-174.813,66.943],[-174.745,66.766],[-174.763,66.734],[-174.858,66.746],[-174.995,66.672],[-174.906,66.616],[-174.508,66.553],[-174.446,66.472],[-174.516,66.455],[-174.467,66.303],[-174.354,66.333],[-174.372,66.364],[-174.195,66.464],[-174.025,66.48],[-173.993,66.457],[-174.087,66.262],[-174.037,66.214],[-173.956,66.278],[-173.938,66.333],[-173.782,66.373],[-173.762,66.45],[-173.918,66.516],[-174.302,66.582],[-173.983,66.697],[-173.997,66.798],[-174.125,66.989],[-174.294,67.059],[-174.509,67.031],[-174.651,67.06],[-174.433,67.103],[-173.828,67.087],[-173.675,67.132],[-173.173,67.059],[-173.274,67.049],[-173.354,66.97],[-173.357,66.84],[-173.155,66.86],[-173.209,66.885],[-173.221,66.973],[-173.138,66.996],[-173.06,66.938],[-172.82,66.909],[-172.436,66.938],[-173.009,67.028],[-173.006,67.056],[-172.328,66.962],[-171.725,66.955],[-171.695,66.936],[-171.719,66.886],[-171.7,66.85],[-171.418,66.772],[-171.398,66.75],[-171.423,66.704],[-171.343,66.651],[-170.882,66.516],[-170.49,66.326],[-170.637,66.239],[-170.349,66.291],[-170.201,66.247],[-170.189,66.201],[-170.331,66.179],[-170.223,66.144],[-169.791,66.151],[-169.708,66.126],[-169.693,66.082],[-169.786,65.992],[-170.037,66.036],[-170.159,66.015],[-170.578,65.853],[-170.516,65.82],[-170.531,65.673],[-170.635,65.611],[-170.893,65.634],[-171.542,65.836],[-171.288,65.666],[-171.027,65.581],[-171.075,65.483],[-171.393,65.538],[-172.083,65.484],[-171.815,65.521],[-172.041,65.534],[-172.103,65.564],[-172.246,65.538],[-172.351,65.663],[-172.654,65.703],[-172.803,65.675],[-172.432,65.589],[-172.425,65.483],[-172.462,65.472],[-172.422,65.427],[-172.193,65.448],[-172.255,65.353],[-172.25,65.247],[-172.68,65.269],[-172.683,65.228],[-172.306,65.217],[-172.134,65.082],[-172.466,64.92],[-172.541,64.925],[-172.782,64.851],[-173.046,64.863],[-173.195,64.778],[-172.999,64.841],[-172.897,64.829],[-172.783,64.777],[-173.085,64.663],[-172.954,64.672],[-172.735,64.594],[-172.462,64.553],[-172.356,64.455],[-172.364,64.423],[-172.632,64.389],[-172.758,64.421],[-172.829,64.525],[-173.026,64.497],[-173.061,64.477],[-172.885,64.45],[-172.899,64.337],[-172.992,64.282],[-173.193,64.255],[-173.434,64.327],[-173.299,64.461],[-173.284,64.52],[-173.415,64.617],[-173.352,64.499],[-173.362,64.467],[-173.469,64.394],[-173.674,64.347],[-174.05,64.424],[-174.158,64.571],[-174.703,64.735],[-174.704,64.761],[-175.005,64.813],[-175.052,64.779],[-175.446,64.785],[-175.472,64.856],[-175.807,64.956],[-175.912,65.016],[-175.811,65.063],[-175.781,65.161],[-175.864,65.238],[-175.928,65.398],[-176.078,65.47],[-177.068,65.61],[-177.21,65.593],[-177.5,65.486],[-178.37,65.476],[-178.555,65.514],[-178.569,65.542],[-178.456,65.728],[-178.657,65.763],[-178.807,65.865],[-178.907,65.994],[-178.725,66.009],[-178.674,66.112],[-178.542,66.163],[-178.505,66.393],[-178.605,66.365],[-178.785,66.205],[-178.909,66.171],[-179.062,66.195],[-179.11,66.248],[-179.083,66.298],[-179.109,66.37],[-179.171,66.415],[-179.182,66.292],[-179.424,66.341],[-179.25,66.199],[-179.283,66.167],[-179.397,66.131],[-179.635,66.118],[-179.655,66.136],[-179.58,66.148]]],[[[54.266,73.606],[54.06,73.606],[53.669,73.737],[53.635,73.76],[53.648,73.797],[53.899,73.779],[54.249,73.911],[54.8,73.977],[54.605,74.015],[54.695,74.07],[55.024,74.173],[55.168,74.186],[55.268,74.151],[55.862,74.108],[55.525,74.206],[55.075,74.261],[55.215,74.304],[55.307,74.277],[55.703,74.268],[55.742,74.293],[55.665,74.326],[55.234,74.366],[55.366,74.435],[56.281,74.488],[56.06,74.496],[56.075,74.514],[56.008,74.542],[55.498,74.569],[55.528,74.646],[55.571,74.66],[55.774,74.689],[55.915,74.658],[56.389,74.718],[56.611,74.677],[56.983,74.687],[56.601,74.694],[56.484,74.793],[55.938,74.775],[55.829,74.802],[55.919,74.842],[56.676,74.949],[56.296,74.958],[56.472,75.013],[56.419,75.035],[55.888,74.989],[55.862,74.996],[55.94,75.064],[55.917,75.082],[55.729,75.076],[55.801,75.148],[56.055,75.216],[56.161,75.149],[56.354,75.188],[56.481,75.061],[56.908,75.237],[56.875,75.281],[56.732,75.298],[56.871,75.36],[57.054,75.39],[57.737,75.323],[57.655,75.427],[57.548,75.451],[57.518,75.494],[57.65,75.532],[58.181,75.578],[58.193,75.602],[58.153,75.623],[57.926,75.626],[58.042,75.68],[58.516,75.724],[58.545,75.759],[58.789,75.839],[59.145,75.86],[59.42,75.934],[59.744,75.926],[60.041,75.986],[60.328,75.993],[60.343,76.01],[60.073,76.045],[60.277,76.107],[60.791,76.115],[60.47,76.014],[60.729,76.002],[60.819,76.058],[61.083,76.075],[61.156,76.131],[60.905,76.148],[60.995,76.246],[61.066,76.274],[61.68,76.31],[62.028,76.252],[62.306,76.257],[62.392,76.19],[62.503,76.177],[62.734,76.258],[62.842,76.258],[62.905,76.207],[62.98,76.21],[63.717,76.345],[64.11,76.311],[64.666,76.417],[64.798,76.474],[64.986,76.494],[65.162,76.468],[65.548,76.582],[65.975,76.528],[66.019,76.541],[65.771,76.685],[65.925,76.744],[66.152,76.758],[66.682,76.902],[67.544,77.011],[68.506,76.954],[68.929,76.78],[68.889,76.673],[68.79,76.585],[68.863,76.574],[68.859,76.542],[68.4,76.364],[68.213,76.327],[68.319,76.288],[68.291,76.28],[67.997,76.266],[67.035,76.084],[65.409,75.88],[65.135,75.808],[64.115,75.717],[63.812,75.655],[63.656,75.712],[63.557,75.707],[63.608,75.686],[63.537,75.636],[63.306,75.586],[63.022,75.586],[62.242,75.433],[62.018,75.441],[61.856,75.382],[61.699,75.367],[61.648,75.278],[61.483,75.22],[61.386,75.25],[61.381,75.331],[61.283,75.318],[61.297,75.292],[61.15,75.208],[60.811,75.137],[60.75,75.102],[60.805,75.081],[60.735,75.025],[60.589,75.036],[60.571,75.061],[60.602,75.1],[60.516,75.114],[60.442,75.063],[60.452,75.024],[60.424,75.011],[59.932,74.997],[60.105,74.967],[60.606,74.966],[60.675,74.93],[60.554,74.862],[60.204,74.846],[60.367,74.786],[60.321,74.761],[59.936,74.718],[59.51,74.795],[59.628,74.729],[59.868,74.68],[59.868,74.624],[59.765,74.589],[59.574,74.602],[59.17,74.72],[59.288,74.641],[59.122,74.541],[59.093,74.483],[59.147,74.439],[58.786,74.461],[58.717,74.5],[58.192,74.575],[58.181,74.557],[58.61,74.429],[58.625,74.363],[58.74,74.263],[58.507,74.165],[58.28,74.218],[58.265,74.173],[58.385,74.131],[58.328,74.093],[58.252,74.133],[58.137,74.137],[58.139,74.076],[58.217,74.007],[58.134,73.985],[57.729,74.049],[57.534,74.182],[57.415,74.18],[57.519,74.12],[57.517,74.083],[57.259,74.076],[57.552,74.058],[57.91,73.915],[57.937,73.8],[57.726,73.716],[57.403,73.838],[56.569,73.88],[57.332,73.824],[57.613,73.662],[57.584,73.61],[57.349,73.55],[57.056,73.586],[56.727,73.672],[56.755,73.599],[57.249,73.488],[57.225,73.45],[56.909,73.31],[56.758,73.36],[56.744,73.246],[56.128,73.288],[56.043,73.324],[56.009,73.419],[55.908,73.44],[55.878,73.434],[55.983,73.369],[55.979,73.327],[55.928,73.305],[55.749,73.346],[55.391,73.339],[54.998,73.44],[54.507,73.396],[54.216,73.324],[54.037,73.383],[54.299,73.417],[54.333,73.458],[54.251,73.477],[54.25,73.511],[54.374,73.566],[54.752,73.659],[55.173,73.711],[54.855,73.728],[54.542,73.702],[54.266,73.606]]],[[[52.757,72.636],[52.964,72.67],[53.21,72.649],[53.211,72.65],[52.977,72.683],[52.543,72.674],[52.387,72.742],[52.6,72.854],[52.976,72.92],[53.374,72.879],[53.392,72.928],[53.144,72.962],[53.147,73.005],[53.382,73.008],[53.128,73.092],[53.155,73.153],[53.329,73.217],[53.561,73.23],[53.789,73.302],[54.227,73.274],[54.569,73.381],[54.913,73.422],[55.322,73.332],[55.76,73.324],[56.435,73.226],[56.578,73.13],[55.816,73.058],[56.244,73.071],[56.442,73.046],[56.342,72.994],[55.623,72.963],[56.006,72.942],[56.256,72.968],[56.217,72.834],[56.163,72.792],[56.01,72.774],[55.84,72.801],[55.736,72.773],[55.485,72.809],[55.437,72.782],[55.835,72.744],[55.944,72.665],[55.723,72.64],[55.67,72.562],[55.608,72.537],[55.453,72.576],[55.27,72.582],[55.448,72.564],[55.548,72.52],[55.543,72.479],[55.135,72.451],[55.463,72.427],[55.479,72.27],[55.576,72.189],[55.383,72.102],[55.345,72.065],[55.397,72.022],[55.324,71.95],[55.221,71.926],[55.505,71.891],[55.537,71.76],[55.675,71.605],[56.032,71.346],[56.077,71.275],[56.228,71.194],[56.954,70.896],[57.464,70.806],[57.633,70.728],[57.551,70.724],[57.448,70.606],[57.387,70.603],[56.744,70.699],[56.866,70.639],[57.096,70.626],[57.314,70.561],[56.596,70.641],[56.504,70.673],[56.513,70.719],[56.574,70.736],[56.546,70.749],[56.22,70.66],[56.332,70.644],[56.375,70.653],[56.337,70.674],[56.456,70.67],[56.641,70.583],[56.54,70.541],[56.511,70.55],[56.554,70.572],[56.54,70.589],[56.375,70.588],[56.059,70.662],[56.047,70.642],[56.179,70.606],[56.126,70.594],[55.854,70.672],[56.022,70.588],[55.874,70.58],[55.711,70.62],[55.778,70.632],[55.751,70.698],[55.603,70.723],[55.665,70.682],[55.407,70.748],[55.249,70.675],[55.233,70.658],[55.292,70.606],[55.168,70.553],[54.75,70.68],[54.688,70.758],[54.574,70.781],[54.5,70.784],[54.479,70.734],[54.723,70.653],[54.282,70.771],[54.275,70.74],[54.211,70.726],[54.053,70.74],[53.831,70.809],[53.728,70.793],[53.53,70.834],[53.463,70.815],[53.394,70.859],[53.571,70.886],[53.676,70.865],[53.739,70.949],[53.509,71.06],[53.511,71.085],[53.938,71.14],[54.057,71.118],[53.929,71.125],[53.916,71.099],[54.119,71.094],[54.236,71.125],[54.127,71.121],[53.953,71.175],[53.811,71.153],[53.561,71.201],[53.464,71.255],[53.682,71.388],[53.893,71.418],[53.941,71.459],[53.556,71.38],[53.525,71.301],[53.446,71.297],[53.363,71.328],[53.259,71.443],[53.435,71.542],[53.365,71.565],[53.181,71.493],[53.029,71.501],[52.918,71.406],[52.624,71.497],[52.553,71.594],[52.432,71.548],[52.38,71.491],[52.289,71.507],[52.216,71.563],[52.141,71.537],[52.2,71.49],[51.796,71.475],[51.637,71.531],[51.418,71.735],[51.397,71.852],[51.457,71.957],[51.575,72.071],[51.84,72.158],[52.33,72.062],[52.403,72.08],[52.414,72.226],[52.58,72.26],[52.746,72.337],[52.69,72.372],[52.668,72.433],[52.791,72.508],[52.874,72.514],[52.913,72.57],[53.082,72.594],[52.734,72.556],[52.757,72.636]]],[[[136.98,75.597],[137.069,75.564],[136.982,75.582],[136.975,75.609],[137.164,75.677],[137.085,75.727],[137.205,75.784],[137.74,75.746],[137.721,75.779],[137.432,75.878],[137.418,75.939],[137.713,76.009],[138.003,76.019],[138.169,76.122],[138.334,76.145],[138.388,76.071],[138.446,76.059],[138.463,76.126],[138.527,76.181],[138.869,76.22],[138.954,76.199],[138.981,76.148],[139.095,76.096],[139.864,75.954],[139.889,75.931],[139.833,75.926],[139.794,75.884],[139.935,75.836],[140.16,75.801],[140.391,75.816],[140.529,75.779],[140.539,75.751],[140.459,75.704],[140.431,75.651],[140.455,75.64],[140.911,75.609],[141.056,75.642],[140.872,75.741],[140.91,75.841],[140.879,75.9],[140.951,76.027],[141.19,76.058],[141.612,76.017],[141.307,76.175],[141.358,76.18],[141.763,76.1],[142.56,75.858],[143.088,75.806],[143.583,75.867],[143.901,75.837],[144.475,75.71],[144.719,75.69],[144.825,75.638],[145.202,75.597],[145.367,75.522],[144.746,75.433],[144.689,75.401],[144.673,75.328],[144.936,75.266],[144.726,75.232],[144.69,75.159],[144.35,75.045],[143.949,75.027],[143.758,75.075],[143.551,75.091],[143.365,75.067],[142.898,75.137],[142.835,75.218],[142.712,75.232],[142.661,75.305],[142.5,75.362],[142.509,75.455],[142.73,75.547],[143.016,75.595],[143.042,75.664],[142.926,75.717],[142.447,75.711],[142.424,75.673],[142.23,75.655],[142.14,75.591],[142.114,75.501],[142.153,75.378],[142.213,75.333],[142.419,75.256],[142.635,75.094],[143.099,75.058],[143.393,75.002],[143.58,75.012],[143.692,74.939],[143.431,74.888],[142.689,74.893],[142.638,74.834],[142.488,74.812],[142.071,74.89],[141.98,74.938],[142.069,74.963],[142.356,74.929],[142.17,75.004],[140.062,74.831],[139.979,74.895],[139.647,74.979],[139.463,74.929],[139.473,74.871],[139.561,74.85],[139.496,74.761],[139.346,74.686],[139.097,74.647],[138.743,74.723],[138.028,74.804],[137.876,74.853],[137.768,74.986],[137.141,75.133],[136.914,75.27],[136.861,75.352],[137.022,75.388],[137.172,75.332],[137.405,75.352],[137.426,75.38],[137.395,75.411],[137.134,75.417],[137.287,75.592],[137.165,75.648],[136.98,75.597]]],[[[143.093,53.385],[143.176,53.397],[143.227,53.32],[143.329,52.915],[143.306,52.479],[143.201,52.354],[143.196,52.417],[143.291,52.586],[143.256,52.593],[143.153,52.382],[143.18,52.312],[143.125,51.96],[143.17,51.861],[143.233,51.871],[143.315,51.727],[143.261,51.678],[143.219,51.526],[143.31,51.512],[143.333,51.617],[143.366,51.636],[143.449,51.5],[143.458,51.362],[143.381,51.346],[143.47,51.268],[143.501,51.301],[143.523,51.268],[143.795,50.294],[143.993,50.032],[144.037,49.897],[142.13,49.898],[142.174,50.094],[142.147,50.352],[142.044,50.543],[142.096,50.816],[142.219,50.974],[142.264,51.13],[142.087,51.396],[142.074,51.474],[141.801,51.675],[141.819,51.785],[141.649,51.888],[141.643,52.084],[141.694,52.179],[141.64,52.315],[141.666,52.386],[141.768,52.455],[141.838,52.581],[141.859,52.852],[141.923,53.013],[141.834,53.154],[141.77,53.368],[142.219,53.517],[142.252,53.48],[142.249,53.384],[142.352,53.356],[142.473,53.386],[142.556,53.466],[142.681,53.517],[142.609,53.57],[142.509,53.549],[142.503,53.662],[142.639,53.678],[142.732,53.637],[142.799,53.704],[142.77,53.838],[142.672,53.716],[142.618,53.701],[142.721,53.928],[142.395,54.237],[142.406,54.267],[142.478,54.274],[142.574,54.231],[142.639,54.263],[142.628,54.326],[142.715,54.423],[143.008,54.129],[142.999,54.061],[142.879,53.896],[142.881,53.808],[143.104,53.554],[143.131,53.475],[143.093,53.385]]],[[[123.536,73.159],[123.659,73.168],[123.666,73.203],[123.531,73.215],[123.224,73.402],[123.242,73.551],[123.372,73.618],[123.377,73.66],[123.545,73.696],[123.602,73.609],[123.966,73.62],[123.991,73.64],[123.909,73.669],[123.885,73.766],[123.968,73.763],[124.055,73.715],[123.999,73.692],[124.057,73.681],[124.358,73.803],[124.7,73.705],[124.837,73.7],[124.989,73.624],[125.058,73.679],[125.136,73.684],[125.186,73.623],[125.173,73.561],[125.23,73.541],[125.584,73.541],[125.626,73.522],[125.622,73.496],[125.518,73.451],[125.566,73.403],[125.684,73.459],[126.319,73.543],[126.402,73.508],[126.316,73.448],[126.199,73.454],[126.157,73.377],[126.423,73.406],[126.53,73.357],[126.586,73.294],[126.563,73.23],[126.677,73.157],[126.709,73.085],[126.576,72.99],[126.324,72.923],[126.278,72.874],[126.379,72.795],[126.293,72.666],[126.246,72.525],[126.334,72.436],[126.347,72.382],[126.166,72.302],[125.725,72.365],[125.342,72.466],[125.243,72.535],[124.902,72.598],[124.718,72.676],[124.385,72.673],[124.121,72.762],[123.673,72.797],[123.329,72.868],[122.923,72.895],[122.432,72.977],[122.468,73.013],[122.606,73.024],[122.854,72.994],[122.892,72.956],[123.181,72.917],[123.316,72.973],[123.311,73.026],[123.38,73.164],[123.492,73.187],[123.536,73.159]]],[[[148.888,75.219],[149.328,75.284],[150.104,75.225],[150.473,75.091],[150.635,75.116],[150.688,75.157],[150.953,75.139],[150.82,75.104],[150.644,74.991],[150.688,74.942],[150.6,74.884],[150.042,74.838],[149.696,74.761],[148.704,74.76],[148.233,74.792],[147.659,74.951],[147.14,74.994],[146.74,75.103],[146.074,75.224],[146.155,75.273],[146.247,75.425],[146.415,75.586],[146.622,75.562],[146.772,75.501],[146.679,75.479],[146.635,75.425],[146.77,75.371],[147.111,75.33],[147.339,75.349],[147.202,75.373],[147.405,75.438],[148.388,75.416],[148.563,75.375],[148.446,75.282],[148.578,75.213],[148.888,75.219]]],[[[126.829,73.382],[126.923,73.492],[126.831,73.52],[126.958,73.536],[127.193,73.535],[127.465,73.48],[127.976,73.47],[128.083,73.358],[128.34,73.352],[128.258,73.268],[128.656,73.258],[128.894,73.211],[128.962,73.168],[128.781,73.073],[129.042,73.129],[129.117,73.098],[129.08,73.041],[128.947,72.987],[128.299,72.907],[128.213,72.864],[128.231,72.825],[128.175,72.808],[127.647,72.717],[127.392,72.721],[126.925,72.572],[126.589,72.536],[126.494,72.467],[126.575,72.424],[126.556,72.405],[126.429,72.427],[126.304,72.505],[126.342,72.69],[126.446,72.79],[126.336,72.893],[126.659,72.993],[126.772,73.076],[126.765,73.171],[126.606,73.255],[126.628,73.379],[126.724,73.444],[126.829,73.382]]],[[[143.18,73.629],[143.431,73.523],[143.523,73.442],[143.436,73.403],[143.508,73.278],[143.503,73.231],[143.187,73.203],[141.589,73.31],[140.746,73.451],[140.425,73.433],[140.009,73.354],[139.744,73.353],[139.727,73.44],[140.416,73.483],[140.645,73.567],[140.925,73.811],[141.131,73.878],[141.356,73.86],[142.025,73.92],[142.515,73.839],[143.18,73.629]]],[[[-177.445,71.228],[-177.49,71.173],[-177.629,71.114],[-177.933,71.039],[-178.819,70.98],[-179.274,70.908],[-179.496,70.914],[-179.999,71.0],[-179.997,71.535],[-179.63,71.577],[-179.305,71.551],[-179.046,71.597],[-178.567,71.564],[-178.013,71.447],[-177.962,71.396],[-177.63,71.283],[-177.506,71.278],[-177.445,71.228]]],[[[29.295,70.744],[29.418,70.736],[29.323,70.723],[29.364,70.709],[29.282,70.682],[29.306,70.653],[29.391,70.697],[29.699,70.743],[29.776,70.726],[29.781,70.691],[29.679,70.62],[29.823,70.634],[29.995,70.713],[30.106,70.711],[30.19,70.681],[30.098,70.648],[30.329,70.595],[30.125,70.552],[30.137,70.532],[30.007,70.538],[30.163,70.525],[30.454,70.561],[30.581,70.542],[30.599,70.53],[30.562,70.518],[30.729,70.469],[30.786,70.421],[30.948,70.449],[31.063,70.367],[31.019,70.34],[31.077,70.284],[30.549,70.249],[30.49,70.203],[30.375,70.186],[30.358,70.161],[30.384,70.154],[30.352,70.129],[30.12,70.085],[30.159,70.071],[28.8,70.171],[28.807,70.874],[29.058,70.884],[29.105,70.873],[29.063,70.86],[29.223,70.855],[29.282,70.805],[29.384,70.787],[29.295,70.744]]],[[[48.219,68.894],[48.214,69.057],[48.265,69.128],[48.304,69.277],[48.566,69.42],[48.906,69.508],[49.272,69.508],[50.164,69.261],[50.327,69.125],[50.113,68.995],[50.22,69.144],[49.959,69.076],[49.856,68.974],[49.679,68.873],[49.444,68.81],[48.821,68.726],[48.582,68.731],[48.219,68.894]]],[[[59.017,69.855],[58.672,70.01],[58.571,70.079],[58.597,70.116],[58.549,70.134],[58.608,70.14],[58.582,70.178],[58.453,70.196],[58.472,70.211],[58.409,70.254],[58.491,70.27],[58.823,70.216],[58.576,70.338],[58.639,70.332],[58.76,70.395],[58.731,70.418],[58.749,70.431],[59.024,70.479],[59.063,70.443],[59.316,70.371],[59.628,70.202],[59.765,70.172],[59.822,70.123],[60.02,70.077],[60.035,70.099],[60.321,69.964],[60.415,69.962],[60.547,69.813],[60.446,69.747],[60.476,69.723],[60.39,69.73],[60.207,69.68],[60.011,69.718],[59.91,69.668],[59.564,69.715],[59.538,69.764],[59.622,69.787],[59.614,69.81],[59.431,69.883],[58.951,69.937],[59.132,69.873],[59.017,69.855]]],[[[128.543,72.17],[128.452,72.187],[128.444,72.222],[128.2,72.235],[127.597,72.425],[126.675,72.429],[126.65,72.476],[126.905,72.51],[127.242,72.604],[127.78,72.642],[128.708,72.464],[129.257,72.464],[129.261,72.412],[129.496,72.333],[129.324,72.292],[129.355,72.255],[129.544,72.221],[129.249,72.135],[129.485,72.129],[129.385,72.098],[128.823,72.073],[128.5,72.151],[128.543,72.17]]],[[[179.273,70.889],[178.791,70.802],[178.622,71.048],[178.867,71.214],[179.211,71.308],[179.529,71.438],[180.0,71.53],[179.993,70.996],[179.805,70.958],[179.676,70.895],[179.273,70.889]]],[[[71.229,73.465],[71.268,73.444],[71.082,73.346],[71.096,73.313],[71.0,73.289],[71.229,73.273],[71.459,73.348],[71.668,73.228],[71.708,73.132],[71.567,73.115],[71.357,73.172],[71.273,73.137],[70.886,73.127],[70.413,73.036],[70.217,73.042],[70.107,73.098],[70.002,73.063],[70.092,73.019],[69.873,73.036],[69.921,73.129],[70.063,73.234],[69.962,73.399],[70.469,73.499],[70.949,73.517],[71.229,73.465]]],[[[113.428,74.394],[113.176,74.219],[112.971,74.193],[112.789,74.092],[112.158,74.135],[111.962,74.211],[111.591,74.254],[111.46,74.317],[111.511,74.354],[111.677,74.373],[111.878,74.345],[111.982,74.391],[111.974,74.486],[112.082,74.549],[113.1,74.496],[113.36,74.461],[113.428,74.394]]],[[[169.179,69.57],[168.832,69.57],[168.144,69.702],[168.045,69.764],[167.763,69.826],[167.948,69.94],[168.272,70.02],[169.411,69.869],[169.45,69.815],[169.412,69.764],[169.275,69.754],[169.298,69.648],[169.179,69.57]]],[[[23.264,58.496],[23.32,58.45],[23.142,58.444],[23.027,58.357],[22.756,58.24],[22.373,58.221],[22.277,58.181],[22.2,57.985],[22.019,57.912],[21.986,57.971],[22.194,58.145],[21.876,58.259],[21.847,58.29],[21.886,58.342],[22.007,58.357],[21.837,58.507],[22.113,58.492],[22.194,58.547],[22.501,58.602],[22.91,58.617],[23.264,58.496]]],[[[164.703,59.026],[164.677,58.904],[164.647,58.882],[164.184,58.823],[163.579,58.58],[163.463,58.472],[163.436,58.477],[163.386,58.559],[163.496,58.588],[163.692,58.745],[163.752,58.895],[163.834,58.967],[163.842,58.995],[163.773,59.022],[164.031,59.051],[164.555,59.236],[164.703,59.026]]],[[[77.783,72.297],[76.914,72.289],[76.854,72.332],[77.229,72.46],[77.314,72.545],[77.611,72.635],[78.231,72.569],[78.395,72.491],[77.941,72.37],[77.783,72.297]]],[[[141.083,74.064],[141.018,73.992],[140.447,73.902],[140.143,74.016],[140.115,74.066],[140.148,74.205],[140.275,74.256],[140.698,74.282],[140.984,74.253],[141.081,74.214],[141.116,74.162],[141.083,74.064]]],[[[137.712,54.621],[137.645,54.647],[137.487,54.872],[137.225,54.773],[137.277,54.892],[137.451,55.015],[137.538,55.169],[137.633,55.196],[137.699,55.148],[138.199,55.042],[138.063,54.966],[137.921,54.77],[137.712,54.621]]],[[[78.604,72.804],[78.582,72.849],[79.104,73.083],[79.205,73.098],[79.547,72.92],[79.515,72.89],[79.579,72.746],[79.375,72.701],[78.91,72.741],[78.604,72.804]]],[[[136.017,75.433],[135.869,75.389],[135.458,75.377],[135.453,75.447],[135.594,75.568],[135.544,75.675],[135.704,75.845],[135.89,75.686],[136.171,75.612],[135.962,75.508],[135.959,75.475],[136.017,75.433]]],[[[165.842,55.263],[165.834,55.303],[165.952,55.362],[166.246,55.328],[166.263,55.305],[166.223,55.233],[166.265,55.127],[166.386,55.005],[166.641,54.847],[166.664,54.677],[166.342,54.842],[166.075,55.065],[166.083,55.105],[165.989,55.215],[165.842,55.263]]],[[[22.867,58.822],[22.883,58.785],[22.811,58.773],[22.787,58.789],[22.826,58.82],[22.798,58.825],[22.743,58.803],[22.67,58.709],[22.524,58.69],[22.475,58.707],[22.448,58.835],[22.386,58.885],[22.237,58.878],[22.056,58.932],[22.468,58.978],[22.579,59.068],[22.691,59.049],[22.72,59.004],[22.93,58.982],[23.043,58.843],[22.867,58.822]]],[[[52.813,71.302],[53.086,71.232],[53.156,71.242],[53.083,71.251],[53.123,71.266],[53.197,71.255],[53.216,71.168],[53.15,71.127],[53.148,71.094],[53.047,71.073],[53.042,71.022],[53.126,70.982],[53.016,70.968],[52.972,71.045],[52.807,71.105],[52.757,71.177],[52.559,71.249],[52.351,71.246],[52.245,71.279],[52.216,71.322],[52.573,71.385],[52.738,71.354],[52.689,71.384],[52.711,71.401],[52.769,71.388],[52.743,71.371],[52.813,71.302]]],[[[96.522,76.189],[96.54,76.234],[96.45,76.27],[96.362,76.262],[96.424,76.212],[96.314,76.199],[96.403,76.166],[96.356,76.1],[96.177,76.152],[95.838,76.154],[95.264,76.213],[95.351,76.289],[95.569,76.254],[95.769,76.301],[96.069,76.279],[96.284,76.309],[96.646,76.251],[96.568,76.151],[96.522,76.189]]],[[[96.236,76.991],[95.686,76.948],[95.945,77.012],[95.232,77.006],[95.58,77.079],[96.104,77.119],[96.462,77.21],[96.528,77.205],[96.589,77.144],[96.236,76.991]]],[[[69.425,66.768],[69.256,66.746],[69.134,66.798],[69.471,66.798],[69.517,66.739],[69.636,66.694],[69.664,66.694],[69.54,66.764],[69.727,66.766],[69.925,66.707],[70.05,66.709],[70.085,66.689],[70.079,66.639],[70.027,66.625],[70.131,66.556],[70.042,66.55],[70.096,66.537],[70.055,66.505],[69.871,66.478],[69.546,66.591],[69.575,66.638],[69.425,66.768]]],[[[128.279,72.787],[129.29,72.704],[129.192,72.656],[128.478,72.724],[128.421,72.681],[128.316,72.671],[127.358,72.661],[127.467,72.701],[127.687,72.7],[127.919,72.763],[128.279,72.787]]],[[[13.157,54.427],[13.273,54.482],[13.143,54.543],[13.257,54.554],[13.298,54.52],[13.348,54.573],[13.349,54.524],[13.384,54.532],[13.378,54.561],[13.431,54.493],[13.507,54.488],[13.521,54.571],[13.441,54.558],[13.369,54.612],[13.258,54.564],[13.293,54.642],[13.238,54.638],[13.251,54.663],[13.43,54.682],[13.383,54.636],[13.408,54.593],[13.67,54.565],[13.673,54.537],[13.576,54.472],[13.609,54.414],[13.766,54.345],[13.72,54.279],[13.674,54.307],[13.712,54.332],[13.617,54.318],[13.691,54.352],[13.599,54.352],[13.5,54.345],[13.36,54.275],[13.356,54.249],[13.416,54.265],[13.416,54.231],[13.312,54.251],[13.334,54.282],[13.154,54.292],[13.177,54.31],[13.115,54.338],[13.151,54.377],[13.267,54.386],[13.212,54.431],[13.157,54.427]]],[[[81.752,75.463],[81.793,75.465],[81.741,75.424],[81.773,75.397],[81.739,75.383],[81.878,75.391],[81.932,75.425],[81.869,75.444],[81.917,75.458],[81.897,75.492],[82.171,75.52],[82.13,75.457],[82.165,75.438],[82.018,75.441],[82.204,75.415],[82.294,75.334],[82.041,75.338],[82.045,75.258],[82.001,75.172],[81.91,75.201],[81.872,75.309],[81.816,75.321],[81.814,75.293],[81.691,75.277],[81.492,75.362],[81.752,75.463]]],[[[74.639,72.96],[74.708,72.902],[74.681,72.865],[74.201,72.966],[74.094,73.028],[74.212,73.115],[74.476,73.134],[74.784,73.101],[74.703,73.079],[74.639,72.96]]],[[[161.515,68.984],[161.486,68.906],[161.424,68.897],[161.477,68.975],[161.422,69.022],[161.138,69.092],[161.122,69.176],[161.169,69.325],[161.068,69.415],[161.098,69.467],[161.369,69.537],[161.386,69.46],[161.289,69.416],[161.359,69.358],[161.319,69.242],[161.407,69.075],[161.515,68.984]]],[[[135.66,74.11],[135.438,74.162],[135.385,74.244],[135.647,74.205],[136.063,74.077],[136.258,73.988],[136.268,73.931],[136.163,73.886],[136.082,73.898],[136.042,73.938],[135.732,74.042],[135.66,74.11]]],[[[137.267,71.49],[137.381,71.458],[137.39,71.436],[137.34,71.429],[137.025,71.513],[137.266,71.578],[137.735,71.594],[137.886,71.571],[137.957,71.507],[137.695,71.42],[137.482,71.484],[137.267,71.49]]],[[[83.308,70.442],[83.091,70.361],[83.065,70.365],[83.098,70.392],[83.073,70.405],[83.126,70.665],[83.214,70.807],[83.287,70.853],[83.466,70.739],[83.442,70.69],[83.305,70.645],[83.259,70.549],[83.308,70.442]]],[[[15.146,55.096],[15.07,54.992],[14.781,55.051],[14.687,55.103],[14.709,55.234],[14.763,55.306],[15.133,55.145],[15.146,55.096]]],[[[112.305,76.533],[112.08,76.553],[111.957,76.599],[111.989,76.629],[112.296,76.619],[112.347,76.657],[112.507,76.628],[112.566,76.55],[112.701,76.515],[112.6,76.447],[112.448,76.451],[112.305,76.533]]],[[[86.525,74.987],[86.673,74.953],[87.028,74.992],[87.139,74.937],[86.954,74.874],[86.806,74.912],[86.688,74.895],[86.947,74.841],[86.336,74.846],[86.213,74.903],[86.566,74.897],[86.587,74.91],[86.501,74.931],[86.497,74.976],[86.525,74.987]]],[[[128.339,72.561],[128.143,72.631],[128.685,72.672],[128.899,72.639],[128.955,72.602],[128.617,72.532],[128.339,72.561]]],[[[128.419,72.869],[128.766,72.891],[129.118,72.854],[129.282,72.803],[129.14,72.782],[128.324,72.829],[128.419,72.869]]],[[[89.168,77.164],[89.136,77.205],[89.144,77.239],[89.257,77.295],[89.475,77.314],[89.673,77.278],[89.668,77.245],[89.564,77.195],[89.356,77.168],[89.157,77.198],[89.168,77.164]]],[[[119.652,73.114],[119.813,73.163],[120.113,73.148],[120.266,73.093],[120.205,73.042],[119.8,73.039],[119.739,73.094],[119.652,73.114]]],[[[137.067,54.931],[136.95,54.923],[136.923,54.958],[136.872,54.957],[136.749,54.931],[136.747,54.888],[136.681,54.906],[136.689,54.942],[136.807,55.017],[137.039,55.104],[137.088,55.085],[137.172,55.11],[137.065,55.001],[137.067,54.931]]],[[[85.648,74.526],[85.385,74.451],[85.219,74.475],[85.146,74.536],[85.282,74.581],[85.483,74.575],[85.648,74.526]]],[[[85.79,74.563],[85.939,74.583],[86.209,74.523],[86.135,74.486],[85.971,74.509],[85.856,74.44],[85.659,74.471],[85.79,74.563]]],[[[161.427,69.482],[161.4,69.587],[161.476,69.636],[161.561,69.627],[161.632,69.57],[161.605,69.445],[161.392,69.413],[161.427,69.482]]],[[[107.415,77.357],[107.664,77.331],[107.69,77.264],[107.224,77.237],[107.328,77.333],[107.415,77.357]]],[[[35.648,65.036],[35.528,65.125],[35.543,65.147],[35.801,65.159],[35.86,65.07],[35.797,65.114],[35.781,65.073],[35.866,65.025],[35.742,64.968],[35.723,65.026],[35.648,65.036]]],[[[168.098,54.512],[167.501,54.785],[167.45,54.82],[167.448,54.863],[167.735,54.757],[168.098,54.512]]],[[[82.358,74.074],[82.318,74.118],[82.398,74.153],[82.568,74.163],[82.74,74.101],[82.587,74.053],[82.358,74.074]]],[[[88.73,77.143],[88.943,77.131],[88.89,77.105],[88.84,76.984],[88.631,77.064],[88.641,77.106],[88.73,77.143]]],[[[23.341,58.642],[23.394,58.556],[23.225,58.536],[23.068,58.599],[23.21,58.678],[23.341,58.642]]],[[[67.345,69.523],[67.23,69.434],[67.025,69.474],[67.154,69.56],[67.317,69.583],[67.345,69.523]]],[[[29.906,69.778],[29.846,69.797],[29.796,69.756],[29.713,69.763],[29.83,69.838],[29.811,69.868],[29.846,69.909],[29.971,69.902],[30.021,69.832],[30.07,69.825],[29.906,69.778]]],[[[-172.615,64.709],[-172.578,64.759],[-172.401,64.837],[-172.168,64.779],[-172.615,64.709]]],[[[97.352,76.679],[97.297,76.693],[97.419,76.719],[97.596,76.602],[97.52,76.581],[97.315,76.61],[97.352,76.679]]],[[[106.877,77.419],[106.623,77.373],[106.504,77.39],[106.567,77.436],[106.731,77.466],[106.897,77.445],[106.877,77.419]]],[[[71.25,73.418],[71.351,73.389],[71.341,73.331],[71.214,73.285],[71.138,73.293],[71.144,73.34],[71.25,73.418]]],[[[116.122,74.319],[116.048,74.285],[115.937,74.296],[115.892,74.306],[115.909,74.346],[116.071,74.367],[116.122,74.319]]],[[[23.163,58.969],[23.126,59.029],[23.323,59.038],[23.388,58.993],[23.163,58.969]]],[[[91.985,77.587],[91.837,77.612],[91.825,77.658],[92.073,77.629],[92.076,77.608],[91.985,77.587]]],[[[161.856,69.602],[161.749,69.556],[161.674,69.606],[161.705,69.638],[161.838,69.648],[161.856,69.602]]],[[[42.67,66.694],[42.609,66.69],[42.451,66.747],[42.453,66.772],[42.63,66.756],[42.67,66.694]]],[[[152.555,76.139],[152.774,76.192],[152.801,76.158],[152.766,76.112],[152.555,76.139]]],[[[150.663,59.095],[150.701,59.14],[150.74,59.112],[150.635,59.035],[150.53,59.002],[150.487,59.025],[150.663,59.095]]],[[[137.718,54.378],[137.816,54.444],[137.839,54.493],[137.916,54.503],[137.923,54.466],[137.848,54.438],[137.823,54.388],[137.718,54.378]]],[[[137.552,54.51],[137.614,54.561],[137.645,54.508],[137.609,54.441],[137.637,54.402],[137.575,54.432],[137.552,54.51]]],[[[161.491,70.831],[161.66,70.807],[161.686,70.756],[161.464,70.805],[161.491,70.831]]],[[[54.344,68.293],[54.316,68.259],[54.205,68.25],[54.224,68.28],[54.336,68.305],[54.344,68.293]]],[[[53.865,68.312],[53.874,68.352],[53.912,68.362],[53.971,68.353],[53.865,68.312]]]]}}]}