{"type":"FeatureCollection","features":[{"type":"Feature","properties":{"lite":true,"src":"data/years/1991-12-16.geojson"},"geometry":{"type":"MultiPolygon","coordinates":[[[[47.5,43.772],[47.395,43.612],[47.368,43.613],[47.405,43.503],[47.463,43.531],[47.55,43.87],[47.635,43.9],[47.68,43.872],[47.555,43.656],[47.487,43.457],[47.492,43.332],[47.577,43.321],[47.585,43.293],[47.488,43.216],[47.466,43.014],[47.693,42.867],[47.732,42.643],[47.865,42.588],[47.949,42.458],[48.115,42.329],[48.306,42.093],[48.394,41.92],[48.542,41.88],[48.585,41.841],[48.4,41.589],[48.249,41.509],[48.07,41.464],[47.958,41.355],[47.908,41.278],[47.915,41.226],[47.86,41.208],[47.761,41.197],[47.652,41.236],[47.575,41.212],[47.277,41.32],[47.259,41.42],[47.159,41.563],[47.091,41.571],[46.806,41.77],[46.762,41.86],[46.642,41.819],[46.565,41.882],[46.45,41.9],[46.239,42.001],[45.985,42.029],[45.64,42.218],[45.734,42.417],[45.549,42.49],[45.342,42.473],[45.125,42.648],[45.099,42.7],[45.046,42.696],[44.931,42.761],[44.86,42.747],[44.806,42.666],[44.678,42.742],[44.557,42.76],[44.195,42.627],[43.911,42.584],[43.778,42.604],[43.743,42.646],[43.829,42.749],[43.671,42.791],[43.561,42.861],[43.206,42.935],[42.855,43.178],[42.695,43.18],[42.62,43.145],[42.424,43.239],[42.189,43.236],[42.03,43.188],[41.598,43.222],[41.194,43.385],[41.041,43.376],[40.688,43.545],[40.542,43.509],[40.254,43.582],[40.099,43.562],[40.003,43.383],[39.947,43.397],[39.875,43.491],[39.471,43.758],[39.287,43.927],[38.965,44.147],[38.844,44.19],[38.754,44.273],[38.6,44.329],[38.196,44.39],[37.865,44.693],[37.784,44.723],[37.81,44.638],[37.484,44.672],[37.375,44.743],[37.299,44.864],[37.309,44.893],[37.203,44.98],[36.882,45.086],[36.624,45.129],[36.588,45.193],[36.729,45.203],[36.962,45.279],[36.967,45.308],[36.77,45.384],[36.675,45.339],[36.726,45.398],[36.827,45.435],[37.09,45.342],[37.068,45.251],[37.11,45.234],[37.313,45.275],[37.213,45.299],[37.211,45.324],[37.398,45.316],[37.52,45.361],[37.735,45.299],[37.701,45.558],[37.643,45.587],[37.625,45.568],[37.646,45.451],[37.628,45.423],[37.584,45.429],[37.592,45.628],[37.628,45.657],[37.705,45.62],[37.666,45.66],[37.835,45.761],[37.928,46.012],[38.089,46.055],[38.071,45.954],[38.096,45.945],[38.161,46.103],[38.221,46.136],[38.454,46.026],[38.566,46.043],[38.571,46.091],[38.297,46.218],[38.267,46.273],[38.087,46.39],[37.983,46.393],[37.99,46.349],[37.898,46.407],[37.824,46.48],[37.743,46.66],[37.845,46.623],[38.026,46.621],[38.266,46.723],[38.302,46.679],[38.387,46.653],[38.585,46.657],[38.581,46.696],[38.483,46.739],[38.417,46.743],[38.384,46.711],[38.367,46.746],[38.41,46.826],[38.468,46.859],[38.778,46.882],[39.075,47.027],[39.28,47.017],[39.3,47.078],[39.251,47.263],[39.067,47.278],[38.957,47.254],[38.81,47.162],[38.561,47.112],[38.487,47.128],[38.563,47.216],[38.768,47.253],[38.604,47.24],[38.524,47.207],[38.451,47.135],[38.239,47.11],[38.215,47.188],[38.301,47.301],[38.225,47.346],[38.3,47.554],[38.353,47.608],[38.578,47.633],[38.758,47.69],[38.822,47.836],[38.866,47.864],[39.731,47.819],[39.781,47.842],[39.818,47.974],[39.779,48.027],[39.999,48.297],[39.921,48.369],[39.849,48.557],[39.662,48.61],[39.727,48.761],[39.807,48.819],[40.021,48.809],[40.075,48.876],[39.776,48.901],[39.695,48.976],[39.698,49.017],[39.918,49.05],[39.968,49.125],[40.168,49.252],[40.172,49.352],[40.055,49.475],[40.149,49.578],[40.042,49.617],[39.812,49.551],[39.653,49.608],[39.587,49.721],[39.471,49.757],[39.361,49.733],[39.268,49.756],[39.184,49.88],[39.073,49.82],[38.944,49.811],[38.899,49.861],[38.652,49.959],[38.506,49.952],[38.385,49.985],[38.305,50.074],[38.187,50.066],[38.104,49.939],[38.026,49.906],[37.925,50.025],[37.745,50.082],[37.462,50.436],[37.323,50.429],[37.131,50.348],[36.892,50.337],[36.609,50.213],[36.477,50.302],[36.299,50.284],[36.148,50.422],[35.894,50.433],[35.687,50.348],[35.599,50.373],[35.441,50.513],[35.401,50.638],[35.486,50.679],[35.461,50.763],[35.307,50.963],[35.369,51.042],[35.166,51.059],[35.119,51.199],[35.077,51.221],[34.707,51.174],[34.38,51.266],[34.241,51.431],[34.235,51.544],[34.102,51.652],[34.197,51.696],[34.426,51.728],[34.422,51.804],[34.129,51.987],[34.074,52.058],[34.1,52.145],[34.063,52.196],[33.832,52.363],[33.513,52.327],[33.206,52.379],[32.916,52.248],[32.389,52.334],[32.299,52.112],[32.224,52.079],[32.124,52.045],[31.997,52.054],[31.788,52.116],[31.786,52.158],[31.596,52.313],[31.629,52.367],[31.587,52.592],[31.51,52.684],[31.594,52.737],[31.58,52.805],[31.538,52.855],[31.391,52.91],[31.272,53.026],[31.387,53.104],[31.383,53.154],[31.428,53.209],[31.773,53.193],[31.8,53.132],[31.918,53.098],[32.224,53.106],[32.724,53.36],[32.74,53.459],[32.444,53.573],[32.422,53.646],[32.505,53.683],[32.457,53.725],[32.12,53.82],[31.89,53.778],[31.77,53.804],[31.857,53.97],[31.845,54.061],[31.543,54.144],[31.33,54.243],[31.312,54.341],[31.226,54.459],[31.093,54.494],[31.138,54.576],[31.103,54.645],[30.785,54.799],[30.84,54.923],[30.94,54.964],[31.027,55.049],[30.978,55.152],[30.818,55.302],[30.936,55.4],[30.92,55.606],[30.758,55.597],[30.491,55.799],[30.246,55.854],[29.937,55.853],[29.486,55.692],[29.361,55.796],[29.41,55.896],[29.455,55.919],[29.41,55.958],[29.059,56.033],[28.843,55.952],[28.747,55.956],[28.621,56.099],[28.379,56.09],[28.309,56.052],[28.172,56.147],[28.236,56.277],[28.148,56.471],[27.944,56.723],[27.939,56.822],[27.838,56.876],[27.732,56.87],[27.704,56.911],[27.849,57.18],[27.855,57.306],[27.532,57.442],[27.547,57.536],[27.372,57.539],[27.349,57.589],[27.548,57.818],[27.82,57.868],[27.688,57.965],[27.673,58.076],[27.552,58.135],[27.476,58.213],[27.467,58.297],[27.54,58.365],[27.542,58.414],[27.422,58.785],[27.459,58.853],[27.79,59.061],[27.917,59.273],[28.144,59.291],[28.179,59.327],[28.175,59.394],[28.025,59.48],[28.07,59.57],[27.994,59.689],[28.01,59.759],[28.102,59.793],[28.194,59.75],[28.244,59.678],[28.367,59.661],[28.419,59.704],[28.436,59.821],[28.496,59.855],[28.727,59.782],[28.833,59.784],[28.981,59.83],[29.027,59.867],[29.062,59.969],[29.195,60.007],[30.155,59.864],[30.218,59.897],[30.247,59.967],[29.949,60.027],[29.902,60.121],[29.824,60.168],[29.58,60.199],[29.399,60.159],[29.045,60.182],[28.788,60.335],[28.601,60.386],[28.454,60.545],[28.504,60.551],[28.582,60.49],[28.706,60.461],[28.666,60.578],[28.556,60.607],[28.578,60.637],[28.678,60.612],[28.733,60.677],[28.731,60.716],[28.677,60.736],[28.411,60.665],[28.341,60.594],[28.148,60.53],[27.827,60.526],[27.812,60.548],[28.39,60.887],[28.528,60.954],[28.646,60.971],[28.816,61.105],[29.214,61.253],[29.802,61.604],[30.703,62.21],[31.258,62.508],[31.43,62.759],[31.582,62.908],[31.22,63.223],[30.715,63.424],[30.48,63.481],[30.008,63.74],[30.263,63.823],[30.595,64.047],[30.613,64.094],[30.577,64.224],[30.065,64.404],[30.088,64.481],[30.011,64.513],[29.979,64.577],[30.207,64.663],[30.143,64.772],[29.808,64.794],[29.641,64.922],[29.609,65.006],[29.623,65.054],[29.869,65.12],[29.848,65.218],[29.604,65.246],[29.749,65.346],[29.745,65.511],[29.834,65.588],[29.821,65.651],[30.029,65.69],[30.12,65.668],[30.135,65.709],[30.094,65.838],[29.904,66.134],[29.632,66.329],[29.554,66.47],[29.355,66.678],[29.128,66.821],[29.075,66.903],[29.132,67.012],[29.524,67.293],[29.933,67.514],[30.029,67.695],[29.692,67.815],[29.357,68.082],[28.695,68.196],[28.462,68.535],[28.738,68.734],[28.817,68.847],[28.738,68.876],[28.471,68.875],[28.44,68.885],[28.451,68.916],[28.913,69.043],[29.129,69.048],[29.254,69.12],[29.334,69.276],[29.377,69.302],[29.967,69.373],[30.123,69.442],[30.155,69.506],[30.225,69.541],[30.22,69.6],[30.139,69.639],[30.294,69.62],[30.512,69.536],[30.755,69.522],[30.853,69.527],[30.941,69.574],[30.943,69.691],[30.868,69.791],[31.774,69.681],[31.798,69.689],[31.693,69.735],[31.714,69.823],[31.756,69.846],[31.86,69.844],[32.042,69.769],[32.097,69.793],[31.917,69.923],[31.939,69.964],[32.037,69.962],[32.466,69.848],[32.58,69.782],[32.918,69.777],[33.129,69.725],[33.106,69.645],[32.895,69.583],[32.11,69.676],[32.027,69.637],[32.1,69.594],[32.427,69.571],[32.481,69.508],[32.202,69.428],[32.667,69.5],[33.024,69.47],[32.806,69.303],[32.901,69.31],[32.973,69.388],[33.327,69.449],[33.511,69.423],[33.47,69.35],[33.242,69.269],[33.473,69.275],[33.535,69.207],[33.518,69.183],[33.274,69.104],[33.043,69.07],[33.011,68.967],[33.032,68.963],[33.078,69.06],[33.44,69.103],[33.568,69.184],[33.562,69.281],[33.643,69.326],[34.361,69.317],[34.647,69.251],[35.109,69.219],[35.185,69.181],[35.261,69.218],[35.18,69.274],[35.836,69.199],[36.601,69.013],[37.494,68.735],[37.775,68.676],[38.047,68.537],[38.328,68.439],[38.433,68.339],[38.608,68.328],[38.508,68.366],[38.63,68.382],[38.929,68.304],[39.109,68.211],[39.528,68.069],[39.852,68.044],[39.721,68.156],[39.779,68.163],[39.919,68.112],[39.986,68.029],[40.145,67.951],[40.363,67.899],[40.407,67.862],[40.331,67.847],[40.463,67.755],[40.696,67.77],[40.804,67.725],[40.994,67.715],[41.056,67.635],[41.036,67.468],[41.15,67.415],[41.111,67.251],[41.224,67.213],[41.32,67.228],[41.39,67.122],[41.218,66.837],[40.737,66.587],[40.718,66.542],[40.565,66.453],[40.173,66.339],[40.067,66.276],[39.277,66.119],[38.609,66.052],[37.909,66.088],[37.017,66.269],[35.509,66.388],[34.846,66.605],[34.479,66.533],[34.363,66.612],[34.434,66.644],[33.855,66.693],[33.776,66.761],[33.599,66.823],[33.519,66.812],[33.628,66.746],[33.534,66.72],[33.251,66.794],[32.836,66.98],[32.794,67.086],[32.668,67.119],[32.365,67.162],[32.067,67.133],[31.859,67.153],[31.924,67.122],[32.259,67.123],[32.54,67.007],[32.557,66.984],[32.519,66.882],[32.911,66.77],[32.931,66.736],[32.802,66.726],[32.969,66.686],[33.222,66.679],[33.318,66.638],[33.122,66.647],[33.067,66.595],[32.871,66.581],[33.084,66.581],[33.242,66.616],[33.426,66.59],[33.525,66.528],[33.199,66.564],[32.959,66.53],[33.076,66.505],[33.246,66.53],[33.445,66.467],[33.609,66.489],[33.711,66.428],[33.322,66.32],[33.555,66.322],[34.11,66.249],[34.565,66.079],[34.851,65.898],[34.961,65.719],[34.889,65.705],[34.689,65.802],[34.69,65.717],[34.777,65.6],[34.675,65.451],[34.495,65.45],[34.381,65.383],[34.475,65.278],[34.635,65.24],[34.685,65.183],[34.682,65.108],[34.793,65.017],[34.775,64.969],[34.936,64.838],[34.956,64.654],[34.788,64.548],[34.947,64.514],[34.961,64.458],[35.324,64.327],[35.538,64.355],[35.596,64.404],[35.804,64.343],[35.984,64.196],[36.11,64.231],[36.274,64.145],[36.282,64.01],[36.833,63.911],[37.172,63.889],[37.297,63.813],[37.423,63.805],[37.538,63.822],[37.654,63.923],[37.872,63.915],[38.08,64.021],[38.047,64.147],[37.91,64.229],[37.979,64.317],[37.814,64.386],[37.801,64.42],[37.689,64.423],[37.36,64.352],[37.146,64.408],[36.729,64.716],[36.561,64.745],[36.444,64.939],[36.653,64.923],[36.833,64.992],[36.868,65.076],[36.839,65.161],[37.042,65.207],[37.69,65.056],[37.733,65.035],[37.745,64.969],[38.004,64.871],[38.404,64.854],[38.363,64.806],[38.04,64.76],[38.041,64.643],[38.158,64.671],[38.19,64.718],[38.491,64.761],[38.539,64.798],[38.931,64.744],[39.546,64.563],[39.738,64.554],[39.916,64.61],[39.794,64.595],[39.817,64.662],[39.862,64.666],[40.059,64.621],[40.164,64.562],[40.498,64.535],[40.532,64.565],[40.414,64.724],[40.45,64.789],[40.376,64.923],[40.279,65.012],[40.15,65.049],[39.753,65.343],[39.701,65.429],[39.751,65.55],[39.917,65.634],[40.413,65.776],[40.702,65.968],[41.425,66.09],[41.804,66.265],[42.174,66.524],[42.587,66.464],[42.654,66.443],[42.67,66.396],[43.293,66.424],[43.645,66.283],[43.693,66.235],[43.295,66.091],[43.355,66.039],[43.516,65.976],[43.517,66.037],[43.385,66.073],[43.506,66.136],[43.691,66.177],[43.858,66.177],[44.048,66.078],[44.04,65.992],[44.174,65.875],[44.15,66.048],[44.077,66.202],[44.163,66.372],[44.244,66.454],[44.36,66.508],[44.395,66.621],[44.483,66.674],[44.365,66.784],[44.466,66.82],[44.496,66.908],[44.408,67.012],[44.206,67.125],[43.78,67.196],[43.752,67.311],[43.788,67.394],[44.041,67.679],[44.114,67.707],[44.072,67.714],[44.127,67.785],[44.089,67.886],[44.202,67.893],[44.258,67.928],[44.126,67.938],[44.244,68.266],[44.069,68.367],[43.333,68.608],[43.272,68.662],[43.312,68.685],[43.486,68.678],[43.994,68.551],[45.265,68.574],[45.902,68.482],[45.959,68.449],[46.029,68.325],[46.525,68.139],[46.558,68.016],[46.714,67.921],[46.709,67.816],[46.375,67.819],[45.365,67.73],[45.305,67.698],[45.348,67.682],[45.333,67.608],[45.024,67.524],[44.929,67.452],[44.913,67.37],[45.125,67.28],[45.579,67.182],[45.825,66.899],[46.025,66.833],[46.49,66.879],[46.597,66.858],[46.406,66.746],[46.596,66.82],[47.41,66.929],[47.504,66.917],[47.711,66.995],[47.75,67.121],[47.686,67.19],[47.777,67.295],[47.792,67.36],[47.948,67.445],[47.824,67.561],[47.846,67.601],[48.001,67.652],[48.144,67.626],[48.257,67.683],[48.489,67.664],[48.699,67.716],[49.093,67.636],[48.874,67.731],[48.801,67.728],[48.794,67.829],[48.586,67.934],[48.669,67.935],[48.843,67.865],[49.135,67.863],[50.018,68.091],[49.851,68.019],[50.001,68.058],[50.2,68.169],[50.472,68.235],[50.778,68.379],[50.937,68.341],[51.352,68.393],[51.46,68.41],[51.394,68.413],[51.423,68.431],[51.569,68.436],[51.532,68.454],[51.562,68.483],[52.178,68.582],[52.202,68.561],[52.179,68.505],[52.361,68.475],[52.282,68.412],[52.141,68.382],[52.249,68.318],[52.402,68.338],[52.677,68.423],[52.73,68.476],[52.491,68.585],[52.503,68.619],[52.638,68.642],[52.506,68.629],[52.408,68.585],[52.299,68.591],[52.291,68.616],[53.25,68.878],[53.776,68.967],[54.104,69.001],[54.559,68.999],[54.34,68.955],[53.604,68.908],[53.665,68.866],[53.719,68.863],[53.691,68.886],[53.729,68.897],[54.026,68.845],[53.931,68.81],[53.814,68.683],[53.726,68.64],[53.904,68.508],[53.942,68.402],[53.791,68.344],[53.602,68.408],[53.577,68.401],[53.683,68.334],[53.424,68.364],[53.32,68.346],[53.211,68.269],[53.327,68.242],[53.808,68.251],[53.993,68.221],[54.088,68.246],[54.174,68.31],[54.197,68.301],[54.173,68.262],[54.203,68.21],[54.505,68.312],[54.691,68.176],[54.832,68.173],[54.923,68.249],[54.917,68.283],[54.857,68.314],[54.946,68.405],[55.393,68.564],[55.7,68.577],[55.997,68.66],[56.202,68.62],[56.63,68.642],[56.848,68.572],[57.092,68.548],[57.33,68.565],[57.603,68.742],[57.929,68.751],[57.972,68.786],[57.958,68.846],[58.17,68.889],[58.242,68.888],[58.203,68.836],[58.284,68.776],[58.378,68.756],[58.338,68.736],[58.424,68.743],[58.283,68.794],[58.254,68.842],[58.273,68.895],[58.879,69.003],[59.224,69.0],[59.242,68.989],[58.903,68.934],[59.099,68.909],[59.422,68.762],[59.403,68.703],[59.208,68.704],[59.062,68.62],[59.07,68.569],[59.118,68.532],[59.072,68.46],[59.087,68.417],[59.684,68.338],[59.857,68.381],[59.964,68.466],[59.872,68.582],[59.765,68.636],[59.81,68.687],[59.912,68.72],[60.084,68.687],[60.467,68.722],[60.699,68.814],[60.801,68.889],[60.915,68.905],[60.944,68.991],[60.895,69.123],[60.756,69.173],[60.729,69.173],[60.742,69.119],[60.711,69.107],[60.605,69.125],[60.59,69.254],[60.541,69.312],[60.293,69.461],[60.216,69.553],[60.139,69.578],[60.156,69.629],[60.232,69.665],[60.651,69.673],[60.637,69.725],[60.706,69.824],[60.926,69.867],[61.044,69.845],[61.105,69.866],[61.159,69.833],[61.549,69.78],[62.633,69.742],[63.411,69.671],[64.129,69.55],[65.004,69.304],[64.835,69.287],[64.766,69.183],[64.786,69.147],[64.939,69.207],[64.926,69.262],[65.075,69.27],[65.406,69.18],[65.903,69.113],[65.663,69.115],[65.697,69.084],[66.113,69.037],[66.678,68.896],[67.09,68.856],[67.129,68.839],[67.042,68.795],[67.196,68.707],[67.33,68.697],[67.583,68.604],[67.808,68.503],[67.72,68.51],[67.793,68.479],[68.16,68.411],[68.257,68.337],[68.187,68.242],[68.264,68.248],[68.282,68.224],[68.26,68.201],[68.288,68.188],[68.481,68.25],[68.564,68.311],[68.57,68.383],[68.923,68.637],[69.014,68.807],[69.104,68.871],[68.983,68.875],[68.952,68.903],[69.202,68.958],[69.016,68.963],[68.784,68.911],[68.456,68.98],[68.361,69.077],[68.053,69.275],[68.021,69.335],[68.099,69.401],[68.099,69.545],[68.031,69.536],[68.014,69.514],[68.04,69.49],[67.958,69.485],[67.785,69.517],[67.613,69.592],[67.011,69.699],[66.972,69.688],[66.999,69.654],[66.934,69.631],[66.958,69.537],[66.914,69.526],[66.796,69.579],[66.768,69.755],[66.886,70.014],[66.978,70.057],[67.006,70.03],[66.967,69.994],[66.985,69.97],[67.143,69.983],[67.252,70.021],[67.325,70.102],[67.28,70.106],[67.283,70.166],[67.254,70.176],[67.265,70.145],[67.243,70.145],[67.091,70.216],[67.259,70.461],[67.221,70.547],[67.334,70.758],[67.229,70.826],[67.107,70.835],[66.686,70.764],[66.611,70.883],[66.771,70.96],[66.888,71.08],[66.817,71.1],[66.745,71.05],[66.767,71.013],[66.709,71.0],[66.622,71.021],[66.621,71.058],[66.811,71.164],[66.913,71.295],[67.288,71.343],[67.846,71.503],[68.308,71.713],[68.47,71.827],[68.654,72.082],[68.977,72.697],[69.232,72.805],[69.328,72.946],[69.466,72.975],[69.795,72.962],[69.774,72.936],[69.556,72.907],[69.595,72.879],[71.565,72.915],[72.008,72.834],[71.823,72.813],[71.887,72.797],[72.132,72.831],[72.837,72.71],[72.81,72.65],[72.732,72.597],[72.835,72.512],[72.799,72.48],[72.799,72.413],[72.874,72.281],[72.736,72.196],[72.721,72.126],[72.635,72.079],[72.515,71.909],[72.348,71.861],[72.32,71.823],[72.36,71.717],[72.193,71.601],[71.859,71.535],[71.805,71.477],[71.899,71.394],[72.106,71.29],[72.637,71.131],[72.676,71.091],[72.63,71.016],[72.839,70.868],[72.775,70.695],[72.683,70.617],[72.775,70.539],[72.773,70.422],[72.589,70.37],[72.436,70.286],[72.467,70.24],[72.62,70.165],[72.491,70.048],[72.691,69.837],[72.656,69.752],[72.56,69.689],[72.536,69.629],[72.628,69.51],[72.647,69.295],[72.477,69.17],[72.576,68.943],[72.852,68.798],[73.539,68.581],[73.634,68.517],[73.65,68.466],[73.616,68.43],[73.591,68.443],[73.6,68.479],[73.527,68.475],[73.449,68.435],[73.411,68.367],[73.103,68.219],[73.136,68.164],[73.073,68.091],[73.202,67.976],[73.204,67.867],[73.074,67.816],[73.113,67.759],[73.095,67.718],[72.907,67.69],[72.865,67.638],[72.556,67.602],[72.537,67.515],[72.398,67.458],[72.454,67.401],[72.41,67.332],[72.048,67.298],[72.052,67.268],[72.213,67.224],[72.226,67.16],[72.189,67.149],[72.119,67.192],[72.139,67.16],[72.059,67.15],[72.008,67.067],[71.748,66.917],[71.521,66.92],[71.41,66.967],[71.405,66.932],[71.453,66.906],[71.427,66.894],[71.509,66.88],[71.481,66.827],[71.55,66.782],[71.518,66.763],[71.593,66.72],[71.598,66.686],[71.552,66.645],[71.082,66.628],[71.044,66.604],[71.124,66.584],[70.982,66.534],[70.688,66.509],[70.321,66.584],[70.293,66.62],[70.314,66.651],[70.68,66.716],[70.735,66.749],[70.706,66.76],[70.577,66.754],[70.547,66.742],[70.617,66.742],[70.531,66.73],[70.542,66.7],[70.33,66.677],[70.151,66.71],[69.892,66.832],[69.612,66.789],[69.382,66.828],[68.972,66.806],[69.105,66.77],[69.113,66.619],[69.386,66.513],[69.73,66.484],[70.363,66.334],[70.973,66.367],[71.428,66.356],[71.68,66.323],[71.833,66.235],[72.003,66.231],[72.347,66.306],[72.395,66.416],[72.351,66.514],[72.293,66.505],[72.476,66.612],[72.936,66.656],[73.002,66.739],[73.497,66.825],[73.656,66.941],[73.869,67.001],[73.873,67.051],[73.92,67.078],[73.894,67.121],[73.951,67.224],[73.9,67.296],[74.092,67.429],[74.73,67.686],[74.821,67.93],[74.726,68.149],[74.59,68.255],[74.334,68.386],[74.458,68.506],[74.466,68.539],[74.416,68.603],[74.454,68.694],[74.629,68.775],[75.192,68.875],[76.113,68.978],[76.583,68.975],[76.699,68.87],[76.622,68.8],[76.662,68.763],[77.324,68.524],[77.302,68.38],[77.165,68.292],[77.355,68.234],[77.199,67.979],[77.304,67.909],[77.218,67.825],[77.092,67.833],[77.083,67.789],[77.776,67.566],[78.047,67.544],[78.233,67.585],[78.367,67.555],[78.741,67.592],[78.96,67.557],[79.041,67.573],[78.857,67.647],[78.737,67.651],[78.579,67.602],[78.463,67.633],[78.574,67.633],[78.605,67.662],[78.459,67.685],[78.398,67.639],[78.337,67.675],[78.135,67.655],[77.995,67.698],[77.892,67.69],[77.935,67.725],[77.6,67.726],[77.466,67.76],[77.472,67.99],[77.538,68.129],[77.709,68.222],[78.168,68.271],[78.088,68.356],[77.957,68.395],[77.909,68.469],[77.949,68.492],[77.929,68.517],[77.777,68.519],[77.715,68.614],[77.738,68.738],[77.685,68.879],[77.644,68.905],[76.922,69.009],[76.727,69.129],[76.409,69.142],[76.009,69.238],[75.483,69.254],[75.144,69.157],[75.154,69.119],[75.108,69.104],[74.75,69.079],[74.336,69.142],[73.935,69.073],[73.75,69.17],[73.896,69.415],[73.848,69.49],[73.602,69.651],[73.517,69.748],[73.65,69.876],[73.765,70.079],[73.688,70.135],[73.708,70.161],[74.007,70.305],[74.077,70.383],[74.267,70.48],[74.329,70.538],[74.321,70.655],[74.263,70.71],[73.928,70.847],[73.895,70.967],[73.727,71.045],[73.526,71.263],[73.016,71.419],[73.498,71.665],[73.521,71.718],[73.471,71.774],[73.525,71.822],[74.493,71.994],[74.984,72.13],[75.086,72.23],[75.11,72.35],[75.06,72.587],[75.012,72.659],[74.763,72.8],[74.772,72.827],[75.038,72.882],[75.502,72.767],[75.531,72.741],[75.407,72.696],[75.712,72.558],[75.594,72.545],[75.557,72.496],[75.667,72.333],[75.753,72.305],[75.747,72.269],[75.593,72.213],[75.517,72.151],[75.516,72.076],[75.418,72.027],[75.44,71.986],[75.284,71.952],[75.281,71.894],[75.224,71.842],[75.218,71.792],[75.274,71.735],[75.501,71.657],[75.498,71.57],[75.531,71.542],[75.427,71.486],[75.442,71.462],[75.238,71.449],[75.263,71.366],[75.851,71.25],[76.889,71.19],[76.914,71.182],[76.882,71.16],[76.916,71.073],[76.959,71.104],[76.929,71.161],[77.005,71.184],[77.559,71.173],[77.839,71.124],[77.949,70.976],[78.279,70.942],[78.411,70.895],[78.597,70.928],[79.038,70.937],[79.054,70.962],[79.018,70.969],[79.108,71.007],[78.884,71.005],[78.902,70.976],[78.8,70.941],[78.546,70.957],[78.443,70.914],[78.434,70.946],[78.488,71.012],[78.463,71.024],[78.53,71.035],[78.534,71.066],[78.498,71.079],[78.522,71.095],[78.357,71.091],[78.498,71.044],[78.452,71.036],[78.249,71.098],[78.235,71.124],[78.311,71.208],[78.285,71.253],[77.931,71.258],[77.901,71.313],[78.007,71.363],[77.983,71.373],[77.738,71.313],[77.725,71.281],[77.447,71.326],[77.525,71.305],[77.492,71.301],[77.191,71.368],[77.104,71.424],[76.73,71.46],[76.554,71.527],[76.311,71.561],[76.25,71.585],[76.016,71.918],[76.394,72.005],[76.899,72.051],[77.584,71.831],[77.727,71.827],[78.11,71.88],[78.225,71.96],[78.138,72.037],[77.954,72.114],[77.772,72.112],[77.538,72.064],[77.399,72.077],[77.376,72.1],[77.442,72.21],[77.668,72.193],[78.127,72.385],[78.232,72.364],[78.499,72.383],[78.498,72.408],[79.391,72.386],[80.014,72.207],[80.826,72.087],[80.85,72.068],[80.82,72.025],[80.732,72.045],[80.799,72.07],[80.637,72.051],[81.25,71.859],[81.307,71.776],[81.593,71.719],[82.194,71.708],[82.867,71.786],[83.019,71.729],[83.251,71.726],[83.318,71.672],[83.175,71.577],[83.027,71.55],[82.987,71.46],[83.027,71.414],[82.259,71.258],[82.355,71.089],[82.204,71.012],[82.208,70.987],[82.416,70.776],[82.219,70.684],[82.187,70.622],[82.082,70.565],[82.153,70.519],[82.24,70.277],[82.347,70.204],[82.161,70.573],[82.433,70.609],[82.456,70.651],[82.431,70.695],[82.484,70.708],[82.522,70.773],[82.482,70.806],[82.58,70.912],[82.69,70.962],[82.895,70.944],[82.876,70.995],[82.9,71.002],[82.967,70.934],[83.133,70.883],[83.136,70.765],[83.056,70.671],[83.058,70.598],[82.997,70.571],[83.051,70.502],[83.017,70.426],[82.656,70.253],[82.672,70.193],[82.644,70.181],[83.111,70.07],[83.179,70.085],[83.158,70.099],[83.183,70.138],[83.132,70.205],[82.952,70.325],[83.254,70.311],[83.532,70.339],[83.745,70.46],[83.723,70.586],[83.599,70.7],[83.477,70.911],[83.387,70.973],[83.392,71.016],[83.33,71.061],[83.207,71.079],[83.188,71.111],[83.255,71.116],[83.15,71.243],[83.374,71.369],[83.385,71.466],[83.563,71.51],[83.63,71.575],[83.619,71.63],[83.412,71.751],[83.418,71.8],[83.372,71.83],[83.039,71.886],[82.678,71.88],[82.495,72.005],[82.185,72.094],[82.299,72.134],[82.307,72.183],[82.199,72.28],[81.208,72.355],[80.727,72.523],[80.704,72.545],[80.824,72.619],[80.675,72.65],[80.629,72.719],[80.805,72.85],[80.836,72.909],[80.811,72.973],[80.691,73.057],[80.437,73.101],[80.587,73.115],[80.572,73.134],[80.231,73.176],[80.563,73.222],[80.539,73.27],[80.253,73.323],[80.351,73.383],[80.587,73.436],[80.672,73.503],[80.515,73.489],[80.52,73.573],[81.93,73.662],[83.453,73.656],[84.792,73.765],[85.049,73.712],[85.294,73.702],[85.472,73.72],[85.48,73.768],[85.586,73.819],[85.868,73.824],[86.017,73.867],[86.783,73.902],[87.08,73.871],[87.102,73.843],[87.021,73.782],[86.353,73.611],[86.107,73.584],[85.786,73.471],[85.797,73.365],[85.833,73.332],[86.216,73.261],[85.875,73.344],[85.845,73.372],[85.843,73.453],[85.885,73.497],[86.203,73.558],[87.179,73.618],[87.34,73.703],[87.249,73.691],[87.298,73.741],[87.617,73.824],[87.664,73.891],[87.534,73.909],[87.527,73.86],[87.473,73.825],[87.321,73.831],[86.94,74.033],[87.203,74.042],[87.407,74.012],[87.367,74.043],[86.853,74.074],[86.725,74.132],[86.792,74.178],[86.711,74.224],[86.02,74.263],[85.95,74.283],[85.907,74.351],[86.158,74.358],[86.295,74.313],[86.261,74.382],[86.05,74.416],[86.475,74.458],[86.674,74.391],[86.954,74.389],[86.72,74.302],[87.132,74.369],[87.017,74.43],[86.787,74.422],[86.536,74.512],[86.683,74.54],[86.621,74.559],[85.74,74.636],[85.9,74.723],[86.101,74.736],[86.123,74.766],[86.028,74.814],[86.09,74.821],[86.369,74.771],[86.227,74.76],[86.321,74.708],[86.474,74.725],[86.639,74.697],[86.606,74.668],[86.687,74.656],[86.667,74.643],[86.692,74.622],[86.915,74.616],[86.906,74.658],[86.945,74.679],[86.765,74.704],[86.961,74.756],[87.097,74.862],[87.379,74.946],[87.174,74.986],[87.425,75.006],[87.585,74.945],[87.557,74.961],[87.775,75.025],[86.899,75.088],[87.023,75.164],[87.953,75.1],[88.291,75.17],[88.371,75.255],[88.964,75.43],[88.736,75.41],[88.757,75.417],[89.133,75.453],[89.245,75.507],[89.395,75.449],[89.536,75.448],[89.636,75.505],[89.909,75.519],[89.94,75.546],[89.915,75.561],[89.955,75.578],[90.599,75.612],[90.886,75.671],[90.978,75.62],[91.129,75.666],[91.195,75.664],[91.217,75.632],[91.581,75.638],[91.642,75.654],[91.621,75.699],[91.701,75.736],[91.813,75.717],[92.392,75.751],[93.784,75.882],[94.155,75.947],[93.663,75.897],[93.525,75.945],[93.458,75.918],[93.494,75.895],[93.475,75.878],[93.42,75.873],[93.258,75.952],[93.313,75.97],[93.286,75.976],[93.009,75.934],[93.108,75.911],[93.02,75.887],[92.888,75.897],[92.827,75.965],[92.885,75.983],[92.953,76.067],[93.04,76.071],[93.098,76.026],[93.224,76.06],[93.121,76.096],[93.43,76.107],[93.344,76.07],[93.422,76.047],[93.388,76.021],[93.426,76.012],[93.703,76.061],[93.989,76.053],[93.671,76.092],[93.636,76.123],[93.686,76.132],[94.374,76.121],[94.472,76.075],[94.46,76.052],[94.737,76.116],[94.54,76.15],[94.573,76.16],[95.055,76.112],[95.391,76.164],[96.197,76.088],[95.98,76.012],[96.004,75.993],[95.577,75.889],[95.739,75.856],[95.821,75.917],[95.937,75.949],[96.337,75.97],[96.266,75.993],[96.301,75.999],[96.518,76.016],[96.665,75.965],[96.461,75.872],[96.849,75.923],[97.251,76.043],[97.397,76.047],[97.194,75.985],[97.247,75.958],[97.186,75.931],[97.328,75.94],[97.307,75.956],[97.394,75.989],[97.824,75.988],[97.807,76.022],[97.71,76.049],[97.548,76.054],[97.712,76.096],[97.913,76.059],[98.161,76.091],[98.191,76.099],[97.918,76.123],[98.816,76.267],[98.721,76.203],[99.235,76.224],[99.296,76.205],[99.226,76.158],[99.103,76.16],[99.261,76.129],[99.573,76.155],[99.593,76.126],[99.474,76.104],[99.571,76.064],[99.663,76.083],[99.754,76.049],[99.67,75.867],[99.425,75.793],[99.571,75.78],[99.899,75.925],[99.9,75.976],[99.83,76.028],[99.876,76.092],[99.8,76.154],[99.63,76.2],[99.593,76.271],[99.396,76.278],[99.243,76.35],[99.049,76.346],[98.819,76.496],[98.876,76.521],[99.526,76.468],[100.228,76.492],[100.386,76.472],[100.851,76.54],[101.09,76.463],[101.316,76.484],[101.738,76.45],[101.86,76.401],[102.233,76.384],[101.447,76.505],[100.878,76.551],[101.103,76.616],[101.126,76.733],[101.226,76.757],[100.965,76.785],[100.872,76.83],[100.851,76.879],[100.937,76.982],[101.206,76.986],[101.234,77.047],[101.166,77.066],[101.207,77.098],[101.795,77.267],[102.076,77.391],[102.271,77.381],[102.548,77.498],[102.852,77.541],[102.899,77.582],[103.197,77.659],[103.461,77.624],[104.024,77.733],[104.289,77.738],[104.326,77.718],[104.263,77.685],[104.317,77.67],[104.75,77.706],[104.867,77.613],[105.352,77.543],[105.874,77.569],[105.912,77.474],[105.977,77.425],[106.292,77.37],[106.184,77.345],[105.761,77.364],[105.445,77.237],[104.511,77.126],[104.365,77.135],[104.142,77.089],[104.768,77.121],[104.973,77.083],[105.134,77.083],[105.194,77.111],[105.341,77.089],[105.929,77.144],[105.775,77.035],[105.489,77.025],[105.446,76.989],[105.897,76.995],[106.206,77.062],[106.755,77.001],[106.646,77.027],[106.83,77.055],[107.033,77.018],[107.286,77.021],[107.346,76.955],[107.499,76.923],[107.282,76.885],[107.355,76.869],[107.219,76.806],[107.072,76.799],[107.054,76.754],[106.611,76.559],[106.489,76.601],[106.4,76.596],[106.371,76.575],[106.417,76.509],[106.82,76.469],[106.912,76.509],[107.269,76.534],[107.592,76.505],[107.846,76.535],[107.985,76.624],[107.975,76.655],[107.902,76.671],[107.948,76.737],[108.761,76.717],[109.316,76.755],[110.061,76.692],[110.36,76.756],[110.567,76.764],[110.705,76.727],[111.09,76.762],[111.199,76.707],[111.555,76.684],[111.505,76.665],[111.542,76.651],[111.458,76.625],[111.482,76.614],[111.826,76.596],[112.199,76.472],[111.907,76.365],[112.258,76.454],[112.748,76.335],[112.74,76.267],[112.687,76.225],[112.513,76.238],[112.633,76.193],[112.789,76.19],[112.858,76.144],[112.792,76.079],[112.577,76.046],[112.962,76.065],[113.041,76.114],[112.987,76.144],[113.059,76.164],[113.256,76.143],[112.965,76.221],[112.932,76.26],[113.258,76.266],[113.459,76.148],[113.453,76.041],[113.549,76.021],[113.526,76.005],[113.556,75.972],[113.548,75.867],[113.621,75.892],[113.617,75.924],[113.784,75.939],[113.853,75.915],[113.89,75.847],[113.722,75.664],[113.712,75.606],[113.509,75.533],[113.422,75.539],[113.582,75.621],[113.595,75.658],[113.068,75.684],[113.135,75.707],[112.608,75.84],[112.35,75.847],[112.459,75.823],[112.518,75.774],[112.666,75.772],[112.871,75.712],[112.877,75.629],[112.795,75.584],[112.82,75.556],[113.017,75.55],[112.997,75.611],[113.268,75.651],[113.306,75.617],[113.265,75.571],[113.323,75.54],[113.537,75.507],[113.644,75.521],[113.72,75.414],[113.536,75.39],[113.669,75.366],[113.577,75.27],[113.012,75.068],[112.888,74.988],[112.146,74.878],[112.092,74.857],[112.051,74.784],[111.787,74.664],[111.396,74.686],[111.021,74.601],[111.052,74.579],[110.947,74.544],[110.545,74.475],[110.286,74.479],[110.39,74.44],[110.211,74.368],[109.581,74.308],[109.979,74.294],[109.946,74.235],[109.846,74.176],[109.481,74.077],[109.062,74.031],[108.767,73.936],[108.491,73.77],[108.067,73.635],[108.086,73.658],[107.987,73.665],[107.77,73.61],[107.139,73.611],[107.103,73.574],[107.17,73.553],[106.867,73.422],[106.804,73.342],[106.671,73.303],[106.286,73.319],[106.068,73.274],[106.021,73.152],[105.853,73.095],[105.837,73.004],[105.628,72.902],[105.176,72.787],[105.197,72.774],[105.483,72.768],[105.957,72.901],[106.005,72.948],[106.282,72.962],[106.209,72.983],[106.173,73.096],[106.192,73.133],[106.358,73.194],[106.776,73.141],[107.036,73.182],[107.723,73.169],[108.092,73.246],[108.317,73.222],[108.391,73.252],[108.198,73.279],[109.196,73.385],[109.247,73.401],[109.211,73.469],[109.422,73.419],[109.321,73.484],[109.186,73.507],[109.17,73.54],[109.193,73.551],[109.512,73.458],[109.752,73.454],[110.104,73.516],[110.157,73.546],[110.089,73.56],[110.126,73.581],[110.914,73.697],[110.878,73.734],[110.893,73.765],[110.664,73.787],[110.265,73.697],[109.848,73.699],[109.757,73.659],[109.651,73.685],[109.528,73.778],[109.557,73.834],[109.82,73.877],[109.888,73.962],[110.022,74.014],[110.58,73.992],[110.959,73.909],[111.089,73.943],[111.068,73.987],[111.126,74.03],[111.537,74.051],[111.579,74.024],[111.205,73.971],[111.295,73.869],[111.411,73.819],[111.775,73.748],[112.248,73.707],[112.875,73.76],[112.951,73.797],[112.87,73.927],[112.894,73.963],[113.142,73.86],[113.424,73.64],[113.411,73.58],[113.292,73.566],[113.135,73.448],[113.264,73.372],[113.494,73.337],[113.52,73.114],[113.459,73.019],[113.47,72.959],[113.09,72.835],[113.185,72.72],[113.533,72.635],[114.044,72.597],[114.091,72.595],[113.349,72.688],[113.226,72.738],[113.156,72.82],[113.176,72.855],[113.369,72.886],[113.535,72.967],[113.561,73.076],[113.545,73.239],[113.696,73.312],[114.028,73.344],[113.769,73.354],[113.527,73.439],[113.471,73.501],[114.097,73.587],[114.86,73.605],[115.242,73.693],[115.457,73.703],[116.576,73.663],[117.29,73.588],[118.636,73.572],[118.832,73.545],[118.98,73.483],[118.688,73.442],[118.471,73.48],[118.347,73.41],[118.352,73.283],[118.389,73.239],[119.004,73.104],[119.531,73.059],[119.586,72.996],[119.817,72.936],[120.561,72.882],[119.876,72.947],[119.757,72.998],[119.813,73.017],[120.583,72.981],[121.014,72.93],[121.387,72.967],[121.867,72.968],[121.961,72.952],[121.925,72.929],[122.053,72.892],[122.42,72.867],[123.343,72.728],[123.787,72.756],[124.109,72.711],[124.343,72.641],[124.737,72.624],[125.139,72.532],[125.255,72.452],[125.456,72.424],[125.648,72.342],[125.883,72.332],[126.095,72.271],[126.246,72.29],[126.368,72.351],[126.626,72.178],[126.752,72.14],[126.804,72.016],[127.127,71.851],[127.089,71.767],[127.205,71.593],[127.215,71.395],[127.306,71.411],[127.311,71.491],[127.189,71.749],[127.241,71.836],[127.326,71.896],[126.976,72.053],[126.892,72.293],[126.735,72.386],[127.03,72.402],[127.658,72.348],[127.938,72.206],[128.258,72.111],[128.383,72.04],[128.495,71.914],[128.613,71.89],[128.646,71.798],[128.712,71.77],[128.96,71.74],[129.182,71.803],[129.17,71.85],[129.08,71.921],[129.056,71.974],[129.078,71.999],[129.294,71.868],[129.315,71.799],[129.491,71.726],[129.275,71.749],[128.928,71.708],[128.814,71.656],[128.844,71.604],[129.183,71.591],[129.313,71.464],[129.384,71.344],[129.654,71.258],[129.756,71.147],[129.744,71.121],[130.079,71.082],[130.222,70.984],[130.17,70.966],[130.577,70.869],[130.694,70.883],[130.721,70.953],[130.782,70.971],[130.892,70.838],[130.898,70.755],[131.13,70.731],[131.284,70.763],[131.536,70.878],[131.844,71.201],[132.175,71.218],[131.946,71.254],[131.946,71.288],[132.255,71.671],[132.538,71.889],[132.717,71.941],[132.752,71.932],[132.756,71.833],[132.707,71.793],[132.716,71.768],[132.923,71.725],[133.158,71.573],[133.679,71.433],[134.006,71.383],[134.453,71.368],[134.696,71.415],[134.809,71.477],[135.021,71.529],[135.227,71.548],[135.359,71.524],[135.418,71.532],[135.368,71.569],[135.592,71.615],[135.965,71.632],[136.495,71.568],[136.565,71.501],[136.779,71.518],[136.886,71.461],[137.452,71.341],[137.47,71.327],[137.422,71.279],[137.538,71.239],[137.643,71.254],[137.804,71.116],[137.908,71.142],[137.985,71.107],[138.068,71.136],[138.01,71.183],[137.747,71.221],[137.784,71.245],[138.062,71.221],[138.216,71.259],[138.017,71.297],[138.232,71.324],[137.993,71.335],[137.826,71.387],[138.008,71.469],[138.033,71.557],[138.067,71.574],[138.489,71.611],[138.398,71.571],[138.458,71.534],[138.591,71.551],[138.562,71.603],[138.733,71.642],[139.042,71.568],[139.114,71.428],[139.203,71.412],[139.354,71.421],[139.446,71.496],[139.742,71.464],[139.932,71.485],[139.926,71.549],[139.732,71.669],[139.69,71.785],[139.739,71.836],[139.644,71.912],[139.337,71.946],[139.646,71.955],[139.714,72.003],[139.714,72.076],[139.859,72.164],[140.064,72.134],[140.199,72.169],[140.194,72.206],[140.013,72.238],[139.561,72.233],[139.323,72.128],[139.185,72.163],[139.091,72.234],[139.167,72.325],[139.542,72.494],[140.093,72.473],[140.603,72.494],[141.024,72.585],[141.001,72.701],[140.667,72.802],[140.581,72.872],[140.75,72.889],[141.35,72.851],[141.562,72.771],[141.993,72.72],[143.549,72.689],[145.47,72.547],[146.839,72.344],[145.411,72.353],[144.968,72.435],[144.735,72.387],[144.535,72.232],[144.285,72.295],[144.144,72.263],[144.431,72.169],[145.085,72.259],[146.047,72.3],[146.905,72.297],[146.428,72.038],[145.967,71.847],[145.936,71.862],[145.998,72.03],[146.106,72.033],[146.341,72.125],[146.206,72.174],[146.052,72.154],[146.057,72.123],[145.982,72.067],[145.941,72.094],[145.956,72.133],[145.902,72.203],[145.691,72.253],[145.622,72.243],[145.738,72.214],[145.74,72.188],[145.618,72.082],[145.677,72.027],[145.791,72.027],[145.817,71.958],[145.799,71.926],[145.347,71.867],[144.967,71.966],[144.958,71.921],[145.209,71.836],[145.046,71.773],[144.888,71.771],[144.921,71.693],[145.238,71.686],[145.319,71.658],[145.545,71.733],[146.08,71.791],[147.181,72.323],[148.266,72.32],[149.186,72.222],[149.719,72.116],[150.019,71.954],[150.07,71.885],[149.979,71.831],[149.669,71.762],[149.406,71.896],[149.338,71.9],[149.126,71.766],[148.841,71.803],[149.032,71.753],[148.995,71.699],[148.83,71.672],[148.999,71.663],[149.113,71.695],[149.69,71.642],[149.96,71.657],[150.085,71.593],[149.947,71.589],[149.866,71.463],[150.239,71.519],[150.554,71.516],[150.666,71.483],[150.52,71.344],[150.024,71.208],[150.399,71.275],[150.676,71.388],[150.729,71.391],[150.643,71.342],[150.607,71.278],[150.991,71.392],[151.464,71.341],[151.73,71.244],[152.134,71.001],[151.997,70.97],[151.66,70.984],[152.538,70.838],[153.699,70.866],[154.222,70.956],[155.937,71.094],[157.905,71.046],[159.046,70.87],[159.68,70.67],[160.036,70.407],[160.103,70.284],[160.095,70.245],[159.957,70.135],[159.795,70.137],[159.798,70.103],[159.875,70.072],[159.813,69.977],[159.698,69.917],[159.684,69.894],[159.73,69.835],[160.091,69.727],[160.918,69.638],[160.995,69.582],[160.922,69.459],[161.014,69.301],[161.042,69.169],[160.969,69.114],[161.03,69.072],[161.265,69.044],[161.41,68.974],[161.216,68.784],[161.209,68.697],[161.067,68.565],[160.762,68.561],[160.838,68.524],[161.01,68.525],[161.136,68.561],[161.275,68.677],[161.32,68.792],[161.577,68.912],[161.567,69.012],[161.481,69.09],[161.426,69.202],[161.435,69.375],[161.609,69.425],[161.81,69.528],[161.976,69.528],[162.323,69.662],[162.608,69.678],[162.833,69.652],[163.18,69.717],[163.6,69.681],[164.015,69.767],[164.532,69.599],[165.629,69.59],[166.137,69.511],[166.647,69.524],[166.861,69.491],[167.213,69.583],[167.652,69.76],[167.777,69.776],[167.991,69.715],[167.994,69.627],[168.241,69.55],[168.257,69.526],[168.194,69.381],[168.233,69.279],[168.284,69.241],[168.733,69.208],[169.364,69.081],[169.424,68.999],[169.453,68.841],[169.589,68.777],[170.333,68.821],[170.612,68.756],[170.551,68.824],[170.442,68.84],[170.621,68.909],[170.653,68.902],[170.705,68.805],[170.711,68.904],[170.762,68.955],[171.032,69.042],[170.907,69.306],[170.609,69.58],[170.507,69.607],[170.262,69.588],[170.125,69.613],[170.282,69.728],[170.567,69.778],[170.556,69.893],[170.522,69.931],[170.558,70.079],[170.404,70.115],[170.471,70.134],[171.929,69.998],[172.64,69.966],[173.165,69.847],[173.202,69.779],[173.461,69.811],[173.476,69.833],[173.418,69.865],[173.189,69.908],[173.457,69.952],[173.742,69.867],[173.934,69.847],[174.088,69.883],[175.296,69.846],[175.722,69.904],[176.085,69.893],[176.234,69.828],[176.235,69.794],[176.529,69.741],[176.741,69.667],[177.436,69.604],[178.187,69.449],[178.369,69.475],[178.771,69.407],[179.049,69.327],[178.94,69.32],[178.743,69.372],[178.679,69.359],[178.652,69.309],[178.715,69.279],[178.88,69.296],[179.295,69.262],[179.927,68.997],[179.55,69.106],[179.719,69.003],[180.0,68.975],[179.998,65.069],[179.796,65.022],[179.46,64.813],[179.162,64.788],[178.625,64.606],[178.523,64.588],[178.489,64.609],[178.687,64.636],[178.749,64.683],[178.374,64.666],[177.608,64.72],[177.506,64.804],[177.442,64.916],[177.259,64.933],[177.167,65.025],[176.917,65.082],[176.591,65.025],[176.439,65.074],[176.308,65.047],[176.566,64.995],[176.955,65.039],[177.215,64.91],[177.294,64.828],[177.044,64.77],[176.928,64.799],[176.87,64.848],[176.634,64.869],[176.452,64.806],[176.418,64.844],[176.06,64.948],[175.87,64.831],[175.694,64.778],[175.042,64.761],[174.705,64.679],[174.451,64.686],[174.642,64.666],[175.051,64.739],[175.683,64.754],[175.823,64.783],[176.022,64.902],[176.067,64.901],[176.2,64.875],[176.418,64.706],[176.148,64.629],[176.11,64.545],[176.216,64.621],[176.33,64.623],[176.454,64.688],[176.604,64.66],[176.739,64.565],[177.011,64.712],[177.342,64.777],[177.482,64.759],[177.452,64.647],[177.361,64.544],[177.434,64.43],[177.632,64.319],[178.087,64.2],[178.181,64.205],[178.076,64.255],[178.283,64.352],[178.347,64.295],[178.477,64.125],[178.483,64.073],[178.398,64.032],[178.377,63.972],[178.664,63.943],[178.756,63.647],[178.609,63.675],[178.354,63.626],[178.261,63.574],[178.37,63.516],[178.476,63.574],[178.703,63.573],[178.723,63.476],[178.595,63.412],[178.681,63.384],[178.774,63.4],[178.808,63.442],[178.747,63.546],[178.775,63.586],[178.836,63.47],[179.002,63.32],[178.856,63.399],[178.804,63.381],[178.822,63.339],[179.243,63.23],[179.408,63.141],[179.408,63.057],[179.315,63.059],[179.236,63.006],[179.306,62.903],[179.54,62.842],[179.604,62.703],[179.554,62.621],[179.413,62.565],[179.358,62.507],[179.129,62.479],[179.104,62.453],[179.139,62.424],[179.149,62.338],[179.099,62.29],[178.961,62.357],[178.028,62.544],[177.339,62.576],[177.292,62.61],[177.315,62.737],[177.452,62.81],[177.328,62.801],[177.242,62.705],[177.193,62.704],[177.143,62.718],[177.151,62.778],[177.112,62.813],[176.974,62.864],[176.93,62.665],[177.05,62.578],[177.264,62.579],[176.814,62.52],[176.685,62.539],[176.28,62.313],[175.318,62.101],[175.173,62.016],[174.767,61.917],[174.732,61.953],[174.605,61.978],[174.72,61.885],[174.593,61.83],[174.457,61.806],[174.079,61.841],[174.017,61.819],[174.045,61.772],[174.006,61.722],[173.874,61.676],[173.542,61.744],[173.496,61.658],[173.492,61.563],[173.349,61.551],[173.293,61.514],[173.276,61.453],[173.162,61.404],[173.063,61.392],[172.888,61.47],[172.714,61.427],[172.901,61.366],[172.949,61.3],[172.845,61.277],[172.672,61.329],[172.766,61.275],[172.643,61.19],[172.343,61.219],[172.373,61.1],[172.476,61.071],[172.452,61.041],[172.362,61.009],[172.243,61.013],[172.019,61.092],[172.162,61.027],[172.199,60.96],[172.114,60.938],[172.022,60.849],[171.993,60.876],[172.002,60.921],[171.951,60.946],[171.945,60.851],[171.61,60.802],[171.612,60.735],[171.408,60.714],[171.365,60.631],[171.169,60.554],[170.857,60.506],[170.783,60.444],[170.642,60.417],[170.618,60.394],[170.657,60.325],[170.53,60.285],[170.469,60.224],[170.394,59.959],[170.244,59.911],[170.107,59.976],[170.076,60.032],[169.931,60.07],[169.747,60.277],[169.703,60.407],[169.33,60.531],[169.323,60.555],[169.366,60.563],[169.265,60.619],[169.207,60.62],[169.151,60.561],[168.188,60.582],[167.05,60.324],[166.342,59.867],[166.139,59.815],[166.097,59.852],[166.136,60.024],[166.259,60.257],[166.256,60.381],[166.347,60.412],[166.381,60.47],[166.349,60.486],[166.001,60.434],[165.767,60.288],[165.235,60.097],[164.997,60.127],[165.037,60.064],[165.121,60.084],[165.182,59.982],[164.999,59.839],[164.826,59.782],[164.702,59.975],[164.469,60.111],[164.318,60.086],[164.335,60.027],[164.141,59.933],[164.139,59.868],[164.051,59.877],[164.047,59.931],[164.107,59.972],[164.044,60.03],[163.64,60.046],[163.621,60.023],[163.677,59.971],[163.741,59.968],[163.7,59.899],[163.505,59.899],[163.36,59.824],[163.388,59.628],[163.327,59.585],[163.179,59.566],[163.166,59.502],[163.329,59.388],[163.297,59.265],[163.263,59.24],[163.239,59.245],[163.258,59.296],[163.104,59.278],[163.061,59.241],[163.066,59.194],[163.191,59.131],[163.187,59.048],[163.154,59.039],[163.175,59.07],[163.012,59.157],[162.882,59.127],[163.038,59.02],[163.032,58.995],[162.761,58.891],[162.726,58.853],[162.775,58.861],[162.764,58.835],[162.406,58.679],[162.143,58.453],[161.939,58.068],[162.003,57.948],[162.106,57.854],[162.316,57.797],[162.339,57.691],[162.381,57.69],[162.477,57.762],[162.466,57.871],[162.565,57.95],[162.702,57.964],[162.996,57.85],[163.212,57.836],[163.28,57.738],[163.074,57.503],[162.743,57.359],[162.765,57.347],[162.752,57.218],[162.828,57.045],[162.782,56.854],[162.79,56.795],[162.902,56.707],[163.072,56.746],[163.212,56.74],[163.246,56.688],[163.215,56.629],[163.341,56.332],[163.348,56.196],[163.108,56.087],[163.032,56.018],[162.868,56.041],[162.647,56.191],[162.629,56.245],[162.719,56.327],[163.074,56.478],[163.093,56.525],[162.986,56.547],[162.937,56.517],[162.898,56.433],[162.698,56.492],[162.394,56.39],[162.564,56.272],[162.086,56.101],[162.037,56.05],[162.017,55.957],[161.749,55.628],[161.711,55.491],[161.718,55.366],[161.797,55.168],[161.874,55.068],[161.97,55.026],[162.149,54.862],[162.112,54.763],[161.801,54.576],[161.738,54.508],[161.306,54.491],[161.239,54.512],[161.203,54.572],[161.114,54.59],[160.728,54.529],[160.006,54.139],[159.899,53.98],[159.818,53.659],[159.904,53.601],[159.882,53.652],[159.923,53.645],[159.962,53.515],[159.92,53.473],[159.798,53.521],[159.978,53.268],[160.014,53.268],[160.05,53.095],[159.614,53.259],[159.453,53.217],[159.39,53.159],[159.255,53.153],[159.021,53.084],[158.726,52.891],[158.585,53.062],[158.44,53.027],[158.419,53.008],[158.446,52.903],[158.522,52.907],[158.484,52.936],[158.513,52.943],[158.625,52.931],[158.642,52.901],[158.632,52.846],[158.561,52.789],[158.597,52.702],[158.548,52.625],[158.419,52.652],[158.436,52.601],[158.512,52.564],[158.555,52.312],[158.524,52.274],[158.429,52.266],[158.318,52.128],[158.277,51.941],[157.912,51.643],[157.777,51.565],[157.537,51.487],[157.259,51.232],[157.097,51.159],[156.692,50.891],[156.655,50.885],[156.746,50.994],[156.745,51.078],[156.674,51.229],[156.555,51.272],[156.521,51.317],[156.473,51.514],[156.493,51.926],[156.429,52.202],[156.281,52.521],[156.361,52.498],[156.38,52.45],[156.441,52.515],[156.262,52.566],[156.103,52.851],[156.077,53.133],[155.931,53.838],[155.7,54.511],[155.544,55.305],[155.646,55.913],[155.943,56.655],[156.11,56.819],[156.16,56.832],[156.064,56.723],[156.202,56.85],[156.449,56.954],[156.546,57.102],[156.646,57.077],[156.695,57.109],[156.98,57.421],[156.98,57.528],[156.933,57.644],[156.84,57.727],[156.76,57.738],[156.98,57.85],[157.168,57.773],[157.434,57.791],[157.535,57.851],[157.646,58.004],[157.923,57.979],[158.233,58.019],[158.664,58.27],[159.044,58.42],[159.702,58.851],[159.756,58.945],[159.734,59.018],[159.79,59.084],[159.922,59.175],[160.341,59.361],[160.444,59.456],[160.485,59.543],[160.861,59.623],[161.248,59.85],[161.467,60.047],[161.837,60.187],[161.929,60.268],[161.916,60.327],[161.875,60.318],[161.915,60.421],[162.46,60.592],[162.754,60.647],[162.898,60.771],[163.11,60.778],[163.193,60.821],[163.37,60.816],[163.644,60.876],[163.729,60.937],[163.512,61.004],[163.512,61.048],[163.635,61.146],[163.854,61.213],[164.015,61.33],[164.02,61.363],[163.94,61.44],[163.783,61.425],[163.75,61.451],[163.847,61.633],[164.011,61.687],[164.071,61.784],[164.064,62.101],[164.121,62.277],[164.614,62.474],[165.093,62.42],[165.23,62.373],[165.285,62.317],[165.33,62.316],[165.232,62.401],[165.094,62.456],[165.344,62.479],[165.629,62.443],[164.764,62.568],[164.582,62.691],[164.367,62.712],[163.257,62.543],[163.165,62.445],[163.349,62.362],[163.126,62.284],[163.081,62.198],[163.137,62.045],[162.952,61.801],[163.24,61.746],[163.303,61.716],[163.283,61.662],[163.094,61.617],[163.066,61.596],[163.085,61.554],[163.007,61.52],[162.944,61.578],[162.931,61.67],[162.839,61.719],[162.654,61.693],[162.641,61.668],[162.752,61.628],[162.743,61.599],[162.41,61.673],[162.026,61.42],[161.784,61.342],[161.565,61.202],[161.469,61.202],[161.328,61.087],[160.888,60.884],[160.795,60.739],[160.677,60.776],[160.399,60.74],[160.261,60.627],[160.139,60.589],[160.135,60.658],[160.223,60.734],[160.225,60.784],[160.166,60.827],[160.391,61.026],[160.332,61.053],[160.171,61.052],[159.863,60.93],[159.781,60.944],[159.903,61.038],[159.947,61.136],[159.913,61.252],[159.839,61.267],[159.854,61.311],[160.009,61.391],[160.158,61.519],[160.366,61.766],[160.355,61.947],[159.966,61.826],[159.833,61.714],[159.526,61.665],[159.364,61.89],[159.248,61.922],[158.906,61.896],[158.733,61.836],[158.305,61.823],[158.022,61.73],[157.894,61.786],[157.486,61.803],[157.027,61.65],[156.86,61.537],[156.696,61.534],[156.634,61.422],[156.656,61.211],[156.416,61.182],[156.085,61.012],[155.928,60.906],[155.893,60.76],[154.966,60.375],[154.624,60.136],[154.531,60.049],[154.467,59.92],[154.232,59.879],[154.228,59.724],[154.293,59.638],[154.065,59.513],[154.109,59.463],[154.292,59.444],[154.345,59.487],[154.42,59.423],[154.501,59.433],[154.432,59.485],[154.438,59.548],[154.69,59.517],[154.848,59.463],[154.967,59.493],[155.083,59.393],[155.185,59.361],[155.141,59.207],[155.1,59.187],[154.828,59.189],[154.743,59.161],[154.735,59.128],[154.45,59.22],[154.331,59.203],[154.343,59.136],[154.289,59.094],[154.155,59.096],[154.023,59.046],[153.914,59.078],[153.795,59.174],[153.362,59.242],[153.269,59.092],[152.994,59.075],[152.875,58.918],[152.568,58.955],[152.357,59.023],[152.124,58.989],[152.119,58.922],[152.062,58.896],[151.614,58.852],[151.456,58.875],[151.309,58.839],[151.273,58.921],[151.216,58.945],[151.077,59.106],[151.164,59.09],[151.606,59.168],[152.046,59.153],[152.284,59.22],[152.142,59.292],[151.981,59.265],[151.751,59.296],[151.606,59.473],[151.386,59.571],[151.102,59.592],[150.904,59.567],[150.87,59.553],[150.932,59.47],[150.713,59.443],[150.681,59.452],[150.729,59.494],[150.685,59.51],[150.462,59.491],[150.728,59.556],[150.707,59.575],[150.525,59.554],[150.416,59.621],[150.297,59.647],[149.64,59.769],[149.48,59.767],[149.372,59.76],[149.034,59.632],[149.085,59.551],[149.208,59.508],[149.205,59.471],[149.088,59.493],[148.901,59.463],[148.843,59.498],[148.861,59.553],[148.695,59.449],[148.722,59.37],[148.862,59.402],[148.96,59.38],[148.949,59.261],[148.905,59.241],[148.799,59.281],[148.546,59.246],[148.415,59.262],[148.365,59.394],[148.213,59.419],[147.844,59.383],[147.782,59.349],[147.827,59.291],[147.783,59.269],[147.606,59.299],[147.545,59.274],[147.552,59.249],[147.489,59.24],[147.297,59.326],[147.165,59.319],[146.999,59.373],[146.747,59.374],[146.512,59.461],[146.325,59.39],[146.341,59.204],[146.316,59.183],[145.991,59.149],[145.8,59.263],[145.911,59.35],[145.908,59.413],[145.318,59.394],[145.249,59.423],[145.058,59.384],[144.591,59.372],[143.926,59.413],[143.474,59.338],[143.211,59.377],[142.587,59.238],[142.303,59.138],[141.978,58.968],[141.839,58.813],[141.617,58.647],[141.335,58.518],[141.089,58.461],[140.901,58.375],[140.685,58.23],[140.516,57.942],[140.499,57.826],[140.316,57.753],[140.01,57.696],[139.839,57.509],[139.597,57.444],[139.564,57.38],[139.472,57.319],[139.179,57.264],[138.911,57.027],[138.653,56.986],[138.586,56.875],[138.478,56.846],[138.401,56.738],[138.306,56.717],[138.262,56.646],[138.138,56.593],[138.116,56.567],[138.142,56.456],[137.917,56.345],[137.842,56.251],[137.726,56.175],[136.731,55.663],[136.417,55.569],[136.128,55.303],[135.743,55.145],[135.558,55.124],[135.218,54.93],[135.156,54.861],[135.262,54.72],[135.671,54.641],[135.731,54.572],[135.973,54.574],[136.208,54.617],[136.537,54.59],[136.813,54.649],[136.878,54.583],[136.748,54.428],[136.766,54.217],[136.806,54.134],[136.688,54.006],[136.654,53.92],[136.681,53.811],[136.761,53.769],[136.937,53.852],[137.112,53.804],[137.176,53.838],[137.283,54.038],[137.177,54.036],[137.063,54.138],[137.191,54.217],[137.388,54.305],[137.728,54.31],[137.513,54.152],[137.357,54.135],[137.293,54.075],[137.595,53.954],[137.856,53.962],[137.783,53.898],[137.598,53.827],[137.563,53.73],[137.487,53.666],[137.337,53.661],[137.212,53.582],[137.311,53.533],[137.899,53.573],[138.292,53.743],[138.343,53.886],[138.552,53.987],[138.589,53.856],[138.571,53.815],[138.24,53.559],[138.249,53.52],[138.431,53.507],[138.55,53.58],[138.649,53.72],[138.776,54.024],[138.741,54.249],[138.658,54.289],[138.732,54.314],[138.995,54.229],[139.337,54.183],[139.75,54.308],[139.8,54.292],[139.816,54.211],[140.239,54.05],[140.256,53.863],[140.361,53.78],[140.534,53.713],[140.556,53.648],[140.953,53.503],[140.926,53.436],[141.242,53.308],[141.414,53.293],[141.434,53.153],[141.354,53.096],[141.237,53.078],[141.19,53.041],[141.246,53.022],[141.18,52.982],[140.841,53.12],[140.714,53.116],[140.939,52.99],[140.96,52.941],[141.202,52.842],[141.312,52.656],[141.222,52.509],[141.128,52.461],[141.131,52.409],[141.278,52.289],[141.504,52.205],[141.485,52.161],[141.344,52.103],[141.31,52.033],[141.305,52.009],[141.425,51.946],[141.422,51.922],[141.275,51.874],[141.082,51.679],[140.908,51.612],[140.901,51.494],[140.796,51.455],[140.814,51.413],[140.883,51.419],[140.867,51.362],[140.69,51.317],[140.676,51.173],[140.71,51.051],[140.679,50.95],[140.528,50.865],[140.462,50.702],[140.485,50.61],[140.439,50.537],[140.527,50.368],[140.516,50.171],[140.592,50.074],[140.683,50.084],[140.487,49.979],[140.411,49.866],[140.528,49.728],[140.554,49.557],[140.435,49.355],[140.34,49.272],[140.389,48.968],[140.245,48.84],[140.213,48.764],[140.176,48.451],[139.284,47.814],[139.046,47.471],[139.043,47.404],[138.556,47.02],[138.384,46.735],[138.343,46.549],[138.2,46.446],[138.063,46.182],[137.775,45.934],[137.663,45.788],[137.377,45.61],[137.178,45.417],[136.858,45.213],[136.601,44.981],[136.439,44.788],[136.374,44.788],[136.244,44.663],[136.182,44.513],[135.892,44.402],[135.801,44.265],[135.722,44.234],[135.647,44.156],[135.629,44.039],[135.46,43.944],[135.503,43.872],[135.467,43.803],[135.36,43.715],[135.274,43.688],[135.131,43.504],[134.863,43.395],[134.35,43.119],[134.186,43.078],[133.906,42.876],[133.57,42.819],[133.216,42.728],[133.154,42.683],[133.031,42.686],[133.004,42.716],[133.039,42.771],[132.994,42.819],[132.916,42.818],[132.845,42.741],[132.798,42.764],[132.772,42.87],[132.59,42.842],[132.462,42.934],[132.352,42.897],[132.35,42.852],[132.312,42.847],[132.285,42.961],[132.369,43.213],[132.351,43.292],[132.302,43.317],[132.229,43.231],[132.097,43.176],[131.947,43.064],[131.845,43.083],[131.909,43.195],[131.992,43.235],[132.051,43.313],[131.811,43.326],[131.752,43.219],[131.525,43.005],[131.472,42.872],[131.278,42.763],[131.219,42.651],[131.221,42.559],[131.169,42.575],[131.114,42.662],[130.967,42.628],[130.805,42.688],[130.714,42.686],[130.677,42.652],[130.867,42.523],[130.704,42.296],[130.663,42.32],[130.657,42.383],[130.581,42.479],[130.605,42.619],[130.536,42.682],[130.414,42.706],[130.434,42.745],[130.615,42.823],[130.735,42.825],[130.794,42.869],[130.992,42.849],[131.128,42.916],[131.107,43.039],[131.184,43.121],[131.181,43.167],[131.264,43.27],[131.31,43.389],[131.301,43.457],[131.191,43.54],[131.231,43.974],[131.245,44.022],[131.298,44.052],[131.095,44.691],[130.958,44.839],[131.091,44.918],[131.177,44.903],[131.336,44.968],[131.469,44.974],[131.646,45.108],[131.698,45.207],[131.851,45.337],[131.969,45.234],[132.931,45.021],[133.117,45.124],[133.102,45.288],[133.158,45.462],[133.193,45.504],[133.413,45.573],[133.477,45.628],[133.48,45.754],[133.511,45.779],[133.477,45.818],[133.502,45.859],[133.523,45.883],[133.58,45.871],[133.66,45.935],[133.745,46.155],[133.902,46.254],[133.934,46.391],[133.848,46.476],[133.909,46.577],[134.02,46.667],[134.04,46.862],[134.114,47.056],[134.227,47.118],[134.155,47.257],[134.182,47.323],[134.313,47.42],[134.486,47.43],[134.554,47.469],[134.773,47.711],[134.658,47.887],[134.59,47.922],[134.561,48.006],[134.683,48.136],[134.717,48.266],[134.415,48.391],[133.738,48.251],[133.597,48.174],[133.524,48.095],[133.224,48.126],[133.092,48.107],[132.77,47.938],[132.675,47.951],[132.668,47.881],[132.576,47.794],[132.574,47.74],[132.523,47.71],[132.341,47.743],[131.917,47.67],[131.703,47.696],[131.62,47.664],[131.535,47.719],[131.419,47.743],[131.1,47.676],[130.965,47.704],[130.907,47.884],[130.675,48.064],[130.678,48.138],[130.831,48.294],[130.739,48.428],[130.759,48.486],[130.659,48.485],[130.614,48.517],[130.608,48.577],[130.53,48.616],[130.674,48.871],[130.541,48.853],[130.44,48.896],[130.25,48.865],[130.201,48.883],[129.915,49.038],[129.921,49.082],[129.845,49.12],[129.842,49.167],[129.742,49.195],[129.711,49.274],[129.552,49.29],[129.528,49.385],[129.481,49.421],[129.194,49.39],[129.114,49.349],[128.998,49.441],[128.872,49.481],[128.797,49.572],[128.672,49.611],[128.198,49.539],[128.067,49.547],[127.968,49.603],[127.855,49.585],[127.704,49.66],[127.644,49.767],[127.537,49.791],[127.507,49.844],[127.534,49.922],[127.487,50.026],[127.574,50.137],[127.591,50.209],[127.332,50.327],[127.359,50.415],[127.295,50.464],[127.367,50.578],[127.289,50.675],[127.287,50.751],[126.932,51.065],[126.905,51.206],[126.972,51.324],[126.899,51.316],[126.869,51.252],[126.813,51.282],[126.819,51.326],[126.89,51.35],[126.909,51.391],[126.797,51.424],[126.83,51.508],[126.753,51.553],[126.726,51.709],[126.61,51.787],[126.443,51.991],[126.514,52.043],[126.556,52.131],[126.316,52.201],[126.329,52.236],[126.439,52.275],[126.35,52.303],[126.351,52.377],[126.276,52.463],[126.203,52.468],[126.212,52.533],[126.083,52.593],[126.028,52.566],[125.99,52.587],[125.979,52.645],[126.069,52.68],[126.045,52.719],[126.104,52.754],[126.088,52.775],[125.975,52.767],[125.837,52.907],[125.654,52.883],[125.734,52.982],[125.621,53.062],[125.489,53.069],[125.074,53.212],[124.919,53.194],[124.837,53.133],[124.754,53.149],[124.652,53.209],[124.384,53.246],[124.253,53.375],[124.121,53.353],[123.971,53.455],[123.614,53.563],[123.495,53.56],[123.453,53.527],[123.253,53.568],[123.154,53.513],[122.859,53.474],[122.401,53.452],[122.317,53.496],[122.082,53.43],[121.889,53.431],[121.641,53.385],[121.517,53.332],[121.341,53.324],[121.203,53.277],[120.866,53.28],[120.279,52.865],[120.031,52.768],[120.026,52.642],[120.082,52.588],[120.186,52.58],[120.44,52.637],[120.71,52.543],[120.626,52.344],[120.781,52.158],[120.776,52.115],[120.697,52.049],[120.706,51.981],[120.65,51.914],[120.492,51.879],[120.166,51.669],[120.1,51.66],[119.977,51.487],[119.953,51.398],[119.895,51.384],[119.912,51.341],[119.762,51.215],[119.778,51.169],[119.741,51.072],[119.518,50.905],[119.5,50.742],[119.294,50.599],[119.239,50.442],[119.138,50.393],[119.198,50.345],[119.358,50.333],[119.316,50.093],[119.126,49.994],[118.644,49.955],[117.873,49.521],[117.792,49.519],[117.494,49.623],[117.258,49.631],[116.982,49.71],[116.716,49.827],[116.617,49.929],[116.246,50.027],[116.054,49.998],[115.731,49.881],[115.414,49.899],[115.212,49.994],[115.034,50.145],[114.848,50.23],[114.666,50.264],[114.445,50.245],[114.322,50.284],[114.118,50.224],[113.859,50.087],[113.58,50.02],[113.183,49.802],[113.087,49.687],[113.06,49.596],[112.801,49.509],[112.491,49.541],[111.98,49.41],[111.691,49.407],[111.499,49.35],[111.338,49.365],[110.778,49.148],[110.631,49.152],[110.371,49.242],[110.207,49.169],[109.729,49.266],[109.516,49.256],[109.451,49.306],[109.198,49.36],[109.075,49.335],[108.96,49.357],[108.564,49.335],[108.236,49.532],[108.073,49.589],[107.953,49.687],[107.984,49.929],[107.746,49.98],[107.462,49.982],[107.177,50.027],[107.081,50.084],[107.007,50.199],[106.789,50.31],[106.664,50.339],[106.245,50.3],[106.078,50.345],[105.989,50.411],[105.335,50.484],[105.102,50.393],[104.966,50.405],[104.619,50.318],[104.418,50.309],[104.207,50.176],[104.093,50.149],[103.825,50.201],[103.649,50.137],[103.317,50.2],[103.224,50.309],[102.92,50.315],[102.78,50.387],[102.633,50.409],[102.541,50.509],[102.332,50.566],[102.295,50.644],[102.355,50.721],[102.236,50.821],[102.255,50.987],[102.168,51.121],[102.163,51.251],[102.224,51.327],[102.082,51.389],[101.576,51.488],[101.385,51.452],[101.245,51.529],[100.558,51.735],[99.948,51.751],[99.729,51.89],[99.345,51.942],[99.021,52.065],[98.927,52.13],[98.856,52.107],[98.839,52.026],[98.682,51.819],[98.332,51.718],[98.228,51.583],[98.221,51.477],[98.04,51.457],[97.923,51.318],[97.929,51.215],[97.806,51.001],[97.836,50.941],[97.985,50.846],[97.944,50.774],[98.038,50.623],[98.293,50.519],[98.262,50.283],[98.048,50.023],[97.831,49.924],[97.756,49.961],[97.567,49.917],[97.572,49.846],[97.344,49.734],[97.154,49.75],[96.969,49.887],[96.702,49.914],[96.584,49.858],[96.503,49.922],[96.347,49.889],[96.056,49.999],[95.945,49.939],[95.828,50.02],[95.501,49.887],[95.355,49.948],[95.076,49.946],[94.922,50.046],[94.605,50.019],[94.492,50.152],[94.355,50.223],[94.327,50.404],[94.259,50.558],[93.422,50.609],[93.104,50.599],[93.011,50.624],[92.962,50.778],[92.796,50.788],[92.734,50.705],[92.65,50.674],[92.444,50.786],[92.361,50.868],[92.302,50.843],[92.243,50.721],[92.16,50.689],[91.9,50.707],[91.75,50.684],[91.576,50.562],[91.475,50.536],[91.415,50.461],[91.012,50.425],[90.841,50.321],[90.727,50.292],[90.683,50.216],[90.475,50.215],[90.021,50.071],[89.968,49.967],[89.668,49.927],[89.624,49.903],[89.615,49.842],[89.643,49.818],[89.626,49.788],[89.701,49.753],[89.702,49.72],[89.442,49.644],[89.374,49.583],[89.216,49.634],[89.178,49.598],[89.214,49.544],[89.161,49.503],[89.008,49.463],[88.925,49.547],[88.859,49.527],[88.853,49.442],[88.676,49.459],[88.616,49.493],[88.221,49.462],[88.175,49.444],[88.116,49.357],[88.143,49.271],[87.977,49.178],[87.705,49.163],[87.413,49.078],[87.343,49.096],[87.305,49.202],[87.266,49.228],[87.041,49.272],[86.927,49.353],[86.84,49.454],[86.85,49.513],[86.622,49.583],[86.693,49.671],[86.795,49.698],[86.782,49.784],[86.623,49.799],[86.447,49.647],[86.288,49.586],[86.249,49.507],[86.185,49.477],[85.658,49.608],[85.505,49.59],[85.42,49.621],[85.26,49.593],[85.213,49.65],[85.197,49.733],[85.081,49.883],[84.975,49.927],[84.981,49.997],[85.056,50.013],[85.011,50.078],[84.522,50.217],[84.377,50.213],[84.268,50.271],[84.199,50.448],[84.224,50.507],[84.169,50.598],[83.975,50.711],[83.978,50.795],[83.84,50.879],[83.468,50.989],[83.138,50.999],[83.092,50.931],[83.014,50.892],[82.761,50.911],[82.725,50.89],[82.704,50.801],[82.501,50.722],[82.356,50.76],[82.158,50.71],[81.916,50.787],[81.678,50.741],[81.466,50.743],[81.42,50.967],[81.077,50.954],[81.179,51.193],[81.04,51.182],[80.685,51.313],[80.634,51.22],[80.444,51.199],[80.436,51.111],[80.487,51.05],[80.464,50.966],[80.092,50.85],[80.067,50.799],[80.099,50.766],[80.059,50.769],[79.989,50.82],[79.541,51.442],[78.923,52.176],[77.914,53.265],[77.524,53.506],[76.523,53.994],[76.408,54.157],[76.724,54.155],[76.859,54.302],[76.812,54.448],[76.7,54.444],[76.658,54.37],[76.488,54.326],[76.239,54.359],[76.186,54.296],[76.2,54.257],[75.691,54.11],[75.501,54.115],[75.384,54.067],[75.449,53.992],[75.035,53.808],[74.947,53.839],[74.789,53.836],[74.674,53.76],[74.645,53.689],[74.466,53.693],[74.439,53.61],[74.481,53.581],[74.427,53.478],[74.376,53.472],[74.286,53.526],[74.246,53.602],[73.917,53.654],[73.677,53.619],[73.58,53.519],[73.436,53.437],[73.374,53.468],[73.41,53.521],[73.255,53.58],[73.24,53.647],[73.261,53.683],[73.329,53.694],[73.357,53.79],[73.443,53.875],[73.712,53.875],[73.764,54.065],[73.612,54.077],[73.542,54.015],[73.541,53.959],[73.291,53.954],[73.069,53.989],[72.975,54.128],[72.608,54.143],[72.533,54.059],[72.665,54.062],[72.725,53.966],[72.551,53.96],[72.448,53.913],[72.396,53.935],[72.509,54.143],[72.328,54.185],[72.36,54.244],[72.197,54.374],[72.049,54.38],[72.095,54.251],[72.203,54.195],[72.195,54.139],[72.122,54.134],[71.958,54.248],[71.768,54.255],[71.736,54.219],[71.747,54.153],[71.655,54.11],[71.504,54.114],[71.484,54.186],[71.337,54.215],[71.258,54.127],[71.186,54.104],[71.073,54.193],[71.075,54.271],[71.0,54.281],[70.997,54.328],[71.214,54.326],[71.222,54.41],[71.166,54.597],[71.289,54.636],[71.279,54.69],[71.227,54.734],[71.105,54.737],[71.013,54.799],[70.969,54.894],[71.001,55.08],[70.81,55.246],[70.84,55.304],[70.675,55.313],[70.587,55.278],[70.47,55.297],[70.237,55.14],[70.049,55.207],[69.95,55.204],[69.846,55.295],[69.673,55.354],[69.351,55.394],[69.231,55.333],[69.186,55.345],[69.17,55.393],[68.948,55.443],[68.926,55.426],[68.943,55.369],[68.997,55.351],[68.999,55.29],[68.941,55.286],[68.886,55.34],[68.73,55.369],[68.621,55.201],[68.304,55.205],[68.2,55.178],[68.248,55.103],[68.328,55.07],[68.205,54.968],[68.027,54.951],[67.898,54.978],[67.835,54.963],[67.758,54.89],[67.583,54.855],[67.327,54.868],[67.247,54.808],[66.818,54.768],[66.722,54.727],[66.495,54.723],[65.993,54.629],[65.971,54.709],[65.847,54.685],[65.754,54.601],[65.502,54.64],[65.221,54.53],[65.201,54.464],[65.239,54.347],[65.222,54.324],[65.118,54.313],[64.994,54.398],[64.916,54.408],[64.733,54.342],[64.539,54.364],[63.996,54.311],[63.978,54.293],[64.013,54.241],[63.896,54.202],[63.718,54.258],[63.378,54.169],[63.164,54.185],[63.138,54.168],[63.145,54.115],[63.11,54.096],[62.641,54.075],[62.577,54.044],[62.571,53.896],[62.534,53.882],[62.426,53.936],[62.358,54.023],[62.025,54.025],[62.019,53.941],[61.853,53.961],[61.79,54.004],[61.489,54.015],[61.42,54.067],[61.326,54.069],[61.009,53.944],[61.0,53.893],[61.122,53.882],[61.223,53.809],[61.051,53.643],[60.911,53.66],[60.906,53.622],[61.074,53.619],[61.183,53.569],[61.324,53.556],[61.389,53.591],[61.536,53.593],[61.572,53.524],[61.436,53.446],[61.246,53.508],[61.153,53.368],[61.185,53.307],[61.382,53.275],[61.509,53.22],[61.608,53.228],[62.106,53.122],[62.143,53.075],[62.115,52.997],[61.956,52.94],[61.865,52.985],[61.696,52.983],[61.473,53.028],[61.356,52.992],[61.203,53.022],[61.099,52.982],[61.078,52.928],[60.697,52.708],[60.74,52.636],[60.825,52.634],[60.835,52.537],[60.97,52.494],[60.979,52.413],[61.055,52.338],[60.778,52.216],[60.721,52.16],[60.491,52.156],[60.223,52.0],[60.026,52.001],[60.003,51.956],[60.087,51.867],[60.226,51.872],[60.486,51.809],[60.46,51.737],[60.377,51.69],[60.536,51.628],[60.934,51.618],[60.938,51.553],[61.024,51.48],[61.491,51.424],[61.576,51.309],[61.656,51.266],[61.551,51.218],[61.462,50.873],[61.383,50.784],[60.697,50.662],[60.317,50.691],[60.178,50.768],[60.17,50.836],[60.053,50.864],[59.988,50.843],[59.938,50.71],[59.814,50.547],[59.659,50.535],[59.537,50.482],[59.472,50.536],[59.577,50.561],[59.584,50.586],[59.489,50.63],[58.925,50.686],[58.666,50.805],[58.572,50.919],[58.626,51.003],[58.601,51.047],[58.338,51.156],[58.221,51.118],[58.152,51.054],[57.793,51.116],[57.755,51.082],[57.738,50.912],[57.562,50.924],[57.464,50.865],[57.356,50.904],[57.208,51.066],[57.128,51.085],[56.864,51.059],[56.78,51.092],[56.706,51.063],[56.719,50.985],[56.622,50.99],[56.502,51.081],[56.441,51.034],[56.449,50.976],[56.357,50.902],[56.176,50.914],[56.117,50.742],[55.691,50.533],[55.49,50.664],[55.376,50.653],[55.299,50.687],[54.987,50.899],[54.647,51.037],[54.554,51.01],[54.549,50.922],[54.672,50.871],[54.658,50.728],[54.701,50.61],[54.608,50.543],[54.523,50.529],[54.451,50.558],[54.399,50.626],[54.502,50.859],[54.309,50.905],[54.206,50.966],[54.135,51.104],[53.95,51.196],[53.676,51.23],[53.612,51.302],[53.638,51.383],[53.424,51.493],[53.147,51.501],[52.886,51.465],[52.768,51.503],[52.606,51.457],[52.507,51.505],[52.341,51.781],[52.166,51.718],[52.109,51.665],[51.872,51.672],[51.787,51.604],[51.8,51.503],[51.712,51.462],[51.525,51.493],[51.303,51.481],[51.262,51.54],[51.389,51.571],[51.384,51.641],[51.275,51.684],[50.945,51.688],[50.863,51.752],[50.773,51.769],[50.759,51.721],[50.816,51.641],[50.812,51.595],[50.69,51.575],[50.713,51.62],[50.6,51.638],[50.558,51.58],[50.549,51.472],[50.384,51.424],[50.364,51.326],[50.264,51.278],[49.968,51.226],[49.802,51.112],[49.475,51.124],[49.42,51.082],[49.365,50.971],[49.439,50.905],[49.426,50.852],[49.143,50.785],[49.028,50.687],[48.858,50.605],[48.698,50.592],[48.691,50.504],[48.749,50.268],[48.913,50.035],[48.791,49.94],[48.447,49.818],[48.25,49.871],[48.165,49.967],[48.111,50.098],[47.94,50.251],[47.627,50.457],[47.521,50.436],[47.41,50.329],[47.32,50.296],[47.282,50.181],[47.355,50.099],[47.303,50.033],[47.194,49.947],[46.931,49.866],[46.804,49.339],[47.038,49.226],[47.059,49.133],[46.961,49.018],[46.779,48.936],[46.499,48.418],[47.121,48.271],[47.145,47.812],[47.256,47.751],[47.396,47.697],[47.412,47.815],[47.444,47.842],[47.691,47.766],[48.064,47.78],[48.223,47.691],[48.38,47.501],[48.572,47.365],[48.721,47.098],[49.024,46.778],[48.939,46.704],[48.76,46.703],[48.71,46.76],[48.596,46.771],[48.515,46.737],[48.494,46.667],[48.576,46.561],[48.74,46.557],[48.84,46.482],[48.917,46.487],[49.175,46.37],[49.22,46.34],[49.228,46.278],[49.154,46.287],[49.046,46.196],[48.785,46.094],[48.71,46.131],[48.67,46.118],[48.635,46.081],[48.724,46.024],[48.761,45.86],[48.716,45.832],[48.57,45.964],[48.453,45.934],[48.224,45.745],[47.854,45.717],[47.828,45.658],[47.556,45.768],[47.554,45.739],[47.625,45.708],[47.642,45.56],[47.488,45.726],[47.39,45.745],[47.414,45.674],[47.541,45.635],[47.567,45.562],[47.421,45.363],[47.37,45.233],[47.135,44.94],[47.073,44.783],[47.032,44.83],[46.773,44.692],[46.68,44.516],[46.698,44.448],[46.76,44.392],[47.036,44.349],[47.085,44.25],[47.266,44.143],[47.5,43.772]]],[[[-177.21,65.593],[-177.5,65.486],[-178.368,65.476],[-178.555,65.514],[-178.569,65.541],[-178.518,65.587],[-178.456,65.727],[-178.655,65.762],[-178.81,65.867],[-178.907,65.993],[-178.725,66.009],[-178.674,66.113],[-178.543,66.163],[-178.505,66.393],[-178.605,66.365],[-178.783,66.206],[-178.962,66.167],[-179.061,66.194],[-179.108,66.245],[-179.083,66.298],[-179.109,66.37],[-179.171,66.415],[-179.179,66.292],[-179.424,66.341],[-179.25,66.199],[-179.286,66.166],[-179.633,66.117],[-179.659,66.137],[-179.58,66.148],[-179.689,66.184],[-179.762,66.117],[-179.823,65.943],[-179.741,65.793],[-179.33,65.628],[-179.321,65.533],[-179.538,65.428],[-179.569,65.265],[-179.7,65.165],[-179.998,65.074],[-179.998,68.975],[-179.627,68.906],[-179.529,68.915],[-179.537,68.949],[-179.507,68.955],[-179.422,68.895],[-179.391,68.823],[-178.923,68.768],[-178.513,68.594],[-178.716,68.656],[-178.758,68.574],[-178.74,68.543],[-178.036,68.423],[-177.951,68.29],[-177.706,68.337],[-178.377,68.551],[-177.636,68.326],[-177.633,68.296],[-177.753,68.257],[-177.68,68.224],[-177.361,68.249],[-177.252,68.21],[-177.241,68.151],[-177.163,68.128],[-177.105,68.153],[-176.969,68.133],[-175.876,67.83],[-175.896,67.807],[-175.866,67.827],[-175.464,67.707],[-175.192,67.512],[-175.219,67.449],[-175.376,67.343],[-175.099,67.371],[-175.041,67.443],[-174.833,67.384],[-174.785,67.306],[-174.893,67.29],[-174.955,67.104],[-174.915,66.992],[-174.813,66.944],[-174.745,66.765],[-174.763,66.734],[-174.858,66.746],[-174.995,66.672],[-174.906,66.616],[-174.504,66.551],[-174.445,66.474],[-174.516,66.454],[-174.467,66.303],[-174.354,66.333],[-174.377,66.361],[-174.196,66.464],[-174.025,66.48],[-173.993,66.457],[-174.087,66.263],[-174.037,66.214],[-173.956,66.278],[-173.938,66.333],[-173.782,66.373],[-173.762,66.449],[-173.918,66.516],[-174.302,66.582],[-173.983,66.697],[-173.997,66.798],[-174.125,66.989],[-174.294,67.059],[-174.538,67.031],[-174.651,67.06],[-174.431,67.103],[-173.827,67.087],[-173.677,67.132],[-173.173,67.059],[-173.274,67.049],[-173.354,66.969],[-173.357,66.84],[-173.155,66.86],[-173.209,66.885],[-173.222,66.975],[-173.137,66.996],[-173.06,66.938],[-172.82,66.909],[-172.437,66.938],[-173.011,67.028],[-173.007,67.056],[-172.329,66.963],[-171.726,66.955],[-171.694,66.936],[-171.719,66.886],[-171.7,66.85],[-171.416,66.772],[-171.423,66.704],[-171.343,66.651],[-170.879,66.514],[-170.49,66.326],[-170.637,66.239],[-170.348,66.291],[-170.202,66.248],[-170.187,66.2],[-170.331,66.179],[-170.224,66.144],[-169.792,66.151],[-169.708,66.126],[-169.692,66.082],[-169.784,65.992],[-169.996,66.036],[-170.124,66.023],[-170.578,65.853],[-170.516,65.821],[-170.531,65.672],[-170.635,65.611],[-170.895,65.634],[-171.542,65.835],[-171.288,65.666],[-171.028,65.581],[-171.076,65.483],[-171.393,65.538],[-171.947,65.485],[-172.082,65.484],[-171.814,65.521],[-172.041,65.534],[-172.103,65.564],[-172.246,65.538],[-172.352,65.663],[-172.654,65.703],[-172.802,65.675],[-172.435,65.591],[-172.425,65.483],[-172.462,65.472],[-172.421,65.427],[-172.193,65.448],[-172.255,65.353],[-172.247,65.248],[-172.68,65.269],[-172.683,65.228],[-172.307,65.217],[-172.132,65.082],[-172.463,64.921],[-172.542,64.925],[-172.781,64.851],[-173.046,64.863],[-173.195,64.778],[-172.999,64.841],[-172.898,64.83],[-172.779,64.775],[-173.085,64.663],[-172.955,64.672],[-172.735,64.594],[-172.46,64.552],[-172.356,64.457],[-172.363,64.423],[-172.631,64.389],[-172.758,64.421],[-172.829,64.525],[-173.026,64.497],[-173.061,64.477],[-172.883,64.447],[-172.899,64.338],[-172.994,64.282],[-173.192,64.255],[-173.429,64.324],[-173.299,64.461],[-173.284,64.52],[-173.415,64.617],[-173.352,64.497],[-173.365,64.464],[-173.599,64.349],[-173.768,64.361],[-174.051,64.424],[-174.128,64.557],[-174.689,64.728],[-174.704,64.761],[-175.005,64.813],[-175.053,64.779],[-175.446,64.785],[-175.472,64.857],[-175.807,64.956],[-175.912,65.016],[-175.831,65.045],[-175.781,65.161],[-175.862,65.235],[-175.959,65.421],[-176.078,65.47],[-176.329,65.491],[-176.588,65.559],[-177.068,65.61],[-177.21,65.593]]],[[[55.173,73.711],[54.855,73.728],[54.541,73.702],[54.266,73.606],[54.061,73.606],[53.671,73.736],[53.634,73.76],[53.65,73.801],[53.899,73.779],[54.249,73.911],[54.8,73.977],[54.591,74.008],[54.694,74.07],[55.022,74.172],[55.166,74.186],[55.267,74.151],[55.825,74.098],[55.862,74.108],[55.589,74.193],[55.075,74.261],[55.217,74.305],[55.307,74.277],[55.703,74.268],[55.742,74.293],[55.665,74.326],[55.234,74.366],[55.365,74.435],[56.281,74.488],[56.052,74.493],[56.075,74.514],[56.008,74.542],[55.498,74.569],[55.528,74.646],[55.571,74.659],[55.775,74.689],[55.916,74.658],[56.387,74.719],[56.611,74.677],[56.984,74.687],[56.6,74.694],[56.484,74.793],[55.939,74.775],[55.818,74.805],[55.92,74.842],[56.676,74.949],[56.296,74.958],[56.472,75.013],[56.419,75.035],[55.889,74.989],[55.862,74.996],[55.94,75.064],[55.917,75.082],[55.729,75.076],[55.802,75.149],[56.054,75.216],[56.161,75.149],[56.355,75.189],[56.481,75.061],[56.908,75.237],[56.875,75.281],[56.732,75.298],[56.868,75.359],[57.053,75.39],[57.737,75.323],[57.655,75.427],[57.545,75.452],[57.517,75.495],[57.651,75.532],[58.154,75.57],[58.193,75.602],[57.926,75.626],[57.992,75.671],[58.516,75.724],[58.546,75.759],[58.77,75.835],[59.146,75.86],[59.417,75.934],[59.744,75.926],[60.043,75.986],[60.328,75.993],[60.343,76.01],[60.044,76.044],[60.296,76.109],[60.812,76.119],[60.469,76.014],[60.73,76.002],[60.819,76.058],[61.083,76.075],[61.155,76.131],[60.905,76.148],[60.995,76.247],[61.067,76.274],[61.681,76.31],[62.028,76.253],[62.306,76.257],[62.392,76.19],[62.503,76.177],[62.735,76.258],[62.842,76.258],[62.905,76.208],[62.98,76.21],[63.716,76.345],[64.11,76.311],[64.666,76.418],[64.799,76.474],[64.986,76.494],[65.162,76.468],[65.548,76.582],[65.974,76.528],[66.019,76.541],[65.769,76.685],[65.926,76.744],[66.152,76.758],[66.684,76.902],[67.545,77.011],[68.507,76.954],[68.929,76.78],[68.888,76.671],[68.79,76.585],[68.863,76.574],[68.859,76.542],[68.399,76.364],[68.213,76.327],[68.319,76.288],[68.292,76.28],[67.997,76.266],[67.036,76.084],[65.408,75.88],[65.135,75.808],[64.115,75.717],[63.811,75.655],[63.581,75.711],[63.557,75.707],[63.608,75.686],[63.537,75.636],[63.305,75.586],[63.022,75.585],[62.243,75.433],[62.018,75.441],[61.855,75.382],[61.699,75.367],[61.65,75.279],[61.482,75.219],[61.386,75.248],[61.381,75.33],[61.283,75.318],[61.297,75.291],[61.149,75.207],[60.811,75.137],[60.75,75.102],[60.805,75.081],[60.737,75.025],[60.588,75.036],[60.57,75.058],[60.602,75.1],[60.515,75.114],[60.443,75.063],[60.458,75.024],[60.425,75.011],[59.931,74.997],[60.104,74.967],[60.609,74.966],[60.678,74.931],[60.555,74.862],[60.204,74.846],[60.368,74.786],[60.318,74.76],[59.938,74.718],[59.511,74.795],[59.628,74.729],[59.868,74.681],[59.869,74.625],[59.764,74.589],[59.574,74.602],[59.17,74.72],[59.288,74.641],[59.122,74.541],[59.093,74.483],[59.147,74.439],[58.784,74.461],[58.717,74.5],[58.192,74.575],[58.182,74.557],[58.611,74.429],[58.625,74.363],[58.724,74.301],[58.726,74.239],[58.507,74.165],[58.28,74.218],[58.265,74.173],[58.385,74.131],[58.328,74.092],[58.251,74.133],[58.137,74.137],[58.139,74.076],[58.217,74.007],[58.135,73.985],[57.725,74.05],[57.534,74.182],[57.415,74.18],[57.519,74.12],[57.516,74.082],[57.258,74.076],[57.553,74.058],[57.91,73.916],[57.937,73.798],[57.724,73.715],[57.403,73.838],[56.569,73.88],[57.331,73.824],[57.613,73.662],[57.588,73.611],[57.35,73.55],[57.053,73.587],[56.727,73.671],[56.755,73.599],[57.249,73.488],[57.226,73.45],[56.909,73.31],[56.758,73.36],[56.744,73.245],[56.127,73.288],[56.042,73.324],[56.009,73.419],[55.908,73.44],[55.878,73.434],[55.983,73.367],[55.979,73.327],[55.927,73.304],[55.75,73.346],[55.392,73.339],[54.972,73.442],[54.535,73.401],[54.216,73.324],[54.037,73.383],[54.299,73.417],[54.333,73.459],[54.249,73.477],[54.247,73.508],[54.35,73.559],[54.752,73.659],[55.173,73.711]]],[[[142.492,46.664],[142.421,46.582],[142.295,46.341],[142.198,46.024],[142.085,45.894],[141.928,46.045],[141.9,46.27],[141.819,46.487],[141.815,46.592],[142.057,47.079],[142.03,47.232],[141.974,47.286],[141.963,47.6],[142.083,47.839],[142.188,47.954],[142.133,48.32],[141.913,48.614],[141.854,48.756],[141.965,48.864],[141.999,48.958],[142.068,49.336],[142.14,49.552],[142.161,49.787],[142.128,49.894],[142.174,50.094],[142.151,50.332],[142.043,50.542],[142.096,50.815],[142.13,50.892],[142.219,50.974],[142.268,51.104],[142.086,51.397],[142.074,51.473],[141.8,51.675],[141.819,51.785],[141.649,51.888],[141.643,52.085],[141.694,52.179],[141.64,52.316],[141.664,52.384],[141.769,52.456],[141.838,52.581],[141.859,52.851],[141.923,53.013],[141.833,53.156],[141.77,53.368],[142.218,53.518],[142.274,53.37],[142.352,53.356],[142.473,53.386],[142.556,53.466],[142.681,53.517],[142.608,53.57],[142.51,53.551],[142.503,53.663],[142.642,53.678],[142.711,53.629],[142.799,53.704],[142.77,53.838],[142.674,53.717],[142.611,53.693],[142.721,53.928],[142.395,54.238],[142.405,54.266],[142.477,54.274],[142.574,54.231],[142.639,54.263],[142.628,54.328],[142.713,54.424],[143.009,54.13],[142.998,54.059],[142.879,53.896],[142.881,53.808],[143.104,53.554],[143.132,53.476],[143.093,53.385],[143.177,53.398],[143.226,53.321],[143.329,52.915],[143.306,52.478],[143.201,52.352],[143.195,52.417],[143.291,52.586],[143.256,52.593],[143.153,52.382],[143.18,52.31],[143.125,51.96],[143.17,51.862],[143.233,51.871],[143.315,51.729],[143.261,51.678],[143.219,51.526],[143.31,51.513],[143.332,51.617],[143.365,51.637],[143.45,51.499],[143.458,51.362],[143.381,51.346],[143.47,51.268],[143.502,51.301],[143.523,51.267],[143.795,50.294],[144.002,50.015],[144.276,49.262],[144.393,49.052],[144.69,48.863],[144.691,48.713],[144.729,48.652],[144.681,48.649],[144.616,48.82],[144.447,48.988],[144.284,49.071],[144.147,49.201],[143.982,49.269],[143.706,49.303],[143.401,49.397],[143.29,49.398],[143.254,49.38],[143.316,49.315],[143.639,49.31],[143.266,49.271],[143.076,49.19],[142.986,49.095],[142.965,49.019],[142.991,48.914],[142.764,48.521],[142.535,48.005],[142.536,47.796],[142.631,47.577],[143.017,47.249],[143.112,46.892],[143.086,46.817],[143.174,46.707],[143.374,46.686],[143.378,46.787],[143.44,46.836],[143.491,46.809],[143.524,46.582],[143.601,46.382],[143.478,46.19],[143.474,46.102],[143.428,46.019],[143.425,46.21],[143.34,46.402],[143.385,46.533],[143.356,46.56],[142.783,46.598],[142.719,46.742],[142.492,46.664]]],[[[55.666,70.682],[55.407,70.748],[55.233,70.658],[55.288,70.609],[55.269,70.584],[55.164,70.553],[54.749,70.68],[54.688,70.758],[54.574,70.781],[54.5,70.784],[54.479,70.734],[54.743,70.654],[54.559,70.676],[54.283,70.771],[54.277,70.738],[54.213,70.726],[54.049,70.741],[53.831,70.809],[53.73,70.793],[53.53,70.834],[53.463,70.814],[53.394,70.859],[53.573,70.886],[53.676,70.865],[53.739,70.949],[53.508,71.061],[53.512,71.086],[53.938,71.14],[54.057,71.118],[53.955,71.128],[53.916,71.099],[54.119,71.094],[54.236,71.125],[54.127,71.121],[53.953,71.175],[53.81,71.153],[53.505,71.221],[53.466,71.261],[53.681,71.388],[53.893,71.418],[53.941,71.459],[53.881,71.467],[53.557,71.38],[53.524,71.3],[53.447,71.297],[53.364,71.327],[53.256,71.446],[53.435,71.542],[53.365,71.565],[53.182,71.494],[53.029,71.501],[52.919,71.406],[52.624,71.496],[52.553,71.594],[52.432,71.548],[52.379,71.491],[52.289,71.507],[52.216,71.563],[52.141,71.537],[52.202,71.488],[51.797,71.475],[51.552,71.594],[51.419,71.731],[51.395,71.85],[51.458,71.959],[51.573,72.07],[51.842,72.158],[52.33,72.062],[52.403,72.08],[52.414,72.226],[52.58,72.26],[52.746,72.337],[52.691,72.371],[52.67,72.435],[52.791,72.509],[52.874,72.514],[52.912,72.57],[53.082,72.594],[52.74,72.556],[52.754,72.636],[52.964,72.67],[53.214,72.649],[52.977,72.683],[52.545,72.674],[52.382,72.727],[52.597,72.854],[52.976,72.92],[53.374,72.879],[53.392,72.928],[53.144,72.961],[53.147,73.005],[53.381,73.008],[53.128,73.093],[53.155,73.154],[53.33,73.217],[53.561,73.23],[53.788,73.302],[54.227,73.274],[54.568,73.381],[54.913,73.422],[55.322,73.332],[55.762,73.324],[56.438,73.225],[56.586,73.132],[55.813,73.058],[56.45,73.049],[56.342,72.994],[55.622,72.963],[56.006,72.942],[56.252,72.969],[56.217,72.834],[56.163,72.792],[56.012,72.774],[55.839,72.801],[55.738,72.773],[55.485,72.809],[55.437,72.782],[55.837,72.743],[55.944,72.665],[55.802,72.669],[55.723,72.64],[55.67,72.562],[55.592,72.534],[55.453,72.576],[55.268,72.582],[55.45,72.563],[55.549,72.519],[55.542,72.477],[55.134,72.451],[55.462,72.429],[55.479,72.271],[55.573,72.192],[55.383,72.102],[55.345,72.065],[55.398,72.024],[55.323,71.95],[55.221,71.926],[55.505,71.891],[55.537,71.76],[55.675,71.605],[56.032,71.345],[56.077,71.275],[56.228,71.194],[56.954,70.896],[57.466,70.806],[57.633,70.728],[57.551,70.724],[57.449,70.606],[57.388,70.603],[56.745,70.699],[56.866,70.639],[57.097,70.626],[57.313,70.561],[56.597,70.641],[56.504,70.673],[56.514,70.72],[56.574,70.736],[56.546,70.749],[56.22,70.66],[56.332,70.644],[56.375,70.653],[56.354,70.677],[56.453,70.67],[56.639,70.575],[56.539,70.541],[56.51,70.551],[56.554,70.572],[56.54,70.589],[56.376,70.588],[56.059,70.662],[56.048,70.642],[56.179,70.606],[56.123,70.594],[55.854,70.672],[56.022,70.587],[55.873,70.581],[55.711,70.62],[55.778,70.632],[55.751,70.698],[55.603,70.723],[55.666,70.682]]],[[[142.713,75.231],[142.661,75.305],[142.5,75.361],[142.509,75.455],[142.732,75.547],[143.016,75.595],[143.042,75.664],[142.927,75.717],[142.448,75.711],[142.425,75.672],[142.23,75.655],[142.14,75.591],[142.114,75.501],[142.153,75.379],[142.213,75.333],[142.419,75.256],[142.635,75.094],[143.1,75.058],[143.392,75.002],[143.579,75.012],[143.693,74.937],[143.432,74.888],[142.689,74.893],[142.622,74.846],[142.645,74.831],[142.488,74.812],[142.073,74.89],[141.978,74.937],[142.068,74.963],[142.356,74.929],[142.17,75.004],[140.061,74.831],[139.979,74.895],[139.647,74.979],[139.463,74.929],[139.473,74.871],[139.562,74.849],[139.497,74.761],[139.343,74.685],[139.075,74.647],[138.743,74.723],[138.024,74.805],[137.874,74.853],[137.768,74.986],[137.14,75.133],[136.912,75.271],[136.863,75.351],[137.024,75.388],[137.172,75.332],[137.405,75.352],[137.426,75.38],[137.395,75.411],[137.133,75.417],[137.287,75.592],[137.165,75.648],[136.981,75.597],[137.069,75.564],[136.983,75.581],[136.972,75.606],[137.146,75.654],[137.148,75.695],[137.079,75.723],[137.204,75.784],[137.74,75.746],[137.721,75.779],[137.432,75.878],[137.415,75.938],[137.71,76.008],[138.003,76.019],[138.1,76.059],[138.113,76.077],[138.081,76.087],[138.218,76.132],[138.337,76.145],[138.389,76.071],[138.445,76.059],[138.462,76.126],[138.525,76.18],[138.871,76.219],[138.953,76.199],[138.981,76.148],[139.095,76.096],[139.838,75.964],[139.896,75.928],[139.834,75.926],[139.794,75.884],[139.935,75.836],[140.497,75.793],[140.54,75.753],[140.459,75.704],[140.431,75.651],[140.455,75.64],[140.911,75.609],[141.056,75.642],[140.872,75.74],[140.91,75.841],[140.879,75.901],[140.95,76.028],[141.19,76.058],[141.58,76.0],[141.612,76.017],[141.307,76.175],[141.356,76.181],[141.764,76.099],[142.56,75.858],[143.088,75.806],[143.584,75.867],[143.901,75.837],[144.476,75.71],[144.721,75.69],[144.825,75.638],[145.201,75.597],[145.37,75.522],[144.745,75.432],[144.689,75.401],[144.674,75.328],[144.936,75.266],[144.726,75.232],[144.689,75.159],[144.403,75.058],[144.019,75.026],[143.758,75.075],[143.364,75.067],[142.926,75.129],[142.834,75.218],[142.713,75.231]]],[[[123.378,73.163],[123.494,73.187],[123.536,73.159],[123.659,73.168],[123.666,73.203],[123.533,73.213],[123.223,73.401],[123.241,73.55],[123.372,73.618],[123.376,73.66],[123.544,73.696],[123.602,73.609],[123.966,73.62],[123.991,73.64],[123.909,73.669],[123.889,73.767],[123.967,73.764],[124.055,73.715],[123.999,73.692],[124.058,73.681],[124.357,73.804],[124.699,73.705],[124.837,73.7],[124.99,73.624],[125.059,73.654],[125.058,73.68],[125.136,73.684],[125.186,73.624],[125.173,73.561],[125.251,73.536],[125.585,73.541],[125.626,73.523],[125.621,73.494],[125.518,73.451],[125.566,73.403],[125.87,73.498],[126.316,73.544],[126.402,73.508],[126.317,73.448],[126.199,73.454],[126.157,73.377],[126.422,73.406],[126.529,73.358],[126.586,73.294],[126.563,73.23],[126.678,73.155],[126.709,73.083],[126.574,72.989],[126.294,72.9],[126.286,72.856],[126.381,72.791],[126.293,72.666],[126.246,72.525],[126.334,72.436],[126.347,72.382],[126.164,72.302],[125.723,72.366],[125.315,72.474],[125.194,72.55],[124.863,72.609],[124.718,72.676],[124.384,72.673],[124.167,72.752],[123.955,72.788],[123.67,72.798],[123.329,72.868],[122.922,72.895],[122.432,72.977],[122.467,73.013],[122.853,72.994],[122.892,72.956],[123.088,72.914],[123.218,72.925],[123.316,72.973],[123.311,73.024],[123.378,73.163]]],[[[147.171,75.363],[147.405,75.438],[148.389,75.416],[148.564,75.375],[148.447,75.282],[148.577,75.213],[148.888,75.219],[149.327,75.284],[150.106,75.225],[150.473,75.091],[150.635,75.115],[150.686,75.157],[150.953,75.139],[150.82,75.105],[150.644,74.992],[150.688,74.942],[150.603,74.884],[150.042,74.838],[149.695,74.761],[148.704,74.76],[148.233,74.792],[147.659,74.951],[147.119,74.998],[146.74,75.103],[146.074,75.224],[146.358,75.559],[146.489,75.592],[146.772,75.501],[146.679,75.479],[146.635,75.425],[146.972,75.338],[147.339,75.349],[147.171,75.363]]],[[[19.924,54.862],[19.942,54.928],[19.991,54.957],[20.423,54.948],[20.696,55.078],[20.944,55.286],[20.975,55.272],[20.842,55.149],[20.532,54.964],[20.561,54.939],[20.791,54.94],[20.984,54.893],[21.223,54.932],[21.245,54.955],[21.192,55.15],[21.263,55.203],[21.275,55.248],[21.377,55.278],[22.06,55.029],[22.249,55.064],[22.536,55.062],[22.607,55.039],[22.646,54.964],[22.721,54.962],[22.838,54.9],[22.865,54.837],[22.841,54.779],[22.72,54.693],[22.691,54.493],[22.764,54.36],[21.412,54.326],[19.804,54.44],[20.397,54.675],[20.01,54.72],[19.961,54.692],[19.948,54.638],[19.879,54.638],[19.959,54.764],[19.924,54.862]]],[[[126.606,73.254],[126.613,73.327],[126.698,73.44],[126.829,73.382],[126.923,73.492],[126.831,73.52],[126.856,73.527],[127.193,73.535],[127.464,73.48],[127.975,73.47],[128.083,73.358],[128.344,73.351],[128.258,73.268],[128.656,73.258],[128.892,73.211],[128.963,73.168],[128.781,73.073],[129.043,73.129],[129.117,73.099],[129.081,73.04],[128.989,72.997],[128.299,72.908],[128.213,72.864],[128.231,72.825],[128.175,72.808],[127.647,72.717],[127.391,72.721],[126.923,72.572],[126.59,72.536],[126.494,72.467],[126.575,72.424],[126.554,72.404],[126.429,72.427],[126.305,72.501],[126.343,72.692],[126.446,72.79],[126.341,72.867],[126.355,72.913],[126.658,72.993],[126.772,73.077],[126.765,73.171],[126.606,73.254]]],[[[143.214,73.616],[143.431,73.523],[143.525,73.44],[143.436,73.403],[143.508,73.277],[143.504,73.231],[143.186,73.203],[141.631,73.305],[140.789,73.449],[140.424,73.433],[139.882,73.346],[139.742,73.351],[139.719,73.431],[140.416,73.483],[140.645,73.567],[140.891,73.791],[141.077,73.868],[141.378,73.861],[142.004,73.92],[142.576,73.821],[143.214,73.616]]],[[[-177.63,71.283],[-177.504,71.277],[-177.444,71.228],[-177.489,71.174],[-177.625,71.115],[-177.931,71.039],[-178.819,70.98],[-179.273,70.908],[-179.495,70.914],[-179.999,71.001],[-180.0,71.53],[-179.629,71.577],[-179.305,71.551],[-179.043,71.598],[-178.568,71.564],[-178.06,71.462],[-177.834,71.346],[-177.63,71.283]]],[[[50.276,69.192],[50.328,69.125],[50.133,68.992],[50.123,69.043],[50.221,69.147],[50.129,69.138],[49.96,69.076],[49.877,69.011],[49.907,68.994],[49.719,68.89],[49.488,68.82],[48.785,68.723],[48.582,68.731],[48.222,68.889],[48.215,69.059],[48.265,69.128],[48.288,69.257],[48.447,69.372],[48.806,69.493],[49.079,69.517],[49.273,69.508],[50.106,69.281],[50.276,69.192]]],[[[59.016,69.855],[58.622,70.037],[58.571,70.079],[58.596,70.117],[58.549,70.134],[58.607,70.14],[58.582,70.178],[58.453,70.196],[58.469,70.209],[58.409,70.254],[58.492,70.27],[58.823,70.216],[58.576,70.339],[58.639,70.332],[58.811,70.434],[59.023,70.479],[59.075,70.438],[59.316,70.371],[59.628,70.202],[59.765,70.171],[59.812,70.128],[60.035,70.099],[60.327,69.962],[60.416,69.962],[60.546,69.813],[60.446,69.747],[60.476,69.723],[60.205,69.68],[60.01,69.718],[59.909,69.669],[59.564,69.715],[59.538,69.764],[59.622,69.787],[59.614,69.81],[59.431,69.884],[58.951,69.937],[59.132,69.873],[59.016,69.855]]],[[[127.55,72.433],[126.677,72.429],[126.65,72.478],[126.905,72.51],[127.239,72.603],[127.802,72.641],[128.708,72.464],[129.259,72.464],[129.261,72.412],[129.497,72.333],[129.325,72.293],[129.355,72.255],[129.559,72.222],[129.249,72.135],[129.485,72.129],[129.387,72.098],[128.823,72.072],[128.495,72.152],[128.543,72.17],[128.448,72.191],[128.444,72.222],[128.198,72.235],[127.55,72.433]]],[[[179.678,70.896],[179.272,70.889],[178.793,70.801],[178.621,71.03],[178.651,71.087],[178.867,71.214],[179.211,71.308],[179.53,71.438],[180.0,71.532],[179.995,70.997],[179.805,70.958],[179.678,70.896]]],[[[71.268,73.444],[71.082,73.347],[71.096,73.313],[71.0,73.289],[71.23,73.273],[71.458,73.349],[71.668,73.228],[71.708,73.131],[71.579,73.11],[71.357,73.172],[71.194,73.127],[70.73,73.107],[70.413,73.036],[70.217,73.042],[70.106,73.098],[70.002,73.06],[70.106,73.018],[69.871,73.046],[69.92,73.128],[70.063,73.234],[69.962,73.4],[70.468,73.499],[70.949,73.517],[71.229,73.465],[71.268,73.444]]],[[[113.428,74.393],[113.175,74.218],[112.971,74.193],[112.787,74.092],[112.16,74.135],[111.963,74.21],[111.576,74.258],[111.466,74.305],[111.485,74.346],[111.701,74.373],[111.878,74.345],[111.982,74.391],[111.974,74.488],[112.08,74.549],[113.213,74.487],[113.394,74.448],[113.428,74.393]]],[[[169.3,69.65],[169.213,69.578],[168.868,69.568],[168.142,69.702],[168.045,69.764],[167.776,69.808],[167.76,69.831],[167.984,69.954],[168.271,70.021],[169.361,69.88],[169.434,69.856],[169.451,69.816],[169.411,69.764],[169.282,69.763],[169.3,69.65]]],[[[147.193,44.749],[147.088,44.79],[147.103,44.835],[147.215,44.81],[147.259,44.876],[147.46,44.975],[147.506,45.096],[147.618,45.075],[147.753,45.195],[147.884,45.229],[147.851,45.357],[147.936,45.436],[147.967,45.428],[148.014,45.285],[148.07,45.261],[148.309,45.285],[148.627,45.511],[148.765,45.538],[148.86,45.486],[148.863,45.457],[148.807,45.426],[148.854,45.373],[148.821,45.325],[148.586,45.306],[148.441,45.239],[148.281,45.213],[147.916,44.954],[147.767,44.933],[147.699,44.997],[147.659,44.986],[147.631,44.951],[147.652,44.901],[147.296,44.653],[147.231,44.572],[147.061,44.529],[146.961,44.411],[146.871,44.426],[146.855,44.48],[146.937,44.55],[146.931,44.633],[146.999,44.577],[147.026,44.601],[146.993,44.671],[147.092,44.648],[147.187,44.719],[147.193,44.749]]],[[[164.703,59.025],[164.677,58.902],[164.645,58.881],[164.184,58.823],[163.579,58.58],[163.437,58.476],[163.386,58.559],[163.483,58.583],[163.692,58.745],[163.75,58.893],[163.842,58.994],[163.773,59.022],[164.031,59.051],[164.557,59.237],[164.703,59.025]]],[[[76.972,72.282],[76.87,72.308],[76.854,72.335],[77.229,72.46],[77.314,72.545],[77.61,72.635],[78.23,72.569],[78.395,72.491],[77.941,72.37],[77.782,72.297],[76.972,72.282]]],[[[156.169,50.598],[156.16,50.512],[155.891,50.245],[155.777,50.177],[155.507,50.129],[155.4,49.987],[155.355,49.996],[155.371,50.038],[155.209,50.061],[155.221,50.226],[155.178,50.258],[155.194,50.3],[155.439,50.38],[155.656,50.398],[155.767,50.484],[155.883,50.699],[156.071,50.791],[156.126,50.753],[156.132,50.647],[156.169,50.598]]],[[[140.45,73.902],[140.147,74.012],[140.117,74.087],[140.151,74.214],[140.494,74.279],[140.964,74.258],[141.081,74.215],[141.116,74.164],[141.083,74.065],[141.02,73.993],[140.45,73.902]]],[[[137.92,54.768],[137.713,54.621],[137.646,54.646],[137.487,54.872],[137.225,54.773],[137.251,54.849],[137.369,54.981],[137.451,55.015],[137.566,55.187],[137.635,55.197],[137.699,55.148],[138.203,55.041],[138.064,54.966],[137.92,54.768]]],[[[79.396,72.7],[78.909,72.741],[78.605,72.803],[78.593,72.862],[79.103,73.082],[79.201,73.098],[79.369,73.034],[79.547,72.92],[79.515,72.89],[79.579,72.747],[79.396,72.7]]],[[[146.581,44.454],[146.518,44.355],[146.45,44.369],[146.307,44.273],[146.142,44.256],[145.937,44.113],[145.892,44.02],[145.822,44.0],[145.784,43.924],[145.596,43.84],[145.561,43.644],[145.535,43.714],[145.435,43.719],[145.404,43.843],[145.722,44.051],[145.785,44.159],[145.963,44.294],[146.114,44.515],[146.186,44.52],[146.364,44.432],[146.581,44.454]]],[[[150.397,46.241],[150.578,46.237],[150.398,46.091],[150.252,46.028],[150.198,45.977],[150.205,45.923],[150.027,45.815],[149.932,45.804],[149.641,45.602],[149.584,45.614],[149.529,45.574],[149.43,45.594],[149.661,45.861],[149.806,45.889],[150.016,46.082],[150.177,46.115],[150.2,46.132],[150.174,46.166],[150.242,46.2],[150.397,46.241]]],[[[136.014,75.429],[135.846,75.383],[135.459,75.376],[135.468,75.46],[135.594,75.568],[135.543,75.674],[135.702,75.847],[135.89,75.686],[136.172,75.611],[135.962,75.508],[135.959,75.475],[136.014,75.429]]],[[[52.745,71.374],[52.798,71.307],[53.086,71.232],[53.156,71.243],[53.083,71.251],[53.124,71.267],[53.2,71.255],[53.216,71.167],[53.15,71.127],[53.148,71.094],[53.047,71.073],[53.042,71.022],[53.126,70.982],[53.016,70.968],[52.972,71.045],[52.807,71.106],[52.756,71.177],[52.559,71.249],[52.448,71.236],[52.256,71.273],[52.214,71.306],[52.229,71.334],[52.557,71.386],[52.721,71.349],[52.689,71.398],[52.776,71.395],[52.922,71.358],[53.005,71.288],[52.745,71.374]]],[[[166.248,55.327],[166.263,55.306],[166.223,55.247],[166.248,55.147],[166.389,55.002],[166.641,54.848],[166.664,54.678],[166.484,54.79],[166.377,54.819],[166.077,55.062],[166.083,55.105],[165.989,55.215],[165.84,55.264],[165.834,55.304],[165.95,55.362],[166.248,55.327]]],[[[96.569,76.151],[96.522,76.19],[96.54,76.234],[96.449,76.27],[96.362,76.262],[96.424,76.212],[96.314,76.199],[96.403,76.166],[96.356,76.1],[96.177,76.152],[95.838,76.154],[95.264,76.213],[95.319,76.281],[95.469,76.286],[95.568,76.254],[95.77,76.301],[96.068,76.279],[96.283,76.309],[96.646,76.251],[96.569,76.151]]],[[[96.589,77.144],[96.236,76.991],[95.686,76.948],[95.945,77.012],[95.232,77.006],[95.58,77.078],[96.021,77.106],[96.462,77.21],[96.528,77.205],[96.589,77.144]]],[[[129.286,72.703],[129.198,72.655],[128.479,72.725],[128.362,72.672],[127.339,72.658],[127.42,72.694],[127.686,72.7],[127.921,72.763],[128.301,72.788],[129.286,72.703]]],[[[70.079,66.638],[70.027,66.625],[70.099,66.566],[70.042,66.55],[70.095,66.536],[70.044,66.501],[69.87,66.478],[69.578,66.604],[69.575,66.638],[69.424,66.769],[69.257,66.746],[69.142,66.799],[69.461,66.796],[69.534,66.72],[69.644,66.687],[69.664,66.694],[69.551,66.756],[69.743,66.759],[70.062,66.7],[70.079,66.638]]],[[[161.517,68.981],[161.483,68.903],[161.422,68.898],[161.477,68.975],[161.422,69.021],[161.137,69.091],[161.128,69.235],[161.169,69.325],[161.081,69.395],[161.075,69.446],[161.27,69.53],[161.371,69.538],[161.388,69.461],[161.289,69.416],[161.359,69.358],[161.319,69.243],[161.386,69.102],[161.517,68.981]]],[[[81.793,75.465],[81.741,75.424],[81.773,75.397],[81.739,75.383],[81.878,75.391],[81.932,75.425],[81.869,75.444],[81.917,75.458],[81.897,75.492],[82.171,75.52],[82.13,75.457],[82.165,75.438],[82.018,75.441],[82.205,75.415],[82.294,75.334],[82.041,75.338],[82.045,75.259],[82.001,75.172],[81.91,75.201],[81.872,75.309],[81.816,75.32],[81.814,75.293],[81.691,75.276],[81.492,75.362],[81.753,75.463],[81.793,75.465]]],[[[74.708,72.902],[74.681,72.865],[74.201,72.966],[74.095,73.028],[74.212,73.115],[74.475,73.134],[74.785,73.1],[74.703,73.079],[74.639,72.96],[74.708,72.902]]],[[[137.39,71.436],[137.344,71.428],[137.011,71.515],[137.263,71.578],[137.733,71.594],[137.886,71.571],[137.959,71.509],[137.694,71.419],[137.483,71.484],[137.267,71.49],[137.39,71.436]]],[[[135.733,74.041],[135.66,74.11],[135.439,74.161],[135.384,74.254],[136.033,74.089],[136.259,73.988],[136.268,73.931],[136.147,73.877],[136.081,73.898],[136.042,73.938],[135.733,74.041]]],[[[83.305,70.645],[83.278,70.598],[83.264,70.513],[83.308,70.481],[83.308,70.443],[83.194,70.379],[83.065,70.365],[83.093,70.393],[83.07,70.411],[83.126,70.665],[83.214,70.807],[83.287,70.853],[83.465,70.739],[83.443,70.691],[83.305,70.645]]],[[[112.448,76.451],[112.305,76.533],[112.081,76.553],[111.959,76.601],[111.971,76.626],[112.291,76.618],[112.349,76.657],[112.507,76.628],[112.566,76.55],[112.701,76.515],[112.6,76.447],[112.448,76.451]]],[[[87.015,74.988],[87.136,74.939],[86.954,74.874],[86.806,74.912],[86.69,74.899],[86.832,74.827],[86.335,74.846],[86.216,74.896],[86.457,74.89],[86.587,74.91],[86.51,74.927],[86.496,74.977],[86.525,74.98],[86.68,74.952],[87.015,74.988]]],[[[128.147,72.629],[128.685,72.672],[128.9,72.639],[128.957,72.6],[128.771,72.544],[128.34,72.561],[128.147,72.629]]],[[[154.845,49.354],[154.822,49.303],[154.678,49.259],[154.598,49.286],[154.594,49.361],[154.75,49.56],[154.745,49.603],[154.834,49.66],[154.913,49.637],[154.885,49.539],[154.812,49.473],[154.845,49.354]]],[[[156.173,50.767],[156.435,50.886],[156.492,50.863],[156.521,50.766],[156.385,50.62],[156.27,50.624],[156.174,50.68],[156.173,50.767]]],[[[128.42,72.869],[128.767,72.891],[129.119,72.853],[129.285,72.802],[129.055,72.784],[128.325,72.83],[128.42,72.869]]],[[[151.715,46.791],[151.698,46.855],[151.867,46.88],[152.221,47.186],[152.211,47.142],[152.277,47.172],[152.304,47.147],[152.026,46.895],[151.806,46.757],[151.715,46.791]]],[[[120.206,73.042],[119.799,73.039],[119.652,73.124],[119.945,73.166],[120.27,73.096],[120.206,73.042]]],[[[89.144,77.238],[89.215,77.282],[89.379,77.311],[89.673,77.278],[89.669,77.246],[89.598,77.206],[89.39,77.169],[89.157,77.198],[89.144,77.238]]],[[[137.174,55.112],[137.065,55.001],[137.087,54.954],[137.066,54.93],[136.943,54.923],[136.896,54.96],[136.749,54.931],[136.736,54.886],[136.679,54.907],[136.688,54.941],[136.806,55.016],[137.04,55.104],[137.088,55.085],[137.12,55.119],[137.174,55.112]]],[[[85.238,74.575],[85.54,74.574],[85.648,74.526],[85.484,74.459],[85.334,74.454],[85.218,74.475],[85.146,74.536],[85.238,74.575]]],[[[85.939,74.582],[86.209,74.523],[86.135,74.486],[85.971,74.509],[85.855,74.44],[85.659,74.471],[85.786,74.558],[85.939,74.582]]],[[[107.664,77.331],[107.69,77.264],[107.227,77.234],[107.329,77.333],[107.414,77.357],[107.664,77.331]]],[[[146.845,43.888],[146.952,43.848],[146.919,43.794],[146.671,43.7],[146.595,43.729],[146.595,43.795],[146.845,43.888]]],[[[161.403,69.592],[161.53,69.635],[161.632,69.573],[161.61,69.448],[161.391,69.42],[161.433,69.514],[161.403,69.592]]],[[[35.743,64.968],[35.723,65.026],[35.641,65.036],[35.542,65.104],[35.526,65.142],[35.814,65.155],[35.862,65.072],[35.797,65.114],[35.781,65.073],[35.858,65.045],[35.864,65.012],[35.743,64.968]]],[[[167.501,54.785],[167.45,54.82],[167.445,54.865],[167.734,54.757],[168.103,54.509],[167.501,54.785]]],[[[82.318,74.117],[82.399,74.153],[82.567,74.163],[82.74,74.101],[82.617,74.051],[82.358,74.074],[82.318,74.117]]],[[[67.024,69.475],[67.19,69.571],[67.316,69.583],[67.345,69.547],[67.317,69.488],[67.23,69.434],[67.058,69.451],[67.024,69.475]]],[[[-172.205,64.809],[-172.168,64.777],[-172.618,64.705],[-172.524,64.788],[-172.4,64.837],[-172.205,64.809]]],[[[155.682,50.874],[155.678,50.807],[155.488,50.819],[155.437,50.883],[155.468,50.93],[155.637,50.921],[155.682,50.874]]],[[[97.446,76.714],[97.596,76.602],[97.52,76.581],[97.318,76.603],[97.351,76.678],[97.295,76.692],[97.446,76.714]]],[[[106.877,77.419],[106.624,77.373],[106.504,77.39],[106.567,77.436],[106.783,77.47],[106.898,77.447],[106.877,77.419]]],[[[154.061,48.729],[153.969,48.731],[153.969,48.77],[154.072,48.824],[154.142,48.924],[154.215,48.927],[154.24,48.901],[154.205,48.843],[154.071,48.768],[154.061,48.729]]],[[[88.943,77.129],[88.841,77.112],[88.762,77.008],[88.632,77.062],[88.641,77.105],[88.876,77.149],[88.943,77.129]]],[[[71.146,73.349],[71.249,73.417],[71.351,73.389],[71.334,73.328],[71.213,73.285],[71.138,73.293],[71.146,73.349]]],[[[91.985,77.587],[91.821,77.615],[91.835,77.666],[92.079,77.628],[92.083,77.605],[91.985,77.587]]],[[[116.122,74.317],[115.971,74.289],[115.894,74.304],[115.906,74.345],[116.045,74.373],[116.122,74.317]]],[[[152.785,76.12],[152.663,76.105],[152.555,76.139],[152.778,76.19],[152.802,76.158],[152.785,76.12]]],[[[153.018,47.809],[153.071,47.797],[153.078,47.74],[153.032,47.688],[152.96,47.688],[152.96,47.753],[153.018,47.809]]],[[[154.436,49.172],[154.567,49.167],[154.611,49.108],[154.485,49.079],[154.436,49.172]]],[[[137.835,54.492],[137.915,54.505],[137.922,54.465],[137.848,54.438],[137.823,54.388],[137.719,54.367],[137.835,54.492]]],[[[146.216,43.476],[146.152,43.453],[146.074,43.526],[146.157,43.556],[146.24,43.531],[146.216,43.476]]],[[[161.75,69.555],[161.669,69.632],[161.837,69.648],[161.857,69.603],[161.75,69.555]]],[[[152.526,47.289],[152.427,47.31],[152.406,47.373],[152.507,47.393],[152.55,47.322],[152.526,47.289]]],[[[42.673,66.689],[42.495,66.729],[42.449,66.749],[42.456,66.774],[42.629,66.756],[42.673,66.689]]],[[[153.302,48.037],[153.195,48.044],[153.15,48.088],[153.158,48.128],[153.265,48.112],[153.302,48.037]]],[[[154.453,49.721],[154.411,49.723],[154.373,49.795],[154.448,49.827],[154.501,49.782],[154.453,49.721]]],[[[137.614,54.563],[137.645,54.507],[137.609,54.441],[137.637,54.402],[137.574,54.433],[137.552,54.511],[137.614,54.563]]],[[[150.7,59.14],[150.74,59.112],[150.631,59.034],[150.482,59.012],[150.663,59.095],[150.7,59.14]]],[[[161.49,70.83],[161.661,70.806],[161.686,70.755],[161.464,70.805],[161.49,70.83]]],[[[153.897,48.975],[153.93,48.991],[154.024,48.942],[153.916,48.922],[153.897,48.975]]],[[[54.222,68.245],[54.213,68.289],[54.343,68.294],[54.317,68.259],[54.222,68.245]]],[[[83.113,70.148],[83.03,70.197],[82.995,70.238],[83.106,70.206],[83.113,70.148]]],[[[145.858,43.464],[145.943,43.464],[145.956,43.42],[145.892,43.408],[145.858,43.464]]],[[[146.047,43.393],[146.02,43.423],[146.09,43.458],[146.114,43.441],[146.047,43.393]]],[[[150.805,46.437],[150.776,46.469],[150.812,46.496],[150.856,46.439],[150.805,46.437]]]]}}]}