{"type": "FeatureCollection", "features": [{"type": "Feature", "properties": {"group": "yakutia_arctic", "label": "Арктическая Якутия: Верхоянский и Среднеколымский округа", "units": ["Абыйский улус", "Аллаиховский улус", "Анабарский национальный улус", "Булунский улус", "Верхнеколымский улус", "Верхоянский улус", "Жиганский национальный эвенкийский улус", "Момский улус", "Нижнеколымский улус", "Оленёкский улус", "Среднеколымский улус", "Усть-Янский улус", "Эвено-Бытантайский национальный улус"], "source": "OpenStreetMap, admin_level=6 (Overpass, 28.08.2026)", "license": "ODbL"}, "geometry": {"type": "MultiPolygon", "coordinates": [[[[140.1818132, 65.8833358], [140.1236951, 65.8596307], [139.9863553, 65.8366941], [139.9213171, 65.8530876], [139.8275041, 65.8501908], [139.6969127, 65.8929958], [139.6848106, 65.8979033], [139.6797465, 65.9195552], [139.561901, 65.9505296], [139.5268821, 65.9720321], [139.2582536, 66.0237214], [139.2452931, 66.0160819], [139.2322898, 66.0234685], [139.201026, 66.0180094], [139.1792571, 66.0239655], [139.1704166, 66.0117903], [139.1576815, 66.0187551], [139.0145159, 66.0145468], [138.8685179, 65.9693671], [138.8161826, 65.9656794], [138.7888026, 65.9731854], [138.6830377, 65.945501], [138.5848689, 65.9611345], [138.5156679, 65.9617027], [138.468976, 65.9435767], [138.3792615, 65.9346796], [138.3408522, 65.9369719], [138.3048463, 65.9493228], [138.2253885, 65.9407338], [138.1998109, 65.948046], [138.2072353, 65.9515439], [138.1986951, 65.9573494], [138.2025146, 65.9611782], [138.1725597, 65.9774835], [138.1593418, 65.9769594], [138.143978, 65.996729], [138.1098174, 66.0017213], [138.0895614, 65.9997315], [138.0761718, 65.988348], [138.0796908, 65.9824447], [138.0165195, 65.9673136], [137.8951549, 65.9787065], [137.8443431, 65.9691312], [137.7900981, 65.9725214], [137.7517747, 65.9840691], [137.7213907, 65.9822526], [137.7199745, 65.9728359], [137.7096748, 65.9715603], [137.6716089, 65.9881559], [137.6785183, 65.996083], [137.647748, 65.9909324], [137.6235866, 65.9970781], [137.6326847, 66.0051944], [137.6334571, 66.0231459], [137.581272, 66.0263197], [137.5697707, 66.0458419], [137.5217914, 66.0593244], [137.4781036, 66.0466782], [137.335453, 66.0516259], [137.3168706, 66.0543781], [137.3033094, 66.0714073], [137.2911644, 66.0736178], [137.2936534, 66.093069], [137.2784185, 66.1018675], [137.2074312, 66.1039211], [137.1101958, 66.1253879], [137.05881, 66.1131287], [137.0247781, 66.1151032], [137.0308399, 66.1200028], [137.025969, 66.1231472], [137.008996, 66.1151813], [137.0067, 66.1283232], [136.9518971, 66.1577872], [136.8804431, 66.1608748], [136.8941545, 66.167968], [136.8706369, 66.1733429], [136.8592, 66.2030316], [136.8413043, 66.2012307], [136.8468404, 66.1914617], [136.8401885, 66.1886637], [136.8328285, 66.1894261], [136.8286443, 66.202313], [136.7617392, 66.2002695], [136.7077303, 66.2085895], [136.5259945, 66.1860214], [136.4356899, 66.2006852], [136.4120864, 66.1932374], [136.4071512, 66.1838466], [136.3571119, 66.186134], [136.3526487, 66.1792193], [136.3595151, 66.1708463], [136.3523912, 66.1615513], [136.327672, 66.1645691], [136.3080167, 66.1560698], [136.2721395, 66.16169], [136.2472915, 66.1472206], [136.2303829, 66.1213319], [136.1581991, 66.1100896], [136.1491011, 66.1034844], [136.1571692, 66.0974339], [136.1023234, 66.0921124], [136.0976886, 66.0772899], [136.0560607, 66.0481766], [136.0493659, 66.0261453], [136.0124587, 66.010726], [135.9230231, 66.0039204], [135.8625983, 66.0086322], [135.8326434, 65.9979509], [135.8418273, 65.9763305], [135.7426929, 65.9612656], [135.7416629, 65.9390892], [135.7248401, 65.9348896], [135.7319212, 65.927241], [135.7183169, 65.9195902], [135.7328224, 65.9121297], [135.7392597, 65.8934691], [135.6754446, 65.8927855], [135.6561756, 65.9075578], [135.6129169, 65.9158252], [135.5445098, 65.9106584], [135.5324506, 65.9033355], [135.4881191, 65.9096775], [135.3961086, 65.8884556], [135.4046487, 65.8797935], [135.4345178, 65.8785132], [135.4219436, 65.8651631], [135.4337024, 65.8523327], [135.3769254, 65.8216261], [135.3734493, 65.8072615], [135.3135395, 65.8071384], [135.3019094, 65.797534], [135.2172374, 65.8006655], [135.2075386, 65.7862892], [135.13278, 65.7815188], [135.078535, 65.7640491], [135.0036048, 65.7586579], [134.9600886, 65.7685233], [134.91683, 65.7615122], [134.8633575, 65.7697915], [134.8436164, 65.7522433], [134.857006, 65.7289684], [134.8267078, 65.7067318], [134.828596, 65.6964895], [134.7594165, 65.6937339], [134.7269725, 65.6660211], [134.7462844, 65.6559749], [134.7382163, 65.6495348], [134.6815681, 65.651375], [134.6934127, 65.6370039], [134.6894645, 65.6290008], [134.7015666, 65.62305], [134.6989917, 65.6053666], [134.7101497, 65.5967332], [134.6630286, 65.5710996], [134.6677493, 65.5578561], [134.6053504, 65.5527415], [134.6011447, 65.547164], [134.6134185, 65.5387067], [134.5710181, 65.5164843], [134.5085334, 65.5056685], [134.5040702, 65.4956315], [134.5240687, 65.4824208], [134.5005511, 65.4686332], [134.4947147, 65.45384], [134.4561767, 65.4332582], [134.488964, 65.4032305], [134.4633006, 65.3932255], [134.4756602, 65.3826089], [134.4667338, 65.374134], [134.436264, 65.369341], [134.4178104, 65.3785327], [134.391117, 65.3788903], [134.3667411, 65.4015513], [134.3215942, 65.4181237], [134.292755, 65.394655], [134.2216872, 65.3696272], [134.2118167, 65.3572833], [134.1450404, 65.3388819], [134.1455554, 65.3273118], [134.0811824, 65.3128689], [133.9965533, 65.3097858], [133.9883994, 65.2982029], [133.960247, 65.2955485], [133.9783572, 65.2657939], [133.958187, 65.2626694], [133.9381026, 65.23881], [133.9430808, 65.2313315], [133.903427, 65.221297], [133.899908, 65.2105749], [133.8811111, 65.2033764], [133.8482379, 65.2168719], [133.7606906, 65.2246063], [133.6814689, 65.2251098], [133.6326312, 65.2164402], [133.5142707, 65.2631722], [133.4880065, 65.2835645], [133.21043, 65.2800473], [133.2172964, 65.2620229], [133.1855391, 65.2498081], [133.1903456, 65.2360777], [133.1091928, 65.2082355], [133.0735302, 65.1847142], [133.0179763, 65.1797606], [133.0174398, 65.1714455], [132.9969263, 65.1589004], [132.9951667, 65.1420741], [132.9652118, 65.1279087], [132.9693317, 65.1170766], [132.9548263, 65.1082451], [132.972207, 65.1019402], [132.9603195, 65.0769591], [132.985897, 65.0767421], [132.9875707, 65.0665223], [132.9459428, 65.0532216], [132.9433679, 65.0450932], [132.955513, 65.0411276], [132.9290342, 65.028539], [132.9453849, 65.020548], [132.9213953, 65.0178475], [132.9398489, 65.0136604], [132.9399347, 65.0050303], [132.9288625, 64.9994084], [132.9547834, 64.9931684], [132.9385185, 64.9913361], [132.939763, 64.981138], [132.9153871, 64.9752931], [132.9308795, 64.9702278], [132.9226398, 64.9606029], [132.9086494, 64.967831], [132.8984355, 64.9632183], [132.8998088, 64.9561524], [132.9136705, 64.9557528], [132.9005384, 64.9496298], [132.9228115, 64.9478308], [132.9104089, 64.9446505], [132.915945, 64.9377252], [132.9028987, 64.9376888], [132.9027271, 64.9279067], [132.916975, 64.9269065], [132.9134559, 64.9186122], [132.928605, 64.9189032], [132.9329395, 64.915483], [132.9251289, 64.9116983], [132.9702758, 64.8886331], [132.9670572, 64.8811832], [132.9886436, 64.8683733], [132.9854679, 64.8622851], [133.0076551, 64.8422061], [132.9999303, 64.8377908], [133.0040993, 64.8282338], [132.9414796, 64.8009434], [132.9767561, 64.78283], [132.9700183, 64.7760091], [132.98285, 64.7670462], [132.9787731, 64.7534131], [132.9989862, 64.7451567], [132.9922914, 64.7331613], [132.9545259, 64.7185214], [132.9697179, 64.7115377], [132.9449129, 64.7021682], [132.9252576, 64.7065508], [132.8993797, 64.6919699], [132.8735876, 64.6936944], [132.8523016, 64.6714517], [132.8359508, 64.6716353], [132.8744459, 64.644799], [132.8750467, 64.6303503], [132.8656482, 64.6240244], [132.7520084, 64.6067123], [132.7411297, 64.5930882], [132.7030849, 64.6005833], [132.6900386, 64.6157101], [132.6202582, 64.6167771], [132.6296996, 64.627445], [132.6638602, 64.6385499], [132.648239, 64.6481435], [132.629528, 64.6441374], [132.6109027, 64.6506424], [132.5493621, 64.628107], [132.5163173, 64.6301665], [132.4590682, 64.6124352], [132.4093722, 64.6146062], [132.3654269, 64.6280702], [132.3574447, 64.6410865], [132.3076629, 64.664162], [132.2816562, 64.6662188], [132.277193, 64.6793636], [132.3004961, 64.6835847], [132.2974491, 64.6935476], [132.3092508, 64.7043504], [132.3369956, 64.7102177], [132.3608994, 64.7284898], [132.3595476, 64.745468], [132.3470163, 64.7513264], [132.3613715, 64.7558291], [132.352767, 64.7596632], [132.3595476, 64.7735035], [132.3531103, 64.7784871], [132.3611355, 64.7910017], [132.355771, 64.7942003], [132.3645258, 64.7990431], [132.3399138, 64.8242938], [132.3217392, 64.8297153], [132.3206448, 64.8387578], [132.2967839, 64.8414672], [132.296462, 64.8481165], [132.2859478, 64.8479067], [132.2853684, 64.8576542], [132.2745323, 64.8575084], [132.2689104, 64.8709249], [132.2763347, 64.8794525], [132.2690391, 64.8815294], [132.2809267, 64.8931858], [132.2748756, 64.8979198], [132.2915268, 64.9080041], [132.2869777, 64.917466], [132.272129, 64.9204859], [132.26861, 64.9319436], [132.2164678, 64.9413971], [132.1714067, 64.9675768], [132.1627378, 64.9823358], [132.1700763, 64.9988461], [132.1571588, 65.0030356], [132.1315813, 65.0324158], [132.1363878, 65.0439887], [132.1305942, 65.0496374], [132.1417951, 65.0530225], [132.0948028, 65.1039999], [132.1014547, 65.1072696], [132.0853185, 65.1157403], [132.074933, 65.1485498], [132.0075988, 65.1821655], [131.9995737, 65.2201997], [131.8694114, 65.2743397], [131.8481683, 65.2951359], [131.8492412, 65.3041563], [131.7723369, 65.283744], [131.6850471, 65.3058417], [131.6882228, 65.3128331], [131.6508006, 65.3375926], [131.6508864, 65.3513419], [131.6640185, 65.3556728], [131.6162109, 65.3720238], [131.6113185, 65.3957986], [131.5398215, 65.4035877], [131.5448855, 65.4105888], [131.5388774, 65.4171596], [131.5200805, 65.4193376], [131.5389632, 65.4303319], [131.5404653, 65.4413573], [131.484332, 65.4571023], [131.5373754, 65.4784313], [131.5345859, 65.4905936], [131.5922641, 65.5194899], [131.6231632, 65.549047], [131.6611862, 65.5644432], [131.6591262, 65.5889482], [131.6482257, 65.6062883], [131.6619587, 65.6073517], [131.6722154, 65.6219164], [131.6636753, 65.6295675], [131.6753053, 65.644686], [131.6738462, 65.660574], [131.7015695, 65.6635276], [131.7145729, 65.6916141], [131.7314386, 65.6958712], [131.7281341, 65.7003043], [131.6736585, 65.7089077], [131.5749478, 65.6955621], [131.5065139, 65.6996354], [131.4518178, 65.6902415], [131.4125776, 65.6973196], [131.4031362, 65.709327], [131.3865709, 65.7125575], [131.3938236, 65.7221582], [131.3762712, 65.7527192], [131.3896179, 65.7619879], [131.3524961, 65.8029171], [131.2662363, 65.7931352], [131.2498426, 65.804764], [131.2492418, 65.8224874], [131.2028932, 65.8294468], [131.1869287, 65.8541058], [131.1668014, 65.8590559], [131.1590766, 65.876391], [131.1370611, 65.8843704], [131.1384773, 65.895625], [131.1217403, 65.9059285], [131.1529827, 65.9312493], [131.1469745, 65.9427807], [130.8493566, 65.9762256], [130.8256673, 65.9939705], [130.7955408, 65.9964845], [130.6815147, 66.0545175], [130.545988, 66.0845631], [130.4386137, 66.2081308], [130.4000759, 66.2110564], [130.3692627, 66.2251953], [130.2664375, 66.2225135], [130.2465677, 66.2321494], [130.1620674, 66.218049], [130.1112127, 66.2196757], [130.1239585, 66.2429226], [130.1007843, 66.2504249], [130.1106548, 66.26734], [130.0920724, 66.2828455], [130.1025867, 66.2898182], [130.1012992, 66.3106902], [130.1165771, 66.3109661], [130.0713336, 66.3663602], [130.0717413, 66.3749264], [130.0560987, 66.3825183], [130.0790584, 66.398928], [130.058341, 66.4180999], [130.0792086, 66.440242], [130.1322841, 66.4672099], [130.1021361, 66.5026969], [130.0513458, 66.5199299], [130.0250387, 66.545189], [129.999355, 66.54926], [129.9986457, 66.5420117], [129.950323, 66.5138762], [129.9306678, 66.513671], [129.9268912, 66.5038176], [129.8974943, 66.4976402], [129.7533416, 66.4938406], [129.6687126, 66.5082145], [129.659357, 66.5233665], [129.6049403, 66.5268368], [129.5870875, 66.5546845], [129.5436572, 66.55687], [129.5039176, 66.572163], [129.4802283, 66.5995509], [129.3966292, 66.5975055], [129.3826388, 66.5894246], [129.4079589, 66.5779637], [129.3978309, 66.566873], [129.457569, 66.5235888], [129.4451236, 66.5143551], [129.3823814, 66.5019013], [129.3647861, 66.507342], [129.3689059, 66.5172281], [129.3374061, 66.5267343], [129.335947, 66.5347672], [129.3050479, 66.5307681], [129.1635989, 66.551201], [129.1114139, 66.5441983], [129.0936469, 66.5528062], [129.0730476, 66.5422167], [129.0315055, 66.5523622], [128.9777755, 66.5467263], [128.9007854, 66.5728796], [128.8747787, 66.5642446], [128.7674903, 66.5663268], [128.7602805, 66.5576553], [128.7254333, 66.5582699], [128.7052631, 66.5639032], [128.6995982, 66.5789872], [128.6649226, 66.5854344], [128.6609744, 66.5894928], [128.6729049, 66.5946076], [128.663206, 66.6017665], [128.6200331, 66.6081737], [128.6169433, 66.6247973], [128.6478423, 66.6388233], [128.6097335, 66.6380065], [128.5731267, 66.6476876], [128.5573768, 66.6424817], [128.5381507, 66.6531135], [128.5406827, 66.6589633], [128.5232591, 66.6621767], [128.4692716, 66.6507664], [128.3909082, 66.6044761], [128.3923673, 66.5882992], [128.4200477, 66.5874125], [128.4301328, 66.5773666], [128.4223651, 66.5676068], [128.4489297, 66.559243], [128.4378147, 66.5472729], [128.409276, 66.5478023], [128.382368, 66.5330924], [128.3845567, 66.5213148], [128.4018945, 66.5163218], [128.388462, 66.5043651], [128.3397102, 66.5095659], [128.3278654, 66.494919], [128.2537936, 66.4737889], [128.1971883, 66.4827808], [128.1548308, 66.4785507], [128.0995559, 66.4896467], [128.0693435, 66.4800579], [128.0470275, 66.4844418], [128.0415343, 66.4892016], [128.0485725, 66.4959116], [128.0313205, 66.503407], [128.0405902, 66.5106264], [128.0306338, 66.5202377], [128.0364703, 66.5245461], [128.0317496, 66.5395174], [127.9759597, 66.5358608], [127.9536437, 66.5522597], [127.8798293, 66.5507911], [127.8606891, 66.5674873], [127.8137396, 66.5600113], [127.7925395, 66.5728796], [127.7760171, 66.571344], [127.7766608, 66.5815458], [127.7685927, 66.5856731], [127.7769183, 66.5921867], [127.7372645, 66.6018347], [127.728939, 66.6144088], [127.6754236, 66.6268574], [127.5379657, 66.6166912], [127.5012302, 66.6232818], [127.4729918, 66.6392317], [127.4731634, 66.657535], [127.4166011, 66.6684492], [127.3735141, 66.654338], [127.30515, 66.6606635], [127.3172521, 66.6474281], [127.3047638, 66.6390615], [127.3083901, 66.6321942], [127.3003113, 66.62461], [127.3476577, 66.5954429], [127.2966098, 66.5658319], [127.1866178, 66.5413625], [127.1739578, 66.5288025], [127.1852874, 66.5070683], [127.1805238, 66.4890646], [127.1494531, 66.486017], [127.1182107, 66.4646396], [127.0864963, 66.4569954], [127.0646095, 66.4334827], [127.0643091, 66.4237693], [127.0126819, 66.4096215], [127.0036697, 66.4006891], [127.0186901, 66.3885051], [126.9853019, 66.3628116], [126.9893359, 66.3540002], [126.9785213, 66.3466666], [126.9725131, 66.3339222], [126.9790363, 66.3261863], [126.9693374, 66.3230155], [126.9668054, 66.3071208], [126.989336, 66.2956158], [126.9910526, 66.2856245], [126.965003, 66.2720548], [126.9898939, 66.2637816], [126.9730944, 66.229648], [126.9849586, 66.2270983], [126.9960737, 66.1979142], [126.9823837, 66.1906908], [126.9811391, 66.1818364], [127.0016527, 66.1640488], [126.9800663, 66.1561739], [126.9841861, 66.1498062], [126.9770193, 66.1413888], [127.0081329, 66.1366669], [127.0157718, 66.1282971], [127.0435381, 66.1435759], [127.1350336, 66.1435759], [127.1526289, 66.1327949], [127.1316433, 66.1231906], [127.147994, 66.1116711], [127.1391964, 66.102563], [127.1462345, 66.0771507], [127.2600889, 66.0505807], [127.2926616, 66.0687788], [127.2892284, 66.0818837], [127.3728275, 66.106005], [127.4076747, 66.0888946], [127.4127817, 66.0734089], [127.4575423, 66.0617623], [127.4467277, 66.0489431], [127.4702024, 66.0407536], [127.5210142, 66.0454411], [127.544403, 66.0354028], [127.5918674, 66.0378605], [127.5865459, 66.0328578], [127.5979185, 66.0300161], [127.5896787, 66.0196403], [127.6049995, 65.9990681], [127.5738429, 65.9842613], [127.5701522, 65.9728709], [127.5852584, 65.964587], [127.5828551, 65.9592027], [127.4662971, 65.9693759], [127.446556, 65.9615803], [127.3579787, 65.9573145], [127.3754024, 65.9397191], [127.3934268, 65.9346796], [127.3718833, 65.9116393], [127.3868178, 65.9077505], [127.3818397, 65.8871407], [127.3656177, 65.8796357], [127.3850584, 65.8587048], [127.3493957, 65.8528067], [127.349739, 65.842394], [127.3344612, 65.8282167], [127.3469495, 65.801633], [127.3057937, 65.7792301], [127.2526216, 65.7828743], [127.2260141, 65.7985544], [127.1866607, 65.8013692], [127.1727132, 65.8085101], [127.1801805, 65.8159304], [127.1577358, 65.8348056], [127.1219873, 65.8323108], [127.092719, 65.8192355], [127.1105289, 65.8039549], [127.1069669, 65.7975164], [127.0495891, 65.7857788], [127.0322942, 65.7691574], [127.0641803, 65.7366937], [127.0333671, 65.7220524], [127.0422935, 65.6964895], [127.0376586, 65.6889994], [127.0503615, 65.6814365], [127.0477866, 65.6706184], [127.011609, 65.6610692], [127.0186472, 65.6517643], [127.0050859, 65.6353929], [127.0173168, 65.6173281], [126.8503761, 65.591573], [126.8155288, 65.5806287], [126.8211507, 65.565029], [126.7741155, 65.5713481], [126.7419719, 65.5935592], [126.6996145, 65.5775059], [126.6103077, 65.5946054], [126.5997076, 65.5800609], [126.6251134, 65.5709754], [126.583786, 65.554553], [126.5563631, 65.5192231], [126.5288543, 65.5223707], [126.5151643, 65.501647], [126.5196275, 65.488564], [126.5079546, 65.4817262], [126.5172243, 65.4647485], [126.4685154, 65.4739959], [126.4251279, 65.4563536], [126.3549614, 65.4502385], [126.304965, 65.4802658], [126.2194776, 65.4635011], [126.1598253, 65.4760623], [126.0395336, 65.4595087], [125.9843444, 65.4479204], [125.9515142, 65.4281548], [125.9032774, 65.419891], [125.7978344, 65.3839317], [125.77672, 65.3643326], [125.7852172, 65.3324169], [125.6201648, 65.3514671], [125.4567861, 65.3410664], [125.4299211, 65.3570149], [125.2902317, 65.3661393], [125.2787303, 65.3527557], [125.2607917, 65.3483169], [125.2742672, 65.3324527], [125.2257299, 65.3238541], [125.192728, 65.3038694], [125.1328181, 65.3060927], [125.1250075, 65.2772116], [125.0726508, 65.2656503], [125.0604629, 65.2393851], [125.0393485, 65.2282028], [125.0156592, 65.1923949], [125.0146293, 65.1553846], [124.9944591, 65.1301649], [124.9972056, 65.1041625], [124.9348067, 65.0988505], [124.9208163, 65.090248], [124.9784087, 65.0619628], [124.9827861, 65.0460347], [124.9978065, 65.0321622], [124.9475955, 65.0258937], [124.903736, 65.0348069], [124.848461, 65.0326695], [124.8130988, 65.0170501], [124.8167895, 64.9845136], [124.7720717, 64.9808839], [124.7749899, 64.9708634], [124.7691534, 64.9696287], [124.7098445, 64.9808476], [124.7084712, 64.9726789], [124.6822929, 64.9643988], [124.6555995, 64.9706818], [124.6036474, 64.9655032], [124.5872354, 64.9553713], [124.5962476, 64.9516104], [124.5882225, 64.944705], [124.5978355, 64.936289], [124.5515728, 64.9278339], [124.5422172, 64.9194308], [124.5264244, 64.9230507], [124.530158, 64.9361254], [124.5079355, 64.9239839], [124.4781844, 64.9384126], [124.4625663, 64.9249241], [124.4345855, 64.928816], [124.4371145, 64.9178628], [124.4270723, 64.9125137], [124.4149732, 64.9140092], [124.4145441, 64.9233417], [124.3960905, 64.9230507], [124.3917131, 64.9071305], [124.3721866, 64.9007234], [124.3393564, 64.9046734], [124.3335168, 64.8956588], [124.3179386, 64.8931641], [124.3266105, 64.9024892], [124.3042945, 64.909551], [124.3195295, 64.9003411], [124.2853689, 64.8897076], [124.2564439, 64.8940417], [124.2644691, 64.8832235], [124.2144459, 64.8599105], [124.2094624, 64.8202818], [124.1896033, 64.8064244], [124.1943884, 64.7990614], [124.186095, 64.7942094], [124.1849899, 64.7778745], [124.1704416, 64.7664424], [123.9923858, 64.7518572], [123.9663362, 64.7345534], [123.9219617, 64.7264195], [123.8931655, 64.7281967], [123.8514518, 64.7447539], [123.7907266, 64.7352677], [123.6298799, 64.7701195], [123.3832454, 64.7492212], [123.3339357, 64.7721134], [123.2205962, 64.7965396], [123.1591415, 64.8398161], [123.0891466, 64.8557944], [123.0684185, 64.8777582], [123.0007839, 64.8840432], [122.9709577, 64.8572713], [122.9179143, 64.8325534], [122.8737974, 64.8278079], [122.8057766, 64.8602797], [122.7468967, 64.8703781], [122.725439, 64.8972462], [122.6569032, 64.9309617], [122.6423549, 64.9573877], [122.5974655, 64.979686], [122.497301, 64.986292], [122.4617671, 64.9705365], [122.407093, 64.9855298], [122.3111343, 64.9799401], [122.2968864, 64.9927149], [122.2095965, 65.0015304], [122.1524334, 65.0299521], [122.0508527, 65.0590313], [121.9553232, 65.0593027], [121.9460535, 65.0804311], [121.8314695, 65.0967001], [121.7619037, 65.1333051], [121.7026805, 65.1463854], [121.6833686, 65.174725], [121.5906715, 65.1859299], [121.5871954, 65.2011624], [121.5668106, 65.2158645], [121.5178442, 65.2307741], [121.4323568, 65.2230775], [121.3897419, 65.2387201], [121.3814592, 65.248766], [121.3267421, 65.2462324], [121.2196254, 65.2670867], [121.226406, 65.2857895], [121.2219428, 65.3139802], [121.2500804, 65.3335421], [121.2068888, 65.3516582], [121.1750793, 65.3462225], [121.140916, 65.3550449], [121.1405753, 65.3764944], [121.1262716, 65.3782496], [121.1212635, 65.3892954], [121.1479568, 65.3955127], [121.1343955, 65.4015513], [121.1248837, 65.4180135], [121.0896551, 65.4304627], [121.1197185, 65.4502028], [121.0951411, 65.4702399], [121.0669326, 65.475902], [121.0660743, 65.4862315], [121.0817813, 65.497269], [121.04393, 65.5264068], [121.0366344, 65.5422605], [120.9817027, 65.543753], [120.9728622, 65.5515692], [120.9320926, 65.5557251], [120.9129764, 65.5658397], [120.9217071, 65.5806464], [120.9098624, 65.5920341], [120.7918238, 65.5847976], [120.7586288, 65.6134086], [120.7005214, 65.6207472], [120.7218932, 65.6427038], [120.6992339, 65.6543474], [120.5756377, 65.6510565], [120.5539226, 65.6566825], [120.5499744, 65.6691332], [120.4855155, 65.676629], [120.4765891, 65.6846881], [120.4819965, 65.6939106], [120.4765033, 65.7046483], [120.4904079, 65.7188407], [120.4870605, 65.740679], [120.4967593, 65.7596094], [120.4897212, 65.7682415], [120.4924678, 65.7810259], [120.4592513, 65.7980267], [120.4526424, 65.8107963], [120.5028533, 65.8521572], [120.5407905, 65.8669003], [120.5263709, 65.8800566], [120.5380439, 65.9154224], [120.6139182, 65.9528381], [120.5546092, 65.9697254], [120.5590724, 65.9816412], [120.5118655, 66.020774], [120.5323791, 66.0337817], [120.4921245, 66.073496], [120.4995059, 66.0877292], [120.4886054, 66.0981642], [120.5102347, 66.1160328], [120.4830264, 66.1412152], [120.4977893, 66.1565902], [120.4943561, 66.1681414], [120.5094623, 66.1815591], [120.5329799, 66.1873816], [120.5382156, 66.2006159], [120.5716037, 66.2125624], [120.576496, 66.2251607], [120.5446529, 66.229451], [120.5352973, 66.2410035], [120.5144405, 66.2373031], [120.5066299, 66.2464666], [120.5094623, 66.2625379], [120.4940127, 66.2762508], [120.491352, 66.2901289], [120.5105781, 66.3008946], [120.5043983, 66.3325785], [120.3469848, 66.3551707], [120.3462981, 66.3644289], [120.3728198, 66.3802874], [120.3709315, 66.3922864], [120.3842353, 66.4093982], [120.3344535, 66.4270132], [120.3622626, 66.4400191], [120.3395175, 66.4567554], [120.3595161, 66.464194], [120.3591727, 66.4721101], [120.2988338, 66.4866677], [120.2624415, 66.4754334], [120.2240752, 66.4899548], [120.2124881, 66.5035781], [120.1786708, 66.518049], [120.1917171, 66.5343229], [120.2129172, 66.5429342], [120.2005576, 66.5559821], [120.1551532, 66.5612062], [120.1482009, 66.5735621], [120.1138686, 66.5802495], [120.1296615, 66.5997895], [120.0604819, 66.6026527], [120.0586795, 66.6143066], [120.0785922, 66.6303814], [120.0591086, 66.6369514], [120.0665759, 66.6571609], [120.0557613, 66.6716104], [119.9998855, 66.669775], [119.9849509, 66.7085967], [119.9287318, 66.7083931], [119.9047851, 66.7336982], [119.868822, 66.7437316], [119.863243, 66.7582321], [119.8023891, 66.7724195], [119.799385, 66.7932624], [119.6852302, 66.824595], [119.6597385, 66.8457987], [119.5975112, 66.8391154], [119.5359706, 66.8638142], [119.117546, 66.9159639], [119.1035556, 66.920473], [119.0794372, 66.9458964], [119.0285647, 66.9585796], [119.0391934, 66.9194761], [119.0340757, 66.9104443], [119.0463173, 66.901106], [119.0553617, 66.8761499], [119.0484524, 66.8648385], [119.0543747, 66.8360643], [119.1148209, 66.77712], [119.1098212, 66.7615173], [119.1553973, 66.7403424], [119.1445827, 66.7228127], [119.1442393, 66.7030981], [119.2215728, 66.6786791], [119.2553901, 66.6563447], [119.2680072, 66.6373938], [119.1882491, 66.5984685], [119.147619, 66.5909506], [119.1376519, 66.5776054], [119.0744054, 66.5417084], [119.0302241, 66.5339341], [118.9928663, 66.5165441], [118.9617741, 66.5188697], [118.9307248, 66.5061444], [118.919599, 66.5111267], [118.9080012, 66.498436], [118.8717699, 66.5021451], [118.8739157, 66.4966176], [118.8482737, 66.482708], [118.8489604, 66.4763198], [118.8230288, 66.4677797], [118.8282752, 66.4489031], [118.8442504, 66.4458892], [118.8473454, 66.436951], [118.8244066, 66.4401157], [118.8225183, 66.4506115], [118.7179765, 66.4913866], [118.5985002, 66.498849], [118.5159311, 66.4604173], [118.4737024, 66.4522575], [118.4416508, 66.4625488], [118.3923349, 66.4386748], [118.3516511, 66.4416252], [118.4012613, 66.4538348], [118.3624658, 66.4665183], [118.3125123, 66.4567149], [118.3075341, 66.4480051], [118.3284768, 66.4395668], [118.3109674, 66.4355181], [118.2960328, 66.4185615], [118.2342347, 66.4321552], [118.2235917, 66.419935], [118.2474527, 66.4246041], [118.270627, 66.4134792], [118.2419595, 66.4015934], [118.1992158, 66.4068843], [118.1767282, 66.401937], [118.1973275, 66.3937581], [118.1952676, 66.3863329], [118.1254014, 66.3836511], [118.1367007, 66.3657406], [118.1033984, 66.3530059], [118.1124043, 66.3468172], [118.0953991, 66.34293], [118.0997121, 66.3333451], [118.0871808, 66.3327981], [118.0956459, 66.3269445], [118.0877387, 66.317319], [118.1192386, 66.3065861], [118.1198716, 66.2971728], [118.1483781, 66.2953743], [118.140707, 66.2899261], [118.1486571, 66.2769932], [118.1442904, 66.2676681], [118.1605124, 66.2700817], [118.15503, 66.2636564], [118.1727648, 66.2617388], [118.1646216, 66.2562531], [118.1755221, 66.246324], [118.1871307, 66.2472531], [118.1934929, 66.2347869], [118.2293701, 66.2245552], [118.2529092, 66.2087194], [118.315587, 66.1986416], [118.3733081, 66.172164], [118.3927058, 66.1323608], [118.3873843, 66.1089077], [118.3522796, 66.0988945], [118.3335685, 66.1016763], [118.2369231, 66.0707458], [118.1814765, 66.0362918], [118.1292056, 66.0165529], [118.137102, 66.0047232], [118.1316947, 65.9996616], [118.030157, 65.9804883], [118.023119, 65.9682923], [118.0404782, 65.9673573], [118.0466795, 65.9583285], [118.0142784, 65.9402614], [118.0425381, 65.9261382], [118.0356288, 65.9190298], [118.0584168, 65.9018987], [118.0265522, 65.8880436], [118.040092, 65.8746019], [118.0283975, 65.8678389], [118.0246639, 65.8490275], [118.0103516, 65.843417], [118.0146217, 65.8282343], [118.0467331, 65.8177236], [118.0341697, 65.8030271], [118.0579448, 65.8015055], [118.0694098, 65.7950761], [118.0661869, 65.790705], [117.9999486, 65.7864008], [117.9937456, 65.7992136], [117.9722452, 65.8060191], [117.9403972, 65.7881061], [117.9255553, 65.7947528], [117.9177433, 65.8137293], [117.8976653, 65.8162038], [117.8811318, 65.8126641], [117.8886423, 65.8091287], [117.8747031, 65.8028236], [117.8263737, 65.7990741], [117.8210467, 65.7852779], [117.8266624, 65.7822793], [117.8059459, 65.7732411], [117.8036338, 65.7449369], [117.6797103, 65.7088504], [117.6756763, 65.7037301], [117.6902675, 65.6779016], [117.6719855, 65.6529674], [117.5868415, 65.6301696], [117.5822066, 65.6129872], [117.5520801, 65.5886644], [117.4845743, 65.5710464], [117.4052668, 65.5293445], [117.3837286, 65.5288912], [117.3588002, 65.5138075], [117.3607206, 65.5035689], [117.3397779, 65.4866767], [117.4043226, 65.4849316], [117.371035, 65.468294], [117.4133282, 65.4597455], [117.3783831, 65.4422904], [117.3853384, 65.436042], [117.4115894, 65.4376975], [117.4164694, 65.4303052], [117.3529174, 65.4324041], [117.3629578, 65.4177078], [117.3864042, 65.4118736], [117.3701376, 65.4029564], [117.3778782, 65.3945033], [117.3647528, 65.3784537], [117.3362021, 65.3669068], [117.3024909, 65.3720731], [117.3014252, 65.356805], [117.2881078, 65.3498563], [117.3143824, 65.3419258], [117.3109608, 65.3305267], [117.2820174, 65.3261718], [117.2777545, 65.31582], [117.216334, 65.3084871], [117.2347321, 65.3002614], [117.2250843, 65.291658], [117.2558226, 65.2926193], [117.2540277, 65.2853736], [117.2263744, 65.2801433], [117.2111736, 65.2903215], [117.1966458, 65.2796273], [117.1673659, 65.2803075], [117.1617567, 65.2756862], [117.1685438, 65.2656667], [117.1501457, 65.2594231], [117.130121, 65.2588362], [117.1098175, 65.272859], [117.0941711, 65.2731863], [117.0804023, 65.2656751], [117.0732059, 65.250401], [117.0556255, 65.2471434], [117.0345989, 65.2528016], [117.049721, 65.2707712], [117.0452282, 65.2767593], [117.0263053, 65.2848634], [117.0076131, 65.2809625], [117.0134496, 65.2704621], [117.0055103, 65.2585566], [117.0495511, 65.2413465], [117.0500087, 65.2347159], [117.010971, 65.2242931], [116.9713497, 65.2419733], [116.9682169, 65.2356462], [117.0008754, 65.2098371], [116.9489049, 65.1997944], [116.9936129, 65.1935637], [117.0061735, 65.1841381], [117.0009658, 65.1782034], [116.9594017, 65.179133], [116.9382671, 65.1627965], [116.8771294, 65.156965], [116.8727374, 65.1610673], [116.8807115, 65.1702708], [116.8573529, 65.1776879], [116.836338, 65.1564664], [116.8553512, 65.1312473], [116.7871141, 65.1186475], [116.7823934, 65.1110447], [116.7934227, 65.0969531], [116.7899894, 65.0905552], [116.7599546, 65.0869157], [116.751194, 65.0951098], [116.7482328, 65.1167696], [116.7275905, 65.1198392], [116.6818999, 65.0910231], [116.7101728, 65.0707131], [116.706047, 65.065473], [116.6943799, 65.0759221], [116.6672574, 65.0763562], [116.6116392, 65.0439282], [116.5373098, 65.0131286], [116.496111, 65.0047159], [116.4272748, 65.0161014], [116.4131986, 65.0292213], [116.4425527, 65.0448698], [116.5462362, 65.052763], [116.5675222, 65.0730283], [116.5604841, 65.0924108], [116.5211736, 65.0964591], [116.4677869, 65.0794666], [116.3380109, 65.1048428], [116.2241994, 65.0778029], [116.1363088, 65.0749817], [116.108843, 65.0852525], [116.1029236, 65.096615], [116.1073654, 65.1091329], [116.128767, 65.1228622], [116.2309291, 65.1289192], [116.264041, 65.1402257], [116.2608106, 65.1555702], [116.2329482, 65.1616273], [116.1735891, 65.1547626], [116.1142301, 65.1325534], [116.075465, 65.1054986], [116.0547353, 65.1054696], [115.9480538, 65.1329669], [115.934822, 65.1573631], [115.8765193, 65.1633588], [115.861273, 65.1781457], [115.8441791, 65.1799524], [115.8188856, 65.1636923], [115.9021317, 65.1411783], [115.8996302, 65.1322838], [115.8707233, 65.1133832], [115.8572427, 65.0889236], [115.7871992, 65.1117155], [115.7241044, 65.0821138], [115.6458614, 65.0982349], [115.5394639, 65.1034959], [115.5421782, 65.0919598], [115.5793274, 65.0674142], [115.5849923, 65.0525754], [115.5755509, 65.0476514], [115.5398453, 65.0477239], [115.4021729, 65.0758071], [115.3523911, 65.0696574], [115.2735985, 65.0773262], [115.2756585, 65.0696574], [115.3345383, 65.0553266], [115.3475846, 65.0467824], [115.3468979, 65.0365692], [115.2399529, 65.0316423], [115.2263917, 65.0243227], [115.3135956, 64.9942261], [115.409726, 64.9802177], [115.4174508, 64.9679454], [115.4126442, 64.9533419], [115.3843201, 64.9455647], [115.2608956, 64.9576293], [115.2035607, 64.9305853], [115.1328362, 64.9525425], [115.0830544, 64.9287669], [115.0104416, 64.9396757], [114.9474419, 64.9300034], [114.9422921, 64.9268755], [114.9476136, 64.9131231], [114.9378289, 64.9051157], [114.8071946, 64.8762695], [114.8104561, 64.8666473], [114.8487366, 64.8440359], [114.8430718, 64.8351321], [114.7605027, 64.8341101], [114.7436799, 64.8263713], [114.7184456, 64.7933467], [114.6714104, 64.8009489], [114.6290101, 64.7940778], [114.6185387, 64.784938], [114.6168221, 64.7756488], [114.6317566, 64.7679664], [114.6789635, 64.7817932], [114.7102059, 64.7816469], [114.8461617, 64.7562556], [114.8494233, 64.7467368], [114.8391236, 64.7399984], [114.8046196, 64.7364821], [114.7853936, 64.7427819], [114.7696007, 64.7631363], [114.7347535, 64.7621116], [114.760331, 64.7059879], [114.8120011, 64.6935164], [114.8011864, 64.6808924], [114.7558678, 64.680819], [114.7095192, 64.7105349], [114.6779336, 64.7107549], [114.6669472, 64.6985791], [114.6705521, 64.6600352], [114.642743, 64.6404119], [114.6058358, 64.6329116], [114.587468, 64.6422499], [114.5862664, 64.6700252], [114.610299, 64.6998996], [114.5812882, 64.7064279], [114.5474709, 64.680819], [114.4422425, 64.6760467], [114.4118584, 64.6497476], [114.3996705, 64.6195971], [114.3637932, 64.6013435], [114.2512035, 64.5913964], [114.2015504, 64.5658999], [114.1311264, 64.5660842], [114.0933179, 64.5897207], [114.0994119, 64.6022215], [114.1351604, 64.6228657], [114.1376924, 64.6326119], [114.1148436, 64.6436006], [114.0714097, 64.642713], [114.0531599, 64.6572469], [114.0565932, 64.6739761], [114.0756583, 64.6830617], [114.0607989, 64.7177241], [114.0740597, 64.7270516], [114.0657663, 64.7512806], [114.0340341, 64.7668793], [114.038322, 64.7773807], [114.0161133, 64.7892469], [114.0111136, 64.8003039], [113.9786696, 64.8120595], [113.970108, 64.8258912], [113.926506, 64.8380006], [113.8484, 64.8206881], [113.7655734, 64.8196656], [113.7275504, 64.8373346], [113.6519336, 64.824376], [113.572111, 64.8514907], [113.5390662, 64.8336119], [113.4921168, 64.8446325], [113.4098052, 64.8345609], [113.3959865, 64.8533873], [113.4196757, 64.8818937], [113.3979606, 64.8897623], [113.3846568, 64.9061477], [113.3904933, 64.9197219], [113.3773612, 64.924524], [113.3730697, 64.9421605], [113.3825969, 64.9562978], [113.3168506, 64.977653], [113.2582282, 64.9572788], [113.2351398, 64.9651979], [113.2315349, 64.9819728], [113.2129954, 64.9880702], [113.1112861, 64.9841506], [113.1087112, 65.0035978], [113.092575, 65.0253139], [113.0368709, 65.0425944], [113.0481147, 65.0535655], [113.0424499, 65.0647493], [113.0595302, 65.0804492], [113.0558395, 65.0858733], [112.9280376, 65.0886934], [112.8997993, 65.1075948], [112.8331088, 65.0960315], [112.8297614, 65.0779538], [112.800579, 65.0786048], [112.73921, 65.0578007], [112.66016, 65.048678], [112.6595592, 65.056932], [112.6061725, 65.0699233], [112.6017951, 65.0891634], [112.5932979, 65.0945857], [112.5595664, 65.1021751], [112.5817107, 65.1147471], [112.5642871, 65.1370585], [112.5726985, 65.1473775], [112.5634288, 65.1633171], [112.5873756, 65.1891536], [112.5635146, 65.2040243], [112.5716685, 65.219894], [112.5345039, 65.2307202], [112.5437736, 65.2407152], [112.5357055, 65.2652193], [112.5642871, 65.2923198], [112.6302051, 65.3004266], [112.6671123, 65.2868302], [112.6985263, 65.2877631], [112.71389, 65.273873], [112.7647876, 65.262813], [112.7862453, 65.2690258], [112.7897643, 65.2877631], [112.8113937, 65.3048018], [112.8029822, 65.3344408], [112.8247832, 65.3612197], [112.7538013, 65.3649766], [112.7616977, 65.3719522], [112.756462, 65.3820368], [112.7845286, 65.3914027], [112.7859019, 65.4221223], [112.7760314, 65.4324018], [112.7845286, 65.4467434], [112.8076171, 65.4479204], [112.8102779, 65.454874], [112.7821254, 65.4751894], [112.6149272, 65.4785025], [112.5413703, 65.4671008], [112.5301265, 65.4763651], [112.5327872, 65.491466], [112.5006007, 65.4996183], [112.3304843, 65.4949907], [112.3273086, 65.5125357], [112.339239, 65.5266912], [112.3121165, 65.5378182], [112.3534011, 65.5626501], [112.4132251, 65.552031], [112.4967383, 65.5670527], [112.476654, 65.5867843], [112.5018024, 65.604374], [112.5372504, 65.6154678], [112.6137256, 65.5992331], [112.6401614, 65.6076353], [112.6067733, 65.6379953], [112.6125239, 65.658593], [112.6364707, 65.6706184], [112.6787852, 65.6713963], [112.6858234, 65.6823201], [112.6702022, 65.695571], [112.7325152, 65.7251225], [112.7687358, 65.7570368], [112.8139686, 65.7736308], [112.8762817, 65.7790541], [112.8825473, 65.7933464], [112.8757667, 65.8007711], [112.8901004, 65.8208175], [112.8855514, 65.8303429], [112.9291534, 65.8554575], [112.9331016, 65.8664441], [112.9713821, 65.8698128], [112.9985046, 65.8871407], [113.0445098, 65.8948187], [113.0613326, 65.9062089], [113.0552386, 65.9203957], [113.1536006, 65.9264533], [113.2123946, 65.9160529], [113.2993411, 65.9194851], [113.3500671, 65.9020389], [113.3796786, 65.9018987], [113.399763, 65.8885432], [113.4511756, 65.8994104], [113.4940051, 65.9226368], [113.4855079, 65.9467167], [113.4940051, 65.9532927], [113.4665393, 65.9841215], [113.4586429, 66.0362221], [113.3753013, 66.0551445], [113.2780551, 66.1064743], [113.3111858, 66.1317009], [113.2905864, 66.1423261], [113.2798575, 66.1583944], [113.2970237, 66.1737936], [113.2962512, 66.1877628], [113.3283519, 66.2067111], [113.3069372, 66.2224789], [113.2696437, 66.2267004], [113.2704591, 66.248852], [113.2283591, 66.2885757], [113.244152, 66.3072415], [113.2037257, 66.3225846], [113.209648, 66.3304078], [113.194456, 66.3476996], [113.1918811, 66.3871987], [113.1497382, 66.3967201], [113.1291389, 66.4252626], [113.1278514, 66.435696], [113.1366061, 66.4427292], [113.0581569, 66.4417344], [113.0270003, 66.4589152], [113.0118083, 66.4884483], [112.9446029, 66.4926938], [112.9207419, 66.5155864], [112.8921603, 66.528888], [112.8961085, 66.5556065], [112.8897571, 66.5635618], [112.7603244, 66.5739716], [112.7047061, 66.605277], [112.707281, 66.6192119], [112.6508044, 66.6224815], [112.5540732, 66.6132846], [112.5054072, 66.6326624], [112.4170875, 66.6251719], [112.3228454, 66.6003008], [112.2083472, 66.613489], [112.1644019, 66.6382447], [112.1558189, 66.6567528], [112.1168517, 66.6664096], [112.0339393, 66.6643017], [111.9663905, 66.6513107], [111.8962669, 66.6587592], [111.7772197, 66.6445404], [111.7397117, 66.6625677], [111.5747451, 66.6446084], [111.5402412, 66.6270447], [111.4827346, 66.616555], [111.4608478, 66.5911297], [111.3599109, 66.5717535], [111.2354564, 66.6037093], [111.1019897, 66.5641422], [111.0214805, 66.5705591], [110.9580516, 66.5616842], [110.8819198, 66.5660196], [110.8279323, 66.5474778], [110.7688808, 66.5530111], [110.6020474, 66.5066919], [110.5846667, 66.4889961], [110.5183409, 66.465942], [110.3952597, 66.4649823], [110.3259085, 66.4533954], [110.3174971, 66.4341176], [110.3523443, 66.413932], [110.3736304, 66.3715855], [110.2930354, 66.3565476], [110.2328681, 66.3578212], [110.1399993, 66.3436016], [110.1030063, 66.3229983], [110.0582885, 66.3215506], [110.0400924, 66.2956158], [110.0436973, 66.2908536], [109.9570083, 66.2672018], [109.9237918, 66.2761472], [109.8080062, 66.2655782], [109.8044871, 66.254348], [109.7316169, 66.223569], [109.6918773, 66.2149857], [109.6706771, 66.1986416], [109.5876788, 66.2031442], [109.5118903, 66.193965], [109.5008182, 66.1645691], [109.4518088, 66.15142], [109.3500136, 66.1530163], [109.3349074, 66.1650547], [109.3612575, 66.2347091], [109.3451213, 66.246432], [109.2835807, 66.2583569], [109.3050384, 66.2804288], [109.2807483, 66.3127937], [109.301176, 66.324308], [109.3400573, 66.3217574], [109.3927573, 66.3422584], [109.3889808, 66.3467354], [109.3997954, 66.3526232], [109.3746471, 66.3684203], [109.3980788, 66.3880926], [109.3689822, 66.4074059], [109.3803119, 66.4234088], [109.3585967, 66.4398475], [109.2785596, 66.4464166], [109.2361163, 66.4683751], [109.2301082, 66.4817704], [109.2620372, 66.5049811], [109.2483901, 66.530734], [109.2590331, 66.5436517], [109.2370605, 66.5510985], [109.204874, 66.5815799], [109.2142295, 66.6020392], [109.2095088, 66.6142044], [109.1042804, 66.6026527], [109.0519237, 66.6045613], [109.0214538, 66.5895269], [108.9960479, 66.5960055], [108.9678954, 66.623367], [108.8667869, 66.6433154], [108.8691043, 66.6742274], [108.9055823, 66.6840812], [108.8985442, 66.6977681], [108.9125346, 66.714637], [108.9433478, 66.720981], [108.9988803, 66.7530834], [108.9721869, 66.7712009], [108.9373396, 66.7816927], [108.8989734, 66.8180749], [108.8779449, 66.8281415], [108.7829303, 66.8061451], [108.8048171, 66.7848394], [108.774948, 66.761585], [108.717184, 66.7703207], [108.4556579, 66.716503], [108.2349872, 66.7209471], [108.2615089, 66.7080198], [108.2618522, 66.6909766], [108.3445071, 66.681839], [108.3864783, 66.6676674], [108.3828734, 66.6443022], [108.2306098, 66.5860483], [108.209753, 66.5608307], [108.0967998, 66.5315201], [108.1058978, 66.5228023], [108.0997181, 66.5026028], [108.0730676, 66.4863081], [108.0971431, 66.4795098], [108.1017779, 66.4428321], [108.0424689, 66.4182244], [107.9840182, 66.4200786], [107.9926871, 66.4569268], [107.9630756, 66.4694031], [107.9275416, 66.4565497], [107.8855704, 66.4560697], [107.8423118, 66.488688], [107.76309, 66.4778656], [107.6033591, 66.4964593], [107.5514316, 66.4822842], [107.5465392, 66.4720758], [107.4998473, 66.4522981], [107.4156474, 66.4747139], [107.3789977, 66.4619661], [107.3087024, 66.4554183], [107.2406386, 66.4606293], [107.2089671, 66.4723156], [107.1956634, 66.4889961], [107.1409034, 66.4907765], [107.1382426, 66.4995056], [107.1209907, 66.5067261], [107.1388435, 66.5148681], [107.1362685, 66.5233494], [107.0694064, 66.5417042], [107.0517253, 66.5372962], [107.0432281, 66.5245461], [106.9886397, 66.5111054], [106.9964503, 66.4977258], [106.9875239, 66.4900918], [106.9071006, 66.4847157], [106.9052123, 66.4743713], [106.9199752, 66.4654964], [106.9004058, 66.4546983], [106.9039249, 66.4435868], [106.8937968, 66.4364852], [106.829338, 66.4476341], [106.7736339, 66.4383037], [106.7621326, 66.4287294], [106.6090964, 66.4555897], [106.5848922, 66.4818732], [106.54644, 66.4830034], [106.5233516, 66.5032359], [106.3920306, 66.493755], [106.3433218, 66.5397053], [106.2500667, 66.5677604], [106.2476205, 66.581921], [106.2284589, 66.5904562], [106.2492008, 66.6042401], [106.2154366, 66.6464043], [106.2212575, 66.6643412], [106.2558124, 66.6755931], [106.2563452, 66.683126], [106.1659426, 66.7098155], [106.1453457, 66.7312124], [106.150083, 66.7458954], [106.1321959, 66.7520188], [106.1458605, 66.7648573], [106.1858327, 66.7710897], [106.2122709, 66.7981879], [106.1221258, 66.7979642], [106.0844567, 66.7797715], [106.0502923, 66.7895569], [106.018171, 66.7875718], [105.9846038, 66.8019083], [106.0931204, 66.8595885], [106.102101, 66.8747774], [106.0796337, 66.8958211], [106.0411244, 66.8996988], [106.0170217, 66.8869188], [105.9754326, 66.9011785], [105.8539938, 66.9111369], [105.8441039, 66.9311282], [105.8565177, 66.9442945], [105.7428837, 66.9257604], [105.6979588, 66.9256086], [105.5519695, 66.9773333], [105.5425793, 66.9844268], [105.5539987, 66.9998742], [105.507311, 67.0161699], [105.6282822, 67.0271896], [105.6687694, 67.0138515], [105.7672141, 67.0308522], [105.8715355, 67.0298401], [105.9474505, 67.0406213], [106.063795, 67.1157258], [106.0610043, 67.142448], [106.0702395, 67.1683184], [106.2195282, 67.1718185], [106.2482094, 67.1797866], [106.2797235, 67.2004265], [106.3411133, 67.2011701], [106.375161, 67.2160143], [106.437456, 67.2670391], [106.5042938, 67.2759812], [106.5442807, 67.2915659], [106.5584383, 67.2872748], [106.5590822, 67.273559], [106.5895321, 67.2629336], [106.6631566, 67.2517414], [106.7102037, 67.2578345], [106.7175377, 67.2617326], [106.7112242, 67.27646], [106.7322855, 67.2939209], [106.8220388, 67.3340928], [106.8368047, 67.4943597], [106.8744891, 67.6675407], [106.870384, 67.8357942], [106.8865001, 67.9185248], [106.886853, 67.9951559], [106.9007792, 68.045418], [106.9206816, 68.2541645], [106.9065935, 68.8577842], [106.6040042, 69.0848439], [106.1428602, 69.4094049], [106.1783371, 69.4416797], [106.2674875, 69.4534531], [106.3419099, 69.4767464], [106.3536243, 69.4908951], [106.3486028, 69.5079025], [106.3607863, 69.5184281], [106.4343122, 69.5521188], [106.4550109, 69.5744939], [106.4790285, 69.5803445], [106.5975578, 69.5679697], [106.6157272, 69.5589618], [106.630677, 69.5279684], [106.681711, 69.5259417], [106.7444725, 69.5348201], [106.8521307, 69.522793], [106.951758, 69.5447331], [107.0696026, 69.556196], [107.176091, 69.5865957], [107.3413794, 69.6131308], [107.4113405, 69.6160401], [107.6064811, 69.6604991], [107.8442673, 69.6863738], [107.9529306, 69.6690242], [107.9730579, 69.6871508], [108.0194199, 69.6984402], [108.0127731, 69.7046109], [108.0307719, 69.7252031], [108.0056918, 69.7487316], [108.0556414, 69.7669925], [108.0226114, 69.7879291], [108.0697676, 69.7933497], [108.1178764, 69.786449], [108.1503337, 69.8128921], [108.2273253, 69.8305649], [108.226446, 69.8483973], [108.2487331, 69.8544031], [108.5093668, 69.8436012], [108.5491334, 69.8312236], [108.637042, 69.8388217], [108.6891546, 69.8285922], [108.8041975, 69.8307265], [108.8989031, 69.8428032], [108.9327326, 69.824702], [108.9190239, 69.8139544], [108.9170257, 69.8022927], [108.930655, 69.796998], [108.9446245, 69.7705993], [108.9958226, 69.7752691], [109.0544951, 69.7668565], [109.1208727, 69.7691195], [109.2011068, 69.754623], [109.295729, 69.7742735], [109.3255637, 69.7890585], [109.3344193, 69.8070312], [109.3291696, 69.8216648], [109.3858702, 69.8243666], [109.3784336, 69.8374515], [109.3898462, 69.8566079], [109.389808, 69.8753946], [109.4137021, 69.8937645], [109.37332, 69.9089154], [109.4069918, 69.9316822], [109.3995236, 69.9513076], [109.4044191, 69.9630165], [109.4610073, 69.9860383], [109.5299676, 69.9934496], [109.5436392, 70.0085308], [109.5464542, 70.0277827], [109.4994813, 70.0446132], [109.4393928, 70.0411867], [109.354874, 70.0788223], [109.3475535, 70.0871449], [109.3616163, 70.0967887], [109.3537265, 70.1148745], [109.3632352, 70.130158], [109.2957917, 70.1487325], [109.3065321, 70.1557857], [109.2946192, 70.1666527], [109.3084244, 70.1774368], [109.3008576, 70.2083504], [109.4431428, 70.2165338], [109.5755751, 70.2524475], [109.6166939, 70.2851698], [109.611706, 70.3052768], [109.5853374, 70.3237288], [109.6001556, 70.3315567], [109.5583415, 70.3522372], [109.6404791, 70.3723228], [109.7260744, 70.370697], [109.8448529, 70.390387], [109.9523182, 70.3909822], [109.9933152, 70.3978249], [110.0091026, 70.4137471], [110.0729719, 70.3975095], [110.1590204, 70.4119108], [110.3135061, 70.4089882], [110.3092973, 70.4189251], [110.3202241, 70.4261022], [110.3060072, 70.4341967], [110.2059653, 70.4456713], [110.1159278, 70.4760821], [110.1245646, 70.4996961], [110.0825273, 70.5252112], [110.0924248, 70.5376062], [110.1537167, 70.5435538], [110.1269074, 70.5623987], [110.105859, 70.5900608], [110.1450008, 70.6088317], [110.1301644, 70.6187692], [110.1266955, 70.6377284], [110.1771642, 70.6426691], [110.2094118, 70.660495], [110.308611, 70.6701261], [110.3497695, 70.6952984], [110.4507064, 70.7055675], [110.5079555, 70.7243049], [110.4937076, 70.7390332], [110.5097579, 70.7485158], [110.5107879, 70.7656015], [110.5660628, 70.7704643], [110.6186771, 70.7867122], [110.6534385, 70.7845936], [110.7688808, 70.7993904], [110.7973765, 70.7960875], [110.8104228, 70.7850738], [110.8442401, 70.7833789], [110.8611487, 70.7938288], [111.0260534, 70.8306726], [111.0513311, 70.8446159], [111.1949677, 70.8612852], [111.3259384, 70.8562352], [111.3727549, 70.8617718], [111.4321349, 70.8812831], [111.4337398, 70.892373], [111.4787982, 70.9288248], [111.5726072, 70.9422608], [111.632712, 70.9381443], [111.6496242, 70.9488051], [111.7387662, 70.9719323], [111.8010594, 70.9575444], [111.8676709, 70.9772685], [111.9384324, 70.9751634], [111.9805312, 71.0000066], [111.9927385, 71.0322387], [112.017948, 71.0400523], [112.0305049, 71.0530602], [112.0531715, 71.0568536], [112.1171344, 71.0569764], [112.1643369, 71.0323629], [112.1629497, 71.0255538], [112.1841289, 71.0132753], [112.2460674, 70.9998194], [112.2772155, 71.0285003], [112.2771945, 71.0442588], [112.3559823, 71.0711757], [112.4637079, 71.0710526], [112.5093007, 71.1016369], [112.5730261, 71.0954068], [112.5965434, 71.1047185], [112.5995765, 71.1091931], [112.5194683, 71.1490569], [112.5095727, 71.1597867], [112.5123409, 71.1712596], [112.6666217, 71.1953179], [112.7078239, 71.2272508], [112.7249966, 71.2521688], [112.6582491, 71.2646503], [112.6355659, 71.2796731], [112.634871, 71.289676], [112.6036851, 71.2941098], [112.5075596, 71.2756524], [112.469258, 71.276587], [112.451881, 71.2999683], [112.3805793, 71.3081617], [112.3498535, 71.3232776], [112.3484509, 71.334257], [112.3352205, 71.3417993], [112.2515311, 71.3623607], [112.2205754, 71.3779367], [112.1540741, 71.3777987], [112.0005142, 71.4023082], [112.0006953, 72.1244001], [111.9758312, 72.1251043], [111.9678851, 72.1351612], [111.9059802, 72.1285235], [111.8604168, 72.1324337], [111.8656676, 72.1405265], [111.8232267, 72.1420145], [111.7946869, 72.1613673], [111.7438387, 72.1583373], [111.7082473, 72.1664687], [111.6978136, 72.1740438], [111.7093813, 72.1812381], [111.6900264, 72.194469], [111.7158563, 72.2111309], [111.6917521, 72.220915], [111.6238569, 72.2077302], [111.5880788, 72.2140375], [111.5823109, 72.2262995], [111.6020192, 72.2295562], [111.639004, 72.2534417], [111.6683592, 72.2584196], [111.6596527, 72.273149], [111.6374118, 72.2821757], [111.64528, 72.2880691], [111.6426505, 72.2976766], [111.5868397, 72.3090081], [111.5748055, 72.3244021], [111.5178594, 72.329466], [111.4834353, 72.3225155], [111.4546671, 72.3268184], [111.4387956, 72.3172622], [111.3249529, 72.3158503], [111.2913896, 72.3294226], [111.3027371, 72.3405891], [111.2577976, 72.3377887], [111.171255, 72.3614859], [111.062765, 72.3650486], [111.047573, 72.3705863], [111.054697, 72.3786169], [111.0082625, 72.3892409], [111.0748275, 72.4121945], [111.0494613, 72.4240565], [111.0127025, 72.426242], [111.0022671, 72.4363868], [111.0083484, 72.4423197], [111.1348628, 72.4485328], [111.1615562, 72.4618578], [111.2424087, 72.475328], [111.2527942, 72.484604], [111.2875556, 72.4862055], [111.3043513, 72.4974493], [111.2934779, 72.5070379], [111.3084983, 72.5103142], [111.2445544, 72.5223564], [111.244027, 72.5353444], [111.178717, 72.5577578], [111.0271879, 72.5631678], [110.9622392, 72.5811412], [110.9326943, 72.5711809], [110.8811631, 72.577053], [110.8693027, 72.5846311], [110.91465, 72.5917876], [110.8631728, 72.6034881], [110.9045193, 72.6201985], [110.9101388, 72.6311701], [110.7630137, 72.6469394], [110.7617553, 72.6568695], [110.7112817, 72.6784163], [110.724042, 72.6861209], [110.7147846, 72.6919341], [110.718733, 72.6978713], [110.6967022, 72.7065725], [110.7035784, 72.7287193], [110.6903361, 72.7323232], [110.6951059, 72.7341322], [110.6861139, 72.745795], [110.66785, 72.7510514], [110.6733139, 72.7537993], [110.6558525, 72.7557831], [110.6878333, 72.7685543], [110.6647225, 72.7745565], [110.6561313, 72.7922269], [110.746293, 72.8088336], [110.7209095, 72.8115697], [110.7310807, 72.8156671], [110.721412, 72.824813], [110.7310831, 72.8296953], [110.6933619, 72.8344904], [110.6977069, 72.8375566], [110.6708127, 72.83253], [110.6757189, 72.8395392], [110.6646536, 72.8417154], [110.6730328, 72.8449395], [110.6656906, 72.8482485], [110.6284856, 72.847457], [110.6248242, 72.8528408], [110.6669371, 72.8623408], [110.6373592, 72.8664832], [110.6483946, 72.8746179], [110.625872, 72.8790253], [110.6286761, 72.8841437], [110.6474177, 72.895072], [110.7007963, 72.9034786], [110.7550531, 72.9012537], [110.7895467, 72.9138563], [110.8185673, 72.9114077], [110.8219493, 72.9189188], [110.7961265, 72.9181607], [110.8196649, 72.9301455], [110.8502825, 72.9333641], [110.8694503, 72.9267478], [110.8914842, 72.9310564], [110.877514, 72.9359796], [110.8813931, 72.9392107], [110.9086133, 72.9400966], [110.8898812, 72.9510628], [110.854178, 72.9460579], [110.8546087, 72.9383493], [110.846164, 72.9374045], [110.8302587, 72.9422157], [110.8268598, 72.9509284], [110.7554848, 72.9493344], [110.7534449, 72.9564177], [110.7405265, 72.957112], [110.7345512, 72.95348], [110.7451303, 72.9452902], [110.7378162, 72.944166], [110.7216785, 72.958632], [110.6881632, 72.9607702], [110.6849028, 72.9521008], [110.71794, 72.9414894], [110.7055601, 72.9393608], [110.6606483, 72.9590694], [110.7128333, 72.9692032], [110.6606928, 72.9880377], [110.7219314, 73.0007991], [110.7121467, 73.0083505], [110.7342052, 73.0128146], [110.7220389, 73.0205374], [110.8082742, 73.0194142], [110.8538531, 73.0474355], [110.8608054, 73.0553421], [110.8019363, 73.0683649], [110.7942687, 73.0803129], [110.7989044, 73.0868513], [110.7455163, 73.1029426], [110.8208083, 73.1112863], [110.8156089, 73.1208577], [110.8384215, 73.1325973], [110.8126249, 73.1370206], [110.8386659, 73.143667], [110.8501602, 73.1606703], [110.8087905, 73.1635095], [110.7313483, 73.1536524], [110.6529599, 73.1651084], [110.569098, 73.1592381], [110.5382303, 73.1494157], [110.4178734, 73.1569643], [110.3997448, 73.1495251], [110.3737979, 73.1518707], [110.37958, 73.162551], [110.3424907, 73.1667896], [110.3675924, 73.1828044], [110.3486359, 73.1979659], [110.5830042, 73.2408094], [110.6237109, 73.2548844], [110.6191863, 73.2622163], [110.6264305, 73.2675751], [110.6082018, 73.2709647], [110.5765422, 73.2922447], [110.5394325, 73.2974175], [110.56197, 73.309024], [110.5327053, 73.3185595], [110.5435382, 73.3331507], [110.4614691, 73.3349921], [110.4510261, 73.3475377], [110.4193767, 73.3383456], [110.3858261, 73.3466524], [110.3974216, 73.3375595], [110.38246, 73.3348024], [110.3742718, 73.338371], [110.3749489, 73.3526487], [110.3252671, 73.349066], [110.3216455, 73.3612232], [110.2592588, 73.3617745], [110.2431976, 73.3776529], [110.202536, 73.369819], [110.1972536, 73.3716848], [110.2092419, 73.3785825], [110.1886558, 73.3833751], [110.1877648, 73.3749424], [110.1694022, 73.3736517], [110.1733951, 73.3817449], [110.1282466, 73.3873559], [110.1573981, 73.393395], [110.1573949, 73.398906], [110.1202501, 73.4054261], [110.1578896, 73.416365], [110.2089555, 73.3963774], [110.3062269, 73.4068497], [110.362958, 73.4075796], [110.4298061, 73.3971316], [110.5596702, 73.4068297], [110.5477445, 73.4123779], [110.6113814, 73.4197556], [110.6788443, 73.4426162], [110.6796168, 73.4503437], [110.6568441, 73.4560758], [110.6911182, 73.4725285], [110.6826209, 73.4752141], [110.6799701, 73.4871361], [110.7245162, 73.4937514], [110.7161807, 73.5041674], [110.8119678, 73.5113311], [110.8408927, 73.5300543], [110.831108, 73.5374016], [110.8039356, 73.5376368], [110.8079337, 73.5456696], [110.8725174, 73.5494275], [110.8743511, 73.562538], [110.896511, 73.5656662], [110.9341048, 73.5656662], [110.9623431, 73.554784], [111.0099792, 73.5579911], [111.0842437, 73.5782991], [111.1207582, 73.5777646], [111.1830461, 73.5925199], [111.1868763, 73.5991071], [111.1671352, 73.6036989], [111.1699247, 73.6083622], [111.2224102, 73.5994706], [111.2854099, 73.6112807], [111.292448, 73.6190647], [111.2297058, 73.6171645], [111.2247276, 73.6287081], [111.1947298, 73.6250789], [111.1933994, 73.6441599], [111.1562776, 73.6453684], [111.1927557, 73.6586799], [111.1868763, 73.6627727], [111.1139201, 73.6610705], [111.1032771, 73.6731149], [111.0160731, 73.6795319], [111.0083484, 73.682643], [111.0097217, 73.6925271], [110.9476566, 73.7027302], [110.8872539, 73.6956625], [110.8372161, 73.7029432], [110.8038054, 73.7098835], [110.78442, 73.7281076], [110.7875733, 73.7371563], [110.8067166, 73.7458453], [110.9071941, 73.7688407], [110.9508316, 73.7937716], [110.9780024, 73.7999199], [110.9916657, 73.8129384], [111.0632509, 73.8241387], [111.1460941, 73.818614], [111.1304659, 73.8241254], [111.1398349, 73.8297571], [111.1526636, 73.8219796], [111.1797342, 73.8273089], [111.1742574, 73.8253834], [111.2097632, 73.8167337], [111.2420535, 73.8309494], [111.2222034, 73.8312496], [111.2335192, 73.8344063], [111.2230587, 73.8417691], [111.2519918, 73.8391968], [111.2494178, 73.8449802], [111.2731413, 73.8411061], [111.2918336, 73.8479631], [111.3052332, 73.8417589], [111.3227916, 73.8480953], [111.2989328, 73.8542332], [111.317919, 73.8532399], [111.4399312, 73.8096163], [111.5769338, 73.7730818], [111.8925977, 73.7267089], [112.3801803, 73.701466], [112.7880477, 73.7164298], [112.8988016, 73.7344607], [112.9817891, 73.7717806], [112.9964018, 73.7887844], [112.9973245, 73.8046069], [112.8987694, 73.9034897], [112.8759384, 73.910883], [112.8447604, 73.9600743], [112.8293109, 73.9717768], [112.8293002, 74.0006521], [112.9959512, 73.9192596], [113.1816888, 73.8642375], [113.2640218, 73.7764633], [113.3207988, 73.7334961], [113.3839128, 73.7011582], [113.4572053, 73.6368106], [113.4648262, 73.6020858], [113.4231889, 73.5765484], [113.4120502, 73.5552636], [113.4267425, 73.5320165], [113.4824342, 73.5073323], [113.9257121, 73.5436759], [114.1019737, 73.5852458], [114.2106056, 73.5949503], [114.3274641, 73.598695], [114.4197964, 73.5862213], [114.5436582, 73.5816676], [114.9063474, 73.6013145], [114.9352638, 73.617157], [115.0961207, 73.6626157], [115.2648532, 73.6894781], [115.2512383, 73.6958014], [115.4355402, 73.7125341], [115.6723537, 73.7093481], [115.9439563, 73.6946659], [116.2913561, 73.655516], [116.502403, 73.6709884], [116.639142, 73.6677877], [116.9761133, 73.62327], [117.2034788, 73.6059762], [117.2672725, 73.5914047], [117.383251, 73.5809609], [117.7489114, 73.5696603], [118.0456624, 73.5795623], [118.2310512, 73.5665379], [118.6362056, 73.5615841], [118.9548969, 73.5096805], [119.0013312, 73.4981467], [119.0253638, 73.4806817], [119.0008489, 73.4554956], [118.9741282, 73.4455686], [118.8783938, 73.4447318], [118.7886288, 73.4259837], [118.7207458, 73.4369402], [118.7151896, 73.4492036], [118.6725139, 73.4560759], [118.6855387, 73.4606639], [118.6763119, 73.4649576], [118.6461747, 73.4647652], [118.6516356, 73.4573284], [118.6459923, 73.4570229], [118.562715, 73.4701355], [118.5472011, 73.4654217], [118.5584128, 73.4589321], [118.5405439, 73.454507], [118.5396427, 73.4473759], [118.5112435, 73.4376914], [118.480559, 73.4419962], [118.4549063, 73.432161], [118.3944976, 73.3934502], [118.4034455, 73.3862721], [118.4014285, 73.376826], [118.4186214, 73.3651527], [118.4741378, 73.3529566], [118.4146625, 73.318235], [118.4157461, 73.3025564], [118.4087831, 73.3047295], [118.4135413, 73.298453], [118.4055591, 73.2807826], [118.4052372, 73.2972381], [118.3884627, 73.286484], [118.3929473, 73.2840293], [118.3918262, 73.2811144], [118.3798796, 73.2827841], [118.409636, 73.2674994], [118.4080803, 73.2242102], [118.5272455, 73.1737109], [118.5987264, 73.1697523], [118.7460601, 73.1418468], [118.9456755, 73.1204381], [119.1230607, 73.084], [119.2540062, 73.0718006], [119.353752, 73.082987], [119.2662045, 73.1007107], [119.269981, 73.1109871], [119.3087765, 73.1182667], [119.4035336, 73.1170703], [119.4035336, 73.1074958], [119.3746945, 73.0927248], [119.3770977, 73.0833367], [119.5254132, 73.1051014], [119.6493527, 73.1049018], [119.6963879, 73.1282339], [119.6256634, 73.1341118], [119.5436093, 73.1273371], [119.543266, 73.1369006], [119.5827481, 73.1593941], [119.6651455, 73.1711269], [119.6795651, 73.1639688], [119.9408337, 73.1614827], [120.1602169, 73.1500419], [120.2398678, 73.1373986], [120.3078457, 73.1169706], [120.3771969, 73.0927248], [120.4149624, 73.0632452], [120.408096, 73.056743], [120.2903363, 73.0441318], [120.3119656, 73.024797], [120.2750586, 73.0038853], [120.22768, 73.0022294], [120.2383447, 72.9924677], [120.3394103, 72.9914618], [120.4516071, 72.9748899], [120.6385088, 72.9755621], [121.0560746, 72.9241706], [121.2982003, 72.9389464], [121.43152, 72.9614462], [121.7288375, 72.9672108], [121.8476483, 73.0289062], [121.9976803, 73.0734438], [122.3739621, 73.1090919], [122.6853558, 73.0958198], [122.8820797, 73.0767421], [122.9043957, 73.0714445], [122.9150387, 73.0560426], [122.8693768, 73.0034337], [122.8751358, 72.9925179], [122.9918897, 72.9682479], [122.9711723, 72.9646776], [123.0462312, 72.9594467], [123.0442142, 72.9539186], [123.0173707, 72.9578432], [123.014259, 72.9434173], [123.1263971, 72.9274613], [123.1382846, 72.9137607], [123.1332206, 72.9037463], [123.1467819, 72.8987496], [123.2023143, 72.8952662], [123.2817077, 72.9082119], [123.3483553, 72.9409624], [123.3624744, 72.9627665], [123.4101319, 72.9609747], [123.4366321, 72.9692535], [123.4269762, 72.9892523], [123.3833098, 73.0086829], [123.3808422, 73.0214324], [123.4087586, 73.0376818], [123.3908629, 73.0363202], [123.3885455, 73.045402], [123.438456, 73.0663078], [123.4451294, 73.0827122], [123.4692263, 73.0813073], [123.4885168, 73.1066851], [123.478088, 73.1207591], [123.4321551, 73.1421553], [123.4653851, 73.1475538], [123.4523388, 73.1570068], [123.4602353, 73.1653609], [123.337669, 73.212625], [123.3132931, 73.2501653], [123.3143231, 73.2715239], [123.2775875, 73.303808], [123.2690045, 73.3313053], [123.2377621, 73.3696686], [123.2260891, 73.3993167], [123.2041165, 73.4145134], [123.1818005, 73.4452577], [123.1608578, 73.5028758], [123.188667, 73.5846691], [123.241882, 73.652255], [123.2992169, 73.7022369], [123.3792107, 73.7223613], [123.4434124, 73.7228423], [123.4787747, 73.7512055], [123.5127636, 73.7629213], [123.6027142, 73.7423652], [123.6576458, 73.7437108], [123.7527462, 73.8048194], [123.7311169, 73.8163062], [123.7369534, 73.8258725], [123.8457867, 73.8520558], [123.8729092, 73.8527242], [124.0081784, 73.8051067], [124.1352078, 73.8062557], [124.0888592, 73.7893955], [124.1111752, 73.7813426], [124.1036221, 73.7614813], [124.0596768, 73.7550476], [124.06414, 73.7433263], [124.0802761, 73.7358281], [124.1238781, 73.7307312], [124.1554638, 73.7412118], [124.1592404, 73.7511094], [124.1952893, 73.7680084], [124.2642971, 73.7576406], [124.2735669, 73.7793287], [124.3271252, 73.7792328], [124.3518444, 73.7979235], [124.4627377, 73.8005098], [124.4905468, 73.7992646], [124.4891735, 73.7913123], [124.4658276, 73.7782738], [124.4857403, 73.768872], [124.5180127, 73.7601371], [124.5774075, 73.7611932], [124.5959469, 73.7543753], [124.5966336, 73.7474585], [124.656715, 73.742173], [124.6505352, 73.7310197], [124.6323391, 73.7243819], [124.6350857, 73.7180302], [124.670448, 73.7148535], [124.681091, 73.7180302], [124.6876141, 73.7327509], [124.7411724, 73.7444796], [124.7943875, 73.7289998], [124.9251934, 73.7208214], [124.9348065, 73.7158162], [124.9348065, 73.7049344], [124.9554058, 73.6965515], [125.0367733, 73.7001171], [125.0443264, 73.694913], [125.0288769, 73.6908642], [125.0505062, 73.6743696], [125.0408932, 73.6607567], [125.0419232, 73.6472293], [125.0230404, 73.6378504], [125.015144, 73.5983437], [125.0299069, 73.6000886], [125.0261303, 73.6137507], [125.0347134, 73.6239175], [125.1047512, 73.6347552], [125.1064679, 73.6497424], [125.0680157, 73.6575691], [125.0676724, 73.665199], [125.1205441, 73.670702], [125.135307, 73.7034893], [125.1658627, 73.7068609], [125.1703259, 73.7004062], [125.1538464, 73.6813167], [125.188522, 73.6454893], [125.1723858, 73.643169], [125.1583096, 73.6542842], [125.1497265, 73.6387209], [125.1366803, 73.6330139], [125.2348706, 73.6353356], [125.2400204, 73.6286598], [125.2259442, 73.616753], [125.1929852, 73.6147193], [125.1795956, 73.5970834], [125.1950451, 73.5889376], [125.2403637, 73.6158814], [125.2599331, 73.6163656], [125.2695462, 73.6060974], [125.2376171, 73.5997009], [125.2173611, 73.5850572], [125.2025982, 73.510381], [125.2238842, 73.516227], [125.2372738, 73.546399], [125.2551266, 73.5602018], [125.2365872, 73.561562], [125.3025051, 73.5732166], [125.3110882, 73.5701095], [125.2822491, 73.5627278], [125.284309, 73.5482465], [125.2705761, 73.5424116], [125.2733227, 73.5310277], [125.2867123, 73.5279128], [125.2904889, 73.5406607], [125.3042218, 73.5426061], [125.351257, 73.5249921], [125.3351208, 73.5218762], [125.3344342, 73.5139863], [125.3104016, 73.5022908], [125.3306576, 73.5019008], [125.3320309, 73.5097963], [125.3670498, 73.527134], [125.3625866, 73.5395906], [125.3347775, 73.5467879], [125.351257, 73.5807878], [125.3718563, 73.5870945], [125.4202649, 73.5825345], [125.3952023, 73.5770026], [125.3986355, 73.5698182], [125.4223248, 73.5661277], [125.4175183, 73.5588414], [125.3752896, 73.5577725], [125.372543, 73.5478576], [125.416145, 73.5435787], [125.414085, 73.5371584], [125.4285046, 73.5283996], [125.4515072, 73.5303464], [125.457687, 73.543676], [125.4367443, 73.5485382], [125.4250714, 73.5631164], [125.4429242, 73.5829226], [125.4772564, 73.5836989], [125.4817196, 73.5804966], [125.4618069, 73.572537], [125.4635235, 73.564185], [125.5129622, 73.545232], [125.4647253, 73.5189544], [125.4818915, 73.4993657], [125.5071257, 73.4941967], [125.4885861, 73.5031683], [125.4854962, 73.5161296], [125.4975125, 73.528789], [125.523605, 73.5339474], [125.598106, 73.5377422], [125.6444546, 73.5284969], [125.5998227, 73.5165192], [125.6046292, 73.5120376], [125.6458279, 73.5122325], [125.6575009, 73.5274261], [125.6842801, 73.5273287], [125.6966397, 73.5132068], [125.6777569, 73.5116478], [125.6540676, 73.4968302], [125.6856535, 73.4707216], [125.670204, 73.4648599], [125.6760405, 73.4577255], [125.6647108, 73.4522995], [125.6755255, 73.4452576], [125.6487463, 73.4425673], [125.6369017, 73.4601203], [125.6121823, 73.4483877], [125.6636807, 73.4382129], [125.6829068, 73.4436924], [125.6811901, 73.4533751], [125.7035061, 73.4642248], [125.7804104, 73.4675468], [125.7793805, 73.4519084], [125.7687374, 73.4433011], [125.8023831, 73.4319485], [125.804443, 73.4136314], [125.8209225, 73.4166693], [125.825729, 73.4335148], [125.8106228, 73.4367449], [125.8195492, 73.4427141], [125.8573147, 73.4428119], [125.8610913, 73.42813], [125.90229, 73.4373321], [125.9077832, 73.4476053], [125.9002301, 73.4505393], [125.8641812, 73.4448664], [125.8195492, 73.4553305], [125.8133694, 73.4540595], [125.8202359, 73.446725], [125.7972332, 73.4513216], [125.8075329, 73.4694029], [125.8655545, 73.4728215], [125.9163662, 73.4890262], [125.9366223, 73.5129145], [125.924606, 73.5173959], [125.9266659, 73.5255763], [125.9558484, 73.5235316], [126.0104367, 73.5018033], [126.0241696, 73.4925384], [126.0159298, 73.4833661], [126.0475155, 73.4883432], [126.0457989, 73.5000483], [126.0825344, 73.5020958], [126.0880276, 73.4958549], [126.0663983, 73.4843421], [126.0849377, 73.4794615], [126.0986706, 73.4844397], [126.0839077, 73.4870747], [126.1017605, 73.5117453], [126.1261364, 73.5154477], [126.160812, 73.5083345], [126.1340329, 73.4986831], [126.1302563, 73.4904897], [126.1731717, 73.4983905], [126.194801, 73.5298597], [126.3122174, 73.5520381], [126.3492962, 73.5459128], [126.3438031, 73.5283996], [126.3585659, 73.5201232], [126.4502331, 73.5090167], [126.4172741, 73.4963425], [126.4334103, 73.4878553], [126.3925549, 73.4810234], [126.4382168, 73.4757512], [126.4440533, 73.4694029], [126.4395898, 73.456015], [126.4698022, 73.4501482], [126.5357201, 73.456797], [126.5480798, 73.4440839], [126.5776055, 73.4442795], [126.6373437, 73.4489747], [126.6455834, 73.4609023], [126.6654961, 73.4652021], [126.7135613, 73.4622705], [126.6744225, 73.4415401], [126.681289, 73.431557], [126.6697882, 73.4036809], [126.6902159, 73.4027984], [126.7218016, 73.4043674], [126.7664335, 73.4379682], [126.8045424, 73.4442305], [126.8774985, 73.4543039], [126.9964596, 73.4525929], [126.9954296, 73.4612932], [127.0125958, 73.4800472], [127.0081328, 73.488831], [126.9032477, 73.501072], [126.9616125, 73.5173959], [127.1458052, 73.5241158], [127.2745512, 73.5191979], [127.3409842, 73.5088705], [127.363815, 73.5027783], [127.374458, 73.4895141], [127.4190899, 73.4817067], [127.493591, 73.4860012], [127.504234, 73.4964401], [127.4135968, 73.5025833], [127.5577923, 73.5267446], [127.688255, 73.5255763], [127.9231738, 73.5007551], [127.9562186, 73.4934895], [127.9615401, 73.4721378], [127.9761313, 73.4704285], [127.9814528, 73.4620261], [128.0662535, 73.4572368], [128.0583571, 73.4423227], [128.0767248, 73.4406104], [128.0835913, 73.4285706], [128.1184385, 73.4336616], [128.1198118, 73.4240167], [128.0906294, 73.4176491], [128.1153486, 73.4136313], [128.1026457, 73.4042693], [128.1606672, 73.4006898], [128.158779, 73.3936266], [128.1814383, 73.3914678], [128.1658171, 73.3851862], [128.1889914, 73.3818972], [128.18058, 73.3790496], [128.438587, 73.3597417], [128.4485434, 73.3539893], [128.448715, 73.3426264], [128.4967802, 73.3402643], [128.4778975, 73.3303697], [128.5120581, 73.3139151], [128.4694861, 73.2888581], [128.3304403, 73.2724132], [128.3347319, 73.2697449], [128.4560965, 73.2410601], [128.7712668, 73.2510557], [128.7489508, 73.2467019], [128.7717817, 73.242248], [128.7695502, 73.2325939], [128.7563322, 73.2278391], [128.8840483, 73.2253126], [128.8112639, 73.225164], [128.8907431, 73.2141618], [128.9058493, 73.198489], [128.9024161, 73.1933774], [128.9449881, 73.2139139], [128.9472197, 73.1990845], [128.8411329, 73.1654106], [128.8057707, 73.1414315], [128.8401006, 73.1356878], [128.8799284, 73.1416804], [128.9123724, 73.1168708], [128.949108, 73.1039539], [129.0102194, 73.1039539], [129.1096113, 73.1213571], [129.1005133, 73.1251446], [129.186344, 73.1204101], [129.1386221, 73.1130316], [129.1708945, 73.1088425], [129.2021368, 73.0915765], [129.2354391, 73.0951209], [129.2953489, 73.083986], [129.3471907, 73.0647953], [129.3313978, 73.0525903], [129.3722532, 73.053591], [129.3918226, 73.0475357], [129.3858145, 73.0378728], [129.4223784, 73.0382735], [129.3930243, 73.0261501], [129.3840979, 73.0114104], [129.4060705, 73.0114104], [129.4168852, 73.0210377], [129.4553372, 73.0162749], [129.4622036, 73.0131658], [129.4580838, 73.0086516], [129.4264981, 72.9939975], [129.5205685, 72.9661613], [129.5627972, 72.9433166], [129.4752499, 72.9327397], [129.3416973, 72.9373742], [129.3303677, 72.9135842], [129.2829892, 72.9010715], [129.4010922, 72.8740987], [129.4323346, 72.8517417], [129.4728466, 72.8428315], [129.3969723, 72.8274305], [129.4165417, 72.8103928], [129.3852993, 72.7974006], [129.3890759, 72.7913073], [129.4965359, 72.7864311], [129.4330212, 72.7699641], [129.4131085, 72.7591812], [129.4203179, 72.7530748], [129.4594567, 72.7573495], [129.5274346, 72.7461516], [129.5645135, 72.7316857], [129.5562737, 72.7235307], [129.5645135, 72.7151679], [129.5603936, 72.7039434], [129.5377343, 72.6853564], [129.3578332, 72.7076176], [129.3276208, 72.7080258], [129.2974084, 72.6918947], [129.3894189, 72.6939374], [129.4409173, 72.679429], [129.4975659, 72.6548809], [129.5150753, 72.6339886], [129.5088952, 72.6231232], [129.470443, 72.6229182], [129.4319909, 72.6005513], [129.3791192, 72.5987032], [129.2445367, 72.5978818], [129.156646, 72.6122512], [129.1195672, 72.6095835], [129.1621392, 72.5882273], [129.1731255, 72.5775397], [129.1648858, 72.5686971], [129.1696923, 72.562731], [129.3303674, 72.5534694], [129.3962853, 72.5369925], [129.4093316, 72.5233877], [129.4470971, 72.5205005], [129.4862359, 72.4957343], [129.3379205, 72.5025484], [129.2781823, 72.4849917], [129.2362969, 72.4880911], [129.255523, 72.4800314], [129.1456597, 72.477344], [129.1717522, 72.4740359], [129.1456597, 72.4711408], [129.1580193, 72.4659699], [129.2246239, 72.4674179], [129.3482201, 72.4500341], [129.3338009, 72.4346023], [129.3114849, 72.4289027], [129.3114849, 72.4195722], [129.2709729, 72.4127268], [129.2816159, 72.4066052], [129.2757794, 72.4035956], [129.1247174, 72.3871893], [129.1312405, 72.3790846], [129.1597363, 72.3691046], [129.2170712, 72.3864621], [129.3506237, 72.406709], [129.3588635, 72.4052561], [129.351997, 72.3957058], [129.525375, 72.3566219], [129.5267483, 72.3487118], [129.5140454, 72.3472543], [129.5401379, 72.3311098], [129.5322415, 72.3059794], [129.4985958, 72.304101], [129.4422909, 72.2865605], [129.4409176, 72.2779929], [129.4766232, 72.2679575], [129.4749066, 72.2464045], [129.4560238, 72.2422166], [129.4333645, 72.2519521], [129.3739697, 72.2555101], [129.3475338, 72.2493356], [129.4131085, 72.2464045], [129.406242, 72.2354091], [129.4230648, 72.2274463], [129.5356747, 72.2230444], [129.5751568, 72.212874], [129.5590207, 72.2073146], [129.5349881, 72.2160201], [129.4783398, 72.2056359], [129.4244381, 72.1821188], [129.3945691, 72.1801227], [129.4152545, 72.168772], [129.351997, 72.1520488], [129.3513104, 72.1438394], [129.3713949, 72.1372586], [129.411907, 72.1488391], [129.4663238, 72.1422075], [129.5343875, 72.1551526], [129.555931, 72.1495758], [129.557304, 72.1384697], [129.5394513, 72.123616], [129.4331931, 72.0871421], [129.3392083, 72.0726171], [129.3428133, 72.0174501], [129.3084167, 72.0007023], [129.2282324, 72.0017881], [129.1416762, 71.9814692], [129.1778254, 71.9507871], [129.2936325, 71.8974581], [129.3639922, 71.8470991], [129.3670177, 71.8420845], [129.3481564, 71.8174468], [129.3595505, 71.8032933], [129.3853855, 71.789498], [129.4639045, 71.7689825], [129.5129782, 71.7351051], [129.6024513, 71.7068707], [129.2872918, 71.5623799], [129.3101066, 71.5460599], [129.3201059, 71.5241593], [129.2982137, 71.5050502], [129.2999303, 71.4869593], [129.321742, 71.472336], [129.3670285, 71.466698], [129.4026589, 71.4208902], [129.4124007, 71.3780243], [129.4430637, 71.33599], [129.4414204, 71.3239452], [129.4760012, 71.2967475], [129.5287603, 71.2764214], [129.6597058, 71.24915], [129.7326404, 71.2244165], [129.764269, 71.2005593], [129.7779804, 71.1524988], [129.8395153, 71.1169927], [129.9177929, 71.0994292], [130.0382136, 71.0970101], [130.1674318, 71.0704232], [130.1626897, 71.0623189], [130.1743412, 71.0499193], [130.2154755, 71.0271129], [130.2107334, 71.0247897], [130.223372, 71.0165549], [130.2238226, 71.0024501], [130.273143, 70.9843051], [130.3493928, 70.9187316], [130.5406746, 70.9148045], [130.8561426, 70.9651426], [130.864495, 70.9593507], [130.860815, 70.9451174], [130.8346581, 70.9388501], [130.8329844, 70.9292018], [130.8787215, 70.9128384], [130.866673, 70.8926654], [130.8872616, 70.8755776], [130.8734751, 70.8599878], [130.9304023, 70.8403772], [130.9497893, 70.8129986], [130.949049, 70.8026998], [130.938406, 70.795904], [130.9436095, 70.7933699], [130.9335834, 70.7742749], [130.9377891, 70.76081], [130.9590268, 70.7458554], [131.0773229, 70.7060886], [131.3338279, 70.7263732], [131.482315, 70.7956217], [131.5205526, 70.805021], [131.5290928, 70.8191823], [131.6303301, 70.8647432], [131.6347182, 70.8683582], [131.60604, 70.8605471], [131.6265321, 70.8716422], [131.6271972, 70.884653], [131.7484653, 70.9633356], [131.7514801, 70.9779872], [131.7957365, 71.0275786], [131.7937946, 71.0367449], [131.8085575, 71.0590038], [131.8245435, 71.0677012], [131.86409, 71.0673566], [131.8429327, 71.0783571], [131.808815, 71.081975], [131.8134069, 71.0968571], [131.789031, 71.0994013], [131.7837095, 71.116826], [131.8563222, 71.1300578], [131.8662786, 71.1289752], [131.8656778, 71.122117], [131.8906116, 71.1215199], [131.9120908, 71.1290237], [131.8787884, 71.139896], [131.9433975, 71.1424762], [131.9260596, 71.1536253], [131.8476962, 71.1594746], [131.9626235, 71.2176229], [132.0022773, 71.224862], [132.0020198, 71.2395254], [131.9868066, 71.2591258], [132.0476323, 71.3308986], [132.1898963, 71.5632616], [132.2938441, 71.6757829], [132.352252, 71.7235126], [132.4484252, 71.7828247], [132.5622367, 71.8726327], [132.6696966, 71.9254332], [132.7797772, 71.9494074], [132.9069783, 71.9472264], [133.0281712, 71.9671645], [133.1452829, 71.9653072], [133.1766111, 71.9581844], [133.2095717, 71.9309181], [133.2691382, 71.9098219], [133.329048, 71.8796814], [133.3410644, 71.8590084], [133.3155727, 71.8839253], [133.2876777, 71.8909964], [133.2686233, 71.9056638], [133.0962752, 71.9574675], [133.0186842, 71.9552343], [132.8937148, 71.9260723], [132.8658198, 71.9273238], [132.8624296, 71.9323422], [132.8539753, 71.9363214], [132.8599405, 71.9245011], [132.8751754, 71.9189212], [132.8750896, 71.9105814], [132.8948522, 71.9021613], [132.8181838, 71.9226103], [132.7862012, 71.9213052], [132.7907932, 71.8601441], [132.8192139, 71.8359549], [132.772876, 71.8232679], [132.7525556, 71.8034441], [132.7742815, 71.7666982], [132.8089336, 71.7526848], [132.8453084, 71.7438823], [132.9552678, 71.7386581], [132.9837769, 71.7259046], [133.0054113, 71.7084348], [133.0043189, 71.7002326], [133.0929957, 71.65613], [133.1617105, 71.5960653], [133.2688487, 71.5492113], [133.503947, 71.4764453], [133.6447119, 71.4413348], [134.0586083, 71.3816351], [134.2488091, 71.3689161], [134.4039903, 71.3623343], [134.5138536, 71.3706712], [134.7267137, 71.4079239], [134.8324571, 71.4638865], [134.9986253, 71.5135913], [135.3845201, 71.5792304], [135.6083665, 71.6316662], [135.8363329, 71.6515627], [136.2689202, 71.6491846], [136.3568108, 71.6368584], [136.4604943, 71.6349114], [136.6115563, 71.6390215], [136.796264, 71.5664244], [136.8862145, 71.5407869], [136.9438927, 71.5370906], [137.1210473, 71.5525236], [137.162246, 71.5607784], [137.152633, 71.5694638], [137.2247308, 71.5868228], [137.8145592, 71.620411], [137.9093163, 71.6037327], [137.9882806, 71.5718516], [138.0335992, 71.5296957], [138.0294793, 71.5142442], [138.1159966, 71.5155505], [138.1311028, 71.5412218], [138.1105035, 71.5850876], [138.1345361, 71.6004819], [138.254699, 71.5874735], [138.4060188, 71.6031908], [138.5183712, 71.6222511], [138.5348504, 71.634046], [138.6513877, 71.6152207], [138.7738305, 71.6322372], [138.8497961, 71.6340957], [138.9077854, 71.6214155], [138.9615065, 71.5986623], [138.9992058, 71.6058282], [139.0039533, 71.6029774], [138.9910948, 71.5909363], [138.9934766, 71.5846367], [139.0862167, 71.5891523], [139.0972996, 71.5869954], [139.0872037, 71.5811284], [139.111805, 71.5743203], [139.1497528, 71.5792368], [139.1295934, 71.5581209], [139.1439056, 71.5561523], [139.1271686, 71.5530971], [139.1418135, 71.5534468], [139.1331875, 71.5445231], [139.1501283, 71.5253357], [139.1534871, 71.5440582], [139.1630298, 71.496247], [139.2202949, 71.4320684], [139.1836774, 71.4406091], [139.1671014, 71.4300834], [139.2357016, 71.4028465], [139.3203735, 71.4067467], [139.3750048, 71.4186904], [139.4093209, 71.4058538], [139.3987209, 71.4171724], [139.4489855, 71.4331667], [139.4437015, 71.4366594], [139.4510615, 71.4396512], [139.4386697, 71.448204], [139.4566083, 71.4496785], [139.4692683, 71.463545], [139.4533682, 71.4747734], [139.48313, 71.4930528], [139.7354722, 71.4783489], [139.759891, 71.4699834], [139.7611852, 71.4601645], [139.7918717, 71.4576919], [139.7832125, 71.4502545], [139.7933221, 71.4419084], [139.7978895, 71.4541957], [139.8128613, 71.4598826], [139.8918772, 71.4654344], [139.9213171, 71.4882709], [139.9053955, 71.5021571], [139.9286985, 71.5010406], [139.9471092, 71.4937612], [139.9486327, 71.4858113], [139.9751973, 71.4882845], [140.023241, 71.4730928], [140.0402972, 71.4807804], [139.9921997, 71.5034953], [139.9741162, 71.5168088], [139.9829972, 71.522818], [139.9602306, 71.5306268], [139.9993801, 71.525283], [140.0050878, 71.5211144], [139.9943175, 71.5189271], [140.0001962, 71.5169086], [139.9908614, 71.5085486], [140.0355309, 71.4914811], [140.0635868, 71.4918677], [140.0676691, 71.4964376], [140.0590861, 71.5025928], [140.0828344, 71.5060967], [140.0637316, 71.5147135], [140.0871634, 71.5190331], [140.0308692, 71.5210192], [140.0417697, 71.5268265], [139.9990046, 71.5301917], [139.9955177, 71.5433004], [139.968009, 71.5535011], [139.9714207, 71.5445435], [139.9488795, 71.5616978], [139.9680519, 71.5592646], [139.969275, 71.5641782], [139.9386978, 71.5718616], [139.9491692, 71.57313], [139.9353504, 71.579074], [139.9127233, 71.5798029], [139.9007338, 71.5865091], [139.9051702, 71.5925219], [139.8746359, 71.5915326], [139.8914051, 71.5971898], [139.8725116, 71.60336], [139.8466014, 71.6272025], [139.8734826, 71.6405927], [139.8245, 71.6438738], [139.8068297, 71.6604596], [139.8121297, 71.6628124], [139.8051238, 71.6697441], [139.8140448, 71.6733676], [139.78446, 71.6919398], [139.7817134, 71.7181285], [139.8000383, 71.7454706], [139.789567, 71.7501884], [139.8027205, 71.7618771], [139.7921419, 71.7642609], [139.8120975, 71.773733], [139.7850931, 71.7844714], [139.790318, 71.7881367], [139.7830867, 71.796169], [139.8046678, 71.798019], [139.7818637, 71.7998957], [139.7999579, 71.8073151], [139.7800612, 71.816871], [139.7802973, 71.8287593], [139.8562145, 71.8522728], [139.7714782, 71.8678653], [139.7728461, 71.8799499], [139.7900283, 71.880503], [139.7668326, 71.8809826], [139.7710168, 71.8849828], [139.7622299, 71.8887953], [139.7960097, 71.896588], [139.841001, 71.8906762], [139.7955, 71.9010314], [139.7557819, 71.89183], [139.7504926, 71.8976981], [139.7597677, 71.904554], [139.7291207, 71.9196803], [139.6347499, 71.9376587], [139.6231198, 71.9320627], [139.6239137, 71.9396212], [139.6131205, 71.9365742], [139.620384, 71.9289354], [139.6130812, 71.9288919], [139.4176841, 71.9474826], [139.4188212, 71.9387963], [139.3971919, 71.9198402], [139.3817424, 71.9178423], [139.3644046, 71.9391689], [139.3802832, 71.9802093], [139.439678, 72.0339777], [139.507699, 72.04725], [139.4470595, 71.9919944], [139.4516943, 71.9714453], [139.4937193, 71.9566134], [139.5861053, 71.948839], [139.6415519, 71.9534529], [139.6908186, 71.9735171], [139.7388839, 72.0453583], [139.7828722, 72.0701466], [139.8926711, 72.0939848], [139.9096656, 72.0920286], [139.9581063, 72.0908475], [139.9045721, 72.0930652], [139.8903027, 72.1027497], [139.9094295, 72.1391277], [139.9523449, 72.1630152], [139.9851751, 72.1689954], [140.0621652, 72.1391475], [140.1214957, 72.1319067], [140.1964205, 72.1412912], [140.2939939, 72.1680098], [140.4783261, 72.2010122], [140.541873, 72.1868488], [140.5226201, 72.1950014], [140.5552518, 72.2132311], [140.6043899, 72.2211345], [140.5872881, 72.2382599], [140.6053018, 72.256625], [140.5887902, 72.2576157], [140.5799335, 72.24831], [140.5264664, 72.2465484], [140.5185592, 72.2367772], [140.4685467, 72.2269771], [140.444541, 72.2280341], [140.4598725, 72.2206922], [140.4417729, 72.2173766], [140.4506993, 72.2051637], [140.3641391, 72.2027503], [140.3509533, 72.1936022], [140.3087836, 72.1999053], [140.3130913, 72.1917943], [140.3348225, 72.1874068], [140.2943587, 72.1789603], [140.2751756, 72.183628], [140.2551234, 72.2069702], [140.2219284, 72.2160142], [140.1260394, 72.2147682], [140.0829363, 72.2228113], [140.0847387, 72.2359], [140.1020229, 72.242066], [140.0792938, 72.2417927], [140.0635225, 72.2528285], [140.0592226, 72.2626633], [140.070724, 72.2710317], [140.0629699, 72.2746809], [139.9416375, 72.2433356], [139.9443734, 72.2335234], [139.9245357, 72.2274201], [139.829843, 72.2194407], [139.7098732, 72.2280357], [139.6193647, 72.2240597], [139.4148302, 72.148497], [139.3433332, 72.1588345], [139.2946565, 72.1753595], [139.1949212, 72.1773775], [139.1583895, 72.2248655], [139.1523169, 72.2578642], [139.1827009, 72.2955416], [139.2863845, 72.3631763], [139.5852685, 72.4875163], [139.8191356, 72.4954888], [140.1446056, 72.4599954], [140.250349, 72.471942], [140.5404353, 72.4694392], [140.7449483, 72.4962504], [140.8544683, 72.5210675], [140.9304297, 72.5111717], [140.916996, 72.5243283], [140.9351706, 72.5358718], [140.9637952, 72.5480193], [141.0016251, 72.5516678], [140.963248, 72.5563833], [140.9731561, 72.5580894], [140.9671533, 72.5599786], [141.0413539, 72.5559491], [141.0671138, 72.5664727], [140.9797811, 72.5753936], [140.9952521, 72.5817986], [141.0516643, 72.5820748], [141.1003861, 72.5727538], [141.1905383, 72.5822676], [141.2592244, 72.5802955], [141.2268775, 72.5742823], [141.2414145, 72.5728617], [141.3013673, 72.5846375], [141.2968104, 72.5918723], [141.251589, 72.5903274], [141.2388235, 72.6004725], [141.1820991, 72.6001392], [141.237461, 72.6139197], [141.194728, 72.6128762], [141.1669564, 72.6210434], [141.1606908, 72.6302414], [141.1842298, 72.6314969], [141.1766982, 72.6417556], [141.1931777, 72.6468603], [141.0925197, 72.6806362], [141.022439, 72.6871315], [141.0180186, 72.6991707], [140.9657156, 72.7081038], [140.9364259, 72.7363013], [140.8925056, 72.7445842], [140.8416688, 72.7851927], [140.7674785, 72.7943182], [140.7701349, 72.8189237], [140.7307139, 72.8297775], [140.7309941, 72.8498572], [140.7104766, 72.8639147], [140.718888, 72.8728633], [140.7514715, 72.877741], [140.9321022, 72.8728285], [141.0129332, 72.8576972], [141.3332104, 72.8428314], [141.4090741, 72.82903], [141.4580619, 72.8099519], [141.4608621, 72.7976798], [141.6142738, 72.7597948], [141.9459343, 72.7184444], [142.8861022, 72.689652], [143.4579007, 72.6839587], [143.7248985, 72.6640098], [143.761913, 72.6555215], [143.9937256, 72.6563595], [144.4536173, 72.6279159], [144.6863258, 72.5987223], [145.5593037, 72.5259841], [145.6209296, 72.5193109], [145.6363104, 72.5091534], [145.7859296, 72.4935315], [146.0073995, 72.4725882], [146.0755372, 72.4733967], [146.6815181, 72.3836698], [146.8805036, 72.3506681], [146.8941083, 72.3407436], [146.8673635, 72.3335352], [146.5630889, 72.3439678], [146.3409912, 72.3371721], [146.1273104, 72.3443209], [145.6682718, 72.3391089], [145.5020714, 72.356534], [145.4120135, 72.3485848], [145.3918433, 72.33705], [145.3272986, 72.3978472], [145.2684054, 72.4059415], [145.2661657, 72.419073], [145.2397574, 72.4301748], [145.1105432, 72.3952292], [145.0452847, 72.4244222], [144.9619603, 72.4312927], [144.771105, 72.3968803], [144.6334648, 72.3215986], [144.4951969, 72.229375], [144.4365531, 72.2309975], [144.439761, 72.2470653], [144.4270581, 72.2562571], [144.3870905, 72.2585883], [144.36894, 72.2734903], [144.3126351, 72.2831064], [144.2718601, 72.2679982], [144.2600852, 72.2553236], [144.2627031, 72.2369409], [144.2550856, 72.231248], [144.2034275, 72.2221914], [144.2518294, 72.2188231], [144.3083006, 72.1805445], [144.4153744, 72.1567175], [144.5500803, 72.1514108], [144.6998334, 72.1848565], [144.7690987, 72.2196439], [144.9536294, 72.2297516], [145.2112341, 72.2620289], [145.364399, 72.2599679], [146.4977464, 72.3109895], [146.772623, 72.3075966], [146.8870353, 72.3140514], [146.9373321, 72.3126172], [146.9554139, 72.3048916], [146.8947508, 72.2661054], [146.7403426, 72.2006075], [146.6499332, 72.1398386], [146.5625838, 72.094032], [146.4104122, 72.0327556], [146.4028108, 72.0226132], [146.3229239, 72.005353], [146.2585458, 71.9759808], [146.1512374, 71.9532596], [145.991478, 71.881398], [145.9816932, 71.862716], [145.965364, 71.8684963], [145.9654552, 71.8834148], [145.9971857, 71.9442906], [145.9867048, 71.9599925], [146.0037517, 72.0437972], [146.0266282, 72.0398983], [146.0168409, 72.0255303], [146.0274839, 72.0164299], [146.0405731, 72.019901], [146.0368394, 72.0306548], [146.0597992, 72.0220602], [146.11207, 72.034335], [146.2044668, 72.0826009], [146.24794, 72.0935691], [146.2604713, 72.1009172], [146.2523173, 72.1072736], [146.262617, 72.113285], [146.307249, 72.1168962], [146.2796973, 72.120981], [146.3045882, 72.1309389], [146.2802123, 72.1365741], [146.2584972, 72.1302542], [146.2536906, 72.1428655], [146.2421035, 72.1455499], [146.2113761, 72.128147], [146.2112044, 72.1358895], [146.2227058, 72.1421022], [146.2091445, 72.1509701], [146.2451076, 72.158256], [146.2350654, 72.1602545], [146.2491416, 72.1672739], [146.2132644, 72.1764712], [146.1857127, 72.169797], [146.2091445, 72.1620688], [146.175413, 72.1655916], [146.1627101, 72.1584664], [146.1719798, 72.1558628], [146.156702, 72.1514963], [146.1055684, 72.1539624], [146.1131, 72.1590186], [146.1037445, 72.1612635], [146.0978222, 72.1546167], [146.0450792, 72.1579831], [146.038025, 72.1460285], [146.046356, 72.1443525], [146.0301447, 72.1425891], [146.0358739, 72.1393153], [146.0256761, 72.1333995], [146.0936111, 72.1275503], [146.086632, 72.1221816], [146.0982406, 72.1145734], [146.0688329, 72.1162504], [146.0394707, 72.1020564], [146.0000557, 72.1038772], [145.9958231, 72.0881155], [146.018123, 72.0754602], [146.0043526, 72.0731883], [145.9997177, 72.0602418], [145.9838712, 72.0726632], [145.9585136, 72.078156], [145.9545708, 72.0898115], [146.0153067, 72.1523808], [146.0719657, 72.1932183], [146.0779524, 72.2040554], [146.0717618, 72.2106779], [146.0257351, 72.216659], [146.0070401, 72.2010794], [146.0280081, 72.1973802], [146.0378874, 72.2045042], [146.0484273, 72.2057758], [145.929938, 72.1533571], [145.8755817, 72.1460202], [145.867167, 72.1517951], [145.8883157, 72.1541641], [145.8756296, 72.16242], [145.8827923, 72.1785072], [145.9002306, 72.1861844], [145.86989, 72.1905404], [145.8511849, 72.2021857], [145.9119321, 72.1893646], [145.93005, 72.1785133], [145.9481868, 72.1872593], [145.9370714, 72.1944041], [145.9303665, 72.1885916], [145.9117305, 72.1928016], [145.9167521, 72.2034992], [145.8863085, 72.216636], [145.7856265, 72.2359442], [145.7428211, 72.254453], [145.6373405, 72.2441306], [145.6122512, 72.2378721], [145.5517191, 72.252459], [145.4921365, 72.2514639], [145.4921311, 72.2453445], [145.5226922, 72.2417878], [145.4950225, 72.2355898], [145.5210239, 72.2299284], [145.5368596, 72.2341339], [145.5435383, 72.2455211], [145.5850428, 72.2437413], [145.5814969, 72.2365219], [145.6114894, 72.2286644], [145.6400764, 72.2426582], [145.6448685, 72.2194787], [145.6922561, 72.2221607], [145.6520712, 72.2130967], [145.6752133, 72.2068325], [145.7415647, 72.2083184], [145.7703245, 72.225609], [145.8097154, 72.2160085], [145.7785105, 72.182424], [145.7964385, 72.1689823], [145.7923293, 72.1632937], [145.7471716, 72.1657887], [145.7159293, 72.1587425], [145.6928354, 72.1396575], [145.6686741, 72.1316236], [145.6605899, 72.1034725], [145.6384134, 72.1017284], [145.6274593, 72.0874506], [145.6317884, 72.0772431], [145.6482571, 72.0735061], [145.6400764, 72.055409], [145.6525165, 72.0503831], [145.6638086, 72.0301881], [145.7183432, 72.0274372], [145.7746482, 72.036208], [145.8012771, 72.0297809], [145.8245801, 72.0060523], [145.8176279, 71.9840455], [145.8397722, 71.9539182], [145.8400297, 71.9382375], [145.7858705, 71.9215515], [145.7502079, 71.9010048], [145.7121634, 71.9170897], [145.5993819, 71.9153179], [145.4937887, 71.8837251], [145.4226994, 71.8835783], [145.3376037, 71.8629539], [145.3343582, 71.8787737], [145.3165752, 71.8899575], [145.2419722, 71.907553], [145.2043462, 71.9261455], [145.1621282, 71.9284321], [145.1358533, 71.9185149], [145.123043, 71.9200666], [145.1249635, 71.9292441], [145.1113486, 71.9378449], [145.0745916, 71.9452083], [145.0277709, 71.9380512], [145.0224172, 71.9218712], [145.0356674, 71.8985815], [145.1532474, 71.8544105], [145.2102363, 71.8521641], [145.2286309, 71.8369482], [145.1881456, 71.8004754], [145.1140952, 71.7965762], [145.0379044, 71.758655], [145.029729, 71.7688339], [144.9974352, 71.7753856], [144.9092629, 71.7657054], [144.9150753, 71.7444792], [144.9920225, 71.7296688], [144.9439358, 71.7253764], [144.9363613, 71.7091942], [144.9464249, 71.6989957], [144.9825811, 71.6996156], [145.006206, 71.6878345], [145.0696993, 71.6876086], [145.0360644, 71.6661976], [145.0532037, 71.6588121], [145.039047, 71.6477724], [145.0443513, 71.6457918], [145.0993323, 71.6606452], [145.1101631, 71.6696058], [145.1008773, 71.6814455], [145.1071214, 71.6855691], [145.1890308, 71.6587834], [145.328334, 71.680164], [145.3377056, 71.6714176], [145.3312361, 71.6570716], [145.3363816, 71.6510412], [145.4161093, 71.6550972], [145.5317795, 71.6791843], [145.5512757, 71.6997301], [145.5911396, 71.7091649], [145.6803618, 71.7228154], [145.7159615, 71.7057211], [145.7970913, 71.7076595], [146.0581095, 71.772106], [146.3136562, 71.8823789], [146.3462961, 71.9071995], [146.3452204, 71.9199606], [146.4161454, 71.9376315], [146.5509748, 72.0100187], [146.6395378, 72.0481508], [146.6811623, 72.0808737], [146.7301237, 72.097862], [146.787386, 72.1524245], [146.8275332, 72.1768981], [147.0576212, 72.2601845], [147.097564, 72.2913264], [147.1389639, 72.3053612], [147.6186249, 72.3280759], [147.9708463, 72.3145024], [148.1060612, 72.3237265], [148.4022131, 72.3188524], [148.7565504, 72.2698553], [148.9449533, 72.2545537], [149.1363387, 72.228842], [149.5826726, 72.1428545], [149.770664, 72.0890358], [149.9447043, 72.0204901], [150.0787487, 71.9383504], [150.123302, 71.8808859], [150.1220989, 71.8538148], [150.1124893, 71.8423107], [150.0054582, 71.7609404], [149.8835979, 71.746176], [149.7006943, 71.7464311], [149.4619145, 71.8276136], [149.4100599, 71.8279249], [149.1970062, 71.7715192], [149.1082712, 71.7588028], [149.0565152, 71.7356314], [149.0121314, 71.6975774], [149.0440035, 71.6670446], [149.0785611, 71.665612], [149.1376555, 71.6961605], [149.2347472, 71.6726663], [149.3200672, 71.6903625], [149.4151086, 71.6569535], [149.5543635, 71.6410489], [149.7147381, 71.648546], [149.7039449, 71.6512853], [149.818562, 71.6603144], [149.9205041, 71.6788453], [150.2665087, 71.6686312], [150.4282632, 71.6380212], [150.4851282, 71.5623858], [150.7126754, 71.5452228], [150.8745525, 71.520894], [150.9853711, 71.4997288], [151.0279382, 71.4708605], [151.171183, 71.4645039], [151.3806022, 71.4151493], [151.394659, 71.3847821], [151.5417825, 71.3454181], [151.6531729, 71.2911876], [151.7202132, 71.278698], [151.7942851, 71.2409288], [151.8473072, 71.1956834], [151.8186933, 71.1661087], [151.9227066, 71.1200272], [151.9830199, 71.082953], [152.0061286, 71.0583691], [152.1030934, 71.019397], [152.0895268, 71.0179654], [152.1441942, 70.9908583], [152.1525631, 70.9674306], [152.1358937, 70.939802], [152.2662383, 70.908041], [152.2708997, 70.8999174], [152.2923469, 70.89475], [152.3089598, 70.8537393], [152.3797842, 70.8399748], [152.5413035, 70.8189426], [152.8678882, 70.8189997], [153.2359226, 70.8417616], [153.4175857, 70.8625929], [153.6560133, 70.865669], [153.6733442, 70.8608965], [153.6640079, 70.8470565], [153.6712845, 70.8462595], [153.7090717, 70.8599922], [153.7710277, 70.8624848], [153.7836657, 70.8718522], [153.8749783, 70.8874582], [153.9398462, 70.8884248], [154.5453623, 70.9633373], [155.154304, 71.0165611], [155.5663918, 71.0396998], [155.8252219, 71.0675394], [156.0819268, 71.0763948], [156.5228605, 71.0692537], [156.5726524, 71.0606389], [156.6115921, 71.0606508], [156.6701888, 71.0740287], [157.1457416, 71.0702681], [157.4858417, 71.0416955], [157.8188881, 71.0244744], [158.4356224, 70.9584326], [158.9700054, 70.8618624], [159.3442211, 70.7673066], [159.5828865, 70.6915857], [159.8308653, 70.5575376], [159.9321998, 70.4781577], [159.9962892, 70.4092923], [160.0460576, 70.347125], [160.0955877, 70.2528743], [160.0624484, 70.218934], [159.9840706, 70.173337], [159.9478321, 70.1412902], [159.9240196, 70.1060459], [159.9317, 70.0846753], [159.9497287, 70.077287], [159.8798696, 70.0321115], [159.8605605, 70.0033519], [159.8646591, 69.9800101], [159.7728165, 69.9313037], [159.7412103, 69.9048368], [159.7412103, 69.8566542], [159.8496996, 69.8088352], [159.9087511, 69.7874946], [160.3962694, 69.6842816], [160.5610643, 69.6823743], [160.7066331, 69.659951], [160.786284, 69.6661556], [160.8700548, 69.6952451], [161.012877, 69.6823743], [161.078795, 69.6656784], [161.1350999, 69.6422819], [161.1584459, 69.6212509], [161.1090074, 69.5316369], [161.0073839, 69.484523], [160.9909044, 69.4459856], [161.0389696, 69.4348933], [161.262816, 69.5076121], [161.2971483, 69.5349983], [161.3122545, 69.5867917], [161.3417809, 69.6112059], [161.3781731, 69.617903], [161.5518945, 69.619816], [161.6150658, 69.6133587], [161.674804, 69.6375038], [161.7778008, 69.6389373], [161.8986504, 69.6518344], [161.9144433, 69.6446703], [161.8993371, 69.6112059], [161.8979638, 69.5843964], [161.9178765, 69.5589921], [161.9306362, 69.5033168], [161.949892, 69.5034647], [162.0465374, 69.5223], [162.0737028, 69.5400388], [162.0632743, 69.5617794], [162.1122942, 69.5717988], [162.1429145, 69.590952], [162.1800712, 69.5861981], [162.2297805, 69.5969037], [162.2366953, 69.6125157], [162.2119921, 69.6202903], [162.2203177, 69.624099], [162.2207522, 69.6352402], [162.2811257, 69.6251449], [162.3610151, 69.6345552], [162.3838279, 69.6517716], [162.3784381, 69.6672075], [162.3627859, 69.6782853], [162.4112671, 69.6589979], [162.4701118, 69.6552512], [162.4653207, 69.6490427], [162.4889156, 69.6345102], [162.4558039, 69.6236073], [162.3782977, 69.6160006], [162.3480094, 69.5961202], [162.32411, 69.5909937], [162.373293, 69.581873], [162.4140585, 69.5554538], [162.412578, 69.5494213], [162.3422883, 69.54897], [162.3428533, 69.5319817], [162.3223333, 69.5285336], [162.3574572, 69.4979359], [162.4170856, 69.4708466], [162.4320791, 69.4542064], [162.4061853, 69.4249357], [162.3590938, 69.4177906], [162.3494998, 69.4063869], [162.4554988, 69.3808833], [162.4957058, 69.3833447], [162.5427808, 69.3737271], [162.5457411, 69.3552193], [162.5272299, 69.346835], [162.5283476, 69.3348443], [162.5135333, 69.3285052], [162.5629968, 69.2887697], [162.6989639, 69.2440106], [162.6966009, 69.2368888], [162.7247715, 69.2232956], [162.7257231, 69.2081894], [162.7346607, 69.1999442], [162.7724733, 69.1813515], [162.8264636, 69.183649], [162.8197663, 69.1748575], [162.7936392, 69.1711414], [162.7647711, 69.1546245], [162.6888623, 69.1464229], [162.6796153, 69.1332771], [162.6853167, 69.1238388], [162.6248802, 69.1240275], [162.5357319, 69.1074622], [162.5306606, 69.1012725], [162.5365389, 69.0955485], [162.5113926, 69.0841291], [162.5234822, 69.0784176], [162.5108443, 69.0675569], [162.5274549, 69.0473259], [162.5609094, 69.0453258], [162.5770962, 69.0353017], [162.5513776, 69.0217051], [162.557192, 68.9982008], [162.539667, 68.9825843], [162.5795496, 68.9612108], [162.623231, 68.9562145], [162.7517995, 68.9171881], [162.7738969, 68.9032569], [162.7636066, 68.8801644], [162.798809, 68.8547329], [162.8492179, 68.8426762], [162.8552088, 68.8312292], [162.7993705, 68.8228542], [162.7727089, 68.8068935], [162.7672493, 68.7889801], [162.7381037, 68.7698636], [162.5916083, 68.7776316], [162.5885237, 68.7416011], [162.6004512, 68.7287502], [162.5922481, 68.725443], [162.5912188, 68.7139326], [162.6085763, 68.6995706], [162.6032436, 68.6853695], [162.6664045, 68.6630207], [162.7095875, 68.6582413], [162.7258638, 68.6014719], [162.7516852, 68.5839546], [162.7239382, 68.5737626], [162.7134544, 68.5557266], [162.6645382, 68.5358494], [162.6514036, 68.5122716], [162.5903262, 68.4998591], [162.5638244, 68.483344], [162.6001126, 68.4636286], [162.6165632, 68.4373204], [162.5560079, 68.3930501], [162.5465064, 68.3656686], [162.5313316, 68.353598], [162.5479502, 68.3330411], [162.4645708, 68.306676], [162.4633765, 68.2926028], [162.4475257, 68.2841032], [162.3954127, 68.2743168], [162.3129488, 68.2931891], [162.2932482, 68.3055006], [162.2060164, 68.3158941], [162.2089291, 68.3242363], [162.1945246, 68.3346203], [162.0546087, 68.338086], [161.9804952, 68.3594827], [161.9567386, 68.3596916], [161.8936562, 68.3403466], [161.8322937, 68.3549426], [161.7139804, 68.3452927], [161.6848334, 68.3562765], [161.6766328, 68.3682527], [161.6441368, 68.3756935], [161.449741, 68.3779357], [161.3330107, 68.3700282], [161.1999046, 68.3416929], [161.136985, 68.3146664], [161.0687625, 68.3023273], [161.0287567, 68.2844242], [160.7553297, 68.2583807], [160.7317102, 68.2479893], [160.6756429, 68.2541166], [160.5724415, 68.2451766], [160.4747404, 68.2492651], [160.4391957, 68.2416982], [160.4245176, 68.2488481], [160.3934656, 68.2387482], [160.2712311, 68.2598837], [160.1074152, 68.2596791], [160.0699739, 68.2672928], [160.0263588, 68.263318], [159.9967781, 68.2518604], [159.9398532, 68.259804], [159.8499866, 68.2535869], [159.7929428, 68.2262409], [159.8120619, 68.2058352], [159.7875673, 68.2027882], [159.8055408, 68.1893472], [159.7778892, 68.1815398], [159.7239067, 68.1821964], [159.7288697, 68.1903418], [159.7182591, 68.1973324], [159.6843278, 68.2035975], [159.6565724, 68.2228419], [159.6370405, 68.2230306], [159.6105544, 68.2108567], [159.5196357, 68.2116053], [159.4672672, 68.1938139], [159.4368502, 68.2007826], [159.4214413, 68.1967332], [159.4176247, 68.1865709], [159.3669342, 68.1875187], [159.3522205, 68.1985733], [159.3399707, 68.1890917], [159.2448844, 68.1897733], [159.2118534, 68.168098], [159.1493232, 68.1694846], [159.0320739, 68.1490871], [158.9804828, 68.1239323], [158.9370364, 68.120201], [158.8979713, 68.1017705], [158.8062522, 68.121998], [158.7682708, 68.1080867], [158.7055334, 68.1137227], [158.658546, 68.1283206], [158.4975316, 68.0913199], [158.3735119, 68.0775537], [158.3799986, 68.0705571], [158.3737617, 68.0636186], [158.3251455, 68.0605556], [158.32669, 68.0500312], [158.3004999, 68.0487728], [158.2917873, 68.0344936], [158.3091225, 68.0207234], [158.2978033, 68.0129353], [158.3005474, 68.0034439], [158.2735344, 67.9982011], [158.2694966, 67.9902373], [158.276, 67.9846726], [158.2533229, 67.9665352], [158.2350195, 67.9640851], [158.213386, 67.9404952], [158.215908, 67.9348214], [158.1879404, 67.9307699], [158.1910679, 67.9242444], [158.1002847, 67.9120412], [158.096407, 67.8864586], [158.0796956, 67.8750191], [158.0568028, 67.8735269], [158.0810784, 67.8654566], [158.081936, 67.8361573], [158.1081556, 67.8213574], [158.1817835, 67.8196326], [158.2123337, 67.8302044], [158.254432, 67.8226666], [158.2859822, 67.8055207], [158.2909091, 67.7876861], [158.3187657, 67.7732704], [158.3146753, 67.7580494], [158.3587031, 67.7363119], [158.3642175, 67.7247625], [158.2392281, 67.7087211], [158.1822503, 67.7147119], [158.1653784, 67.705728], [158.1698673, 67.6948152], [158.1448117, 67.7019768], [158.1153601, 67.6969559], [158.1156148, 67.7103354], [158.0832974, 67.7181312], [157.9841592, 67.7119173], [157.9420388, 67.7239696], [157.8881716, 67.7032298], [157.8836057, 67.6940873], [157.8100906, 67.6745681], [157.8481205, 67.6594775], [157.7775568, 67.6222533], [157.7735195, 67.602328], [157.757754, 67.5922046], [157.78304, 67.5746872], [157.7440885, 67.5575737], [157.737204, 67.5356502], [157.7436803, 67.5237435], [157.7307809, 67.5167466], [157.7994468, 67.489086], [157.7880385, 67.4763987], [157.7954198, 67.4707074], [157.789445, 67.4626173], [157.7930541, 67.4490082], [157.8848337, 67.4319173], [157.9093462, 67.4193938], [157.8986375, 67.4132358], [157.8991849, 67.3993589], [157.8449313, 67.3690589], [157.8474709, 67.3625581], [157.8077269, 67.3514988], [157.8426059, 67.3332607], [157.8113721, 67.3083253], [157.8390659, 67.2860786], [157.8804882, 67.2839305], [157.9233966, 67.2545993], [157.9734387, 67.2550159], [158.0026317, 67.2471971], [158.0165542, 67.2336727], [158.0931552, 67.2276823], [158.1100393, 67.2139347], [158.1711082, 67.19888], [158.1606119, 67.1892823], [158.1848073, 67.1855829], [158.1990363, 67.1719695], [158.2412291, 67.1658884], [158.2484777, 67.1576759], [158.2425822, 67.1446587], [158.2778834, 67.1506951], [158.311666, 67.1393372], [158.3249453, 67.1426436], [158.3808977, 67.1011852], [158.438698, 67.1033876], [158.5139127, 67.0793703], [158.5567329, 67.0763323], [158.5740556, 67.0647127], [158.6262141, 67.0566835], [158.6436451, 67.0627336], [158.6633631, 67.0498269], [158.7139604, 67.0373571], [158.7473163, 67.0211482], [158.7370807, 67.0171718], [158.7400839, 67.0028322], [158.7814595, 66.9898966], [158.7821248, 66.9792729], [158.8117918, 66.9627645], [158.8135615, 66.9377484], [158.7820854, 66.9247889], [158.7859477, 66.9161324], [158.8100205, 66.906377], [158.787335, 66.8938705], [158.8412094, 66.8713429], [158.8631998, 66.869575], [158.8608667, 66.8541779], [158.8818804, 66.8433909], [158.8471269, 66.8372389], [158.8582433, 66.8173527], [158.893509, 66.8037695], [158.9348677, 66.768745], [158.9600363, 66.7605868], [158.8704228, 66.7496637], [158.843127, 66.7419858], [158.8456774, 66.7330774], [158.8126711, 66.7259646], [158.8116536, 66.7197496], [158.7755143, 66.7260841], [158.7204987, 66.7024931], [158.7228249, 66.69568], [158.7116915, 66.6878687], [158.7237792, 66.6739121], [158.7421043, 66.6706821], [158.7133819, 66.6596654], [158.7225905, 66.6417646], [158.6669225, 66.615566], [158.6692256, 66.6014314], [158.6425089, 66.590668], [158.6362401, 66.5664245], [158.5736381, 66.5606913], [158.5350208, 66.5484311], [158.5442281, 66.5301266], [158.4907416, 66.5029672], [158.5070812, 66.4730442], [158.5043914, 66.4629005], [158.3695729, 66.4335589], [158.3773022, 66.4204361], [158.3702524, 66.4111566], [158.3866621, 66.4045779], [158.4042506, 66.4151577], [158.4153576, 66.4129264], [158.4261207, 66.4015994], [158.448261, 66.3989206], [158.4666871, 66.3860714], [158.465944, 66.3752045], [158.497232, 66.371065], [158.4934453, 66.3653057], [158.5074551, 66.3561782], [158.5510155, 66.3426615], [158.4982428, 66.3221148], [158.5054842, 66.3112621], [158.4965533, 66.3056262], [158.4972664, 66.2872666], [158.4512542, 66.2741896], [158.4325608, 66.2608584], [158.4413484, 66.2482285], [158.4379932, 66.2224539], [158.4033462, 66.2197399], [158.41131, 66.2046406], [158.4322566, 66.2033702], [158.4725781, 66.1705181], [158.4555043, 66.160289], [158.4751147, 66.1469156], [158.4980134, 66.1135993], [158.5177085, 66.1049185], [158.507274, 66.0954102], [158.4794358, 66.0928911], [158.4645434, 66.0809795], [158.3827679, 66.1019542], [158.2842126, 66.1008428], [158.285921, 66.1153649], [158.2303545, 66.121426], [158.2196295, 66.1327986], [158.1882912, 66.1426034], [158.1631652, 66.1339849], [158.0921313, 66.1343229], [158.0008048, 66.1117753], [157.8749976, 66.1000995], [157.7386245, 66.0986418], [157.6626674, 66.0539724], [157.6555013, 66.0340272], [157.6090065, 66.0203806], [157.5680771, 66.0211855], [157.4330869, 65.9946903], [157.4081445, 65.9686501], [157.4204797, 65.9531326], [157.4588176, 65.9372764], [157.4475489, 65.9110232], [157.4094535, 65.9128968], [157.3351585, 65.8918272], [157.3036315, 65.9066882], [157.2183907, 65.8952649], [157.083926, 65.9146006], [157.0237249, 65.9425843], [156.9600467, 65.9574358], [157.0074938, 65.967261], [157.0191336, 65.9772997], [157.0135038, 65.9934366], [157.0329639, 65.9992876], [157.0343833, 66.0073346], [156.926616, 66.0365045], [156.9043843, 66.0640537], [156.8412248, 66.0828171], [156.8193533, 66.1029135], [156.7665671, 66.1224558], [156.7618848, 66.1393289], [156.767952, 66.1524931], [156.6740038, 66.1890431], [156.6297191, 66.1755297], [156.643449, 66.1463866], [156.5747912, 66.1383046], [156.564943, 66.1267075], [156.5385532, 66.1194117], [156.5332339, 66.1043818], [156.549084, 66.0993239], [156.5412486, 66.0904128], [156.4958901, 66.0832478], [156.4552275, 66.0652105], [156.4706026, 66.0492386], [156.4331554, 66.0339168], [156.3550729, 66.0600558], [156.2986247, 66.0578285], [156.2667419, 66.0646265], [156.2465237, 66.0586376], [156.145336, 66.0704777], [156.0914232, 66.0710333], [156.0879101, 66.0601739], [156.0606425, 66.0462241], [156.006589, 66.0736015], [155.9484706, 66.0677569], [155.9410733, 66.0872612], [155.9069517, 66.0883829], [155.8592573, 66.1054882], [155.8129296, 66.1473781], [155.7479721, 66.161196], [155.6486151, 66.1205874], [155.622894, 66.1198386], [155.5662506, 66.1407424], [155.5281765, 66.1442201], [155.4984189, 66.1339559], [155.4288947, 66.1335795], [155.3982207, 66.1254487], [155.3648737, 66.1324347], [155.3622415, 66.143519], [155.3198226, 66.1591237], [155.288253, 66.1588814], [155.2645397, 66.181923], [155.2129125, 66.1838466], [155.2008533, 66.1756659], [155.1709842, 66.1832401], [155.1516723, 66.1752845], [155.1578055, 66.1639618], [155.1442178, 66.1577387], [155.1022048, 66.1694767], [155.057722, 66.1603381], [155.0669018, 66.1541602], [155.0663723, 66.1386721], [155.0753295, 66.1281032], [154.8949728, 66.1093225], [154.8870252, 66.1501437], [154.8592145, 66.1548734], [154.8430255, 66.1682457], [154.6635212, 66.1812604], [154.6102785, 66.1959504], [154.6124839, 66.2045294], [154.5918417, 66.2186547], [154.5178985, 66.2197449], [154.4630769, 66.1831652], [154.3958691, 66.1838449], [154.3798866, 66.1680813], [154.3919972, 66.1454776], [154.3896183, 66.1288204], [154.3649563, 66.1033992], [154.3025833, 66.1029287], [154.2673301, 66.0886212], [154.2656982, 66.076408], [154.2512948, 66.0718959], [154.2289444, 66.0479785], [154.2367957, 66.0382412], [154.3705424, 66.0305811], [154.3910976, 65.9988092], [154.4300583, 65.9943567], [154.3786893, 65.9741697], [154.4156575, 65.9501509], [154.4118057, 65.9225263], [154.3877019, 65.9014372], [154.3254799, 65.8775328], [154.3386971, 65.8555752], [154.310465, 65.8448385], [154.2977015, 65.8244697], [154.2755411, 65.821332], [154.2653459, 65.8053315], [154.1977495, 65.7951324], [154.1597253, 65.7695473], [154.1321213, 65.779132], [154.1068649, 65.7765273], [154.088477, 65.7859183], [154.0997674, 65.837118], [154.0874329, 65.8502635], [154.0341371, 65.8546089], [154.0196309, 65.868891], [153.9566732, 65.8730488], [153.7977404, 65.8550257], [153.7547273, 65.8708521], [153.6786794, 65.8424477], [153.633027, 65.8460468], [153.5965919, 65.8367732], [153.5766792, 65.8221534], [153.5285282, 65.8093894], [153.5322618, 65.7980266], [153.4944963, 65.7654056], [153.484025, 65.7470612], [153.5236766, 65.7334185], [153.5492808, 65.7368894], [153.551835, 65.7213904], [153.5718142, 65.712118], [153.5703524, 65.7046456], [153.5805762, 65.6979601], [153.5686295, 65.6852453], [153.5171985, 65.6669052], [153.5104995, 65.6539623], [153.5406015, 65.6355792], [153.4902156, 65.5850072], [153.4872755, 65.5505352], [153.4694748, 65.540324], [153.4610286, 65.4998741], [153.4413109, 65.4834932], [153.4618939, 65.4598703], [153.5003428, 65.4627155], [153.5468959, 65.4475994], [153.5626029, 65.4360058], [153.5583972, 65.4292613], [153.5898971, 65.40741], [153.587923, 65.3998006], [153.5667152, 65.3965438], [153.5630691, 65.3858744], [153.5302447, 65.3661572], [153.5104179, 65.3619711], [153.5001182, 65.3462583], [153.4399164, 65.3580921], [153.3830451, 65.3339393], [153.2024573, 65.3010722], [153.1900353, 65.295752], [153.1860628, 65.2755188], [153.1703361, 65.254409], [153.1530618, 65.2441299], [153.1214332, 65.2644651], [152.9734994, 65.2429895], [152.9339736, 65.2557376], [152.9087819, 65.2506797], [152.8764376, 65.2332079], [152.8756295, 65.2244828], [152.7978211, 65.2068309], [152.7618541, 65.2293313], [152.7173736, 65.2211828], [152.7127904, 65.2133992], [152.7273812, 65.1970456], [152.7160914, 65.1824245], [152.6761471, 65.1803852], [152.6614704, 65.1684827], [152.6563163, 65.130427], [152.6449632, 65.1150286], [152.6467993, 65.0828051], [152.6302237, 65.0605082], [152.5686556, 65.0250883], [152.5786246, 65.0161545], [152.567701, 65.0004589], [152.5257357, 64.9938622], [152.5193136, 64.9766294], [152.5279562, 64.9474552], [152.5410424, 64.9353879], [152.5187138, 64.9163838], [152.5498441, 64.8861514], [152.5489483, 64.8646033], [152.5613194, 64.8591204], [152.5610652, 64.8490295], [152.5848427, 64.8357431], [152.5757217, 64.8148812], [152.6263618, 64.8044149], [152.6546001, 64.8092558], [152.7482414, 64.7743448], [152.7771411, 64.7458194], [152.807722, 64.7431426], [152.8318331, 64.7098042], [152.8472834, 64.7013926], [152.8287819, 64.6875429], [152.8278064, 64.6782439], [152.7785825, 64.6672838], [152.7832174, 64.664713], [152.7619314, 64.6461037], [152.7337789, 64.6398549], [152.726496, 64.6244211], [152.6211261, 64.6104479], [152.5981235, 64.5825011], [152.5373554, 64.5618632], [152.4882173, 64.5625084], [152.4815654, 64.5510036], [152.4411391, 64.5373723], [152.3988364, 64.528184], [152.3765086, 64.5333129], [152.3570543, 64.5112095], [152.4030701, 64.4921119], [152.4355098, 64.4677845], [152.4232841, 64.4539661], [152.4442898, 64.4417599], [152.4495113, 64.4280678], [152.4278137, 64.4081594], [152.4477171, 64.3943458], [152.4163848, 64.3840743], [152.3642866, 64.38368], [152.3465108, 64.3743219], [152.346436, 64.3673966], [152.2900343, 64.3769945], [152.2679758, 64.3725029], [152.2543287, 64.3545479], [152.2094392, 64.3603423], [152.1406459, 64.3522447], [152.1245098, 64.3711293], [152.144173, 64.3845802], [152.1151627, 64.3954493], [152.099489, 64.4090664], [152.1018481, 64.4166791], [152.0827172, 64.4222002], [152.0908757, 64.4329358], [152.0734399, 64.4366854], [152.0715382, 64.4522854], [152.0564815, 64.4543859], [152.0453874, 64.4689765], [152.0167923, 64.4779716], [151.9908714, 64.4761595], [151.9716024, 64.4900063], [151.9202327, 64.4746986], [151.7741489, 64.459623], [151.7554807, 64.4500554], [151.7012357, 64.4452796], [151.6648435, 64.4514065], [151.6040754, 64.4355217], [151.4957571, 64.4259642], [151.4820241, 64.4209433], [151.4810785, 64.3908341], [151.4475631, 64.3835449], [151.4183979, 64.357932], [151.4198615, 64.3483682], [151.4053829, 64.3299111], [151.388698, 64.3313142], [151.3706159, 64.3673052], [151.3176584, 64.3729299], [151.3103628, 64.3600452], [151.2731649, 64.3566902], [151.2517, 64.344147], [151.2258794, 64.3546062], [151.1679267, 64.359321], [151.0837348, 64.3464744], [151.0442318, 64.3511065], [150.9939559, 64.3329851], [150.7943057, 64.3273425], [150.6383943, 64.3371388], [150.5865955, 64.3039622], [150.5945348, 64.292851], [150.6520843, 64.2824616], [150.6751298, 64.2686775], [150.6807947, 64.2539918], [150.6618389, 64.2417704], [150.6639369, 64.2314704], [150.6417417, 64.2224134], [150.6682935, 64.1926999], [150.6588769, 64.1864321], [150.6616763, 64.1758464], [150.650711, 64.1675272], [150.5842645, 64.1766636], [150.5525207, 64.1656946], [150.5186304, 64.1827483], [150.4806911, 64.1850677], [150.4319286, 64.2044911], [150.3751546, 64.2149249], [150.3365307, 64.2166607], [150.3125125, 64.20838], [150.2369993, 64.2122568], [150.1962462, 64.2268649], [150.1978875, 64.238955], [150.2122956, 64.2503981], [150.2016295, 64.2640349], [150.0927781, 64.2818113], [150.0836877, 64.2927985], [150.0912806, 64.3025138], [150.0792842, 64.3072649], [150.078898, 64.318663], [150.0501749, 64.3222455], [150.0410509, 64.3319823], [150.0420523, 64.3452633], [150.0167709, 64.350929], [150.0306701, 64.3683634], [150.0440221, 64.3677586], [150.077362, 64.3868659], [150.0722551, 64.3918374], [150.0786675, 64.3966703], [150.0664615, 64.4075992], [150.0971635, 64.416522], [150.0954723, 64.4232223], [150.1350267, 64.4289087], [150.1198911, 64.4390031], [150.1403617, 64.4487782], [150.1426792, 64.4698347], [150.027194, 64.4989133], [149.9952221, 64.4966591], [149.9992561, 64.5079836], [149.9760818, 64.5283117], [149.9775409, 64.544364], [149.9356985, 64.553659], [149.8424863, 64.5629508], [149.8216724, 64.552737], [149.7735214, 64.5487168], [149.7308206, 64.5172171], [149.6976471, 64.5129701], [149.6808672, 64.5016107], [149.6558046, 64.4996708], [149.6481227, 64.4907271], [149.5850372, 64.4737], [149.5606211, 64.4500307], [149.5621633, 64.4349476], [149.5116808, 64.4258791], [149.5017814, 64.4052819], [149.4771051, 64.404188], [149.4471931, 64.4165516], [149.3609384, 64.42002], [149.3438282, 64.4112148], [149.3486951, 64.40046], [149.3710613, 64.3897228], [149.3674993, 64.3804462], [149.3394921, 64.3767547], [149.1952112, 64.3818174], [149.1890208, 64.3908101], [149.1936437, 64.3990733], [149.178614, 64.4073605], [149.1928339, 64.4197018], [149.1642675, 64.4264229], [149.1153362, 64.4194293], [149.0411354, 64.4314749], [148.9815777, 64.4229395], [148.9416503, 64.4325215], [148.9259862, 64.4298913], [148.9237546, 64.4216474], [148.8650894, 64.4112139], [148.8516705, 64.4187597], [148.816595, 64.4095642], [148.7938499, 64.4151246], [148.7050151, 64.4031683], [148.6058378, 64.4447242], [148.5818481, 64.44241], [148.5537815, 64.4516286], [148.5516786, 64.4739959], [148.5122394, 64.485182], [148.5250316, 64.4960546], [148.5115528, 64.5068939], [148.4584665, 64.5103292], [148.4444761, 64.5243986], [148.3273172, 64.5292529], [148.2745675, 64.4830298], [148.2397458, 64.4812259], [148.2340479, 64.4573517], [148.2234082, 64.4528941], [148.2249114, 64.4422302], [148.179806, 64.4248654], [148.0947252, 64.4277042], [148.0551955, 64.4184761], [148.0484073, 64.4101541], [148.0652986, 64.3975056], [148.0886858, 64.3933278], [148.0725238, 64.3840083], [148.0884933, 64.3743962], [148.1395626, 64.3775327], [148.1276321, 64.3714078], [148.1807613, 64.3470617], [148.1893014, 64.3361165], [148.2337617, 64.3234564], [148.2306289, 64.3159896], [148.2573652, 64.2998309], [148.1998586, 64.2813815], [148.3145047, 64.2206961], [148.2895166, 64.2186075], [148.2609415, 64.2007642], [148.2671941, 64.1943106], [148.2569754, 64.1814455], [148.2789209, 64.1668487], [148.2609066, 64.1587527], [148.2635174, 64.1527851], [148.2297954, 64.1532538], [148.2159605, 64.1381355], [148.2243181, 64.1317612], [148.1856998, 64.1170227], [148.1879916, 64.1060269], [148.1596924, 64.1025039], [148.1642245, 64.0856229], [148.1784856, 64.0747033], [148.1761228, 64.0618108], [148.1600903, 64.0523919], [148.1773286, 64.0240593], [148.1370441, 64.0129232], [148.1108993, 64.0163394], [148.085413, 64.0060417], [148.0811766, 63.9975572], [148.0695043, 63.9963053], [148.0792903, 63.9825142], [148.0718391, 63.9722421], [148.0323974, 63.9645044], [148.0182186, 63.9521268], [148.0183431, 63.9361357], [147.9055395, 63.9474947], [147.9214894, 63.9620551], [147.8950414, 63.9697603], [147.8809222, 63.9691816], [147.8627533, 63.9504896], [147.8192781, 63.9473631], [147.7850773, 63.9544597], [147.7772319, 63.9634727], [147.7776395, 63.9813388], [147.8046444, 63.9952126], [147.7749805, 64.0033429], [147.7741782, 64.0106538], [147.6708158, 64.0113458], [147.6775339, 64.0257594], [147.6532485, 64.0350446], [147.6804026, 64.052988], [147.6517689, 64.0669432], [147.7192301, 64.0936952], [147.7329255, 64.1164283], [147.725611, 64.1261867], [147.7001533, 64.1337432], [147.6723946, 64.1601181], [147.6486214, 64.1652022], [147.6437736, 64.1780013], [147.5850921, 64.1634474], [147.5681923, 64.1451996], [147.4772333, 64.1432075], [147.3686915, 64.1228036], [147.3423666, 64.1114436], [147.3449298, 64.1023937], [147.3713424, 64.1017125], [147.3864891, 64.0917505], [147.3832793, 64.0819406], [147.3615058, 64.0766412], [147.3580741, 64.0602067], [147.3181629, 64.0464056], [147.2203159, 64.0419916], [147.1830439, 64.0562736], [147.1333265, 64.0905825], [147.1069979, 64.0994132], [147.1045303, 64.1070511], [147.0065117, 64.1342493], [146.8853831, 64.1385739], [146.8328762, 64.1531245], [146.8088098, 64.1466989], [146.7227983, 64.1558186], [146.6924142, 64.1508044], [146.6475248, 64.1697711], [146.615467, 64.1686866], [146.541953, 64.1894536], [146.4734172, 64.1962542], [146.414709, 64.198253], [146.3440745, 64.1883307], [146.290997, 64.2064152], [146.2712427, 64.1857537], [146.2417101, 64.1835643], [146.2196597, 64.2005406], [146.1892166, 64.1933032], [146.1542209, 64.1998686], [146.1382274, 64.2086373], [146.1475306, 64.2144241], [146.1130891, 64.2344103], [146.0793998, 64.2423079], [146.0727887, 64.2536255], [146.0815376, 64.2697168], [146.0501444, 64.2889074], [145.9339144, 64.3360798], [145.8807875, 64.3478046], [145.8677235, 64.3827779], [145.8754827, 64.3987768], [145.7783341, 64.42615], [145.7612717, 64.424612], [145.7429425, 64.4401595], [145.6920325, 64.4330702], [145.694487, 64.4257057], [145.6675672, 64.413997], [145.5332852, 64.4272608], [145.5184001, 64.4315497], [145.511116, 64.4480153], [145.4934202, 64.4561079], [145.4664609, 64.4506107], [145.4310297, 64.4583952], [145.4022493, 64.4417821], [145.3095741, 64.449996], [145.2921159, 64.4441389], [145.2571994, 64.4661434], [145.2314901, 64.4708796], [145.2458238, 64.4780086], [145.2329063, 64.4936609], [145.1785916, 64.5119752], [145.1408314, 64.5443455], [145.1096554, 64.5378722], [145.075491, 64.5430456], [145.0609623, 64.5290887], [144.9920794, 64.5359319], [144.9627844, 64.5514503], [144.9582714, 64.5638824], [144.9226027, 64.5738784], [144.8403391, 64.5593082], [144.8208223, 64.5664498], [144.7834117, 64.5591721], [144.7632615, 64.579164], [144.7277116, 64.5880672], [144.7224068, 64.5943011], [144.7293347, 64.6011449], [144.7082344, 64.6114667], [144.6484567, 64.6244653], [144.6099773, 64.6455789], [144.5343303, 64.6564662], [144.5432138, 64.6705246], [144.5822668, 64.6779594], [144.5960641, 64.6946483], [144.6638703, 64.7168169], [144.6737408, 64.7300745], [144.6710801, 64.740405], [144.7031808, 64.7529097], [144.6929025, 64.7643841], [144.6960139, 64.7756433], [144.6462106, 64.7889636], [144.6117711, 64.8114842], [144.6037245, 64.8342141], [144.5523762, 64.8450976], [144.5346951, 64.8659218], [144.4489717, 64.8838155], [144.353292, 64.8903997], [144.3541717, 64.9047644], [144.3442368, 64.910702], [144.3467581, 64.9249241], [144.3265986, 64.9349255], [144.319936, 64.9495253], [144.2871702, 64.9659787], [144.2844987, 64.9824719], [144.2925668, 64.9917216], [144.2852443, 65.006975], [144.2364621, 65.0371985], [144.2393952, 65.0253195], [144.232309, 65.0192848], [144.163149, 65.0171615], [144.0873382, 65.0347617], [144.0396881, 65.0244079], [144.019947, 65.032923], [144.0165138, 65.0421236], [143.8949775, 65.0560271], [143.8761806, 65.0521899], [143.8735198, 65.0401316], [143.8530921, 65.0321622], [143.7907362, 65.0339374], [143.6750364, 65.0653282], [143.6643076, 65.075874], [143.6268854, 65.0662871], [143.5357761, 65.0708277], [143.523159, 65.0796536], [143.5520839, 65.1100152], [143.5482215, 65.1145304], [143.3760452, 65.1387545], [143.3671617, 65.1441848], [143.3703374, 65.1523371], [143.3559179, 65.1571335], [143.2815242, 65.1565791], [143.1641292, 65.1811567], [143.0579566, 65.174671], [143.0223369, 65.1652278], [142.9891204, 65.17186], [142.9718684, 65.2067959], [142.979679, 65.214929], [142.9748725, 65.2296773], [142.9849148, 65.2534282], [142.9196405, 65.2955036], [142.9123019, 65.3171345], [142.8639793, 65.3160951], [142.8143691, 65.3324348], [142.7777194, 65.324087], [142.7283668, 65.3358377], [142.7043342, 65.3299988], [142.7053641, 65.3234779], [142.6942062, 65.3181381], [142.6627921, 65.3129406], [142.6249408, 65.3305362], [142.4988555, 65.3246245], [142.4707889, 65.3332587], [142.4473571, 65.3301063], [142.3384379, 65.3439311], [142.2969817, 65.3407799], [142.2333812, 65.3531674], [142.2072887, 65.3656206], [142.1011161, 65.3645115], [142.0866107, 65.3708434], [142.1030473, 65.3887399], [142.1000433, 65.3960844], [141.9398402, 65.3935829], [141.8810462, 65.4036949], [141.8748664, 65.428601], [141.8515634, 65.4489903], [141.8578719, 65.4575836], [141.8509197, 65.4672433], [141.801052, 65.4677779], [141.7060374, 65.4419638], [141.5996932, 65.4479561], [141.5190124, 65.4689183], [141.4939498, 65.4682056], [141.470003, 65.4587601], [141.4694022, 65.4488476], [141.453781, 65.4475637], [141.4290618, 65.4631446], [141.4336967, 65.471377], [141.4240836, 65.4747619], [141.3918113, 65.4803905], [141.3453769, 65.4626456], [141.3369655, 65.4745481], [141.3428878, 65.4875491], [141.2011813, 65.5147413], [141.1733722, 65.5087643], [141.1498546, 65.5136029], [141.141529, 65.5165911], [141.1440181, 65.5273668], [141.0967254, 65.5369652], [141.0759544, 65.5516758], [141.0743236, 65.5630762], [141.0550975, 65.5709931], [140.9986209, 65.5669817], [140.9790515, 65.5431844], [140.9246348, 65.5417275], [140.8768272, 65.55196], [140.8582877, 65.5679757], [140.7862758, 65.5554055], [140.7249927, 65.5626856], [140.6955527, 65.5529546], [140.6869697, 65.5367164], [140.6686019, 65.5281846], [140.6455134, 65.5287534], [140.6249999, 65.5408746], [140.5410575, 65.5475193], [140.5116176, 65.5637153], [140.368612, 65.5535637], [140.3414598, 65.5645082], [140.3459282, 65.5697779], [140.3253821, 65.5865711], [140.2146944, 65.606591], [140.1950984, 65.6271672], [140.2006959, 65.6353752], [140.234642, 65.6431816], [140.2155447, 65.6664278], [140.2200507, 65.6799519], [140.2573871, 65.695253], [140.3060531, 65.6989268], [140.3081988, 65.705284], [140.2902602, 65.7167583], [140.3868198, 65.7682415], [140.4045009, 65.7995396], [140.3850174, 65.8081936], [140.344634, 65.8076132], [140.3352355, 65.8281991], [140.2390623, 65.8504892], [140.1863495, 65.8719882], [140.1818132, 65.8833358]]], [[[162.3692983, 70.6430508], [162.3660368, 70.6500444], [162.384941, 70.6524775], [162.5032264, 70.6408103], [162.4795747, 70.6363606], [162.4782819, 70.6279441], [162.4190801, 70.6334612], [162.3781335, 70.6200101], [162.3245698, 70.6235637], [162.2376823, 70.6458563], [162.2696435, 70.6508567], [162.276628, 70.6414985], [162.3186743, 70.6367661], [162.3692983, 70.6430508]]], [[[161.5487623, 70.8176524], [161.5730309, 70.8053597], [161.6295344, 70.8023117], [161.66399, 70.7880538], [161.6944384, 70.7908356], [161.6935694, 70.7821499], [161.6628742, 70.7823406], [161.6544199, 70.7719201], [161.6764354, 70.7477729], [161.7067337, 70.7414007], [161.7027211, 70.7286962], [161.7098451, 70.7146584], [161.7070234, 70.7137867], [161.6991591, 70.7138328], [161.6977376, 70.7141269], [161.7043733, 70.7167738], [161.6972279, 70.7244041], [161.6514265, 70.7358831], [161.6333913, 70.7502561], [161.5883579, 70.7662571], [161.4966953, 70.7754354], [161.5008849, 70.7874306], [161.5297508, 70.8042309], [161.5183782, 70.8133864], [161.5487623, 70.8176524]]], [[[161.6662404, 70.6593711], [161.6632175, 70.6707761], [161.6749603, 70.6866093], [161.692695, 70.6850967], [161.7088473, 70.6665446], [161.7070556, 70.6595834], [161.6662404, 70.6593711]]], [[[161.5138936, 70.8923598], [161.5605211, 70.8933151], [161.5894139, 70.8837447], [161.4273333, 70.889399], [161.4468974, 70.9161833], [161.4235488, 70.9250824], [161.4887774, 70.9289739], [161.5030548, 70.918864], [161.4892816, 70.9162553], [161.4884877, 70.9072487], [161.5138936, 70.8923598]]], [[[161.3603103, 70.8889529], [161.3682497, 70.8877454], [161.3564345, 70.8879886], [161.3603103, 70.8889529]]], [[[160.7406854, 70.7974039], [160.5911279, 70.795064], [160.5088162, 70.8072079], [160.4987097, 70.8139999], [160.5148244, 70.8248074], [160.5027866, 70.8335238], [160.5475795, 70.8477211], [160.5626964, 70.864912], [160.5586839, 70.8799445], [160.5034303, 70.8918822], [160.4743981, 70.8790729], [160.4759645, 70.8943475], [160.4306459, 70.9005692], [160.4468465, 70.9138207], [160.5186009, 70.9110981], [160.6765401, 70.8780151], [160.6649422, 70.8705312], [160.6832725, 70.8574693], [160.6730962, 70.8484533], [160.7464814, 70.8223334], [160.7619738, 70.8086258], [160.7406854, 70.7974039]]], [[[158.024082, 76.7977954], [158.144369, 76.7932], [158.0933131, 76.7813509], [158.024082, 76.7977954]]], [[[156.6416069, 77.0783363], [156.4834808, 77.07194], [156.4693314, 77.0763473], [156.4927359, 77.0842597], [156.488025, 77.0892673], [156.4939184, 77.1001311], [156.577671, 77.1113979], [156.6316809, 77.1028293], [156.6223223, 77.096776], [156.6416069, 77.0783363]]], [[[152.6249993, 76.1801014], [152.8433096, 76.1865799], [152.8316474, 76.1687436], [152.8469145, 76.1500641], [152.8401768, 76.1124429], [152.8328597, 76.0969967], [152.8207509, 76.0916559], [152.7410638, 76.0888405], [152.5410837, 76.1442804], [152.6249993, 76.1801014]]], [[[152.4546606, 75.7167134], [152.4728849, 75.7121483], [152.4451397, 75.71173], [152.4546606, 75.7167134]]], [[[146.1218709, 75.2316506], [146.1193925, 75.2460472], [146.1685681, 75.2429757], [146.2126422, 75.2529993], [146.2592161, 75.2878262], [146.2400436, 75.305483], [146.2629604, 75.3179397], [146.2694299, 75.3315109], [146.247266, 75.352278], [146.2319755, 75.3879307], [146.2451934, 75.394003], [146.2536371, 75.3902446], [146.2521887, 75.3833341], [146.2640333, 75.3911403], [146.3245118, 75.3944305], [146.2458157, 75.3985909], [146.2617373, 75.4112839], [146.3586295, 75.4404085], [146.4287102, 75.5061661], [146.3900328, 75.5179091], [146.3890028, 75.5485311], [146.4342517, 75.5799273], [146.4929008, 75.5887536], [146.6789603, 75.5492861], [146.7432153, 75.5156967], [146.7537135, 75.5028684], [146.7338356, 75.4876101], [146.652267, 75.467744], [146.6435927, 75.4361101], [146.7324007, 75.3969707], [146.731022, 75.3755306], [146.761229, 75.3612658], [146.9242859, 75.3274949], [147.1205485, 75.3195249], [147.3138499, 75.351667], [147.391988, 75.3437072], [147.4195719, 75.3297992], [147.4488079, 75.328071], [147.410109, 75.3461691], [147.3841774, 75.3494475], [147.4003994, 75.3517566], [147.3607564, 75.3556386], [147.3680734, 75.3634972], [147.3503065, 75.3682678], [147.3645329, 75.3702461], [147.3547267, 75.374955], [147.2073555, 75.3502615], [147.1976566, 75.3519004], [147.2069049, 75.3565445], [147.1909296, 75.3662432], [147.1212244, 75.3505546], [147.1657276, 75.3623531], [147.2857188, 75.3833612], [147.3542869, 75.407919], [147.3642969, 75.4049022], [147.3546839, 75.3992291], [147.3802829, 75.4007707], [147.3707986, 75.3886398], [147.3744035, 75.3837348], [147.4016332, 75.3824948], [147.4170184, 75.3858627], [147.436738, 75.3759681], [147.5127303, 75.3862335], [147.4405145, 75.3870754], [147.4335837, 75.3922389], [147.461543, 75.3919034], [147.4565005, 75.3971735], [147.465384, 75.3996078], [147.3275184, 75.414502], [147.4293136, 75.4281182], [147.516067, 75.4144669], [147.5037396, 75.4190525], [147.6170254, 75.4409398], [147.8161311, 75.4221353], [147.8761697, 75.405843], [148.0041218, 75.3924933], [148.3819592, 75.4012358], [148.581537, 75.3645328], [148.5753786, 75.3438076], [148.508656, 75.3143199], [148.5092783, 75.2983345], [148.5451126, 75.2727018], [148.5457563, 75.258059], [148.5210585, 75.2491617], [148.4894728, 75.2518604], [148.4594321, 75.2426642], [148.3720028, 75.2381597], [148.3996295, 75.2256231], [148.3385932, 75.2354831], [148.3037996, 75.2238008], [148.3377296, 75.2096528], [148.4280181, 75.2063603], [148.4544968, 75.2137059], [148.5060596, 75.2114275], [148.5252642, 75.2191812], [148.6867118, 75.1935944], [148.7765926, 75.1979889], [148.7969398, 75.1935396], [148.7731829, 75.1879024], [148.7922191, 75.185087], [148.828547, 75.1907646], [148.8298774, 75.2010037], [148.8511634, 75.2041823], [148.9987171, 75.2023958], [148.9804459, 75.1927828], [148.9911908, 75.1924278], [149.0030944, 75.2027493], [148.9425087, 75.2088763], [148.9756715, 75.2204484], [149.0509987, 75.225251], [149.1278654, 75.2276407], [149.118703, 75.2268611], [149.1569567, 75.225541], [149.153738, 75.222947], [149.1693806, 75.2177523], [149.1674387, 75.225593], [149.1759521, 75.2267571], [149.1304564, 75.2301587], [149.1731465, 75.2443421], [149.3829059, 75.2624648], [149.7553146, 75.2245355], [149.708333, 75.2167121], [149.7416997, 75.2124517], [149.770115, 75.2222], [149.751699, 75.2228978], [149.7642195, 75.2235709], [149.8190546, 75.2153541], [150.1426363, 75.204207], [150.2746171, 75.1768561], [150.3121197, 75.1503117], [150.2690434, 75.1511964], [150.2717256, 75.1451134], [150.2433586, 75.1425496], [150.2481329, 75.1319985], [150.3253269, 75.1385436], [150.3771686, 75.1175387], [150.5132283, 75.0972095], [150.6388932, 75.108568], [150.5251837, 75.0809229], [150.5447959, 75.0777958], [150.5922711, 75.0881691], [150.6628561, 75.0895164], [150.7237958, 75.104229], [150.7605529, 75.1192305], [150.7076597, 75.1282595], [150.7908404, 75.1423378], [150.9000063, 75.1428577], [150.962373, 75.1256103], [150.8478963, 75.0906869], [150.7984686, 75.0585881], [150.8042621, 75.0532649], [150.7953197, 75.0453086], [150.6910837, 75.0082735], [150.6652593, 74.9923488], [150.6566441, 74.974099], [150.6933421, 74.9584186], [150.6245595, 74.8718369], [150.6365704, 74.8634382], [150.526557, 74.8612948], [150.3845394, 74.8398216], [150.0548154, 74.8173541], [149.6876049, 74.7689108], [149.6823692, 74.7672646], [149.6982318, 74.7586632], [149.6750521, 74.7623872], [149.6788502, 74.7544503], [149.6656537, 74.7606501], [149.5987701, 74.7566507], [149.56447, 74.7459618], [149.5604306, 74.7516514], [149.5164585, 74.7521819], [149.1727388, 74.7288692], [148.9795287, 74.7295345], [148.7766516, 74.7410579], [148.7620711, 74.7467352], [148.7795377, 74.7454311], [148.7858462, 74.7485416], [148.7829173, 74.7515639], [148.7501621, 74.7481859], [148.7431025, 74.7437458], [148.7619477, 74.7411864], [148.7307322, 74.7375873], [148.6477339, 74.7423482], [148.6180258, 74.7493713], [148.5078943, 74.7541682], [148.4528017, 74.7631823], [148.3809239, 74.7672505], [148.3710372, 74.7735129], [148.3425951, 74.7653392], [148.1633162, 74.7865734], [148.0116963, 74.8295055], [148.0049908, 74.8390598], [147.949252, 74.8644566], [147.7804671, 74.9109612], [147.760663, 74.929031], [147.6891982, 74.953722], [147.5784585, 74.9687092], [147.3281443, 74.9812812], [147.1483469, 75.0031855], [146.9985723, 75.0482057], [146.7468095, 75.1062105], [146.3160843, 75.1680715], [146.1218709, 75.2316506]]], [[[150.7071876, 75.1277446], [150.656333, 75.1195639], [150.6755537, 75.1241878], [150.6986582, 75.1273343], [150.7071876, 75.1277446]]], [[[150.6827527, 75.1166031], [150.6945169, 75.1203277], [150.6949098, 75.1199627], [150.6827527, 75.1166031]]], [[[150.6740865, 75.1143556], [150.6798559, 75.1159018], [150.6812373, 75.115815], [150.6740865, 75.1143556]]], [[[150.6722492, 75.1159424], [150.6716376, 75.1156909], [150.6676197, 75.1158129], [150.6722492, 75.1159424]]], [[[150.6414494, 75.1111106], [150.6568801, 75.1134378], [150.6672388, 75.1162435], [150.6562257, 75.1128204], [150.6414494, 75.1111106]]], [[[150.3312063, 75.1388463], [150.3178865, 75.1438336], [150.3093839, 75.1494999], [150.3280735, 75.1433501], [150.3312063, 75.1388463]]], [[[150.2521402, 75.1360076], [150.2569842, 75.1389357], [150.2623165, 75.135354], [150.2521402, 75.1360076]]], [[[149.7377193, 75.215491], [149.7453314, 75.2203786], [149.7511518, 75.2166354], [149.7377193, 75.215491]]], [[[149.7445643, 74.7552035], [149.734742, 74.7566535], [149.7342271, 74.7569441], [149.7398436, 74.7568228], [149.7445643, 74.7552035]]], [[[149.7265989, 74.7579524], [149.7298121, 74.7582274], [149.7307107, 74.7580406], [149.7265989, 74.7579524]]], [[[149.7221947, 74.7573107], [149.7059029, 74.7608179], [149.7261, 74.7582218], [149.7221947, 74.7573107]]], [[[149.7124851, 74.757669], [149.7200489, 74.7566592], [149.7230369, 74.7545335], [149.7124851, 74.757669]]], [[[149.6975398, 74.7538973], [149.7000396, 74.757212], [149.7022819, 74.7556972], [149.6975398, 74.7538973]]], [[[149.5167804, 74.7400498], [149.4791651, 74.7353475], [149.4920546, 74.7372969], [149.4816811, 74.7420468], [149.5167804, 74.7400498]]], [[[148.9221024, 76.6523246], [148.7202716, 76.6393397], [148.4782183, 76.6388711], [148.5448229, 76.6646265], [148.6841261, 76.6822936], [148.8398552, 76.7259101], [149.2170167, 76.7427299], [149.3165374, 76.7403776], [149.4275272, 76.7556972], [149.4939923, 76.7563044], [149.348874, 76.7362132], [149.2533874, 76.7021614], [149.2262864, 76.6829732], [149.2471647, 76.671378], [149.2282605, 76.6599363], [149.2647922, 76.6511183], [149.2043674, 76.631446], [149.1039347, 76.6521116], [148.9221024, 76.6523246]]], [[[148.4545089, 74.7626766], [148.4541777, 74.7625081], [148.4537911, 74.762488], [148.4545089, 74.7626766]]], [[[148.3573902, 74.7661709], [148.371225, 74.7703848], [148.3746931, 74.7672971], [148.3573902, 74.7661709]]], [[[147.4235093, 75.3961429], [147.4041438, 75.3999702], [147.4311376, 75.4003731], [147.4235093, 75.3961429]]], [[[147.406484, 75.3892541], [147.4079955, 75.3899287], [147.4084997, 75.3897697], [147.406484, 75.3892541]]], [[[147.4025988, 75.3865719], [147.3855668, 75.3862998], [147.3833352, 75.3903867], [147.4025988, 75.3865719]]], [[[147.4003351, 75.383747], [147.4012443, 75.3833348], [147.3997155, 75.3835311], [147.4003351, 75.383747]]], [[[137.0917582, 75.1950311], [136.9525328, 75.2637196], [136.9653511, 75.2675132], [136.969538, 75.2922845], [136.9308472, 75.3442311], [137.0146501, 75.3614746], [137.1753788, 75.3735896], [137.1438575, 75.3672921], [137.1291268, 75.3540571], [137.150166, 75.3376985], [137.2001195, 75.3237116], [137.3006809, 75.3164467], [137.4291801, 75.3284637], [137.4794179, 75.3537018], [137.4791229, 75.3716145], [137.4684369, 75.3804017], [137.3636699, 75.406162], [137.2756183, 75.4002622], [137.1846324, 75.3710197], [137.2124147, 75.3835562], [137.2164058, 75.3943385], [137.1723103, 75.4237879], [137.170937, 75.4316809], [137.270801, 75.4506243], [137.2977395, 75.4705131], [137.2778177, 75.4933093], [137.2097218, 75.5217453], [137.2660374, 75.5251166], [137.2876131, 75.5187435], [137.3133087, 75.521005], [137.2176182, 75.5316881], [137.188873, 75.5487332], [137.239902, 75.5586967], [137.2534954, 75.5741297], [137.2610646, 75.5782948], [137.2661501, 75.5780736], [137.2564781, 75.5746589], [137.2907996, 75.5661438], [137.3273206, 75.5731113], [137.33055, 75.5794651], [137.2739473, 75.5787831], [137.2892386, 75.5822823], [137.2480345, 75.6018771], [137.2715682, 75.6127831], [137.2662896, 75.6190001], [137.2721851, 75.6123472], [137.276262, 75.6169638], [137.2328961, 75.626025], [137.1756899, 75.6240672], [137.0263164, 75.5880001], [137.172364, 75.5489019], [137.1417439, 75.5377288], [137.1860754, 75.5280435], [137.2147831, 75.5195725], [137.2163817, 75.5175509], [137.045238, 75.5609654], [136.9897807, 75.5855651], [137.1513247, 75.6194475], [137.2255683, 75.6514095], [137.2138524, 75.6855834], [137.148857, 75.7017979], [137.1566248, 75.7262604], [137.2020721, 75.747238], [137.2684622, 75.7653206], [137.3473835, 75.7673202], [137.4244336, 75.7581458], [137.398238, 75.7588004], [137.4325562, 75.7508774], [137.4972439, 75.7531431], [137.5708565, 75.7688169], [137.6074934, 75.7883756], [137.6066994, 75.7974179], [137.5376594, 75.8386236], [137.4959779, 75.8510535], [137.4871963, 75.8504228], [137.4876201, 75.8401512], [137.4809789, 75.8603516], [137.4396729, 75.8830255], [137.4414539, 75.9085898], [137.478404, 75.933316], [137.5882244, 75.9714309], [137.6786685, 75.9928553], [137.746464, 75.9983024], [137.8381419, 75.9931098], [137.9943752, 76.0079726], [137.9149604, 75.9984192], [137.9834533, 75.9998806], [138.0242014, 75.9861331], [138.0325028, 75.9901926], [138.0212295, 75.9939628], [138.0283212, 75.9971706], [138.0605614, 75.9920165], [138.067739, 75.9953818], [138.0610871, 76.000109], [138.1044584, 75.9994296], [138.1207073, 76.0062228], [138.1139052, 76.0125491], [138.1620401, 76.0267207], [138.1559086, 76.0284939], [138.1631076, 76.0328943], [138.1605917, 76.0433743], [138.192333, 76.0558866], [138.1991351, 76.0723305], [138.1765187, 76.0837775], [138.1706071, 76.0786508], [138.1765079, 76.074586], [138.1009769, 76.0416417], [138.1081519, 76.0403548], [138.0467695, 76.0255212], [138.1149673, 76.0497372], [138.1972682, 76.0980872], [138.2397062, 76.1124931], [138.4500074, 76.1410466], [138.718872, 76.1917061], [138.8393354, 76.2007373], [139.0104388, 76.1967139], [139.1379797, 76.2029343], [139.0573347, 76.1957079], [139.0308666, 76.1770769], [139.0390849, 76.1577], [139.0623665, 76.1418689], [139.2087936, 76.0766011], [139.4265783, 76.0516149], [139.5360446, 76.0196918], [139.5602059, 75.9963606], [139.6027779, 75.9851614], [139.8804454, 75.9639046], [140.0032908, 75.9463627], [139.934759, 75.9176135], [139.8509788, 75.9099311], [139.8296284, 75.893902], [139.8331904, 75.8763093], [139.9221164, 75.8649924], [139.9503922, 75.8454834], [140.0356919, 75.8268004], [139.9742532, 75.8212314], [139.9792474, 75.8181208], [140.0687511, 75.8222721], [140.1645291, 75.8019], [140.183208, 75.7908382], [140.1303769, 75.7820704], [140.1113033, 75.7698628], [140.1938295, 75.7791643], [140.2230549, 75.795612], [140.2076805, 75.7972389], [140.2514004, 75.8013974], [140.4681176, 75.7886654], [140.487349, 75.7733859], [140.4695606, 75.7664761], [140.4945588, 75.7631176], [140.3801787, 75.7519469], [140.4360652, 75.7399828], [140.4295206, 75.7376358], [140.428791, 75.7193494], [140.3845024, 75.6996302], [140.3900599, 75.6947003], [140.3826463, 75.6924786], [140.393064, 75.6851483], [140.3781295, 75.6812271], [140.3863907, 75.6779365], [140.3759301, 75.6734771], [140.3846204, 75.6691889], [140.3771371, 75.6633839], [140.4296493, 75.6631568], [140.3940725, 75.6437394], [140.3913688, 75.635533], [140.4349065, 75.6388704], [140.4746675, 75.6242137], [140.5314445, 75.6271729], [140.5637167, 75.6133283], [140.5951524, 75.6262567], [140.6625938, 75.6279878], [140.6989002, 75.6157805], [140.6894159, 75.6077505], [140.7129764, 75.6039205], [140.7043933, 75.5990223], [140.8131623, 75.6209662], [140.8450269, 75.6157538], [140.8080554, 75.6063637], [140.819385, 75.6015303], [140.8813441, 75.6050675], [140.8520651, 75.5995639], [140.8590174, 75.5958253], [140.8527517, 75.5888898], [140.8815586, 75.5997774], [140.9470153, 75.6001696], [140.9502124, 75.5949231], [140.9733008, 75.6019358], [140.9542036, 75.6068117], [140.971992, 75.6165321], [140.9470475, 75.6199271], [140.9771418, 75.619586], [140.9841156, 75.611942], [141.0050581, 75.6103423], [141.122131, 75.6265018], [141.1533734, 75.6380029], [141.1547468, 75.6525581], [141.1348339, 75.6630187], [141.0623928, 75.6786531], [141.0318371, 75.6934225], [141.0189628, 75.694801], [140.9727856, 75.6944405], [140.9197424, 75.716438], [140.9260937, 75.7810514], [140.971069, 75.855995], [140.9605978, 75.8735602], [140.9307287, 75.8931961], [140.932617, 75.9358504], [140.976219, 76.0042665], [141.0041998, 76.0316824], [141.0783575, 76.0427002], [141.1695095, 76.0413753], [141.2031552, 76.0589216], [141.3916394, 76.029196], [141.572399, 76.0156789], [141.6163446, 76.0011211], [141.6976095, 75.9896392], [141.7170708, 75.9736825], [141.7351931, 75.97474], [141.7143416, 75.9784044], [141.7476869, 75.9877373], [141.7182845, 75.991688], [141.7150497, 76.002149], [141.6838288, 76.009787], [141.691972, 76.0128266], [141.6673171, 76.0149581], [141.6760021, 76.0145354], [141.6811091, 76.0163244], [141.6184044, 76.0259111], [141.6442823, 76.0308329], [141.6476083, 76.0329823], [141.6011309, 76.0276883], [141.5684509, 76.0347742], [141.5710258, 76.0425087], [141.5532589, 76.05222], [141.5513849, 76.0609883], [141.592977, 76.0641677], [141.5715899, 76.0717338], [141.5511131, 76.0683608], [141.5738047, 76.075935], [141.528089, 76.0852624], [141.4563041, 76.1193063], [141.4476013, 76.1467198], [141.3782608, 76.158927], [141.3495397, 76.1545399], [141.3523721, 76.1694925], [141.3981298, 76.173086], [141.5724957, 76.1321558], [141.5195489, 76.1131304], [141.5292731, 76.110046], [141.5461778, 76.1141707], [141.5374875, 76.1186295], [141.5981725, 76.128044], [141.5724635, 76.1311856], [141.5776268, 76.1315084], [141.8099785, 76.1055889], [142.0767885, 76.0129122], [142.2998652, 75.9602135], [142.3824209, 75.9293909], [142.4414295, 75.8934274], [142.6440382, 75.8500831], [143.110764, 75.7980233], [143.3146924, 75.8191315], [143.2675338, 75.810421], [143.3121443, 75.8153014], [143.3233022, 75.8061072], [143.383212, 75.8056968], [143.3383226, 75.8211], [143.3737278, 75.8325485], [143.3191931, 75.8242533], [143.4363198, 75.8445179], [143.5443592, 75.8523923], [143.7095403, 75.8445179], [143.8436293, 75.8281651], [143.8234699, 75.8289032], [143.8074517, 75.8163425], [143.8162279, 75.8122882], [143.8053489, 75.8085168], [143.8310552, 75.8127694], [143.8329649, 75.8275005], [143.8657307, 75.8266756], [144.0652871, 75.7958963], [144.3565321, 75.7136424], [144.4564712, 75.7015965], [144.6777964, 75.6944908], [144.7460425, 75.6759007], [144.7677469, 75.6563727], [144.8234618, 75.6411322], [145.1934446, 75.584307], [145.2692127, 75.5643679], [145.3337412, 75.5336657], [145.3467178, 75.5178782], [145.3790116, 75.5114388], [145.3915518, 75.4977208], [145.2919096, 75.5057445], [145.1597196, 75.500725], [144.8485136, 75.4316215], [144.8368375, 75.4188949], [144.7744846, 75.3917844], [144.7747958, 75.3720914], [144.7941398, 75.3563167], [144.8254466, 75.2968696], [144.9104014, 75.2778073], [144.9179882, 75.27013], [144.7766626, 75.2384303], [144.7231552, 75.1483367], [144.4671999, 75.0820885], [144.3883002, 75.0525399], [144.1668033, 75.0359658], [144.0510176, 75.0110681], [143.9967726, 75.0083152], [143.9357471, 75.0157734], [143.9233017, 75.0478403], [143.910191, 75.0559378], [143.80831, 75.0652477], [143.594082, 75.0673089], [143.3868599, 75.0476742], [143.1964016, 75.1040194], [143.0948209, 75.1089609], [143.0737924, 75.122553], [143.0675268, 75.1369695], [142.9754304, 75.1359897], [142.9307341, 75.1432539], [142.9574851, 75.1534363], [142.9170871, 75.1665197], [142.9174733, 75.1742415], [142.9017395, 75.1819565], [142.9066157, 75.1920946], [142.8865099, 75.2042974], [142.8833672, 75.2205043], [142.7559399, 75.2299289], [142.7534508, 75.2370334], [142.7784061, 75.2400404], [142.7936089, 75.2504428], [142.767806, 75.2478913], [142.7592873, 75.2514561], [142.7663416, 75.2581805], [142.7384841, 75.2652812], [142.7455866, 75.2773255], [142.7378481, 75.2826825], [142.7540379, 75.2886379], [142.7408316, 75.2936757], [142.7461284, 75.2996645], [142.7080142, 75.3126035], [142.6157355, 75.3226134], [142.5851369, 75.335553], [142.5277269, 75.3433298], [142.5581646, 75.3668937], [142.5533152, 75.3710509], [142.561174, 75.3862362], [142.5491309, 75.3923431], [142.6126993, 75.4387133], [142.6087135, 75.4528018], [142.5653314, 75.4610081], [142.6238251, 75.4750876], [142.6663444, 75.4724963], [142.6889276, 75.4834913], [142.6968347, 75.5030134], [142.809541, 75.5420659], [142.9356479, 75.5651168], [143.0573988, 75.5574444], [143.0356836, 75.5623511], [142.9502177, 75.5706038], [143.0061364, 75.5787931], [143.0702197, 75.6103956], [143.0911946, 75.6274711], [143.093555, 75.649386], [143.1197441, 75.642779], [143.1298023, 75.6431941], [143.0910659, 75.6514201], [143.0877828, 75.6775623], [143.0373144, 75.6946526], [143.0523777, 75.6974093], [143.0551243, 75.7052102], [142.9360127, 75.726689], [142.764802, 75.7220063], [142.7600383, 75.7251071], [142.7720059, 75.7379029], [142.7214789, 75.7475233], [142.687211, 75.7414151], [142.7366709, 75.7383442], [142.5441527, 75.7184575], [142.536664, 75.719974], [142.5477147, 75.7228635], [142.515614, 75.7296195], [142.4684286, 75.7265144], [142.4654674, 75.7334326], [142.4242687, 75.7380852], [142.386868, 75.7257737], [142.3438668, 75.7266837], [142.3106933, 75.7174623], [142.2779918, 75.7268794], [142.2708893, 75.7200798], [142.2775197, 75.7149185], [142.2566306, 75.7039757], [142.2830772, 75.6892382], [142.2652244, 75.6847186], [142.2796708, 75.6829093], [142.3218298, 75.700298], [142.3451722, 75.6975855], [142.3536944, 75.7017608], [142.3238276, 75.7011477], [142.3469674, 75.7169727], [142.347579, 75.7090509], [142.3734355, 75.7126787], [142.410407, 75.7046115], [142.4073708, 75.6957182], [142.4397611, 75.6985543], [142.4100423, 75.6871059], [142.4171233, 75.6845806], [142.4577641, 75.6887184], [142.4243331, 75.6825378], [142.4380231, 75.6812059], [142.4212646, 75.6683311], [142.3545956, 75.6653457], [142.3448163, 75.6587593], [142.1441173, 75.6662489], [142.0966529, 75.6759352], [141.9809531, 75.6631037], [141.9730567, 75.6612332], [141.9858026, 75.6510585], [142.0381593, 75.6456759], [142.088499, 75.6499949], [142.1134757, 75.6608931], [142.2795582, 75.6445853], [142.2597312, 75.642388], [142.2503114, 75.6252925], [142.156713, 75.6080465], [141.9669973, 75.6190164], [141.9883346, 75.6163242], [141.9863605, 75.6043046], [142.03022, 75.5936099], [142.1010732, 75.6048701], [142.1524215, 75.6026401], [142.1522496, 75.5951996], [142.1870756, 75.5916665], [142.1331954, 75.5546291], [142.0852583, 75.5498177], [142.0837387, 75.5369246], [142.1028328, 75.5251864], [142.1048498, 75.507804], [142.1397829, 75.4984899], [142.1438169, 75.4847606], [142.1752739, 75.4728703], [142.1796512, 75.4365701], [142.1522712, 75.4108542], [142.168107, 75.4053077], [142.1695377, 75.3894962], [142.1919949, 75.3811534], [142.2049393, 75.3649739], [142.2309351, 75.3611221], [142.2539377, 75.3334723], [142.2512952, 75.322021], [142.2686805, 75.3074965], [142.3236751, 75.2987702], [142.32831, 75.2829917], [142.3618269, 75.2798733], [142.4091625, 75.2580481], [142.4471229, 75.2176917], [142.4908968, 75.1918318], [142.5629711, 75.1731817], [142.5800943, 75.1490957], [142.6281595, 75.1378061], [142.6553678, 75.1020335], [142.7466487, 75.0744801], [143.0520773, 75.0610332], [143.1504821, 75.0407854], [143.2713317, 75.0289497], [143.396654, 74.9983298], [143.5574054, 75.0039407], [143.6740493, 74.9658051], [143.6954211, 74.9540006], [143.6961937, 74.9450075], [143.681817, 74.9320045], [143.5993337, 74.9167237], [143.548007, 74.8982303], [143.4560394, 74.8896186], [143.2594442, 74.889339], [143.0483436, 74.8746262], [143.0179166, 74.8923928], [142.9671477, 74.8937685], [142.9384803, 74.8852327], [142.9258418, 74.8700343], [142.8715539, 74.8741951], [142.8649557, 74.869211], [142.8877544, 74.8660251], [142.869097, 74.8640741], [142.8156781, 74.8859992], [142.7174878, 74.8916322], [142.7102565, 74.8889474], [142.7236032, 74.8829721], [142.6984332, 74.8639397], [142.7044629, 74.8575006], [142.6993989, 74.8526121], [142.6436591, 74.85124], [142.6331377, 74.8452484], [142.6491816, 74.8428673], [142.6283311, 74.8266639], [142.6381695, 74.821451], [142.6675558, 74.8268492], [142.6959657, 74.8416915], [142.7175306, 74.8371276], [142.7644672, 74.8434657], [142.5583577, 74.8005232], [142.4940705, 74.7981925], [142.3374402, 74.8180517], [142.0822012, 74.8839905], [141.9871706, 74.913334], [141.904124, 74.9346623], [141.8913996, 74.9382397], [141.879158, 74.9424908], [141.8786001, 74.9432002], [141.9537744, 74.9245662], [142.0245016, 74.902716], [141.9890213, 74.915082], [141.980524, 74.9189905], [141.9796765, 74.9209724], [142.0285678, 74.9598149], [142.1475935, 74.9680758], [142.252028, 74.9435862], [142.2475326, 74.9398288], [142.2956729, 74.9265592], [142.2895434, 74.9194281], [142.2999, 74.9133898], [142.3793095, 74.9125409], [142.3878524, 74.8933148], [142.4423107, 74.9065629], [142.4162006, 74.9210812], [142.4212002, 74.9224795], [142.3649222, 74.9218376], [142.3482764, 74.9303919], [142.3555827, 74.9381003], [142.2302913, 74.9684097], [142.2262144, 74.977556], [142.2438097, 75.0021305], [142.2375011, 75.0093698], [142.1019743, 74.9967433], [141.8999288, 75.0040739], [141.8413923, 74.9965878], [141.7576216, 74.9699457], [141.6158294, 74.9545687], [141.5993499, 74.9468132], [141.6078686, 74.9360872], [141.5756605, 74.9316587], [140.8410442, 74.8832406], [140.1867485, 74.804936], [139.9425601, 74.7926479], [139.8762988, 74.7942464], [139.8388338, 74.8018649], [139.9294925, 74.7933064], [140.1041579, 74.8027536], [140.0346136, 74.8411473], [140.0299358, 74.8510085], [140.0359869, 74.8761994], [140.0271892, 74.8841807], [139.9742746, 74.9006173], [139.9076593, 74.902853], [139.8977995, 74.9209249], [139.8529851, 74.9195404], [139.7282409, 74.9636008], [139.6799505, 74.9690943], [139.6154326, 74.9539407], [139.5980358, 74.9440377], [139.5973921, 74.9348603], [139.5572126, 74.9316893], [139.5359373, 74.9172206], [139.510982, 74.9143839], [139.52685, 74.9065439], [139.5143723, 74.8942802], [139.5117759, 74.8723248], [139.538083, 74.8490008], [139.5967913, 74.8358411], [139.6379363, 74.8382489], [139.6807766, 74.8581508], [139.6601236, 74.8620906], [139.6648657, 74.8644607], [139.6946114, 74.863602], [139.6927124, 74.8521467], [139.5808911, 74.8187485], [139.5874706, 74.8188138], [139.5803869, 74.8068312], [139.5159387, 74.7424951], [139.4333696, 74.6967007], [139.2552709, 74.6451141], [139.1409874, 74.6338826], [139.0411154, 74.6392159], [138.8371931, 74.6874799], [138.6572456, 74.717426], [138.1758749, 74.7567374], [138.0445003, 74.8211589], [137.9974222, 74.8357877], [137.9807764, 74.8576169], [137.9409456, 74.8764514], [137.9040384, 74.9163328], [137.8683972, 74.9393214], [137.7365291, 74.9708415], [137.6637983, 74.9979653], [137.5327295, 75.015331], [137.3566103, 75.0552734], [137.3137057, 75.0811245], [137.2391912, 75.1089782], [137.0917582, 75.1950311]]], [[[139.7792137, 73.4097351], [139.8093724, 73.4140417], [139.8128056, 73.4254919], [139.8702586, 73.4353042], [140.0410294, 73.4324685], [140.2581167, 73.4454165], [140.3297744, 73.4377064], [140.5729437, 73.4972019], [140.6882488, 73.5424706], [140.7742416, 73.600396], [140.8070191, 73.6028727], [140.8130059, 73.6076466], [140.7952452, 73.6174111], [140.8305645, 73.6531156], [140.8481169, 73.6861995], [140.8615762, 73.6936131], [140.884552, 73.6958827], [140.9127152, 73.6799388], [140.8902597, 73.6993582], [140.9828496, 73.70202], [140.9290016, 73.7109629], [140.8705616, 73.7064213], [140.884788, 73.7176511], [140.913713, 73.7185836], [140.8997869, 73.7265346], [140.9146142, 73.732877], [140.8963966, 73.7377209], [140.9271455, 73.7413679], [140.923841, 73.7502327], [140.9074527, 73.7520174], [140.9368658, 73.7803236], [140.9701466, 73.799049], [141.0725211, 73.8341428], [141.0818767, 73.8447974], [141.1738443, 73.8589411], [141.2636232, 73.8342742], [141.3163018, 73.8324759], [141.6423565, 73.8827315], [141.8364948, 73.9012571], [142.0634526, 73.9086157], [142.2577357, 73.8535655], [142.4813461, 73.8373058], [142.6232779, 73.8084636], [142.8145917, 73.7330344], [142.9431363, 73.7019247], [143.0665033, 73.6570414], [143.2118726, 73.6225924], [143.4076524, 73.5465508], [143.5653018, 73.4511015], [143.5349607, 73.4327683], [143.5355401, 73.4204352], [143.4828186, 73.4058259], [143.4865093, 73.3962327], [143.4713602, 73.3804612], [143.4702301, 73.357155], [143.4824967, 73.3316868], [143.4808016, 73.3098791], [143.5285878, 73.2412333], [143.6099124, 73.2106912], [143.548286, 73.2063427], [143.4808767, 73.2129224], [143.251639, 73.1808603], [142.7226913, 73.2292399], [142.4874723, 73.2193199], [142.3335456, 73.24664], [141.9372439, 73.2681326], [141.4462173, 73.314716], [141.2746578, 73.340132], [141.0649145, 73.3860773], [140.8027768, 73.4227678], [140.6430137, 73.4283349], [140.4651832, 73.4197127], [140.315752, 73.4002116], [140.2475274, 73.3760602], [139.9645597, 73.3426702], [139.8632097, 73.3462795], [139.8367953, 73.359568], [139.8397404, 73.3676679], [139.817175, 73.3800216], [139.8161101, 73.3903285], [139.7792673, 73.4018084], [139.7792137, 73.4097351]]], [[[143.4269577, 75.0203838], [143.4363413, 75.0391901], [143.4286702, 75.0451175], [143.4620047, 75.0457695], [143.4269577, 75.0203838]]], [[[143.3185816, 75.8195126], [143.3326149, 75.8246002], [143.334589, 75.8246107], [143.3185816, 75.8195126]]], [[[142.9451322, 75.5660903], [142.9746498, 75.567744], [142.9919034, 75.5660084], [142.9451322, 75.5660903]]], [[[142.9026246, 74.8705776], [142.8885591, 74.8677799], [142.8856677, 74.867957], [142.9026246, 74.8705776]]], [[[142.4608111, 75.7168562], [142.4980724, 75.7251917], [142.4926328, 75.719884], [142.5297546, 75.7226201], [142.4692762, 75.7172109], [142.4743509, 75.7142143], [142.4662614, 75.7108676], [142.4579143, 75.7118367], [142.4608111, 75.7168562]]], [[[142.4927562, 75.7271439], [142.4972248, 75.7264482], [142.4903583, 75.7268106], [142.4927562, 75.7271439]]], [[[142.4792755, 75.724369], [142.4771294, 75.7240503], [142.4765396, 75.7242129], [142.4792755, 75.724369]]], [[[142.4480867, 75.6943556], [142.4742651, 75.6986974], [142.4790287, 75.6937936], [142.4480867, 75.6943556]]], [[[142.4661219, 75.7263477], [142.4629945, 75.7261123], [142.4625063, 75.7264377], [142.4661219, 75.7263477]]], [[[141.9196486, 74.9347989], [141.9265486, 74.9327527], [141.8612382, 74.9506545], [141.9254959, 74.9344308], [141.9900365, 74.9301196], [141.9196486, 74.9347989]]], [[[141.4716339, 76.0345567], [141.4383101, 76.0374564], [141.4795947, 76.0356105], [141.4716339, 76.0345567]]], [[[141.4217019, 76.0583683], [141.4251351, 76.0633719], [141.4343297, 76.0590507], [141.4217019, 76.0583683]]], [[[141.380589, 76.0739676], [141.3913393, 76.0746596], [141.4008665, 76.0717985], [141.3867688, 76.0717313], [141.380589, 76.0739676]]], [[[141.3631654, 76.0669064], [141.357758, 76.0773704], [141.376496, 76.0743924], [141.3631654, 76.0669064]]], [[[141.2337111, 76.0677693], [141.2342261, 76.0754549], [141.2141417, 76.0860674], [141.2170814, 76.0964038], [141.2910458, 76.0880074], [141.3203573, 76.0764462], [141.2911319, 76.0561606], [141.2549969, 76.0582598], [141.2337111, 76.0677693]]], [[[141.1386966, 75.6363102], [141.1142778, 75.6367148], [141.1397695, 75.6373535], [141.1386966, 75.6363102]]], [[[141.0980558, 75.6679859], [141.1119175, 75.6675344], [141.0971761, 75.6676034], [141.0980558, 75.6679859]]], [[[140.1777792, 74.1252762], [140.1912117, 74.151761], [140.1982498, 74.1987595], [140.2405, 74.2242322], [140.3086066, 74.2416192], [140.4492187, 74.2590486], [140.420165, 74.2482262], [140.438801, 74.2467553], [140.4310012, 74.2508415], [140.4884004, 74.2626602], [140.6700182, 74.2698288], [140.9015465, 74.2656223], [140.9881496, 74.2527808], [141.0587239, 74.2320826], [141.0949659, 74.2051095], [141.103785, 74.1891625], [141.0976481, 74.1603786], [141.0348147, 74.1123848], [141.0627794, 74.0996184], [141.0577878, 74.0936093], [141.0726204, 74.0640056], [141.0683182, 74.0512249], [141.0405278, 74.0113446], [140.9889436, 73.9846076], [140.8466631, 73.9719515], [140.7503638, 73.9455428], [140.6712221, 73.9440382], [140.6149149, 73.9219043], [140.5960858, 73.9255794], [140.5383967, 73.9161925], [140.492692, 73.921518], [140.4700326, 73.9141236], [140.5674505, 73.8979797], [140.6286692, 73.8979202], [140.6866801, 73.9079139], [140.6134987, 73.8949473], [140.555834, 73.8963834], [140.4803967, 73.9075525], [140.3504145, 73.9439581], [140.3081167, 73.9890572], [140.2265059, 74.0208845], [140.2029168, 74.0400561], [140.1724899, 74.0815491], [140.1777792, 74.1252762]]], [[[141.0722637, 75.6431142], [141.0196066, 75.6549559], [141.0255074, 75.6576936], [140.9978699, 75.6610313], [141.0103369, 75.6615653], [141.0031271, 75.6619426], [141.0048222, 75.6686764], [141.03239, 75.6706799], [141.096704, 75.6664242], [141.0659551, 75.66101], [141.0894406, 75.6603457], [141.0755038, 75.6541252], [141.0722637, 75.6431142]]], [[[141.0653436, 76.07169], [141.0113668, 76.0749746], [140.9906816, 76.0870838], [140.9540534, 76.0815028], [140.9379172, 76.0898825], [141.0929221, 76.0847812], [141.0653436, 76.07169]]], [[[141.0726285, 75.6217549], [141.056664, 75.6216803], [141.0535312, 75.6224875], [141.0686159, 75.6231588], [141.0726285, 75.6217549]]], [[[141.0429525, 75.6213606], [141.0454845, 75.6182217], [141.0407853, 75.6202202], [141.0429525, 75.6213606]]], [[[141.04424, 75.6822539], [141.0408711, 75.6832449], [141.0470483, 75.6825776], [141.04424, 75.6822539]]], [[[140.9807896, 75.6702166], [141.0019254, 75.6732275], [141.0294342, 75.6729408], [140.9807896, 75.6702166]]], [[[141.02422, 75.6849122], [141.0259622, 75.6845704], [141.0236862, 75.6846383], [141.02422, 75.6849122]]], [[[141.0116029, 75.6919642], [141.010825, 75.6939248], [141.0130459, 75.6936836], [141.0116029, 75.6919642]]], [[[140.9877848, 75.6641504], [140.9983742, 75.6654892], [140.9999514, 75.6647401], [140.9877848, 75.6641504]]], [[[140.9657693, 75.6168519], [140.9668207, 75.6159031], [140.9638595, 75.6165161], [140.9657693, 75.6168519]]], [[[140.9177684, 75.6088064], [140.9408998, 75.6052542], [140.9099149, 75.6027254], [140.9177684, 75.6088064]]], [[[140.8639097, 75.613115], [140.8880067, 75.6119633], [140.8894443, 75.6110302], [140.8639097, 75.613115]]], [[[140.8511209, 75.6128697], [140.8562493, 75.6140959], [140.8598757, 75.6131789], [140.8511209, 75.6128697]]], [[[140.8421785, 75.606017], [140.8353388, 75.6052115], [140.8381605, 75.6063957], [140.8421785, 75.606017]]], [[[140.7897948, 75.642388], [140.6928277, 75.6264964], [140.669117, 75.6360121], [140.61867, 75.6368106], [140.6135845, 75.6444417], [140.6386256, 75.6647879], [140.6361579, 75.673047], [140.5705619, 75.6932846], [140.5705189, 75.7018137], [140.6124258, 75.7044261], [140.6493757, 75.6834081], [140.7463644, 75.674024], [140.7489395, 75.6654945], [140.7860827, 75.6689207], [140.7987213, 75.6603351], [140.7897948, 75.642388]]], [[[140.5804056, 75.6291049], [140.586108, 75.6311645], [140.5594575, 75.636563], [140.6087458, 75.6342846], [140.5804056, 75.6291049]]], [[[140.564146, 75.6242111], [140.5754757, 75.6274072], [140.5766988, 75.6233267], [140.564146, 75.6242111]]], [[[140.4357219, 75.7355423], [140.4361081, 75.7384711], [140.4672539, 75.7385424], [140.4357219, 75.7355423]]], [[[140.3974628, 76.3032666], [140.334717, 76.2948989], [140.3699969, 76.2882396], [140.3298282, 76.2946062], [140.3487968, 76.3032259], [140.3974628, 76.3032666]]], [[[139.9351881, 75.9174282], [139.9343097, 75.9050551], [139.9328238, 75.9030784], [139.9273789, 75.9008584], [139.9143085, 75.8992725], [139.9313271, 75.9033815], [139.9351881, 75.9174282]]], [[[137.4761551, 75.8069128], [137.4838971, 75.8040694], [137.4848674, 75.7965478], [137.4704817, 75.8061994], [137.4719598, 75.81097], [137.4801806, 75.8136162], [137.4761551, 75.8069128]]], [[[136.0762954, 73.9263726], [136.0415768, 73.9519586], [135.9585571, 73.9821654], [135.759623, 74.0329538], [135.7515657, 74.0477362], [135.7210529, 74.0701161], [135.7164287, 74.0865155], [135.6832123, 74.1041972], [135.591014, 74.1292625], [135.493961, 74.1340002], [135.4664469, 74.146451], [135.4486369, 74.1622819], [135.4672622, 74.209577], [135.444045, 74.2266647], [135.4414487, 74.2417299], [135.6046342, 74.2221728], [135.7599449, 74.1632071], [136.0471558, 74.0792537], [136.0733342, 74.0661757], [136.1188888, 74.0247057], [136.1860084, 73.9991143], [136.2696719, 73.9815437], [136.2550592, 73.9616721], [136.2913281, 73.9439561], [136.2861085, 73.935442], [136.2988758, 73.9165907], [136.1810195, 73.8780966], [136.0658777, 73.9122774], [136.0762954, 73.9263726]]], [[[135.5170441, 75.4306256], [135.4943204, 75.4428734], [135.5326545, 75.4538339], [135.6190538, 75.5266827], [135.6136465, 75.5329747], [135.6441593, 75.5978215], [135.635662, 75.6251487], [135.6136894, 75.6463249], [135.6110823, 75.6716159], [135.6022847, 75.6731319], [135.6398678, 75.7188889], [135.6484079, 75.7429847], [135.6904435, 75.765748], [135.718553, 75.799971], [135.7215571, 75.8265522], [135.6773865, 75.8410724], [135.7210743, 75.8712124], [135.7374358, 75.8718894], [135.7421458, 75.8638448], [135.7293248, 75.8552556], [135.7794285, 75.8226452], [135.8074736, 75.7816575], [135.8802366, 75.7376993], [135.882318, 75.7254139], [135.9068441, 75.7071784], [136.0077166, 75.6687082], [136.1172151, 75.6409087], [136.2370348, 75.6225355], [136.1002206, 75.579413], [136.0651159, 75.554597], [136.0558891, 75.538321], [135.9610462, 75.4884388], [135.9603595, 75.4764438], [135.9813666, 75.4592681], [136.056447, 75.4429462], [136.0121155, 75.4300184], [135.9676337, 75.4006814], [135.8782947, 75.3855649], [135.8703446, 75.3818802], [135.8738315, 75.3756322], [135.7368833, 75.364709], [135.5314207, 75.3700998], [135.5139863, 75.384677], [135.5170441, 75.4306256]]], [[[118.6684548, 73.3170454], [118.6595634, 73.3263168], [118.669547, 73.3282816], [118.6572153, 73.3296579], [118.6631227, 73.3354887], [118.7764666, 73.3634337], [118.8241664, 73.3589329], [118.819825, 73.3474695], [118.7992409, 73.3381916], [118.8121486, 73.3380798], [118.7918829, 73.3231758], [118.694597, 73.3114672], [118.6684548, 73.3170454]]], [[[118.6935475, 73.4212016], [118.72449, 73.4231623], [118.7887746, 73.4001319], [118.7706418, 73.3933857], [118.7727858, 73.3839111], [118.763703, 73.3781098], [118.7170777, 73.3761982], [118.6741956, 73.3941804], [118.6741781, 73.4031254], [118.6935475, 73.4212016]]], [[[116.1901607, 74.3236627], [116.186923, 74.3089283], [116.1799284, 74.3030473], [116.1663526, 74.2990026], [116.1829481, 74.3074708], [116.185874, 74.3201719], [116.169545, 74.329579], [116.1667306, 74.3406875], [116.1475498, 74.3516546], [116.0731886, 74.363307], [115.9831003, 74.3274021], [115.9636414, 74.2992032], [115.9765738, 74.2876128], [116.0024746, 74.2818073], [116.0908194, 74.2789754], [115.992859, 74.276963], [115.9698455, 74.2821684], [115.9503845, 74.2999068], [115.9743798, 74.3300599], [116.0622661, 74.3686873], [116.1482037, 74.3560689], [116.1901607, 74.3236627]]], [[[111.5084517, 74.3253294], [111.6004062, 74.3589906], [111.7179859, 74.3673253], [111.7796659, 74.3594683], [111.7492068, 74.3532193], [111.779902, 74.3567607], [111.8355417, 74.3346372], [111.8241048, 74.3280365], [111.8488835, 74.3238601], [111.8709898, 74.3342548], [111.9539022, 74.3368213], [111.9650283, 74.3429852], [111.9567025, 74.3511053], [111.9709396, 74.3565784], [112.0572924, 74.3632178], [112.0549035, 74.3751062], [112.0184564, 74.3817913], [112.033005, 74.3749052], [112.0222839, 74.376136], [112.0172023, 74.3808701], [112.0183396, 74.3837123], [112.088871, 74.4189635], [112.0805991, 74.4216866], [112.1103072, 74.4258063], [112.0756853, 74.4386282], [112.1133756, 74.4431953], [112.0452904, 74.4391204], [112.0602853, 74.4331184], [112.0187044, 74.4471138], [112.0085549, 74.4893596], [112.0188331, 74.534286], [112.0115268, 74.5436401], [112.060976, 74.5485187], [112.5531077, 74.5163204], [112.5455546, 74.5099778], [112.5587618, 74.5048938], [112.5784171, 74.5078372], [112.5640297, 74.5166727], [112.7705598, 74.5073242], [113.0701947, 74.5077684], [113.1868412, 74.4968958], [113.3030856, 74.4786716], [113.399291, 74.4520265], [113.4405219, 74.4300891], [113.468948, 74.382414], [113.4569265, 74.3804979], [113.4382367, 74.3990179], [113.3583068, 74.3947527], [113.4291386, 74.3792813], [113.4143682, 74.376648], [113.4252763, 74.3711902], [113.4046796, 74.3712013], [113.3959831, 74.3636138], [113.4013488, 74.3560237], [113.3817386, 74.3494918], [113.3985918, 74.3345288], [113.3895921, 74.3248192], [113.3989678, 74.3247094], [113.3820391, 74.3148038], [113.390193, 74.3204183], [113.3590955, 74.3157792], [113.3660745, 74.31152], [113.3326006, 74.2978788], [113.2736349, 74.3092628], [113.2682276, 74.3075856], [113.2822411, 74.3037529], [113.2183609, 74.2957505], [113.2103545, 74.288916], [113.3111858, 74.2884509], [113.2309963, 74.2229117], [113.2453322, 74.2360267], [113.2256234, 74.2321117], [113.2174274, 74.2418952], [113.189143, 74.2395819], [113.2118687, 74.2364696], [113.2121372, 74.2308172], [113.1997091, 74.2208618], [113.1695437, 74.223958], [113.1863236, 74.2177175], [113.2231748, 74.220404], [113.2156348, 74.212829], [113.1873858, 74.1982102], [113.1770325, 74.1949231], [113.2046914, 74.2093464], [113.1254482, 74.208923], [113.1210708, 74.206044], [113.130877, 74.2010322], [113.0528784, 74.199262], [112.9824757, 74.1838414], [112.8725481, 74.0966905], [112.8289139, 74.0790212], [112.750057, 74.0831557], [112.7324831, 74.0877539], [112.7111328, 74.0880362], [112.6883769, 74.1033803], [112.6894283, 74.0917155], [112.681446, 74.0868332], [112.7155638, 74.0876715], [112.6832002, 74.0859668], [112.6449788, 74.0875803], [112.4908875, 74.1153463], [112.2925472, 74.1307221], [112.2548541, 74.1430564], [112.2370469, 74.1390488], [112.2520351, 74.1314819], [112.2055363, 74.1357204], [111.9587409, 74.217414], [111.8315184, 74.2342195], [111.690917, 74.2391598], [111.6433024, 74.2491699], [111.5601003, 74.2813692], [111.6253852, 74.290746], [111.6490316, 74.3002654], [111.5446594, 74.284515], [111.5604865, 74.2806919], [111.5525579, 74.2814999], [111.5262885, 74.2888967], [111.5107262, 74.2984799], [111.5084517, 74.3253294]]], [[[113.368705, 74.3098317], [113.3790779, 74.3136841], [113.3638878, 74.3065703], [113.368705, 74.3098317]]], [[[113.3414, 74.2985459], [113.3578992, 74.3049272], [113.3284196, 74.2916527], [113.3414, 74.2985459]]], [[[113.1444865, 74.1878266], [113.16787, 74.1919393], [113.1577742, 74.1891011], [113.1476569, 74.1873588], [113.1455755, 74.1874144], [113.1444865, 74.1878266]]], [[[113.1474101, 74.1999631], [113.1611216, 74.199446], [113.1450605, 74.1995833], [113.1474101, 74.1999631]]], [[[112.8705257, 74.6235435], [112.9419422, 74.6353211], [112.9469847, 74.6506643], [112.9306125, 74.6717397], [112.9109359, 74.674224], [112.9583037, 74.6822754], [112.9882049, 74.6680069], [112.991724, 74.6516583], [112.9746437, 74.6402041], [112.9176092, 74.6288383], [112.8961837, 74.6260994], [112.8831482, 74.6248393], [112.8813457, 74.6245207], [112.8736424, 74.6234909], [112.8714135, 74.6234347], [112.8705257, 74.6235435]]], [[[112.2542453, 74.1311651], [112.2795439, 74.1283368], [112.2705531, 74.128105], [112.2542453, 74.1311651]]], [[[112.2679353, 74.1321596], [112.2736537, 74.1312458], [112.2632965, 74.1314143], [112.2679353, 74.1321596]]], [[[112.0711738, 74.4263781], [112.067247, 74.4311675], [112.06891, 74.4314152], [112.0700151, 74.4313655], [112.0711738, 74.4263781]]], [[[111.8144247, 74.3457121], [111.7958879, 74.3542378], [111.7813763, 74.3577898], [111.8027437, 74.3544895], [111.8144247, 74.3457121]]], [[[111.0839223, 74.3140148], [111.1579942, 74.3194788], [111.2001371, 74.3127152], [111.2140846, 74.3045325], [111.2144279, 74.2765173], [111.2231242, 74.2697768], [111.1075871, 74.2791804], [111.0947799, 74.2864113], [111.0839223, 74.3140148]]]]}}]}