{"type": "FeatureCollection", "features": [{"type": "Feature", "geometry": {"type": "Polygon", "coordinates": [[[47.53826, 45.5065], [47.53443, 45.50609], [47.50147, 45.48045], [47.49676, 45.47089], [47.49627, 45.46158], [47.49879, 45.43814], [47.49676, 45.43], [47.47739, 45.42243], [47.41912, 45.42666], [47.39357, 45.42255], [47.38136, 45.41104], [47.39536, 45.40493], [47.44483, 45.40205], [47.45916, 45.39875], [47.46013, 45.39082], [47.45428, 45.38178], [47.44825, 45.37474], [47.43247, 45.3697], [47.42775, 45.36734], [47.42498, 45.36392], [47.42319, 45.35786], [47.39519, 45.32001], [47.38404, 45.29946], [47.3794, 45.28221], [47.3794, 45.20283], [47.37013, 45.18561], [47.35646, 45.18525], [47.33814, 45.19221], [47.31446, 45.1966], [47.29713, 45.18744], [47.28647, 45.16596], [47.27564, 45.12084], [47.26124, 45.08503], [47.2505, 45.06525], [47.22787, 45.03339], [47.21168, 44.9903], [47.20118, 44.97004], [47.18068, 44.97671], [47.16578, 44.96699], [47.15496, 44.94864], [47.14601, 44.9291], [47.13966, 44.93822], [47.12672, 44.95026], [47.1115, 44.95848], [47.09881, 44.95637], [47.09815, 44.94652], [47.11166, 44.86957], [47.08448, 44.81753], [47.07911, 44.80012], [47.0783, 44.7851], [47.07146, 44.7851], [47.05909, 44.80292], [47.02361, 44.84296], [47.01629, 44.85798], [47.01149, 44.90229], [47.00318, 44.92158], [46.98894, 44.91543], [46.9839, 44.89338], [46.99195, 44.87006], [47.00392, 44.84809], [47.01002, 44.83006], [47.00318, 44.81761], [46.97145, 44.78376], [46.9616, 44.7652], [46.94337, 44.77497], [46.92384, 44.77204], [46.88814, 44.75187], [46.88947, 44.75463], [46.89257, 44.76512], [46.8935, 44.77083], [46.89278, 44.77626], [46.88988, 44.78073], [46.88399, 44.78455], [46.87562, 44.78734], [46.86043, 44.78905], [46.85113, 44.78812], [46.84327, 44.78636], [46.82425, 44.77223], [46.81361, 44.76634], [46.8072, 44.7644], [46.80028, 44.76339], [46.79294, 44.76507], [46.78674, 44.7689], [46.78302, 44.77706], [46.78136, 44.79685], [46.77929, 44.80186], [46.7763, 44.80636], [46.77196, 44.81065], [46.60349, 44.88532], [46.43368, 44.93656], [46.17985, 44.96589], [46.09727, 44.9664], [46.07029, 44.96981], [46.00425, 44.98632], [45.93842, 44.98242], [45.91651, 44.98439], [45.85367, 45.00051], [45.70598, 44.97578], [45.70453, 44.97715], [45.71734, 44.99994], [45.71187, 45.01369], [45.61492, 45.11745], [45.59611, 45.14732], [45.59063, 45.15394], [45.58619, 45.1583], [45.35251, 45.24339], [44.82706, 45.45567], [44.73766, 45.4966], [44.70635, 45.50601], [44.54966, 45.50926], [44.42099, 45.52673], [44.27712, 45.58022], [44.20715, 45.61001], [44.18762, 45.62202], [44.14824, 45.65251], [44.14245, 45.65856], [44.13656, 45.66775], [44.1161, 45.71292], [44.1131, 45.72408], [44.11114, 45.73819], [44.09698, 45.7739], [44.09377, 45.77896], [44.08003, 45.79581], [44.03931, 45.82061], [43.99146, 45.86798], [43.96985, 45.88537], [43.96334, 45.88852], [43.92758, 45.90185], [43.92117, 45.90655], [43.91466, 45.91327], [43.90846, 45.92138], [43.89523, 45.93487], [43.88614, 45.94118], [43.87756, 45.94549], [43.80914, 45.96815], [43.74227, 45.9789], [43.56833, 45.98102], [43.39252, 46.016], [43.36679, 46.02412], [43.35666, 46.03058], [43.3055, 46.07667], [43.28669, 46.09011], [43.26251, 46.10295], [43.23729, 46.11243], [43.17435, 46.12519], [42.99141, 46.17956], [42.98459, 46.18323], [42.97529, 46.19036], [42.93271, 46.23237], [42.92341, 46.23888], [42.91555, 46.24142], [42.90904, 46.24142], [42.90542, 46.24028], [42.83959, 46.20586], [42.83587, 46.20224], [42.83576, 46.19739], [42.83804, 46.193], [42.84145, 46.18865], [42.84569, 46.18473], [42.85189, 46.17723], [42.8524, 46.17465], [42.85127, 46.17077], [42.84796, 46.16705], [42.83463, 46.15579], [42.73913, 46.0992], [42.73179, 46.09657], [42.72538, 46.09497], [42.70264, 46.09409], [42.67122, 46.0884], [42.65531, 46.0792], [42.64632, 46.07104], [42.53346, 45.99766], [42.51661, 45.9897], [42.50927, 45.98882], [42.48044, 45.98882], [42.33998, 45.97187], [42.32551, 45.97195], [42.31952, 45.97551], [42.31745, 45.98081], [42.3251, 46.03921], [42.33202, 46.06272], [42.33967, 46.10711], [42.33967, 46.11388], [42.33791, 46.1199], [42.33254, 46.12478], [42.32541, 46.12584], [42.31766, 46.1255], [42.20355, 46.10866], [42.17741, 46.0991], [42.17389, 46.08832], [42.17844, 46.07104], [42.17968, 46.05582], [42.17751, 46.0499], [42.1742, 46.04494], [42.15498, 46.02846], [42.15239, 46.02264], [42.15157, 46.01642], [42.15777, 45.97187], [42.15715, 45.9604], [42.15394, 45.9541], [42.14971, 45.94898], [42.13947, 45.94239], [42.11663, 45.93079], [42.11095, 45.92872], [42.10485, 45.92789], [42.09979, 45.92932], [42.09607, 45.93319], [42.09369, 45.93676], [42.09049, 45.94433], [42.07064, 45.95652], [42.03633, 45.9651], [41.71263, 45.996], [41.71769, 46.00649], [41.72017, 46.01802], [41.72007, 46.02417], [41.7179, 46.03182], [41.71387, 46.04029], [41.70374, 46.0528], [41.66157, 46.09264], [41.65826, 46.09806], [41.65578, 46.10527], [41.65816, 46.11215], [41.6623, 46.11693], [41.66725, 46.1208], [41.67005, 46.13129], [41.64803, 46.15615], [41.6471, 46.16708], [41.65113, 46.17243], [41.65919, 46.17832], [41.67666, 46.18558], [41.69289, 46.19485], [41.70188, 46.20245], [41.7118, 46.20912], [41.71831, 46.21188], [41.72596, 46.21356], [41.73681, 46.21284], [41.74425, 46.21062], [41.75046, 46.20741], [41.77081, 46.19431], [41.77485, 46.19026], [41.77836, 46.18597], [41.78115, 46.17452], [41.78353, 46.16956], [41.79624, 46.16442], [41.84006, 46.15295], [41.84812, 46.15279], [41.85691, 46.15501], [41.88068, 46.17403], [41.8998, 46.17759], [41.90827, 46.18023], [41.91499, 46.18465], [41.92037, 46.19454], [41.92243, 46.20235], [41.92336, 46.21005], [41.92336, 46.2164], [41.92739, 46.22418], [41.93463, 46.23253], [41.9521, 46.24545], [41.95871, 46.25444], [41.96243, 46.2625], [41.96305, 46.28911], [41.99499, 46.30131], [42.15219, 46.31237], [42.2019, 46.31449], [42.20634, 46.31702], [42.20593, 46.32265], [42.17937, 46.37699], [42.17265, 46.38554], [42.16014, 46.39402], [42.15033, 46.3981], [42.14041, 46.40014], [42.11291, 46.40254], [42.10537, 46.4043], [42.09958, 46.40714], [42.09369, 46.41184], [42.08769, 46.41789], [42.07447, 46.43536], [42.05741, 46.46585], [42.05007, 46.48512], [42.03426, 46.54326], [42.03519, 46.55096], [42.04005, 46.55432], [42.04976, 46.55752], [42.07281, 46.55835], [42.16852, 46.57871], [42.18092, 46.57788], [42.40933, 46.52494], [42.43785, 46.50187], [42.44127, 46.4983], [42.44282, 46.49473], [42.44158, 46.49104], [42.44271, 46.48672], [42.44581, 46.4829], [42.45139, 46.47998], [42.49914, 46.46678], [42.52229, 46.45616], [42.55599, 46.44569], [42.5657, 46.44047], [42.57304, 46.43577], [42.57635, 46.43122], [42.59226, 46.41476], [42.59681, 46.41086], [42.60994, 46.40756], [42.74006, 46.39794], [42.76745, 46.38895], [42.77665, 46.38844], [42.78719, 46.38942], [42.91183, 46.43505], [42.92837, 46.43562], [42.95772, 46.42425], [43.08019, 46.35975], [43.18034, 46.28498], [43.24308, 46.2471], [43.31883, 46.19005], [43.33992, 46.17718], [43.34674, 46.17424], [43.35563, 46.17235], [43.51055, 46.1624], [43.54456, 46.16416], [43.55944, 46.16886], [43.61938, 46.19728], [43.63582, 46.20767], [43.64605, 46.21573], [43.65628, 46.23599], [43.65814, 46.24167], [43.6631, 46.25247], [43.67582, 46.2719], [43.73018, 46.33914], [43.74703, 46.35521], [43.75085, 46.3597], [43.75736, 46.36926], [43.75963, 46.37474], [43.76139, 46.38079], [43.76356, 46.39376], [43.76542, 46.3997], [43.76852, 46.40466], [43.77297, 46.40792], [43.77938, 46.4089], [43.78589, 46.40745], [43.81989, 46.38957], [43.82826, 46.38192], [43.84325, 46.36404], [43.85317, 46.34895], [43.85937, 46.3364], [43.86195, 46.32193], [43.86175, 46.29183], [43.87219, 46.29056], [43.88211, 46.29542], [43.90112, 46.30978], [43.92242, 46.3225], [43.96076, 46.33614], [43.96644, 46.33976], [43.96985, 46.34611], [43.97016, 46.3566], [43.96572, 46.3688], [43.96014, 46.37531], [43.93657, 46.39487], [43.92117, 46.41138], [43.91838, 46.41598], [43.91735, 46.42846], [43.92769, 46.52104], [43.92645, 46.52832], [43.92076, 46.53711], [43.91497, 46.54233], [43.90888, 46.54626], [43.90268, 46.54904], [43.82681, 46.5677], [43.82051, 46.57028], [43.81586, 46.57426], [43.81431, 46.58005], [43.8171, 46.58873], [43.82299, 46.59592], [43.83539, 46.60455], [43.86195, 46.61894], [43.86691, 46.62237], [43.87436, 46.62945], [43.90826, 46.67278], [43.9126, 46.6824], [43.9126, 46.69219], [43.9157, 46.70697], [43.93037, 46.72273], [44.02732, 46.78035], [44.05295, 46.79895], [44.05636, 46.80355], [44.06546, 46.81854], [44.07259, 46.82774], [44.07879, 46.83161], [44.08726, 46.83492], [44.10287, 46.83678], [44.16219, 46.83288], [44.1902, 46.84448], [44.26245, 46.90013], [44.32756, 47.11077], [44.33097, 47.40326], [44.33438, 47.45008], [44.33397, 47.47524], [44.33273, 47.48072], [44.33024, 47.48501], [44.32508, 47.48821], [44.31888, 47.4909], [44.25666, 47.50594], [44.25056, 47.50888], [44.24684, 47.51312], [44.2455, 47.51865], [44.24457, 47.56932], [44.23878, 47.57338], [44.22844, 47.57464], [44.12633, 47.54464], [44.12085, 47.54221], [44.11765, 47.53813], [44.11682, 47.53348], [44.11951, 47.42884], [44.11641, 47.41845], [44.10959, 47.41369], [44.00344, 47.40884], [43.9991, 47.40775], [43.99424, 47.40594], [43.9836, 47.40047], [43.97368, 47.39339], [43.96479, 47.38548], [43.95776, 47.37623], [43.95528, 47.37078], [43.95332, 47.36486], [43.94226, 47.29949], [43.94029, 47.27339], [43.93916, 47.2689], [43.93471, 47.26688], [43.92727, 47.26683], [43.80232, 47.28254], [43.79591, 47.28523], [43.79271, 47.28972], [43.79333, 47.29778], [43.79798, 47.31747], [43.80149, 47.34372], [43.80118, 47.36295], [43.79922, 47.37065], [43.78403, 47.40408], [43.75674, 47.44798], [43.73152, 47.47661], [43.6475, 47.54738], [43.63365, 47.57038], [43.63633, 47.57573], [43.63974, 47.58084], [43.65349, 47.60676], [43.70517, 47.68314], [43.70972, 47.68815], [43.71871, 47.69652], [43.72904, 47.7035], [43.78909, 47.73094], [43.82206, 47.74975], [43.84159, 47.75693], [43.86423, 47.76179], [43.89151, 47.76197], [43.90888, 47.75936], [43.91683, 47.75745], [43.93482, 47.75543], [43.9434, 47.75533], [43.95146, 47.75605], [43.95766, 47.75791], [43.96355, 47.76044], [43.9743, 47.76683], [44.00406, 47.78938], [44.03228, 47.8161], [44.03745, 47.82587], [44.03848, 47.83351], [44.02081, 47.85625], [44.01812, 47.86173], [44.01874, 47.86504], [44.05884, 47.90049], [44.07155, 47.90656], [44.08251, 47.90901], [44.38905, 47.86827], [44.38812, 47.90819], [44.39412, 47.92328], [44.41334, 47.93888], [44.44548, 47.96043], [44.46192, 47.97619], [44.46533, 47.98353], [44.46688, 47.99025], [44.46646, 48.03019], [44.46522, 48.03877], [44.46192, 48.04446], [44.45623, 48.04818], [44.44765, 48.04968], [44.34709, 48.0549], [44.33717, 48.05784], [44.32807, 48.06384], [44.31877, 48.07849], [44.31412, 48.09412], [44.3053, 48.15125], [44.29889, 48.15096], [44.26818, 48.15026], [44.26485, 48.15025], [44.26242, 48.15127], [44.25962, 48.15085], [44.1262, 48.14844], [44.12219, 48.14559], [44.12245, 48.14536], [44.12268, 48.14512], [44.1229, 48.14489], [44.12308, 48.14468], [44.12304, 48.14437], [44.123, 48.14418], [44.12294, 48.14402], [44.12288, 48.14384], [44.12274, 48.1434], [44.12256, 48.14284], [44.1224, 48.14234], [44.12158, 48.13967], [44.12144, 48.1392], [44.12136, 48.13897], [44.12116, 48.1383], [44.12111, 48.13816], [44.12063, 48.13663], [44.12007, 48.13482], [44.11976, 48.13366], [44.11917, 48.1319], [44.11905, 48.13151], [44.11902, 48.13134], [44.11414, 48.13231], [44.11194, 48.13175], [44.10624, 48.13476], [44.09136, 48.12651], [44.07236, 48.11771], [44.06315, 48.11489], [44.05505, 48.11162], [43.99239, 48.08562], [43.99127, 48.08471], [43.98323, 48.09365], [43.89467, 48.09003], [43.90003, 48.11264], [43.89919, 48.11334], [43.90096, 48.11841], [43.90702, 48.11914], [43.95501, 48.12487], [43.95194, 48.16637], [43.95154, 48.16636], [43.94941, 48.16633], [43.94717, 48.16642], [43.94612, 48.1666], [43.94547, 48.16688], [43.94445, 48.16706], [43.94302, 48.16667], [43.94243, 48.16592], [43.94072, 48.1657], [43.9399, 48.16591], [43.93878, 48.16649], [43.93697, 48.16674], [43.93589, 48.1665], [43.9353, 48.16598], [43.93446, 48.16559], [43.93303, 48.16543], [43.93132, 48.16537], [43.9297, 48.16514], [43.92826, 48.16528], [43.92721, 48.1653], [43.92634, 48.16508], [43.925, 48.16443], [43.92371, 48.16412], [43.92253, 48.16431], [43.92103, 48.16469], [43.91956, 48.16456], [43.91837, 48.16387], [43.91293, 48.17134], [43.90316, 48.1763], [43.89401, 48.18064], [43.88621, 48.18433], [43.88513, 48.18473], [43.857, 48.19523], [43.85169, 48.19721], [43.86029, 48.20881], [43.89605, 48.25697], [43.91132, 48.27797], [43.91388, 48.28274], [43.91907, 48.28966], [43.9192, 48.28984], [43.96147, 48.34543], [43.9729, 48.36046], [43.97311, 48.36258], [43.96674, 48.37465], [43.96726, 48.37704], [43.96251, 48.38666], [43.96233, 48.38958], [43.97111, 48.39328], [43.9691, 48.39856], [43.9681, 48.40312], [43.96607, 48.40655], [43.96588, 48.40712], [43.98405, 48.42481], [44.00755, 48.44749], [44.00796, 48.4479], [44.02065, 48.46014], [44.05575, 48.44034], [44.06195, 48.44604], [44.06222, 48.44629], [44.07878, 48.46151], [44.09258, 48.47402], [44.13628, 48.47795], [44.15765, 48.48793], [44.16606, 48.49186], [44.17381, 48.49548], [44.17826, 48.49605], [44.17909, 48.4972], [44.18057, 48.49716], [44.18222, 48.49795], [44.18431, 48.49827], [44.18775, 48.49789], [44.19594, 48.50153], [44.19595, 48.50151], [44.19602, 48.50146], [44.19606, 48.50143], [44.19615, 48.50144], [44.19617, 48.50139], [44.19611, 48.50136], [44.1962, 48.50131], [44.19627, 48.50124], [44.19635, 48.50125], [44.19643, 48.50124], [44.19645, 48.50118], [44.19652, 48.50113], [44.19658, 48.50108], [44.19669, 48.50101], [44.19676, 48.50097], [44.19687, 48.50093], [44.19704, 48.50088], [44.19712, 48.50086], [44.19719, 48.50086], [44.19725, 48.50089], [44.19724, 48.50085], [44.19727, 48.5008], [44.1973, 48.50076], [44.1974, 48.50074], [44.19746, 48.50071], [44.19754, 48.50067], [44.19764, 48.50064], [44.19774, 48.50064], [44.19784, 48.50062], [44.19796, 48.50062], [44.19805, 48.50062], [44.19816, 48.50061], [44.19826, 48.50059], [44.19853, 48.50057], [44.19866, 48.50057], [44.19874, 48.50059], [44.19885, 48.50061], [44.19893, 48.50065], [44.19894, 48.50067], [44.19903, 48.50068], [44.19908, 48.50066], [44.19916, 48.50068], [44.1992, 48.50067], [44.19929, 48.50067], [44.19936, 48.5007], [44.19939, 48.50074], [44.19937, 48.50081], [44.19933, 48.50089], [44.19941, 48.50091], [44.19946, 48.50087], [44.19953, 48.501], [44.19958, 48.50112], [44.19963, 48.50118], [44.19974, 48.50126], [44.19966, 48.50117], [44.1996, 48.50111], [44.19956, 48.50102], [44.19951, 48.50091], [44.19949, 48.50086], [44.19952, 48.50084], [44.19958, 48.50077], [44.1996, 48.50072], [44.19955, 48.5007], [44.19946, 48.50068], [44.19941, 48.50064], [44.19938, 48.50057], [44.19942, 48.5005], [44.19947, 48.50045], [44.19951, 48.50038], [44.19952, 48.50032], [44.19965, 48.50026], [44.19976, 48.50022], [44.19991, 48.5002], [44.19996, 48.50022], [44.20003, 48.5002], [44.20012, 48.50022], [44.20021, 48.50022], [44.20032, 48.50023], [44.2004, 48.50021], [44.20048, 48.5002], [44.20055, 48.50016], [44.20065, 48.50013], [44.20073, 48.50008], [44.20088, 48.50005], [44.20098, 48.50006], [44.20108, 48.50009], [44.20116, 48.50007], [44.20128, 48.50008], [44.20139, 48.50013], [44.20144, 48.5002], [44.20145, 48.50024], [44.2015, 48.50031], [44.20158, 48.50029], [44.20161, 48.50028], [44.20164, 48.5002], [44.20162, 48.50018], [44.20158, 48.50012], [44.20155, 48.50007], [44.20155, 48.5], [44.20157, 48.49993], [44.20166, 48.49982], [44.20176, 48.49973], [44.20184, 48.49963], [44.20203, 48.49948], [44.20217, 48.49946], [44.20233, 48.49949], [44.20245, 48.49954], [44.20259, 48.49951], [44.20247, 48.49943], [44.20245, 48.49937], [44.20246, 48.49928], [44.20247, 48.49917], [44.20248, 48.49909], [44.20252, 48.499], [44.20249, 48.49896], [44.20254, 48.49893], [44.20257, 48.49888], [44.20266, 48.49886], [44.20264, 48.49876], [44.20259, 48.49876], [44.20257, 48.49872], [44.20257, 48.49864], [44.20261, 48.49858], [44.20257, 48.49856], [44.20258, 48.49851], [44.20264, 48.49846], [44.2027, 48.49841], [44.20275, 48.49836], [44.20283, 48.49832], [44.20294, 48.49827], [44.203, 48.49827], [44.20301, 48.49824], [44.20308, 48.49821], [44.20317, 48.49821], [44.2032, 48.49823], [44.20326, 48.49825], [44.20334, 48.49825], [44.20347, 48.49826], [44.20362, 48.49832], [44.20377, 48.49835], [44.20397, 48.49839], [44.20403, 48.49843], [44.20424, 48.49811], [44.20418, 48.49808], [44.2041, 48.49805], [44.204, 48.49803], [44.2039, 48.498], [44.20379, 48.49794], [44.20369, 48.4979], [44.20363, 48.49783], [44.20351, 48.49776], [44.20344, 48.49773], [44.20336, 48.49774], [44.2033, 48.49766], [44.20326, 48.49768], [44.20318, 48.49765], [44.20309, 48.49764], [44.203, 48.49764], [44.20288, 48.49763], [44.20281, 48.4976], [44.20275, 48.49759], [44.20269, 48.49755], [44.20269, 48.49744], [44.20269, 48.49737], [44.20271, 48.49725], [44.20274, 48.49712], [44.20282, 48.49703], [44.20288, 48.49696], [44.20297, 48.49689], [44.20302, 48.49682], [44.20306, 48.49675], [44.20309, 48.49664], [44.20317, 48.49653], [44.20325, 48.49646], [44.20336, 48.49637], [44.20345, 48.49633], [44.20352, 48.49625], [44.20364, 48.49619], [44.2037, 48.49614], [44.20377, 48.49607], [44.20376, 48.49601], [44.20376, 48.49587], [44.20383, 48.49577], [44.20387, 48.49568], [44.20391, 48.49559], [44.20396, 48.49548], [44.20404, 48.49541], [44.20414, 48.49536], [44.20422, 48.49535], [44.20428, 48.49534], [44.2043, 48.49527], [44.20435, 48.49523], [44.20445, 48.49519], [44.20457, 48.49515], [44.20464, 48.4951], [44.20466, 48.49501], [44.20463, 48.49495], [44.20456, 48.49488], [44.2045, 48.49481], [44.20445, 48.49474], [44.20445, 48.49468], [44.20447, 48.49463], [44.20444, 48.49461], [44.20444, 48.49455], [44.20448, 48.49452], [44.20449, 48.49444], [44.20449, 48.4944], [44.20452, 48.49434], [44.20459, 48.49424], [44.20466, 48.49418], [44.20471, 48.49416], [44.20478, 48.49413], [44.20484, 48.49414], [44.2048, 48.4941], [44.20483, 48.49406], [44.20489, 48.49405], [44.20496, 48.49403], [44.20499, 48.49399], [44.20501, 48.49394], [44.20507, 48.49391], [44.20509, 48.49388], [44.20503, 48.49383], [44.20498, 48.49381], [44.20509, 48.49375], [44.20517, 48.49376], [44.20519, 48.49373], [44.20524, 48.49369], [44.20526, 48.49364], [44.20536, 48.49361], [44.20539, 48.49365], [44.20548, 48.49367], [44.20549, 48.4937], [44.20553, 48.49372], [44.20558, 48.4937], [44.20561, 48.49369], [44.20565, 48.49369], [44.20567, 48.49371], [44.2057, 48.49373], [44.20576, 48.49375], [44.2057, 48.4937], [44.20566, 48.49368], [44.20562, 48.49367], [44.20556, 48.49369], [44.20552, 48.49368], [44.20551, 48.49365], [44.20549, 48.49363], [44.20544, 48.49361], [44.2054, 48.49357], [44.20544, 48.49356], [44.20545, 48.49359], [44.20551, 48.49356], [44.20553, 48.49351], [44.20559, 48.49352], [44.20563, 48.49352], [44.20562, 48.49349], [44.20568, 48.49349], [44.20567, 48.49347], [44.20562, 48.49346], [44.20564, 48.49343], [44.20572, 48.49345], [44.20566, 48.49341], [44.20568, 48.49339], [44.20574, 48.49343], [44.20575, 48.49343], [44.20574, 48.49336], [44.2058, 48.49335], [44.20578, 48.49344], [44.20581, 48.49345], [44.20583, 48.49337], [44.20589, 48.49338], [44.20595, 48.49335], [44.20603, 48.49335], [44.20612, 48.49337], [44.20615, 48.49334], [44.20618, 48.49331], [44.20625, 48.49331], [44.20628, 48.49333], [44.20629, 48.49336], [44.20629, 48.49342], [44.20632, 48.49335], [44.20636, 48.49332], [44.2064, 48.4933], [44.2065, 48.49328], [44.20661, 48.49324], [44.20665, 48.49325], [44.20671, 48.49325], [44.20676, 48.49323], [44.20684, 48.49324], [44.20687, 48.49326], [44.20697, 48.49326], [44.207, 48.49324], [44.20704, 48.49324], [44.20705, 48.49327], [44.20703, 48.4933], [44.20712, 48.49328], [44.20721, 48.49328], [44.20728, 48.49324], [44.20729, 48.49326], [44.20737, 48.49326], [44.20745, 48.49323], [44.20754, 48.49323], [44.20757, 48.49324], [44.20761, 48.49324], [44.20774, 48.49326], [44.20772, 48.49322], [44.20765, 48.49323], [44.20765, 48.4932], [44.20771, 48.49319], [44.20774, 48.49317], [44.20778, 48.49319], [44.20777, 48.49322], [44.20783, 48.49325], [44.20789, 48.49322], [44.20797, 48.49319], [44.20802, 48.49319], [44.20812, 48.49316], [44.20818, 48.49317], [44.2082, 48.49319], [44.20826, 48.4932], [44.20828, 48.49316], [44.20832, 48.49313], [44.2084, 48.49313], [44.20848, 48.49314], [44.20853, 48.49312], [44.20862, 48.49311], [44.20865, 48.49313], [44.20869, 48.49314], [44.20873, 48.49313], [44.2088, 48.49312], [44.20889, 48.49311], [44.20895, 48.49311], [44.20896, 48.49314], [44.20892, 48.49316], [44.20894, 48.49318], [44.209, 48.49315], [44.20905, 48.49316], [44.2091, 48.49318], [44.20906, 48.49315], [44.20911, 48.49313], [44.20916, 48.49311], [44.20925, 48.49308], [44.20931, 48.49308], [44.20938, 48.49307], [44.20944, 48.49305], [44.20942, 48.493], [44.20949, 48.49299], [44.20956, 48.49297], [44.20963, 48.49298], [44.20968, 48.49296], [44.20972, 48.49297], [44.20979, 48.493], [44.20984, 48.49297], [44.20989, 48.493], [44.20992, 48.49303], [44.20995, 48.49306], [44.21, 48.4931], [44.20998, 48.49305], [44.20998, 48.49301], [44.21004, 48.493], [44.21003, 48.49297], [44.21006, 48.49294], [44.21009, 48.49296], [44.21015, 48.49298], [44.21018, 48.49293], [44.21023, 48.49292], [44.21024, 48.49289], [44.21027, 48.49289], [44.21036, 48.49289], [44.21038, 48.49286], [44.21046, 48.49286], [44.21048, 48.49282], [44.21054, 48.49282], [44.21059, 48.49283], [44.21064, 48.49281], [44.21068, 48.49279], [44.21077, 48.4928], [44.2108, 48.49281], [44.21083, 48.49278], [44.21092, 48.49278], [44.21098, 48.49279], [44.21106, 48.49284], [44.21103, 48.49279], [44.21104, 48.49275], [44.21106, 48.49272], [44.2111, 48.49268], [44.21112, 48.4927], [44.21117, 48.49268], [44.21121, 48.49269], [44.21122, 48.49266], [44.21128, 48.49263], [44.21139, 48.49259], [44.21156, 48.49255], [44.21159, 48.49252], [44.21161, 48.4925], [44.21166, 48.49251], [44.21169, 48.49246], [44.21173, 48.49246], [44.21176, 48.49242], [44.21184, 48.49243], [44.21188, 48.49244], [44.21197, 48.49244], [44.21205, 48.49243], [44.21209, 48.4924], [44.21207, 48.49237], [44.21209, 48.49233], [44.21219, 48.49231], [44.21225, 48.49229], [44.21233, 48.49228], [44.21239, 48.49224], [44.21249, 48.4922], [44.21258, 48.49218], [44.21267, 48.49215], [44.21275, 48.49214], [44.21287, 48.49213], [44.21291, 48.49212], [44.21302, 48.49212], [44.21311, 48.49211], [44.21317, 48.49213], [44.21321, 48.4921], [44.21325, 48.49209], [44.21336, 48.49211], [44.21347, 48.49213], [44.21351, 48.49216], [44.21358, 48.4922], [44.21366, 48.49223], [44.21376, 48.49224], [44.21385, 48.49226], [44.21397, 48.49229], [44.21402, 48.49227], [44.21408, 48.49227], [44.21417, 48.49227], [44.21426, 48.49227], [44.21437, 48.49228], [44.21446, 48.49226], [44.21455, 48.49226], [44.21465, 48.49226], [44.21475, 48.49226], [44.21484, 48.49225], [44.21493, 48.49226], [44.21502, 48.49224], [44.21515, 48.4922], [44.21524, 48.49219], [44.21534, 48.49217], [44.21543, 48.49216], [44.21552, 48.49213], [44.21559, 48.49213], [44.21563, 48.49214], [44.21568, 48.4921], [44.21575, 48.49206], [44.21583, 48.49204], [44.21593, 48.49202], [44.21602, 48.49202], [44.21607, 48.49202], [44.21613, 48.49199], [44.2162, 48.49195], [44.21628, 48.49192], [44.21639, 48.49193], [44.21649, 48.49195], [44.21655, 48.49193], [44.21663, 48.49191], [44.21673, 48.49191], [44.21684, 48.49189], [44.21691, 48.4919], [44.217, 48.49193], [44.21716, 48.49192], [44.21723, 48.49194], [44.21728, 48.49194], [44.21743, 48.49193], [44.21753, 48.49198], [44.2176, 48.49198], [44.21768, 48.49198], [44.21776, 48.49201], [44.21785, 48.49203], [44.21796, 48.49204], [44.2181, 48.49204], [44.2182, 48.49203], [44.21831, 48.49202], [44.21841, 48.49201], [44.2185, 48.49204], [44.21861, 48.49204], [44.21873, 48.49202], [44.21882, 48.49202], [44.21887, 48.49205], [44.21887, 48.49209], [44.21897, 48.49211], [44.21909, 48.49214], [44.21916, 48.49217], [44.21917, 48.49221], [44.21909, 48.4924], [44.21919, 48.49221], [44.21923, 48.49221], [44.21938, 48.49225], [44.2195, 48.49226], [44.21969, 48.4923], [44.2198, 48.49233], [44.21993, 48.49236], [44.21997, 48.4924], [44.22002, 48.49242], [44.22006, 48.49238], [44.22014, 48.49237], [44.22026, 48.49235], [44.22035, 48.49237], [44.22037, 48.4924], [44.22045, 48.49241], [44.22054, 48.49235], [44.22069, 48.49236], [44.22078, 48.49236], [44.22091, 48.49236], [44.22105, 48.49234], [44.22118, 48.49232], [44.22124, 48.49233], [44.22126, 48.49236], [44.22136, 48.49236], [44.22135, 48.49231], [44.22134, 48.49228], [44.2214, 48.49226], [44.22145, 48.49227], [44.22149, 48.4923], [44.22155, 48.49232], [44.22161, 48.49235], [44.22171, 48.49238], [44.22177, 48.4924], [44.22175, 48.49244], [44.22187, 48.49242], [44.22188, 48.49239], [44.22194, 48.49238], [44.22202, 48.49239], [44.22205, 48.49238], [44.22211, 48.49236], [44.22215, 48.49236], [44.22219, 48.49236], [44.22223, 48.49238], [44.22227, 48.49243], [44.22228, 48.49246], [44.22237, 48.49245], [44.22246, 48.49244], [44.22255, 48.49242], [44.22256, 48.49246], [44.22262, 48.49244], [44.22264, 48.49239], [44.22267, 48.49236], [44.22271, 48.49235], [44.22274, 48.49236], [44.22272, 48.4924], [44.22271, 48.49244], [44.22277, 48.49242], [44.22285, 48.49241], [44.22285, 48.49243], [44.2229, 48.49244], [44.22297, 48.49242], [44.22305, 48.49242], [44.22308, 48.49245], [44.22306, 48.49249], [44.2231, 48.49251], [44.22315, 48.49247], [44.22319, 48.49244], [44.22325, 48.49245], [44.22333, 48.49247], [44.22338, 48.49249], [44.2235, 48.4925], [44.22353, 48.49255], [44.22361, 48.49257], [44.22367, 48.49259], [44.22369, 48.49262], [44.22378, 48.49261], [44.22379, 48.49265], [44.22386, 48.49264], [44.22396, 48.49264], [44.22402, 48.49267], [44.22408, 48.49269], [44.22416, 48.49267], [44.22426, 48.49267], [44.22434, 48.49269], [44.22438, 48.49271], [44.22442, 48.49274], [44.22443, 48.49277], [44.22446, 48.4928], [44.22446, 48.49283], [44.22449, 48.49285], [44.22456, 48.49287], [44.22463, 48.49285], [44.22473, 48.49282], [44.22476, 48.4928], [44.22484, 48.49279], [44.22491, 48.49276], [44.22496, 48.49277], [44.22498, 48.49287], [44.22501, 48.49288], [44.22502, 48.49278], [44.22514, 48.49278], [44.22524, 48.49275], [44.22528, 48.49272], [44.22537, 48.49269], [44.22546, 48.49266], [44.22554, 48.49263], [44.22564, 48.4926], [44.2257, 48.49258], [44.22579, 48.49256], [44.22586, 48.49259], [44.22594, 48.49259], [44.22602, 48.49259], [44.22611, 48.49261], [44.22617, 48.49262], [44.22625, 48.49263], [44.22632, 48.49265], [44.22639, 48.49268], [44.22643, 48.49265], [44.22652, 48.49265], [44.22661, 48.49267], [44.22661, 48.49271], [44.22665, 48.49273], [44.22672, 48.49273], [44.22681, 48.49274], [44.2269, 48.49276], [44.22697, 48.49277], [44.22698, 48.49282], [44.22698, 48.49288], [44.227, 48.49292], [44.22701, 48.49297], [44.22704, 48.49293], [44.22703, 48.4929], [44.22703, 48.49284], [44.22703, 48.49277], [44.2271, 48.49276], [44.22719, 48.49274], [44.22728, 48.49272], [44.22748, 48.4927], [44.22757, 48.49268], [44.22759, 48.49269], [44.22768, 48.49268], [44.22781, 48.49264], [44.22789, 48.49262], [44.22801, 48.49259], [44.22818, 48.49255], [44.2283, 48.49252], [44.22843, 48.49249], [44.2285, 48.49249], [44.22854, 48.49251], [44.22857, 48.49255], [44.22855, 48.49256], [44.22848, 48.49257], [44.22845, 48.49259], [44.22844, 48.49264], [44.22849, 48.49267], [44.2285, 48.49271], [44.22853, 48.49268], [44.22858, 48.49265], [44.22869, 48.49263], [44.22879, 48.49262], [44.22887, 48.49263], [44.22892, 48.49265], [44.22892, 48.49269], [44.22901, 48.49264], [44.229, 48.49261], [44.22899, 48.49255], [44.22907, 48.49253], [44.22913, 48.49254], [44.22915, 48.49257], [44.22916, 48.49261], [44.22919, 48.49265], [44.22926, 48.49264], [44.22929, 48.4926], [44.2293, 48.49254], [44.22943, 48.49252], [44.22954, 48.49251], [44.22962, 48.49255], [44.22964, 48.49258], [44.22974, 48.49255], [44.22979, 48.49255], [44.22991, 48.49257], [44.22999, 48.49259], [44.23003, 48.49261], [44.23008, 48.49262], [44.23016, 48.49259], [44.23023, 48.4926], [44.23035, 48.49257], [44.23041, 48.49259], [44.23042, 48.49262], [44.23048, 48.49258], [44.23046, 48.49256], [44.23051, 48.49253], [44.23059, 48.49252], [44.23065, 48.49253], [44.23073, 48.49253], [44.23079, 48.49254], [44.23087, 48.49256], [44.23086, 48.49252], [44.23091, 48.4925], [44.23101, 48.4925], [44.23112, 48.4925], [44.23122, 48.49248], [44.2313, 48.49248], [44.23132, 48.49245], [44.23136, 48.4924], [44.23143, 48.49236], [44.23151, 48.49234], [44.23163, 48.49233], [44.23171, 48.49233], [44.23171, 48.49229], [44.23178, 48.49227], [44.23187, 48.49226], [44.23195, 48.49226], [44.23198, 48.49223], [44.23198, 48.49218], [44.232, 48.49213], [44.23208, 48.49205], [44.23217, 48.49199], [44.23225, 48.49192], [44.23232, 48.49185], [44.2324, 48.49181], [44.23245, 48.49176], [44.23254, 48.49174], [44.23257, 48.49168], [44.23265, 48.49166], [44.23274, 48.49165], [44.23278, 48.49167], [44.23283, 48.49163], [44.2328, 48.49161], [44.23283, 48.49155], [44.23289, 48.49153], [44.23297, 48.49152], [44.23307, 48.49152], [44.233, 48.49146], [44.23304, 48.49142], [44.23309, 48.49138], [44.23315, 48.49135], [44.23322, 48.4913], [44.23319, 48.49125], [44.23326, 48.49118], [44.23332, 48.49114], [44.2334, 48.49112], [44.23338, 48.49109], [44.23344, 48.49105], [44.23348, 48.49099], [44.23345, 48.49095], [44.2335, 48.4909], [44.23362, 48.49081], [44.23368, 48.49076], [44.23377, 48.49074], [44.23387, 48.4907], [44.23395, 48.49065], [44.23408, 48.49063], [44.23415, 48.49061], [44.23421, 48.4906], [44.23432, 48.4906], [44.23442, 48.49059], [44.23455, 48.49062], [44.23448, 48.49058], [44.23442, 48.49057], [44.23433, 48.49057], [44.23429, 48.49053], [44.23429, 48.49049], [44.23427, 48.49043], [44.2343, 48.49035], [44.23441, 48.4903], [44.23454, 48.49023], [44.2347, 48.4902], [44.23475, 48.49017], [44.23483, 48.49017], [44.23477, 48.49012], [44.23477, 48.49007], [44.23473, 48.49004], [44.23475, 48.48998], [44.23481, 48.48994], [44.23486, 48.48992], [44.2349, 48.48987], [44.23499, 48.48987], [44.23504, 48.48988], [44.23509, 48.48987], [44.23518, 48.48982], [44.23525, 48.48978], [44.23524, 48.48972], [44.23529, 48.48965], [44.23536, 48.48961], [44.23545, 48.48957], [44.23555, 48.48954], [44.23563, 48.48952], [44.23573, 48.48951], [44.23579, 48.48953], [44.23585, 48.48956], [44.23595, 48.48959], [44.236, 48.48964], [44.23604, 48.48969], [44.23617, 48.48973], [44.23613, 48.48971], [44.23607, 48.48968], [44.23605, 48.48965], [44.23602, 48.48961], [44.23598, 48.48958], [44.23594, 48.48955], [44.23587, 48.48952], [44.23583, 48.48949], [44.23587, 48.48943], [44.23588, 48.48937], [44.23598, 48.48929], [44.23603, 48.48931], [44.23611, 48.48932], [44.23622, 48.48933], [44.23634, 48.48934], [44.23646, 48.48936], [44.23657, 48.48939], [44.23669, 48.48941], [44.23673, 48.48939], [44.23677, 48.48937], [44.23687, 48.48936], [44.23695, 48.48936], [44.237, 48.48934], [44.23707, 48.48933], [44.23708, 48.48937], [44.2371, 48.48942], [44.23716, 48.48948], [44.23713, 48.48943], [44.23711, 48.48938], [44.23712, 48.48933], [44.23716, 48.48931], [44.23725, 48.48931], [44.23723, 48.48934], [44.23722, 48.48937], [44.23725, 48.4894], [44.23736, 48.48947], [44.23731, 48.4894], [44.23727, 48.48937], [44.2373, 48.4893], [44.23733, 48.48928], [44.23744, 48.48926], [44.23754, 48.48923], [44.23763, 48.48918], [44.23774, 48.48915], [44.23786, 48.48915], [44.23802, 48.48912], [44.23811, 48.48907], [44.23824, 48.48904], [44.23834, 48.489], [44.23841, 48.489], [44.23853, 48.48911], [44.23859, 48.48908], [44.23852, 48.489], [44.2385, 48.48896], [44.23853, 48.48892], [44.23861, 48.48888], [44.23868, 48.48884], [44.23874, 48.48881], [44.23885, 48.48879], [44.23892, 48.48879], [44.23892, 48.48871], [44.23896, 48.48865], [44.23903, 48.48858], [44.23908, 48.48851], [44.23916, 48.48845], [44.23922, 48.48839], [44.23927, 48.48831], [44.23934, 48.48825], [44.23941, 48.48819], [44.23946, 48.48815], [44.23952, 48.48811], [44.23959, 48.48807], [44.23963, 48.48802], [44.23969, 48.48798], [44.23975, 48.48791], [44.23981, 48.48785], [44.23992, 48.48781], [44.24, 48.48773], [44.2402, 48.48763], [44.24033, 48.48756], [44.24042, 48.48752], [44.2405, 48.48747], [44.24063, 48.48743], [44.24071, 48.4874], [44.24079, 48.48742], [44.24081, 48.48745], [44.24074, 48.48749], [44.24067, 48.48755], [44.24062, 48.48762], [44.24069, 48.48761], [44.24075, 48.48758], [44.24077, 48.48753], [44.24085, 48.48752], [44.24087, 48.48747], [44.24088, 48.48741], [44.24089, 48.48735], [44.24092, 48.48731], [44.24101, 48.48727], [44.2411, 48.48725], [44.24116, 48.48726], [44.24126, 48.4873], [44.24122, 48.48724], [44.24122, 48.48719], [44.24132, 48.48713], [44.24135, 48.48711], [44.24148, 48.48708], [44.24158, 48.48707], [44.24169, 48.48707], [44.24176, 48.48703], [44.24188, 48.487], [44.24196, 48.48699], [44.24202, 48.48701], [44.24205, 48.48707], [44.24204, 48.48713], [44.24213, 48.48711], [44.2422, 48.48712], [44.24223, 48.48718], [44.24232, 48.48727], [44.24226, 48.48717], [44.24226, 48.48711], [44.2423, 48.48708], [44.24237, 48.48707], [44.2424, 48.48708], [44.24243, 48.48708], [44.2425, 48.48708], [44.24259, 48.48708], [44.24272, 48.48712], [44.24269, 48.48711], [44.2426, 48.48705], [44.24255, 48.48705], [44.2425, 48.48705], [44.24242, 48.48704], [44.24237, 48.487], [44.24236, 48.48695], [44.2424, 48.48688], [44.24248, 48.48686], [44.24257, 48.48684], [44.24264, 48.48685], [44.24268, 48.48682], [44.24278, 48.48679], [44.24285, 48.48679], [44.24295, 48.48683], [44.24301, 48.48688], [44.24299, 48.48683], [44.24304, 48.48681], [44.24307, 48.48677], [44.24312, 48.48675], [44.24318, 48.4868], [44.24315, 48.48673], [44.24318, 48.48672], [44.24326, 48.4867], [44.24336, 48.48669], [44.24345, 48.48667], [44.24353, 48.48668], [44.24361, 48.4867], [44.24372, 48.48669], [44.24379, 48.48671], [44.24394, 48.48675], [44.24401, 48.48676], [44.24409, 48.48679], [44.24413, 48.48681], [44.24416, 48.48684], [44.24417, 48.4869], [44.24418, 48.48694], [44.24422, 48.48699], [44.24422, 48.48703], [44.24422, 48.48709], [44.24429, 48.48708], [44.24431, 48.48714], [44.24434, 48.48718], [44.24438, 48.4872], [44.24443, 48.48723], [44.24447, 48.48727], [44.24457, 48.48741], [44.24454, 48.48735], [44.2445, 48.48726], [44.24445, 48.48721], [44.24441, 48.48718], [44.24437, 48.48716], [44.24433, 48.48709], [44.24432, 48.48705], [44.24429, 48.487], [44.24429, 48.48695], [44.24429, 48.48691], [44.24434, 48.48691], [44.24433, 48.48689], [44.24428, 48.48688], [44.24421, 48.48682], [44.24417, 48.48677], [44.24421, 48.48673], [44.24429, 48.48671], [44.24425, 48.48665], [44.24431, 48.48663], [44.24444, 48.4866], [44.24426, 48.48662], [44.24416, 48.48661], [44.24407, 48.4866], [44.24403, 48.48656], [44.24399, 48.48651], [44.24403, 48.48646], [44.24392, 48.48652], [44.24387, 48.48649], [44.24386, 48.48642], [44.24386, 48.48638], [44.2439, 48.48635], [44.24398, 48.48639], [44.24394, 48.48634], [44.24395, 48.48632], [44.24403, 48.48631], [44.24407, 48.48633], [44.24409, 48.48641], [44.24409, 48.48633], [44.24412, 48.48633], [44.24417, 48.48632], [44.24423, 48.48629], [44.24427, 48.48626], [44.24432, 48.48626], [44.2444, 48.48625], [44.24446, 48.48623], [44.24452, 48.48625], [44.2445, 48.48627], [44.24457, 48.48628], [44.24457, 48.48625], [44.2446, 48.48623], [44.24463, 48.4862], [44.24463, 48.48617], [44.2447, 48.48615], [44.24473, 48.48609], [44.24481, 48.48605], [44.24484, 48.48608], [44.24488, 48.48607], [44.24498, 48.48604], [44.24503, 48.48604], [44.24515, 48.48602], [44.24519, 48.48599], [44.24523, 48.48601], [44.24535, 48.48599], [44.24537, 48.48597], [44.24542, 48.48596], [44.24547, 48.48595], [44.24554, 48.48593], [44.24557, 48.48595], [44.24561, 48.48594], [44.24563, 48.48591], [44.24579, 48.48588], [44.24585, 48.48591], [44.24591, 48.48589], [44.24594, 48.48585], [44.24599, 48.48584], [44.24602, 48.48587], [44.24602, 48.48583], [44.24607, 48.48583], [44.24608, 48.48587], [44.24612, 48.48583], [44.24617, 48.48585], [44.24622, 48.48589], [44.24627, 48.48591], [44.24621, 48.486], [44.24629, 48.48593], [44.24631, 48.48595], [44.24634, 48.48593], [44.24638, 48.48595], [44.24645, 48.48596], [44.24647, 48.48599], [44.2465, 48.48596], [44.24656, 48.48596], [44.24666, 48.48595], [44.24669, 48.48595], [44.24682, 48.48593], [44.24688, 48.48593], [44.24694, 48.48594], [44.24702, 48.48593], [44.24709, 48.48592], [44.24721, 48.48589], [44.24726, 48.48588], [44.24734, 48.48586], [44.24738, 48.48582], [44.24742, 48.48579], [44.24751, 48.48583], [44.24744, 48.48578], [44.24749, 48.48576], [44.24755, 48.48577], [44.24758, 48.48579], [44.24758, 48.48584], [44.24762, 48.48585], [44.24765, 48.48578], [44.24769, 48.48579], [44.24773, 48.48584], [44.24775, 48.48586], [44.2478, 48.48584], [44.24789, 48.48584], [44.24795, 48.48586], [44.24802, 48.48586], [44.24809, 48.48588], [44.24811, 48.4859], [44.24817, 48.4859], [44.24822, 48.48594], [44.24828, 48.48603], [44.24831, 48.48608], [44.24851, 48.48607], [44.24841, 48.48603], [44.24836, 48.48603], [44.24831, 48.48601], [44.24826, 48.48596], [44.24827, 48.48593], [44.24831, 48.48591], [44.24839, 48.48589], [44.24847, 48.4859], [44.24854, 48.48593], [44.2486, 48.48596], [44.24861, 48.48599], [44.24862, 48.48602], [44.24858, 48.48606], [44.24863, 48.48607], [44.24866, 48.48611], [44.24868, 48.48606], [44.2488, 48.48603], [44.24893, 48.48604], [44.24891, 48.486], [44.24895, 48.48598], [44.24899, 48.48599], [44.24905, 48.48602], [44.2491, 48.48604], [44.24913, 48.48608], [44.24917, 48.48612], [44.24929, 48.48613], [44.24929, 48.48615], [44.24925, 48.48623], [44.2493, 48.48617], [44.24934, 48.48615], [44.24943, 48.48615], [44.2495, 48.48617], [44.24955, 48.48619], [44.24965, 48.4862], [44.24971, 48.48621], [44.24982, 48.48625], [44.2499, 48.48628], [44.25004, 48.48632], [44.25022, 48.4864], [44.25029, 48.48643], [44.25043, 48.48646], [44.25069, 48.4865], [44.25074, 48.48649], [44.2508, 48.48649], [44.25085, 48.4865], [44.25096, 48.4865], [44.25102, 48.48652], [44.25112, 48.48649], [44.2512, 48.48649], [44.25132, 48.48649], [44.25142, 48.48647], [44.25151, 48.48647], [44.25162, 48.48648], [44.25172, 48.48649], [44.25177, 48.48651], [44.25191, 48.48642], [44.25191, 48.4864], [44.25193, 48.48637], [44.25199, 48.48635], [44.25207, 48.48633], [44.25209, 48.4863], [44.25214, 48.48628], [44.25225, 48.48623], [44.25236, 48.4862], [44.25245, 48.48621], [44.25254, 48.48625], [44.25248, 48.48619], [44.25253, 48.48614], [44.25262, 48.48614], [44.25274, 48.48613], [44.25272, 48.4861], [44.25276, 48.48608], [44.25284, 48.48607], [44.25287, 48.48603], [44.25292, 48.48604], [44.25296, 48.486], [44.25296, 48.48598], [44.25301, 48.486], [44.25302, 48.48598], [44.25304, 48.48596], [44.25301, 48.48593], [44.25305, 48.48592], [44.25328, 48.48608], [44.25335, 48.48606], [44.25342, 48.48602], [44.25345, 48.48596], [44.25341, 48.48594], [44.25334, 48.48593], [44.25324, 48.48592], [44.2532, 48.48587], [44.2532, 48.48583], [44.25319, 48.48581], [44.25328, 48.48578], [44.25331, 48.48575], [44.25334, 48.48571], [44.25337, 48.48568], [44.25343, 48.48565], [44.25343, 48.48561], [44.25352, 48.48555], [44.25357, 48.48551], [44.25363, 48.48545], [44.25372, 48.48542], [44.2538, 48.48542], [44.2539, 48.4854], [44.25398, 48.4854], [44.25402, 48.4854], [44.25406, 48.48541], [44.2541, 48.48538], [44.25417, 48.48535], [44.25425, 48.48535], [44.25425, 48.48537], [44.25423, 48.48539], [44.25416, 48.4854], [44.25421, 48.48541], [44.2543, 48.48542], [44.25434, 48.48543], [44.25437, 48.48539], [44.25438, 48.48537], [44.25445, 48.48537], [44.25458, 48.48538], [44.25467, 48.48541], [44.25459, 48.48535], [44.2546, 48.48532], [44.25462, 48.48528], [44.25469, 48.48525], [44.25475, 48.48521], [44.25484, 48.48521], [44.25487, 48.48526], [44.25492, 48.48532], [44.25491, 48.48525], [44.25492, 48.48521], [44.25496, 48.48518], [44.25496, 48.48513], [44.25504, 48.48508], [44.25511, 48.48506], [44.25517, 48.48506], [44.25524, 48.48506], [44.25534, 48.48508], [44.25544, 48.48509], [44.25553, 48.4851], [44.25561, 48.48511], [44.25565, 48.48511], [44.25575, 48.4851], [44.2558, 48.48512], [44.25582, 48.48515], [44.25579, 48.48519], [44.25584, 48.48517], [44.25589, 48.48517], [44.25594, 48.4852], [44.25596, 48.48523], [44.25595, 48.48526], [44.25592, 48.4853], [44.25594, 48.48527], [44.25598, 48.48525], [44.25603, 48.48523], [44.25609, 48.48525], [44.25614, 48.48528], [44.25619, 48.48527], [44.25624, 48.48529], [44.25625, 48.48532], [44.25634, 48.48532], [44.25635, 48.48534], [44.25642, 48.48535], [44.25644, 48.48536], [44.25642, 48.48539], [44.25644, 48.48541], [44.25647, 48.48541], [44.25654, 48.48541], [44.2566, 48.48541], [44.25666, 48.48539], [44.25675, 48.4854], [44.25684, 48.48541], [44.25691, 48.4854], [44.25694, 48.48541], [44.25699, 48.48545], [44.25703, 48.4855], [44.25703, 48.48554], [44.25702, 48.48557], [44.25699, 48.48564], [44.25696, 48.48571], [44.25693, 48.48577], [44.25687, 48.48585], [44.25683, 48.48591], [44.25677, 48.48594], [44.25668, 48.48596], [44.25659, 48.48596], [44.2565, 48.48597], [44.25642, 48.486], [44.25635, 48.48604], [44.2563, 48.48612], [44.25633, 48.48608], [44.25639, 48.48604], [44.25644, 48.48601], [44.25653, 48.48601], [44.25656, 48.48603], [44.25658, 48.48608], [44.25659, 48.48602], [44.25664, 48.486], [44.2567, 48.48598], [44.25677, 48.48598], [44.25684, 48.48595], [44.25688, 48.48595], [44.25689, 48.48591], [44.25695, 48.4859], [44.25703, 48.48592], [44.25698, 48.48589], [44.25698, 48.48584], [44.25701, 48.4858], [44.25707, 48.4857], [44.25711, 48.48564], [44.25721, 48.48559], [44.25726, 48.48558], [44.2573, 48.48562], [44.25736, 48.48559], [44.2574, 48.48561], [44.25743, 48.48566], [44.25749, 48.48573], [44.25749, 48.48569], [44.25747, 48.48566], [44.25747, 48.48561], [44.25744, 48.48558], [44.25747, 48.48558], [44.25753, 48.48558], [44.25759, 48.48557], [44.25751, 48.48556], [44.25745, 48.48556], [44.25744, 48.48552], [44.25741, 48.48551], [44.25737, 48.48546], [44.25738, 48.48542], [44.2574, 48.48539], [44.25745, 48.48536], [44.25753, 48.48541], [44.25756, 48.48543], [44.25758, 48.48548], [44.25759, 48.48551], [44.25761, 48.48554], [44.25766, 48.4856], [44.25764, 48.48555], [44.25762, 48.4855], [44.25759, 48.48545], [44.25757, 48.48541], [44.25752, 48.48537], [44.25748, 48.48534], [44.25753, 48.48532], [44.25759, 48.48532], [44.25763, 48.48529], [44.25767, 48.48528], [44.25774, 48.4853], [44.25779, 48.48529], [44.25783, 48.4853], [44.25792, 48.48537], [44.25788, 48.4853], [44.25787, 48.48527], [44.25789, 48.48523], [44.25792, 48.48519], [44.25799, 48.48516], [44.25807, 48.48514], [44.25817, 48.48511], [44.25826, 48.4851], [44.25837, 48.48509], [44.25847, 48.48504], [44.25852, 48.48499], [44.25864, 48.48497], [44.25867, 48.48499], [44.25871, 48.48496], [44.25876, 48.48492], [44.25873, 48.48491], [44.25877, 48.48488], [44.25882, 48.48489], [44.25889, 48.48487], [44.25896, 48.48489], [44.25902, 48.48489], [44.259, 48.48486], [44.25906, 48.48486], [44.25906, 48.4849], [44.25911, 48.48491], [44.25914, 48.48488], [44.25923, 48.48488], [44.25929, 48.48489], [44.25933, 48.48491], [44.25937, 48.48492], [44.2594, 48.48497], [44.25946, 48.48501], [44.2595, 48.48503], [44.25953, 48.48508], [44.25956, 48.48516], [44.25961, 48.48523], [44.25959, 48.48517], [44.25957, 48.48512], [44.25955, 48.48507], [44.25953, 48.48503], [44.2595, 48.485], [44.25945, 48.48498], [44.25942, 48.48495], [44.25941, 48.48491], [44.2594, 48.48488], [44.25939, 48.48483], [44.25936, 48.48483], [44.25932, 48.48486], [44.25929, 48.48485], [44.25924, 48.48483], [44.2592, 48.4848], [44.25919, 48.48478], [44.25924, 48.48475], [44.25925, 48.48473], [44.25932, 48.4847], [44.25936, 48.48472], [44.25938, 48.48475], [44.25943, 48.48476], [44.25948, 48.4848], [44.25949, 48.48478], [44.25947, 48.48474], [44.25948, 48.48469], [44.25952, 48.48464], [44.25957, 48.4846], [44.25962, 48.48457], [44.25973, 48.48457], [44.25984, 48.48458], [44.25988, 48.48458], [44.26002, 48.48463], [44.26016, 48.48463], [44.26028, 48.48463], [44.26033, 48.48466], [44.26034, 48.48468], [44.26041, 48.4847], [44.26046, 48.48468], [44.26052, 48.48463], [44.26057, 48.48461], [44.26067, 48.4846], [44.26076, 48.4846], [44.26085, 48.48458], [44.26096, 48.48456], [44.26101, 48.48458], [44.26103, 48.48462], [44.26104, 48.48467], [44.26107, 48.48473], [44.26111, 48.48467], [44.26119, 48.48472], [44.26124, 48.48477], [44.26121, 48.48472], [44.26113, 48.48466], [44.26118, 48.48461], [44.2613, 48.4847], [44.26121, 48.48461], [44.26123, 48.48459], [44.26121, 48.48454], [44.26115, 48.48448], [44.26113, 48.48443], [44.26116, 48.48439], [44.26124, 48.48436], [44.26131, 48.48435], [44.26138, 48.48437], [44.26146, 48.48436], [44.26156, 48.48434], [44.26165, 48.48431], [44.26178, 48.48427], [44.26188, 48.48425], [44.262, 48.48422], [44.26213, 48.4842], [44.26223, 48.48419], [44.26229, 48.48421], [44.26231, 48.48424], [44.26231, 48.4843], [44.26236, 48.48432], [44.2624, 48.48435], [44.26246, 48.48435], [44.26259, 48.48441], [44.26249, 48.48434], [44.2625, 48.48432], [44.26248, 48.48428], [44.26245, 48.48424], [44.26248, 48.48419], [44.2625, 48.48415], [44.26256, 48.48412], [44.2626, 48.48409], [44.26261, 48.48404], [44.26265, 48.484], [44.26273, 48.48397], [44.26281, 48.48394], [44.26289, 48.48392], [44.26293, 48.48391], [44.26296, 48.48393], [44.26301, 48.48394], [44.26307, 48.48395], [44.26308, 48.48397], [44.26313, 48.48397], [44.26318, 48.48394], [44.26324, 48.48391], [44.26325, 48.48393], [44.26331, 48.48395], [44.26333, 48.48392], [44.26338, 48.48389], [44.26341, 48.48388], [44.26343, 48.48389], [44.26343, 48.48392], [44.2635, 48.4839], [44.26345, 48.48388], [44.26346, 48.48385], [44.26356, 48.48383], [44.26357, 48.48386], [44.26356, 48.48388], [44.26353, 48.48388], [44.26356, 48.48391], [44.26359, 48.48393], [44.26362, 48.48391], [44.2637, 48.48389], [44.26365, 48.48386], [44.26371, 48.48385], [44.26377, 48.48386], [44.26379, 48.48389], [44.26383, 48.48391], [44.26384, 48.48394], [44.26386, 48.48397], [44.26388, 48.484], [44.26392, 48.48404], [44.26395, 48.48405], [44.26398, 48.48409], [44.26401, 48.48414], [44.26402, 48.4842], [44.26402, 48.48427], [44.26394, 48.48431], [44.26387, 48.48435], [44.26387, 48.48438], [44.26385, 48.4844], [44.26381, 48.48441], [44.26381, 48.48444], [44.2639, 48.48449], [44.26397, 48.48448], [44.26402, 48.48449], [44.26408, 48.48452], [44.26414, 48.48457], [44.26419, 48.4846], [44.26422, 48.48462], [44.26424, 48.48467], [44.26425, 48.48473], [44.26428, 48.48475], [44.26426, 48.48477], [44.26418, 48.48485], [44.26423, 48.48482], [44.2643, 48.48475], [44.26433, 48.48474], [44.26435, 48.48475], [44.26443, 48.48477], [44.26449, 48.48481], [44.26452, 48.48484], [44.26456, 48.48488], [44.26461, 48.48491], [44.26459, 48.48495], [44.26453, 48.485], [44.26465, 48.48494], [44.26468, 48.48495], [44.2647, 48.48498], [44.26464, 48.48506], [44.26472, 48.485], [44.26476, 48.48501], [44.26479, 48.48502], [44.26481, 48.48504], [44.26481, 48.48507], [44.26483, 48.48509], [44.26485, 48.48508], [44.2649, 48.48507], [44.26494, 48.48508], [44.26498, 48.48514], [44.265, 48.48515], [44.26507, 48.48516], [44.26514, 48.48516], [44.2652, 48.48519], [44.26527, 48.48521], [44.26533, 48.48521], [44.26538, 48.48523], [44.26542, 48.48523], [44.26547, 48.48526], [44.26547, 48.48529], [44.26544, 48.48534], [44.26545, 48.48536], [44.26555, 48.48539], [44.26561, 48.4854], [44.26564, 48.4854], [44.26568, 48.48537], [44.26572, 48.48535], [44.26572, 48.48531], [44.26572, 48.48529], [44.26577, 48.48529], [44.26582, 48.48528], [44.26587, 48.48529], [44.26594, 48.48526], [44.26597, 48.48527], [44.26602, 48.48527], [44.26606, 48.48526], [44.26609, 48.48527], [44.26612, 48.48523], [44.26616, 48.48521], [44.26622, 48.48519], [44.2663, 48.48517], [44.26636, 48.48516], [44.2664, 48.48517], [44.26644, 48.48513], [44.26652, 48.48511], [44.26664, 48.48508], [44.26667, 48.48507], [44.26673, 48.48505], [44.26678, 48.48504], [44.26686, 48.48503], [44.26692, 48.48503], [44.26697, 48.48499], [44.26703, 48.48499], [44.26705, 48.48502], [44.2671, 48.48504], [44.26713, 48.48503], [44.26711, 48.485], [44.26706, 48.48498], [44.26709, 48.48496], [44.26715, 48.48493], [44.26721, 48.48489], [44.26728, 48.48489], [44.26734, 48.48487], [44.26742, 48.48483], [44.26743, 48.4848], [44.2674, 48.48476], [44.26752, 48.48465], [44.26755, 48.48466], [44.26762, 48.48462], [44.26765, 48.4846], [44.26769, 48.4846], [44.26767, 48.48454], [44.2677, 48.48454], [44.2677, 48.48451], [44.26775, 48.48447], [44.26781, 48.48444], [44.26784, 48.4844], [44.26787, 48.48438], [44.26789, 48.4844], [44.26792, 48.48437], [44.26788, 48.48436], [44.26792, 48.48433], [44.26797, 48.48431], [44.26803, 48.48429], [44.26803, 48.48424], [44.26806, 48.48426], [44.26808, 48.48422], [44.26809, 48.48416], [44.26813, 48.48414], [44.26819, 48.48412], [44.26818, 48.48411], [44.26821, 48.48407], [44.26826, 48.48405], [44.26829, 48.48406], [44.26833, 48.48404], [44.26832, 48.48401], [44.26828, 48.484], [44.26832, 48.48393], [44.26836, 48.48393], [44.26837, 48.48389], [44.26843, 48.48386], [44.26847, 48.48382], [44.26853, 48.48383], [44.26859, 48.48383], [44.26863, 48.48381], [44.26867, 48.48378], [44.2687, 48.48374], [44.26872, 48.48369], [44.26873, 48.48364], [44.26871, 48.4836], [44.26868, 48.48355], [44.26871, 48.48348], [44.26875, 48.48346], [44.2688, 48.48348], [44.26886, 48.48347], [44.26888, 48.48349], [44.2689, 48.48356], [44.26893, 48.48347], [44.26897, 48.48348], [44.26899, 48.48351], [44.26893, 48.48358], [44.26902, 48.48351], [44.26906, 48.48353], [44.2691, 48.48354], [44.26917, 48.48353], [44.26926, 48.48353], [44.26937, 48.48355], [44.26945, 48.48355], [44.26951, 48.48354], [44.26962, 48.48353], [44.26973, 48.48354], [44.26981, 48.48356], [44.26988, 48.48358], [44.26996, 48.48364], [44.27002, 48.48366], [44.27008, 48.48366], [44.27013, 48.48369], [44.27017, 48.4837], [44.2702, 48.48371], [44.27024, 48.48371], [44.2703, 48.48372], [44.27038, 48.48375], [44.27045, 48.48375], [44.2705, 48.48378], [44.2705, 48.48381], [44.27047, 48.48385], [44.27051, 48.48381], [44.27053, 48.48382], [44.27055, 48.48385], [44.27052, 48.48388], [44.27061, 48.48387], [44.27066, 48.48388], [44.27067, 48.4839], [44.27073, 48.48393], [44.2708, 48.48397], [44.27087, 48.48402], [44.27098, 48.48404], [44.27095, 48.48401], [44.2709, 48.484], [44.27085, 48.48396], [44.2708, 48.48393], [44.27076, 48.48389], [44.2707, 48.48385], [44.27067, 48.48381], [44.27062, 48.48378], [44.27057, 48.48373], [44.27052, 48.4837], [44.27054, 48.48367], [44.27047, 48.48368], [44.27041, 48.48365], [44.27035, 48.48363], [44.2703, 48.4836], [44.27024, 48.48363], [44.27018, 48.48361], [44.27012, 48.48357], [44.27006, 48.48355], [44.26999, 48.48352], [44.26993, 48.48349], [44.26986, 48.48346], [44.26978, 48.48346], [44.26973, 48.48345], [44.26964, 48.48344], [44.26957, 48.48344], [44.26951, 48.48343], [44.26944, 48.4834], [44.26943, 48.48335], [44.26939, 48.48337], [44.26934, 48.48334], [44.26928, 48.48332], [44.26921, 48.48329], [44.26914, 48.48327], [44.26909, 48.48323], [44.26904, 48.48319], [44.26901, 48.48314], [44.26903, 48.48309], [44.26908, 48.48303], [44.26914, 48.48299], [44.2692, 48.48295], [44.26929, 48.48293], [44.2694, 48.48292], [44.26949, 48.48293], [44.26953, 48.48295], [44.26954, 48.48298], [44.26949, 48.483], [44.26946, 48.48302], [44.26945, 48.48306], [44.26943, 48.48308], [44.2694, 48.48311], [44.26938, 48.48313], [44.26934, 48.48315], [44.26941, 48.48314], [44.26944, 48.48312], [44.26948, 48.4831], [44.26948, 48.48307], [44.26949, 48.48303], [44.26955, 48.48301], [44.2696, 48.48299], [44.26967, 48.48298], [44.26974, 48.48299], [44.26983, 48.48301], [44.26995, 48.48304], [44.27006, 48.48304], [44.27017, 48.48305], [44.27022, 48.48305], [44.27028, 48.48309], [44.27036, 48.48312], [44.2704, 48.48316], [44.2705, 48.48321], [44.2705, 48.48315], [44.27043, 48.48312], [44.27042, 48.48309], [44.27038, 48.48308], [44.27032, 48.48305], [44.27025, 48.48302], [44.27021, 48.48299], [44.27015, 48.48297], [44.27014, 48.48294], [44.27011, 48.48295], [44.27007, 48.48295], [44.27, 48.48295], [44.26994, 48.48293], [44.26989, 48.48291], [44.26985, 48.48287], [44.26976, 48.48279], [44.2697, 48.48273], [44.26966, 48.48268], [44.26966, 48.48263], [44.26971, 48.48257], [44.26976, 48.48254], [44.26986, 48.48253], [44.26981, 48.48251], [44.26987, 48.48248], [44.26977, 48.48247], [44.26973, 48.48244], [44.26968, 48.4824], [44.26966, 48.48235], [44.26968, 48.48231], [44.26972, 48.48226], [44.2698, 48.48221], [44.26988, 48.48219], [44.26993, 48.48217], [44.26998, 48.48212], [44.27004, 48.48207], [44.27014, 48.48202], [44.27022, 48.482], [44.27029, 48.482], [44.27033, 48.48205], [44.27036, 48.48209], [44.2704, 48.48213], [44.27043, 48.48216], [44.27049, 48.48217], [44.27045, 48.48214], [44.27043, 48.4821], [44.27042, 48.48207], [44.27039, 48.48205], [44.27037, 48.48203], [44.27041, 48.482], [44.2705, 48.48199], [44.27047, 48.48196], [44.27046, 48.48193], [44.27051, 48.48189], [44.27054, 48.48184], [44.2706, 48.48185], [44.27069, 48.48188], [44.27067, 48.48183], [44.27071, 48.4818], [44.27076, 48.48176], [44.27083, 48.4818], [44.27082, 48.48177], [44.27085, 48.48174], [44.2709, 48.48171], [44.27098, 48.4817], [44.27104, 48.48171], [44.27111, 48.48171], [44.27119, 48.48171], [44.27125, 48.48171], [44.27126, 48.48173], [44.27131, 48.48174], [44.27132, 48.48172], [44.27135, 48.48172], [44.27141, 48.48173], [44.27145, 48.48174], [44.27149, 48.48175], [44.2715, 48.48178], [44.27159, 48.48179], [44.2716, 48.48185], [44.27165, 48.48181], [44.27169, 48.48177], [44.27175, 48.48175], [44.27177, 48.48177], [44.27183, 48.48176], [44.27188, 48.48172], [44.27193, 48.48172], [44.27197, 48.48174], [44.27202, 48.48172], [44.27207, 48.48171], [44.27216, 48.48172], [44.2723, 48.48172], [44.27239, 48.48174], [44.27246, 48.48175], [44.27255, 48.48173], [44.27259, 48.48176], [44.27262, 48.48174], [44.27268, 48.48175], [44.27275, 48.48174], [44.27282, 48.48174], [44.27287, 48.48173], [44.27294, 48.48172], [44.27297, 48.48168], [44.27301, 48.48165], [44.2731, 48.48164], [44.27314, 48.48163], [44.27322, 48.48164], [44.2733, 48.48164], [44.27334, 48.48162], [44.27339, 48.48161], [44.27346, 48.4816], [44.27351, 48.48157], [44.27356, 48.48156], [44.27363, 48.48154], [44.27368, 48.48153], [44.27375, 48.48149], [44.27384, 48.48146], [44.27394, 48.48142], [44.27407, 48.48137], [44.27422, 48.48134], [44.2743, 48.4813], [44.27436, 48.48132], [44.27443, 48.4813], [44.27451, 48.48131], [44.27456, 48.48129], [44.27465, 48.48128], [44.2747, 48.48128], [44.27477, 48.48126], [44.27478, 48.48128], [44.27478, 48.4813], [44.27477, 48.48132], [44.27474, 48.48136], [44.27477, 48.48135], [44.27482, 48.48135], [44.27484, 48.48136], [44.27485, 48.4814], [44.27489, 48.48138], [44.27493, 48.48137], [44.27494, 48.48139], [44.2749, 48.48141], [44.27495, 48.4814], [44.275, 48.48138], [44.27501, 48.4814], [44.27502, 48.48142], [44.27506, 48.4814], [44.27508, 48.48143], [44.27514, 48.48146], [44.27524, 48.48146], [44.27528, 48.4815], [44.27523, 48.48154], [44.2753, 48.48154], [44.27537, 48.48152], [44.2754, 48.48154], [44.27539, 48.48157], [44.27543, 48.48161], [44.27546, 48.48166], [44.2755, 48.48171], [44.27553, 48.48176], [44.27558, 48.48181], [44.27563, 48.48187], [44.27568, 48.4819], [44.27573, 48.48196], [44.27569, 48.48198], [44.27574, 48.48201], [44.27575, 48.48205], [44.27573, 48.4821], [44.27569, 48.48212], [44.27572, 48.48213], [44.27572, 48.48215], [44.2757, 48.48219], [44.27564, 48.48218], [44.27566, 48.4822], [44.27566, 48.48222], [44.27566, 48.48225], [44.27562, 48.48227], [44.27555, 48.48227], [44.27561, 48.48229], [44.27563, 48.48231], [44.27566, 48.48231], [44.27571, 48.48228], [44.27573, 48.48225], [44.27575, 48.48221], [44.27579, 48.48219], [44.27576, 48.48217], [44.2758, 48.48215], [44.2758, 48.48212], [44.27581, 48.48209], [44.27583, 48.48203], [44.27582, 48.48199], [44.2758, 48.48196], [44.27582, 48.48192], [44.27582, 48.48188], [44.27577, 48.48183], [44.27582, 48.48174], [44.2758, 48.48173], [44.27579, 48.48167], [44.27578, 48.48161], [44.2758, 48.48159], [44.27585, 48.4816], [44.27585, 48.48162], [44.27589, 48.48162], [44.27592, 48.48162], [44.27596, 48.48164], [44.27591, 48.48169], [44.27597, 48.48165], [44.27602, 48.48165], [44.27607, 48.48168], [44.27611, 48.48171], [44.27618, 48.48172], [44.27624, 48.48172], [44.27627, 48.48174], [44.27631, 48.48173], [44.27638, 48.48173], [44.27648, 48.48172], [44.27651, 48.48172], [44.27659, 48.48172], [44.27664, 48.48172], [44.2767, 48.48171], [44.27674, 48.48174], [44.27681, 48.48173], [44.2769, 48.48171], [44.277, 48.48171], [44.27709, 48.48173], [44.27714, 48.48175], [44.27714, 48.48177], [44.27717, 48.4818], [44.27716, 48.48183], [44.2772, 48.48183], [44.27721, 48.4818], [44.27726, 48.48178], [44.27728, 48.48176], [44.27733, 48.48172], [44.2774, 48.48173], [44.27748, 48.48175], [44.27753, 48.48175], [44.27757, 48.48177], [44.27764, 48.48178], [44.27769, 48.48177], [44.27772, 48.48179], [44.27776, 48.48178], [44.27779, 48.4818], [44.27782, 48.48183], [44.27787, 48.48182], [44.2779, 48.4818], [44.27795, 48.4818], [44.27798, 48.48181], [44.27801, 48.48182], [44.27805, 48.48185], [44.27808, 48.48186], [44.27814, 48.48187], [44.27824, 48.48191], [44.27833, 48.48197], [44.27836, 48.48201], [44.27841, 48.48208], [44.27847, 48.48215], [44.27854, 48.4822], [44.27858, 48.48226], [44.27861, 48.48231], [44.27867, 48.48234], [44.27871, 48.48236], [44.27874, 48.48236], [44.27877, 48.48241], [44.27877, 48.48243], [44.27872, 48.48245], [44.27879, 48.48245], [44.27883, 48.48246], [44.27885, 48.48249], [44.27888, 48.48252], [44.27895, 48.48256], [44.27907, 48.48257], [44.27916, 48.48257], [44.27908, 48.48254], [44.279, 48.48255], [44.27895, 48.48253], [44.27891, 48.48249], [44.27887, 48.48245], [44.27891, 48.48243], [44.27885, 48.48242], [44.27881, 48.48238], [44.27877, 48.48233], [44.27874, 48.48228], [44.27869, 48.48226], [44.27865, 48.48221], [44.27864, 48.48217], [44.2786, 48.48213], [44.27856, 48.4821], [44.27854, 48.48205], [44.27864, 48.48203], [44.27858, 48.48202], [44.27852, 48.48199], [44.2785, 48.48195], [44.27842, 48.48193], [44.27843, 48.4819], [44.27839, 48.48189], [44.27831, 48.48185], [44.27825, 48.48183], [44.27823, 48.48179], [44.27819, 48.4818], [44.27815, 48.48178], [44.27815, 48.48176], [44.2781, 48.48173], [44.27805, 48.48173], [44.278, 48.48172], [44.27791, 48.4817], [44.27782, 48.48166], [44.27779, 48.48166], [44.27774, 48.48165], [44.27766, 48.48163], [44.2776, 48.48162], [44.27759, 48.48159], [44.27761, 48.48155], [44.27765, 48.48152], [44.2777, 48.48149], [44.27777, 48.48147], [44.27784, 48.48144], [44.27789, 48.48142], [44.27797, 48.48141], [44.27807, 48.48139], [44.27814, 48.48138], [44.27822, 48.48138], [44.27829, 48.48137], [44.27835, 48.48137], [44.27841, 48.48136], [44.27845, 48.48138], [44.27849, 48.48142], [44.27862, 48.48136], [44.27858, 48.48132], [44.27859, 48.4813], [44.27863, 48.4813], [44.27867, 48.48128], [44.27872, 48.48127], [44.27878, 48.48129], [44.27885, 48.4813], [44.27886, 48.48132], [44.27895, 48.48128], [44.2789, 48.48128], [44.27887, 48.48126], [44.27889, 48.48123], [44.27896, 48.4812], [44.27904, 48.48119], [44.2791, 48.48117], [44.27918, 48.48115], [44.27924, 48.48113], [44.27922, 48.48111], [44.27925, 48.48109], [44.27928, 48.48111], [44.27934, 48.48111], [44.27939, 48.48107], [44.27945, 48.48102], [44.27943, 48.48099], [44.27949, 48.48097], [44.27953, 48.48091], [44.27957, 48.4809], [44.27959, 48.48088], [44.27959, 48.48084], [44.27964, 48.48081], [44.27969, 48.4808], [44.27974, 48.48078], [44.27977, 48.48073], [44.27977, 48.48069], [44.27982, 48.48065], [44.27985, 48.48063], [44.2798, 48.48063], [44.2798, 48.48061], [44.27987, 48.48061], [44.27986, 48.48059], [44.27982, 48.48057], [44.27981, 48.48055], [44.27984, 48.48053], [44.27989, 48.48052], [44.27992, 48.4805], [44.27993, 48.48047], [44.27991, 48.48044], [44.2799, 48.48042], [44.27992, 48.48039], [44.27992, 48.48035], [44.27995, 48.48035], [44.27999, 48.48036], [44.28001, 48.48036], [44.28009, 48.48034], [44.28015, 48.48032], [44.2802, 48.48034], [44.28019, 48.48032], [44.28023, 48.48029], [44.28029, 48.48026], [44.28035, 48.48022], [44.28042, 48.48019], [44.28044, 48.48018], [44.28047, 48.48023], [44.28049, 48.48018], [44.28659, 48.48228], [44.28991, 48.4831], [44.28923, 48.52392], [44.28887, 48.5451], [44.28817, 48.55131], [44.30392, 48.55891], [44.31206, 48.55934], [44.31204, 48.56055], [44.31156, 48.59341], [44.31102, 48.59505], [44.30255, 48.6012], [44.2994, 48.60349], [44.30999, 48.60662], [44.31723, 48.60875], [44.32165, 48.61006], [44.32311, 48.61049], [44.34321, 48.61591], [44.33574, 48.59869], [44.33471, 48.59679], [44.33291, 48.5945], [44.32838, 48.59015], [44.32895, 48.58897], [44.36003, 48.59797], [44.36204, 48.59975], [44.36486, 48.59882], [44.36623, 48.59678], [44.36348, 48.59572], [44.36335, 48.59402], [44.36991, 48.59283], [44.37435, 48.58169], [44.36567, 48.57994], [44.36555, 48.57689], [44.37367, 48.56837], [44.37144, 48.56356], [44.37209, 48.5603], [44.36469, 48.55764], [44.34567, 48.56857], [44.3392, 48.564], [44.34024, 48.56332], [44.3488, 48.55861], [44.36204, 48.55134], [44.3863, 48.53728], [44.39048, 48.53489], [44.39081, 48.53487], [44.39231, 48.53384], [44.38205, 48.53111], [44.41036, 48.51249], [44.42601, 48.50639], [44.42919, 48.50508], [44.43135, 48.50428], [44.44651, 48.50072], [44.44991, 48.49994], [44.45216, 48.4994], [44.45975, 48.49762], [44.45979, 48.49762], [44.44987, 48.49562], [44.44985, 48.49561], [44.46921, 48.48559], [44.48983, 48.48356], [44.49713, 48.48196], [44.49899, 48.47905], [44.499, 48.47904], [44.49823, 48.4789], [44.49655, 48.4791], [44.495, 48.47909], [44.49302, 48.4801], [44.49143, 48.48051], [44.49004, 48.48101], [44.48829, 48.47745], [44.48611, 48.47808], [44.48442, 48.47692], [44.4844, 48.47691], [44.49053, 48.47624], [44.49593, 48.47615], [44.50313, 48.47463], [44.50718, 48.47197], [44.5094, 48.47175], [44.5095, 48.47175], [44.50949, 48.47174], [44.5095, 48.47174], [44.50917, 48.47122], [44.50916, 48.4712], [44.50881, 48.47063], [44.50868, 48.47041], [44.50864, 48.47034], [44.50769, 48.46879], [44.50774, 48.46869], [44.5085, 48.46723], [44.51133, 48.46677], [44.51149, 48.46675], [44.51152, 48.46678], [44.51251, 48.4683], [44.51279, 48.46873], [44.51319, 48.46933], [44.51451, 48.47133], [44.51468, 48.47129], [44.51509, 48.472], [44.51521, 48.47222], [44.51478, 48.47255], [44.51459, 48.47261], [44.51463, 48.47266], [44.51413, 48.47303], [44.51413, 48.47304], [44.5174, 48.47648], [44.51798, 48.47709], [44.52043, 48.47694], [44.52149, 48.47729], [44.52174, 48.47687], [44.5238, 48.47742], [44.5238, 48.47743], [44.52366, 48.47771], [44.52366, 48.47771], [44.52587, 48.47843], [44.52608, 48.47815], [44.52928, 48.47935], [44.52948, 48.47933], [44.53728, 48.48142], [44.53971, 48.48211], [44.54033, 48.48228], [44.54092, 48.48245], [44.54161, 48.48262], [44.54285, 48.48328], [44.54426, 48.48308], [44.54518, 48.48284], [44.54628, 48.48272], [44.54629, 48.48272], [44.54604, 48.48246], [44.54541, 48.48182], [44.54443, 48.48083], [44.54434, 48.48074], [44.54351, 48.47988], [44.5434, 48.47978], [44.54339, 48.47976], [44.5423, 48.47865], [44.54227, 48.47864], [44.54115, 48.4775], [44.54118, 48.47748], [44.54108, 48.47739], [44.54105, 48.4774], [44.54105, 48.4774], [44.54105, 48.4774], [44.54104, 48.4774], [44.54105, 48.47739], [44.54101, 48.47736], [44.541, 48.47736], [44.54099, 48.47734], [44.54076, 48.47714], [44.54068, 48.47715], [44.54058, 48.47704], [44.54058, 48.47703], [44.54064, 48.47698], [44.54064, 48.47697], [44.53869, 48.47499], [44.53717, 48.47345], [44.53555, 48.47182], [44.53532, 48.47186], [44.53512, 48.47167], [44.53503, 48.47155], [44.535, 48.4713], [44.53494, 48.47127], [44.53464, 48.47114], [44.53474, 48.47099], [44.53473, 48.47099], [44.53474, 48.47098], [44.53379, 48.47001], [44.53378, 48.47001], [44.53376, 48.46998], [44.53376, 48.46998], [44.53275, 48.46895], [44.5326, 48.4688], [44.53246, 48.46866], [44.53233, 48.46853], [44.53198, 48.46817], [44.5295, 48.46565], [44.52934, 48.4657], [44.5292, 48.46557], [44.52933, 48.46549], [44.52933, 48.46549], [44.52933, 48.46548], [44.52825, 48.46438], [44.52803, 48.46425], [44.5279, 48.46415], [44.52784, 48.46397], [44.52543, 48.46151], [44.52124, 48.45725], [44.5212, 48.4572], [44.52114, 48.45717], [44.52091, 48.45696], [44.52086, 48.45686], [44.52077, 48.45678], [44.52037, 48.45636], [44.51959, 48.45555], [44.5192, 48.45513], [44.51857, 48.45434], [44.51824, 48.45379], [44.51804, 48.45379], [44.51798, 48.45363], [44.51811, 48.45358], [44.51811, 48.45357], [44.51812, 48.45357], [44.51669, 48.45111], [44.51668, 48.45109], [44.51646, 48.45108], [44.5164, 48.4509], [44.51652, 48.45084], [44.51652, 48.45084], [44.51653, 48.45083], [44.51586, 48.44968], [44.51199, 48.44305], [44.51156, 48.44231], [44.51145, 48.4421], [44.51119, 48.44167], [44.51122, 48.44164], [44.51122, 48.44164], [44.51123, 48.44163], [44.51102, 48.44126], [44.51096, 48.44125], [44.51036, 48.44021], [44.51038, 48.44021], [44.51038, 48.4402], [44.51039, 48.4402], [44.51034, 48.44012], [44.51031, 48.44006], [44.51028, 48.44006], [44.51001, 48.4396], [44.50993, 48.43946], [44.50963, 48.43895], [44.50961, 48.43893], [44.50954, 48.43893], [44.50947, 48.43883], [44.50951, 48.43881], [44.50951, 48.43881], [44.50952, 48.4388], [44.50946, 48.43868], [44.50722, 48.43483], [44.5064, 48.43341], [44.5062, 48.43306], [44.50598, 48.43304], [44.50597, 48.43294], [44.50609, 48.4329], [44.50609, 48.4329], [44.5061, 48.43289], [44.5049, 48.43083], [44.50458, 48.43036], [44.50392, 48.42955], [44.50319, 48.42887], [44.50141, 48.42971], [44.50142, 48.42971], [44.5014, 48.42972], [44.50354, 48.43133], [44.50466, 48.43094], [44.50509, 48.43204], [44.50268, 48.43282], [44.49869, 48.43369], [44.49869, 48.4337], [44.49863, 48.43371], [44.49873, 48.43393], [44.49807, 48.43408], [44.49805, 48.43407], [44.49795, 48.43386], [44.49781, 48.43354], [44.49771, 48.43357], [44.49711, 48.43369], [44.49707, 48.4337], [44.49696, 48.43348], [44.49694, 48.43344], [44.49676, 48.43307], [44.49653, 48.43254], [44.49641, 48.43232], [44.49629, 48.43207], [44.49601, 48.43152], [44.49588, 48.43124], [44.49645, 48.43112], [44.49659, 48.43109], [44.49659, 48.43109], [44.4966, 48.43108], [44.49651, 48.43089], [44.49718, 48.43075], [44.4995, 48.43004], [44.49949, 48.43003], [44.49951, 48.43003], [44.49516, 48.42716], [44.49472, 48.42693], [44.49443, 48.42655], [44.49426, 48.42631], [44.49364, 48.42507], [44.49362, 48.42503], [44.4884, 48.42612], [44.48527, 48.42686], [44.4762, 48.42896], [44.47527, 48.42917], [44.4751, 48.42925], [44.475, 48.42927], [44.4748, 48.42928], [44.47148, 48.43005], [44.47091, 48.43018], [44.47034, 48.43031], [44.46873, 48.43072], [44.46789, 48.43098], [44.46723, 48.4312], [44.46656, 48.43142], [44.46645, 48.43138], [44.46626, 48.43144], [44.46627, 48.43145], [44.46625, 48.43145], [44.46626, 48.43152], [44.46533, 48.43183], [44.46493, 48.43195], [44.46475, 48.432], [44.4643, 48.43207], [44.46371, 48.43209], [44.45986, 48.43206], [44.45919, 48.43212], [44.45864, 48.43219], [44.45787, 48.43235], [44.45694, 48.43259], [44.45455, 48.43319], [44.44819, 48.4348], [44.4435, 48.43599], [44.44315, 48.43608], [44.44308, 48.43612], [44.44295, 48.43616], [44.44277, 48.43617], [44.43991, 48.4369], [44.43931, 48.43705], [44.4392, 48.437], [44.43893, 48.43707], [44.43893, 48.43708], [44.43892, 48.43708], [44.43892, 48.43715], [44.43781, 48.43744], [44.43723, 48.43762], [44.43683, 48.43777], [44.43649, 48.43792], [44.4365, 48.43792], [44.43648, 48.43793], [44.43657, 48.43803], [44.43639, 48.4381], [44.4364, 48.43811], [44.43638, 48.43811], [44.43769, 48.4393], [44.43769, 48.4393], [44.43846, 48.44018], [44.43272, 48.44304], [44.43273, 48.44305], [44.43271, 48.44306], [44.4333, 48.44352], [44.43224, 48.44382], [44.43137, 48.44372], [44.42899, 48.44349], [44.42733, 48.44209], [44.42676, 48.44131], [44.42738, 48.43983], [44.43174, 48.43779], [44.43642, 48.4377], [44.43657, 48.43763], [44.43665, 48.43763], [44.43688, 48.43753], [44.43709, 48.43745], [44.43729, 48.43737], [44.43771, 48.43724], [44.43878, 48.43697], [44.43887, 48.43701], [44.43915, 48.43694], [44.43915, 48.43693], [44.43916, 48.43693], [44.43917, 48.43687], [44.43978, 48.43671], [44.44337, 48.4358], [44.44806, 48.43462], [44.45273, 48.43343], [44.45276, 48.4335], [44.4544, 48.43308], [44.45439, 48.43307], [44.45441, 48.43307], [44.45438, 48.43301], [44.45536, 48.43277], [44.45535, 48.43276], [44.45537, 48.43275], [44.45536, 48.43274], [44.45546, 48.43271], [44.45548, 48.43274], [44.45681, 48.4324], [44.45775, 48.43216], [44.45854, 48.432], [44.45912, 48.43192], [44.45983, 48.43186], [44.46247, 48.43188], [44.46275, 48.43184], [44.46299, 48.43185], [44.46319, 48.43188], [44.4637, 48.43188], [44.46424, 48.43187], [44.46463, 48.43181], [44.46479, 48.43176], [44.46518, 48.43164], [44.46612, 48.43134], [44.46621, 48.43138], [44.46639, 48.43132], [44.46639, 48.43131], [44.4664, 48.43131], [44.4664, 48.43124], [44.46707, 48.43102], [44.46774, 48.4308], [44.46874, 48.43051], [44.469, 48.43045], [44.4692, 48.4304], [44.46944, 48.43034], [44.46964, 48.43029], [44.46982, 48.43025], [44.47005, 48.43019], [44.47063, 48.43005], [44.47088, 48.42999], [44.47125, 48.4299], [44.47221, 48.42967], [44.47411, 48.42925], [44.47516, 48.42901], [44.47541, 48.42895], [44.47549, 48.42897], [44.47611, 48.42882], [44.4761, 48.42881], [44.47612, 48.42881], [44.4761, 48.42876], [44.48515, 48.42666], [44.48773, 48.42607], [44.48828, 48.42593], [44.49403, 48.42473], [44.49464, 48.42452], [44.4953, 48.42441], [44.49619, 48.4244], [44.49697, 48.42449], [44.49752, 48.42461], [44.4982, 48.42485], [44.49858, 48.42493], [44.49882, 48.42476], [44.4992, 48.42504], [44.49938, 48.42517], [44.49913, 48.42533], [44.49913, 48.42533], [44.49912, 48.42534], [44.50291, 48.42823], [44.50337, 48.42869], [44.50418, 48.42945], [44.50486, 48.43028], [44.50504, 48.43054], [44.50525, 48.43054], [44.5053, 48.43068], [44.5052, 48.43075], [44.5052, 48.43075], [44.50519, 48.43076], [44.50641, 48.43286], [44.50649, 48.43299], [44.50752, 48.43476], [44.5098, 48.43869], [44.50992, 48.43887], [44.51022, 48.43939], [44.51031, 48.43954], [44.51047, 48.44012], [44.51126, 48.4412], [44.51123, 48.44122], [44.51123, 48.44122], [44.51122, 48.44123], [44.51143, 48.4416], [44.51149, 48.44161], [44.51174, 48.44203], [44.51186, 48.44224], [44.51229, 48.44298], [44.51616, 48.44962], [44.51683, 48.45078], [44.51699, 48.45104], [44.51843, 48.45354], [44.51853, 48.4537], [44.51886, 48.45426], [44.51948, 48.45504], [44.51985, 48.45545], [44.52114, 48.45677], [44.52137, 48.457], [44.52156, 48.45698], [44.52167, 48.4571], [44.5216, 48.45718], [44.5216, 48.45718], [44.52159, 48.45719], [44.52443, 48.46012], [44.5257, 48.4614], [44.52711, 48.46284], [44.52852, 48.46424], [44.53063, 48.46642], [44.53225, 48.46806], [44.5326, 48.46842], [44.53266, 48.46849], [44.53299, 48.46883], [44.53303, 48.46886], [44.53503, 48.47089], [44.5353, 48.47116], [44.53582, 48.47168], [44.5377, 48.4736], [44.53768, 48.47361], [44.53789, 48.4738], [44.53896, 48.47488], [44.54258, 48.47856], [44.54366, 48.47965], [44.54367, 48.47967], [44.54378, 48.47978], [44.54461, 48.48063], [44.5447, 48.48072], [44.54568, 48.48171], [44.54571, 48.48173], [44.54624, 48.48228], [44.54656, 48.4826], [44.54673, 48.48277], [44.54683, 48.48287], [44.54822, 48.4843], [44.54843, 48.48424], [44.54852, 48.48421], [44.54973, 48.48389], [44.5502, 48.48387], [44.5503, 48.4839], [44.55038, 48.48393], [44.55039, 48.48394], [44.55044, 48.48397], [44.55045, 48.48399], [44.55058, 48.48418], [44.55069, 48.48433], [44.55069, 48.48434], [44.55069, 48.48434], [44.55093, 48.4847], [44.55103, 48.48485], [44.55105, 48.48487], [44.55138, 48.48537], [44.55167, 48.48585], [44.55172, 48.48594], [44.55288, 48.48785], [44.5531, 48.48821], [44.55484, 48.48804], [44.55542, 48.48798], [44.55564, 48.48792], [44.55846, 48.48721], [44.5586, 48.48718], [44.56439, 48.48573], [44.56533, 48.48549], [44.56587, 48.48535], [44.56634, 48.48523], [44.56697, 48.48508], [44.567, 48.48507], [44.56822, 48.48607], [44.56908, 48.48678], [44.5726, 48.4897], [44.57262, 48.48969], [44.57294, 48.48995], [44.5731, 48.48982], [44.58145, 48.48295], [44.58148, 48.48292], [44.58147, 48.48287], [44.58153, 48.48286], [44.5826, 48.48176], [44.58378, 48.48055], [44.58377, 48.48054], [44.58377, 48.48054], [44.58366, 48.48048], [44.58511, 48.47909], [44.58517, 48.47911], [44.58526, 48.47901], [44.58576, 48.4781], [44.58662, 48.47701], [44.58721, 48.47597], [44.58771, 48.47383], [44.58771, 48.47383], [44.58771, 48.47382], [44.58727, 48.47349], [44.58863, 48.47196], [44.58909, 48.47125], [44.5902, 48.46907], [44.59101, 48.46834], [44.59127, 48.46793], [44.59256, 48.46741], [44.59345, 48.46797], [44.59493, 48.46603], [44.60384, 48.46838], [44.60387, 48.46835], [44.60677, 48.4656], [44.61092, 48.46667], [44.61224, 48.46714], [44.6134, 48.46758], [44.61857, 48.46239], [44.62145, 48.45989], [44.62157, 48.45993], [44.62228, 48.45918], [44.62645, 48.45556], [44.62645, 48.45555], [44.62645, 48.45555], [44.60731, 48.44835], [44.59531, 48.44377], [44.57607, 48.43654], [44.57623, 48.43623], [44.57678, 48.43475], [44.57792, 48.43169], [44.57795, 48.43164], [44.57792, 48.43152], [44.57802, 48.43129], [44.57818, 48.43093], [44.57846, 48.43021], [44.57932, 48.42798], [44.57939, 48.42775], [44.5796, 48.42693], [44.58, 48.42286], [44.57999, 48.42271], [44.58033, 48.42136], [44.58111, 48.41938], [44.5811, 48.41932], [44.58108, 48.41927], [44.58101, 48.41925], [44.58094, 48.41922], [44.58002, 48.41887], [44.57604, 48.41736], [44.57534, 48.41711], [44.57497, 48.41705], [44.57481, 48.41704], [44.57475, 48.41704], [44.57424, 48.41708], [44.56465, 48.41795], [44.56451, 48.41796], [44.55919, 48.41845], [44.54613, 48.41963], [44.53961, 48.42022], [44.53874, 48.4203], [44.53793, 48.42034], [44.53705, 48.42035], [44.53029, 48.42015], [44.51642, 48.41976], [44.50953, 48.41956], [44.50922, 48.41955], [44.50878, 48.41953], [44.50821, 48.41949], [44.50743, 48.41938], [44.50642, 48.4192], [44.50594, 48.41909], [44.50493, 48.41882], [44.50443, 48.41869], [44.50423, 48.41863], [44.5038, 48.41847], [44.5024, 48.41807], [44.50028, 48.41749], [44.49842, 48.41701], [44.4982, 48.41696], [44.49786, 48.41687], [44.4976, 48.4168], [44.49735, 48.41672], [44.49736, 48.41669], [44.49726, 48.41665], [44.49706, 48.4166], [44.497, 48.41663], [44.49681, 48.41657], [44.4968, 48.41658], [44.49679, 48.41658], [44.49557, 48.4189], [44.49403, 48.41938], [44.49402, 48.41939], [44.49402, 48.4194], [44.49261, 48.42054], [44.48874, 48.42119], [44.48569, 48.42012], [44.48476, 48.41649], [44.48434, 48.41654], [44.48238, 48.41674], [44.48075, 48.41692], [44.47974, 48.41702], [44.47935, 48.41707], [44.47912, 48.41707], [44.47908, 48.41694], [44.47913, 48.4169], [44.47919, 48.4169], [44.47918, 48.41689], [44.4792, 48.41688], [44.47907, 48.41663], [44.47906, 48.41661], [44.47904, 48.41658], [44.47904, 48.41658], [44.47863, 48.41602], [44.47739, 48.41436], [44.47718, 48.41414], [44.47692, 48.41382], [44.47691, 48.41383], [44.47673, 48.41363], [44.47635, 48.41315], [44.47599, 48.41285], [44.47529, 48.41237], [44.47517, 48.41232], [44.47518, 48.41232], [44.47517, 48.41231], [44.47519, 48.4123], [44.47481, 48.41217], [44.4748, 48.41217], [44.47433, 48.41199], [44.46774, 48.40978], [44.4651, 48.40891], [44.46326, 48.40831], [44.46315, 48.40826], [44.46314, 48.40827], [44.46266, 48.40812], [44.46196, 48.40788], [44.46165, 48.40783], [44.4611, 48.4077], [44.4603, 48.40754], [44.46029, 48.40754], [44.4599, 48.40779], [44.45955, 48.40771], [44.45909, 48.40736], [44.45799, 48.40725], [44.45718, 48.40721], [44.45678, 48.40719], [44.45631, 48.4072], [44.45588, 48.40722], [44.45518, 48.40729], [44.45098, 48.40778], [44.45045, 48.40784], [44.44997, 48.40791], [44.44949, 48.40801], [44.4491, 48.40814], [44.44862, 48.40838], [44.44775, 48.40889], [44.44724, 48.40919], [44.44697, 48.40935], [44.43717, 48.41522], [44.43302, 48.4177], [44.43216, 48.41825], [44.43084, 48.41901], [44.43084, 48.41901], [44.43082, 48.41902], [44.43091, 48.41912], [44.43072, 48.41923], [44.43051, 48.41919], [44.43036, 48.41926], [44.42985, 48.41948], [44.42931, 48.41964], [44.42844, 48.41986], [44.42761, 48.42007], [44.42685, 48.42028], [44.42605, 48.42063], [44.42546, 48.42097], [44.42489, 48.42134], [44.42482, 48.42138], [44.42416, 48.4218], [44.42383, 48.42197], [44.42318, 48.42226], [44.42288, 48.42237], [44.42274, 48.4224], [44.42275, 48.42241], [44.42273, 48.42242], [44.42449, 48.42443], [44.42464, 48.4247], [44.42625, 48.42753], [44.4315, 48.42718], [44.43369, 48.4253], [44.43446, 48.42494], [44.43504, 48.42481], [44.43539, 48.42468], [44.43708, 48.42497], [44.43695, 48.42627], [44.43643, 48.42763], [44.43277, 48.42918], [44.43189, 48.42909], [44.43113, 48.42863], [44.43088, 48.42853], [44.43084, 48.42845], [44.42927, 48.4275], [44.42479, 48.42865], [44.42359, 48.42901], [44.42154, 48.42735], [44.42178, 48.42674], [44.42507, 48.42596], [44.4242, 48.42442], [44.42286, 48.42295], [44.42238, 48.42232], [44.42373, 48.42182], [44.42588, 48.42048], [44.42684, 48.42008], [44.42941, 48.41943], [44.42977, 48.41931], [44.43037, 48.41904], [44.43097, 48.41867], [44.43112, 48.41858], [44.44857, 48.40812], [44.44928, 48.40787], [44.44997, 48.40771], [44.45515, 48.40713], [44.45618, 48.40705], [44.45803, 48.40712], [44.45923, 48.40723], [44.46097, 48.40752], [44.46261, 48.40793], [44.47382, 48.41166], [44.4752, 48.41217], [44.47606, 48.41263], [44.47667, 48.4132], [44.4795, 48.4169], [44.48431, 48.41639], [44.48386, 48.4146], [44.4846, 48.41452], [44.48465, 48.41471], [44.4862, 48.41456], [44.48609, 48.41388], [44.48724, 48.41379], [44.4873, 48.41356], [44.48756, 48.41353], [44.49024, 48.41328], [44.49052, 48.41465], [44.49277, 48.41437], [44.49338, 48.41486], [44.49449, 48.41576], [44.49522, 48.41592], [44.4969, 48.41639], [44.50569, 48.41888], [44.50792, 48.4193], [44.53677, 48.42018], [44.53846, 48.42019], [44.5746, 48.41691], [44.57534, 48.41692], [44.58164, 48.4192], [44.5807, 48.42141], [44.58036, 48.4227], [44.57998, 48.42742], [44.57666, 48.43655], [44.60762, 48.44812], [44.62703, 48.45529], [44.62941, 48.45077], [44.64266, 48.45512], [44.63681, 48.45917], [44.64098, 48.4608], [44.64407, 48.46269], [44.66022, 48.45154], [44.66121, 48.45212], [44.661, 48.45244], [44.66321, 48.454], [44.66354, 48.45389], [44.66439, 48.45446], [44.66525, 48.45399], [44.66658, 48.45326], [44.68065, 48.46231], [44.67939, 48.46315], [44.67941, 48.46546], [44.6788, 48.47033], [44.67893, 48.47658], [44.67895, 48.48699], [44.67464, 48.48824], [44.66411, 48.49128], [44.66389, 48.50197], [44.6771, 48.50898], [44.67778, 48.5085], [44.68061, 48.51002], [44.68087, 48.51215], [44.68732, 48.51601], [44.68743, 48.52065], [44.68414, 48.52277], [44.67367, 48.5282], [44.64591, 48.54211], [44.63847, 48.54455], [44.61407, 48.55722], [44.6087, 48.56315], [44.6065, 48.56702], [44.6069, 48.56922], [44.61005, 48.57275], [44.6165, 48.57475], [44.63699, 48.57396], [44.64243, 48.57547], [44.64496, 48.57811], [44.64732, 48.58135], [44.64895, 48.58723], [44.64852, 48.58969], [44.64736, 48.59239], [44.64436, 48.59407], [44.639, 48.59585], [44.62997, 48.59986], [44.61968, 48.61357], [44.59251, 48.62553], [44.56486, 48.6225], [44.52738, 48.6184], [44.516, 48.62419], [44.51895, 48.64231], [44.52016, 48.64751], [44.52629, 48.65304], [44.5356, 48.67265], [44.53877, 48.68559], [44.54406, 48.71398], [44.55442, 48.72331], [44.56535, 48.73684], [44.5682, 48.74044], [44.58722, 48.76401], [44.61043, 48.78208], [44.62558, 48.79325], [44.63336, 48.79311], [44.65963, 48.81845], [44.65499, 48.8241], [44.65889, 48.82789], [44.65428, 48.82932], [44.6558, 48.83139], [44.65864, 48.83067], [44.66771, 48.86798], [44.68217, 48.86321], [44.70897, 48.89452], [44.70931, 48.89492], [44.72333, 48.90865], [44.74772, 48.93766], [44.75588, 48.9451], [44.77991, 48.96373], [44.78405, 48.96693], [44.79416, 48.97447], [44.81692, 48.99233], [44.83449, 49.00715], [44.85762, 49.02591], [44.87672, 49.04139], [44.90441, 49.0627], [44.9215, 49.07585], [44.9258, 49.08608], [44.93018, 49.10202], [44.93339, 49.11118], [44.93497, 49.1158], [44.9386, 49.12696], [44.94158, 49.13611], [44.94565, 49.14625], [44.96209, 49.18721], [44.97557, 49.22467], [44.97613, 49.22679], [44.97811, 49.2343], [44.98454, 49.25868], [44.98812, 49.26609], [45.0054, 49.30183], [45.0167, 49.33556], [45.01831, 49.34035], [45.01854, 49.34114], [45.03367, 49.39265], [45.05099, 49.42634], [45.052, 49.4283], [45.05319, 49.43062], [45.05719, 49.4361], [45.10057, 49.49551], [45.11561, 49.51674], [45.11734, 49.51918], [45.12374, 49.52822], [45.13617, 49.55012], [45.15686, 49.57773], [45.16604, 49.58997], [45.17482, 49.60167], [45.18923, 49.61833], [45.21532, 49.64846], [45.22882, 49.66508], [45.24367, 49.68337], [45.26597, 49.71025], [45.29212, 49.73898], [45.30305, 49.75098], [45.32599, 49.77989], [45.34307, 49.79751], [45.34405, 49.80841], [45.34507, 49.8161], [45.34425, 49.83625], [45.3432, 49.86182], [45.34579, 49.89104], [45.36738, 49.93812], [45.36822, 49.9401], [45.38769, 49.9862], [45.39152, 49.99139], [45.39289, 49.99325], [45.39446, 49.99539], [45.40318, 50.00722], [45.41983, 50.02979], [45.44382, 50.05655], [45.46017, 50.07477], [45.4824, 50.09517], [45.48895, 50.10118], [45.50282, 50.1139], [45.52015, 50.12979], [45.54658, 50.15401], [45.62066, 50.20832], [45.64017, 50.22386], [45.64919, 50.23047], [45.66649, 50.24364], [45.71514, 50.28457], [45.72647, 50.29438], [45.73776, 50.30488], [45.73979, 50.30639], [45.74196, 50.30777], [45.74454, 50.30919], [45.74948, 50.31108], [45.80138, 50.31825], [45.81557, 50.32039], [45.82809, 50.3227], [45.84131, 50.32549], [45.85251, 50.32805], [45.86097, 50.33067], [45.86998, 50.33357], [45.87582, 50.33605], [45.87811, 50.33744], [45.88015, 50.34012], [45.88129, 50.34272], [45.88268, 50.35442], [45.88515, 50.37686], [45.88833, 50.39011], [45.88959, 50.39536], [45.89139, 50.40072], [45.89538, 50.41261], [45.89529, 50.42423], [45.89517, 50.43905], [45.89483, 50.43945], [45.88992, 50.44519], [45.88439, 50.45167], [45.88306, 50.45327], [45.8789, 50.45832], [45.84475, 50.48471], [45.81642, 50.51299], [45.80461, 50.52468], [45.79555, 50.53412], [45.74013, 50.5934], [45.73855, 50.59508], [45.7267, 50.59053], [45.70602, 50.58226], [45.70697, 50.58339], [45.70763, 50.58603], [45.70213, 50.60534], [45.6786, 50.66703], [45.68592, 50.69156], [45.71563, 50.73772], [45.71805, 50.74044], [45.72284, 50.74582], [45.74422, 50.7573], [45.76415, 50.7582], [45.79489, 50.75741], [45.82144, 50.75672], [45.84227, 50.75618], [45.89303, 50.74999], [45.94559, 50.71798], [45.95254, 50.71345], [45.96492, 50.7056], [45.96435, 50.70375], [45.96429, 50.70226], [45.9655, 50.70137], [45.97363, 50.69866], [45.97617, 50.69848], [45.9772, 50.69783], [45.98147, 50.69857], [45.98651, 50.69889], [45.98977, 50.68825], [45.99844, 50.68771], [46.02101, 50.68765], [46.03526, 50.68773], [46.03543, 50.66521], [46.05796, 50.6652], [46.07981, 50.66553], [46.09316, 50.66487], [46.09316, 50.62778], [46.09419, 50.6175], [46.08723, 50.61399], [46.06513, 50.60467], [46.06719, 50.53151], [46.06382, 50.53201], [46.06236, 50.53193], [46.06155, 50.53159], [46.06118, 50.53074], [46.06146, 50.52617], [46.0666, 50.52619], [46.11133, 50.52638], [46.13777, 50.52668], [46.14748, 50.52687], [46.27841, 50.5277], [46.27836, 50.54121], [46.27791, 50.57286], [46.30176, 50.57288], [46.34816, 50.57324], [46.3476, 50.55536], [46.38983, 50.55572], [46.39337, 50.55449], [46.40052, 50.55301], [46.40767, 50.54954], [46.41398, 50.54886], [46.42113, 50.54781], [46.42544, 50.5468], [46.44439, 50.54689], [46.46531, 50.54616], [46.46917, 50.54632], [46.47024, 50.54669], [46.47091, 50.54718], [46.48031, 50.54736], [46.48234, 50.54738], [46.48303, 50.5473], [46.48373, 50.54703], [46.48421, 50.54711], [46.48334, 50.54775], [46.48309, 50.54831], [46.48323, 50.54886], [46.48396, 50.54937], [46.4857, 50.54953], [46.48749, 50.54986], [46.48887, 50.54988], [46.49018, 50.55004], [46.49098, 50.55046], [46.49189, 50.5515], [46.49243, 50.55198], [46.49349, 50.55228], [46.49443, 50.55226], [46.49541, 50.5526], [46.49578, 50.55295], [46.49578, 50.55346], [46.4952, 50.55418], [46.49443, 50.55468], [46.49356, 50.55644], [46.49301, 50.55713], [46.49181, 50.5575], [46.48945, 50.55771], [46.48705, 50.55748], [46.48592, 50.55736], [46.48494, 50.55746], [46.48352, 50.55743], [46.48192, 50.55713], [46.47774, 50.55572], [46.47658, 50.55515], [46.47621, 50.55459], [46.47621, 50.55376], [46.47581, 50.55348], [46.4748, 50.55344], [46.47425, 50.55376], [46.47283, 50.55565], [46.47149, 50.55686], [46.47109, 50.55718], [46.46836, 50.55773], [46.46738, 50.55787], [46.46632, 50.55773], [46.46567, 50.55736], [46.46491, 50.556], [46.46414, 50.55422], [46.46378, 50.55351], [46.46323, 50.55295], [46.46236, 50.55272], [46.46138, 50.55276], [46.46048, 50.55298], [46.45917, 50.55351], [46.45763, 50.55457], [46.45609, 50.55534], [46.45528, 50.55568], [46.45461, 50.55636], [46.45385, 50.55843], [46.45305, 50.5602], [46.45236, 50.56191], [46.45131, 50.56302], [46.45065, 50.56406], [46.45048, 50.5647], [46.4503, 50.56498], [46.45021, 50.56533], [46.45015, 50.56557], [46.45008, 50.56566], [46.45, 50.56575], [46.44998, 50.56581], [46.44999, 50.56601], [46.45001, 50.56607], [46.45006, 50.56611], [46.45013, 50.56615], [46.45019, 50.56623], [46.45019, 50.56633], [46.45016, 50.56642], [46.45011, 50.5665], [46.44818, 50.56845], [46.44792, 50.56951], [46.44818, 50.57034], [46.45047, 50.5726], [46.45094, 50.57348], [46.45054, 50.57441], [46.44887, 50.57533], [46.44811, 50.57595], [46.44796, 50.57678], [46.44851, 50.57789], [46.44974, 50.57905], [46.45061, 50.58025], [46.45087, 50.58126], [46.45054, 50.58235], [46.45, 50.58295], [46.44909, 50.58316], [46.448, 50.58304], [46.44367, 50.58346], [46.44283, 50.58371], [46.4424, 50.5844], [46.44272, 50.5853], [46.44752, 50.58994], [46.44934, 50.59105], [46.45258, 50.59232], [46.45407, 50.59315], [46.45494, 50.59438], [46.45687, 50.59606], [46.45934, 50.59712], [46.46058, 50.59756], [46.46109, 50.59849], [46.4608, 50.60199], [46.46109, 50.60336], [46.462, 50.60523], [46.46472, 50.60793], [46.46541, 50.60899], [46.46556, 50.61063], [46.46527, 50.6118], [46.46476, 50.6124], [46.46411, 50.61263], [46.46309, 50.61252], [46.46174, 50.61192], [46.4608, 50.61171], [46.45978, 50.61178], [46.45898, 50.61226], [46.45851, 50.61312], [46.45818, 50.61503], [46.45836, 50.61716], [46.45963, 50.61902], [46.4616, 50.62073], [46.46356, 50.62133], [46.46563, 50.62207], [46.46723, 50.6232], [46.46865, 50.62495], [46.47014, 50.62606], [46.47232, 50.6274], [46.47385, 50.62807], [46.47527, 50.62823], [46.47789, 50.62892], [46.47945, 50.62938], [46.48094, 50.63024], [46.48272, 50.63171], [46.48356, 50.63233], [46.4876, 50.6334], [46.48945, 50.63367], [46.49054, 50.63393], [46.49076, 50.63432], [46.49163, 50.63469], [46.49247, 50.63446], [46.49338, 50.63367], [46.4948, 50.63229], [46.49538, 50.63051], [46.49562, 50.62946], [46.49602, 50.62893], [46.49693, 50.62777], [46.49736, 50.62686], [46.498, 50.62588], [46.49839, 50.62543], [46.4984, 50.62505], [46.498, 50.62424], [46.49738, 50.62387], [46.49516, 50.62235], [46.49338, 50.62154], [46.49109, 50.62117], [46.49025, 50.62082], [46.48978, 50.61976], [46.48967, 50.61886], [46.49036, 50.61829], [46.49156, 50.61759], [46.49363, 50.61727], [46.49483, 50.61739], [46.49985, 50.61863], [46.50105, 50.6187], [46.50189, 50.61889], [46.50218, 50.61937], [46.50163, 50.62142], [46.502, 50.6217], [46.5024, 50.62172], [46.50843, 50.62396], [46.51058, 50.62456], [46.51374, 50.62493], [46.51574, 50.62481], [46.51709, 50.62435], [46.51734, 50.62327], [46.51756, 50.6229], [46.51934, 50.62235], [46.52032, 50.62248], [46.5233, 50.62304], [46.52395, 50.62305], [46.5249, 50.62321], [46.52707, 50.62348], [46.52685, 50.62556], [46.52592, 50.62617], [46.5247, 50.62653], [46.52413, 50.62729], [46.52393, 50.62913], [46.52057, 50.63926], [46.51947, 50.64197], [46.53829, 50.64444], [46.54493, 50.62093], [46.54433, 50.62012], [46.5452, 50.6195], [46.5456, 50.61676], [46.54723, 50.61621], [46.54737, 50.61581], [46.54614, 50.61371], [46.54659, 50.61326], [46.54673, 50.61331], [46.54692, 50.61329], [46.54712, 50.61334], [46.54773, 50.61364], [46.54826, 50.61387], [46.54863, 50.61409], [46.54919, 50.61465], [46.54973, 50.61513], [46.55036, 50.61552], [46.55112, 50.61593], [46.55202, 50.61669], [46.55258, 50.61716], [46.55277, 50.61738], [46.55285, 50.61759], [46.55276, 50.61793], [46.55251, 50.6182], [46.55216, 50.61871], [46.55209, 50.61909], [46.55211, 50.61951], [46.55206, 50.61989], [46.55184, 50.6202], [46.55178, 50.62052], [46.55199, 50.62083], [46.55249, 50.62125], [46.55291, 50.62167], [46.55326, 50.62195], [46.55387, 50.62215], [46.55478, 50.62238], [46.55499, 50.6224], [46.55534, 50.62233], [46.55571, 50.6223], [46.55669, 50.62235], [46.55728, 50.62245], [46.55803, 50.62265], [46.55885, 50.62276], [46.56049, 50.62283], [46.56185, 50.62297], [46.56328, 50.62296], [46.5642, 50.62287], [46.56454, 50.62278], [46.56489, 50.62265], [46.56527, 50.62241], [46.56561, 50.62211], [46.56567, 50.62197], [46.56569, 50.62181], [46.56582, 50.62157], [46.56581, 50.62141], [46.56575, 50.62112], [46.56567, 50.62075], [46.56561, 50.62064], [46.56537, 50.62039], [46.5651, 50.62022], [46.5646, 50.62007], [46.56282, 50.61946], [46.56231, 50.61926], [46.56188, 50.61897], [46.5613, 50.61851], [46.56105, 50.61821], [46.56082, 50.61805], [46.56069, 50.61792], [46.56068, 50.61773], [46.56057, 50.61708], [46.56057, 50.61678], [46.56061, 50.61663], [46.56051, 50.61642], [46.56025, 50.61587], [46.5602, 50.61561], [46.56026, 50.61544], [46.56039, 50.61529], [46.56065, 50.61516], [46.56109, 50.615], [46.56123, 50.61498], [46.56147, 50.61494], [46.56161, 50.61489], [46.56225, 50.6146], [46.56291, 50.6144], [46.56389, 50.61414], [46.56469, 50.61404], [46.56533, 50.61404], [46.56646, 50.61418], [46.56727, 50.61436], [46.5685, 50.61484], [46.56831, 50.66355], [46.56808, 50.69045], [46.57089, 50.69991], [46.58058, 50.7097], [46.58339, 50.71229], [46.61187, 50.68617], [46.62115, 50.68164], [46.6257, 50.68094], [46.64642, 50.68257], [46.67997, 50.68933], [46.68312, 50.69259], [46.68695, 50.69754], [46.69303, 50.6936], [46.69746, 50.69425], [46.70012, 50.69904], [46.70023, 50.69937], [46.70089, 50.69973], [46.70254, 50.70013], [46.7038, 50.70015], [46.70642, 50.69982], [46.70786, 50.69995], [46.71132, 50.70141], [46.71324, 50.70274], [46.71562, 50.70321], [46.71748, 50.70405], [46.71898, 50.70498], [46.71944, 50.70567], [46.7193, 50.70662], [46.71762, 50.70733], [46.71622, 50.70848], [46.71611, 50.71069], [46.71629, 50.71105], [46.7173, 50.71145], [46.71849, 50.71149], [46.71954, 50.7112], [46.72185, 50.71001], [46.72265, 50.70881], [46.72293, 50.7079], [46.72241, 50.70715], [46.72153, 50.70682], [46.72108, 50.70646], [46.72108, 50.70595], [46.72188, 50.70538], [46.7229, 50.705], [46.72566, 50.70454], [46.72676, 50.70402], [46.72745, 50.70393], [46.73805, 50.66591], [46.7421, 50.65871], [46.74739, 50.65792], [46.75359, 50.65342], [46.75625, 50.65212], [46.77542, 50.64273], [46.81291, 50.64446], [46.85366, 50.64228], [46.8572, 50.64183], [46.85778, 50.64082], [46.85776, 50.63984], [46.85748, 50.63905], [46.85699, 50.63868], [46.85572, 50.63844], [46.85563, 50.63816], [46.85604, 50.63763], [46.85641, 50.63705], [46.85632, 50.63648], [46.85591, 50.63603], [46.85422, 50.63473], [46.8534, 50.63392], [46.85327, 50.63313], [46.85343, 50.6326], [46.85484, 50.63152], [46.85499, 50.63076], [46.85454, 50.62966], [46.85336, 50.62883], [46.85263, 50.62846], [46.85261, 50.62807], [46.85312, 50.62774], [46.85443, 50.62778], [46.85471, 50.62753], [46.85467, 50.62725], [46.85375, 50.62687], [46.85304, 50.62619], [46.85208, 50.62546], [46.85196, 50.62514], [46.85221, 50.62465], [46.85218, 50.62428], [46.852, 50.62405], [46.85139, 50.62376], [46.85088, 50.62343], [46.84978, 50.62311], [46.84921, 50.62276], [46.84854, 50.62202], [46.84833, 50.62141], [46.84803, 50.62113], [46.84754, 50.62104], [46.84676, 50.62107], [46.84579, 50.6213], [46.8449, 50.62133], [46.84431, 50.62098], [46.8439, 50.61986], [46.84286, 50.6193], [46.84163, 50.6184], [46.84047, 50.61809], [46.83949, 50.61801], [46.83865, 50.61771], [46.83808, 50.61713], [46.83794, 50.6167], [46.83686, 50.61565], [46.83637, 50.6154], [46.83442, 50.61514], [46.83355, 50.61499], [46.83321, 50.61437], [46.83307, 50.61345], [46.83236, 50.61256], [46.83205, 50.61247], [46.83092, 50.61273], [46.83056, 50.61265], [46.83032, 50.61237], [46.82999, 50.61187], [46.82963, 50.61178], [46.82833, 50.61198], [46.8274, 50.61178], [46.82677, 50.61176], [46.8263, 50.61156], [46.82608, 50.61091], [46.82597, 50.61075], [46.82568, 50.61069], [46.8241, 50.61101], [46.82327, 50.61076], [46.82267, 50.61031], [46.8219, 50.61019], [46.82161, 50.60963], [46.81816, 50.61019], [46.81687, 50.6104], [46.81598, 50.6103], [46.81528, 50.60974], [46.81514, 50.6093], [46.81441, 50.60839], [46.81351, 50.60788], [46.81285, 50.60755], [46.81266, 50.60698], [46.81277, 50.60641], [46.81405, 50.60544], [46.81464, 50.60513], [46.81492, 50.6044], [46.8153, 50.60388], [46.816, 50.60313], [46.81602, 50.60236], [46.81611, 50.60163], [46.81647, 50.60078], [46.81608, 50.60029], [46.81498, 50.59976], [46.81272, 50.59916], [46.81041, 50.59864], [46.8096, 50.59845], [46.80917, 50.59771], [46.80928, 50.59692], [46.80985, 50.59601], [46.81056, 50.59566], [46.81189, 50.5955], [46.8132, 50.59521], [46.81373, 50.59471], [46.81393, 50.59389], [46.81434, 50.59271], [46.81438, 50.59243], [46.81397, 50.59207], [46.81043, 50.59106], [46.80928, 50.59094], [46.80793, 50.59007], [46.80757, 50.58878], [46.80782, 50.58807], [46.80831, 50.58768], [46.81062, 50.58663], [46.81113, 50.5861], [46.81069, 50.58532], [46.80954, 50.58519], [46.80753, 50.58551], [46.8057, 50.58522], [46.8034, 50.58474], [46.80291, 50.58416], [46.80344, 50.58295], [46.80417, 50.5824], [46.80519, 50.58261], [46.80652, 50.58323], [46.80735, 50.58313], [46.80806, 50.58276], [46.80842, 50.58216], [46.80788, 50.58098], [46.80616, 50.58042], [46.80307, 50.58025], [46.8004, 50.5799], [46.79922, 50.57967], [46.79912, 50.57846], [46.79991, 50.57804], [46.80157, 50.57752], [46.80239, 50.57654], [46.80318, 50.57569], [46.80807, 50.57598], [46.81426, 50.57676], [46.86007, 50.5771], [46.87077, 50.57722], [46.87077, 50.52375], [46.91669, 50.52309], [46.91599, 50.51256], [46.91324, 50.50216], [46.91242, 50.48967], [46.98561, 50.48955], [47.03864, 50.48915], [47.03815, 50.50371], [47.03815, 50.50968], [47.1255, 50.50957], [47.20561, 50.50922], [47.20486, 50.47006], [47.20458, 50.42988], [47.23683, 50.42954], [47.23502, 50.37116], [47.26258, 50.37137], [47.27209, 50.3714], [47.27218, 50.37907], [47.4081, 50.37738], [47.41291, 50.37754], [47.4317, 50.37789], [47.43076, 50.37706], [47.42538, 50.37175], [47.41872, 50.36507], [47.41541, 50.35927], [47.41519, 50.35767], [47.41498, 50.35677], [47.41482, 50.35461], [47.41524, 50.35425], [47.4154, 50.35428], [47.41569, 50.35406], [47.41571, 50.35395], [47.41548, 50.35353], [47.41536, 50.35335], [47.41523, 50.35295], [47.4151, 50.35273], [47.41478, 50.35261], [47.41397, 50.35219], [47.41343, 50.35185], [47.41292, 50.35164], [47.4126, 50.35151], [47.41246, 50.35139], [47.41246, 50.35117], [47.41284, 50.34998], [47.4128, 50.34977], [47.41257, 50.34932], [47.41238, 50.34913], [47.41239, 50.34898], [47.41248, 50.3489], [47.41273, 50.34867], [47.4131, 50.34837], [47.41316, 50.34818], [47.41312, 50.34793], [47.41309, 50.34744], [47.41301, 50.34721], [47.41276, 50.347], [47.41232, 50.34674], [47.4119, 50.34659], [47.41161, 50.3465], [47.41134, 50.34628], [47.41099, 50.3459], [47.41085, 50.34564], [47.41085, 50.34546], [47.41096, 50.34523], [47.41133, 50.34484], [47.41148, 50.34452], [47.4117, 50.34391], [47.41167, 50.34374], [47.41149, 50.34349], [47.41119, 50.34327], [47.4106, 50.34296], [47.41018, 50.34268], [47.40997, 50.34247], [47.40986, 50.34225], [47.40984, 50.34202], [47.41004, 50.34147], [47.40998, 50.34127], [47.40983, 50.34108], [47.40957, 50.34091], [47.40923, 50.34079], [47.40892, 50.34075], [47.40864, 50.34068], [47.4083, 50.34053], [47.40729, 50.33989], [47.40691, 50.3397], [47.4061, 50.33941], [47.40581, 50.33926], [47.40572, 50.33909], [47.40573, 50.33893], [47.40605, 50.3386], [47.40627, 50.33825], [47.40647, 50.33812], [47.40704, 50.33792], [47.40723, 50.33773], [47.40735, 50.33749], [47.40732, 50.33721], [47.40723, 50.33694], [47.40698, 50.33673], [47.40684, 50.33656], [47.40662, 50.33649], [47.40582, 50.33638], [47.40544, 50.33627], [47.4052, 50.33612], [47.40459, 50.33545], [47.40437, 50.33526], [47.4041, 50.33517], [47.40376, 50.33516], [47.40261, 50.33537], [47.40177, 50.33562], [47.40128, 50.33581], [47.40093, 50.33584], [47.40056, 50.33576], [47.40021, 50.33559], [47.39967, 50.33473], [47.39923, 50.33437], [47.39896, 50.33394], [47.39874, 50.33383], [47.39839, 50.33373], [47.39798, 50.33372], [47.39736, 50.33381], [47.39696, 50.33391], [47.39624, 50.33423], [47.3956, 50.33442], [47.39505, 50.33447], [47.3946, 50.33451], [47.39436, 50.33447], [47.39372, 50.33399], [47.3934, 50.3338], [47.39303, 50.33377], [47.39274, 50.3338], [47.39239, 50.33398], [47.39202, 50.33408], [47.39162, 50.33404], [47.39127, 50.3339], [47.39105, 50.33364], [47.39071, 50.33233], [47.39056, 50.33208], [47.39025, 50.33187], [47.38977, 50.33166], [47.38896, 50.33136], [47.38846, 50.33131], [47.38776, 50.33132], [47.38729, 50.33125], [47.38691, 50.33112], [47.38643, 50.33082], [47.38619, 50.33067], [47.38583, 50.33056], [47.38535, 50.33052], [47.38475, 50.33052], [47.38428, 50.33057], [47.38386, 50.33056], [47.38347, 50.33047], [47.3831, 50.33029], [47.38285, 50.33004], [47.38276, 50.32976], [47.38285, 50.32947], [47.38296, 50.32909], [47.38325, 50.32863], [47.38329, 50.32848], [47.3832, 50.32832], [47.38295, 50.32824], [47.38263, 50.32825], [47.38223, 50.32845], [47.38182, 50.32881], [47.38146, 50.32889], [47.3811, 50.32882], [47.38083, 50.32863], [47.38052, 50.32816], [47.38035, 50.32806], [47.38006, 50.32803], [47.37972, 50.32811], [47.37929, 50.32841], [47.37859, 50.32903], [47.37836, 50.32913], [47.37791, 50.32915], [47.37732, 50.32904], [47.37701, 50.32904], [47.37676, 50.32911], [47.37654, 50.32932], [47.37602, 50.32995], [47.37544, 50.33059], [47.37459, 50.33193], [47.37425, 50.3322], [47.37372, 50.33239], [47.37318, 50.33244], [47.37272, 50.33239], [47.37234, 50.33232], [47.37211, 50.33232], [47.37181, 50.33239], [47.37137, 50.33262], [47.371, 50.33271], [47.37057, 50.3327], [47.37009, 50.3326], [47.36932, 50.33218], [47.36872, 50.33173], [47.36844, 50.3314], [47.36823, 50.33113], [47.368, 50.33108], [47.36756, 50.3311], [47.36695, 50.33126], [47.36668, 50.33122], [47.36645, 50.33111], [47.3663, 50.33085], [47.36621, 50.33044], [47.36624, 50.33004], [47.36638, 50.32956], [47.36637, 50.32937], [47.3662, 50.32919], [47.36586, 50.32906], [47.36545, 50.32904], [47.36484, 50.32907], [47.36336, 50.32931], [47.3625, 50.32947], [47.36176, 50.32955], [47.36108, 50.32957], [47.36078, 50.32964], [47.36036, 50.32982], [47.35958, 50.33019], [47.35919, 50.33023], [47.35876, 50.3302], [47.35813, 50.33019], [47.35637, 50.33059], [47.356, 50.33056], [47.35563, 50.3304], [47.35539, 50.33009], [47.35514, 50.3296], [47.3549, 50.32942], [47.35445, 50.32928], [47.35374, 50.32924], [47.35314, 50.3293], [47.35248, 50.32948], [47.35206, 50.32965], [47.35122, 50.33015], [47.3507, 50.33032], [47.34992, 50.33043], [47.34939, 50.33045], [47.34882, 50.33052], [47.34818, 50.3305], [47.34784, 50.3304], [47.34762, 50.33019], [47.34755, 50.32981], [47.34767, 50.32878], [47.34759, 50.32853], [47.34737, 50.32837], [47.34692, 50.32833], [47.34651, 50.3284], [47.34591, 50.32875], [47.34547, 50.32908], [47.34498, 50.32939], [47.3444, 50.32966], [47.34375, 50.32981], [47.34312, 50.32989], [47.34228, 50.32994], [47.34165, 50.33007], [47.34139, 50.33025], [47.34114, 50.33049], [47.34108, 50.33074], [47.34123, 50.33094], [47.34163, 50.33122], [47.34206, 50.33154], [47.34214, 50.33177], [47.34209, 50.33198], [47.34189, 50.33217], [47.34142, 50.33225], [47.34083, 50.33224], [47.34034, 50.33216], [47.33988, 50.33196], [47.33871, 50.33119], [47.33838, 50.3309], [47.33817, 50.33059], [47.33816, 50.33029], [47.3383, 50.33002], [47.33889, 50.32946], [47.33901, 50.32923], [47.33896, 50.32901], [47.33881, 50.32877], [47.33852, 50.32859], [47.33775, 50.32836], [47.33738, 50.32814], [47.33686, 50.32758], [47.33654, 50.32722], [47.33606, 50.32699], [47.33502, 50.32666], [47.33476, 50.32646], [47.33465, 50.32619], [47.33462, 50.32559], [47.3345, 50.32538], [47.33419, 50.32524], [47.33364, 50.32518], [47.3328, 50.3252], [47.33249, 50.32512], [47.33213, 50.32486], [47.33196, 50.32454], [47.33183, 50.32419], [47.33162, 50.32393], [47.33124, 50.32378], [47.33029, 50.32367], [47.32918, 50.32362], [47.32878, 50.3235], [47.3285, 50.32328], [47.32827, 50.32284], [47.32816, 50.3222], [47.32793, 50.32186], [47.32728, 50.32125], [47.32709, 50.32093], [47.32706, 50.32043], [47.32703, 50.31995], [47.32693, 50.31969], [47.3266, 50.31953], [47.32599, 50.31951], [47.32531, 50.31958], [47.32482, 50.31954], [47.32454, 50.31942], [47.32436, 50.3192], [47.32427, 50.31888], [47.3243, 50.31858], [47.32455, 50.31813], [47.32487, 50.3177], [47.3249, 50.31746], [47.32478, 50.31729], [47.32427, 50.31703], [47.32369, 50.31686], [47.32331, 50.31666], [47.32282, 50.31633], [47.32218, 50.3161], [47.32159, 50.31586], [47.3213, 50.3156], [47.32083, 50.31481], [47.32053, 50.31468], [47.32015, 50.31466], [47.31982, 50.31472], [47.3193, 50.31497], [47.31885, 50.31507], [47.31839, 50.31506], [47.3179, 50.31495], [47.3176, 50.31475], [47.31737, 50.31444], [47.31718, 50.31358], [47.31703, 50.3133], [47.3167, 50.31299], [47.31621, 50.31266], [47.31598, 50.3124], [47.31582, 50.31208], [47.31575, 50.31143], [47.31563, 50.31116], [47.31528, 50.31081], [47.31465, 50.31052], [47.31409, 50.3104], [47.31351, 50.31039], [47.31271, 50.31048], [47.31226, 50.31059], [47.31185, 50.31083], [47.31138, 50.31085], [47.31104, 50.31075], [47.31085, 50.3105], [47.31079, 50.3102], [47.31102, 50.30932], [47.31094, 50.30906], [47.31078, 50.30884], [47.31046, 50.30867], [47.31004, 50.30857], [47.30919, 50.30857], [47.30838, 50.30872], [47.30782, 50.30893], [47.3074, 50.30895], [47.30704, 50.30887], [47.30685, 50.30865], [47.30682, 50.30834], [47.30702, 50.308], [47.30767, 50.30741], [47.30776, 50.30713], [47.30776, 50.30674], [47.30772, 50.30646], [47.30754, 50.3062], [47.30716, 50.30605], [47.30607, 50.30588], [47.30555, 50.30575], [47.30522, 50.30555], [47.30512, 50.3053], [47.30519, 50.30497], [47.30545, 50.30453], [47.30548, 50.30423], [47.30541, 50.30391], [47.3051, 50.30372], [47.30473, 50.30364], [47.30394, 50.30363], [47.30311, 50.30362], [47.30261, 50.30355], [47.30124, 50.30319], [47.3008, 50.30316], [47.30034, 50.30321], [47.30014, 50.3028], [47.29828, 50.29834], [47.29202, 50.28368], [47.29542, 50.27458], [47.30201, 50.26211], [47.31005, 50.25632], [47.31921, 50.24972], [47.33514, 50.238], [47.31274, 50.22456], [47.29711, 50.21541], [47.2862, 50.20884], [47.27199, 50.20048], [47.25727, 50.19179], [47.27739, 50.17852], [47.29897, 50.16427], [47.31756, 50.152], [47.32622, 50.13763], [47.34189, 50.11194], [47.34284, 50.11016], [47.34567, 50.10558], [47.35227, 50.10136], [47.35239, 50.09996], [47.35302, 50.09616], [47.35339, 50.09432], [47.34355, 50.0852], [47.33033, 50.07292], [47.32929, 50.07212], [47.3284, 50.0712], [47.3266, 50.06954], [47.3256, 50.0687], [47.32511, 50.06815], [47.32139, 50.06367], [47.31692, 50.06092], [47.30267, 50.04761], [47.29034, 50.0361], [47.27681, 50.02343], [47.26419, 50.01162], [47.25319, 50.00132], [47.24456, 49.99343], [47.24322, 49.99198], [47.23282, 49.98224], [47.21325, 49.96388], [47.18246, 49.93496], [47.15993, 49.92862], [47.12594, 49.91904], [46.95735, 49.87135], [46.92952, 49.87469], [46.90256, 49.86378], [46.89345, 49.8302], [46.87021, 49.74296], [46.86931, 49.73577], [46.8588, 49.6519], [46.85789, 49.64358], [46.85202, 49.62752], [46.84434, 49.60651], [46.83722, 49.60657], [46.83892, 49.56574], [46.82932, 49.5656], [46.81137, 49.46148], [46.81125, 49.4608], [46.80588, 49.42926], [46.79602, 49.39202], [46.78224, 49.33988], [46.7946, 49.33519], [46.79522, 49.33497], [46.83759, 49.31941], [46.91458, 49.2829], [46.99619, 49.2324], [47.05134, 49.16559], [47.04208, 49.1343], [47.02873, 49.08921], [46.97204, 49.02734], [46.93554, 49.00656], [46.89258, 48.98205], [46.79171, 48.95195], [46.77916, 48.95141], [46.76808, 48.93143], [46.75663, 48.91096], [46.74418, 48.88857], [46.73745, 48.87647], [46.73143, 48.86557], [46.71982, 48.84467], [46.71069, 48.82823], [46.70712, 48.82179], [46.70419, 48.8165], [46.70165, 48.81192], [46.69372, 48.79759], [46.6888, 48.78871], [46.62204, 48.66775], [46.61007, 48.64598], [46.57944, 48.59024], [46.53691, 48.51259], [46.49322, 48.43256], [46.64591, 48.38509], [46.67761, 48.39051], [46.73892, 48.3581], [46.74764, 48.35349], [46.88935, 48.32769], [46.90557, 48.32061], [46.90717, 48.32018], [46.90859, 48.31959], [46.93209, 48.3169], [47.12297, 48.2685], [47.11107, 48.23375], [47.10303, 48.21049], [47.11328, 48.17559], [47.1248, 48.15806], [47.09085, 48.10324], [47.21112, 48.08222], [47.20053, 48.05493], [47.15877, 48.06111], [47.14855, 48.03639], [47.05041, 47.99793], [47.04994, 47.99775], [47.10079, 47.92778], [47.14703, 47.88466], [47.18104, 47.85385], [47.12184, 47.83168], [47.1229, 47.83065], [47.14107, 47.81293], [47.19444, 47.76084], [47.21432, 47.753], [47.38522, 47.68128], [47.41191, 47.7633], [47.41526, 47.83826], [47.65233, 47.758], [47.73494, 47.75703], [47.80531, 47.7562], [47.86635, 47.75548], [47.96256, 47.75145], [48.02817, 47.76303], [48.11168, 47.74493], [48.20937, 47.69163], [48.31885, 47.5514], [48.39531, 47.47604], [48.45156, 47.41165], [48.51942, 47.41175], [48.56109, 47.34305], [48.60017, 47.27854], [48.65634, 47.18533], [48.71021, 47.09576], [48.78099, 47.0216], [48.8476, 46.95171], [48.91528, 46.8806], [48.91982, 46.87298], [48.99597, 46.74308], [48.91999, 46.69341], [48.75055, 46.68547], [48.71334, 46.72091], [48.67643, 46.71336], [48.67384, 46.72085], [48.64385, 46.73102], [48.62837, 46.70802], [48.61595, 46.70499], [48.60025, 46.71445], [48.5487, 46.71113], [48.53527, 46.70629], [48.54372, 46.6919], [48.55299, 46.68845], [48.54613, 46.68633], [48.53041, 46.68228], [48.50721, 46.67584], [48.49933, 46.67508], [48.48989, 46.6744], [48.48947, 46.67414], [48.4888, 46.67363], [48.48719, 46.67291], [48.48583, 46.67266], [48.48344, 46.67261], [48.48156, 46.67196], [48.47921, 46.67154], [48.4779, 46.67062], [48.49648, 46.65879], [48.49887, 46.6581], [48.50339, 46.65581], [48.50771, 46.65309], [48.51174, 46.65138], [48.51834, 46.6496], [48.52756, 46.64909], [48.53317, 46.64957], [48.53931, 46.64932], [48.54676, 46.64733], [48.55474, 46.64474], [48.56028, 46.64187], [48.56174, 46.64012], [48.56207, 46.63856], [48.56203, 46.63691], [48.56059, 46.63412], [48.55377, 46.6307], [48.55197, 46.62965], [48.55081, 46.62793], [48.54965, 46.6244], [48.54986, 46.62201], [48.54993, 46.62132], [48.55069, 46.6195], [48.55191, 46.61817], [48.55684, 46.61514], [48.56188, 46.61144], [48.56627, 46.60924], [48.57113, 46.60735], [48.57368, 46.60646], [48.57657, 46.60607], [48.58034, 46.60639], [48.58283, 46.60759], [48.58543, 46.60842], [48.59091, 46.60891], [48.59668, 46.60892], [48.60094, 46.60818], [48.60521, 46.60701], [48.60645, 46.60622], [48.60854, 46.60423], [48.61036, 46.60287], [48.61269, 46.60224], [48.61401, 46.60189], [48.61534, 46.60184], [48.61764, 46.60203], [48.62051, 46.60265], [48.62273, 46.6034], [48.62196, 46.60221], [48.62017, 46.60173], [48.61628, 46.60038], [48.61525, 46.60014], [48.6139, 46.60009], [48.61121, 46.60022], [48.60675, 46.6004], [48.60137, 46.60044], [48.59993, 46.60025], [48.59882, 46.59991], [48.59789, 46.59924], [48.59605, 46.59802], [48.59476, 46.59739], [48.59405, 46.59718], [48.59306, 46.59714], [48.58752, 46.59821], [48.58714, 46.59837], [48.58649, 46.59882], [48.58596, 46.5989], [48.5853, 46.59882], [48.58206, 46.5979], [48.57974, 46.59744], [48.57749, 46.59634], [48.57659, 46.59554], [48.57609, 46.59488], [48.57509, 46.59419], [48.57498, 46.5938], [48.57481, 46.59346], [48.57373, 46.59277], [48.57333, 46.59239], [48.57308, 46.5919], [48.57283, 46.59163], [48.57242, 46.59149], [48.57039, 46.59127], [48.56987, 46.59103], [48.56955, 46.59069], [48.56948, 46.59029], [48.56951, 46.58917], [48.56925, 46.58863], [48.56852, 46.58798], [48.56783, 46.58759], [48.56708, 46.58728], [48.56656, 46.58726], [48.56562, 46.58748], [48.56461, 46.5876], [48.56391, 46.58756], [48.56288, 46.58727], [48.56156, 46.58682], [48.55881, 46.58626], [48.55736, 46.58582], [48.55667, 46.58534], [48.55607, 46.58459], [48.55562, 46.58382], [48.55567, 46.58331], [48.55588, 46.58283], [48.55599, 46.5822], [48.55592, 46.58142], [48.55562, 46.58086], [48.55556, 46.58058], [48.55589, 46.5788], [48.55581, 46.57862], [48.55534, 46.57823], [48.55462, 46.57782], [48.55386, 46.57747], [48.5535, 46.57715], [48.55315, 46.57705], [48.55206, 46.57659], [48.55038, 46.57577], [48.55004, 46.57553], [48.54993, 46.57537], [48.54854, 46.57162], [48.54895, 46.57131], [48.54936, 46.57084], [48.5494, 46.57022], [48.54873, 46.56779], [48.54774, 46.56634], [48.54592, 46.56517], [48.54499, 46.5633], [48.54489, 46.56184], [48.54528, 46.56025], [48.54611, 46.55917], [48.54794, 46.55727], [48.54983, 46.55617], [48.55265, 46.55561], [48.55519, 46.55553], [48.55807, 46.55576], [48.56288, 46.556], [48.56712, 46.55682], [48.56837, 46.55709], [48.57086, 46.55812], [48.57416, 46.55989], [48.57708, 46.56057], [48.5803, 46.56072], [48.58296, 46.56034], [48.58657, 46.5591], [48.58882, 46.55862], [48.5909, 46.55862], [48.59373, 46.55803], [48.59613, 46.55733], [48.59918, 46.55706], [48.60309, 46.557], [48.60725, 46.55759], [48.61532, 46.55809], [48.62038, 46.5591], [48.62227, 46.55966], [48.62583, 46.56081], [48.62751, 46.56146], [48.62897, 46.56172], [48.63163, 46.56155], [48.63313, 46.56125], [48.63424, 46.56063], [48.6358, 46.55976], [48.63823, 46.55904], [48.64141, 46.55901], [48.64416, 46.55927], [48.64617, 46.55986], [48.64816, 46.56015], [48.64974, 46.55995], [48.65175, 46.55921], [48.65688, 46.55776], [48.65913, 46.55749], [48.66132, 46.55724], [48.66823, 46.55585], [48.67145, 46.55585], [48.67458, 46.55641], [48.67566, 46.55671], [48.67694, 46.55738], [48.67763, 46.55842], [48.67879, 46.55939], [48.68076, 46.56034], [48.68287, 46.56087], [48.6845, 46.56066], [48.68643, 46.56007], [48.69033, 46.56001], [48.69402, 46.56048], [48.69677, 46.56146], [48.69901, 46.56275], [48.7024, 46.56306], [48.70752, 46.56181], [48.71463, 46.56076], [48.71752, 46.55977], [48.72074, 46.55824], [48.72347, 46.5559], [48.72622, 46.55395], [48.73265, 46.55261], [48.74377, 46.55073], [48.74824, 46.55028], [48.75187, 46.54877], [48.75265, 46.54835], [48.75474, 46.54706], [48.76274, 46.54098], [48.76592, 46.53993], [48.76898, 46.53922], [48.7722, 46.53904], [48.77537, 46.53905], [48.77935, 46.53969], [48.78039, 46.54083], [48.78141, 46.54166], [48.78271, 46.54213], [48.78401, 46.54224], [48.78469, 46.5423], [48.78648, 46.54209], [48.78744, 46.54166], [48.78801, 46.54085], [48.78786, 46.53999], [48.78741, 46.53848], [48.78726, 46.5371], [48.78761, 46.53451], [48.78693, 46.5332], [48.78775, 46.53123], [48.78773, 46.52782], [48.78821, 46.52515], [48.79012, 46.52101], [48.79187, 46.51838], [48.79909, 46.51177], [48.80456, 46.50547], [48.80916, 46.50058], [48.81458, 46.49595], [48.81688, 46.49183], [48.81774, 46.48818], [48.81972, 46.48538], [48.82289, 46.48259], [48.82666, 46.48017], [48.81881, 46.47877], [48.81469, 46.47876], [48.81016, 46.47937], [48.80348, 46.48084], [48.79788, 46.48179], [48.79318, 46.48207], [48.7893, 46.48211], [48.78599, 46.4823], [48.78398, 46.4825], [48.77609, 46.48342], [48.76319, 46.48519], [48.75708, 46.48589], [48.75201, 46.48644], [48.74452, 46.48661], [48.73974, 46.4865], [48.73586, 46.48607], [48.73089, 46.48487], [48.72848, 46.48398], [48.7257, 46.48231], [48.72216, 46.47981], [48.71899, 46.47801], [48.71547, 46.47699], [48.71239, 46.47681], [48.7062, 46.47648], [48.7015, 46.47583], [48.69505, 46.47425], [48.69213, 46.47339], [48.68968, 46.47287], [48.68735, 46.47267], [48.6804, 46.47218], [48.67589, 46.47187], [48.67221, 46.47149], [48.66914, 46.47098], [48.66622, 46.47006], [48.66548, 46.46909], [48.66453, 46.46863], [48.66262, 46.46791], [48.66092, 46.46722], [48.65997, 46.46664], [48.65872, 46.46572], [48.6573, 46.46448], [48.65513, 46.46295], [48.6537, 46.46195], [48.65236, 46.46129], [48.65102, 46.46087], [48.64899, 46.46047], [48.64684, 46.46001], [48.64458, 46.45946], [48.64294, 46.45892], [48.64198, 46.45857], [48.63981, 46.45734], [48.63791, 46.45626], [48.63556, 46.4552], [48.63136, 46.4538], [48.62942, 46.45295], [48.62817, 46.45257], [48.62692, 46.45207], [48.626, 46.45128], [48.62523, 46.45101], [48.62436, 46.45068], [48.62383, 46.45032], [48.62305, 46.44989], [48.62228, 46.44974], [48.62103, 46.44969], [48.6195, 46.44977], [48.61842, 46.45022], [48.61624, 46.45114], [48.61486, 46.45165], [48.61261, 46.45261], [48.61099, 46.45327], [48.6091, 46.45436], [48.60757, 46.45542], [48.60676, 46.45583], [48.60499, 46.45715], [48.60414, 46.45787], [48.60345, 46.45883], [48.60206, 46.46054], [48.60164, 46.46135], [48.60088, 46.46235], [48.60003, 46.46377], [48.5989, 46.46533], [48.59795, 46.46665], [48.56277, 46.49297], [48.55238, 46.49567], [48.5466, 46.49721], [48.54447, 46.49761], [48.54246, 46.49775], [48.54097, 46.49762], [48.53978, 46.49741], [48.53778, 46.49707], [48.53676, 46.49713], [48.53538, 46.49751], [48.53382, 46.4987], [48.53182, 46.49764], [48.53159, 46.49694], [48.53124, 46.49584], [48.53039, 46.49452], [48.52956, 46.49352], [48.528, 46.49172], [48.52749, 46.49095], [48.52736, 46.48973], [48.52655, 46.48321], [48.52634, 46.48025], [48.52642, 46.47794], [48.52637, 46.4771], [48.52626, 46.47606], [48.52595, 46.47433], [48.52582, 46.47257], [48.52574, 46.47166], [48.52562, 46.47133], [48.52574, 46.4709], [48.52581, 46.47053], [48.52569, 46.46997], [48.52558, 46.46927], [48.52565, 46.46855], [48.5255, 46.46793], [48.52512, 46.46731], [48.52501, 46.46695], [48.52403, 46.46645], [48.5235, 46.46531], [48.52291, 46.46357], [48.52291, 46.46119], [48.52301, 46.45788], [48.52328, 46.45635], [48.52212, 46.45574], [48.52285, 46.45354], [48.52358, 46.45165], [48.52386, 46.44667], [48.5163, 46.44634], [48.51635, 46.44941], [48.51634, 46.45002], [48.51629, 46.45035], [48.51587, 46.4503], [48.5157, 46.45032], [48.51429, 46.45078], [48.51012, 46.45205], [48.50763, 46.4529], [48.50649, 46.45323], [48.50534, 46.45344], [48.50262, 46.45333], [48.50151, 46.45319], [48.49998, 46.45283], [48.49898, 46.45269], [48.4977, 46.45267], [48.49621, 46.45273], [48.49539, 46.45267], [48.49493, 46.45252], [48.49444, 46.45243], [48.49371, 46.45265], [48.49276, 46.45311], [48.49178, 46.45351], [48.49049, 46.45382], [48.48932, 46.4541], [48.48856, 46.45439], [48.48744, 46.4548], [48.48668, 46.45508], [48.48593, 46.45548], [48.48539, 46.45582], [48.48463, 46.45613], [48.48361, 46.45645], [48.48232, 46.45679], [48.4812, 46.45697], [48.48037, 46.4572], [48.47951, 46.45763], [48.47868, 46.4581], [48.47807, 46.4586], [48.47714, 46.4592], [48.47618, 46.45968], [48.47494, 46.46003], [48.47384, 46.46036], [48.47255, 46.46071], [48.47143, 46.46094], [48.4703, 46.46109], [48.46917, 46.46124], [48.46698, 46.46149], [48.46579, 46.46153], [48.46474, 46.46157], [48.46352, 46.46165], [48.46282, 46.46168], [48.46118, 46.46221], [48.46006, 46.46279], [48.4592, 46.46348], [48.45844, 46.46418], [48.4578, 46.46471], [48.45719, 46.46547], [48.45659, 46.46622], [48.45561, 46.46736], [48.45505, 46.46779], [48.45434, 46.46811], [48.45343, 46.46839], [48.45229, 46.46846], [48.45078, 46.46846], [48.44959, 46.46828], [48.44741, 46.46785], [48.44625, 46.46769], [48.44547, 46.46767], [48.44464, 46.46782], [48.44235, 46.46856], [48.44083, 46.46965], [48.43967, 46.47048], [48.43874, 46.47137], [48.43746, 46.4726], [48.43579, 46.47394], [48.43491, 46.47462], [48.4341, 46.47505], [48.4331, 46.47547], [48.43198, 46.47583], [48.43101, 46.47599], [48.4301, 46.47609], [48.42916, 46.47617], [48.42867, 46.47627], [48.42799, 46.47638], [48.42728, 46.47658], [48.42642, 46.47683], [48.42545, 46.47726], [48.42435, 46.47787], [48.42324, 46.47867], [48.42226, 46.47937], [48.42165, 46.47976], [48.42101, 46.48004], [48.41989, 46.48062], [48.41842, 46.48139], [48.41734, 46.48203], [48.41604, 46.48295], [48.41527, 46.48341], [48.41623, 46.48479], [48.41714, 46.48614], [48.41785, 46.48782], [48.41817, 46.48944], [48.41782, 46.49041], [48.41727, 46.49179], [48.41604, 46.49269], [48.41336, 46.49344], [48.40926, 46.49386], [48.40664, 46.49381], [48.40305, 46.49312], [48.39761, 46.49194], [48.39485, 46.49092], [48.39175, 46.48946], [48.39134, 46.48841], [48.38647, 46.47592], [48.38538, 46.47312], [48.38166, 46.47213], [48.38025, 46.47199], [48.3783, 46.47255], [48.37579, 46.47441], [48.37368, 46.47585], [48.37185, 46.47442], [48.36776, 46.47121], [48.36724, 46.47003], [48.36736, 46.46801], [48.37026, 46.46608], [48.37959, 46.46244], [48.36561, 46.45563], [48.35773, 46.45262], [48.34976, 46.44934], [48.3415, 46.44569], [48.34265, 46.44246], [48.33384, 46.43907], [48.29865, 46.46539], [48.30929, 46.47233], [48.30929, 46.47348], [48.30294, 46.47639], [48.29358, 46.48174], [48.29113, 46.48314], [48.28798, 46.47859], [48.28659, 46.47733], [48.28395, 46.47615], [48.2841, 46.47719], [48.28375, 46.47786], [48.28348, 46.47793], [48.28293, 46.4772], [48.28096, 46.47615], [48.27784, 46.47492], [48.27543, 46.47385], [48.27347, 46.47298], [48.27202, 46.47213], [48.27082, 46.47116], [48.26883, 46.47111], [48.26796, 46.46794], [48.26919, 46.46752], [48.27313, 46.46619], [48.27027, 46.46085], [48.26605, 46.45334], [48.26247, 46.44689], [48.26033, 46.44288], [48.25955, 46.44146], [48.25887, 46.44047], [48.25756, 46.43951], [48.25643, 46.43879], [48.25673, 46.43819], [48.25792, 46.43716], [48.25974, 46.43581], [48.26445, 46.43264], [48.26991, 46.42878], [48.27458, 46.42535], [48.27885, 46.42239], [48.27682, 46.4222], [48.27735, 46.42151], [48.27792, 46.42056], [48.27763, 46.41999], [48.27733, 46.41944], [48.27875, 46.41706], [48.27968, 46.41551], [48.27987, 46.41485], [48.27794, 46.4134], [48.27527, 46.41545], [48.27034, 46.4184], [48.26151, 46.42185], [48.25648, 46.42435], [48.25381, 46.42629], [48.25102, 46.42934], [48.24641, 46.43521], [48.24508, 46.43766], [48.24468, 46.43912], [48.2447, 46.43985], [48.24477, 46.44252], [48.24448, 46.44441], [48.24466, 46.44488], [48.24469, 46.4454], [48.24463, 46.44587], [48.24473, 46.44605], [48.24512, 46.44645], [48.24531, 46.44672], [48.24535, 46.44702], [48.24525, 46.4475], [48.24513, 46.44843], [48.2448, 46.44927], [48.24408, 46.45034], [48.24292, 46.45198], [48.24202, 46.45323], [48.2404, 46.4546], [48.23891, 46.45579], [48.23667, 46.45828], [48.23461, 46.46027], [48.2328, 46.4618], [48.2315, 46.46326], [48.2311, 46.46388], [48.23025, 46.46504], [48.22961, 46.46615], [48.22928, 46.46698], [48.22827, 46.46826], [48.22741, 46.46942], [48.22674, 46.47044], [48.22575, 46.47202], [48.22539, 46.47235], [48.22449, 46.47261], [48.22403, 46.47244], [48.21577, 46.46994], [48.20529, 46.46675], [48.19997, 46.46514], [48.19605, 46.46395], [48.19519, 46.46357], [48.19294, 46.46293], [48.18982, 46.46266], [48.1876, 46.46259], [48.18451, 46.46278], [48.18055, 46.46359], [48.1775, 46.46441], [48.17486, 46.46558], [48.17276, 46.46614], [48.17027, 46.46622], [48.16835, 46.46669], [48.16675, 46.46759], [48.16419, 46.46995], [48.16348, 46.471], [48.16344, 46.47173], [48.16371, 46.47251], [48.16373, 46.47344], [48.16294, 46.47461], [48.16219, 46.47513], [48.16, 46.47601], [48.15848, 46.47626], [48.15492, 46.47641], [48.15264, 46.47677], [48.15031, 46.47683], [48.14832, 46.47674], [48.1466, 46.47622], [48.14424, 46.47514], [48.14321, 46.47429], [48.14231, 46.47386], [48.14115, 46.4738], [48.13802, 46.47423], [48.13638, 46.47426], [48.13332, 46.47341], [48.13232, 46.47339], [48.12981, 46.47412], [48.12798, 46.47454], [48.12641, 46.47465], [48.12522, 46.4745], [48.12381, 46.47373], [48.12319, 46.4737], [48.12277, 46.47382], [48.12255, 46.47424], [48.12241, 46.4748], [48.12205, 46.47477], [48.12107, 46.47472], [48.12042, 46.47469], [48.11895, 46.47401], [48.11831, 46.47408], [48.11767, 46.47426], [48.11723, 46.47439], [48.11679, 46.47446], [48.11633, 46.47446], [48.11544, 46.47417], [48.1154, 46.47391], [48.11544, 46.47364], [48.11559, 46.47339], [48.11609, 46.47306], [48.11633, 46.47285], [48.11646, 46.47261], [48.11651, 46.47233], [48.11646, 46.47198], [48.11632, 46.47172], [48.11608, 46.47141], [48.11569, 46.47114], [48.11539, 46.47103], [48.11511, 46.47105], [48.11431, 46.47123], [48.1139, 46.47128], [48.11338, 46.47131], [48.11307, 46.47139], [48.11283, 46.47155], [48.1129, 46.4717], [48.11346, 46.4721], [48.11356, 46.47225], [48.11346, 46.47238], [48.11321, 46.47241], [48.11287, 46.47241], [48.11223, 46.47236], [48.11189, 46.47236], [48.11162, 46.47249], [48.11109, 46.47329], [48.11097, 46.47356], [48.11097, 46.47373], [48.11113, 46.47384], [48.1118, 46.47407], [48.11218, 46.47421], [48.11263, 46.47462], [48.11276, 46.47488], [48.11281, 46.47519], [48.11267, 46.47544], [48.11227, 46.47584], [48.11204, 46.47599], [48.1117, 46.47601], [48.1109, 46.4758], [48.11023, 46.47553], [48.10982, 46.4754], [48.10922, 46.47537], [48.10802, 46.47546], [48.10741, 46.47558], [48.10665, 46.47559], [48.10627, 46.47538], [48.10572, 46.47504], [48.10501, 46.4747], [48.1044, 46.47454], [48.104, 46.47448], [48.10346, 46.47455], [48.10323, 46.47477], [48.10314, 46.4753], [48.10318, 46.47557], [48.10314, 46.47584], [48.10293, 46.47599], [48.10261, 46.47605], [48.10201, 46.476], [48.10149, 46.47563], [48.10152, 46.47542], [48.10145, 46.47508], [48.10118, 46.47442], [48.10098, 46.47392], [48.10085, 46.47365], [48.10076, 46.47346], [48.10073, 46.47319], [48.10083, 46.47295], [48.10109, 46.47266], [48.1012, 46.47239], [48.10113, 46.47214], [48.10107, 46.47195], [48.10116, 46.47163], [48.10142, 46.47131], [48.10197, 46.47099], [48.10261, 46.47078], [48.10306, 46.47055], [48.10368, 46.47044], [48.10425, 46.47047], [48.10465, 46.47056], [48.10503, 46.4707], [48.10538, 46.47096], [48.10552, 46.47122], [48.10551, 46.47185], [48.10567, 46.4721], [48.10619, 46.47232], [48.1066, 46.47235], [48.10697, 46.47226], [48.10738, 46.47204], [48.1076, 46.47186], [48.1082, 46.47109], [48.10829, 46.47092], [48.10842, 46.47081], [48.10875, 46.47062], [48.10894, 46.47025], [48.10946, 46.46961], [48.10949, 46.46947], [48.1094, 46.46943], [48.10913, 46.4696], [48.10888, 46.46973], [48.10768, 46.46977], [48.1054, 46.46976], [48.1038, 46.46967], [48.10196, 46.46931], [48.10141, 46.46919], [48.10109, 46.46923], [48.0999, 46.46976], [48.09925, 46.47], [48.0991, 46.47075], [48.09887, 46.47126], [48.09838, 46.47215], [48.09803, 46.47255], [48.09743, 46.47291], [48.09479, 46.47437], [48.09323, 46.47514], [48.09243, 46.47538], [48.09196, 46.47555], [48.09149, 46.47578], [48.09037, 46.47686], [48.08996, 46.47745], [48.0896, 46.4782], [48.08896, 46.47949], [48.08854, 46.48006], [48.08796, 46.4806], [48.08763, 46.48086], [48.08728, 46.4811], [48.08675, 46.48141], [48.08642, 46.48149], [48.08545, 46.48152], [48.08447, 46.48157], [48.08418, 46.48171], [48.08376, 46.48214], [48.08308, 46.48325], [48.08314, 46.4839], [48.08327, 46.48419], [48.08336, 46.48443], [48.08363, 46.48579], [48.08371, 46.48633], [48.08373, 46.48668], [48.08361, 46.48714], [48.08364, 46.48739], [48.08358, 46.48772], [48.08339, 46.4881], [48.08302, 46.4882], [48.0829, 46.48819], [48.0825, 46.48804], [48.08163, 46.48765], [48.08119, 46.48749], [48.08053, 46.48736], [48.07994, 46.48732], [48.07948, 46.48728], [48.07872, 46.48712], [48.07829, 46.48708], [48.07781, 46.48696], [48.07752, 46.48671], [48.07712, 46.48633], [48.07506, 46.48504], [48.07353, 46.48449], [48.07239, 46.48412], [48.07219, 46.48411], [48.07155, 46.48418], [48.0708, 46.48415], [48.06978, 46.48387], [48.06932, 46.48364], [48.06876, 46.48324], [48.06818, 46.48299], [48.06707, 46.48306], [48.06647, 46.48315], [48.06549, 46.48328], [48.06738, 46.49029], [48.06778, 46.49178], [48.07284, 46.50413], [48.072, 46.50425], [48.07196, 46.50457], [48.07249, 46.50532], [48.07335, 46.5104], [48.07145, 46.51058], [48.06808, 46.51091], [48.06373, 46.5113], [48.06126, 46.51172], [48.05983, 46.51184], [48.05354, 46.51247], [48.04675, 46.51311], [48.04558, 46.51323], [48.04377, 46.51341], [48.04354, 46.513], [48.04271, 46.51155], [48.04129, 46.50914], [48.04022, 46.50782], [48.03923, 46.50727], [48.03246, 46.50419], [48.03143, 46.50381], [48.03026, 46.50338], [48.02447, 46.5035], [48.02381, 46.50351], [48.02347, 46.50308], [48.02053, 46.49934], [48.01343, 46.49188], [48.00606, 46.48574], [47.99873, 46.48006], [47.99453, 46.47717], [47.99941, 46.47352], [47.99745, 46.4722], [47.9974, 46.4683], [47.99765, 46.46794], [47.99858, 46.46788], [48.0063, 46.46809], [48.01322, 46.46829], [48.02016, 46.46853], [48.02029, 46.46744], [48.0236, 46.4674], [48.0277, 46.46724], [48.02969, 46.46873], [48.03123, 46.46851], [48.03229, 46.46845], [48.03519, 46.46845], [48.04337, 46.46741], [48.05231, 46.45537], [48.05231, 46.45528], [48.05274, 46.4547], [48.05268, 46.45424], [48.05258, 46.45414], [48.05188, 46.45402], [48.05136, 46.4539], [48.05122, 46.45384], [48.05116, 46.45364], [48.05116, 46.45334], [48.05133, 46.45263], [48.05134, 46.4524], [48.05123, 46.452], [48.05127, 46.45182], [48.05153, 46.45168], [48.05172, 46.45158], [48.05184, 46.45136], [48.05173, 46.45114], [48.05152, 46.45103], [48.05106, 46.45086], [48.051, 46.45073], [48.05106, 46.45027], [48.05119, 46.45006], [48.05249, 46.44939], [48.05326, 46.44889], [48.05395, 46.44828], [48.05438, 46.44766], [48.05467, 46.44697], [48.05492, 46.44624], [48.05526, 46.44563], [48.05571, 46.44502], [48.05644, 46.44418], [48.05666, 46.44376], [48.0567, 46.44332], [48.0566, 46.44283], [48.05636, 46.44211], [48.0563, 46.44158], [48.05634, 46.44117], [48.05665, 46.44067], [48.05687, 46.44038], [48.05696, 46.44018], [48.05692, 46.43998], [48.05674, 46.43973], [48.05552, 46.43879], [48.05572, 46.43833], [48.05629, 46.43773], [48.05719, 46.4365], [48.0575, 46.43578], [48.0576, 46.43518], [48.05757, 46.43451], [48.05744, 46.43378], [48.0574, 46.43351], [48.05717, 46.43248], [48.05705, 46.43157], [48.05706, 46.43079], [48.05701, 46.42859], [48.05725, 46.42761], [48.05795, 46.42616], [48.0585, 46.42553], [48.05974, 46.4244], [48.0612, 46.42319], [48.0629, 46.42102], [48.06321, 46.42065], [48.06353, 46.41939], [48.06354, 46.41885], [48.06347, 46.41823], [48.06363, 46.41777], [48.06367, 46.41669], [48.06369, 46.41621], [48.06364, 46.41558], [48.06372, 46.41518], [48.06382, 46.41465], [48.06387, 46.41392], [48.0635, 46.41341], [48.06342, 46.41193], [48.06428, 46.41069], [48.0653, 46.40952], [48.06893, 46.40598], [48.06869, 46.40465], [48.06836, 46.40265], [48.06771, 46.39875], [48.06758, 46.39816], [48.06715, 46.39641], [48.06691, 46.39567], [48.06648, 46.3947], [48.06636, 46.39441], [48.06578, 46.3913], [48.06549, 46.38947], [48.06113, 46.38976], [48.05257, 46.38913], [48.04906, 46.38911], [48.04414, 46.38981], [48.03723, 46.39259], [48.03199, 46.39554], [48.02577, 46.40075], [48.01949, 46.40599], [48.01344, 46.41084], [48.00677, 46.41588], [48.00468, 46.41736], [47.99693, 46.42184], [47.98928, 46.42799], [47.98338, 46.43503], [47.98, 46.44414], [47.97801, 46.45841], [47.97856, 46.4648], [47.97918, 46.4686], [47.97934, 46.46965], [47.97507, 46.46979], [47.9748, 46.4698], [47.96921, 46.46968], [47.96592, 46.46948], [47.96528, 46.4694], [47.96487, 46.46932], [47.96339, 46.46917], [47.96301, 46.46911], [47.9623, 46.46899], [47.96166, 46.46901], [47.96118, 46.46897], [47.96093, 46.47028], [47.96075, 46.47062], [47.96055, 46.47084], [47.9605, 46.47085], [47.96038, 46.47065], [47.96036, 46.4706], [47.96017, 46.47046], [47.95937, 46.46984], [47.95823, 46.46894], [47.95828, 46.4689], [47.95625, 46.46724], [47.95588, 46.4669], [47.95403, 46.46539], [47.9521, 46.46375], [47.95085, 46.46273], [47.94959, 46.46172], [47.94903, 46.46125], [47.94795, 46.46035], [47.94694, 46.45948], [47.94648, 46.459], [47.94558, 46.45797], [47.94524, 46.45746], [47.94466, 46.45642], [47.94439, 46.45572], [47.94433, 46.45557], [47.94423, 46.45488], [47.94404, 46.45391], [47.94405, 46.45386], [47.94449, 46.45371], [47.94509, 46.44704], [47.94538, 46.44425], [47.94592, 46.44003], [47.94858, 46.42902], [47.95356, 46.42221], [47.95593, 46.4194], [47.95689, 46.4176], [47.95862, 46.41166], [47.96009, 46.41167], [47.96291, 46.40347], [47.96466, 46.39957], [47.97507, 46.40041], [47.97928, 46.40124], [47.97907, 46.4028], [47.98032, 46.40347], [47.98087, 46.40358], [47.98513, 46.40401], [47.98959, 46.40466], [47.9891, 46.40529], [47.98864, 46.40518], [47.98666, 46.40484], [47.98671, 46.40541], [47.98555, 46.40764], [47.98633, 46.40797], [47.98701, 46.40825], [47.98772, 46.40855], [47.98807, 46.40819], [47.98862, 46.4084], [47.98824, 46.40876], [47.98847, 46.40887], [47.98851, 46.4087], [47.98872, 46.40849], [47.98874, 46.40845], [47.98976, 46.40725], [47.99247, 46.40435], [47.99467, 46.40174], [47.99792, 46.39803], [47.99829, 46.39744], [47.99877, 46.39667], [47.99894, 46.3962], [47.99912, 46.39572], [48.00254, 46.39623], [48.00247, 46.39647], [48.00245, 46.39652], [48.00242, 46.39662], [48.00268, 46.39667], [48.00266, 46.39698], [48.00319, 46.39701], [48.00319, 46.39705], [48.00338, 46.39722], [48.00348, 46.3976], [48.00765, 46.39798], [48.00777, 46.39732], [48.00791, 46.39672], [48.00923, 46.39464], [48.00523, 46.39365], [48.00284, 46.39371], [48.00459, 46.39242], [48.00479, 46.39117], [48.00499, 46.39067], [48.00559, 46.38926], [48.01302, 46.39286], [48.01499, 46.39368], [48.01671, 46.39444], [48.01716, 46.39402], [48.01737, 46.39243], [48.01737, 46.39087], [48.01689, 46.3892], [48.01798, 46.38914], [48.01917, 46.3888], [48.02008, 46.38818], [48.02058, 46.38743], [48.0207, 46.38658], [48.0202, 46.38521], [48.01907, 46.38513], [48.01855, 46.38438], [48.01767, 46.38321], [48.01664, 46.38191], [48.01575, 46.38054], [48.01381, 46.37819], [48.01265, 46.37666], [48.01192, 46.37565], [48.01137, 46.37571], [48.01046, 46.3758], [48.00936, 46.37596], [48.00836, 46.37588], [48.00695, 46.37569], [48.00408, 46.37533], [48.00268, 46.37517], [47.99957, 46.37331], [47.99698, 46.37356], [47.99604, 46.37381], [47.99199, 46.37448], [47.98802, 46.37431], [47.98697, 46.37381], [47.98649, 46.37359], [47.98473, 46.37226], [47.98413, 46.37185], [47.98112, 46.37081], [47.97708, 46.37092], [47.967, 46.36848], [47.96219, 46.36737], [47.96018, 46.36681], [47.96043, 46.36581], [47.96259, 46.36648], [47.96313, 46.36619], [47.96316, 46.36614], [47.96313, 46.36433], [47.96322, 46.36429], [47.96454, 46.36383], [47.96598, 46.36067], [47.96723, 46.35918], [47.96759, 46.35874], [47.96944, 46.35836], [47.97017, 46.35823], [47.97117, 46.35767], [47.97207, 46.35659], [47.96721, 46.35099], [47.96345, 46.34663], [47.96296, 46.34608], [47.9623, 46.34542], [47.96173, 46.34495], [47.96126, 46.34462], [47.96123, 46.34399], [47.96107, 46.34393], [47.96111, 46.34384], [47.96095, 46.34379], [47.96099, 46.34368], [47.96126, 46.34341], [47.96107, 46.34342], [47.96128, 46.34227], [47.96139, 46.34193], [47.96137, 46.33949], [47.96403, 46.33988], [47.96401, 46.34078], [47.96497, 46.34082], [47.96498, 46.34052], [47.96596, 46.34059], [47.96655, 46.34053], [47.96735, 46.34054], [47.96772, 46.34031], [47.96946, 46.34013], [47.97076, 46.34015], [47.97436, 46.34017], [47.97605, 46.33934], [47.97658, 46.3368], [47.97502, 46.3363], [47.97488, 46.33566], [47.97406, 46.33479], [47.97381, 46.33445], [47.97373, 46.3338], [47.97389, 46.33277], [47.97544, 46.33268], [47.97538, 46.33264], [47.97533, 46.33259], [47.97347, 46.331], [47.97147, 46.32927], [47.96922, 46.32726], [47.96953, 46.32707], [47.96935, 46.32671], [47.96913, 46.32637], [47.96913, 46.32636], [47.96904, 46.32623], [47.96895, 46.32611], [47.9686, 46.32571], [47.96852, 46.32553], [47.96851, 46.32532], [47.96864, 46.32519], [47.96877, 46.32494], [47.96897, 46.32461], [47.96871, 46.32439], [47.9687, 46.32439], [47.96885, 46.32433], [47.96749, 46.32262], [47.96731, 46.32207], [47.96613, 46.32044], [47.96453, 46.31793], [47.96345, 46.3183], [47.96195, 46.31874], [47.96072, 46.31942], [47.96016, 46.31957], [47.95681, 46.31963], [47.95298, 46.31943], [47.95205, 46.31926], [47.95038, 46.31929], [47.95108, 46.31538], [47.95113, 46.31514], [47.95178, 46.31438], [47.9512, 46.31435], [47.95112, 46.30878], [47.95132, 46.30869], [47.95198, 46.30865], [47.95197, 46.30362], [47.94663, 46.30279], [47.9429, 46.30252], [47.94166, 46.30242], [47.93992, 46.3023], [47.93375, 46.30109], [47.9272, 46.30057], [47.92272, 46.29807], [47.92167, 46.29746], [47.92152, 46.29738], [47.92274, 46.29713], [47.92329, 46.29695], [47.92353, 46.29677], [47.92372, 46.29648], [47.92372, 46.29626], [47.92361, 46.29611], [47.9232, 46.29604], [47.92278, 46.29608], [47.92223, 46.29615], [47.92103, 46.29622], [47.91998, 46.29622], [47.91908, 46.29616], [47.91781, 46.296], [47.91743, 46.29587], [47.91718, 46.29573], [47.91655, 46.2953], [47.91598, 46.29504], [47.91405, 46.29439], [47.91235, 46.29394], [47.91119, 46.29367], [47.9097, 46.29327], [47.90902, 46.29314], [47.90679, 46.29263], [47.90541, 46.29238], [47.90446, 46.2918], [47.90229, 46.2908], [47.90108, 46.29012], [47.90029, 46.28952], [47.8994, 46.28869], [47.89961, 46.28822], [47.89997, 46.28806], [47.90054, 46.28793], [47.90142, 46.288], [47.90199, 46.28803], [47.90251, 46.28803], [47.90278, 46.28798], [47.90287, 46.28777], [47.90284, 46.28741], [47.90261, 46.2872], [47.89973, 46.28628], [47.89904, 46.28603], [47.89802, 46.28587], [47.8974, 46.28567], [47.89626, 46.2852], [47.89497, 46.2847], [47.89415, 46.28419], [47.89372, 46.28369], [47.89318, 46.28296], [47.89266, 46.28243], [47.89219, 46.28199], [47.89146, 46.28143], [47.89093, 46.28113], [47.89031, 46.28084], [47.88983, 46.28058], [47.88918, 46.28018], [47.88846, 46.27982], [47.88789, 46.27962], [47.88792, 46.27946], [47.88815, 46.27927], [47.88918, 46.27954], [47.89016, 46.2797], [47.89137, 46.27965], [47.89365, 46.27881], [47.89448, 46.27858], [47.89614, 46.27833], [47.89758, 46.27839], [47.89914, 46.2785], [47.89991, 46.27845], [47.90067, 46.27815], [47.90183, 46.27728], [47.90205, 46.27692], [47.90241, 46.27623], [47.9028, 46.27586], [47.90387, 46.27547], [47.90472, 46.2754], [47.90596, 46.27539], [47.90661, 46.27523], [47.90775, 46.27453], [47.90854, 46.27435], [47.90825, 46.27412], [47.90716, 46.27368], [47.90586, 46.27339], [47.90425, 46.27321], [47.90166, 46.27319], [47.90012, 46.2731], [47.89705, 46.27279], [47.89611, 46.27272], [47.89475, 46.27246], [47.89305, 46.27181], [47.89164, 46.27133], [47.89058, 46.27099], [47.88973, 46.27092], [47.88747, 46.27088], [47.88652, 46.27078], [47.88426, 46.27039], [47.88298, 46.2704], [47.88259, 46.27054], [47.88169, 46.27112], [47.88138, 46.27117], [47.8809, 46.27102], [47.88024, 46.27078], [47.87924, 46.27056], [47.8788, 46.27039], [47.87858, 46.27023], [47.87836, 46.26982], [47.87812, 46.26952], [47.87762, 46.26933], [47.87695, 46.26914], [47.87611, 46.26903], [47.87561, 46.26895], [47.87512, 46.26896], [47.87439, 46.26913], [47.87363, 46.26934], [47.87301, 46.26958], [47.87251, 46.2697], [47.87191, 46.26978], [47.87156, 46.26989], [47.87136, 46.27002], [47.87127, 46.26998], [47.87112, 46.26966], [47.87152, 46.26632], [47.87147, 46.26607], [47.87165, 46.26458], [47.87159, 46.26458], [47.87166, 46.26393], [47.87173, 46.26393], [47.87227, 46.25957], [47.87208, 46.25957], [47.87301, 46.25875], [47.87707, 46.25529], [47.87879, 46.25366], [47.87697, 46.25296], [47.87546, 46.2525], [47.87399, 46.25216], [47.8734, 46.25199], [47.87211, 46.25164], [47.86953, 46.25102], [47.86923, 46.25095], [47.86881, 46.25098], [47.86819, 46.25112], [47.86787, 46.25092], [47.86759, 46.25059], [47.86711, 46.25032], [47.86688, 46.25014], [47.86428, 46.24781], [47.8638, 46.24784], [47.86361, 46.24785], [47.86164, 46.24847], [47.86123, 46.24855], [47.8604, 46.24843], [47.85986, 46.24847], [47.8591, 46.24862], [47.85852, 46.24859], [47.85691, 46.24841], [47.85592, 46.24842], [47.85534, 46.24849], [47.85491, 46.24873], [47.85455, 46.24929], [47.8542, 46.24955], [47.85376, 46.24964], [47.85323, 46.24962], [47.8526, 46.24957], [47.85207, 46.24953], [47.85064, 46.24953], [47.8501, 46.24941], [47.84984, 46.2491], [47.84948, 46.2485], [47.84905, 46.24824], [47.84796, 46.2478], [47.84767, 46.24773], [47.84647, 46.24794], [47.84537, 46.24808], [47.84455, 46.24831], [47.84334, 46.24871], [47.84113, 46.24869], [47.83913, 46.24864], [47.83428, 46.24875], [47.83372, 46.24857], [47.83301, 46.24851], [47.83188, 46.24818], [47.83047, 46.24829], [47.82847, 46.2486], [47.8258, 46.24911], [47.82516, 46.24929], [47.82249, 46.24907], [47.82082, 46.24923], [47.81955, 46.24946], [47.81696, 46.25008], [47.81506, 46.25057], [47.81438, 46.25113], [47.81381, 46.25137], [47.81294, 46.2515], [47.81236, 46.25159], [47.80598, 46.25177], [47.80336, 46.25167], [47.80163, 46.25142], [47.801, 46.25137], [47.80002, 46.25148], [47.79908, 46.25165], [47.79638, 46.25244], [47.7955, 46.2529], [47.79368, 46.25402], [47.79267, 46.25444], [47.79179, 46.25456], [47.78988, 46.25453], [47.78876, 46.25449], [47.78828, 46.25433], [47.788, 46.254], [47.78771, 46.25343], [47.78725, 46.25238], [47.78693, 46.25122], [47.78558, 46.25007], [47.78357, 46.24993], [47.77954, 46.24956], [47.7767, 46.24961], [47.77337, 46.24974], [47.76956, 46.24933], [47.76836, 46.24953], [47.7673, 46.25029], [47.76711, 46.25108], [47.76728, 46.25178], [47.76698, 46.25294], [47.76472, 46.25348], [47.76173, 46.25371], [47.75949, 46.2539], [47.75836, 46.25372], [47.75706, 46.25371], [47.75591, 46.25399], [47.75392, 46.25487], [47.75266, 46.25566], [47.75021, 46.25654], [47.74854, 46.25656], [47.74566, 46.25512], [47.74284, 46.25311], [47.7373, 46.25251], [47.73193, 46.25213], [47.7181, 46.25108], [47.71519, 46.25062], [47.71244, 46.25007], [47.71115, 46.24955], [47.7042, 46.24817], [47.70115, 46.24642], [47.70087, 46.24558], [47.70123, 46.24473], [47.70301, 46.24286], [47.70602, 46.24088], [47.70802, 46.24027], [47.70702, 46.23668], [47.70232, 46.22971], [47.69431, 46.21733], [47.69347, 46.21606], [47.69251, 46.21484], [47.69161, 46.21378], [47.69085, 46.21281], [47.68925, 46.21096], [47.68844, 46.21005], [47.68447, 46.21003], [47.6795, 46.20977], [47.67333, 46.20989], [47.66364, 46.21021], [47.65508, 46.21131], [47.64943, 46.21171], [47.64792, 46.21136], [47.64374, 46.20991], [47.63918, 46.20981], [47.6339, 46.21054], [47.63279, 46.21067], [47.63199, 46.21102], [47.62973, 46.21399], [47.62838, 46.21482], [47.62795, 46.21487], [47.62445, 46.21461], [47.62406, 46.21429], [47.60917, 46.21472], [47.598, 46.215], [47.59341, 46.21511], [47.58685, 46.21545], [47.57412, 46.21591], [47.57098, 46.21596], [47.57055, 46.21089], [47.57001, 46.20555], [47.56869, 46.19942], [47.56845, 46.19028], [47.56622, 46.18503], [47.56619, 46.18372], [47.58328, 46.18349], [47.58499, 46.18224], [47.58531, 46.1821], [47.58674, 46.18177], [47.5876, 46.18167], [47.5944, 46.18146], [47.59822, 46.18235], [47.60197, 46.18291], [47.60508, 46.1828], [47.60722, 46.18239], [47.60973, 46.18155], [47.61132, 46.18051], [47.61237, 46.17952], [47.61235, 46.17802], [47.6106, 46.1764], [47.60874, 46.17508], [47.60697, 46.17472], [47.60407, 46.17474], [47.60156, 46.17476], [47.59944, 46.1743], [47.59135, 46.16494], [47.57741, 46.16487], [47.57734, 46.1619], [47.57614, 46.16185], [47.5747, 46.16148], [47.57422, 46.16141], [47.57238, 46.16142], [47.57157, 46.16135], [47.57061, 46.16157], [47.57025, 46.16161], [47.5677, 46.16146], [47.56738, 46.16149], [47.56671, 46.16168], [47.56646, 46.16171], [47.56606, 46.16171], [47.56479, 46.16158], [47.56438, 46.1616], [47.56412, 46.16165], [47.56372, 46.16164], [47.56323, 46.16149], [47.56285, 46.16134], [47.56191, 46.16097], [47.56157, 46.16089], [47.56094, 46.16084], [47.56031, 46.16091], [47.56, 46.16088], [47.55963, 46.16074], [47.55874, 46.16033], [47.55805, 46.16009], [47.55756, 46.16013], [47.55179, 46.16136], [47.54744, 46.16187], [47.54554, 46.16216], [47.54326, 46.16237], [47.53928, 46.16232], [47.53832, 46.16239], [47.53478, 46.16295], [47.53293, 46.16294], [47.53097, 46.16295], [47.52901, 46.16287], [47.5282, 46.1627], [47.52772, 46.16244], [47.52734, 46.1619], [47.52837, 46.15785], [47.52978, 46.15281], [47.52025, 46.1523], [47.51386, 46.15188], [47.50524, 46.15144], [47.50353, 46.15154], [47.50164, 46.15157], [47.5014, 46.15105], [47.50129, 46.15065], [47.49862, 46.14992], [47.49671, 46.14962], [47.49233, 46.14886], [47.49003, 46.14874], [47.48237, 46.14907], [47.475, 46.14943], [47.46998, 46.1492], [47.46765, 46.1488], [47.46003, 46.14756], [47.45801, 46.14751], [47.44585, 46.14816], [47.44452, 46.14401], [47.44306, 46.14005], [47.4383, 46.14047], [47.43405, 46.14139], [47.43053, 46.14127], [47.42569, 46.14067], [47.41944, 46.14126], [47.41403, 46.14047], [47.41002, 46.14184], [47.40497, 46.14276], [47.4002, 46.14272], [47.39104, 46.14241], [47.37357, 46.14114], [47.37217, 46.13777], [47.36964, 46.13498], [47.36894, 46.13469], [47.36405, 46.13372], [47.35936, 46.13353], [47.34372, 46.1327], [47.32937, 46.13267], [47.33278, 46.12501], [47.33604, 46.11728], [47.33047, 46.11568], [47.32658, 46.11446], [47.32316, 46.11531], [47.31311, 46.11571], [47.31096, 46.1155], [47.30875, 46.11518], [47.29957, 46.11522], [47.29222, 46.11527], [47.28551, 46.11493], [47.28097, 46.11424], [47.27895, 46.11429], [47.27261, 46.11298], [47.27135, 46.11202], [47.27138, 46.11133], [47.27255, 46.11031], [47.27666, 46.10857], [47.27821, 46.10811], [47.27999, 46.10794], [47.28313, 46.1077], [47.29535, 46.10775], [47.31487, 46.1084], [47.31684, 46.10095], [47.31861, 46.09433], [47.31104, 46.09445], [47.2936, 46.09596], [47.29129, 46.09522], [47.28266, 46.09302], [47.28125, 46.09378], [47.27907, 46.09278], [47.27597, 46.09354], [47.27341, 46.09272], [47.2695, 46.09308], [47.26161, 46.09357], [47.25084, 46.09443], [47.24329, 46.09448], [47.23656, 46.09549], [47.23122, 46.08059], [47.23144, 46.07911], [47.23425, 46.07475], [47.24029, 46.07115], [47.24743, 46.06853], [47.25306, 46.06714], [47.25614, 46.06506], [47.2572, 46.06317], [47.25573, 46.05926], [47.25426, 46.05299], [47.25654, 46.05037], [47.2596, 46.04882], [47.26368, 46.04683], [47.26653, 46.04466], [47.26872, 46.04155], [47.27648, 46.03636], [47.28533, 46.03143], [47.29475, 46.02812], [47.30205, 46.02603], [47.30203, 46.026], [47.30205, 46.026], [47.29968, 46.02313], [47.29833, 46.02231], [47.29769, 46.02119], [47.29821, 46.02037], [47.30195, 46.02056], [47.31063, 46.01993], [47.31656, 46.01898], [47.32038, 46.01881], [47.32327, 46.01763], [47.32674, 46.01695], [47.32952, 46.0173], [47.33227, 46.01609], [47.33612, 46.00992], [47.34044, 46.00847], [47.34311, 46.00665], [47.35582, 46.00666], [47.34978, 46.01554], [47.3511, 46.01905], [47.35362, 46.02111], [47.36291, 46.02341], [47.36467, 46.02213], [47.36614, 46.01971], [47.36759, 46.01878], [47.37017, 46.01768], [47.37404, 46.01707], [47.37927, 46.01745], [47.38922, 46.01689], [47.3919, 46.01634], [47.39255, 46.01638], [47.39384, 46.01708], [47.39511, 46.01824], [47.39679, 46.01897], [47.39827, 46.01923], [47.39938, 46.01927], [47.4082, 46.01782], [47.42847, 46.01718], [47.45193, 46.01584], [47.47407, 46.01527], [47.48505, 46.0168], [47.49152, 46.01505], [47.49604, 46.01642], [47.49733, 46.01797], [47.49858, 46.01832], [47.50212, 46.0181], [47.50642, 46.01677], [47.50793, 46.01631], [47.51349, 46.01426], [47.5205, 46.01331], [47.5251, 46.01355], [47.53199, 46.0149], [47.5339, 46.01437], [47.53597, 46.01224], [47.536, 46.00911], [47.53481, 46.00657], [47.5349, 46.00282], [47.53197, 45.99964], [47.52985, 45.99572], [47.52898, 45.99412], [47.52507, 45.98012], [47.52426, 45.97521], [47.52743, 45.97345], [47.53319, 45.97235], [47.54056, 45.97386], [47.54837, 45.97499], [47.55797, 45.97153], [47.5616, 45.96887], [47.56318, 45.96551], [47.56348, 45.96487], [47.57669, 45.95699], [47.57914, 45.95609], [47.5873, 45.95652], [47.60371, 45.95617], [47.60777, 45.95497], [47.60793, 45.95492], [47.60886, 45.95417], [47.61014, 45.95147], [47.61348, 45.94821], [47.61437, 45.94622], [47.6139, 45.94445], [47.61242, 45.9441], [47.6095, 45.94504], [47.60704, 45.94449], [47.60614, 45.94346], [47.60733, 45.94313], [47.6098, 45.94297], [47.60999, 45.94205], [47.60626, 45.94178], [47.60616, 45.94177], [47.605, 45.94141], [47.60364, 45.94099], [47.60279, 45.94183], [47.60221, 45.94182], [47.60172, 45.94217], [47.60062, 45.94217], [47.59997, 45.9423], [47.59891, 45.94232], [47.59662, 45.94171], [47.58943, 45.94183], [47.58796, 45.94124], [47.58427, 45.94139], [47.58094, 45.94074], [47.57836, 45.93907], [47.57793, 45.9376], [47.57936, 45.93531], [47.58599, 45.93479], [47.59198, 45.93344], [47.59322, 45.93204], [47.59995, 45.92758], [47.60075, 45.92543], [47.60102, 45.92271], [47.60151, 45.92161], [47.60203, 45.92043], [47.6051, 45.91667], [47.60515, 45.91521], [47.60393, 45.91452], [47.60243, 45.91448], [47.60061, 45.91464], [47.59964, 45.91456], [47.59879, 45.91439], [47.59583, 45.9129], [47.59636, 45.91065], [47.59903, 45.90845], [47.59934, 45.90606], [47.59855, 45.90509], [47.59496, 45.90338], [47.59262, 45.90371], [47.58956, 45.90571], [47.58947, 45.90571], [47.58637, 45.90586], [47.58289, 45.90466], [47.58109, 45.90241], [47.58105, 45.90236], [47.5811, 45.89954], [47.58601, 45.89285], [47.5872, 45.89123], [47.5882, 45.88612], [47.58869, 45.88439], [47.58995, 45.87991], [47.59143, 45.8747], [47.59086, 45.87222], [47.58907, 45.8698], [47.58514, 45.86467], [47.58333, 45.86293], [47.5813, 45.86089], [47.57856, 45.8588], [47.57543, 45.85744], [47.57296, 45.85662], [47.56965, 45.85587], [47.56569, 45.85544], [47.56267, 45.85522], [47.55991, 45.85484], [47.5564, 45.8542], [47.55308, 45.85396], [47.5494, 45.85405], [47.5462, 45.85446], [47.54397, 45.85472], [47.54109, 45.85447], [47.54003, 45.8538], [47.53948, 45.85295], [47.53916, 45.85162], [47.53924, 45.8501], [47.53981, 45.84859], [47.54081, 45.84733], [47.54009, 45.84594], [47.54043, 45.84522], [47.54042, 45.84461], [47.54032, 45.84393], [47.54372, 45.84338], [47.54364, 45.84239], [47.55352, 45.84126], [47.55169, 45.8308], [47.54244, 45.8269], [47.53353, 45.82211], [47.52898, 45.81815], [47.52704, 45.81631], [47.53, 45.81581], [47.53163, 45.81562], [47.54627, 45.81371], [47.54732, 45.81223], [47.54894, 45.81204], [47.55345, 45.81299], [47.5546, 45.81289], [47.5612, 45.81147], [47.56805, 45.81078], [47.57439, 45.81068], [47.58697, 45.80861], [47.59565, 45.807], [47.60292, 45.80634], [47.6038, 45.80108], [47.60262, 45.80024], [47.60008, 45.79711], [47.59834, 45.79174], [47.59826, 45.78964], [47.59936, 45.78572], [47.59884, 45.78427], [47.59956, 45.78329], [47.60062, 45.78271], [47.60092, 45.7821], [47.60122, 45.78087], [47.60224, 45.77895], [47.60203, 45.77789], [47.60154, 45.77724], [47.60043, 45.77687], [47.5985, 45.77697], [47.59796, 45.77681], [47.59766, 45.77619], [47.59984, 45.77144], [47.59995, 45.76907], [47.60022, 45.76725], [47.60092, 45.76476], [47.60786, 45.75729], [47.61017, 45.74998], [47.61179, 45.7465], [47.61452, 45.74207], [47.61857, 45.73858], [47.62, 45.73734], [47.62002, 45.73728], [47.62367, 45.73359], [47.63006, 45.72912], [47.63392, 45.72626], [47.63658, 45.72499], [47.63884, 45.72363], [47.63857, 45.71761], [47.63626, 45.70834], [47.63644, 45.70553], [47.63766, 45.70156], [47.63821, 45.69655], [47.63878, 45.69291], [47.63983, 45.68888], [47.64041, 45.68751], [47.6416, 45.6864], [47.64575, 45.68452], [47.64784, 45.68374], [47.65305, 45.68278], [47.65933, 45.6809], [47.66872, 45.67595], [47.67409, 45.67183], [47.67852, 45.66834], [47.68114, 45.66577], [47.68565, 45.66224], [47.6864, 45.66109], [47.68657, 45.65895], [47.68633, 45.65495], [47.68352, 45.64974], [47.68214, 45.64729], [47.67909, 45.64364], [47.67902, 45.64076], [47.67847, 45.63689], [47.67906, 45.63506], [47.67835, 45.63286], [47.67664, 45.63108], [47.67453, 45.62922], [47.6793, 45.62056], [47.68136, 45.61828], [47.68402, 45.61591], [47.6854, 45.614], [47.692, 45.60689], [47.69619, 45.60218], [47.70079, 45.59396], [47.70784, 45.58253], [47.71067, 45.57157], [47.71224, 45.56498], [47.71383, 45.55827], [47.71388, 45.55805], [47.71389, 45.55802], [47.71394, 45.55779], [47.71492, 45.55411], [47.71621, 45.55132], [47.71697, 45.54569], [47.71841, 45.53751], [47.71845, 45.53728], [47.71949, 45.53139], [47.71959, 45.53085], [47.72318, 45.5105], [47.72374, 45.50733], [47.72375, 45.50729], [47.72624, 45.49317], [47.7539, 45.4238], [47.75905, 45.40374], [47.6952, 45.402], [47.62599, 45.40341], [47.58453, 45.40428], [47.56452, 45.40464], [47.5514, 45.40475], [47.55475, 45.41588], [47.55498, 45.41665], [47.55523, 45.41857], [47.55541, 45.42002], [47.55542, 45.4211], [47.55543, 45.42444], [47.55641, 45.42811], [47.55919, 45.43365], [47.56137, 45.43728], [47.56212, 45.43788], [47.56369, 45.43984], [47.56459, 45.44123], [47.56542, 45.44332], [47.56631, 45.44612], [47.56688, 45.44927], [47.567, 45.45189], [47.56655, 45.45473], [47.56602, 45.45732], [47.56565, 45.45833], [47.56524, 45.45925], [47.56501, 45.46885], [47.56473, 45.47819], [47.56394, 45.49545], [47.56197, 45.49557], [47.56115, 45.49568], [47.55945, 45.49813], [47.5474, 45.50461], [47.53494, 45.51117], [47.5339, 45.51198], [47.53647, 45.50772], [47.53826, 45.5065]], [[47.4608, 45.64264], [47.46628, 45.63902], [47.47, 45.63484], [47.47166, 45.62988], [47.47248, 45.61324], [47.47558, 45.59716], [47.47589, 45.59184], [47.47879, 45.58151], [47.48054, 45.57773], [47.48592, 45.57133], [47.49643, 45.56525], [47.50017, 45.55768], [47.50446, 45.55226], [47.50438, 45.55258], [47.50416, 45.55683], [47.50346, 45.55944], [47.50289, 45.56168], [47.50225, 45.56371], [47.50011, 45.57124], [47.5016, 45.57696], [47.50244, 45.57962], [47.50341, 45.59494], [47.49905, 45.6009], [47.49365, 45.60596], [47.49157, 45.60943], [47.49804, 45.61839], [47.50538, 45.61887], [47.51347, 45.61832], [47.51772, 45.61785], [47.52058, 45.61729], [47.52209, 45.6164], [47.52466, 45.61563], [47.5266, 45.61537], [47.53023, 45.61532], [47.53162, 45.61541], [47.53298, 45.61565], [47.5342, 45.61602], [47.53631, 45.61698], [47.54433, 45.62115], [47.5523, 45.62681], [47.56126, 45.62694], [47.56449, 45.62763], [47.56394, 45.62957], [47.56062, 45.63029], [47.55681, 45.63415], [47.55612, 45.63613], [47.55612, 45.63951], [47.55479, 45.64202], [47.54763, 45.64625], [47.53989, 45.64698], [47.53397, 45.64857], [47.52843, 45.65352], [47.52348, 45.65791], [47.51964, 45.65926], [47.50258, 45.65183], [47.49828, 45.64953], [47.48913, 45.64532], [47.47962, 45.64592], [47.46503, 45.651], [47.45536, 45.6492], [47.44902, 45.64932], [47.44741, 45.64942], [47.43931, 45.65227], [47.43648, 45.65238], [47.43328, 45.6527], [47.42852, 45.65318], [47.4608, 45.64264]], [[47.29606, 45.64626], [47.30195, 45.64714], [47.30629, 45.64925], [47.31094, 45.6523], [47.31528, 45.65602], [47.32854, 45.67114], [47.32705, 45.67163], [47.3126, 45.67454], [47.30348, 45.67635], [47.29599, 45.67678], [47.29463, 45.67321], [47.29328, 45.66943], [47.29273, 45.66449], [47.293, 45.66257], [47.29351, 45.6602], [47.29027, 45.65528], [47.2841, 45.64734], [47.2711, 45.64874], [47.26558, 45.64712], [47.29606, 45.64626]], [[46.88895, 45.57828], [46.92223, 45.57766], [47.1233, 45.61076], [47.10643, 45.61159], [47.09505, 45.61226], [47.08818, 45.61227], [47.08462, 45.61208], [47.08042, 45.612], [47.07671, 45.61215], [47.06034, 45.61301], [47.03757, 45.61424], [47.00194, 45.61668], [46.99274, 45.61729], [46.969, 45.61887], [46.96078, 45.60986], [46.94879, 45.59644], [46.92675, 45.59141], [46.90949, 45.58734], [46.90936, 45.58731], [46.89027, 45.58275], [46.88895, 45.57828]], [[46.93976, 45.71915], [46.9614, 45.72035], [46.96225, 45.72039], [46.97745, 45.75906], [46.98459, 45.78086], [46.96264, 45.77533], [46.93976, 45.71915]], [[46.912, 46.97961], [46.92482, 46.97398], [46.93401, 46.96266], [46.97482, 46.88736], [46.9734, 46.892], [46.96218, 46.97422], [46.89969, 46.98715], [46.84255, 46.99065], [46.912, 46.97961]], [[46.95138, 46.51357], [46.9582, 46.45598], [46.95795, 46.44629], [46.96467, 46.44547], [46.96268, 46.45646], [46.96167, 46.462], [46.96005, 46.47092], [46.95843, 46.47985], [46.95681, 46.48877], [46.95519, 46.49769], [46.95357, 46.50661], [46.95195, 46.51553], [46.95033, 46.52445], [46.94595, 46.52919], [46.95138, 46.51357]], [[46.80586, 47.57818], [46.78818, 47.55663], [46.52649, 47.43475], [46.51874, 47.42956], [46.51471, 47.42558], [46.51285, 47.4216], [46.51182, 47.41788], [46.5112, 47.41287], [46.5113, 47.40644], [46.51316, 47.39866], [46.51564, 47.39261], [46.52577, 47.37788], [46.5513, 47.32939], [46.57094, 47.30357], [46.60298, 47.27086], [46.65713, 47.19311], [46.67398, 47.16226], [46.72576, 47.08945], [46.74033, 47.07248], [46.74467, 47.0687], [46.74839, 47.06452], [46.77537, 47.04232], [46.77898, 47.03876], [46.78229, 47.03434], [46.7855, 47.02736], [46.8009, 47.00364], [46.8131, 46.99858], [46.7783, 47.05443], [46.73923, 47.07386], [46.73292, 47.08589], [46.73279, 47.08657], [46.73074, 47.08956], [46.7267, 47.09582], [46.72072, 47.10533], [46.71582, 47.11348], [46.71101, 47.12151], [46.70974, 47.12367], [46.69465, 47.14744], [46.67645, 47.17702], [46.6593, 47.2043], [46.64477, 47.2276], [46.64165, 47.23253], [46.63553, 47.24249], [46.63001, 47.25149], [46.62431, 47.26078], [46.62323, 47.26251], [46.62058, 47.26679], [46.6097, 47.28453], [46.60135, 47.29841], [46.56903, 47.35038], [46.54968, 47.38137], [46.54262, 47.39271], [46.53626, 47.40341], [46.53682, 47.40376], [46.53988, 47.40557], [46.5537, 47.41375], [46.5684, 47.42238], [46.59423, 47.43761], [46.60872, 47.44629], [46.61981, 47.45292], [46.62816, 47.45768], [46.64019, 47.46496], [46.64877, 47.46989], [46.66876, 47.48164], [46.66931, 47.48198], [46.6837, 47.48797], [46.70242, 47.49543], [46.71795, 47.50156], [46.7308, 47.50618], [46.74504, 47.51188], [46.75507, 47.5155], [46.76635, 47.51928], [46.78723, 47.52639], [46.79383, 47.5279], [46.80183, 47.53021], [46.81004, 47.53229], [46.82485, 47.5355], [46.83372, 47.53746], [46.84223, 47.5392], [46.85085, 47.54247], [46.85921, 47.54475], [46.87321, 47.54734], [46.87314, 47.5489], [46.82314, 47.5721], [46.79718, 47.58444], [46.77742, 47.59463], [46.7691, 47.60181], [46.7611, 47.60757], [46.75387, 47.60769], [46.75312, 47.60725], [46.75228, 47.60748], [46.75113, 47.60639], [46.74856, 47.60644], [46.74673, 47.60704], [46.74587, 47.60707], [46.80586, 47.57818]], [[46.61527, 46.40601], [46.59863, 46.39562], [46.55368, 46.35703], [46.56086, 46.35427], [46.59056, 46.37944], [46.60194, 46.38921], [46.62244, 46.4066], [46.62727, 46.41068], [46.63003, 46.41302], [46.61527, 46.40601]], [[46.50014, 46.28028], [46.50057, 46.27961], [46.50124, 46.28095], [46.49805, 46.28187], [46.50014, 46.28028]], [[45.87296, 47.71836], [45.85468, 47.7194], [45.84126, 47.72017], [45.84088, 47.72071], [45.7994, 47.78872], [45.79532, 47.7955], [45.81532, 47.76055], [45.81987, 47.74794], [45.82886, 47.7282], [45.83506, 47.7222], [45.84333, 47.71926], [45.89191, 47.71487], [45.90134, 47.71197], [45.89987, 47.71695], [45.87296, 47.71836]], [[45.78396, 47.81441], [45.7684, 47.81989], [45.78204, 47.81119], [45.78917, 47.80432], [45.79357, 47.79842], [45.78396, 47.81441]], [[45.74101, 48.00012], [45.71269, 47.95046], [45.71001, 47.94467], [45.70815, 47.93852], [45.70701, 47.93201], [45.70701, 47.90839], [45.70939, 47.89713], [45.71269, 47.88633], [45.73409, 47.84349], [45.73745, 47.84008], [45.72172, 47.90118], [45.71814, 47.91497], [45.71676, 47.91888], [45.71387, 47.93122], [45.72069, 47.94248], [45.75225, 47.99344], [45.75663, 48.00133], [45.74927, 48.00546], [45.73411, 48.01348], [45.73884, 48.0073], [45.7406, 48.00343], [45.74101, 48.0012], [45.74101, 48.00012]], [[45.62653, 48.01702], [45.61076, 48.01423], [45.5947, 48.01171], [45.57194, 48.00242], [45.55461, 47.99547], [45.55611, 47.99516], [45.56448, 47.99524], [45.63762, 48.01937], [45.62653, 48.01702]], [[44.96256, 48.20869], [45.09619, 48.13784], [45.10984, 48.12735], [45.1149, 48.12404], [45.11883, 48.12053], [45.12916, 48.11391], [45.13692, 48.11184], [45.30062, 48.09768], [45.38093, 48.09696], [45.38559, 48.09594], [45.37941, 48.09975], [45.33713, 48.10181], [45.32116, 48.10259], [45.26605, 48.10547], [45.25474, 48.13031], [45.2385, 48.16488], [45.22078, 48.16912], [45.20048, 48.17357], [45.18338, 48.17767], [45.16701, 48.18194], [45.14567, 48.18771], [45.16763, 48.22202], [45.08507, 48.24201], [45.05553, 48.24915], [44.96098, 48.27086], [44.96083, 48.2707], [44.95626, 48.26596], [44.91454, 48.22591], [44.91531, 48.22432], [44.90975, 48.21939], [44.92078, 48.20849], [44.93256, 48.19795], [44.93729, 48.19485], [44.94623, 48.2044], [44.9546, 48.20848], [44.96256, 48.20869]], [[44.94427, 48.14931], [44.94592, 48.15463], [44.94561, 48.16021], [44.94065, 48.1698], [44.93403, 48.17902], [44.93341, 48.18533], [44.9351, 48.19202], [44.93207, 48.18855], [44.93052, 48.18756], [44.92447, 48.18124], [44.92039, 48.17705], [44.91957, 48.1758], [44.91887, 48.17505], [44.91771, 48.17438], [44.91629, 48.17254], [44.91437, 48.17137], [44.91462, 48.17], [44.91565, 48.1642], [44.91832, 48.15293], [44.91864, 48.15161], [44.92321, 48.13238], [44.92361, 48.12934], [44.92366, 48.12892], [44.93321, 48.13546], [44.94147, 48.14419], [44.94427, 48.14931]], [[44.71698, 48.07321], [44.76598, 48.05882], [44.77602, 48.05884], [44.71698, 48.07321]], [[44.54297, 48.14142], [44.54395, 48.16322], [44.54402, 48.17155], [44.54416, 48.18807], [44.54088, 48.18781], [44.54109, 48.18523], [44.54005, 48.16006], [44.54297, 48.14142]], [[44.41021, 48.23176], [44.39333, 48.23288], [44.39339, 48.23284], [44.40114, 48.23116], [44.41021, 48.23176]], [[44.38175, 48.24228], [44.38112, 48.25045], [44.3745, 48.24904], [44.37421, 48.24898], [44.37582, 48.24796], [44.38016, 48.24414], [44.38175, 48.24228]]]}, "properties": {"name": "Кочевья Калмыцкого ханства", "source": "Natural Earth admin-1 «Kalmyk» и районы OpenStreetMap (ODbL), выгрузка 22.09.2026: Астраханская - ЗАТО Знаменск (1649271), Ахтубинский район (1850408), Енотаевский муниципальный округ (1853856), Лиманский муниципальный округ (1853857), Наримановский район (1853860), Харабалинский район (1853861), Черноярский муниципальный округ (1853863), Красноярский муниципальный округ (1863174); Волгоградская (Заволжье и степь южнее Царицынской линии) - Старополтавский район (1086557), Палласовский район (1086559), Ленинский район (1099978), Светлоярский район (1099980), Николаевский район (1107967), Быковский район (1107968), городской округ Волжский (1108299), Среднеахтубинский район (1108343)", "basis": "кочевья Волго-Уральского междуречья и правобережья Волги (розыск MAP-MATERIALS/peresmotr_resheniy_2026-09-18/rozysk/b_kalmyki_1700-1771_2026-09-22.md, таблица 2); не взяты: Астрахань и дельта (Приволжский, Икрянинский, Камызякский, Володарский районы) - русский губернский город и приречная полоса; Царицын и Царицынская линия; Саратовская, Самарская области и Кума - не сверены", "area_km2": 143411}}]}