{"type": "FeatureCollection", "features": [{"type": "Feature", "geometry": {"type": "MultiPolygon", "coordinates": [[[[23.464, 58.865], [23.463, 58.865], [23.463, 58.866], [23.455, 58.883], [23.425, 58.907], [23.424, 58.907], [23.424, 58.908], [23.423, 58.908], [23.423, 58.909], [23.423, 58.91], [23.422, 58.91], [23.422, 58.911], [23.422, 58.912], [23.422, 58.926], [23.422, 58.927], [23.423, 58.928], [23.423, 58.929], [23.424, 58.93], [23.425, 58.931], [23.442, 58.943], [23.443, 58.943], [23.444, 58.944], [23.445, 58.944], [23.446, 58.944], [23.51, 58.942], [23.53, 58.956], [23.531, 58.956], [23.532, 58.956], [23.533, 58.957], [23.534, 58.957], [23.584, 58.954], [23.585, 58.954], [23.628, 58.979], [23.622, 59.015], [23.621, 59.015], [23.606, 59.033], [23.605, 59.033], [23.56, 59.053], [23.604, 59.02], [23.604, 59.019], [23.605, 59.018], [23.605, 59.017], [23.606, 59.017], [23.606, 59.016], [23.606, 59.015], [23.606, 59.014], [23.606, 59.013], [23.605, 59.012], [23.605, 59.011], [23.604, 59.011], [23.604, 59.01], [23.603, 59.01], [23.603, 59.009], [23.602, 59.009], [23.601, 59.009], [23.58, 59.005], [23.56, 58.991], [23.554, 58.975], [23.554, 58.974], [23.553, 58.973], [23.553, 58.972], [23.552, 58.972], [23.552, 58.971], [23.551, 58.971], [23.55, 58.971], [23.549, 58.97], [23.546, 58.97], [23.545, 58.97], [23.544, 58.97], [23.543, 58.97], [23.543, 58.971], [23.542, 58.971], [23.541, 58.971], [23.526, 58.984], [23.463, 58.992], [23.462, 58.992], [23.461, 58.993], [23.46, 58.993], [23.426, 59.014], [23.408, 59.026], [23.429, 59.026], [23.436, 59.026], [23.43, 59.041], [23.43, 59.042], [23.43, 59.043], [23.43, 59.044], [23.43, 59.045], [23.43, 59.046], [23.434, 59.054], [23.434, 59.055], [23.435, 59.055], [23.435, 59.056], [23.436, 59.056], [23.436, 59.057], [23.437, 59.057], [23.488, 59.087], [23.489, 59.087], [23.49, 59.087], [23.491, 59.087], [23.492, 59.087], [23.493, 59.087], [23.494, 59.087], [23.518, 59.073], [23.519, 59.125], [23.487, 59.174], [23.486, 59.174], [23.486, 59.175], [23.473, 59.206], [23.473, 59.207], [23.473, 59.208], [23.473, 59.209], [23.473, 59.21], [23.473, 59.211], [23.474, 59.211], [23.474, 59.212], [23.475, 59.213], [23.476, 59.214], [23.477, 59.214], [23.524, 59.23], [23.525, 59.23], [23.526, 59.23], [23.527, 59.23], [23.578, 59.226], [23.579, 59.226], [23.641, 59.257], [23.642, 59.257], [23.643, 59.257], [23.661, 59.258], [23.662, 59.258], [23.663, 59.258], [23.664, 59.258], [23.73, 59.23], [23.731, 59.231], [23.742, 59.239], [23.742, 59.24], [23.743, 59.25], [23.729, 59.261], [23.728, 59.262], [23.727, 59.263], [23.727, 59.264], [23.726, 59.265], [23.726, 59.266], [23.726, 59.267], [23.727, 59.267], [23.727, 59.268], [23.727, 59.269], [23.728, 59.269], [23.728, 59.27], [23.734, 59.276], [23.734, 59.277], [23.735, 59.277], [23.735, 59.278], [23.736, 59.278], [23.737, 59.278], [23.756, 59.283], [23.757, 59.284], [23.758, 59.284], [23.889, 59.279], [24.037, 59.293], [24.038, 59.293], [24.039, 59.293], [24.04, 59.293], [24.04, 59.292], [24.08, 59.271], [24.081, 59.271], [24.1, 59.294], [24.1, 59.295], [24.092, 59.312], [24.092, 59.313], [24.024, 59.364], [24.023, 59.365], [24.022, 59.366], [24.022, 59.367], [24.022, 59.368], [24.022, 59.369], [24.022, 59.37], [24.022, 59.371], [24.023, 59.372], [24.033, 59.387], [24.034, 59.387], [24.034, 59.388], [24.035, 59.388], [24.036, 59.389], [24.037, 59.389], [24.079, 59.395], [24.08, 59.395], [24.081, 59.395], [24.082, 59.395], [24.165, 59.354], [24.194, 59.348], [24.222, 59.355], [24.213, 59.372], [24.178, 59.393], [24.163, 59.402], [24.181, 59.404], [24.306, 59.419], [24.332, 59.468], [24.333, 59.468], [24.333, 59.469], [24.334, 59.47], [24.335, 59.47], [24.336, 59.471], [24.337, 59.471], [24.421, 59.477], [24.422, 59.477], [24.423, 59.477], [24.424, 59.477], [24.498, 59.444], [24.546, 59.462], [24.547, 59.462], [24.547, 59.463], [24.548, 59.463], [24.549, 59.463], [24.55, 59.463], [24.55, 59.462], [24.642, 59.436], [24.643, 59.436], [24.66, 59.441], [24.657, 59.45], [24.656, 59.45], [24.631, 59.459], [24.622, 59.463], [24.622, 59.471], [24.633, 59.471], [24.658, 59.472], [24.659, 59.472], [24.673, 59.493], [24.673, 59.494], [24.674, 59.494], [24.675, 59.495], [24.676, 59.495], [24.677, 59.495], [24.678, 59.495], [24.679, 59.495], [24.696, 59.491], [24.697, 59.491], [24.698, 59.491], [24.698, 59.49], [24.699, 59.49], [24.744, 59.447], [24.745, 59.447], [24.772, 59.45], [24.773, 59.45], [24.79, 59.459], [24.816, 59.489], [24.807, 59.505], [24.785, 59.519], [24.784, 59.519], [24.784, 59.52], [24.783, 59.521], [24.783, 59.522], [24.774, 59.555], [24.774, 59.556], [24.774, 59.557], [24.774, 59.558], [24.774, 59.559], [24.775, 59.559], [24.775, 59.56], [24.776, 59.561], [24.777, 59.561], [24.777, 59.562], [24.778, 59.562], [24.801, 59.57], [24.802, 59.57], [24.803, 59.57], [24.804, 59.57], [24.805, 59.57], [24.805, 59.569], [24.806, 59.569], [24.909, 59.512], [24.934, 59.508], [24.935, 59.508], [25.011, 59.518], [25.012, 59.518], [25.013, 59.518], [25.098, 59.498], [25.116, 59.503], [25.109, 59.525], [25.109, 59.526], [25.109, 59.527], [25.109, 59.528], [25.109, 59.529], [25.11, 59.529], [25.11, 59.53], [25.111, 59.531], [25.111, 59.532], [25.12, 59.538], [25.121, 59.539], [25.122, 59.539], [25.123, 59.539], [25.124, 59.539], [25.145, 59.539], [25.146, 59.539], [25.194, 59.523], [25.409, 59.491], [25.403, 59.511], [25.403, 59.512], [25.403, 59.513], [25.403, 59.514], [25.404, 59.515], [25.404, 59.516], [25.405, 59.516], [25.405, 59.517], [25.414, 59.526], [25.415, 59.526], [25.416, 59.527], [25.417, 59.527], [25.418, 59.527], [25.544, 59.535], [25.536, 59.549], [25.499, 59.57], [25.498, 59.57], [25.498, 59.571], [25.497, 59.571], [25.497, 59.572], [25.496, 59.573], [25.482, 59.61], [25.482, 59.611], [25.482, 59.612], [25.479, 59.65], [25.479, 59.651], [25.479, 59.652], [25.479, 59.653], [25.483, 59.664], [25.483, 59.665], [25.484, 59.665], [25.484, 59.666], [25.485, 59.667], [25.486, 59.667], [25.487, 59.668], [25.488, 59.668], [25.489, 59.668], [25.49, 59.668], [25.49, 59.667], [25.491, 59.667], [25.501, 59.663], [25.502, 59.662], [25.503, 59.662], [25.503, 59.661], [25.535, 59.629], [25.574, 59.617], [25.575, 59.617], [25.576, 59.616], [25.622, 59.581], [25.622, 59.58], [25.677, 59.566], [25.706, 59.569], [25.718, 59.587], [25.719, 59.588], [25.718, 59.588], [25.687, 59.626], [25.686, 59.627], [25.686, 59.628], [25.686, 59.629], [25.685, 59.629], [25.685, 59.63], [25.685, 59.631], [25.686, 59.631], [25.686, 59.632], [25.691, 59.649], [25.683, 59.652], [25.671, 59.656], [25.682, 59.662], [25.693, 59.67], [25.694, 59.67], [25.695, 59.671], [25.696, 59.671], [25.697, 59.671], [25.724, 59.666], [25.725, 59.666], [25.726, 59.666], [25.726, 59.665], [25.774, 59.64], [25.781, 59.636], [25.775, 59.63], [25.773, 59.628], [25.794, 59.591], [25.826, 59.575], [25.861, 59.586], [25.876, 59.601], [25.872, 59.604], [25.872, 59.605], [25.871, 59.606], [25.871, 59.607], [25.871, 59.608], [25.87, 59.609], [25.871, 59.609], [25.871, 59.61], [25.871, 59.611], [25.871, 59.612], [25.88, 59.626], [25.88, 59.627], [25.881, 59.627], [25.881, 59.628], [25.882, 59.628], [25.883, 59.629], [25.884, 59.629], [25.885, 59.629], [25.886, 59.629], [25.887, 59.629], [25.888, 59.629], [25.888, 59.628], [25.944, 59.595], [25.945, 59.595], [25.965, 59.597], [25.964, 59.618], [25.965, 59.619], [25.965, 59.62], [25.965, 59.621], [25.966, 59.622], [25.967, 59.622], [25.967, 59.623], [25.968, 59.623], [25.987, 59.633], [25.987, 59.634], [25.988, 59.634], [25.989, 59.634], [25.99, 59.634], [25.991, 59.634], [26.036, 59.623], [26.037, 59.623], [26.072, 59.605], [26.073, 59.605], [26.074, 59.605], [26.074, 59.604], [26.075, 59.603], [26.075, 59.602], [26.082, 59.587], [26.091, 59.586], [26.279, 59.587], [26.28, 59.587], [26.281, 59.587], [26.498, 59.54], [26.536, 59.543], [26.537, 59.543], [26.583, 59.56], [26.584, 59.56], [26.585, 59.56], [26.586, 59.56], [26.664, 59.552], [26.665, 59.552], [26.666, 59.552], [26.739, 59.526], [26.827, 59.477], [26.938, 59.45], [27.116, 59.442], [27.409, 59.452], [27.41, 59.452], [27.563, 59.432], [27.717, 59.427], [27.873, 59.408], [27.953, 59.428], [27.954, 59.428], [27.983, 59.447], [28.055, 59.528], [28.073, 59.578], [28.052, 59.625], [28.017, 59.659], [28.016, 59.659], [28.016, 59.66], [28.015, 59.661], [27.994, 59.701], [27.994, 59.702], [27.994, 59.703], [27.994, 59.704], [27.994, 59.705], [28.006, 59.756], [28.007, 59.756], [28.007, 59.757], [28.007, 59.758], [28.008, 59.758], [28.008, 59.759], [28.009, 59.759], [28.085, 59.798], [28.086, 59.799], [28.087, 59.799], [28.088, 59.799], [28.089, 59.799], [28.123, 59.792], [28.124, 59.792], [28.125, 59.792], [28.184, 59.759], [28.185, 59.759], [28.185, 59.758], [28.186, 59.758], [28.186, 59.757], [28.224, 59.691], [28.375, 59.666], [28.405, 59.683], [28.418, 59.708], [28.418, 59.709], [28.419, 59.789], [28.419, 59.79], [28.419, 59.791], [28.427, 59.812], [28.427, 59.813], [28.428, 59.813], [28.428, 59.814], [28.429, 59.814], [28.475, 59.851], [28.476, 59.852], [28.477, 59.852], [28.499, 59.861], [28.5, 59.861], [28.501, 59.861], [28.502, 59.861], [28.534, 59.86], [28.535, 59.86], [28.536, 59.859], [28.537, 59.859], [28.582, 59.834], [28.677, 59.814], [28.677, 59.813], [28.678, 59.813], [28.679, 59.813], [28.679, 59.812], [28.68, 59.812], [28.699, 59.793], [28.718, 59.787], [28.765, 59.799], [28.766, 59.799], [28.767, 59.799], [28.768, 59.799], [28.832, 59.787], [28.833, 59.787], [28.882, 59.816], [28.883, 59.816], [28.884, 59.816], [28.885, 59.816], [28.886, 59.816], [28.919, 59.814], [28.976, 59.831], [29.034, 59.887], [29.031, 59.901], [29.0, 59.919], [28.98, 59.93], [29.003, 59.93], [29.014, 59.93], [29.015, 59.93], [29.089, 59.979], [29.089, 59.98], [29.09, 59.98], [29.16, 60.002], [29.161, 60.002], [29.161, 60.003], [29.162, 60.003], [29.266, 59.998], [29.803, 59.94], [29.804, 59.94], [29.805, 59.94], [29.863, 59.918], [30.115, 59.871], [30.162, 59.868], [30.162, 59.869], [30.192, 59.881], [30.193, 59.881], [30.216, 59.907], [30.224, 59.933], [30.214, 59.939], [30.213, 59.94], [30.213, 59.941], [30.212, 59.941], [30.212, 59.942], [30.212, 59.943], [30.211, 59.943], [30.211, 59.944], [30.211, 59.945], [30.211, 59.946], [30.212, 59.946], [30.212, 59.947], [30.212, 59.948], [30.213, 59.948], [30.213, 59.949], [30.214, 59.949], [30.246, 59.975], [30.235, 59.991], [30.234, 59.991], [30.21, 60.001], [30.002, 60.012], [30.001, 60.012], [30.0, 60.012], [29.951, 60.029], [29.95, 60.029], [29.949, 60.03], [29.948, 60.03], [29.948, 60.031], [29.947, 60.032], [29.932, 60.066], [29.932, 60.067], [29.912, 60.074], [29.912, 60.075], [29.911, 60.075], [29.91, 60.076], [29.909, 60.076], [29.893, 60.099], [29.892, 60.099], [29.892, 60.1], [29.892, 60.101], [29.891, 60.102], [29.891, 60.103], [29.892, 60.103], [29.892, 60.104], [29.9, 60.133], [29.9, 60.134], [29.885, 60.15], [29.884, 60.15], [29.849, 60.167], [29.701, 60.2], [29.701, 60.201], [29.526, 60.201], [29.525, 60.201], [29.419, 60.169], [29.418, 60.169], [29.417, 60.169], [29.053, 60.184], [29.052, 60.184], [29.051, 60.185], [29.016, 60.197], [29.015, 60.197], [29.014, 60.197], [28.987, 60.217], [28.986, 60.217], [28.986, 60.218], [28.947, 60.264], [28.923, 60.28], [28.922, 60.28], [28.862, 60.295], [28.861, 60.295], [28.861, 60.296], [28.86, 60.296], [28.859, 60.297], [28.816, 60.361], [28.8, 60.369], [28.799, 60.369], [28.789, 60.345], [28.789, 60.344], [28.788, 60.343], [28.787, 60.342], [28.786, 60.342], [28.785, 60.342], [28.784, 60.341], [28.747, 60.342], [28.746, 60.342], [28.618, 60.382], [28.617, 60.382], [28.616, 60.383], [28.518, 60.489], [28.454, 60.539], [28.453, 60.54], [28.445, 60.552], [28.439, 60.56], [28.448, 60.562], [28.472, 60.566], [28.473, 60.566], [28.474, 60.566], [28.504, 60.56], [28.505, 60.56], [28.506, 60.56], [28.507, 60.559], [28.508, 60.558], [28.509, 60.557], [28.524, 60.523], [28.524, 60.522], [28.525, 60.522], [28.544, 60.51], [28.616, 60.489], [28.617, 60.489], [28.683, 60.456], [28.684, 60.456], [28.703, 60.461], [28.707, 60.478], [28.707, 60.479], [28.699, 60.5], [28.663, 60.533], [28.662, 60.534], [28.662, 60.535], [28.661, 60.536], [28.661, 60.537], [28.658, 60.593], [28.658, 60.594], [28.658, 60.595], [28.663, 60.61], [28.663, 60.611], [28.663, 60.612], [28.664, 60.612], [28.664, 60.613], [28.665, 60.613], [28.665, 60.614], [28.666, 60.614], [28.667, 60.614], [28.668, 60.615], [28.685, 60.615], [28.647, 60.666], [28.647, 60.667], [28.646, 60.668], [28.646, 60.669], [28.646, 60.67], [28.646, 60.671], [28.647, 60.672], [28.647, 60.673], [28.648, 60.673], [28.652, 60.679], [28.653, 60.68], [28.654, 60.68], [28.654, 60.681], [28.655, 60.681], [28.656, 60.681], [28.657, 60.681], [28.658, 60.681], [28.713, 60.67], [28.734, 60.693], [28.722, 60.721], [28.691, 60.738], [28.69, 60.738], [28.655, 60.728], [28.654, 60.728], [28.575, 60.683], [28.574, 60.683], [28.573, 60.683], [28.572, 60.683], [28.521, 60.684], [28.477, 60.67], [28.476, 60.67], [28.475, 60.67], [28.424, 60.672], [28.401, 60.665], [28.385, 60.628], [28.384, 60.628], [28.384, 60.627], [28.383, 60.626], [28.382, 60.625], [28.381, 60.625], [28.38, 60.625], [28.379, 60.625], [28.342, 60.628], [28.322, 60.621], [28.336, 60.611], [28.337, 60.611], [28.337, 60.61], [28.338, 60.609], [28.338, 60.608], [28.34, 60.605], [28.343, 60.594], [28.333, 60.597], [28.307, 60.603], [28.287, 60.598], [28.286, 60.598], [28.218, 60.549], [28.217, 60.549], [28.217, 60.548], [28.216, 60.548], [28.215, 60.548], [28.214, 60.548], [28.159, 60.553], [28.158, 60.553], [28.14, 60.535], [28.139, 60.535], [28.139, 60.534], [28.138, 60.534], [28.137, 60.534], [28.136, 60.534], [28.135, 60.534], [28.134, 60.534], [28.097, 60.539], [28.096, 60.539], [28.035, 60.526], [28.034, 60.526], [27.902, 60.528], [27.901, 60.528], [27.9, 60.529], [27.899, 60.529], [27.874, 60.539], [27.873, 60.54], [27.872, 60.54], [27.872, 60.541], [27.871, 60.541], [27.871, 60.542], [27.87, 60.543], [27.863, 60.567], [27.819, 60.53], [27.818, 60.53], [27.818, 60.529], [27.817, 60.529], [27.816, 60.529], [27.815, 60.529], [27.814, 60.529], [27.803, 60.531], [27.794, 60.533], [27.799, 60.541], [27.807, 60.552], [27.808, 60.553], [27.809, 60.553], [27.809, 60.554], [27.981, 60.649], [27.981, 60.65], [28.148, 60.757], [28.148, 60.758], [28.149, 60.758], [28.244, 60.792], [28.335, 60.859], [28.336, 60.859], [28.336, 60.86], [28.526, 60.95], [28.527, 60.95], [28.614, 60.962], [28.615, 60.962], [28.689, 61.027], [28.689, 61.028], [28.797, 61.096], [28.797, 61.097], [28.798, 61.097], [28.855, 61.113], [28.856, 61.113], [28.981, 61.168], [29.13, 61.213], [29.203, 61.246], [29.275, 61.303], [29.276, 61.303], [29.276, 61.304], [29.277, 61.304], [29.278, 61.304], [29.279, 61.304], [29.28, 61.304], [29.36, 61.287], [29.361, 61.287], [29.362, 61.287], [29.407, 61.258], [29.49, 61.24], [29.49, 61.239], [29.491, 61.239], [29.492, 61.239], [29.492, 61.238], [29.552, 61.177], [29.553, 61.177], [29.576, 61.171], [29.577, 61.171], [29.869, 61.176], [29.87, 61.176], [32.703, 60.646], [32.704, 60.646], [32.795, 60.655], [32.839, 60.669], [32.885, 60.699], [32.845, 60.712], [32.844, 60.712], [32.844, 60.713], [32.843, 60.713], [32.842, 60.714], [32.813, 60.755], [32.813, 60.756], [32.812, 60.756], [32.812, 60.757], [32.812, 60.758], [32.808, 60.826], [32.766, 60.886], [32.765, 60.886], [32.642, 60.968], [32.641, 60.969], [32.641, 60.97], [32.64, 60.97], [32.64, 60.971], [32.633, 60.987], [32.595, 60.997], [32.594, 60.997], [32.593, 60.998], [32.592, 60.998], [32.592, 60.999], [32.591, 60.999], [32.582, 61.012], [32.581, 61.013], [32.581, 61.014], [32.581, 61.015], [32.581, 61.016], [32.581, 61.045], [32.563, 61.079], [32.563, 61.08], [32.527, 61.117], [32.527, 61.118], [32.36, 61.18], [32.359, 61.181], [31.9, 61.324], [31.899, 61.324], [31.898, 61.324], [31.898, 61.325], [31.871, 61.347], [31.763, 61.384], [31.762, 61.384], [31.698, 61.415], [31.698, 61.416], [31.697, 61.416], [31.637, 61.463], [31.621, 61.461], [31.62, 61.461], [31.62, 61.431], [31.62, 61.43], [31.619, 61.429], [31.619, 61.428], [31.618, 61.428], [31.618, 61.427], [31.617, 61.426], [31.616, 61.426], [31.615, 61.426], [31.606, 61.423], [31.605, 61.423], [31.604, 61.423], [31.603, 61.423], [31.602, 61.423], [31.602, 61.424], [31.577, 61.437], [31.576, 61.437], [31.575, 61.438], [31.486, 61.551], [31.365, 61.627], [31.334, 61.627], [31.312, 61.608], [31.311, 61.608], [31.311, 61.607], [31.31, 61.607], [31.309, 61.607], [31.308, 61.607], [31.307, 61.607], [31.306, 61.607], [31.305, 61.607], [31.304, 61.608], [31.258, 61.641], [31.257, 61.641], [31.201, 61.635], [31.2, 61.635], [31.199, 61.635], [31.198, 61.635], [31.197, 61.636], [31.196, 61.636], [31.196, 61.637], [31.195, 61.637], [31.195, 61.638], [31.194, 61.639], [31.194, 61.64], [31.123, 62.804], [30.562, 63.106], [30.561, 63.107], [30.56, 63.108], [30.56, 63.109], [30.559, 63.11], [30.559, 63.111], [30.603, 65.145], [30.603, 65.146], [30.603, 65.147], [30.603, 65.148], [30.993, 65.754], [30.603, 66.664], [30.603, 66.665], [30.603, 66.666], [30.603, 66.667], [30.733, 68.573], [30.733, 68.574], [30.733, 68.575], [31.33, 69.66], [31.33, 69.661], [31.331, 69.661], [31.331, 69.662], [31.332, 69.662], [31.332, 69.663], [31.333, 69.663], [31.334, 69.663], [31.782, 69.777], [32.064, 69.881], [32.065, 69.881], [32.066, 69.881], [32.067, 69.881], [32.068, 69.881], [32.069, 69.881], [32.069, 69.88], [32.07, 69.88], [32.07, 69.879], [32.071, 69.879], [32.071, 69.878], [32.072, 69.877], [32.072, 69.876], [32.072, 69.875], [32.076, 69.816], [32.076, 69.815], [32.19, 69.642], [32.191, 69.642], [32.352, 69.514], [32.596, 69.424], [33.009, 69.387], [33.01, 69.387], [33.276, 69.343], [33.277, 69.343], [33.277, 69.342], [33.278, 69.342], [33.279, 69.342], [33.279, 69.341], [33.28, 69.341], [33.28, 69.34], [33.281, 69.339], [33.281, 69.338], [33.316, 69.071], [33.627, 69.214], [33.628, 69.214], [33.629, 69.215], [33.63, 69.215], [33.63, 69.214], [33.818, 69.192], [34.305, 69.171], [34.699, 69.164], [34.934, 69.149], [35.436, 69.15], [35.437, 69.15], [36.018, 69.024], [37.245, 68.794], [37.246, 68.793], [37.688, 68.63], [37.689, 68.629], [38.406, 68.243], [38.407, 68.243], [38.668, 68.146], [38.669, 68.146], [39.918, 67.94], [40.825, 67.66], [40.826, 67.66], [40.827, 67.66], [40.827, 67.659], [40.971, 67.536], [40.972, 67.536], [40.972, 67.535], [40.973, 67.534], [40.973, 67.533], [40.973, 67.532], [40.973, 67.531], [40.951, 67.335], [41.017, 67.202], [41.207, 67.071], [41.208, 67.07], [41.209, 67.069], [41.209, 67.068], [41.254, 66.94], [41.254, 66.939], [41.255, 66.939], [41.255, 66.938], [41.255, 66.937], [41.254, 66.937], [41.254, 66.936], [41.254, 66.935], [41.254, 66.934], [41.148, 66.783], [41.147, 66.783], [41.147, 66.782], [41.146, 66.782], [40.919, 66.62], [40.918, 66.62], [40.918, 66.619], [40.917, 66.619], [40.884, 66.608], [40.884, 66.607], [40.863, 66.592], [40.862, 66.592], [40.857, 66.588], [40.839, 66.578], [40.834, 66.576], [40.815, 66.568], [40.811, 66.567], [40.81, 66.566], [40.806, 66.565], [40.781, 66.56], [40.773, 66.556], [40.77, 66.553], [40.769, 66.553], [40.769, 66.552], [40.77, 66.551], [40.77, 66.547], [40.769, 66.54], [40.769, 66.535], [40.768, 66.531], [40.768, 66.53], [40.767, 66.529], [40.767, 66.528], [40.767, 66.527], [40.766, 66.527], [40.765, 66.526], [40.395, 66.343], [40.394, 66.343], [40.393, 66.343], [40.32, 66.333], [40.179, 66.284], [40.179, 66.283], [40.109, 66.245], [40.105, 66.243], [40.104, 66.243], [40.1, 66.241], [40.099, 66.241], [40.094, 66.24], [39.863, 66.197], [39.83, 66.184], [39.825, 66.182], [39.824, 66.182], [39.819, 66.181], [39.782, 66.176], [39.781, 66.176], [39.717, 66.159], [39.714, 66.158], [39.71, 66.157], [39.478, 66.131], [39.404, 66.099], [39.397, 66.097], [39.356, 66.086], [39.349, 66.085], [39.07, 66.054], [39.069, 66.054], [39.065, 66.054], [39.064, 66.054], [39.06, 66.054], [38.975, 66.061], [38.974, 66.061], [38.963, 66.059], [38.951, 66.055], [38.946, 66.054], [38.946, 66.053], [38.941, 66.053], [38.941, 66.052], [38.561, 66.005], [38.56, 66.005], [38.556, 66.005], [38.552, 66.005], [38.238, 66.022], [37.925, 66.039], [37.924, 66.039], [37.921, 66.039], [37.92, 66.039], [37.916, 66.04], [37.814, 66.063], [37.652, 66.073], [37.646, 66.074], [37.537, 66.096], [37.536, 66.096], [37.532, 66.097], [37.531, 66.097], [37.526, 66.099], [37.424, 66.144], [37.353, 66.155], [37.346, 66.157], [37.263, 66.181], [37.262, 66.181], [36.885, 66.235], [36.833, 66.233], [36.829, 66.233], [36.828, 66.233], [36.824, 66.234], [36.747, 66.245], [36.636, 66.238], [36.632, 66.238], [36.631, 66.238], [36.627, 66.238], [36.522, 66.25], [36.409, 66.245], [36.408, 66.245], [36.403, 66.245], [36.402, 66.245], [36.397, 66.246], [36.396, 66.246], [36.268, 66.271], [36.018, 66.291], [35.766, 66.311], [35.762, 66.312], [35.758, 66.313], [35.757, 66.313], [35.665, 66.337], [35.558, 66.337], [35.554, 66.337], [35.553, 66.337], [35.549, 66.338], [35.372, 66.369], [35.368, 66.37], [35.367, 66.37], [35.364, 66.371], [35.363, 66.371], [35.359, 66.373], [35.355, 66.375], [35.298, 66.409], [35.297, 66.409], [35.219, 66.419], [35.218, 66.42], [35.212, 66.421], [35.168, 66.433], [35.163, 66.435], [34.874, 66.551], [34.805, 66.563], [34.738, 66.547], [34.737, 66.547], [34.669, 66.52], [34.669, 66.519], [34.668, 66.519], [34.667, 66.519], [34.666, 66.519], [34.322, 66.593], [34.321, 66.594], [34.32, 66.594], [34.319, 66.595], [34.318, 66.596], [34.314, 66.603], [34.312, 66.607], [34.311, 66.607], [34.31, 66.611], [34.309, 66.612], [34.308, 66.616], [34.307, 66.618], [34.307, 66.619], [34.281, 66.622], [34.28, 66.622], [34.213, 66.622], [34.212, 66.622], [34.207, 66.623], [34.202, 66.623], [34.202, 66.624], [34.191, 66.626], [34.186, 66.627], [34.182, 66.629], [34.181, 66.629], [34.177, 66.631], [34.176, 66.632], [34.168, 66.628], [34.167, 66.628], [34.167, 66.627], [34.166, 66.627], [34.165, 66.627], [34.164, 66.627], [34.153, 66.63], [34.057, 66.639], [34.056, 66.64], [34.055, 66.64], [34.054, 66.64], [34.054, 66.641], [34.053, 66.641], [34.053, 66.642], [34.052, 66.642], [34.051, 66.644], [34.049, 66.644], [34.048, 66.644], [34.043, 66.644], [34.042, 66.644], [34.037, 66.644], [34.036, 66.644], [34.033, 66.643], [34.033, 66.642], [34.032, 66.642], [34.031, 66.642], [34.03, 66.642], [33.792, 66.666], [33.791, 66.666], [33.79, 66.666], [33.79, 66.667], [33.789, 66.667], [33.781, 66.674], [33.779, 66.677], [33.778, 66.677], [33.776, 66.68], [33.775, 66.68], [33.773, 66.683], [33.751, 66.715], [33.742, 66.721], [33.741, 66.721], [33.693, 66.738], [33.692, 66.738], [33.689, 66.74], [33.688, 66.74], [33.684, 66.742], [33.676, 66.747], [33.676, 66.746], [33.676, 66.742], [33.676, 66.741], [33.675, 66.737], [33.675, 66.736], [33.674, 66.732], [33.673, 66.732], [33.672, 66.727], [33.671, 66.727], [33.669, 66.723], [33.667, 66.719], [33.666, 66.718], [33.664, 66.715], [33.663, 66.715], [33.66, 66.711], [33.656, 66.708], [33.652, 66.705], [33.648, 66.703], [33.647, 66.703], [33.643, 66.701], [33.638, 66.7], [33.634, 66.699], [33.633, 66.699], [33.629, 66.698], [33.628, 66.698], [33.624, 66.698], [33.623, 66.698], [33.619, 66.699], [33.618, 66.699], [33.614, 66.7], [33.613, 66.7], [33.603, 66.703], [33.602, 66.703], [33.6, 66.701], [33.599, 66.7], [33.599, 66.699], [33.596, 66.696], [33.596, 66.695], [33.593, 66.692], [33.589, 66.689], [33.589, 66.688], [33.588, 66.688], [33.587, 66.687], [33.586, 66.687], [33.585, 66.687], [33.584, 66.687], [33.439, 66.702], [33.438, 66.702], [33.437, 66.702], [33.436, 66.703], [33.158, 66.914], [33.158, 66.915], [32.991, 66.988], [32.753, 67.028], [32.752, 67.028], [32.751, 67.029], [32.75, 67.029], [32.75, 67.03], [32.749, 67.031], [32.749, 67.032], [32.748, 67.033], [32.748, 67.034], [32.748, 67.036], [32.749, 67.036], [32.749, 67.041], [32.75, 67.046], [32.73, 67.05], [32.729, 67.05], [32.723, 67.052], [32.627, 67.083], [32.496, 67.084], [32.517, 67.079], [32.521, 67.077], [32.524, 67.076], [32.525, 67.076], [32.528, 67.074], [32.555, 67.058], [32.56, 67.055], [32.57, 67.047], [32.58, 67.04], [32.582, 67.038], [32.567, 67.037], [32.22, 66.994], [32.424, 66.891], [32.425, 66.891], [32.753, 66.649], [32.754, 66.649], [32.97, 66.584], [32.971, 66.583], [33.47, 66.313], [33.844, 66.182], [34.258, 66.11], [34.259, 66.11], [34.542, 66.001], [34.543, 66.001], [34.544, 66.001], [34.544, 66.0], [34.545, 66.0], [34.725, 65.799], [34.725, 65.798], [34.726, 65.797], [34.726, 65.796], [34.726, 65.795], [34.726, 65.617], [34.725, 65.616], [34.725, 65.615], [34.725, 65.614], [34.724, 65.614], [34.724, 65.613], [34.602, 65.485], [34.601, 65.484], [34.6, 65.484], [34.6, 65.483], [34.294, 65.396], [34.332, 65.346], [34.332, 65.345], [34.426, 65.107], [34.426, 65.106], [34.772, 64.683], [34.773, 64.682], [34.773, 64.681], [34.815, 64.46], [34.885, 64.367], [35.082, 64.288], [35.623, 64.254], [35.624, 64.254], [36.013, 64.197], [36.014, 64.197], [36.015, 64.197], [36.016, 64.196], [36.017, 64.196], [36.017, 64.195], [36.24, 63.919], [36.42, 63.876], [36.421, 63.876], [36.987, 63.842], [36.988, 63.841], [37.41, 63.75], [37.411, 63.75], [37.591, 63.807], [37.592, 63.807], [37.945, 63.85], [37.945, 63.851], [38.054, 63.986], [38.054, 64.129], [37.88, 64.308], [37.874, 64.309], [37.873, 64.309], [37.872, 64.309], [37.872, 64.31], [37.871, 64.31], [37.868, 64.31], [37.867, 64.31], [37.795, 64.322], [37.794, 64.322], [37.793, 64.322], [37.793, 64.323], [37.774, 64.333], [37.773, 64.333], [37.77, 64.335], [37.769, 64.336], [37.766, 64.338], [37.765, 64.338], [37.762, 64.341], [37.762, 64.342], [37.759, 64.345], [37.756, 64.348], [37.756, 64.349], [37.753, 64.352], [37.753, 64.353], [37.751, 64.357], [37.75, 64.361], [37.749, 64.361], [37.748, 64.365], [37.748, 64.366], [37.747, 64.37], [37.747, 64.371], [37.747, 64.375], [37.747, 64.38], [37.747, 64.39], [37.746, 64.39], [37.705, 64.383], [37.701, 64.381], [37.701, 64.38], [37.7, 64.375], [37.699, 64.37], [37.697, 64.366], [37.697, 64.365], [37.695, 64.362], [37.694, 64.361], [37.692, 64.357], [37.691, 64.357], [37.689, 64.354], [37.688, 64.353], [37.685, 64.35], [37.681, 64.347], [37.677, 64.344], [37.676, 64.343], [37.675, 64.343], [37.674, 64.343], [37.673, 64.343], [37.672, 64.343], [37.668, 64.343], [37.597, 64.328], [37.596, 64.328], [37.595, 64.328], [37.593, 64.328], [37.552, 64.335], [37.517, 64.336], [37.482, 64.333], [37.482, 64.332], [37.401, 64.313], [37.401, 64.312], [37.386, 64.306], [37.385, 64.306], [37.384, 64.306], [37.383, 64.306], [37.263, 64.314], [37.262, 64.314], [37.261, 64.314], [37.045, 64.39], [37.044, 64.39], [37.043, 64.391], [37.027, 64.403], [37.026, 64.403], [36.893, 64.493], [36.574, 64.76], [36.573, 64.761], [36.572, 64.762], [36.572, 64.763], [36.572, 64.764], [36.571, 64.765], [36.572, 64.766], [36.572, 64.767], [36.572, 64.768], [36.573, 64.768], [36.573, 64.769], [36.882, 65.066], [36.883, 65.066], [36.883, 65.067], [36.884, 65.067], [36.885, 65.067], [36.885, 65.068], [36.886, 65.068], [37.101, 65.068], [37.102, 65.068], [37.103, 65.068], [37.604, 64.853], [38.253, 64.703], [39.193, 64.511], [39.194, 64.511], [39.621, 64.476], [39.622, 64.476], [39.996, 64.541], [39.997, 64.541], [39.998, 64.541], [40.322, 64.463], [40.44, 64.563], [40.44, 64.564], [40.462, 64.75], [40.366, 64.858], [40.347, 64.872], [40.347, 64.873], [40.346, 64.873], [40.346, 64.874], [40.345, 64.875], [40.335, 64.897], [40.329, 64.904], [40.321, 64.912], [40.32, 64.912], [40.286, 64.931], [40.285, 64.931], [40.281, 64.934], [40.28, 64.934], [40.268, 64.943], [40.265, 64.946], [40.264, 64.946], [40.261, 64.949], [40.258, 64.952], [40.258, 64.953], [40.252, 64.961], [40.251, 64.961], [40.248, 64.966], [40.245, 64.971], [40.241, 64.982], [40.24, 64.982], [40.225, 64.989], [40.224, 64.989], [40.181, 65.0], [40.18, 65.0], [40.179, 65.001], [39.98, 65.152], [39.98, 65.153], [39.979, 65.153], [39.979, 65.154], [39.825, 65.432], [39.825, 65.433], [39.824, 65.434], [39.824, 65.435], [39.824, 65.436], [39.825, 65.436], [39.825, 65.437], [39.825, 65.438], [39.826, 65.438], [39.826, 65.439], [39.95, 65.58], [39.951, 65.58], [39.951, 65.581], [39.952, 65.581], [39.953, 65.582], [40.681, 65.794], [40.682, 65.794], [41.354, 65.955], [41.623, 66.065], [42.133, 66.387], [42.133, 66.388], [42.134, 66.388], [42.21, 66.41], [42.211, 66.41], [42.212, 66.41], [43.241, 66.251], [43.242, 66.251], [43.876, 66.011], [44.029, 66.011], [44.03, 66.011], [44.053, 66.04], [44.053, 66.041], [44.122, 66.266], [44.122, 66.267], [44.122, 66.268], [44.123, 66.268], [44.223, 66.4], [44.223, 66.401], [44.224, 66.401], [44.224, 66.402], [44.225, 66.402], [44.226, 66.402], [44.227, 66.403], [44.228, 66.403], [44.335, 66.404], [44.336, 66.404], [44.337, 66.404], [44.474, 66.366], [44.474, 66.365], [44.475, 66.365], [44.577, 66.303], [44.859, 66.232], [44.859, 66.231], [44.935, 66.227], [44.936, 66.227], [45.74, 66.063], [45.831, 66.083], [45.832, 66.083], [46.346, 66.023], [46.347, 66.023], [47.11, 65.816], [47.155, 65.811], [47.407, 65.831], [47.408, 65.831], [47.661, 65.803], [47.728, 65.814], [47.764, 65.84], [47.764, 65.841], [47.768, 65.862], [47.768, 65.863], [47.737, 65.91], [47.737, 65.911], [47.736, 65.911], [47.736, 65.912], [47.736, 65.913], [47.736, 65.914], [47.736, 65.915], [47.737, 65.915], [47.737, 65.916], [47.737, 65.917], [47.738, 65.917], [47.755, 65.936], [47.756, 65.936], [47.756, 65.937], [47.757, 65.937], [47.965, 66.05], [47.966, 66.05], [48.074, 66.071], [48.139, 66.121], [48.14, 66.122], [48.141, 66.122], [48.142, 66.122], [49.007, 66.114], [51.511, 66.778], [51.512, 66.778], [51.554, 66.797], [51.554, 66.798], [51.494, 66.826], [51.493, 66.827], [51.492, 66.827], [51.492, 66.828], [51.491, 66.829], [51.491, 66.83], [51.49, 66.831], [51.49, 66.832], [51.49, 66.833], [51.491, 66.833], [51.491, 66.834], [51.491, 66.835], [51.492, 66.836], [51.518, 66.867], [51.517, 66.881], [51.503, 66.901], [51.503, 66.902], [51.503, 66.903], [51.502, 66.903], [51.502, 66.904], [51.502, 66.905], [51.502, 66.906], [51.503, 66.906], [51.503, 66.907], [51.503, 66.908], [51.504, 66.908], [51.504, 66.909], [51.505, 66.909], [51.526, 66.923], [51.527, 66.923], [51.561, 66.931], [51.562, 66.931], [51.563, 66.931], [51.675, 66.922], [51.732, 66.93], [51.756, 66.948], [51.757, 66.948], [51.757, 66.949], [51.758, 66.949], [51.759, 66.949], [51.76, 66.949], [51.812, 66.949], [51.827, 66.959], [51.828, 66.959], [51.835, 66.985], [51.835, 66.986], [51.836, 66.987], [51.836, 66.988], [51.837, 66.988], [51.847, 66.996], [51.848, 66.996], [51.848, 66.997], [51.849, 66.997], [51.85, 66.997], [51.916, 67.0], [52.022, 67.023], [52.068, 67.051], [52.068, 67.052], [52.069, 67.052], [52.155, 67.08], [52.156, 67.08], [52.156, 67.081], [52.157, 67.081], [52.245, 67.084], [52.246, 67.084], [53.772, 66.994], [53.773, 66.994], [59.881, 66.997], [59.882, 66.997], [59.882, 66.996], [59.883, 66.996], [59.884, 66.996], [59.885, 66.995], [59.886, 66.994], [59.886, 66.993], [59.887, 66.993], [59.887, 66.992], [59.887, 66.991], [59.887, 66.99], [59.887, 66.989], [59.887, 66.988], [59.886, 66.988], [59.886, 66.987], [59.885, 66.986], [59.869, 66.975], [59.868, 66.975], [59.868, 66.974], [59.869, 66.964], [59.869, 66.963], [59.919, 66.949], [60.082, 66.985], [60.083, 66.985], [61.432, 66.995], [61.494, 67.014], [61.495, 67.014], [61.496, 67.014], [61.497, 67.014], [61.625, 67.007], [61.626, 67.007], [61.692, 67.021], [61.733, 67.073], [61.734, 67.073], [61.734, 67.074], [61.735, 67.074], [61.736, 67.075], [61.831, 67.107], [61.852, 67.121], [61.853, 67.122], [61.854, 67.122], [62.823, 67.383], [62.823, 67.384], [62.824, 67.384], [62.84, 67.397], [62.855, 67.435], [62.875, 67.574], [62.875, 67.575], [62.876, 67.576], [62.876, 67.577], [62.877, 67.577], [62.877, 67.578], [62.878, 67.578], [62.895, 67.591], [62.896, 67.591], [63.074, 67.648], [63.107, 67.67], [63.108, 67.67], [63.109, 67.67], [63.295, 67.712], [63.295, 67.713], [63.308, 67.731], [63.309, 67.732], [63.309, 67.733], [63.31, 67.733], [63.311, 67.733], [63.329, 67.741], [63.33, 67.741], [63.422, 67.763], [63.423, 67.763], [63.691, 67.757], [63.71, 67.767], [63.703, 67.794], [63.703, 67.795], [63.703, 67.796], [63.703, 67.797], [63.704, 67.797], [63.704, 67.798], [63.704, 67.799], [63.705, 67.799], [63.705, 67.8], [63.71, 67.804], [63.711, 67.805], [63.712, 67.805], [63.713, 67.805], [63.873, 67.831], [63.874, 67.832], [63.947, 67.88], [63.952, 67.895], [63.951, 67.895], [63.92, 67.924], [63.92, 67.925], [63.919, 67.925], [63.919, 67.926], [63.919, 67.927], [63.918, 67.928], [63.918, 67.929], [63.918, 67.93], [63.919, 67.93], [63.919, 67.931], [63.925, 67.946], [63.919, 67.964], [63.847, 68.005], [63.846, 68.005], [63.846, 68.006], [63.845, 68.006], [63.837, 68.015], [63.837, 68.016], [63.836, 68.016], [63.836, 68.017], [63.836, 68.018], [63.835, 68.018], [63.835, 68.019], [63.835, 68.02], [63.836, 68.021], [63.836, 68.022], [63.836, 68.023], [63.837, 68.023], [63.837, 68.024], [63.838, 68.024], [63.838, 68.025], [63.839, 68.025], [63.86, 68.034], [63.861, 68.034], [63.862, 68.034], [63.931, 68.039], [64.032, 68.062], [64.081, 68.083], [64.081, 68.084], [64.082, 68.084], [64.326, 68.129], [64.351, 68.156], [64.351, 68.157], [64.347, 68.165], [64.347, 68.166], [64.347, 68.167], [64.347, 68.168], [64.347, 68.169], [64.348, 68.17], [64.348, 68.171], [64.349, 68.171], [64.349, 68.172], [64.35, 68.172], [64.35, 68.173], [64.351, 68.173], [64.418, 68.196], [64.419, 68.196], [64.42, 68.196], [64.532, 68.196], [64.539, 68.219], [64.523, 68.251], [64.523, 68.252], [64.523, 68.253], [64.523, 68.254], [64.523, 68.255], [64.529, 68.279], [64.528, 68.279], [64.507, 68.298], [64.506, 68.298], [64.506, 68.299], [64.505, 68.299], [64.505, 68.3], [64.501, 68.311], [64.501, 68.312], [64.5, 68.312], [64.5, 68.313], [64.5, 68.314], [64.5, 68.315], [64.501, 68.315], [64.501, 68.316], [64.501, 68.317], [64.502, 68.317], [64.502, 68.318], [64.525, 68.339], [64.526, 68.34], [64.557, 68.353], [64.557, 68.354], [64.558, 68.354], [64.761, 68.401], [64.762, 68.401], [64.763, 68.401], [64.806, 68.396], [64.906, 68.4], [64.907, 68.4], [65.006, 68.384], [65.032, 68.399], [65.033, 68.399], [65.033, 68.4], [65.034, 68.4], [65.035, 68.4], [65.445, 68.424], [65.446, 68.424], [65.447, 68.424], [65.448, 68.424], [65.449, 68.423], [65.45, 68.423], [65.45, 68.422], [65.451, 68.421], [65.451, 68.42], [65.451, 68.419], [65.451, 68.418], [65.451, 68.417], [65.451, 68.416], [65.45, 68.415], [65.449, 68.414], [65.418, 68.39], [65.4, 68.348], [65.4, 68.347], [65.399, 68.347], [65.399, 68.346], [65.398, 68.346], [65.349, 68.309], [65.348, 68.309], [65.328, 68.28], [65.327, 68.279], [65.326, 68.278], [65.293, 68.266], [65.293, 68.265], [65.269, 68.232], [65.268, 68.215], [65.285, 68.187], [65.286, 68.186], [65.286, 68.185], [65.286, 68.184], [65.292, 68.136], [65.323, 68.093], [65.324, 68.093], [65.324, 68.092], [65.324, 68.091], [65.324, 68.09], [65.324, 68.089], [65.324, 68.088], [65.324, 68.087], [65.323, 68.087], [65.286, 68.025], [65.286, 68.01], [65.34, 67.984], [65.341, 67.983], [65.342, 67.983], [65.389, 67.943], [65.436, 67.915], [65.566, 67.929], [65.567, 67.929], [65.781, 67.919], [65.85, 67.933], [65.909, 67.955], [65.91, 67.955], [65.911, 67.955], [65.912, 67.955], [65.913, 67.955], [65.998, 67.928], [65.999, 67.928], [66.06, 67.932], [66.061, 67.932], [66.062, 67.932], [66.082, 67.927], [66.083, 67.927], [66.083, 67.926], [66.084, 67.926], [66.085, 67.925], [66.086, 67.924], [66.086, 67.923], [66.087, 67.922], [66.088, 67.911], [66.088, 67.91], [66.088, 67.909], [66.088, 67.908], [66.087, 67.907], [66.087, 67.906], [66.086, 67.905], [66.055, 67.882], [66.046, 67.849], [66.046, 67.848], [66.045, 67.848], [66.045, 67.847], [66.015, 67.796], [66.074, 67.772], [66.134, 67.764], [66.135, 67.764], [66.136, 67.764], [66.136, 67.763], [66.194, 67.736], [66.195, 67.735], [66.196, 67.735], [66.196, 67.734], [66.201, 67.726], [66.202, 67.726], [66.202, 67.725], [66.202, 67.724], [66.202, 67.723], [66.202, 67.699], [66.202, 67.698], [66.201, 67.697], [66.201, 67.696], [66.2, 67.695], [66.199, 67.694], [66.151, 67.662], [66.15, 67.662], [66.149, 67.662], [66.106, 67.652], [66.105, 67.652], [66.104, 67.652], [66.103, 67.652], [66.0, 67.683], [65.943, 67.668], [65.942, 67.668], [65.85, 67.659], [65.828, 67.646], [65.819, 67.631], [65.823, 67.619], [65.837, 67.613], [65.838, 67.613], [65.838, 67.612], [65.839, 67.612], [65.839, 67.611], [65.84, 67.611], [65.84, 67.61], [65.84, 67.609], [65.841, 67.609], [65.841, 67.608], [65.841, 67.607], [65.84, 67.606], [65.84, 67.605], [65.84, 67.604], [65.839, 67.604], [65.839, 67.603], [65.838, 67.603], [65.837, 67.602], [65.802, 67.589], [65.802, 67.588], [65.791, 67.568], [65.809, 67.553], [65.836, 67.55], [66.032, 67.57], [66.033, 67.57], [66.034, 67.57], [66.035, 67.569], [66.036, 67.569], [66.036, 67.568], [66.1, 67.507], [66.101, 67.507], [66.101, 67.506], [66.101, 67.505], [66.101, 67.504], [66.104, 67.494], [66.104, 67.493], [66.104, 67.492], [66.104, 67.491], [66.104, 67.49], [66.103, 67.489], [66.103, 67.488], [66.102, 67.488], [66.086, 67.472], [66.085, 67.471], [66.006, 67.421], [66.005, 67.42], [65.937, 67.398], [65.936, 67.398], [65.805, 67.388], [65.7, 67.393], [65.68, 67.383], [65.679, 67.382], [65.673, 67.369], [65.673, 67.368], [65.7, 67.346], [65.701, 67.345], [65.701, 67.344], [65.702, 67.344], [65.702, 67.343], [65.702, 67.342], [65.702, 67.341], [65.702, 67.34], [65.701, 67.34], [65.701, 67.339], [65.701, 67.338], [65.7, 67.338], [65.7, 67.337], [65.699, 67.337], [65.661, 67.316], [65.66, 67.316], [65.66, 67.315], [65.659, 67.315], [65.587, 67.301], [65.552, 67.272], [65.551, 67.272], [65.55, 67.271], [65.421, 67.22], [65.42, 67.22], [65.326, 67.203], [65.325, 67.203], [65.234, 67.154], [65.233, 67.154], [65.232, 67.154], [65.188, 67.149], [65.189, 67.134], [65.2, 67.124], [65.201, 67.124], [65.201, 67.123], [65.202, 67.123], [65.202, 67.122], [65.202, 67.121], [65.203, 67.121], [65.203, 67.12], [65.203, 67.119], [65.2, 67.101], [65.208, 67.085], [65.209, 67.085], [65.209, 67.084], [65.209, 67.083], [65.209, 67.082], [65.209, 67.081], [65.209, 67.08], [65.208, 67.08], [65.208, 67.079], [65.207, 67.078], [65.206, 67.077], [65.205, 67.077], [65.172, 67.066], [65.171, 67.066], [65.17, 67.066], [65.089, 67.059], [65.073, 67.043], [65.077, 67.023], [65.078, 67.023], [65.1, 67.002], [65.1, 67.001], [65.101, 67.001], [65.101, 67.0], [65.101, 66.999], [65.102, 66.998], [65.111, 66.917], [65.111, 66.916], [65.111, 66.915], [65.11, 66.914], [65.11, 66.913], [65.103, 66.901], [65.103, 66.9], [65.102, 66.9], [65.102, 66.899], [65.101, 66.899], [65.1, 66.899], [65.1, 66.898], [64.999, 66.871], [64.998, 66.87], [64.997, 66.87], [64.936, 66.874], [64.85, 66.843], [64.85, 66.842], [64.849, 66.842], [64.575, 66.803], [64.556, 66.79], [64.556, 66.789], [64.533, 66.754], [64.537, 66.741], [64.537, 66.74], [64.537, 66.739], [64.537, 66.738], [64.537, 66.737], [64.537, 66.736], [64.536, 66.736], [64.536, 66.735], [64.535, 66.735], [64.534, 66.734], [64.533, 66.733], [64.532, 66.733], [64.531, 66.733], [64.412, 66.728], [64.411, 66.728], [64.326, 66.678], [64.325, 66.677], [64.295, 66.668], [64.294, 66.668], [64.293, 66.668], [64.2, 66.669], [64.199, 66.669], [64.086, 66.654], [64.085, 66.654], [63.98, 66.656], [63.9, 66.6], [63.9, 66.599], [63.899, 66.599], [63.898, 66.599], [63.848, 66.586], [63.808, 66.553], [63.807, 66.552], [63.806, 66.552], [63.72, 66.529], [63.719, 66.528], [63.718, 66.528], [63.654, 66.524], [63.653, 66.524], [63.606, 66.496], [63.605, 66.496], [63.604, 66.495], [63.541, 66.476], [63.54, 66.476], [63.539, 66.476], [63.499, 66.474], [63.498, 66.474], [63.497, 66.474], [63.44, 66.49], [63.413, 66.485], [63.401, 66.457], [63.401, 66.456], [63.4, 66.456], [63.4, 66.455], [63.399, 66.455], [63.399, 66.454], [63.359, 66.426], [63.358, 66.426], [63.294, 66.399], [63.279, 66.365], [63.278, 66.364], [63.278, 66.363], [63.277, 66.363], [63.237, 66.33], [63.237, 66.31], [63.237, 66.309], [63.296, 66.273], [63.297, 66.273], [63.297, 66.272], [63.298, 66.271], [63.298, 66.27], [63.299, 66.27], [63.299, 66.269], [63.301, 66.258], [63.301, 66.257], [63.301, 66.256], [63.301, 66.255], [63.301, 66.254], [63.3, 66.254], [63.3, 66.253], [63.294, 66.246], [63.294, 66.245], [63.293, 66.244], [63.292, 66.244], [63.291, 66.243], [63.29, 66.243], [63.266, 66.241], [63.265, 66.241], [63.264, 66.241], [63.161, 66.269], [63.104, 66.255], [63.009, 66.199], [62.976, 66.165], [62.975, 66.165], [62.96, 66.121], [62.96, 66.12], [62.959, 66.12], [62.959, 66.119], [62.958, 66.119], [62.958, 66.118], [62.957, 66.118], [62.859, 66.078], [62.858, 66.078], [62.849, 66.045], [62.849, 66.044], [62.848, 66.043], [62.848, 66.042], [62.817, 66.011], [62.868, 65.984], [62.869, 65.984], [62.869, 65.983], [62.87, 65.983], [62.87, 65.982], [62.871, 65.981], [62.871, 65.98], [62.871, 65.979], [62.871, 65.978], [62.871, 65.977], [62.87, 65.976], [62.87, 65.975], [62.869, 65.975], [62.869, 65.974], [62.868, 65.974], [62.798, 65.932], [62.848, 65.892], [62.848, 65.891], [62.849, 65.89], [62.849, 65.889], [62.85, 65.889], [62.85, 65.888], [62.85, 65.887], [62.85, 65.886], [62.849, 65.882], [62.849, 65.881], [62.848, 65.88], [62.848, 65.879], [62.847, 65.879], [62.847, 65.878], [62.846, 65.878], [62.845, 65.878], [62.845, 65.877], [62.844, 65.877], [62.681, 65.867], [62.523, 65.844], [62.522, 65.844], [62.131, 65.733], [62.13, 65.733], [62.015, 65.72], [62.014, 65.72], [62.017, 65.713], [62.017, 65.712], [62.273, 65.62], [62.274, 65.619], [62.275, 65.619], [62.275, 65.618], [62.276, 65.617], [62.322, 65.537], [62.399, 65.514], [62.4, 65.513], [62.401, 65.513], [62.401, 65.512], [62.402, 65.512], [62.403, 65.511], [62.403, 65.51], [62.403, 65.509], [62.404, 65.508], [62.403, 65.507], [62.403, 65.506], [62.403, 65.505], [62.369, 65.447], [62.433, 65.378], [62.479, 65.345], [62.516, 65.334], [62.796, 65.298], [62.797, 65.298], [62.798, 65.297], [62.807, 65.292], [62.808, 65.292], [62.808, 65.291], [62.809, 65.291], [62.809, 65.29], [62.81, 65.29], [62.81, 65.289], [62.81, 65.288], [62.811, 65.287], [62.811, 65.286], [62.81, 65.285], [62.802, 65.245], [62.809, 65.212], [62.809, 65.211], [62.809, 65.21], [62.809, 65.209], [62.795, 65.168], [62.805, 65.125], [62.805, 65.124], [62.805, 65.123], [62.797, 65.054], [62.797, 65.053], [62.796, 65.052], [62.776, 65.004], [62.776, 65.003], [62.775, 65.003], [62.731, 64.953], [62.73, 64.953], [62.73, 64.952], [62.683, 64.921], [62.673, 64.891], [62.682, 64.869], [62.783, 64.85], [62.784, 64.849], [62.785, 64.849], [62.805, 64.834], [62.806, 64.833], [62.807, 64.832], [62.807, 64.831], [62.816, 64.811], [62.816, 64.81], [62.817, 64.81], [62.817, 64.809], [62.817, 64.808], [62.817, 64.807], [62.816, 64.807], [62.816, 64.806], [62.816, 64.805], [62.815, 64.805], [62.815, 64.804], [62.814, 64.804], [62.814, 64.803], [62.813, 64.803], [62.812, 64.803], [62.787, 64.797], [62.781, 64.785], [62.799, 64.74], [62.8, 64.74], [62.8, 64.739], [62.8, 64.738], [62.8, 64.737], [62.8, 64.736], [62.799, 64.736], [62.799, 64.735], [62.798, 64.734], [62.798, 64.733], [62.797, 64.733], [62.743, 64.698], [62.742, 64.697], [62.59, 64.645], [62.59, 64.644], [62.582, 64.636], [62.582, 64.635], [62.582, 64.61], [62.582, 64.609], [62.581, 64.608], [62.581, 64.607], [62.58, 64.606], [62.533, 64.57], [62.527, 64.56], [62.533, 64.551], [62.687, 64.489], [62.831, 64.493], [62.832, 64.493], [62.833, 64.493], [62.899, 64.472], [62.9, 64.472], [62.961, 64.498], [62.962, 64.498], [62.963, 64.498], [63.234, 64.519], [63.235, 64.519], [63.236, 64.519], [63.236, 64.518], [63.237, 64.518], [63.338, 64.482], [63.381, 64.459], [63.453, 64.455], [63.454, 64.455], [63.455, 64.455], [63.455, 64.454], [63.456, 64.454], [63.456, 64.453], [63.457, 64.453], [63.457, 64.452], [63.497, 64.382], [63.497, 64.381], [63.497, 64.38], [63.498, 64.379], [63.497, 64.379], [63.497, 64.378], [63.497, 64.377], [63.497, 64.376], [63.496, 64.375], [63.495, 64.374], [63.494, 64.374], [63.421, 64.342], [63.41, 64.325], [63.477, 64.287], [63.534, 64.282], [63.535, 64.282], [63.611, 64.264], [63.611, 64.263], [63.889, 64.279], [63.889, 64.28], [63.903, 64.289], [63.906, 64.308], [63.906, 64.309], [63.907, 64.309], [63.907, 64.31], [63.907, 64.311], [63.908, 64.311], [63.908, 64.312], [63.909, 64.312], [63.909, 64.313], [63.91, 64.313], [64.016, 64.352], [64.017, 64.352], [64.018, 64.352], [64.477, 64.355], [64.478, 64.355], [64.601, 64.431], [64.601, 64.432], [64.602, 64.432], [64.603, 64.432], [64.604, 64.432], [64.605, 64.432], [64.712, 64.42], [64.713, 64.42], [64.761, 64.422], [64.995, 64.461], [64.996, 64.461], [65.177, 64.441], [65.203, 64.45], [65.335, 64.541], [65.336, 64.541], [65.337, 64.541], [65.399, 64.566], [65.4, 64.566], [65.401, 64.566], [65.73, 64.574], [65.731, 64.574], [65.792, 64.562], [65.793, 64.562], [65.883, 64.564], [65.884, 64.564], [66.018, 64.59], [66.019, 64.59], [66.02, 64.59], [66.145, 64.581], [66.146, 64.581], [66.465, 64.507], [66.466, 64.507], [66.485, 64.523], [66.486, 64.524], [66.487, 64.524], [66.488, 64.524], [66.488, 64.525], [66.68, 64.552], [66.681, 64.552], [66.682, 64.552], [66.878, 64.512], [66.879, 64.512], [66.879, 64.511], [66.88, 64.511], [66.929, 64.486], [66.93, 64.486], [66.93, 64.485], [66.931, 64.485], [66.931, 64.484], [66.931, 64.483], [66.932, 64.483], [66.932, 64.482], [66.934, 64.447], [66.934, 64.446], [66.934, 64.445], [66.934, 64.444], [66.933, 64.444], [66.933, 64.443], [66.932, 64.442], [66.894, 64.407], [66.885, 64.384], [66.884, 64.383], [66.884, 64.382], [66.883, 64.382], [66.883, 64.381], [66.882, 64.381], [66.792, 64.328], [66.799, 64.306], [66.799, 64.305], [66.799, 64.304], [66.799, 64.303], [66.799, 64.302], [66.799, 64.301], [66.79, 64.282], [66.79, 64.281], [66.792, 64.256], [66.816, 64.221], [66.817, 64.221], [66.887, 64.193], [67.16, 64.159], [67.161, 64.159], [67.162, 64.159], [67.163, 64.158], [67.164, 64.158], [67.164, 64.157], [67.165, 64.156], [67.165, 64.155], [67.166, 64.154], [67.166, 64.153], [67.166, 64.152], [67.165, 64.151], [67.165, 64.15], [67.155, 64.132], [67.155, 64.131], [67.163, 64.121], [67.251, 64.112], [67.252, 64.112], [67.253, 64.112], [67.254, 64.111], [67.255, 64.111], [67.255, 64.11], [67.256, 64.11], [67.256, 64.109], [67.256, 64.108], [67.262, 64.086], [67.279, 64.076], [67.28, 64.076], [67.398, 64.092], [67.399, 64.092], [67.4, 64.091], [67.428, 64.086], [67.429, 64.085], [67.43, 64.085], [67.431, 64.084], [67.431, 64.083], [67.444, 64.065], [67.454, 64.063], [67.474, 64.066], [67.481, 64.079], [67.482, 64.079], [67.482, 64.08], [67.483, 64.081], [67.484, 64.081], [67.485, 64.082], [67.486, 64.082], [67.487, 64.082], [67.488, 64.082], [67.575, 64.066], [67.677, 64.074], [67.678, 64.074], [67.679, 64.074], [67.68, 64.074], [67.68, 64.073], [67.798, 64.027], [67.799, 64.027], [67.812, 64.028], [67.888, 64.075], [67.927, 64.11], [67.928, 64.11], [67.928, 64.111], [67.929, 64.111], [67.93, 64.111], [68.013, 64.118], [68.18, 64.171], [68.18, 64.172], [68.207, 64.202], [68.208, 64.202], [68.208, 64.203], [68.209, 64.203], [68.21, 64.204], [68.425, 64.29], [68.425, 64.291], [68.426, 64.291], [68.427, 64.291], [68.428, 64.291], [68.685, 64.252], [68.686, 64.251], [68.83, 64.213], [68.884, 64.218], [68.892, 64.229], [68.892, 64.23], [68.892, 64.262], [68.892, 64.263], [68.892, 64.264], [68.893, 64.264], [68.893, 64.265], [68.894, 64.266], [68.895, 64.267], [68.896, 64.267], [68.971, 64.304], [68.972, 64.304], [68.995, 64.33], [68.875, 64.426], [68.874, 64.427], [68.874, 64.428], [68.873, 64.428], [68.873, 64.429], [68.873, 64.43], [68.873, 64.431], [68.873, 64.432], [68.874, 64.432], [68.874, 64.433], [68.874, 64.434], [68.875, 64.434], [68.875, 64.435], [68.876, 64.435], [68.877, 64.436], [68.878, 64.436], [69.015, 64.467], [69.016, 64.467], [69.05, 64.468], [69.051, 64.468], [69.052, 64.468], [69.117, 64.45], [69.118, 64.45], [69.228, 64.465], [69.229, 64.465], [69.23, 64.465], [69.231, 64.464], [69.389, 64.384], [69.692, 64.395], [69.693, 64.395], [69.73, 64.389], [69.731, 64.389], [69.732, 64.389], [69.733, 64.389], [69.824, 64.336], [69.999, 64.311], [70.0, 64.311], [70.099, 64.313], [70.224, 64.344], [70.224, 64.345], [70.225, 64.345], [70.226, 64.345], [70.304, 64.339], [70.305, 64.339], [70.306, 64.338], [70.471, 64.247], [70.67, 64.232], [70.671, 64.232], [70.672, 64.232], [70.672, 64.231], [70.763, 64.191], [70.764, 64.19], [70.765, 64.19], [70.765, 64.189], [70.766, 64.189], [70.766, 64.188], [70.783, 64.153], [70.783, 64.152], [70.783, 64.151], [70.783, 64.15], [70.783, 64.149], [70.773, 64.12], [70.772, 64.12], [70.772, 64.119], [70.772, 64.118], [70.771, 64.118], [70.771, 64.117], [70.77, 64.117], [70.567, 64.02], [70.554, 63.999], [70.624, 63.94], [70.624, 63.939], [70.625, 63.939], [70.625, 63.938], [70.626, 63.937], [70.626, 63.936], [70.63, 63.911], [70.641, 63.893], [70.71, 63.872], [70.711, 63.872], [70.815, 63.813], [70.816, 63.813], [70.816, 63.812], [70.817, 63.812], [70.911, 63.688], [70.934, 63.68], [70.934, 63.679], [71.202, 63.688], [71.203, 63.688], [71.386, 63.67], [71.387, 63.67], [71.388, 63.669], [71.495, 63.621], [71.495, 63.62], [71.546, 63.587], [71.547, 63.587], [71.547, 63.586], [71.548, 63.585], [71.564, 63.551], [71.564, 63.55], [71.564, 63.549], [71.607, 63.18], [71.805, 63.214], [71.806, 63.214], [71.807, 63.214], [71.963, 63.192], [71.989, 63.197], [72.137, 63.288], [72.138, 63.289], [72.139, 63.289], [72.16, 63.294], [72.161, 63.294], [72.162, 63.294], [72.656, 63.275], [72.835, 63.335], [72.908, 63.388], [72.909, 63.388], [72.909, 63.389], [72.91, 63.389], [73.101, 63.431], [73.102, 63.431], [73.103, 63.431], [73.104, 63.43], [73.105, 63.43], [73.185, 63.389], [73.186, 63.389], [73.186, 63.388], [73.187, 63.388], [73.187, 63.387], [73.188, 63.386], [73.188, 63.385], [73.188, 63.384], [73.188, 63.383], [73.188, 63.382], [73.184, 63.371], [73.184, 63.37], [73.28, 63.312], [73.28, 63.311], [73.281, 63.311], [73.281, 63.31], [73.321, 63.248], [73.366, 63.202], [73.367, 63.202], [73.506, 63.18], [73.507, 63.18], [73.569, 63.187], [73.57, 63.187], [74.239, 63.167], [74.24, 63.167], [74.241, 63.167], [74.373, 63.11], [74.374, 63.11], [74.456, 63.055], [74.457, 63.055], [74.507, 63.038], [74.915, 63.027], [75.028, 63.057], [75.029, 63.057], [75.15, 63.057], [75.151, 63.057], [75.234, 63.072], [75.235, 63.072], [75.282, 63.092], [75.283, 63.092], [75.284, 63.092], [75.363, 63.103], [75.364, 63.103], [75.592, 63.085], [75.593, 63.085], [75.7, 63.086], [75.802, 63.109], [75.803, 63.109], [75.804, 63.109], [75.86, 63.106], [75.861, 63.106], [75.892, 63.099], [75.893, 63.099], [75.894, 63.099], [75.938, 63.075], [76.236, 63.015], [76.237, 63.014], [76.238, 63.014], [76.239, 63.014], [76.239, 63.013], [76.24, 63.013], [76.275, 62.976], [76.275, 62.975], [76.276, 62.975], [76.276, 62.974], [76.276, 62.973], [76.282, 62.95], [76.283, 62.95], [76.297, 62.945], [76.623, 63.033], [76.624, 63.033], [76.686, 63.034], [76.687, 63.034], [76.688, 63.034], [76.689, 63.034], [76.823, 62.987], [76.824, 62.987], [76.921, 62.987], [76.922, 62.987], [77.022, 62.971], [77.023, 62.97], [77.024, 62.97], [77.025, 62.969], [77.026, 62.969], [77.026, 62.968], [77.068, 62.913], [77.128, 62.81], [77.155, 62.787], [77.156, 62.787], [77.266, 62.741], [77.267, 62.74], [77.326, 62.706], [77.886, 62.553], [77.887, 62.553], [77.887, 62.552], [77.888, 62.552], [77.927, 62.52], [77.928, 62.52], [77.928, 62.519], [77.963, 62.474], [77.964, 62.474], [78.014, 62.457], [78.015, 62.456], [78.041, 62.46], [78.14, 62.501], [78.14, 62.502], [78.141, 62.502], [78.379, 62.563], [78.38, 62.563], [78.381, 62.563], [78.524, 62.565], [78.619, 62.588], [78.793, 62.61], [78.794, 62.61], [79.821, 62.599], [79.852, 62.611], [79.853, 62.611], [79.907, 62.699], [79.917, 62.784], [79.917, 62.785], [79.917, 62.786], [79.918, 62.786], [79.918, 62.787], [79.919, 62.788], [79.92, 62.789], [79.921, 62.789], [79.961, 62.807], [79.962, 62.807], [80.089, 62.825], [80.211, 62.879], [80.212, 62.879], [80.212, 62.88], [80.285, 62.899], [80.307, 62.922], [80.308, 62.923], [80.309, 62.923], [80.31, 62.924], [80.311, 62.924], [80.412, 62.94], [80.476, 62.983], [80.477, 62.983], [80.478, 62.984], [80.555, 62.996], [80.585, 63.029], [80.585, 63.03], [80.587, 63.074], [80.588, 63.074], [80.588, 63.075], [80.588, 63.076], [80.589, 63.077], [80.59, 63.078], [80.591, 63.078], [80.591, 63.079], [80.592, 63.079], [80.593, 63.079], [80.766, 63.099], [80.767, 63.099], [81.108, 63.11], [81.109, 63.11], [81.11, 63.11], [81.111, 63.11], [81.112, 63.109], [81.113, 63.108], [81.113, 63.107], [81.114, 63.107], [81.114, 63.106], [81.126, 63.046], [81.171, 62.969], [81.192, 62.946], [81.192, 62.945], [81.315, 62.882], [81.316, 62.882], [81.316, 62.881], [81.317, 62.881], [81.317, 62.88], [81.318, 62.879], [81.337, 62.822], [81.337, 62.821], [81.597, 62.769], [81.598, 62.768], [81.599, 62.768], [81.599, 62.767], [81.6, 62.767], [81.633, 62.73], [81.783, 62.684], [81.842, 62.687], [81.97, 62.755], [81.971, 62.756], [82.074, 62.795], [82.075, 62.795], [82.076, 62.795], [82.163, 62.804], [82.164, 62.804], [82.165, 62.804], [82.316, 62.765], [82.317, 62.765], [82.371, 62.763], [82.469, 62.774], [82.47, 62.774], [82.471, 62.774], [82.745, 62.749], [82.746, 62.749], [82.747, 62.749], [82.748, 62.748], [82.749, 62.747], [82.753, 62.742], [82.753, 62.741], [82.754, 62.741], [82.754, 62.74], [82.754, 62.739], [82.754, 62.738], [82.754, 62.737], [82.754, 62.736], [82.736, 62.68], [82.736, 62.679], [82.755, 62.666], [82.756, 62.666], [83.006, 62.591], [83.007, 62.59], [83.008, 62.59], [83.009, 62.589], [83.022, 62.574], [83.022, 62.573], [83.023, 62.572], [83.023, 62.571], [83.023, 62.57], [83.023, 62.569], [83.023, 62.568], [83.015, 62.541], [83.032, 62.525], [83.282, 62.456], [83.312, 62.452], [83.402, 62.486], [83.403, 62.486], [83.53, 62.519], [83.531, 62.519], [83.532, 62.519], [83.533, 62.519], [83.534, 62.519], [83.534, 62.518], [83.535, 62.518], [83.558, 62.499], [83.559, 62.499], [83.591, 62.5], [83.592, 62.5], [83.751, 62.555], [83.752, 62.555], [83.753, 62.555], [83.795, 62.556], [83.796, 62.555], [83.797, 62.555], [83.798, 62.555], [83.938, 62.48], [83.939, 62.48], [83.94, 62.479], [83.94, 62.478], [83.941, 62.478], [83.976, 62.417], [83.977, 62.417], [83.977, 62.416], [84.017, 62.392], [84.095, 62.37], [84.201, 62.378], [84.202, 62.378], [84.203, 62.378], [84.238, 62.369], [84.239, 62.369], [84.24, 62.368], [84.241, 62.368], [84.241, 62.367], [84.278, 62.326], [84.278, 62.325], [84.278, 62.324], [84.279, 62.324], [84.279, 62.323], [84.286, 62.273], [84.286, 62.272], [84.39, 62.236], [84.391, 62.236], [84.391, 62.235], [84.392, 62.235], [84.393, 62.234], [84.393, 62.233], [84.422, 62.187], [84.433, 62.174], [84.436, 62.174], [84.436, 62.175], [84.437, 62.175], [84.438, 62.175], [84.439, 62.175], [84.439, 62.174], [84.44, 62.174], [84.441, 62.174], [84.441, 62.173], [84.442, 62.173], [84.443, 62.172], [84.486, 62.098], [84.487, 62.097], [84.487, 62.096], [84.487, 62.095], [84.486, 62.031], [84.486, 62.03], [84.516, 61.993], [84.516, 61.992], [84.517, 61.992], [84.517, 61.991], [84.517, 61.99], [84.517, 61.989], [84.517, 61.988], [84.517, 61.987], [84.509, 61.968], [84.516, 61.925], [84.543, 61.898], [84.619, 61.864], [84.62, 61.864], [84.62, 61.863], [84.621, 61.863], [84.621, 61.862], [84.622, 61.862], [84.622, 61.861], [84.645, 61.822], [84.645, 61.821], [84.684, 61.801], [84.84, 61.768], [84.841, 61.768], [84.92, 61.784], [84.921, 61.784], [84.921, 61.785], [84.922, 61.784], [84.923, 61.784], [84.991, 61.764], [84.992, 61.764], [85.094, 61.747], [85.095, 61.747], [85.096, 61.747], [85.172, 61.704], [85.228, 61.694], [85.229, 61.693], [85.277, 61.669], [85.341, 61.682], [85.342, 61.682], [85.403, 61.682], [85.404, 61.682], [85.405, 61.682], [85.405, 61.681], [85.406, 61.681], [85.491, 61.613], [85.712, 61.568], [85.84, 61.588], [85.841, 61.589], [85.842, 61.589], [85.842, 61.588], [85.843, 61.588], [85.954, 61.543], [85.955, 61.542], [85.956, 61.542], [85.956, 61.541], [85.957, 61.541], [85.957, 61.54], [85.957, 61.539], [85.958, 61.539], [85.971, 61.485], [85.971, 61.484], [85.971, 61.483], [85.971, 61.482], [85.962, 61.455], [86.047, 61.43], [86.048, 61.43], [86.129, 61.374], [86.174, 61.368], [86.175, 61.368], [86.211, 61.374], [86.275, 61.432], [86.276, 61.433], [86.277, 61.433], [86.324, 61.452], [86.325, 61.452], [86.325, 61.453], [86.326, 61.453], [86.327, 61.453], [86.328, 61.452], [86.437, 61.413], [86.507, 61.406], [86.508, 61.405], [86.509, 61.405], [86.51, 61.405], [86.51, 61.404], [86.515, 61.399], [86.516, 61.398], [86.516, 61.397], [86.516, 61.396], [86.516, 61.395], [86.513, 61.372], [86.513, 61.371], [86.523, 61.349], [86.603, 61.311], [86.774, 61.317], [86.775, 61.317], [86.815, 61.323], [86.837, 61.337], [86.838, 61.337], [86.839, 61.338], [86.84, 61.338], [86.927, 61.34], [86.976, 61.36], [86.991, 61.375], [86.981, 61.39], [86.981, 61.391], [86.98, 61.391], [86.98, 61.392], [86.98, 61.393], [86.98, 61.394], [86.98, 61.395], [86.981, 61.396], [86.989, 61.411], [86.955, 61.435], [86.954, 61.436], [86.953, 61.437], [86.953, 61.438], [86.95, 61.444], [86.95, 61.445], [86.95, 61.446], [86.95, 61.447], [86.95, 61.448], [86.951, 61.449], [86.951, 61.45], [86.952, 61.45], [86.952, 61.451], [86.953, 61.452], [86.954, 61.452], [86.955, 61.452], [86.999, 61.46], [87.0, 61.461], [87.001, 61.461], [87.001, 61.46], [87.002, 61.46], [87.003, 61.46], [87.004, 61.46], [87.02, 61.449], [87.103, 61.427], [87.103, 61.426], [87.104, 61.426], [87.105, 61.426], [87.105, 61.425], [87.106, 61.424], [87.106, 61.423], [87.107, 61.423], [87.107, 61.422], [87.107, 61.421], [87.108, 61.413], [87.157, 61.409], [87.158, 61.409], [87.159, 61.409], [87.16, 61.408], [87.189, 61.388], [87.19, 61.388], [87.221, 61.389], [87.222, 61.389], [87.223, 61.388], [87.224, 61.388], [87.225, 61.387], [87.226, 61.386], [87.232, 61.378], [87.253, 61.377], [87.254, 61.377], [87.255, 61.377], [87.256, 61.376], [87.257, 61.375], [87.258, 61.375], [87.258, 61.374], [87.258, 61.373], [87.259, 61.372], [87.259, 61.371], [87.259, 61.37], [87.259, 61.369], [87.258, 61.369], [87.258, 61.368], [87.258, 61.367], [87.257, 61.367], [87.257, 61.366], [87.256, 61.366], [87.255, 61.366], [87.255, 61.365], [87.254, 61.365], [87.243, 61.362], [87.245, 61.354], [87.295, 61.349], [87.296, 61.349], [87.343, 61.36], [87.344, 61.36], [87.345, 61.36], [87.346, 61.36], [87.387, 61.349], [87.434, 61.352], [87.435, 61.352], [87.436, 61.351], [87.437, 61.351], [87.438, 61.35], [87.439, 61.35], [87.439, 61.349], [87.44, 61.348], [87.443, 61.34], [87.465, 61.34], [87.466, 61.34], [87.467, 61.34], [87.468, 61.339], [87.469, 61.339], [87.475, 61.333], [87.476, 61.332], [87.476, 61.331], [87.477, 61.33], [87.477, 61.329], [87.477, 61.328], [87.476, 61.328], [87.476, 61.327], [87.473, 61.32], [87.481, 61.308], [87.484, 61.307], [87.485, 61.306], [87.486, 61.306], [87.486, 61.305], [87.487, 61.305], [87.487, 61.304], [87.488, 61.304], [87.488, 61.303], [87.488, 61.302], [87.488, 61.301], [87.488, 61.3], [87.488, 61.299], [87.474, 61.267], [87.474, 61.266], [87.483, 61.256], [87.501, 61.254], [87.502, 61.254], [87.502, 61.253], [87.503, 61.253], [87.504, 61.253], [87.504, 61.252], [87.505, 61.251], [87.506, 61.25], [87.506, 61.249], [87.508, 61.244], [87.508, 61.243], [87.521, 61.244], [87.522, 61.244], [87.523, 61.244], [87.524, 61.243], [87.525, 61.243], [87.525, 61.242], [87.527, 61.241], [87.528, 61.24], [87.528, 61.239], [87.529, 61.239], [87.529, 61.238], [87.529, 61.237], [87.529, 61.236], [87.529, 61.235], [87.529, 61.234], [87.526, 61.227], [87.539, 61.226], [87.54, 61.226], [87.541, 61.226], [87.542, 61.225], [87.543, 61.225], [87.543, 61.224], [87.544, 61.224], [87.544, 61.223], [87.544, 61.222], [87.548, 61.21], [87.564, 61.209], [87.565, 61.209], [87.569, 61.22], [87.569, 61.221], [87.57, 61.222], [87.571, 61.222], [87.571, 61.223], [87.572, 61.223], [87.573, 61.223], [87.573, 61.224], [87.629, 61.231], [87.646, 61.241], [87.643, 61.246], [87.643, 61.247], [87.642, 61.247], [87.642, 61.248], [87.642, 61.249], [87.642, 61.25], [87.643, 61.25], [87.643, 61.251], [87.643, 61.252], [87.644, 61.252], [87.644, 61.253], [87.645, 61.254], [87.654, 61.259], [87.654, 61.26], [87.654, 61.261], [87.654, 61.262], [87.654, 61.263], [87.654, 61.264], [87.655, 61.264], [87.655, 61.265], [87.656, 61.266], [87.657, 61.266], [87.657, 61.267], [87.658, 61.267], [87.659, 61.267], [87.66, 61.267], [87.692, 61.267], [87.689, 61.275], [87.689, 61.276], [87.689, 61.277], [87.689, 61.278], [87.689, 61.279], [87.689, 61.28], [87.69, 61.281], [87.691, 61.282], [87.692, 61.282], [87.713, 61.296], [87.705, 61.311], [87.704, 61.311], [87.677, 61.315], [87.676, 61.315], [87.676, 61.316], [87.675, 61.316], [87.674, 61.317], [87.673, 61.317], [87.673, 61.318], [87.672, 61.319], [87.672, 61.32], [87.672, 61.321], [87.672, 61.322], [87.672, 61.323], [87.672, 61.324], [87.673, 61.325], [87.675, 61.328], [87.676, 61.329], [87.676, 61.33], [87.677, 61.33], [87.678, 61.33], [87.678, 61.331], [87.679, 61.331], [87.68, 61.331], [87.681, 61.331], [87.682, 61.331], [87.683, 61.33], [87.688, 61.328], [87.69, 61.333], [87.691, 61.333], [87.691, 61.334], [87.692, 61.334], [87.692, 61.335], [87.693, 61.335], [87.694, 61.336], [87.695, 61.336], [87.696, 61.336], [87.712, 61.336], [87.713, 61.336], [87.713, 61.34], [87.714, 61.34], [87.714, 61.341], [87.715, 61.342], [87.715, 61.343], [87.716, 61.343], [87.717, 61.343], [87.718, 61.344], [87.719, 61.344], [87.72, 61.344], [87.746, 61.341], [87.775, 61.361], [87.776, 61.361], [87.776, 61.362], [87.777, 61.362], [87.778, 61.362], [87.779, 61.362], [87.78, 61.362], [87.794, 61.358], [87.805, 61.363], [87.806, 61.363], [87.807, 61.363], [87.808, 61.363], [87.809, 61.363], [87.81, 61.363], [87.811, 61.362], [87.812, 61.361], [87.813, 61.36], [87.813, 61.359], [87.813, 61.358], [87.813, 61.357], [87.813, 61.35], [87.848, 61.345], [87.849, 61.345], [87.85, 61.345], [87.85, 61.344], [87.851, 61.344], [87.852, 61.343], [87.852, 61.342], [87.853, 61.342], [87.853, 61.341], [87.853, 61.34], [87.853, 61.339], [87.853, 61.338], [87.853, 61.337], [87.852, 61.336], [87.87, 61.328], [87.896, 61.331], [87.897, 61.331], [87.898, 61.331], [87.928, 61.322], [87.94, 61.329], [87.941, 61.33], [87.942, 61.33], [87.943, 61.33], [87.953, 61.33], [87.954, 61.33], [87.955, 61.329], [87.956, 61.329], [87.957, 61.328], [87.958, 61.327], [87.958, 61.326], [87.959, 61.326], [87.959, 61.325], [87.959, 61.324], [87.959, 61.323], [87.959, 61.322], [87.958, 61.321], [87.963, 61.315], [87.992, 61.318], [88.016, 61.332], [88.017, 61.332], [88.018, 61.332], [88.018, 61.333], [88.019, 61.333], [88.02, 61.332], [88.021, 61.332], [88.022, 61.332], [88.023, 61.331], [88.027, 61.327], [88.028, 61.327], [88.053, 61.33], [88.054, 61.331], [88.055, 61.331], [88.055, 61.33], [88.056, 61.33], [88.057, 61.33], [88.058, 61.329], [88.064, 61.323], [88.065, 61.323], [88.096, 61.32], [88.115, 61.334], [88.116, 61.335], [88.117, 61.335], [88.118, 61.335], [88.148, 61.334], [88.148, 61.335], [88.179, 61.346], [88.18, 61.347], [88.181, 61.347], [88.182, 61.347], [88.182, 61.346], [88.183, 61.346], [88.184, 61.346], [88.184, 61.345], [88.953, 60.746], [89.846, 60.8], [89.866, 60.807], [89.867, 60.807], [89.868, 60.807], [89.869, 60.807], [89.91, 60.799], [89.911, 60.799], [90.946, 60.746], [91.965, 60.751], [92.064, 60.807], [92.065, 60.807], [92.066, 60.807], [92.067, 60.807], [92.068, 60.807], [92.089, 60.805], [92.106, 60.819], [92.107, 60.819], [92.108, 60.82], [92.138, 60.829], [92.134, 60.849], [92.134, 60.85], [92.134, 60.851], [92.134, 60.852], [92.134, 60.853], [92.135, 60.853], [92.141, 60.863], [92.134, 60.884], [92.134, 60.885], [92.134, 60.886], [92.134, 60.887], [92.134, 60.888], [92.134, 60.889], [92.135, 60.889], [92.135, 60.89], [92.152, 60.906], [92.153, 60.907], [92.154, 60.907], [92.154, 60.908], [92.155, 60.908], [92.182, 60.916], [92.18, 60.92], [92.179, 60.921], [92.179, 60.922], [92.179, 60.923], [92.179, 60.924], [92.18, 60.925], [92.18, 60.926], [92.181, 60.926], [92.181, 60.927], [92.182, 60.928], [92.183, 60.928], [92.184, 60.928], [92.185, 60.929], [92.191, 60.928], [92.191, 60.929], [92.201, 60.941], [92.202, 60.942], [92.203, 60.943], [92.204, 60.943], [92.234, 60.951], [92.223, 60.972], [92.222, 60.973], [92.222, 60.974], [92.222, 60.975], [92.222, 60.976], [92.222, 60.977], [92.223, 60.977], [92.223, 60.978], [92.224, 60.979], [92.225, 60.98], [92.226, 60.98], [92.226, 60.981], [92.227, 60.981], [92.228, 60.981], [92.229, 60.981], [92.297, 60.971], [92.358, 60.978], [92.359, 60.978], [92.36, 60.978], [92.409, 60.968], [92.44, 60.973], [92.474, 60.997], [92.457, 61.018], [92.453, 61.019], [92.452, 61.019], [92.451, 61.019], [92.45, 61.019], [92.45, 61.02], [92.449, 61.02], [92.449, 61.021], [92.448, 61.021], [92.448, 61.022], [92.448, 61.023], [92.447, 61.023], [92.447, 61.024], [92.447, 61.025], [92.447, 61.026], [92.448, 61.027], [92.448, 61.028], [92.449, 61.028], [92.449, 61.029], [92.45, 61.03], [92.451, 61.03], [92.439, 61.04], [92.438, 61.04], [92.438, 61.041], [92.437, 61.042], [92.437, 61.043], [92.437, 61.044], [92.437, 61.045], [92.44, 61.062], [92.419, 61.076], [92.418, 61.077], [92.417, 61.078], [92.402, 61.108], [92.401, 61.109], [92.401, 61.11], [92.401, 61.111], [92.401, 61.112], [92.401, 61.113], [92.401, 61.114], [92.402, 61.114], [92.402, 61.115], [92.403, 61.116], [92.404, 61.116], [92.404, 61.117], [92.428, 61.128], [92.411, 61.148], [92.41, 61.148], [92.41, 61.149], [92.41, 61.15], [92.41, 61.151], [92.41, 61.152], [92.41, 61.153], [92.41, 61.154], [92.411, 61.155], [92.412, 61.156], [92.465, 61.194], [92.466, 61.194], [92.466, 61.195], [92.467, 61.195], [92.468, 61.195], [92.519, 61.199], [92.52, 61.199], [92.521, 61.199], [92.557, 61.191], [92.558, 61.191], [92.559, 61.191], [92.59, 61.176], [92.591, 61.176], [92.591, 61.175], [92.592, 61.175], [92.626, 61.142], [92.683, 61.129], [92.684, 61.129], [92.685, 61.129], [92.735, 61.106], [92.736, 61.106], [92.737, 61.105], [92.757, 61.087], [92.862, 61.067], [92.902, 61.068], [92.891, 61.086], [92.89, 61.086], [92.89, 61.087], [92.89, 61.088], [92.89, 61.089], [92.89, 61.093], [92.89, 61.094], [92.89, 61.095], [92.89, 61.096], [92.891, 61.096], [92.891, 61.097], [92.892, 61.097], [92.892, 61.098], [92.893, 61.098], [92.894, 61.099], [92.895, 61.099], [92.896, 61.099], [92.897, 61.099], [92.898, 61.099], [92.898, 61.098], [92.902, 61.097], [92.926, 61.105], [92.924, 61.117], [92.924, 61.118], [92.924, 61.119], [92.924, 61.12], [92.925, 61.121], [92.925, 61.122], [92.926, 61.122], [92.926, 61.123], [92.927, 61.123], [92.927, 61.124], [92.939, 61.13], [92.895, 61.144], [92.894, 61.144], [92.893, 61.144], [92.893, 61.145], [92.892, 61.145], [92.892, 61.146], [92.891, 61.146], [92.891, 61.147], [92.891, 61.148], [92.89, 61.149], [92.89, 61.15], [92.892, 61.174], [92.876, 61.195], [92.875, 61.195], [92.84, 61.212], [92.821, 61.214], [92.82, 61.214], [92.819, 61.214], [92.818, 61.214], [92.817, 61.215], [92.817, 61.216], [92.816, 61.216], [92.816, 61.217], [92.815, 61.218], [92.815, 61.219], [92.815, 61.22], [92.815, 61.221], [92.816, 61.222], [92.816, 61.223], [92.817, 61.223], [92.817, 61.224], [92.818, 61.224], [92.818, 61.225], [92.819, 61.225], [92.828, 61.228], [92.829, 61.236], [92.719, 61.275], [92.718, 61.275], [92.659, 61.287], [92.658, 61.287], [92.657, 61.287], [92.634, 61.3], [92.633, 61.3], [92.633, 61.301], [92.632, 61.301], [92.632, 61.302], [92.632, 61.303], [92.631, 61.303], [92.631, 61.304], [92.631, 61.305], [92.631, 61.306], [92.631, 61.307], [92.632, 61.307], [92.632, 61.308], [92.633, 61.31], [92.634, 61.311], [92.634, 61.312], [92.635, 61.312], [92.636, 61.313], [92.637, 61.313], [92.638, 61.313], [92.674, 61.318], [92.675, 61.318], [92.676, 61.318], [92.713, 61.313], [92.828, 61.359], [92.829, 61.36], [92.83, 61.36], [92.831, 61.36], [92.832, 61.359], [92.93, 61.332], [92.976, 61.341], [92.977, 61.341], [93.007, 61.362], [93.008, 61.362], [93.009, 61.363], [93.01, 61.363], [93.011, 61.363], [93.012, 61.363], [93.151, 61.321], [93.152, 61.321], [93.152, 61.32], [93.153, 61.32], [93.154, 61.319], [93.154, 61.318], [93.155, 61.318], [93.155, 61.317], [93.155, 61.316], [93.155, 61.315], [93.155, 61.314], [93.155, 61.313], [93.154, 61.313], [93.154, 61.312], [93.153, 61.311], [93.143, 61.304], [93.154, 61.288], [93.155, 61.287], [93.155, 61.286], [93.155, 61.285], [93.155, 61.284], [93.155, 61.283], [93.155, 61.282], [93.155, 61.281], [93.144, 61.265], [93.156, 61.245], [93.156, 61.244], [93.19, 61.216], [93.191, 61.216], [93.211, 61.212], [93.212, 61.212], [93.213, 61.212], [93.214, 61.211], [93.215, 61.211], [93.215, 61.21], [93.244, 61.176], [93.245, 61.175], [93.317, 61.135], [93.318, 61.134], [93.318, 61.133], [93.319, 61.133], [93.319, 61.132], [93.33, 61.108], [93.343, 61.1], [93.344, 61.1], [93.408, 61.084], [93.409, 61.084], [93.439, 61.091], [93.44, 61.091], [93.441, 61.091], [93.442, 61.091], [93.472, 61.082], [93.53, 61.104], [93.531, 61.104], [93.532, 61.104], [93.567, 61.104], [93.568, 61.104], [93.636, 61.085], [93.637, 61.085], [93.638, 61.084], [93.691, 61.048], [93.732, 61.038], [93.918, 61.058], [93.919, 61.058], [93.92, 61.058], [93.92, 61.057], [93.921, 61.057], [93.965, 61.033], [93.966, 61.032], [93.967, 61.032], [93.967, 61.031], [93.968, 61.031], [93.968, 61.03], [93.968, 61.029], [93.973, 61.005], [94.029, 60.96], [94.04, 60.964], [94.039, 60.972], [94.039, 60.973], [94.039, 60.974], [94.04, 60.975], [94.04, 60.976], [94.041, 60.977], [94.042, 60.978], [94.043, 60.978], [94.101, 60.996], [94.102, 60.996], [94.094, 61.016], [94.094, 61.017], [94.094, 61.018], [94.094, 61.019], [94.094, 61.02], [94.095, 61.021], [94.095, 61.022], [94.096, 61.022], [94.096, 61.023], [94.097, 61.023], [94.097, 61.024], [94.098, 61.024], [94.128, 61.037], [94.142, 61.064], [94.142, 61.065], [94.143, 61.065], [94.143, 61.066], [94.144, 61.066], [94.145, 61.067], [94.146, 61.067], [94.227, 61.087], [94.228, 61.087], [94.229, 61.097], [94.229, 61.098], [94.23, 61.099], [94.23, 61.1], [94.231, 61.1], [94.231, 61.101], [94.232, 61.101], [94.233, 61.102], [94.241, 61.105], [94.242, 61.105], [94.247, 61.116], [94.247, 61.117], [94.248, 61.118], [94.249, 61.119], [94.25, 61.119], [94.251, 61.12], [94.252, 61.12], [94.382, 61.118], [94.453, 61.138], [94.454, 61.138], [94.454, 61.139], [94.457, 61.144], [94.458, 61.145], [94.458, 61.146], [94.459, 61.146], [94.46, 61.146], [94.461, 61.147], [94.507, 61.153], [94.508, 61.153], [94.543, 61.174], [94.544, 61.174], [94.545, 61.175], [94.546, 61.175], [94.547, 61.175], [94.548, 61.175], [94.548, 61.174], [94.549, 61.174], [94.581, 61.158], [94.582, 61.158], [94.613, 61.162], [94.614, 61.162], [94.615, 61.162], [94.616, 61.162], [94.642, 61.151], [94.721, 61.158], [94.722, 61.158], [94.723, 61.158], [94.724, 61.158], [94.724, 61.157], [94.725, 61.157], [94.726, 61.156], [94.727, 61.156], [94.727, 61.155], [94.734, 61.145], [94.783, 61.144], [94.784, 61.144], [94.784, 61.143], [94.785, 61.143], [94.821, 61.124], [94.88, 61.126], [94.881, 61.126], [94.882, 61.125], [94.883, 61.125], [94.919, 61.103], [95.1, 61.096], [95.101, 61.096], [95.102, 61.096], [95.103, 61.095], [95.115, 61.088], [95.115, 61.087], [95.116, 61.087], [95.116, 61.086], [95.117, 61.085], [95.117, 61.084], [95.117, 61.083], [95.118, 61.082], [95.117, 61.082], [95.116, 61.069], [95.148, 61.063], [95.149, 61.063], [95.15, 61.062], [95.151, 61.062], [95.151, 61.061], [95.186, 61.025], [95.187, 61.025], [95.23, 61.003], [95.23, 61.002], [95.231, 61.002], [95.232, 61.001], [95.232, 61.0], [95.233, 61.0], [95.233, 60.999], [95.235, 60.991], [95.235, 60.99], [95.305, 60.967], [95.306, 60.967], [95.307, 60.966], [95.308, 60.966], [95.308, 60.965], [95.309, 60.964], [95.309, 60.963], [95.309, 60.962], [95.31, 60.961], [95.309, 60.96], [95.309, 60.959], [95.309, 60.958], [95.308, 60.957], [95.307, 60.957], [95.301, 60.951], [95.31, 60.932], [95.347, 60.932], [95.348, 60.932], [95.349, 60.931], [95.35, 60.931], [95.351, 60.931], [95.351, 60.93], [95.358, 60.923], [95.359, 60.923], [95.359, 60.922], [95.36, 60.921], [95.36, 60.92], [95.364, 60.9], [95.389, 60.873], [95.389, 60.872], [95.39, 60.871], [95.39, 60.87], [95.39, 60.869], [95.39, 60.868], [95.39, 60.867], [95.39, 60.866], [95.389, 60.865], [95.383, 60.856], [95.383, 60.855], [95.393, 60.842], [95.393, 60.841], [95.394, 60.84], [95.394, 60.839], [95.394, 60.838], [95.394, 60.837], [95.393, 60.837], [95.39, 60.828], [95.4, 60.822], [95.4, 60.821], [95.401, 60.821], [95.402, 60.82], [95.402, 60.819], [95.403, 60.818], [95.403, 60.817], [95.403, 60.816], [95.402, 60.815], [95.402, 60.814], [95.402, 60.813], [95.401, 60.813], [95.401, 60.812], [95.4, 60.812], [95.4, 60.811], [95.366, 60.793], [95.365, 60.793], [95.326, 60.744], [95.391, 60.742], [95.392, 60.742], [95.393, 60.742], [95.477, 60.71], [95.478, 60.709], [95.479, 60.708], [95.48, 60.707], [95.48, 60.706], [95.482, 60.699], [95.482, 60.698], [95.482, 60.697], [95.482, 60.696], [95.481, 60.695], [95.481, 60.694], [95.48, 60.694], [95.48, 60.693], [95.479, 60.693], [95.478, 60.692], [95.43, 60.679], [95.42, 60.663], [95.419, 60.662], [95.419, 60.661], [95.418, 60.661], [95.392, 60.644], [95.392, 60.643], [95.391, 60.643], [95.331, 60.618], [95.33, 60.618], [95.308, 60.587], [95.307, 60.586], [95.306, 60.585], [95.305, 60.585], [95.304, 60.585], [95.258, 60.576], [95.234, 60.563], [95.244, 60.544], [95.244, 60.543], [95.245, 60.542], [95.245, 60.541], [95.244, 60.54], [95.244, 60.539], [95.244, 60.538], [95.243, 60.538], [95.243, 60.537], [95.225, 60.517], [95.227, 60.499], [95.245, 60.482], [95.246, 60.482], [95.276, 60.474], [95.277, 60.474], [95.278, 60.474], [95.278, 60.473], [95.279, 60.473], [95.28, 60.472], [95.28, 60.471], [95.289, 60.452], [95.29, 60.451], [95.29, 60.45], [95.29, 60.449], [95.29, 60.448], [95.289, 60.448], [95.289, 60.447], [95.288, 60.446], [95.266, 60.422], [95.265, 60.422], [95.265, 60.421], [95.264, 60.421], [95.263, 60.421], [95.262, 60.421], [95.262, 60.42], [95.193, 60.414], [95.192, 60.414], [95.191, 60.414], [95.155, 60.423], [95.154, 60.423], [95.114, 60.416], [95.113, 60.416], [95.023, 60.37], [95.022, 60.37], [95.022, 60.352], [95.022, 60.351], [95.021, 60.351], [95.021, 60.35], [95.021, 60.349], [95.02, 60.349], [95.02, 60.348], [95.019, 60.348], [95.019, 60.347], [95.018, 60.347], [94.983, 60.332], [94.988, 60.32], [94.988, 60.319], [94.988, 60.318], [94.988, 60.317], [94.988, 60.316], [94.987, 60.315], [94.987, 60.314], [94.986, 60.314], [94.986, 60.313], [94.985, 60.313], [94.966, 60.303], [94.955, 60.282], [94.955, 60.281], [94.957, 60.274], [94.957, 60.273], [94.957, 60.272], [94.957, 60.271], [94.957, 60.27], [94.956, 60.269], [94.929, 60.237], [94.929, 60.236], [94.967, 60.204], [95.007, 60.199], [95.008, 60.199], [95.009, 60.198], [95.01, 60.198], [95.01, 60.197], [95.011, 60.197], [95.011, 60.196], [95.012, 60.195], [95.012, 60.194], [95.012, 60.193], [95.012, 60.192], [95.012, 60.191], [95.011, 60.191], [95.011, 60.19], [95.0, 60.171], [95.0, 60.17], [94.999, 60.17], [94.998, 60.169], [94.997, 60.169], [94.984, 60.164], [94.987, 60.156], [94.987, 60.155], [94.988, 60.155], [94.988, 60.154], [94.987, 60.153], [94.987, 60.152], [94.987, 60.151], [94.981, 60.138], [94.985, 60.133], [94.985, 60.132], [94.986, 60.131], [94.986, 60.13], [94.986, 60.129], [94.986, 60.128], [94.986, 60.127], [94.985, 60.126], [94.977, 60.113], [95.071, 60.066], [95.072, 60.065], [95.073, 60.064], [95.081, 60.052], [95.081, 60.051], [95.082, 60.05], [95.082, 60.049], [95.082, 60.048], [95.081, 60.047], [95.081, 60.046], [95.075, 60.036], [95.075, 60.035], [95.074, 60.034], [95.073, 60.033], [95.072, 60.033], [95.007, 60.007], [95.025, 59.989], [95.025, 59.988], [95.026, 59.988], [95.026, 59.987], [95.026, 59.986], [95.026, 59.985], [95.026, 59.984], [95.026, 59.983], [95.02, 59.966], [95.021, 59.966], [95.045, 59.94], [95.046, 59.94], [95.046, 59.939], [95.047, 59.939], [95.047, 59.938], [95.047, 59.937], [95.047, 59.936], [95.048, 59.915], [95.062, 59.89], [95.118, 59.866], [95.118, 59.865], [95.119, 59.865], [95.119, 59.864], [95.12, 59.864], [95.12, 59.863], [95.121, 59.863], [95.121, 59.862], [95.129, 59.829], [95.129, 59.828], [95.143, 59.826], [95.144, 59.826], [95.144, 59.825], [95.145, 59.825], [95.146, 59.825], [95.172, 59.804], [95.173, 59.803], [95.174, 59.803], [95.174, 59.802], [95.174, 59.801], [95.175, 59.8], [95.175, 59.799], [95.175, 59.798], [95.175, 59.797], [95.174, 59.796], [95.174, 59.795], [95.173, 59.794], [95.172, 59.793], [95.171, 59.793], [95.17, 59.792], [95.143, 59.785], [95.136, 59.755], [95.149, 59.746], [95.15, 59.746], [95.15, 59.745], [95.151, 59.744], [95.151, 59.743], [95.151, 59.742], [95.151, 59.741], [95.151, 59.735], [95.151, 59.734], [95.152, 59.734], [95.153, 59.734], [95.153, 59.733], [95.154, 59.733], [95.154, 59.732], [95.155, 59.732], [95.155, 59.731], [95.155, 59.73], [95.156, 59.73], [95.156, 59.729], [95.156, 59.728], [95.155, 59.727], [95.155, 59.726], [95.155, 59.725], [95.154, 59.725], [95.153, 59.724], [95.153, 59.723], [95.164, 59.712], [95.195, 59.701], [95.196, 59.701], [95.197, 59.7], [95.198, 59.699], [95.198, 59.698], [95.199, 59.698], [95.199, 59.697], [95.199, 59.696], [95.199, 59.695], [95.199, 59.694], [95.198, 59.694], [95.198, 59.693], [95.198, 59.692], [95.194, 59.688], [95.209, 59.679], [95.21, 59.679], [95.21, 59.678], [95.211, 59.678], [95.211, 59.677], [95.212, 59.677], [95.212, 59.676], [95.212, 59.675], [95.212, 59.674], [95.212, 59.657], [95.241, 59.637], [95.285, 59.638], [95.287, 59.643], [95.288, 59.643], [95.288, 59.644], [95.289, 59.645], [95.29, 59.645], [95.29, 59.646], [95.291, 59.646], [95.292, 59.646], [95.293, 59.646], [95.294, 59.646], [95.295, 59.646], [95.31, 59.639], [95.316, 59.645], [95.317, 59.646], [95.318, 59.646], [95.318, 59.647], [95.319, 59.647], [95.32, 59.647], [95.321, 59.647], [95.404, 59.637], [95.404, 59.636], [95.497, 59.637], [95.498, 59.637], [95.499, 59.637], [95.5, 59.636], [95.544, 59.614], [95.574, 59.608], [95.575, 59.607], [95.576, 59.607], [95.577, 59.606], [95.578, 59.605], [95.578, 59.604], [95.593, 59.576], [95.593, 59.575], [95.726, 59.554], [95.727, 59.554], [95.731, 59.561], [95.731, 59.562], [95.732, 59.562], [95.732, 59.563], [95.733, 59.563], [95.733, 59.564], [95.734, 59.564], [95.764, 59.573], [95.765, 59.573], [95.765, 59.574], [95.763, 59.59], [95.763, 59.591], [95.763, 59.592], [95.763, 59.593], [95.763, 59.594], [95.764, 59.594], [95.764, 59.595], [95.765, 59.595], [95.765, 59.596], [95.784, 59.607], [95.785, 59.607], [95.786, 59.608], [95.83, 59.61], [95.878, 59.626], [95.879, 59.627], [95.88, 59.627], [95.949, 59.628], [95.95, 59.628], [95.951, 59.628], [95.952, 59.628], [95.953, 59.628], [95.978, 59.614], [95.978, 59.613], [95.979, 59.613], [95.98, 59.612], [96.014, 59.566], [96.052, 59.556], [96.114, 59.559], [96.115, 59.559], [96.234, 59.625], [96.235, 59.625], [96.235, 59.626], [96.236, 59.626], [96.237, 59.626], [96.238, 59.626], [96.239, 59.626], [96.261, 59.62], [96.262, 59.62], [96.263, 59.62], [96.263, 59.619], [96.264, 59.619], [96.264, 59.618], [96.265, 59.618], [96.265, 59.617], [96.266, 59.616], [96.266, 59.615], [96.266, 59.614], [96.266, 59.613], [96.266, 59.612], [96.265, 59.611], [96.265, 59.61], [96.264, 59.61], [96.254, 59.6], [96.254, 59.599], [96.272, 59.573], [96.272, 59.572], [96.322, 59.553], [96.323, 59.553], [96.323, 59.552], [96.324, 59.552], [96.325, 59.551], [96.325, 59.55], [96.326, 59.55], [96.326, 59.549], [96.326, 59.548], [96.327, 59.537], [96.327, 59.536], [96.327, 59.535], [96.326, 59.534], [96.326, 59.533], [96.325, 59.533], [96.325, 59.532], [96.324, 59.532], [96.291, 59.512], [96.29, 59.505], [96.352, 59.471], [96.452, 59.473], [96.507, 59.501], [96.519, 59.523], [96.519, 59.524], [96.52, 59.524], [96.52, 59.525], [96.521, 59.525], [96.522, 59.526], [96.554, 59.539], [96.555, 59.539], [96.556, 59.539], [96.557, 59.539], [96.674, 59.534], [96.7, 59.543], [96.701, 59.543], [96.702, 59.544], [96.703, 59.543], [96.751, 59.539], [96.783, 59.549], [96.784, 59.549], [96.785, 59.549], [96.786, 59.549], [96.787, 59.549], [96.828, 59.538], [96.862, 59.55], [96.863, 59.55], [96.904, 59.552], [96.905, 59.552], [96.905, 59.551], [96.959, 59.539], [96.96, 59.539], [97.02, 59.514], [97.021, 59.514], [97.021, 59.513], [97.022, 59.513], [97.022, 59.512], [97.033, 59.5], [97.076, 59.506], [97.077, 59.506], [97.121, 59.5], [97.224, 59.535], [97.222, 59.541], [97.222, 59.542], [97.222, 59.543], [97.222, 59.544], [97.223, 59.544], [97.223, 59.545], [97.223, 59.546], [97.224, 59.546], [97.224, 59.547], [97.225, 59.547], [97.235, 59.554], [97.237, 59.576], [97.237, 59.577], [97.224, 59.589], [97.2, 59.593], [97.2, 59.594], [97.199, 59.594], [97.198, 59.594], [97.198, 59.595], [97.197, 59.595], [97.197, 59.596], [97.196, 59.596], [97.196, 59.597], [97.196, 59.598], [97.196, 59.599], [97.195, 59.599], [97.196, 59.6], [97.196, 59.601], [97.196, 59.602], [97.202, 59.614], [97.203, 59.614], [97.203, 59.615], [97.204, 59.615], [97.204, 59.616], [97.205, 59.616], [97.206, 59.616], [97.278, 59.637], [97.29, 59.652], [97.291, 59.652], [97.291, 59.653], [97.292, 59.653], [97.293, 59.654], [97.294, 59.654], [97.295, 59.654], [97.325, 59.652], [97.361, 59.66], [97.426, 59.69], [97.426, 59.696], [97.426, 59.697], [97.426, 59.698], [97.426, 59.699], [97.427, 59.699], [97.427, 59.7], [97.428, 59.701], [97.429, 59.702], [97.445, 59.71], [97.444, 59.721], [97.444, 59.722], [97.445, 59.722], [97.445, 59.723], [97.445, 59.724], [97.446, 59.725], [97.447, 59.726], [97.448, 59.726], [97.448, 59.727], [97.457, 59.73], [97.458, 59.73], [97.459, 59.73], [97.498, 59.73], [97.499, 59.73], [97.5, 59.73], [97.576, 59.7], [97.695, 59.679], [97.696, 59.679], [97.758, 59.685], [97.789, 59.703], [97.79, 59.703], [97.791, 59.703], [97.792, 59.703], [97.922, 59.701], [97.922, 59.702], [97.93, 59.716], [97.93, 59.717], [97.931, 59.717], [97.931, 59.718], [97.932, 59.718], [97.932, 59.719], [97.933, 59.719], [97.951, 59.725], [97.952, 59.725], [97.952, 59.726], [97.953, 59.726], [98.051, 59.723], [98.052, 59.723], [98.081, 59.739], [98.08, 59.745], [98.08, 59.746], [98.081, 59.747], [98.081, 59.748], [98.082, 59.749], [98.083, 59.75], [98.084, 59.75], [98.084, 59.751], [98.126, 59.767], [98.126, 59.768], [98.127, 59.768], [98.128, 59.768], [98.129, 59.768], [98.212, 59.755], [98.213, 59.755], [98.213, 59.754], [98.214, 59.754], [98.215, 59.754], [98.215, 59.753], [98.216, 59.752], [98.227, 59.738], [98.263, 59.722], [98.299, 59.729], [98.3, 59.729], [98.301, 59.729], [98.337, 59.723], [98.36, 59.746], [98.361, 59.746], [98.361, 59.747], [98.362, 59.747], [98.421, 59.767], [98.443, 59.783], [98.443, 59.784], [98.444, 59.784], [98.445, 59.785], [98.446, 59.785], [98.447, 59.785], [98.448, 59.784], [98.511, 59.767], [98.544, 59.774], [98.545, 59.774], [98.546, 59.774], [98.605, 59.762], [98.606, 59.762], [98.63, 59.769], [98.631, 59.769], [98.643, 59.782], [98.643, 59.783], [98.644, 59.783], [98.645, 59.784], [98.646, 59.784], [98.647, 59.784], [98.799, 59.79], [98.831, 59.815], [98.832, 59.815], [98.832, 59.816], [98.833, 59.816], [98.834, 59.816], [98.878, 59.826], [98.879, 59.826], [98.88, 59.826], [98.881, 59.826], [98.882, 59.825], [98.883, 59.825], [98.883, 59.824], [98.884, 59.824], [98.884, 59.823], [98.898, 59.802], [98.921, 59.795], [98.922, 59.795], [98.923, 59.795], [98.923, 59.794], [98.924, 59.794], [98.924, 59.793], [98.925, 59.793], [98.925, 59.792], [98.925, 59.791], [98.926, 59.791], [98.926, 59.79], [98.926, 59.789], [98.926, 59.788], [98.925, 59.788], [98.925, 59.787], [98.923, 59.783], [98.935, 59.767], [99.001, 59.772], [99.026, 59.809], [99.027, 59.809], [99.028, 59.81], [99.029, 59.81], [99.029, 59.811], [99.102, 59.841], [99.109, 59.867], [99.096, 59.88], [99.096, 59.881], [99.095, 59.881], [99.095, 59.882], [99.095, 59.883], [99.095, 59.884], [99.095, 59.885], [99.095, 59.886], [99.095, 59.887], [99.096, 59.888], [99.097, 59.889], [99.116, 59.906], [99.117, 59.907], [99.118, 59.907], [99.118, 59.908], [99.119, 59.908], [99.155, 59.918], [99.168, 59.934], [99.168, 59.935], [99.169, 59.935], [99.169, 59.936], [99.17, 59.936], [99.224, 59.963], [99.225, 59.963], [99.226, 59.963], [99.279, 59.967], [99.28, 59.967], [99.314, 59.978], [99.314, 59.979], [99.337, 60.001], [99.337, 60.002], [99.338, 60.002], [99.339, 60.003], [99.408, 60.029], [99.409, 60.029], [99.421, 60.059], [99.421, 60.06], [99.41, 60.067], [99.409, 60.068], [99.409, 60.069], [99.408, 60.069], [99.408, 60.07], [99.408, 60.071], [99.408, 60.072], [99.408, 60.073], [99.408, 60.074], [99.408, 60.075], [99.409, 60.075], [99.409, 60.076], [99.41, 60.077], [99.411, 60.077], [99.412, 60.078], [99.473, 60.089], [99.474, 60.089], [99.532, 60.082], [99.578, 60.089], [99.606, 60.109], [99.607, 60.109], [99.607, 60.11], [99.608, 60.11], [99.646, 60.116], [99.647, 60.116], [99.648, 60.116], [99.649, 60.116], [99.687, 60.104], [99.688, 60.104], [99.688, 60.103], [99.689, 60.103], [99.689, 60.102], [99.69, 60.102], [99.69, 60.101], [99.69, 60.1], [99.691, 60.1], [99.693, 60.091], [99.716, 60.082], [99.789, 60.072], [99.79, 60.072], [99.827, 60.078], [99.828, 60.078], [99.829, 60.078], [99.83, 60.078], [99.831, 60.078], [99.831, 60.077], [99.832, 60.077], [99.832, 60.076], [99.833, 60.076], [99.833, 60.075], [99.834, 60.074], [99.834, 60.073], [99.834, 60.072], [99.834, 60.071], [99.839, 60.053], [99.84, 60.052], [99.872, 60.053], [99.873, 60.053], [99.874, 60.053], [99.875, 60.053], [99.875, 60.052], [99.876, 60.052], [99.877, 60.051], [99.889, 60.038], [99.954, 60.038], [99.955, 60.038], [99.956, 60.038], [99.957, 60.037], [99.958, 60.037], [99.958, 60.036], [99.959, 60.036], [99.959, 60.035], [99.96, 60.035], [99.96, 60.034], [99.965, 60.023], [99.998, 60.008], [100.063, 59.995], [100.064, 59.995], [100.065, 59.995], [100.083, 59.984], [100.084, 59.984], [100.084, 59.983], [100.085, 59.983], [100.085, 59.982], [100.086, 59.981], [100.086, 59.98], [100.089, 59.968], [100.089, 59.967], [100.095, 59.963], [100.096, 59.963], [100.096, 59.962], [100.097, 59.961], [100.097, 59.96], [100.097, 59.959], [100.097, 59.958], [100.097, 59.957], [100.097, 59.956], [100.096, 59.955], [100.096, 59.954], [100.095, 59.954], [100.092, 59.952], [100.092, 59.951], [100.09, 59.932], [100.09, 59.931], [100.09, 59.93], [100.09, 59.929], [100.089, 59.929], [100.089, 59.928], [100.088, 59.928], [100.088, 59.927], [100.087, 59.927], [100.086, 59.926], [100.064, 59.918], [100.072, 59.895], [100.113, 59.893], [100.114, 59.893], [100.115, 59.893], [100.116, 59.892], [100.117, 59.892], [100.132, 59.877], [100.192, 59.856], [100.315, 59.841], [100.429, 59.859], [100.43, 59.859], [100.431, 59.859], [100.431, 59.858], [100.432, 59.858], [100.433, 59.858], [100.433, 59.857], [100.434, 59.857], [100.434, 59.856], [100.435, 59.856], [100.435, 59.855], [100.438, 59.849], [100.492, 59.838], [100.493, 59.838], [100.494, 59.837], [100.495, 59.837], [100.495, 59.836], [100.509, 59.819], [100.519, 59.816], [100.52, 59.816], [100.521, 59.815], [100.522, 59.815], [100.522, 59.814], [100.523, 59.813], [100.523, 59.812], [100.524, 59.811], [100.524, 59.81], [100.523, 59.806], [100.524, 59.806], [100.553, 59.788], [100.554, 59.788], [100.625, 59.803], [100.626, 59.803], [100.627, 59.803], [100.645, 59.798], [100.646, 59.798], [100.647, 59.797], [100.648, 59.797], [100.648, 59.796], [100.649, 59.795], [100.649, 59.794], [100.654, 59.782], [100.752, 59.765], [100.811, 59.781], [100.812, 59.781], [100.813, 59.781], [100.864, 59.783], [100.865, 59.783], [100.866, 59.783], [100.936, 59.769], [100.937, 59.769], [100.938, 59.768], [100.939, 59.768], [100.939, 59.767], [100.94, 59.766], [100.94, 59.765], [100.942, 59.759], [100.967, 59.754], [100.968, 59.754], [100.969, 59.753], [101.025, 59.714], [101.068, 59.723], [101.069, 59.723], [101.07, 59.723], [101.177, 59.699], [101.237, 59.708], [101.237, 59.709], [101.238, 59.708], [101.279, 59.705], [101.28, 59.705], [101.281, 59.705], [101.281, 59.704], [101.31, 59.69], [101.311, 59.69], [101.356, 59.7], [101.357, 59.7], [101.358, 59.7], [101.359, 59.7], [101.448, 59.683], [101.449, 59.683], [101.475, 59.692], [101.465, 59.716], [101.465, 59.717], [101.465, 59.718], [101.465, 59.719], [101.465, 59.72], [101.466, 59.72], [101.466, 59.721], [101.466, 59.722], [101.467, 59.722], [101.467, 59.723], [101.468, 59.723], [101.471, 59.725], [101.472, 59.725], [101.473, 59.725], [101.474, 59.725], [101.512, 59.725], [101.573, 59.741], [101.574, 59.741], [101.575, 59.741], [101.622, 59.734], [101.622, 59.733], [101.727, 59.74], [101.728, 59.74], [101.729, 59.74], [101.73, 59.74], [101.789, 59.713], [101.79, 59.713], [101.791, 59.712], [101.791, 59.711], [101.792, 59.711], [101.792, 59.71], [101.792, 59.709], [101.792, 59.708], [101.792, 59.707], [101.792, 59.706], [101.785, 59.684], [101.872, 59.673], [101.873, 59.672], [101.874, 59.672], [101.875, 59.671], [101.886, 59.662], [101.887, 59.662], [102.017, 59.637], [102.018, 59.637], [102.018, 59.636], [102.019, 59.636], [102.042, 59.621], [102.07, 59.621], [102.071, 59.621], [102.072, 59.621], [102.073, 59.621], [102.073, 59.62], [102.074, 59.62], [102.107, 59.589], [102.108, 59.589], [102.15, 59.587], [102.151, 59.587], [102.169, 59.596], [102.17, 59.596], [102.171, 59.596], [102.172, 59.596], [102.173, 59.596], [102.198, 59.59], [102.238, 59.592], [102.398, 59.65], [102.399, 59.65], [102.4, 59.65], [102.401, 59.65], [102.443, 59.647], [102.444, 59.647], [102.445, 59.646], [102.446, 59.646], [102.447, 59.646], [102.461, 59.634], [102.48, 59.633], [102.481, 59.633], [102.482, 59.633], [102.483, 59.632], [102.484, 59.632], [102.484, 59.631], [102.485, 59.63], [102.485, 59.629], [102.486, 59.628], [102.486, 59.627], [102.486, 59.626], [102.485, 59.625], [102.485, 59.624], [102.484, 59.623], [102.483, 59.622], [102.482, 59.622], [102.481, 59.621], [102.456, 59.614], [102.459, 59.607], [102.46, 59.607], [102.46, 59.606], [102.46, 59.605], [102.46, 59.604], [102.46, 59.603], [102.46, 59.602], [102.453, 59.586], [102.453, 59.585], [102.472, 59.562], [102.473, 59.562], [102.473, 59.561], [102.473, 59.56], [102.474, 59.56], [102.474, 59.559], [102.474, 59.558], [102.474, 59.557], [102.473, 59.556], [102.473, 59.555], [102.472, 59.554], [102.454, 59.537], [102.454, 59.524], [102.506, 59.511], [102.506, 59.51], [102.507, 59.51], [102.508, 59.51], [102.525, 59.498], [102.526, 59.498], [102.527, 59.497], [102.527, 59.496], [102.528, 59.495], [102.528, 59.494], [102.528, 59.493], [102.528, 59.492], [102.527, 59.491], [102.527, 59.49], [102.526, 59.489], [102.525, 59.488], [102.518, 59.483], [102.527, 59.471], [102.528, 59.471], [102.568, 59.473], [102.569, 59.473], [102.587, 59.469], [102.588, 59.469], [102.589, 59.468], [102.59, 59.468], [102.59, 59.467], [102.591, 59.467], [102.597, 59.459], [102.632, 59.458], [102.633, 59.458], [102.634, 59.458], [102.634, 59.457], [102.635, 59.457], [102.636, 59.456], [102.637, 59.455], [102.637, 59.454], [102.638, 59.454], [102.639, 59.449], [102.639, 59.448], [102.639, 59.447], [102.639, 59.446], [102.638, 59.441], [102.638, 59.44], [102.637, 59.44], [102.637, 59.439], [102.636, 59.438], [102.635, 59.438], [102.635, 59.437], [102.634, 59.437], [102.573, 59.415], [102.572, 59.415], [102.572, 59.414], [102.571, 59.414], [102.507, 59.413], [102.483, 59.392], [102.478, 59.38], [102.492, 59.332], [102.493, 59.332], [102.522, 59.299], [102.522, 59.298], [102.523, 59.297], [102.523, 59.296], [102.523, 59.295], [102.523, 59.294], [102.523, 59.293], [102.522, 59.293], [102.522, 59.292], [102.522, 59.291], [102.521, 59.291], [102.508, 59.278], [102.516, 59.266], [102.517, 59.266], [102.517, 59.265], [102.517, 59.264], [102.517, 59.263], [102.517, 59.262], [102.517, 59.261], [102.517, 59.26], [102.513, 59.254], [102.513, 59.253], [102.512, 59.252], [102.511, 59.252], [102.511, 59.251], [102.51, 59.251], [102.509, 59.251], [102.466, 59.243], [102.436, 59.215], [102.436, 59.214], [102.476, 59.198], [102.477, 59.197], [102.478, 59.197], [102.478, 59.196], [102.479, 59.196], [102.479, 59.195], [102.479, 59.194], [102.48, 59.194], [102.484, 59.181], [102.551, 59.184], [102.564, 59.2], [102.564, 59.201], [102.565, 59.202], [102.566, 59.202], [102.566, 59.203], [102.567, 59.203], [102.568, 59.203], [102.569, 59.203], [102.57, 59.203], [102.59, 59.198], [102.591, 59.198], [102.615, 59.206], [102.616, 59.206], [102.617, 59.206], [102.618, 59.206], [102.619, 59.206], [102.648, 59.193], [102.783, 59.197], [102.784, 59.197], [102.785, 59.197], [102.819, 59.187], [102.82, 59.187], [102.871, 59.215], [102.871, 59.216], [102.861, 59.238], [102.861, 59.239], [102.861, 59.24], [102.861, 59.241], [102.861, 59.242], [102.861, 59.243], [102.862, 59.243], [102.862, 59.244], [102.863, 59.245], [102.864, 59.246], [102.865, 59.246], [102.866, 59.246], [102.885, 59.251], [102.898, 59.269], [102.899, 59.27], [102.9, 59.27], [102.9, 59.271], [102.901, 59.271], [102.902, 59.271], [102.902, 59.272], [102.926, 59.275], [102.94, 59.291], [102.94, 59.292], [102.941, 59.292], [102.941, 59.293], [102.942, 59.293], [102.943, 59.293], [102.944, 59.293], [102.945, 59.293], [102.984, 59.291], [102.992, 59.304], [102.992, 59.305], [102.993, 59.305], [102.993, 59.306], [102.994, 59.306], [102.994, 59.307], [102.995, 59.307], [103.013, 59.312], [103.014, 59.313], [103.015, 59.313], [103.016, 59.313], [103.016, 59.312], [103.043, 59.306], [103.044, 59.306], [103.045, 59.305], [103.053, 59.298], [103.053, 59.297], [103.054, 59.297], [103.054, 59.296], [103.054, 59.295], [103.055, 59.294], [103.054, 59.293], [103.054, 59.292], [103.054, 59.291], [103.051, 59.286], [103.059, 59.277], [103.06, 59.277], [103.136, 59.254], [103.212, 59.251], [103.223, 59.261], [103.22, 59.272], [103.22, 59.273], [103.22, 59.274], [103.22, 59.275], [103.22, 59.276], [103.221, 59.277], [103.221, 59.278], [103.222, 59.278], [103.223, 59.279], [103.232, 59.284], [103.232, 59.285], [103.233, 59.285], [103.234, 59.285], [103.235, 59.285], [103.236, 59.285], [103.269, 59.281], [103.27, 59.281], [103.271, 59.28], [103.303, 59.263], [103.329, 59.268], [103.33, 59.268], [103.331, 59.268], [103.332, 59.268], [103.344, 59.263], [103.345, 59.263], [103.346, 59.262], [103.347, 59.261], [103.347, 59.26], [103.348, 59.259], [103.348, 59.258], [103.348, 59.257], [103.348, 59.256], [103.347, 59.256], [103.346, 59.252], [103.346, 59.251], [103.346, 59.25], [103.347, 59.249], [103.347, 59.248], [103.346, 59.248], [103.346, 59.247], [103.346, 59.246], [103.345, 59.245], [103.344, 59.244], [103.343, 59.243], [103.342, 59.243], [103.341, 59.243], [103.34, 59.243], [103.238, 59.247], [103.21, 59.233], [103.21, 59.232], [103.224, 59.216], [103.225, 59.216], [103.225, 59.215], [103.225, 59.214], [103.225, 59.213], [103.225, 59.212], [103.225, 59.211], [103.225, 59.21], [103.224, 59.209], [103.22, 59.203], [103.234, 59.197], [103.235, 59.197], [103.236, 59.197], [103.236, 59.196], [103.237, 59.196], [103.237, 59.195], [103.238, 59.195], [103.238, 59.194], [103.238, 59.193], [103.238, 59.192], [103.238, 59.191], [103.238, 59.19], [103.238, 59.189], [103.237, 59.189], [103.237, 59.188], [103.236, 59.187], [103.23, 59.183], [103.235, 59.17], [103.283, 59.153], [103.284, 59.153], [103.285, 59.152], [103.309, 59.131], [103.31, 59.13], [103.316, 59.124], [103.316, 59.123], [103.317, 59.123], [103.317, 59.122], [103.317, 59.121], [103.317, 59.12], [103.318, 59.12], [103.318, 59.119], [103.317, 59.119], [103.317, 59.118], [103.317, 59.117], [103.313, 59.107], [103.313, 59.106], [103.348, 59.083], [103.349, 59.083], [103.349, 59.082], [103.35, 59.081], [103.35, 59.08], [103.355, 59.058], [103.376, 59.05], [103.377, 59.049], [103.378, 59.049], [103.378, 59.048], [103.379, 59.048], [103.379, 59.047], [103.391, 59.025], [103.419, 59.017], [103.432, 59.02], [103.433, 59.02], [103.434, 59.02], [103.435, 59.02], [103.436, 59.02], [103.437, 59.019], [103.46, 59.004], [103.485, 59.01], [103.485, 59.011], [103.486, 59.011], [103.487, 59.011], [103.506, 59.007], [103.507, 59.007], [103.508, 59.007], [103.508, 59.006], [103.509, 59.006], [103.51, 59.005], [103.51, 59.004], [103.515, 58.996], [103.554, 58.994], [103.555, 58.994], [103.556, 58.994], [103.556, 58.993], [103.557, 58.993], [103.558, 58.992], [103.559, 58.991], [103.559, 58.99], [103.56, 58.989], [103.56, 58.988], [103.56, 58.985], [103.56, 58.984], [103.579, 58.977], [103.58, 58.977], [103.58, 58.976], [103.581, 58.976], [103.581, 58.975], [103.582, 58.975], [103.582, 58.974], [103.583, 58.973], [103.583, 58.972], [103.583, 58.971], [103.583, 58.97], [103.582, 58.965], [103.584, 58.964], [103.585, 58.964], [103.586, 58.963], [103.587, 58.963], [103.587, 58.962], [103.588, 58.962], [103.588, 58.961], [103.588, 58.96], [103.589, 58.96], [103.589, 58.959], [103.589, 58.958], [103.589, 58.957], [103.588, 58.957], [103.588, 58.956], [103.588, 58.955], [103.589, 58.942], [103.589, 58.941], [103.623, 58.918], [103.624, 58.918], [103.694, 58.929], [103.695, 58.929], [103.696, 58.929], [103.697, 58.929], [103.698, 58.929], [103.698, 58.928], [103.726, 58.911], [103.727, 58.911], [103.748, 58.914], [103.749, 58.914], [103.75, 58.913], [103.783, 58.904], [103.893, 58.917], [103.894, 58.917], [103.895, 58.917], [103.896, 58.917], [103.934, 58.903], [103.935, 58.903], [103.935, 58.902], [103.936, 58.902], [103.936, 58.901], [103.937, 58.901], [103.937, 58.9], [103.937, 58.899], [103.938, 58.899], [103.938, 58.898], [103.938, 58.897], [103.938, 58.896], [103.937, 58.895], [103.936, 58.89], [103.935, 58.89], [103.936, 58.889], [103.951, 58.869], [103.972, 58.87], [103.973, 58.87], [103.973, 58.869], [103.974, 58.869], [103.975, 58.869], [103.975, 58.868], [103.976, 58.868], [103.977, 58.867], [103.977, 58.866], [103.978, 58.865], [103.978, 58.864], [103.978, 58.863], [103.978, 58.862], [103.975, 58.854], [103.975, 58.853], [103.975, 58.852], [103.974, 58.852], [103.974, 58.851], [103.973, 58.851], [103.972, 58.85], [103.945, 58.835], [103.944, 58.835], [103.95, 58.829], [103.951, 58.828], [103.951, 58.827], [103.952, 58.826], [103.952, 58.825], [103.952, 58.824], [103.946, 58.787], [103.951, 58.781], [103.951, 58.78], [103.952, 58.779], [103.952, 58.778], [103.952, 58.777], [103.952, 58.776], [103.952, 58.775], [103.951, 58.774], [103.951, 58.773], [103.95, 58.773], [103.95, 58.772], [103.949, 58.772], [103.948, 58.771], [103.884, 58.754], [103.884, 58.753], [103.889, 58.733], [103.889, 58.732], [103.92, 58.73], [103.921, 58.73], [103.921, 58.729], [103.922, 58.729], [103.923, 58.729], [103.924, 58.728], [103.935, 58.719], [103.97, 58.723], [104.03, 58.766], [104.031, 58.766], [104.035, 58.779], [104.035, 58.78], [104.036, 58.78], [104.036, 58.781], [104.037, 58.782], [104.038, 58.782], [104.039, 58.783], [104.04, 58.783], [104.041, 58.783], [104.13, 58.773], [104.131, 58.773], [104.132, 58.773], [104.133, 58.772], [104.148, 58.762], [104.166, 58.765], [104.167, 58.765], [104.168, 58.765], [104.169, 58.765], [104.17, 58.765], [104.171, 58.765], [104.171, 58.764], [104.172, 58.764], [104.175, 58.76], [104.176, 58.76], [104.184, 58.77], [104.185, 58.77], [104.185, 58.771], [104.186, 58.771], [104.187, 58.771], [104.188, 58.771], [104.189, 58.771], [104.19, 58.771], [104.191, 58.771], [104.192, 58.771], [104.192, 58.77], [104.193, 58.77], [104.193, 58.769], [104.194, 58.769], [104.194, 58.768], [104.194, 58.767], [104.195, 58.766], [104.195, 58.758], [104.195, 58.757], [104.228, 58.732], [104.229, 58.732], [104.229, 58.731], [104.23, 58.731], [104.23, 58.73], [104.23, 58.729], [104.23, 58.728], [104.231, 58.72], [104.231, 58.719], [104.232, 58.719], [104.252, 58.711], [104.253, 58.711], [104.33, 58.729], [104.331, 58.729], [104.332, 58.729], [104.375, 58.723], [104.376, 58.723], [104.377, 58.722], [104.378, 58.722], [104.378, 58.721], [104.379, 58.72], [104.379, 58.719], [104.38, 58.719], [104.381, 58.714], [104.381, 58.713], [104.381, 58.712], [104.381, 58.711], [104.381, 58.71], [104.38, 58.71], [104.38, 58.709], [104.379, 58.708], [104.343, 58.67], [104.401, 58.644], [104.402, 58.643], [104.403, 58.643], [104.403, 58.642], [104.404, 58.641], [104.404, 58.64], [104.404, 58.639], [104.406, 58.624], [104.407, 58.624], [104.466, 58.604], [104.497, 58.609], [104.498, 58.609], [104.503, 58.619], [104.504, 58.619], [104.504, 58.62], [104.505, 58.62], [104.505, 58.621], [104.506, 58.621], [104.529, 58.633], [104.53, 58.633], [104.531, 58.634], [104.55, 58.634], [104.551, 58.634], [104.552, 58.634], [104.553, 58.634], [104.553, 58.633], [104.569, 58.624], [104.57, 58.624], [104.609, 58.617], [104.629, 58.625], [104.629, 58.626], [104.625, 58.635], [104.625, 58.636], [104.625, 58.637], [104.625, 58.638], [104.625, 58.639], [104.625, 58.64], [104.626, 58.641], [104.626, 58.642], [104.627, 58.642], [104.627, 58.643], [104.629, 58.644], [104.63, 58.644], [104.631, 58.644], [104.631, 58.645], [104.632, 58.645], [104.633, 58.645], [104.663, 58.64], [104.664, 58.64], [104.741, 58.67], [104.742, 58.67], [104.814, 58.672], [104.821, 58.687], [104.821, 58.688], [104.821, 58.689], [104.822, 58.689], [104.822, 58.69], [104.823, 58.69], [104.877, 58.72], [104.88, 58.731], [104.88, 58.732], [104.88, 58.733], [104.881, 58.734], [104.882, 58.735], [104.899, 58.748], [104.822, 58.773], [104.821, 58.773], [104.821, 58.774], [104.82, 58.774], [104.82, 58.775], [104.819, 58.775], [104.819, 58.776], [104.819, 58.777], [104.817, 58.782], [104.817, 58.783], [104.792, 58.793], [104.791, 58.793], [104.79, 58.794], [104.789, 58.795], [104.789, 58.796], [104.788, 58.796], [104.788, 58.797], [104.788, 58.798], [104.788, 58.799], [104.789, 58.807], [104.788, 58.807], [104.769, 58.81], [104.768, 58.81], [104.768, 58.811], [104.767, 58.811], [104.766, 58.812], [104.765, 58.813], [104.765, 58.814], [104.764, 58.815], [104.764, 58.816], [104.764, 58.817], [104.764, 58.818], [104.769, 58.836], [104.77, 58.837], [104.77, 58.838], [104.771, 58.839], [104.772, 58.839], [104.772, 58.84], [104.773, 58.84], [104.785, 58.845], [104.79, 58.859], [104.791, 58.86], [104.791, 58.861], [104.792, 58.861], [104.793, 58.862], [104.794, 58.862], [104.794, 58.863], [104.795, 58.863], [104.805, 58.865], [104.834, 58.894], [104.834, 58.895], [104.835, 58.895], [104.836, 58.896], [104.837, 58.896], [104.894, 58.905], [104.891, 58.915], [104.891, 58.916], [104.891, 58.917], [104.891, 58.918], [104.891, 58.919], [104.892, 58.92], [104.893, 58.921], [104.894, 58.922], [104.895, 58.922], [104.918, 58.929], [104.919, 58.929], [104.925, 58.941], [104.922, 58.944], [104.921, 58.944], [104.921, 58.945], [104.921, 58.946], [104.92, 58.946], [104.92, 58.947], [104.92, 58.948], [104.92, 58.949], [104.92, 58.95], [104.921, 58.951], [104.921, 58.952], [104.922, 58.953], [104.923, 58.953], [104.923, 58.954], [104.924, 58.954], [104.925, 58.954], [104.968, 58.961], [104.969, 58.961], [105.098, 59.011], [105.117, 59.025], [105.113, 59.031], [105.112, 59.031], [105.112, 59.032], [105.112, 59.033], [105.111, 59.034], [105.111, 59.035], [105.111, 59.036], [105.112, 59.037], [105.112, 59.038], [105.113, 59.039], [105.114, 59.04], [105.135, 59.055], [105.136, 59.055], [105.137, 59.056], [105.138, 59.056], [105.139, 59.056], [105.176, 59.052], [105.277, 59.063], [105.304, 59.071], [105.373, 59.116], [105.373, 59.117], [105.349, 59.147], [105.317, 59.158], [105.316, 59.158], [105.315, 59.158], [105.315, 59.159], [105.314, 59.16], [105.314, 59.161], [105.313, 59.161], [105.313, 59.162], [105.313, 59.163], [105.313, 59.164], [105.313, 59.165], [105.313, 59.166], [105.314, 59.166], [105.314, 59.167], [105.314, 59.168], [105.343, 59.197], [105.324, 59.207], [105.323, 59.208], [105.322, 59.209], [105.321, 59.21], [105.321, 59.211], [105.316, 59.228], [105.315, 59.228], [105.307, 59.234], [105.306, 59.234], [105.305, 59.235], [105.305, 59.236], [105.304, 59.236], [105.304, 59.237], [105.304, 59.238], [105.304, 59.239], [105.304, 59.24], [105.304, 59.241], [105.307, 59.249], [105.273, 59.275], [105.227, 59.272], [105.226, 59.272], [105.225, 59.272], [105.224, 59.272], [105.224, 59.273], [105.223, 59.273], [105.222, 59.274], [105.221, 59.275], [105.221, 59.276], [105.215, 59.293], [105.196, 59.295], [105.195, 59.295], [105.194, 59.296], [105.193, 59.296], [105.193, 59.297], [105.192, 59.297], [105.191, 59.298], [105.191, 59.299], [105.191, 59.3], [105.19, 59.301], [105.19, 59.307], [105.189, 59.307], [105.189, 59.308], [105.188, 59.309], [105.188, 59.31], [105.188, 59.311], [105.188, 59.312], [105.188, 59.313], [105.188, 59.314], [105.189, 59.315], [105.189, 59.316], [105.19, 59.316], [105.224, 59.341], [105.234, 59.388], [105.234, 59.389], [105.217, 59.395], [105.216, 59.395], [105.216, 59.396], [105.215, 59.396], [105.215, 59.397], [105.214, 59.397], [105.214, 59.398], [105.213, 59.399], [105.213, 59.4], [105.213, 59.401], [105.213, 59.402], [105.213, 59.403], [105.214, 59.403], [105.214, 59.404], [105.215, 59.405], [105.216, 59.406], [105.219, 59.416], [105.219, 59.417], [105.22, 59.418], [105.221, 59.419], [105.222, 59.42], [105.223, 59.42], [105.246, 59.426], [105.246, 59.427], [105.241, 59.445], [105.205, 59.46], [105.205, 59.461], [105.204, 59.461], [105.203, 59.462], [105.203, 59.463], [105.202, 59.463], [105.202, 59.464], [105.197, 59.481], [105.149, 59.49], [105.082, 59.469], [105.081, 59.469], [105.08, 59.469], [104.999, 59.466], [104.998, 59.466], [104.997, 59.466], [104.977, 59.473], [104.976, 59.473], [104.975, 59.474], [104.974, 59.474], [104.974, 59.475], [104.973, 59.475], [104.973, 59.476], [104.973, 59.477], [104.973, 59.478], [104.972, 59.485], [104.95, 59.497], [104.949, 59.497], [104.949, 59.498], [104.929, 59.521], [104.912, 59.524], [104.911, 59.524], [104.91, 59.524], [104.91, 59.525], [104.86, 59.557], [104.859, 59.557], [104.858, 59.558], [104.858, 59.559], [104.857, 59.559], [104.857, 59.56], [104.857, 59.561], [104.857, 59.562], [104.857, 59.563], [104.86, 59.577], [104.86, 59.578], [104.86, 59.579], [104.861, 59.579], [104.861, 59.58], [104.862, 59.581], [104.863, 59.581], [104.885, 59.592], [104.886, 59.607], [104.886, 59.608], [104.845, 59.611], [104.844, 59.611], [104.844, 59.612], [104.843, 59.612], [104.811, 59.63], [104.81, 59.631], [104.809, 59.632], [104.809, 59.633], [104.808, 59.634], [104.807, 59.639], [104.803, 59.639], [104.802, 59.64], [104.801, 59.64], [104.8, 59.641], [104.799, 59.641], [104.799, 59.642], [104.798, 59.643], [104.798, 59.644], [104.798, 59.645], [104.798, 59.646], [104.798, 59.647], [104.798, 59.648], [104.799, 59.649], [104.799, 59.65], [104.8, 59.65], [104.812, 59.66], [104.813, 59.673], [104.784, 59.682], [104.783, 59.682], [104.783, 59.683], [104.782, 59.683], [104.781, 59.684], [104.781, 59.685], [104.78, 59.685], [104.78, 59.686], [104.78, 59.687], [104.78, 59.688], [104.78, 59.689], [104.78, 59.69], [104.781, 59.691], [104.781, 59.692], [104.782, 59.692], [104.782, 59.693], [104.783, 59.693], [104.835, 59.725], [104.836, 59.726], [104.837, 59.726], [104.854, 59.729], [104.866, 59.741], [104.867, 59.741], [104.866, 59.744], [104.866, 59.745], [104.866, 59.746], [104.866, 59.747], [104.866, 59.748], [104.866, 59.749], [104.867, 59.749], [104.867, 59.75], [104.868, 59.751], [104.869, 59.751], [104.869, 59.752], [104.889, 59.76], [104.89, 59.76], [104.917, 59.765], [104.918, 59.765], [104.919, 59.765], [104.936, 59.76], [104.955, 59.769], [104.956, 59.77], [104.957, 59.77], [104.958, 59.77], [104.959, 59.77], [104.959, 59.769], [104.99, 59.759], [104.991, 59.759], [105.026, 59.773], [105.026, 59.774], [105.025, 59.782], [105.025, 59.783], [105.025, 59.784], [105.025, 59.785], [105.025, 59.786], [105.026, 59.786], [105.026, 59.787], [105.027, 59.787], [105.027, 59.788], [105.035, 59.794], [105.035, 59.795], [105.026, 59.802], [105.025, 59.803], [105.025, 59.804], [105.024, 59.804], [105.024, 59.805], [105.024, 59.806], [105.024, 59.807], [105.024, 59.808], [105.024, 59.809], [105.024, 59.81], [105.028, 59.816], [105.02, 59.823], [105.019, 59.824], [105.018, 59.825], [105.018, 59.826], [105.018, 59.827], [105.018, 59.828], [105.018, 59.829], [105.018, 59.83], [105.018, 59.831], [105.019, 59.831], [105.023, 59.837], [105.023, 59.838], [105.024, 59.838], [105.025, 59.839], [105.026, 59.839], [105.027, 59.839], [105.028, 59.839], [105.029, 59.839], [105.03, 59.839], [105.066, 59.853], [105.065, 59.863], [105.065, 59.864], [105.065, 59.865], [105.066, 59.865], [105.066, 59.866], [105.066, 59.867], [105.067, 59.867], [105.067, 59.868], [105.068, 59.868], [105.069, 59.869], [105.07, 59.869], [105.071, 59.869], [105.072, 59.869], [105.073, 59.869], [105.106, 59.863], [105.152, 59.875], [105.153, 59.876], [105.154, 59.875], [105.155, 59.875], [105.156, 59.875], [105.18, 59.861], [105.247, 59.867], [105.248, 59.867], [105.249, 59.867], [105.25, 59.867], [105.251, 59.866], [105.252, 59.866], [105.252, 59.865], [105.253, 59.865], [105.253, 59.864], [105.259, 59.855], [105.314, 59.85], [105.315, 59.85], [105.316, 59.85], [105.316, 59.849], [105.317, 59.849], [105.318, 59.848], [105.325, 59.84], [105.36, 59.842], [105.361, 59.842], [105.362, 59.842], [105.363, 59.841], [105.364, 59.841], [105.364, 59.84], [105.372, 59.834], [105.383, 59.842], [105.383, 59.843], [105.384, 59.843], [105.385, 59.843], [105.386, 59.843], [105.409, 59.842], [105.416, 59.85], [105.417, 59.851], [105.418, 59.851], [105.418, 59.852], [105.419, 59.852], [105.42, 59.852], [105.421, 59.852], [105.43, 59.853], [105.431, 59.853], [105.432, 59.852], [105.433, 59.852], [105.462, 59.838], [105.463, 59.838], [105.463, 59.837], [105.464, 59.837], [105.464, 59.836], [105.465, 59.836], [105.465, 59.835], [105.465, 59.834], [105.465, 59.833], [105.466, 59.827], [105.466, 59.826], [105.52, 59.844], [105.514, 59.849], [105.513, 59.849], [105.513, 59.85], [105.512, 59.85], [105.512, 59.851], [105.512, 59.852], [105.512, 59.853], [105.512, 59.854], [105.512, 59.855], [105.513, 59.86], [105.513, 59.861], [105.49, 59.871], [105.489, 59.872], [105.488, 59.873], [105.487, 59.874], [105.487, 59.875], [105.487, 59.876], [105.486, 59.883], [105.439, 59.901], [105.438, 59.901], [105.437, 59.901], [105.437, 59.902], [105.436, 59.903], [105.436, 59.904], [105.435, 59.904], [105.435, 59.905], [105.435, 59.906], [105.435, 59.907], [105.435, 59.908], [105.436, 59.909], [105.438, 59.913], [105.435, 59.916], [105.434, 59.917], [105.434, 59.918], [105.433, 59.919], [105.433, 59.92], [105.433, 59.921], [105.434, 59.922], [105.434, 59.923], [105.435, 59.924], [105.435, 59.925], [105.436, 59.925], [105.448, 59.933], [105.431, 59.942], [105.43, 59.943], [105.43, 59.944], [105.429, 59.944], [105.429, 59.945], [105.429, 59.946], [105.428, 59.946], [105.428, 59.947], [105.428, 59.948], [105.428, 59.949], [105.429, 59.949], [105.429, 59.95], [105.429, 59.951], [105.43, 59.951], [105.43, 59.952], [105.431, 59.952], [105.431, 59.953], [105.432, 59.953], [105.433, 59.953], [105.445, 59.957], [105.446, 59.957], [105.447, 59.964], [105.447, 59.965], [105.447, 59.966], [105.447, 59.967], [105.447, 59.968], [105.447, 59.969], [105.448, 59.97], [105.448, 59.971], [105.449, 59.971], [105.45, 59.972], [105.451, 59.972], [105.495, 59.987], [105.496, 59.987], [105.51, 60.0], [105.51, 60.011], [105.509, 60.011], [105.493, 60.023], [105.492, 60.024], [105.491, 60.025], [105.491, 60.026], [105.491, 60.027], [105.491, 60.028], [105.491, 60.029], [105.491, 60.03], [105.491, 60.031], [105.492, 60.031], [105.5, 60.043], [105.5, 60.044], [105.478, 60.052], [105.477, 60.052], [105.476, 60.053], [105.475, 60.054], [105.474, 60.055], [105.468, 60.073], [105.467, 60.074], [105.46, 60.077], [105.459, 60.078], [105.458, 60.079], [105.458, 60.08], [105.457, 60.081], [105.457, 60.082], [105.457, 60.093], [105.457, 60.094], [105.44, 60.11], [105.439, 60.11], [105.439, 60.111], [105.438, 60.111], [105.438, 60.112], [105.438, 60.113], [105.438, 60.114], [105.438, 60.115], [105.441, 60.134], [105.434, 60.145], [105.433, 60.146], [105.433, 60.147], [105.433, 60.148], [105.433, 60.149], [105.433, 60.15], [105.433, 60.151], [105.433, 60.152], [105.434, 60.152], [105.434, 60.153], [105.435, 60.153], [105.435, 60.154], [105.436, 60.154], [105.464, 60.165], [105.464, 60.166], [105.476, 60.181], [105.476, 60.182], [105.475, 60.197], [105.475, 60.198], [105.475, 60.199], [105.475, 60.2], [105.476, 60.201], [105.476, 60.202], [105.477, 60.202], [105.478, 60.203], [105.479, 60.203], [105.505, 60.212], [105.512, 60.23], [105.481, 60.225], [105.48, 60.225], [105.479, 60.225], [105.478, 60.225], [105.478, 60.226], [105.477, 60.226], [105.476, 60.226], [105.467, 60.233], [105.466, 60.233], [105.466, 60.234], [105.465, 60.235], [105.465, 60.236], [105.465, 60.237], [105.465, 60.238], [105.465, 60.239], [105.465, 60.24], [105.472, 60.253], [105.416, 60.273], [105.39, 60.278], [105.389, 60.278], [105.374, 60.272], [105.373, 60.272], [105.372, 60.272], [105.371, 60.272], [105.37, 60.272], [105.369, 60.273], [105.368, 60.273], [105.368, 60.274], [105.367, 60.274], [105.367, 60.275], [105.366, 60.275], [105.366, 60.276], [105.366, 60.277], [105.366, 60.278], [105.366, 60.279], [105.366, 60.28], [105.366, 60.281], [105.344, 60.304], [105.232, 60.28], [105.231, 60.28], [105.23, 60.28], [105.157, 60.296], [105.148, 60.29], [105.147, 60.29], [105.146, 60.29], [105.146, 60.289], [105.145, 60.289], [105.144, 60.289], [105.143, 60.29], [105.142, 60.29], [105.128, 60.296], [105.114, 60.293], [105.113, 60.293], [105.112, 60.293], [105.111, 60.293], [105.111, 60.294], [105.11, 60.294], [105.083, 60.307], [105.082, 60.307], [105.021, 60.304], [105.02, 60.304], [105.01, 60.299], [105.009, 60.298], [105.008, 60.298], [105.007, 60.298], [105.006, 60.298], [105.005, 60.298], [105.004, 60.299], [104.997, 60.304], [104.972, 60.295], [104.971, 60.295], [104.97, 60.295], [104.969, 60.295], [104.968, 60.295], [104.967, 60.296], [104.949, 60.308], [104.905, 60.305], [104.904, 60.305], [104.903, 60.305], [104.869, 60.314], [104.868, 60.314], [104.868, 60.315], [104.867, 60.315], [104.866, 60.316], [104.866, 60.317], [104.865, 60.317], [104.865, 60.318], [104.865, 60.319], [104.864, 60.319], [104.864, 60.32], [104.864, 60.321], [104.865, 60.321], [104.865, 60.322], [104.865, 60.323], [104.866, 60.324], [104.867, 60.325], [104.875, 60.33], [104.875, 60.331], [104.854, 60.351], [104.854, 60.352], [104.853, 60.352], [104.804, 60.366], [104.803, 60.366], [104.802, 60.367], [104.801, 60.367], [104.801, 60.368], [104.79, 60.381], [104.688, 60.402], [104.687, 60.402], [104.687, 60.403], [104.669, 60.411], [104.668, 60.411], [104.667, 60.412], [104.666, 60.413], [104.666, 60.414], [104.665, 60.414], [104.665, 60.415], [104.665, 60.416], [104.665, 60.417], [104.665, 60.418], [104.666, 60.419], [104.666, 60.42], [104.667, 60.42], [104.667, 60.421], [104.668, 60.421], [104.669, 60.422], [104.67, 60.422], [104.683, 60.424], [104.666, 60.437], [104.665, 60.437], [104.665, 60.438], [104.664, 60.439], [104.664, 60.44], [104.663, 60.441], [104.663, 60.442], [104.664, 60.443], [104.664, 60.444], [104.666, 60.449], [104.665, 60.449], [104.663, 60.451], [104.662, 60.452], [104.661, 60.453], [104.661, 60.454], [104.66, 60.455], [104.66, 60.456], [104.66, 60.457], [104.661, 60.458], [104.661, 60.459], [104.662, 60.46], [104.672, 60.472], [104.653, 60.478], [104.652, 60.479], [104.651, 60.479], [104.651, 60.48], [104.65, 60.48], [104.65, 60.481], [104.649, 60.481], [104.649, 60.482], [104.649, 60.483], [104.649, 60.484], [104.649, 60.485], [104.65, 60.491], [104.65, 60.492], [104.649, 60.493], [104.649, 60.494], [104.65, 60.494], [104.65, 60.495], [104.65, 60.496], [104.65, 60.497], [104.651, 60.497], [104.652, 60.498], [104.653, 60.498], [104.653, 60.499], [104.654, 60.499], [104.658, 60.5], [104.646, 60.508], [104.645, 60.509], [104.644, 60.51], [104.644, 60.511], [104.644, 60.512], [104.644, 60.513], [104.644, 60.514], [104.644, 60.515], [104.644, 60.516], [104.645, 60.516], [104.649, 60.522], [104.619, 60.525], [104.618, 60.525], [104.617, 60.526], [104.616, 60.526], [104.616, 60.527], [104.615, 60.527], [104.615, 60.528], [104.605, 60.541], [104.59, 60.542], [104.589, 60.542], [104.588, 60.542], [104.587, 60.542], [104.587, 60.543], [104.586, 60.543], [104.568, 60.558], [104.567, 60.559], [104.566, 60.559], [104.566, 60.56], [104.566, 60.561], [104.566, 60.562], [104.565, 60.562], [104.565, 60.563], [104.566, 60.564], [104.566, 60.565], [104.566, 60.566], [104.567, 60.567], [104.568, 60.567], [104.568, 60.568], [104.574, 60.572], [104.571, 60.578], [104.571, 60.579], [104.57, 60.58], [104.57, 60.581], [104.57, 60.582], [104.571, 60.582], [104.571, 60.583], [104.575, 60.591], [104.55, 60.596], [104.549, 60.596], [104.549, 60.597], [104.548, 60.597], [104.547, 60.598], [104.546, 60.598], [104.546, 60.599], [104.546, 60.6], [104.545, 60.601], [104.545, 60.602], [104.545, 60.603], [104.545, 60.604], [104.546, 60.605], [104.546, 60.606], [104.547, 60.606], [104.547, 60.607], [104.548, 60.607], [104.541, 60.619], [104.54, 60.619], [104.519, 60.621], [104.518, 60.621], [104.518, 60.622], [104.517, 60.622], [104.516, 60.622], [104.516, 60.623], [104.515, 60.623], [104.515, 60.624], [104.514, 60.624], [104.514, 60.625], [104.514, 60.626], [104.513, 60.626], [104.513, 60.627], [104.513, 60.628], [104.514, 60.629], [104.514, 60.63], [104.514, 60.631], [104.515, 60.631], [104.515, 60.632], [104.516, 60.632], [104.516, 60.633], [104.568, 60.662], [104.566, 60.678], [104.566, 60.679], [104.566, 60.68], [104.566, 60.681], [104.567, 60.682], [104.567, 60.683], [104.568, 60.683], [104.569, 60.684], [104.592, 60.697], [104.614, 60.726], [104.582, 60.773], [104.555, 60.784], [104.554, 60.784], [104.517, 60.787], [104.516, 60.787], [104.515, 60.788], [104.514, 60.788], [104.514, 60.789], [104.513, 60.789], [104.512, 60.79], [104.512, 60.791], [104.508, 60.8], [104.507, 60.8], [104.492, 60.807], [104.491, 60.808], [104.49, 60.809], [104.49, 60.81], [104.489, 60.81], [104.489, 60.811], [104.489, 60.812], [104.486, 60.838], [104.485, 60.839], [104.485, 60.84], [104.485, 60.841], [104.485, 60.842], [104.485, 60.843], [104.485, 60.844], [104.486, 60.844], [104.486, 60.845], [104.487, 60.846], [104.488, 60.846], [104.488, 60.847], [104.489, 60.847], [104.611, 60.881], [104.638, 60.903], [104.625, 60.925], [104.593, 60.936], [104.592, 60.936], [104.591, 60.937], [104.587, 60.942], [104.586, 60.943], [104.586, 60.944], [104.585, 60.944], [104.585, 60.945], [104.585, 60.946], [104.585, 60.947], [104.585, 60.948], [104.586, 60.949], [104.586, 60.95], [104.587, 60.95], [104.587, 60.951], [104.627, 60.986], [104.617, 60.998], [104.617, 60.999], [104.616, 61.0], [104.616, 61.001], [104.616, 61.002], [104.616, 61.003], [104.616, 61.004], [104.617, 61.005], [104.617, 61.006], [104.618, 61.006], [104.648, 61.036], [104.625, 61.051], [104.624, 61.051], [104.623, 61.052], [104.623, 61.053], [104.622, 61.054], [104.622, 61.055], [104.622, 61.056], [104.622, 61.057], [104.622, 61.058], [104.627, 61.071], [104.628, 61.072], [104.628, 61.073], [104.629, 61.073], [104.629, 61.074], [104.63, 61.074], [104.631, 61.075], [104.632, 61.075], [104.697, 61.083], [104.721, 61.097], [104.719, 61.107], [104.719, 61.108], [104.719, 61.109], [104.719, 61.11], [104.72, 61.11], [104.72, 61.111], [104.72, 61.112], [104.721, 61.112], [104.722, 61.113], [104.723, 61.113], [104.833, 61.158], [104.853, 61.184], [104.853, 61.185], [104.854, 61.185], [104.855, 61.186], [104.856, 61.186], [104.857, 61.186], [104.858, 61.186], [104.903, 61.184], [104.904, 61.184], [104.913, 61.19], [104.914, 61.19], [104.915, 61.19], [104.916, 61.19], [104.917, 61.19], [104.958, 61.183], [104.959, 61.183], [104.987, 61.19], [104.988, 61.19], [104.989, 61.19], [104.99, 61.19], [105.048, 61.175], [105.049, 61.175], [105.041, 61.197], [105.041, 61.198], [105.033, 61.2], [105.032, 61.201], [105.031, 61.201], [105.031, 61.202], [105.03, 61.202], [105.03, 61.203], [105.03, 61.204], [105.029, 61.205], [105.029, 61.206], [105.029, 61.207], [105.029, 61.208], [105.034, 61.223], [105.004, 61.241], [105.004, 61.242], [105.003, 61.242], [105.002, 61.243], [105.002, 61.244], [105.002, 61.245], [105.002, 61.246], [105.002, 61.247], [105.002, 61.248], [105.004, 61.252], [104.995, 61.262], [104.994, 61.263], [104.994, 61.264], [104.994, 61.265], [104.993, 61.266], [104.993, 61.267], [104.994, 61.276], [104.955, 61.293], [104.954, 61.293], [104.954, 61.294], [104.953, 61.294], [104.953, 61.295], [104.952, 61.296], [104.952, 61.297], [104.952, 61.298], [104.952, 61.299], [104.952, 61.3], [104.952, 61.301], [104.953, 61.302], [104.954, 61.303], [104.955, 61.304], [104.959, 61.306], [104.953, 61.32], [104.826, 61.344], [104.825, 61.344], [104.824, 61.344], [104.823, 61.345], [104.822, 61.346], [104.821, 61.347], [104.821, 61.348], [104.821, 61.349], [104.821, 61.35], [104.821, 61.351], [104.821, 61.352], [104.822, 61.353], [104.822, 61.354], [104.823, 61.354], [104.824, 61.355], [104.825, 61.355], [104.826, 61.355], [104.908, 61.368], [104.912, 61.386], [104.912, 61.387], [104.912, 61.388], [104.913, 61.388], [104.913, 61.389], [104.914, 61.389], [104.914, 61.39], [104.915, 61.39], [104.915, 61.391], [104.916, 61.391], [104.917, 61.391], [104.996, 61.397], [105.008, 61.406], [105.008, 61.407], [105.009, 61.407], [105.01, 61.407], [105.011, 61.407], [105.012, 61.407], [105.063, 61.401], [105.154, 61.419], [105.155, 61.419], [105.156, 61.419], [105.157, 61.419], [105.157, 61.418], [105.185, 61.409], [105.283, 61.419], [105.296, 61.451], [105.286, 61.457], [105.285, 61.457], [105.284, 61.458], [105.283, 61.459], [105.283, 61.46], [105.282, 61.461], [105.282, 61.462], [105.282, 61.463], [105.283, 61.464], [105.283, 61.465], [105.284, 61.466], [105.284, 61.467], [105.285, 61.467], [105.286, 61.468], [105.287, 61.468], [105.299, 61.472], [105.3, 61.482], [105.3, 61.483], [105.301, 61.484], [105.301, 61.485], [105.302, 61.485], [105.302, 61.486], [105.303, 61.486], [105.303, 61.487], [105.325, 61.497], [105.323, 61.504], [105.323, 61.505], [105.323, 61.506], [105.323, 61.507], [105.323, 61.508], [105.323, 61.509], [105.324, 61.509], [105.324, 61.51], [105.325, 61.51], [105.325, 61.511], [105.326, 61.511], [105.327, 61.512], [105.363, 61.523], [105.374, 61.532], [105.374, 61.533], [105.374, 61.534], [105.374, 61.535], [105.374, 61.536], [105.375, 61.537], [105.375, 61.538], [105.376, 61.538], [105.376, 61.539], [105.377, 61.539], [105.378, 61.54], [105.379, 61.54], [105.454, 61.554], [105.504, 61.574], [105.505, 61.574], [105.506, 61.574], [105.507, 61.574], [105.551, 61.574], [105.586, 61.586], [105.587, 61.586], [105.598, 61.599], [105.598, 61.6], [105.594, 61.61], [105.594, 61.611], [105.594, 61.612], [105.594, 61.613], [105.594, 61.614], [105.595, 61.614], [105.595, 61.615], [105.595, 61.616], [105.596, 61.616], [105.596, 61.617], [105.597, 61.617], [105.598, 61.617], [105.598, 61.618], [105.599, 61.618], [105.614, 61.62], [105.615, 61.62], [105.63, 61.635], [105.631, 61.636], [105.632, 61.636], [105.669, 61.65], [105.67, 61.65], [105.726, 61.655], [105.727, 61.655], [105.728, 61.655], [105.814, 61.625], [105.843, 61.656], [105.844, 61.656], [105.845, 61.657], [105.846, 61.657], [105.882, 61.666], [105.882, 61.667], [105.883, 61.672], [105.883, 61.673], [105.883, 61.674], [105.884, 61.675], [105.884, 61.676], [105.885, 61.676], [105.886, 61.677], [105.897, 61.681], [105.898, 61.681], [105.898, 61.682], [105.899, 61.682], [105.982, 61.686], [105.974, 61.703], [105.973, 61.704], [105.973, 61.705], [105.973, 61.706], [105.973, 61.707], [105.973, 61.708], [105.974, 61.709], [105.978, 61.716], [105.944, 61.764], [105.944, 61.765], [105.943, 61.766], [105.943, 61.767], [105.943, 61.768], [105.943, 61.769], [105.944, 61.77], [105.944, 61.771], [105.948, 61.776], [105.948, 61.777], [105.945, 61.787], [105.931, 61.794], [105.93, 61.794], [105.93, 61.795], [105.929, 61.795], [105.929, 61.796], [105.928, 61.796], [105.928, 61.797], [105.918, 61.816], [105.918, 61.817], [105.909, 61.817], [105.908, 61.817], [105.907, 61.817], [105.906, 61.817], [105.906, 61.818], [105.905, 61.818], [105.905, 61.819], [105.904, 61.819], [105.901, 61.824], [105.9, 61.824], [105.9, 61.825], [105.9, 61.826], [105.899, 61.826], [105.899, 61.827], [105.899, 61.828], [105.899, 61.829], [105.902, 61.839], [105.902, 61.84], [105.903, 61.841], [105.903, 61.842], [105.904, 61.842], [105.904, 61.843], [105.905, 61.843], [106.051, 61.914], [106.086, 61.942], [106.087, 61.942], [106.088, 61.943], [106.089, 61.943], [106.202, 61.969], [106.202, 61.97], [106.21, 61.983], [106.211, 61.984], [106.212, 61.985], [106.213, 61.985], [106.214, 61.985], [106.25, 61.994], [106.25, 61.995], [106.253, 62.006], [106.253, 62.007], [106.254, 62.007], [106.254, 62.008], [106.255, 62.009], [106.256, 62.01], [106.257, 62.01], [106.277, 62.019], [106.278, 62.019], [106.311, 62.031], [106.312, 62.031], [106.313, 62.031], [106.398, 62.039], [106.399, 62.039], [106.41, 62.058], [106.402, 62.068], [106.401, 62.069], [106.401, 62.07], [106.401, 62.071], [106.4, 62.072], [106.401, 62.073], [106.401, 62.074], [106.401, 62.075], [106.402, 62.075], [106.402, 62.076], [106.403, 62.077], [106.414, 62.084], [106.415, 62.084], [106.415, 62.085], [106.417, 62.098], [106.417, 62.099], [106.406, 62.107], [106.405, 62.107], [106.404, 62.108], [106.404, 62.109], [106.403, 62.109], [106.403, 62.11], [106.403, 62.111], [106.403, 62.112], [106.403, 62.113], [106.403, 62.114], [106.404, 62.114], [106.404, 62.115], [106.406, 62.117], [106.406, 62.118], [106.394, 62.128], [106.394, 62.129], [106.393, 62.129], [106.393, 62.13], [106.393, 62.131], [106.393, 62.132], [106.393, 62.138], [106.393, 62.139], [106.393, 62.14], [106.393, 62.141], [106.394, 62.141], [106.394, 62.142], [106.395, 62.143], [106.396, 62.143], [106.396, 62.144], [106.429, 62.158], [106.439, 62.176], [106.439, 62.177], [106.437, 62.179], [106.437, 62.18], [106.436, 62.181], [106.436, 62.182], [106.436, 62.183], [106.436, 62.184], [106.437, 62.184], [106.437, 62.185], [106.437, 62.186], [106.438, 62.187], [106.439, 62.187], [106.439, 62.188], [106.454, 62.196], [106.443, 62.208], [106.442, 62.209], [106.442, 62.21], [106.441, 62.21], [106.441, 62.211], [106.441, 62.212], [106.441, 62.213], [106.441, 62.214], [106.442, 62.215], [106.442, 62.216], [106.443, 62.216], [106.443, 62.217], [106.444, 62.217], [106.455, 62.223], [106.455, 62.224], [106.47, 62.261], [106.411, 62.26], [106.41, 62.26], [106.409, 62.261], [106.408, 62.261], [106.407, 62.262], [106.407, 62.263], [106.406, 62.263], [106.406, 62.264], [106.402, 62.272], [106.402, 62.273], [106.385, 62.277], [106.384, 62.277], [106.383, 62.278], [106.382, 62.278], [106.382, 62.279], [106.381, 62.279], [106.381, 62.28], [106.381, 62.281], [106.38, 62.281], [106.38, 62.282], [106.38, 62.283], [106.38, 62.284], [106.381, 62.285], [106.381, 62.286], [106.382, 62.287], [106.383, 62.288], [106.384, 62.288], [106.412, 62.298], [106.418, 62.308], [106.418, 62.309], [106.415, 62.317], [106.414, 62.317], [106.414, 62.318], [106.414, 62.319], [106.414, 62.32], [106.415, 62.321], [106.415, 62.322], [106.416, 62.323], [106.417, 62.324], [106.418, 62.324], [106.419, 62.325], [106.42, 62.325], [106.463, 62.325], [106.487, 62.337], [106.488, 62.357], [106.463, 62.365], [106.462, 62.365], [106.461, 62.365], [106.461, 62.366], [106.46, 62.366], [106.46, 62.367], [106.444, 62.386], [106.444, 62.387], [106.443, 62.388], [106.443, 62.389], [106.443, 62.39], [106.443, 62.391], [106.444, 62.392], [106.444, 62.393], [106.445, 62.393], [106.445, 62.394], [106.446, 62.394], [106.446, 62.395], [106.447, 62.395], [106.465, 62.4], [106.466, 62.401], [106.467, 62.401], [106.468, 62.401], [106.548, 62.392], [106.576, 62.402], [106.586, 62.412], [106.583, 62.417], [106.583, 62.418], [106.582, 62.418], [106.582, 62.419], [106.582, 62.42], [106.582, 62.421], [106.583, 62.421], [106.583, 62.422], [106.583, 62.423], [106.584, 62.423], [106.584, 62.424], [106.585, 62.425], [106.631, 62.459], [106.632, 62.459], [106.633, 62.46], [106.712, 62.486], [106.713, 62.486], [106.759, 62.493], [106.724, 62.541], [106.724, 62.542], [106.692, 62.557], [106.691, 62.557], [106.69, 62.558], [106.689, 62.559], [106.689, 62.56], [106.688, 62.561], [106.688, 62.562], [106.688, 62.563], [106.689, 62.564], [106.689, 62.565], [106.689, 62.566], [106.69, 62.566], [106.69, 62.567], [106.691, 62.567], [106.691, 62.568], [106.7, 62.572], [106.701, 62.573], [106.716, 62.599], [106.716, 62.6], [106.717, 62.6], [106.717, 62.601], [106.718, 62.601], [106.718, 62.602], [106.719, 62.602], [106.72, 62.602], [106.721, 62.602], [106.722, 62.602], [106.782, 62.599], [106.804, 62.607], [106.8, 62.627], [106.773, 62.644], [106.715, 62.659], [106.635, 62.665], [106.634, 62.665], [106.595, 62.678], [106.594, 62.679], [106.593, 62.679], [106.593, 62.68], [106.592, 62.68], [106.592, 62.681], [106.591, 62.682], [106.591, 62.683], [106.591, 62.684], [106.591, 62.685], [106.592, 62.688], [106.581, 62.694], [106.518, 62.694], [106.517, 62.694], [106.479, 62.702], [106.478, 62.702], [106.478, 62.703], [106.477, 62.703], [106.476, 62.704], [106.476, 62.705], [106.475, 62.705], [106.475, 62.706], [106.475, 62.707], [106.475, 62.708], [106.475, 62.709], [106.475, 62.71], [106.475, 62.711], [106.476, 62.711], [106.476, 62.712], [106.477, 62.713], [106.478, 62.713], [106.516, 62.728], [106.51, 62.739], [106.51, 62.74], [106.51, 62.741], [106.51, 62.742], [106.51, 62.743], [106.51, 62.744], [106.511, 62.744], [106.511, 62.745], [106.512, 62.746], [106.523, 62.756], [106.523, 62.757], [106.52, 62.776], [106.52, 62.777], [106.515, 62.78], [106.514, 62.78], [106.514, 62.781], [106.513, 62.781], [106.513, 62.782], [106.512, 62.783], [106.512, 62.784], [106.512, 62.785], [106.512, 62.786], [106.512, 62.787], [106.513, 62.788], [106.516, 62.794], [106.455, 62.816], [106.454, 62.816], [106.454, 62.817], [106.453, 62.817], [106.452, 62.818], [106.452, 62.819], [106.451, 62.819], [106.451, 62.82], [106.451, 62.821], [106.45, 62.83], [106.45, 62.831], [106.451, 62.832], [106.451, 62.833], [106.451, 62.834], [106.452, 62.834], [106.461, 62.845], [106.438, 62.868], [106.365, 62.888], [106.364, 62.888], [106.317, 62.88], [106.316, 62.88], [106.315, 62.88], [106.314, 62.88], [106.314, 62.881], [106.313, 62.881], [106.312, 62.881], [106.308, 62.885], [106.307, 62.886], [106.306, 62.887], [106.306, 62.888], [106.306, 62.889], [106.306, 62.89], [106.306, 62.891], [106.307, 62.897], [106.291, 62.902], [106.29, 62.902], [106.29, 62.903], [106.289, 62.903], [106.289, 62.904], [106.288, 62.904], [106.288, 62.905], [106.287, 62.905], [106.287, 62.906], [106.284, 62.914], [106.251, 62.925], [106.208, 62.926], [106.207, 62.926], [106.206, 62.926], [106.206, 62.927], [106.205, 62.927], [106.204, 62.927], [106.204, 62.928], [106.203, 62.928], [106.203, 62.929], [106.202, 62.93], [106.202, 62.931], [106.202, 62.932], [106.202, 62.933], [106.202, 62.934], [106.202, 62.935], [106.203, 62.936], [106.204, 62.937], [106.204, 62.938], [106.199, 62.947], [106.199, 62.948], [106.198, 62.948], [106.198, 62.949], [106.198, 62.95], [106.198, 62.951], [106.198, 62.952], [106.199, 62.952], [106.202, 62.962], [106.193, 62.973], [106.157, 62.978], [106.156, 62.979], [106.155, 62.979], [106.154, 62.98], [106.153, 62.981], [106.153, 62.982], [106.152, 62.982], [106.152, 62.983], [106.152, 62.984], [106.152, 62.985], [106.152, 62.986], [106.153, 62.987], [106.153, 62.988], [106.154, 62.988], [106.154, 62.989], [106.175, 63.008], [106.141, 63.035], [106.14, 63.036], [106.14, 63.037], [106.139, 63.037], [106.139, 63.038], [106.139, 63.039], [106.139, 63.04], [106.139, 63.041], [106.139, 63.042], [106.144, 63.052], [106.144, 63.053], [106.135, 63.056], [106.134, 63.056], [106.133, 63.057], [106.132, 63.057], [106.132, 63.058], [106.131, 63.059], [106.131, 63.06], [106.127, 63.077], [106.127, 63.078], [106.127, 63.079], [106.128, 63.08], [106.128, 63.081], [106.129, 63.082], [106.13, 63.083], [106.131, 63.083], [106.132, 63.084], [106.133, 63.084], [106.222, 63.085], [106.317, 63.103], [106.318, 63.103], [106.355, 63.103], [106.4, 63.122], [106.415, 63.147], [106.396, 63.167], [106.395, 63.168], [106.395, 63.169], [106.394, 63.17], [106.394, 63.171], [106.394, 63.172], [106.395, 63.173], [106.398, 63.181], [106.398, 63.182], [106.399, 63.183], [106.4, 63.184], [106.443, 63.218], [106.423, 63.239], [106.361, 63.248], [106.36, 63.248], [106.359, 63.249], [106.358, 63.249], [106.358, 63.25], [106.357, 63.251], [106.357, 63.252], [106.356, 63.252], [106.356, 63.253], [106.356, 63.254], [106.356, 63.255], [106.356, 63.256], [106.358, 63.261], [106.358, 63.262], [106.359, 63.262], [106.359, 63.263], [106.36, 63.264], [106.361, 63.264], [106.361, 63.265], [106.38, 63.274], [106.374, 63.288], [106.371, 63.289], [106.37, 63.289], [106.369, 63.289], [106.368, 63.289], [106.368, 63.29], [106.367, 63.29], [106.367, 63.291], [106.366, 63.291], [106.366, 63.292], [106.366, 63.293], [106.365, 63.293], [106.365, 63.294], [106.365, 63.295], [106.365, 63.296], [106.365, 63.297], [106.366, 63.297], [106.366, 63.298], [106.367, 63.299], [106.367, 63.3], [106.368, 63.3], [106.369, 63.3], [106.422, 63.321], [106.415, 63.337], [106.415, 63.338], [106.414, 63.339], [106.414, 63.34], [106.414, 63.341], [106.415, 63.342], [106.415, 63.343], [106.419, 63.35], [106.419, 63.351], [106.42, 63.351], [106.42, 63.352], [106.421, 63.352], [106.421, 63.353], [106.422, 63.353], [106.423, 63.353], [106.44, 63.356], [106.441, 63.356], [106.442, 63.356], [106.443, 63.356], [106.444, 63.356], [106.445, 63.355], [106.465, 63.339], [106.465, 63.338], [106.497, 63.335], [106.498, 63.335], [106.499, 63.334], [106.5, 63.334], [106.501, 63.333], [106.519, 63.318], [106.575, 63.322], [106.576, 63.322], [106.621, 63.312], [106.622, 63.312], [106.661, 63.321], [106.661, 63.322], [106.679, 63.35], [106.68, 63.35], [106.681, 63.351], [106.682, 63.352], [106.723, 63.372], [106.719, 63.383], [106.719, 63.384], [106.719, 63.385], [106.719, 63.386], [106.719, 63.387], [106.72, 63.388], [106.72, 63.389], [106.721, 63.389], [106.721, 63.39], [106.722, 63.39], [106.723, 63.391], [106.724, 63.391], [106.741, 63.395], [106.729, 63.414], [106.715, 63.413], [106.714, 63.413], [106.713, 63.414], [106.712, 63.414], [106.711, 63.415], [106.71, 63.415], [106.71, 63.416], [106.709, 63.417], [106.709, 63.418], [106.709, 63.419], [106.709, 63.42], [106.709, 63.423], [106.66, 63.435], [106.657, 63.434], [106.656, 63.433], [106.655, 63.433], [106.654, 63.433], [106.653, 63.433], [106.652, 63.433], [106.652, 63.434], [106.651, 63.434], [106.65, 63.434], [106.65, 63.435], [106.649, 63.435], [106.649, 63.436], [106.649, 63.437], [106.642, 63.453], [106.602, 63.459], [106.601, 63.459], [106.601, 63.46], [106.6, 63.46], [106.599, 63.46], [106.599, 63.461], [106.598, 63.462], [106.598, 63.463], [106.597, 63.464], [106.597, 63.465], [106.596, 63.478], [106.589, 63.48], [106.589, 63.481], [106.588, 63.481], [106.587, 63.481], [106.587, 63.482], [106.586, 63.482], [106.586, 63.483], [106.585, 63.483], [106.585, 63.484], [106.585, 63.485], [106.585, 63.486], [106.585, 63.487], [106.585, 63.488], [106.585, 63.489], [106.586, 63.489], [106.586, 63.49], [106.589, 63.494], [106.582, 63.506], [106.582, 63.507], [106.528, 63.521], [106.527, 63.521], [106.526, 63.521], [106.505, 63.533], [106.504, 63.534], [106.503, 63.535], [106.503, 63.536], [106.502, 63.537], [106.502, 63.538], [106.502, 63.539], [106.503, 63.539], [106.503, 63.54], [106.503, 63.541], [106.504, 63.541], [106.504, 63.542], [106.505, 63.543], [106.506, 63.543], [106.506, 63.544], [106.507, 63.544], [106.508, 63.544], [106.509, 63.544], [106.513, 63.557], [106.514, 63.558], [106.514, 63.559], [106.515, 63.559], [106.515, 63.56], [106.516, 63.56], [106.516, 63.561], [106.517, 63.561], [106.522, 63.562], [106.523, 63.563], [106.524, 63.563], [106.602, 63.558], [106.607, 63.577], [106.593, 63.59], [106.592, 63.59], [106.592, 63.591], [106.591, 63.592], [106.591, 63.593], [106.591, 63.594], [106.591, 63.595], [106.591, 63.596], [106.591, 63.597], [106.592, 63.597], [106.592, 63.598], [106.593, 63.599], [106.594, 63.599], [106.616, 63.613], [106.617, 63.614], [106.618, 63.614], [106.66, 63.622], [106.694, 63.661], [106.663, 63.68], [106.663, 63.681], [106.662, 63.681], [106.662, 63.682], [106.661, 63.683], [106.656, 63.697], [106.616, 63.709], [106.615, 63.709], [106.615, 63.71], [106.614, 63.71], [106.613, 63.711], [106.613, 63.712], [106.611, 63.717], [106.61, 63.717], [106.61, 63.718], [106.61, 63.719], [106.61, 63.72], [106.61, 63.721], [106.611, 63.721], [106.611, 63.722], [106.612, 63.723], [106.612, 63.724], [106.613, 63.724], [106.666, 63.759], [106.666, 63.76], [106.666, 63.767], [106.666, 63.768], [106.666, 63.769], [106.667, 63.769], [106.667, 63.77], [106.667, 63.771], [106.668, 63.772], [106.682, 63.785], [106.682, 63.786], [106.681, 63.789], [106.681, 63.79], [106.681, 63.791], [106.681, 63.792], [106.682, 63.793], [106.682, 63.794], [106.683, 63.794], [106.683, 63.795], [106.684, 63.795], [106.685, 63.796], [106.695, 63.8], [106.7, 63.817], [106.7, 63.818], [106.701, 63.819], [106.701, 63.82], [106.702, 63.82], [106.703, 63.821], [106.704, 63.821], [106.705, 63.822], [106.751, 63.83], [106.795, 63.87], [106.797, 63.883], [106.787, 63.895], [106.732, 63.91], [106.731, 63.91], [106.73, 63.91], [106.73, 63.911], [106.729, 63.911], [106.728, 63.912], [106.728, 63.913], [106.727, 63.914], [106.727, 63.915], [106.727, 63.916], [106.727, 63.917], [106.728, 63.917], [106.728, 63.918], [106.728, 63.919], [106.729, 63.919], [106.729, 63.92], [106.73, 63.92], [106.737, 63.926], [106.733, 63.939], [106.68, 63.96], [106.64, 63.967], [106.639, 63.967], [106.638, 63.967], [106.637, 63.968], [106.627, 63.975], [106.627, 63.976], [106.626, 63.976], [106.626, 63.977], [106.625, 63.977], [106.625, 63.978], [106.625, 63.979], [106.625, 63.98], [106.625, 63.981], [106.63, 64.003], [106.63, 64.004], [106.63, 64.005], [106.631, 64.005], [106.631, 64.006], [106.632, 64.006], [106.632, 64.007], [106.633, 64.007], [106.664, 64.022], [106.667, 64.032], [106.667, 64.033], [106.667, 64.034], [106.668, 64.034], [106.668, 64.035], [106.669, 64.035], [106.669, 64.036], [106.67, 64.036], [106.671, 64.036], [106.671, 64.037], [106.672, 64.037], [106.673, 64.037], [106.674, 64.037], [106.688, 64.033], [106.689, 64.033], [106.69, 64.032], [106.691, 64.031], [106.692, 64.031], [106.692, 64.03], [106.692, 64.029], [106.698, 64.015], [106.699, 64.015], [106.724, 64.022], [106.725, 64.022], [106.726, 64.022], [106.727, 64.022], [106.728, 64.022], [106.728, 64.021], [106.729, 64.021], [106.743, 64.011], [106.792, 64.001], [106.797, 64.006], [106.797, 64.007], [106.798, 64.007], [106.799, 64.007], [106.8, 64.008], [106.801, 64.008], [106.802, 64.008], [106.803, 64.007], [106.804, 64.007], [106.805, 64.006], [106.805, 64.005], [106.806, 64.005], [106.806, 64.004], [106.806, 64.003], [106.811, 63.989], [106.822, 63.983], [106.871, 63.981], [106.872, 63.981], [106.873, 63.98], [106.897, 63.968], [106.969, 63.966], [106.97, 63.966], [106.971, 63.966], [106.972, 63.965], [106.973, 63.965], [106.973, 63.964], [106.974, 63.964], [106.974, 63.963], [106.978, 63.955], [106.997, 63.947], [106.998, 63.947], [106.998, 63.946], [106.999, 63.946], [106.999, 63.945], [107.0, 63.945], [107.0, 63.944], [107.001, 63.943], [107.001, 63.942], [107.001, 63.941], [107.001, 63.937], [107.001, 63.936], [107.023, 63.935], [107.024, 63.935], [107.025, 63.935], [107.026, 63.934], [107.027, 63.934], [107.043, 63.922], [107.087, 63.92], [107.091, 63.931], [107.092, 63.932], [107.092, 63.933], [107.093, 63.933], [107.094, 63.934], [107.095, 63.934], [107.095, 63.935], [107.096, 63.935], [107.107, 63.936], [107.107, 63.937], [107.111, 63.944], [107.112, 63.945], [107.112, 63.946], [107.113, 63.946], [107.114, 63.947], [107.115, 63.947], [107.116, 63.947], [107.117, 63.948], [107.168, 63.949], [107.169, 63.949], [107.169, 63.961], [107.169, 63.962], [107.169, 63.963], [107.169, 63.964], [107.17, 63.964], [107.17, 63.965], [107.171, 63.965], [107.171, 63.966], [107.172, 63.966], [107.197, 63.977], [107.198, 63.977], [107.199, 63.977], [107.2, 63.977], [107.201, 63.977], [107.202, 63.977], [107.203, 63.976], [107.204, 63.975], [107.205, 63.974], [107.207, 63.969], [107.243, 63.975], [107.244, 63.976], [107.244, 63.975], [107.245, 63.975], [107.246, 63.975], [107.265, 63.967], [107.282, 63.975], [107.283, 63.975], [107.284, 63.975], [107.285, 63.975], [107.286, 63.975], [107.305, 63.973], [107.306, 63.973], [107.306, 63.972], [107.307, 63.972], [107.329, 63.961], [107.33, 63.96], [107.331, 63.96], [107.331, 63.959], [107.331, 63.958], [107.332, 63.958], [107.332, 63.957], [107.332, 63.956], [107.332, 63.955], [107.332, 63.954], [107.331, 63.953], [107.327, 63.946], [107.367, 63.934], [107.368, 63.934], [107.369, 63.934], [107.369, 63.933], [107.37, 63.933], [107.371, 63.932], [107.371, 63.931], [107.372, 63.93], [107.372, 63.929], [107.372, 63.928], [107.371, 63.923], [107.371, 63.922], [107.371, 63.921], [107.37, 63.92], [107.37, 63.919], [107.369, 63.919], [107.369, 63.918], [107.368, 63.918], [107.367, 63.918], [107.367, 63.917], [107.34, 63.912], [107.339, 63.904], [107.415, 63.889], [107.416, 63.889], [107.45, 63.916], [107.451, 63.916], [107.452, 63.917], [107.453, 63.917], [107.477, 63.918], [107.478, 63.918], [107.493, 63.916], [107.494, 63.916], [107.495, 63.916], [107.496, 63.915], [107.497, 63.915], [107.497, 63.914], [107.498, 63.913], [107.498, 63.912], [107.502, 63.9], [107.514, 63.892], [107.515, 63.892], [107.585, 63.897], [107.585, 63.898], [107.586, 63.902], [107.586, 63.903], [107.587, 63.903], [107.587, 63.904], [107.588, 63.905], [107.589, 63.905], [107.589, 63.906], [107.59, 63.906], [107.591, 63.906], [107.604, 63.907], [107.604, 63.908], [107.6, 63.914], [107.6, 63.915], [107.6, 63.916], [107.6, 63.917], [107.6, 63.918], [107.6, 63.919], [107.6, 63.92], [107.601, 63.92], [107.601, 63.921], [107.602, 63.921], [107.602, 63.922], [107.609, 63.926], [107.609, 63.927], [107.61, 63.927], [107.611, 63.927], [107.612, 63.928], [107.632, 63.93], [107.622, 63.938], [107.621, 63.939], [107.621, 63.94], [107.62, 63.94], [107.62, 63.941], [107.62, 63.942], [107.62, 63.943], [107.62, 63.944], [107.62, 63.945], [107.621, 63.945], [107.621, 63.946], [107.622, 63.947], [107.618, 63.957], [107.618, 63.958], [107.618, 63.959], [107.618, 63.96], [107.618, 63.961], [107.618, 63.962], [107.619, 63.963], [107.619, 63.964], [107.62, 63.964], [107.632, 63.975], [107.632, 63.976], [107.633, 63.976], [107.634, 63.976], [107.635, 63.977], [107.683, 63.981], [107.688, 63.994], [107.689, 63.995], [107.689, 63.996], [107.69, 63.996], [107.69, 63.997], [107.691, 63.997], [107.692, 63.998], [107.693, 63.998], [107.761, 64.015], [107.762, 64.015], [107.762, 64.016], [107.763, 64.016], [107.763, 64.015], [107.764, 64.015], [107.765, 64.015], [107.784, 64.005], [107.834, 64.01], [107.844, 64.017], [107.844, 64.018], [107.845, 64.018], [107.846, 64.019], [107.847, 64.019], [107.848, 64.019], [107.849, 64.019], [107.854, 64.017], [107.855, 64.017], [107.856, 64.016], [107.857, 64.016], [107.857, 64.015], [107.858, 64.015], [107.858, 64.014], [107.858, 64.013], [107.861, 64.001], [107.899, 63.993], [107.947, 64.002], [107.964, 64.013], [107.965, 64.013], [107.965, 64.014], [107.966, 64.014], [107.967, 64.014], [107.968, 64.014], [107.969, 64.014], [108.034, 63.996], [108.077, 64.001], [108.087, 64.008], [108.087, 64.009], [108.088, 64.009], [108.089, 64.009], [108.09, 64.01], [108.091, 64.01], [108.091, 64.009], [108.092, 64.009], [108.121, 63.999], [108.205, 63.999], [108.206, 63.999], [108.266, 64.013], [108.267, 64.013], [108.268, 64.013], [108.315, 64.006], [108.33, 64.013], [108.331, 64.013], [108.331, 64.014], [108.33, 64.021], [108.33, 64.022], [108.33, 64.023], [108.331, 64.023], [108.331, 64.024], [108.332, 64.025], [108.333, 64.026], [108.334, 64.026], [108.334, 64.027], [108.394, 64.048], [108.392, 64.061], [108.382, 64.061], [108.381, 64.061], [108.381, 64.062], [108.38, 64.062], [108.379, 64.062], [108.379, 64.063], [108.378, 64.063], [108.377, 64.064], [108.377, 64.065], [108.376, 64.066], [108.376, 64.067], [108.376, 64.068], [108.377, 64.07], [108.376, 64.07], [108.364, 64.078], [108.364, 64.079], [108.363, 64.079], [108.363, 64.08], [108.362, 64.08], [108.362, 64.081], [108.362, 64.082], [108.361, 64.083], [108.361, 64.084], [108.362, 64.085], [108.362, 64.086], [108.37, 64.106], [108.313, 64.15], [108.313, 64.151], [108.312, 64.151], [108.312, 64.152], [108.311, 64.153], [108.311, 64.154], [108.311, 64.155], [108.311, 64.156], [108.311, 64.157], [108.312, 64.158], [108.317, 64.165], [108.317, 64.166], [108.294, 64.184], [108.293, 64.184], [108.292, 64.185], [108.292, 64.186], [108.292, 64.187], [108.291, 64.187], [108.291, 64.188], [108.291, 64.196], [108.292, 64.197], [108.292, 64.198], [108.292, 64.199], [108.293, 64.2], [108.294, 64.2], [108.294, 64.201], [108.3, 64.205], [108.297, 64.217], [108.297, 64.218], [108.296, 64.218], [108.273, 64.225], [108.272, 64.225], [108.271, 64.226], [108.27, 64.227], [108.248, 64.255], [108.171, 64.263], [108.086, 64.252], [108.049, 64.216], [108.052, 64.197], [108.052, 64.196], [108.052, 64.195], [108.052, 64.194], [108.051, 64.193], [108.051, 64.192], [108.05, 64.192], [108.05, 64.191], [108.049, 64.191], [108.048, 64.191], [108.048, 64.19], [108.047, 64.19], [108.046, 64.19], [107.978, 64.187], [107.977, 64.187], [107.976, 64.187], [107.975, 64.188], [107.974, 64.188], [107.973, 64.189], [107.968, 64.194], [107.967, 64.195], [107.966, 64.196], [107.966, 64.197], [107.966, 64.198], [107.966, 64.199], [107.966, 64.209], [107.924, 64.207], [107.923, 64.207], [107.915, 64.198], [107.915, 64.197], [107.914, 64.197], [107.914, 64.196], [107.913, 64.196], [107.912, 64.196], [107.911, 64.196], [107.91, 64.196], [107.909, 64.196], [107.899, 64.199], [107.898, 64.2], [107.897, 64.2], [107.897, 64.201], [107.896, 64.201], [107.896, 64.202], [107.895, 64.202], [107.895, 64.203], [107.891, 64.213], [107.862, 64.236], [107.822, 64.234], [107.821, 64.235], [107.82, 64.235], [107.769, 64.257], [107.732, 64.261], [107.731, 64.261], [107.73, 64.262], [107.729, 64.262], [107.729, 64.263], [107.728, 64.263], [107.728, 64.264], [107.728, 64.265], [107.727, 64.265], [107.727, 64.266], [107.727, 64.267], [107.727, 64.268], [107.727, 64.269], [107.728, 64.269], [107.728, 64.27], [107.729, 64.271], [107.73, 64.272], [107.723, 64.285], [107.7, 64.3], [107.642, 64.316], [107.56, 64.318], [107.495, 64.306], [107.494, 64.306], [107.452, 64.282], [107.451, 64.281], [107.45, 64.281], [107.355, 64.269], [107.354, 64.269], [107.353, 64.269], [107.321, 64.277], [107.32, 64.277], [107.32, 64.278], [107.319, 64.278], [107.274, 64.303], [107.273, 64.304], [107.272, 64.304], [107.272, 64.305], [107.265, 64.315], [107.265, 64.316], [107.264, 64.316], [107.264, 64.317], [107.264, 64.318], [107.264, 64.319], [107.264, 64.32], [107.264, 64.321], [107.265, 64.322], [107.265, 64.323], [107.266, 64.323], [107.273, 64.33], [107.258, 64.35], [107.221, 64.346], [107.22, 64.346], [107.219, 64.346], [107.218, 64.346], [107.19, 64.357], [107.108, 64.359], [107.107, 64.359], [107.106, 64.359], [107.105, 64.359], [107.103, 64.36], [107.102, 64.361], [107.101, 64.361], [107.101, 64.362], [107.1, 64.362], [107.1, 64.363], [107.1, 64.364], [107.099, 64.364], [107.099, 64.365], [107.099, 64.366], [107.1, 64.378], [107.045, 64.385], [107.044, 64.385], [107.043, 64.385], [107.014, 64.4], [107.013, 64.4], [106.966, 64.408], [106.965, 64.408], [106.964, 64.408], [106.964, 64.409], [106.963, 64.409], [106.962, 64.41], [106.961, 64.411], [106.954, 64.425], [106.953, 64.425], [106.917, 64.443], [106.916, 64.443], [106.885, 64.445], [106.824, 64.426], [106.823, 64.425], [106.822, 64.425], [106.821, 64.425], [106.777, 64.432], [106.776, 64.432], [106.741, 64.429], [106.74, 64.429], [106.739, 64.429], [106.738, 64.429], [106.737, 64.43], [106.736, 64.431], [106.712, 64.464], [106.711, 64.465], [106.711, 64.466], [106.71, 64.467], [106.71, 64.468], [106.71, 64.469], [106.712, 64.482], [106.712, 64.483], [106.672, 64.502], [106.671, 64.502], [106.67, 64.503], [106.669, 64.504], [106.669, 64.505], [106.656, 64.533], [106.655, 64.533], [106.58, 64.548], [106.555, 64.541], [106.555, 64.54], [106.547, 64.526], [106.575, 64.484], [106.576, 64.483], [106.576, 64.482], [106.576, 64.481], [106.576, 64.48], [106.576, 64.479], [106.576, 64.478], [106.575, 64.477], [106.574, 64.476], [106.573, 64.475], [106.554, 64.466], [106.553, 64.465], [106.552, 64.465], [106.366, 64.461], [106.365, 64.461], [106.317, 64.454], [106.312, 64.447], [106.311, 64.447], [106.311, 64.446], [106.31, 64.446], [106.309, 64.445], [106.308, 64.445], [106.307, 64.445], [106.306, 64.445], [106.256, 64.452], [106.184, 64.422], [106.183, 64.421], [106.182, 64.421], [106.181, 64.421], [106.098, 64.43], [106.097, 64.431], [106.096, 64.431], [106.095, 64.431], [106.094, 64.432], [106.091, 64.436], [106.09, 64.436], [106.09, 64.437], [106.09, 64.438], [106.089, 64.439], [106.089, 64.44], [106.089, 64.441], [106.09, 64.441], [106.09, 64.442], [106.09, 64.443], [106.091, 64.444], [106.092, 64.445], [106.093, 64.445], [106.093, 64.446], [106.094, 64.446], [106.12, 64.452], [106.121, 64.452], [106.138, 64.488], [106.122, 64.499], [106.089, 64.502], [106.088, 64.502], [106.087, 64.503], [106.086, 64.503], [106.085, 64.504], [106.084, 64.505], [106.084, 64.506], [106.084, 64.507], [106.083, 64.507], [106.083, 64.508], [106.083, 64.512], [106.065, 64.529], [106.064, 64.529], [106.025, 64.546], [105.979, 64.538], [105.979, 64.537], [105.908, 64.495], [105.907, 64.495], [105.906, 64.494], [105.905, 64.494], [105.904, 64.494], [105.903, 64.494], [105.902, 64.495], [105.901, 64.495], [105.901, 64.496], [105.889, 64.505], [105.866, 64.507], [105.812, 64.504], [105.774, 64.491], [105.773, 64.49], [105.772, 64.49], [105.771, 64.49], [105.771, 64.491], [105.77, 64.491], [105.769, 64.491], [105.769, 64.492], [105.768, 64.492], [105.762, 64.498], [105.762, 64.499], [105.761, 64.499], [105.761, 64.5], [105.761, 64.501], [105.76, 64.502], [105.76, 64.503], [105.76, 64.504], [105.761, 64.504], [105.761, 64.505], [105.761, 64.506], [105.762, 64.507], [105.763, 64.507], [105.763, 64.508], [105.764, 64.508], [105.797, 64.524], [105.797, 64.525], [105.79, 64.553], [105.766, 64.567], [105.765, 64.567], [105.765, 64.568], [105.764, 64.568], [105.764, 64.569], [105.763, 64.569], [105.755, 64.586], [105.722, 64.588], [105.721, 64.588], [105.72, 64.588], [105.719, 64.588], [105.718, 64.589], [105.718, 64.59], [105.717, 64.59], [105.717, 64.591], [105.716, 64.591], [105.716, 64.592], [105.716, 64.593], [105.715, 64.597], [105.715, 64.598], [105.715, 64.599], [105.715, 64.6], [105.716, 64.6], [105.716, 64.601], [105.716, 64.602], [105.717, 64.602], [105.717, 64.603], [105.755, 64.642], [105.756, 64.642], [105.755, 64.643], [105.716, 64.656], [105.716, 64.657], [105.715, 64.657], [105.714, 64.658], [105.7, 64.673], [105.7, 64.674], [105.699, 64.674], [105.699, 64.675], [105.699, 64.676], [105.699, 64.677], [105.699, 64.678], [105.699, 64.679], [105.7, 64.68], [105.7, 64.681], [105.701, 64.681], [105.701, 64.682], [105.702, 64.682], [105.703, 64.683], [105.704, 64.683], [105.725, 64.687], [105.726, 64.687], [105.727, 64.687], [105.728, 64.687], [105.729, 64.687], [105.782, 64.663], [105.873, 64.672], [105.881, 64.689], [105.833, 64.723], [105.832, 64.723], [105.832, 64.724], [105.831, 64.725], [105.831, 64.726], [105.831, 64.727], [105.831, 64.728], [105.831, 64.729], [105.831, 64.73], [105.832, 64.731], [105.843, 64.747], [105.825, 64.76], [105.825, 64.761], [105.824, 64.761], [105.824, 64.762], [105.823, 64.763], [105.823, 64.764], [105.823, 64.765], [105.823, 64.766], [105.823, 64.767], [105.828, 64.779], [105.828, 64.78], [105.828, 64.781], [105.829, 64.781], [105.829, 64.782], [105.83, 64.782], [105.83, 64.783], [105.831, 64.783], [105.832, 64.783], [105.85, 64.787], [105.871, 64.816], [105.866, 64.823], [105.866, 64.824], [105.866, 64.825], [105.865, 64.825], [105.865, 64.826], [105.865, 64.827], [105.866, 64.828], [105.866, 64.829], [105.866, 64.83], [105.867, 64.83], [105.868, 64.831], [105.869, 64.831], [105.869, 64.832], [105.87, 64.832], [105.892, 64.838], [105.893, 64.838], [105.894, 64.838], [105.895, 64.838], [105.896, 64.838], [105.897, 64.837], [105.928, 64.82], [105.928, 64.819], [105.976, 64.817], [105.992, 64.828], [105.969, 64.856], [105.968, 64.856], [105.947, 64.859], [105.946, 64.859], [105.945, 64.859], [105.945, 64.86], [105.944, 64.86], [105.944, 64.861], [105.943, 64.861], [105.943, 64.862], [105.942, 64.862], [105.942, 64.863], [105.942, 64.864], [105.942, 64.865], [105.942, 64.866], [105.942, 64.867], [105.946, 64.876], [105.934, 64.895], [105.933, 64.895], [105.933, 64.896], [105.933, 64.897], [105.933, 64.898], [105.933, 64.899], [105.933, 64.9], [105.933, 64.901], [105.934, 64.901], [105.934, 64.902], [105.935, 64.903], [105.936, 64.903], [105.937, 64.904], [105.938, 64.904], [106.029, 64.913], [106.03, 64.913], [106.031, 64.913], [106.032, 64.913], [106.033, 64.913], [106.034, 64.912], [106.035, 64.912], [106.036, 64.911], [106.036, 64.91], [106.037, 64.91], [106.037, 64.909], [106.037, 64.908], [106.038, 64.907], [106.038, 64.906], [106.037, 64.905], [106.037, 64.904], [106.027, 64.881], [106.027, 64.88], [106.044, 64.879], [106.044, 64.878], [106.045, 64.878], [106.046, 64.878], [106.047, 64.877], [106.058, 64.865], [106.094, 64.873], [106.095, 64.873], [106.096, 64.873], [106.191, 64.86], [106.212, 64.871], [106.115, 64.914], [106.114, 64.914], [106.114, 64.915], [106.113, 64.915], [106.112, 64.916], [106.112, 64.917], [106.111, 64.917], [106.111, 64.918], [106.105, 64.939], [106.073, 64.962], [106.072, 64.962], [106.072, 64.963], [106.071, 64.963], [106.071, 64.964], [106.07, 64.965], [106.07, 64.966], [106.07, 64.967], [106.07, 64.968], [106.074, 64.984], [106.074, 64.985], [105.977, 65.005], [105.976, 65.006], [105.975, 65.006], [105.96, 65.016], [105.959, 65.017], [105.958, 65.018], [105.958, 65.019], [105.957, 65.02], [105.956, 65.032], [105.956, 65.033], [105.956, 65.034], [105.957, 65.035], [105.957, 65.036], [105.958, 65.036], [105.958, 65.037], [105.959, 65.037], [105.959, 65.038], [105.96, 65.038], [106.026, 65.061], [106.027, 65.061], [106.028, 65.061], [106.11, 65.065], [106.111, 65.065], [106.164, 65.089], [106.191, 65.126], [106.192, 65.127], [106.193, 65.128], [106.194, 65.128], [106.195, 65.128], [106.253, 65.132], [106.254, 65.132], [106.266, 65.14], [106.267, 65.14], [106.268, 65.141], [106.269, 65.141], [106.312, 65.14], [106.32, 65.164], [106.321, 65.164], [106.321, 65.165], [106.321, 65.166], [106.322, 65.166], [106.323, 65.167], [106.324, 65.167], [106.324, 65.168], [106.348, 65.175], [106.356, 65.189], [106.357, 65.189], [106.357, 65.19], [106.358, 65.19], [106.358, 65.191], [106.409, 65.221], [106.41, 65.222], [106.411, 65.222], [106.412, 65.222], [106.413, 65.222], [106.414, 65.222], [106.477, 65.205], [106.528, 65.215], [106.528, 65.224], [106.438, 65.249], [106.437, 65.25], [106.436, 65.25], [106.436, 65.251], [106.435, 65.251], [106.435, 65.252], [106.435, 65.253], [106.434, 65.253], [106.434, 65.254], [106.434, 65.255], [106.433, 65.291], [106.433, 65.292], [106.433, 65.293], [106.434, 65.293], [106.434, 65.294], [106.434, 65.295], [106.435, 65.295], [106.435, 65.296], [106.447, 65.305], [106.447, 65.306], [106.446, 65.307], [106.446, 65.308], [106.446, 65.309], [106.446, 65.31], [106.446, 65.311], [106.446, 65.312], [106.447, 65.312], [106.447, 65.313], [106.448, 65.314], [106.449, 65.314], [106.449, 65.315], [106.45, 65.315], [106.451, 65.315], [106.476, 65.319], [106.517, 65.337], [106.517, 65.338], [106.546, 65.373], [106.546, 65.374], [106.547, 65.374], [106.547, 65.375], [106.548, 65.375], [106.549, 65.376], [106.55, 65.376], [106.606, 65.378], [106.607, 65.378], [106.611, 65.387], [106.612, 65.388], [106.612, 65.389], [106.613, 65.389], [106.614, 65.39], [106.615, 65.39], [106.616, 65.39], [106.617, 65.39], [106.618, 65.39], [106.654, 65.382], [106.689, 65.388], [106.69, 65.388], [106.691, 65.388], [106.692, 65.388], [106.709, 65.382], [106.71, 65.382], [106.77, 65.382], [106.771, 65.382], [106.772, 65.382], [106.773, 65.381], [106.774, 65.381], [106.774, 65.38], [106.775, 65.379], [106.781, 65.369], [106.782, 65.369], [106.819, 65.373], [106.839, 65.387], [106.839, 65.396], [106.839, 65.397], [106.839, 65.398], [106.84, 65.398], [106.84, 65.399], [106.841, 65.4], [106.842, 65.4], [106.842, 65.401], [106.875, 65.419], [106.866, 65.429], [106.865, 65.43], [106.865, 65.431], [106.864, 65.431], [106.864, 65.432], [106.864, 65.433], [106.864, 65.434], [106.864, 65.435], [106.865, 65.435], [106.865, 65.437], [106.866, 65.437], [106.866, 65.438], [106.867, 65.439], [106.868, 65.44], [106.916, 65.465], [106.917, 65.465], [106.918, 65.465], [106.941, 65.468], [106.942, 65.468], [106.951, 65.487], [106.951, 65.488], [106.952, 65.488], [106.952, 65.489], [106.973, 65.506], [106.856, 65.528], [106.801, 65.526], [106.8, 65.526], [106.799, 65.526], [106.798, 65.526], [106.797, 65.526], [106.778, 65.538], [106.709, 65.545], [106.708, 65.546], [106.707, 65.546], [106.706, 65.547], [106.705, 65.547], [106.705, 65.548], [106.704, 65.549], [106.701, 65.557], [106.701, 65.558], [106.701, 65.559], [106.701, 65.56], [106.701, 65.561], [106.702, 65.561], [106.702, 65.562], [106.702, 65.563], [106.703, 65.563], [106.725, 65.587], [106.725, 65.588], [106.711, 65.596], [106.71, 65.596], [106.709, 65.597], [106.708, 65.598], [106.708, 65.599], [106.705, 65.607], [106.661, 65.611], [106.66, 65.611], [106.659, 65.611], [106.659, 65.612], [106.658, 65.612], [106.657, 65.613], [106.657, 65.614], [106.656, 65.614], [106.656, 65.615], [106.656, 65.616], [106.656, 65.617], [106.656, 65.618], [106.656, 65.619], [106.657, 65.619], [106.657, 65.62], [106.616, 65.627], [106.615, 65.627], [106.614, 65.628], [106.613, 65.628], [106.613, 65.629], [106.612, 65.629], [106.612, 65.63], [106.611, 65.631], [106.611, 65.632], [106.611, 65.633], [106.611, 65.634], [106.611, 65.635], [106.611, 65.636], [106.595, 65.644], [106.565, 65.639], [106.564, 65.639], [106.563, 65.639], [106.562, 65.639], [106.561, 65.639], [106.56, 65.64], [106.559, 65.64], [106.559, 65.641], [106.55, 65.651], [106.473, 65.667], [106.472, 65.667], [106.465, 65.663], [106.465, 65.662], [106.464, 65.662], [106.463, 65.662], [106.462, 65.662], [106.461, 65.662], [106.46, 65.662], [106.459, 65.662], [106.459, 65.663], [106.458, 65.663], [106.451, 65.671], [106.438, 65.672], [106.437, 65.672], [106.437, 65.673], [106.436, 65.673], [106.435, 65.673], [106.435, 65.674], [106.434, 65.674], [106.434, 65.675], [106.433, 65.676], [106.433, 65.677], [106.433, 65.678], [106.433, 65.679], [106.433, 65.68], [106.434, 65.68], [106.434, 65.681], [106.434, 65.682], [106.438, 65.686], [106.438, 65.687], [106.43, 65.692], [106.429, 65.693], [106.428, 65.694], [106.428, 65.695], [106.427, 65.696], [106.427, 65.697], [106.427, 65.698], [106.428, 65.699], [106.428, 65.7], [106.429, 65.701], [106.429, 65.702], [106.429, 65.703], [106.429, 65.704], [106.429, 65.705], [106.43, 65.706], [106.43, 65.707], [106.431, 65.707], [106.431, 65.708], [106.432, 65.708], [106.433, 65.709], [106.434, 65.709], [106.435, 65.709], [106.454, 65.71], [106.449, 65.719], [106.449, 65.72], [106.449, 65.721], [106.449, 65.722], [106.449, 65.723], [106.449, 65.724], [106.45, 65.725], [106.45, 65.726], [106.451, 65.726], [106.452, 65.727], [106.464, 65.733], [106.458, 65.737], [106.458, 65.738], [106.457, 65.738], [106.457, 65.739], [106.456, 65.739], [106.456, 65.74], [106.456, 65.741], [106.455, 65.741], [106.455, 65.742], [106.455, 65.743], [106.455, 65.744], [106.456, 65.744], [106.456, 65.745], [106.458, 65.749], [106.44, 65.763], [106.439, 65.764], [106.439, 65.765], [106.438, 65.765], [106.438, 65.766], [106.438, 65.767], [106.438, 65.768], [106.438, 65.769], [106.439, 65.77], [106.439, 65.771], [106.449, 65.784], [106.45, 65.785], [106.451, 65.786], [106.452, 65.786], [106.453, 65.787], [106.495, 65.797], [106.483, 65.815], [106.473, 65.818], [106.472, 65.819], [106.471, 65.819], [106.471, 65.82], [106.47, 65.82], [106.47, 65.821], [106.469, 65.822], [106.469, 65.823], [106.469, 65.824], [106.469, 65.825], [106.469, 65.826], [106.47, 65.827], [106.47, 65.828], [106.471, 65.828], [106.472, 65.829], [106.473, 65.829], [106.473, 65.83], [106.473, 65.836], [106.473, 65.837], [106.473, 65.838], [106.473, 65.839], [106.474, 65.839], [106.474, 65.84], [106.475, 65.841], [106.488, 65.853], [106.48, 65.869], [106.479, 65.869], [106.479, 65.87], [106.479, 65.871], [106.479, 65.872], [106.479, 65.873], [106.479, 65.874], [106.48, 65.874], [106.48, 65.875], [106.481, 65.876], [106.482, 65.877], [106.483, 65.877], [106.498, 65.883], [106.474, 65.907], [106.473, 65.908], [106.473, 65.909], [106.472, 65.91], [106.469, 65.919], [106.469, 65.92], [106.469, 65.921], [106.469, 65.922], [106.469, 65.923], [106.469, 65.924], [106.47, 65.924], [106.47, 65.925], [106.471, 65.926], [106.472, 65.926], [106.472, 65.927], [106.473, 65.927], [106.486, 65.931], [106.486, 65.932], [106.484, 65.94], [106.483, 65.941], [106.483, 65.942], [106.484, 65.943], [106.484, 65.944], [106.484, 65.945], [106.485, 65.945], [106.485, 65.946], [106.486, 65.946], [106.486, 65.947], [106.498, 65.955], [106.492, 65.964], [106.491, 65.965], [106.491, 65.966], [106.491, 65.967], [106.49, 65.967], [106.49, 65.968], [106.491, 65.969], [106.491, 65.97], [106.492, 65.974], [106.493, 65.975], [106.493, 65.976], [106.494, 65.976], [106.494, 65.977], [106.522, 66.003], [106.49, 66.016], [106.489, 66.017], [106.488, 66.017], [106.488, 66.018], [106.487, 66.018], [106.487, 66.019], [106.486, 66.02], [106.486, 66.021], [106.486, 66.022], [106.486, 66.029], [106.486, 66.03], [106.457, 66.044], [106.456, 66.045], [106.455, 66.045], [106.455, 66.046], [106.454, 66.046], [106.454, 66.047], [106.453, 66.048], [106.453, 66.049], [106.453, 66.05], [106.453, 66.059], [106.432, 66.065], [106.431, 66.065], [106.43, 66.065], [106.43, 66.066], [106.429, 66.066], [106.429, 66.067], [106.428, 66.067], [106.428, 66.068], [106.428, 66.069], [106.428, 66.07], [106.428, 66.071], [106.428, 66.072], [106.432, 66.087], [106.387, 66.096], [106.386, 66.096], [106.385, 66.096], [106.385, 66.097], [106.384, 66.097], [106.383, 66.098], [106.383, 66.099], [106.382, 66.099], [106.382, 66.1], [106.382, 66.101], [106.382, 66.102], [106.382, 66.106], [106.37, 66.111], [106.369, 66.112], [106.368, 66.112], [106.368, 66.113], [106.367, 66.114], [106.367, 66.115], [106.367, 66.116], [106.367, 66.117], [106.367, 66.118], [106.371, 66.133], [106.355, 66.138], [106.354, 66.138], [106.354, 66.139], [106.353, 66.139], [106.353, 66.14], [106.352, 66.14], [106.34, 66.158], [106.325, 66.163], [106.324, 66.163], [106.291, 66.155], [106.29, 66.155], [106.289, 66.155], [106.288, 66.155], [106.287, 66.155], [106.276, 66.161], [106.272, 66.157], [106.271, 66.156], [106.27, 66.156], [106.27, 66.155], [106.269, 66.155], [106.268, 66.155], [106.267, 66.155], [106.215, 66.158], [106.207, 66.154], [106.206, 66.154], [106.205, 66.154], [106.204, 66.154], [106.203, 66.154], [106.202, 66.154], [106.146, 66.175], [106.145, 66.176], [106.119, 66.195], [106.119, 66.196], [106.118, 66.196], [106.118, 66.197], [106.117, 66.197], [106.117, 66.198], [106.117, 66.199], [106.117, 66.2], [106.117, 66.201], [106.117, 66.202], [106.117, 66.203], [106.118, 66.203], [106.118, 66.204], [106.125, 66.212], [106.118, 66.225], [106.117, 66.225], [106.117, 66.226], [106.117, 66.227], [106.117, 66.228], [106.117, 66.229], [106.117, 66.23], [106.118, 66.231], [106.118, 66.232], [106.119, 66.232], [106.141, 66.249], [106.128, 66.266], [106.128, 66.267], [106.127, 66.267], [106.127, 66.268], [106.127, 66.269], [106.127, 66.27], [106.127, 66.271], [106.127, 66.272], [106.127, 66.273], [106.128, 66.273], [106.136, 66.285], [106.136, 66.286], [106.126, 66.294], [106.125, 66.295], [106.125, 66.296], [106.124, 66.296], [106.124, 66.297], [106.124, 66.298], [106.124, 66.299], [106.124, 66.3], [106.124, 66.301], [106.125, 66.302], [106.125, 66.303], [106.126, 66.303], [106.138, 66.314], [106.11, 66.333], [106.109, 66.333], [106.109, 66.334], [106.108, 66.334], [106.108, 66.335], [106.107, 66.336], [106.107, 66.337], [106.107, 66.338], [106.107, 66.339], [106.107, 66.34], [106.108, 66.341], [106.108, 66.342], [106.109, 66.342], [106.124, 66.356], [106.124, 66.357], [106.119, 66.363], [106.119, 66.364], [106.118, 66.365], [106.118, 66.366], [106.118, 66.367], [106.118, 66.368], [106.119, 66.369], [106.119, 66.37], [106.12, 66.371], [106.121, 66.372], [106.149, 66.387], [106.156, 66.396], [106.155, 66.397], [106.155, 66.398], [106.154, 66.399], [106.154, 66.4], [106.154, 66.401], [106.155, 66.401], [106.155, 66.402], [106.155, 66.403], [106.156, 66.404], [106.157, 66.405], [106.158, 66.405], [106.159, 66.406], [106.185, 66.41], [106.191, 66.422], [106.191, 66.423], [106.192, 66.424], [106.193, 66.425], [106.194, 66.425], [106.195, 66.426], [106.196, 66.426], [106.254, 66.431], [106.261, 66.439], [106.262, 66.439], [106.262, 66.44], [106.263, 66.44], [106.264, 66.44], [106.264, 66.441], [106.265, 66.441], [106.283, 66.442], [106.293, 66.453], [106.294, 66.454], [106.295, 66.454], [106.335, 66.47], [106.314, 66.495], [106.313, 66.496], [106.313, 66.497], [106.312, 66.497], [106.312, 66.498], [106.312, 66.499], [106.312, 66.5], [106.312, 66.501], [106.313, 66.502], [106.313, 66.503], [106.314, 66.503], [106.328, 66.518], [106.313, 66.532], [106.313, 66.533], [106.312, 66.533], [106.312, 66.534], [106.312, 66.535], [106.312, 66.536], [106.312, 66.537], [106.312, 66.538], [106.312, 66.539], [106.313, 66.539], [106.313, 66.54], [106.314, 66.541], [106.315, 66.541], [106.316, 66.542], [106.317, 66.542], [106.318, 66.542], [106.319, 66.542], [106.339, 66.536], [106.34, 66.535], [106.341, 66.535], [106.342, 66.534], [106.391, 66.489], [106.519, 66.498], [106.52, 66.498], [106.521, 66.498], [106.522, 66.497], [106.523, 66.497], [106.545, 66.478], [106.58, 66.477], [106.581, 66.477], [106.582, 66.477], [106.583, 66.476], [106.584, 66.476], [106.584, 66.475], [106.608, 66.451], [106.762, 66.424], [106.775, 66.433], [106.776, 66.433], [106.776, 66.434], [106.777, 66.434], [106.828, 66.442], [106.829, 66.442], [106.83, 66.442], [106.895, 66.432], [106.908, 66.441], [106.907, 66.448], [106.907, 66.449], [106.907, 66.45], [106.907, 66.451], [106.908, 66.452], [106.908, 66.453], [106.909, 66.454], [106.91, 66.454], [106.925, 66.464], [106.919, 66.471], [106.918, 66.471], [106.918, 66.472], [106.918, 66.473], [106.917, 66.474], [106.917, 66.475], [106.917, 66.476], [106.918, 66.477], [106.918, 66.478], [106.919, 66.479], [106.92, 66.48], [106.921, 66.48], [106.922, 66.481], [106.923, 66.481], [106.989, 66.485], [107.001, 66.496], [107.001, 66.497], [106.999, 66.501], [106.999, 66.502], [106.999, 66.503], [106.999, 66.504], [106.999, 66.505], [106.999, 66.506], [107.0, 66.507], [107.0, 66.508], [107.001, 66.508], [107.001, 66.509], [107.002, 66.509], [107.003, 66.509], [107.003, 66.51], [107.045, 66.52], [107.054, 66.531], [107.054, 66.532], [107.055, 66.532], [107.055, 66.533], [107.056, 66.533], [107.057, 66.533], [107.068, 66.536], [107.069, 66.536], [107.07, 66.536], [107.071, 66.536], [107.121, 66.522], [107.122, 66.522], [107.123, 66.522], [107.123, 66.521], [107.124, 66.521], [107.124, 66.52], [107.125, 66.52], [107.125, 66.519], [107.125, 66.518], [107.126, 66.518], [107.126, 66.517], [107.126, 66.516], [107.126, 66.515], [107.125, 66.515], [107.125, 66.514], [107.125, 66.513], [107.124, 66.513], [107.124, 66.512], [107.116, 66.506], [107.139, 66.486], [107.191, 66.484], [107.192, 66.484], [107.193, 66.484], [107.193, 66.483], [107.194, 66.483], [107.195, 66.482], [107.206, 66.468], [107.207, 66.468], [107.24, 66.456], [107.309, 66.45], [107.38, 66.457], [107.414, 66.469], [107.415, 66.469], [107.416, 66.469], [107.417, 66.469], [107.418, 66.469], [107.5, 66.447], [107.549, 66.468], [107.554, 66.476], [107.554, 66.477], [107.555, 66.477], [107.555, 66.478], [107.556, 66.478], [107.557, 66.479], [107.603, 66.491], [107.604, 66.491], [107.605, 66.491], [107.763, 66.473], [107.839, 66.483], [107.84, 66.483], [107.841, 66.483], [107.842, 66.483], [107.842, 66.482], [107.843, 66.482], [107.885, 66.451], [107.928, 66.452], [107.961, 66.463], [107.962, 66.464], [107.963, 66.464], [107.964, 66.463], [107.965, 66.463], [107.983, 66.456], [107.983, 66.455], [107.984, 66.455], [107.985, 66.454], [107.985, 66.453], [107.986, 66.453], [107.986, 66.452], [107.986, 66.451], [107.986, 66.45], [107.986, 66.449], [107.982, 66.416], [108.043, 66.413], [108.106, 66.44], [108.106, 66.441], [108.102, 66.481], [108.102, 66.482], [108.096, 66.484], [108.095, 66.484], [108.095, 66.485], [108.094, 66.485], [108.093, 66.486], [108.093, 66.487], [108.093, 66.488], [108.092, 66.489], [108.092, 66.49], [108.093, 66.49], [108.093, 66.491], [108.093, 66.492], [108.093, 66.493], [108.094, 66.493], [108.094, 66.494], [108.095, 66.494], [108.104, 66.5], [108.106, 66.525], [108.107, 66.526], [108.107, 66.527], [108.107, 66.528], [108.108, 66.528], [108.108, 66.529], [108.109, 66.529], [108.11, 66.53], [108.111, 66.53], [108.211, 66.556], [108.212, 66.556], [108.233, 66.581], [108.233, 66.582], [108.234, 66.582], [108.235, 66.582], [108.387, 66.642], [108.389, 66.672], [108.346, 66.687], [108.345, 66.687], [108.272, 66.695], [108.271, 66.695], [108.27, 66.695], [108.27, 66.696], [108.269, 66.696], [108.268, 66.697], [108.267, 66.698], [108.267, 66.699], [108.267, 66.7], [108.267, 66.701], [108.266, 66.709], [108.266, 66.71], [108.266, 66.711], [108.267, 66.712], [108.267, 66.713], [108.268, 66.713], [108.268, 66.714], [108.269, 66.714], [108.269, 66.715], [108.27, 66.715], [108.271, 66.715], [108.272, 66.715], [108.456, 66.712], [108.716, 66.765], [108.717, 66.765], [108.718, 66.765], [108.776, 66.757], [108.809, 66.783], [108.799, 66.796], [108.799, 66.797], [108.798, 66.797], [108.798, 66.798], [108.798, 66.799], [108.798, 66.8], [108.798, 66.801], [108.798, 66.802], [108.799, 66.803], [108.799, 66.804], [108.8, 66.804], [108.8, 66.805], [108.801, 66.805], [108.802, 66.805], [108.802, 66.806], [108.875, 66.822], [108.876, 66.822], [108.877, 66.822], [108.878, 66.822], [108.879, 66.822], [108.879, 66.821], [108.88, 66.821], [108.935, 66.778], [108.935, 66.777], [108.979, 66.758], [108.98, 66.758], [108.98, 66.757], [108.981, 66.757], [108.981, 66.756], [108.982, 66.755], [108.982, 66.754], [108.982, 66.753], [108.982, 66.752], [108.982, 66.751], [108.982, 66.75], [108.981, 66.75], [108.981, 66.749], [108.98, 66.748], [108.979, 66.747], [108.942, 66.726], [108.941, 66.726], [108.909, 66.718], [108.894, 66.699], [108.896, 66.693], [108.896, 66.692], [108.896, 66.691], [108.896, 66.69], [108.896, 66.689], [108.896, 66.688], [108.895, 66.688], [108.895, 66.687], [108.894, 66.686], [108.893, 66.686], [108.892, 66.685], [108.865, 66.677], [108.864, 66.64], [108.864, 66.639], [108.964, 66.619], [108.965, 66.619], [108.966, 66.618], [108.967, 66.618], [108.993, 66.592], [108.994, 66.592], [109.021, 66.585], [109.052, 66.599], [109.053, 66.599], [109.054, 66.6], [109.199, 66.608], [109.2, 66.608], [109.201, 66.608], [109.202, 66.608], [109.203, 66.607], [109.203, 66.606], [109.204, 66.606], [109.204, 66.605], [109.205, 66.604], [109.205, 66.603], [109.205, 66.602], [109.205, 66.601], [109.201, 66.579], [109.234, 66.547], [109.243, 66.544], [109.244, 66.544], [109.244, 66.543], [109.245, 66.543], [109.246, 66.542], [109.247, 66.541], [109.247, 66.54], [109.247, 66.539], [109.247, 66.538], [109.247, 66.537], [109.247, 66.536], [109.247, 66.535], [109.246, 66.535], [109.243, 66.53], [109.253, 66.511], [109.254, 66.51], [109.254, 66.509], [109.254, 66.508], [109.254, 66.507], [109.254, 66.506], [109.253, 66.506], [109.253, 66.505], [109.252, 66.504], [109.252, 66.503], [109.226, 66.484], [109.232, 66.465], [109.277, 66.442], [109.355, 66.435], [109.356, 66.435], [109.357, 66.435], [109.358, 66.434], [109.369, 66.426], [109.37, 66.425], [109.37, 66.424], [109.371, 66.424], [109.371, 66.423], [109.371, 66.422], [109.372, 66.421], [109.371, 66.42], [109.371, 66.419], [109.371, 66.418], [109.364, 66.407], [109.364, 66.406], [109.384, 66.392], [109.385, 66.391], [109.385, 66.39], [109.386, 66.39], [109.386, 66.389], [109.386, 66.388], [109.386, 66.387], [109.386, 66.386], [109.386, 66.385], [109.386, 66.384], [109.385, 66.384], [109.385, 66.383], [109.384, 66.383], [109.37, 66.369], [109.386, 66.356], [109.386, 66.355], [109.387, 66.355], [109.387, 66.354], [109.388, 66.353], [109.388, 66.352], [109.388, 66.351], [109.388, 66.35], [109.388, 66.349], [109.387, 66.349], [109.387, 66.348], [109.386, 66.346], [109.385, 66.346], [109.385, 66.345], [109.384, 66.345], [109.384, 66.344], [109.383, 66.344], [109.34, 66.327], [109.339, 66.327], [109.338, 66.327], [109.3, 66.329], [109.299, 66.329], [109.276, 66.313], [109.296, 66.284], [109.297, 66.283], [109.297, 66.282], [109.297, 66.281], [109.297, 66.28], [109.297, 66.279], [109.297, 66.278], [109.296, 66.278], [109.296, 66.277], [109.28, 66.255], [109.342, 66.242], [109.343, 66.242], [109.344, 66.241], [109.352, 66.236], [109.352, 66.235], [109.353, 66.234], [109.353, 66.233], [109.354, 66.233], [109.354, 66.232], [109.354, 66.231], [109.354, 66.23], [109.354, 66.229], [109.33, 66.166], [109.33, 66.165], [109.349, 66.148], [109.35, 66.148], [109.453, 66.146], [109.453, 66.147], [109.504, 66.161], [109.514, 66.186], [109.514, 66.187], [109.515, 66.187], [109.515, 66.188], [109.516, 66.188], [109.516, 66.189], [109.517, 66.189], [109.518, 66.19], [109.519, 66.19], [109.587, 66.198], [109.588, 66.198], [109.672, 66.194], [109.693, 66.21], [109.694, 66.21], [109.695, 66.211], [109.806, 66.25], [109.81, 66.258], [109.811, 66.258], [109.811, 66.259], [109.812, 66.26], [109.813, 66.26], [109.813, 66.261], [109.814, 66.261], [109.815, 66.261], [109.922, 66.271], [109.923, 66.271], [109.924, 66.271], [109.958, 66.262], [110.045, 66.286], [110.046, 66.286], [110.059, 66.313], [110.06, 66.314], [110.06, 66.315], [110.061, 66.315], [110.061, 66.316], [110.062, 66.316], [110.063, 66.316], [110.063, 66.317], [110.064, 66.317], [110.104, 66.318], [110.141, 66.338], [110.141, 66.339], [110.142, 66.339], [110.143, 66.339], [110.233, 66.353], [110.234, 66.353], [110.293, 66.352], [110.294, 66.352], [110.375, 66.367], [110.378, 66.373], [110.378, 66.374], [110.356, 66.417], [110.328, 66.434], [110.327, 66.434], [110.327, 66.435], [110.326, 66.436], [110.326, 66.437], [110.326, 66.438], [110.325, 66.438], [110.325, 66.439], [110.326, 66.439], [110.326, 66.44], [110.326, 66.441], [110.328, 66.446], [110.329, 66.447], [110.329, 66.448], [110.33, 66.448], [110.33, 66.449], [110.331, 66.449], [110.332, 66.449], [110.333, 66.449], [110.395, 66.46], [110.396, 66.46], [110.519, 66.461], [110.52, 66.461], [110.587, 66.484], [110.587, 66.485], [110.604, 66.501], [110.604, 66.502], [110.605, 66.502], [110.606, 66.502], [110.606, 66.503], [110.768, 66.548], [110.769, 66.548], [110.77, 66.548], [110.828, 66.543], [110.829, 66.543], [110.882, 66.561], [110.883, 66.561], [110.884, 66.561], [110.958, 66.557], [111.021, 66.565], [111.022, 66.565], [111.102, 66.559], [111.103, 66.559], [111.234, 66.598], [111.235, 66.598], [111.236, 66.598], [111.237, 66.598], [111.36, 66.567], [111.462, 66.586], [111.484, 66.61], [111.484, 66.611], [111.485, 66.611], [111.485, 66.612], [111.486, 66.612], [111.487, 66.612], [111.541, 66.622], [111.542, 66.622], [111.575, 66.639], [111.576, 66.639], [111.576, 66.64], [111.577, 66.64], [111.737, 66.657], [111.738, 66.657], [111.739, 66.657], [111.74, 66.657], [111.777, 66.64], [111.896, 66.654], [111.897, 66.654], [111.966, 66.646], [112.034, 66.659], [112.035, 66.659], [112.115, 66.661], [112.116, 66.661], [112.117, 66.661], [112.15, 66.653], [112.151, 66.653], [112.151, 66.652], [112.152, 66.652], [112.153, 66.651], [112.153, 66.65], [112.154, 66.65], [112.161, 66.635], [112.161, 66.634], [112.208, 66.609], [112.323, 66.595], [112.417, 66.62], [112.418, 66.62], [112.503, 66.627], [112.504, 66.627], [112.505, 66.627], [112.506, 66.627], [112.553, 66.608], [112.554, 66.608], [112.65, 66.617], [112.651, 66.617], [112.696, 66.615], [112.697, 66.615], [112.698, 66.614], [112.699, 66.614], [112.7, 66.613], [112.7, 66.612], [112.701, 66.612], [112.701, 66.611], [112.701, 66.61], [112.701, 66.609], [112.701, 66.602], [112.701, 66.601], [112.702, 66.601], [112.759, 66.569], [112.882, 66.559], [112.883, 66.559], [112.884, 66.559], [112.885, 66.558], [112.886, 66.558], [112.886, 66.557], [112.887, 66.556], [112.887, 66.555], [112.887, 66.554], [112.887, 66.553], [112.888, 66.526], [112.917, 66.512], [112.918, 66.512], [112.918, 66.511], [112.919, 66.511], [112.942, 66.489], [112.942, 66.488], [113.005, 66.484], [113.006, 66.484], [113.007, 66.484], [113.007, 66.483], [113.008, 66.483], [113.009, 66.483], [113.009, 66.482], [113.01, 66.482], [113.01, 66.481], [113.023, 66.456], [113.023, 66.455], [113.024, 66.455], [113.057, 66.437], [113.118, 66.438], [113.118, 66.437], [113.119, 66.437], [113.12, 66.437], [113.121, 66.437], [113.122, 66.436], [113.122, 66.435], [113.123, 66.435], [113.123, 66.434], [113.124, 66.433], [113.124, 66.432], [113.125, 66.423], [113.146, 66.393], [113.147, 66.393], [113.183, 66.384], [113.184, 66.384], [113.185, 66.383], [113.186, 66.382], [113.187, 66.382], [113.187, 66.381], [113.187, 66.38], [113.187, 66.379], [113.19, 66.347], [113.19, 66.346], [113.201, 66.333], [113.201, 66.332], [113.202, 66.332], [113.202, 66.331], [113.202, 66.33], [113.202, 66.329], [113.202, 66.328], [113.202, 66.327], [113.199, 66.321], [113.199, 66.32], [113.229, 66.308], [113.23, 66.308], [113.23, 66.307], [113.231, 66.307], [113.231, 66.306], [113.232, 66.306], [113.232, 66.305], [113.232, 66.304], [113.233, 66.304], [113.233, 66.303], [113.233, 66.302], [113.233, 66.301], [113.232, 66.301], [113.232, 66.3], [113.232, 66.299], [113.224, 66.287], [113.264, 66.249], [113.264, 66.248], [113.265, 66.247], [113.265, 66.246], [113.265, 66.245], [113.265, 66.244], [113.266, 66.224], [113.304, 66.218], [113.305, 66.218], [113.305, 66.217], [113.306, 66.217], [113.312, 66.213], [113.312, 66.212], [113.313, 66.212], [113.313, 66.211], [113.314, 66.211], [113.314, 66.21], [113.314, 66.209], [113.314, 66.208], [113.314, 66.207], [113.314, 66.206], [113.314, 66.205], [113.313, 66.204], [113.313, 66.203], [113.312, 66.203], [113.293, 66.191], [113.292, 66.178], [113.292, 66.177], [113.291, 66.176], [113.291, 66.175], [113.29, 66.175], [113.29, 66.174], [113.275, 66.161], [113.275, 66.16], [113.287, 66.139], [113.295, 66.135], [113.295, 66.134], [113.296, 66.134], [113.297, 66.133], [113.297, 66.132], [113.298, 66.131], [113.298, 66.13], [113.298, 66.129], [113.298, 66.128], [113.297, 66.127], [113.297, 66.126], [113.296, 66.126], [113.296, 66.125], [113.274, 66.104], [113.373, 66.051], [113.45, 66.033], [113.451, 66.033], [113.452, 66.032], [113.453, 66.032], [113.453, 66.031], [113.454, 66.031], [113.454, 66.03], [113.455, 66.029], [113.455, 66.028], [113.462, 65.983], [113.462, 65.982], [113.483, 65.958], [113.484, 65.957], [113.484, 65.956], [113.485, 65.956], [113.485, 65.955], [113.485, 65.954], [113.485, 65.953], [113.485, 65.952], [113.484, 65.952], [113.484, 65.951], [113.483, 65.95], [113.481, 65.947], [113.481, 65.946], [113.486, 65.93], [113.486, 65.929], [113.487, 65.928], [113.487, 65.927], [113.486, 65.927], [113.486, 65.926], [113.486, 65.925], [113.485, 65.924], [113.484, 65.923], [113.483, 65.923], [113.45, 65.905], [113.45, 65.904], [113.449, 65.904], [113.403, 65.894], [113.402, 65.894], [113.401, 65.894], [113.4, 65.894], [113.4, 65.895], [113.399, 65.895], [113.381, 65.907], [113.352, 65.907], [113.351, 65.907], [113.35, 65.907], [113.3, 65.924], [113.299, 65.924], [113.213, 65.921], [113.212, 65.921], [113.154, 65.931], [113.054, 65.925], [113.055, 65.912], [113.055, 65.911], [113.055, 65.91], [113.055, 65.909], [113.054, 65.909], [113.054, 65.908], [113.053, 65.907], [113.053, 65.906], [113.052, 65.906], [113.044, 65.9], [113.043, 65.9], [113.042, 65.899], [113.041, 65.899], [112.997, 65.892], [112.971, 65.875], [112.97, 65.875], [112.969, 65.875], [112.968, 65.875], [112.931, 65.871], [112.926, 65.86], [112.925, 65.859], [112.924, 65.859], [112.924, 65.858], [112.883, 65.834], [112.884, 65.824], [112.884, 65.823], [112.884, 65.822], [112.884, 65.821], [112.883, 65.82], [112.883, 65.819], [112.871, 65.802], [112.872, 65.79], [112.872, 65.789], [112.872, 65.788], [112.872, 65.787], [112.872, 65.786], [112.871, 65.786], [112.871, 65.785], [112.87, 65.785], [112.87, 65.784], [112.869, 65.784], [112.868, 65.783], [112.867, 65.783], [112.813, 65.779], [112.767, 65.762], [112.766, 65.761], [112.73, 65.73], [112.729, 65.729], [112.667, 65.699], [112.673, 65.684], [112.673, 65.683], [112.673, 65.682], [112.673, 65.681], [112.673, 65.68], [112.673, 65.679], [112.672, 65.679], [112.672, 65.678], [112.671, 65.678], [112.671, 65.677], [112.67, 65.677], [112.669, 65.676], [112.668, 65.676], [112.667, 65.676], [112.636, 65.676], [112.635, 65.676], [112.635, 65.675], [112.61, 65.663], [112.609, 65.662], [112.602, 65.637], [112.602, 65.636], [112.623, 65.617], [112.623, 65.616], [112.624, 65.616], [112.624, 65.615], [112.625, 65.614], [112.625, 65.613], [112.625, 65.612], [112.625, 65.611], [112.624, 65.61], [112.624, 65.609], [112.623, 65.608], [112.622, 65.607], [112.621, 65.607], [112.615, 65.605], [112.614, 65.605], [112.613, 65.605], [112.612, 65.605], [112.536, 65.62], [112.5, 65.609], [112.473, 65.59], [112.481, 65.578], [112.482, 65.577], [112.482, 65.576], [112.482, 65.575], [112.482, 65.574], [112.482, 65.573], [112.482, 65.572], [112.481, 65.571], [112.48, 65.57], [112.479, 65.569], [112.478, 65.569], [112.477, 65.569], [112.414, 65.557], [112.413, 65.557], [112.412, 65.557], [112.353, 65.568], [112.309, 65.542], [112.309, 65.541], [112.309, 65.534], [112.324, 65.528], [112.325, 65.527], [112.326, 65.527], [112.326, 65.526], [112.327, 65.525], [112.327, 65.524], [112.328, 65.523], [112.328, 65.522], [112.328, 65.521], [112.327, 65.52], [112.327, 65.519], [112.322, 65.513], [112.322, 65.512], [112.33, 65.49], [112.499, 65.495], [112.5, 65.495], [112.501, 65.494], [112.522, 65.489], [112.523, 65.489], [112.524, 65.488], [112.525, 65.488], [112.525, 65.487], [112.526, 65.486], [112.526, 65.485], [112.526, 65.484], [112.527, 65.484], [112.527, 65.483], [112.526, 65.474], [112.541, 65.462], [112.615, 65.473], [112.616, 65.473], [112.779, 65.47], [112.78, 65.47], [112.781, 65.47], [112.781, 65.469], [112.782, 65.469], [112.792, 65.462], [112.793, 65.461], [112.794, 65.46], [112.794, 65.459], [112.795, 65.459], [112.795, 65.458], [112.795, 65.457], [112.795, 65.456], [112.795, 65.455], [112.794, 65.454], [112.794, 65.453], [112.793, 65.453], [112.793, 65.452], [112.792, 65.452], [112.792, 65.451], [112.791, 65.451], [112.79, 65.451], [112.78, 65.449], [112.771, 65.433], [112.771, 65.432], [112.779, 65.422], [112.78, 65.421], [112.78, 65.42], [112.781, 65.42], [112.781, 65.419], [112.781, 65.418], [112.78, 65.399], [112.78, 65.398], [112.78, 65.397], [112.779, 65.397], [112.779, 65.396], [112.778, 65.395], [112.777, 65.395], [112.777, 65.394], [112.776, 65.394], [112.753, 65.386], [112.753, 65.385], [112.755, 65.376], [112.755, 65.375], [112.755, 65.374], [112.755, 65.373], [112.754, 65.372], [112.754, 65.371], [112.753, 65.371], [112.749, 65.366], [112.753, 65.36], [112.803, 65.357], [112.804, 65.357], [112.805, 65.357], [112.806, 65.356], [112.807, 65.356], [112.807, 65.355], [112.808, 65.355], [112.808, 65.354], [112.809, 65.353], [112.809, 65.352], [112.809, 65.351], [112.809, 65.35], [112.808, 65.349], [112.808, 65.348], [112.798, 65.336], [112.798, 65.335], [112.805, 65.31], [112.805, 65.309], [112.805, 65.308], [112.805, 65.307], [112.804, 65.306], [112.804, 65.305], [112.803, 65.305], [112.803, 65.304], [112.786, 65.291], [112.786, 65.29], [112.783, 65.276], [112.782, 65.276], [112.782, 65.275], [112.782, 65.274], [112.781, 65.274], [112.781, 65.273], [112.78, 65.273], [112.78, 65.272], [112.779, 65.272], [112.778, 65.272], [112.766, 65.268], [112.765, 65.268], [112.764, 65.268], [112.763, 65.268], [112.718, 65.278], [112.717, 65.278], [112.717, 65.279], [112.716, 65.279], [112.715, 65.279], [112.7, 65.292], [112.7, 65.293], [112.669, 65.292], [112.668, 65.292], [112.667, 65.292], [112.63, 65.305], [112.563, 65.297], [112.532, 65.268], [112.538, 65.244], [112.538, 65.243], [112.538, 65.242], [112.538, 65.241], [112.537, 65.241], [112.537, 65.24], [112.53, 65.228], [112.559, 65.219], [112.559, 65.218], [112.56, 65.218], [112.561, 65.218], [112.561, 65.217], [112.562, 65.217], [112.562, 65.216], [112.562, 65.215], [112.563, 65.215], [112.563, 65.214], [112.563, 65.213], [112.563, 65.212], [112.562, 65.211], [112.559, 65.202], [112.559, 65.201], [112.574, 65.192], [112.575, 65.191], [112.575, 65.19], [112.576, 65.19], [112.576, 65.189], [112.576, 65.188], [112.576, 65.187], [112.576, 65.186], [112.576, 65.185], [112.576, 65.184], [112.575, 65.183], [112.559, 65.165], [112.559, 65.164], [112.565, 65.151], [112.565, 65.15], [112.566, 65.15], [112.566, 65.149], [112.566, 65.148], [112.566, 65.147], [112.566, 65.146], [112.565, 65.146], [112.565, 65.145], [112.56, 65.136], [112.571, 65.121], [112.571, 65.12], [112.572, 65.119], [112.572, 65.118], [112.572, 65.117], [112.572, 65.116], [112.572, 65.115], [112.571, 65.114], [112.571, 65.113], [112.57, 65.113], [112.555, 65.1], [112.589, 65.091], [112.589, 65.09], [112.59, 65.09], [112.591, 65.09], [112.591, 65.089], [112.592, 65.089], [112.592, 65.088], [112.593, 65.087], [112.603, 65.066], [112.652, 65.054], [112.653, 65.053], [112.654, 65.053], [112.655, 65.052], [112.656, 65.051], [112.66, 65.044], [112.74, 65.053], [112.8, 65.073], [112.801, 65.073], [112.802, 65.074], [112.831, 65.073], [112.836, 65.088], [112.836, 65.089], [112.837, 65.089], [112.837, 65.09], [112.838, 65.091], [112.839, 65.091], [112.839, 65.092], [112.84, 65.092], [112.841, 65.092], [112.896, 65.102], [112.897, 65.102], [112.898, 65.102], [112.899, 65.102], [112.9, 65.102], [112.9, 65.101], [112.901, 65.101], [112.927, 65.084], [112.928, 65.084], [113.038, 65.081], [113.039, 65.081], [113.04, 65.081], [113.041, 65.08], [113.042, 65.08], [113.042, 65.079], [113.043, 65.079], [113.043, 65.078], [113.044, 65.077], [113.044, 65.076], [113.044, 65.075], [113.044, 65.074], [113.044, 65.073], [113.043, 65.072], [113.043, 65.071], [113.042, 65.071], [113.038, 65.067], [113.041, 65.057], [113.041, 65.056], [113.041, 65.055], [113.041, 65.054], [113.041, 65.053], [113.04, 65.052], [113.033, 65.04], [113.087, 65.022], [113.088, 65.022], [113.088, 65.021], [113.089, 65.021], [113.09, 65.02], [113.09, 65.019], [113.091, 65.019], [113.109, 64.98], [113.11, 64.979], [113.211, 64.983], [113.212, 64.983], [113.213, 64.983], [113.224, 64.979], [113.225, 64.979], [113.226, 64.978], [113.227, 64.978], [113.227, 64.977], [113.228, 64.976], [113.228, 64.975], [113.232, 64.961], [113.257, 64.952], [113.258, 64.952], [113.315, 64.972], [113.316, 64.972], [113.317, 64.972], [113.318, 64.972], [113.319, 64.972], [113.368, 64.956], [113.369, 64.955], [113.37, 64.955], [113.37, 64.954], [113.371, 64.954], [113.371, 64.953], [113.372, 64.952], [113.372, 64.951], [113.372, 64.95], [113.372, 64.949], [113.372, 64.948], [113.371, 64.947], [113.368, 64.942], [113.368, 64.941], [113.373, 64.922], [113.379, 64.919], [113.38, 64.919], [113.38, 64.918], [113.381, 64.918], [113.382, 64.917], [113.382, 64.916], [113.383, 64.915], [113.383, 64.914], [113.383, 64.913], [113.382, 64.912], [113.38, 64.904], [113.395, 64.886], [113.404, 64.882], [113.405, 64.882], [113.406, 64.881], [113.406, 64.88], [113.407, 64.88], [113.407, 64.879], [113.407, 64.878], [113.408, 64.877], [113.408, 64.876], [113.407, 64.876], [113.407, 64.875], [113.407, 64.874], [113.406, 64.873], [113.391, 64.854], [113.391, 64.853], [113.409, 64.83], [113.491, 64.839], [113.492, 64.839], [113.493, 64.839], [113.539, 64.829], [113.54, 64.829], [113.57, 64.845], [113.571, 64.845], [113.572, 64.845], [113.573, 64.846], [113.574, 64.846], [113.574, 64.845], [113.575, 64.845], [113.652, 64.819], [113.725, 64.832], [113.726, 64.832], [113.727, 64.832], [113.728, 64.832], [113.729, 64.831], [113.765, 64.815], [113.849, 64.816], [113.925, 64.833], [113.926, 64.833], [113.927, 64.833], [113.928, 64.832], [113.965, 64.822], [113.966, 64.822], [113.966, 64.821], [113.967, 64.821], [113.968, 64.82], [113.976, 64.808], [114.006, 64.797], [114.007, 64.796], [114.008, 64.796], [114.03, 64.777], [114.03, 64.776], [114.031, 64.776], [114.031, 64.775], [114.032, 64.774], [114.032, 64.773], [114.032, 64.772], [114.031, 64.763], [114.059, 64.749], [114.06, 64.749], [114.06, 64.748], [114.061, 64.748], [114.061, 64.747], [114.062, 64.747], [114.062, 64.746], [114.063, 64.745], [114.067, 64.733], [114.067, 64.732], [114.067, 64.731], [114.067, 64.73], [114.067, 64.729], [114.067, 64.728], [114.066, 64.728], [114.066, 64.727], [114.065, 64.726], [114.056, 64.717], [114.067, 64.691], [114.067, 64.69], [114.067, 64.689], [114.067, 64.688], [114.067, 64.687], [114.067, 64.686], [114.067, 64.685], [114.066, 64.685], [114.066, 64.684], [114.065, 64.684], [114.065, 64.683], [114.064, 64.683], [114.053, 64.677], [114.052, 64.677], [114.049, 64.655], [114.07, 64.638], [114.112, 64.639], [114.113, 64.639], [114.113, 64.638], [114.114, 64.638], [114.115, 64.638], [114.122, 64.634], [114.123, 64.634], [114.124, 64.633], [114.125, 64.633], [114.125, 64.632], [114.125, 64.631], [114.126, 64.63], [114.126, 64.629], [114.126, 64.628], [114.126, 64.627], [114.125, 64.627], [114.125, 64.626], [114.124, 64.625], [114.124, 64.624], [114.123, 64.624], [114.096, 64.606], [114.088, 64.59], [114.131, 64.561], [114.202, 64.561], [114.203, 64.561], [114.252, 64.586], [114.253, 64.586], [114.253, 64.587], [114.254, 64.587], [114.365, 64.597], [114.403, 64.616], [114.415, 64.645], [114.416, 64.646], [114.416, 64.647], [114.417, 64.647], [114.417, 64.648], [114.443, 64.67], [114.444, 64.67], [114.444, 64.671], [114.445, 64.671], [114.446, 64.671], [114.549, 64.676], [114.58, 64.699], [114.581, 64.7], [114.582, 64.7], [114.583, 64.701], [114.584, 64.701], [114.585, 64.701], [114.585, 64.7], [114.592, 64.699], [114.593, 64.699], [114.594, 64.698], [114.595, 64.698], [114.595, 64.697], [114.596, 64.696], [114.596, 64.695], [114.597, 64.694], [114.597, 64.693], [114.597, 64.692], [114.597, 64.691], [114.596, 64.691], [114.596, 64.69], [114.595, 64.689], [114.582, 64.672], [114.583, 64.641], [114.605, 64.628], [114.606, 64.628], [114.645, 64.636], [114.674, 64.656], [114.674, 64.657], [114.672, 64.694], [114.672, 64.695], [114.672, 64.696], [114.673, 64.697], [114.673, 64.698], [114.674, 64.699], [114.678, 64.704], [114.679, 64.704], [114.679, 64.705], [114.68, 64.705], [114.681, 64.705], [114.682, 64.706], [114.683, 64.706], [114.706, 64.706], [114.707, 64.706], [114.707, 64.705], [114.708, 64.705], [114.709, 64.705], [114.755, 64.676], [114.803, 64.676], [114.816, 64.696], [114.816, 64.697], [114.767, 64.71], [114.766, 64.71], [114.765, 64.71], [114.765, 64.711], [114.764, 64.711], [114.763, 64.712], [114.763, 64.713], [114.746, 64.749], [114.746, 64.75], [114.746, 64.751], [114.746, 64.752], [114.746, 64.753], [114.746, 64.754], [114.747, 64.755], [114.747, 64.756], [114.748, 64.756], [114.749, 64.757], [114.75, 64.757], [114.751, 64.758], [114.764, 64.758], [114.765, 64.758], [114.766, 64.758], [114.767, 64.758], [114.767, 64.757], [114.768, 64.757], [114.769, 64.756], [114.782, 64.739], [114.783, 64.739], [114.804, 64.732], [114.805, 64.731], [114.805, 64.732], [114.852, 64.743], [114.849, 64.76], [114.727, 64.783], [114.727, 64.784], [114.726, 64.784], [114.725, 64.784], [114.725, 64.785], [114.724, 64.785], [114.724, 64.786], [114.723, 64.786], [114.723, 64.787], [114.723, 64.788], [114.722, 64.788], [114.722, 64.789], [114.722, 64.79], [114.723, 64.791], [114.723, 64.792], [114.723, 64.793], [114.724, 64.793], [114.746, 64.821], [114.746, 64.822], [114.747, 64.822], [114.748, 64.823], [114.76, 64.829], [114.761, 64.829], [114.762, 64.829], [114.763, 64.829], [114.845, 64.831], [114.853, 64.847], [114.826, 64.865], [114.825, 64.865], [114.825, 64.866], [114.824, 64.866], [114.824, 64.867], [114.823, 64.867], [114.823, 64.868], [114.823, 64.869], [114.823, 64.87], [114.823, 64.871], [114.823, 64.872], [114.824, 64.873], [114.824, 64.874], [114.825, 64.874], [114.825, 64.875], [114.826, 64.875], [114.827, 64.875], [114.827, 64.876], [114.828, 64.876], [114.94, 64.9], [114.94, 64.901], [114.952, 64.911], [114.951, 64.919], [114.95, 64.92], [114.95, 64.921], [114.951, 64.922], [114.951, 64.923], [114.952, 64.924], [114.952, 64.925], [114.953, 64.925], [114.954, 64.926], [114.955, 64.926], [115.01, 64.934], [115.01, 64.935], [115.011, 64.935], [115.011, 64.934], [115.084, 64.924], [115.131, 64.946], [115.132, 64.946], [115.132, 64.947], [115.133, 64.947], [115.134, 64.947], [115.135, 64.947], [115.204, 64.926], [115.26, 64.952], [115.261, 64.952], [115.262, 64.952], [115.263, 64.952], [115.384, 64.941], [115.416, 64.95], [115.422, 64.968], [115.412, 64.985], [115.315, 64.999], [115.314, 64.999], [115.266, 65.016], [115.265, 65.016], [115.265, 65.017], [115.264, 65.017], [115.263, 65.018], [115.263, 65.019], [115.262, 65.019], [115.262, 65.02], [115.262, 65.021], [115.262, 65.022], [115.262, 65.023], [115.263, 65.024], [115.263, 65.025], [115.264, 65.025], [115.264, 65.026], [115.265, 65.027], [115.266, 65.027], [115.267, 65.027], [115.268, 65.028], [115.351, 65.034], [115.352, 65.049], [115.345, 65.054], [115.344, 65.055], [115.343, 65.056], [115.343, 65.057], [115.343, 65.058], [115.342, 65.059], [115.342, 65.06], [115.343, 65.06], [115.343, 65.061], [115.343, 65.062], [115.344, 65.063], [115.345, 65.064], [115.346, 65.064], [115.346, 65.065], [115.347, 65.065], [115.348, 65.065], [115.349, 65.065], [115.352, 65.065], [115.353, 65.065], [115.401, 65.071], [115.402, 65.071], [115.403, 65.071], [115.539, 65.043], [115.575, 65.043], [115.576, 65.043], [115.59, 65.051], [115.584, 65.07], [115.561, 65.086], [115.561, 65.087], [115.56, 65.088], [115.56, 65.089], [115.559, 65.089], [115.559, 65.09], [115.559, 65.091], [115.559, 65.092], [115.559, 65.093], [115.56, 65.094], [115.56, 65.095], [115.561, 65.095], [115.561, 65.096], [115.562, 65.096], [115.563, 65.097], [115.564, 65.097], [115.565, 65.097], [115.645, 65.093], [115.646, 65.093], [115.724, 65.077], [115.725, 65.077], [115.785, 65.105], [115.786, 65.106], [115.787, 65.106], [115.788, 65.106], [115.789, 65.106], [115.79, 65.106], [115.858, 65.084], [115.874, 65.109], [115.875, 65.11], [115.876, 65.111], [115.903, 65.129], [115.904, 65.129], [115.907, 65.142], [115.9, 65.144], [115.899, 65.144], [115.898, 65.145], [115.897, 65.146], [115.896, 65.147], [115.896, 65.148], [115.896, 65.149], [115.896, 65.15], [115.896, 65.151], [115.896, 65.152], [115.896, 65.153], [115.897, 65.153], [115.897, 65.154], [115.898, 65.154], [115.898, 65.155], [115.899, 65.155], [115.9, 65.156], [115.901, 65.156], [115.902, 65.156], [115.929, 65.153], [115.93, 65.153], [115.93, 65.152], [115.931, 65.152], [115.932, 65.152], [115.932, 65.151], [115.933, 65.151], [115.933, 65.15], [115.946, 65.128], [116.054, 65.101], [116.054, 65.1], [116.077, 65.101], [116.078, 65.101], [116.092, 65.111], [116.093, 65.111], [116.093, 65.112], [116.094, 65.112], [116.095, 65.112], [116.096, 65.112], [116.097, 65.112], [116.098, 65.112], [116.099, 65.111], [116.1, 65.111], [116.1, 65.11], [116.101, 65.11], [116.101, 65.109], [116.101, 65.108], [116.102, 65.107], [116.102, 65.106], [116.102, 65.105], [116.101, 65.105], [116.099, 65.094], [116.106, 65.081], [116.136, 65.07], [116.137, 65.07], [116.225, 65.073], [116.337, 65.099], [116.337, 65.1], [116.338, 65.1], [116.339, 65.1], [116.339, 65.099], [116.467, 65.075], [116.521, 65.091], [116.522, 65.091], [116.523, 65.091], [116.553, 65.088], [116.554, 65.088], [116.555, 65.088], [116.555, 65.087], [116.556, 65.087], [116.557, 65.086], [116.558, 65.085], [116.558, 65.084], [116.56, 65.078], [116.561, 65.078], [116.561, 65.077], [116.561, 65.076], [116.561, 65.075], [116.56, 65.074], [116.56, 65.073], [116.559, 65.072], [116.546, 65.059], [116.545, 65.059], [116.545, 65.058], [116.544, 65.058], [116.543, 65.058], [116.542, 65.057], [116.442, 65.05], [116.409, 65.031], [116.425, 65.012], [116.426, 65.011], [116.497, 65.0], [116.539, 65.008], [116.613, 65.039], [116.614, 65.039], [116.667, 65.07], [116.668, 65.071], [116.669, 65.071], [116.67, 65.071], [116.691, 65.071], [116.692, 65.071], [116.693, 65.071], [116.693, 65.07], [116.694, 65.07], [116.708, 65.061], [116.714, 65.073], [116.698, 65.086], [116.697, 65.086], [116.697, 65.087], [116.696, 65.087], [116.696, 65.088], [116.696, 65.089], [116.695, 65.09], [116.695, 65.091], [116.696, 65.091], [116.696, 65.092], [116.696, 65.093], [116.697, 65.094], [116.697, 65.095], [116.698, 65.095], [116.727, 65.113], [116.727, 65.114], [116.728, 65.114], [116.729, 65.114], [116.73, 65.114], [116.731, 65.114], [116.739, 65.113], [116.74, 65.113], [116.741, 65.113], [116.742, 65.112], [116.743, 65.112], [116.743, 65.111], [116.744, 65.11], [116.744, 65.109], [116.744, 65.108], [116.747, 65.093], [116.758, 65.083], [116.758, 65.082], [116.792, 65.086], [116.798, 65.097], [116.798, 65.098], [116.794, 65.107], [116.793, 65.108], [116.793, 65.109], [116.793, 65.11], [116.793, 65.111], [116.793, 65.112], [116.794, 65.113], [116.794, 65.114], [116.795, 65.114], [116.796, 65.115], [116.797, 65.115], [116.797, 65.116], [116.798, 65.116], [116.859, 65.128], [116.845, 65.152], [116.845, 65.153], [116.845, 65.154], [116.844, 65.155], [116.844, 65.156], [116.845, 65.156], [116.845, 65.157], [116.845, 65.158], [116.846, 65.159], [116.856, 65.169], [116.857, 65.17], [116.858, 65.17], [116.858, 65.171], [116.859, 65.171], [116.86, 65.171], [116.861, 65.171], [116.862, 65.171], [116.865, 65.17], [116.866, 65.17], [116.867, 65.169], [116.868, 65.169], [116.868, 65.168], [116.869, 65.167], [116.869, 65.166], [116.87, 65.165], [116.87, 65.164], [116.87, 65.163], [116.869, 65.163], [116.869, 65.162], [116.868, 65.16], [116.868, 65.159], [116.877, 65.152], [116.94, 65.158], [116.959, 65.173], [116.96, 65.173], [116.961, 65.174], [116.962, 65.174], [116.963, 65.174], [117.003, 65.174], [117.01, 65.187], [117.01, 65.188], [116.992, 65.195], [116.991, 65.196], [116.99, 65.196], [116.99, 65.197], [116.989, 65.198], [116.989, 65.199], [116.989, 65.2], [116.989, 65.201], [116.989, 65.202], [116.989, 65.203], [116.99, 65.204], [116.99, 65.205], [116.991, 65.205], [116.991, 65.206], [116.992, 65.206], [117.005, 65.212], [117.005, 65.213], [117.005, 65.214], [117.005, 65.215], [117.006, 65.215], [117.006, 65.216], [117.006, 65.217], [117.007, 65.217], [117.007, 65.218], [117.008, 65.218], [117.008, 65.219], [117.009, 65.219], [117.01, 65.219], [117.011, 65.219], [117.012, 65.219], [117.053, 65.23], [117.053, 65.231], [117.054, 65.238], [117.054, 65.239], [117.054, 65.24], [117.055, 65.24], [117.055, 65.241], [117.056, 65.242], [117.057, 65.242], [117.057, 65.243], [117.058, 65.243], [117.059, 65.243], [117.076, 65.246], [117.093, 65.265], [117.093, 65.266], [117.094, 65.266], [117.095, 65.267], [117.096, 65.267], [117.097, 65.267], [117.098, 65.267], [117.099, 65.267], [117.099, 65.266], [117.129, 65.254], [117.151, 65.254], [117.151, 65.255], [117.172, 65.262], [117.171, 65.268], [117.171, 65.269], [117.171, 65.27], [117.171, 65.271], [117.171, 65.272], [117.172, 65.272], [117.172, 65.273], [117.173, 65.274], [117.174, 65.274], [117.175, 65.275], [117.176, 65.275], [117.177, 65.275], [117.197, 65.275], [117.198, 65.275], [117.208, 65.282], [117.209, 65.282], [117.209, 65.283], [117.21, 65.283], [117.211, 65.283], [117.212, 65.283], [117.213, 65.283], [117.214, 65.283], [117.214, 65.282], [117.215, 65.282], [117.226, 65.275], [117.256, 65.281], [117.26, 65.296], [117.259, 65.296], [117.256, 65.296], [117.255, 65.296], [117.254, 65.296], [117.254, 65.297], [117.253, 65.297], [117.252, 65.297], [117.252, 65.298], [117.251, 65.298], [117.251, 65.299], [117.25, 65.3], [117.25, 65.301], [117.25, 65.302], [117.25, 65.303], [117.25, 65.304], [117.251, 65.305], [117.251, 65.306], [117.252, 65.306], [117.252, 65.307], [117.253, 65.307], [117.254, 65.308], [117.255, 65.308], [117.279, 65.311], [117.284, 65.319], [117.284, 65.32], [117.285, 65.32], [117.285, 65.321], [117.286, 65.321], [117.287, 65.322], [117.288, 65.322], [117.313, 65.326], [117.314, 65.326], [117.319, 65.343], [117.306, 65.349], [117.305, 65.349], [117.305, 65.35], [117.304, 65.35], [117.304, 65.351], [117.303, 65.352], [117.303, 65.353], [117.303, 65.354], [117.303, 65.355], [117.303, 65.356], [117.305, 65.362], [117.306, 65.362], [117.306, 65.363], [117.307, 65.364], [117.307, 65.365], [117.308, 65.365], [117.309, 65.365], [117.31, 65.366], [117.311, 65.366], [117.312, 65.366], [117.337, 65.362], [117.338, 65.362], [117.367, 65.374], [117.368, 65.374], [117.382, 65.392], [117.38, 65.398], [117.379, 65.399], [117.379, 65.4], [117.379, 65.401], [117.379, 65.402], [117.38, 65.403], [117.38, 65.404], [117.381, 65.404], [117.391, 65.414], [117.387, 65.416], [117.386, 65.416], [117.386, 65.417], [117.385, 65.417], [117.385, 65.418], [117.384, 65.418], [117.384, 65.419], [117.384, 65.42], [117.383, 65.42], [117.383, 65.421], [117.383, 65.422], [117.383, 65.423], [117.384, 65.424], [117.384, 65.425], [117.385, 65.426], [117.386, 65.427], [117.387, 65.427], [117.388, 65.427], [117.389, 65.428], [117.421, 65.428], [117.413, 65.442], [117.412, 65.443], [117.411, 65.443], [117.41, 65.443], [117.41, 65.444], [117.409, 65.444], [117.409, 65.445], [117.408, 65.445], [117.408, 65.446], [117.408, 65.447], [117.407, 65.447], [117.407, 65.448], [117.407, 65.449], [117.407, 65.45], [117.408, 65.45], [117.408, 65.451], [117.408, 65.452], [117.409, 65.452], [117.409, 65.453], [117.41, 65.453], [117.41, 65.454], [117.418, 65.458], [117.415, 65.464], [117.399, 65.468], [117.398, 65.468], [117.397, 65.468], [117.397, 65.469], [117.396, 65.469], [117.396, 65.47], [117.395, 65.47], [117.395, 65.471], [117.394, 65.472], [117.394, 65.473], [117.394, 65.474], [117.394, 65.475], [117.395, 65.475], [117.395, 65.476], [117.395, 65.477], [117.396, 65.477], [117.396, 65.478], [117.397, 65.478], [117.408, 65.488], [117.368, 65.49], [117.367, 65.491], [117.366, 65.491], [117.365, 65.491], [117.365, 65.492], [117.364, 65.492], [117.364, 65.493], [117.363, 65.493], [117.363, 65.494], [117.363, 65.495], [117.363, 65.496], [117.363, 65.497], [117.363, 65.498], [117.363, 65.499], [117.364, 65.5], [117.365, 65.501], [117.365, 65.508], [117.365, 65.509], [117.365, 65.51], [117.365, 65.511], [117.366, 65.512], [117.367, 65.513], [117.368, 65.513], [117.384, 65.523], [117.385, 65.524], [117.386, 65.524], [117.387, 65.524], [117.407, 65.525], [117.486, 65.566], [117.487, 65.567], [117.554, 65.584], [117.586, 65.61], [117.59, 65.623], [117.59, 65.624], [117.591, 65.625], [117.592, 65.625], [117.592, 65.626], [117.593, 65.627], [117.594, 65.627], [117.674, 65.649], [117.675, 65.649], [117.695, 65.677], [117.686, 65.698], [117.685, 65.699], [117.685, 65.7], [117.685, 65.701], [117.685, 65.702], [117.685, 65.703], [117.686, 65.703], [117.686, 65.704], [117.687, 65.705], [117.688, 65.706], [117.689, 65.706], [117.806, 65.741], [117.81, 65.767], [117.811, 65.768], [117.811, 65.769], [117.812, 65.77], [117.813, 65.771], [117.814, 65.771], [117.83, 65.779], [117.831, 65.779], [117.83, 65.789], [117.83, 65.79], [117.83, 65.791], [117.831, 65.791], [117.831, 65.792], [117.832, 65.793], [117.832, 65.794], [117.833, 65.794], [117.834, 65.794], [117.835, 65.795], [117.836, 65.795], [117.876, 65.798], [117.896, 65.81], [117.897, 65.81], [117.897, 65.811], [117.898, 65.811], [117.899, 65.811], [117.9, 65.811], [117.911, 65.81], [117.911, 65.809], [117.912, 65.809], [117.913, 65.809], [117.914, 65.808], [117.915, 65.807], [117.915, 65.806], [117.916, 65.806], [117.922, 65.791], [117.94, 65.783], [117.971, 65.799], [117.971, 65.8], [117.972, 65.8], [117.973, 65.8], [117.974, 65.8], [117.975, 65.8], [117.988, 65.796], [117.989, 65.796], [117.989, 65.795], [117.99, 65.795], [117.991, 65.794], [117.991, 65.793], [117.999, 65.782], [117.999, 65.781], [118.069, 65.786], [118.069, 65.787], [118.073, 65.798], [118.073, 65.799], [118.051, 65.805], [118.05, 65.806], [118.049, 65.806], [118.048, 65.807], [118.048, 65.808], [118.047, 65.808], [118.047, 65.809], [118.047, 65.81], [118.047, 65.811], [118.047, 65.812], [118.047, 65.813], [118.047, 65.814], [118.051, 65.821], [118.022, 65.831], [118.021, 65.831], [118.021, 65.832], [118.02, 65.832], [118.019, 65.833], [118.019, 65.834], [118.018, 65.834], [118.018, 65.835], [118.018, 65.836], [118.018, 65.837], [118.018, 65.838], [118.018, 65.839], [118.018, 65.84], [118.019, 65.84], [118.019, 65.841], [118.02, 65.842], [118.021, 65.842], [118.021, 65.843], [118.028, 65.846], [118.029, 65.846], [118.032, 65.862], [118.032, 65.863], [118.033, 65.863], [118.033, 65.864], [118.034, 65.865], [118.034, 65.866], [118.035, 65.866], [118.045, 65.873], [118.039, 65.881], [118.039, 65.882], [118.038, 65.882], [118.038, 65.883], [118.038, 65.884], [118.038, 65.885], [118.038, 65.886], [118.039, 65.887], [118.039, 65.888], [118.04, 65.888], [118.04, 65.889], [118.041, 65.889], [118.041, 65.89], [118.063, 65.901], [118.046, 65.917], [118.045, 65.918], [118.045, 65.919], [118.044, 65.919], [118.044, 65.92], [118.044, 65.921], [118.044, 65.922], [118.044, 65.923], [118.046, 65.93], [118.034, 65.936], [118.033, 65.936], [118.033, 65.937], [118.032, 65.938], [118.032, 65.939], [118.031, 65.939], [118.031, 65.94], [118.031, 65.941], [118.031, 65.942], [118.032, 65.943], [118.032, 65.944], [118.032, 65.945], [118.033, 65.945], [118.034, 65.946], [118.051, 65.957], [118.041, 65.968], [118.04, 65.969], [118.04, 65.97], [118.04, 65.971], [118.039, 65.971], [118.039, 65.972], [118.039, 65.973], [118.04, 65.974], [118.04, 65.975], [118.04, 65.976], [118.041, 65.976], [118.042, 65.977], [118.043, 65.977], [118.043, 65.978], [118.044, 65.978], [118.133, 65.995], [118.134, 65.995], [118.142, 66.004], [118.14, 66.008], [118.14, 66.009], [118.139, 66.009], [118.139, 66.01], [118.139, 66.011], [118.139, 66.012], [118.139, 66.013], [118.14, 66.013], [118.14, 66.014], [118.141, 66.015], [118.141, 66.016], [118.142, 66.016], [118.143, 66.016], [118.184, 66.032], [118.238, 66.066], [118.239, 66.066], [118.24, 66.066], [118.333, 66.096], [118.334, 66.096], [118.335, 66.096], [118.353, 66.094], [118.391, 66.106], [118.398, 66.133], [118.376, 66.176], [118.317, 66.203], [118.256, 66.213], [118.255, 66.213], [118.255, 66.214], [118.254, 66.214], [118.199, 66.238], [118.198, 66.238], [118.198, 66.239], [118.197, 66.239], [118.197, 66.24], [118.196, 66.24], [118.196, 66.241], [118.19, 66.251], [118.179, 66.254], [118.178, 66.254], [118.177, 66.255], [118.176, 66.255], [118.176, 66.256], [118.175, 66.257], [118.175, 66.258], [118.174, 66.259], [118.174, 66.26], [118.174, 66.261], [118.175, 66.261], [118.175, 66.262], [118.176, 66.265], [118.176, 66.266], [118.157, 66.273], [118.156, 66.273], [118.155, 66.273], [118.155, 66.274], [118.154, 66.274], [118.154, 66.275], [118.153, 66.275], [118.153, 66.276], [118.153, 66.277], [118.153, 66.278], [118.151, 66.299], [118.129, 66.302], [118.128, 66.302], [118.127, 66.302], [118.126, 66.302], [118.125, 66.303], [118.124, 66.304], [118.124, 66.305], [118.123, 66.306], [118.122, 66.311], [118.102, 66.318], [118.101, 66.318], [118.1, 66.319], [118.099, 66.319], [118.099, 66.32], [118.098, 66.321], [118.098, 66.322], [118.098, 66.323], [118.098, 66.324], [118.098, 66.325], [118.102, 66.337], [118.102, 66.338], [118.103, 66.339], [118.104, 66.34], [118.105, 66.34], [118.117, 66.344], [118.117, 66.345], [118.116, 66.346], [118.116, 66.347], [118.116, 66.348], [118.116, 66.349], [118.116, 66.35], [118.116, 66.351], [118.117, 66.351], [118.117, 66.352], [118.118, 66.353], [118.119, 66.354], [118.141, 66.363], [118.137, 66.371], [118.137, 66.372], [118.137, 66.373], [118.137, 66.374], [118.137, 66.375], [118.138, 66.376], [118.138, 66.377], [118.139, 66.377], [118.139, 66.378], [118.14, 66.378], [118.14, 66.379], [118.141, 66.379], [118.142, 66.379], [118.143, 66.379], [118.197, 66.382], [118.202, 66.394], [118.202, 66.395], [118.203, 66.396], [118.203, 66.397], [118.204, 66.398], [118.205, 66.398], [118.205, 66.399], [118.206, 66.399], [118.207, 66.399], [118.208, 66.399], [118.209, 66.399], [118.243, 66.397], [118.274, 66.41], [118.274, 66.411], [118.274, 66.412], [118.274, 66.413], [118.274, 66.414], [118.275, 66.415], [118.276, 66.416], [118.277, 66.417], [118.278, 66.417], [118.279, 66.417], [118.28, 66.417], [118.281, 66.417], [118.298, 66.414], [118.313, 66.43], [118.314, 66.431], [118.315, 66.431], [118.333, 66.437], [118.325, 66.444], [118.325, 66.445], [118.324, 66.445], [118.324, 66.446], [118.323, 66.447], [118.323, 66.448], [118.323, 66.449], [118.323, 66.45], [118.323, 66.451], [118.324, 66.452], [118.324, 66.453], [118.325, 66.453], [118.326, 66.454], [118.327, 66.454], [118.328, 66.455], [118.357, 66.46], [118.358, 66.46], [118.359, 66.46], [118.36, 66.46], [118.361, 66.46], [118.361, 66.459], [118.362, 66.459], [118.362, 66.458], [118.363, 66.458], [118.363, 66.457], [118.363, 66.456], [118.364, 66.455], [118.364, 66.454], [118.364, 66.453], [118.363, 66.452], [118.363, 66.451], [118.362, 66.45], [118.361, 66.45], [118.361, 66.449], [118.36, 66.449], [118.359, 66.449], [118.35, 66.446], [118.348, 66.438], [118.393, 66.434], [118.44, 66.456], [118.441, 66.457], [118.442, 66.457], [118.443, 66.457], [118.444, 66.457], [118.444, 66.456], [118.474, 66.447], [118.517, 66.456], [118.518, 66.456], [118.598, 66.493], [118.599, 66.493], [118.599, 66.494], [118.6, 66.494], [118.601, 66.494], [118.716, 66.487], [118.717, 66.486], [118.718, 66.486], [118.816, 66.448], [118.817, 66.447], [118.818, 66.446], [118.819, 66.445], [118.819, 66.444], [118.822, 66.436], [118.848, 66.432], [118.849, 66.432], [118.849, 66.448], [118.848, 66.448], [118.835, 66.452], [118.834, 66.453], [118.833, 66.453], [118.833, 66.454], [118.832, 66.454], [118.832, 66.455], [118.832, 66.456], [118.831, 66.456], [118.831, 66.459], [118.831, 66.46], [118.83, 66.46], [118.83, 66.461], [118.831, 66.462], [118.831, 66.463], [118.831, 66.464], [118.832, 66.464], [118.832, 66.465], [118.833, 66.466], [118.834, 66.466], [118.852, 66.472], [118.877, 66.495], [118.878, 66.495], [118.879, 66.496], [118.88, 66.496], [118.881, 66.496], [118.882, 66.496], [118.909, 66.494], [118.919, 66.504], [118.92, 66.504], [118.921, 66.505], [118.922, 66.505], [118.923, 66.505], [118.994, 66.512], [119.031, 66.529], [119.032, 66.529], [119.033, 66.529], [119.076, 66.537], [119.14, 66.573], [119.141, 66.574], [119.149, 66.585], [119.15, 66.585], [119.15, 66.586], [119.151, 66.586], [119.152, 66.586], [119.152, 66.587], [119.153, 66.587], [119.19, 66.594], [119.271, 66.634], [119.259, 66.66], [119.224, 66.683], [119.155, 66.705], [119.154, 66.705], [119.153, 66.706], [119.152, 66.706], [119.152, 66.707], [119.151, 66.708], [119.151, 66.709], [119.151, 66.71], [119.151, 66.711], [119.151, 66.712], [119.159, 66.743], [119.12, 66.762], [119.119, 66.763], [119.118, 66.764], [119.117, 66.765], [119.117, 66.766], [119.117, 66.767], [119.117, 66.768], [119.117, 66.769], [119.119, 66.78], [119.06, 66.837], [119.06, 66.838], [119.059, 66.839], [119.059, 66.84], [119.054, 66.862], [119.054, 66.863], [119.054, 66.864], [119.054, 66.865], [119.055, 66.866], [119.06, 66.877], [119.06, 66.878], [119.041, 66.911], [119.041, 66.912], [119.04, 66.913], [119.037, 66.943], [119.037, 66.944], [119.037, 66.945], [119.037, 66.946], [119.038, 66.947], [119.038, 66.948], [119.039, 66.948], [119.039, 66.949], [119.04, 66.949], [119.041, 66.949], [119.041, 66.95], [119.042, 66.95], [119.043, 66.95], [119.044, 66.95], [119.075, 66.942], [119.076, 66.942], [119.076, 66.941], [119.077, 66.941], [119.078, 66.941], [119.078, 66.94], [119.101, 66.916], [119.116, 66.911], [119.117, 66.911], [119.534, 66.859], [119.535, 66.859], [119.597, 66.834], [119.656, 66.84], [119.657, 66.84], [119.658, 66.84], [119.659, 66.84], [119.66, 66.839], [119.683, 66.82], [119.684, 66.82], [119.791, 66.79], [119.792, 66.79], [119.793, 66.79], [119.794, 66.789], [119.794, 66.788], [119.795, 66.788], [119.795, 66.787], [119.796, 66.786], [119.8, 66.768], [119.857, 66.755], [119.857, 66.754], [119.858, 66.754], [119.859, 66.754], [119.859, 66.753], [119.86, 66.753], [119.86, 66.752], [119.861, 66.751], [119.866, 66.74], [119.901, 66.73], [119.901, 66.729], [119.902, 66.729], [119.903, 66.729], [119.903, 66.728], [119.927, 66.704], [119.978, 66.704], [119.979, 66.703], [119.98, 66.703], [119.981, 66.703], [119.981, 66.702], [119.982, 66.702], [119.982, 66.701], [119.983, 66.701], [119.983, 66.7], [119.998, 66.665], [120.05, 66.666], [120.051, 66.666], [120.052, 66.666], [120.053, 66.666], [120.054, 66.665], [120.055, 66.664], [120.059, 66.659], [120.059, 66.658], [120.06, 66.658], [120.06, 66.657], [120.06, 66.656], [120.06, 66.655], [120.06, 66.654], [120.06, 66.653], [120.054, 66.635], [120.055, 66.635], [120.06, 66.633], [120.061, 66.632], [120.062, 66.632], [120.062, 66.631], [120.063, 66.63], [120.063, 66.629], [120.063, 66.628], [120.063, 66.627], [120.063, 66.626], [120.063, 66.625], [120.063, 66.624], [120.062, 66.623], [120.061, 66.623], [120.054, 66.616], [120.057, 66.599], [120.111, 66.596], [120.112, 66.596], [120.113, 66.595], [120.114, 66.595], [120.114, 66.594], [120.115, 66.594], [120.116, 66.593], [120.116, 66.592], [120.117, 66.592], [120.117, 66.591], [120.117, 66.59], [120.117, 66.589], [120.117, 66.588], [120.116, 66.587], [120.112, 66.576], [120.143, 66.57], [120.143, 66.569], [120.144, 66.569], [120.145, 66.569], [120.145, 66.568], [120.146, 66.568], [120.146, 66.567], [120.154, 66.557], [120.154, 66.556], [120.192, 66.552], [120.193, 66.552], [120.194, 66.552], [120.194, 66.551], [120.195, 66.551], [120.196, 66.551], [120.196, 66.55], [120.197, 66.549], [120.197, 66.548], [120.198, 66.548], [120.198, 66.547], [120.198, 66.546], [120.198, 66.545], [120.198, 66.544], [120.197, 66.544], [120.197, 66.543], [120.196, 66.542], [120.196, 66.541], [120.195, 66.541], [120.194, 66.54], [120.188, 66.538], [120.174, 66.516], [120.208, 66.5], [120.209, 66.5], [120.209, 66.499], [120.21, 66.499], [120.222, 66.486], [120.222, 66.485], [120.261, 66.471], [120.262, 66.471], [120.297, 66.481], [120.298, 66.481], [120.299, 66.481], [120.3, 66.481], [120.301, 66.481], [120.338, 66.472], [120.339, 66.472], [120.34, 66.471], [120.341, 66.47], [120.341, 66.469], [120.342, 66.469], [120.342, 66.468], [120.342, 66.467], [120.342, 66.466], [120.342, 66.465], [120.342, 66.464], [120.341, 66.463], [120.341, 66.462], [120.34, 66.462], [120.34, 66.461], [120.339, 66.461], [120.335, 66.459], [120.348, 66.446], [120.348, 66.445], [120.349, 66.445], [120.349, 66.444], [120.349, 66.443], [120.349, 66.442], [120.349, 66.441], [120.349, 66.44], [120.349, 66.439], [120.348, 66.439], [120.348, 66.438], [120.347, 66.437], [120.33, 66.425], [120.371, 66.409], [120.372, 66.409], [120.372, 66.408], [120.373, 66.408], [120.373, 66.407], [120.374, 66.407], [120.374, 66.406], [120.374, 66.405], [120.374, 66.404], [120.374, 66.403], [120.374, 66.402], [120.368, 66.385], [120.368, 66.384], [120.367, 66.383], [120.367, 66.382], [120.366, 66.382], [120.342, 66.367], [120.343, 66.352], [120.496, 66.329], [120.497, 66.329], [120.497, 66.328], [120.498, 66.328], [120.499, 66.328], [120.499, 66.327], [120.5, 66.327], [120.5, 66.326], [120.501, 66.325], [120.501, 66.324], [120.504, 66.307], [120.504, 66.306], [120.504, 66.305], [120.504, 66.304], [120.504, 66.303], [120.503, 66.303], [120.503, 66.302], [120.502, 66.302], [120.502, 66.301], [120.486, 66.29], [120.49, 66.274], [120.49, 66.273], [120.502, 66.263], [120.502, 66.262], [120.503, 66.262], [120.503, 66.261], [120.504, 66.26], [120.504, 66.259], [120.504, 66.258], [120.503, 66.244], [120.513, 66.233], [120.53, 66.235], [120.531, 66.235], [120.532, 66.235], [120.533, 66.235], [120.534, 66.235], [120.534, 66.234], [120.535, 66.234], [120.535, 66.233], [120.543, 66.225], [120.55, 66.224], [120.551, 66.224], [120.552, 66.223], [120.553, 66.223], [120.553, 66.222], [120.554, 66.222], [120.554, 66.221], [120.555, 66.22], [120.555, 66.219], [120.555, 66.218], [120.555, 66.217], [120.555, 66.216], [120.554, 66.215], [120.554, 66.214], [120.553, 66.213], [120.552, 66.213], [120.552, 66.212], [120.535, 66.205], [120.53, 66.194], [120.53, 66.193], [120.529, 66.193], [120.529, 66.192], [120.528, 66.192], [120.528, 66.191], [120.527, 66.191], [120.506, 66.185], [120.49, 66.171], [120.492, 66.161], [120.492, 66.16], [120.492, 66.159], [120.492, 66.158], [120.491, 66.157], [120.491, 66.156], [120.49, 66.156], [120.478, 66.141], [120.478, 66.14], [120.498, 66.121], [120.498, 66.12], [120.499, 66.12], [120.499, 66.119], [120.5, 66.118], [120.5, 66.117], [120.5, 66.116], [120.5, 66.115], [120.499, 66.114], [120.499, 66.113], [120.498, 66.112], [120.484, 66.1], [120.484, 66.099], [120.491, 66.089], [120.492, 66.089], [120.492, 66.088], [120.492, 66.087], [120.493, 66.087], [120.493, 66.086], [120.493, 66.085], [120.492, 66.085], [120.492, 66.084], [120.488, 66.072], [120.488, 66.071], [120.52, 66.039], [120.521, 66.038], [120.521, 66.037], [120.522, 66.036], [120.522, 66.035], [120.522, 66.034], [120.522, 66.033], [120.521, 66.032], [120.521, 66.031], [120.52, 66.03], [120.508, 66.018], [120.551, 65.982], [120.551, 65.981], [120.552, 65.981], [120.552, 65.98], [120.553, 65.979], [120.553, 65.978], [120.553, 65.977], [120.552, 65.966], [120.585, 65.956], [120.586, 65.956], [120.586, 65.955], [120.587, 65.955], [120.588, 65.954], [120.589, 65.953], [120.589, 65.952], [120.59, 65.951], [120.59, 65.95], [120.59, 65.949], [120.589, 65.948], [120.589, 65.947], [120.588, 65.946], [120.587, 65.945], [120.586, 65.945], [120.535, 65.919], [120.521, 65.88], [120.526, 65.875], [120.527, 65.874], [120.527, 65.873], [120.527, 65.872], [120.527, 65.871], [120.527, 65.87], [120.527, 65.869], [120.527, 65.868], [120.526, 65.868], [120.526, 65.867], [120.525, 65.866], [120.524, 65.866], [120.5, 65.856], [120.448, 65.813], [120.456, 65.794], [120.484, 65.78], [120.485, 65.779], [120.486, 65.779], [120.486, 65.778], [120.487, 65.777], [120.487, 65.776], [120.49, 65.761], [120.49, 65.76], [120.491, 65.76], [120.491, 65.759], [120.49, 65.759], [120.49, 65.758], [120.49, 65.757], [120.482, 65.742], [120.482, 65.741], [120.485, 65.723], [120.485, 65.722], [120.485, 65.721], [120.484, 65.72], [120.484, 65.719], [120.483, 65.718], [120.472, 65.706], [120.472, 65.705], [120.473, 65.682], [120.484, 65.672], [120.485, 65.672], [120.543, 65.665], [120.544, 65.665], [120.545, 65.664], [120.546, 65.664], [120.546, 65.663], [120.547, 65.663], [120.547, 65.662], [120.548, 65.661], [120.551, 65.653], [120.551, 65.652], [120.575, 65.646], [120.697, 65.649], [120.698, 65.649], [120.699, 65.649], [120.708, 65.644], [120.709, 65.644], [120.709, 65.643], [120.71, 65.643], [120.71, 65.642], [120.71, 65.641], [120.711, 65.641], [120.711, 65.64], [120.711, 65.639], [120.711, 65.638], [120.711, 65.637], [120.71, 65.636], [120.698, 65.617], [120.755, 65.609], [120.756, 65.609], [120.756, 65.608], [120.757, 65.608], [120.758, 65.608], [120.79, 65.58], [120.905, 65.587], [120.906, 65.587], [120.907, 65.587], [120.908, 65.586], [120.909, 65.586], [120.909, 65.585], [120.91, 65.585], [120.912, 65.583], [120.913, 65.582], [120.914, 65.581], [120.914, 65.58], [120.914, 65.579], [120.914, 65.578], [120.914, 65.577], [120.914, 65.576], [120.909, 65.563], [120.93, 65.551], [120.969, 65.547], [120.97, 65.547], [120.971, 65.547], [120.971, 65.546], [120.972, 65.546], [120.981, 65.539], [121.03, 65.537], [121.031, 65.537], [121.032, 65.537], [121.033, 65.537], [121.033, 65.536], [121.034, 65.536], [121.034, 65.535], [121.035, 65.535], [121.035, 65.534], [121.04, 65.523], [121.041, 65.523], [121.067, 65.502], [121.068, 65.502], [121.068, 65.501], [121.069, 65.5], [121.069, 65.499], [121.07, 65.498], [121.07, 65.497], [121.069, 65.496], [121.069, 65.495], [121.069, 65.494], [121.068, 65.494], [121.068, 65.493], [121.067, 65.493], [121.062, 65.488], [121.061, 65.488], [121.063, 65.473], [121.063, 65.472], [121.064, 65.472], [121.092, 65.466], [121.093, 65.466], [121.093, 65.465], [121.094, 65.465], [121.106, 65.455], [121.106, 65.454], [121.107, 65.454], [121.107, 65.453], [121.108, 65.452], [121.108, 65.451], [121.108, 65.45], [121.108, 65.449], [121.107, 65.448], [121.107, 65.447], [121.106, 65.447], [121.106, 65.446], [121.085, 65.429], [121.12, 65.415], [121.12, 65.414], [121.121, 65.414], [121.122, 65.413], [121.122, 65.412], [121.129, 65.402], [121.129, 65.401], [121.13, 65.401], [121.13, 65.4], [121.13, 65.399], [121.13, 65.398], [121.13, 65.397], [121.129, 65.397], [121.129, 65.396], [121.128, 65.395], [121.127, 65.394], [121.117, 65.388], [121.116, 65.388], [121.123, 65.375], [121.131, 65.373], [121.132, 65.373], [121.133, 65.372], [121.134, 65.372], [121.134, 65.371], [121.135, 65.371], [121.135, 65.37], [121.136, 65.369], [121.136, 65.368], [121.137, 65.352], [121.138, 65.351], [121.175, 65.341], [121.205, 65.346], [121.206, 65.346], [121.207, 65.346], [121.208, 65.346], [121.23, 65.337], [121.231, 65.336], [121.232, 65.336], [121.232, 65.335], [121.233, 65.334], [121.233, 65.333], [121.234, 65.333], [121.234, 65.332], [121.234, 65.331], [121.234, 65.33], [121.233, 65.329], [121.233, 65.328], [121.233, 65.327], [121.232, 65.327], [121.231, 65.326], [121.217, 65.316], [121.217, 65.263], [121.326, 65.241], [121.327, 65.241], [121.378, 65.244], [121.379, 65.244], [121.379, 65.243], [121.38, 65.243], [121.381, 65.243], [121.432, 65.218], [121.516, 65.226], [121.517, 65.226], [121.518, 65.226], [121.518, 65.225], [121.564, 65.212], [121.564, 65.211], [121.565, 65.211], [121.581, 65.199], [121.582, 65.199], [121.582, 65.198], [121.583, 65.198], [121.583, 65.197], [121.589, 65.181], [121.678, 65.17], [121.679, 65.17], [121.68, 65.17], [121.68, 65.169], [121.681, 65.169], [121.682, 65.168], [121.7, 65.142], [121.759, 65.129], [121.76, 65.129], [121.76, 65.128], [121.761, 65.128], [121.83, 65.092], [121.94, 65.076], [121.941, 65.076], [121.942, 65.075], [121.943, 65.075], [121.943, 65.074], [121.944, 65.074], [121.944, 65.073], [121.954, 65.055], [121.954, 65.054], [122.049, 65.054], [122.05, 65.054], [122.051, 65.054], [122.15, 65.025], [122.151, 65.025], [122.208, 64.997], [122.293, 64.988], [122.294, 64.988], [122.295, 64.988], [122.295, 64.987], [122.296, 64.987], [122.31, 64.975], [122.406, 64.98], [122.407, 64.98], [122.462, 64.966], [122.497, 64.981], [122.498, 64.981], [122.499, 64.981], [122.5, 64.981], [122.595, 64.975], [122.596, 64.975], [122.597, 64.974], [122.637, 64.954], [122.638, 64.954], [122.639, 64.953], [122.64, 64.952], [122.654, 64.927], [122.721, 64.894], [122.722, 64.894], [122.722, 64.893], [122.723, 64.893], [122.723, 64.892], [122.744, 64.866], [122.745, 64.866], [122.803, 64.856], [122.804, 64.855], [122.805, 64.855], [122.873, 64.823], [122.92, 64.828], [122.973, 64.853], [122.974, 64.853], [123.001, 64.877], [123.001, 64.878], [123.002, 64.878], [123.003, 64.878], [123.003, 64.879], [123.004, 64.879], [123.005, 64.879], [123.064, 64.873], [123.065, 64.873], [123.066, 64.873], [123.066, 64.872], [123.067, 64.872], [123.068, 64.871], [123.087, 64.852], [123.087, 64.851], [123.156, 64.835], [123.157, 64.835], [123.158, 64.835], [123.158, 64.834], [123.218, 64.792], [123.219, 64.792], [123.332, 64.767], [123.333, 64.767], [123.382, 64.744], [123.383, 64.744], [123.629, 64.765], [123.63, 64.765], [123.79, 64.73], [123.849, 64.739], [123.85, 64.739], [123.851, 64.739], [123.852, 64.739], [123.892, 64.723], [123.922, 64.721], [123.968, 64.73], [123.993, 64.746], [123.994, 64.747], [123.995, 64.747], [123.996, 64.747], [124.172, 64.762], [124.189, 64.775], [124.196, 64.803], [124.196, 64.804], [124.197, 64.805], [124.197, 64.806], [124.198, 64.806], [124.214, 64.818], [124.219, 64.853], [124.219, 64.854], [124.219, 64.855], [124.219, 64.856], [124.22, 64.856], [124.22, 64.857], [124.221, 64.857], [124.222, 64.858], [124.267, 64.879], [124.267, 64.882], [124.267, 64.883], [124.268, 64.884], [124.268, 64.885], [124.269, 64.886], [124.27, 64.886], [124.27, 64.887], [124.271, 64.887], [124.272, 64.887], [124.272, 64.888], [124.273, 64.888], [124.334, 64.891], [124.34, 64.897], [124.341, 64.898], [124.342, 64.898], [124.342, 64.899], [124.343, 64.899], [124.344, 64.899], [124.345, 64.899], [124.373, 64.896], [124.395, 64.903], [124.398, 64.912], [124.398, 64.913], [124.399, 64.914], [124.4, 64.915], [124.401, 64.915], [124.401, 64.916], [124.402, 64.916], [124.403, 64.916], [124.404, 64.916], [124.405, 64.916], [124.406, 64.916], [124.428, 64.908], [124.441, 64.915], [124.441, 64.916], [124.441, 64.917], [124.441, 64.918], [124.442, 64.918], [124.442, 64.919], [124.442, 64.92], [124.443, 64.92], [124.443, 64.921], [124.444, 64.921], [124.445, 64.922], [124.446, 64.922], [124.447, 64.922], [124.448, 64.922], [124.464, 64.92], [124.476, 64.93], [124.477, 64.931], [124.478, 64.931], [124.479, 64.931], [124.48, 64.931], [124.481, 64.931], [124.482, 64.931], [124.507, 64.919], [124.516, 64.923], [124.517, 64.924], [124.518, 64.924], [124.519, 64.924], [124.52, 64.923], [124.521, 64.923], [124.522, 64.922], [124.523, 64.921], [124.523, 64.92], [124.524, 64.92], [124.524, 64.919], [124.543, 64.915], [124.544, 64.915], [124.553, 64.922], [124.553, 64.923], [124.554, 64.923], [124.555, 64.923], [124.601, 64.932], [124.601, 64.933], [124.597, 64.942], [124.597, 64.943], [124.597, 64.944], [124.597, 64.945], [124.597, 64.946], [124.597, 64.947], [124.604, 64.958], [124.604, 64.959], [124.605, 64.959], [124.605, 64.96], [124.606, 64.96], [124.607, 64.961], [124.608, 64.961], [124.654, 64.966], [124.655, 64.966], [124.656, 64.966], [124.656, 64.965], [124.683, 64.959], [124.712, 64.974], [124.713, 64.974], [124.713, 64.975], [124.714, 64.975], [124.715, 64.975], [124.716, 64.975], [124.776, 64.966], [124.778, 64.972], [124.778, 64.973], [124.778, 64.974], [124.779, 64.974], [124.779, 64.975], [124.78, 64.976], [124.781, 64.976], [124.782, 64.977], [124.783, 64.977], [124.82, 64.981], [124.819, 65.01], [124.819, 65.011], [124.819, 65.012], [124.819, 65.013], [124.82, 65.013], [124.82, 65.014], [124.821, 65.015], [124.822, 65.015], [124.822, 65.016], [124.849, 65.027], [124.85, 65.028], [124.851, 65.028], [124.903, 65.03], [124.904, 65.03], [124.948, 65.021], [125.0, 65.028], [124.982, 65.066], [124.948, 65.082], [124.947, 65.083], [124.947, 65.084], [124.946, 65.084], [124.946, 65.085], [124.945, 65.086], [124.945, 65.087], [124.945, 65.088], [124.945, 65.089], [124.945, 65.09], [124.946, 65.09], [124.946, 65.091], [124.947, 65.092], [124.948, 65.093], [124.949, 65.093], [124.95, 65.093], [124.95, 65.094], [125.001, 65.101], [125.0, 65.126], [125.0, 65.127], [125.0, 65.128], [125.0, 65.129], [125.001, 65.13], [125.019, 65.154], [125.021, 65.189], [125.021, 65.19], [125.021, 65.191], [125.021, 65.192], [125.022, 65.192], [125.042, 65.223], [125.042, 65.224], [125.043, 65.224], [125.044, 65.225], [125.064, 65.236], [125.075, 65.259], [125.076, 65.26], [125.076, 65.261], [125.077, 65.261], [125.078, 65.262], [125.079, 65.262], [125.128, 65.273], [125.128, 65.274], [125.135, 65.297], [125.136, 65.298], [125.136, 65.299], [125.137, 65.299], [125.138, 65.3], [125.139, 65.3], [125.139, 65.301], [125.14, 65.301], [125.141, 65.301], [125.193, 65.299], [125.194, 65.299], [125.227, 65.319], [125.228, 65.319], [125.229, 65.319], [125.276, 65.328], [125.271, 65.341], [125.271, 65.342], [125.271, 65.343], [125.271, 65.344], [125.271, 65.345], [125.272, 65.346], [125.272, 65.347], [125.273, 65.347], [125.273, 65.348], [125.274, 65.348], [125.291, 65.36], [125.292, 65.36], [125.292, 65.361], [125.293, 65.361], [125.294, 65.361], [125.427, 65.352], [125.428, 65.352], [125.429, 65.352], [125.43, 65.351], [125.456, 65.336], [125.457, 65.336], [125.62, 65.346], [125.621, 65.346], [125.786, 65.328], [125.783, 65.36], [125.783, 65.361], [125.783, 65.362], [125.783, 65.363], [125.784, 65.364], [125.785, 65.365], [125.8, 65.379], [125.801, 65.379], [125.801, 65.38], [125.802, 65.38], [125.904, 65.415], [125.905, 65.415], [125.953, 65.423], [125.953, 65.424], [125.985, 65.443], [125.986, 65.443], [125.987, 65.443], [126.04, 65.455], [126.041, 65.455], [126.159, 65.471], [126.16, 65.471], [126.161, 65.471], [126.22, 65.459], [126.302, 65.475], [126.303, 65.475], [126.304, 65.475], [126.305, 65.474], [126.306, 65.474], [126.355, 65.445], [126.426, 65.451], [126.467, 65.468], [126.468, 65.468], [126.469, 65.468], [126.469, 65.469], [126.47, 65.469], [126.471, 65.469], [126.519, 65.46], [126.515, 65.476], [126.515, 65.477], [126.515, 65.478], [126.516, 65.479], [126.516, 65.48], [126.517, 65.481], [126.517, 65.482], [126.518, 65.482], [126.524, 65.486], [126.524, 65.487], [126.521, 65.498], [126.521, 65.499], [126.521, 65.5], [126.521, 65.501], [126.522, 65.502], [126.522, 65.503], [126.529, 65.514], [126.53, 65.515], [126.531, 65.515], [126.531, 65.516], [126.532, 65.516], [126.533, 65.517], [126.534, 65.517], [126.535, 65.517], [126.559, 65.515], [126.586, 65.549], [126.586, 65.55], [126.587, 65.55], [126.588, 65.551], [126.629, 65.568], [126.628, 65.575], [126.627, 65.576], [126.627, 65.577], [126.626, 65.578], [126.626, 65.579], [126.626, 65.58], [126.627, 65.581], [126.627, 65.582], [126.627, 65.583], [126.628, 65.583], [126.629, 65.584], [126.63, 65.585], [126.631, 65.585], [126.632, 65.585], [126.633, 65.585], [126.699, 65.573], [126.7, 65.573], [126.738, 65.587], [126.739, 65.587], [126.74, 65.587], [126.741, 65.587], [126.742, 65.587], [126.743, 65.587], [126.744, 65.586], [126.772, 65.567], [126.773, 65.567], [126.821, 65.56], [126.822, 65.573], [126.822, 65.574], [126.822, 65.575], [126.823, 65.576], [126.823, 65.577], [126.824, 65.577], [126.824, 65.578], [126.825, 65.578], [126.826, 65.579], [126.851, 65.587], [126.852, 65.587], [127.019, 65.613], [127.012, 65.632], [127.012, 65.633], [127.012, 65.634], [127.012, 65.635], [127.012, 65.636], [127.013, 65.636], [127.013, 65.637], [127.013, 65.638], [127.023, 65.65], [127.022, 65.652], [127.022, 65.653], [127.022, 65.654], [127.022, 65.655], [127.022, 65.656], [127.023, 65.657], [127.023, 65.658], [127.024, 65.658], [127.024, 65.659], [127.025, 65.659], [127.026, 65.66], [127.05, 65.666], [127.055, 65.68], [127.046, 65.689], [127.046, 65.69], [127.045, 65.69], [127.045, 65.691], [127.044, 65.692], [127.044, 65.693], [127.04, 65.715], [127.04, 65.716], [127.04, 65.717], [127.04, 65.718], [127.041, 65.719], [127.041, 65.72], [127.042, 65.72], [127.042, 65.721], [127.043, 65.721], [127.043, 65.722], [127.069, 65.736], [127.043, 65.765], [127.043, 65.766], [127.042, 65.766], [127.042, 65.767], [127.042, 65.768], [127.042, 65.769], [127.042, 65.77], [127.042, 65.771], [127.043, 65.772], [127.043, 65.773], [127.044, 65.773], [127.051, 65.78], [127.052, 65.781], [127.053, 65.781], [127.054, 65.782], [127.11, 65.794], [127.115, 65.805], [127.11, 65.81], [127.11, 65.811], [127.109, 65.811], [127.109, 65.812], [127.109, 65.813], [127.108, 65.814], [127.108, 65.815], [127.109, 65.816], [127.109, 65.817], [127.109, 65.818], [127.11, 65.818], [127.11, 65.819], [127.111, 65.819], [127.111, 65.82], [127.112, 65.82], [127.113, 65.82], [127.153, 65.829], [127.154, 65.829], [127.155, 65.829], [127.156, 65.829], [127.157, 65.829], [127.157, 65.828], [127.158, 65.828], [127.17, 65.818], [127.171, 65.817], [127.171, 65.816], [127.172, 65.815], [127.172, 65.814], [127.172, 65.813], [127.171, 65.812], [127.169, 65.805], [127.185, 65.797], [127.223, 65.794], [127.224, 65.794], [127.225, 65.793], [127.226, 65.793], [127.252, 65.778], [127.307, 65.774], [127.307, 65.775], [127.351, 65.799], [127.342, 65.824], [127.341, 65.825], [127.341, 65.826], [127.341, 65.827], [127.341, 65.828], [127.342, 65.829], [127.342, 65.83], [127.353, 65.847], [127.354, 65.847], [127.354, 65.848], [127.355, 65.848], [127.355, 65.849], [127.356, 65.849], [127.357, 65.849], [127.39, 65.857], [127.378, 65.873], [127.377, 65.874], [127.377, 65.875], [127.377, 65.876], [127.377, 65.877], [127.377, 65.878], [127.377, 65.879], [127.378, 65.879], [127.378, 65.88], [127.379, 65.88], [127.379, 65.881], [127.38, 65.881], [127.386, 65.885], [127.392, 65.908], [127.392, 65.909], [127.387, 65.911], [127.386, 65.912], [127.385, 65.913], [127.385, 65.914], [127.384, 65.915], [127.384, 65.916], [127.384, 65.917], [127.385, 65.918], [127.385, 65.919], [127.386, 65.92], [127.398, 65.936], [127.387, 65.943], [127.386, 65.943], [127.385, 65.944], [127.385, 65.945], [127.384, 65.945], [127.384, 65.946], [127.384, 65.947], [127.384, 65.948], [127.384, 65.949], [127.384, 65.95], [127.385, 65.951], [127.385, 65.952], [127.386, 65.952], [127.386, 65.953], [127.387, 65.953], [127.388, 65.953], [127.388, 65.954], [127.389, 65.954], [127.447, 65.957], [127.466, 65.964], [127.467, 65.964], [127.468, 65.964], [127.584, 65.954], [127.59, 65.965], [127.59, 65.966], [127.582, 65.975], [127.582, 65.976], [127.582, 65.977], [127.581, 65.977], [127.581, 65.978], [127.581, 65.979], [127.581, 65.98], [127.581, 65.981], [127.582, 65.981], [127.582, 65.982], [127.582, 65.983], [127.583, 65.983], [127.584, 65.984], [127.61, 65.998], [127.598, 66.016], [127.598, 66.017], [127.597, 66.017], [127.597, 66.018], [127.597, 66.019], [127.597, 66.02], [127.597, 66.021], [127.597, 66.022], [127.598, 66.022], [127.598, 66.023], [127.603, 66.031], [127.594, 66.042], [127.547, 66.041], [127.546, 66.041], [127.545, 66.041], [127.544, 66.041], [127.521, 66.05], [127.472, 66.046], [127.471, 66.046], [127.47, 66.046], [127.461, 66.049], [127.46, 66.049], [127.46, 66.05], [127.459, 66.05], [127.459, 66.051], [127.458, 66.051], [127.458, 66.052], [127.457, 66.053], [127.457, 66.054], [127.457, 66.055], [127.457, 66.056], [127.457, 66.057], [127.46, 66.066], [127.42, 66.077], [127.419, 66.077], [127.418, 66.077], [127.418, 66.078], [127.417, 66.078], [127.416, 66.079], [127.416, 66.08], [127.411, 66.093], [127.374, 66.111], [127.287, 66.086], [127.287, 66.075], [127.287, 66.074], [127.287, 66.073], [127.286, 66.073], [127.286, 66.072], [127.286, 66.071], [127.285, 66.071], [127.285, 66.07], [127.284, 66.07], [127.261, 66.057], [127.26, 66.057], [127.26, 66.056], [127.259, 66.056], [127.258, 66.056], [127.257, 66.056], [127.154, 66.081], [127.153, 66.081], [127.152, 66.081], [127.151, 66.082], [127.15, 66.083], [127.15, 66.084], [127.149, 66.084], [127.149, 66.085], [127.146, 66.098], [127.145, 66.099], [127.145, 66.1], [127.145, 66.101], [127.146, 66.102], [127.146, 66.103], [127.153, 66.112], [127.153, 66.113], [127.147, 66.117], [127.147, 66.118], [127.146, 66.119], [127.146, 66.12], [127.145, 66.12], [127.145, 66.121], [127.145, 66.122], [127.145, 66.123], [127.146, 66.124], [127.146, 66.125], [127.147, 66.126], [127.148, 66.127], [127.157, 66.134], [127.137, 66.148], [127.136, 66.148], [127.043, 66.149], [127.043, 66.148], [127.019, 66.136], [127.018, 66.135], [127.017, 66.135], [127.016, 66.135], [127.015, 66.135], [127.014, 66.135], [126.991, 66.143], [126.991, 66.144], [126.99, 66.144], [126.989, 66.145], [126.988, 66.145], [126.988, 66.146], [126.988, 66.147], [126.987, 66.147], [126.987, 66.148], [126.987, 66.149], [126.987, 66.15], [126.987, 66.151], [126.988, 66.152], [126.988, 66.153], [126.989, 66.154], [126.99, 66.155], [127.007, 66.164], [126.991, 66.18], [126.99, 66.18], [126.99, 66.181], [126.99, 66.182], [126.989, 66.182], [126.989, 66.183], [126.989, 66.184], [126.989, 66.185], [126.989, 66.186], [126.99, 66.186], [126.99, 66.187], [126.99, 66.188], [126.991, 66.188], [127.001, 66.198], [126.989, 66.23], [126.986, 66.231], [126.985, 66.231], [126.985, 66.232], [126.984, 66.232], [126.984, 66.233], [126.983, 66.233], [126.983, 66.234], [126.983, 66.235], [126.983, 66.236], [126.983, 66.237], [126.983, 66.238], [126.983, 66.239], [126.995, 66.264], [126.988, 66.268], [126.987, 66.268], [126.987, 66.269], [126.986, 66.269], [126.985, 66.27], [126.985, 66.271], [126.984, 66.272], [126.984, 66.273], [126.984, 66.274], [126.985, 66.275], [126.985, 66.276], [126.986, 66.277], [126.986, 66.278], [126.987, 66.278], [126.995, 66.283], [126.994, 66.297], [126.978, 66.306], [126.978, 66.307], [126.977, 66.307], [126.977, 66.308], [126.976, 66.308], [126.976, 66.309], [126.976, 66.31], [126.975, 66.31], [126.975, 66.311], [126.975, 66.312], [126.975, 66.313], [126.976, 66.314], [126.976, 66.315], [126.977, 66.315], [126.984, 66.324], [126.98, 66.331], [126.98, 66.332], [126.98, 66.333], [126.98, 66.334], [126.98, 66.335], [126.98, 66.336], [126.98, 66.337], [126.981, 66.337], [126.981, 66.338], [126.994, 66.352], [126.992, 66.358], [126.992, 66.359], [126.992, 66.36], [126.993, 66.361], [126.993, 66.362], [126.994, 66.363], [126.994, 66.364], [127.023, 66.386], [127.023, 66.387], [127.017, 66.394], [127.016, 66.395], [127.016, 66.396], [127.016, 66.397], [127.015, 66.397], [127.015, 66.398], [127.015, 66.399], [127.016, 66.4], [127.016, 66.401], [127.017, 66.402], [127.017, 66.403], [127.018, 66.403], [127.019, 66.404], [127.02, 66.404], [127.067, 66.419], [127.067, 66.42], [127.088, 66.451], [127.089, 66.451], [127.089, 66.452], [127.09, 66.452], [127.09, 66.453], [127.091, 66.453], [127.12, 66.46], [127.15, 66.48], [127.15, 66.481], [127.151, 66.481], [127.152, 66.481], [127.153, 66.481], [127.183, 66.485], [127.19, 66.507], [127.19, 66.508], [127.182, 66.524], [127.182, 66.525], [127.182, 66.526], [127.181, 66.526], [127.181, 66.527], [127.182, 66.528], [127.182, 66.529], [127.182, 66.53], [127.183, 66.53], [127.183, 66.531], [127.188, 66.536], [127.189, 66.536], [127.189, 66.537], [127.19, 66.537], [127.191, 66.537], [127.298, 66.561], [127.351, 66.592], [127.351, 66.599], [127.314, 66.622], [127.313, 66.623], [127.312, 66.623], [127.312, 66.624], [127.311, 66.625], [127.311, 66.626], [127.311, 66.627], [127.311, 66.628], [127.311, 66.629], [127.311, 66.63], [127.312, 66.63], [127.312, 66.631], [127.322, 66.646], [127.322, 66.647], [127.322, 66.648], [127.322, 66.649], [127.322, 66.65], [127.323, 66.651], [127.323, 66.652], [127.324, 66.652], [127.325, 66.653], [127.326, 66.653], [127.327, 66.653], [127.327, 66.654], [127.328, 66.654], [127.374, 66.649], [127.415, 66.663], [127.416, 66.663], [127.417, 66.663], [127.418, 66.663], [127.464, 66.654], [127.465, 66.654], [127.466, 66.653], [127.467, 66.653], [127.467, 66.652], [127.468, 66.652], [127.468, 66.651], [127.468, 66.65], [127.469, 66.65], [127.469, 66.649], [127.471, 66.635], [127.5, 66.619], [127.5, 66.618], [127.537, 66.612], [127.538, 66.612], [127.674, 66.622], [127.675, 66.622], [127.676, 66.622], [127.724, 66.61], [127.725, 66.61], [127.726, 66.609], [127.727, 66.609], [127.727, 66.608], [127.735, 66.597], [127.763, 66.591], [127.763, 66.59], [127.764, 66.59], [127.765, 66.59], [127.765, 66.589], [127.766, 66.589], [127.766, 66.588], [127.767, 66.587], [127.773, 66.567], [127.79, 66.568], [127.791, 66.568], [127.792, 66.567], [127.793, 66.567], [127.812, 66.555], [127.813, 66.555], [127.857, 66.562], [127.858, 66.562], [127.859, 66.562], [127.86, 66.561], [127.861, 66.561], [127.861, 66.56], [127.879, 66.546], [127.95, 66.547], [127.951, 66.547], [127.952, 66.547], [127.953, 66.547], [127.953, 66.546], [127.954, 66.546], [127.976, 66.531], [128.021, 66.534], [128.022, 66.534], [128.023, 66.533], [128.024, 66.533], [128.025, 66.533], [128.025, 66.532], [128.026, 66.531], [128.026, 66.53], [128.027, 66.53], [128.027, 66.529], [128.027, 66.528], [128.027, 66.527], [128.026, 66.519], [128.03, 66.515], [128.03, 66.514], [128.031, 66.513], [128.031, 66.512], [128.031, 66.511], [128.031, 66.51], [128.031, 66.509], [128.031, 66.508], [128.03, 66.508], [128.03, 66.507], [128.027, 66.502], [128.035, 66.497], [128.036, 66.497], [128.036, 66.496], [128.037, 66.496], [128.037, 66.495], [128.038, 66.494], [128.038, 66.493], [128.038, 66.492], [128.038, 66.491], [128.038, 66.49], [128.037, 66.488], [128.037, 66.487], [128.045, 66.48], [128.046, 66.48], [128.07, 66.475], [128.098, 66.484], [128.099, 66.484], [128.1, 66.484], [128.101, 66.484], [128.154, 66.474], [128.196, 66.478], [128.197, 66.478], [128.198, 66.478], [128.253, 66.469], [128.254, 66.469], [128.33, 66.49], [128.34, 66.502], [128.341, 66.503], [128.342, 66.503], [128.342, 66.504], [128.343, 66.504], [128.344, 66.504], [128.345, 66.504], [128.391, 66.5], [128.407, 66.517], [128.396, 66.525], [128.395, 66.525], [128.395, 66.526], [128.394, 66.526], [128.394, 66.527], [128.394, 66.528], [128.393, 66.528], [128.393, 66.529], [128.393, 66.53], [128.393, 66.531], [128.393, 66.532], [128.394, 66.532], [128.394, 66.533], [128.395, 66.534], [128.396, 66.535], [128.409, 66.542], [128.41, 66.542], [128.41, 66.543], [128.411, 66.543], [128.412, 66.543], [128.44, 66.543], [128.454, 66.559], [128.436, 66.568], [128.435, 66.568], [128.435, 66.569], [128.434, 66.569], [128.433, 66.57], [128.433, 66.571], [128.433, 66.572], [128.433, 66.573], [128.433, 66.574], [128.433, 66.575], [128.435, 66.579], [128.423, 66.591], [128.423, 66.592], [128.403, 66.593], [128.402, 66.593], [128.401, 66.593], [128.4, 66.593], [128.4, 66.594], [128.399, 66.594], [128.398, 66.595], [128.398, 66.596], [128.397, 66.596], [128.397, 66.597], [128.397, 66.598], [128.397, 66.599], [128.397, 66.6], [128.397, 66.601], [128.398, 66.601], [128.398, 66.602], [128.399, 66.603], [128.399, 66.604], [128.4, 66.604], [128.47, 66.646], [128.471, 66.646], [128.472, 66.646], [128.521, 66.657], [128.522, 66.657], [128.523, 66.657], [128.524, 66.657], [128.524, 66.656], [128.525, 66.656], [128.556, 66.638], [128.557, 66.638], [128.572, 66.642], [128.573, 66.642], [128.574, 66.642], [128.575, 66.642], [128.609, 66.636], [128.61, 66.636], [128.611, 66.635], [128.612, 66.635], [128.612, 66.634], [128.613, 66.634], [128.613, 66.633], [128.614, 66.632], [128.614, 66.631], [128.614, 66.63], [128.614, 66.629], [128.613, 66.628], [128.613, 66.627], [128.613, 66.626], [128.612, 66.626], [128.617, 66.604], [128.652, 66.598], [128.653, 66.598], [128.654, 66.598], [128.655, 66.597], [128.656, 66.596], [128.657, 66.595], [128.657, 66.594], [128.657, 66.593], [128.657, 66.592], [128.657, 66.591], [128.657, 66.59], [128.656, 66.59], [128.656, 66.589], [128.662, 66.581], [128.693, 66.575], [128.694, 66.575], [128.695, 66.574], [128.696, 66.574], [128.696, 66.573], [128.697, 66.573], [128.697, 66.572], [128.702, 66.56], [128.724, 66.553], [128.725, 66.553], [128.761, 66.553], [128.768, 66.559], [128.768, 66.56], [128.769, 66.56], [128.769, 66.561], [128.77, 66.561], [128.771, 66.561], [128.772, 66.561], [128.875, 66.559], [128.899, 66.567], [128.9, 66.567], [128.901, 66.567], [128.902, 66.567], [128.903, 66.567], [128.977, 66.542], [129.03, 66.547], [129.031, 66.547], [129.032, 66.547], [129.073, 66.537], [129.074, 66.537], [129.091, 66.546], [129.092, 66.546], [129.093, 66.546], [129.093, 66.547], [129.094, 66.547], [129.095, 66.547], [129.095, 66.546], [129.096, 66.546], [129.111, 66.539], [129.163, 66.546], [129.164, 66.546], [129.304, 66.526], [129.33, 66.529], [129.331, 66.529], [129.332, 66.529], [129.333, 66.529], [129.333, 66.528], [129.359, 66.516], [129.359, 66.515], [129.36, 66.515], [129.361, 66.514], [129.361, 66.513], [129.362, 66.513], [129.362, 66.512], [129.362, 66.511], [129.362, 66.51], [129.362, 66.503], [129.382, 66.497], [129.446, 66.51], [129.447, 66.51], [129.462, 66.523], [129.41, 66.564], [129.409, 66.565], [129.408, 66.566], [129.408, 66.567], [129.407, 66.568], [129.407, 66.569], [129.407, 66.57], [129.408, 66.571], [129.408, 66.572], [129.413, 66.579], [129.408, 66.582], [129.407, 66.583], [129.406, 66.584], [129.406, 66.585], [129.406, 66.586], [129.405, 66.586], [129.405, 66.587], [129.406, 66.588], [129.406, 66.589], [129.406, 66.59], [129.407, 66.591], [129.408, 66.591], [129.408, 66.592], [129.409, 66.592], [129.41, 66.593], [129.411, 66.593], [129.475, 66.594], [129.476, 66.594], [129.477, 66.594], [129.478, 66.594], [129.479, 66.594], [129.479, 66.593], [129.48, 66.592], [129.502, 66.568], [129.502, 66.567], [129.542, 66.552], [129.543, 66.552], [129.581, 66.55], [129.582, 66.55], [129.583, 66.55], [129.584, 66.549], [129.585, 66.549], [129.585, 66.548], [129.586, 66.548], [129.586, 66.547], [129.603, 66.522], [129.654, 66.519], [129.655, 66.519], [129.655, 66.518], [129.656, 66.518], [129.657, 66.518], [129.657, 66.517], [129.658, 66.517], [129.658, 66.516], [129.667, 66.504], [129.667, 66.503], [129.668, 66.503], [129.753, 66.489], [129.898, 66.493], [129.899, 66.493], [129.952, 66.509], [130.002, 66.542], [130.003, 66.543], [130.004, 66.543], [130.005, 66.543], [130.006, 66.543], [130.021, 66.541], [130.022, 66.54], [130.023, 66.54], [130.024, 66.54], [130.024, 66.539], [130.049, 66.516], [130.098, 66.499], [130.099, 66.498], [130.1, 66.498], [130.1, 66.497], [130.119, 66.475], [130.12, 66.474], [130.12, 66.473], [130.121, 66.472], [130.121, 66.471], [130.121, 66.47], [130.121, 66.469], [130.12, 66.468], [130.12, 66.467], [130.119, 66.467], [130.119, 66.466], [130.118, 66.466], [130.118, 66.465], [130.077, 66.445], [130.077, 66.444], [130.076, 66.444], [130.054, 66.421], [130.068, 66.404], [130.068, 66.403], [130.069, 66.402], [130.069, 66.401], [130.069, 66.4], [130.069, 66.399], [130.068, 66.398], [130.068, 66.397], [130.067, 66.396], [130.051, 66.383], [130.066, 66.372], [130.067, 66.372], [130.067, 66.371], [130.101, 66.323], [130.102, 66.322], [130.102, 66.321], [130.102, 66.32], [130.102, 66.319], [130.102, 66.318], [130.102, 66.317], [130.102, 66.316], [130.101, 66.316], [130.101, 66.315], [130.1, 66.315], [130.1, 66.314], [130.099, 66.314], [130.098, 66.314], [130.097, 66.313], [130.097, 66.295], [130.097, 66.294], [130.097, 66.293], [130.097, 66.292], [130.096, 66.292], [130.096, 66.291], [130.095, 66.291], [130.087, 66.283], [130.101, 66.269], [130.102, 66.269], [130.102, 66.268], [130.103, 66.267], [130.103, 66.266], [130.103, 66.265], [130.103, 66.264], [130.103, 66.263], [130.103, 66.262], [130.097, 66.248], [130.111, 66.242], [130.112, 66.242], [130.113, 66.241], [130.114, 66.24], [130.115, 66.239], [130.115, 66.238], [130.115, 66.237], [130.115, 66.236], [130.115, 66.235], [130.109, 66.215], [130.162, 66.213], [130.163, 66.213], [130.244, 66.227], [130.245, 66.227], [130.246, 66.227], [130.247, 66.226], [130.248, 66.226], [130.266, 66.218], [130.367, 66.22], [130.368, 66.22], [130.369, 66.22], [130.399, 66.206], [130.434, 66.203], [130.435, 66.203], [130.436, 66.203], [130.437, 66.202], [130.438, 66.201], [130.544, 66.08], [130.545, 66.08], [130.679, 66.05], [130.68, 66.05], [130.68, 66.049], [130.794, 65.992], [130.822, 65.989], [130.823, 65.989], [130.824, 65.989], [130.825, 65.988], [130.848, 65.971], [131.138, 65.939], [131.139, 65.939], [131.139, 65.938], [131.14, 65.938], [131.141, 65.938], [131.142, 65.937], [131.143, 65.936], [131.143, 65.935], [131.144, 65.934], [131.144, 65.933], [131.144, 65.932], [131.143, 65.931], [131.143, 65.93], [131.142, 65.929], [131.142, 65.928], [131.117, 65.907], [131.131, 65.895], [131.132, 65.894], [131.132, 65.893], [131.133, 65.893], [131.133, 65.892], [131.133, 65.891], [131.133, 65.89], [131.134, 65.881], [131.153, 65.873], [131.154, 65.873], [131.155, 65.872], [131.156, 65.871], [131.156, 65.87], [131.164, 65.855], [131.182, 65.85], [131.183, 65.85], [131.184, 65.849], [131.185, 65.848], [131.2, 65.825], [131.201, 65.825], [131.24, 65.819], [131.241, 65.819], [131.241, 65.818], [131.242, 65.818], [131.243, 65.817], [131.244, 65.817], [131.244, 65.816], [131.244, 65.815], [131.245, 65.815], [131.245, 65.814], [131.245, 65.813], [131.246, 65.802], [131.264, 65.789], [131.347, 65.797], [131.348, 65.797], [131.349, 65.797], [131.35, 65.797], [131.351, 65.797], [131.351, 65.796], [131.352, 65.796], [131.353, 65.795], [131.378, 65.767], [131.379, 65.767], [131.379, 65.766], [131.379, 65.765], [131.38, 65.765], [131.38, 65.764], [131.38, 65.763], [131.38, 65.762], [131.379, 65.761], [131.379, 65.76], [131.378, 65.759], [131.371, 65.753], [131.371, 65.752], [131.386, 65.725], [131.387, 65.725], [131.387, 65.724], [131.387, 65.723], [131.387, 65.722], [131.387, 65.721], [131.387, 65.72], [131.382, 65.71], [131.411, 65.693], [131.411, 65.692], [131.452, 65.685], [131.506, 65.694], [131.507, 65.695], [131.575, 65.691], [131.673, 65.704], [131.674, 65.704], [131.707, 65.699], [131.708, 65.698], [131.709, 65.698], [131.71, 65.697], [131.711, 65.697], [131.711, 65.696], [131.712, 65.695], [131.712, 65.694], [131.712, 65.693], [131.712, 65.692], [131.712, 65.691], [131.712, 65.69], [131.711, 65.689], [131.7, 65.671], [131.699, 65.67], [131.699, 65.669], [131.698, 65.669], [131.697, 65.668], [131.696, 65.668], [131.695, 65.668], [131.67, 65.664], [131.67, 65.648], [131.67, 65.647], [131.67, 65.646], [131.669, 65.645], [131.659, 65.63], [131.661, 65.627], [131.662, 65.626], [131.662, 65.625], [131.662, 65.624], [131.663, 65.623], [131.663, 65.622], [131.662, 65.621], [131.662, 65.62], [131.661, 65.619], [131.661, 65.618], [131.66, 65.618], [131.644, 65.608], [131.654, 65.573], [131.654, 65.572], [131.655, 65.572], [131.655, 65.571], [131.654, 65.57], [131.654, 65.569], [131.654, 65.568], [131.653, 65.567], [131.652, 65.567], [131.652, 65.566], [131.651, 65.566], [131.621, 65.553], [131.62, 65.553], [131.59, 65.524], [131.589, 65.524], [131.589, 65.523], [131.532, 65.495], [131.532, 65.494], [131.532, 65.486], [131.532, 65.485], [131.531, 65.484], [131.531, 65.483], [131.531, 65.482], [131.53, 65.482], [131.53, 65.481], [131.529, 65.481], [131.528, 65.48], [131.482, 65.462], [131.482, 65.461], [131.48, 65.454], [131.525, 65.441], [131.526, 65.441], [131.526, 65.44], [131.527, 65.44], [131.528, 65.439], [131.528, 65.438], [131.529, 65.438], [131.529, 65.437], [131.529, 65.436], [131.529, 65.435], [131.529, 65.434], [131.529, 65.433], [131.528, 65.432], [131.528, 65.431], [131.527, 65.431], [131.515, 65.419], [131.533, 65.414], [131.533, 65.413], [131.534, 65.413], [131.535, 65.412], [131.536, 65.411], [131.536, 65.41], [131.537, 65.41], [131.537, 65.409], [131.537, 65.408], [131.537, 65.399], [131.538, 65.399], [131.603, 65.392], [131.604, 65.392], [131.604, 65.391], [131.605, 65.391], [131.606, 65.391], [131.606, 65.39], [131.607, 65.39], [131.607, 65.389], [131.608, 65.388], [131.608, 65.387], [131.612, 65.369], [131.644, 65.357], [131.645, 65.357], [131.646, 65.356], [131.647, 65.356], [131.647, 65.355], [131.648, 65.354], [131.648, 65.353], [131.648, 65.352], [131.648, 65.351], [131.647, 65.335], [131.68, 65.313], [131.68, 65.312], [131.681, 65.311], [131.682, 65.31], [131.682, 65.309], [131.682, 65.308], [131.683, 65.301], [131.772, 65.279], [131.84, 65.296], [131.84, 65.297], [131.841, 65.297], [131.842, 65.297], [131.843, 65.296], [131.844, 65.296], [131.845, 65.295], [131.846, 65.295], [131.867, 65.27], [131.992, 65.218], [131.993, 65.218], [131.993, 65.217], [131.994, 65.217], [131.995, 65.216], [131.995, 65.215], [131.996, 65.215], [131.996, 65.214], [132.004, 65.179], [132.069, 65.146], [132.07, 65.146], [132.07, 65.145], [132.071, 65.144], [132.071, 65.143], [132.072, 65.143], [132.081, 65.113], [132.128, 65.061], [132.129, 65.06], [132.129, 65.059], [132.129, 65.058], [132.13, 65.058], [132.13, 65.057], [132.13, 65.056], [132.13, 65.055], [132.129, 65.054], [132.129, 65.053], [132.128, 65.053], [132.128, 65.052], [132.127, 65.052], [132.126, 65.051], [132.126, 65.05], [132.127, 65.031], [132.127, 65.03], [132.16, 64.999], [132.161, 64.998], [132.161, 64.997], [132.162, 64.997], [132.162, 64.996], [132.162, 64.995], [132.162, 64.994], [132.162, 64.993], [132.162, 64.992], [132.158, 64.982], [132.158, 64.981], [132.168, 64.964], [132.214, 64.937], [132.261, 64.928], [132.262, 64.928], [132.263, 64.928], [132.264, 64.927], [132.265, 64.926], [132.266, 64.925], [132.266, 64.924], [132.269, 64.917], [132.275, 64.915], [132.276, 64.915], [132.277, 64.915], [132.277, 64.914], [132.278, 64.914], [132.278, 64.913], [132.279, 64.913], [132.279, 64.912], [132.28, 64.911], [132.28, 64.91], [132.28, 64.909], [132.28, 64.908], [132.28, 64.907], [132.279, 64.907], [132.279, 64.906], [132.264, 64.883], [132.264, 64.882], [132.27, 64.855], [132.271, 64.855], [132.295, 64.837], [132.314, 64.834], [132.315, 64.834], [132.316, 64.834], [132.317, 64.834], [132.317, 64.833], [132.318, 64.833], [132.353, 64.803], [132.354, 64.802], [132.355, 64.801], [132.355, 64.8], [132.355, 64.799], [132.356, 64.798], [132.355, 64.798], [132.355, 64.797], [132.355, 64.796], [132.342, 64.751], [132.352, 64.744], [132.353, 64.743], [132.354, 64.743], [132.354, 64.742], [132.355, 64.741], [132.355, 64.74], [132.355, 64.739], [132.355, 64.734], [132.355, 64.733], [132.355, 64.732], [132.355, 64.731], [132.354, 64.73], [132.354, 64.729], [132.353, 64.729], [132.336, 64.716], [132.335, 64.715], [132.334, 64.715], [132.306, 64.708], [132.293, 64.696], [132.293, 64.693], [132.294, 64.692], [132.293, 64.692], [132.293, 64.691], [132.293, 64.69], [132.293, 64.689], [132.292, 64.688], [132.291, 64.688], [132.291, 64.687], [132.29, 64.687], [132.289, 64.686], [132.274, 64.683], [132.278, 64.663], [132.305, 64.659], [132.306, 64.659], [132.307, 64.659], [132.352, 64.638], [132.353, 64.638], [132.354, 64.637], [132.355, 64.636], [132.363, 64.624], [132.363, 64.623], [132.364, 64.623], [132.409, 64.61], [132.46, 64.607], [132.46, 64.608], [132.516, 64.625], [132.517, 64.625], [132.518, 64.625], [132.55, 64.623], [132.61, 64.645], [132.611, 64.645], [132.612, 64.645], [132.627, 64.643], [132.628, 64.643], [132.629, 64.643], [132.629, 64.642], [132.63, 64.642], [132.63, 64.641], [132.631, 64.641], [132.631, 64.64], [132.632, 64.639], [132.632, 64.638], [132.632, 64.637], [132.632, 64.636], [132.632, 64.635], [132.631, 64.635], [132.631, 64.634], [132.63, 64.633], [132.629, 64.632], [132.628, 64.632], [132.626, 64.631], [132.618, 64.612], [132.685, 64.611], [132.686, 64.611], [132.687, 64.61], [132.688, 64.61], [132.689, 64.61], [132.689, 64.609], [132.701, 64.596], [132.741, 64.588], [132.753, 64.601], [132.754, 64.601], [132.755, 64.602], [132.756, 64.602], [132.757, 64.602], [132.878, 64.626], [132.878, 64.627], [132.879, 64.647], [132.879, 64.648], [132.858, 64.662], [132.858, 64.663], [132.857, 64.663], [132.856, 64.664], [132.856, 64.665], [132.856, 64.666], [132.856, 64.667], [132.856, 64.668], [132.856, 64.669], [132.856, 64.67], [132.857, 64.671], [132.874, 64.687], [132.875, 64.688], [132.876, 64.688], [132.877, 64.688], [132.878, 64.688], [132.9, 64.687], [132.901, 64.687], [132.924, 64.7], [132.925, 64.7], [132.925, 64.701], [132.926, 64.701], [132.927, 64.701], [132.928, 64.701], [132.946, 64.697], [132.971, 64.707], [132.969, 64.713], [132.969, 64.714], [132.969, 64.715], [132.969, 64.716], [132.969, 64.717], [132.97, 64.717], [132.97, 64.718], [132.97, 64.719], [132.971, 64.719], [132.972, 64.72], [132.973, 64.72], [132.995, 64.729], [133.004, 64.744], [132.987, 64.755], [132.986, 64.756], [132.985, 64.757], [132.985, 64.758], [132.984, 64.759], [132.981, 64.786], [132.98, 64.786], [132.964, 64.795], [132.963, 64.795], [132.963, 64.796], [132.962, 64.796], [132.962, 64.797], [132.961, 64.798], [132.961, 64.799], [132.961, 64.8], [132.961, 64.801], [132.961, 64.802], [132.962, 64.803], [132.962, 64.804], [132.963, 64.804], [132.963, 64.805], [132.964, 64.805], [132.965, 64.806], [133.007, 64.824], [133.012, 64.844], [132.994, 64.862], [132.993, 64.862], [132.993, 64.863], [132.992, 64.863], [132.992, 64.864], [132.992, 64.865], [132.992, 64.866], [132.992, 64.872], [132.976, 64.881], [132.976, 64.882], [132.975, 64.882], [132.975, 64.883], [132.974, 64.884], [132.974, 64.885], [132.973, 64.886], [132.973, 64.887], [132.973, 64.892], [132.973, 64.893], [132.92, 64.925], [132.919, 64.926], [132.918, 64.927], [132.918, 64.928], [132.918, 64.929], [132.918, 64.93], [132.918, 64.931], [132.918, 64.932], [132.918, 64.933], [132.919, 64.934], [132.927, 64.945], [132.925, 64.949], [132.924, 64.949], [132.924, 64.95], [132.924, 64.951], [132.923, 64.952], [132.923, 64.953], [132.924, 64.953], [132.924, 64.954], [132.924, 64.955], [132.925, 64.956], [132.926, 64.957], [132.927, 64.957], [132.943, 64.985], [132.944, 64.986], [132.944, 64.987], [132.945, 64.987], [132.946, 64.987], [132.946, 64.988], [132.959, 64.991], [132.947, 64.999], [132.946, 64.999], [132.946, 65.0], [132.945, 65.001], [132.945, 65.002], [132.944, 65.003], [132.944, 65.004], [132.944, 65.005], [132.945, 65.005], [132.945, 65.006], [132.95, 65.021], [132.948, 65.023], [132.947, 65.024], [132.946, 65.024], [132.946, 65.025], [132.946, 65.026], [132.945, 65.026], [132.945, 65.027], [132.945, 65.028], [132.945, 65.029], [132.946, 65.03], [132.946, 65.031], [132.946, 65.032], [132.947, 65.032], [132.948, 65.033], [132.96, 65.04], [132.96, 65.041], [132.958, 65.043], [132.957, 65.043], [132.957, 65.044], [132.956, 65.044], [132.956, 65.045], [132.956, 65.046], [132.956, 65.047], [132.956, 65.048], [132.956, 65.049], [132.956, 65.05], [132.957, 65.05], [132.957, 65.051], [132.958, 65.052], [132.959, 65.052], [132.959, 65.053], [132.96, 65.053], [132.992, 65.065], [132.989, 65.081], [132.977, 65.081], [132.976, 65.082], [132.975, 65.082], [132.974, 65.082], [132.974, 65.083], [132.973, 65.083], [132.973, 65.084], [132.972, 65.084], [132.972, 65.085], [132.972, 65.086], [132.971, 65.086], [132.971, 65.087], [132.971, 65.088], [132.971, 65.089], [132.972, 65.089], [132.972, 65.09], [132.977, 65.102], [132.973, 65.105], [132.972, 65.105], [132.972, 65.106], [132.971, 65.106], [132.971, 65.107], [132.971, 65.108], [132.97, 65.109], [132.97, 65.11], [132.971, 65.111], [132.971, 65.112], [132.971, 65.113], [132.972, 65.114], [132.973, 65.114], [132.974, 65.115], [132.974, 65.116], [132.973, 65.121], [132.973, 65.122], [132.973, 65.123], [132.973, 65.124], [132.973, 65.125], [132.974, 65.126], [132.974, 65.127], [132.975, 65.127], [132.976, 65.127], [132.998, 65.138], [132.999, 65.138], [132.999, 65.139], [133.001, 65.154], [133.002, 65.155], [133.002, 65.156], [133.003, 65.157], [133.021, 65.174], [133.022, 65.174], [133.023, 65.175], [133.024, 65.175], [133.025, 65.175], [133.075, 65.18], [133.111, 65.203], [133.111, 65.204], [133.112, 65.204], [133.193, 65.232], [133.192, 65.243], [133.192, 65.244], [133.192, 65.245], [133.193, 65.245], [133.193, 65.246], [133.194, 65.247], [133.194, 65.248], [133.195, 65.248], [133.196, 65.249], [133.222, 65.259], [133.222, 65.26], [133.22, 65.268], [133.219, 65.268], [133.219, 65.269], [133.219, 65.27], [133.22, 65.271], [133.22, 65.272], [133.221, 65.273], [133.221, 65.274], [133.222, 65.274], [133.223, 65.275], [133.224, 65.275], [133.225, 65.275], [133.484, 65.279], [133.485, 65.278], [133.486, 65.278], [133.487, 65.278], [133.488, 65.278], [133.488, 65.277], [133.512, 65.259], [133.632, 65.212], [133.681, 65.22], [133.682, 65.22], [133.76, 65.22], [133.761, 65.22], [133.846, 65.212], [133.847, 65.212], [133.848, 65.212], [133.882, 65.199], [133.883, 65.199], [133.903, 65.207], [133.906, 65.214], [133.906, 65.215], [133.907, 65.215], [133.907, 65.216], [133.908, 65.216], [133.908, 65.217], [133.909, 65.217], [133.91, 65.218], [133.946, 65.227], [133.945, 65.236], [133.945, 65.237], [133.945, 65.238], [133.945, 65.239], [133.946, 65.24], [133.959, 65.256], [133.96, 65.257], [133.961, 65.258], [133.962, 65.258], [133.963, 65.258], [133.982, 65.262], [133.982, 65.263], [133.972, 65.284], [133.972, 65.285], [133.972, 65.286], [133.972, 65.287], [133.972, 65.288], [133.972, 65.289], [133.973, 65.289], [133.973, 65.29], [133.974, 65.291], [133.975, 65.291], [133.975, 65.292], [133.976, 65.292], [133.977, 65.292], [133.99, 65.294], [133.997, 65.303], [133.998, 65.303], [133.998, 65.304], [133.999, 65.304], [134.0, 65.304], [134.0, 65.305], [134.001, 65.305], [134.002, 65.305], [134.082, 65.308], [134.147, 65.323], [134.149, 65.332], [134.15, 65.332], [134.15, 65.333], [134.15, 65.334], [134.151, 65.334], [134.151, 65.335], [134.152, 65.335], [134.153, 65.336], [134.154, 65.336], [134.213, 65.353], [134.214, 65.353], [134.224, 65.364], [134.224, 65.365], [134.225, 65.365], [134.226, 65.366], [134.295, 65.39], [134.32, 65.41], [134.32, 65.411], [134.321, 65.411], [134.322, 65.411], [134.322, 65.412], [134.323, 65.412], [134.324, 65.412], [134.325, 65.412], [134.325, 65.411], [134.326, 65.411], [134.363, 65.398], [134.364, 65.397], [134.365, 65.396], [134.389, 65.374], [134.39, 65.374], [134.436, 65.364], [134.469, 65.37], [134.481, 65.382], [134.477, 65.386], [134.477, 65.387], [134.476, 65.388], [134.476, 65.389], [134.476, 65.39], [134.476, 65.391], [134.476, 65.392], [134.477, 65.393], [134.477, 65.394], [134.478, 65.394], [134.479, 65.395], [134.494, 65.403], [134.494, 65.404], [134.471, 65.426], [134.47, 65.427], [134.47, 65.428], [134.469, 65.428], [134.469, 65.429], [134.469, 65.43], [134.469, 65.431], [134.469, 65.432], [134.469, 65.433], [134.469, 65.434], [134.47, 65.434], [134.47, 65.435], [134.471, 65.435], [134.471, 65.436], [134.472, 65.436], [134.498, 65.45], [134.504, 65.463], [134.504, 65.464], [134.504, 65.465], [134.505, 65.465], [134.506, 65.466], [134.528, 65.48], [134.518, 65.493], [134.518, 65.494], [134.517, 65.494], [134.517, 65.495], [134.517, 65.496], [134.517, 65.497], [134.517, 65.498], [134.517, 65.499], [134.518, 65.5], [134.518, 65.501], [134.519, 65.501], [134.519, 65.502], [134.52, 65.502], [134.521, 65.503], [134.522, 65.503], [134.573, 65.512], [134.617, 65.535], [134.614, 65.54], [134.613, 65.541], [134.613, 65.542], [134.613, 65.543], [134.613, 65.544], [134.613, 65.545], [134.614, 65.545], [134.614, 65.546], [134.614, 65.547], [134.615, 65.547], [134.615, 65.548], [134.616, 65.548], [134.617, 65.549], [134.618, 65.549], [134.671, 65.554], [134.67, 65.565], [134.67, 65.566], [134.67, 65.567], [134.67, 65.568], [134.67, 65.569], [134.671, 65.569], [134.671, 65.57], [134.672, 65.57], [134.673, 65.571], [134.715, 65.595], [134.696, 65.637], [134.696, 65.638], [134.696, 65.639], [134.696, 65.64], [134.696, 65.641], [134.696, 65.642], [134.696, 65.643], [134.697, 65.643], [134.697, 65.644], [134.698, 65.644], [134.698, 65.645], [134.699, 65.645], [134.7, 65.646], [134.701, 65.646], [134.702, 65.646], [134.741, 65.645], [134.751, 65.657], [134.743, 65.663], [134.742, 65.663], [134.741, 65.664], [134.741, 65.665], [134.74, 65.665], [134.74, 65.666], [134.74, 65.667], [134.74, 65.668], [134.74, 65.669], [134.74, 65.67], [134.741, 65.671], [134.742, 65.672], [134.76, 65.687], [134.76, 65.688], [134.761, 65.688], [134.762, 65.689], [134.763, 65.689], [134.831, 65.692], [134.832, 65.692], [134.832, 65.693], [134.832, 65.702], [134.832, 65.703], [134.833, 65.704], [134.833, 65.705], [134.834, 65.705], [134.834, 65.706], [134.861, 65.727], [134.852, 65.747], [134.852, 65.748], [134.851, 65.748], [134.851, 65.749], [134.851, 65.75], [134.851, 65.751], [134.852, 65.751], [134.852, 65.752], [134.852, 65.753], [134.853, 65.753], [134.853, 65.754], [134.863, 65.763], [134.864, 65.763], [134.864, 65.764], [134.865, 65.764], [134.866, 65.764], [134.867, 65.764], [134.868, 65.764], [134.916, 65.757], [134.917, 65.757], [134.959, 65.763], [134.96, 65.763], [134.961, 65.763], [135.003, 65.754], [135.004, 65.754], [135.079, 65.759], [135.133, 65.776], [135.134, 65.777], [135.209, 65.781], [135.209, 65.782], [135.218, 65.793], [135.218, 65.794], [135.219, 65.794], [135.22, 65.795], [135.221, 65.795], [135.222, 65.795], [135.223, 65.795], [135.302, 65.793], [135.314, 65.801], [135.315, 65.802], [135.316, 65.802], [135.317, 65.802], [135.374, 65.802], [135.38, 65.816], [135.381, 65.817], [135.381, 65.818], [135.382, 65.818], [135.382, 65.819], [135.383, 65.819], [135.438, 65.85], [135.431, 65.862], [135.43, 65.863], [135.43, 65.864], [135.43, 65.865], [135.43, 65.866], [135.43, 65.867], [135.43, 65.868], [135.431, 65.868], [135.438, 65.882], [135.437, 65.882], [135.437, 65.883], [135.436, 65.883], [135.436, 65.884], [135.435, 65.884], [135.435, 65.885], [135.435, 65.886], [135.435, 65.887], [135.435, 65.888], [135.435, 65.889], [135.435, 65.89], [135.435, 65.891], [135.436, 65.891], [135.436, 65.892], [135.437, 65.892], [135.438, 65.893], [135.439, 65.893], [135.487, 65.904], [135.488, 65.904], [135.489, 65.904], [135.533, 65.898], [135.545, 65.905], [135.546, 65.905], [135.546, 65.906], [135.547, 65.906], [135.612, 65.911], [135.613, 65.911], [135.653, 65.903], [135.654, 65.903], [135.655, 65.902], [135.674, 65.888], [135.675, 65.888], [135.741, 65.889], [135.738, 65.914], [135.737, 65.914], [135.735, 65.916], [135.734, 65.916], [135.734, 65.917], [135.733, 65.917], [135.733, 65.918], [135.732, 65.919], [135.732, 65.92], [135.732, 65.921], [135.732, 65.922], [135.733, 65.923], [135.733, 65.924], [135.734, 65.924], [135.734, 65.925], [135.746, 65.937], [135.747, 65.952], [135.747, 65.953], [135.748, 65.954], [135.748, 65.955], [135.749, 65.956], [135.75, 65.957], [135.751, 65.957], [135.752, 65.958], [135.843, 65.972], [135.84, 65.99], [135.84, 65.991], [135.84, 65.992], [135.84, 65.993], [135.841, 65.994], [135.841, 65.995], [135.842, 65.995], [135.843, 65.996], [135.844, 65.996], [135.844, 65.997], [135.862, 66.003], [135.863, 66.003], [135.864, 66.003], [135.865, 66.003], [135.923, 65.999], [136.014, 66.006], [136.015, 66.006], [136.052, 66.022], [136.053, 66.022], [136.06, 66.043], [136.06, 66.044], [136.061, 66.045], [136.061, 66.046], [136.062, 66.046], [136.101, 66.073], [136.101, 66.074], [136.105, 66.084], [136.105, 66.085], [136.106, 66.086], [136.107, 66.086], [136.107, 66.087], [136.108, 66.087], [136.109, 66.088], [136.11, 66.088], [136.158, 66.093], [136.159, 66.101], [136.16, 66.102], [136.16, 66.103], [136.161, 66.104], [136.161, 66.105], [136.162, 66.105], [136.163, 66.106], [136.164, 66.106], [136.232, 66.117], [136.233, 66.117], [136.25, 66.142], [136.25, 66.143], [136.251, 66.143], [136.251, 66.144], [136.252, 66.144], [136.271, 66.155], [136.272, 66.156], [136.273, 66.156], [136.274, 66.156], [136.275, 66.156], [136.308, 66.151], [136.327, 66.159], [136.328, 66.159], [136.329, 66.159], [136.33, 66.159], [136.354, 66.157], [136.364, 66.169], [136.364, 66.17], [136.363, 66.172], [136.363, 66.173], [136.363, 66.174], [136.363, 66.175], [136.363, 66.176], [136.363, 66.177], [136.364, 66.178], [136.364, 66.179], [136.365, 66.179], [136.366, 66.18], [136.367, 66.18], [136.368, 66.181], [136.369, 66.181], [136.408, 66.179], [136.434, 66.194], [136.435, 66.195], [136.436, 66.195], [136.437, 66.195], [136.438, 66.195], [136.526, 66.181], [136.707, 66.203], [136.708, 66.203], [136.761, 66.195], [136.762, 66.195], [136.821, 66.197], [136.822, 66.197], [136.823, 66.197], [136.824, 66.196], [136.825, 66.196], [136.825, 66.195], [136.826, 66.195], [136.826, 66.194], [136.827, 66.193], [136.829, 66.186], [136.84, 66.184], [136.849, 66.192], [136.85, 66.192], [136.85, 66.193], [136.851, 66.193], [136.852, 66.193], [136.853, 66.193], [136.854, 66.193], [136.855, 66.193], [136.856, 66.193], [136.857, 66.192], [136.858, 66.192], [136.858, 66.191], [136.859, 66.191], [136.859, 66.19], [136.867, 66.17], [136.875, 66.168], [136.876, 66.167], [136.877, 66.167], [136.877, 66.166], [136.878, 66.166], [136.878, 66.165], [136.878, 66.164], [136.879, 66.164], [136.879, 66.163], [136.879, 66.162], [136.879, 66.161], [136.878, 66.157], [136.949, 66.153], [136.95, 66.153], [136.951, 66.153], [136.951, 66.152], [136.952, 66.152], [137.0, 66.126], [137.001, 66.126], [137.001, 66.125], [137.002, 66.125], [137.002, 66.124], [137.003, 66.124], [137.003, 66.123], [137.008, 66.11], [137.059, 66.108], [137.06, 66.108], [137.109, 66.12], [137.11, 66.12], [137.111, 66.12], [137.112, 66.12], [137.207, 66.099], [137.275, 66.097], [137.276, 66.097], [137.277, 66.097], [137.278, 66.096], [137.285, 66.092], [137.286, 66.092], [137.286, 66.091], [137.287, 66.091], [137.287, 66.09], [137.288, 66.09], [137.288, 66.089], [137.288, 66.088], [137.288, 66.087], [137.288, 66.07], [137.299, 66.067], [137.3, 66.067], [137.301, 66.066], [137.302, 66.065], [137.315, 66.05], [137.335, 66.047], [137.478, 66.042], [137.479, 66.042], [137.52, 66.054], [137.521, 66.054], [137.522, 66.054], [137.523, 66.054], [137.564, 66.042], [137.565, 66.042], [137.566, 66.041], [137.567, 66.041], [137.567, 66.04], [137.568, 66.04], [137.579, 66.022], [137.58, 66.022], [137.621, 66.019], [137.622, 66.019], [137.623, 66.019], [137.623, 66.018], [137.624, 66.018], [137.625, 66.017], [137.625, 66.016], [137.626, 66.016], [137.626, 66.015], [137.626, 66.014], [137.627, 66.014], [137.627, 66.013], [137.627, 66.012], [137.626, 66.011], [137.621, 65.993], [137.622, 65.993], [137.665, 65.989], [137.666, 65.989], [137.667, 65.989], [137.668, 65.988], [137.709, 65.967], [137.723, 65.969], [137.724, 65.974], [137.725, 65.974], [137.725, 65.975], [137.726, 65.976], [137.727, 65.977], [137.728, 65.977], [137.729, 65.978], [137.73, 65.978], [137.75, 65.979], [137.751, 65.979], [137.752, 65.979], [137.79, 65.968], [137.844, 65.964], [137.845, 65.964], [137.895, 65.974], [137.896, 65.974], [138.017, 65.962], [138.081, 65.978], [138.09, 65.992], [138.09, 65.993], [138.091, 65.993], [138.091, 65.994], [138.092, 65.994], [138.092, 65.995], [138.093, 65.995], [138.094, 65.995], [138.095, 65.995], [138.109, 65.997], [138.11, 65.997], [138.139, 65.992], [138.14, 65.992], [138.141, 65.992], [138.142, 65.991], [138.143, 65.99], [138.157, 65.973], [138.191, 65.961], [138.192, 65.961], [138.193, 65.96], [138.193, 65.959], [138.194, 65.959], [138.194, 65.958], [138.195, 65.958], [138.195, 65.957], [138.195, 65.956], [138.197, 65.944], [138.224, 65.936], [138.303, 65.944], [138.304, 65.944], [138.305, 65.944], [138.306, 65.944], [138.34, 65.932], [138.379, 65.93], [138.47, 65.939], [138.516, 65.956], [138.517, 65.957], [138.518, 65.957], [138.584, 65.956], [138.585, 65.956], [138.683, 65.941], [138.787, 65.968], [138.788, 65.968], [138.789, 65.968], [138.79, 65.968], [138.816, 65.961], [138.869, 65.964], [138.87, 65.965], [139.015, 66.009], [139.016, 66.01], [139.155, 66.014], [139.156, 66.014], [139.157, 66.013], [139.158, 66.013], [139.171, 66.007], [139.179, 66.016], [139.18, 66.016], [139.18, 66.017], [139.181, 66.017], [139.182, 66.017], [139.183, 66.017], [139.184, 66.017], [139.185, 66.017], [139.201, 66.013], [139.229, 66.018], [139.23, 66.018], [139.231, 66.018], [139.232, 66.018], [139.233, 66.018], [139.233, 66.017], [139.245, 66.011], [139.257, 66.017], [139.258, 66.018], [139.259, 66.018], [139.26, 66.018], [139.261, 66.018], [139.524, 65.967], [139.525, 65.967], [139.526, 65.967], [139.56, 65.946], [139.672, 65.916], [139.673, 65.916], [139.674, 65.916], [139.674, 65.915], [139.675, 65.915], [139.675, 65.914], [139.676, 65.914], [139.676, 65.913], [139.676, 65.912], [139.681, 65.895], [139.695, 65.888], [139.827, 65.845], [139.92, 65.848], [139.921, 65.848], [139.922, 65.848], [139.987, 65.832], [140.125, 65.855], [140.174, 65.875], [140.175, 65.875], [140.176, 65.875], [140.177, 65.875], [140.178, 65.875], [140.179, 65.875], [140.18, 65.874], [140.181, 65.873], [140.182, 65.872], [140.184, 65.868], [140.237, 65.846], [140.238, 65.846], [140.329, 65.825], [140.33, 65.824], [140.331, 65.824], [140.332, 65.823], [140.332, 65.822], [140.333, 65.822], [140.333, 65.821], [140.343, 65.803], [140.388, 65.798], [140.389, 65.798], [140.39, 65.798], [140.391, 65.797], [140.392, 65.797], [140.392, 65.796], [140.393, 65.795], [140.393, 65.794], [140.394, 65.793], [140.394, 65.792], [140.394, 65.791], [140.393, 65.79], [140.393, 65.789], [140.384, 65.773], [140.383, 65.773], [140.383, 65.772], [140.382, 65.771], [140.287, 65.72], [140.294, 65.713], [140.294, 65.712], [140.294, 65.711], [140.295, 65.711], [140.295, 65.71], [140.295, 65.709], [140.295, 65.708], [140.295, 65.707], [140.294, 65.706], [140.294, 65.705], [140.293, 65.704], [140.292, 65.704], [140.292, 65.703], [140.291, 65.703], [140.29, 65.703], [140.289, 65.703], [140.257, 65.7], [140.256, 65.7], [140.217, 65.684], [140.211, 65.666], [140.211, 65.665], [140.22, 65.654], [140.22, 65.653], [140.221, 65.653], [140.221, 65.652], [140.221, 65.651], [140.221, 65.65], [140.221, 65.649], [140.221, 65.648], [140.221, 65.647], [140.22, 65.647], [140.22, 65.646], [140.219, 65.645], [140.218, 65.645], [140.218, 65.644], [140.217, 65.644], [140.198, 65.64], [140.19, 65.628], [140.213, 65.602], [140.322, 65.582], [140.323, 65.582], [140.324, 65.581], [140.336, 65.571], [140.337, 65.571], [140.337, 65.57], [140.338, 65.57], [140.338, 65.569], [140.338, 65.568], [140.339, 65.567], [140.339, 65.566], [140.338, 65.561], [140.367, 65.549], [140.368, 65.549], [140.509, 65.559], [140.51, 65.558], [140.511, 65.558], [140.512, 65.558], [140.54, 65.543], [140.622, 65.536], [140.623, 65.536], [140.624, 65.536], [140.625, 65.535], [140.644, 65.524], [140.645, 65.524], [140.669, 65.523], [140.69, 65.533], [140.698, 65.547], [140.699, 65.548], [140.7, 65.549], [140.701, 65.549], [140.701, 65.55], [140.724, 65.557], [140.725, 65.557], [140.726, 65.557], [140.727, 65.557], [140.787, 65.55], [140.854, 65.562], [140.855, 65.562], [140.856, 65.562], [140.857, 65.562], [140.858, 65.561], [140.859, 65.561], [140.875, 65.547], [140.925, 65.537], [140.98, 65.538], [140.999, 65.56], [141.0, 65.561], [141.001, 65.561], [141.001, 65.562], [141.002, 65.562], [141.003, 65.562], [141.004, 65.562], [141.053, 65.566], [141.054, 65.566], [141.055, 65.566], [141.056, 65.565], [141.067, 65.561], [141.067, 65.56], [141.068, 65.56], [141.069, 65.559], [141.07, 65.559], [141.07, 65.558], [141.07, 65.557], [141.07, 65.556], [141.072, 65.548], [141.094, 65.533], [141.133, 65.525], [141.134, 65.524], [141.135, 65.524], [141.136, 65.523], [141.137, 65.522], [141.137, 65.521], [141.138, 65.52], [141.138, 65.519], [141.138, 65.518], [141.138, 65.514], [141.148, 65.509], [141.173, 65.504], [141.174, 65.504], [141.2, 65.509], [141.201, 65.509], [141.201, 65.51], [141.202, 65.509], [141.329, 65.485], [141.33, 65.485], [141.331, 65.485], [141.331, 65.484], [141.332, 65.484], [141.332, 65.483], [141.333, 65.483], [141.333, 65.482], [141.333, 65.481], [141.334, 65.481], [141.334, 65.48], [141.334, 65.479], [141.334, 65.478], [141.334, 65.477], [141.332, 65.473], [141.345, 65.458], [141.391, 65.475], [141.392, 65.475], [141.393, 65.475], [141.394, 65.475], [141.419, 65.471], [141.42, 65.47], [141.421, 65.47], [141.422, 65.469], [141.423, 65.468], [141.423, 65.467], [141.424, 65.467], [141.424, 65.466], [141.426, 65.46], [141.426, 65.459], [141.453, 65.443], [141.471, 65.444], [141.472, 65.444], [141.472, 65.445], [141.474, 65.452], [141.474, 65.453], [141.474, 65.454], [141.475, 65.454], [141.475, 65.455], [141.476, 65.455], [141.476, 65.456], [141.477, 65.456], [141.478, 65.456], [141.494, 65.463], [141.495, 65.463], [141.496, 65.463], [141.518, 65.464], [141.519, 65.464], [141.599, 65.443], [141.706, 65.437], [141.801, 65.463], [141.802, 65.463], [141.803, 65.463], [141.842, 65.462], [141.843, 65.462], [141.844, 65.462], [141.845, 65.462], [141.845, 65.461], [141.846, 65.461], [141.846, 65.46], [141.847, 65.46], [141.847, 65.459], [141.848, 65.458], [141.848, 65.457], [141.848, 65.456], [141.847, 65.447], [141.869, 65.427], [141.87, 65.426], [141.87, 65.425], [141.871, 65.425], [141.871, 65.424], [141.879, 65.399], [141.939, 65.389], [141.94, 65.389], [142.085, 65.391], [142.086, 65.391], [142.087, 65.391], [142.087, 65.39], [142.088, 65.39], [142.089, 65.389], [142.09, 65.389], [142.09, 65.388], [142.09, 65.387], [142.091, 65.387], [142.091, 65.386], [142.091, 65.385], [142.091, 65.384], [142.091, 65.383], [142.09, 65.382], [142.09, 65.381], [142.082, 65.37], [142.101, 65.36], [142.205, 65.361], [142.206, 65.361], [142.207, 65.36], [142.296, 65.336], [142.297, 65.336], [142.338, 65.339], [142.339, 65.339], [142.47, 65.328], [142.471, 65.328], [142.498, 65.32], [142.499, 65.32], [142.623, 65.325], [142.624, 65.325], [142.625, 65.325], [142.662, 65.308], [142.663, 65.308], [142.696, 65.313], [142.696, 65.314], [142.726, 65.33], [142.727, 65.33], [142.728, 65.33], [142.729, 65.33], [142.73, 65.33], [142.731, 65.33], [142.777, 65.319], [142.813, 65.327], [142.814, 65.327], [142.815, 65.327], [142.816, 65.327], [142.863, 65.311], [142.905, 65.312], [142.906, 65.312], [142.907, 65.312], [142.907, 65.311], [142.908, 65.311], [142.909, 65.31], [142.91, 65.309], [142.91, 65.308], [142.916, 65.292], [142.917, 65.292], [142.917, 65.291], [142.975, 65.254], [142.976, 65.254], [142.976, 65.253], [142.977, 65.252], [142.977, 65.251], [142.978, 65.25], [142.978, 65.249], [142.978, 65.248], [142.978, 65.247], [142.967, 65.206], [142.988, 65.167], [143.023, 65.16], [143.058, 65.17], [143.059, 65.17], [143.163, 65.176], [143.164, 65.176], [143.165, 65.176], [143.281, 65.152], [143.353, 65.152], [143.354, 65.152], [143.355, 65.152], [143.355, 65.151], [143.356, 65.151], [143.357, 65.151], [143.375, 65.134], [143.534, 65.112], [143.534, 65.111], [143.535, 65.111], [143.536, 65.111], [143.537, 65.11], [143.538, 65.109], [143.538, 65.108], [143.539, 65.108], [143.539, 65.107], [143.539, 65.106], [143.539, 65.105], [143.539, 65.104], [143.538, 65.103], [143.538, 65.102], [143.537, 65.102], [143.518, 65.081], [143.518, 65.08], [143.534, 65.066], [143.535, 65.066], [143.627, 65.061], [143.66, 65.07], [143.661, 65.07], [143.662, 65.07], [143.663, 65.07], [143.663, 65.069], [143.664, 65.069], [143.665, 65.069], [143.665, 65.068], [143.674, 65.061], [143.674, 65.06], [143.79, 65.029], [143.854, 65.027], [143.893, 65.05], [143.894, 65.05], [143.895, 65.05], [143.895, 65.051], [143.896, 65.051], [143.897, 65.051], [144.011, 65.038], [144.012, 65.038], [144.013, 65.037], [144.014, 65.037], [144.039, 65.02], [144.039, 65.019], [144.086, 65.029], [144.087, 65.029], [144.088, 65.029], [144.089, 65.029], [144.162, 65.012], [144.163, 65.012], [144.232, 65.014], [144.233, 65.014], [144.241, 65.023], [144.242, 65.024], [144.243, 65.024], [144.243, 65.025], [144.244, 65.025], [144.245, 65.025], [144.246, 65.025], [144.247, 65.025], [144.247, 65.024], [144.248, 65.024], [144.279, 65.005], [144.28, 65.004], [144.281, 65.003], [144.281, 65.002], [144.281, 65.001], [144.281, 65.0], [144.283, 64.964], [144.283, 64.963], [144.339, 64.923], [144.34, 64.923], [144.341, 64.922], [144.341, 64.921], [144.342, 64.921], [144.342, 64.92], [144.351, 64.886], [144.448, 64.879], [144.449, 64.879], [144.53, 64.862], [144.531, 64.862], [144.531, 64.861], [144.532, 64.861], [144.533, 64.861], [144.533, 64.86], [144.55, 64.841], [144.55, 64.84], [144.551, 64.84], [144.597, 64.831], [144.597, 64.83], [144.598, 64.83], [144.599, 64.83], [144.599, 64.829], [144.6, 64.829], [144.6, 64.828], [144.601, 64.828], [144.601, 64.827], [144.608, 64.808], [144.644, 64.785], [144.644, 64.784], [144.687, 64.773], [144.688, 64.773], [144.688, 64.772], [144.689, 64.772], [144.689, 64.771], [144.69, 64.771], [144.69, 64.77], [144.691, 64.769], [144.693, 64.76], [144.693, 64.759], [144.693, 64.758], [144.693, 64.757], [144.693, 64.756], [144.692, 64.755], [144.692, 64.754], [144.691, 64.754], [144.691, 64.753], [144.69, 64.753], [144.668, 64.744], [144.662, 64.724], [144.661, 64.723], [144.661, 64.722], [144.66, 64.722], [144.66, 64.721], [144.659, 64.721], [144.658, 64.72], [144.594, 64.699], [144.581, 64.684], [144.58, 64.683], [144.579, 64.683], [144.579, 64.682], [144.578, 64.682], [144.541, 64.675], [144.53, 64.655], [144.53, 64.654], [144.607, 64.641], [144.608, 64.641], [144.609, 64.641], [144.609, 64.64], [144.647, 64.62], [144.706, 64.607], [144.707, 64.607], [144.707, 64.606], [144.718, 64.601], [144.719, 64.601], [144.719, 64.6], [144.72, 64.6], [144.721, 64.599], [144.721, 64.598], [144.722, 64.597], [144.725, 64.584], [144.759, 64.575], [144.76, 64.575], [144.761, 64.574], [144.762, 64.574], [144.782, 64.554], [144.819, 64.561], [144.82, 64.561], [144.821, 64.561], [144.822, 64.561], [144.841, 64.554], [144.921, 64.569], [144.922, 64.569], [144.923, 64.569], [144.924, 64.568], [144.952, 64.561], [144.952, 64.56], [144.953, 64.56], [144.954, 64.559], [144.955, 64.559], [144.955, 64.558], [144.956, 64.557], [144.96, 64.548], [144.991, 64.531], [144.992, 64.531], [145.061, 64.524], [145.062, 64.524], [145.075, 64.536], [145.076, 64.536], [145.076, 64.537], [145.077, 64.537], [145.078, 64.537], [145.079, 64.537], [145.08, 64.537], [145.11, 64.533], [145.137, 64.538], [145.138, 64.538], [145.139, 64.538], [145.14, 64.538], [145.141, 64.538], [145.141, 64.537], [145.142, 64.537], [145.176, 64.508], [145.228, 64.49], [145.229, 64.49], [145.229, 64.489], [145.23, 64.489], [145.231, 64.488], [145.233, 64.485], [145.234, 64.485], [145.234, 64.484], [145.234, 64.483], [145.235, 64.483], [145.235, 64.482], [145.235, 64.481], [145.235, 64.48], [145.234, 64.479], [145.234, 64.478], [145.233, 64.478], [145.233, 64.477], [145.232, 64.476], [145.228, 64.474], [145.227, 64.474], [145.229, 64.467], [145.254, 64.462], [145.255, 64.461], [145.256, 64.461], [145.291, 64.439], [145.309, 64.445], [145.31, 64.445], [145.311, 64.445], [145.402, 64.437], [145.43, 64.452], [145.431, 64.452], [145.432, 64.453], [145.433, 64.453], [145.434, 64.453], [145.466, 64.446], [145.467, 64.446], [145.491, 64.451], [145.492, 64.451], [145.493, 64.451], [145.493, 64.45], [145.494, 64.45], [145.495, 64.45], [145.505, 64.445], [145.506, 64.445], [145.507, 64.444], [145.508, 64.443], [145.508, 64.442], [145.515, 64.428], [145.532, 64.423], [145.532, 64.422], [145.667, 64.409], [145.668, 64.409], [145.697, 64.422], [145.698, 64.425], [145.698, 64.426], [145.699, 64.427], [145.699, 64.428], [145.7, 64.428], [145.701, 64.429], [145.702, 64.429], [145.703, 64.43], [145.739, 64.435], [145.74, 64.435], [145.741, 64.435], [145.741, 64.434], [145.742, 64.434], [145.743, 64.434], [145.743, 64.433], [145.76, 64.42], [145.777, 64.421], [145.778, 64.421], [145.779, 64.421], [145.862, 64.397], [145.863, 64.397], [145.864, 64.397], [145.864, 64.396], [145.865, 64.396], [145.865, 64.395], [145.866, 64.395], [145.866, 64.394], [145.866, 64.393], [145.866, 64.392], [145.866, 64.391], [145.866, 64.39], [145.866, 64.389], [145.863, 64.382], [145.878, 64.344], [145.932, 64.331], [145.933, 64.331], [146.047, 64.285], [146.048, 64.284], [146.07, 64.271], [146.071, 64.27], [146.072, 64.27], [146.072, 64.269], [146.073, 64.268], [146.073, 64.267], [146.073, 64.266], [146.073, 64.265], [146.073, 64.264], [146.072, 64.263], [146.068, 64.254], [146.068, 64.253], [146.076, 64.239], [146.11, 64.23], [146.111, 64.23], [146.112, 64.229], [146.133, 64.217], [146.134, 64.217], [146.134, 64.216], [146.135, 64.216], [146.135, 64.215], [146.136, 64.214], [146.136, 64.213], [146.136, 64.212], [146.136, 64.211], [146.136, 64.21], [146.136, 64.209], [146.134, 64.206], [146.134, 64.205], [146.153, 64.195], [146.189, 64.188], [146.216, 64.195], [146.217, 64.195], [146.218, 64.195], [146.219, 64.194], [146.22, 64.194], [146.221, 64.194], [146.241, 64.179], [146.242, 64.179], [146.273, 64.181], [146.29, 64.198], [146.291, 64.199], [146.292, 64.199], [146.292, 64.2], [146.293, 64.2], [146.294, 64.2], [146.295, 64.2], [146.296, 64.199], [146.344, 64.183], [146.414, 64.193], [146.415, 64.193], [146.473, 64.191], [146.54, 64.185], [146.541, 64.184], [146.542, 64.184], [146.614, 64.164], [146.615, 64.164], [146.645, 64.165], [146.646, 64.165], [146.647, 64.165], [146.647, 64.164], [146.648, 64.164], [146.692, 64.146], [146.722, 64.151], [146.723, 64.151], [146.724, 64.151], [146.809, 64.142], [146.831, 64.148], [146.832, 64.148], [146.833, 64.148], [146.834, 64.148], [146.884, 64.134], [146.885, 64.134], [147.005, 64.129], [147.006, 64.129], [147.1, 64.103], [147.101, 64.103], [147.101, 64.102], [147.181, 64.052], [147.219, 64.037], [147.22, 64.037], [147.319, 64.041], [147.319, 64.042], [147.36, 64.056], [147.361, 64.056], [147.365, 64.069], [147.365, 64.07], [147.366, 64.071], [147.366, 64.072], [147.367, 64.072], [147.367, 64.073], [147.368, 64.073], [147.369, 64.073], [147.386, 64.078], [147.391, 64.091], [147.373, 64.106], [147.372, 64.106], [147.371, 64.107], [147.37, 64.107], [147.369, 64.107], [147.369, 64.108], [147.368, 64.108], [147.368, 64.109], [147.367, 64.11], [147.367, 64.111], [147.367, 64.112], [147.367, 64.113], [147.367, 64.114], [147.367, 64.115], [147.368, 64.116], [147.368, 64.117], [147.369, 64.117], [147.37, 64.118], [147.371, 64.118], [147.372, 64.118], [147.477, 64.138], [147.478, 64.138], [147.569, 64.14], [147.587, 64.158], [147.588, 64.159], [147.589, 64.159], [147.636, 64.171], [147.637, 64.171], [147.638, 64.171], [147.639, 64.171], [147.64, 64.17], [147.641, 64.17], [147.641, 64.169], [147.642, 64.169], [147.642, 64.168], [147.643, 64.168], [147.646, 64.161], [147.668, 64.156], [147.669, 64.156], [147.67, 64.155], [147.671, 64.155], [147.671, 64.154], [147.697, 64.13], [147.698, 64.129], [147.721, 64.119], [147.722, 64.118], [147.723, 64.118], [147.723, 64.117], [147.724, 64.116], [147.724, 64.115], [147.724, 64.114], [147.724, 64.113], [147.724, 64.112], [147.724, 64.111], [147.723, 64.11], [147.717, 64.099], [147.716, 64.099], [147.716, 64.098], [147.715, 64.098], [147.715, 64.097], [147.714, 64.097], [147.648, 64.069], [147.664, 64.057], [147.665, 64.056], [147.666, 64.055], [147.666, 64.054], [147.666, 64.053], [147.666, 64.052], [147.666, 64.051], [147.666, 64.05], [147.666, 64.049], [147.665, 64.049], [147.665, 64.048], [147.664, 64.048], [147.648, 64.036], [147.648, 64.035], [147.667, 64.025], [147.668, 64.024], [147.669, 64.024], [147.669, 64.023], [147.67, 64.022], [147.67, 64.021], [147.67, 64.02], [147.67, 64.019], [147.668, 64.007], [147.768, 64.006], [147.769, 64.006], [147.77, 64.005], [147.771, 64.005], [147.782, 63.999], [147.783, 63.998], [147.784, 63.998], [147.784, 63.997], [147.785, 63.996], [147.785, 63.995], [147.785, 63.994], [147.785, 63.993], [147.785, 63.992], [147.785, 63.991], [147.784, 63.99], [147.784, 63.989], [147.783, 63.989], [147.783, 63.988], [147.773, 63.982], [147.773, 63.962], [147.784, 63.95], [147.819, 63.942], [147.863, 63.946], [147.864, 63.946], [147.881, 63.963], [147.882, 63.963], [147.883, 63.964], [147.884, 63.964], [147.885, 63.964], [147.893, 63.965], [147.894, 63.965], [147.895, 63.965], [147.895, 63.964], [147.902, 63.963], [147.902, 63.962], [147.903, 63.962], [147.904, 63.962], [147.904, 63.961], [147.905, 63.961], [147.905, 63.96], [147.905, 63.959], [147.906, 63.959], [147.906, 63.958], [147.906, 63.957], [147.906, 63.956], [147.906, 63.955], [147.905, 63.955], [147.905, 63.954], [147.905, 63.953], [147.904, 63.953], [147.901, 63.95], [147.901, 63.949], [147.904, 63.943], [148.018, 63.931], [148.023, 63.948], [148.023, 63.949], [148.023, 63.95], [148.024, 63.95], [148.024, 63.951], [148.025, 63.951], [148.034, 63.959], [148.034, 63.96], [148.035, 63.96], [148.036, 63.96], [148.075, 63.969], [148.084, 63.982], [148.081, 63.988], [148.08, 63.989], [148.08, 63.99], [148.08, 63.991], [148.08, 63.992], [148.08, 63.993], [148.081, 63.993], [148.081, 63.994], [148.081, 63.995], [148.082, 63.995], [148.088, 64.001], [148.089, 64.002], [148.09, 64.002], [148.091, 64.002], [148.181, 64.02], [148.181, 64.021], [148.169, 64.046], [148.169, 64.047], [148.169, 64.048], [148.169, 64.049], [148.169, 64.05], [148.169, 64.051], [148.17, 64.052], [148.171, 64.053], [148.18, 64.059], [148.183, 64.076], [148.172, 64.09], [148.172, 64.091], [148.172, 64.092], [148.171, 64.092], [148.171, 64.093], [148.171, 64.094], [148.171, 64.095], [148.171, 64.096], [148.172, 64.096], [148.172, 64.097], [148.173, 64.098], [148.174, 64.099], [148.175, 64.099], [148.176, 64.1], [148.19, 64.101], [148.19, 64.102], [148.191, 64.11], [148.191, 64.111], [148.192, 64.112], [148.192, 64.113], [148.193, 64.114], [148.194, 64.115], [148.195, 64.115], [148.227, 64.128], [148.225, 64.135], [148.224, 64.136], [148.224, 64.137], [148.224, 64.138], [148.224, 64.139], [148.225, 64.139], [148.225, 64.14], [148.225, 64.141], [148.226, 64.141], [148.23, 64.146], [148.231, 64.147], [148.232, 64.147], [148.232, 64.148], [148.233, 64.148], [148.234, 64.148], [148.235, 64.148], [148.267, 64.149], [148.284, 64.166], [148.284, 64.167], [148.267, 64.18], [148.267, 64.181], [148.266, 64.181], [148.266, 64.182], [148.265, 64.183], [148.265, 64.184], [148.265, 64.185], [148.265, 64.186], [148.268, 64.197], [148.269, 64.198], [148.269, 64.199], [148.27, 64.2], [148.271, 64.2], [148.271, 64.201], [148.272, 64.201], [148.319, 64.22], [148.224, 64.274], [148.223, 64.274], [148.223, 64.275], [148.222, 64.275], [148.222, 64.276], [148.222, 64.277], [148.221, 64.277], [148.221, 64.278], [148.221, 64.279], [148.221, 64.28], [148.221, 64.281], [148.222, 64.282], [148.222, 64.283], [148.223, 64.283], [148.224, 64.284], [148.225, 64.284], [148.225, 64.285], [148.262, 64.298], [148.239, 64.316], [148.239, 64.317], [148.238, 64.317], [148.238, 64.318], [148.237, 64.319], [148.237, 64.32], [148.237, 64.321], [148.237, 64.327], [148.193, 64.34], [148.192, 64.341], [148.143, 64.37], [148.142, 64.37], [148.141, 64.371], [148.14, 64.372], [148.14, 64.373], [148.14, 64.374], [148.14, 64.375], [148.14, 64.376], [148.141, 64.382], [148.092, 64.38], [148.091, 64.38], [148.09, 64.38], [148.089, 64.38], [148.088, 64.38], [148.088, 64.381], [148.087, 64.381], [148.087, 64.382], [148.086, 64.382], [148.086, 64.383], [148.086, 64.384], [148.085, 64.384], [148.085, 64.385], [148.085, 64.386], [148.085, 64.387], [148.086, 64.388], [148.086, 64.389], [148.092, 64.397], [148.072, 64.405], [148.071, 64.405], [148.071, 64.406], [148.07, 64.406], [148.069, 64.407], [148.069, 64.408], [148.068, 64.409], [148.068, 64.41], [148.068, 64.411], [148.068, 64.412], [148.069, 64.413], [148.069, 64.414], [148.07, 64.414], [148.07, 64.415], [148.071, 64.415], [148.071, 64.416], [148.072, 64.416], [148.073, 64.416], [148.094, 64.422], [148.095, 64.423], [148.096, 64.423], [148.18, 64.42], [148.181, 64.42], [148.227, 64.438], [148.242, 64.473], [148.243, 64.474], [148.243, 64.475], [148.244, 64.475], [148.245, 64.476], [148.246, 64.476], [148.247, 64.477], [148.277, 64.479], [148.327, 64.523], [148.328, 64.523], [148.329, 64.524], [148.33, 64.524], [148.331, 64.524], [148.332, 64.524], [148.44, 64.52], [148.441, 64.52], [148.441, 64.519], [148.442, 64.519], [148.443, 64.519], [148.443, 64.518], [148.444, 64.518], [148.457, 64.506], [148.508, 64.502], [148.509, 64.502], [148.51, 64.502], [148.51, 64.501], [148.511, 64.501], [148.513, 64.499], [148.514, 64.499], [148.514, 64.498], [148.515, 64.497], [148.515, 64.496], [148.515, 64.495], [148.515, 64.494], [148.515, 64.493], [148.515, 64.492], [148.514, 64.492], [148.514, 64.491], [148.508, 64.482], [148.544, 64.471], [148.545, 64.471], [148.545, 64.47], [148.546, 64.47], [148.546, 64.469], [148.547, 64.469], [148.547, 64.468], [148.548, 64.467], [148.551, 64.447], [148.581, 64.437], [148.604, 64.439], [148.604, 64.44], [148.605, 64.439], [148.606, 64.439], [148.704, 64.398], [148.792, 64.41], [148.793, 64.41], [148.794, 64.41], [148.795, 64.41], [148.817, 64.405], [148.849, 64.413], [148.85, 64.413], [148.851, 64.413], [148.852, 64.413], [148.853, 64.412], [148.865, 64.406], [148.866, 64.406], [148.925, 64.417], [148.939, 64.426], [148.94, 64.426], [148.94, 64.427], [148.941, 64.427], [148.942, 64.427], [148.943, 64.427], [148.944, 64.427], [148.981, 64.418], [149.04, 64.426], [149.041, 64.426], [149.042, 64.426], [149.115, 64.414], [149.163, 64.421], [149.164, 64.421], [149.165, 64.421], [149.173, 64.419], [149.174, 64.419], [149.175, 64.419], [149.175, 64.418], [149.176, 64.418], [149.176, 64.417], [149.177, 64.417], [149.177, 64.416], [149.178, 64.415], [149.178, 64.414], [149.178, 64.413], [149.178, 64.412], [149.178, 64.411], [149.177, 64.411], [149.177, 64.41], [149.174, 64.406], [149.185, 64.398], [149.186, 64.398], [149.186, 64.397], [149.187, 64.397], [149.187, 64.396], [149.187, 64.395], [149.194, 64.377], [149.34, 64.372], [149.372, 64.378], [149.375, 64.393], [149.359, 64.403], [149.358, 64.404], [149.357, 64.405], [149.357, 64.406], [149.356, 64.407], [149.356, 64.408], [149.356, 64.409], [149.356, 64.41], [149.357, 64.411], [149.357, 64.412], [149.358, 64.412], [149.358, 64.413], [149.359, 64.413], [149.359, 64.414], [149.361, 64.414], [149.361, 64.415], [149.362, 64.415], [149.363, 64.415], [149.364, 64.415], [149.445, 64.412], [149.446, 64.412], [149.447, 64.411], [149.476, 64.399], [149.503, 64.401], [149.504, 64.401], [149.514, 64.419], [149.514, 64.42], [149.515, 64.42], [149.515, 64.421], [149.516, 64.421], [149.517, 64.422], [149.518, 64.422], [149.565, 64.431], [149.566, 64.446], [149.566, 64.447], [149.566, 64.448], [149.567, 64.448], [149.567, 64.449], [149.568, 64.45], [149.587, 64.468], [149.587, 64.469], [149.588, 64.469], [149.589, 64.47], [149.682, 64.497], [149.698, 64.507], [149.699, 64.508], [149.7, 64.508], [149.701, 64.508], [149.732, 64.512], [149.733, 64.513], [149.774, 64.543], [149.775, 64.543], [149.775, 64.544], [149.776, 64.544], [149.777, 64.544], [149.822, 64.548], [149.823, 64.548], [149.842, 64.557], [149.843, 64.557], [149.843, 64.558], [149.844, 64.558], [149.845, 64.558], [149.935, 64.549], [149.967, 64.542], [149.968, 64.541], [149.969, 64.541], [149.97, 64.54], [149.971, 64.539], [149.971, 64.538], [149.972, 64.538], [149.972, 64.537], [149.972, 64.536], [149.972, 64.535], [149.971, 64.527], [149.971, 64.526], [149.972, 64.526], [149.991, 64.508], [149.992, 64.508], [149.992, 64.507], [149.993, 64.506], [149.993, 64.505], [149.993, 64.504], [149.993, 64.492], [150.026, 64.494], [150.027, 64.494], [150.028, 64.494], [150.132, 64.467], [150.133, 64.467], [150.134, 64.467], [150.134, 64.466], [150.135, 64.466], [150.135, 64.465], [150.136, 64.465], [150.136, 64.464], [150.136, 64.463], [150.137, 64.463], [150.137, 64.462], [150.137, 64.461], [150.136, 64.455], [150.136, 64.454], [150.135, 64.453], [150.135, 64.452], [150.134, 64.452], [150.134, 64.451], [150.133, 64.451], [150.115, 64.441], [150.116, 64.44], [150.116, 64.439], [150.117, 64.439], [150.117, 64.438], [150.117, 64.437], [150.117, 64.436], [150.117, 64.435], [150.117, 64.434], [150.116, 64.434], [150.116, 64.433], [150.115, 64.432], [150.114, 64.431], [150.113, 64.431], [150.112, 64.431], [150.094, 64.428], [150.092, 64.423], [150.092, 64.422], [150.091, 64.421], [150.09, 64.42], [150.089, 64.42], [150.089, 64.419], [150.088, 64.419], [150.064, 64.412], [150.063, 64.412], [150.063, 64.411], [150.068, 64.393], [150.068, 64.392], [150.068, 64.391], [150.068, 64.39], [150.067, 64.389], [150.067, 64.388], [150.066, 64.388], [150.066, 64.387], [150.065, 64.387], [150.065, 64.386], [150.064, 64.386], [150.028, 64.373], [150.012, 64.352], [150.033, 64.343], [150.034, 64.343], [150.034, 64.342], [150.035, 64.342], [150.035, 64.341], [150.036, 64.341], [150.036, 64.34], [150.036, 64.339], [150.037, 64.339], [150.037, 64.338], [150.037, 64.337], [150.037, 64.33], [150.048, 64.318], [150.071, 64.315], [150.072, 64.314], [150.073, 64.314], [150.074, 64.314], [150.074, 64.313], [150.075, 64.312], [150.075, 64.311], [150.09, 64.278], [150.197, 64.26], [150.198, 64.26], [150.198, 64.259], [150.199, 64.259], [150.2, 64.258], [150.202, 64.256], [150.202, 64.255], [150.203, 64.254], [150.203, 64.253], [150.203, 64.252], [150.203, 64.251], [150.203, 64.25], [150.202, 64.249], [150.202, 64.248], [150.201, 64.248], [150.201, 64.247], [150.193, 64.241], [150.192, 64.224], [150.236, 64.207], [150.313, 64.203], [150.336, 64.211], [150.337, 64.211], [150.337, 64.212], [150.338, 64.212], [150.374, 64.21], [150.375, 64.21], [150.43, 64.2], [150.431, 64.2], [150.431, 64.199], [150.479, 64.18], [150.516, 64.178], [150.517, 64.178], [150.518, 64.178], [150.518, 64.177], [150.552, 64.161], [150.583, 64.171], [150.584, 64.171], [150.585, 64.171], [150.586, 64.171], [150.651, 64.163], [150.652, 64.163], [150.666, 64.174], [150.673, 64.194], [150.656, 64.214], [150.655, 64.215], [150.655, 64.216], [150.654, 64.216], [150.654, 64.217], [150.654, 64.218], [150.654, 64.219], [150.654, 64.22], [150.655, 64.22], [150.655, 64.221], [150.655, 64.222], [150.656, 64.222], [150.656, 64.223], [150.657, 64.223], [150.658, 64.224], [150.667, 64.228], [150.667, 64.236], [150.667, 64.237], [150.668, 64.238], [150.668, 64.239], [150.668, 64.24], [150.669, 64.24], [150.669, 64.241], [150.67, 64.241], [150.685, 64.251], [150.685, 64.252], [150.679, 64.271], [150.654, 64.287], [150.607, 64.299], [150.606, 64.3], [150.605, 64.3], [150.605, 64.301], [150.604, 64.301], [150.603, 64.302], [150.603, 64.303], [150.603, 64.304], [150.603, 64.305], [150.603, 64.306], [150.603, 64.307], [150.603, 64.308], [150.604, 64.308], [150.604, 64.309], [150.605, 64.31], [150.638, 64.331], [150.639, 64.331], [150.639, 64.332], [150.64, 64.332], [150.641, 64.332], [150.642, 64.332], [150.794, 64.322], [150.795, 64.322], [150.994, 64.328], [151.044, 64.346], [151.045, 64.346], [151.046, 64.346], [151.084, 64.341], [151.084, 64.342], [151.167, 64.354], [151.168, 64.354], [151.169, 64.354], [151.224, 64.35], [151.225, 64.35], [151.226, 64.349], [151.252, 64.339], [151.274, 64.351], [151.275, 64.352], [151.276, 64.352], [151.312, 64.355], [151.312, 64.356], [151.318, 64.365], [151.319, 64.365], [151.319, 64.366], [151.32, 64.366], [151.321, 64.367], [151.322, 64.367], [151.323, 64.367], [151.324, 64.367], [151.364, 64.363], [151.365, 64.363], [151.366, 64.363], [151.366, 64.362], [151.367, 64.362], [151.368, 64.361], [151.369, 64.36], [151.385, 64.328], [151.406, 64.325], [151.424, 64.346], [151.424, 64.353], [151.424, 64.354], [151.424, 64.355], [151.424, 64.356], [151.425, 64.357], [151.426, 64.358], [151.449, 64.378], [151.45, 64.379], [151.451, 64.379], [151.485, 64.387], [151.485, 64.388], [151.487, 64.414], [151.487, 64.415], [151.487, 64.416], [151.488, 64.416], [151.488, 64.417], [151.489, 64.418], [151.49, 64.418], [151.49, 64.419], [151.491, 64.419], [151.496, 64.421], [151.497, 64.421], [151.498, 64.421], [151.605, 64.431], [151.664, 64.446], [151.665, 64.446], [151.666, 64.446], [151.701, 64.44], [151.756, 64.445], [151.775, 64.454], [151.776, 64.455], [151.777, 64.455], [151.921, 64.47], [151.968, 64.484], [151.969, 64.484], [151.97, 64.484], [151.971, 64.484], [151.972, 64.483], [151.973, 64.483], [151.99, 64.471], [152.04, 64.465], [152.041, 64.465], [152.042, 64.465], [152.042, 64.464], [152.043, 64.464], [152.044, 64.463], [152.053, 64.45], [152.054, 64.45], [152.063, 64.449], [152.064, 64.448], [152.065, 64.448], [152.066, 64.447], [152.067, 64.446], [152.067, 64.445], [152.068, 64.444], [152.07, 64.434], [152.07, 64.433], [152.077, 64.431], [152.078, 64.431], [152.079, 64.43], [152.08, 64.429], [152.08, 64.428], [152.081, 64.428], [152.081, 64.427], [152.081, 64.426], [152.081, 64.425], [152.081, 64.424], [152.079, 64.419], [152.127, 64.387], [152.128, 64.387], [152.128, 64.386], [152.129, 64.386], [152.129, 64.385], [152.13, 64.384], [152.13, 64.383], [152.13, 64.382], [152.13, 64.381], [152.129, 64.38], [152.129, 64.379], [152.128, 64.378], [152.12, 64.37], [152.14, 64.347], [152.209, 64.355], [152.21, 64.355], [152.255, 64.35], [152.269, 64.366], [152.27, 64.367], [152.271, 64.368], [152.272, 64.368], [152.273, 64.368], [152.289, 64.372], [152.29, 64.372], [152.291, 64.372], [152.347, 64.362], [152.347, 64.363], [152.364, 64.377], [152.364, 64.378], [152.365, 64.378], [152.366, 64.378], [152.367, 64.379], [152.368, 64.379], [152.417, 64.379], [152.449, 64.39], [152.452, 64.397], [152.441, 64.405], [152.44, 64.406], [152.44, 64.407], [152.439, 64.407], [152.439, 64.408], [152.439, 64.409], [152.439, 64.41], [152.439, 64.411], [152.439, 64.412], [152.44, 64.412], [152.44, 64.413], [152.441, 64.414], [152.454, 64.428], [152.448, 64.445], [152.436, 64.452], [152.435, 64.453], [152.435, 64.454], [152.434, 64.454], [152.434, 64.455], [152.434, 64.456], [152.433, 64.456], [152.433, 64.457], [152.433, 64.458], [152.434, 64.459], [152.434, 64.46], [152.44, 64.47], [152.406, 64.496], [152.373, 64.51], [152.372, 64.51], [152.372, 64.511], [152.371, 64.511], [152.371, 64.512], [152.37, 64.512], [152.37, 64.513], [152.37, 64.514], [152.369, 64.515], [152.369, 64.516], [152.37, 64.516], [152.37, 64.517], [152.37, 64.518], [152.371, 64.519], [152.376, 64.525], [152.376, 64.526], [152.377, 64.526], [152.378, 64.527], [152.379, 64.527], [152.38, 64.527], [152.381, 64.527], [152.382, 64.527], [152.399, 64.523], [152.4, 64.523], [152.442, 64.532], [152.442, 64.533], [152.484, 64.546], [152.484, 64.547], [152.489, 64.555], [152.49, 64.555], [152.49, 64.556], [152.491, 64.556], [152.491, 64.557], [152.492, 64.557], [152.493, 64.557], [152.494, 64.557], [152.539, 64.557], [152.6, 64.578], [152.601, 64.578], [152.622, 64.604], [152.623, 64.604], [152.623, 64.605], [152.624, 64.605], [152.624, 64.606], [152.625, 64.606], [152.626, 64.606], [152.728, 64.62], [152.736, 64.633], [152.736, 64.634], [152.737, 64.634], [152.737, 64.635], [152.738, 64.635], [152.739, 64.636], [152.74, 64.636], [152.764, 64.642], [152.765, 64.642], [152.787, 64.663], [152.788, 64.664], [152.789, 64.664], [152.79, 64.665], [152.831, 64.674], [152.852, 64.7], [152.811, 64.747], [152.781, 64.75], [152.781, 64.751], [152.78, 64.751], [152.779, 64.751], [152.778, 64.752], [152.751, 64.779], [152.75, 64.779], [152.656, 64.814], [152.628, 64.81], [152.627, 64.81], [152.626, 64.81], [152.625, 64.81], [152.589, 64.817], [152.588, 64.818], [152.587, 64.818], [152.586, 64.819], [152.585, 64.82], [152.585, 64.821], [152.585, 64.822], [152.585, 64.823], [152.584, 64.823], [152.585, 64.824], [152.585, 64.825], [152.589, 64.838], [152.589, 64.839], [152.569, 64.85], [152.568, 64.851], [152.567, 64.851], [152.567, 64.852], [152.566, 64.853], [152.566, 64.854], [152.566, 64.855], [152.565, 64.862], [152.557, 64.866], [152.556, 64.867], [152.556, 64.868], [152.555, 64.868], [152.555, 64.869], [152.554, 64.87], [152.554, 64.871], [152.554, 64.872], [152.554, 64.888], [152.554, 64.889], [152.531, 64.912], [152.53, 64.912], [152.53, 64.913], [152.529, 64.913], [152.529, 64.914], [152.529, 64.915], [152.529, 64.916], [152.529, 64.917], [152.529, 64.918], [152.53, 64.919], [152.53, 64.92], [152.531, 64.92], [152.546, 64.935], [152.533, 64.949], [152.533, 64.95], [152.532, 64.951], [152.532, 64.952], [152.525, 64.975], [152.525, 64.976], [152.525, 64.977], [152.525, 64.978], [152.528, 64.986], [152.528, 64.987], [152.529, 64.987], [152.529, 64.988], [152.53, 64.988], [152.53, 64.989], [152.531, 64.989], [152.532, 64.99], [152.533, 64.99], [152.57, 64.996], [152.583, 65.015], [152.581, 65.019], [152.58, 65.02], [152.58, 65.021], [152.58, 65.022], [152.58, 65.023], [152.58, 65.024], [152.58, 65.025], [152.581, 65.025], [152.581, 65.026], [152.582, 65.027], [152.583, 65.027], [152.634, 65.057], [152.652, 65.081], [152.652, 65.082], [152.65, 65.111], [152.65, 65.112], [152.65, 65.113], [152.65, 65.114], [152.651, 65.114], [152.651, 65.115], [152.661, 65.129], [152.666, 65.164], [152.666, 65.165], [152.667, 65.166], [152.667, 65.167], [152.668, 65.167], [152.677, 65.174], [152.677, 65.175], [152.678, 65.175], [152.679, 65.175], [152.679, 65.176], [152.68, 65.176], [152.719, 65.179], [152.732, 65.197], [152.725, 65.209], [152.725, 65.21], [152.724, 65.21], [152.724, 65.211], [152.724, 65.212], [152.724, 65.213], [152.724, 65.214], [152.725, 65.215], [152.725, 65.216], [152.726, 65.216], [152.726, 65.217], [152.727, 65.217], [152.727, 65.218], [152.728, 65.218], [152.729, 65.218], [152.759, 65.224], [152.76, 65.224], [152.761, 65.224], [152.762, 65.223], [152.763, 65.223], [152.798, 65.202], [152.799, 65.202], [152.877, 65.22], [152.88, 65.228], [152.881, 65.229], [152.882, 65.23], [152.883, 65.23], [152.883, 65.231], [152.884, 65.231], [152.932, 65.25], [152.933, 65.25], [152.934, 65.25], [152.935, 65.25], [152.936, 65.25], [152.974, 65.238], [153.118, 65.259], [153.119, 65.259], [153.12, 65.259], [153.121, 65.259], [153.122, 65.258], [153.154, 65.239], [153.174, 65.251], [153.193, 65.29], [153.194, 65.291], [153.194, 65.292], [153.195, 65.292], [153.196, 65.293], [153.203, 65.296], [153.204, 65.296], [153.205, 65.296], [153.384, 65.329], [153.439, 65.352], [153.44, 65.353], [153.441, 65.353], [153.442, 65.353], [153.502, 65.342], [153.503, 65.342], [153.513, 65.356], [153.513, 65.357], [153.514, 65.358], [153.515, 65.358], [153.566, 65.382], [153.569, 65.389], [153.569, 65.39], [153.57, 65.39], [153.57, 65.391], [153.571, 65.391], [153.571, 65.392], [153.572, 65.392], [153.573, 65.392], [153.574, 65.393], [153.591, 65.396], [153.595, 65.407], [153.55, 65.452], [153.549, 65.452], [153.501, 65.468], [153.467, 65.465], [153.466, 65.465], [153.465, 65.465], [153.465, 65.466], [153.464, 65.466], [153.463, 65.466], [153.462, 65.467], [153.452, 65.478], [153.452, 65.479], [153.451, 65.48], [153.451, 65.481], [153.451, 65.482], [153.451, 65.483], [153.451, 65.484], [153.452, 65.485], [153.452, 65.486], [153.453, 65.486], [153.453, 65.487], [153.466, 65.498], [153.473, 65.535], [153.474, 65.535], [153.474, 65.536], [153.474, 65.537], [153.475, 65.537], [153.475, 65.538], [153.476, 65.538], [153.492, 65.548], [153.495, 65.581], [153.495, 65.582], [153.496, 65.583], [153.496, 65.584], [153.497, 65.584], [153.545, 65.634], [153.521, 65.653], [153.52, 65.654], [153.519, 65.655], [153.519, 65.656], [153.519, 65.657], [153.519, 65.658], [153.519, 65.659], [153.519, 65.66], [153.52, 65.661], [153.52, 65.662], [153.521, 65.662], [153.521, 65.663], [153.522, 65.663], [153.523, 65.664], [153.571, 65.681], [153.585, 65.697], [153.576, 65.715], [153.575, 65.716], [153.559, 65.724], [153.558, 65.724], [153.557, 65.725], [153.556, 65.726], [153.556, 65.727], [153.552, 65.741], [153.525, 65.739], [153.524, 65.739], [153.523, 65.739], [153.5, 65.747], [153.499, 65.747], [153.499, 65.748], [153.498, 65.748], [153.498, 65.749], [153.497, 65.749], [153.497, 65.75], [153.497, 65.751], [153.496, 65.751], [153.496, 65.752], [153.496, 65.753], [153.496, 65.754], [153.497, 65.754], [153.497, 65.755], [153.497, 65.756], [153.498, 65.756], [153.498, 65.757], [153.536, 65.795], [153.536, 65.801], [153.535, 65.801], [153.536, 65.802], [153.536, 65.803], [153.536, 65.804], [153.536, 65.805], [153.537, 65.805], [153.537, 65.806], [153.538, 65.806], [153.538, 65.807], [153.539, 65.807], [153.54, 65.807], [153.578, 65.817], [153.579, 65.818], [153.598, 65.831], [153.598, 65.832], [153.599, 65.832], [153.6, 65.832], [153.633, 65.841], [153.634, 65.841], [153.68, 65.838], [153.753, 65.865], [153.754, 65.865], [153.755, 65.865], [153.756, 65.865], [153.757, 65.865], [153.798, 65.85], [153.956, 65.868], [153.957, 65.868], [154.015, 65.864], [154.016, 65.864], [154.017, 65.864], [154.018, 65.864], [154.018, 65.863], [154.019, 65.863], [154.033, 65.85], [154.083, 65.846], [154.084, 65.845], [154.085, 65.845], [154.086, 65.845], [154.086, 65.844], [154.087, 65.844], [154.092, 65.838], [154.093, 65.837], [154.093, 65.836], [154.094, 65.835], [154.094, 65.834], [154.094, 65.833], [154.084, 65.785], [154.084, 65.784], [154.106, 65.772], [154.13, 65.774], [154.131, 65.774], [154.132, 65.774], [154.133, 65.774], [154.16, 65.765], [154.161, 65.765], [154.199, 65.79], [154.2, 65.79], [154.201, 65.791], [154.267, 65.801], [154.268, 65.801], [154.277, 65.815], [154.278, 65.816], [154.279, 65.816], [154.279, 65.817], [154.28, 65.817], [154.281, 65.817], [154.3, 65.82], [154.313, 65.839], [154.313, 65.84], [154.314, 65.84], [154.314, 65.841], [154.315, 65.841], [154.316, 65.841], [154.342, 65.852], [154.335, 65.869], [154.335, 65.87], [154.335, 65.871], [154.335, 65.872], [154.335, 65.873], [154.335, 65.874], [154.336, 65.875], [154.336, 65.876], [154.337, 65.876], [154.338, 65.877], [154.339, 65.877], [154.39, 65.897], [154.415, 65.919], [154.42, 65.952], [154.398, 65.967], [154.398, 65.968], [154.397, 65.968], [154.397, 65.969], [154.396, 65.969], [154.396, 65.97], [154.396, 65.971], [154.396, 65.972], [154.396, 65.973], [154.396, 65.974], [154.396, 65.975], [154.397, 65.976], [154.398, 65.977], [154.399, 65.978], [154.435, 65.995], [154.396, 66.003], [154.395, 66.003], [154.395, 66.004], [154.394, 66.004], [154.393, 66.005], [154.372, 66.035], [154.251, 66.046], [154.25, 66.047], [154.249, 66.047], [154.248, 66.047], [154.248, 66.048], [154.247, 66.048], [154.247, 66.049], [154.246, 66.049], [154.246, 66.05], [154.246, 66.051], [154.246, 66.052], [154.246, 66.053], [154.246, 66.054], [154.246, 66.055], [154.247, 66.055], [154.247, 66.056], [154.248, 66.057], [154.269, 66.073], [154.271, 66.082], [154.271, 66.083], [154.272, 66.083], [154.272, 66.084], [154.272, 66.085], [154.273, 66.085], [154.274, 66.086], [154.275, 66.086], [154.303, 66.098], [154.304, 66.098], [154.305, 66.098], [154.368, 66.1], [154.394, 66.127], [154.397, 66.146], [154.388, 66.163], [154.388, 66.164], [154.388, 66.165], [154.387, 66.165], [154.387, 66.166], [154.387, 66.167], [154.388, 66.167], [154.388, 66.168], [154.388, 66.169], [154.389, 66.17], [154.396, 66.177], [154.397, 66.177], [154.397, 66.178], [154.398, 66.178], [154.399, 66.179], [154.4, 66.179], [154.464, 66.178], [154.465, 66.178], [154.518, 66.214], [154.519, 66.214], [154.52, 66.215], [154.521, 66.215], [154.588, 66.214], [154.589, 66.214], [154.59, 66.214], [154.59, 66.213], [154.591, 66.213], [154.592, 66.213], [154.605, 66.204], [154.605, 66.203], [154.606, 66.203], [154.606, 66.202], [154.607, 66.201], [154.607, 66.2], [154.608, 66.192], [154.608, 66.191], [154.663, 66.176], [154.839, 66.164], [154.84, 66.163], [154.841, 66.163], [154.842, 66.163], [154.843, 66.162], [154.857, 66.15], [154.858, 66.15], [154.879, 66.146], [154.88, 66.146], [154.881, 66.146], [154.882, 66.145], [154.883, 66.144], [154.883, 66.143], [154.884, 66.143], [154.884, 66.142], [154.894, 66.104], [154.895, 66.104], [155.077, 66.123], [155.071, 66.152], [155.071, 66.153], [155.071, 66.154], [155.072, 66.155], [155.072, 66.156], [155.073, 66.157], [155.073, 66.158], [155.074, 66.158], [155.075, 66.159], [155.076, 66.159], [155.101, 66.164], [155.102, 66.164], [155.103, 66.164], [155.145, 66.153], [155.161, 66.16], [155.161, 66.161], [155.16, 66.168], [155.16, 66.169], [155.16, 66.17], [155.16, 66.171], [155.16, 66.172], [155.161, 66.172], [155.161, 66.173], [155.162, 66.174], [155.163, 66.174], [155.163, 66.175], [155.17, 66.177], [155.171, 66.178], [155.172, 66.178], [155.173, 66.178], [155.201, 66.171], [155.213, 66.178], [155.214, 66.178], [155.214, 66.179], [155.215, 66.179], [155.216, 66.179], [155.26, 66.177], [155.261, 66.177], [155.262, 66.177], [155.263, 66.176], [155.264, 66.176], [155.264, 66.175], [155.286, 66.154], [155.287, 66.154], [155.318, 66.154], [155.319, 66.154], [155.32, 66.154], [155.356, 66.141], [155.356, 66.14], [155.357, 66.14], [155.358, 66.139], [155.358, 66.138], [155.359, 66.138], [155.359, 66.137], [155.363, 66.128], [155.398, 66.12], [155.429, 66.128], [155.429, 66.129], [155.43, 66.129], [155.499, 66.129], [155.528, 66.139], [155.529, 66.139], [155.53, 66.139], [155.564, 66.136], [155.565, 66.136], [155.566, 66.136], [155.622, 66.115], [155.649, 66.116], [155.747, 66.155], [155.748, 66.156], [155.749, 66.156], [155.75, 66.156], [155.809, 66.143], [155.81, 66.143], [155.811, 66.142], [155.812, 66.142], [155.857, 66.101], [155.906, 66.084], [155.934, 66.083], [155.935, 66.082], [155.936, 66.082], [155.937, 66.082], [155.937, 66.081], [155.938, 66.081], [155.939, 66.08], [155.939, 66.079], [155.946, 66.063], [155.947, 66.063], [156.004, 66.068], [156.005, 66.068], [156.006, 66.068], [156.007, 66.068], [156.06, 66.041], [156.09, 66.056], [156.091, 66.056], [156.093, 66.062], [156.094, 66.063], [156.094, 66.064], [156.095, 66.064], [156.095, 66.065], [156.096, 66.065], [156.097, 66.066], [156.098, 66.066], [156.099, 66.066], [156.145, 66.065], [156.246, 66.054], [156.247, 66.054], [156.266, 66.059], [156.267, 66.059], [156.268, 66.059], [156.298, 66.053], [156.299, 66.053], [156.353, 66.055], [156.354, 66.055], [156.355, 66.055], [156.433, 66.029], [156.474, 66.046], [156.467, 66.058], [156.467, 66.059], [156.467, 66.06], [156.466, 66.061], [156.467, 66.062], [156.467, 66.063], [156.467, 66.064], [156.468, 66.064], [156.468, 66.065], [156.469, 66.065], [156.469, 66.066], [156.47, 66.066], [156.497, 66.078], [156.498, 66.078], [156.498, 66.079], [156.544, 66.086], [156.544, 66.087], [156.554, 66.1], [156.544, 66.105], [156.543, 66.106], [156.542, 66.107], [156.542, 66.108], [156.541, 66.108], [156.541, 66.109], [156.541, 66.11], [156.541, 66.111], [156.541, 66.112], [156.542, 66.113], [156.542, 66.114], [156.543, 66.115], [156.544, 66.115], [156.544, 66.116], [156.545, 66.116], [156.567, 66.122], [156.576, 66.132], [156.577, 66.133], [156.578, 66.133], [156.578, 66.134], [156.579, 66.134], [156.58, 66.134], [156.646, 66.142], [156.639, 66.167], [156.638, 66.167], [156.638, 66.168], [156.638, 66.169], [156.638, 66.17], [156.639, 66.17], [156.639, 66.171], [156.639, 66.172], [156.64, 66.172], [156.64, 66.173], [156.641, 66.173], [156.641, 66.174], [156.642, 66.174], [156.643, 66.174], [156.672, 66.183], [156.673, 66.183], [156.674, 66.183], [156.675, 66.183], [156.676, 66.183], [156.756, 66.152], [156.757, 66.151], [156.758, 66.151], [156.758, 66.15], [156.759, 66.149], [156.759, 66.148], [156.759, 66.147], [156.759, 66.146], [156.759, 66.145], [156.759, 66.144], [156.757, 66.139], [156.764, 66.119], [156.764, 66.118], [156.816, 66.099], [156.817, 66.098], [156.818, 66.098], [156.839, 66.078], [156.9, 66.06], [156.901, 66.06], [156.901, 66.059], [156.902, 66.059], [156.903, 66.058], [156.924, 66.032], [157.011, 66.009], [157.011, 66.008], [157.012, 66.008], [157.013, 66.008], [157.013, 66.007], [157.014, 66.007], [157.014, 66.006], [157.015, 66.005], [157.015, 66.004], [157.015, 66.003], [157.015, 66.002], [157.015, 66.001], [157.015, 66.0], [157.014, 66.0], [157.014, 65.999], [157.013, 65.998], [157.012, 65.998], [157.012, 65.997], [157.011, 65.997], [157.01, 65.997], [157.01, 65.996], [157.013, 65.982], [157.013, 65.981], [157.013, 65.98], [157.012, 65.979], [157.012, 65.978], [157.011, 65.977], [157.006, 65.973], [157.005, 65.972], [157.004, 65.972], [156.958, 65.962], [156.958, 65.953], [157.021, 65.938], [157.022, 65.938], [157.023, 65.938], [157.083, 65.91], [157.218, 65.89], [157.301, 65.901], [157.302, 65.901], [157.303, 65.901], [157.304, 65.901], [157.335, 65.887], [157.336, 65.887], [157.409, 65.908], [157.41, 65.908], [157.411, 65.908], [157.451, 65.907], [157.451, 65.908], [157.463, 65.94], [157.425, 65.957], [157.424, 65.957], [157.423, 65.958], [157.418, 65.964], [157.418, 65.965], [157.417, 65.965], [157.417, 65.966], [157.417, 65.967], [157.417, 65.968], [157.417, 65.969], [157.417, 65.97], [157.417, 65.971], [157.418, 65.971], [157.418, 65.972], [157.434, 65.989], [157.435, 65.989], [157.435, 65.99], [157.436, 65.99], [157.437, 65.99], [157.568, 66.016], [157.569, 66.016], [157.61, 66.015], [157.61, 66.016], [157.657, 66.029], [157.666, 66.049], [157.667, 66.05], [157.667, 66.051], [157.668, 66.051], [157.668, 66.052], [157.739, 66.093], [157.74, 66.093], [157.74, 66.094], [157.741, 66.094], [157.742, 66.094], [157.875, 66.095], [158.001, 66.107], [158.092, 66.129], [158.093, 66.129], [158.164, 66.129], [158.187, 66.137], [158.188, 66.137], [158.189, 66.137], [158.19, 66.137], [158.216, 66.129], [158.217, 66.128], [158.218, 66.127], [158.229, 66.117], [158.276, 66.111], [158.277, 66.111], [158.278, 66.111], [158.279, 66.11], [158.28, 66.11], [158.28, 66.109], [158.281, 66.108], [158.281, 66.107], [158.283, 66.096], [158.381, 66.097], [158.382, 66.097], [158.383, 66.097], [158.464, 66.076], [158.48, 66.087], [158.481, 66.087], [158.481, 66.088], [158.482, 66.088], [158.483, 66.088], [158.509, 66.091], [158.522, 66.107], [158.502, 66.117], [158.501, 66.118], [158.468, 66.156], [158.468, 66.157], [158.467, 66.157], [158.467, 66.158], [158.467, 66.159], [158.467, 66.16], [158.467, 66.161], [158.467, 66.162], [158.467, 66.163], [158.468, 66.163], [158.468, 66.164], [158.476, 66.174], [158.435, 66.207], [158.435, 66.208], [158.434, 66.208], [158.434, 66.209], [158.433, 66.209], [158.433, 66.21], [158.433, 66.211], [158.433, 66.212], [158.432, 66.212], [158.432, 66.213], [158.433, 66.213], [158.433, 66.214], [158.433, 66.215], [158.433, 66.216], [158.434, 66.216], [158.434, 66.217], [158.435, 66.217], [158.436, 66.218], [158.437, 66.218], [158.438, 66.218], [158.441, 66.219], [158.446, 66.248], [158.446, 66.249], [158.443, 66.254], [158.443, 66.255], [158.442, 66.256], [158.442, 66.257], [158.443, 66.258], [158.443, 66.259], [158.443, 66.26], [158.444, 66.261], [158.445, 66.261], [158.445, 66.262], [158.446, 66.262], [158.5, 66.283], [158.501, 66.3], [158.502, 66.301], [158.502, 66.302], [158.502, 66.303], [158.503, 66.304], [158.504, 66.305], [158.51, 66.31], [158.509, 66.314], [158.508, 66.315], [158.508, 66.316], [158.508, 66.317], [158.508, 66.318], [158.508, 66.319], [158.509, 66.32], [158.51, 66.321], [158.511, 66.322], [158.512, 66.322], [158.555, 66.34], [158.552, 66.342], [158.551, 66.343], [158.55, 66.343], [158.55, 66.344], [158.549, 66.345], [158.549, 66.346], [158.549, 66.347], [158.549, 66.348], [158.549, 66.349], [158.549, 66.35], [158.55, 66.351], [158.551, 66.352], [158.551, 66.353], [158.552, 66.353], [158.553, 66.353], [158.554, 66.353], [158.554, 66.354], [158.555, 66.354], [158.604, 66.353], [158.605, 66.353], [158.639, 66.346], [158.64, 66.345], [158.774, 66.279], [158.775, 66.279], [158.887, 66.259], [158.888, 66.259], [158.991, 66.256], [158.992, 66.256], [159.164, 66.229], [159.165, 66.229], [159.166, 66.229], [159.166, 66.228], [159.192, 66.21], [159.193, 66.209], [159.193, 66.208], [159.194, 66.208], [159.194, 66.207], [159.2, 66.182], [159.2, 66.181], [159.2, 66.18], [159.2, 66.179], [159.2, 66.178], [159.192, 66.156], [159.191, 66.156], [159.191, 66.155], [159.19, 66.154], [159.124, 66.098], [159.123, 66.097], [159.049, 66.052], [159.049, 66.051], [159.001, 65.983], [158.988, 65.94], [158.987, 65.939], [158.987, 65.938], [158.986, 65.938], [158.985, 65.937], [158.925, 65.898], [158.924, 65.898], [158.921, 65.843], [158.921, 65.842], [158.932, 65.821], [158.932, 65.82], [158.932, 65.819], [158.932, 65.818], [158.932, 65.817], [158.932, 65.816], [158.931, 65.815], [158.93, 65.814], [158.929, 65.813], [158.886, 65.785], [158.885, 65.785], [158.906, 65.747], [158.919, 65.739], [158.92, 65.738], [159.249, 65.664], [159.25, 65.663], [159.375, 65.653], [159.376, 65.653], [159.737, 65.558], [159.833, 65.524], [159.834, 65.524], [159.996, 65.518], [159.997, 65.518], [160.025, 65.51], [160.026, 65.51], [160.166, 65.447], [160.167, 65.447], [160.167, 65.446], [160.168, 65.446], [160.18, 65.431], [160.18, 65.43], [160.181, 65.43], [160.181, 65.429], [160.181, 65.428], [160.181, 65.427], [160.181, 65.426], [160.181, 65.425], [160.181, 65.424], [160.18, 65.423], [160.168, 65.405], [160.165, 65.38], [160.206, 65.344], [160.207, 65.344], [160.284, 65.317], [160.285, 65.316], [160.414, 65.248], [160.415, 65.248], [160.415, 65.247], [160.416, 65.247], [160.416, 65.246], [160.417, 65.246], [160.432, 65.217], [160.432, 65.216], [160.48, 65.195], [160.481, 65.194], [160.518, 65.161], [160.519, 65.161], [160.687, 65.144], [160.688, 65.144], [161.009, 65.165], [161.01, 65.165], [161.28, 65.136], [161.281, 65.136], [161.346, 65.118], [161.347, 65.118], [161.372, 65.105], [161.373, 65.105], [161.373, 65.104], [161.374, 65.104], [161.392, 65.077], [161.393, 65.077], [161.415, 65.064], [161.416, 65.064], [161.643, 65.008], [161.644, 65.008], [161.686, 64.99], [161.687, 64.99], [161.688, 64.989], [161.712, 64.963], [161.712, 64.962], [161.713, 64.961], [161.713, 64.96], [161.713, 64.959], [161.713, 64.958], [161.71, 64.931], [161.71, 64.93], [161.717, 64.914], [161.766, 64.875], [161.767, 64.874], [161.768, 64.873], [161.768, 64.872], [161.781, 64.835], [161.866, 64.808], [162.21, 64.766], [162.211, 64.766], [162.212, 64.765], [162.292, 64.737], [162.51, 64.747], [162.511, 64.747], [162.553, 64.742], [162.554, 64.742], [162.623, 64.723], [162.624, 64.722], [162.625, 64.722], [162.625, 64.721], [162.664, 64.682], [162.734, 64.656], [162.735, 64.656], [162.997, 64.644], [163.046, 64.65], [163.086, 64.665], [163.121, 64.69], [163.142, 64.77], [163.117, 64.78], [163.116, 64.78], [163.115, 64.781], [163.114, 64.781], [163.114, 64.782], [163.113, 64.783], [163.113, 64.784], [163.113, 64.785], [163.113, 64.786], [163.113, 64.787], [163.113, 64.788], [163.114, 64.789], [163.118, 64.794], [163.118, 64.795], [163.119, 64.795], [163.119, 64.796], [163.12, 64.796], [163.12, 64.797], [163.121, 64.797], [163.201, 64.819], [163.202, 64.819], [163.203, 64.819], [163.204, 64.819], [163.252, 64.806], [163.347, 64.814], [163.431, 64.866], [163.432, 64.866], [163.432, 64.867], [163.476, 64.884], [163.477, 64.884], [163.477, 64.885], [163.486, 64.907], [163.486, 64.908], [163.487, 64.908], [163.487, 64.909], [163.488, 64.91], [163.504, 64.922], [163.504, 64.923], [163.505, 64.923], [163.506, 64.923], [163.507, 64.924], [163.583, 64.927], [163.584, 64.927], [163.585, 64.927], [163.586, 64.927], [163.663, 64.889], [163.789, 64.888], [163.79, 64.888], [163.791, 64.888], [163.792, 64.888], [163.832, 64.864], [163.872, 64.86], [163.873, 64.86], [163.937, 64.87], [163.938, 64.87], [164.023, 64.87], [164.058, 64.894], [164.059, 64.895], [164.06, 64.895], [164.061, 64.895], [164.137, 64.896], [164.156, 64.921], [164.156, 64.922], [164.157, 64.922], [164.157, 64.923], [164.158, 64.923], [164.159, 64.923], [164.159, 64.924], [164.186, 64.929], [164.187, 64.929], [164.188, 64.929], [164.458, 64.872], [164.459, 64.872], [164.459, 64.871], [164.46, 64.871], [164.512, 64.834], [164.662, 64.804], [164.663, 64.804], [164.664, 64.804], [164.705, 64.78], [164.706, 64.78], [164.794, 64.767], [164.795, 64.767], [164.796, 64.767], [164.796, 64.766], [164.797, 64.766], [164.798, 64.765], [164.809, 64.749], [164.809, 64.748], [164.845, 64.733], [164.846, 64.732], [164.847, 64.731], [164.848, 64.73], [164.848, 64.729], [164.848, 64.728], [164.848, 64.727], [164.848, 64.726], [164.841, 64.698], [164.881, 64.681], [165.022, 64.691], [165.035, 64.746], [165.011, 64.775], [165.011, 64.776], [165.01, 64.776], [165.01, 64.777], [165.01, 64.778], [165.01, 64.779], [165.01, 64.78], [165.01, 64.781], [165.029, 64.835], [165.03, 64.835], [165.03, 64.836], [165.031, 64.837], [165.032, 64.837], [165.032, 64.838], [165.033, 64.838], [165.034, 64.838], [165.124, 64.852], [165.125, 64.852], [165.261, 64.846], [165.262, 64.846], [165.263, 64.846], [165.28, 64.841], [165.281, 64.841], [165.282, 64.841], [165.332, 64.808], [165.333, 64.808], [165.333, 64.807], [165.334, 64.806], [165.334, 64.805], [165.335, 64.805], [165.335, 64.804], [165.335, 64.803], [165.335, 64.802], [165.335, 64.801], [165.334, 64.8], [165.334, 64.799], [165.32, 64.78], [165.358, 64.757], [165.358, 64.756], [165.412, 64.756], [165.413, 64.755], [165.414, 64.755], [165.458, 64.737], [165.459, 64.737], [165.484, 64.739], [165.515, 64.765], [165.516, 64.765], [165.516, 64.766], [165.517, 64.766], [165.518, 64.766], [165.519, 64.766], [165.52, 64.766], [165.521, 64.766], [165.57, 64.748], [165.642, 64.755], [165.643, 64.755], [165.644, 64.755], [165.681, 64.75], [165.681, 64.749], [165.682, 64.749], [165.683, 64.749], [165.736, 64.72], [165.737, 64.72], [165.737, 64.719], [165.738, 64.719], [165.738, 64.718], [165.739, 64.718], [165.739, 64.717], [165.739, 64.716], [165.739, 64.715], [165.739, 64.714], [165.733, 64.689], [165.74, 64.675], [165.741, 64.674], [165.828, 64.631], [165.865, 64.62], [165.866, 64.62], [165.866, 64.619], [165.867, 64.619], [165.868, 64.618], [165.868, 64.617], [165.869, 64.617], [165.869, 64.616], [165.869, 64.615], [165.869, 64.614], [165.869, 64.613], [165.869, 64.612], [165.869, 64.611], [165.868, 64.611], [165.868, 64.61], [165.867, 64.61], [165.867, 64.609], [165.866, 64.609], [165.865, 64.609], [165.865, 64.608], [165.818, 64.595], [165.814, 64.585], [165.825, 64.571], [165.87, 64.55], [165.871, 64.55], [166.058, 64.557], [166.095, 64.575], [166.096, 64.575], [166.097, 64.575], [166.136, 64.582], [166.161, 64.601], [166.162, 64.602], [166.163, 64.602], [166.164, 64.602], [166.198, 64.604], [166.199, 64.604], [166.29, 64.591], [166.291, 64.59], [166.291, 64.591], [166.347, 64.6], [166.348, 64.6], [166.349, 64.6], [166.405, 64.596], [166.406, 64.596], [166.61, 64.548], [166.72, 64.548], [166.721, 64.548], [166.722, 64.548], [166.807, 64.528], [166.859, 64.541], [166.859, 64.542], [166.86, 64.542], [167.009, 64.546], [167.065, 64.567], [167.099, 64.594], [167.1, 64.595], [167.101, 64.595], [167.157, 64.613], [167.157, 64.614], [167.158, 64.614], [167.234, 64.618], [167.235, 64.618], [167.236, 64.618], [167.237, 64.618], [167.238, 64.618], [167.238, 64.617], [167.275, 64.588], [167.276, 64.587], [167.276, 64.586], [167.277, 64.586], [167.284, 64.567], [167.336, 64.54], [167.337, 64.54], [167.337, 64.539], [167.338, 64.539], [167.338, 64.538], [167.37, 64.49], [167.413, 64.477], [167.502, 64.473], [167.503, 64.473], [167.504, 64.473], [167.505, 64.473], [167.505, 64.472], [167.506, 64.472], [167.506, 64.471], [167.507, 64.471], [167.507, 64.47], [167.514, 64.455], [167.514, 64.454], [167.593, 64.42], [167.594, 64.419], [167.595, 64.419], [167.595, 64.418], [167.596, 64.418], [167.596, 64.417], [167.616, 64.386], [167.67, 64.352], [167.671, 64.352], [167.713, 64.336], [167.813, 64.346], [167.814, 64.346], [167.815, 64.345], [167.816, 64.345], [167.873, 64.315], [167.874, 64.315], [168.025, 64.281], [168.026, 64.281], [168.153, 64.286], [168.176, 64.303], [168.176, 64.304], [168.192, 64.328], [168.192, 64.329], [168.193, 64.329], [168.194, 64.33], [168.195, 64.33], [168.223, 64.341], [168.224, 64.341], [168.225, 64.341], [168.258, 64.34], [168.259, 64.34], [168.26, 64.34], [168.345, 64.316], [168.406, 64.321], [168.407, 64.321], [168.496, 64.313], [168.497, 64.313], [168.497, 64.312], [168.498, 64.312], [168.52, 64.302], [168.521, 64.301], [168.522, 64.3], [168.592, 64.229], [168.623, 64.21], [168.744, 64.192], [168.745, 64.192], [168.769, 64.183], [168.77, 64.183], [168.77, 64.182], [168.771, 64.182], [168.772, 64.181], [168.772, 64.18], [168.773, 64.179], [168.773, 64.178], [168.773, 64.177], [168.772, 64.176], [168.764, 64.146], [168.765, 64.146], [168.802, 64.119], [168.803, 64.118], [168.834, 64.079], [168.835, 64.079], [168.835, 64.078], [168.836, 64.077], [168.845, 64.035], [168.858, 64.022], [169.111, 63.948], [169.248, 63.95], [169.249, 63.95], [169.34, 63.943], [169.341, 63.943], [169.342, 63.943], [169.342, 63.942], [169.343, 63.942], [169.344, 63.941], [169.344, 63.94], [169.345, 63.94], [169.345, 63.939], [169.345, 63.938], [169.346, 63.938], [169.346, 63.937], [169.345, 63.936], [169.345, 63.935], [169.345, 63.934], [169.336, 63.92], [169.357, 63.903], [169.358, 63.902], [169.358, 63.901], [169.359, 63.901], [169.359, 63.9], [169.359, 63.899], [169.359, 63.898], [169.358, 63.883], [169.367, 63.871], [169.368, 63.87], [169.394, 63.858], [169.484, 63.845], [169.485, 63.845], [169.486, 63.844], [169.539, 63.815], [169.54, 63.814], [169.541, 63.814], [169.541, 63.813], [169.542, 63.813], [169.542, 63.812], [169.542, 63.811], [169.542, 63.81], [169.542, 63.809], [169.537, 63.764], [169.558, 63.731], [169.559, 63.73], [169.559, 63.729], [169.559, 63.728], [169.559, 63.727], [169.559, 63.726], [169.559, 63.725], [169.548, 63.698], [169.549, 63.698], [169.585, 63.664], [169.586, 63.664], [169.586, 63.663], [169.587, 63.662], [169.587, 63.661], [169.587, 63.66], [169.587, 63.659], [169.587, 63.658], [169.587, 63.657], [169.586, 63.657], [169.586, 63.656], [169.585, 63.655], [169.584, 63.654], [169.583, 63.654], [169.51, 63.633], [169.51, 63.632], [169.493, 63.608], [169.502, 63.589], [169.502, 63.588], [169.503, 63.588], [169.503, 63.587], [169.503, 63.586], [169.503, 63.585], [169.502, 63.585], [169.502, 63.584], [169.502, 63.583], [169.501, 63.583], [169.501, 63.582], [169.492, 63.574], [169.491, 63.574], [169.491, 63.573], [169.49, 63.573], [169.489, 63.573], [169.488, 63.573], [169.407, 63.564], [169.406, 63.564], [169.343, 63.54], [169.342, 63.54], [169.342, 63.539], [169.341, 63.539], [169.262, 63.539], [169.261, 63.539], [169.203, 63.52], [169.143, 63.487], [169.097, 63.445], [169.096, 63.444], [169.095, 63.444], [169.004, 63.397], [169.003, 63.397], [168.935, 63.375], [168.935, 63.374], [168.881, 63.332], [168.88, 63.332], [168.879, 63.331], [168.785, 63.304], [168.778, 63.29], [168.787, 63.261], [168.787, 63.26], [168.787, 63.259], [168.787, 63.258], [168.787, 63.257], [168.787, 63.256], [168.786, 63.256], [168.786, 63.255], [168.785, 63.255], [168.778, 63.248], [168.777, 63.247], [168.776, 63.247], [168.776, 63.246], [168.775, 63.246], [168.774, 63.246], [168.773, 63.246], [168.714, 63.253], [168.684, 63.245], [168.684, 63.244], [168.679, 63.226], [168.679, 63.225], [168.705, 63.206], [168.706, 63.205], [168.706, 63.204], [168.707, 63.204], [168.707, 63.203], [168.707, 63.202], [168.708, 63.202], [168.708, 63.201], [168.708, 63.2], [168.707, 63.199], [168.707, 63.198], [168.706, 63.197], [168.706, 63.196], [168.705, 63.196], [168.704, 63.195], [168.703, 63.195], [168.702, 63.195], [168.595, 63.19], [168.559, 63.142], [168.559, 63.141], [168.558, 63.141], [168.558, 63.14], [168.557, 63.14], [168.461, 63.098], [168.461, 63.097], [168.455, 63.088], [168.46, 63.075], [168.509, 63.049], [168.614, 63.02], [168.663, 63.017], [168.664, 63.017], [168.665, 63.017], [168.794, 62.97], [168.925, 62.939], [169.003, 62.953], [169.044, 62.969], [169.045, 62.969], [169.046, 62.97], [169.047, 62.97], [169.124, 62.968], [169.125, 62.968], [169.125, 62.967], [169.126, 62.967], [169.226, 62.91], [169.304, 62.894], [169.305, 62.894], [169.375, 62.87], [169.376, 62.87], [169.376, 62.869], [169.377, 62.869], [169.378, 62.868], [169.397, 62.839], [169.512, 62.809], [169.513, 62.809], [169.577, 62.773], [169.577, 62.772], [169.578, 62.772], [169.578, 62.771], [169.579, 62.771], [169.579, 62.77], [169.593, 62.741], [169.655, 62.704], [169.713, 62.696], [169.713, 62.695], [169.714, 62.695], [169.841, 62.651], [169.895, 62.66], [169.896, 62.66], [169.897, 62.66], [169.955, 62.653], [170.008, 62.672], [170.009, 62.672], [170.01, 62.672], [170.011, 62.672], [170.012, 62.672], [170.053, 62.663], [170.054, 62.662], [170.055, 62.662], [170.055, 62.661], [170.056, 62.661], [170.056, 62.66], [170.057, 62.66], [170.057, 62.659], [170.057, 62.658], [170.057, 62.657], [170.057, 62.656], [170.057, 62.655], [170.057, 62.654], [170.056, 62.654], [170.056, 62.653], [170.055, 62.652], [170.054, 62.652], [170.054, 62.651], [170.031, 62.642], [170.037, 62.62], [170.037, 62.619], [170.037, 62.618], [170.037, 62.617], [170.037, 62.616], [170.036, 62.616], [170.036, 62.615], [170.035, 62.614], [169.986, 62.562], [169.982, 62.543], [169.998, 62.526], [170.032, 62.52], [170.033, 62.52], [170.034, 62.52], [170.035, 62.519], [170.082, 62.487], [170.083, 62.487], [170.083, 62.486], [170.084, 62.486], [170.084, 62.485], [170.085, 62.484], [170.085, 62.483], [170.085, 62.482], [170.085, 62.481], [170.085, 62.48], [170.084, 62.48], [170.082, 62.476], [170.082, 62.475], [170.081, 62.474], [170.08, 62.473], [170.079, 62.473], [170.078, 62.472], [170.036, 62.462], [170.037, 62.443], [170.038, 62.443], [170.059, 62.428], [170.112, 62.412], [170.113, 62.412], [170.114, 62.412], [170.114, 62.411], [170.115, 62.41], [170.115, 62.409], [170.116, 62.409], [170.116, 62.408], [170.116, 62.407], [170.116, 62.379], [170.15, 62.357], [170.15, 62.356], [170.151, 62.355], [170.151, 62.354], [170.152, 62.354], [170.152, 62.353], [170.156, 62.338], [170.209, 62.329], [170.21, 62.329], [170.211, 62.329], [170.211, 62.328], [170.212, 62.328], [170.213, 62.327], [170.239, 62.295], [170.24, 62.295], [170.27, 62.277], [170.271, 62.277], [170.306, 62.274], [170.382, 62.306], [170.383, 62.306], [170.384, 62.306], [170.422, 62.309], [170.423, 62.309], [170.424, 62.308], [170.481, 62.294], [170.57, 62.298], [170.571, 62.297], [170.743, 62.277], [170.744, 62.277], [170.859, 62.244], [170.901, 62.274], [170.902, 62.274], [170.903, 62.274], [170.903, 62.275], [170.904, 62.275], [171.08, 62.285], [171.088, 62.291], [171.087, 62.301], [171.046, 62.326], [171.045, 62.327], [171.045, 62.328], [171.044, 62.328], [171.044, 62.329], [171.044, 62.33], [171.043, 62.33], [171.043, 62.331], [171.044, 62.332], [171.044, 62.333], [171.044, 62.334], [171.045, 62.335], [171.045, 62.336], [171.046, 62.336], [171.047, 62.336], [171.047, 62.337], [171.062, 62.342], [171.063, 62.342], [171.064, 62.342], [171.065, 62.342], [171.158, 62.336], [171.159, 62.336], [171.217, 62.363], [171.218, 62.363], [171.219, 62.363], [171.22, 62.363], [171.238, 62.36], [171.239, 62.36], [171.24, 62.359], [171.241, 62.359], [171.241, 62.358], [171.242, 62.358], [171.242, 62.357], [171.243, 62.357], [171.243, 62.356], [171.243, 62.355], [171.243, 62.354], [171.243, 62.353], [171.239, 62.329], [171.258, 62.321], [171.259, 62.321], [171.294, 62.324], [171.356, 62.35], [171.356, 62.351], [171.357, 62.351], [171.358, 62.351], [171.359, 62.351], [171.36, 62.351], [171.361, 62.35], [171.364, 62.349], [171.364, 62.348], [171.365, 62.348], [171.366, 62.347], [171.366, 62.346], [171.367, 62.345], [171.367, 62.344], [171.367, 62.343], [171.367, 62.342], [171.365, 62.332], [171.365, 62.331], [171.377, 62.319], [171.486, 62.307], [171.531, 62.324], [171.532, 62.324], [171.616, 62.335], [171.617, 62.335], [171.652, 62.356], [171.653, 62.356], [171.654, 62.356], [171.697, 62.364], [171.858, 62.377], [171.87, 62.384], [171.863, 62.395], [171.862, 62.395], [171.862, 62.396], [171.862, 62.397], [171.862, 62.398], [171.862, 62.399], [171.862, 62.4], [171.862, 62.401], [171.863, 62.401], [171.863, 62.402], [171.864, 62.403], [171.87, 62.407], [171.871, 62.408], [171.872, 62.408], [171.968, 62.426], [171.989, 62.447], [171.99, 62.447], [171.99, 62.448], [171.991, 62.448], [172.009, 62.456], [172.01, 62.456], [172.011, 62.456], [172.054, 62.461], [172.055, 62.461], [172.206, 62.446], [172.207, 62.445], [172.208, 62.445], [172.262, 62.407], [172.294, 62.398], [172.485, 62.435], [172.486, 62.435], [172.487, 62.435], [172.488, 62.435], [172.488, 62.434], [172.538, 62.416], [172.539, 62.416], [172.702, 62.398], [172.703, 62.398], [172.703, 62.397], [172.704, 62.397], [172.705, 62.397], [172.785, 62.341], [172.853, 62.327], [172.881, 62.338], [172.884, 62.375], [172.884, 62.376], [172.885, 62.377], [172.885, 62.378], [172.886, 62.379], [172.887, 62.379], [172.903, 62.387], [172.904, 62.388], [172.905, 62.388], [172.906, 62.388], [172.927, 62.389], [172.928, 62.389], [172.929, 62.389], [173.013, 62.369], [173.038, 62.373], [173.039, 62.373], [173.084, 62.395], [173.084, 62.396], [173.085, 62.396], [173.086, 62.396], [173.087, 62.396], [173.172, 62.39], [173.191, 62.399], [173.215, 62.43], [173.215, 62.431], [173.216, 62.431], [173.216, 62.432], [173.217, 62.432], [173.218, 62.432], [173.42, 62.486], [173.421, 62.486], [173.503, 62.528], [173.504, 62.529], [173.505, 62.529], [173.506, 62.529], [173.603, 62.51], [173.686, 62.529], [173.687, 62.53], [173.688, 62.53], [173.688, 62.529], [173.795, 62.511], [173.796, 62.511], [173.797, 62.511], [173.798, 62.51], [173.799, 62.509], [173.799, 62.508], [173.8, 62.508], [173.8, 62.507], [173.8, 62.506], [173.8, 62.505], [173.8, 62.504], [173.795, 62.49], [173.851, 62.461], [173.852, 62.46], [173.853, 62.46], [173.853, 62.459], [173.854, 62.459], [173.854, 62.458], [173.854, 62.457], [173.859, 62.441], [173.871, 62.436], [174.072, 62.442], [174.073, 62.442], [174.074, 62.442], [174.075, 62.442], [174.076, 62.441], [174.077, 62.44], [174.077, 62.439], [174.078, 62.439], [174.078, 62.438], [174.089, 62.39], [174.089, 62.389], [174.09, 62.388], [174.089, 62.347], [174.089, 62.346], [174.089, 62.345], [174.088, 62.344], [174.088, 62.343], [174.087, 62.342], [174.086, 62.342], [174.086, 62.341], [174.085, 62.341], [174.034, 62.324], [174.033, 62.324], [174.005, 62.278], [174.073, 62.207], [174.073, 62.206], [174.103, 62.189], [174.104, 62.188], [174.105, 62.188], [174.105, 62.187], [174.106, 62.186], [174.106, 62.185], [174.106, 62.184], [174.106, 62.183], [174.106, 62.182], [174.106, 62.181], [174.093, 62.147], [174.118, 62.11], [174.119, 62.109], [174.119, 62.108], [174.119, 62.107], [174.119, 62.106], [174.119, 62.105], [174.119, 62.104], [174.103, 62.076], [174.116, 62.069], [174.227, 62.061], [174.293, 62.09], [174.294, 62.09], [174.295, 62.09], [174.296, 62.09], [174.324, 62.089], [174.325, 62.089], [174.326, 62.088], [174.327, 62.088], [174.328, 62.088], [174.328, 62.087], [174.335, 62.079], [174.336, 62.078], [174.336, 62.077], [174.344, 62.042], [174.344, 62.041], [174.345, 62.041], [174.457, 61.984], [174.458, 61.984], [174.458, 61.983], [174.459, 61.982], [174.459, 61.981], [174.46, 61.981], [174.46, 61.98], [174.46, 61.979], [174.46, 61.978], [174.46, 61.977], [174.459, 61.977], [174.459, 61.976], [174.459, 61.975], [174.438, 61.949], [174.438, 61.948], [174.446, 61.911], [174.456, 61.9], [174.491, 61.895], [174.492, 61.895], [174.492, 61.894], [174.493, 61.894], [174.494, 61.893], [174.495, 61.893], [174.503, 61.881], [174.504, 61.88], [174.504, 61.879], [174.504, 61.878], [174.504, 61.877], [174.504, 61.876], [174.504, 61.875], [174.503, 61.874], [174.503, 61.873], [174.502, 61.873], [174.502, 61.872], [174.501, 61.872], [174.488, 61.865], [174.487, 61.865], [174.487, 61.864], [174.486, 61.864], [174.485, 61.864], [174.447, 61.862], [174.442, 61.846], [174.442, 61.845], [174.442, 61.844], [174.441, 61.844], [174.441, 61.843], [174.44, 61.842], [174.439, 61.842], [174.349, 61.799], [174.318, 61.773], [174.318, 61.772], [174.317, 61.772], [174.303, 61.767], [174.302, 61.767], [174.299, 61.765], [174.298, 61.765], [174.295, 61.765], [174.294, 61.764], [174.29, 61.764], [174.27, 61.762], [174.266, 61.761], [174.262, 61.762], [174.208, 61.765], [174.202, 61.763], [174.171, 61.753], [174.166, 61.752], [174.161, 61.751], [174.156, 61.751], [174.151, 61.751], [174.147, 61.751], [174.146, 61.749], [174.145, 61.749], [174.143, 61.746], [174.142, 61.745], [174.139, 61.742], [174.135, 61.739], [174.131, 61.737], [174.131, 61.736], [174.127, 61.735], [174.126, 61.734], [174.122, 61.733], [174.118, 61.731], [174.117, 61.731], [174.076, 61.722], [174.075, 61.722], [174.062, 61.717], [174.055, 61.712], [174.05, 61.706], [174.044, 61.697], [174.042, 61.693], [174.039, 61.69], [174.036, 61.687], [174.036, 61.686], [174.033, 61.684], [174.022, 61.675], [174.018, 61.673], [174.018, 61.672], [174.014, 61.67], [174.01, 61.668], [174.009, 61.668], [174.006, 61.667], [174.005, 61.667], [174.001, 61.666], [174.001, 61.665], [173.996, 61.665], [173.952, 61.66], [173.944, 61.658], [173.943, 61.658], [173.912, 61.64], [173.909, 61.638], [173.908, 61.638], [173.905, 61.636], [173.904, 61.636], [173.845, 61.615], [173.843, 61.614], [173.842, 61.613], [173.841, 61.613], [173.776, 61.611], [173.775, 61.611], [173.774, 61.611], [173.773, 61.612], [173.772, 61.612], [173.77, 61.614], [173.77, 61.615], [173.767, 61.618], [173.766, 61.618], [173.764, 61.622], [173.763, 61.622], [173.761, 61.626], [173.759, 61.63], [173.759, 61.631], [173.757, 61.635], [173.756, 61.64], [173.755, 61.644], [173.755, 61.645], [173.755, 61.649], [173.755, 61.65], [173.755, 61.653], [173.755, 61.654], [173.663, 61.672], [173.658, 61.673], [173.657, 61.673], [173.652, 61.675], [173.587, 61.705], [173.577, 61.706], [173.571, 61.704], [173.567, 61.698], [173.566, 61.698], [173.562, 61.687], [173.56, 61.677], [173.558, 61.671], [173.556, 61.666], [173.556, 61.665], [173.548, 61.65], [173.548, 61.649], [173.546, 61.646], [173.546, 61.645], [173.544, 61.642], [173.541, 61.639], [173.541, 61.638], [173.538, 61.635], [173.534, 61.632], [173.534, 61.631], [173.536, 61.629], [173.536, 61.628], [173.538, 61.624], [173.538, 61.623], [173.54, 61.618], [173.54, 61.617], [173.542, 61.61], [173.544, 61.603], [173.536, 61.603], [173.481, 61.601], [173.343, 61.552], [173.342, 61.552], [173.127, 61.37], [173.126, 61.369], [173.072, 61.345], [173.071, 61.345], [173.07, 61.345], [173.069, 61.345], [173.068, 61.345], [172.989, 61.367], [172.983, 61.369], [172.978, 61.372], [172.977, 61.372], [172.983, 61.361], [172.983, 61.36], [172.984, 61.356], [172.985, 61.356], [172.985, 61.354], [172.988, 61.352], [172.988, 61.351], [172.992, 61.348], [172.995, 61.344], [172.998, 61.34], [173.0, 61.336], [173.002, 61.332], [173.002, 61.331], [173.003, 61.327], [173.004, 61.326], [173.004, 61.322], [173.005, 61.321], [173.005, 61.32], [173.005, 61.319], [173.004, 61.318], [173.004, 61.317], [173.003, 61.316], [173.003, 61.315], [173.002, 61.315], [173.001, 61.314], [172.919, 61.279], [172.919, 61.278], [172.918, 61.278], [172.917, 61.278], [172.493, 61.263], [172.492, 61.263], [172.108, 60.983], [172.001, 60.859], [172.0, 60.858], [171.999, 60.858], [171.999, 60.857], [171.998, 60.857], [171.768, 60.795], [171.767, 60.795], [171.766, 60.795], [171.765, 60.795], [171.746, 60.801], [171.742, 60.8], [171.689, 60.773], [171.688, 60.773], [171.687, 60.773], [171.249, 60.654], [171.248, 60.654], [171.124, 60.512], [171.124, 60.511], [171.123, 60.511], [171.123, 60.51], [171.122, 60.51], [171.121, 60.51], [171.12, 60.51], [171.119, 60.51], [171.117, 60.51], [171.084, 60.51], [171.083, 60.51], [171.069, 60.507], [171.002, 60.481], [170.997, 60.479], [170.996, 60.479], [170.973, 60.473], [170.968, 60.472], [170.963, 60.471], [170.847, 60.464], [170.845, 60.462], [170.84, 60.457], [170.84, 60.455], [170.84, 60.45], [170.84, 60.445], [170.839, 60.441], [170.839, 60.44], [170.838, 60.436], [170.838, 60.435], [170.836, 60.431], [170.834, 60.427], [170.834, 60.426], [170.832, 60.423], [170.831, 60.422], [170.829, 60.419], [170.828, 60.418], [170.825, 60.415], [170.822, 60.412], [170.821, 60.412], [170.818, 60.409], [170.817, 60.409], [170.814, 60.407], [170.813, 60.406], [170.809, 60.404], [170.782, 60.393], [170.781, 60.393], [170.52, 60.34], [170.337, 60.277], [170.268, 60.145], [170.273, 60.017], [170.273, 60.016], [170.273, 60.015], [170.272, 60.014], [170.272, 60.013], [170.271, 60.013], [170.271, 60.012], [170.27, 60.012], [170.12, 59.919], [170.119, 59.918], [170.118, 59.918], [170.117, 59.918], [170.116, 59.918], [170.115, 59.918], [170.11, 59.919], [170.109, 59.919], [170.105, 59.92], [170.104, 59.92], [170.1, 59.922], [170.099, 59.922], [170.095, 59.924], [170.09, 59.927], [170.077, 59.937], [170.076, 59.937], [170.073, 59.939], [170.073, 59.94], [170.07, 59.942], [170.069, 59.943], [170.066, 59.946], [170.064, 59.95], [170.063, 59.95], [170.061, 59.954], [170.059, 59.958], [170.057, 59.962], [170.057, 59.963], [170.054, 59.974], [170.052, 59.979], [170.052, 59.983], [170.052, 59.984], [170.051, 59.988], [170.051, 59.989], [170.051, 59.993], [170.04, 59.999], [170.033, 60.001], [169.986, 60.003], [169.982, 60.003], [169.978, 60.004], [169.946, 60.01], [169.941, 60.011], [169.941, 60.012], [169.937, 60.013], [169.936, 60.013], [169.932, 60.015], [169.928, 60.018], [169.924, 60.021], [169.904, 60.037], [169.901, 60.04], [169.9, 60.041], [169.897, 60.044], [169.897, 60.045], [169.894, 60.048], [169.867, 60.089], [169.828, 60.126], [169.825, 60.129], [169.825, 60.13], [169.822, 60.133], [169.822, 60.134], [169.808, 60.153], [169.806, 60.156], [169.806, 60.157], [169.804, 60.16], [169.803, 60.161], [169.802, 60.164], [169.802, 60.165], [169.801, 60.168], [169.8, 60.169], [169.8, 60.173], [169.795, 60.202], [169.794, 60.202], [169.794, 60.203], [169.79, 60.205], [169.735, 60.23], [169.734, 60.23], [169.73, 60.232], [169.73, 60.233], [169.726, 60.235], [169.722, 60.238], [169.714, 60.245], [169.714, 60.246], [169.711, 60.249], [169.71, 60.249], [169.707, 60.252], [169.707, 60.253], [169.705, 60.256], [169.704, 60.256], [169.702, 60.26], [169.702, 60.261], [169.7, 60.264], [169.7, 60.265], [169.699, 60.269], [169.698, 60.274], [169.696, 60.283], [169.696, 60.284], [169.695, 60.288], [169.695, 60.289], [169.682, 60.3], [169.679, 60.303], [169.678, 60.303], [169.675, 60.307], [169.672, 60.311], [169.666, 60.32], [169.664, 60.324], [169.662, 60.328], [169.661, 60.329], [169.66, 60.333], [169.66, 60.334], [169.659, 60.338], [169.658, 60.343], [169.656, 60.361], [169.656, 60.362], [169.656, 60.366], [169.656, 60.37], [169.656, 60.371], [169.657, 60.375], [169.657, 60.378], [169.65, 60.382], [169.649, 60.382], [169.594, 60.395], [169.59, 60.396], [169.589, 60.396], [169.586, 60.397], [169.585, 60.398], [169.581, 60.4], [169.577, 60.402], [169.55, 60.421], [169.549, 60.421], [169.548, 60.421], [169.522, 60.421], [169.518, 60.421], [169.514, 60.422], [169.513, 60.422], [169.509, 60.423], [169.505, 60.424], [169.338, 60.484], [169.338, 60.485], [169.285, 60.493], [169.284, 60.493], [169.278, 60.494], [169.25, 60.503], [169.245, 60.504], [169.241, 60.506], [169.24, 60.507], [169.236, 60.509], [169.232, 60.512], [169.228, 60.516], [169.212, 60.532], [169.212, 60.533], [169.209, 60.536], [169.208, 60.537], [169.206, 60.536], [169.205, 60.536], [169.204, 60.534], [169.201, 60.531], [169.2, 60.531], [169.197, 60.528], [169.197, 60.527], [169.193, 60.525], [169.192, 60.525], [169.189, 60.523], [169.188, 60.522], [169.184, 60.521], [169.184, 60.52], [169.18, 60.519], [169.179, 60.519], [169.175, 60.518], [169.174, 60.518], [169.17, 60.517], [169.169, 60.517], [169.165, 60.517], [168.975, 60.524], [168.753, 60.52], [168.747, 60.519], [168.723, 60.509], [168.72, 60.507], [168.719, 60.507], [168.715, 60.506], [168.707, 60.504], [168.702, 60.503], [168.697, 60.503], [168.696, 60.503], [168.651, 60.503], [168.645, 60.503], [168.619, 60.506], [168.615, 60.507], [168.614, 60.507], [168.61, 60.508], [168.609, 60.508], [168.605, 60.51], [168.601, 60.512], [168.558, 60.535], [168.523, 60.544], [168.482, 60.549], [168.287, 60.546], [168.251, 60.537], [168.247, 60.536], [168.243, 60.535], [168.242, 60.535], [168.105, 60.522], [168.104, 60.522], [167.849, 60.462], [167.844, 60.461], [167.839, 60.461], [167.834, 60.461], [167.813, 60.462], [167.809, 60.463], [167.806, 60.46], [167.803, 60.457], [167.802, 60.457], [167.799, 60.454], [167.798, 60.454], [167.794, 60.452], [167.79, 60.45], [167.789, 60.45], [167.785, 60.448], [167.765, 60.443], [167.76, 60.442], [167.755, 60.441], [167.725, 60.439], [167.655, 60.409], [167.651, 60.408], [167.65, 60.408], [167.646, 60.407], [167.604, 60.397], [167.603, 60.397], [167.599, 60.396], [167.594, 60.396], [167.594, 60.395], [167.551, 60.394], [167.546, 60.394], [167.545, 60.394], [167.541, 60.394], [167.54, 60.395], [167.536, 60.396], [167.535, 60.396], [167.519, 60.4], [167.518, 60.4], [167.513, 60.402], [167.513, 60.403], [167.508, 60.404], [167.506, 60.402], [167.506, 60.401], [167.504, 60.398], [167.503, 60.397], [167.5, 60.394], [167.5, 60.393], [167.497, 60.39], [167.496, 60.39], [167.493, 60.387], [167.492, 60.387], [167.489, 60.384], [167.488, 60.384], [167.484, 60.382], [167.484, 60.381], [167.479, 60.38], [167.474, 60.378], [167.445, 60.372], [167.444, 60.372], [167.44, 60.371], [167.439, 60.371], [167.435, 60.37], [167.434, 60.37], [167.43, 60.371], [167.429, 60.371], [167.425, 60.371], [167.424, 60.371], [167.42, 60.372], [167.419, 60.373], [167.415, 60.374], [167.414, 60.374], [167.413, 60.375], [167.412, 60.373], [167.411, 60.373], [167.408, 60.37], [167.408, 60.369], [167.405, 60.366], [167.404, 60.366], [167.401, 60.364], [167.4, 60.363], [167.397, 60.361], [167.396, 60.361], [167.392, 60.359], [167.373, 60.352], [167.369, 60.351], [167.368, 60.35], [167.364, 60.35], [167.363, 60.349], [167.359, 60.349], [167.354, 60.349], [167.349, 60.349], [167.344, 60.35], [167.335, 60.352], [167.307, 60.332], [167.303, 60.33], [167.302, 60.329], [167.297, 60.327], [167.292, 60.325], [167.243, 60.312], [167.243, 60.311], [167.24, 60.311], [167.239, 60.311], [167.236, 60.31], [167.198, 60.305], [167.193, 60.305], [167.192, 60.305], [167.188, 60.305], [167.187, 60.305], [167.182, 60.306], [167.151, 60.313], [167.15, 60.313], [167.144, 60.315], [167.143, 60.315], [167.102, 60.33], [167.101, 60.328], [167.101, 60.327], [167.099, 60.323], [167.099, 60.322], [167.095, 60.311], [167.095, 60.31], [167.093, 60.306], [167.091, 60.302], [167.09, 60.302], [167.088, 60.299], [167.088, 60.298], [167.085, 60.295], [167.085, 60.294], [167.082, 60.292], [167.081, 60.291], [167.078, 60.289], [167.078, 60.288], [167.074, 60.286], [167.07, 60.284], [167.07, 60.283], [167.066, 60.282], [167.061, 60.28], [167.034, 60.273], [167.028, 60.271], [166.997, 60.267], [166.989, 60.265], [166.989, 60.264], [166.988, 60.263], [166.988, 60.259], [166.988, 60.258], [166.986, 60.254], [166.985, 60.249], [166.983, 60.245], [166.982, 60.245], [166.98, 60.241], [166.98, 60.24], [166.973, 60.231], [166.973, 60.23], [166.97, 60.227], [166.967, 60.224], [166.967, 60.223], [166.964, 60.221], [166.963, 60.22], [166.96, 60.218], [166.96, 60.217], [166.956, 60.215], [166.939, 60.206], [166.936, 60.204], [166.935, 60.204], [166.932, 60.203], [166.877, 60.184], [166.865, 60.178], [166.864, 60.178], [166.864, 60.177], [166.836, 60.155], [166.835, 60.155], [166.835, 60.154], [166.269, 59.833], [166.268, 59.833], [166.16, 59.777], [166.159, 59.777], [166.158, 59.777], [166.157, 59.777], [166.109, 59.777], [166.104, 59.778], [166.099, 59.779], [166.095, 59.78], [166.094, 59.78], [166.09, 59.781], [166.09, 59.782], [166.086, 59.783], [166.085, 59.784], [166.082, 59.786], [166.081, 59.786], [166.078, 59.789], [166.077, 59.789], [166.074, 59.792], [166.074, 59.793], [166.071, 59.796], [166.068, 59.8], [166.065, 59.804], [166.06, 59.815], [166.058, 59.819], [166.057, 59.82], [166.056, 59.824], [166.055, 59.828], [166.055, 59.829], [166.054, 59.833], [166.052, 59.858], [166.051, 59.859], [166.051, 59.865], [166.053, 59.911], [166.053, 59.916], [166.053, 59.917], [166.054, 59.921], [166.054, 59.922], [166.056, 59.926], [166.056, 59.927], [166.058, 59.931], [166.068, 59.952], [166.068, 59.953], [166.07, 59.956], [166.07, 59.957], [166.072, 59.96], [166.073, 59.961], [166.075, 59.964], [166.076, 59.964], [166.099, 59.991], [166.1, 59.992], [166.096, 60.008], [166.095, 60.012], [166.094, 60.016], [166.094, 60.02], [166.094, 60.021], [166.094, 60.032], [166.094, 60.037], [166.095, 60.042], [166.097, 60.052], [166.098, 60.056], [166.099, 60.06], [166.128, 60.138], [166.129, 60.138], [166.13, 60.142], [166.131, 60.143], [166.133, 60.147], [166.136, 60.151], [166.149, 60.168], [166.153, 60.172], [166.153, 60.173], [166.157, 60.176], [166.157, 60.177], [166.162, 60.18], [166.185, 60.195], [166.191, 60.198], [166.233, 60.218], [166.221, 60.238], [166.219, 60.242], [166.219, 60.243], [166.217, 60.246], [166.217, 60.247], [166.216, 60.251], [166.21, 60.273], [166.209, 60.277], [166.209, 60.278], [166.208, 60.282], [166.208, 60.287], [166.208, 60.291], [166.208, 60.292], [166.209, 60.296], [166.21, 60.3], [166.21, 60.301], [166.212, 60.305], [166.214, 60.309], [166.224, 60.328], [166.224, 60.329], [166.221, 60.336], [166.213, 60.348], [166.203, 60.355], [166.203, 60.356], [166.2, 60.359], [166.199, 60.359], [166.196, 60.362], [166.193, 60.366], [166.192, 60.366], [166.19, 60.37], [166.188, 60.374], [166.187, 60.375], [166.186, 60.379], [166.185, 60.379], [166.184, 60.384], [166.183, 60.389], [166.183, 60.394], [166.183, 60.397], [166.173, 60.394], [166.172, 60.394], [166.168, 60.393], [166.164, 60.393], [166.116, 60.388], [166.115, 60.388], [166.074, 60.378], [165.996, 60.324], [165.992, 60.321], [165.991, 60.321], [165.987, 60.319], [165.983, 60.317], [165.982, 60.317], [165.978, 60.316], [165.977, 60.316], [165.955, 60.311], [165.954, 60.311], [165.953, 60.311], [165.952, 60.312], [165.78, 60.354], [165.499, 60.17], [165.498, 60.17], [165.498, 60.169], [165.497, 60.169], [165.496, 60.169], [165.487, 60.169], [165.486, 60.168], [165.483, 60.164], [165.482, 60.164], [165.479, 60.16], [165.476, 60.157], [165.475, 60.157], [165.471, 60.154], [165.428, 60.128], [165.428, 60.127], [165.424, 60.125], [165.42, 60.124], [165.42, 60.123], [165.416, 60.122], [165.415, 60.122], [165.321, 60.095], [165.32, 60.095], [165.307, 60.086], [165.307, 60.085], [165.306, 60.085], [165.114, 60.031], [165.113, 60.031], [164.933, 59.962], [164.887, 59.756], [164.886, 59.756], [164.886, 59.755], [164.886, 59.754], [164.885, 59.754], [164.885, 59.753], [164.884, 59.753], [164.884, 59.752], [164.883, 59.752], [164.858, 59.742], [164.858, 59.741], [164.854, 59.74], [164.85, 59.739], [164.849, 59.739], [164.845, 59.738], [164.844, 59.738], [164.84, 59.737], [164.835, 59.738], [164.804, 59.74], [164.799, 59.74], [164.798, 59.74], [164.794, 59.741], [164.793, 59.742], [164.789, 59.743], [164.785, 59.745], [164.784, 59.745], [164.78, 59.747], [164.78, 59.748], [164.776, 59.75], [164.776, 59.751], [164.765, 59.759], [164.762, 59.762], [164.761, 59.762], [164.759, 59.765], [164.758, 59.766], [164.756, 59.769], [164.755, 59.769], [164.745, 59.783], [164.745, 59.784], [164.742, 59.789], [164.734, 59.805], [164.733, 59.805], [164.731, 59.81], [164.731, 59.811], [164.726, 59.823], [164.725, 59.828], [164.724, 59.828], [164.724, 59.832], [164.723, 59.833], [164.723, 59.837], [164.723, 59.838], [164.723, 59.842], [164.723, 59.847], [164.724, 59.851], [164.724, 59.852], [164.725, 59.855], [164.724, 59.855], [164.724, 59.856], [164.722, 59.86], [164.721, 59.86], [164.71, 59.884], [164.71, 59.885], [164.683, 59.927], [164.667, 59.945], [164.659, 59.951], [164.659, 59.952], [164.658, 59.952], [164.6, 59.984], [164.597, 59.985], [164.596, 59.986], [164.593, 59.988], [164.523, 60.041], [164.5, 60.054], [164.478, 60.062], [164.452, 60.065], [164.451, 60.065], [164.425, 60.061], [164.424, 60.059], [164.422, 60.054], [164.42, 60.05], [164.419, 60.049], [164.417, 60.046], [164.417, 60.045], [164.415, 60.044], [164.415, 60.043], [164.417, 60.039], [164.418, 60.034], [164.418, 60.029], [164.419, 60.029], [164.419, 60.024], [164.418, 60.02], [164.418, 60.019], [164.417, 60.015], [164.417, 60.014], [164.416, 60.01], [164.416, 60.009], [164.414, 60.005], [164.412, 60.001], [164.412, 60.0], [164.41, 59.997], [164.409, 59.996], [164.406, 59.993], [164.377, 59.959], [164.374, 59.956], [164.373, 59.955], [164.37, 59.953], [164.37, 59.952], [164.367, 59.95], [164.366, 59.949], [164.363, 59.947], [164.362, 59.947], [164.358, 59.945], [164.354, 59.944], [164.35, 59.943], [164.349, 59.943], [164.343, 59.941], [164.342, 59.941], [164.341, 59.941], [164.34, 59.941], [164.34, 59.942], [164.339, 59.942], [164.338, 59.942], [164.338, 59.943], [164.337, 59.943], [164.337, 59.944], [164.336, 59.944], [164.328, 59.961], [164.111, 60.078], [164.11, 60.078], [163.966, 59.988], [163.965, 59.988], [163.964, 59.988], [163.963, 59.988], [163.924, 59.989], [163.866, 59.977], [163.865, 59.977], [163.861, 59.976], [163.86, 59.976], [163.856, 59.975], [163.855, 59.975], [163.851, 59.976], [163.85, 59.976], [163.846, 59.976], [163.842, 59.977], [163.841, 59.975], [163.841, 59.974], [163.839, 59.97], [163.839, 59.969], [163.837, 59.966], [163.836, 59.965], [163.834, 59.962], [163.834, 59.961], [163.831, 59.958], [163.83, 59.957], [163.827, 59.954], [163.824, 59.951], [163.823, 59.951], [163.819, 59.948], [163.801, 59.938], [163.801, 59.937], [163.785, 59.925], [163.784, 59.925], [163.752, 59.894], [163.752, 59.893], [163.745, 59.883], [163.744, 59.883], [163.744, 59.882], [163.743, 59.882], [163.742, 59.881], [163.741, 59.881], [163.516, 59.856], [163.389, 59.814], [163.107, 59.579], [163.106, 59.579], [163.043, 59.462], [163.1, 59.359], [163.244, 59.295], [163.255, 59.29], [163.244, 59.285], [163.179, 59.248], [163.178, 59.248], [163.177, 59.248], [163.17, 59.246], [163.164, 59.244], [163.163, 59.244], [163.144, 59.242], [163.122, 59.235], [163.131, 59.234], [163.138, 59.232], [163.143, 59.231], [163.146, 59.23], [163.133, 59.222], [162.835, 59.056], [162.754, 58.967], [162.753, 58.966], [162.754, 58.966], [162.897, 58.896], [162.907, 58.891], [162.897, 58.886], [162.616, 58.733], [162.22, 58.486], [162.22, 58.485], [161.939, 58.259], [161.938, 58.259], [161.804, 58.102], [161.8, 57.863], [161.989, 57.72], [162.203, 57.679], [162.204, 57.679], [162.825, 57.701], [162.826, 57.701], [162.827, 57.701], [163.076, 57.627], [163.077, 57.627], [163.078, 57.626], [163.079, 57.626], [163.079, 57.625], [163.08, 57.625], [163.125, 57.556], [163.125, 57.555], [163.126, 57.555], [163.126, 57.554], [163.126, 57.553], [163.126, 57.552], [163.126, 57.551], [163.125, 57.55], [163.125, 57.549], [163.124, 57.549], [163.124, 57.548], [162.932, 57.375], [162.932, 57.374], [162.922, 57.368], [162.863, 57.342], [162.846, 57.322], [162.845, 57.322], [162.844, 57.321], [162.593, 57.17], [162.593, 57.169], [162.512, 57.034], [162.512, 57.033], [162.613, 56.803], [162.744, 56.6], [163.094, 56.56], [163.095, 56.56], [163.096, 56.56], [163.097, 56.559], [163.098, 56.559], [163.098, 56.558], [163.099, 56.558], [163.099, 56.557], [163.099, 56.556], [163.172, 56.385], [163.172, 56.384], [163.172, 56.383], [163.166, 56.109], [163.166, 56.108], [163.166, 56.107], [163.165, 56.106], [163.165, 56.105], [163.164, 56.105], [163.024, 55.96], [163.024, 55.959], [163.023, 55.959], [163.022, 55.959], [163.022, 55.958], [163.021, 55.958], [163.02, 55.958], [163.019, 55.958], [162.989, 55.961], [162.987, 55.961], [162.925, 55.968], [162.921, 55.969], [162.92, 55.969], [162.916, 55.97], [162.912, 55.972], [162.911, 55.972], [162.907, 55.974], [162.868, 55.995], [162.867, 55.995], [162.846, 56.001], [162.845, 56.001], [162.813, 56.007], [162.812, 56.007], [162.808, 56.008], [162.804, 56.01], [162.803, 56.01], [162.799, 56.012], [162.795, 56.014], [162.794, 56.014], [162.791, 56.017], [162.744, 56.054], [162.725, 56.068], [162.724, 56.068], [162.721, 56.071], [162.718, 56.074], [162.717, 56.075], [162.715, 56.078], [162.714, 56.078], [162.712, 56.082], [162.71, 56.086], [162.709, 56.086], [162.708, 56.09], [162.699, 56.112], [162.699, 56.113], [162.67, 56.126], [162.669, 56.126], [162.665, 56.128], [162.665, 56.129], [162.661, 56.131], [162.66, 56.132], [162.656, 56.135], [162.617, 56.172], [162.608, 56.173], [162.598, 56.174], [162.604, 56.182], [162.722, 56.342], [162.705, 56.343], [162.697, 56.343], [162.698, 56.345], [162.699, 56.349], [162.7, 56.351], [162.7, 56.353], [162.701, 56.353], [162.702, 56.357], [162.709, 56.37], [162.712, 56.374], [162.712, 56.375], [162.714, 56.378], [162.715, 56.379], [162.718, 56.382], [162.721, 56.385], [162.722, 56.385], [162.725, 56.388], [162.726, 56.388], [162.729, 56.391], [162.73, 56.391], [162.734, 56.393], [162.738, 56.395], [162.739, 56.395], [162.743, 56.396], [162.784, 56.405], [162.788, 56.405], [162.788, 56.406], [162.792, 56.406], [162.793, 56.406], [162.807, 56.406], [162.731, 56.43], [162.692, 56.433], [162.691, 56.433], [162.683, 56.43], [162.683, 56.429], [162.668, 56.41], [162.665, 56.406], [162.662, 56.403], [162.661, 56.402], [162.658, 56.399], [162.657, 56.399], [162.654, 56.397], [162.653, 56.396], [162.649, 56.394], [162.645, 56.392], [162.644, 56.392], [162.64, 56.391], [162.639, 56.391], [162.584, 56.378], [162.58, 56.377], [162.579, 56.377], [162.575, 56.377], [162.571, 56.377], [162.57, 56.377], [162.566, 56.377], [162.55, 56.38], [162.545, 56.381], [162.544, 56.381], [162.539, 56.382], [162.539, 56.383], [162.534, 56.385], [162.523, 56.391], [162.522, 56.391], [162.509, 56.381], [162.508, 56.381], [162.537, 56.375], [162.541, 56.373], [162.542, 56.373], [162.546, 56.372], [162.547, 56.371], [162.551, 56.369], [162.555, 56.367], [162.559, 56.364], [162.562, 56.361], [162.563, 56.36], [162.565, 56.357], [162.566, 56.357], [162.569, 56.353], [162.571, 56.348], [162.572, 56.347], [162.56, 56.348], [162.522, 56.349], [162.318, 56.24], [162.317, 56.24], [161.861, 55.861], [161.61, 55.557], [161.609, 55.557], [161.503, 55.288], [161.503, 55.287], [161.647, 54.985], [161.648, 54.985], [161.937, 54.846], [161.938, 54.846], [161.938, 54.845], [161.939, 54.845], [161.939, 54.844], [162.006, 54.742], [162.006, 54.741], [162.007, 54.74], [162.007, 54.739], [162.007, 54.738], [162.007, 54.737], [162.006, 54.736], [162.006, 54.735], [161.877, 54.565], [161.876, 54.565], [161.876, 54.564], [161.875, 54.564], [161.874, 54.564], [161.657, 54.464], [161.656, 54.464], [161.655, 54.464], [161.654, 54.464], [161.653, 54.464], [161.651, 54.465], [161.646, 54.466], [161.646, 54.467], [161.641, 54.469], [161.631, 54.474], [161.588, 54.467], [161.584, 54.466], [161.58, 54.466], [161.475, 54.466], [161.368, 54.444], [161.367, 54.444], [161.361, 54.443], [161.315, 54.44], [161.311, 54.44], [161.307, 54.44], [161.306, 54.44], [161.302, 54.441], [161.298, 54.442], [161.268, 54.451], [161.264, 54.452], [161.263, 54.453], [161.259, 54.454], [161.259, 54.455], [161.255, 54.457], [161.246, 54.463], [161.222, 54.47], [161.218, 54.472], [161.217, 54.472], [161.213, 54.474], [161.209, 54.477], [161.205, 54.48], [161.191, 54.492], [161.187, 54.495], [161.187, 54.496], [161.184, 54.499], [161.184, 54.5], [161.181, 54.504], [161.179, 54.508], [161.178, 54.509], [161.174, 54.518], [161.172, 54.522], [161.171, 54.526], [161.171, 54.527], [161.17, 54.53], [161.17, 54.531], [161.169, 54.534], [161.14, 54.547], [161.07, 54.547], [160.901, 54.522], [160.76, 54.488], [160.759, 54.488], [160.753, 54.484], [160.753, 54.483], [160.749, 54.481], [160.748, 54.48], [160.744, 54.478], [160.743, 54.478], [160.664, 54.443], [160.663, 54.442], [160.404, 54.368], [160.028, 54.153], [160.027, 54.153], [159.931, 54.086], [159.695, 53.859], [159.633, 53.706], [159.683, 53.58], [159.684, 53.579], [159.903, 53.402], [159.903, 53.401], [159.904, 53.401], [159.904, 53.4], [159.905, 53.4], [159.905, 53.399], [159.905, 53.398], [159.922, 53.302], [159.922, 53.301], [159.922, 53.3], [159.922, 53.299], [159.921, 53.299], [159.898, 53.243], [159.897, 53.242], [159.897, 53.241], [159.896, 53.241], [159.896, 53.24], [159.895, 53.24], [159.894, 53.24], [159.729, 53.182], [159.728, 53.182], [159.727, 53.182], [159.726, 53.182], [159.725, 53.182], [159.724, 53.182], [159.724, 53.183], [159.723, 53.183], [159.723, 53.184], [159.72, 53.187], [159.716, 53.187], [159.711, 53.187], [159.707, 53.187], [159.706, 53.187], [159.702, 53.188], [159.684, 53.192], [159.678, 53.194], [159.677, 53.194], [159.661, 53.2], [159.629, 53.207], [159.6, 53.205], [159.599, 53.205], [159.492, 53.181], [159.486, 53.179], [159.478, 53.173], [159.446, 53.141], [159.442, 53.138], [159.438, 53.135], [159.434, 53.132], [159.429, 53.13], [159.428, 53.13], [159.428, 53.129], [159.427, 53.129], [159.426, 53.129], [159.32, 53.126], [159.31, 53.123], [159.309, 53.123], [159.308, 53.123], [159.299, 53.123], [159.296, 53.122], [159.295, 53.122], [159.281, 53.115], [159.281, 53.114], [159.28, 53.114], [159.222, 53.096], [159.221, 53.095], [159.22, 53.095], [159.214, 53.095], [159.178, 53.087], [159.073, 53.049], [158.788, 52.959], [158.462, 52.826], [158.461, 52.826], [158.432, 52.713], [158.462, 52.588], [158.462, 52.587], [158.462, 52.586], [158.39, 52.204], [158.39, 52.203], [158.389, 52.203], [158.389, 52.202], [158.258, 52.018], [158.258, 52.017], [157.898, 51.666], [157.897, 51.666], [157.21, 51.229], [157.209, 51.229], [156.825, 51.004], [156.824, 51.004], [156.701, 50.96], [156.701, 50.959], [156.7, 50.959], [156.699, 50.959], [156.698, 50.959], [156.697, 50.96], [156.696, 50.96], [156.695, 50.961], [156.695, 50.962], [156.694, 50.962], [156.694, 50.963], [156.689, 50.973], [156.689, 50.974], [156.689, 50.975], [156.688, 50.975], [156.688, 50.976], [156.689, 50.976], [156.689, 50.977], [156.689, 50.978], [156.689, 50.979], [156.69, 50.979], [156.69, 50.98], [156.716, 51.008], [156.714, 51.01], [156.712, 51.014], [156.712, 51.015], [156.71, 51.019], [156.709, 51.023], [156.708, 51.024], [156.708, 51.028], [156.708, 51.029], [156.707, 51.033], [156.707, 51.038], [156.703, 51.038], [156.702, 51.038], [156.698, 51.039], [156.697, 51.039], [156.693, 51.04], [156.692, 51.04], [156.688, 51.042], [156.684, 51.044], [156.683, 51.044], [156.68, 51.046], [156.679, 51.047], [156.676, 51.049], [156.675, 51.05], [156.672, 51.053], [156.669, 51.056], [156.669, 51.057], [156.666, 51.06], [156.666, 51.061], [156.664, 51.065], [156.663, 51.065], [156.662, 51.069], [156.661, 51.07], [156.66, 51.074], [156.659, 51.079], [156.657, 51.09], [156.657, 51.091], [156.653, 51.102], [156.653, 51.103], [156.652, 51.107], [156.651, 51.108], [156.651, 51.112], [156.65, 51.117], [156.65, 51.121], [156.65, 51.122], [156.651, 51.126], [156.651, 51.127], [156.652, 51.131], [156.653, 51.136], [156.655, 51.14], [156.668, 51.167], [156.667, 51.167], [156.667, 51.168], [156.663, 51.17], [156.66, 51.173], [156.657, 51.176], [156.656, 51.176], [156.627, 51.209], [156.588, 51.211], [156.583, 51.212], [156.578, 51.213], [156.576, 51.214], [156.575, 51.214], [156.574, 51.214], [156.574, 51.215], [156.573, 51.215], [156.573, 51.216], [156.572, 51.216], [156.572, 51.217], [156.564, 51.234], [156.564, 51.235], [156.475, 51.604], [156.443, 51.691], [156.443, 51.692], [156.443, 51.693], [156.443, 51.694], [156.451, 51.775], [156.451, 51.776], [156.436, 51.951], [156.391, 52.203], [156.329, 52.378], [156.314, 52.394], [156.312, 52.396], [156.312, 52.397], [156.296, 52.416], [156.267, 52.446], [156.267, 52.447], [156.264, 52.451], [156.263, 52.451], [156.26, 52.456], [156.254, 52.467], [156.252, 52.47], [156.252, 52.471], [156.25, 52.474], [156.236, 52.511], [156.234, 52.516], [156.233, 52.52], [156.233, 52.521], [156.232, 52.525], [156.232, 52.526], [156.232, 52.53], [156.232, 52.531], [156.233, 52.535], [156.233, 52.54], [156.234, 52.544], [156.235, 52.545], [156.236, 52.549], [156.238, 52.553], [156.239, 52.554], [156.239, 52.555], [156.232, 52.561], [156.232, 52.562], [156.228, 52.565], [156.228, 52.566], [156.225, 52.57], [156.224, 52.57], [156.222, 52.574], [156.222, 52.575], [156.219, 52.579], [156.219, 52.58], [156.209, 52.606], [156.189, 52.639], [156.188, 52.642], [156.187, 52.642], [156.12, 52.776], [156.118, 52.78], [156.118, 52.781], [156.065, 52.917], [156.063, 52.921], [156.062, 52.925], [156.062, 52.929], [156.049, 53.034], [156.008, 53.203], [156.007, 53.207], [156.007, 53.211], [156.002, 53.28], [155.99, 53.361], [155.938, 53.564], [155.938, 53.565], [155.938, 53.568], [155.925, 53.633], [155.925, 53.634], [155.922, 53.651], [155.922, 53.652], [155.921, 53.657], [155.918, 53.723], [155.913, 53.738], [155.912, 53.742], [155.912, 53.743], [155.906, 53.775], [155.89, 53.831], [155.89, 53.832], [155.889, 53.838], [155.888, 53.849], [155.869, 53.881], [155.867, 53.885], [155.866, 53.889], [155.865, 53.889], [155.838, 53.964], [155.837, 53.965], [155.836, 53.969], [155.835, 53.974], [155.835, 53.978], [155.835, 53.979], [155.834, 53.983], [155.835, 53.984], [155.835, 53.988], [155.835, 53.989], [155.836, 53.993], [155.837, 54.001], [155.836, 54.013], [155.836, 54.014], [155.824, 54.053], [155.824, 54.054], [155.762, 54.181], [155.762, 54.182], [155.76, 54.187], [155.681, 54.41], [155.68, 54.414], [155.59, 54.757], [155.589, 54.762], [155.589, 54.763], [155.589, 54.768], [155.589, 54.773], [155.589, 54.774], [155.591, 54.796], [155.591, 54.8], [155.592, 54.804], [155.595, 54.816], [155.575, 54.846], [155.572, 54.85], [155.57, 54.855], [155.568, 54.86], [155.562, 54.881], [155.561, 54.887], [155.561, 54.888], [155.502, 55.277], [155.501, 55.281], [155.501, 55.282], [155.501, 55.286], [155.504, 55.366], [155.504, 55.367], [155.505, 55.373], [155.505, 55.374], [155.517, 55.442], [155.518, 55.444], [155.537, 55.532], [155.538, 55.532], [155.538, 55.535], [155.557, 55.596], [155.557, 55.597], [155.574, 55.649], [155.574, 55.65], [155.603, 55.927], [155.604, 55.932], [155.606, 55.937], [155.619, 55.977], [155.619, 55.978], [155.621, 55.982], [155.623, 55.986], [155.636, 56.01], [155.636, 56.011], [155.635, 56.025], [155.635, 56.026], [155.635, 56.032], [155.636, 56.043], [155.637, 56.048], [155.637, 56.049], [155.638, 56.053], [155.638, 56.054], [155.64, 56.059], [155.644, 56.067], [155.647, 56.073], [155.667, 56.107], [155.67, 56.112], [155.671, 56.112], [155.674, 56.116], [155.685, 56.127], [155.688, 56.13], [155.691, 56.133], [155.692, 56.133], [155.692, 56.134], [155.693, 56.147], [155.693, 56.148], [155.693, 56.152], [155.693, 56.153], [155.694, 56.157], [155.695, 56.161], [155.695, 56.162], [155.697, 56.165], [155.697, 56.166], [155.699, 56.17], [155.71, 56.19], [155.712, 56.194], [155.713, 56.194], [155.716, 56.198], [155.719, 56.202], [155.72, 56.202], [155.72, 56.203], [155.731, 56.257], [155.732, 56.262], [155.732, 56.263], [155.734, 56.267], [155.734, 56.268], [155.736, 56.272], [155.737, 56.272], [155.739, 56.276], [155.766, 56.314], [155.766, 56.315], [155.82, 56.453], [155.82, 56.454], [155.821, 56.455], [155.822, 56.456], [156.236, 56.757], [156.558, 56.947], [156.558, 56.948], [156.815, 57.26], [156.815, 57.261], [156.837, 57.298], [156.838, 57.298], [156.841, 57.301], [156.89, 57.363], [156.937, 57.421], [156.946, 57.434], [156.944, 57.441], [156.942, 57.445], [156.942, 57.449], [156.929, 57.531], [156.902, 57.585], [156.9, 57.59], [156.9, 57.591], [156.898, 57.596], [156.897, 57.601], [156.897, 57.602], [156.897, 57.603], [156.897, 57.604], [156.897, 57.605], [156.898, 57.605], [156.898, 57.606], [156.899, 57.607], [156.899, 57.608], [156.9, 57.608], [156.901, 57.608], [156.902, 57.608], [157.511, 57.745], [157.962, 57.883], [158.326, 58.027], [159.104, 58.425], [159.393, 58.61], [159.586, 58.803], [159.62, 58.884], [159.62, 58.885], [159.621, 58.885], [159.622, 58.886], [159.623, 58.886], [159.623, 58.887], [159.624, 58.887], [159.637, 58.891], [159.642, 58.893], [159.658, 58.896], [159.667, 58.899], [159.677, 58.906], [159.678, 58.906], [159.691, 58.918], [159.692, 58.918], [159.699, 58.927], [159.699, 58.928], [159.701, 58.935], [159.703, 58.955], [159.702, 58.955], [159.694, 58.968], [159.691, 58.972], [159.69, 58.974], [159.696, 58.977], [160.844, 59.554], [161.535, 59.942], [161.701, 60.073], [161.701, 60.074], [161.775, 60.197], [161.776, 60.198], [161.777, 60.199], [161.778, 60.2], [161.869, 60.245], [161.87, 60.245], [161.876, 60.251], [161.873, 60.253], [161.872, 60.253], [161.868, 60.255], [161.868, 60.256], [161.864, 60.258], [161.861, 60.261], [161.86, 60.262], [161.857, 60.265], [161.854, 60.269], [161.852, 60.272], [161.851, 60.273], [161.849, 60.278], [161.849, 60.279], [161.855, 60.281], [162.381, 60.463], [162.381, 60.464], [163.329, 60.695], [163.439, 60.88], [163.439, 60.881], [163.44, 60.881], [163.44, 60.882], [163.441, 60.882], [163.442, 60.883], [163.443, 60.883], [163.451, 60.885], [163.478, 60.892], [163.524, 60.906], [163.528, 60.907], [163.532, 60.908], [163.58, 60.915], [163.594, 60.917], [163.591, 60.918], [163.533, 60.939], [163.522, 60.943], [163.531, 60.949], [163.793, 61.128], [163.831, 61.233], [163.81, 61.241], [163.793, 61.248], [163.81, 61.253], [163.888, 61.275], [163.895, 61.276], [163.896, 61.277], [163.897, 61.277], [163.896, 61.289], [163.897, 61.294], [163.897, 61.298], [163.897, 61.299], [163.898, 61.303], [163.898, 61.304], [163.9, 61.308], [163.904, 61.319], [163.906, 61.323], [163.906, 61.324], [163.908, 61.327], [163.909, 61.328], [163.911, 61.331], [163.911, 61.332], [163.914, 61.335], [163.917, 61.338], [163.918, 61.338], [163.921, 61.341], [163.925, 61.344], [163.929, 61.346], [163.963, 61.362], [163.945, 61.38], [163.934, 61.387], [163.933, 61.387], [163.866, 61.402], [163.853, 61.403], [163.846, 61.401], [163.843, 61.399], [163.833, 61.389], [163.833, 61.388], [163.83, 61.385], [163.827, 61.383], [163.827, 61.382], [163.823, 61.38], [163.82, 61.378], [163.819, 61.377], [163.816, 61.376], [163.815, 61.376], [163.795, 61.367], [163.791, 61.366], [163.79, 61.365], [163.786, 61.364], [163.785, 61.364], [163.781, 61.364], [163.781, 61.363], [163.776, 61.363], [163.771, 61.363], [163.766, 61.364], [163.762, 61.365], [163.761, 61.365], [163.757, 61.367], [163.756, 61.367], [163.753, 61.369], [163.752, 61.369], [163.748, 61.371], [163.748, 61.372], [163.744, 61.374], [163.744, 61.375], [163.741, 61.378], [163.74, 61.378], [163.725, 61.393], [163.724, 61.394], [163.722, 61.397], [163.721, 61.397], [163.719, 61.4], [163.717, 61.404], [163.716, 61.404], [163.708, 61.418], [163.706, 61.422], [163.706, 61.423], [163.704, 61.426], [163.704, 61.427], [163.703, 61.431], [163.702, 61.435], [163.702, 61.436], [163.702, 61.44], [163.702, 61.441], [163.702, 61.445], [163.702, 61.449], [163.702, 61.45], [163.703, 61.454], [163.707, 61.476], [163.708, 61.476], [163.708, 61.477], [163.708, 61.478], [163.709, 61.478], [163.923, 61.716], [163.924, 61.716], [163.924, 61.717], [163.925, 61.717], [163.926, 61.717], [163.926, 61.718], [163.927, 61.718], [163.929, 61.718], [163.934, 61.718], [163.939, 61.717], [163.984, 61.71], [163.996, 61.714], [164.002, 61.717], [164.003, 61.717], [164.008, 61.736], [164.009, 61.738], [164.014, 61.756], [164.018, 61.788], [164.018, 61.791], [164.018, 61.792], [164.012, 61.798], [164.009, 61.802], [164.007, 61.806], [164.006, 61.806], [164.0, 61.817], [163.999, 61.818], [163.997, 61.822], [163.995, 61.826], [163.995, 61.827], [163.994, 61.831], [163.994, 61.832], [163.993, 61.836], [163.993, 61.841], [163.993, 61.846], [163.993, 61.851], [163.994, 61.856], [163.996, 61.86], [163.996, 61.861], [163.998, 61.865], [163.998, 61.866], [164.0, 61.869], [164.0, 61.87], [164.003, 61.873], [164.003, 61.874], [164.006, 61.877], [164.007, 61.878], [164.01, 61.881], [164.014, 61.884], [164.024, 61.891], [164.026, 61.893], [164.027, 61.893], [164.032, 61.896], [164.033, 61.896], [164.038, 61.901], [164.042, 61.91], [164.042, 61.913], [164.041, 61.915], [164.039, 61.919], [164.039, 61.92], [164.037, 61.923], [164.037, 61.924], [164.035, 61.928], [164.035, 61.929], [164.034, 61.933], [164.033, 61.937], [164.033, 61.938], [164.033, 61.942], [164.033, 61.943], [164.033, 61.947], [164.033, 61.948], [164.034, 61.95], [164.033, 61.95], [164.032, 61.952], [164.032, 61.953], [164.029, 61.956], [164.029, 61.957], [164.027, 61.961], [164.027, 61.962], [164.025, 61.966], [164.024, 61.971], [164.023, 61.976], [164.023, 61.981], [164.023, 61.995], [164.023, 61.996], [164.023, 62.0], [164.023, 62.001], [164.024, 62.005], [164.025, 62.01], [164.026, 62.014], [164.026, 62.015], [164.028, 62.019], [164.031, 62.023], [164.033, 62.027], [164.034, 62.027], [164.037, 62.03], [164.037, 62.031], [164.04, 62.034], [164.041, 62.034], [164.044, 62.037], [164.048, 62.039], [164.049, 62.039], [164.05, 62.04], [164.048, 62.046], [164.047, 62.05], [164.046, 62.053], [164.042, 62.057], [164.039, 62.061], [164.037, 62.065], [164.036, 62.065], [164.035, 62.069], [164.034, 62.069], [164.033, 62.073], [164.032, 62.074], [164.031, 62.078], [164.03, 62.082], [164.03, 62.083], [164.03, 62.087], [164.03, 62.088], [164.03, 62.092], [164.03, 62.093], [164.03, 62.097], [164.031, 62.101], [164.031, 62.102], [164.032, 62.106], [164.036, 62.118], [164.038, 62.123], [164.04, 62.127], [164.041, 62.128], [164.043, 62.132], [164.046, 62.136], [164.047, 62.136], [164.05, 62.139], [164.05, 62.14], [164.054, 62.143], [164.058, 62.145], [164.058, 62.146], [164.059, 62.146], [164.059, 62.147], [164.06, 62.148], [164.061, 62.149], [164.062, 62.149], [164.276, 62.223], [164.277, 62.223], [164.278, 62.223], [165.055, 62.26], [165.286, 62.288], [165.067, 62.436], [165.018, 62.441], [164.945, 62.448], [164.561, 62.489], [164.512, 62.494], [164.513, 62.494], [164.517, 62.496], [164.521, 62.498], [164.526, 62.5], [164.53, 62.5], [164.535, 62.501], [164.54, 62.501], [164.562, 62.5], [164.587, 62.5], [164.626, 62.511], [164.631, 62.512], [164.636, 62.513], [164.641, 62.513], [164.74, 62.51], [164.745, 62.51], [164.749, 62.509], [164.75, 62.509], [164.873, 62.483], [164.877, 62.482], [164.878, 62.481], [164.882, 62.48], [164.917, 62.466], [164.946, 62.46], [164.956, 62.459], [164.992, 62.453], [165.019, 62.453], [165.035, 62.453], [164.969, 62.469], [164.965, 62.471], [164.964, 62.471], [164.916, 62.488], [164.824, 62.502], [164.76, 62.509], [164.756, 62.509], [164.755, 62.509], [164.751, 62.51], [164.751, 62.511], [164.747, 62.512], [164.746, 62.512], [164.742, 62.514], [164.684, 62.545], [164.683, 62.546], [164.679, 62.548], [164.675, 62.551], [164.674, 62.552], [164.671, 62.555], [164.67, 62.556], [164.637, 62.592], [164.636, 62.592], [164.631, 62.595], [164.63, 62.595], [164.616, 62.601], [164.61, 62.603], [164.61, 62.604], [164.593, 62.613], [164.592, 62.613], [164.588, 62.616], [164.587, 62.616], [164.584, 62.619], [164.583, 62.62], [164.579, 62.624], [164.578, 62.624], [164.524, 62.626], [164.518, 62.626], [164.517, 62.627], [164.442, 62.639], [164.442, 62.64], [164.385, 62.641], [164.329, 62.615], [164.324, 62.614], [164.324, 62.613], [164.319, 62.612], [164.314, 62.611], [164.309, 62.611], [164.232, 62.61], [164.11, 62.601], [164.106, 62.601], [164.102, 62.601], [164.064, 62.605], [164.063, 62.605], [164.026, 62.588], [164.021, 62.586], [163.996, 62.579], [163.996, 62.578], [163.992, 62.571], [163.99, 62.567], [163.989, 62.567], [163.987, 62.563], [163.986, 62.563], [163.983, 62.56], [163.983, 62.559], [163.98, 62.557], [163.979, 62.556], [163.976, 62.554], [163.975, 62.553], [163.971, 62.551], [163.967, 62.549], [163.966, 62.549], [163.962, 62.548], [163.962, 62.547], [163.922, 62.536], [163.918, 62.535], [163.917, 62.535], [163.913, 62.535], [163.912, 62.535], [163.908, 62.534], [163.903, 62.535], [163.899, 62.535], [163.898, 62.535], [163.894, 62.536], [163.894, 62.537], [163.89, 62.538], [163.889, 62.538], [163.85, 62.554], [163.77, 62.552], [163.73, 62.544], [163.729, 62.544], [163.725, 62.543], [163.724, 62.543], [163.675, 62.537], [163.672, 62.537], [163.671, 62.537], [163.668, 62.537], [163.633, 62.538], [163.632, 62.538], [163.598, 62.527], [163.597, 62.527], [163.538, 62.509], [163.536, 62.509], [163.488, 62.497], [163.483, 62.496], [163.482, 62.496], [163.478, 62.495], [163.473, 62.495], [163.468, 62.496], [163.463, 62.497], [163.459, 62.498], [163.458, 62.498], [163.454, 62.5], [163.453, 62.5], [163.424, 62.514], [163.423, 62.513], [163.422, 62.513], [163.419, 62.51], [163.419, 62.509], [163.415, 62.507], [163.414, 62.506], [163.411, 62.504], [163.41, 62.504], [163.406, 62.502], [163.405, 62.502], [163.401, 62.5], [163.396, 62.499], [163.353, 62.492], [163.352, 62.492], [163.316, 62.483], [163.317, 62.477], [163.318, 62.473], [163.318, 62.472], [163.319, 62.468], [163.319, 62.467], [163.319, 62.463], [163.319, 62.462], [163.318, 62.458], [163.318, 62.457], [163.317, 62.453], [163.316, 62.449], [163.316, 62.448], [163.314, 62.444], [163.312, 62.44], [163.311, 62.439], [163.309, 62.436], [163.308, 62.435], [163.306, 62.432], [163.305, 62.431], [163.302, 62.428], [163.298, 62.425], [163.299, 62.425], [163.3, 62.425], [163.304, 62.425], [163.308, 62.425], [163.309, 62.425], [163.313, 62.424], [163.314, 62.424], [163.318, 62.423], [163.322, 62.421], [163.326, 62.419], [163.327, 62.419], [163.34, 62.411], [163.325, 62.408], [162.99, 62.326], [163.009, 62.181], [163.009, 62.18], [163.009, 62.179], [163.009, 62.178], [163.008, 62.177], [163.008, 62.176], [162.711, 61.763], [162.765, 61.674], [162.766, 61.674], [162.766, 61.673], [162.766, 61.672], [162.766, 61.671], [162.766, 61.67], [162.75, 61.613], [162.75, 61.612], [162.749, 61.611], [162.749, 61.61], [162.748, 61.61], [162.747, 61.609], [162.746, 61.609], [162.746, 61.608], [162.745, 61.608], [162.578, 61.581], [162.577, 61.581], [162.576, 61.581], [162.575, 61.581], [162.523, 61.605], [162.5, 61.609], [162.493, 61.611], [162.44, 61.621], [162.439, 61.621], [162.427, 61.623], [162.426, 61.623], [162.423, 61.612], [162.421, 61.608], [162.42, 61.607], [162.418, 61.603], [162.415, 61.599], [162.415, 61.598], [162.412, 61.595], [162.412, 61.594], [162.408, 61.591], [162.404, 61.588], [162.4, 61.585], [162.375, 61.571], [162.374, 61.571], [162.372, 61.567], [162.369, 61.563], [162.369, 61.562], [162.367, 61.559], [162.366, 61.558], [162.363, 61.555], [162.359, 61.552], [162.359, 61.551], [162.355, 61.549], [162.355, 61.548], [162.351, 61.546], [162.347, 61.544], [162.346, 61.544], [162.318, 61.533], [162.31, 61.528], [162.31, 61.527], [162.309, 61.527], [162.308, 61.527], [162.235, 61.51], [161.536, 61.187], [160.646, 60.718], [160.645, 60.718], [160.644, 60.718], [160.428, 60.654], [160.427, 60.654], [160.426, 60.654], [160.413, 60.655], [160.411, 60.651], [160.41, 60.65], [160.41, 60.649], [160.409, 60.649], [160.408, 60.648], [160.407, 60.648], [160.12, 60.564], [160.119, 60.564], [160.118, 60.564], [160.117, 60.564], [160.101, 60.568], [160.1, 60.568], [160.1, 60.569], [160.099, 60.569], [160.098, 60.569], [160.098, 60.57], [160.097, 60.57], [160.095, 60.573], [160.093, 60.577], [160.093, 60.578], [160.091, 60.581], [160.09, 60.582], [160.089, 60.586], [160.087, 60.59], [160.087, 60.591], [160.087, 60.595], [160.086, 60.596], [160.086, 60.6], [160.086, 60.601], [160.086, 60.605], [160.086, 60.606], [160.087, 60.61], [160.088, 60.615], [160.089, 60.619], [160.089, 60.62], [160.091, 60.624], [160.093, 60.628], [160.101, 60.64], [160.098, 60.651], [160.097, 60.655], [160.097, 60.656], [160.097, 60.66], [160.097, 60.661], [160.097, 60.665], [160.097, 60.666], [160.098, 60.67], [160.098, 60.671], [160.099, 60.675], [160.1, 60.68], [160.102, 60.684], [160.102, 60.685], [160.105, 60.688], [160.105, 60.689], [160.107, 60.692], [160.108, 60.693], [160.11, 60.696], [160.111, 60.697], [160.114, 60.7], [160.118, 60.703], [160.122, 60.705], [160.123, 60.706], [160.126, 60.708], [160.127, 60.708], [160.131, 60.709], [160.132, 60.71], [160.136, 60.711], [160.141, 60.712], [160.154, 60.713], [160.155, 60.713], [160.155, 60.714], [160.155, 60.715], [160.157, 60.718], [160.157, 60.719], [160.159, 60.723], [160.162, 60.727], [160.165, 60.731], [160.168, 60.734], [160.169, 60.735], [160.172, 60.737], [160.173, 60.738], [160.191, 60.751], [160.192, 60.752], [160.192, 60.753], [160.193, 60.754], [160.193, 60.756], [160.147, 60.781], [160.146, 60.781], [160.143, 60.783], [160.142, 60.783], [160.139, 60.786], [160.138, 60.786], [160.135, 60.789], [160.135, 60.79], [160.132, 60.793], [160.131, 60.793], [160.129, 60.797], [160.128, 60.797], [160.128, 60.798], [160.127, 60.799], [160.127, 60.8], [160.127, 60.801], [160.127, 60.802], [160.127, 60.803], [160.127, 60.804], [160.128, 60.804], [160.128, 60.805], [160.19, 60.887], [160.191, 60.888], [160.192, 60.888], [160.194, 60.889], [160.194, 60.89], [160.195, 60.893], [160.196, 60.894], [160.196, 60.895], [160.21, 60.913], [160.211, 60.914], [160.213, 60.916], [160.214, 60.916], [160.229, 60.927], [160.23, 60.927], [160.23, 60.928], [160.233, 60.932], [160.236, 60.936], [160.237, 60.936], [160.24, 60.939], [160.241, 60.94], [160.244, 60.942], [160.245, 60.943], [160.249, 60.945], [160.259, 60.95], [160.263, 60.952], [160.264, 60.952], [160.268, 60.954], [160.269, 60.954], [160.273, 60.955], [160.274, 60.955], [160.278, 60.955], [160.279, 60.955], [160.284, 60.955], [160.303, 60.955], [160.304, 60.955], [160.305, 60.955], [160.305, 60.957], [160.306, 60.962], [160.307, 60.962], [160.308, 60.967], [160.309, 60.967], [160.311, 60.971], [160.311, 60.972], [160.314, 60.976], [160.317, 60.98], [160.318, 60.98], [160.318, 60.981], [160.301, 60.973], [160.297, 60.971], [160.296, 60.971], [160.292, 60.97], [160.288, 60.969], [160.287, 60.969], [160.283, 60.969], [160.282, 60.969], [160.278, 60.969], [160.273, 60.969], [160.269, 60.97], [160.268, 60.97], [160.203, 60.987], [160.202, 60.987], [160.186, 60.982], [160.184, 60.982], [160.184, 60.981], [160.142, 60.972], [160.1, 60.961], [160.1, 60.96], [160.099, 60.96], [160.098, 60.959], [160.097, 60.959], [160.096, 60.958], [160.095, 60.958], [159.819, 60.981], [159.818, 60.981], [159.817, 60.981], [159.816, 60.981], [159.816, 60.982], [159.815, 60.982], [159.815, 60.983], [159.814, 60.983], [159.814, 60.984], [159.798, 61.01], [159.798, 61.011], [159.797, 61.011], [159.797, 61.012], [159.797, 61.013], [159.797, 61.014], [159.798, 61.015], [159.798, 61.016], [159.799, 61.017], [159.8, 61.018], [159.803, 61.02], [159.807, 61.022], [159.807, 61.023], [159.811, 61.025], [159.812, 61.025], [159.816, 61.026], [159.817, 61.026], [159.821, 61.028], [159.834, 61.03], [159.852, 61.042], [159.853, 61.042], [159.886, 61.063], [159.902, 61.076], [159.903, 61.079], [159.903, 61.08], [159.904, 61.084], [159.905, 61.089], [159.907, 61.093], [159.907, 61.094], [159.91, 61.097], [159.91, 61.098], [159.912, 61.101], [159.913, 61.102], [159.915, 61.105], [159.916, 61.105], [159.919, 61.108], [159.919, 61.109], [159.923, 61.112], [159.927, 61.114], [159.927, 61.115], [159.931, 61.116], [159.93, 61.118], [159.929, 61.119], [159.928, 61.123], [159.926, 61.127], [159.926, 61.128], [159.925, 61.132], [159.925, 61.133], [159.925, 61.137], [159.925, 61.141], [159.925, 61.142], [159.925, 61.146], [159.925, 61.147], [159.926, 61.148], [159.926, 61.149], [159.925, 61.149], [159.924, 61.15], [159.906, 61.159], [159.902, 61.161], [159.898, 61.163], [159.898, 61.164], [159.894, 61.166], [159.894, 61.167], [159.891, 61.17], [159.882, 61.179], [159.882, 61.18], [159.879, 61.183], [159.878, 61.184], [159.876, 61.187], [159.875, 61.188], [159.873, 61.192], [159.871, 61.196], [159.871, 61.197], [159.87, 61.201], [159.87, 61.202], [159.869, 61.205], [159.853, 61.193], [159.849, 61.19], [159.845, 61.188], [159.841, 61.186], [159.84, 61.186], [159.836, 61.184], [159.831, 61.183], [159.827, 61.183], [159.826, 61.183], [159.822, 61.183], [159.821, 61.183], [159.817, 61.183], [159.816, 61.183], [159.812, 61.184], [159.811, 61.184], [159.807, 61.185], [159.803, 61.187], [159.802, 61.187], [159.8, 61.188], [159.799, 61.188], [159.799, 61.189], [159.798, 61.189], [159.798, 61.19], [159.797, 61.191], [159.797, 61.192], [159.797, 61.193], [159.797, 61.194], [159.797, 61.195], [159.797, 61.196], [159.857, 61.302], [159.857, 61.303], [159.976, 61.429], [159.977, 61.429], [159.978, 61.43], [159.979, 61.43], [159.98, 61.43], [159.988, 61.431], [159.987, 61.433], [159.987, 61.435], [159.986, 61.435], [159.986, 61.436], [159.986, 61.437], [159.986, 61.438], [159.987, 61.439], [159.987, 61.44], [159.988, 61.441], [160.056, 61.513], [160.06, 61.519], [160.061, 61.52], [160.062, 61.52], [160.062, 61.521], [160.063, 61.521], [160.064, 61.521], [160.069, 61.523], [160.07, 61.524], [160.072, 61.528], [160.075, 61.531], [160.075, 61.532], [160.078, 61.535], [160.081, 61.538], [160.082, 61.538], [160.085, 61.541], [160.086, 61.541], [160.089, 61.543], [160.09, 61.544], [160.093, 61.546], [160.094, 61.546], [160.098, 61.547], [160.102, 61.548], [160.103, 61.549], [160.107, 61.549], [160.108, 61.549], [160.124, 61.551], [160.165, 61.555], [160.191, 61.559], [160.193, 61.561], [160.196, 61.564], [160.199, 61.567], [160.2, 61.567], [160.202, 61.568], [160.202, 61.569], [160.2, 61.576], [160.2, 61.577], [160.199, 61.581], [160.199, 61.586], [160.199, 61.59], [160.2, 61.591], [160.2, 61.595], [160.2, 61.596], [160.201, 61.6], [160.203, 61.604], [160.203, 61.605], [160.205, 61.609], [160.207, 61.613], [160.21, 61.617], [160.21, 61.621], [160.21, 61.626], [160.21, 61.63], [160.21, 61.631], [160.211, 61.635], [160.211, 61.636], [160.212, 61.64], [160.214, 61.644], [160.214, 61.645], [160.216, 61.649], [160.218, 61.653], [160.219, 61.653], [160.221, 61.657], [160.222, 61.657], [160.221, 61.658], [160.218, 61.662], [160.216, 61.666], [160.215, 61.666], [160.213, 61.67], [160.213, 61.671], [160.212, 61.675], [160.211, 61.675], [160.21, 61.679], [160.21, 61.68], [160.209, 61.684], [160.209, 61.685], [160.209, 61.689], [160.209, 61.694], [160.21, 61.698], [160.21, 61.699], [160.211, 61.703], [160.211, 61.704], [160.212, 61.708], [160.214, 61.712], [160.214, 61.713], [160.216, 61.716], [160.217, 61.717], [160.219, 61.72], [160.219, 61.721], [160.222, 61.724], [160.223, 61.725], [160.226, 61.728], [160.229, 61.731], [160.23, 61.731], [160.233, 61.733], [160.234, 61.734], [160.238, 61.736], [160.242, 61.737], [160.243, 61.738], [160.306, 61.76], [160.327, 61.773], [160.326, 61.774], [160.325, 61.775], [160.323, 61.779], [160.317, 61.792], [160.315, 61.796], [160.315, 61.797], [160.314, 61.801], [160.313, 61.806], [160.312, 61.811], [160.312, 61.816], [160.312, 61.821], [160.313, 61.821], [160.313, 61.825], [160.314, 61.826], [160.315, 61.83], [160.315, 61.831], [160.317, 61.835], [160.319, 61.839], [160.319, 61.84], [160.322, 61.843], [160.322, 61.844], [160.325, 61.847], [160.325, 61.848], [160.326, 61.849], [160.327, 61.849], [160.326, 61.85], [160.325, 61.853], [160.324, 61.857], [160.323, 61.858], [160.322, 61.862], [160.322, 61.866], [160.322, 61.867], [160.321, 61.871], [160.321, 61.872], [160.321, 61.873], [160.318, 61.875], [160.318, 61.876], [160.314, 61.878], [160.311, 61.881], [160.31, 61.882], [160.307, 61.885], [160.305, 61.888], [160.293, 61.881], [160.289, 61.879], [160.288, 61.879], [160.284, 61.877], [160.283, 61.877], [160.279, 61.876], [160.264, 61.873], [160.263, 61.871], [160.262, 61.871], [160.26, 61.868], [160.259, 61.867], [160.256, 61.864], [160.251, 61.86], [160.248, 61.857], [160.247, 61.857], [160.244, 61.855], [160.243, 61.854], [160.24, 61.852], [160.203, 61.835], [160.199, 61.833], [160.198, 61.833], [160.194, 61.832], [160.19, 61.831], [160.189, 61.831], [160.185, 61.831], [160.146, 61.828], [160.133, 61.822], [160.129, 61.82], [160.128, 61.82], [160.124, 61.818], [160.123, 61.818], [160.088, 61.809], [160.066, 61.802], [160.044, 61.779], [160.029, 61.763], [160.029, 61.762], [160.028, 61.761], [160.027, 61.761], [160.027, 61.76], [160.026, 61.76], [160.025, 61.76], [160.024, 61.76], [159.966, 61.765], [159.566, 61.605], [159.565, 61.605], [159.564, 61.605], [159.563, 61.605], [159.562, 61.605], [159.561, 61.605], [159.526, 61.617], [159.525, 61.617], [159.52, 61.619], [159.499, 61.629], [159.498, 61.629], [159.494, 61.631], [159.494, 61.632], [159.49, 61.634], [159.489, 61.635], [159.486, 61.637], [159.486, 61.638], [159.482, 61.641], [159.479, 61.645], [159.476, 61.649], [159.476, 61.65], [159.474, 61.654], [159.472, 61.658], [159.472, 61.659], [159.471, 61.663], [159.471, 61.664], [159.47, 61.668], [159.47, 61.669], [159.469, 61.673], [159.469, 61.674], [159.468, 61.676], [159.466, 61.68], [159.464, 61.684], [159.464, 61.685], [159.463, 61.689], [159.463, 61.69], [159.462, 61.694], [159.462, 61.695], [159.462, 61.699], [159.462, 61.704], [159.463, 61.716], [159.462, 61.716], [159.458, 61.718], [159.457, 61.718], [159.453, 61.72], [159.434, 61.731], [159.433, 61.731], [159.415, 61.736], [159.414, 61.736], [159.41, 61.738], [159.381, 61.749], [159.377, 61.75], [159.377, 61.751], [159.374, 61.752], [159.373, 61.753], [159.37, 61.755], [159.369, 61.755], [159.366, 61.758], [159.363, 61.761], [159.358, 61.766], [159.353, 61.767], [159.348, 61.767], [159.347, 61.767], [159.343, 61.768], [159.342, 61.768], [159.338, 61.77], [159.333, 61.772], [159.329, 61.775], [159.328, 61.775], [159.325, 61.778], [159.324, 61.778], [159.321, 61.781], [159.317, 61.785], [159.314, 61.789], [159.312, 61.793], [159.312, 61.794], [159.307, 61.803], [159.306, 61.804], [159.305, 61.808], [159.304, 61.808], [159.303, 61.812], [159.303, 61.813], [159.302, 61.817], [159.301, 61.822], [159.301, 61.826], [159.301, 61.827], [159.301, 61.831], [159.301, 61.832], [159.302, 61.836], [159.302, 61.837], [159.303, 61.841], [159.305, 61.845], [159.305, 61.846], [159.306, 61.849], [159.282, 61.851], [159.281, 61.852], [159.208, 61.862], [159.207, 61.862], [159.117, 61.867], [159.066, 61.866], [159.03, 61.866], [159.03, 61.865], [159.023, 61.862], [159.017, 61.859], [159.016, 61.859], [159.002, 61.854], [158.998, 61.853], [158.994, 61.852], [158.993, 61.852], [158.989, 61.852], [158.985, 61.852], [158.928, 61.853], [158.915, 61.848], [158.901, 61.841], [158.902, 61.839], [158.902, 61.838], [158.902, 61.834], [158.903, 61.833], [158.903, 61.829], [158.903, 61.828], [158.903, 61.824], [158.903, 61.823], [158.902, 61.819], [158.902, 61.818], [158.901, 61.814], [158.901, 61.813], [158.9, 61.809], [158.898, 61.805], [158.898, 61.804], [158.896, 61.8], [158.895, 61.8], [158.893, 61.796], [158.89, 61.792], [158.889, 61.792], [158.886, 61.789], [158.886, 61.788], [158.882, 61.786], [158.882, 61.785], [158.878, 61.783], [158.877, 61.783], [158.874, 61.781], [158.873, 61.78], [158.869, 61.779], [158.868, 61.779], [158.866, 61.778], [158.865, 61.778], [158.864, 61.778], [158.863, 61.778], [158.862, 61.778], [158.841, 61.784], [158.737, 61.775], [158.736, 61.775], [158.735, 61.775], [158.734, 61.775], [158.731, 61.776], [158.731, 61.777], [158.727, 61.779], [158.721, 61.783], [158.675, 61.784], [158.674, 61.784], [158.607, 61.782], [158.606, 61.782], [158.574, 61.781], [158.556, 61.763], [158.553, 61.76], [158.552, 61.76], [158.552, 61.759], [158.551, 61.759], [158.55, 61.759], [158.456, 61.751], [158.455, 61.751], [158.454, 61.751], [158.453, 61.751], [158.452, 61.751], [158.452, 61.752], [158.441, 61.759], [158.422, 61.766], [158.421, 61.766], [158.395, 61.773], [158.323, 61.777], [158.274, 61.776], [158.273, 61.776], [158.273, 61.775], [158.272, 61.774], [158.27, 61.771], [158.27, 61.77], [158.267, 61.767], [158.267, 61.766], [158.264, 61.763], [158.261, 61.76], [158.26, 61.76], [158.257, 61.757], [158.256, 61.757], [158.253, 61.755], [158.252, 61.755], [158.204, 61.729], [158.203, 61.729], [158.202, 61.729], [157.924, 61.705], [157.923, 61.705], [157.922, 61.705], [157.921, 61.705], [157.92, 61.705], [157.92, 61.706], [157.919, 61.706], [157.917, 61.708], [157.914, 61.711], [157.913, 61.712], [157.912, 61.713], [157.875, 61.716], [157.871, 61.717], [157.79, 61.731], [157.789, 61.731], [157.688, 61.73], [157.684, 61.73], [157.539, 61.742], [157.48, 61.734], [157.479, 61.734], [157.421, 61.704], [157.417, 61.7], [157.417, 61.696], [157.417, 61.691], [157.416, 61.687], [157.416, 61.686], [157.414, 61.675], [157.412, 61.671], [157.412, 61.67], [157.411, 61.666], [157.409, 61.663], [157.409, 61.662], [157.408, 61.662], [157.408, 61.661], [157.407, 61.661], [157.407, 61.66], [157.406, 61.66], [157.405, 61.66], [157.098, 61.633], [156.825, 61.563], [156.423, 61.401], [156.381, 61.205], [156.416, 61.127], [156.416, 61.126], [156.416, 61.125], [156.416, 61.124], [156.416, 61.123], [156.416, 61.122], [156.415, 61.121], [156.415, 61.12], [156.414, 61.12], [156.413, 61.119], [155.851, 60.883], [155.667, 60.778], [155.716, 60.614], [155.719, 60.605], [155.71, 60.606], [155.692, 60.607], [155.691, 60.607], [155.689, 60.606], [155.685, 60.604], [155.681, 60.602], [155.68, 60.602], [155.676, 60.601], [155.649, 60.595], [155.648, 60.595], [155.631, 60.586], [155.63, 60.586], [155.626, 60.584], [155.625, 60.584], [155.621, 60.583], [155.62, 60.582], [155.616, 60.581], [155.615, 60.581], [155.592, 60.578], [155.591, 60.578], [155.582, 60.564], [155.579, 60.561], [155.579, 60.56], [155.576, 60.557], [155.573, 60.554], [155.572, 60.553], [155.569, 60.551], [155.565, 60.548], [155.561, 60.546], [155.56, 60.546], [155.556, 60.545], [155.552, 60.543], [155.551, 60.543], [155.547, 60.543], [155.542, 60.542], [155.538, 60.542], [155.537, 60.542], [155.531, 60.543], [155.53, 60.537], [155.53, 60.536], [155.53, 60.532], [155.53, 60.531], [155.529, 60.527], [155.528, 60.522], [155.527, 60.518], [155.527, 60.517], [155.525, 60.513], [155.523, 60.509], [155.521, 60.505], [155.52, 60.505], [155.518, 60.501], [155.517, 60.501], [155.514, 60.498], [155.514, 60.497], [155.511, 60.495], [155.51, 60.494], [155.509, 60.494], [155.509, 60.493], [155.508, 60.493], [155.507, 60.493], [155.418, 60.468], [155.417, 60.468], [155.416, 60.468], [155.415, 60.468], [155.414, 60.468], [155.41, 60.47], [155.406, 60.472], [155.394, 60.479], [155.394, 60.48], [155.379, 60.479], [155.352, 60.476], [155.325, 60.466], [155.324, 60.466], [155.307, 60.452], [155.306, 60.452], [155.303, 60.449], [155.302, 60.449], [155.299, 60.447], [155.298, 60.446], [155.294, 60.445], [155.294, 60.444], [155.29, 60.443], [155.289, 60.443], [155.285, 60.442], [155.263, 60.438], [155.241, 60.42], [155.241, 60.419], [155.24, 60.419], [155.239, 60.419], [155.239, 60.418], [155.152, 60.394], [154.983, 60.322], [154.982, 60.322], [154.972, 60.32], [154.971, 60.32], [154.961, 60.313], [154.96, 60.313], [154.96, 60.312], [154.693, 60.199], [154.316, 59.983], [154.092, 59.776], [153.943, 59.569], [153.944, 59.397], [153.945, 59.397], [154.182, 59.301], [154.75, 59.281], [154.751, 59.281], [154.752, 59.281], [154.753, 59.281], [154.754, 59.28], [154.877, 59.158], [154.878, 59.158], [154.878, 59.157], [154.883, 59.148], [154.887, 59.139], [154.878, 59.139], [154.858, 59.139], [154.854, 59.139], [154.855, 59.137], [154.855, 59.136], [154.855, 59.132], [154.855, 59.131], [154.855, 59.127], [154.854, 59.122], [154.853, 59.117], [154.852, 59.117], [154.851, 59.113], [154.851, 59.112], [154.849, 59.108], [154.848, 59.108], [154.846, 59.104], [154.846, 59.103], [154.843, 59.1], [154.843, 59.099], [154.84, 59.096], [154.839, 59.096], [154.839, 59.095], [154.838, 59.095], [154.837, 59.095], [154.836, 59.094], [154.766, 59.086], [154.765, 59.086], [154.764, 59.086], [154.744, 59.09], [154.743, 59.09], [154.674, 59.096], [154.673, 59.096], [154.669, 59.096], [154.665, 59.097], [154.664, 59.097], [154.66, 59.099], [154.656, 59.1], [154.656, 59.101], [154.652, 59.103], [154.648, 59.105], [154.641, 59.11], [154.641, 59.111], [154.628, 59.114], [154.623, 59.116], [154.622, 59.116], [154.601, 59.125], [154.6, 59.125], [154.595, 59.128], [154.594, 59.128], [154.582, 59.135], [154.571, 59.138], [154.566, 59.14], [154.562, 59.141], [154.561, 59.142], [154.557, 59.144], [154.556, 59.144], [154.553, 59.147], [154.552, 59.147], [154.549, 59.15], [154.548, 59.151], [154.545, 59.154], [154.543, 59.156], [154.497, 59.168], [154.496, 59.168], [154.45, 59.166], [154.418, 59.151], [154.418, 59.15], [154.413, 59.149], [154.413, 59.148], [154.408, 59.147], [154.407, 59.147], [154.403, 59.146], [154.402, 59.146], [154.401, 59.146], [154.406, 59.122], [154.407, 59.118], [154.407, 59.117], [154.408, 59.113], [154.408, 59.112], [154.408, 59.108], [154.408, 59.107], [154.407, 59.103], [154.406, 59.098], [154.405, 59.094], [154.405, 59.093], [154.403, 59.089], [154.401, 59.085], [154.4, 59.084], [154.398, 59.081], [154.398, 59.08], [154.395, 59.077], [154.394, 59.077], [154.391, 59.074], [154.391, 59.073], [154.388, 59.071], [154.387, 59.07], [154.384, 59.068], [154.383, 59.068], [154.379, 59.066], [154.379, 59.065], [154.375, 59.064], [154.374, 59.063], [154.37, 59.062], [154.365, 59.061], [154.361, 59.061], [154.36, 59.061], [154.356, 59.061], [154.355, 59.061], [154.351, 59.061], [154.35, 59.061], [154.347, 59.062], [154.346, 59.062], [154.342, 59.058], [154.339, 59.055], [154.338, 59.055], [154.335, 59.052], [154.331, 59.05], [154.33, 59.049], [154.326, 59.048], [154.326, 59.047], [154.322, 59.046], [154.321, 59.046], [154.293, 59.038], [154.292, 59.038], [154.288, 59.037], [154.284, 59.036], [154.283, 59.036], [154.279, 59.036], [154.275, 59.036], [154.274, 59.036], [154.27, 59.037], [154.24, 59.042], [154.197, 59.05], [154.182, 59.044], [154.103, 59.015], [154.103, 59.014], [154.097, 59.013], [154.096, 59.013], [154.06, 59.004], [154.055, 59.003], [154.05, 59.003], [154.045, 59.003], [154.023, 59.005], [154.019, 59.005], [154.018, 59.005], [154.015, 59.006], [154.014, 59.006], [153.998, 59.01], [153.997, 59.01], [153.994, 59.011], [153.99, 59.012], [153.958, 59.026], [153.957, 59.026], [153.947, 59.028], [153.915, 59.032], [153.915, 59.033], [153.911, 59.033], [153.908, 59.034], [153.907, 59.034], [153.891, 59.039], [153.886, 59.041], [153.882, 59.043], [153.881, 59.043], [153.877, 59.045], [153.851, 59.063], [153.847, 59.066], [153.843, 59.069], [153.798, 59.114], [153.782, 59.126], [153.781, 59.126], [153.761, 59.13], [153.689, 59.135], [153.688, 59.135], [153.684, 59.136], [153.683, 59.136], [153.679, 59.137], [153.678, 59.137], [153.674, 59.138], [153.674, 59.139], [153.67, 59.14], [153.669, 59.141], [153.666, 59.143], [153.665, 59.143], [153.664, 59.143], [153.66, 59.142], [153.656, 59.141], [153.655, 59.141], [153.652, 59.141], [153.651, 59.141], [153.647, 59.141], [153.643, 59.141], [153.642, 59.141], [153.638, 59.142], [153.594, 59.151], [153.589, 59.152], [153.588, 59.152], [153.584, 59.154], [153.583, 59.154], [153.579, 59.156], [153.578, 59.157], [153.574, 59.159], [153.574, 59.16], [153.561, 59.169], [153.537, 59.174], [153.536, 59.174], [153.492, 59.183], [153.491, 59.183], [153.447, 59.181], [153.442, 59.181], [153.437, 59.181], [153.415, 59.185], [153.404, 59.156], [153.403, 59.154], [153.403, 59.153], [153.399, 59.145], [153.403, 59.131], [153.405, 59.127], [153.405, 59.126], [153.405, 59.122], [153.405, 59.121], [153.406, 59.117], [153.406, 59.116], [153.405, 59.112], [153.405, 59.111], [153.405, 59.107], [153.405, 59.106], [153.404, 59.102], [153.403, 59.102], [153.402, 59.097], [153.4, 59.093], [153.399, 59.092], [153.397, 59.089], [153.397, 59.088], [153.389, 59.077], [153.389, 59.076], [153.378, 59.061], [153.375, 59.057], [153.372, 59.054], [153.371, 59.053], [153.368, 59.051], [153.368, 59.05], [153.364, 59.048], [153.363, 59.047], [153.36, 59.045], [153.359, 59.045], [153.355, 59.043], [153.354, 59.043], [153.35, 59.042], [153.35, 59.041], [153.345, 59.041], [153.345, 59.04], [153.34, 59.04], [153.271, 59.036], [153.267, 59.036], [153.263, 59.036], [153.222, 59.04], [153.221, 59.04], [153.172, 59.034], [153.166, 59.034], [153.097, 59.033], [153.048, 59.02], [153.047, 59.019], [153.037, 59.017], [153.035, 59.012], [153.034, 59.007], [153.033, 59.007], [153.032, 59.004], [153.031, 59.003], [153.03, 59.002], [153.029, 59.002], [153.029, 59.001], [153.028, 59.001], [153.027, 59.001], [152.968, 58.996], [152.828, 58.948], [152.694, 58.873], [152.693, 58.873], [152.692, 58.873], [152.691, 58.873], [152.69, 58.873], [152.689, 58.873], [152.688, 58.873], [152.682, 58.876], [152.68, 58.877], [152.651, 58.891], [152.613, 58.894], [152.552, 58.9], [152.548, 58.901], [152.547, 58.901], [152.543, 58.902], [152.542, 58.902], [152.538, 58.903], [152.538, 58.904], [152.534, 58.905], [152.534, 58.906], [152.53, 58.908], [152.529, 58.908], [152.526, 58.911], [152.522, 58.914], [152.495, 58.94], [152.458, 58.955], [152.425, 58.959], [152.424, 58.959], [152.42, 58.96], [152.416, 58.961], [152.412, 58.963], [152.411, 58.963], [152.408, 58.965], [152.407, 58.965], [152.381, 58.979], [152.381, 58.98], [152.377, 58.982], [152.376, 58.982], [152.372, 58.98], [152.372, 58.979], [152.368, 58.977], [152.364, 58.975], [152.363, 58.974], [152.359, 58.973], [152.359, 58.972], [152.355, 58.971], [152.354, 58.971], [152.35, 58.97], [152.327, 58.967], [152.262, 58.95], [152.258, 58.949], [152.257, 58.949], [152.206, 58.94], [152.207, 58.93], [152.207, 58.928], [152.207, 58.925], [152.206, 58.921], [152.206, 58.919], [152.198, 58.923], [152.191, 58.926], [151.894, 58.823], [151.893, 58.823], [151.892, 58.823], [151.819, 58.821], [151.775, 58.81], [151.775, 58.809], [151.772, 58.809], [151.727, 58.8], [151.722, 58.799], [151.717, 58.799], [151.636, 58.799], [151.635, 58.799], [151.632, 58.799], [151.631, 58.799], [151.627, 58.8], [151.547, 58.814], [151.546, 58.814], [151.506, 58.812], [151.505, 58.812], [151.5, 58.812], [151.463, 58.814], [151.423, 58.795], [151.419, 58.793], [151.418, 58.793], [151.414, 58.792], [151.409, 58.791], [151.362, 58.783], [151.361, 58.783], [151.357, 58.783], [151.356, 58.783], [151.351, 58.783], [151.346, 58.783], [151.341, 58.784], [151.34, 58.784], [151.336, 58.786], [151.319, 58.792], [151.315, 58.794], [151.311, 58.796], [151.31, 58.797], [151.307, 58.799], [151.303, 58.802], [151.303, 58.803], [151.3, 58.806], [151.297, 58.809], [151.297, 58.81], [151.294, 58.813], [151.294, 58.814], [151.292, 58.818], [151.29, 58.822], [151.29, 58.823], [151.289, 58.827], [151.288, 58.832], [151.287, 58.836], [151.287, 58.837], [151.287, 58.841], [151.287, 58.842], [151.288, 58.846], [151.288, 58.847], [151.289, 58.85], [151.289, 58.851], [151.279, 58.858], [151.277, 58.86], [151.264, 58.871], [151.25, 58.884], [151.228, 58.901], [151.225, 58.903], [151.224, 58.904], [151.222, 58.906], [151.221, 58.907], [151.201, 58.929], [151.198, 58.933], [151.195, 58.937], [151.192, 58.942], [151.191, 58.944], [151.2, 58.946], [151.783, 59.035], [151.857, 59.056], [151.71, 59.183], [151.685, 59.205], [151.716, 59.193], [151.719, 59.192], [151.72, 59.192], [151.761, 59.185], [151.791, 59.196], [151.792, 59.196], [151.797, 59.198], [151.798, 59.198], [151.803, 59.199], [151.832, 59.202], [151.838, 59.203], [151.843, 59.202], [151.844, 59.202], [151.882, 59.198], [151.887, 59.197], [151.888, 59.197], [151.922, 59.19], [151.937, 59.194], [151.938, 59.194], [151.943, 59.196], [151.984, 59.203], [151.988, 59.204], [151.989, 59.204], [151.993, 59.204], [151.994, 59.204], [151.999, 59.204], [152.05, 59.198], [152.095, 59.204], [152.159, 59.233], [152.16, 59.234], [152.162, 59.235], [152.139, 59.243], [152.138, 59.243], [152.134, 59.24], [152.13, 59.237], [152.129, 59.237], [152.125, 59.235], [152.124, 59.235], [152.12, 59.234], [152.119, 59.234], [152.114, 59.233], [152.079, 59.229], [152.038, 59.221], [152.032, 59.22], [151.984, 59.215], [151.979, 59.215], [151.978, 59.215], [151.973, 59.215], [151.956, 59.217], [151.952, 59.218], [151.951, 59.218], [151.947, 59.219], [151.947, 59.22], [151.943, 59.221], [151.942, 59.221], [151.938, 59.223], [151.934, 59.226], [151.93, 59.228], [151.93, 59.229], [151.913, 59.243], [151.898, 59.251], [151.897, 59.251], [151.894, 59.252], [151.893, 59.252], [151.828, 59.249], [151.823, 59.249], [151.822, 59.249], [151.781, 59.251], [151.766, 59.25], [151.761, 59.249], [151.76, 59.249], [151.756, 59.249], [151.755, 59.25], [151.751, 59.25], [151.75, 59.25], [151.746, 59.251], [151.745, 59.252], [151.72, 59.259], [151.719, 59.26], [151.715, 59.261], [151.711, 59.263], [151.707, 59.265], [151.707, 59.266], [151.703, 59.268], [151.7, 59.271], [151.699, 59.272], [151.696, 59.275], [151.694, 59.278], [151.693, 59.279], [151.691, 59.282], [151.691, 59.283], [151.689, 59.287], [151.682, 59.302], [151.68, 59.306], [151.679, 59.31], [151.679, 59.311], [151.678, 59.315], [151.678, 59.316], [151.678, 59.32], [151.678, 59.321], [151.678, 59.325], [151.678, 59.33], [151.679, 59.334], [151.679, 59.335], [151.68, 59.339], [151.681, 59.339], [151.682, 59.343], [151.682, 59.344], [151.683, 59.345], [151.682, 59.345], [151.681, 59.346], [151.678, 59.348], [151.677, 59.348], [151.674, 59.351], [151.673, 59.351], [151.67, 59.354], [151.67, 59.355], [151.667, 59.358], [151.666, 59.358], [151.664, 59.362], [151.663, 59.362], [151.661, 59.366], [151.659, 59.37], [151.659, 59.371], [151.657, 59.375], [151.656, 59.38], [151.656, 59.384], [151.655, 59.385], [151.655, 59.39], [151.655, 59.396], [151.655, 59.397], [151.655, 59.398], [151.655, 59.399], [151.654, 59.401], [151.632, 59.422], [151.613, 59.438], [151.612, 59.438], [151.57, 59.454], [151.531, 59.456], [151.53, 59.456], [151.526, 59.457], [151.525, 59.457], [151.508, 59.46], [151.503, 59.461], [151.499, 59.462], [151.498, 59.462], [151.494, 59.464], [151.49, 59.466], [151.483, 59.47], [151.481, 59.472], [151.471, 59.479], [151.47, 59.479], [151.466, 59.482], [151.466, 59.483], [151.462, 59.486], [151.459, 59.49], [151.458, 59.491], [151.45, 59.502], [151.447, 59.506], [151.447, 59.507], [151.429, 59.511], [151.424, 59.513], [151.423, 59.513], [151.411, 59.518], [151.407, 59.52], [151.406, 59.52], [151.403, 59.522], [151.402, 59.523], [151.399, 59.525], [151.398, 59.525], [151.395, 59.528], [151.392, 59.531], [151.392, 59.532], [151.389, 59.535], [151.389, 59.536], [151.387, 59.538], [151.384, 59.534], [151.381, 59.531], [151.38, 59.531], [151.377, 59.528], [151.373, 59.525], [151.369, 59.523], [151.344, 59.511], [151.339, 59.509], [151.334, 59.507], [151.329, 59.506], [151.324, 59.506], [151.323, 59.506], [151.319, 59.506], [151.318, 59.506], [151.273, 59.509], [151.269, 59.51], [151.268, 59.51], [151.264, 59.511], [151.263, 59.511], [151.217, 59.524], [151.216, 59.524], [151.186, 59.527], [151.131, 59.528], [151.067, 59.529], [151.016, 59.52], [150.988, 59.515], [150.988, 59.511], [150.987, 59.507], [150.987, 59.506], [150.986, 59.505], [150.986, 59.504], [150.987, 59.503], [150.988, 59.502], [150.99, 59.498], [150.992, 59.494], [150.992, 59.493], [150.993, 59.489], [150.994, 59.485], [150.994, 59.484], [150.994, 59.48], [150.994, 59.479], [150.994, 59.475], [150.994, 59.474], [150.994, 59.47], [150.991, 59.454], [150.991, 59.453], [150.99, 59.449], [150.99, 59.448], [150.989, 59.444], [150.989, 59.443], [150.987, 59.441], [150.987, 59.44], [150.986, 59.439], [150.986, 59.438], [150.985, 59.438], [150.984, 59.437], [150.983, 59.437], [150.982, 59.437], [150.696, 59.432], [150.695, 59.432], [150.694, 59.433], [150.693, 59.433], [150.692, 59.434], [150.691, 59.435], [150.691, 59.436], [150.69, 59.437], [150.69, 59.438], [150.69, 59.439], [150.69, 59.443], [150.675, 59.444], [150.624, 59.439], [150.542, 59.429], [150.541, 59.429], [150.537, 59.429], [150.536, 59.429], [150.531, 59.429], [150.526, 59.43], [150.521, 59.431], [150.489, 59.441], [150.485, 59.442], [150.484, 59.443], [150.481, 59.444], [150.48, 59.445], [150.476, 59.447], [150.472, 59.45], [150.469, 59.453], [150.468, 59.453], [150.466, 59.456], [150.465, 59.457], [150.463, 59.46], [150.462, 59.461], [150.46, 59.464], [150.46, 59.465], [150.458, 59.469], [150.456, 59.473], [150.456, 59.474], [150.455, 59.478], [150.454, 59.482], [150.454, 59.483], [150.454, 59.487], [150.454, 59.488], [150.454, 59.492], [150.454, 59.493], [150.454, 59.497], [150.455, 59.497], [150.455, 59.502], [150.456, 59.502], [150.457, 59.506], [150.457, 59.507], [150.459, 59.511], [150.461, 59.515], [150.464, 59.519], [150.467, 59.523], [150.47, 59.526], [150.45, 59.534], [150.449, 59.535], [150.446, 59.536], [150.445, 59.537], [150.442, 59.539], [150.441, 59.539], [150.438, 59.541], [150.437, 59.542], [150.434, 59.544], [150.434, 59.545], [150.431, 59.548], [150.428, 59.551], [150.428, 59.552], [150.425, 59.555], [150.425, 59.556], [150.423, 59.559], [150.423, 59.56], [150.421, 59.564], [150.419, 59.569], [150.419, 59.57], [150.403, 59.573], [150.402, 59.573], [150.334, 59.582], [150.33, 59.583], [150.326, 59.584], [150.322, 59.586], [150.293, 59.597], [150.271, 59.6], [150.27, 59.6], [150.167, 59.603], [150.166, 59.603], [150.161, 59.603], [150.155, 59.604], [150.082, 59.623], [150.079, 59.624], [149.993, 59.652], [149.752, 59.691], [149.751, 59.691], [149.599, 59.708], [149.598, 59.708], [149.445, 59.687], [149.44, 59.687], [149.44, 59.686], [149.436, 59.687], [149.435, 59.687], [149.431, 59.687], [149.427, 59.688], [149.426, 59.688], [149.422, 59.689], [149.418, 59.691], [149.416, 59.691], [149.415, 59.691], [149.412, 59.688], [149.412, 59.687], [149.409, 59.685], [149.408, 59.684], [149.405, 59.682], [149.404, 59.682], [149.4, 59.68], [149.4, 59.679], [149.396, 59.678], [149.395, 59.678], [149.391, 59.676], [149.359, 59.668], [149.358, 59.668], [149.21, 59.618], [149.154, 59.595], [149.153, 59.595], [149.153, 59.594], [149.152, 59.594], [149.151, 59.594], [149.15, 59.594], [149.045, 59.587], [148.729, 59.476], [148.728, 59.476], [148.747, 59.301], [148.747, 59.3], [148.747, 59.299], [148.747, 59.298], [148.746, 59.297], [148.746, 59.296], [148.745, 59.296], [148.745, 59.295], [148.641, 59.204], [148.641, 59.203], [148.64, 59.203], [148.639, 59.202], [148.602, 59.193], [148.598, 59.192], [148.597, 59.192], [148.593, 59.192], [148.588, 59.192], [148.584, 59.192], [148.583, 59.192], [148.465, 59.207], [148.462, 59.207], [148.429, 59.213], [148.425, 59.214], [148.424, 59.214], [148.42, 59.216], [148.419, 59.216], [148.416, 59.217], [148.415, 59.218], [148.411, 59.22], [148.407, 59.222], [148.407, 59.223], [148.404, 59.225], [148.403, 59.226], [148.4, 59.229], [148.397, 59.233], [148.395, 59.237], [148.394, 59.237], [148.392, 59.241], [148.39, 59.245], [148.39, 59.246], [148.389, 59.25], [148.388, 59.255], [148.388, 59.259], [148.388, 59.26], [148.388, 59.262], [148.387, 59.262], [148.383, 59.266], [148.382, 59.267], [148.379, 59.27], [148.378, 59.27], [148.375, 59.274], [148.372, 59.278], [148.372, 59.279], [148.37, 59.283], [148.368, 59.288], [148.366, 59.293], [148.363, 59.308], [148.362, 59.313], [148.361, 59.318], [148.362, 59.323], [148.362, 59.324], [148.362, 59.325], [148.361, 59.325], [148.361, 59.326], [148.358, 59.329], [148.358, 59.33], [148.356, 59.334], [148.353, 59.335], [148.349, 59.337], [148.323, 59.348], [148.22, 59.359], [148.219, 59.359], [148.015, 59.336], [148.011, 59.336], [148.007, 59.336], [147.918, 59.34], [147.883, 59.333], [147.889, 59.324], [147.889, 59.323], [147.891, 59.319], [147.892, 59.319], [147.893, 59.315], [147.894, 59.314], [147.895, 59.31], [147.895, 59.309], [147.896, 59.305], [147.896, 59.304], [147.896, 59.3], [147.897, 59.299], [147.897, 59.295], [147.896, 59.294], [147.896, 59.29], [147.896, 59.289], [147.895, 59.285], [147.895, 59.284], [147.894, 59.28], [147.893, 59.279], [147.892, 59.275], [147.891, 59.275], [147.889, 59.271], [147.889, 59.27], [147.886, 59.267], [147.886, 59.266], [147.883, 59.262], [147.882, 59.261], [147.881, 59.261], [147.881, 59.26], [147.88, 59.26], [147.879, 59.26], [147.879, 59.259], [147.878, 59.259], [147.645, 59.248], [147.644, 59.248], [147.643, 59.248], [147.642, 59.248], [147.642, 59.249], [147.641, 59.249], [147.639, 59.251], [147.638, 59.252], [147.636, 59.254], [147.622, 59.256], [147.603, 59.255], [147.602, 59.254], [147.602, 59.253], [147.601, 59.25], [147.601, 59.249], [147.601, 59.248], [147.6, 59.248], [147.6, 59.247], [147.599, 59.247], [147.599, 59.246], [147.598, 59.246], [147.597, 59.246], [147.597, 59.245], [147.596, 59.245], [147.384, 59.235], [147.383, 59.235], [147.382, 59.235], [147.381, 59.235], [147.381, 59.236], [147.38, 59.236], [147.358, 59.254], [147.357, 59.255], [147.353, 59.257], [147.351, 59.258], [147.35, 59.258], [147.329, 59.26], [147.328, 59.26], [147.323, 59.261], [147.322, 59.261], [147.309, 59.264], [147.304, 59.265], [147.3, 59.267], [147.299, 59.267], [147.27, 59.28], [147.262, 59.283], [147.261, 59.283], [147.251, 59.284], [147.247, 59.283], [147.225, 59.27], [147.224, 59.27], [147.221, 59.268], [147.22, 59.268], [147.216, 59.266], [147.212, 59.265], [147.211, 59.264], [147.207, 59.264], [147.206, 59.263], [147.202, 59.263], [147.197, 59.263], [147.193, 59.263], [147.192, 59.263], [147.188, 59.264], [147.159, 59.271], [147.122, 59.278], [147.117, 59.28], [147.116, 59.28], [147.111, 59.282], [147.11, 59.282], [147.045, 59.313], [147.044, 59.313], [147.03, 59.313], [147.024, 59.314], [147.023, 59.314], [146.977, 59.32], [146.891, 59.315], [146.867, 59.312], [146.863, 59.311], [146.862, 59.311], [146.858, 59.311], [146.853, 59.312], [146.713, 59.332], [146.712, 59.332], [146.707, 59.334], [146.706, 59.334], [146.701, 59.335], [146.684, 59.342], [146.68, 59.344], [146.679, 59.345], [146.675, 59.347], [146.674, 59.347], [146.67, 59.35], [146.67, 59.351], [146.666, 59.354], [146.666, 59.355], [146.661, 59.36], [146.658, 59.364], [146.655, 59.367], [146.655, 59.368], [146.653, 59.371], [146.653, 59.372], [146.651, 59.376], [146.649, 59.38], [146.649, 59.383], [146.648, 59.384], [146.647, 59.385], [146.623, 59.392], [146.609, 59.397], [146.558, 59.403], [146.552, 59.404], [146.551, 59.404], [146.518, 59.412], [146.517, 59.412], [146.504, 59.413], [146.503, 59.413], [146.45, 59.411], [146.383, 59.385], [146.369, 59.376], [146.369, 59.368], [146.375, 59.326], [146.375, 59.321], [146.375, 59.317], [146.375, 59.316], [146.374, 59.296], [146.373, 59.291], [146.373, 59.29], [146.376, 59.285], [146.377, 59.284], [146.379, 59.28], [146.381, 59.275], [146.37, 59.276], [146.307, 59.286], [146.054, 59.251], [146.024, 59.196], [146.023, 59.196], [145.993, 59.097], [145.992, 59.096], [145.992, 59.095], [145.991, 59.095], [145.991, 59.094], [145.99, 59.094], [145.99, 59.093], [145.989, 59.093], [145.988, 59.093], [145.987, 59.093], [145.986, 59.093], [145.973, 59.093], [145.969, 59.094], [145.968, 59.094], [145.964, 59.095], [145.963, 59.095], [145.959, 59.096], [145.955, 59.098], [145.954, 59.098], [145.951, 59.1], [145.95, 59.101], [145.947, 59.103], [145.946, 59.103], [145.943, 59.106], [145.94, 59.109], [145.939, 59.11], [145.937, 59.113], [145.936, 59.113], [145.934, 59.117], [145.933, 59.117], [145.931, 59.121], [145.931, 59.122], [145.93, 59.125], [145.929, 59.126], [145.928, 59.13], [145.928, 59.131], [145.927, 59.135], [145.926, 59.14], [145.925, 59.156], [145.906, 59.17], [145.902, 59.172], [145.901, 59.172], [145.852, 59.178], [145.847, 59.179], [145.846, 59.179], [145.842, 59.18], [145.841, 59.181], [145.826, 59.186], [145.821, 59.188], [145.804, 59.196], [145.803, 59.196], [145.8, 59.198], [145.799, 59.199], [145.795, 59.201], [145.792, 59.204], [145.791, 59.204], [145.788, 59.208], [145.785, 59.211], [145.785, 59.212], [145.782, 59.215], [145.782, 59.216], [145.78, 59.22], [145.778, 59.224], [145.778, 59.225], [145.776, 59.229], [145.776, 59.23], [145.776, 59.234], [145.775, 59.235], [145.775, 59.239], [145.774, 59.257], [145.774, 59.262], [145.775, 59.267], [145.776, 59.272], [145.777, 59.276], [145.777, 59.277], [145.779, 59.281], [145.782, 59.285], [145.782, 59.286], [145.791, 59.301], [145.8, 59.317], [145.801, 59.318], [145.8, 59.318], [145.799, 59.318], [145.759, 59.326], [145.755, 59.327], [145.751, 59.328], [145.75, 59.329], [145.747, 59.33], [145.746, 59.33], [145.743, 59.332], [145.743, 59.333], [145.714, 59.35], [145.675, 59.365], [145.67, 59.367], [145.669, 59.367], [145.665, 59.37], [145.664, 59.37], [145.661, 59.373], [145.659, 59.373], [145.658, 59.372], [145.654, 59.372], [145.653, 59.372], [145.625, 59.371], [145.624, 59.371], [145.619, 59.371], [145.595, 59.373], [145.551, 59.364], [145.544, 59.363], [145.454, 59.359], [145.362, 59.343], [145.358, 59.343], [145.357, 59.343], [145.354, 59.343], [145.353, 59.343], [145.349, 59.343], [145.32, 59.346], [145.315, 59.346], [145.311, 59.347], [145.31, 59.348], [145.306, 59.349], [145.302, 59.351], [145.291, 59.356], [145.287, 59.359], [145.234, 59.358], [145.144, 59.341], [145.143, 59.341], [145.142, 59.341], [145.008, 59.32], [145.004, 59.32], [145.003, 59.32], [144.998, 59.32], [144.761, 59.331], [144.76, 59.331], [144.756, 59.332], [144.755, 59.332], [144.751, 59.333], [144.747, 59.334], [144.746, 59.334], [144.742, 59.336], [144.738, 59.338], [144.737, 59.338], [144.734, 59.341], [144.733, 59.341], [144.732, 59.342], [144.73, 59.34], [144.73, 59.339], [144.727, 59.336], [144.726, 59.336], [144.723, 59.334], [144.722, 59.333], [144.718, 59.331], [144.714, 59.329], [144.713, 59.329], [144.709, 59.327], [144.705, 59.326], [144.704, 59.326], [144.7, 59.325], [144.699, 59.325], [144.695, 59.325], [144.694, 59.325], [144.455, 59.325], [144.451, 59.325], [144.362, 59.331], [144.358, 59.332], [144.357, 59.332], [144.353, 59.333], [144.352, 59.333], [144.348, 59.334], [144.348, 59.335], [144.344, 59.336], [144.343, 59.337], [144.339, 59.339], [144.335, 59.341], [144.335, 59.342], [144.332, 59.344], [144.332, 59.345], [144.308, 59.34], [144.307, 59.34], [144.301, 59.339], [144.3, 59.339], [144.284, 59.338], [144.277, 59.338], [144.127, 59.35], [143.937, 59.355], [143.932, 59.355], [143.928, 59.356], [143.927, 59.356], [143.924, 59.357], [143.923, 59.357], [143.919, 59.359], [143.915, 59.361], [143.899, 59.369], [143.856, 59.355], [143.853, 59.354], [143.852, 59.354], [143.594, 59.29], [143.593, 59.29], [143.55, 59.28], [143.549, 59.28], [143.424, 59.273], [143.423, 59.273], [143.405, 59.274], [143.404, 59.274], [143.401, 59.275], [143.4, 59.275], [143.397, 59.276], [143.396, 59.276], [143.392, 59.277], [143.344, 59.293], [143.34, 59.294], [143.3, 59.311], [143.227, 59.312], [143.222, 59.313], [143.217, 59.313], [143.217, 59.314], [143.212, 59.315], [143.207, 59.317], [143.203, 59.319], [143.202, 59.319], [143.198, 59.322], [143.195, 59.318], [143.194, 59.318], [143.191, 59.315], [143.187, 59.312], [143.183, 59.31], [143.179, 59.308], [143.178, 59.307], [143.174, 59.306], [143.169, 59.305], [143.023, 59.276], [143.022, 59.276], [143.021, 59.276], [142.927, 59.28], [142.846, 59.273], [142.846, 59.272], [142.358, 59.141], [141.924, 58.941], [141.591, 58.728], [141.591, 58.727], [141.351, 58.502], [141.35, 58.501], [141.349, 58.501], [141.348, 58.5], [140.994, 58.391], [140.588, 58.239], [140.587, 58.239], [140.5, 58.171], [140.044, 57.661], [140.043, 57.661], [140.043, 57.66], [140.029, 57.653], [140.026, 57.651], [140.025, 57.651], [140.022, 57.649], [140.006, 57.643], [140.005, 57.643], [139.978, 57.623], [139.977, 57.622], [139.294, 57.336], [138.867, 57.125], [138.867, 57.124], [138.346, 56.804], [137.602, 56.24], [137.229, 55.983], [136.522, 55.59], [136.521, 55.59], [136.119, 55.421], [135.27, 55.029], [135.269, 55.029], [134.985, 54.854], [134.894, 54.72], [134.902, 54.56], [134.902, 54.559], [135.094, 54.433], [135.095, 54.433], [135.312, 54.413], [135.313, 54.413], [135.726, 54.407], [136.196, 54.475], [136.197, 54.475], [136.484, 54.456], [136.485, 54.456], [136.486, 54.456], [136.487, 54.455], [136.488, 54.455], [136.488, 54.454], [136.489, 54.453], [136.489, 54.452], [136.49, 54.452], [136.49, 54.451], [136.49, 54.45], [136.49, 54.449], [136.49, 54.448], [136.344, 53.888], [136.351, 53.701], [136.487, 53.655], [136.77, 53.695], [137.039, 53.861], [137.039, 53.862], [137.04, 53.862], [137.041, 53.862], [137.042, 53.862], [137.043, 53.862], [137.372, 53.811], [137.373, 53.811], [137.374, 53.811], [137.375, 53.81], [137.376, 53.81], [137.376, 53.809], [137.377, 53.808], [137.377, 53.807], [137.377, 53.806], [137.377, 53.805], [137.377, 53.804], [137.377, 53.803], [137.376, 53.802], [137.326, 53.744], [137.326, 53.743], [137.325, 53.743], [137.122, 53.59], [137.122, 53.589], [137.071, 53.49], [137.071, 53.489], [137.219, 53.46], [137.22, 53.46], [137.221, 53.46], [137.222, 53.46], [137.222, 53.459], [137.223, 53.459], [137.223, 53.458], [137.224, 53.457], [137.224, 53.456], [137.224, 53.455], [137.224, 53.454], [137.224, 53.453], [137.224, 53.452], [137.223, 53.451], [137.222, 53.45], [137.221, 53.449], [136.162, 53.021], [136.161, 53.021], [136.16, 53.021], [135.273, 53.021], [134.7, 52.949], [134.699, 52.949], [134.698, 52.949], [134.697, 52.949], [134.697, 52.95], [134.696, 52.95], [134.695, 52.951], [134.694, 52.951], [134.694, 52.952], [134.694, 52.953], [134.694, 52.954], [134.693, 52.954], [134.693, 52.955], [134.693, 52.956], [134.694, 52.956], [134.694, 52.957], [134.694, 52.958], [134.695, 52.959], [134.8, 53.055], [134.801, 53.055], [134.802, 53.056], [134.803, 53.056], [134.871, 53.073], [134.875, 53.091], [134.875, 53.092], [134.844, 53.123], [134.843, 53.123], [134.843, 53.124], [134.843, 53.125], [134.842, 53.125], [134.842, 53.126], [134.842, 53.127], [134.842, 53.128], [134.842, 53.129], [134.863, 53.179], [134.863, 53.18], [134.864, 53.181], [134.864, 53.182], [134.865, 53.182], [134.866, 53.182], [134.946, 53.219], [134.961, 53.265], [134.954, 53.275], [134.916, 53.286], [134.915, 53.286], [134.915, 53.287], [134.914, 53.287], [134.913, 53.288], [134.913, 53.289], [134.912, 53.289], [134.912, 53.29], [134.899, 53.32], [134.84, 53.33], [134.839, 53.33], [134.838, 53.331], [134.824, 53.339], [134.823, 53.34], [134.822, 53.34], [134.822, 53.341], [134.822, 53.342], [134.821, 53.343], [134.821, 53.344], [134.821, 53.345], [134.821, 53.346], [134.822, 53.346], [134.822, 53.347], [134.835, 53.374], [134.835, 53.375], [134.836, 53.376], [134.836, 53.377], [134.837, 53.377], [134.838, 53.377], [134.839, 53.378], [134.84, 53.378], [134.841, 53.378], [134.915, 53.37], [134.93, 53.399], [134.919, 53.431], [134.844, 53.455], [134.843, 53.455], [134.842, 53.456], [134.841, 53.457], [134.841, 53.458], [134.84, 53.458], [134.84, 53.459], [134.837, 53.477], [134.837, 53.478], [134.828, 53.484], [134.767, 53.48], [134.766, 53.48], [134.765, 53.48], [134.764, 53.48], [134.764, 53.481], [134.763, 53.481], [134.762, 53.482], [134.761, 53.483], [134.752, 53.496], [134.751, 53.496], [134.751, 53.497], [134.751, 53.498], [134.751, 53.499], [134.751, 53.5], [134.751, 53.501], [134.751, 53.502], [134.762, 53.524], [134.756, 53.54], [134.688, 53.567], [134.687, 53.568], [134.639, 53.6], [134.556, 53.626], [134.555, 53.626], [134.514, 53.602], [134.513, 53.602], [134.513, 53.601], [134.512, 53.601], [134.44, 53.596], [134.432, 53.582], [134.445, 53.543], [134.445, 53.542], [134.445, 53.541], [134.445, 53.54], [134.445, 53.539], [134.445, 53.538], [134.444, 53.538], [134.444, 53.537], [134.443, 53.536], [134.431, 53.527], [134.431, 53.526], [134.43, 53.526], [134.429, 53.525], [134.428, 53.525], [134.409, 53.523], [134.408, 53.523], [134.407, 53.523], [134.406, 53.523], [134.363, 53.536], [134.261, 53.521], [134.26, 53.521], [134.225, 53.523], [134.218, 53.516], [134.213, 53.483], [134.213, 53.482], [134.213, 53.481], [134.212, 53.48], [134.212, 53.479], [134.211, 53.479], [134.21, 53.478], [134.209, 53.478], [134.208, 53.478], [134.207, 53.477], [134.206, 53.478], [134.154, 53.485], [134.153, 53.485], [134.1, 53.452], [134.1, 53.451], [134.099, 53.451], [134.098, 53.451], [134.011, 53.438], [134.01, 53.438], [134.009, 53.438], [133.888, 53.47], [133.83, 53.468], [133.829, 53.468], [133.828, 53.468], [133.828, 53.469], [133.827, 53.469], [133.826, 53.469], [133.796, 53.492], [133.759, 53.474], [133.758, 53.474], [133.758, 53.473], [133.757, 53.473], [133.73, 53.473], [133.729, 53.473], [133.728, 53.473], [133.727, 53.473], [133.727, 53.474], [133.726, 53.474], [133.646, 53.544], [133.621, 53.551], [133.62, 53.551], [133.565, 53.549], [133.564, 53.549], [133.546, 53.535], [133.546, 53.534], [133.529, 53.504], [133.528, 53.503], [133.527, 53.502], [133.526, 53.502], [133.525, 53.501], [133.49, 53.498], [133.489, 53.498], [133.488, 53.498], [133.487, 53.498], [133.487, 53.499], [133.486, 53.499], [133.485, 53.5], [133.474, 53.513], [133.473, 53.513], [133.457, 53.512], [133.456, 53.512], [133.4, 53.482], [133.399, 53.482], [133.398, 53.481], [133.313, 53.474], [133.312, 53.474], [133.213, 53.43], [133.212, 53.43], [133.185, 53.397], [133.176, 53.363], [133.176, 53.362], [133.176, 53.361], [133.175, 53.361], [133.175, 53.36], [133.174, 53.36], [133.158, 53.345], [133.171, 53.318], [133.171, 53.317], [133.171, 53.316], [133.171, 53.315], [133.171, 53.314], [133.171, 53.313], [133.17, 53.312], [133.164, 53.302], [133.164, 53.301], [133.163, 53.301], [133.162, 53.3], [133.161, 53.3], [133.161, 53.299], [133.16, 53.299], [133.159, 53.299], [133.158, 53.299], [133.098, 53.309], [133.022, 53.289], [133.021, 53.288], [133.02, 53.288], [132.942, 53.292], [132.926, 53.285], [132.9, 53.246], [132.9, 53.245], [132.899, 53.245], [132.899, 53.244], [132.898, 53.244], [132.898, 53.243], [132.897, 53.243], [132.876, 53.237], [132.875, 53.236], [132.874, 53.236], [132.873, 53.236], [132.791, 53.25], [132.704, 53.246], [132.703, 53.246], [132.652, 53.262], [132.595, 53.235], [132.594, 53.235], [132.593, 53.235], [132.592, 53.235], [132.449, 53.234], [132.448, 53.234], [132.386, 53.25], [132.214, 53.226], [132.213, 53.226], [132.099, 53.227], [132.07, 53.214], [132.07, 53.213], [132.038, 53.162], [132.038, 53.161], [132.037, 53.161], [132.037, 53.16], [132.019, 53.144], [132.018, 53.144], [132.018, 53.143], [132.017, 53.143], [132.016, 53.143], [131.992, 53.139], [131.991, 53.139], [131.99, 53.139], [131.945, 53.149], [131.897, 53.134], [131.896, 53.134], [131.895, 53.134], [131.894, 53.134], [131.893, 53.134], [131.892, 53.134], [131.892, 53.135], [131.846, 53.163], [131.845, 53.163], [131.845, 53.164], [131.844, 53.165], [131.844, 53.166], [131.843, 53.166], [131.843, 53.167], [131.843, 53.168], [131.843, 53.169], [131.843, 53.17], [131.844, 53.17], [131.844, 53.171], [131.869, 53.217], [131.867, 53.232], [131.854, 53.238], [131.782, 53.246], [131.742, 53.232], [131.741, 53.232], [131.74, 53.232], [131.548, 53.219], [131.547, 53.219], [131.546, 53.219], [131.545, 53.219], [131.544, 53.22], [131.543, 53.22], [131.543, 53.221], [131.542, 53.222], [131.522, 53.256], [131.521, 53.257], [131.521, 53.258], [131.521, 53.259], [131.521, 53.26], [131.522, 53.28], [131.522, 53.281], [131.523, 53.282], [131.523, 53.283], [131.538, 53.308], [131.538, 53.309], [131.526, 53.361], [131.505, 53.426], [131.488, 53.442], [131.488, 53.443], [131.487, 53.443], [131.487, 53.444], [131.487, 53.445], [131.486, 53.446], [131.488, 53.477], [131.488, 53.478], [131.47, 53.497], [131.469, 53.498], [131.469, 53.499], [131.468, 53.5], [131.468, 53.501], [131.468, 53.502], [131.468, 53.503], [131.469, 53.503], [131.469, 53.504], [131.469, 53.505], [131.503, 53.553], [131.505, 53.57], [131.482, 53.609], [131.452, 53.628], [131.451, 53.628], [131.451, 53.629], [131.45, 53.629], [131.45, 53.63], [131.45, 53.631], [131.449, 53.631], [131.449, 53.632], [131.449, 53.633], [131.449, 53.634], [131.449, 53.635], [131.455, 53.661], [131.434, 53.705], [131.433, 53.705], [131.433, 53.706], [131.433, 53.707], [131.433, 53.708], [131.434, 53.748], [131.332, 53.783], [131.332, 53.784], [131.331, 53.784], [131.262, 53.786], [131.261, 53.786], [131.197, 53.8], [131.196, 53.8], [131.196, 53.801], [131.195, 53.801], [131.194, 53.802], [131.194, 53.803], [131.13, 53.908], [130.546, 53.908], [130.545, 53.908], [130.545, 53.909], [130.544, 53.909], [130.543, 53.909], [130.543, 53.91], [130.542, 53.91], [130.542, 53.911], [130.541, 53.911], [130.541, 53.912], [130.541, 53.913], [130.54, 53.913], [130.54, 53.914], [130.54, 53.915], [130.541, 53.916], [130.614, 54.181], [130.614, 54.182], [130.615, 54.182], [130.615, 54.183], [130.616, 54.183], [130.616, 54.184], [130.617, 54.184], [130.664, 54.209], [130.68, 54.235], [130.681, 54.235], [130.681, 54.236], [130.682, 54.236], [130.683, 54.237], [130.684, 54.237], [130.725, 54.251], [130.744, 54.275], [130.745, 54.276], [130.746, 54.277], [130.747, 54.277], [130.757, 54.28], [130.758, 54.28], [130.759, 54.28], [130.831, 54.277], [130.863, 54.3], [130.864, 54.301], [130.926, 54.32], [130.926, 54.321], [130.927, 54.321], [130.928, 54.321], [130.929, 54.321], [130.93, 54.32], [131.044, 54.277], [131.109, 54.312], [131.165, 54.402], [131.229, 54.538], [131.227, 54.553], [131.198, 54.593], [131.197, 54.594], [131.197, 54.595], [131.197, 54.596], [131.197, 54.597], [131.197, 54.601], [131.197, 54.602], [131.197, 54.603], [131.198, 54.603], [131.198, 54.604], [131.198, 54.605], [131.199, 54.605], [131.2, 54.606], [131.201, 54.606], [131.279, 54.638], [131.279, 54.639], [131.316, 54.671], [131.317, 54.671], [131.317, 54.672], [131.356, 54.687], [131.389, 54.711], [131.39, 54.711], [131.391, 54.712], [131.392, 54.712], [131.534, 54.718], [131.563, 54.731], [131.616, 54.776], [131.617, 54.776], [131.618, 54.777], [131.619, 54.777], [131.62, 54.777], [131.621, 54.777], [131.622, 54.777], [131.623, 54.777], [131.623, 54.776], [131.624, 54.776], [131.625, 54.775], [131.633, 54.765], [131.66, 54.762], [131.707, 54.782], [131.708, 54.782], [131.766, 54.792], [131.784, 54.827], [131.785, 54.828], [131.785, 54.829], [131.786, 54.829], [131.787, 54.83], [131.817, 54.846], [131.818, 54.846], [131.819, 54.846], [131.881, 54.851], [131.979, 54.888], [131.995, 54.9], [131.996, 54.901], [131.999, 54.921], [131.999, 54.922], [131.968, 54.983], [131.968, 54.984], [131.968, 54.985], [131.968, 54.986], [131.968, 54.987], [131.968, 54.988], [131.969, 54.989], [131.969, 54.99], [131.97, 54.99], [131.971, 54.991], [132.063, 55.04], [132.064, 55.04], [132.065, 55.04], [132.086, 55.045], [132.087, 55.045], [132.088, 55.045], [132.255, 55.035], [132.327, 55.042], [132.328, 55.043], [132.387, 55.059], [132.387, 55.06], [132.402, 55.069], [132.408, 55.087], [132.375, 55.117], [132.375, 55.118], [132.374, 55.118], [132.374, 55.119], [132.374, 55.12], [132.373, 55.12], [132.373, 55.121], [132.372, 55.144], [132.357, 55.148], [132.356, 55.148], [132.355, 55.148], [132.354, 55.148], [132.354, 55.149], [132.353, 55.149], [132.353, 55.15], [132.352, 55.151], [132.352, 55.152], [132.352, 55.153], [132.352, 55.154], [132.352, 55.155], [132.352, 55.156], [132.353, 55.157], [132.354, 55.158], [132.367, 55.171], [132.363, 55.183], [132.363, 55.184], [132.363, 55.185], [132.363, 55.186], [132.363, 55.187], [132.363, 55.188], [132.364, 55.188], [132.364, 55.189], [132.365, 55.189], [132.365, 55.19], [132.366, 55.19], [132.367, 55.191], [132.399, 55.2], [132.4, 55.2], [132.401, 55.2], [132.461, 55.19], [132.581, 55.191], [132.629, 55.208], [132.629, 55.209], [132.693, 55.274], [132.663, 55.327], [132.663, 55.328], [132.662, 55.328], [132.662, 55.329], [132.662, 55.33], [132.662, 55.331], [132.665, 55.344], [132.666, 55.345], [132.666, 55.346], [132.667, 55.347], [132.68, 55.36], [132.681, 55.36], [132.682, 55.361], [132.683, 55.361], [132.684, 55.361], [132.685, 55.361], [132.686, 55.361], [132.687, 55.361], [132.731, 55.344], [132.732, 55.344], [132.761, 55.341], [132.762, 55.341], [132.817, 55.354], [132.818, 55.354], [132.819, 55.354], [132.919, 55.356], [132.944, 55.366], [132.948, 55.382], [132.865, 55.42], [132.864, 55.42], [132.76, 55.425], [132.759, 55.425], [132.758, 55.426], [132.757, 55.426], [132.756, 55.427], [132.722, 55.458], [132.631, 55.506], [132.63, 55.506], [132.629, 55.507], [132.628, 55.508], [132.623, 55.517], [132.623, 55.518], [132.622, 55.519], [132.622, 55.52], [132.622, 55.521], [132.622, 55.522], [132.623, 55.522], [132.623, 55.523], [132.624, 55.524], [132.624, 55.525], [132.667, 55.563], [132.555, 55.649], [132.554, 55.649], [132.554, 55.65], [132.553, 55.65], [132.553, 55.651], [132.542, 55.679], [132.541, 55.679], [132.468, 55.685], [132.467, 55.685], [132.466, 55.686], [132.401, 55.708], [132.305, 55.701], [132.304, 55.701], [132.224, 55.708], [132.212, 55.703], [132.201, 55.684], [132.2, 55.683], [132.2, 55.682], [132.199, 55.682], [132.198, 55.682], [132.197, 55.681], [132.144, 55.669], [132.125, 55.651], [132.124, 55.65], [132.123, 55.65], [132.122, 55.65], [132.121, 55.65], [131.952, 55.662], [131.893, 55.632], [131.892, 55.632], [131.892, 55.631], [131.891, 55.631], [131.805, 55.62], [131.804, 55.619], [131.803, 55.62], [131.802, 55.62], [131.753, 55.637], [131.618, 55.658], [131.596, 55.656], [131.595, 55.656], [131.595, 55.655], [131.574, 55.621], [131.574, 55.62], [131.573, 55.62], [131.572, 55.619], [131.571, 55.619], [131.57, 55.618], [131.569, 55.618], [131.568, 55.618], [131.487, 55.632], [131.486, 55.632], [131.485, 55.632], [131.484, 55.633], [131.468, 55.645], [131.467, 55.645], [131.437, 55.651], [131.375, 55.627], [131.374, 55.627], [131.373, 55.627], [131.34, 55.622], [131.339, 55.622], [131.302, 55.623], [131.301, 55.623], [131.19, 55.646], [131.108, 55.621], [131.107, 55.621], [131.106, 55.621], [131.105, 55.621], [130.999, 55.646], [130.998, 55.647], [130.997, 55.647], [130.967, 55.669], [130.925, 55.683], [130.924, 55.683], [130.841, 55.693], [130.84, 55.693], [130.743, 55.724], [130.742, 55.724], [130.601, 55.728], [130.6, 55.728], [130.599, 55.728], [130.598, 55.729], [130.597, 55.729], [130.597, 55.73], [130.596, 55.73], [130.596, 55.731], [130.391, 56.054], [130.39, 56.054], [129.207, 56.867], [128.839, 56.647], [128.838, 56.646], [128.837, 56.646], [128.836, 56.646], [128.835, 56.646], [128.171, 56.72], [126.914, 56.498], [126.913, 56.498], [126.544, 56.498], [126.543, 56.498], [124.917, 56.202], [124.916, 56.202], [124.915, 56.202], [124.546, 56.276], [124.103, 56.276], [124.102, 56.276], [124.101, 56.276], [124.005, 56.3], [124.004, 56.3], [124.003, 56.301], [124.002, 56.302], [123.993, 56.311], [123.992, 56.312], [123.991, 56.313], [123.991, 56.314], [123.985, 56.34], [123.948, 56.365], [123.887, 56.392], [123.828, 56.403], [123.782, 56.396], [123.781, 56.396], [123.78, 56.396], [123.779, 56.396], [123.778, 56.397], [123.756, 56.406], [123.631, 56.401], [123.63, 56.402], [123.511, 56.424], [123.51, 56.424], [123.468, 56.411], [123.467, 56.411], [123.466, 56.41], [123.465, 56.41], [123.29, 56.428], [123.29, 56.429], [123.134, 56.462], [123.133, 56.462], [123.046, 56.497], [123.045, 56.498], [123.011, 56.528], [122.924, 56.554], [122.923, 56.554], [122.923, 56.555], [122.922, 56.555], [122.921, 56.556], [122.921, 56.557], [122.905, 56.591], [122.888, 56.6], [122.8, 56.581], [122.801, 56.553], [122.801, 56.552], [122.801, 56.551], [122.801, 56.55], [122.8, 56.55], [122.8, 56.549], [122.799, 56.548], [122.786, 56.535], [122.78, 56.507], [122.779, 56.506], [122.779, 56.505], [122.778, 56.505], [122.778, 56.504], [122.777, 56.503], [122.776, 56.503], [122.775, 56.503], [122.774, 56.502], [122.702, 56.505], [122.661, 56.488], [122.66, 56.488], [122.659, 56.488], [122.658, 56.488], [122.592, 56.494], [122.591, 56.495], [122.59, 56.495], [122.589, 56.496], [122.573, 56.511], [122.572, 56.511], [122.572, 56.512], [122.572, 56.513], [122.571, 56.514], [122.571, 56.515], [122.571, 56.539], [122.57, 56.539], [122.486, 56.573], [122.485, 56.573], [122.485, 56.574], [122.484, 56.574], [122.484, 56.575], [122.483, 56.575], [122.483, 56.576], [122.469, 56.606], [122.386, 56.634], [122.286, 56.655], [122.285, 56.655], [122.284, 56.656], [122.195, 56.705], [122.194, 56.705], [122.193, 56.706], [122.193, 56.707], [122.192, 56.707], [122.192, 56.708], [122.182, 56.732], [122.182, 56.733], [122.161, 56.743], [122.006, 56.757], [121.934, 56.742], [121.933, 56.742], [121.932, 56.742], [121.693, 56.754], [121.606, 56.749], [121.605, 56.749], [121.604, 56.749], [121.603, 56.749], [121.603, 56.75], [121.602, 56.75], [121.601, 56.751], [121.601, 56.752], [121.6, 56.752], [121.6, 56.753], [121.6, 56.754], [121.6, 56.755], [121.6, 56.756], [121.6, 56.757], [121.6, 56.758], [121.601, 56.758], [121.601, 56.759], [121.602, 56.759], [121.619, 56.773], [121.619, 56.774], [121.62, 56.79], [121.602, 56.821], [121.533, 56.857], [121.532, 56.857], [121.532, 56.858], [121.531, 56.858], [121.531, 56.859], [121.531, 56.86], [121.53, 56.86], [121.515, 56.925], [121.515, 56.926], [121.436, 56.973], [121.408, 56.98], [121.127, 56.998], [121.126, 56.998], [121.082, 56.986], [121.081, 56.986], [121.08, 56.986], [121.079, 56.986], [121.058, 56.993], [121.057, 56.994], [121.056, 56.994], [121.055, 56.995], [121.021, 57.036], [120.889, 57.046], [120.843, 57.041], [120.842, 57.041], [120.808, 57.027], [120.807, 57.027], [120.806, 57.027], [120.805, 57.027], [120.656, 57.037], [120.655, 57.037], [120.607, 57.015], [120.606, 57.015], [120.605, 57.015], [120.604, 57.015], [120.476, 57.024], [120.475, 57.024], [120.285, 57.005], [120.246, 56.991], [120.182, 56.951], [120.181, 56.95], [120.18, 56.95], [120.03, 56.904], [120.029, 56.904], [119.897, 56.894], [119.882, 56.873], [119.881, 56.872], [119.88, 56.871], [119.86, 56.86], [119.859, 56.859], [119.699, 56.808], [119.665, 56.771], [119.669, 56.757], [119.67, 56.757], [119.704, 56.733], [119.74, 56.724], [119.766, 56.728], [119.767, 56.728], [119.768, 56.728], [119.769, 56.728], [119.769, 56.727], [119.77, 56.727], [119.771, 56.727], [119.771, 56.726], [119.772, 56.726], [119.772, 56.725], [119.773, 56.725], [119.773, 56.724], [119.785, 56.695], [119.844, 56.691], [119.845, 56.691], [119.846, 56.69], [119.859, 56.684], [119.86, 56.683], [119.861, 56.682], [119.861, 56.681], [119.862, 56.68], [119.862, 56.679], [119.864, 56.665], [119.864, 56.664], [119.863, 56.664], [119.863, 56.663], [119.863, 56.662], [119.863, 56.661], [119.862, 56.661], [119.862, 56.66], [119.861, 56.66], [119.86, 56.659], [119.817, 56.636], [119.816, 56.636], [119.804, 56.614], [119.804, 56.613], [119.805, 56.596], [119.805, 56.595], [119.823, 56.575], [119.824, 56.575], [119.914, 56.539], [119.915, 56.539], [119.915, 56.538], [119.916, 56.538], [119.916, 56.537], [119.958, 56.489], [119.999, 56.48], [120.083, 56.478], [120.084, 56.478], [120.21, 56.451], [120.263, 56.453], [120.264, 56.453], [120.265, 56.452], [120.266, 56.452], [120.268, 56.451], [120.269, 56.45], [120.27, 56.45], [120.27, 56.449], [120.271, 56.448], [120.271, 56.447], [120.271, 56.446], [120.271, 56.445], [120.271, 56.444], [120.27, 56.443], [120.27, 56.442], [120.269, 56.442], [120.269, 56.441], [120.262, 56.435], [120.271, 56.421], [120.271, 56.42], [120.271, 56.419], [120.271, 56.418], [120.271, 56.417], [120.271, 56.416], [120.271, 56.415], [120.271, 56.414], [120.27, 56.414], [120.27, 56.413], [120.269, 56.413], [120.268, 56.412], [120.252, 56.405], [120.258, 56.391], [120.333, 56.363], [120.399, 56.351], [120.4, 56.351], [120.401, 56.351], [120.402, 56.35], [120.403, 56.349], [120.403, 56.348], [120.404, 56.348], [120.404, 56.347], [120.404, 56.346], [120.404, 56.345], [120.404, 56.344], [120.404, 56.343], [120.403, 56.343], [120.403, 56.342], [120.402, 56.341], [120.386, 56.325], [120.402, 56.304], [120.403, 56.304], [120.487, 56.28], [120.528, 56.28], [120.529, 56.279], [120.53, 56.279], [120.531, 56.279], [120.532, 56.278], [120.532, 56.277], [120.535, 56.274], [120.535, 56.273], [120.536, 56.273], [120.536, 56.272], [120.536, 56.271], [120.537, 56.267], [120.537, 56.266], [120.537, 56.265], [120.537, 56.264], [120.536, 56.263], [120.536, 56.262], [120.535, 56.262], [120.525, 56.252], [120.524, 56.252], [120.524, 56.251], [120.525, 56.243], [120.525, 56.242], [120.525, 56.241], [120.524, 56.24], [120.524, 56.239], [120.523, 56.238], [120.522, 56.238], [120.522, 56.237], [120.521, 56.237], [120.52, 56.237], [120.519, 56.237], [120.495, 56.237], [120.494, 56.237], [120.452, 56.222], [120.451, 56.222], [120.45, 56.222], [120.449, 56.222], [120.343, 56.225], [120.292, 56.2], [120.291, 56.2], [120.291, 56.199], [120.29, 56.199], [120.289, 56.199], [120.235, 56.204], [120.193, 56.192], [120.145, 56.153], [120.144, 56.152], [120.143, 56.152], [120.142, 56.151], [120.141, 56.151], [120.094, 56.151], [120.059, 56.142], [120.058, 56.142], [120.047, 56.121], [120.051, 56.076], [120.051, 56.075], [120.138, 56.014], [120.139, 56.014], [120.139, 56.013], [120.14, 56.013], [120.157, 55.983], [120.158, 55.983], [120.158, 55.982], [120.158, 55.981], [120.16, 55.965], [120.16, 55.964], [120.16, 55.963], [120.159, 55.962], [120.159, 55.961], [120.158, 55.961], [120.129, 55.927], [120.127, 55.914], [120.136, 55.9], [120.18, 55.869], [120.181, 55.869], [120.26, 55.911], [120.261, 55.911], [120.262, 55.912], [120.263, 55.912], [120.278, 55.913], [120.279, 55.913], [120.28, 55.913], [120.332, 55.903], [120.333, 55.902], [120.334, 55.902], [120.335, 55.902], [120.335, 55.901], [120.336, 55.901], [120.336, 55.9], [120.362, 55.869], [120.402, 55.86], [120.468, 55.867], [120.492, 55.878], [120.496, 55.894], [120.496, 55.895], [120.497, 55.896], [120.497, 55.897], [120.498, 55.897], [120.499, 55.898], [120.508, 55.902], [120.509, 55.903], [120.796, 55.967], [120.796, 55.968], [120.836, 55.991], [120.837, 55.991], [120.838, 55.991], [120.888, 56.005], [120.889, 56.005], [120.985, 56.015], [120.986, 56.015], [120.987, 56.015], [121.078, 55.992], [121.079, 55.992], [121.203, 56.01], [121.204, 56.01], [121.205, 56.01], [121.206, 56.01], [121.207, 56.01], [121.208, 56.009], [121.27, 55.945], [121.271, 55.944], [121.271, 55.943], [121.272, 55.942], [121.282, 55.896], [121.282, 55.895], [121.282, 55.894], [121.274, 55.86], [121.274, 55.859], [121.302, 55.843], [121.303, 55.843], [121.304, 55.842], [121.305, 55.841], [121.317, 55.821], [121.343, 55.809], [121.344, 55.809], [121.344, 55.808], [121.345, 55.808], [121.345, 55.807], [121.346, 55.806], [121.346, 55.805], [121.346, 55.804], [121.346, 55.803], [121.346, 55.802], [121.346, 55.801], [121.345, 55.801], [121.345, 55.8], [121.297, 55.732], [121.317, 55.704], [121.318, 55.704], [121.318, 55.703], [121.318, 55.702], [121.319, 55.701], [121.318, 55.667], [121.329, 55.629], [121.329, 55.628], [121.351, 55.599], [121.351, 55.598], [121.352, 55.598], [121.352, 55.597], [121.352, 55.596], [121.352, 55.595], [121.352, 55.594], [121.352, 55.593], [121.332, 55.545], [121.34, 55.523], [121.34, 55.522], [121.36, 55.503], [121.361, 55.503], [121.439, 55.476], [121.463, 55.497], [121.464, 55.498], [121.465, 55.498], [121.466, 55.498], [121.467, 55.498], [121.549, 55.499], [121.576, 55.518], [121.577, 55.518], [121.577, 55.519], [121.578, 55.519], [121.636, 55.53], [121.636, 55.531], [121.637, 55.531], [121.688, 55.591], [121.688, 55.592], [121.689, 55.592], [121.689, 55.593], [121.69, 55.593], [121.691, 55.593], [121.768, 55.61], [121.769, 55.61], [121.77, 55.61], [121.812, 55.606], [121.813, 55.606], [121.814, 55.606], [121.814, 55.605], [121.834, 55.596], [121.859, 55.602], [121.86, 55.602], [121.861, 55.602], [121.862, 55.602], [121.883, 55.598], [121.884, 55.598], [121.885, 55.598], [121.886, 55.597], [121.887, 55.596], [121.888, 55.595], [121.888, 55.594], [121.901, 55.554], [121.922, 55.53], [121.923, 55.53], [121.923, 55.529], [121.923, 55.528], [121.931, 55.507], [121.975, 55.477], [121.976, 55.477], [121.976, 55.476], [121.977, 55.476], [121.977, 55.475], [121.977, 55.474], [121.978, 55.473], [121.978, 55.472], [121.978, 55.471], [121.977, 55.471], [121.969, 55.442], [121.98, 55.415], [121.98, 55.414], [121.98, 55.413], [121.98, 55.412], [121.98, 55.411], [121.98, 55.41], [121.979, 55.41], [121.957, 55.369], [121.953, 55.309], [121.953, 55.308], [121.952, 55.308], [121.952, 55.307], [121.952, 55.306], [121.935, 55.282], [121.946, 55.25], [121.946, 55.249], [121.946, 55.248], [121.946, 55.247], [121.946, 55.246], [121.934, 55.214], [121.964, 55.191], [122.003, 55.186], [122.003, 55.185], [122.004, 55.185], [122.005, 55.185], [122.006, 55.184], [122.007, 55.183], [122.007, 55.182], [122.008, 55.182], [122.008, 55.181], [122.008, 55.18], [122.008, 55.179], [122.008, 55.178], [122.008, 55.177], [122.007, 55.177], [122.007, 55.176], [122.006, 55.175], [122.005, 55.175], [121.929, 55.123], [121.928, 55.123], [121.926, 55.114], [121.927, 55.114], [121.943, 55.082], [121.943, 55.081], [121.943, 55.08], [121.944, 55.079], [121.942, 55.0], [121.942, 54.999], [121.942, 54.998], [121.942, 54.997], [121.941, 54.997], [121.941, 54.996], [121.94, 54.995], [121.9, 54.971], [121.899, 54.971], [121.898, 54.97], [121.85, 54.958], [121.841, 54.939], [121.841, 54.938], [121.841, 54.937], [121.84, 54.937], [121.839, 54.936], [121.785, 54.893], [121.784, 54.893], [121.667, 54.83], [121.661, 54.816], [121.668, 54.794], [121.668, 54.793], [121.668, 54.792], [121.668, 54.791], [121.668, 54.79], [121.667, 54.789], [121.649, 54.762], [121.648, 54.762], [121.647, 54.741], [121.647, 54.74], [121.664, 54.719], [121.694, 54.719], [121.695, 54.719], [121.735, 54.75], [121.736, 54.751], [121.737, 54.751], [121.738, 54.752], [121.793, 54.757], [121.827, 54.779], [121.828, 54.779], [121.885, 54.794], [121.886, 54.794], [121.887, 54.794], [121.888, 54.794], [121.889, 54.794], [121.889, 54.793], [121.89, 54.793], [121.891, 54.792], [121.891, 54.791], [121.892, 54.791], [121.892, 54.79], [121.892, 54.789], [121.893, 54.789], [121.893, 54.788], [121.893, 54.787], [121.892, 54.786], [121.885, 54.757], [121.885, 54.756], [121.915, 54.732], [121.916, 54.732], [121.916, 54.731], [121.917, 54.73], [121.917, 54.729], [121.917, 54.728], [121.919, 54.712], [121.919, 54.711], [121.919, 54.71], [121.919, 54.709], [121.918, 54.709], [121.918, 54.708], [121.88, 54.66], [121.884, 54.647], [121.885, 54.647], [121.928, 54.622], [121.929, 54.622], [121.929, 54.621], [121.93, 54.621], [121.93, 54.62], [121.931, 54.62], [121.931, 54.619], [121.931, 54.618], [121.932, 54.617], [121.932, 54.616], [121.931, 54.616], [121.931, 54.615], [121.92, 54.573], [121.92, 54.572], [121.991, 54.537], [121.992, 54.537], [121.992, 54.536], [121.993, 54.536], [122.019, 54.504], [122.02, 54.504], [122.059, 54.495], [122.06, 54.495], [122.123, 54.464], [122.124, 54.464], [122.125, 54.463], [122.125, 54.462], [122.133, 54.452], [122.133, 54.451], [122.133, 54.45], [122.134, 54.45], [122.134, 54.449], [122.134, 54.448], [122.134, 54.447], [122.131, 54.431], [122.13, 54.43], [122.13, 54.429], [122.129, 54.428], [122.115, 54.413], [122.114, 54.412], [122.113, 54.412], [122.112, 54.411], [122.012, 54.4], [121.905, 54.375], [121.904, 54.375], [121.903, 54.375], [121.902, 54.375], [121.901, 54.375], [121.882, 54.385], [121.881, 54.385], [121.881, 54.386], [121.88, 54.386], [121.88, 54.387], [121.88, 54.388], [121.879, 54.388], [121.879, 54.389], [121.877, 54.415], [121.877, 54.416], [121.869, 54.423], [121.869, 54.424], [121.816, 54.441], [121.815, 54.441], [121.73, 54.43], [121.711, 54.419], [121.71, 54.419], [121.65, 54.355], [121.702, 54.329], [121.703, 54.329], [121.704, 54.328], [121.705, 54.328], [121.705, 54.327], [121.726, 54.286], [121.742, 54.278], [121.743, 54.278], [121.743, 54.277], [121.744, 54.277], [121.744, 54.276], [121.745, 54.276], [121.745, 54.275], [121.745, 54.274], [121.746, 54.274], [121.746, 54.273], [121.746, 54.272], [121.746, 54.271], [121.745, 54.271], [121.745, 54.27], [121.725, 54.223], [121.724, 54.223], [121.746, 54.154], [121.746, 54.153], [121.746, 54.152], [121.746, 54.151], [121.746, 54.15], [121.745, 54.15], [121.745, 54.149], [121.744, 54.148], [121.744, 54.147], [121.743, 54.147], [121.742, 54.147], [121.742, 54.146], [121.741, 54.146], [121.651, 54.133], [121.637, 54.115], [121.629, 54.082], [121.642, 54.037], [121.642, 54.036], [121.642, 54.035], [121.642, 54.034], [121.641, 54.033], [121.634, 54.016], [121.64, 54.009], [121.64, 54.008], [121.735, 53.959], [121.736, 53.959], [121.781, 53.967], [121.782, 53.967], [121.783, 53.967], [121.784, 53.967], [121.785, 53.967], [121.799, 53.96], [121.8, 53.959], [121.801, 53.959], [121.919, 53.823], [121.92, 53.822], [121.92, 53.821], [121.92, 53.82], [121.92, 53.819], [121.92, 53.818], [121.908, 53.769], [121.923, 53.743], [121.923, 53.742], [121.923, 53.741], [121.924, 53.741], [121.924, 53.74], [121.924, 53.739], [121.921, 53.721], [121.961, 53.699], [121.961, 53.698], [121.962, 53.698], [121.962, 53.697], [121.963, 53.697], [121.963, 53.696], [121.964, 53.696], [121.964, 53.695], [121.964, 53.694], [121.964, 53.693], [121.964, 53.692], [121.964, 53.691], [121.952, 53.663], [121.942, 53.604], [121.963, 53.577], [121.963, 53.576], [121.964, 53.576], [121.964, 53.575], [121.97, 53.547], [122.011, 53.52], [122.012, 53.519], [122.012, 53.518], [122.013, 53.518], [122.013, 53.517], [122.013, 53.516], [122.013, 53.515], [122.02, 53.436], [122.02, 53.435], [122.019, 53.435], [122.019, 53.434], [122.019, 53.433], [122.018, 53.432], [122.017, 53.431], [122.016, 53.431], [122.016, 53.43], [122.015, 53.43], [122.014, 53.43], [121.889, 53.431], [121.674, 53.391], [121.675, 53.363], [121.675, 53.362], [121.674, 53.361], [121.674, 53.36], [121.673, 53.359], [121.673, 53.358], [121.672, 53.358], [121.671, 53.357], [121.67, 53.357], [121.669, 53.357], [121.555, 53.348], [121.554, 53.348], [121.513, 53.33], [121.512, 53.33], [121.511, 53.33], [121.459, 53.32], [121.458, 53.32], [121.406, 53.317], [121.405, 53.317], [121.341, 53.324], [121.301, 53.303], [121.3, 53.303], [121.299, 53.302], [121.204, 53.277], [121.203, 53.277], [121.152, 53.275], [121.151, 53.275], [121.056, 53.29], [121.055, 53.29], [120.917, 53.259], [120.729, 53.194], [120.615, 53.098], [120.615, 53.097], [120.614, 53.097], [120.528, 53.056], [120.527, 53.056], [120.45, 53.008], [120.354, 52.933], [120.328, 52.9], [120.327, 52.9], [120.327, 52.899], [120.326, 52.899], [120.325, 52.898], [120.291, 52.885], [120.281, 52.868], [120.281, 52.867], [120.28, 52.866], [120.279, 52.866], [120.279, 52.865], [120.278, 52.865], [120.125, 52.8], [120.044, 52.739], [120.052, 52.695], [120.053, 52.695], [120.053, 52.694], [120.052, 52.693], [120.052, 52.692], [120.052, 52.691], [120.033, 52.659], [120.03, 52.64], [120.03, 52.639], [120.055, 52.602], [120.312, 52.626], [120.313, 52.626], [120.39, 52.622], [120.452, 52.638], [120.452, 52.639], [120.453, 52.639], [120.454, 52.639], [120.455, 52.638], [120.456, 52.638], [120.491, 52.618], [120.562, 52.614], [120.563, 52.614], [120.564, 52.614], [120.565, 52.613], [120.629, 52.571], [120.63, 52.571], [120.716, 52.545], [120.717, 52.544], [120.718, 52.544], [120.718, 52.543], [120.719, 52.543], [120.72, 52.542], [120.72, 52.541], [120.72, 52.54], [120.721, 52.539], [120.721, 52.538], [120.72, 52.538], [120.72, 52.537], [120.72, 52.536], [120.72, 52.535], [120.709, 52.519], [120.772, 52.477], [120.773, 52.477], [120.773, 52.476], [120.774, 52.475], [120.82, 52.366], [120.821, 52.365], [120.821, 52.364], [120.821, 52.363], [120.821, 52.362], [120.779, 52.164], [120.782, 52.161], [120.782, 52.16], [120.783, 52.159], [120.783, 52.158], [120.783, 52.157], [120.783, 52.156], [120.783, 52.155], [120.772, 52.131], [120.777, 52.122], [120.777, 52.121], [120.777, 52.12], [120.777, 52.119], [120.777, 52.118], [120.777, 52.117], [120.776, 52.116], [120.776, 52.115], [120.775, 52.115], [120.775, 52.114], [120.768, 52.109], [120.767, 52.109], [120.747, 52.01], [120.746, 52.01], [120.746, 52.009], [120.746, 52.008], [120.745, 52.008], [120.745, 52.007], [120.744, 52.006], [120.743, 52.006], [120.711, 51.992], [120.649, 51.913], [120.648, 51.912], [120.647, 51.912], [120.647, 51.911], [120.646, 51.911], [120.645, 51.911], [120.566, 51.905], [120.542, 51.884], [120.542, 51.883], [120.541, 51.883], [120.54, 51.883], [120.539, 51.883], [120.493, 51.876], [120.466, 51.842], [120.466, 51.841], [120.465, 51.841], [120.464, 51.84], [120.463, 51.84], [120.408, 51.826], [120.319, 51.776], [120.167, 51.669], [120.166, 51.669], [120.165, 51.669], [120.165, 51.668], [120.164, 51.668], [120.101, 51.66], [120.1, 51.66], [120.057, 51.597], [120.057, 51.596], [120.053, 51.555], [120.053, 51.554], [120.053, 51.553], [120.052, 51.552], [120.052, 51.551], [120.051, 51.551], [119.977, 51.487], [119.974, 51.464], [119.982, 51.445], [119.982, 51.444], [119.982, 51.443], [119.982, 51.442], [119.982, 51.441], [119.981, 51.44], [119.954, 51.4], [119.954, 51.399], [119.953, 51.399], [119.953, 51.398], [119.952, 51.398], [119.952, 51.397], [119.951, 51.397], [119.895, 51.384], [119.914, 51.336], [119.914, 51.335], [119.914, 51.334], [119.914, 51.333], [119.914, 51.332], [119.913, 51.332], [119.913, 51.331], [119.912, 51.33], [119.912, 51.329], [119.911, 51.329], [119.91, 51.329], [119.883, 51.318], [119.862, 51.29], [119.861, 51.29], [119.86, 51.289], [119.859, 51.289], [119.859, 51.288], [119.82, 51.275], [119.806, 51.244], [119.813, 51.224], [119.813, 51.223], [119.813, 51.222], [119.813, 51.221], [119.813, 51.22], [119.812, 51.22], [119.812, 51.219], [119.812, 51.218], [119.811, 51.218], [119.811, 51.217], [119.81, 51.217], [119.809, 51.216], [119.808, 51.216], [119.807, 51.216], [119.762, 51.215], [119.758, 51.199], [119.78, 51.178], [119.78, 51.177], [119.781, 51.176], [119.781, 51.175], [119.781, 51.174], [119.781, 51.173], [119.781, 51.172], [119.781, 51.171], [119.781, 51.17], [119.78, 51.17], [119.78, 51.169], [119.779, 51.169], [119.779, 51.168], [119.778, 51.168], [119.758, 51.158], [119.764, 51.145], [119.764, 51.144], [119.765, 51.144], [119.765, 51.143], [119.765, 51.142], [119.765, 51.141], [119.764, 51.14], [119.742, 51.074], [119.741, 51.073], [119.741, 51.072], [119.74, 51.072], [119.739, 51.071], [119.738, 51.071], [119.711, 51.063], [119.71, 51.062], [119.71, 51.041], [119.71, 51.04], [119.71, 51.039], [119.709, 51.038], [119.708, 51.037], [119.684, 51.017], [119.683, 51.016], [119.604, 50.978], [119.518, 50.905], [119.529, 50.889], [119.529, 50.888], [119.53, 50.887], [119.53, 50.886], [119.53, 50.885], [119.528, 50.869], [119.528, 50.868], [119.528, 50.867], [119.527, 50.866], [119.526, 50.865], [119.498, 50.836], [119.513, 50.815], [119.513, 50.814], [119.514, 50.814], [119.514, 50.813], [119.514, 50.812], [119.515, 50.793], [119.515, 50.792], [119.515, 50.791], [119.497, 50.738], [119.497, 50.737], [119.496, 50.737], [119.496, 50.736], [119.444, 50.686], [119.443, 50.686], [119.443, 50.685], [119.442, 50.685], [119.441, 50.685], [119.392, 50.672], [119.375, 50.645], [119.375, 50.644], [119.374, 50.644], [119.374, 50.643], [119.373, 50.643], [119.372, 50.642], [119.349, 50.635], [119.327, 50.611], [119.326, 50.61], [119.325, 50.61], [119.294, 50.599], [119.265, 50.521], [119.264, 50.52], [119.264, 50.519], [119.251, 50.505], [119.251, 50.504], [119.263, 50.486], [119.263, 50.485], [119.263, 50.484], [119.264, 50.484], [119.264, 50.483], [119.264, 50.482], [119.263, 50.481], [119.263, 50.48], [119.244, 50.445], [119.32, 50.369], [119.321, 50.369], [119.321, 50.368], [119.322, 50.367], [119.322, 50.366], [119.325, 50.351], [119.35, 50.346], [119.351, 50.346], [119.352, 50.345], [119.353, 50.345], [119.353, 50.344], [119.354, 50.343], [119.354, 50.342], [119.364, 50.315], [119.364, 50.314], [119.364, 50.313], [119.364, 50.312], [119.364, 50.311], [119.364, 50.31], [119.363, 50.309], [119.362, 50.308], [119.336, 50.286], [119.346, 50.232], [119.346, 50.231], [119.346, 50.23], [119.346, 50.229], [119.346, 50.228], [119.336, 50.21], [119.346, 50.197], [119.346, 50.196], [119.347, 50.196], [119.347, 50.195], [119.347, 50.194], [119.347, 50.193], [119.344, 50.144], [119.344, 50.143], [119.344, 50.142], [119.344, 50.141], [119.329, 50.109], [119.329, 50.108], [119.328, 50.108], [119.328, 50.107], [119.302, 50.08], [119.301, 50.08], [119.301, 50.079], [119.19, 50.008], [119.19, 50.007], [119.189, 50.007], [119.188, 50.007], [119.092, 49.987], [119.091, 49.987], [118.963, 49.982], [118.962, 49.982], [118.377, 49.799], [118.374, 49.789], [118.374, 49.788], [118.373, 49.788], [118.373, 49.787], [118.372, 49.786], [118.371, 49.785], [118.354, 49.777], [118.353, 49.776], [118.305, 49.767], [118.243, 49.73], [118.242, 49.73], [118.242, 49.729], [118.241, 49.729], [118.24, 49.729], [118.23, 49.729], [118.229, 49.729], [118.224, 49.714], [118.224, 49.713], [118.223, 49.712], [118.222, 49.711], [118.189, 49.682], [118.188, 49.681], [118.187, 49.681], [118.107, 49.652], [118.106, 49.652], [118.018, 49.596], [118.017, 49.596], [118.016, 49.596], [117.931, 49.567], [117.894, 49.547], [117.875, 49.516], [117.875, 49.515], [117.874, 49.514], [117.873, 49.514], [117.873, 49.513], [117.872, 49.513], [117.871, 49.513], [117.838, 49.509], [117.837, 49.509], [117.836, 49.509], [117.804, 49.519], [117.803, 49.519], [117.76, 49.513], [117.759, 49.513], [117.758, 49.513], [117.757, 49.513], [117.545, 49.589], [117.544, 49.589], [117.492, 49.586], [117.491, 49.586], [117.49, 49.587], [117.489, 49.587], [117.433, 49.616], [117.254, 49.622], [117.253, 49.622], [117.252, 49.623], [117.058, 49.673], [117.057, 49.673], [116.723, 49.802], [116.722, 49.802], [116.69, 49.82], [116.689, 49.82], [116.689, 49.821], [116.688, 49.822], [116.657, 49.867], [116.621, 49.901], [116.62, 49.901], [116.577, 49.926], [116.219, 50.019], [116.135, 50.019], [116.052, 50.003], [115.717, 49.883], [115.716, 49.883], [115.715, 49.883], [115.714, 49.883], [115.579, 49.899], [115.578, 49.899], [115.509, 49.892], [115.508, 49.892], [115.39, 49.896], [115.389, 49.896], [115.388, 49.896], [115.387, 49.897], [115.213, 49.976], [115.212, 49.976], [115.067, 50.081], [115.066, 50.082], [115.0, 50.149], [114.999, 50.149], [114.756, 50.241], [114.755, 50.241], [114.66, 50.256], [114.474, 50.239], [114.473, 50.239], [114.472, 50.239], [114.427, 50.247], [114.426, 50.247], [114.334, 50.277], [114.286, 50.282], [114.198, 50.261], [114.116, 50.229], [114.054, 50.189], [114.053, 50.189], [114.053, 50.188], [114.052, 50.188], [113.971, 50.165], [113.849, 50.086], [113.848, 50.086], [113.847, 50.085], [113.846, 50.085], [113.751, 50.083], [113.577, 50.024], [113.456, 49.962], [113.413, 49.927], [113.412, 49.926], [113.18, 49.806], [113.179, 49.806], [113.083, 49.69], [113.058, 49.603], [113.058, 49.602], [113.057, 49.602], [113.057, 49.601], [113.056, 49.6], [113.055, 49.6], [113.054, 49.599], [113.053, 49.599], [112.946, 49.581], [112.866, 49.537], [112.866, 49.536], [112.865, 49.536], [112.776, 49.506], [112.775, 49.506], [112.703, 49.496], [112.702, 49.496], [112.701, 49.497], [112.585, 49.531], [112.473, 49.539], [112.431, 49.534], [112.03, 49.417], [112.029, 49.417], [111.661, 49.401], [111.66, 49.401], [111.48, 49.349], [111.479, 49.349], [111.479, 49.348], [111.478, 49.348], [111.432, 49.351], [111.431, 49.351], [111.43, 49.352], [111.364, 49.373], [111.363, 49.373], [111.338, 49.37], [111.337, 49.37], [111.273, 49.328], [111.272, 49.328], [111.271, 49.327], [111.137, 49.296], [110.964, 49.212], [110.963, 49.212], [110.84, 49.167], [110.839, 49.167], [110.689, 49.14], [110.688, 49.14], [110.687, 49.14], [110.606, 49.15], [110.605, 49.15], [110.604, 49.15], [110.51, 49.189], [110.509, 49.189], [110.454, 49.199], [110.453, 49.199], [110.452, 49.2], [110.372, 49.247], [110.371, 49.247], [110.307, 49.201], [110.307, 49.2], [110.306, 49.2], [110.267, 49.182], [110.266, 49.182], [110.183, 49.167], [110.182, 49.167], [110.181, 49.167], [109.821, 49.232], [109.82, 49.233], [109.819, 49.233], [109.818, 49.233], [109.787, 49.256], [109.729, 49.271], [109.518, 49.261], [109.517, 49.261], [109.516, 49.261], [109.481, 49.272], [109.48, 49.273], [109.479, 49.273], [109.478, 49.274], [109.477, 49.275], [109.477, 49.276], [109.466, 49.303], [109.466, 49.304], [109.453, 49.311], [109.452, 49.311], [109.413, 49.308], [109.412, 49.308], [109.411, 49.308], [109.411, 49.309], [109.287, 49.343], [109.287, 49.344], [109.16, 49.352], [109.034, 49.333], [109.033, 49.333], [109.032, 49.333], [108.931, 49.354], [108.93, 49.354], [108.859, 49.346], [108.858, 49.346], [108.751, 49.346], [108.75, 49.346], [108.609, 49.329], [108.608, 49.329], [108.541, 49.332], [108.54, 49.332], [108.539, 49.333], [108.538, 49.333], [108.338, 49.44], [108.338, 49.441], [108.337, 49.441], [108.281, 49.486], [108.28, 49.486], [108.239, 49.537], [108.109, 49.559], [108.108, 49.559], [108.107, 49.559], [108.021, 49.605], [108.02, 49.605], [108.02, 49.606], [108.019, 49.606], [108.019, 49.607], [108.012, 49.617], [108.011, 49.618], [108.011, 49.619], [108.011, 49.62], [108.011, 49.621], [108.019, 49.66], [108.004, 49.668], [108.003, 49.668], [107.94, 49.672], [107.94, 49.673], [107.939, 49.673], [107.938, 49.673], [107.937, 49.674], [107.936, 49.675], [107.936, 49.676], [107.935, 49.676], [107.935, 49.677], [107.935, 49.678], [107.935, 49.679], [107.935, 49.68], [107.935, 49.681], [107.961, 49.745], [107.936, 49.849], [107.935, 49.85], [107.936, 49.851], [107.936, 49.852], [107.936, 49.853], [107.957, 49.897], [107.958, 49.897], [107.961, 49.924], [107.949, 49.938], [107.851, 49.951], [107.809, 49.949], [107.808, 49.949], [107.807, 49.949], [107.73, 49.977], [107.367, 49.981], [107.366, 49.981], [107.365, 49.981], [107.365, 49.982], [107.364, 49.982], [107.306, 50.015], [107.227, 50.002], [107.226, 50.002], [107.225, 50.002], [107.224, 50.002], [107.194, 50.011], [107.193, 50.011], [107.062, 50.077], [107.061, 50.078], [107.06, 50.079], [107.06, 50.08], [107.038, 50.121], [107.038, 50.122], [107.003, 50.152], [107.002, 50.152], [107.002, 50.153], [106.976, 50.201], [106.939, 50.214], [106.938, 50.214], [106.79, 50.296], [106.657, 50.332], [106.548, 50.341], [106.44, 50.333], [106.439, 50.333], [106.245, 50.295], [106.244, 50.295], [106.224, 50.297], [106.223, 50.297], [106.223, 50.298], [106.137, 50.332], [106.061, 50.338], [106.06, 50.338], [106.059, 50.339], [106.058, 50.339], [106.057, 50.34], [106.057, 50.341], [106.056, 50.341], [106.056, 50.342], [106.043, 50.375], [106.042, 50.375], [105.986, 50.405], [105.905, 50.409], [105.904, 50.409], [105.78, 50.434], [105.779, 50.434], [105.64, 50.427], [105.639, 50.427], [105.328, 50.481], [105.278, 50.478], [105.278, 50.477], [105.277, 50.477], [105.239, 50.463], [105.106, 50.395], [105.105, 50.395], [105.104, 50.395], [105.051, 50.389], [105.05, 50.389], [104.901, 50.395], [104.79, 50.358], [104.789, 50.358], [104.788, 50.358], [104.671, 50.353], [104.67, 50.353], [104.61, 50.32], [104.609, 50.319], [104.608, 50.319], [104.474, 50.318], [104.405, 50.305], [104.404, 50.305], [104.267, 50.233], [104.266, 50.233], [104.197, 50.175], [104.196, 50.175], [104.195, 50.174], [104.121, 50.153], [104.12, 50.153], [104.04, 50.146], [104.039, 50.146], [103.975, 50.154], [103.846, 50.19], [103.785, 50.191], [103.668, 50.137], [103.667, 50.136], [103.666, 50.136], [103.603, 50.138], [103.603, 50.139], [103.602, 50.139], [103.601, 50.139], [103.44, 50.197], [103.439, 50.198], [103.407, 50.202], [103.308, 50.196], [103.307, 50.196], [103.306, 50.196], [103.28, 50.202], [103.279, 50.202], [103.278, 50.203], [103.258, 50.218], [103.257, 50.218], [103.257, 50.219], [103.204, 50.302], [103.203, 50.302], [103.13, 50.314], [102.975, 50.301], [102.974, 50.301], [102.929, 50.308], [102.928, 50.308], [102.889, 50.32], [102.764, 50.38], [102.62, 50.404], [102.619, 50.404], [102.619, 50.405], [102.591, 50.419], [102.59, 50.419], [102.589, 50.42], [102.515, 50.508], [102.473, 50.53], [102.374, 50.539], [102.373, 50.539], [102.331, 50.55], [102.33, 50.55], [102.329, 50.551], [102.308, 50.567], [102.307, 50.567], [102.307, 50.568], [102.306, 50.568], [102.306, 50.569], [102.278, 50.62], [102.277, 50.62], [102.277, 50.621], [102.277, 50.622], [102.277, 50.623], [102.28, 50.646], [102.28, 50.647], [102.281, 50.647], [102.281, 50.648], [102.282, 50.649], [102.324, 50.693], [102.334, 50.72], [102.334, 50.721], [102.311, 50.752], [102.31, 50.752], [102.223, 50.801], [102.222, 50.802], [102.221, 50.802], [102.221, 50.803], [102.22, 50.804], [102.21, 50.827], [102.209, 50.828], [102.209, 50.829], [102.209, 50.83], [102.209, 50.831], [102.209, 50.832], [102.244, 50.912], [102.225, 50.935], [102.224, 50.936], [102.224, 50.937], [102.223, 50.937], [102.223, 50.938], [102.223, 50.939], [102.223, 50.94], [102.223, 50.941], [102.224, 50.941], [102.224, 50.942], [102.236, 50.963], [102.236, 50.964], [102.235, 50.98], [102.234, 50.98], [102.17, 51.06], [102.169, 51.061], [102.152, 51.098], [102.152, 51.099], [102.151, 51.099], [102.151, 51.1], [102.147, 51.134], [102.147, 51.135], [102.155, 51.185], [102.155, 51.186], [102.141, 51.235], [102.141, 51.236], [102.141, 51.237], [102.141, 51.238], [102.141, 51.239], [102.142, 51.24], [102.198, 51.309], [102.186, 51.328], [102.077, 51.379], [102.052, 51.388], [102.052, 51.389], [101.976, 51.392], [101.975, 51.392], [101.974, 51.393], [101.903, 51.422], [101.902, 51.422], [101.823, 51.419], [101.822, 51.419], [101.821, 51.419], [101.725, 51.455], [101.724, 51.455], [101.645, 51.455], [101.644, 51.455], [101.527, 51.481], [101.481, 51.478], [101.388, 51.456], [101.387, 51.456], [101.352, 51.455], [101.351, 51.456], [101.35, 51.456], [101.319, 51.468], [101.318, 51.468], [101.317, 51.468], [101.243, 51.52], [101.12, 51.533], [101.119, 51.533], [101.118, 51.533], [101.071, 51.558], [100.512, 51.732], [100.211, 51.731], [100.21, 51.731], [100.098, 51.744], [100.007, 51.737], [100.006, 51.737], [100.005, 51.737], [99.921, 51.754], [99.92, 51.754], [99.919, 51.755], [99.711, 51.885], [99.68, 51.894], [99.679, 51.894], [99.558, 51.896], [99.557, 51.896], [99.557, 51.897], [99.326, 51.939], [99.325, 51.939], [99.299, 51.948], [99.298, 51.948], [99.297, 51.948], [99.297, 51.949], [99.235, 51.999], [99.234, 51.999], [98.999, 52.062], [98.998, 52.062], [98.998, 52.063], [98.997, 52.063], [98.996, 52.064], [98.98, 52.082], [98.979, 52.083], [98.979, 52.084], [98.978, 52.084], [98.966, 52.116], [98.948, 52.125], [98.947, 52.126], [98.946, 52.126], [98.946, 52.127], [98.945, 52.128], [98.945, 52.129], [98.945, 52.13], [98.945, 52.131], [98.945, 52.132], [98.952, 52.153], [98.953, 52.154], [98.952, 52.154], [98.935, 52.196], [98.904, 52.205], [98.903, 52.205], [98.852, 52.191], [98.851, 52.191], [98.85, 52.191], [98.849, 52.191], [98.819, 52.197], [98.819, 52.198], [98.818, 52.198], [98.817, 52.198], [98.817, 52.199], [98.816, 52.199], [98.816, 52.2], [98.815, 52.2], [98.815, 52.201], [98.815, 52.202], [98.815, 52.203], [98.815, 52.204], [98.823, 52.248], [98.823, 52.249], [98.822, 52.249], [98.801, 52.279], [98.715, 52.298], [98.714, 52.298], [98.663, 52.264], [98.662, 52.264], [98.661, 52.263], [98.66, 52.263], [98.659, 52.263], [98.658, 52.263], [98.657, 52.264], [98.653, 52.265], [98.652, 52.266], [98.651, 52.266], [98.651, 52.267], [98.65, 52.267], [98.65, 52.268], [98.65, 52.269], [98.649, 52.27], [98.649, 52.271], [98.648, 52.3], [98.649, 52.301], [98.649, 52.302], [98.649, 52.303], [98.682, 52.37], [98.642, 52.414], [98.641, 52.414], [98.641, 52.415], [98.641, 52.416], [98.64, 52.416], [98.64, 52.417], [98.64, 52.418], [98.64, 52.419], [98.64, 52.42], [98.641, 52.42], [98.641, 52.421], [98.642, 52.422], [98.642, 52.423], [98.643, 52.423], [98.644, 52.423], [98.645, 52.424], [98.675, 52.429], [98.718, 52.454], [98.719, 52.455], [98.728, 52.468], [98.724, 52.489], [98.724, 52.49], [98.724, 52.491], [98.725, 52.491], [98.725, 52.492], [98.725, 52.493], [98.726, 52.493], [98.726, 52.494], [98.732, 52.5], [98.733, 52.501], [98.734, 52.501], [98.734, 52.502], [98.735, 52.502], [98.736, 52.502], [98.737, 52.502], [98.766, 52.499], [98.809, 52.51], [98.831, 52.541], [98.831, 52.542], [98.803, 52.565], [98.802, 52.565], [98.802, 52.566], [98.801, 52.566], [98.801, 52.567], [98.801, 52.568], [98.801, 52.569], [98.801, 52.57], [98.804, 52.6], [98.804, 52.601], [98.805, 52.602], [98.805, 52.603], [98.806, 52.603], [98.806, 52.604], [98.807, 52.604], [98.808, 52.605], [98.849, 52.624], [98.85, 52.624], [98.878, 52.647], [98.879, 52.647], [98.88, 52.648], [98.881, 52.648], [98.882, 52.648], [98.883, 52.648], [98.916, 52.643], [98.942, 52.671], [98.945, 52.719], [98.935, 52.749], [98.935, 52.75], [98.935, 52.751], [98.935, 52.752], [98.942, 52.799], [98.942, 52.8], [98.923, 52.805], [98.922, 52.805], [98.873, 52.798], [98.872, 52.798], [98.871, 52.798], [98.87, 52.799], [98.869, 52.799], [98.869, 52.8], [98.868, 52.8], [98.868, 52.801], [98.867, 52.801], [98.867, 52.802], [98.857, 52.833], [98.857, 52.834], [98.857, 52.835], [98.857, 52.836], [98.857, 52.837], [98.857, 52.838], [98.86, 52.842], [98.86, 52.843], [98.861, 52.844], [98.947, 52.921], [98.947, 52.922], [98.948, 52.922], [98.949, 52.923], [98.95, 52.923], [98.951, 52.923], [98.952, 52.923], [98.982, 52.918], [98.983, 52.918], [98.984, 52.918], [99.043, 52.884], [99.149, 52.869], [99.15, 52.869], [99.151, 52.868], [99.188, 52.85], [99.189, 52.85], [99.208, 52.849], [99.224, 52.859], [99.219, 52.899], [99.219, 52.9], [99.219, 52.901], [99.22, 52.902], [99.22, 52.903], [99.22, 52.904], [99.221, 52.904], [99.249, 52.938], [99.253, 52.958], [98.995, 53.04], [98.994, 53.04], [98.994, 53.041], [98.993, 53.041], [98.993, 53.042], [98.992, 53.042], [98.992, 53.043], [98.992, 53.044], [98.991, 53.044], [98.991, 53.045], [98.991, 53.046], [98.991, 53.047], [98.992, 53.047], [98.992, 53.048], [98.997, 53.059], [98.998, 53.059], [98.998, 53.06], [98.999, 53.06], [98.999, 53.061], [99.0, 53.061], [99.065, 53.089], [99.065, 53.09], [99.069, 53.099], [99.058, 53.108], [98.938, 53.154], [98.892, 53.153], [98.878, 53.132], [98.877, 53.132], [98.877, 53.131], [98.876, 53.131], [98.875, 53.13], [98.874, 53.13], [98.873, 53.13], [98.862, 53.13], [98.861, 53.13], [98.688, 53.16], [98.687, 53.16], [98.663, 53.152], [98.609, 53.111], [98.608, 53.111], [98.608, 53.11], [98.607, 53.11], [98.606, 53.11], [98.605, 53.11], [98.546, 53.115], [98.392, 53.108], [98.36, 53.096], [98.359, 53.096], [98.358, 53.096], [98.357, 53.096], [98.316, 53.105], [98.315, 53.106], [98.302, 53.112], [98.301, 53.113], [98.3, 53.114], [98.3, 53.115], [98.292, 53.129], [98.291, 53.13], [98.291, 53.131], [98.291, 53.132], [98.291, 53.133], [98.297, 53.16], [98.287, 53.185], [98.287, 53.186], [98.287, 53.187], [98.287, 53.188], [98.287, 53.189], [98.287, 53.19], [98.288, 53.19], [98.288, 53.191], [98.305, 53.212], [98.291, 53.228], [98.223, 53.23], [98.222, 53.23], [98.221, 53.23], [98.22, 53.231], [98.18, 53.25], [98.035, 53.257], [98.034, 53.257], [98.033, 53.257], [98.033, 53.258], [98.032, 53.258], [97.979, 53.294], [97.978, 53.295], [97.977, 53.296], [97.977, 53.297], [97.973, 53.306], [97.973, 53.307], [97.972, 53.308], [97.972, 53.309], [97.976, 53.353], [97.959, 53.362], [97.959, 53.363], [97.905, 53.357], [97.904, 53.357], [97.732, 53.383], [97.731, 53.383], [97.632, 53.373], [97.631, 53.373], [97.63, 53.373], [97.61, 53.377], [97.609, 53.378], [97.608, 53.378], [97.607, 53.378], [97.594, 53.388], [97.594, 53.389], [97.593, 53.389], [97.593, 53.39], [97.592, 53.391], [97.592, 53.392], [97.592, 53.393], [97.592, 53.394], [97.596, 53.422], [97.596, 53.423], [97.589, 53.442], [97.563, 53.453], [97.454, 53.465], [97.453, 53.466], [97.452, 53.466], [97.451, 53.467], [97.45, 53.467], [97.45, 53.468], [97.449, 53.469], [97.437, 53.503], [97.436, 53.503], [97.403, 53.522], [97.402, 53.522], [97.402, 53.523], [97.401, 53.523], [97.401, 53.524], [97.4, 53.525], [97.388, 53.553], [97.388, 53.554], [97.387, 53.554], [97.35, 53.576], [97.349, 53.576], [97.349, 53.577], [97.348, 53.577], [97.348, 53.578], [97.347, 53.578], [97.336, 53.599], [97.245, 53.605], [97.244, 53.605], [97.243, 53.606], [97.189, 53.629], [97.188, 53.629], [97.131, 53.618], [97.13, 53.618], [97.129, 53.618], [97.128, 53.618], [97.127, 53.619], [97.064, 53.654], [97.004, 53.667], [97.003, 53.667], [97.002, 53.667], [97.002, 53.668], [97.001, 53.668], [97.001, 53.669], [97.0, 53.669], [97.0, 53.67], [96.987, 53.69], [96.986, 53.69], [96.938, 53.699], [96.937, 53.7], [96.936, 53.7], [96.935, 53.7], [96.895, 53.729], [96.894, 53.729], [96.875, 53.734], [96.874, 53.734], [96.807, 53.73], [96.741, 53.716], [96.715, 53.703], [96.715, 53.702], [96.697, 53.653], [96.696, 53.652], [96.696, 53.651], [96.695, 53.651], [96.695, 53.65], [96.679, 53.64], [96.679, 53.639], [96.693, 53.616], [96.693, 53.615], [96.693, 53.614], [96.693, 53.613], [96.694, 53.613], [96.694, 53.612], [96.693, 53.612], [96.693, 53.611], [96.693, 53.61], [96.693, 53.609], [96.692, 53.609], [96.652, 53.558], [96.651, 53.557], [96.65, 53.557], [96.65, 53.556], [96.649, 53.556], [96.648, 53.556], [96.565, 53.54], [96.564, 53.539], [96.477, 53.541], [96.448, 53.52], [96.448, 53.519], [96.447, 53.519], [96.446, 53.519], [96.446, 53.518], [96.445, 53.518], [96.444, 53.518], [96.443, 53.519], [96.442, 53.519], [96.441, 53.52], [96.44, 53.52], [96.44, 53.521], [96.421, 53.547], [96.42, 53.547], [96.37, 53.56], [96.369, 53.561], [96.368, 53.561], [96.367, 53.562], [96.366, 53.563], [96.366, 53.564], [96.365, 53.565], [96.365, 53.566], [96.365, 53.567], [96.365, 53.568], [96.366, 53.568], [96.366, 53.569], [96.366, 53.57], [96.367, 53.57], [96.384, 53.59], [96.375, 53.603], [96.375, 53.604], [96.374, 53.604], [96.345, 53.607], [96.296, 53.589], [96.295, 53.589], [96.295, 53.588], [96.294, 53.588], [96.294, 53.589], [96.293, 53.589], [96.292, 53.589], [96.291, 53.589], [96.291, 53.59], [96.29, 53.59], [96.29, 53.591], [96.289, 53.591], [96.289, 53.592], [96.289, 53.593], [96.288, 53.593], [96.288, 53.594], [96.288, 53.595], [96.289, 53.596], [96.289, 53.597], [96.289, 53.598], [96.29, 53.598], [96.29, 53.599], [96.291, 53.599], [96.299, 53.606], [96.299, 53.607], [96.301, 53.616], [96.252, 53.621], [96.251, 53.621], [96.222, 53.602], [96.213, 53.582], [96.214, 53.558], [96.214, 53.557], [96.214, 53.556], [96.214, 53.555], [96.213, 53.554], [96.213, 53.553], [96.184, 53.521], [96.184, 53.52], [96.183, 53.52], [96.182, 53.519], [96.111, 53.494], [96.104, 53.484], [96.109, 53.47], [96.109, 53.469], [96.109, 53.468], [96.109, 53.467], [96.109, 53.466], [96.108, 53.465], [96.108, 53.464], [96.107, 53.464], [96.107, 53.463], [96.106, 53.463], [96.093, 53.456], [96.092, 53.456], [96.091, 53.456], [96.09, 53.456], [96.089, 53.456], [95.959, 53.478], [95.958, 53.478], [95.957, 53.478], [95.957, 53.479], [95.921, 53.499], [95.866, 53.491], [95.865, 53.491], [95.864, 53.491], [95.798, 53.499], [95.797, 53.5], [95.796, 53.5], [95.795, 53.5], [95.795, 53.501], [95.794, 53.501], [95.776, 53.52], [95.775, 53.521], [95.757, 53.525], [95.756, 53.525], [95.66, 53.493], [95.642, 53.467], [95.642, 53.466], [95.641, 53.466], [95.64, 53.465], [95.621, 53.454], [95.62, 53.453], [95.619, 53.453], [95.528, 53.429], [95.486, 53.406], [95.485, 53.406], [95.484, 53.405], [95.397, 53.378], [95.396, 53.377], [95.395, 53.377], [95.354, 53.38], [95.353, 53.38], [95.352, 53.38], [95.307, 53.399], [95.306, 53.399], [95.305, 53.4], [95.3, 53.405], [95.299, 53.406], [95.299, 53.407], [95.298, 53.407], [95.298, 53.408], [95.293, 53.449], [95.246, 53.462], [95.185, 53.445], [95.184, 53.445], [95.139, 53.407], [95.138, 53.406], [95.137, 53.406], [95.053, 53.383], [95.052, 53.382], [95.051, 53.382], [95.01, 53.386], [95.009, 53.386], [95.008, 53.387], [95.007, 53.387], [94.976, 53.41], [94.928, 53.391], [94.927, 53.391], [94.926, 53.391], [94.925, 53.391], [94.883, 53.399], [94.882, 53.399], [94.739, 53.388], [94.678, 53.35], [94.677, 53.35], [94.676, 53.349], [94.592, 53.32], [94.581, 53.308], [94.588, 53.289], [94.588, 53.288], [94.671, 53.276], [94.672, 53.276], [94.673, 53.275], [94.674, 53.275], [94.674, 53.274], [94.675, 53.273], [94.693, 53.243], [94.693, 53.242], [94.694, 53.242], [94.694, 53.241], [94.694, 53.24], [94.694, 53.239], [94.694, 53.238], [94.693, 53.238], [94.693, 53.237], [94.692, 53.236], [94.691, 53.235], [94.6, 53.179], [94.6, 53.178], [94.605, 53.148], [94.605, 53.147], [94.605, 53.146], [94.605, 53.145], [94.605, 53.144], [94.579, 53.097], [94.584, 53.071], [94.597, 53.054], [94.597, 53.053], [94.598, 53.052], [94.598, 53.051], [94.598, 53.05], [94.598, 53.049], [94.597, 53.048], [94.597, 53.047], [94.562, 52.994], [94.562, 52.993], [94.561, 52.993], [94.522, 52.96], [94.51, 52.918], [94.51, 52.917], [94.509, 52.917], [94.509, 52.916], [94.508, 52.915], [94.508, 52.914], [94.507, 52.914], [94.472, 52.898], [94.471, 52.898], [94.47, 52.898], [94.439, 52.896], [94.438, 52.896], [94.437, 52.896], [94.436, 52.897], [94.435, 52.897], [94.395, 52.919], [94.394, 52.919], [94.305, 52.909], [94.304, 52.909], [94.146, 52.846], [94.136, 52.833], [94.136, 52.832], [94.144, 52.818], [94.145, 52.817], [94.145, 52.816], [94.145, 52.815], [94.145, 52.814], [94.144, 52.813], [94.144, 52.812], [94.136, 52.8], [94.134, 52.765], [94.134, 52.764], [94.134, 52.763], [94.133, 52.762], [94.133, 52.761], [94.093, 52.719], [94.068, 52.672], [94.068, 52.671], [94.067, 52.671], [94.067, 52.67], [94.066, 52.67], [94.065, 52.669], [93.98, 52.637], [93.971, 52.621], [93.984, 52.597], [93.984, 52.596], [93.984, 52.595], [93.984, 52.594], [93.984, 52.593], [93.984, 52.592], [93.98, 52.585], [93.98, 52.584], [93.979, 52.583], [93.979, 52.582], [93.978, 52.582], [93.849, 52.507], [93.816, 52.474], [93.816, 52.473], [93.815, 52.473], [93.761, 52.443], [93.761, 52.442], [93.751, 52.415], [93.76, 52.372], [93.76, 52.371], [93.76, 52.37], [93.76, 52.369], [93.76, 52.368], [93.76, 52.367], [93.759, 52.367], [93.759, 52.366], [93.683, 52.298], [93.668, 52.259], [93.668, 52.258], [93.672, 52.231], [93.672, 52.23], [93.672, 52.229], [93.672, 52.228], [93.671, 52.227], [93.671, 52.226], [93.67, 52.226], [93.67, 52.225], [93.669, 52.225], [93.668, 52.224], [93.545, 52.176], [93.544, 52.175], [93.543, 52.175], [93.455, 52.171], [93.359, 52.134], [93.358, 52.134], [93.227, 52.041], [93.226, 52.041], [93.225, 52.04], [93.224, 52.04], [93.153, 52.028], [93.152, 52.028], [93.131, 52.017], [93.073, 51.951], [93.073, 51.95], [93.072, 51.95], [93.071, 51.949], [92.997, 51.922], [92.996, 51.922], [92.996, 51.921], [92.995, 51.921], [92.938, 51.92], [92.937, 51.92], [92.899, 51.9], [92.899, 51.899], [92.882, 51.878], [92.881, 51.86], [92.881, 51.859], [92.881, 51.858], [92.881, 51.857], [92.88, 51.857], [92.88, 51.856], [92.879, 51.855], [92.878, 51.855], [92.854, 51.839], [92.853, 51.839], [92.852, 51.839], [92.851, 51.839], [92.851, 51.838], [92.85, 51.838], [92.85, 51.839], [92.849, 51.839], [92.782, 51.855], [92.673, 51.845], [92.672, 51.845], [92.627, 51.818], [92.626, 51.818], [92.625, 51.818], [92.625, 51.817], [92.546, 51.807], [92.507, 51.787], [92.506, 51.787], [92.505, 51.787], [92.504, 51.787], [92.503, 51.787], [92.43, 51.807], [92.209, 51.811], [92.208, 51.811], [92.106, 51.788], [92.105, 51.788], [92.104, 51.788], [91.949, 51.809], [91.948, 51.809], [91.947, 51.809], [91.946, 51.81], [91.885, 51.861], [91.778, 51.877], [91.723, 51.868], [91.722, 51.868], [91.629, 51.872], [91.628, 51.872], [91.627, 51.872], [91.558, 51.905], [91.284, 51.901], [91.283, 51.901], [91.24, 51.888], [91.239, 51.887], [91.238, 51.887], [91.238, 51.888], [91.183, 51.895], [91.182, 51.895], [91.181, 51.895], [91.181, 51.896], [91.101, 51.948], [91.1, 51.948], [90.907, 51.927], [90.854, 51.914], [90.853, 51.914], [90.852, 51.914], [90.851, 51.914], [90.85, 51.914], [90.849, 51.914], [90.849, 51.915], [90.848, 51.915], [90.828, 51.934], [90.827, 51.935], [90.827, 51.936], [90.826, 51.937], [90.818, 51.966], [90.817, 51.967], [90.769, 52.006], [90.768, 52.006], [90.768, 52.007], [90.767, 52.008], [90.767, 52.009], [90.767, 52.01], [90.763, 52.041], [90.738, 52.074], [90.563, 52.125], [90.562, 52.126], [90.561, 52.126], [90.493, 52.186], [90.493, 52.187], [90.417, 52.183], [90.416, 52.183], [90.35, 52.197], [90.299, 52.173], [90.298, 52.173], [90.297, 52.173], [90.297, 52.172], [90.253, 52.167], [90.253, 52.166], [90.216, 52.143], [90.215, 52.143], [90.214, 52.143], [90.213, 52.142], [90.127, 52.139], [90.119, 52.129], [90.121, 52.075], [90.121, 52.074], [90.121, 52.073], [90.115, 52.049], [90.115, 52.048], [90.114, 52.047], [90.114, 52.046], [90.113, 52.046], [90.113, 52.045], [90.023, 51.987], [90.025, 51.964], [90.025, 51.963], [90.046, 51.92], [90.046, 51.919], [90.046, 51.918], [90.053, 51.839], [90.099, 51.767], [90.099, 51.766], [90.1, 51.766], [90.1, 51.765], [90.1, 51.764], [90.1, 51.763], [90.099, 51.759], [90.099, 51.758], [90.098, 51.758], [90.098, 51.757], [90.098, 51.756], [90.097, 51.756], [90.097, 51.755], [90.096, 51.755], [90.095, 51.755], [90.095, 51.754], [90.094, 51.754], [90.038, 51.741], [90.037, 51.741], [90.036, 51.741], [90.035, 51.741], [90.034, 51.741], [89.963, 51.766], [89.774, 51.629], [89.749, 51.601], [89.748, 51.6], [89.747, 51.599], [89.684, 51.573], [89.683, 51.573], [89.682, 51.573], [89.582, 51.558], [89.581, 51.558], [89.58, 51.558], [89.545, 51.568], [89.544, 51.568], [89.485, 51.601], [89.484, 51.601], [89.421, 51.61], [89.42, 51.61], [89.335, 51.598], [89.292, 51.56], [89.291, 51.559], [89.29, 51.559], [89.29, 51.558], [89.289, 51.558], [89.261, 51.554], [89.26, 51.554], [89.259, 51.554], [89.258, 51.554], [89.224, 51.569], [89.223, 51.569], [89.223, 51.57], [89.222, 51.57], [89.222, 51.571], [89.221, 51.571], [89.221, 51.572], [89.22, 51.573], [89.22, 51.574], [89.219, 51.592], [89.219, 51.593], [89.219, 51.594], [89.22, 51.594], [89.238, 51.645], [89.238, 51.646], [89.229, 51.658], [89.206, 51.663], [89.126, 51.639], [89.125, 51.638], [89.059, 51.632], [89.046, 51.613], [89.046, 51.612], [89.045, 51.612], [89.044, 51.611], [89.032, 51.605], [89.031, 51.605], [89.03, 51.605], [88.735, 51.564], [88.734, 51.564], [88.731, 51.557], [88.732, 51.557], [88.732, 51.556], [88.732, 51.555], [88.733, 51.555], [88.733, 51.554], [88.733, 51.553], [88.733, 51.552], [88.732, 51.552], [88.732, 51.551], [88.732, 51.55], [88.731, 51.55], [88.731, 51.549], [88.73, 51.548], [88.729, 51.548], [88.708, 51.541], [88.707, 51.54], [88.706, 51.54], [88.677, 51.543], [88.653, 51.53], [88.653, 51.529], [88.664, 51.503], [88.684, 51.482], [88.684, 51.481], [88.685, 51.481], [88.685, 51.48], [88.685, 51.479], [88.685, 51.478], [88.685, 51.477], [88.685, 51.476], [88.676, 51.444], [88.687, 51.438], [88.688, 51.438], [88.688, 51.437], [88.689, 51.437], [88.689, 51.436], [88.69, 51.435], [88.69, 51.434], [88.695, 51.401], [88.695, 51.4], [88.695, 51.399], [88.694, 51.398], [88.694, 51.397], [88.693, 51.396], [88.692, 51.396], [88.692, 51.395], [88.691, 51.395], [88.69, 51.395], [88.689, 51.394], [88.63, 51.39], [88.629, 51.39], [88.615, 51.374], [88.615, 51.373], [88.616, 51.358], [88.616, 51.357], [88.616, 51.356], [88.615, 51.356], [88.615, 51.355], [88.614, 51.354], [88.613, 51.353], [88.592, 51.34], [88.589, 51.333], [88.589, 51.332], [88.589, 51.331], [88.588, 51.331], [88.588, 51.33], [88.587, 51.33], [88.586, 51.329], [88.585, 51.329], [88.584, 51.329], [88.553, 51.33], [88.51, 51.306], [88.51, 51.305], [88.509, 51.305], [88.508, 51.305], [88.507, 51.305], [88.506, 51.305], [88.469, 51.311], [88.449, 51.292], [88.448, 51.291], [88.447, 51.291], [88.447, 51.29], [88.446, 51.29], [88.445, 51.29], [88.444, 51.29], [88.426, 51.292], [88.425, 51.292], [88.424, 51.292], [88.423, 51.293], [88.422, 51.293], [88.403, 51.313], [88.332, 51.328], [88.331, 51.328], [88.33, 51.329], [88.329, 51.329], [88.329, 51.33], [88.328, 51.33], [88.328, 51.331], [88.317, 51.349], [88.316, 51.349], [88.189, 51.364], [88.168, 51.356], [88.167, 51.356], [88.167, 51.355], [88.166, 51.355], [88.165, 51.355], [88.164, 51.356], [88.163, 51.356], [88.162, 51.356], [88.162, 51.357], [88.161, 51.357], [88.161, 51.358], [88.16, 51.359], [88.153, 51.374], [88.148, 51.376], [88.147, 51.376], [88.147, 51.377], [88.146, 51.377], [88.146, 51.378], [88.145, 51.378], [88.145, 51.379], [88.145, 51.38], [88.145, 51.381], [88.145, 51.382], [88.145, 51.383], [88.145, 51.384], [88.147, 51.389], [88.137, 51.394], [88.137, 51.395], [88.136, 51.395], [88.135, 51.396], [88.135, 51.397], [88.134, 51.397], [88.134, 51.398], [88.134, 51.399], [88.134, 51.4], [88.134, 51.401], [88.144, 51.433], [88.124, 51.435], [88.123, 51.435], [88.122, 51.435], [88.122, 51.436], [88.121, 51.436], [88.12, 51.437], [88.109, 51.448], [88.054, 51.471], [88.053, 51.471], [87.94, 51.479], [87.939, 51.479], [87.938, 51.479], [87.938, 51.48], [87.937, 51.48], [87.936, 51.48], [87.936, 51.481], [87.935, 51.481], [87.935, 51.482], [87.934, 51.483], [87.934, 51.484], [87.934, 51.485], [87.934, 51.486], [87.934, 51.487], [87.934, 51.488], [87.935, 51.489], [87.91, 51.529], [87.91, 51.53], [87.873, 51.553], [87.872, 51.553], [87.822, 51.556], [87.821, 51.556], [87.807, 51.548], [87.806, 51.548], [87.805, 51.547], [87.804, 51.547], [87.677, 51.536], [87.68, 51.5], [87.726, 51.419], [87.727, 51.419], [87.727, 51.418], [87.733, 51.393], [87.734, 51.392], [87.734, 51.391], [87.734, 51.39], [87.733, 51.389], [87.733, 51.388], [87.732, 51.388], [87.732, 51.387], [87.731, 51.386], [87.73, 51.386], [87.729, 51.386], [87.728, 51.385], [87.623, 51.383], [87.552, 51.369], [87.551, 51.369], [87.54, 51.354], [87.549, 51.303], [87.549, 51.302], [87.546, 51.272], [87.546, 51.271], [87.545, 51.27], [87.545, 51.269], [87.544, 51.268], [87.524, 51.249], [87.523, 51.249], [87.523, 51.248], [87.501, 51.238], [87.5, 51.238], [87.5, 51.237], [87.499, 51.237], [87.498, 51.237], [87.497, 51.238], [87.432, 51.262], [87.425, 51.253], [87.424, 51.252], [87.423, 51.252], [87.423, 51.251], [87.422, 51.251], [87.421, 51.251], [87.42, 51.251], [87.419, 51.251], [87.418, 51.251], [87.417, 51.252], [87.403, 51.259], [87.34, 51.241], [87.339, 51.241], [87.339, 51.24], [87.338, 51.24], [87.337, 51.24], [87.337, 51.241], [87.311, 51.245], [87.31, 51.245], [87.3, 51.23], [87.3, 51.229], [87.299, 51.229], [87.299, 51.228], [87.298, 51.228], [87.297, 51.228], [87.297, 51.227], [87.296, 51.227], [87.295, 51.227], [87.272, 51.226], [87.271, 51.226], [87.27, 51.226], [87.269, 51.226], [87.268, 51.227], [87.267, 51.227], [87.249, 51.244], [87.153, 51.244], [87.144, 51.233], [87.144, 51.232], [87.143, 51.232], [87.143, 51.231], [87.142, 51.231], [87.141, 51.231], [87.124, 51.226], [87.124, 51.225], [87.138, 51.21], [87.138, 51.209], [87.138, 51.208], [87.139, 51.207], [87.141, 51.197], [87.141, 51.196], [87.141, 51.195], [87.141, 51.194], [87.14, 51.194], [87.14, 51.193], [87.14, 51.192], [87.133, 51.184], [87.133, 51.183], [87.141, 51.161], [87.181, 51.127], [87.182, 51.126], [87.182, 51.125], [87.195, 51.104], [87.195, 51.103], [87.195, 51.102], [87.195, 51.101], [87.195, 51.1], [87.195, 51.099], [87.19, 51.086], [87.19, 51.085], [87.2, 51.075], [87.201, 51.074], [87.201, 51.073], [87.202, 51.073], [87.202, 51.072], [87.202, 51.071], [87.202, 51.07], [87.202, 51.069], [87.198, 51.057], [87.205, 51.044], [87.205, 51.043], [87.241, 51.025], [87.241, 51.024], [87.242, 51.024], [87.242, 51.023], [87.243, 51.023], [87.243, 51.022], [87.243, 51.021], [87.244, 51.021], [87.244, 51.02], [87.244, 51.019], [87.243, 51.006], [87.285, 50.962], [87.285, 50.961], [87.286, 50.961], [87.286, 50.96], [87.287, 50.959], [87.287, 50.958], [87.288, 50.947], [87.311, 50.919], [87.353, 50.92], [87.354, 50.92], [87.355, 50.92], [87.356, 50.919], [87.357, 50.919], [87.357, 50.918], [87.358, 50.918], [87.358, 50.917], [87.358, 50.916], [87.359, 50.916], [87.359, 50.915], [87.359, 50.914], [87.359, 50.913], [87.353, 50.889], [87.353, 50.888], [87.368, 50.847], [87.368, 50.846], [87.388, 50.839], [87.389, 50.839], [87.39, 50.839], [87.39, 50.838], [87.422, 50.806], [87.422, 50.805], [87.423, 50.805], [87.423, 50.804], [87.423, 50.803], [87.433, 50.751], [87.433, 50.75], [87.433, 50.749], [87.433, 50.748], [87.433, 50.747], [87.432, 50.747], [87.432, 50.746], [87.431, 50.745], [87.423, 50.738], [87.423, 50.737], [87.45, 50.723], [87.451, 50.723], [87.452, 50.722], [87.452, 50.721], [87.453, 50.721], [87.453, 50.72], [87.453, 50.719], [87.462, 50.688], [87.462, 50.687], [87.473, 50.683], [87.473, 50.682], [87.474, 50.682], [87.474, 50.681], [87.475, 50.681], [87.475, 50.68], [87.476, 50.679], [87.476, 50.678], [87.476, 50.677], [87.476, 50.663], [87.492, 50.649], [87.492, 50.648], [87.493, 50.648], [87.493, 50.647], [87.493, 50.646], [87.494, 50.645], [87.494, 50.644], [87.493, 50.643], [87.486, 50.617], [87.486, 50.616], [87.485, 50.616], [87.485, 50.615], [87.484, 50.614], [87.483, 50.613], [87.455, 50.597], [87.455, 50.596], [87.447, 50.571], [87.447, 50.57], [87.455, 50.55], [87.455, 50.549], [87.455, 50.548], [87.455, 50.547], [87.455, 50.546], [87.454, 50.545], [87.454, 50.544], [87.453, 50.544], [87.432, 50.523], [87.434, 50.513], [87.434, 50.512], [87.434, 50.511], [87.434, 50.51], [87.433, 50.509], [87.433, 50.508], [87.432, 50.507], [87.431, 50.507], [87.431, 50.506], [87.43, 50.506], [87.429, 50.506], [87.401, 50.503], [87.4, 50.503], [87.392, 50.482], [87.396, 50.472], [87.396, 50.471], [87.396, 50.47], [87.396, 50.469], [87.396, 50.468], [87.396, 50.467], [87.396, 50.466], [87.395, 50.466], [87.394, 50.465], [87.394, 50.464], [87.393, 50.464], [87.338, 50.443], [87.346, 50.426], [87.388, 50.403], [87.389, 50.403], [87.389, 50.402], [87.39, 50.402], [87.39, 50.401], [87.391, 50.401], [87.401, 50.383], [87.401, 50.382], [87.401, 50.381], [87.402, 50.381], [87.402, 50.38], [87.402, 50.379], [87.401, 50.379], [87.401, 50.378], [87.401, 50.377], [87.4, 50.376], [87.399, 50.375], [87.398, 50.375], [87.398, 50.374], [87.397, 50.374], [87.396, 50.374], [87.395, 50.374], [87.385, 50.374], [87.384, 50.374], [87.372, 50.362], [87.371, 50.361], [87.37, 50.361], [87.37, 50.36], [87.369, 50.36], [87.368, 50.36], [87.367, 50.36], [87.281, 50.369], [87.235, 50.355], [87.236, 50.343], [87.236, 50.342], [87.236, 50.341], [87.236, 50.34], [87.236, 50.339], [87.235, 50.339], [87.235, 50.338], [87.234, 50.338], [87.233, 50.337], [87.232, 50.337], [87.232, 50.336], [87.191, 50.327], [87.19, 50.327], [87.158, 50.323], [87.157, 50.323], [87.156, 50.323], [87.155, 50.323], [87.154, 50.324], [87.153, 50.324], [87.153, 50.325], [87.144, 50.334], [87.143, 50.334], [87.107, 50.334], [87.106, 50.334], [87.096, 50.305], [87.095, 50.304], [87.095, 50.303], [87.094, 50.302], [87.093, 50.302], [87.093, 50.301], [87.069, 50.288], [87.109, 50.251], [87.11, 50.25], [87.11, 50.249], [87.111, 50.249], [87.111, 50.248], [87.111, 50.247], [87.111, 50.246], [87.111, 50.245], [87.111, 50.244], [87.11, 50.243], [87.11, 50.242], [87.109, 50.242], [87.108, 50.241], [87.107, 50.241], [87.106, 50.241], [87.105, 50.24], [87.102, 50.241], [87.101, 50.241], [87.1, 50.241], [87.099, 50.241], [87.098, 50.242], [87.08, 50.259], [86.975, 50.295], [86.889, 50.266], [86.889, 50.265], [86.78, 50.203], [86.78, 50.202], [86.779, 50.202], [86.778, 50.202], [86.777, 50.202], [86.776, 50.202], [86.775, 50.202], [86.775, 50.203], [86.774, 50.203], [86.719, 50.243], [86.664, 50.199], [86.658, 50.168], [86.658, 50.167], [86.674, 50.145], [86.681, 50.143], [86.682, 50.142], [86.683, 50.142], [86.684, 50.141], [86.684, 50.14], [86.685, 50.14], [86.685, 50.139], [86.685, 50.138], [86.685, 50.137], [86.685, 50.136], [86.685, 50.135], [86.685, 50.134], [86.684, 50.134], [86.684, 50.133], [86.679, 50.127], [86.68, 50.127], [86.698, 50.118], [86.699, 50.118], [86.699, 50.117], [86.7, 50.117], [86.7, 50.116], [86.701, 50.115], [86.701, 50.114], [86.708, 50.091], [86.708, 50.09], [86.708, 50.089], [86.708, 50.088], [86.707, 50.088], [86.707, 50.087], [86.707, 50.086], [86.706, 50.086], [86.706, 50.085], [86.692, 50.073], [86.691, 50.073], [86.691, 50.072], [86.69, 50.072], [86.689, 50.072], [86.688, 50.072], [86.687, 50.072], [86.672, 50.073], [86.616, 50.022], [86.612, 50.008], [86.622, 49.988], [86.622, 49.987], [86.622, 49.986], [86.622, 49.985], [86.622, 49.984], [86.622, 49.983], [86.617, 49.972], [86.634, 49.948], [86.643, 49.944], [86.644, 49.943], [86.645, 49.943], [86.645, 49.942], [86.646, 49.942], [86.646, 49.941], [86.647, 49.94], [86.647, 49.939], [86.649, 49.907], [86.657, 49.893], [86.658, 49.893], [86.658, 49.892], [86.658, 49.891], [86.658, 49.89], [86.658, 49.889], [86.658, 49.888], [86.657, 49.887], [86.657, 49.886], [86.655, 49.884], [86.654, 49.883], [86.653, 49.882], [86.652, 49.882], [86.651, 49.882], [86.65, 49.882], [86.618, 49.886], [86.608, 49.871], [86.61, 49.866], [86.611, 49.865], [86.611, 49.864], [86.611, 49.863], [86.611, 49.862], [86.611, 49.861], [86.61, 49.86], [86.61, 49.859], [86.609, 49.859], [86.609, 49.858], [86.608, 49.858], [86.607, 49.858], [86.602, 49.855], [86.603, 49.834], [86.603, 49.833], [86.603, 49.832], [86.603, 49.831], [86.602, 49.831], [86.602, 49.83], [86.585, 49.806], [86.615, 49.796], [86.616, 49.796], [86.654, 49.807], [86.655, 49.808], [86.656, 49.808], [86.687, 49.806], [86.688, 49.806], [86.689, 49.805], [86.735, 49.782], [86.736, 49.782], [86.763, 49.787], [86.764, 49.787], [86.765, 49.787], [86.766, 49.786], [86.767, 49.786], [86.768, 49.785], [86.769, 49.785], [86.769, 49.784], [86.77, 49.784], [86.77, 49.783], [86.77, 49.782], [86.77, 49.781], [86.77, 49.78], [86.77, 49.779], [86.77, 49.778], [86.769, 49.778], [86.748, 49.742], [86.769, 49.707], [86.769, 49.706], [86.77, 49.706], [86.77, 49.705], [86.77, 49.704], [86.77, 49.703], [86.77, 49.702], [86.769, 49.701], [86.769, 49.7], [86.768, 49.699], [86.767, 49.698], [86.766, 49.698], [86.765, 49.698], [86.737, 49.693], [86.728, 49.685], [86.727, 49.685], [86.727, 49.684], [86.726, 49.684], [86.725, 49.684], [86.724, 49.684], [86.723, 49.684], [86.722, 49.684], [86.721, 49.684], [86.72, 49.685], [86.711, 49.692], [86.697, 49.689], [86.662, 49.669], [86.649, 49.655], [86.649, 49.654], [86.65, 49.65], [86.65, 49.649], [86.65, 49.648], [86.649, 49.647], [86.649, 49.646], [86.648, 49.645], [86.648, 49.644], [86.647, 49.644], [86.646, 49.644], [86.646, 49.643], [86.613, 49.633], [86.613, 49.632], [86.593, 49.608], [86.593, 49.607], [86.614, 49.568], [86.614, 49.567], [86.628, 49.561], [86.666, 49.555], [86.685, 49.564], [86.686, 49.564], [86.687, 49.564], [86.738, 49.566], [86.739, 49.566], [86.813, 49.545], [86.814, 49.545], [86.815, 49.544], [86.816, 49.544], [86.816, 49.543], [86.817, 49.543], [86.817, 49.542], [86.817, 49.541], [86.817, 49.54], [86.818, 49.54], [86.818, 49.539], [86.817, 49.539], [86.817, 49.538], [86.817, 49.537], [86.817, 49.536], [86.816, 49.536], [86.816, 49.535], [86.811, 49.529], [86.842, 49.509], [86.842, 49.508], [86.843, 49.508], [86.844, 49.507], [86.844, 49.506], [86.845, 49.505], [86.845, 49.504], [86.845, 49.503], [86.844, 49.502], [86.844, 49.501], [86.843, 49.5], [86.843, 49.499], [86.825, 49.483], [86.829, 49.449], [86.866, 49.43], [86.867, 49.43], [86.901, 49.424], [86.902, 49.424], [86.903, 49.423], [86.904, 49.423], [86.904, 49.422], [86.905, 49.422], [86.913, 49.412], [86.927, 49.412], [86.928, 49.412], [86.929, 49.412], [86.93, 49.412], [86.93, 49.411], [86.931, 49.411], [86.932, 49.41], [86.933, 49.409], [86.933, 49.408], [86.933, 49.407], [86.934, 49.407], [86.934, 49.406], [86.934, 49.405], [86.933, 49.405], [86.932, 49.397], [86.938, 49.387], [86.939, 49.386], [86.939, 49.385], [86.939, 49.384], [86.939, 49.383], [86.939, 49.382], [86.938, 49.381], [86.938, 49.38], [86.937, 49.38], [86.937, 49.379], [86.936, 49.379], [86.935, 49.378], [86.92, 49.372], [86.922, 49.347], [86.952, 49.328], [86.953, 49.328], [86.954, 49.327], [86.955, 49.326], [86.955, 49.325], [86.955, 49.324], [86.955, 49.323], [86.954, 49.316], [86.954, 49.315], [86.955, 49.315], [86.968, 49.302], [86.989, 49.296], [86.99, 49.295], [86.991, 49.295], [86.991, 49.294], [86.992, 49.294], [86.992, 49.293], [86.993, 49.292], [86.993, 49.291], [86.993, 49.29], [86.993, 49.289], [86.993, 49.288], [86.992, 49.288], [86.992, 49.287], [86.991, 49.286], [86.991, 49.285], [85.602, 48.231], [85.601, 48.231], [85.384, 48.148], [85.383, 48.148], [85.382, 48.148], [83.131, 48.282], [83.13, 48.282], [83.129, 48.283], [83.128, 48.283], [83.127, 48.284], [83.127, 48.285], [83.126, 48.285], [83.126, 48.286], [83.126, 48.287], [83.125, 48.288], [83.126, 48.289], [83.126, 48.29], [83.126, 48.291], [83.127, 48.292], [83.127, 48.293], [83.128, 48.293], [84.267, 49.204], [84.267, 49.205], [81.479, 50.291], [78.652, 50.805], [78.651, 50.805], [78.651, 50.806], [78.65, 50.806], [78.649, 50.806], [78.649, 50.807], [74.921, 54.149], [74.92, 54.149], [72.992, 55.307], [72.991, 55.307], [64.688, 54.272], [64.687, 54.272], [64.457, 53.582], [64.457, 53.581], [63.04, 51.179], [63.039, 51.178], [63.038, 51.177], [63.037, 51.176], [63.036, 51.176], [63.035, 51.176], [62.258, 51.065], [62.257, 51.065], [62.256, 51.065], [62.255, 51.065], [62.154, 51.115], [62.035, 51.072], [62.034, 51.072], [62.033, 51.072], [62.032, 51.072], [62.031, 51.072], [62.03, 51.072], [62.03, 51.073], [62.029, 51.073], [61.965, 51.131], [61.964, 51.131], [61.964, 51.132], [61.963, 51.132], [61.963, 51.133], [61.94, 51.186], [61.94, 51.187], [61.94, 51.188], [61.929, 51.241], [61.873, 51.301], [61.814, 51.275], [61.813, 51.274], [61.812, 51.274], [61.646, 51.268], [61.644, 51.263], [61.643, 51.262], [61.643, 51.261], [61.642, 51.261], [61.642, 51.26], [61.641, 51.26], [61.641, 51.259], [61.64, 51.259], [61.564, 51.238], [61.53, 51.209], [61.508, 51.161], [61.423, 50.837], [61.423, 50.836], [61.422, 50.836], [61.422, 50.835], [61.401, 50.807], [61.401, 50.806], [61.4, 50.806], [61.371, 50.788], [61.371, 50.787], [61.37, 50.787], [61.369, 50.787], [60.818, 50.668], [60.817, 50.668], [60.719, 50.658], [60.718, 50.658], [60.302, 50.69], [60.301, 50.69], [60.248, 50.706], [60.247, 50.707], [60.181, 50.745], [60.181, 50.746], [60.18, 50.746], [60.179, 50.747], [60.161, 50.771], [60.16, 50.772], [60.16, 50.773], [60.16, 50.774], [60.16, 50.775], [60.157, 50.809], [60.139, 50.849], [60.084, 50.862], [60.083, 50.862], [60.021, 50.859], [60.02, 50.859], [59.976, 50.848], [59.958, 50.833], [59.958, 50.832], [59.91, 50.748], [59.91, 50.747], [59.911, 50.679], [59.911, 50.678], [59.91, 50.678], [59.91, 50.677], [59.91, 50.676], [59.909, 50.675], [59.909, 50.674], [59.856, 50.626], [59.813, 50.567], [59.812, 50.567], [59.812, 50.566], [59.811, 50.566], [59.774, 50.54], [59.774, 50.539], [59.773, 50.539], [59.772, 50.539], [59.772, 50.538], [59.771, 50.538], [59.621, 50.529], [59.554, 50.489], [59.553, 50.489], [59.552, 50.489], [59.526, 50.481], [59.525, 50.481], [59.524, 50.481], [59.523, 50.481], [59.522, 50.481], [59.521, 50.481], [59.47, 50.511], [59.469, 50.511], [59.469, 50.512], [59.458, 50.522], [59.458, 50.523], [59.457, 50.523], [59.457, 50.524], [59.456, 50.525], [59.456, 50.526], [59.456, 50.527], [59.456, 50.531], [59.456, 50.532], [59.457, 50.532], [59.457, 50.533], [59.457, 50.534], [59.458, 50.534], [59.458, 50.535], [59.459, 50.536], [59.478, 50.546], [59.478, 50.547], [59.479, 50.547], [59.48, 50.547], [59.481, 50.547], [59.535, 50.542], [59.562, 50.549], [59.568, 50.582], [59.501, 50.604], [59.5, 50.604], [59.5, 50.605], [59.44, 50.636], [59.439, 50.636], [59.276, 50.621], [59.275, 50.621], [59.274, 50.621], [59.273, 50.622], [59.251, 50.633], [59.25, 50.633], [59.25, 50.634], [59.222, 50.662], [59.222, 50.663], [59.199, 50.668], [59.198, 50.668], [58.928, 50.683], [58.927, 50.683], [58.926, 50.683], [58.815, 50.73], [58.814, 50.73], [58.799, 50.741], [58.798, 50.741], [58.797, 50.742], [58.797, 50.743], [58.772, 50.786], [58.75, 50.8], [58.668, 50.795], [58.667, 50.795], [58.666, 50.795], [58.665, 50.795], [58.665, 50.796], [58.664, 50.796], [58.654, 50.802], [58.654, 50.803], [58.653, 50.803], [58.653, 50.804], [58.652, 50.805], [58.652, 50.806], [58.652, 50.807], [58.651, 50.807], [58.652, 50.808], [58.656, 50.854], [58.645, 50.867], [58.644, 50.867], [58.577, 50.868], [58.576, 50.868], [58.575, 50.868], [58.575, 50.869], [58.574, 50.869], [58.573, 50.87], [58.572, 50.87], [58.572, 50.871], [58.556, 50.893], [58.556, 50.894], [58.555, 50.895], [58.555, 50.896], [58.555, 50.897], [58.558, 50.919], [58.558, 50.92], [58.558, 50.921], [58.559, 50.922], [58.559, 50.923], [58.56, 50.923], [58.589, 50.944], [58.607, 50.98], [58.599, 51.027], [58.598, 51.027], [58.566, 51.054], [58.522, 51.067], [58.521, 51.067], [58.4, 51.069], [58.399, 51.069], [58.398, 51.069], [58.384, 51.074], [58.383, 51.074], [58.383, 51.075], [58.382, 51.075], [58.381, 51.076], [58.381, 51.077], [58.38, 51.078], [58.37, 51.112], [58.369, 51.112], [58.309, 51.155], [58.308, 51.155], [58.221, 51.127], [58.188, 51.071], [58.187, 51.07], [58.187, 51.069], [58.186, 51.069], [58.185, 51.069], [58.168, 51.061], [58.167, 51.061], [58.167, 51.06], [58.166, 51.06], [58.165, 51.06], [58.142, 51.062], [58.141, 51.062], [58.098, 51.078], [58.098, 51.079], [58.097, 51.079], [58.096, 51.08], [58.095, 51.081], [58.095, 51.082], [58.095, 51.083], [58.094, 51.083], [58.093, 51.095], [58.078, 51.103], [58.001, 51.095], [57.962, 51.083], [57.961, 51.083], [57.96, 51.083], [57.959, 51.083], [57.958, 51.084], [57.913, 51.108], [57.844, 51.111], [57.843, 51.111], [57.842, 51.111], [57.797, 51.128], [57.796, 51.128], [57.767, 51.124], [57.73, 51.075], [57.723, 51.037], [57.732, 50.941], [57.732, 50.94], [57.732, 50.939], [57.732, 50.938], [57.72, 50.915], [57.72, 50.914], [57.719, 50.914], [57.719, 50.913], [57.718, 50.913], [57.718, 50.912], [57.717, 50.912], [57.69, 50.902], [57.689, 50.902], [57.688, 50.902], [57.687, 50.902], [57.555, 50.924], [57.53, 50.914], [57.49, 50.872], [57.489, 50.872], [57.489, 50.871], [57.488, 50.871], [57.468, 50.864], [57.467, 50.864], [57.466, 50.864], [57.465, 50.864], [57.42, 50.867], [57.419, 50.867], [57.419, 50.868], [57.339, 50.901], [57.338, 50.901], [57.337, 50.902], [57.336, 50.903], [57.315, 50.931], [57.315, 50.932], [57.314, 50.932], [57.292, 50.985], [57.258, 51.011], [57.205, 51.02], [57.204, 51.021], [57.203, 51.021], [57.202, 51.022], [57.201, 51.023], [57.201, 51.024], [57.2, 51.024], [57.2, 51.025], [57.186, 51.076], [57.172, 51.097], [57.156, 51.105], [57.155, 51.105], [57.072, 51.075], [57.071, 51.075], [57.071, 51.074], [57.026, 51.068], [57.025, 51.068], [57.024, 51.068], [56.941, 51.073], [56.866, 51.057], [56.865, 51.057], [56.864, 51.057], [56.816, 51.062], [56.815, 51.062], [56.814, 51.062], [56.761, 51.085], [56.715, 51.077], [56.676, 51.051], [56.678, 51.029], [56.701, 50.987], [56.701, 50.986], [56.702, 50.986], [56.702, 50.985], [56.702, 50.984], [56.702, 50.983], [56.702, 50.982], [56.701, 50.981], [56.701, 50.98], [56.7, 50.98], [56.7, 50.979], [56.699, 50.979], [56.698, 50.978], [56.69, 50.975], [56.689, 50.975], [56.688, 50.974], [56.687, 50.974], [56.601, 50.988], [56.6, 50.988], [56.6, 50.989], [56.599, 50.989], [56.598, 50.989], [56.598, 50.99], [56.511, 51.07], [56.477, 51.078], [56.444, 51.061], [56.417, 51.036], [56.426, 50.982], [56.426, 50.981], [56.426, 50.98], [56.426, 50.979], [56.426, 50.978], [56.425, 50.978], [56.425, 50.977], [56.424, 50.976], [56.415, 50.969], [56.415, 50.968], [56.414, 50.968], [56.413, 50.968], [56.413, 50.967], [56.412, 50.967], [56.364, 50.963], [56.347, 50.952], [56.333, 50.902], [56.332, 50.901], [56.332, 50.9], [56.331, 50.899], [56.33, 50.899], [56.33, 50.898], [56.315, 50.89], [56.315, 50.889], [56.314, 50.889], [56.313, 50.889], [56.312, 50.889], [56.26, 50.889], [56.259, 50.889], [56.258, 50.89], [56.176, 50.914], [56.175, 50.914], [56.155, 50.909], [56.133, 50.871], [56.096, 50.752], [56.096, 50.751], [56.095, 50.75], [56.095, 50.749], [56.076, 50.73], [56.076, 50.729], [56.075, 50.729], [56.075, 50.728], [55.931, 50.651], [55.93, 50.651], [55.763, 50.591], [55.693, 50.544], [55.692, 50.543], [55.691, 50.543], [55.663, 50.536], [55.662, 50.536], [55.661, 50.536], [55.66, 50.536], [55.659, 50.536], [55.62, 50.554], [55.619, 50.554], [55.619, 50.555], [55.573, 50.593], [55.572, 50.593], [55.529, 50.605], [55.528, 50.605], [55.527, 50.606], [55.526, 50.606], [55.526, 50.607], [55.495, 50.649], [55.47, 50.662], [55.469, 50.662], [55.416, 50.666], [55.35, 50.657], [55.349, 50.657], [55.348, 50.657], [55.347, 50.657], [55.308, 50.669], [55.307, 50.67], [55.088, 50.8], [55.088, 50.801], [55.087, 50.801], [55.087, 50.802], [55.068, 50.823], [55.067, 50.824], [55.067, 50.825], [55.067, 50.826], [55.067, 50.827], [55.068, 50.863], [55.05, 50.889], [54.897, 50.917], [54.896, 50.917], [54.895, 50.918], [54.814, 50.977], [54.813, 50.977], [54.749, 50.997], [54.748, 50.998], [54.688, 51.028], [54.687, 51.028], [54.637, 51.033], [54.531, 51.007], [54.52, 50.99], [54.537, 50.959], [54.537, 50.958], [54.538, 50.958], [54.538, 50.957], [54.538, 50.956], [54.538, 50.955], [54.537, 50.955], [54.537, 50.954], [54.537, 50.953], [54.536, 50.953], [54.536, 50.952], [54.535, 50.952], [54.535, 50.951], [54.498, 50.928], [54.524, 50.912], [54.525, 50.912], [54.631, 50.883], [54.632, 50.883], [54.632, 50.882], [54.633, 50.882], [54.634, 50.881], [54.635, 50.88], [54.635, 50.879], [54.645, 50.85], [54.645, 50.849], [54.646, 50.849], [54.646, 50.848], [54.646, 50.847], [54.645, 50.847], [54.645, 50.846], [54.645, 50.845], [54.622, 50.812], [54.644, 50.787], [54.644, 50.786], [54.644, 50.785], [54.645, 50.785], [54.645, 50.784], [54.645, 50.783], [54.645, 50.782], [54.634, 50.707], [54.634, 50.706], [54.668, 50.634], [54.668, 50.633], [54.669, 50.633], [54.669, 50.632], [54.671, 50.607], [54.671, 50.606], [54.671, 50.605], [54.67, 50.604], [54.67, 50.603], [54.669, 50.602], [54.645, 50.578], [54.644, 50.577], [54.59, 50.547], [54.589, 50.547], [54.501, 50.529], [54.5, 50.529], [54.499, 50.529], [54.498, 50.529], [54.44, 50.551], [54.439, 50.551], [54.438, 50.552], [54.404, 50.581], [54.404, 50.582], [54.403, 50.582], [54.403, 50.583], [54.386, 50.617], [54.386, 50.618], [54.386, 50.619], [54.385, 50.62], [54.386, 50.62], [54.386, 50.621], [54.386, 50.622], [54.412, 50.683], [54.412, 50.684], [54.426, 50.764], [54.426, 50.765], [54.427, 50.766], [54.427, 50.767], [54.428, 50.767], [54.49, 50.823], [54.49, 50.824], [54.491, 50.846], [54.482, 50.857], [54.422, 50.869], [54.421, 50.869], [54.421, 50.87], [54.42, 50.87], [54.382, 50.89], [54.28, 50.908], [54.279, 50.909], [54.278, 50.909], [54.277, 50.91], [54.236, 50.947], [54.197, 50.962], [54.196, 50.963], [54.153, 50.993], [54.153, 50.994], [54.152, 50.994], [54.152, 50.995], [54.151, 50.995], [54.151, 50.996], [54.151, 50.997], [54.151, 50.998], [54.15, 51.021], [54.115, 51.1], [54.114, 51.1], [54.023, 51.123], [54.022, 51.123], [54.021, 51.123], [54.021, 51.124], [54.02, 51.124], [54.02, 51.125], [53.997, 51.157], [53.938, 51.19], [53.909, 51.195], [53.859, 51.19], [53.858, 51.19], [53.857, 51.19], [53.677, 51.224], [53.676, 51.225], [53.675, 51.225], [53.655, 51.24], [53.654, 51.24], [53.654, 51.241], [53.653, 51.241], [53.653, 51.242], [53.646, 51.259], [53.601, 51.291], [53.6, 51.291], [53.6, 51.292], [53.599, 51.293], [53.599, 51.294], [53.598, 51.294], [53.598, 51.295], [53.598, 51.296], [53.598, 51.34], [53.592, 51.345], [53.592, 51.346], [53.591, 51.346], [53.591, 51.347], [53.59, 51.348], [53.59, 51.349], [53.59, 51.35], [53.59, 51.351], [53.59, 51.352], [53.591, 51.352], [53.591, 51.353], [53.592, 51.354], [53.592, 51.355], [53.593, 51.355], [53.622, 51.369], [53.614, 51.392], [53.557, 51.42], [53.457, 51.446], [53.456, 51.446], [53.456, 51.447], [53.455, 51.447], [53.454, 51.448], [53.409, 51.489], [53.347, 51.508], [53.346, 51.508], [53.308, 51.499], [53.307, 51.499], [53.306, 51.499], [53.232, 51.506], [53.217, 51.501], [53.216, 51.501], [53.215, 51.501], [53.214, 51.501], [53.213, 51.501], [53.212, 51.502], [53.192, 51.517], [53.166, 51.52], [53.165, 51.52], [53.149, 51.515], [53.144, 51.505], [53.145, 51.501], [53.146, 51.5], [53.146, 51.499], [53.146, 51.498], [53.146, 51.497], [53.145, 51.496], [53.145, 51.495], [53.144, 51.494], [53.143, 51.493], [53.142, 51.493], [53.141, 51.492], [53.14, 51.492], [53.036, 51.495], [52.997, 51.485], [52.946, 51.459], [52.945, 51.459], [52.944, 51.458], [52.943, 51.458], [52.942, 51.459], [52.898, 51.47], [52.897, 51.47], [52.896, 51.471], [52.895, 51.471], [52.895, 51.472], [52.894, 51.473], [52.894, 51.474], [52.894, 51.475], [52.894, 51.476], [52.894, 51.477], [52.898, 51.49], [52.823, 51.492], [52.822, 51.492], [52.821, 51.492], [52.82, 51.493], [52.78, 51.513], [52.762, 51.509], [52.746, 51.493], [52.745, 51.493], [52.744, 51.492], [52.743, 51.492], [52.742, 51.492], [52.707, 51.487], [52.707, 51.486], [52.675, 51.464], [52.674, 51.464], [52.674, 51.463], [52.673, 51.463], [52.672, 51.463], [52.671, 51.463], [52.67, 51.463], [52.67, 51.464], [52.669, 51.464], [52.668, 51.464], [52.668, 51.465], [52.667, 51.465], [52.664, 51.468], [52.575, 51.472], [52.549, 51.465], [52.548, 51.465], [52.547, 51.465], [52.546, 51.465], [52.545, 51.465], [52.51, 51.483], [52.509, 51.483], [52.508, 51.484], [52.484, 51.507], [52.483, 51.508], [52.482, 51.509], [52.449, 51.583], [52.383, 51.662], [52.382, 51.663], [52.382, 51.664], [52.339, 51.766], [52.339, 51.767], [52.308, 51.779], [52.288, 51.769], [52.277, 51.741], [52.276, 51.74], [52.276, 51.739], [52.275, 51.739], [52.274, 51.738], [52.258, 51.73], [52.257, 51.729], [52.256, 51.729], [52.255, 51.729], [52.174, 51.73], [52.146, 51.721], [52.146, 51.72], [52.108, 51.675], [52.108, 51.674], [52.107, 51.674], [52.091, 51.664], [52.09, 51.664], [52.089, 51.663], [52.036, 51.657], [52.035, 51.657], [52.035, 51.658], [51.981, 51.665], [51.98, 51.665], [51.926, 51.683], [51.925, 51.683], [51.867, 51.678], [51.867, 51.677], [51.76, 51.596], [51.76, 51.595], [51.763, 51.562], [51.777, 51.53], [51.778, 51.53], [51.778, 51.529], [51.778, 51.528], [51.778, 51.527], [51.777, 51.5], [51.777, 51.499], [51.777, 51.498], [51.777, 51.497], [51.776, 51.497], [51.776, 51.496], [51.775, 51.495], [51.774, 51.495], [51.774, 51.494], [51.693, 51.459], [51.692, 51.459], [51.691, 51.459], [51.653, 51.457], [51.652, 51.457], [51.651, 51.457], [51.65, 51.457], [51.649, 51.458], [51.648, 51.458], [51.648, 51.459], [51.63, 51.482], [51.63, 51.483], [51.629, 51.483], [51.629, 51.484], [51.624, 51.522], [51.585, 51.54], [51.558, 51.539], [51.513, 51.498], [51.512, 51.497], [51.511, 51.497], [51.461, 51.48], [51.46, 51.48], [51.38, 51.472], [51.379, 51.472], [51.308, 51.476], [51.307, 51.477], [51.306, 51.477], [51.305, 51.477], [51.278, 51.496], [51.277, 51.496], [51.276, 51.497], [51.25, 51.528], [51.249, 51.528], [51.249, 51.529], [51.249, 51.53], [51.248, 51.53], [51.248, 51.531], [51.248, 51.532], [51.248, 51.533], [51.249, 51.533], [51.249, 51.534], [51.249, 51.535], [51.25, 51.535], [51.25, 51.536], [51.251, 51.537], [51.252, 51.537], [51.253, 51.538], [51.34, 51.55], [51.376, 51.567], [51.376, 51.568], [51.386, 51.586], [51.387, 51.61], [51.375, 51.634], [51.374, 51.634], [51.293, 51.647], [51.292, 51.647], [51.291, 51.647], [51.291, 51.648], [51.29, 51.648], [51.289, 51.649], [51.255, 51.682], [51.255, 51.683], [51.234, 51.69], [51.17, 51.675], [51.169, 51.675], [51.168, 51.675], [50.927, 51.685], [50.926, 51.685], [50.905, 51.691], [50.904, 51.691], [50.904, 51.692], [50.903, 51.692], [50.903, 51.693], [50.902, 51.693], [50.877, 51.725], [50.842, 51.75], [50.767, 51.764], [50.74, 51.744], [50.742, 51.709], [50.742, 51.708], [50.788, 51.627], [50.789, 51.626], [50.789, 51.625], [50.789, 51.624], [50.789, 51.623], [50.786, 51.603], [50.786, 51.602], [50.786, 51.601], [50.786, 51.6], [50.785, 51.6], [50.785, 51.599], [50.784, 51.599], [50.763, 51.584], [50.762, 51.583], [50.761, 51.583], [50.72, 51.573], [50.719, 51.572], [50.718, 51.572], [50.676, 51.572], [50.675, 51.573], [50.674, 51.573], [50.673, 51.573], [50.672, 51.574], [50.672, 51.575], [50.671, 51.575], [50.671, 51.576], [50.67, 51.577], [50.67, 51.578], [50.67, 51.579], [50.67, 51.58], [50.671, 51.581], [50.671, 51.582], [50.672, 51.582], [50.672, 51.583], [50.698, 51.608], [50.697, 51.615], [50.641, 51.621], [50.64, 51.621], [50.639, 51.622], [50.602, 51.639], [50.601, 51.639], [50.579, 51.639], [50.571, 51.595], [50.571, 51.594], [50.571, 51.593], [50.571, 51.592], [50.57, 51.592], [50.57, 51.591], [50.569, 51.591], [50.569, 51.59], [50.568, 51.59], [50.521, 51.567], [50.523, 51.475], [50.522, 51.474], [50.522, 51.473], [50.522, 51.472], [50.521, 51.471], [50.517, 51.466], [50.517, 51.465], [50.516, 51.465], [50.515, 51.464], [50.514, 51.464], [50.513, 51.464], [50.476, 51.458], [50.457, 51.434], [50.457, 51.433], [50.456, 51.433], [50.456, 51.432], [50.455, 51.432], [50.454, 51.432], [50.453, 51.431], [50.379, 51.426], [50.356, 51.417], [50.365, 51.403], [50.366, 51.402], [50.366, 51.401], [50.366, 51.4], [50.366, 51.399], [50.366, 51.398], [50.366, 51.397], [50.365, 51.396], [50.365, 51.395], [50.364, 51.395], [50.333, 51.374], [50.343, 51.328], [50.343, 51.327], [50.343, 51.326], [50.343, 51.325], [50.343, 51.324], [50.342, 51.323], [50.342, 51.322], [50.341, 51.322], [50.324, 51.309], [50.324, 51.308], [50.323, 51.308], [50.322, 51.308], [50.207, 51.271], [50.206, 51.271], [50.028, 51.248], [49.985, 51.235], [49.841, 51.155], [49.84, 51.155], [49.78, 51.108], [49.779, 51.108], [49.778, 51.108], [49.778, 51.107], [49.777, 51.107], [49.776, 51.107], [49.541, 51.106], [49.54, 51.106], [49.461, 51.121], [49.46, 51.121], [49.435, 51.117], [49.406, 51.088], [49.388, 51.037], [49.388, 51.036], [49.387, 51.035], [49.355, 50.996], [49.355, 50.995], [49.343, 50.965], [49.401, 50.911], [49.401, 50.91], [49.402, 50.91], [49.402, 50.909], [49.417, 50.884], [49.417, 50.883], [49.417, 50.882], [49.417, 50.881], [49.417, 50.88], [49.417, 50.879], [49.405, 50.854], [49.405, 50.853], [49.405, 50.852], [49.404, 50.852], [49.404, 50.851], [49.403, 50.851], [49.368, 50.832], [49.368, 50.831], [49.367, 50.831], [49.283, 50.809], [49.282, 50.809], [49.142, 50.786], [49.1, 50.762], [49.099, 50.762], [49.011, 50.688], [49.01, 50.688], [49.009, 50.687], [48.83, 50.601], [48.829, 50.601], [48.828, 50.601], [48.787, 50.596], [48.786, 50.596], [48.742, 50.602], [48.741, 50.602], [48.74, 50.603], [48.61, 50.653], [48.609, 50.653], [48.583, 50.654], [48.582, 50.654], [48.565, 50.64], [48.57, 50.613], [48.645, 50.597], [48.646, 50.597], [48.647, 50.596], [48.648, 50.596], [48.667, 50.579], [48.667, 50.578], [48.668, 50.578], [48.668, 50.577], [48.668, 50.576], [48.669, 50.576], [48.669, 50.575], [48.669, 50.574], [48.669, 50.478], [48.696, 50.334], [48.724, 50.263], [48.725, 50.263], [48.766, 50.209], [48.767, 50.208], [48.783, 50.174], [48.783, 50.173], [48.784, 50.173], [48.784, 50.172], [48.784, 50.171], [48.778, 50.11], [48.848, 50.093], [48.849, 50.093], [48.849, 50.092], [48.85, 50.092], [48.851, 50.091], [48.869, 50.069], [48.869, 50.068], [48.87, 50.067], [48.88, 50.025], [48.88, 50.024], [48.88, 50.023], [48.88, 50.022], [48.879, 50.021], [48.879, 50.02], [48.878, 50.02], [48.878, 50.019], [48.783, 49.938], [48.782, 49.938], [48.781, 49.937], [48.682, 49.9], [48.478, 49.848], [48.477, 49.848], [48.432, 49.817], [48.431, 49.816], [48.43, 49.816], [48.429, 49.816], [48.428, 49.816], [48.427, 49.816], [48.426, 49.816], [48.362, 49.838], [48.361, 49.839], [48.305, 49.871], [48.304, 49.871], [48.245, 49.87], [48.244, 49.87], [48.243, 49.87], [48.242, 49.87], [48.242, 49.871], [48.241, 49.871], [48.241, 49.872], [48.24, 49.872], [48.24, 49.873], [48.204, 49.928], [48.204, 49.929], [48.148, 49.966], [48.147, 49.966], [48.147, 49.967], [48.146, 49.967], [48.146, 49.968], [48.118, 50.023], [48.117, 50.024], [48.1, 50.082], [48.078, 50.109], [48.018, 50.144], [48.017, 50.145], [48.016, 50.145], [48.016, 50.146], [48.015, 50.147], [47.996, 50.186], [47.957, 50.209], [47.956, 50.209], [47.917, 50.248], [47.916, 50.248], [47.811, 50.324], [47.78, 50.334], [47.779, 50.334], [47.779, 50.335], [47.778, 50.335], [47.738, 50.374], [47.693, 50.39], [47.693, 50.391], [47.692, 50.391], [47.627, 50.445], [47.601, 50.457], [47.6, 50.458], [47.557, 50.458], [47.51, 50.442], [47.509, 50.441], [47.436, 50.387], [47.435, 50.387], [47.391, 50.329], [47.39, 50.329], [47.39, 50.328], [47.389, 50.328], [47.389, 50.327], [47.388, 50.327], [47.321, 50.309], [47.32, 50.309], [47.302, 50.298], [47.29, 50.278], [47.314, 50.242], [47.315, 50.241], [47.315, 50.24], [47.315, 50.239], [47.315, 50.238], [47.315, 50.237], [47.314, 50.237], [47.314, 50.236], [47.313, 50.235], [47.26, 50.186], [47.269, 50.156], [47.269, 50.155], [47.321, 50.109], [47.321, 50.108], [47.322, 50.108], [47.322, 50.107], [47.322, 50.106], [47.323, 50.106], [47.323, 50.105], [47.323, 50.104], [47.323, 50.076], [47.323, 50.075], [47.323, 50.074], [47.323, 50.073], [47.322, 50.073], [47.306, 50.049], [47.305, 50.049], [47.305, 50.048], [47.304, 50.048], [47.176, 49.952], [47.175, 49.952], [47.174, 49.951], [46.956, 49.889], [46.919, 49.865], [46.919, 49.864], [46.896, 49.823], [46.895, 49.823], [46.77, 49.331], [46.828, 49.314], [46.829, 49.314], [46.829, 49.313], [46.976, 49.24], [46.977, 49.24], [47.023, 49.2], [47.023, 49.199], [47.024, 49.199], [47.024, 49.198], [47.024, 49.197], [47.025, 49.197], [47.034, 49.152], [47.035, 49.152], [47.035, 49.151], [47.035, 49.15], [47.034, 49.15], [47.034, 49.149], [47.017, 49.101], [47.017, 49.1], [47.016, 49.099], [47.016, 49.098], [46.928, 49.009], [46.927, 49.009], [46.927, 49.008], [46.926, 49.008], [46.776, 48.941], [46.776, 48.94], [46.75, 48.917], [46.474, 48.409], [46.474, 48.408], [47.093, 48.262], [47.094, 48.262], [47.095, 48.261], [47.096, 48.261], [47.096, 48.26], [47.097, 48.26], [47.097, 48.259], [47.105, 48.247], [47.105, 48.246], [47.105, 48.245], [47.106, 48.244], [47.105, 48.243], [47.105, 48.242], [47.105, 48.241], [47.104, 48.24], [47.07, 48.205], [47.104, 48.172], [47.104, 48.171], [47.105, 48.171], [47.105, 48.17], [47.111, 48.155], [47.111, 48.154], [47.111, 48.153], [47.111, 48.152], [47.099, 48.099], [47.118, 48.084], [47.118, 48.083], [47.171, 48.079], [47.172, 48.079], [47.173, 48.079], [47.174, 48.078], [47.18, 48.074], [47.181, 48.074], [47.181, 48.073], [47.182, 48.072], [47.182, 48.071], [47.183, 48.07], [47.183, 48.069], [47.183, 48.068], [47.182, 48.067], [47.182, 48.066], [47.175, 48.057], [47.175, 48.056], [47.174, 48.055], [47.135, 48.032], [47.04, 47.988], [47.039, 47.987], [47.047, 47.971], [47.048, 47.971], [47.118, 47.912], [47.118, 47.911], [47.15, 47.875], [47.15, 47.874], [47.151, 47.874], [47.151, 47.873], [47.151, 47.872], [47.151, 47.871], [47.151, 47.87], [47.151, 47.869], [47.151, 47.868], [47.15, 47.867], [47.121, 47.834], [47.115, 47.82], [47.119, 47.806], [47.172, 47.766], [47.357, 47.679], [47.358, 47.679], [47.377, 47.682], [47.388, 47.704], [47.394, 47.81], [47.394, 47.811], [47.394, 47.812], [47.397, 47.821], [47.398, 47.822], [47.399, 47.823], [47.399, 47.824], [47.4, 47.824], [47.411, 47.83], [47.412, 47.83], [47.413, 47.83], [47.414, 47.83], [47.415, 47.83], [47.649, 47.761], [48.043, 47.765], [48.044, 47.765], [48.045, 47.764], [48.11, 47.744], [48.111, 47.744], [48.17, 47.709], [48.171, 47.709], [48.172, 47.708], [48.357, 47.49], [48.408, 47.442], [48.436, 47.425], [48.436, 47.424], [48.519, 47.407], [48.52, 47.407], [48.521, 47.406], [48.522, 47.406], [48.522, 47.405], [48.523, 47.404], [48.693, 47.098], [48.994, 46.774], [48.995, 46.774], [48.995, 46.773], [48.996, 46.772], [48.996, 46.771], [48.996, 46.77], [48.996, 46.769], [48.996, 46.768], [48.995, 46.767], [48.995, 46.766], [48.994, 46.766], [48.917, 46.708], [48.916, 46.708], [48.915, 46.707], [48.914, 46.707], [48.766, 46.688], [48.765, 46.688], [48.764, 46.688], [48.763, 46.688], [48.744, 46.694], [48.743, 46.695], [48.742, 46.695], [48.742, 46.696], [48.701, 46.748], [48.701, 46.749], [48.679, 46.763], [48.678, 46.763], [48.619, 46.775], [48.618, 46.775], [48.556, 46.767], [48.555, 46.767], [48.502, 46.736], [48.451, 46.658], [48.524, 46.635], [48.525, 46.635], [48.525, 46.634], [48.526, 46.634], [48.527, 46.633], [48.528, 46.632], [48.528, 46.631], [48.543, 46.597], [48.548, 46.594], [48.549, 46.593], [48.549, 46.592], [48.55, 46.592], [48.55, 46.591], [48.55, 46.59], [48.551, 46.59], [48.551, 46.589], [48.551, 46.588], [48.551, 46.587], [48.55, 46.587], [48.55, 46.586], [48.55, 46.585], [48.549, 46.585], [48.549, 46.584], [48.535, 46.571], [48.538, 46.563], [48.573, 46.553], [48.702, 46.546], [48.703, 46.546], [48.703, 46.545], [48.704, 46.545], [48.705, 46.545], [48.818, 46.475], [48.894, 46.477], [48.895, 46.477], [48.896, 46.477], [48.897, 46.477], [48.898, 46.476], [49.031, 46.4], [49.032, 46.4], [49.226, 46.323], [49.232, 46.328], [49.232, 46.329], [49.22, 46.383], [49.207, 46.388], [49.181, 46.397], [49.174, 46.407], [49.21, 46.399], [49.277, 46.384], [49.295, 46.393], [49.295, 46.4], [49.261, 46.426], [49.26, 46.427], [49.259, 46.428], [49.259, 46.429], [49.248, 46.454], [49.243, 46.465], [49.255, 46.462], [49.262, 46.46], [49.263, 46.46], [49.264, 46.459], [49.265, 46.459], [49.265, 46.458], [49.303, 46.42], [49.304, 46.42], [49.349, 46.393], [49.356, 46.389], [49.35, 46.384], [49.313, 46.353], [49.312, 46.351], [49.311, 46.35], [49.304, 46.346], [49.303, 46.346], [49.299, 46.344], [49.299, 46.343], [49.295, 46.342], [49.294, 46.342], [49.29, 46.34], [49.289, 46.34], [49.287, 46.34], [49.292, 46.336], [49.292, 46.335], [49.293, 46.334], [49.293, 46.333], [49.294, 46.332], [49.294, 46.331], [49.293, 46.33], [49.293, 46.329], [49.293, 46.328], [49.292, 46.328], [49.238, 46.263], [49.237, 46.262], [49.191, 46.23], [49.19, 46.23], [49.19, 46.229], [49.189, 46.229], [49.188, 46.229], [49.187, 46.229], [49.185, 46.229], [49.185, 46.23], [49.181, 46.231], [49.18, 46.231], [49.159, 46.239], [49.159, 46.238], [49.16, 46.233], [49.161, 46.233], [49.162, 46.227], [49.163, 46.214], [49.163, 46.213], [49.163, 46.212], [49.163, 46.211], [49.162, 46.21], [49.161, 46.209], [49.059, 46.137], [49.058, 46.137], [49.057, 46.137], [49.053, 46.135], [49.052, 46.135], [49.051, 46.135], [49.05, 46.135], [49.049, 46.136], [49.049, 46.135], [49.046, 46.134], [49.046, 46.133], [49.045, 46.133], [49.044, 46.133], [49.044, 46.132], [49.027, 46.127], [49.026, 46.127], [49.012, 46.124], [49.011, 46.124], [49.005, 46.12], [49.004, 46.12], [49.003, 46.12], [48.888, 46.083], [48.887, 46.083], [48.886, 46.083], [48.833, 46.083], [48.833, 46.013], [48.833, 46.012], [48.833, 46.011], [48.832, 46.01], [48.832, 46.009], [48.831, 46.009], [48.831, 46.008], [48.83, 46.008], [48.829, 46.008], [48.828, 46.007], [48.826, 46.007], [48.825, 46.007], [48.821, 46.006], [48.82, 46.006], [48.816, 46.006], [48.806, 46.007], [48.802, 46.007], [48.801, 46.007], [48.797, 46.008], [48.796, 46.008], [48.792, 46.009], [48.792, 46.01], [48.788, 46.011], [48.787, 46.011], [48.783, 46.013], [48.783, 46.014], [48.779, 46.016], [48.779, 46.015], [48.778, 46.011], [48.778, 46.009], [48.778, 46.008], [48.78, 46.007], [48.783, 46.005], [48.784, 46.004], [48.787, 46.001], [48.79, 45.998], [48.791, 45.998], [48.793, 45.994], [48.796, 45.99], [48.798, 45.986], [48.799, 45.982], [48.8, 45.981], [48.801, 45.977], [48.804, 45.966], [48.804, 45.965], [48.804, 45.961], [48.805, 45.957], [48.805, 45.956], [48.805, 45.952], [48.805, 45.951], [48.804, 45.947], [48.803, 45.942], [48.8, 45.93], [48.8, 45.928], [48.802, 45.925], [48.802, 45.924], [48.804, 45.92], [48.805, 45.916], [48.806, 45.915], [48.806, 45.911], [48.807, 45.91], [48.807, 45.909], [48.806, 45.908], [48.806, 45.907], [48.806, 45.906], [48.805, 45.906], [48.805, 45.905], [48.804, 45.904], [48.773, 45.887], [48.772, 45.886], [48.771, 45.886], [48.77, 45.886], [48.769, 45.886], [48.768, 45.887], [48.767, 45.887], [48.635, 45.975], [48.5, 45.891], [48.499, 45.89], [48.498, 45.89], [48.497, 45.89], [48.495, 45.89], [48.489, 45.89], [48.485, 45.89], [48.484, 45.89], [48.468, 45.878], [48.458, 45.867], [48.458, 45.866], [48.458, 45.865], [48.457, 45.865], [48.457, 45.864], [48.456, 45.864], [48.455, 45.863], [48.338, 45.79], [48.337, 45.79], [48.337, 45.789], [48.336, 45.789], [48.335, 45.789], [48.334, 45.789], [48.333, 45.789], [48.332, 45.789], [48.332, 45.788], [48.332, 45.787], [48.331, 45.787], [48.331, 45.786], [48.33, 45.785], [48.304, 45.769], [48.303, 45.769], [48.303, 45.768], [48.302, 45.768], [48.015, 45.714], [47.873, 45.679], [47.872, 45.679], [47.871, 45.679], [47.87, 45.679], [47.869, 45.679], [47.754, 45.714], [47.673, 45.75], [47.628, 45.732], [47.601, 45.66], [47.653, 45.547], [47.654, 45.547], [47.654, 45.546], [47.654, 45.545], [47.654, 45.544], [47.654, 45.543], [47.653, 45.542], [47.653, 45.541], [47.652, 45.541], [47.652, 45.54], [47.621, 45.512], [47.62, 45.512], [47.62, 45.511], [47.619, 45.511], [47.618, 45.511], [47.617, 45.511], [47.616, 45.511], [47.615, 45.511], [47.614, 45.511], [47.613, 45.511], [47.609, 45.513], [47.608, 45.513], [47.604, 45.515], [47.602, 45.517], [47.601, 45.517], [47.601, 45.516], [47.598, 45.514], [47.597, 45.513], [47.593, 45.511], [47.588, 45.508], [47.588, 45.507], [47.588, 45.506], [47.588, 45.502], [47.588, 45.501], [47.587, 45.497], [47.587, 45.496], [47.586, 45.492], [47.585, 45.488], [47.584, 45.487], [47.582, 45.483], [47.58, 45.479], [47.577, 45.475], [47.574, 45.471], [47.573, 45.471], [47.57, 45.468], [47.566, 45.465], [47.562, 45.463], [47.562, 45.462], [47.558, 45.461], [47.557, 45.46], [47.548, 45.453], [47.548, 45.444], [47.549, 45.443], [47.549, 45.442], [47.549, 45.441], [47.548, 45.44], [47.548, 45.439], [47.517, 45.386], [47.517, 45.385], [47.516, 45.385], [47.516, 45.384], [47.515, 45.384], [47.514, 45.383], [47.509, 45.381], [47.508, 45.377], [47.507, 45.373], [47.507, 45.372], [47.505, 45.368], [47.504, 45.368], [47.502, 45.364], [47.502, 45.363], [47.496, 45.355], [47.496, 45.354], [47.492, 45.349], [47.486, 45.342], [47.483, 45.339], [47.48, 45.336], [47.479, 45.336], [47.476, 45.333], [47.472, 45.331], [47.468, 45.329], [47.464, 45.327], [47.463, 45.327], [47.462, 45.327], [47.438, 45.293], [47.437, 45.293], [47.431, 45.281], [47.429, 45.276], [47.429, 45.275], [47.429, 45.237], [47.429, 45.236], [47.429, 45.235], [47.429, 45.234], [47.395, 45.175], [47.394, 45.174], [47.366, 45.138], [47.366, 45.137], [47.365, 45.137], [47.365, 45.136], [47.364, 45.136], [47.363, 45.136], [47.362, 45.135], [47.358, 45.135], [47.353, 45.135], [47.348, 45.136], [47.344, 45.137], [47.343, 45.137], [47.339, 45.138], [47.339, 45.139], [47.332, 45.141], [47.324, 45.109], [47.322, 45.102], [47.308, 45.067], [47.308, 45.066], [47.305, 45.061], [47.299, 45.049], [47.298, 45.049], [47.298, 45.048], [47.251, 44.986], [47.21, 44.923], [47.209, 44.922], [47.209, 44.921], [47.208, 44.921], [47.207, 44.921], [47.206, 44.92], [47.205, 44.92], [47.201, 44.92], [47.2, 44.92], [47.197, 44.92], [47.192, 44.908], [47.191, 44.908], [47.189, 44.904], [47.187, 44.9], [47.186, 44.899], [47.183, 44.896], [47.18, 44.892], [47.176, 44.889], [47.172, 44.886], [47.171, 44.886], [47.168, 44.884], [47.167, 44.884], [47.163, 44.882], [47.162, 44.882], [47.161, 44.881], [47.16, 44.881], [47.161, 44.878], [47.161, 44.874], [47.162, 44.873], [47.162, 44.869], [47.161, 44.865], [47.161, 44.864], [47.161, 44.86], [47.161, 44.859], [47.16, 44.858], [47.16, 44.857], [47.16, 44.856], [47.159, 44.856], [47.159, 44.855], [47.158, 44.855], [47.158, 44.854], [47.157, 44.854], [47.026, 44.788], [46.949, 44.734], [46.975, 44.741], [46.976, 44.741], [46.977, 44.741], [46.978, 44.741], [46.979, 44.741], [46.99, 44.736], [46.994, 44.734], [47.002, 44.736], [47.0, 44.734], [46.997, 44.73], [46.993, 44.727], [46.992, 44.725], [46.99, 44.724], [46.989, 44.724], [46.985, 44.721], [46.981, 44.719], [46.976, 44.717], [46.972, 44.716], [46.971, 44.716], [46.967, 44.715], [46.966, 44.715], [46.962, 44.715], [46.961, 44.715], [46.957, 44.715], [46.956, 44.715], [46.952, 44.716], [46.947, 44.717], [46.943, 44.719], [46.942, 44.719], [46.938, 44.721], [46.937, 44.722], [46.913, 44.708], [46.9, 44.701], [46.894, 44.694], [46.885, 44.681], [46.884, 44.681], [46.88, 44.676], [46.868, 44.663], [46.868, 44.662], [46.865, 44.659], [46.864, 44.659], [46.861, 44.656], [46.857, 44.654], [46.857, 44.653], [46.853, 44.651], [46.852, 44.651], [46.848, 44.649], [46.844, 44.648], [46.843, 44.648], [46.839, 44.647], [46.838, 44.647], [46.834, 44.646], [46.829, 44.646], [46.824, 44.647], [46.82, 44.648], [46.819, 44.648], [46.807, 44.651], [46.804, 44.649], [46.804, 44.648], [46.787, 44.625], [46.787, 44.624], [46.784, 44.621], [46.783, 44.62], [46.78, 44.617], [46.776, 44.614], [46.772, 44.611], [46.768, 44.609], [46.767, 44.609], [46.763, 44.607], [46.76, 44.586], [46.762, 44.584], [46.764, 44.58], [46.768, 44.572], [46.77, 44.568], [46.77, 44.567], [46.771, 44.563], [46.771, 44.562], [46.772, 44.558], [46.773, 44.554], [46.773, 44.553], [46.773, 44.549], [46.773, 44.548], [46.773, 44.544], [46.773, 44.543], [46.772, 44.539], [46.771, 44.535], [46.771, 44.534], [46.769, 44.53], [46.769, 44.529], [46.767, 44.526], [46.767, 44.525], [46.765, 44.522], [46.764, 44.521], [46.762, 44.518], [46.761, 44.517], [46.759, 44.514], [46.758, 44.514], [46.755, 44.511], [46.75, 44.507], [46.748, 44.505], [46.747, 44.505], [46.746, 44.505], [46.746, 44.504], [46.738, 44.503], [46.739, 44.502], [46.739, 44.501], [46.739, 44.5], [46.745, 44.483], [46.746, 44.479], [46.746, 44.478], [46.747, 44.474], [46.748, 44.467], [46.762, 44.457], [46.781, 44.446], [46.781, 44.445], [46.783, 44.445], [46.814, 44.445], [46.833, 44.447], [46.837, 44.448], [46.841, 44.448], [46.852, 44.448], [46.853, 44.448], [46.857, 44.447], [46.862, 44.447], [46.932, 44.433], [46.932, 44.432], [46.933, 44.432], [46.934, 44.432], [46.934, 44.431], [46.935, 44.431], [46.935, 44.43], [46.936, 44.43], [46.936, 44.429], [46.936, 44.428], [46.944, 44.398], [46.998, 44.383], [46.999, 44.383], [47.033, 44.362], [47.033, 44.361], [47.034, 44.361], [47.034, 44.36], [47.035, 44.36], [47.035, 44.359], [47.035, 44.358], [47.056, 44.282], [47.056, 44.281], [47.057, 44.281], [47.084, 44.267], [47.085, 44.266], [47.086, 44.265], [47.086, 44.264], [47.087, 44.264], [47.087, 44.263], [47.093, 44.238], [47.112, 44.218], [47.112, 44.217], [47.154, 44.206], [47.173, 44.229], [47.173, 44.23], [47.174, 44.23], [47.174, 44.231], [47.175, 44.231], [47.2, 44.241], [47.201, 44.241], [47.202, 44.241], [47.203, 44.241], [47.218, 44.239], [47.219, 44.239], [47.22, 44.238], [47.221, 44.238], [47.221, 44.237], [47.239, 44.22], [47.239, 44.219], [47.24, 44.219], [47.24, 44.218], [47.24, 44.217], [47.268, 44.126], [47.269, 44.126], [47.291, 44.1], [47.292, 44.099], [47.292, 44.098], [47.313, 44.055], [47.313, 44.054], [47.348, 44.022], [47.358, 44.02], [47.359, 44.02], [47.36, 44.019], [47.361, 44.019], [47.361, 44.018], [47.382, 43.993], [47.383, 43.992], [47.41, 43.94], [47.411, 43.939], [47.411, 43.938], [47.418, 43.892], [47.431, 43.882], [47.432, 43.882], [47.432, 43.881], [47.433, 43.881], [47.433, 43.88], [47.434, 43.879], [47.434, 43.878], [47.434, 43.871], [47.434, 43.87], [47.435, 43.87], [47.464, 43.876], [47.465, 43.876], [47.466, 43.876], [47.467, 43.876], [47.468, 43.875], [47.469, 43.875], [47.469, 43.874], [47.47, 43.874], [47.47, 43.873], [47.471, 43.872], [47.471, 43.871], [47.472, 43.862], [47.475, 43.862], [47.484, 43.86], [47.479, 43.853], [47.466, 43.829], [47.517, 43.828], [47.518, 43.828], [47.519, 43.828], [47.519, 43.827], [47.52, 43.827], [47.521, 43.826], [47.522, 43.825], [47.522, 43.824], [47.523, 43.824], [47.523, 43.823], [47.528, 43.797], [47.528, 43.796], [47.528, 43.795], [47.528, 43.794], [47.527, 43.794], [47.527, 43.793], [47.526, 43.792], [47.526, 43.791], [47.525, 43.791], [47.482, 43.767], [47.44, 43.718], [47.461, 43.7], [47.462, 43.699], [47.462, 43.698], [47.463, 43.698], [47.463, 43.697], [47.463, 43.696], [47.463, 43.695], [47.463, 43.694], [47.463, 43.693], [47.462, 43.692], [47.462, 43.691], [47.42, 43.639], [47.413, 43.63], [47.41, 43.641], [47.406, 43.656], [47.398, 43.661], [47.397, 43.662], [47.397, 43.663], [47.396, 43.663], [47.396, 43.664], [47.396, 43.665], [47.395, 43.665], [47.395, 43.666], [47.395, 43.667], [47.397, 43.692], [47.397, 43.693], [47.377, 43.708], [47.377, 43.709], [47.376, 43.709], [47.376, 43.71], [47.375, 43.711], [47.375, 43.712], [47.374, 43.721], [47.358, 43.735], [47.346, 43.736], [47.345, 43.736], [47.344, 43.737], [47.343, 43.737], [47.343, 43.738], [47.342, 43.738], [47.311, 43.771], [47.282, 43.779], [47.281, 43.779], [47.281, 43.78], [47.28, 43.78], [47.279, 43.781], [47.278, 43.782], [47.278, 43.783], [47.277, 43.784], [47.271, 43.816], [47.242, 43.809], [47.241, 43.809], [47.24, 43.809], [47.239, 43.809], [47.187, 43.821], [47.164, 43.814], [47.163, 43.814], [47.162, 43.814], [47.161, 43.814], [47.139, 43.82], [47.138, 43.82], [47.131, 43.809], [47.13, 43.808], [47.13, 43.807], [47.129, 43.807], [47.128, 43.806], [47.108, 43.8], [47.107, 43.8], [47.106, 43.8], [47.105, 43.8], [47.036, 43.814], [47.035, 43.814], [47.034, 43.814], [47.019, 43.824], [47.018, 43.824], [47.004, 43.813], [47.003, 43.813], [47.002, 43.813], [47.002, 43.812], [47.001, 43.812], [47.0, 43.812], [46.999, 43.812], [46.998, 43.813], [46.977, 43.82], [46.978, 43.813], [46.978, 43.812], [46.978, 43.811], [46.977, 43.811], [46.977, 43.81], [46.977, 43.809], [46.976, 43.808], [46.975, 43.807], [46.974, 43.807], [46.974, 43.806], [46.973, 43.806], [46.972, 43.806], [46.971, 43.806], [46.948, 43.806], [46.947, 43.806], [46.946, 43.807], [46.918, 43.82], [46.9, 43.807], [46.899, 43.806], [46.898, 43.806], [46.897, 43.806], [46.876, 43.801], [46.875, 43.801], [46.876, 43.776], [46.876, 43.775], [46.876, 43.774], [46.876, 43.773], [46.875, 43.773], [46.875, 43.772], [46.874, 43.771], [46.873, 43.77], [46.872, 43.769], [46.871, 43.769], [46.87, 43.769], [46.869, 43.768], [46.868, 43.768], [46.867, 43.768], [46.866, 43.769], [46.865, 43.769], [46.864, 43.77], [46.855, 43.779], [46.83, 43.767], [46.829, 43.766], [46.828, 43.766], [46.827, 43.766], [46.826, 43.766], [46.825, 43.766], [46.824, 43.767], [46.823, 43.767], [46.813, 43.775], [46.777, 43.78], [46.724, 43.755], [46.723, 43.755], [46.722, 43.755], [46.67, 43.752], [46.637, 43.735], [46.636, 43.735], [46.635, 43.734], [46.634, 43.734], [46.573, 43.736], [46.572, 43.736], [46.571, 43.736], [46.571, 43.737], [46.57, 43.737], [46.569, 43.737], [46.569, 43.738], [46.568, 43.738], [46.567, 43.739], [46.567, 43.74], [46.566, 43.741], [46.566, 43.742], [46.566, 43.743], [46.566, 43.744], [46.566, 43.745], [46.567, 43.745], [46.567, 43.746], [46.576, 43.758], [46.577, 43.758], [46.577, 43.759], [46.578, 43.759], [46.579, 43.759], [46.579, 43.76], [46.58, 43.76], [46.581, 43.76], [46.617, 43.761], [46.618, 43.761], [46.663, 43.78], [46.663, 43.781], [46.678, 43.802], [46.679, 43.802], [46.68, 43.817], [46.68, 43.818], [46.67, 43.823], [46.669, 43.823], [46.669, 43.824], [46.668, 43.824], [46.668, 43.825], [46.667, 43.825], [46.667, 43.826], [46.667, 43.827], [46.662, 43.841], [46.631, 43.837], [46.63, 43.837], [46.629, 43.837], [46.628, 43.837], [46.627, 43.838], [46.626, 43.839], [46.625, 43.84], [46.625, 43.841], [46.621, 43.853], [46.62, 43.853], [46.612, 43.854], [46.611, 43.854], [46.61, 43.855], [46.609, 43.855], [46.609, 43.856], [46.608, 43.856], [46.591, 43.877], [46.563, 43.88], [46.512, 43.87], [46.511, 43.87], [46.51, 43.87], [46.509, 43.87], [46.503, 43.872], [46.502, 43.872], [46.501, 43.873], [46.5, 43.874], [46.5, 43.875], [46.499, 43.875], [46.499, 43.876], [46.496, 43.883], [46.466, 43.885], [46.465, 43.885], [46.464, 43.885], [46.463, 43.885], [46.462, 43.886], [46.461, 43.886], [46.461, 43.887], [46.46, 43.888], [46.46, 43.889], [46.46, 43.89], [46.46, 43.891], [46.469, 43.958], [46.468, 43.958], [46.443, 43.992], [46.443, 43.993], [46.443, 43.994], [46.442, 43.994], [46.442, 43.995], [46.442, 43.996], [46.442, 44.008], [46.319, 44.015], [46.317, 44.002], [46.317, 44.001], [46.318, 44.001], [46.33, 43.992], [46.331, 43.992], [46.331, 43.991], [46.332, 43.991], [46.332, 43.99], [46.333, 43.989], [46.333, 43.988], [46.333, 43.987], [46.333, 43.986], [46.329, 43.974], [46.329, 43.973], [46.328, 43.972], [46.327, 43.971], [46.326, 43.971], [46.326, 43.97], [46.325, 43.97], [46.243, 43.946], [46.237, 43.938], [46.236, 43.937], [46.239, 43.903], [46.239, 43.902], [46.239, 43.901], [46.238, 43.901], [46.238, 43.9], [46.238, 43.899], [46.217, 43.867], [46.216, 43.867], [46.215, 43.866], [46.214, 43.865], [46.213, 43.865], [46.212, 43.865], [46.094, 43.865], [46.079, 43.857], [46.072, 43.831], [46.072, 43.83], [46.071, 43.83], [46.071, 43.829], [46.07, 43.828], [46.069, 43.828], [46.069, 43.827], [46.068, 43.827], [46.067, 43.827], [46.06, 43.825], [46.059, 43.825], [46.058, 43.825], [46.057, 43.825], [46.057, 43.826], [46.056, 43.826], [46.055, 43.826], [46.055, 43.827], [46.04, 43.839], [46.039, 43.839], [46.039, 43.84], [46.038, 43.84], [46.038, 43.841], [46.024, 43.872], [46.024, 43.873], [46.024, 43.874], [46.024, 43.875], [46.024, 43.876], [46.024, 43.877], [46.025, 43.877], [46.025, 43.878], [46.026, 43.879], [46.027, 43.879], [46.027, 43.88], [46.028, 43.88], [46.029, 43.88], [46.063, 43.882], [46.074, 43.935], [45.832, 43.983], [45.801, 43.983], [45.771, 43.96], [45.77, 43.96], [45.769, 43.96], [45.768, 43.96], [45.768, 43.959], [45.767, 43.959], [45.726, 43.958], [45.725, 43.958], [45.724, 43.958], [45.723, 43.958], [45.671, 43.985], [45.592, 43.996], [45.591, 43.996], [45.51, 44.02], [45.497, 44.016], [45.496, 44.016], [45.495, 44.016], [45.494, 44.016], [45.493, 44.016], [45.492, 44.017], [45.491, 44.017], [45.491, 44.018], [45.49, 44.018], [45.49, 44.019], [45.489, 44.02], [45.489, 44.021], [45.489, 44.022], [45.49, 44.124], [45.49, 44.125], [45.49, 44.126], [45.491, 44.126], [45.491, 44.127], [45.492, 44.128], [45.493, 44.129], [45.494, 44.129], [45.495, 44.129], [45.495, 44.13], [45.496, 44.13], [45.502, 44.13], [45.503, 44.13], [45.503, 44.176], [45.114, 44.191], [45.113, 44.191], [45.112, 44.191], [45.111, 44.191], [45.11, 44.192], [45.109, 44.193], [45.109, 44.194], [45.108, 44.195], [45.108, 44.196], [45.108, 44.197], [45.108, 44.198], [45.108, 44.199], [45.109, 44.199], [45.109, 44.2], [45.138, 44.247], [45.139, 44.247], [45.139, 44.248], [45.14, 44.248], [45.14, 44.249], [45.141, 44.249], [45.142, 44.249], [45.143, 44.25], [45.375, 44.286], [45.433, 44.424], [45.433, 44.425], [45.398, 44.433], [45.397, 44.433], [45.397, 44.434], [45.396, 44.434], [45.395, 44.435], [45.394, 44.436], [45.394, 44.437], [45.388, 44.455], [45.387, 44.455], [45.353, 44.467], [45.352, 44.467], [45.235, 44.471], [45.235, 44.472], [45.234, 44.472], [45.233, 44.472], [45.232, 44.472], [45.232, 44.473], [45.231, 44.473], [45.231, 44.474], [45.23, 44.474], [45.23, 44.475], [45.23, 44.476], [45.227, 44.493], [45.226, 44.493], [45.225, 44.493], [44.756, 44.44], [44.755, 44.44], [44.754, 44.44], [44.753, 44.44], [43.883, 44.813], [43.882, 44.813], [43.882, 44.814], [43.881, 44.814], [43.881, 44.815], [43.88, 44.815], [43.88, 44.816], [43.88, 44.817], [43.381, 46.188], [42.257, 46.813], [42.256, 46.813], [40.638, 46.688], [40.637, 46.688], [40.636, 46.688], [40.636, 46.689], [40.635, 46.689], [40.634, 46.689], [40.634, 46.69], [40.633, 46.69], [40.633, 46.691], [40.632, 46.692], [40.632, 46.693], [40.508, 47.437], [40.508, 47.438], [39.259, 48.437], [37.885, 49.186], [37.386, 48.812], [37.385, 48.812], [37.385, 48.811], [37.384, 48.811], [36.793, 48.59], [36.793, 48.589], [36.792, 48.589], [36.791, 48.589], [36.79, 48.589], [36.789, 48.589], [36.789, 48.59], [36.788, 48.59], [36.787, 48.591], [36.786, 48.591], [36.786, 48.592], [36.785, 48.593], [36.781, 48.605], [36.754, 48.602], [36.753, 48.602], [36.752, 48.603], [36.751, 48.603], [36.75, 48.603], [36.75, 48.604], [36.749, 48.604], [36.749, 48.605], [36.748, 48.605], [36.748, 48.606], [36.748, 48.607], [36.74, 48.631], [36.672, 48.63], [36.671, 48.63], [36.651, 48.615], [36.65, 48.615], [36.65, 48.614], [36.649, 48.614], [36.648, 48.614], [36.596, 48.608], [36.595, 48.608], [36.594, 48.609], [36.593, 48.609], [36.482, 48.668], [36.481, 48.668], [36.447, 48.639], [36.446, 48.638], [36.445, 48.638], [36.444, 48.638], [36.443, 48.638], [36.416, 48.638], [36.416, 48.637], [36.417, 48.63], [36.422, 48.628], [36.423, 48.628], [36.424, 48.627], [36.425, 48.627], [36.425, 48.626], [36.426, 48.625], [36.426, 48.624], [36.426, 48.623], [36.426, 48.622], [36.426, 48.621], [36.426, 48.62], [36.425, 48.619], [36.424, 48.618], [36.378, 48.574], [36.377, 48.573], [36.378, 48.573], [36.381, 48.568], [36.381, 48.567], [36.381, 48.566], [36.382, 48.566], [36.382, 48.565], [36.382, 48.564], [36.381, 48.563], [36.381, 48.562], [36.38, 48.561], [36.38, 48.56], [36.362, 48.545], [36.361, 48.544], [36.36, 48.544], [36.359, 48.544], [36.358, 48.544], [36.357, 48.544], [36.356, 48.544], [36.324, 48.56], [36.299, 48.54], [36.298, 48.539], [36.297, 48.539], [36.296, 48.539], [36.296, 48.538], [36.295, 48.538], [36.294, 48.538], [36.293, 48.539], [36.292, 48.539], [36.288, 48.541], [36.287, 48.541], [36.287, 48.542], [36.286, 48.542], [36.286, 48.543], [36.285, 48.544], [36.285, 48.545], [36.285, 48.546], [36.285, 48.547], [36.285, 48.548], [36.285, 48.549], [36.286, 48.55], [36.286, 48.551], [36.324, 48.587], [36.268, 48.618], [36.267, 48.619], [36.266, 48.62], [36.266, 48.621], [36.265, 48.621], [36.265, 48.622], [36.265, 48.623], [36.265, 48.624], [36.265, 48.625], [36.272, 48.645], [36.273, 48.645], [36.273, 48.646], [36.274, 48.646], [36.274, 48.647], [36.275, 48.648], [36.287, 48.655], [36.285, 48.664], [36.157, 48.723], [36.156, 48.724], [36.155, 48.724], [36.155, 48.725], [36.154, 48.726], [36.154, 48.727], [36.154, 48.728], [36.154, 48.729], [36.154, 48.73], [36.154, 48.731], [36.155, 48.731], [36.155, 48.732], [36.167, 48.748], [36.159, 48.755], [36.159, 48.756], [36.158, 48.756], [36.158, 48.757], [36.158, 48.758], [36.157, 48.759], [36.157, 48.76], [36.158, 48.761], [36.158, 48.762], [36.158, 48.763], [36.159, 48.763], [36.159, 48.764], [36.16, 48.764], [36.16, 48.765], [36.161, 48.765], [36.162, 48.765], [36.164, 48.766], [36.163, 48.787], [36.125, 48.813], [36.081, 48.814], [36.08, 48.814], [36.079, 48.814], [36.078, 48.814], [36.078, 48.815], [36.077, 48.815], [36.076, 48.816], [36.076, 48.817], [36.075, 48.817], [36.075, 48.818], [36.075, 48.819], [36.075, 48.82], [36.075, 48.821], [36.079, 48.837], [36.036, 48.853], [36.035, 48.853], [36.035, 48.854], [36.034, 48.854], [36.034, 48.855], [36.033, 48.855], [36.033, 48.856], [36.033, 48.857], [36.032, 48.858], [36.032, 48.859], [36.033, 48.86], [36.033, 48.861], [36.034, 48.862], [36.045, 48.875], [36.027, 48.885], [36.026, 48.886], [36.025, 48.887], [36.025, 48.888], [36.024, 48.888], [36.024, 48.889], [36.024, 48.89], [36.024, 48.891], [36.024, 48.892], [36.025, 48.893], [36.025, 48.894], [36.026, 48.894], [36.048, 48.918], [36.009, 48.938], [36.008, 48.938], [36.008, 48.939], [36.007, 48.94], [36.006, 48.941], [36.006, 48.942], [36.006, 48.943], [36.006, 48.944], [36.006, 48.945], [36.007, 48.95], [35.992, 48.958], [35.991, 48.958], [35.991, 48.959], [35.99, 48.959], [35.99, 48.96], [35.989, 48.96], [35.989, 48.961], [35.989, 48.962], [35.989, 48.963], [35.989, 48.964], [35.989, 48.965], [35.989, 48.966], [35.993, 48.973], [35.992, 48.973], [35.937, 49.004], [35.937, 49.003], [35.927, 48.983], [35.927, 48.982], [35.926, 48.981], [35.925, 48.98], [35.924, 48.98], [35.923, 48.979], [35.922, 48.979], [35.883, 48.98], [35.882, 48.98], [35.876, 48.969], [35.876, 48.968], [35.875, 48.968], [35.875, 48.967], [35.874, 48.967], [35.873, 48.967], [35.873, 48.966], [35.852, 48.961], [35.851, 48.958], [35.851, 48.957], [35.851, 48.956], [35.851, 48.955], [35.85, 48.955], [35.85, 48.954], [35.849, 48.954], [35.849, 48.953], [35.848, 48.953], [35.847, 48.952], [35.846, 48.952], [35.845, 48.952], [35.844, 48.952], [35.83, 48.955], [35.807, 48.945], [35.811, 48.904], [35.811, 48.903], [35.81, 48.903], [35.81, 48.902], [35.806, 48.886], [35.806, 48.885], [35.805, 48.884], [35.805, 48.883], [35.804, 48.883], [35.804, 48.882], [35.803, 48.882], [35.802, 48.882], [35.801, 48.881], [35.8, 48.881], [35.767, 48.881], [35.766, 48.881], [35.765, 48.881], [35.764, 48.882], [35.763, 48.882], [35.762, 48.883], [35.762, 48.884], [35.761, 48.884], [35.761, 48.885], [35.761, 48.886], [35.76, 48.891], [35.759, 48.891], [35.728, 48.893], [35.699, 48.887], [35.698, 48.887], [35.644, 48.892], [35.633, 48.886], [35.633, 48.885], [35.633, 48.868], [35.658, 48.857], [35.659, 48.856], [35.66, 48.856], [35.66, 48.855], [35.661, 48.855], [35.661, 48.854], [35.662, 48.853], [35.662, 48.852], [35.662, 48.851], [35.662, 48.85], [35.662, 48.849], [35.661, 48.848], [35.661, 48.847], [35.66, 48.847], [35.66, 48.846], [35.642, 48.831], [35.666, 48.814], [35.667, 48.813], [35.668, 48.812], [35.668, 48.811], [35.669, 48.811], [35.669, 48.81], [35.669, 48.809], [35.669, 48.808], [35.669, 48.807], [35.669, 48.806], [35.668, 48.806], [35.668, 48.805], [35.665, 48.802], [35.665, 48.801], [35.67, 48.798], [35.67, 48.797], [35.671, 48.797], [35.671, 48.796], [35.672, 48.795], [35.672, 48.794], [35.672, 48.793], [35.672, 48.792], [35.672, 48.791], [35.672, 48.79], [35.671, 48.79], [35.671, 48.789], [35.655, 48.77], [35.655, 48.769], [35.67, 48.758], [35.671, 48.758], [35.671, 48.757], [35.672, 48.756], [35.672, 48.755], [35.672, 48.754], [35.672, 48.742], [35.672, 48.741], [35.672, 48.74], [35.672, 48.739], [35.671, 48.739], [35.671, 48.738], [35.67, 48.737], [35.643, 48.712], [35.642, 48.712], [35.642, 48.711], [35.641, 48.711], [35.64, 48.711], [35.617, 48.706], [35.596, 48.692], [35.58, 48.671], [35.581, 48.669], [35.582, 48.669], [35.582, 48.668], [35.582, 48.667], [35.582, 48.666], [35.582, 48.665], [35.582, 48.664], [35.581, 48.664], [35.581, 48.663], [35.58, 48.662], [35.58, 48.661], [35.579, 48.661], [35.552, 48.646], [35.553, 48.645], [35.553, 48.644], [35.554, 48.644], [35.554, 48.643], [35.554, 48.642], [35.555, 48.642], [35.555, 48.641], [35.555, 48.64], [35.555, 48.639], [35.554, 48.639], [35.554, 48.638], [35.554, 48.637], [35.553, 48.637], [35.553, 48.636], [35.552, 48.635], [35.551, 48.635], [35.55, 48.634], [35.544, 48.634], [35.544, 48.633], [35.539, 48.617], [35.544, 48.615], [35.544, 48.614], [35.545, 48.614], [35.546, 48.613], [35.546, 48.612], [35.547, 48.611], [35.547, 48.61], [35.547, 48.607], [35.547, 48.606], [35.547, 48.605], [35.546, 48.604], [35.546, 48.603], [35.545, 48.603], [35.545, 48.602], [35.544, 48.602], [35.543, 48.601], [35.542, 48.601], [35.541, 48.601], [35.521, 48.602], [35.521, 48.601], [35.544, 48.548], [35.545, 48.547], [35.545, 48.546], [35.545, 48.545], [35.544, 48.544], [35.544, 48.543], [35.544, 48.542], [35.543, 48.542], [35.542, 48.541], [35.541, 48.54], [35.54, 48.54], [35.516, 48.533], [35.515, 48.533], [35.515, 48.532], [35.514, 48.533], [35.436, 48.543], [35.408, 48.533], [35.407, 48.533], [35.406, 48.533], [35.405, 48.533], [35.404, 48.533], [35.403, 48.534], [35.402, 48.534], [35.396, 48.539], [35.372, 48.53], [35.376, 48.519], [35.376, 48.518], [35.376, 48.517], [35.376, 48.516], [35.376, 48.515], [35.375, 48.515], [35.375, 48.514], [35.374, 48.513], [35.373, 48.513], [35.373, 48.512], [35.372, 48.512], [35.371, 48.511], [35.37, 48.511], [35.369, 48.511], [35.368, 48.512], [35.367, 48.512], [35.366, 48.512], [35.366, 48.513], [35.365, 48.513], [35.356, 48.523], [35.329, 48.513], [35.327, 48.505], [35.327, 48.504], [35.36, 48.462], [35.36, 48.461], [35.361, 48.461], [35.361, 48.46], [35.361, 48.459], [35.361, 48.458], [35.361, 48.457], [35.36, 48.456], [35.36, 48.455], [35.359, 48.455], [35.359, 48.454], [35.358, 48.454], [35.321, 48.433], [35.32, 48.432], [35.319, 48.432], [35.318, 48.432], [35.317, 48.432], [35.316, 48.433], [35.315, 48.433], [35.315, 48.434], [35.314, 48.434], [35.298, 48.455], [35.298, 48.456], [35.297, 48.456], [35.297, 48.457], [35.297, 48.458], [35.297, 48.459], [35.297, 48.46], [35.297, 48.461], [35.297, 48.462], [35.298, 48.462], [35.298, 48.463], [35.299, 48.463], [35.299, 48.464], [35.3, 48.464], [35.319, 48.472], [35.302, 48.496], [35.285, 48.493], [35.284, 48.493], [35.283, 48.493], [35.282, 48.493], [35.281, 48.493], [35.28, 48.494], [35.279, 48.495], [35.257, 48.523], [35.25, 48.524], [35.249, 48.524], [35.248, 48.524], [35.248, 48.525], [35.247, 48.525], [35.247, 48.526], [35.246, 48.526], [35.246, 48.527], [35.245, 48.527], [35.235, 48.551], [35.171, 48.583], [35.171, 48.584], [35.17, 48.584], [35.17, 48.585], [35.169, 48.585], [35.169, 48.586], [35.169, 48.587], [35.168, 48.588], [35.168, 48.589], [35.168, 48.59], [35.169, 48.591], [35.169, 48.592], [35.169, 48.593], [35.17, 48.593], [35.171, 48.594], [35.179, 48.598], [35.179, 48.599], [35.173, 48.613], [35.172, 48.614], [35.172, 48.615], [35.172, 48.616], [35.173, 48.617], [35.173, 48.618], [35.187, 48.644], [35.187, 48.645], [35.188, 48.645], [35.188, 48.646], [35.189, 48.646], [35.19, 48.647], [35.191, 48.647], [35.192, 48.647], [35.214, 48.648], [35.221, 48.655], [35.212, 48.675], [35.176, 48.665], [35.175, 48.665], [35.174, 48.665], [35.173, 48.665], [35.172, 48.665], [35.171, 48.666], [35.17, 48.666], [35.17, 48.667], [35.169, 48.668], [35.169, 48.669], [35.168, 48.67], [35.167, 48.677], [35.153, 48.692], [35.152, 48.693], [35.152, 48.694], [35.151, 48.695], [35.151, 48.696], [35.151, 48.697], [35.151, 48.698], [35.152, 48.699], [35.152, 48.7], [35.153, 48.7], [35.153, 48.701], [35.154, 48.701], [35.154, 48.702], [35.161, 48.705], [35.165, 48.736], [35.069, 48.76], [35.068, 48.76], [35.01, 48.702], [35.009, 48.701], [35.008, 48.701], [35.008, 48.7], [35.007, 48.7], [35.006, 48.7], [35.005, 48.7], [35.004, 48.701], [35.003, 48.701], [35.002, 48.701], [35.002, 48.702], [34.948, 48.748], [34.948, 48.749], [34.947, 48.75], [34.947, 48.751], [34.946, 48.752], [34.946, 48.753], [34.946, 48.754], [34.947, 48.754], [34.947, 48.755], [34.947, 48.756], [34.948, 48.757], [34.949, 48.757], [34.949, 48.758], [34.95, 48.758], [34.961, 48.764], [34.96, 48.797], [34.947, 48.799], [34.946, 48.799], [34.933, 48.791], [34.932, 48.791], [34.932, 48.79], [34.931, 48.79], [34.93, 48.79], [34.929, 48.79], [34.928, 48.791], [34.927, 48.791], [34.927, 48.792], [34.912, 48.804], [34.911, 48.804], [34.91, 48.805], [34.91, 48.806], [34.91, 48.807], [34.909, 48.808], [34.909, 48.809], [34.91, 48.809], [34.91, 48.81], [34.91, 48.811], [34.911, 48.812], [34.911, 48.813], [34.912, 48.813], [34.914, 48.814], [34.914, 48.815], [34.911, 48.825], [34.911, 48.826], [34.892, 48.839], [34.878, 48.831], [34.877, 48.83], [34.876, 48.83], [34.875, 48.83], [34.874, 48.83], [34.873, 48.83], [34.856, 48.834], [34.839, 48.827], [34.841, 48.812], [34.842, 48.811], [34.842, 48.81], [34.841, 48.81], [34.841, 48.809], [34.841, 48.808], [34.84, 48.807], [34.84, 48.806], [34.821, 48.789], [34.827, 48.781], [34.827, 48.78], [34.828, 48.779], [34.828, 48.778], [34.828, 48.777], [34.828, 48.776], [34.827, 48.775], [34.827, 48.774], [34.826, 48.773], [34.825, 48.773], [34.813, 48.763], [34.812, 48.762], [34.811, 48.762], [34.81, 48.762], [34.809, 48.762], [34.808, 48.762], [34.8, 48.763], [34.799, 48.763], [34.798, 48.763], [34.798, 48.764], [34.797, 48.764], [34.796, 48.765], [34.796, 48.766], [34.795, 48.766], [34.795, 48.767], [34.795, 48.768], [34.795, 48.769], [34.795, 48.77], [34.797, 48.78], [34.781, 48.792], [34.781, 48.793], [34.78, 48.793], [34.78, 48.794], [34.779, 48.795], [34.779, 48.796], [34.779, 48.797], [34.779, 48.798], [34.784, 48.822], [34.783, 48.822], [34.776, 48.827], [34.775, 48.828], [34.774, 48.829], [34.774, 48.83], [34.773, 48.831], [34.77, 48.848], [34.77, 48.849], [34.746, 48.855], [34.746, 48.856], [34.745, 48.856], [34.744, 48.857], [34.743, 48.857], [34.743, 48.858], [34.742, 48.859], [34.742, 48.86], [34.742, 48.861], [34.741, 48.866], [34.741, 48.867], [34.741, 48.868], [34.742, 48.869], [34.742, 48.87], [34.743, 48.87], [34.743, 48.871], [34.744, 48.871], [34.744, 48.872], [34.788, 48.895], [34.793, 48.915], [34.764, 48.937], [34.763, 48.938], [34.762, 48.939], [34.762, 48.94], [34.762, 48.941], [34.762, 48.942], [34.762, 48.943], [34.762, 48.944], [34.763, 48.945], [34.763, 48.946], [34.755, 48.957], [34.755, 48.958], [34.754, 48.959], [34.754, 48.96], [34.754, 48.961], [34.754, 48.962], [34.754, 48.963], [34.755, 48.963], [34.755, 48.964], [34.758, 48.969], [34.741, 48.986], [34.74, 48.987], [34.74, 48.988], [34.739, 48.988], [34.739, 48.989], [34.739, 48.99], [34.739, 48.991], [34.739, 48.992], [34.74, 48.992], [34.74, 48.993], [34.743, 48.999], [34.696, 49.051], [34.695, 49.051], [34.69, 49.05], [34.689, 49.05], [34.688, 49.05], [34.687, 49.05], [34.686, 49.05], [34.685, 49.051], [34.684, 49.051], [34.684, 49.052], [34.683, 49.053], [34.683, 49.054], [34.682, 49.055], [34.682, 49.056], [34.682, 49.057], [34.683, 49.057], [34.683, 49.058], [34.683, 49.059], [34.692, 49.072], [34.675, 49.102], [34.674, 49.102], [34.652, 49.103], [34.651, 49.103], [34.65, 49.103], [34.649, 49.104], [34.648, 49.104], [34.648, 49.105], [34.625, 49.128], [34.589, 49.117], [34.589, 49.116], [34.587, 49.104], [34.586, 49.104], [34.586, 49.103], [34.586, 49.102], [34.585, 49.102], [34.585, 49.101], [34.584, 49.101], [34.584, 49.1], [34.583, 49.1], [34.582, 49.1], [34.581, 49.1], [34.58, 49.1], [34.57, 49.1], [34.562, 49.085], [34.564, 49.07], [34.564, 49.069], [34.564, 49.068], [34.564, 49.067], [34.564, 49.066], [34.563, 49.065], [34.562, 49.064], [34.561, 49.064], [34.561, 49.063], [34.56, 49.063], [34.551, 49.061], [34.55, 49.06], [34.549, 49.06], [34.548, 49.06], [34.547, 49.061], [34.546, 49.061], [34.516, 49.077], [34.502, 49.069], [34.501, 49.068], [34.5, 49.068], [34.499, 49.068], [34.498, 49.068], [34.497, 49.068], [34.496, 49.069], [34.476, 49.079], [34.475, 49.079], [34.467, 49.072], [34.466, 49.072], [34.465, 49.072], [34.465, 49.071], [34.464, 49.071], [34.463, 49.071], [34.462, 49.071], [34.462, 49.072], [34.461, 49.072], [34.401, 49.099], [34.4, 49.074], [34.405, 49.065], [34.405, 49.064], [34.406, 49.063], [34.406, 49.062], [34.406, 49.061], [34.406, 49.06], [34.406, 49.059], [34.405, 49.059], [34.405, 49.058], [34.404, 49.057], [34.403, 49.057], [34.403, 49.056], [34.402, 49.056], [34.358, 49.037], [34.357, 49.037], [34.321, 49.0], [34.339, 48.986], [34.34, 48.986], [34.341, 48.985], [34.341, 48.984], [34.342, 48.983], [34.342, 48.982], [34.342, 48.981], [34.342, 48.98], [34.341, 48.979], [34.341, 48.978], [34.34, 48.977], [34.308, 48.943], [34.295, 48.895], [34.303, 48.881], [34.329, 48.87], [34.33, 48.869], [34.331, 48.869], [34.331, 48.868], [34.332, 48.867], [34.332, 48.866], [34.332, 48.865], [34.333, 48.855], [34.333, 48.854], [34.332, 48.853], [34.332, 48.852], [34.332, 48.851], [34.331, 48.851], [34.331, 48.85], [34.33, 48.85], [34.33, 48.849], [34.329, 48.849], [34.328, 48.849], [34.327, 48.848], [34.322, 48.848], [34.32, 48.831], [34.319, 48.83], [34.319, 48.829], [34.319, 48.828], [34.318, 48.828], [34.318, 48.827], [34.317, 48.827], [34.317, 48.826], [34.316, 48.826], [34.315, 48.826], [34.314, 48.825], [34.293, 48.823], [34.293, 48.822], [34.295, 48.781], [34.306, 48.782], [34.307, 48.781], [34.308, 48.781], [34.309, 48.781], [34.31, 48.78], [34.311, 48.78], [34.311, 48.779], [34.312, 48.778], [34.312, 48.777], [34.312, 48.776], [34.312, 48.775], [34.312, 48.774], [34.312, 48.773], [34.311, 48.773], [34.311, 48.772], [34.31, 48.771], [34.309, 48.77], [34.305, 48.768], [34.305, 48.75], [34.305, 48.749], [34.304, 48.749], [34.304, 48.748], [34.304, 48.747], [34.303, 48.746], [34.302, 48.746], [34.302, 48.745], [34.301, 48.745], [34.3, 48.745], [34.3, 48.744], [34.299, 48.744], [34.298, 48.744], [34.297, 48.744], [34.297, 48.745], [34.296, 48.745], [34.288, 48.749], [34.287, 48.749], [34.253, 48.749], [34.252, 48.749], [34.251, 48.749], [34.251, 48.75], [34.25, 48.75], [34.249, 48.75], [34.233, 48.762], [34.205, 48.765], [34.204, 48.765], [34.203, 48.765], [34.202, 48.766], [34.178, 48.782], [34.144, 48.783], [34.143, 48.783], [34.142, 48.783], [34.141, 48.783], [34.132, 48.789], [34.131, 48.789], [34.13, 48.79], [34.129, 48.791], [34.129, 48.792], [34.128, 48.793], [34.128, 48.794], [34.129, 48.795], [34.132, 48.815], [34.131, 48.815], [34.122, 48.827], [34.078, 48.829], [34.077, 48.829], [34.076, 48.829], [34.075, 48.829], [34.04, 48.847], [34.039, 48.847], [34.039, 48.848], [34.038, 48.848], [34.037, 48.849], [34.023, 48.869], [33.984, 48.871], [33.983, 48.871], [33.982, 48.871], [33.928, 48.885], [33.927, 48.885], [33.927, 48.886], [33.895, 48.907], [33.871, 48.847], [33.871, 48.846], [33.87, 48.846], [33.87, 48.845], [33.869, 48.845], [33.869, 48.844], [33.868, 48.844], [33.867, 48.844], [33.859, 48.84], [33.858, 48.84], [33.843, 48.804], [33.846, 48.784], [33.846, 48.783], [33.846, 48.782], [33.846, 48.781], [33.845, 48.781], [33.845, 48.78], [33.844, 48.779], [33.844, 48.778], [33.843, 48.778], [33.842, 48.777], [33.841, 48.777], [33.84, 48.777], [33.839, 48.777], [33.826, 48.78], [33.825, 48.78], [33.824, 48.781], [33.823, 48.781], [33.823, 48.782], [33.822, 48.783], [33.813, 48.807], [33.733, 48.795], [33.732, 48.795], [33.731, 48.795], [33.73, 48.796], [33.729, 48.796], [33.728, 48.797], [33.727, 48.798], [33.716, 48.819], [33.693, 48.814], [33.692, 48.814], [33.691, 48.814], [33.69, 48.814], [33.69, 48.815], [33.673, 48.82], [33.672, 48.819], [33.656, 48.799], [33.655, 48.799], [33.655, 48.798], [33.654, 48.798], [33.653, 48.797], [33.652, 48.797], [33.624, 48.794], [33.623, 48.794], [33.622, 48.794], [33.621, 48.794], [33.62, 48.794], [33.603, 48.804], [33.58, 48.801], [33.58, 48.8], [33.581, 48.789], [33.581, 48.788], [33.58, 48.787], [33.58, 48.786], [33.579, 48.785], [33.579, 48.784], [33.578, 48.784], [33.573, 48.78], [33.581, 48.753], [33.591, 48.743], [33.592, 48.743], [33.601, 48.745], [33.602, 48.745], [33.603, 48.745], [33.604, 48.744], [33.605, 48.744], [33.606, 48.743], [33.607, 48.742], [33.617, 48.723], [33.679, 48.718], [33.68, 48.718], [33.681, 48.718], [33.682, 48.717], [33.728, 48.688], [33.739, 48.688], [33.74, 48.688], [33.741, 48.688], [33.742, 48.687], [33.743, 48.687], [33.743, 48.686], [33.744, 48.686], [33.744, 48.685], [33.749, 48.676], [33.792, 48.681], [33.793, 48.681], [33.794, 48.681], [33.795, 48.681], [33.796, 48.68], [33.797, 48.68], [33.797, 48.679], [33.798, 48.678], [33.798, 48.677], [33.798, 48.676], [33.799, 48.676], [33.799, 48.675], [33.798, 48.674], [33.798, 48.672], [33.798, 48.671], [33.798, 48.67], [33.797, 48.669], [33.796, 48.668], [33.795, 48.667], [33.794, 48.667], [33.793, 48.667], [33.752, 48.66], [33.757, 48.634], [33.757, 48.633], [33.757, 48.632], [33.757, 48.631], [33.757, 48.63], [33.756, 48.63], [33.756, 48.629], [33.755, 48.628], [33.754, 48.628], [33.754, 48.627], [33.753, 48.627], [33.666, 48.593], [33.665, 48.593], [33.664, 48.593], [33.663, 48.593], [33.662, 48.593], [33.661, 48.594], [33.66, 48.594], [33.659, 48.595], [33.651, 48.605], [33.607, 48.604], [33.615, 48.576], [33.615, 48.575], [33.615, 48.574], [33.614, 48.573], [33.614, 48.572], [33.614, 48.571], [33.613, 48.571], [33.613, 48.57], [33.612, 48.57], [33.612, 48.569], [33.611, 48.569], [33.61, 48.569], [33.598, 48.566], [33.597, 48.566], [33.596, 48.566], [33.595, 48.566], [33.595, 48.567], [33.594, 48.567], [33.593, 48.567], [33.593, 48.568], [33.592, 48.568], [33.592, 48.569], [33.591, 48.569], [33.585, 48.581], [33.584, 48.581], [33.509, 48.573], [33.506, 48.568], [33.506, 48.567], [33.505, 48.567], [33.505, 48.566], [33.504, 48.565], [33.503, 48.565], [33.502, 48.565], [33.48, 48.562], [33.479, 48.562], [33.479, 48.555], [33.479, 48.554], [33.478, 48.554], [33.478, 48.553], [33.478, 48.552], [33.477, 48.552], [33.477, 48.551], [33.476, 48.551], [33.475, 48.55], [33.468, 48.547], [33.465, 48.533], [33.484, 48.44], [33.484, 48.439], [33.484, 48.438], [33.482, 48.404], [33.482, 48.403], [33.482, 48.402], [33.482, 48.401], [33.482, 48.4], [33.481, 48.399], [33.481, 48.398], [33.48, 48.397], [33.479, 48.396], [33.478, 48.396], [33.465, 48.391], [33.464, 48.369], [33.464, 48.368], [33.464, 48.367], [33.463, 48.367], [33.463, 48.366], [33.455, 48.357], [33.455, 48.356], [33.459, 48.345], [33.466, 48.345], [33.467, 48.345], [33.468, 48.344], [33.469, 48.344], [33.47, 48.343], [33.47, 48.342], [33.471, 48.342], [33.471, 48.341], [33.471, 48.34], [33.472, 48.34], [33.472, 48.339], [33.471, 48.325], [33.504, 48.325], [33.505, 48.325], [33.506, 48.325], [33.507, 48.325], [33.508, 48.324], [33.509, 48.324], [33.509, 48.323], [33.51, 48.322], [33.51, 48.321], [33.51, 48.32], [33.51, 48.319], [33.51, 48.318], [33.505, 48.291], [33.509, 48.275], [33.523, 48.272], [33.524, 48.271], [33.525, 48.271], [33.526, 48.27], [33.526, 48.269], [33.527, 48.269], [33.527, 48.268], [33.536, 48.248], [33.536, 48.247], [33.538, 48.242], [33.539, 48.241], [33.539, 48.24], [33.539, 48.239], [33.539, 48.238], [33.538, 48.238], [33.538, 48.237], [33.538, 48.236], [33.537, 48.236], [33.537, 48.235], [33.536, 48.235], [33.532, 48.231], [33.531, 48.231], [33.53, 48.231], [33.53, 48.23], [33.523, 48.229], [33.522, 48.228], [33.521, 48.228], [33.52, 48.228], [33.52, 48.229], [33.519, 48.229], [33.518, 48.229], [33.518, 48.23], [33.517, 48.23], [33.517, 48.231], [33.516, 48.231], [33.516, 48.232], [33.516, 48.233], [33.515, 48.235], [33.499, 48.236], [33.498, 48.236], [33.495, 48.224], [33.495, 48.223], [33.494, 48.223], [33.494, 48.222], [33.493, 48.221], [33.492, 48.221], [33.492, 48.22], [33.491, 48.22], [33.48, 48.216], [33.482, 48.213], [33.482, 48.212], [33.483, 48.212], [33.483, 48.211], [33.483, 48.21], [33.483, 48.209], [33.482, 48.208], [33.482, 48.207], [33.481, 48.206], [33.48, 48.205], [33.479, 48.205], [33.479, 48.204], [33.478, 48.204], [33.428, 48.193], [33.426, 48.179], [33.426, 48.178], [33.426, 48.177], [33.425, 48.177], [33.425, 48.176], [33.424, 48.175], [33.423, 48.175], [33.423, 48.174], [33.422, 48.174], [33.421, 48.174], [33.289, 48.154], [33.302, 48.128], [33.302, 48.127], [33.303, 48.126], [33.303, 48.125], [33.303, 48.124], [33.302, 48.123], [33.302, 48.122], [33.301, 48.121], [33.292, 48.109], [33.291, 48.109], [33.291, 48.108], [33.29, 48.108], [33.289, 48.108], [33.288, 48.107], [33.287, 48.107], [33.286, 48.107], [33.285, 48.108], [33.284, 48.108], [33.283, 48.108], [33.283, 48.109], [33.282, 48.109], [33.282, 48.11], [33.281, 48.111], [33.281, 48.112], [33.281, 48.113], [33.275, 48.157], [33.256, 48.157], [33.255, 48.157], [33.254, 48.157], [33.253, 48.157], [33.253, 48.158], [33.252, 48.158], [33.251, 48.159], [33.25, 48.16], [33.25, 48.161], [33.244, 48.177], [33.211, 48.175], [33.211, 48.174], [33.212, 48.147], [33.213, 48.147], [33.22, 48.145], [33.221, 48.144], [33.222, 48.144], [33.222, 48.143], [33.223, 48.143], [33.223, 48.142], [33.224, 48.142], [33.224, 48.141], [33.224, 48.14], [33.225, 48.136], [33.225, 48.135], [33.225, 48.134], [33.225, 48.133], [33.225, 48.132], [33.224, 48.131], [33.223, 48.13], [33.222, 48.129], [33.221, 48.129], [33.177, 48.118], [33.183, 48.1], [33.183, 48.099], [33.183, 48.098], [33.183, 48.097], [33.183, 48.096], [33.183, 48.095], [33.182, 48.094], [33.182, 48.093], [33.181, 48.093], [33.18, 48.092], [33.179, 48.092], [33.178, 48.092], [33.152, 48.088], [33.138, 48.08], [33.138, 48.079], [33.138, 48.075], [33.138, 48.074], [33.138, 48.073], [33.138, 48.072], [33.137, 48.072], [33.137, 48.071], [33.136, 48.07], [33.135, 48.069], [33.134, 48.069], [33.133, 48.069], [33.132, 48.069], [33.103, 48.069], [33.1, 48.051], [33.1, 48.05], [33.1, 48.049], [33.099, 48.049], [33.099, 48.048], [33.098, 48.047], [33.097, 48.046], [33.096, 48.046], [33.095, 48.046], [33.035, 48.038], [33.027, 48.033], [33.028, 48.025], [33.028, 48.024], [33.028, 48.023], [33.028, 48.022], [33.027, 48.021], [33.027, 48.02], [33.026, 48.02], [33.025, 48.019], [33.018, 48.015], [33.017, 48.015], [33.017, 48.014], [33.017, 48.013], [33.016, 48.013], [33.016, 48.012], [33.015, 48.012], [33.015, 48.011], [33.014, 48.011], [33.013, 48.011], [33.012, 48.01], [33.011, 48.01], [33.01, 48.011], [33.009, 48.011], [33.008, 48.011], [33.007, 48.012], [33.005, 48.014], [33.004, 48.015], [33.004, 48.016], [33.003, 48.016], [32.989, 48.053], [32.956, 48.043], [32.955, 48.042], [32.954, 48.042], [32.953, 48.042], [32.952, 48.042], [32.952, 48.043], [32.951, 48.043], [32.95, 48.043], [32.945, 48.047], [32.868, 48.036], [32.879, 48.004], [32.879, 48.003], [32.879, 48.002], [32.879, 48.001], [32.879, 48.0], [32.879, 47.999], [32.878, 47.999], [32.878, 47.998], [32.877, 47.998], [32.877, 47.997], [32.875, 47.996], [32.874, 47.996], [32.874, 47.995], [32.873, 47.995], [32.811, 47.982], [32.81, 47.982], [32.809, 47.982], [32.808, 47.982], [32.807, 47.982], [32.807, 47.983], [32.806, 47.983], [32.805, 47.984], [32.805, 47.985], [32.796, 47.999], [32.687, 47.987], [32.676, 47.947], [32.682, 47.938], [32.682, 47.937], [32.683, 47.936], [32.683, 47.935], [32.683, 47.934], [32.683, 47.933], [32.682, 47.932], [32.682, 47.931], [32.681, 47.931], [32.681, 47.93], [32.68, 47.93], [32.68, 47.929], [32.679, 47.929], [32.678, 47.929], [32.647, 47.923], [32.668, 47.854], [32.668, 47.853], [32.669, 47.853], [32.669, 47.852], [32.669, 47.851], [32.668, 47.851], [32.668, 47.85], [32.668, 47.849], [32.667, 47.848], [32.666, 47.847], [32.665, 47.846], [32.664, 47.846], [32.648, 47.841], [32.645, 47.827], [32.645, 47.826], [32.644, 47.825], [32.644, 47.824], [32.643, 47.824], [32.643, 47.823], [32.642, 47.823], [32.641, 47.823], [32.64, 47.823], [32.435, 47.795], [32.434, 47.795], [32.433, 47.795], [32.432, 47.795], [32.432, 47.796], [32.431, 47.796], [32.43, 47.797], [32.429, 47.797], [32.421, 47.807], [32.353, 47.801], [32.352, 47.801], [32.351, 47.801], [32.35, 47.801], [32.35, 47.802], [32.349, 47.802], [32.304, 47.829], [32.234, 47.825], [32.212, 47.815], [32.212, 47.814], [32.167, 47.764], [32.166, 47.763], [32.165, 47.763], [32.165, 47.762], [32.164, 47.762], [32.163, 47.762], [32.162, 47.762], [32.161, 47.762], [32.16, 47.762], [32.159, 47.763], [32.158, 47.763], [32.155, 47.766], [32.144, 47.758], [32.143, 47.758], [32.142, 47.758], [32.141, 47.758], [32.141, 47.757], [32.14, 47.757], [32.139, 47.758], [32.124, 47.761], [32.123, 47.761], [32.122, 47.761], [32.122, 47.762], [32.121, 47.762], [32.121, 47.763], [32.12, 47.763], [32.12, 47.764], [32.12, 47.765], [32.113, 47.788], [32.112, 47.788], [32.097, 47.788], [32.096, 47.788], [32.095, 47.788], [32.094, 47.788], [32.094, 47.789], [32.093, 47.789], [32.092, 47.79], [32.092, 47.791], [32.08, 47.81], [32.067, 47.81], [32.066, 47.81], [32.065, 47.81], [32.064, 47.81], [32.064, 47.811], [32.063, 47.811], [32.062, 47.812], [32.061, 47.813], [32.055, 47.822], [31.959, 47.815], [31.959, 47.814], [31.957, 47.807], [31.957, 47.806], [31.957, 47.805], [31.956, 47.805], [31.956, 47.804], [31.955, 47.804], [31.955, 47.803], [31.954, 47.803], [31.953, 47.803], [31.952, 47.803], [31.938, 47.801], [31.937, 47.801], [31.865, 47.802], [31.864, 47.802], [31.863, 47.802], [31.862, 47.802], [31.862, 47.803], [31.861, 47.803], [31.861, 47.804], [31.86, 47.804], [31.86, 47.805], [31.859, 47.806], [31.859, 47.807], [31.858, 47.811], [31.858, 47.812], [31.858, 47.813], [31.858, 47.814], [31.859, 47.815], [31.859, 47.816], [31.86, 47.816], [31.86, 47.817], [31.861, 47.817], [31.861, 47.818], [31.874, 47.823], [31.874, 47.824], [31.861, 47.843], [31.861, 47.844], [31.86, 47.844], [31.86, 47.845], [31.86, 47.846], [31.86, 47.847], [31.861, 47.855], [31.861, 47.856], [31.862, 47.857], [31.862, 47.858], [31.863, 47.859], [31.864, 47.859], [31.864, 47.86], [31.865, 47.86], [31.866, 47.86], [31.866, 47.861], [31.895, 47.866], [31.896, 47.866], [31.881, 47.922], [31.864, 47.922], [31.863, 47.922], [31.862, 47.922], [31.861, 47.922], [31.861, 47.923], [31.86, 47.923], [31.859, 47.924], [31.858, 47.925], [31.858, 47.926], [31.846, 47.968], [31.789, 47.961], [31.788, 47.961], [31.787, 47.961], [31.786, 47.961], [31.785, 47.961], [31.784, 47.962], [31.78, 47.965], [31.774, 47.961], [31.774, 47.96], [31.773, 47.96], [31.772, 47.96], [31.771, 47.959], [31.77, 47.959], [31.77, 47.96], [31.769, 47.96], [31.768, 47.96], [31.767, 47.96], [31.767, 47.961], [31.766, 47.961], [31.75, 47.978], [31.749, 47.978], [31.749, 47.979], [31.748, 47.98], [31.738, 48.021], [31.738, 48.022], [31.738, 48.023], [31.738, 48.024], [31.738, 48.025], [31.739, 48.026], [31.739, 48.027], [31.74, 48.027], [31.741, 48.028], [31.742, 48.028], [31.788, 48.041], [31.77, 48.106], [31.77, 48.107], [31.769, 48.107], [31.702, 48.099], [31.701, 48.099], [31.701, 48.1], [31.7, 48.1], [31.699, 48.1], [31.698, 48.1], [31.698, 48.101], [31.697, 48.102], [31.696, 48.102], [31.696, 48.103], [31.687, 48.124], [31.687, 48.125], [31.65, 48.121], [31.649, 48.121], [31.648, 48.121], [31.647, 48.121], [31.647, 48.122], [31.646, 48.122], [31.645, 48.123], [31.644, 48.124], [31.638, 48.138], [31.637, 48.138], [31.627, 48.14], [31.58, 48.133], [31.579, 48.115], [31.579, 48.114], [31.578, 48.114], [31.578, 48.113], [31.578, 48.112], [31.577, 48.112], [31.577, 48.111], [31.576, 48.111], [31.575, 48.11], [31.574, 48.11], [31.573, 48.11], [31.572, 48.11], [31.538, 48.112], [31.539, 48.097], [31.539, 48.096], [31.539, 48.095], [31.538, 48.094], [31.538, 48.093], [31.525, 48.076], [31.524, 48.075], [31.523, 48.075], [31.523, 48.074], [31.522, 48.074], [31.521, 48.074], [31.52, 48.074], [31.519, 48.074], [31.518, 48.074], [31.517, 48.074], [31.516, 48.074], [31.516, 48.075], [31.515, 48.075], [31.514, 48.076], [31.514, 48.077], [31.513, 48.077], [31.513, 48.078], [31.513, 48.079], [31.513, 48.08], [31.516, 48.112], [31.488, 48.134], [31.417, 48.126], [31.415, 48.12], [31.415, 48.119], [31.415, 48.118], [31.414, 48.118], [31.414, 48.117], [31.413, 48.117], [31.413, 48.116], [31.412, 48.116], [31.411, 48.116], [31.411, 48.115], [31.41, 48.115], [31.408, 48.115], [31.407, 48.115], [31.406, 48.115], [31.405, 48.116], [31.404, 48.116], [31.404, 48.117], [31.38, 48.137], [31.367, 48.126], [31.367, 48.125], [31.366, 48.125], [31.365, 48.125], [31.365, 48.124], [31.364, 48.124], [31.339, 48.12], [31.338, 48.12], [31.337, 48.12], [31.336, 48.12], [31.336, 48.121], [31.335, 48.121], [31.334, 48.121], [31.334, 48.122], [31.333, 48.122], [31.333, 48.123], [31.332, 48.124], [31.325, 48.143], [31.253, 48.126], [31.252, 48.126], [31.251, 48.126], [31.25, 48.127], [31.249, 48.127], [31.24, 48.131], [31.239, 48.132], [31.238, 48.132], [31.238, 48.133], [31.237, 48.134], [31.237, 48.135], [31.236, 48.136], [31.234, 48.159], [31.224, 48.174], [31.2, 48.178], [31.199, 48.178], [31.198, 48.178], [31.197, 48.179], [31.197, 48.18], [31.196, 48.18], [31.196, 48.181], [31.195, 48.181], [31.195, 48.182], [31.195, 48.183], [31.195, 48.184], [31.195, 48.185], [31.197, 48.195], [31.187, 48.211], [31.187, 48.212], [31.165, 48.227], [31.147, 48.226], [31.146, 48.226], [31.146, 48.227], [31.145, 48.227], [31.144, 48.227], [31.144, 48.228], [31.143, 48.228], [31.142, 48.229], [31.139, 48.234], [31.064, 48.226], [31.063, 48.226], [31.062, 48.226], [31.061, 48.226], [31.061, 48.227], [31.06, 48.227], [31.059, 48.228], [31.058, 48.228], [31.058, 48.229], [31.053, 48.237], [31.052, 48.237], [30.98, 48.227], [30.977, 48.195], [30.977, 48.194], [30.977, 48.193], [30.976, 48.192], [30.976, 48.191], [30.975, 48.191], [30.974, 48.19], [30.973, 48.19], [30.972, 48.19], [30.971, 48.189], [30.93, 48.189], [30.926, 48.177], [30.926, 48.176], [30.925, 48.176], [30.925, 48.175], [30.924, 48.174], [30.923, 48.174], [30.923, 48.173], [30.922, 48.173], [30.901, 48.168], [30.9, 48.168], [30.899, 48.168], [30.887, 48.169], [30.886, 48.17], [30.885, 48.17], [30.884, 48.17], [30.884, 48.171], [30.883, 48.171], [30.883, 48.172], [30.882, 48.172], [30.882, 48.173], [30.878, 48.182], [30.878, 48.183], [30.864, 48.191], [30.818, 48.193], [30.809, 48.18], [30.808, 48.18], [30.807, 48.179], [30.806, 48.179], [30.806, 48.178], [30.805, 48.178], [30.804, 48.178], [30.803, 48.178], [30.802, 48.178], [30.801, 48.179], [30.8, 48.179], [30.8, 48.18], [30.799, 48.18], [30.787, 48.196], [30.726, 48.192], [30.725, 48.192], [30.724, 48.192], [30.723, 48.193], [30.722, 48.193], [30.722, 48.194], [30.721, 48.194], [30.717, 48.2], [30.717, 48.201], [30.716, 48.201], [30.645, 48.19], [30.646, 48.18], [30.646, 48.179], [30.646, 48.178], [30.645, 48.177], [30.645, 48.176], [30.644, 48.176], [30.644, 48.175], [30.643, 48.175], [30.642, 48.174], [30.641, 48.174], [30.619, 48.171], [30.617, 48.165], [30.617, 48.164], [30.616, 48.164], [30.616, 48.163], [30.615, 48.163], [30.614, 48.162], [30.613, 48.162], [30.612, 48.161], [30.611, 48.161], [30.561, 48.161], [30.56, 48.161], [30.559, 48.161], [30.558, 48.161], [30.558, 48.162], [30.557, 48.162], [30.528, 48.184], [30.527, 48.185], [30.527, 48.184], [30.511, 48.171], [30.511, 48.17], [30.51, 48.17], [30.509, 48.169], [30.508, 48.169], [30.507, 48.169], [30.506, 48.169], [30.505, 48.169], [30.505, 48.17], [30.504, 48.17], [30.496, 48.175], [30.469, 48.169], [30.468, 48.169], [30.467, 48.169], [30.466, 48.17], [30.436, 48.178], [30.413, 48.169], [30.412, 48.169], [30.411, 48.169], [30.41, 48.169], [30.368, 48.18], [30.367, 48.18], [30.324, 48.164], [30.32, 48.151], [30.319, 48.15], [30.319, 48.149], [30.318, 48.149], [30.318, 48.148], [30.317, 48.148], [30.316, 48.147], [30.315, 48.147], [30.314, 48.147], [30.288, 48.145], [30.287, 48.145], [30.286, 48.146], [30.263, 48.153], [30.244, 48.147], [30.243, 48.146], [30.242, 48.146], [30.241, 48.146], [30.24, 48.147], [30.188, 48.16], [30.165, 48.151], [30.164, 48.151], [30.163, 48.15], [30.105, 48.146], [30.104, 48.146], [30.054, 48.155], [30.053, 48.155], [30.052, 48.155], [30.051, 48.156], [30.05, 48.157], [30.05, 48.158], [30.035, 48.183], [30.022, 48.191], [30.021, 48.191], [30.017, 48.19], [30.016, 48.19], [30.015, 48.19], [30.014, 48.19], [30.013, 48.19], [30.012, 48.19], [30.012, 48.191], [30.011, 48.191], [30.011, 48.192], [30.01, 48.192], [30.01, 48.193], [30.009, 48.194], [30.009, 48.195], [30.009, 48.196], [30.009, 48.197], [30.013, 48.211], [29.991, 48.235], [29.976, 48.225], [29.976, 48.224], [29.975, 48.224], [29.974, 48.224], [29.973, 48.224], [29.972, 48.224], [29.971, 48.224], [29.928, 48.238], [29.893, 48.195], [29.892, 48.194], [29.891, 48.194], [29.891, 48.193], [29.89, 48.193], [29.889, 48.193], [29.888, 48.193], [29.887, 48.193], [29.886, 48.193], [29.885, 48.193], [29.842, 48.217], [29.842, 48.218], [29.78, 48.209], [29.779, 48.209], [29.778, 48.209], [29.777, 48.209], [29.776, 48.209], [29.776, 48.21], [29.775, 48.21], [29.774, 48.211], [29.774, 48.212], [29.773, 48.212], [29.773, 48.213], [29.773, 48.214], [29.771, 48.225], [29.771, 48.226], [29.771, 48.227], [29.771, 48.228], [29.772, 48.228], [29.772, 48.229], [29.781, 48.245], [29.772, 48.257], [29.746, 48.267], [29.745, 48.267], [29.745, 48.268], [29.744, 48.268], [29.744, 48.269], [29.743, 48.27], [29.743, 48.271], [29.743, 48.272], [29.743, 48.273], [29.743, 48.274], [29.743, 48.275], [29.743, 48.276], [29.744, 48.276], [29.744, 48.277], [29.755, 48.288], [29.755, 48.289], [29.755, 48.29], [29.755, 48.291], [29.755, 48.292], [29.755, 48.293], [29.755, 48.294], [29.756, 48.294], [29.756, 48.295], [29.757, 48.296], [29.758, 48.296], [29.759, 48.297], [29.76, 48.297], [29.761, 48.297], [29.762, 48.297], [29.763, 48.296], [29.775, 48.317], [29.777, 48.348], [29.778, 48.348], [29.778, 48.349], [29.778, 48.35], [29.779, 48.351], [29.779, 48.352], [29.793, 48.364], [29.793, 48.365], [29.792, 48.365], [29.792, 48.366], [29.792, 48.367], [29.791, 48.368], [29.791, 48.369], [29.791, 48.37], [29.792, 48.37], [29.792, 48.371], [29.792, 48.372], [29.793, 48.372], [29.793, 48.373], [29.794, 48.374], [29.842, 48.401], [29.843, 48.401], [29.863, 48.424], [29.864, 48.425], [29.865, 48.425], [29.865, 48.426], [29.866, 48.426], [29.957, 48.451], [29.955, 48.456], [29.955, 48.457], [29.955, 48.458], [29.955, 48.459], [29.955, 48.46], [29.955, 48.461], [29.956, 48.461], [29.956, 48.462], [29.957, 48.463], [29.958, 48.463], [29.958, 48.464], [29.966, 48.466], [29.966, 48.467], [29.967, 48.467], [30.04, 48.477], [30.041, 48.477], [30.042, 48.477], [30.058, 48.473], [30.059, 48.473], [30.06, 48.472], [30.092, 48.45], [30.122, 48.449], [30.157, 48.479], [30.156, 48.49], [30.156, 48.491], [30.156, 48.492], [30.157, 48.493], [30.157, 48.494], [30.158, 48.495], [30.159, 48.495], [30.159, 48.496], [30.16, 48.496], [30.161, 48.497], [30.162, 48.497], [30.163, 48.497], [30.164, 48.497], [30.165, 48.497], [30.166, 48.497], [30.219, 48.475], [30.252, 48.483], [30.253, 48.483], [30.261, 48.487], [30.26, 48.496], [30.26, 48.497], [30.261, 48.497], [30.261, 48.498], [30.261, 48.499], [30.262, 48.5], [30.263, 48.501], [30.264, 48.501], [30.264, 48.502], [30.265, 48.502], [30.389, 48.523], [30.405, 48.566], [30.405, 48.567], [30.406, 48.568], [30.407, 48.569], [30.408, 48.569], [30.408, 48.57], [30.409, 48.57], [30.41, 48.57], [30.449, 48.577], [30.449, 48.578], [30.45, 48.578], [30.451, 48.578], [30.451, 48.577], [30.452, 48.577], [30.453, 48.577], [30.454, 48.576], [30.473, 48.561], [30.473, 48.56], [30.569, 48.563], [30.574, 48.578], [30.569, 48.594], [30.569, 48.595], [30.568, 48.596], [30.569, 48.597], [30.569, 48.598], [30.569, 48.599], [30.57, 48.6], [30.575, 48.608], [30.543, 48.625], [30.543, 48.626], [30.542, 48.627], [30.541, 48.627], [30.541, 48.628], [30.541, 48.629], [30.54, 48.63], [30.54, 48.631], [30.541, 48.632], [30.541, 48.633], [30.541, 48.634], [30.542, 48.635], [30.553, 48.647], [30.553, 48.648], [30.554, 48.648], [30.554, 48.649], [30.555, 48.649], [30.556, 48.649], [30.602, 48.66], [30.616, 48.698], [30.616, 48.699], [30.608, 48.704], [30.607, 48.705], [30.607, 48.706], [30.606, 48.706], [30.606, 48.707], [30.606, 48.708], [30.606, 48.709], [30.606, 48.71], [30.606, 48.711], [30.606, 48.712], [30.607, 48.713], [30.608, 48.713], [30.608, 48.714], [30.609, 48.714], [30.61, 48.715], [30.611, 48.715], [30.612, 48.715], [30.623, 48.732], [30.623, 48.733], [30.624, 48.733], [30.625, 48.734], [30.626, 48.734], [30.626, 48.735], [30.627, 48.735], [30.628, 48.735], [30.639, 48.736], [30.641, 48.744], [30.641, 48.745], [30.641, 48.746], [30.642, 48.746], [30.642, 48.747], [30.643, 48.747], [30.643, 48.748], [30.644, 48.748], [30.645, 48.749], [30.697, 48.762], [30.698, 48.762], [30.699, 48.762], [30.752, 48.756], [30.755, 48.76], [30.755, 48.761], [30.756, 48.762], [30.757, 48.762], [30.757, 48.763], [30.758, 48.763], [30.759, 48.763], [30.76, 48.763], [30.761, 48.763], [30.804, 48.752], [30.805, 48.752], [30.809, 48.758], [30.81, 48.758], [30.81, 48.759], [30.811, 48.759], [30.811, 48.76], [30.812, 48.76], [30.813, 48.76], [30.814, 48.76], [30.815, 48.76], [30.816, 48.76], [30.817, 48.759], [30.818, 48.759], [30.818, 48.758], [30.83, 48.745], [30.831, 48.745], [30.883, 48.739], [30.884, 48.739], [30.901, 48.743], [30.902, 48.751], [30.902, 48.752], [30.903, 48.753], [30.903, 48.754], [30.904, 48.754], [30.904, 48.755], [30.905, 48.755], [30.905, 48.756], [30.906, 48.756], [30.907, 48.756], [30.908, 48.756], [30.946, 48.754], [30.95, 48.761], [30.95, 48.762], [30.951, 48.762], [30.952, 48.763], [30.953, 48.763], [30.953, 48.764], [30.954, 48.764], [30.955, 48.764], [30.956, 48.764], [31.002, 48.752], [31.034, 48.755], [31.035, 48.755], [31.036, 48.755], [31.037, 48.755], [31.037, 48.754], [31.038, 48.754], [31.045, 48.748], [31.045, 48.747], [31.051, 48.749], [31.052, 48.749], [31.053, 48.749], [31.054, 48.749], [31.055, 48.749], [31.056, 48.749], [31.056, 48.748], [31.057, 48.748], [31.057, 48.747], [31.058, 48.747], [31.067, 48.732], [31.087, 48.727], [31.092, 48.732], [31.093, 48.732], [31.093, 48.733], [31.094, 48.733], [31.095, 48.733], [31.096, 48.733], [31.097, 48.733], [31.098, 48.733], [31.099, 48.733], [31.1, 48.732], [31.113, 48.723], [31.114, 48.723], [31.137, 48.738], [31.138, 48.739], [31.139, 48.739], [31.14, 48.739], [31.141, 48.739], [31.142, 48.739], [31.155, 48.735], [31.155, 48.736], [31.173, 48.754], [31.174, 48.755], [31.175, 48.755], [31.175, 48.756], [31.176, 48.756], [31.177, 48.756], [31.178, 48.756], [31.179, 48.756], [31.206, 48.751], [31.218, 48.754], [31.219, 48.758], [31.219, 48.759], [31.22, 48.759], [31.22, 48.76], [31.221, 48.761], [31.222, 48.761], [31.222, 48.762], [31.223, 48.762], [31.224, 48.762], [31.225, 48.762], [31.242, 48.762], [31.243, 48.762], [31.244, 48.762], [31.244, 48.761], [31.245, 48.761], [31.246, 48.76], [31.261, 48.744], [31.302, 48.753], [31.303, 48.753], [31.304, 48.753], [31.305, 48.752], [31.306, 48.752], [31.307, 48.751], [31.308, 48.751], [31.308, 48.75], [31.309, 48.749], [31.309, 48.748], [31.315, 48.728], [31.328, 48.721], [31.329, 48.721], [31.356, 48.723], [31.357, 48.728], [31.357, 48.729], [31.357, 48.73], [31.358, 48.731], [31.359, 48.732], [31.36, 48.733], [31.361, 48.733], [31.362, 48.733], [31.363, 48.733], [31.364, 48.733], [31.365, 48.733], [31.385, 48.723], [31.414, 48.741], [31.415, 48.741], [31.416, 48.741], [31.416, 48.742], [31.417, 48.742], [31.418, 48.742], [31.419, 48.742], [31.427, 48.739], [31.428, 48.739], [31.441, 48.753], [31.437, 48.757], [31.437, 48.758], [31.436, 48.758], [31.436, 48.759], [31.436, 48.76], [31.435, 48.761], [31.435, 48.762], [31.436, 48.762], [31.436, 48.763], [31.436, 48.764], [31.436, 48.765], [31.437, 48.765], [31.437, 48.766], [31.438, 48.766], [31.439, 48.767], [31.469, 48.784], [31.47, 48.784], [31.471, 48.784], [31.53, 48.8], [31.532, 48.81], [31.532, 48.811], [31.533, 48.812], [31.533, 48.813], [31.534, 48.813], [31.534, 48.814], [31.535, 48.814], [31.536, 48.814], [31.562, 48.825], [31.568, 48.859], [31.568, 48.86], [31.568, 48.861], [31.569, 48.862], [31.569, 48.863], [31.57, 48.863], [31.571, 48.864], [31.585, 48.87], [31.586, 48.881], [31.586, 48.882], [31.586, 48.883], [31.587, 48.883], [31.587, 48.884], [31.588, 48.885], [31.589, 48.885], [31.589, 48.886], [31.59, 48.886], [31.63, 48.901], [31.631, 48.901], [31.632, 48.901], [31.633, 48.901], [31.634, 48.901], [31.635, 48.9], [31.636, 48.9], [31.636, 48.899], [31.637, 48.899], [31.639, 48.896], [31.639, 48.895], [31.64, 48.895], [31.691, 48.892], [31.701, 48.922], [31.702, 48.922], [31.702, 48.923], [31.703, 48.924], [31.703, 48.925], [31.704, 48.925], [31.705, 48.926], [31.706, 48.926], [31.707, 48.926], [31.708, 48.926], [31.752, 48.921], [31.753, 48.921], [31.802, 48.948], [31.803, 48.948], [31.804, 48.948], [31.805, 48.949], [31.805, 48.948], [31.806, 48.948], [31.807, 48.948], [31.808, 48.948], [31.808, 48.947], [31.822, 48.937], [31.913, 48.908], [31.914, 48.908], [31.914, 48.907], [31.915, 48.907], [31.915, 48.906], [31.916, 48.906], [31.916, 48.905], [31.916, 48.904], [31.917, 48.903], [31.917, 48.902], [31.917, 48.901], [31.916, 48.901], [31.912, 48.887], [31.921, 48.881], [31.953, 48.909], [31.954, 48.91], [31.955, 48.91], [31.956, 48.91], [31.956, 48.911], [32.002, 48.914], [32.023, 48.929], [32.024, 48.929], [32.025, 48.929], [32.025, 48.93], [32.026, 48.93], [32.027, 48.93], [32.028, 48.93], [32.028, 48.929], [32.029, 48.929], [32.03, 48.929], [32.049, 48.917], [32.079, 48.921], [32.08, 48.921], [32.081, 48.921], [32.09, 48.92], [32.09, 48.919], [32.091, 48.919], [32.092, 48.919], [32.092, 48.918], [32.093, 48.918], [32.094, 48.917], [32.094, 48.916], [32.096, 48.911], [32.129, 48.913], [32.146, 48.944], [32.144, 48.951], [32.139, 48.951], [32.138, 48.951], [32.138, 48.952], [32.137, 48.952], [32.136, 48.952], [32.136, 48.953], [32.135, 48.953], [32.134, 48.954], [32.134, 48.955], [32.133, 48.956], [32.133, 48.957], [32.133, 48.958], [32.133, 48.959], [32.134, 48.959], [32.137, 48.969], [32.137, 48.97], [32.138, 48.97], [32.138, 48.971], [32.139, 48.972], [32.14, 48.972], [32.14, 48.973], [32.192, 49.0], [32.193, 49.0], [32.235, 49.048], [32.234, 49.053], [32.234, 49.054], [32.234, 49.055], [32.235, 49.055], [32.235, 49.056], [32.235, 49.057], [32.236, 49.057], [32.236, 49.058], [32.237, 49.058], [32.238, 49.059], [32.239, 49.059], [32.24, 49.059], [32.241, 49.059], [32.262, 49.059], [32.261, 49.072], [32.261, 49.073], [32.261, 49.074], [32.261, 49.075], [32.262, 49.076], [32.262, 49.077], [32.263, 49.077], [32.264, 49.078], [32.265, 49.078], [32.266, 49.078], [32.283, 49.079], [32.284, 49.08], [32.285, 49.08], [32.286, 49.081], [32.287, 49.081], [32.288, 49.081], [32.289, 49.081], [32.289, 49.08], [32.29, 49.08], [32.298, 49.076], [32.333, 49.088], [32.334, 49.088], [32.335, 49.088], [32.336, 49.088], [32.337, 49.088], [32.338, 49.088], [32.338, 49.087], [32.339, 49.087], [32.339, 49.086], [32.34, 49.086], [32.353, 49.07], [32.354, 49.07], [32.361, 49.071], [32.362, 49.071], [32.363, 49.071], [32.364, 49.071], [32.365, 49.07], [32.366, 49.07], [32.367, 49.069], [32.367, 49.068], [32.374, 49.055], [32.374, 49.054], [32.374, 49.053], [32.374, 49.052], [32.374, 49.051], [32.374, 49.05], [32.374, 49.049], [32.373, 49.049], [32.373, 49.048], [32.372, 49.048], [32.372, 49.047], [32.37, 49.046], [32.38, 49.043], [32.381, 49.043], [32.415, 49.042], [32.416, 49.042], [32.446, 49.053], [32.446, 49.054], [32.447, 49.054], [32.448, 49.054], [32.449, 49.054], [32.45, 49.053], [32.451, 49.053], [32.452, 49.052], [32.453, 49.051], [32.453, 49.05], [32.453, 49.049], [32.454, 49.049], [32.454, 49.048], [32.455, 49.039], [32.455, 49.038], [32.461, 49.037], [32.462, 49.037], [32.463, 49.036], [32.464, 49.036], [32.464, 49.035], [32.465, 49.034], [32.465, 49.033], [32.465, 49.032], [32.466, 49.032], [32.473, 49.008], [32.492, 49.011], [32.493, 49.011], [32.494, 49.011], [32.495, 49.011], [32.496, 49.011], [32.496, 49.01], [32.497, 49.01], [32.498, 49.009], [32.498, 49.008], [32.499, 49.008], [32.499, 49.007], [32.499, 49.006], [32.502, 48.988], [32.513, 48.978], [32.513, 48.977], [32.514, 48.977], [32.514, 48.976], [32.514, 48.975], [32.514, 48.974], [32.515, 48.974], [32.515, 48.973], [32.514, 48.973], [32.514, 48.972], [32.514, 48.971], [32.51, 48.961], [32.51, 48.96], [32.52, 48.951], [32.52, 48.95], [32.521, 48.95], [32.521, 48.949], [32.521, 48.948], [32.522, 48.948], [32.522, 48.947], [32.522, 48.939], [32.552, 48.942], [32.545, 48.948], [32.544, 48.949], [32.544, 48.95], [32.544, 48.951], [32.543, 48.951], [32.543, 48.952], [32.543, 48.953], [32.543, 48.954], [32.544, 48.954], [32.544, 48.955], [32.544, 48.956], [32.545, 48.956], [32.545, 48.957], [32.547, 48.958], [32.547, 48.959], [32.548, 48.96], [32.548, 48.961], [32.549, 48.961], [32.55, 48.962], [32.551, 48.962], [32.552, 48.962], [32.553, 48.962], [32.554, 48.962], [32.555, 48.962], [32.587, 48.952], [32.601, 48.961], [32.602, 48.961], [32.603, 48.961], [32.604, 48.962], [32.605, 48.962], [32.606, 48.961], [32.607, 48.961], [32.608, 48.961], [32.608, 48.96], [32.609, 48.96], [32.609, 48.959], [32.61, 48.959], [32.61, 48.958], [32.612, 48.954], [32.648, 48.954], [32.67, 48.981], [32.671, 48.982], [32.671, 48.983], [32.672, 48.983], [32.673, 48.983], [32.688, 48.987], [32.689, 48.987], [32.69, 48.987], [32.691, 48.987], [32.744, 48.966], [32.791, 48.971], [32.792, 48.971], [32.848, 49.004], [32.845, 49.012], [32.844, 49.012], [32.844, 49.013], [32.843, 49.013], [32.842, 49.013], [32.841, 49.014], [32.84, 49.015], [32.84, 49.016], [32.839, 49.016], [32.839, 49.017], [32.839, 49.018], [32.839, 49.019], [32.839, 49.02], [32.84, 49.021], [32.84, 49.022], [32.841, 49.022], [32.841, 49.023], [32.842, 49.024], [32.827, 49.03], [32.826, 49.03], [32.825, 49.031], [32.824, 49.031], [32.824, 49.032], [32.801, 49.075], [32.801, 49.076], [32.8, 49.076], [32.8, 49.077], [32.792, 49.14], [32.792, 49.141], [32.791, 49.141], [32.765, 49.15], [32.764, 49.15], [32.763, 49.151], [32.762, 49.152], [32.762, 49.153], [32.761, 49.153], [32.761, 49.154], [32.759, 49.163], [32.759, 49.164], [32.759, 49.165], [32.759, 49.166], [32.759, 49.167], [32.76, 49.167], [32.76, 49.168], [32.761, 49.169], [32.762, 49.169], [32.762, 49.17], [32.763, 49.17], [32.764, 49.17], [32.768, 49.171], [32.756, 49.179], [32.756, 49.18], [32.755, 49.18], [32.754, 49.181], [32.754, 49.182], [32.754, 49.183], [32.754, 49.184], [32.754, 49.185], [32.754, 49.186], [32.758, 49.199], [31.517, 49.701], [31.516, 49.701], [31.516, 49.702], [31.515, 49.702], [31.515, 49.703], [31.514, 49.703], [31.514, 49.704], [31.514, 49.705], [31.514, 49.706], [31.514, 49.864], [31.504, 49.845], [31.503, 49.844], [31.502, 49.843], [31.501, 49.843], [31.501, 49.842], [31.5, 49.842], [31.499, 49.842], [31.495, 49.842], [31.494, 49.842], [31.493, 49.842], [31.492, 49.842], [31.491, 49.843], [31.49, 49.844], [31.441, 49.905], [31.355, 49.9], [31.354, 49.9], [31.353, 49.9], [31.177, 49.962], [30.52, 49.962], [30.519, 49.963], [30.518, 49.963], [30.517, 49.963], [30.516, 49.964], [30.516, 49.965], [30.515, 49.965], [30.515, 49.966], [30.514, 49.967], [30.473, 50.092], [30.472, 50.093], [30.461, 50.21], [30.402, 50.232], [30.401, 50.233], [30.4, 50.233], [30.4, 50.234], [30.399, 50.234], [30.399, 50.235], [30.398, 50.236], [30.398, 50.237], [30.398, 50.238], [30.398, 50.239], [30.398, 50.24], [30.399, 50.241], [30.399, 50.242], [30.406, 50.25], [30.394, 50.255], [30.393, 50.256], [30.392, 50.256], [30.392, 50.257], [30.391, 50.257], [30.391, 50.258], [30.391, 50.259], [30.39, 50.259], [30.39, 50.26], [30.39, 50.261], [30.39, 50.262], [30.39, 50.263], [30.39, 50.264], [30.39, 50.265], [30.391, 50.265], [30.391, 50.266], [30.392, 50.267], [30.393, 50.268], [30.402, 50.274], [30.399, 50.277], [30.399, 50.278], [30.398, 50.278], [30.398, 50.279], [30.398, 50.28], [30.398, 50.281], [30.398, 50.282], [30.398, 50.283], [30.399, 50.284], [30.399, 50.285], [30.4, 50.285], [30.4, 50.286], [30.401, 50.286], [30.402, 50.287], [30.403, 50.287], [30.421, 50.29], [30.426, 50.297], [30.425, 50.307], [30.425, 50.308], [30.425, 50.309], [30.426, 50.309], [30.426, 50.31], [30.426, 50.311], [30.427, 50.311], [30.427, 50.312], [30.428, 50.313], [30.429, 50.313], [30.43, 50.313], [30.431, 50.314], [30.434, 50.314], [30.438, 50.326], [30.438, 50.327], [30.439, 50.328], [30.44, 50.329], [30.441, 50.329], [30.441, 50.33], [30.442, 50.33], [30.443, 50.33], [30.478, 50.335], [30.472, 50.363], [30.448, 50.361], [30.447, 50.361], [30.446, 50.362], [30.445, 50.362], [30.444, 50.362], [30.444, 50.363], [30.443, 50.363], [30.443, 50.364], [30.442, 50.365], [30.442, 50.366], [30.441, 50.371], [30.426, 50.379], [30.389, 50.375], [30.389, 50.374], [30.369, 50.362], [30.368, 50.362], [30.367, 50.361], [30.366, 50.361], [30.365, 50.361], [30.364, 50.361], [30.363, 50.362], [30.362, 50.362], [30.334, 50.38], [30.306, 50.357], [30.305, 50.357], [30.305, 50.356], [30.304, 50.356], [30.303, 50.356], [30.302, 50.356], [30.301, 50.356], [30.3, 50.356], [30.286, 50.362], [30.285, 50.362], [30.257, 50.36], [30.256, 50.353], [30.255, 50.352], [30.255, 50.351], [30.254, 50.35], [30.253, 50.349], [30.252, 50.349], [30.251, 50.348], [30.24, 50.345], [30.239, 50.345], [30.235, 50.335], [30.235, 50.334], [30.234, 50.334], [30.234, 50.333], [30.233, 50.333], [30.233, 50.332], [30.232, 50.332], [30.231, 50.332], [30.23, 50.332], [30.229, 50.332], [30.228, 50.332], [30.227, 50.332], [30.226, 50.333], [30.22, 50.337], [30.219, 50.337], [30.219, 50.338], [30.218, 50.339], [30.218, 50.34], [30.218, 50.341], [30.217, 50.342], [30.218, 50.343], [30.218, 50.344], [30.407, 50.743], [30.342, 51.392], [30.342, 51.393], [30.342, 51.394], [30.343, 51.395], [30.343, 51.396], [30.558, 51.825], [30.558, 51.826], [30.559, 51.827], [30.56, 51.828], [30.561, 51.828], [30.562, 51.829], [30.706, 51.859], [30.707, 51.859], [30.734, 51.874], [30.735, 51.874], [30.74, 51.894], [30.741, 51.894], [30.741, 51.895], [30.741, 51.896], [30.742, 51.896], [30.742, 51.897], [30.743, 51.897], [30.744, 51.897], [30.744, 51.898], [30.745, 51.898], [30.746, 51.898], [30.779, 51.898], [30.78, 51.898], [30.797, 51.907], [30.81, 51.918], [30.811, 51.918], [30.811, 51.919], [30.805, 51.933], [30.805, 51.934], [30.805, 51.935], [30.805, 51.936], [30.805, 51.937], [30.805, 51.938], [30.806, 51.939], [30.807, 51.94], [30.808, 51.941], [30.809, 51.941], [30.858, 51.958], [30.879, 51.974], [30.888, 51.992], [30.888, 51.993], [30.889, 51.994], [30.89, 51.995], [30.891, 51.995], [30.9, 51.999], [30.901, 51.999], [30.902, 51.999], [30.903, 51.999], [30.904, 51.999], [30.905, 51.999], [30.905, 51.998], [30.915, 51.993], [30.941, 51.994], [30.95, 52.007], [30.941, 52.02], [30.94, 52.02], [30.922, 52.022], [30.921, 52.022], [30.92, 52.022], [30.919, 52.022], [30.919, 52.023], [30.918, 52.023], [30.917, 52.024], [30.917, 52.025], [30.916, 52.025], [30.916, 52.026], [30.916, 52.027], [30.916, 52.028], [30.916, 52.029], [30.916, 52.03], [30.917, 52.031], [30.925, 52.042], [30.92, 52.055], [30.92, 52.056], [30.92, 52.057], [30.92, 52.058], [30.92, 52.059], [30.921, 52.06], [30.921, 52.061], [30.922, 52.061], [30.923, 52.062], [30.933, 52.069], [30.934, 52.069], [30.935, 52.07], [30.936, 52.07], [31.134, 52.077], [31.135, 52.077], [31.135, 52.076], [31.136, 52.076], [31.229, 52.038], [31.252, 52.044], [31.252, 52.045], [31.253, 52.045], [31.303, 52.096], [31.304, 52.097], [31.305, 52.097], [31.305, 52.098], [31.306, 52.098], [31.373, 52.115], [31.297, 52.955], [31.297, 52.956], [31.297, 52.957], [31.305, 52.986], [31.255, 53.01], [31.255, 53.011], [31.254, 53.011], [31.253, 53.012], [31.253, 53.013], [31.252, 53.013], [31.252, 53.014], [31.252, 53.015], [31.252, 53.016], [31.252, 53.017], [31.252, 53.018], [31.253, 53.018], [31.253, 53.019], [31.254, 53.02], [31.318, 53.075], [31.319, 53.076], [31.32, 53.076], [31.32, 53.077], [31.321, 53.077], [31.332, 53.08], [31.343, 53.117], [31.273, 53.109], [31.272, 53.109], [31.271, 53.109], [31.27, 53.109], [31.269, 53.11], [31.242, 53.124], [31.241, 53.124], [31.213, 53.107], [31.212, 53.107], [31.211, 53.107], [31.21, 53.107], [31.209, 53.107], [31.208, 53.107], [31.207, 53.107], [31.207, 53.108], [31.166, 53.135], [31.098, 53.132], [31.097, 53.132], [31.096, 53.133], [31.095, 53.133], [31.094, 53.134], [31.093, 53.134], [31.093, 53.135], [31.091, 53.138], [31.091, 53.139], [31.09, 53.14], [31.09, 53.141], [31.09, 53.142], [31.09, 53.143], [31.09, 53.144], [31.091, 53.145], [31.091, 53.146], [31.092, 53.146], [31.109, 53.162], [31.103, 53.177], [31.103, 53.178], [31.103, 53.179], [31.103, 53.18], [31.106, 53.197], [31.065, 53.227], [31.064, 53.228], [31.033, 53.236], [31.032, 53.236], [31.032, 53.237], [31.031, 53.237], [31.03, 53.238], [31.029, 53.239], [31.029, 53.24], [31.023, 53.263], [30.991, 53.303], [30.991, 53.304], [30.895, 53.308], [30.88, 53.298], [30.874, 53.284], [30.874, 53.283], [30.873, 53.283], [30.873, 53.282], [30.872, 53.281], [30.871, 53.281], [30.87, 53.28], [30.869, 53.28], [30.863, 53.28], [30.764, 53.285], [30.763, 53.285], [30.72, 53.297], [30.698, 53.279], [30.698, 53.278], [30.697, 53.278], [30.696, 53.277], [30.695, 53.277], [30.668, 53.276], [30.667, 53.276], [30.628, 53.282], [30.627, 53.282], [30.626, 53.282], [30.626, 53.283], [30.596, 53.3], [30.481, 53.317], [30.412, 53.311], [30.398, 53.298], [30.398, 53.297], [30.397, 53.297], [30.396, 53.296], [30.395, 53.296], [30.372, 53.291], [30.377, 53.268], [30.378, 53.268], [30.378, 53.267], [30.377, 53.266], [30.377, 53.265], [30.377, 53.264], [30.376, 53.263], [30.375, 53.262], [30.374, 53.262], [30.374, 53.261], [30.373, 53.261], [30.372, 53.261], [30.257, 53.245], [30.25, 53.237], [30.249, 53.237], [30.249, 53.236], [30.248, 53.236], [30.247, 53.236], [30.247, 53.235], [30.246, 53.235], [30.191, 53.235], [30.19, 53.235], [30.189, 53.235], [30.176, 53.239], [30.175, 53.239], [30.174, 53.239], [30.174, 53.24], [30.173, 53.24], [30.173, 53.241], [30.172, 53.241], [30.146, 53.285], [30.146, 53.286], [30.087, 53.294], [30.086, 53.294], [30.085, 53.295], [30.084, 53.295], [30.083, 53.296], [30.083, 53.297], [30.082, 53.297], [30.073, 53.313], [30.023, 53.325], [30.022, 53.325], [30.021, 53.325], [29.996, 53.341], [29.913, 53.324], [29.913, 53.323], [29.912, 53.323], [29.911, 53.324], [29.91, 53.324], [29.909, 53.324], [29.909, 53.325], [29.888, 53.341], [29.856, 53.336], [29.855, 53.336], [29.854, 53.336], [29.853, 53.336], [29.802, 53.353], [29.754, 53.316], [29.754, 53.285], [29.754, 53.284], [29.791, 53.218], [29.791, 53.217], [29.791, 53.216], [29.791, 53.215], [29.791, 53.214], [29.791, 53.213], [29.791, 53.212], [29.79, 53.211], [29.789, 53.21], [29.786, 53.208], [29.785, 53.208], [29.785, 53.207], [29.784, 53.207], [29.783, 53.207], [29.74, 53.207], [29.762, 53.19], [29.763, 53.19], [29.763, 53.189], [29.764, 53.188], [29.764, 53.187], [29.764, 53.186], [29.764, 53.185], [29.764, 53.184], [29.764, 53.183], [29.759, 53.168], [29.759, 53.167], [29.758, 53.167], [29.758, 53.166], [29.757, 53.166], [29.757, 53.165], [29.732, 53.15], [29.732, 53.149], [29.754, 53.14], [29.754, 53.139], [29.755, 53.139], [29.755, 53.138], [29.756, 53.138], [29.756, 53.137], [29.757, 53.136], [29.757, 53.135], [29.757, 53.134], [29.757, 53.133], [29.757, 53.132], [29.756, 53.132], [29.756, 53.131], [29.755, 53.13], [29.755, 53.129], [29.75, 53.126], [29.749, 53.126], [29.748, 53.126], [29.748, 53.125], [29.747, 53.125], [29.653, 53.129], [29.661, 53.121], [29.662, 53.121], [29.662, 53.12], [29.663, 53.119], [29.663, 53.118], [29.663, 53.117], [29.663, 53.116], [29.663, 53.115], [29.662, 53.114], [29.662, 53.113], [29.661, 53.113], [29.661, 53.112], [29.66, 53.112], [29.659, 53.111], [29.629, 53.098], [29.639, 53.076], [29.639, 53.075], [29.655, 53.071], [29.656, 53.071], [29.657, 53.07], [29.658, 53.07], [29.658, 53.069], [29.659, 53.069], [29.659, 53.068], [29.661, 53.063], [29.662, 53.062], [29.662, 53.061], [29.662, 53.06], [29.662, 53.059], [29.661, 53.059], [29.661, 53.058], [29.661, 53.057], [29.635, 53.024], [29.635, 53.023], [29.734, 52.979], [29.735, 52.978], [29.736, 52.978], [29.736, 52.977], [29.737, 52.976], [29.737, 52.975], [29.738, 52.975], [29.738, 52.974], [29.738, 52.973], [29.738, 52.972], [29.737, 52.971], [29.737, 52.97], [29.736, 52.969], [29.719, 52.949], [29.719, 52.948], [29.718, 52.948], [29.717, 52.948], [29.716, 52.947], [29.692, 52.943], [29.691, 52.943], [29.69, 52.943], [29.689, 52.943], [29.651, 52.955], [29.544, 52.956], [29.517, 52.951], [29.461, 52.924], [29.46, 52.924], [29.459, 52.923], [29.458, 52.923], [29.449, 52.925], [29.448, 52.925], [29.447, 52.925], [29.446, 52.926], [29.427, 52.945], [29.426, 52.945], [29.396, 52.949], [29.396, 52.948], [29.386, 52.942], [29.396, 52.934], [29.397, 52.933], [29.397, 52.932], [29.398, 52.932], [29.398, 52.931], [29.398, 52.93], [29.398, 52.929], [29.398, 52.928], [29.398, 52.927], [29.397, 52.927], [29.397, 52.926], [29.397, 52.925], [29.396, 52.925], [29.396, 52.924], [29.395, 52.924], [29.394, 52.924], [29.394, 52.923], [29.355, 52.911], [29.354, 52.911], [29.353, 52.911], [29.352, 52.911], [29.349, 52.912], [29.348, 52.912], [29.348, 52.913], [29.347, 52.913], [29.346, 52.914], [29.345, 52.915], [29.345, 52.916], [29.344, 52.917], [29.344, 52.918], [29.343, 52.932], [29.246, 52.95], [29.245, 52.95], [29.182, 52.949], [29.134, 52.908], [29.133, 52.907], [29.132, 52.907], [29.103, 52.896], [29.102, 52.896], [29.091, 52.88], [29.09, 52.879], [29.089, 52.878], [29.088, 52.878], [29.087, 52.878], [29.086, 52.878], [28.974, 52.873], [28.969, 52.814], [28.969, 52.813], [28.969, 52.812], [28.968, 52.812], [28.968, 52.811], [28.962, 52.801], [28.961, 52.8], [28.96, 52.799], [28.959, 52.798], [28.958, 52.798], [28.797, 52.763], [28.796, 52.763], [28.792, 52.756], [28.799, 52.751], [28.833, 52.741], [28.834, 52.741], [28.835, 52.741], [28.835, 52.74], [28.836, 52.74], [28.836, 52.739], [28.837, 52.739], [28.837, 52.738], [28.837, 52.737], [28.837, 52.736], [28.838, 52.736], [28.838, 52.732], [28.838, 52.731], [28.837, 52.731], [28.837, 52.73], [28.837, 52.729], [28.836, 52.728], [28.835, 52.728], [28.825, 52.718], [28.824, 52.718], [28.823, 52.718], [28.823, 52.717], [28.822, 52.717], [28.821, 52.717], [28.782, 52.715], [28.781, 52.715], [28.759, 52.702], [28.758, 52.702], [28.757, 52.701], [28.756, 52.701], [28.702, 52.699], [28.671, 52.688], [28.67, 52.688], [28.669, 52.688], [28.622, 52.693], [28.621, 52.693], [28.589, 52.68], [28.588, 52.68], [28.587, 52.68], [28.471, 52.68], [28.47, 52.68], [28.469, 52.68], [28.468, 52.68], [28.468, 52.681], [28.302, 52.761], [28.301, 52.761], [28.301, 52.762], [28.3, 52.762], [28.3, 52.763], [28.299, 52.763], [28.299, 52.764], [28.299, 52.765], [28.298, 52.766], [28.298, 52.767], [28.299, 52.767], [28.299, 52.768], [28.299, 52.769], [28.3, 52.77], [28.3, 52.771], [28.301, 52.771], [28.409, 52.838], [28.433, 52.861], [28.434, 52.862], [28.451, 52.899], [28.452, 52.899], [28.452, 52.9], [28.453, 52.901], [28.488, 52.927], [28.489, 52.927], [28.491, 52.942], [28.46, 52.959], [28.459, 52.96], [28.458, 52.961], [28.457, 52.961], [28.457, 52.962], [28.457, 52.963], [28.457, 52.964], [28.456, 52.964], [28.456, 52.965], [28.457, 52.966], [28.457, 52.967], [28.457, 52.968], [28.458, 52.968], [28.492, 53.013], [28.492, 53.014], [28.493, 53.014], [28.493, 53.015], [28.494, 53.015], [28.495, 53.015], [28.496, 53.015], [28.538, 53.016], [28.523, 53.042], [28.523, 53.043], [28.523, 53.044], [28.523, 53.045], [28.523, 53.046], [28.534, 53.088], [28.534, 53.089], [28.511, 53.129], [28.511, 53.13], [28.511, 53.131], [28.511, 53.132], [28.511, 53.133], [28.511, 53.134], [28.511, 53.135], [28.512, 53.136], [28.523, 53.149], [28.491, 53.153], [28.425, 53.139], [28.424, 53.139], [28.423, 53.139], [28.422, 53.139], [28.421, 53.14], [28.42, 53.14], [28.42, 53.141], [28.419, 53.141], [28.381, 53.197], [28.38, 53.197], [28.34, 53.2], [28.34, 53.199], [28.321, 53.178], [28.32, 53.177], [28.319, 53.177], [28.319, 53.176], [28.318, 53.176], [28.317, 53.176], [28.316, 53.176], [28.315, 53.176], [28.23, 53.193], [28.229, 53.193], [28.228, 53.193], [28.228, 53.194], [28.189, 53.223], [28.12, 53.237], [28.119, 53.238], [28.118, 53.238], [28.117, 53.239], [28.117, 53.24], [28.116, 53.24], [28.093, 53.279], [28.093, 53.28], [28.093, 53.281], [28.092, 53.281], [28.092, 53.282], [28.092, 53.283], [28.093, 53.283], [28.093, 53.284], [28.093, 53.285], [28.094, 53.286], [28.094, 53.287], [28.095, 53.287], [28.096, 53.288], [28.097, 53.288], [28.15, 53.301], [28.151, 53.301], [28.152, 53.301], [28.153, 53.301], [28.182, 53.292], [28.183, 53.292], [28.183, 53.291], [28.22, 53.266], [28.242, 53.272], [28.243, 53.272], [28.244, 53.272], [28.359, 53.268], [28.383, 53.284], [28.383, 53.285], [28.384, 53.285], [28.385, 53.285], [28.449, 53.295], [28.45, 53.295], [28.454, 53.304], [28.454, 53.305], [28.433, 53.33], [28.375, 53.346], [28.374, 53.346], [28.373, 53.346], [28.372, 53.347], [28.367, 53.351], [28.366, 53.352], [28.366, 53.353], [28.365, 53.353], [28.365, 53.354], [28.365, 53.355], [28.365, 53.356], [28.365, 53.357], [28.365, 53.358], [28.366, 53.359], [28.366, 53.36], [28.367, 53.36], [28.401, 53.393], [28.401, 53.394], [28.402, 53.465], [28.402, 53.466], [28.403, 53.467], [28.403, 53.468], [28.403, 53.469], [28.404, 53.469], [28.404, 53.47], [28.453, 53.51], [28.454, 53.51], [28.454, 53.511], [28.455, 53.511], [28.456, 53.511], [28.457, 53.511], [28.511, 53.51], [28.575, 53.532], [28.562, 53.538], [28.561, 53.539], [28.56, 53.54], [28.56, 53.541], [28.559, 53.541], [28.559, 53.542], [28.559, 53.543], [28.559, 53.544], [28.559, 53.545], [28.559, 53.546], [28.56, 53.547], [28.56, 53.548], [28.561, 53.548], [28.562, 53.549], [28.563, 53.549], [28.605, 53.56], [28.611, 53.571], [28.611, 53.572], [28.603, 53.597], [28.603, 53.598], [28.603, 53.599], [28.603, 53.6], [28.603, 53.601], [28.603, 53.602], [28.604, 53.602], [28.604, 53.603], [28.605, 53.603], [28.615, 53.612], [28.616, 53.612], [28.616, 53.613], [28.617, 53.613], [28.618, 53.613], [28.619, 53.613], [28.62, 53.613], [28.773, 53.587], [28.814, 53.595], [28.815, 53.595], [28.816, 53.595], [28.817, 53.595], [28.818, 53.595], [28.818, 53.594], [28.841, 53.58], [28.864, 53.588], [28.865, 53.589], [28.866, 53.589], [28.867, 53.589], [28.868, 53.589], [28.869, 53.588], [28.87, 53.588], [28.87, 53.587], [28.871, 53.587], [28.872, 53.585], [28.873, 53.584], [28.873, 53.583], [28.874, 53.582], [28.874, 53.581], [28.874, 53.58], [28.873, 53.579], [28.873, 53.578], [28.864, 53.56], [28.894, 53.525], [28.949, 53.519], [28.956, 53.524], [28.948, 53.57], [28.948, 53.571], [28.948, 53.572], [28.948, 53.573], [28.948, 53.574], [28.949, 53.575], [28.949, 53.576], [28.95, 53.576], [28.951, 53.577], [28.952, 53.577], [28.953, 53.577], [29.059, 53.589], [29.073, 53.604], [29.063, 53.635], [29.063, 53.636], [29.062, 53.636], [29.062, 53.637], [29.063, 53.637], [29.063, 53.638], [29.063, 53.639], [29.063, 53.64], [29.064, 53.64], [29.064, 53.641], [29.065, 53.641], [29.065, 53.642], [29.103, 53.665], [29.103, 53.666], [29.104, 53.666], [29.121, 53.671], [29.122, 53.671], [29.123, 53.671], [29.124, 53.671], [29.125, 53.671], [29.179, 53.655], [29.18, 53.655], [29.21, 53.654], [29.287, 53.679], [29.288, 53.679], [29.341, 53.716], [29.342, 53.716], [29.342, 53.717], [29.343, 53.717], [29.344, 53.717], [29.358, 53.717], [29.359, 53.717], [29.36, 53.717], [29.361, 53.717], [29.388, 53.703], [29.404, 53.719], [29.405, 53.719], [29.405, 53.72], [29.406, 53.72], [29.43, 53.73], [29.431, 53.73], [29.432, 53.736], [29.408, 53.743], [29.407, 53.743], [29.406, 53.743], [29.406, 53.744], [29.405, 53.744], [29.405, 53.745], [29.404, 53.745], [29.404, 53.746], [29.404, 53.747], [29.403, 53.747], [29.403, 53.748], [29.403, 53.749], [29.404, 53.75], [29.404, 53.751], [29.405, 53.752], [29.405, 53.753], [29.406, 53.753], [29.407, 53.754], [29.452, 53.77], [29.482, 53.796], [29.379, 53.818], [29.378, 53.818], [29.378, 53.819], [29.377, 53.819], [29.376, 53.82], [29.375, 53.821], [29.375, 53.822], [29.375, 53.823], [29.375, 53.824], [29.375, 53.825], [29.375, 53.826], [29.375, 53.827], [29.376, 53.827], [29.376, 53.828], [29.377, 53.828], [29.377, 53.829], [29.378, 53.829], [29.379, 53.829], [29.396, 53.836], [29.396, 53.837], [29.401, 53.848], [29.373, 53.848], [29.373, 53.849], [29.372, 53.849], [29.371, 53.849], [29.37, 53.849], [29.37, 53.85], [29.369, 53.85], [29.369, 53.851], [29.368, 53.852], [29.368, 53.853], [29.368, 53.854], [29.367, 53.854], [29.368, 53.855], [29.368, 53.856], [29.368, 53.857], [29.368, 53.858], [29.369, 53.858], [29.369, 53.859], [29.37, 53.859], [29.385, 53.872], [29.362, 53.883], [29.361, 53.883], [29.36, 53.883], [29.36, 53.884], [29.359, 53.884], [29.359, 53.885], [29.358, 53.886], [29.358, 53.887], [29.358, 53.888], [29.358, 53.889], [29.358, 53.89], [29.358, 53.891], [29.365, 53.905], [29.361, 53.954], [29.34, 53.987], [29.34, 53.988], [29.339, 53.988], [29.339, 53.989], [29.339, 53.99], [29.339, 53.991], [29.339, 53.992], [29.34, 53.993], [29.35, 54.013], [29.35, 54.014], [29.351, 54.015], [29.352, 54.015], [29.352, 54.016], [29.421, 54.059], [29.421, 54.06], [29.419, 54.074], [29.419, 54.075], [29.407, 54.087], [29.406, 54.088], [29.406, 54.089], [29.405, 54.089], [29.405, 54.09], [29.405, 54.091], [29.405, 54.092], [29.405, 54.093], [29.405, 54.094], [29.406, 54.094], [29.406, 54.095], [29.407, 54.096], [29.408, 54.097], [29.428, 54.108], [29.429, 54.165], [29.429, 54.166], [29.43, 54.166], [29.43, 54.167], [29.43, 54.168], [29.431, 54.168], [29.431, 54.169], [29.432, 54.17], [29.433, 54.17], [29.463, 54.186], [29.45, 54.212], [29.449, 54.212], [29.422, 54.219], [29.421, 54.219], [29.421, 54.22], [29.42, 54.22], [29.419, 54.221], [29.419, 54.222], [29.418, 54.222], [29.415, 54.231], [29.414, 54.231], [29.373, 54.227], [29.372, 54.227], [29.371, 54.227], [29.37, 54.228], [29.369, 54.228], [29.368, 54.229], [29.367, 54.229], [29.357, 54.242], [29.357, 54.243], [29.356, 54.243], [29.356, 54.244], [29.356, 54.245], [29.356, 54.246], [29.356, 54.247], [29.361, 54.271], [29.361, 54.272], [29.361, 54.273], [29.362, 54.273], [29.362, 54.274], [29.363, 54.274], [29.409, 54.306], [29.409, 54.307], [29.371, 54.343], [29.37, 54.344], [29.37, 54.345], [29.369, 54.346], [29.369, 54.347], [29.369, 54.348], [29.37, 54.349], [29.37, 54.35], [29.371, 54.351], [29.405, 54.385], [29.425, 54.485], [29.425, 54.486], [29.425, 54.487], [29.426, 54.488], [29.456, 54.518], [29.441, 54.539], [29.44, 54.54], [29.44, 54.541], [29.44, 54.542], [29.44, 54.543], [29.44, 54.544], [29.44, 54.545], [29.44, 54.546], [29.441, 54.546], [29.441, 54.547], [29.442, 54.547], [29.442, 54.548], [29.492, 54.579], [29.479, 54.612], [29.455, 54.617], [29.454, 54.617], [29.449, 54.595], [29.449, 54.594], [29.449, 54.593], [29.448, 54.593], [29.448, 54.592], [29.447, 54.591], [29.435, 54.584], [29.434, 54.584], [29.433, 54.584], [29.433, 54.583], [29.432, 54.583], [29.431, 54.583], [29.355, 54.593], [29.3, 54.575], [29.299, 54.574], [29.298, 54.574], [29.297, 54.574], [29.232, 54.583], [29.231, 54.583], [29.23, 54.583], [29.229, 54.584], [29.228, 54.585], [29.228, 54.586], [29.227, 54.586], [29.227, 54.587], [29.227, 54.588], [29.225, 54.614], [29.225, 54.615], [29.213, 54.638], [29.212, 54.638], [29.141, 54.631], [29.14, 54.631], [29.139, 54.631], [29.138, 54.631], [29.137, 54.632], [29.136, 54.632], [29.136, 54.633], [29.135, 54.633], [29.134, 54.635], [29.133, 54.636], [29.133, 54.637], [29.133, 54.638], [29.133, 54.639], [29.133, 54.64], [29.134, 54.641], [29.134, 54.642], [29.135, 54.642], [29.135, 54.643], [29.144, 54.65], [29.136, 54.65], [29.095, 54.639], [29.094, 54.639], [29.07, 54.617], [29.069, 54.617], [29.069, 54.616], [29.068, 54.616], [29.067, 54.616], [29.043, 54.61], [29.042, 54.61], [29.041, 54.61], [28.879, 54.623], [28.864, 54.6], [28.865, 54.6], [28.882, 54.579], [28.883, 54.578], [28.883, 54.577], [28.883, 54.576], [28.883, 54.575], [28.883, 54.574], [28.883, 54.573], [28.882, 54.572], [28.872, 54.562], [28.872, 54.561], [28.871, 54.561], [28.871, 54.56], [28.87, 54.56], [28.869, 54.56], [28.843, 54.555], [28.842, 54.555], [28.841, 54.555], [28.84, 54.555], [28.832, 54.558], [28.831, 54.558], [28.83, 54.559], [28.829, 54.56], [28.828, 54.561], [28.828, 54.562], [28.824, 54.576], [28.824, 54.577], [28.812, 54.58], [28.811, 54.58], [28.762, 54.583], [28.761, 54.583], [28.732, 54.57], [28.731, 54.57], [28.73, 54.57], [28.729, 54.57], [28.667, 54.582], [28.666, 54.582], [28.665, 54.583], [28.664, 54.583], [28.664, 54.584], [28.663, 54.584], [28.65, 54.6], [28.65, 54.601], [28.649, 54.601], [28.649, 54.602], [28.649, 54.603], [28.649, 54.604], [28.649, 54.605], [28.649, 54.606], [28.649, 54.607], [28.665, 54.636], [28.65, 54.653], [28.637, 54.658], [28.636, 54.658], [28.599, 54.638], [28.598, 54.637], [28.597, 54.637], [28.596, 54.637], [28.595, 54.637], [28.594, 54.637], [28.594, 54.638], [28.593, 54.638], [28.592, 54.639], [28.592, 54.64], [28.577, 54.66], [28.576, 54.66], [28.566, 54.661], [28.565, 54.661], [28.481, 54.645], [28.426, 54.557], [28.426, 54.556], [28.425, 54.556], [28.425, 54.555], [28.424, 54.555], [28.423, 54.555], [28.423, 54.554], [28.422, 54.554], [28.395, 54.55], [28.394, 54.55], [28.393, 54.55], [28.392, 54.55], [28.35, 54.565], [28.349, 54.565], [28.349, 54.566], [28.348, 54.566], [28.347, 54.567], [28.334, 54.584], [28.289, 54.603], [28.288, 54.603], [28.288, 54.604], [28.287, 54.604], [28.255, 54.636], [28.227, 54.65], [28.15, 54.645], [28.096, 54.627], [28.095, 54.627], [28.094, 54.627], [28.034, 54.634], [27.913, 54.614], [27.912, 54.614], [27.911, 54.614], [27.911, 54.615], [27.91, 54.615], [27.909, 54.615], [27.909, 54.616], [27.908, 54.616], [27.908, 54.617], [27.907, 54.617], [27.907, 54.618], [27.898, 54.64], [27.898, 54.641], [27.88, 54.646], [27.832, 54.629], [27.831, 54.629], [27.831, 54.628], [27.83, 54.628], [27.829, 54.628], [27.758, 54.639], [27.757, 54.639], [27.756, 54.639], [27.755, 54.639], [27.708, 54.67], [27.707, 54.671], [27.706, 54.671], [27.681, 54.699], [27.68, 54.7], [27.68, 54.701], [27.68, 54.702], [27.68, 54.703], [27.68, 54.704], [27.68, 54.705], [27.692, 54.735], [27.692, 54.736], [27.676, 54.746], [27.675, 54.747], [27.624, 54.766], [27.526, 54.777], [27.525, 54.777], [27.525, 54.778], [27.524, 54.778], [27.523, 54.778], [27.523, 54.779], [27.522, 54.779], [27.522, 54.78], [27.521, 54.78], [27.521, 54.781], [27.521, 54.782], [27.52, 54.783], [27.52, 54.784], [27.523, 54.809], [27.442, 54.85], [27.441, 54.85], [27.415, 54.871], [27.414, 54.871], [27.323, 54.874], [27.322, 54.874], [27.321, 54.874], [27.32, 54.875], [27.319, 54.876], [27.318, 54.876], [27.318, 54.877], [27.306, 54.905], [27.256, 54.939], [27.255, 54.939], [27.255, 54.94], [27.254, 54.94], [27.254, 54.941], [27.254, 54.942], [27.253, 54.942], [27.253, 54.943], [27.253, 54.944], [27.253, 54.945], [27.253, 54.946], [27.254, 54.946], [27.254, 54.947], [27.255, 54.948], [27.281, 54.977], [27.281, 54.978], [27.25, 54.997], [27.188, 54.99], [27.187, 54.99], [27.106, 55.002], [27.074, 54.988], [27.078, 54.962], [27.078, 54.961], [27.078, 54.96], [27.077, 54.959], [27.077, 54.958], [27.076, 54.957], [27.075, 54.957], [27.075, 54.956], [27.074, 54.956], [27.06, 54.951], [27.059, 54.951], [27.058, 54.951], [26.946, 54.95], [26.945, 54.95], [26.944, 54.951], [26.943, 54.951], [26.897, 54.975], [26.795, 54.966], [26.795, 54.965], [26.732, 54.945], [26.731, 54.944], [26.73, 54.944], [26.729, 54.944], [26.729, 54.945], [26.728, 54.945], [26.68, 54.97], [26.679, 54.97], [26.618, 54.969], [26.617, 54.969], [26.597, 54.956], [26.596, 54.955], [26.595, 54.955], [26.573, 54.952], [26.572, 54.952], [26.571, 54.952], [26.57, 54.953], [26.535, 54.964], [26.453, 54.965], [26.452, 54.965], [26.451, 54.965], [26.383, 54.982], [26.365, 54.976], [26.365, 54.956], [26.365, 54.955], [26.365, 54.954], [26.365, 54.953], [26.364, 54.953], [26.364, 54.952], [26.363, 54.951], [26.36, 54.949], [26.359, 54.949], [26.359, 54.948], [26.358, 54.948], [26.357, 54.948], [26.356, 54.948], [26.323, 54.948], [26.322, 54.948], [26.28, 54.93], [26.279, 54.93], [26.278, 54.929], [26.277, 54.929], [26.277, 54.93], [26.276, 54.93], [26.275, 54.93], [26.264, 54.934], [26.263, 54.934], [26.263, 54.935], [26.262, 54.935], [26.262, 54.936], [26.261, 54.937], [26.24, 54.975], [26.182, 54.989], [26.181, 54.989], [26.18, 54.99], [26.179, 54.991], [26.178, 54.992], [26.178, 54.993], [26.178, 54.994], [26.178, 54.995], [26.178, 54.996], [26.178, 54.997], [26.179, 54.998], [26.229, 55.063], [26.229, 55.064], [26.233, 55.109], [26.233, 55.11], [26.233, 55.111], [26.234, 55.112], [26.234, 55.113], [26.235, 55.113], [26.263, 55.139], [26.264, 55.14], [26.265, 55.14], [26.266, 55.14], [26.309, 55.145], [26.31, 55.145], [26.429, 55.128], [26.472, 55.145], [26.473, 55.145], [26.474, 55.145], [26.475, 55.145], [26.579, 55.119], [26.601, 55.121], [26.616, 55.135], [26.616, 55.136], [26.633, 55.191], [26.634, 55.191], [26.634, 55.192], [26.635, 55.193], [26.656, 55.215], [26.657, 55.215], [26.658, 55.216], [26.7, 55.236], [26.701, 55.237], [26.702, 55.237], [26.765, 55.247], [26.766, 55.247], [26.79, 55.257], [26.801, 55.273], [26.792, 55.29], [26.791, 55.29], [26.769, 55.3], [26.768, 55.3], [26.603, 55.317], [26.526, 55.308], [26.525, 55.308], [26.524, 55.308], [26.453, 55.326], [26.452, 55.327], [26.451, 55.327], [26.45, 55.328], [26.449, 55.329], [26.449, 55.33], [26.447, 55.334], [26.447, 55.335], [26.446, 55.336], [26.446, 55.337], [26.446, 55.338], [26.447, 55.338], [26.447, 55.339], [26.447, 55.34], [26.448, 55.34], [26.486, 55.391], [26.499, 55.426], [26.499, 55.427], [26.499, 55.428], [26.5, 55.428], [26.5, 55.429], [26.501, 55.429], [26.543, 55.46], [26.546, 55.471], [26.53, 55.49], [26.529, 55.49], [26.529, 55.491], [26.528, 55.492], [26.528, 55.493], [26.528, 55.494], [26.528, 55.495], [26.532, 55.514], [26.532, 55.515], [26.532, 55.516], [26.533, 55.516], [26.533, 55.517], [26.534, 55.518], [26.595, 55.568], [26.596, 55.568], [26.605, 55.59], [26.608, 55.616], [26.608, 55.617], [26.595, 55.667], [26.594, 55.667], [26.482, 55.678], [26.481, 55.678], [26.343, 55.716], [26.342, 55.717], [26.281, 55.743], [26.28, 55.743], [26.279, 55.744], [26.179, 55.849], [26.179, 55.85], [26.018, 55.937], [26.017, 55.937], [25.872, 55.992], [25.871, 55.992], [25.805, 56.034], [25.804, 56.035], [25.803, 56.036], [25.803, 56.037], [25.802, 56.038], [25.802, 56.039], [25.802, 56.04], [25.803, 56.041], [25.803, 56.042], [25.804, 56.043], [25.804, 56.044], [25.805, 56.044], [25.806, 56.045], [25.837, 56.058], [25.838, 56.058], [25.86, 56.082], [25.839, 56.103], [25.839, 56.104], [25.838, 56.104], [25.838, 56.105], [25.837, 56.108], [25.837, 56.109], [25.836, 56.109], [25.836, 56.11], [25.837, 56.111], [25.837, 56.112], [25.837, 56.113], [25.838, 56.113], [25.838, 56.114], [25.839, 56.115], [25.84, 56.115], [25.841, 56.116], [25.842, 56.116], [25.843, 56.116], [25.844, 56.116], [25.845, 56.115], [25.942, 56.062], [26.005, 56.086], [26.006, 56.086], [26.006, 56.087], [26.007, 56.087], [26.008, 56.087], [26.008, 56.086], [26.009, 56.086], [26.01, 56.086], [26.037, 56.069], [26.059, 56.068], [26.107, 56.1], [26.108, 56.101], [26.109, 56.101], [26.11, 56.101], [26.111, 56.101], [26.129, 56.098], [26.152, 56.109], [26.153, 56.118], [26.146, 56.125], [26.145, 56.125], [26.145, 56.126], [26.144, 56.127], [26.144, 56.128], [26.144, 56.129], [26.144, 56.13], [26.144, 56.131], [26.145, 56.132], [26.145, 56.133], [26.146, 56.133], [26.146, 56.134], [26.147, 56.135], [26.218, 56.165], [26.219, 56.166], [26.22, 56.166], [26.221, 56.166], [26.311, 56.151], [26.312, 56.15], [26.313, 56.15], [26.314, 56.15], [26.314, 56.149], [26.319, 56.144], [26.319, 56.143], [26.32, 56.142], [26.32, 56.141], [26.32, 56.14], [26.32, 56.139], [26.316, 56.123], [26.345, 56.094], [26.341, 56.134], [26.328, 56.163], [26.264, 56.211], [26.196, 56.225], [26.196, 56.226], [26.195, 56.226], [26.194, 56.226], [26.194, 56.227], [26.193, 56.227], [26.193, 56.228], [26.192, 56.229], [26.19, 56.233], [26.19, 56.234], [26.189, 56.235], [26.189, 56.236], [26.189, 56.237], [26.198, 56.284], [26.188, 56.289], [26.187, 56.29], [26.186, 56.29], [26.186, 56.291], [26.185, 56.291], [26.185, 56.292], [26.185, 56.293], [26.184, 56.293], [26.184, 56.294], [26.184, 56.295], [26.184, 56.315], [26.184, 56.316], [26.165, 56.341], [26.164, 56.342], [26.164, 56.343], [26.164, 56.344], [26.157, 56.38], [26.112, 56.404], [26.111, 56.405], [26.11, 56.406], [26.11, 56.407], [26.109, 56.408], [26.109, 56.409], [26.109, 56.41], [26.109, 56.411], [26.109, 56.412], [26.11, 56.412], [26.11, 56.413], [26.111, 56.413], [26.111, 56.414], [26.112, 56.415], [26.113, 56.415], [26.153, 56.429], [26.232, 56.498], [26.233, 56.499], [26.234, 56.499], [26.289, 56.517], [26.289, 56.518], [26.29, 56.518], [26.291, 56.518], [26.292, 56.518], [26.314, 56.512], [26.315, 56.512], [26.316, 56.512], [26.316, 56.511], [26.317, 56.511], [26.352, 56.475], [26.353, 56.475], [26.353, 56.474], [26.354, 56.473], [26.363, 56.451], [26.474, 56.494], [26.475, 56.494], [26.476, 56.494], [26.596, 56.489], [26.595, 56.504], [26.595, 56.505], [26.595, 56.506], [26.596, 56.506], [26.596, 56.507], [26.596, 56.508], [26.597, 56.508], [26.628, 56.544], [26.59, 56.551], [26.589, 56.551], [26.588, 56.552], [26.587, 56.552], [26.587, 56.553], [26.586, 56.553], [26.586, 56.554], [26.586, 56.555], [26.584, 56.562], [26.584, 56.563], [26.584, 56.564], [26.584, 56.565], [26.594, 56.595], [26.485, 56.606], [26.484, 56.606], [26.376, 56.636], [26.375, 56.636], [26.344, 56.605], [26.343, 56.604], [26.342, 56.604], [26.341, 56.603], [26.297, 56.588], [26.296, 56.588], [26.295, 56.588], [26.294, 56.588], [26.293, 56.588], [26.293, 56.589], [26.292, 56.589], [26.291, 56.589], [26.291, 56.59], [26.29, 56.59], [26.29, 56.591], [26.289, 56.591], [26.289, 56.592], [26.281, 56.611], [26.262, 56.617], [26.227, 56.61], [26.226, 56.61], [26.225, 56.61], [26.224, 56.61], [26.224, 56.611], [26.223, 56.611], [26.204, 56.623], [26.203, 56.624], [26.203, 56.625], [26.202, 56.625], [26.202, 56.626], [26.201, 56.627], [26.201, 56.628], [26.201, 56.629], [26.201, 56.63], [26.202, 56.631], [26.202, 56.632], [26.205, 56.635], [26.191, 56.642], [26.131, 56.654], [26.042, 56.627], [26.041, 56.627], [26.04, 56.627], [26.039, 56.627], [26.038, 56.627], [26.004, 56.639], [26.003, 56.639], [26.003, 56.64], [26.002, 56.64], [26.001, 56.641], [25.984, 56.666], [25.983, 56.666], [25.937, 56.64], [25.936, 56.64], [25.935, 56.64], [25.934, 56.64], [25.933, 56.64], [25.932, 56.64], [25.931, 56.64], [25.931, 56.641], [25.93, 56.641], [25.929, 56.642], [25.917, 56.66], [25.917, 56.661], [25.916, 56.661], [25.916, 56.662], [25.916, 56.663], [25.916, 56.664], [25.916, 56.665], [25.916, 56.666], [25.917, 56.666], [25.917, 56.667], [25.918, 56.668], [25.936, 56.681], [25.936, 56.682], [25.907, 56.697], [25.838, 56.712], [25.837, 56.712], [25.836, 56.712], [25.835, 56.713], [25.834, 56.714], [25.834, 56.715], [25.833, 56.716], [25.827, 56.738], [25.826, 56.738], [25.826, 56.739], [25.826, 56.74], [25.826, 56.741], [25.827, 56.741], [25.827, 56.742], [25.827, 56.743], [25.828, 56.743], [25.851, 56.77], [25.843, 56.789], [25.766, 56.828], [25.765, 56.828], [25.74, 56.818], [25.745, 56.812], [25.746, 56.812], [25.746, 56.811], [25.747, 56.81], [25.747, 56.809], [25.747, 56.808], [25.747, 56.807], [25.747, 56.806], [25.746, 56.805], [25.731, 56.784], [25.731, 56.783], [25.73, 56.783], [25.73, 56.782], [25.729, 56.782], [25.728, 56.782], [25.695, 56.771], [25.694, 56.771], [25.693, 56.771], [25.692, 56.771], [25.691, 56.772], [25.69, 56.772], [25.669, 56.789], [25.506, 56.813], [25.505, 56.813], [25.438, 56.776], [25.437, 56.775], [25.392, 56.762], [25.392, 56.761], [25.391, 56.761], [25.39, 56.761], [25.354, 56.763], [25.353, 56.763], [25.354, 56.762], [25.354, 56.761], [25.354, 56.76], [25.354, 56.759], [25.353, 56.759], [25.353, 56.758], [25.353, 56.757], [25.352, 56.757], [25.352, 56.756], [25.351, 56.756], [25.35, 56.755], [25.349, 56.755], [25.348, 56.755], [25.347, 56.755], [25.326, 56.758], [25.268, 56.745], [25.257, 56.736], [25.29, 56.723], [25.291, 56.722], [25.292, 56.722], [25.292, 56.721], [25.293, 56.721], [25.293, 56.72], [25.294, 56.719], [25.294, 56.718], [25.294, 56.717], [25.294, 56.716], [25.294, 56.715], [25.293, 56.714], [25.293, 56.713], [25.281, 56.699], [25.28, 56.699], [25.279, 56.698], [25.278, 56.698], [25.277, 56.697], [25.276, 56.697], [25.275, 56.697], [25.218, 56.708], [25.203, 56.699], [25.202, 56.699], [25.201, 56.699], [25.201, 56.698], [25.2, 56.698], [25.199, 56.698], [25.198, 56.698], [25.154, 56.708], [25.154, 56.709], [25.153, 56.709], [25.098, 56.737], [25.097, 56.737], [25.029, 56.727], [25.049, 56.707], [25.05, 56.707], [25.05, 56.706], [25.051, 56.705], [25.051, 56.704], [25.051, 56.703], [25.051, 56.702], [25.051, 56.701], [25.05, 56.7], [25.05, 56.699], [25.049, 56.699], [25.049, 56.698], [25.048, 56.698], [25.017, 56.682], [25.017, 56.681], [25.015, 56.641], [25.025, 56.623], [25.025, 56.622], [25.026, 56.622], [25.026, 56.621], [25.026, 56.62], [25.026, 56.619], [25.025, 56.618], [25.025, 56.617], [25.019, 56.608], [25.02, 56.608], [25.046, 56.612], [25.047, 56.612], [25.048, 56.611], [25.049, 56.611], [25.05, 56.611], [25.05, 56.61], [25.051, 56.61], [25.051, 56.609], [25.052, 56.609], [25.054, 56.606], [25.054, 56.605], [25.054, 56.604], [25.055, 56.604], [25.055, 56.603], [25.055, 56.602], [25.055, 56.601], [25.054, 56.601], [25.054, 56.6], [25.054, 56.599], [25.053, 56.599], [25.053, 56.598], [25.052, 56.598], [25.043, 56.591], [25.042, 56.59], [25.041, 56.59], [24.733, 56.544], [24.732, 56.544], [24.668, 56.544], [24.667, 56.544], [24.666, 56.544], [24.665, 56.544], [24.665, 56.545], [24.664, 56.545], [24.663, 56.546], [24.663, 56.547], [24.662, 56.547], [24.662, 56.548], [24.662, 56.549], [24.662, 56.55], [24.662, 56.551], [24.662, 56.552], [24.663, 56.553], [24.67, 56.565], [24.671, 56.566], [24.672, 56.567], [24.673, 56.568], [24.697, 56.579], [24.664, 56.588], [24.663, 56.588], [24.662, 56.589], [24.661, 56.59], [24.661, 56.591], [24.66, 56.591], [24.657, 56.6], [24.631, 56.601], [24.63, 56.602], [24.629, 56.602], [24.602, 56.619], [24.601, 56.62], [24.6, 56.621], [24.599, 56.622], [24.599, 56.623], [24.591, 56.656], [24.591, 56.657], [24.591, 56.658], [24.591, 56.659], [24.591, 56.66], [24.592, 56.66], [24.592, 56.661], [24.593, 56.662], [24.594, 56.662], [24.594, 56.663], [24.595, 56.663], [24.634, 56.677], [24.601, 56.707], [24.522, 56.714], [24.483, 56.705], [24.482, 56.705], [24.429, 56.678], [24.428, 56.678], [24.427, 56.678], [24.376, 56.668], [24.375, 56.665], [24.375, 56.664], [24.374, 56.663], [24.374, 56.662], [24.373, 56.662], [24.372, 56.661], [24.371, 56.661], [24.37, 56.661], [24.369, 56.661], [24.368, 56.661], [24.296, 56.675], [24.295, 56.675], [24.294, 56.676], [24.246, 56.704], [24.185, 56.693], [24.185, 56.692], [24.162, 56.672], [24.161, 56.671], [24.16, 56.671], [24.16, 56.67], [24.159, 56.67], [24.158, 56.67], [24.132, 56.668], [24.131, 56.668], [24.13, 56.668], [24.008, 56.694], [24.007, 56.694], [24.007, 56.695], [24.006, 56.695], [24.005, 56.696], [24.005, 56.697], [24.004, 56.697], [24.004, 56.698], [24.004, 56.699], [24.004, 56.7], [24.004, 56.701], [24.004, 56.702], [24.004, 56.703], [24.008, 56.71], [23.996, 56.73], [23.943, 56.729], [23.942, 56.729], [23.941, 56.729], [23.94, 56.729], [23.913, 56.745], [23.785, 56.732], [23.784, 56.732], [23.783, 56.733], [23.782, 56.733], [23.761, 56.742], [23.76, 56.742], [23.76, 56.743], [23.759, 56.743], [23.759, 56.744], [23.758, 56.744], [23.758, 56.745], [23.758, 56.746], [23.757, 56.747], [23.757, 56.748], [23.757, 56.749], [23.77, 56.8], [23.735, 56.822], [23.734, 56.822], [23.734, 56.823], [23.707, 56.852], [23.626, 56.889], [23.507, 56.895], [23.462, 56.884], [23.485, 56.821], [23.485, 56.82], [23.485, 56.819], [23.485, 56.818], [23.485, 56.817], [23.485, 56.816], [23.484, 56.816], [23.484, 56.815], [23.483, 56.815], [23.483, 56.814], [23.482, 56.814], [23.453, 56.8], [23.452, 56.8], [23.451, 56.799], [23.399, 56.792], [23.398, 56.792], [23.397, 56.792], [23.396, 56.793], [23.375, 56.801], [23.322, 56.782], [23.315, 56.766], [23.315, 56.765], [23.323, 56.753], [23.323, 56.752], [23.324, 56.752], [23.324, 56.751], [23.324, 56.75], [23.324, 56.749], [23.324, 56.748], [23.323, 56.747], [23.323, 56.746], [23.301, 56.718], [23.301, 56.717], [23.3, 56.716], [23.299, 56.716], [23.298, 56.715], [23.297, 56.715], [23.216, 56.711], [23.173, 56.693], [23.172, 56.693], [23.171, 56.693], [23.17, 56.693], [23.123, 56.699], [23.085, 56.691], [23.084, 56.691], [23.083, 56.691], [23.03, 56.695], [23.029, 56.695], [23.028, 56.695], [22.986, 56.711], [22.904, 56.712], [22.903, 56.712], [22.83, 56.699], [22.829, 56.699], [22.828, 56.699], [22.827, 56.699], [22.826, 56.699], [22.825, 56.7], [22.824, 56.701], [22.818, 56.711], [22.817, 56.711], [22.817, 56.712], [22.817, 56.713], [22.817, 56.714], [22.817, 56.715], [22.817, 56.716], [22.817, 56.717], [22.818, 56.717], [22.818, 56.718], [22.819, 56.718], [22.819, 56.719], [22.829, 56.726], [22.821, 56.771], [22.821, 56.772], [22.82, 56.772], [22.791, 56.795], [22.79, 56.795], [22.789, 56.796], [22.789, 56.797], [22.788, 56.798], [22.788, 56.799], [22.788, 56.8], [22.789, 56.804], [22.651, 56.808], [22.65, 56.808], [22.649, 56.808], [22.648, 56.809], [22.647, 56.809], [22.647, 56.81], [22.646, 56.811], [22.646, 56.812], [22.645, 56.813], [22.645, 56.814], [22.645, 56.815], [22.646, 56.816], [22.634, 56.824], [22.503, 56.849], [22.502, 56.849], [22.502, 56.85], [22.501, 56.85], [22.5, 56.85], [22.5, 56.851], [22.499, 56.851], [22.499, 56.852], [22.498, 56.853], [22.498, 56.854], [22.498, 56.855], [22.498, 56.856], [22.498, 56.857], [22.498, 56.858], [22.499, 56.858], [22.499, 56.859], [22.5, 56.86], [22.519, 56.877], [22.521, 56.898], [22.521, 56.899], [22.521, 56.9], [22.522, 56.901], [22.522, 56.902], [22.529, 56.909], [22.493, 56.92], [22.492, 56.92], [22.459, 56.917], [22.458, 56.917], [22.457, 56.918], [22.456, 56.918], [22.455, 56.918], [22.455, 56.919], [22.454, 56.919], [22.454, 56.92], [22.453, 56.92], [22.453, 56.921], [22.448, 56.932], [22.448, 56.933], [22.448, 56.934], [22.448, 56.935], [22.448, 56.936], [22.449, 56.937], [22.449, 56.938], [22.45, 56.938], [22.45, 56.939], [22.451, 56.939], [22.452, 56.94], [22.453, 56.94], [22.456, 56.94], [22.456, 56.941], [22.472, 56.981], [22.472, 56.982], [22.473, 56.983], [22.474, 56.983], [22.506, 57.012], [22.507, 57.012], [22.507, 57.013], [22.508, 57.013], [22.509, 57.013], [22.51, 57.014], [22.511, 57.014], [22.559, 57.008], [22.56, 57.008], [22.59, 57.022], [22.591, 57.022], [22.592, 57.022], [22.593, 57.022], [22.636, 57.016], [22.649, 57.042], [22.642, 57.089], [22.642, 57.09], [22.642, 57.091], [22.643, 57.091], [22.643, 57.092], [22.643, 57.093], [22.644, 57.093], [22.644, 57.094], [22.645, 57.094], [22.645, 57.095], [22.646, 57.095], [22.647, 57.095], [22.647, 57.096], [22.761, 57.112], [22.807, 57.136], [22.808, 57.136], [22.808, 57.137], [22.809, 57.137], [22.911, 57.137], [22.931, 57.145], [22.966, 57.182], [22.967, 57.183], [22.968, 57.184], [22.969, 57.184], [23.04, 57.21], [23.08, 57.238], [23.08, 57.239], [23.113, 57.265], [23.12, 57.302], [23.12, 57.303], [23.121, 57.303], [23.121, 57.304], [23.122, 57.305], [23.123, 57.306], [23.124, 57.306], [23.156, 57.317], [23.157, 57.317], [23.158, 57.317], [23.159, 57.317], [23.16, 57.317], [23.161, 57.316], [23.162, 57.316], [23.162, 57.315], [23.163, 57.315], [23.174, 57.298], [23.175, 57.297], [23.199, 57.224], [23.221, 57.208], [23.222, 57.207], [23.223, 57.206], [23.223, 57.205], [23.261, 57.099], [23.292, 57.089], [23.293, 57.089], [23.34, 57.059], [23.507, 57.031], [23.508, 57.031], [23.509, 57.031], [23.51, 57.03], [23.585, 56.979], [23.695, 56.967], [23.866, 56.99], [23.953, 57.013], [23.991, 57.031], [24.034, 57.068], [24.035, 57.068], [24.035, 57.069], [24.036, 57.069], [24.037, 57.069], [24.074, 57.075], [24.075, 57.075], [24.211, 57.124], [24.218, 57.136], [24.219, 57.137], [24.219, 57.138], [24.22, 57.138], [24.221, 57.139], [24.278, 57.161], [24.279, 57.161], [24.279, 57.169], [24.279, 57.17], [24.279, 57.171], [24.28, 57.172], [24.28, 57.173], [24.281, 57.173], [24.281, 57.174], [24.288, 57.179], [24.289, 57.179], [24.379, 57.23], [24.401, 57.258], [24.409, 57.298], [24.406, 57.344], [24.406, 57.345], [24.375, 57.528], [24.375, 57.529], [24.36, 57.548], [24.36, 57.549], [24.359, 57.55], [24.359, 57.551], [24.359, 57.552], [24.359, 57.553], [24.375, 57.613], [24.375, 57.614], [24.363, 57.672], [24.301, 57.743], [24.3, 57.743], [24.3, 57.744], [24.299, 57.745], [24.299, 57.746], [24.286, 57.831], [24.286, 57.832], [24.286, 57.833], [24.286, 57.834], [24.287, 57.834], [24.296, 57.856], [24.296, 57.857], [24.297, 57.858], [24.324, 57.887], [24.334, 57.92], [24.334, 57.921], [24.334, 57.922], [24.335, 57.922], [24.381, 57.984], [24.398, 58.022], [24.398, 58.023], [24.399, 58.023], [24.399, 58.024], [24.4, 58.024], [24.464, 58.072], [24.464, 58.12], [24.464, 58.121], [24.473, 58.155], [24.456, 58.194], [24.456, 58.195], [24.456, 58.196], [24.456, 58.197], [24.456, 58.198], [24.456, 58.199], [24.467, 58.218], [24.468, 58.218], [24.471, 58.248], [24.471, 58.249], [24.471, 58.25], [24.472, 58.25], [24.472, 58.251], [24.473, 58.252], [24.474, 58.252], [24.548, 58.289], [24.549, 58.289], [24.56, 58.312], [24.551, 58.334], [24.529, 58.351], [24.444, 58.386], [24.362, 58.397], [24.316, 58.38], [24.296, 58.355], [24.287, 58.32], [24.287, 58.319], [24.286, 58.318], [24.285, 58.317], [24.244, 58.281], [24.243, 58.28], [24.242, 58.28], [24.212, 58.272], [24.211, 58.272], [24.211, 58.271], [24.21, 58.271], [24.156, 58.277], [24.114, 58.243], [24.113, 58.242], [24.112, 58.242], [24.111, 58.242], [24.11, 58.242], [24.109, 58.242], [24.085, 58.25], [24.084, 58.251], [24.083, 58.251], [24.083, 58.252], [24.053, 58.278], [23.98, 58.318], [23.856, 58.339], [23.855, 58.34], [23.854, 58.34], [23.834, 58.354], [23.833, 58.354], [23.807, 58.347], [23.806, 58.347], [23.805, 58.347], [23.804, 58.347], [23.777, 58.355], [23.758, 58.342], [23.757, 58.341], [23.756, 58.341], [23.755, 58.34], [23.754, 58.34], [23.753, 58.341], [23.744, 58.342], [23.744, 58.343], [23.743, 58.343], [23.742, 58.343], [23.742, 58.344], [23.741, 58.344], [23.741, 58.345], [23.74, 58.345], [23.74, 58.346], [23.719, 58.399], [23.719, 58.4], [23.685, 58.421], [23.684, 58.422], [23.683, 58.423], [23.683, 58.424], [23.678, 58.434], [23.678, 58.435], [23.678, 58.436], [23.678, 58.437], [23.684, 58.5], [23.679, 58.524], [23.664, 58.536], [23.624, 58.529], [23.623, 58.529], [23.622, 58.529], [23.621, 58.53], [23.585, 58.545], [23.584, 58.545], [23.575, 58.551], [23.574, 58.552], [23.573, 58.553], [23.573, 58.554], [23.561, 58.583], [23.546, 58.58], [23.519, 58.557], [23.518, 58.557], [23.518, 58.556], [23.517, 58.556], [23.516, 58.556], [23.515, 58.556], [23.514, 58.556], [23.513, 58.556], [23.513, 58.557], [23.504, 58.561], [23.503, 58.562], [23.502, 58.562], [23.502, 58.563], [23.501, 58.563], [23.501, 58.564], [23.501, 58.565], [23.499, 58.569], [23.499, 58.57], [23.499, 58.571], [23.499, 58.572], [23.499, 58.573], [23.499, 58.574], [23.5, 58.575], [23.518, 58.604], [23.494, 58.672], [23.493, 58.673], [23.493, 58.674], [23.493, 58.675], [23.497, 58.695], [23.498, 58.695], [23.498, 58.696], [23.498, 58.697], [23.499, 58.697], [23.499, 58.698], [23.505, 58.703], [23.505, 58.704], [23.506, 58.704], [23.506, 58.705], [23.507, 58.705], [23.508, 58.705], [23.509, 58.705], [23.536, 58.703], [23.547, 58.71], [23.533, 58.721], [23.532, 58.721], [23.532, 58.722], [23.531, 58.722], [23.531, 58.723], [23.531, 58.724], [23.53, 58.725], [23.53, 58.726], [23.532, 58.741], [23.532, 58.742], [23.533, 58.742], [23.533, 58.743], [23.533, 58.744], [23.534, 58.744], [23.534, 58.745], [23.535, 58.745], [23.535, 58.746], [23.536, 58.746], [23.537, 58.746], [23.538, 58.746], [23.539, 58.746], [23.584, 58.738], [23.585, 58.738], [23.696, 58.751], [23.697, 58.751], [23.698, 58.751], [23.755, 58.734], [23.802, 58.731], [23.803, 58.731], [23.805, 58.748], [23.786, 58.755], [23.785, 58.755], [23.784, 58.756], [23.783, 58.757], [23.783, 58.758], [23.782, 58.758], [23.78, 58.764], [23.78, 58.765], [23.78, 58.766], [23.78, 58.767], [23.78, 58.768], [23.781, 58.769], [23.784, 58.775], [23.784, 58.776], [23.785, 58.776], [23.785, 58.777], [23.786, 58.777], [23.786, 58.778], [23.787, 58.778], [23.788, 58.778], [23.788, 58.779], [23.815, 58.784], [23.816, 58.784], [23.817, 58.784], [23.874, 58.772], [23.816, 58.8], [23.784, 58.801], [23.761, 58.787], [23.76, 58.787], [23.759, 58.787], [23.758, 58.786], [23.757, 58.787], [23.756, 58.787], [23.755, 58.787], [23.755, 58.788], [23.74, 58.798], [23.739, 58.798], [23.604, 58.795], [23.603, 58.795], [23.544, 58.776], [23.543, 58.776], [23.543, 58.775], [23.542, 58.775], [23.486, 58.777], [23.485, 58.777], [23.45, 58.769], [23.429, 58.765], [23.445, 58.78], [23.466, 58.8], [23.467, 58.801], [23.468, 58.801], [23.526, 58.82], [23.465, 58.863], [23.464, 58.864], [23.464, 58.865]]], [[[58.712, 74.44], [58.709, 74.443], [58.708, 74.443], [58.705, 74.446], [58.705, 74.447], [58.702, 74.45], [58.7, 74.452], [58.699, 74.454], [58.698, 74.456], [58.684, 74.458], [58.673, 74.46], [58.674, 74.459], [58.677, 74.456], [58.677, 74.455], [58.68, 74.452], [58.68, 74.451], [58.683, 74.448], [58.683, 74.447], [58.685, 74.443], [58.686, 74.439], [58.687, 74.438], [58.688, 74.434], [58.688, 74.433], [58.688, 74.429], [58.689, 74.424], [58.688, 74.419], [58.688, 74.415], [58.688, 74.414], [58.687, 74.41], [58.687, 74.409], [58.685, 74.405], [58.683, 74.401], [58.683, 74.4], [58.681, 74.396], [58.68, 74.396], [58.678, 74.393], [58.677, 74.392], [58.675, 74.39], [58.688, 74.379], [58.691, 74.376], [58.692, 74.376], [58.695, 74.373], [58.695, 74.372], [58.698, 74.369], [58.7, 74.365], [58.7, 74.364], [58.702, 74.361], [58.703, 74.36], [58.704, 74.357], [58.715, 74.356], [58.719, 74.356], [58.72, 74.356], [58.724, 74.355], [58.725, 74.355], [58.729, 74.353], [58.746, 74.347], [58.75, 74.345], [58.751, 74.344], [58.755, 74.342], [58.759, 74.339], [58.763, 74.336], [58.766, 74.333], [58.766, 74.332], [58.769, 74.329], [58.769, 74.328], [58.772, 74.324], [58.773, 74.321], [58.774, 74.321], [58.774, 74.32], [58.774, 74.319], [58.774, 74.318], [58.774, 74.317], [58.774, 74.316], [58.773, 74.316], [58.773, 74.315], [58.772, 74.314], [58.771, 74.314], [58.734, 74.287], [58.733, 74.287], [58.732, 74.286], [58.193, 74.086], [58.192, 74.086], [58.191, 74.086], [58.191, 74.085], [58.19, 74.085], [58.19, 74.086], [58.189, 74.086], [58.188, 74.086], [58.01, 74.149], [58.009, 74.149], [57.671, 74.188], [57.405, 74.052], [57.796, 73.925], [57.797, 73.925], [57.798, 73.925], [57.798, 73.924], [57.799, 73.923], [57.799, 73.922], [57.8, 73.922], [57.8, 73.921], [57.822, 73.785], [57.822, 73.784], [57.822, 73.783], [57.822, 73.782], [57.822, 73.781], [57.821, 73.781], [57.821, 73.78], [57.82, 73.779], [57.819, 73.778], [57.415, 73.536], [57.414, 73.535], [57.413, 73.535], [57.396, 73.533], [57.395, 73.532], [57.395, 73.531], [57.393, 73.527], [57.392, 73.526], [57.39, 73.523], [57.389, 73.522], [57.386, 73.519], [57.386, 73.518], [57.385, 73.518], [57.384, 73.517], [57.366, 73.506], [57.365, 73.506], [57.364, 73.505], [57.361, 73.505], [57.36, 73.504], [57.356, 73.504], [57.355, 73.504], [57.351, 73.503], [57.35, 73.503], [57.346, 73.504], [57.345, 73.504], [57.301, 73.508], [57.302, 73.506], [57.302, 73.505], [57.303, 73.501], [57.304, 73.497], [57.304, 73.496], [57.304, 73.492], [57.304, 73.487], [57.303, 73.483], [57.303, 73.482], [57.302, 73.478], [57.302, 73.477], [57.301, 73.476], [57.301, 73.475], [57.3, 73.475], [57.299, 73.474], [57.298, 73.474], [56.962, 73.358], [56.962, 73.357], [56.961, 73.357], [56.96, 73.357], [56.959, 73.357], [56.265, 73.515], [55.758, 73.577], [55.757, 73.577], [55.425, 73.553], [54.994, 73.536], [54.665, 73.472], [54.664, 73.472], [54.663, 73.472], [54.662, 73.472], [54.479, 73.519], [54.478, 73.52], [54.03, 73.728], [54.029, 73.728], [54.029, 73.729], [54.028, 73.729], [54.028, 73.73], [54.027, 73.73], [54.027, 73.731], [54.027, 73.732], [54.027, 73.733], [54.027, 73.734], [54.027, 73.735], [54.027, 73.736], [54.028, 73.737], [54.028, 73.738], [54.029, 73.738], [54.03, 73.739], [54.349, 73.87], [54.893, 74.063], [54.894, 74.063], [55.188, 74.103], [55.188, 74.104], [55.885, 74.105], [55.946, 74.265], [55.945, 74.265], [55.627, 74.413], [55.627, 74.414], [55.626, 74.414], [55.626, 74.415], [55.625, 74.415], [55.625, 74.416], [55.624, 74.417], [55.624, 74.418], [55.624, 74.419], [55.624, 74.42], [55.624, 74.421], [55.625, 74.421], [55.625, 74.422], [55.625, 74.423], [55.626, 74.423], [55.775, 74.538], [55.776, 74.538], [55.776, 74.539], [55.777, 74.539], [55.964, 74.603], [55.965, 74.603], [56.269, 74.612], [56.652, 74.693], [56.539, 74.766], [56.313, 74.866], [56.312, 74.866], [56.312, 74.867], [56.311, 74.867], [56.311, 74.868], [56.31, 74.869], [56.31, 74.87], [56.31, 74.871], [56.31, 74.872], [56.31, 74.873], [56.31, 74.874], [56.311, 74.874], [56.311, 74.875], [56.312, 74.876], [56.313, 74.876], [56.994, 75.273], [56.995, 75.273], [56.996, 75.273], [57.224, 75.331], [57.225, 75.331], [57.226, 75.331], [57.227, 75.331], [57.228, 75.331], [57.327, 75.299], [57.327, 75.298], [57.729, 75.291], [58.17, 75.531], [58.17, 75.532], [58.558, 75.682], [58.559, 75.682], [59.017, 75.799], [59.018, 75.799], [59.456, 75.866], [60.043, 75.917], [60.043, 75.918], [60.617, 75.894], [60.949, 75.961], [61.301, 76.236], [61.301, 76.237], [61.302, 76.237], [61.303, 76.238], [61.304, 76.238], [61.305, 76.238], [61.425, 76.23], [61.426, 76.23], [61.818, 76.289], [61.819, 76.289], [61.82, 76.289], [62.593, 76.165], [62.805, 76.182], [63.673, 76.326], [63.674, 76.326], [64.105, 76.344], [65.087, 76.455], [65.926, 76.507], [66.273, 76.761], [66.274, 76.762], [66.441, 76.829], [66.442, 76.829], [66.443, 76.83], [67.572, 76.891], [68.456, 76.927], [68.457, 76.927], [68.458, 76.927], [68.668, 76.868], [68.669, 76.868], [68.865, 76.767], [68.866, 76.767], [68.867, 76.766], [68.867, 76.765], [68.868, 76.765], [68.868, 76.764], [68.921, 76.642], [68.924, 76.635], [68.917, 76.633], [68.912, 76.632], [68.906, 76.629], [68.908, 76.629], [68.909, 76.629], [68.914, 76.628], [68.919, 76.627], [68.92, 76.626], [68.927, 76.624], [68.928, 76.624], [68.928, 76.623], [68.929, 76.623], [68.929, 76.622], [68.93, 76.622], [68.93, 76.621], [68.935, 76.611], [68.935, 76.61], [68.935, 76.609], [68.935, 76.608], [68.935, 76.607], [68.935, 76.606], [68.934, 76.605], [68.934, 76.604], [68.933, 76.604], [68.933, 76.603], [68.932, 76.603], [68.572, 76.395], [68.571, 76.394], [68.505, 76.374], [68.504, 76.374], [68.504, 76.373], [68.482, 76.373], [68.481, 76.373], [68.481, 76.372], [68.478, 76.368], [68.477, 76.366], [68.476, 76.365], [68.475, 76.365], [68.475, 76.364], [68.474, 76.364], [68.329, 76.318], [68.328, 76.318], [67.723, 76.175], [67.722, 76.174], [67.569, 76.149], [67.568, 76.149], [67.545, 76.15], [67.544, 76.15], [67.378, 76.119], [67.377, 76.119], [67.368, 76.116], [67.367, 76.116], [66.738, 76.011], [66.694, 76.01], [66.647, 75.996], [66.646, 75.996], [66.548, 75.98], [64.6, 75.76], [63.655, 75.638], [63.654, 75.638], [63.653, 75.638], [63.652, 75.638], [63.643, 75.642], [63.642, 75.642], [63.639, 75.64], [63.638, 75.639], [63.634, 75.637], [63.631, 75.635], [63.63, 75.635], [63.629, 75.635], [63.616, 75.633], [62.662, 75.499], [62.661, 75.499], [62.066, 75.397], [62.065, 75.396], [62.064, 75.397], [62.062, 75.397], [62.046, 75.4], [62.045, 75.4], [62.041, 75.4], [62.037, 75.398], [62.028, 75.391], [62.027, 75.39], [62.026, 75.39], [62.025, 75.389], [61.833, 75.357], [61.832, 75.356], [60.887, 75.248], [60.887, 75.247], [60.463, 75.156], [60.334, 75.033], [60.61, 74.94], [60.611, 74.939], [60.612, 74.939], [60.612, 74.938], [60.613, 74.938], [60.613, 74.937], [60.614, 74.936], [60.614, 74.935], [60.614, 74.934], [60.614, 74.933], [60.614, 74.932], [60.613, 74.932], [60.613, 74.931], [60.613, 74.93], [60.612, 74.93], [60.612, 74.929], [60.611, 74.929], [60.434, 74.838], [60.433, 74.838], [60.026, 74.682], [60.025, 74.682], [60.024, 74.682], [59.937, 74.675], [59.933, 74.675], [59.929, 74.676], [59.924, 74.676], [59.924, 74.675], [59.924, 74.674], [59.923, 74.674], [59.923, 74.673], [59.923, 74.672], [59.922, 74.672], [59.922, 74.671], [59.921, 74.67], [59.92, 74.67], [59.92, 74.669], [59.919, 74.669], [59.918, 74.669], [59.772, 74.659], [59.771, 74.659], [58.851, 74.689], [58.85, 74.689], [58.657, 74.608], [58.656, 74.608], [58.603, 74.504], [58.603, 74.503], [58.687, 74.47], [58.707, 74.461], [58.776, 74.434], [58.829, 74.413], [58.772, 74.423], [58.736, 74.429], [58.732, 74.43], [58.728, 74.431], [58.727, 74.431], [58.724, 74.433], [58.723, 74.433], [58.72, 74.435], [58.719, 74.435], [58.716, 74.437], [58.716, 74.438], [58.712, 74.44]]], [[[52.631, 72.735], [52.63, 72.735], [52.629, 72.736], [52.628, 72.736], [52.628, 72.737], [52.627, 72.737], [52.627, 72.738], [52.626, 72.739], [52.626, 72.74], [52.626, 72.741], [52.626, 72.742], [52.626, 72.743], [52.627, 72.744], [52.627, 72.745], [52.628, 72.745], [52.628, 72.746], [52.629, 72.746], [52.63, 72.747], [53.08, 72.906], [53.08, 72.907], [53.31, 73.041], [53.501, 73.136], [53.502, 73.136], [53.503, 73.136], [53.503, 73.137], [53.504, 73.137], [54.144, 73.146], [54.736, 73.258], [54.737, 73.258], [55.181, 73.266], [55.181, 73.267], [55.816, 73.307], [55.817, 73.307], [56.064, 73.276], [56.502, 73.175], [56.503, 73.175], [56.504, 73.175], [56.504, 73.174], [56.505, 73.174], [56.505, 73.173], [56.506, 73.173], [56.506, 73.172], [56.506, 73.171], [56.507, 73.17], [56.507, 73.169], [56.506, 73.168], [56.48, 73.096], [56.48, 73.095], [56.48, 73.094], [56.479, 73.094], [56.356, 72.953], [56.355, 72.953], [56.355, 72.952], [56.354, 72.952], [56.353, 72.952], [56.353, 72.951], [56.331, 72.948], [56.331, 72.947], [56.326, 72.947], [56.325, 72.947], [56.321, 72.947], [56.32, 72.947], [56.316, 72.947], [56.304, 72.949], [56.304, 72.948], [56.304, 72.947], [56.304, 72.946], [56.302, 72.942], [56.301, 72.938], [56.3, 72.937], [56.299, 72.934], [56.298, 72.933], [56.296, 72.93], [56.296, 72.929], [56.285, 72.915], [56.285, 72.914], [56.286, 72.912], [56.286, 72.911], [56.287, 72.907], [56.288, 72.903], [56.288, 72.902], [56.288, 72.898], [56.288, 72.897], [56.288, 72.883], [56.288, 72.878], [56.287, 72.877], [56.287, 72.876], [56.287, 72.875], [56.287, 72.874], [56.286, 72.874], [56.272, 72.858], [56.272, 72.857], [56.271, 72.857], [56.137, 72.787], [56.136, 72.786], [56.135, 72.786], [55.822, 72.754], [55.623, 72.651], [55.518, 72.478], [55.519, 72.347], [55.519, 72.346], [55.518, 72.346], [55.518, 72.345], [55.518, 72.344], [55.517, 72.342], [55.508, 72.33], [55.505, 72.326], [55.505, 72.325], [55.502, 72.322], [55.495, 72.315], [55.514, 72.31], [55.515, 72.31], [55.516, 72.31], [55.517, 72.309], [55.517, 72.308], [55.518, 72.308], [55.518, 72.307], [55.519, 72.306], [55.519, 72.305], [55.52, 72.119], [55.52, 72.118], [55.52, 72.117], [55.52, 72.116], [55.519, 72.115], [55.518, 72.114], [55.517, 72.113], [55.516, 72.113], [55.513, 72.112], [55.486, 72.096], [55.488, 72.094], [55.489, 72.093], [55.492, 72.09], [55.495, 72.086], [55.497, 72.082], [55.497, 72.081], [55.499, 72.077], [55.501, 72.073], [55.501, 72.072], [55.502, 72.068], [55.502, 72.063], [55.503, 72.058], [55.502, 72.053], [55.502, 72.049], [55.501, 72.048], [55.5, 72.044], [55.5, 72.043], [55.499, 72.039], [55.498, 72.039], [55.497, 72.035], [55.496, 72.034], [55.494, 72.031], [55.494, 72.03], [55.491, 72.027], [55.491, 72.026], [55.488, 72.023], [55.487, 72.023], [55.484, 72.02], [55.48, 72.017], [55.463, 72.006], [55.459, 72.003], [55.458, 72.003], [55.426, 71.987], [55.424, 71.985], [55.425, 71.984], [55.427, 71.981], [55.43, 71.977], [55.43, 71.976], [55.435, 71.965], [55.452, 71.959], [55.453, 71.959], [55.503, 71.952], [55.508, 71.951], [55.508, 71.95], [55.513, 71.949], [55.524, 71.945], [55.528, 71.943], [55.529, 71.943], [55.532, 71.941], [55.533, 71.94], [55.536, 71.938], [55.537, 71.938], [55.54, 71.935], [55.545, 71.93], [55.546, 71.93], [55.549, 71.926], [55.552, 71.922], [55.553, 71.922], [55.555, 71.918], [55.555, 71.917], [55.557, 71.913], [55.558, 71.913], [55.559, 71.908], [55.56, 71.904], [55.568, 71.894], [55.57, 71.891], [55.57, 71.89], [55.572, 71.887], [55.573, 71.886], [55.574, 71.882], [55.575, 71.882], [55.576, 71.878], [55.576, 71.877], [55.577, 71.874], [55.577, 71.873], [55.578, 71.869], [55.578, 71.868], [55.578, 71.864], [55.578, 71.855], [55.578, 71.854], [55.578, 71.85], [55.578, 71.849], [55.577, 71.845], [55.577, 71.844], [55.576, 71.84], [55.576, 71.839], [55.574, 71.835], [55.572, 71.83], [55.572, 71.829], [55.576, 71.803], [55.591, 71.78], [55.657, 71.719], [55.66, 71.715], [55.661, 71.715], [55.664, 71.711], [55.664, 71.71], [55.708, 71.648], [55.708, 71.647], [55.738, 71.628], [55.738, 71.627], [56.151, 71.271], [56.152, 71.271], [56.379, 71.132], [56.727, 70.994], [56.728, 70.994], [57.246, 70.819], [57.247, 70.819], [57.248, 70.819], [57.248, 70.818], [57.249, 70.818], [57.249, 70.817], [57.25, 70.816], [57.25, 70.815], [57.25, 70.814], [57.25, 70.813], [57.238, 70.697], [57.238, 70.696], [57.238, 70.695], [57.238, 70.694], [57.237, 70.694], [57.237, 70.693], [57.236, 70.693], [57.236, 70.692], [57.235, 70.692], [57.234, 70.691], [57.233, 70.691], [57.232, 70.691], [56.059, 70.731], [56.058, 70.731], [55.679, 70.707], [55.538, 70.657], [55.537, 70.657], [55.536, 70.657], [55.535, 70.657], [55.522, 70.659], [55.522, 70.658], [55.522, 70.657], [55.522, 70.656], [55.522, 70.655], [55.522, 70.654], [55.522, 70.653], [55.521, 70.652], [55.521, 70.651], [55.52, 70.651], [55.519, 70.65], [55.518, 70.65], [55.429, 70.619], [55.429, 70.618], [55.428, 70.618], [55.427, 70.618], [55.426, 70.618], [55.426, 70.619], [55.425, 70.619], [55.424, 70.619], [55.398, 70.638], [55.397, 70.638], [55.396, 70.638], [55.358, 70.632], [55.357, 70.632], [55.353, 70.632], [55.352, 70.632], [55.348, 70.631], [55.348, 70.632], [55.343, 70.632], [55.338, 70.633], [55.338, 70.632], [55.34, 70.63], [55.34, 70.629], [55.342, 70.625], [55.344, 70.621], [55.344, 70.62], [55.345, 70.616], [55.345, 70.615], [55.345, 70.611], [55.346, 70.606], [55.345, 70.601], [55.345, 70.597], [55.345, 70.596], [55.343, 70.592], [55.343, 70.591], [55.343, 70.59], [55.342, 70.589], [55.342, 70.588], [55.341, 70.588], [55.341, 70.587], [55.34, 70.587], [55.339, 70.586], [55.267, 70.561], [55.266, 70.561], [55.266, 70.56], [55.078, 70.533], [55.077, 70.533], [55.076, 70.533], [55.075, 70.533], [55.075, 70.534], [55.074, 70.534], [55.038, 70.552], [54.982, 70.568], [54.981, 70.568], [54.977, 70.569], [54.976, 70.569], [54.973, 70.571], [54.972, 70.571], [54.968, 70.574], [54.964, 70.576], [54.964, 70.577], [54.961, 70.579], [54.96, 70.58], [54.957, 70.583], [54.954, 70.587], [54.953, 70.588], [54.93, 70.588], [54.927, 70.588], [54.926, 70.588], [54.923, 70.588], [54.922, 70.588], [54.904, 70.591], [54.903, 70.591], [54.903, 70.592], [54.902, 70.592], [54.694, 70.744], [54.523, 70.759], [54.522, 70.759], [54.032, 70.72], [54.031, 70.72], [53.935, 70.734], [53.934, 70.734], [53.916, 70.742], [53.912, 70.74], [53.91, 70.739], [53.909, 70.739], [53.909, 70.738], [53.908, 70.738], [53.907, 70.738], [53.809, 70.753], [53.808, 70.753], [53.807, 70.753], [53.807, 70.754], [53.797, 70.755], [53.796, 70.755], [53.795, 70.755], [53.794, 70.755], [53.733, 70.764], [53.732, 70.765], [53.731, 70.765], [53.73, 70.766], [53.729, 70.767], [53.729, 70.768], [53.728, 70.769], [53.728, 70.77], [53.715, 70.922], [53.715, 70.923], [53.715, 70.924], [53.716, 70.925], [53.716, 70.926], [53.717, 70.926], [53.717, 70.927], [53.718, 70.927], [53.718, 70.928], [53.719, 70.928], [53.72, 70.928], [54.321, 71.09], [54.353, 71.198], [54.308, 71.206], [53.234, 71.514], [52.551, 71.59], [52.55, 71.59], [52.403, 71.52], [52.402, 71.52], [52.401, 71.52], [52.122, 71.465], [52.121, 71.465], [52.12, 71.465], [51.817, 71.48], [51.816, 71.48], [51.815, 71.48], [51.814, 71.48], [51.814, 71.481], [51.536, 71.657], [51.535, 71.657], [51.534, 71.658], [51.534, 71.659], [51.533, 71.659], [51.533, 71.66], [51.483, 71.842], [51.483, 71.843], [51.483, 71.844], [51.483, 71.845], [51.483, 71.846], [51.484, 71.847], [51.584, 71.984], [51.585, 71.985], [51.586, 71.986], [51.759, 72.079], [51.76, 72.079], [51.761, 72.079], [51.762, 72.079], [51.914, 72.095], [51.915, 72.095], [51.916, 72.095], [52.058, 72.049], [52.351, 72.041], [52.584, 72.128], [53.088, 72.473], [53.089, 72.473], [53.089, 72.474], [53.198, 72.631], [53.054, 72.631], [53.053, 72.631], [53.052, 72.631], [52.631, 72.735]]], [[[38.238, 47.223], [38.238, 47.224], [38.238, 47.225], [38.238, 47.226], [38.238, 47.227], [38.239, 47.227], [38.239, 47.228], [38.24, 47.229], [38.24, 47.23], [38.241, 47.23], [38.242, 47.231], [38.243, 47.231], [38.288, 47.239], [38.288, 47.25], [38.288, 47.251], [38.288, 47.252], [38.289, 47.253], [38.289, 47.254], [38.29, 47.254], [38.29, 47.255], [38.291, 47.255], [38.291, 47.256], [38.292, 47.256], [38.293, 47.256], [38.294, 47.256], [38.324, 47.257], [38.325, 47.257], [38.334, 47.269], [38.334, 47.27], [38.326, 47.277], [38.326, 47.278], [38.325, 47.279], [38.325, 47.28], [38.325, 47.281], [38.325, 47.282], [38.325, 47.283], [38.325, 47.284], [38.326, 47.284], [38.326, 47.285], [38.333, 47.293], [38.332, 47.293], [38.332, 47.294], [38.331, 47.294], [38.331, 47.295], [38.33, 47.296], [38.33, 47.297], [38.33, 47.298], [38.33, 47.299], [38.33, 47.3], [38.331, 47.301], [38.331, 47.302], [38.332, 47.302], [38.332, 47.303], [38.336, 47.306], [38.227, 47.305], [38.226, 47.306], [38.225, 47.306], [38.224, 47.306], [38.224, 47.307], [38.223, 47.307], [38.223, 47.308], [38.222, 47.308], [38.222, 47.309], [38.221, 47.31], [38.221, 47.311], [38.221, 47.312], [38.222, 47.33], [38.222, 47.331], [38.222, 47.332], [38.223, 47.333], [38.223, 47.334], [38.224, 47.334], [38.224, 47.335], [38.225, 47.335], [38.245, 47.35], [38.246, 47.35], [38.245, 47.36], [38.245, 47.361], [38.245, 47.362], [38.245, 47.363], [38.246, 47.364], [38.246, 47.365], [38.247, 47.365], [38.247, 47.366], [38.256, 47.372], [38.257, 47.373], [38.258, 47.373], [38.259, 47.373], [38.287, 47.374], [38.287, 47.385], [38.287, 47.386], [38.287, 47.387], [38.287, 47.388], [38.288, 47.388], [38.288, 47.389], [38.289, 47.39], [38.289, 47.391], [38.29, 47.391], [38.291, 47.391], [38.292, 47.391], [38.292, 47.392], [38.293, 47.392], [38.302, 47.392], [38.303, 47.392], [38.303, 47.401], [38.303, 47.402], [38.303, 47.403], [38.304, 47.404], [38.304, 47.405], [38.305, 47.405], [38.305, 47.406], [38.306, 47.406], [38.306, 47.407], [38.307, 47.407], [38.308, 47.407], [38.309, 47.407], [38.723, 47.401], [38.724, 47.401], [38.723, 47.45], [38.724, 47.451], [38.724, 47.452], [38.724, 47.453], [38.725, 47.454], [38.726, 47.454], [38.726, 47.455], [38.727, 47.455], [38.728, 47.456], [38.729, 47.456], [38.749, 47.456], [38.75, 47.468], [38.75, 47.469], [38.75, 47.47], [38.75, 47.471], [38.751, 47.471], [38.751, 47.472], [38.752, 47.473], [38.753, 47.473], [38.754, 47.474], [38.755, 47.474], [38.756, 47.474], [38.875, 47.474], [38.876, 47.474], [38.877, 47.474], [38.878, 47.473], [38.879, 47.473], [38.879, 47.472], [38.888, 47.465], [38.888, 47.464], [38.912, 47.468], [38.913, 47.468], [38.914, 47.468], [38.914, 47.467], [38.915, 47.467], [38.916, 47.467], [38.916, 47.466], [38.917, 47.466], [38.917, 47.465], [38.918, 47.465], [38.918, 47.464], [38.919, 47.461], [38.92, 47.461], [39.055, 47.46], [39.055, 47.461], [39.055, 47.472], [39.055, 47.473], [39.055, 47.474], [39.056, 47.475], [39.056, 47.476], [39.057, 47.476], [39.057, 47.477], [39.058, 47.477], [39.058, 47.478], [39.059, 47.478], [39.06, 47.478], [39.061, 47.478], [39.135, 47.478], [39.135, 47.479], [39.135, 47.513], [39.135, 47.514], [39.135, 47.515], [39.136, 47.516], [39.136, 47.517], [39.137, 47.517], [39.138, 47.518], [39.139, 47.518], [39.14, 47.519], [39.141, 47.519], [39.186, 47.519], [39.226, 47.562], [39.227, 47.562], [39.228, 47.563], [39.229, 47.563], [39.23, 47.563], [39.231, 47.563], [39.262, 47.563], [39.263, 47.563], [39.264, 47.563], [39.265, 47.563], [39.265, 47.562], [39.266, 47.562], [39.266, 47.561], [39.267, 47.561], [39.267, 47.56], [39.268, 47.559], [39.268, 47.558], [39.268, 47.557], [39.268, 47.555], [39.268, 47.554], [39.309, 47.554], [39.31, 47.554], [39.311, 47.554], [39.312, 47.553], [39.313, 47.552], [39.346, 47.512], [39.347, 47.512], [39.347, 47.511], [39.348, 47.51], [39.348, 47.509], [39.348, 47.508], [39.348, 47.507], [39.348, 47.506], [39.347, 47.506], [39.347, 47.505], [39.346, 47.504], [39.345, 47.503], [39.344, 47.503], [39.259, 47.47], [39.278, 47.448], [39.278, 47.447], [39.279, 47.447], [39.279, 47.446], [39.279, 47.445], [39.279, 47.444], [39.279, 47.443], [39.279, 47.442], [39.278, 47.441], [39.278, 47.44], [39.277, 47.44], [39.276, 47.439], [39.275, 47.439], [39.275, 47.438], [39.274, 47.438], [39.227, 47.43], [39.227, 47.429], [39.227, 47.321], [39.313, 47.321], [39.314, 47.321], [39.314, 47.32], [39.315, 47.32], [39.316, 47.32], [39.317, 47.32], [39.317, 47.319], [39.318, 47.318], [39.318, 47.317], [39.319, 47.317], [39.319, 47.316], [39.319, 47.315], [39.319, 47.314], [39.319, 47.276], [39.319, 47.275], [39.318, 47.274], [39.318, 47.273], [39.317, 47.272], [39.311, 47.266], [39.341, 47.264], [39.342, 47.264], [39.342, 47.263], [39.343, 47.263], [39.344, 47.263], [39.344, 47.262], [39.345, 47.262], [39.345, 47.261], [39.346, 47.261], [39.346, 47.26], [39.346, 47.259], [39.347, 47.258], [39.347, 47.257], [39.346, 47.257], [39.346, 47.256], [39.346, 47.255], [39.349, 47.246], [39.349, 47.245], [39.349, 47.244], [39.349, 47.243], [39.349, 47.242], [39.349, 47.241], [39.348, 47.24], [39.347, 47.239], [39.346, 47.239], [39.339, 47.234], [39.363, 47.238], [39.364, 47.238], [39.365, 47.238], [39.366, 47.238], [39.367, 47.238], [39.367, 47.237], [39.368, 47.237], [39.369, 47.236], [39.381, 47.221], [39.398, 47.233], [39.399, 47.233], [39.4, 47.233], [39.4, 47.234], [39.401, 47.234], [39.402, 47.234], [39.403, 47.233], [39.404, 47.233], [39.405, 47.233], [39.405, 47.232], [39.406, 47.232], [39.407, 47.231], [39.407, 47.23], [39.408, 47.23], [39.408, 47.229], [39.408, 47.228], [39.408, 47.227], [39.408, 47.226], [39.408, 47.225], [39.407, 47.224], [39.407, 47.223], [39.406, 47.223], [39.405, 47.222], [39.45, 47.182], [39.45, 47.181], [39.553, 47.166], [39.592, 47.176], [39.593, 47.176], [39.594, 47.176], [39.595, 47.176], [39.596, 47.176], [39.597, 47.176], [39.598, 47.175], [39.621, 47.153], [39.682, 47.16], [39.701, 47.169], [39.702, 47.17], [39.703, 47.17], [39.704, 47.17], [39.705, 47.17], [39.714, 47.168], [39.715, 47.167], [39.716, 47.167], [39.716, 47.166], [39.717, 47.166], [39.717, 47.165], [39.718, 47.165], [39.718, 47.164], [39.718, 47.163], [39.718, 47.162], [39.718, 47.161], [39.718, 47.16], [39.718, 47.159], [39.717, 47.158], [39.716, 47.157], [39.715, 47.157], [39.715, 47.156], [39.689, 47.145], [39.689, 47.138], [39.688, 47.137], [39.688, 47.136], [39.688, 47.135], [39.687, 47.135], [39.687, 47.134], [39.686, 47.134], [39.686, 47.133], [39.667, 47.122], [39.686, 47.108], [39.687, 47.108], [39.715, 47.119], [39.716, 47.119], [39.717, 47.119], [39.718, 47.119], [39.719, 47.119], [39.72, 47.119], [39.721, 47.118], [39.722, 47.117], [39.723, 47.116], [39.723, 47.115], [39.723, 47.114], [39.725, 47.104], [39.735, 47.101], [39.736, 47.101], [39.737, 47.101], [39.737, 47.1], [39.738, 47.1], [39.738, 47.099], [39.739, 47.098], [39.739, 47.097], [39.739, 47.096], [39.74, 47.096], [39.74, 47.095], [39.739, 47.095], [39.739, 47.094], [39.739, 47.093], [39.739, 47.092], [39.738, 47.092], [39.737, 47.09], [39.738, 47.09], [39.739, 47.09], [39.74, 47.09], [39.741, 47.09], [39.742, 47.089], [39.743, 47.089], [39.743, 47.088], [39.744, 47.087], [39.744, 47.086], [39.745, 47.085], [39.745, 47.084], [39.746, 47.041], [39.746, 47.04], [39.747, 47.04], [39.79, 47.041], [39.791, 47.041], [39.791, 47.042], [39.792, 47.042], [39.793, 47.042], [39.794, 47.042], [39.795, 47.042], [39.796, 47.042], [39.797, 47.042], [39.797, 47.041], [39.798, 47.041], [39.798, 47.04], [39.799, 47.04], [39.799, 47.039], [39.799, 47.038], [39.8, 47.037], [39.8, 47.036], [39.8, 47.0], [39.8, 46.999], [39.8, 46.998], [39.799, 46.998], [39.799, 46.997], [39.798, 46.996], [39.798, 46.995], [39.797, 46.995], [39.796, 46.995], [39.796, 46.994], [39.795, 46.994], [39.794, 46.994], [39.747, 46.995], [39.748, 46.949], [39.769, 46.944], [39.77, 46.944], [39.771, 46.944], [39.771, 46.943], [39.772, 46.943], [39.772, 46.942], [39.773, 46.942], [39.773, 46.941], [39.773, 46.94], [39.774, 46.94], [39.774, 46.939], [39.774, 46.929], [39.774, 46.928], [39.774, 46.927], [39.773, 46.927], [39.773, 46.926], [39.772, 46.925], [39.772, 46.924], [39.771, 46.924], [39.77, 46.924], [39.77, 46.923], [39.769, 46.923], [39.768, 46.923], [39.749, 46.923], [39.748, 46.86], [39.748, 46.859], [39.748, 46.858], [39.748, 46.857], [39.747, 46.857], [39.747, 46.856], [39.746, 46.856], [39.746, 46.855], [39.745, 46.855], [39.744, 46.855], [39.743, 46.854], [39.742, 46.854], [39.741, 46.854], [39.72, 46.86], [39.72, 46.859], [39.72, 46.858], [39.72, 46.857], [39.72, 46.856], [39.72, 46.855], [39.72, 46.854], [39.719, 46.853], [39.718, 46.852], [39.717, 46.851], [39.713, 46.849], [39.717, 46.84], [39.718, 46.839], [39.718, 46.838], [39.718, 46.837], [39.718, 46.836], [39.717, 46.836], [39.717, 46.835], [39.717, 46.834], [39.716, 46.834], [39.715, 46.833], [39.714, 46.833], [39.714, 46.832], [39.713, 46.832], [39.702, 46.829], [39.705, 46.821], [39.711, 46.82], [39.712, 46.82], [39.713, 46.82], [39.713, 46.819], [39.714, 46.819], [39.715, 46.818], [39.716, 46.817], [39.716, 46.816], [39.716, 46.815], [39.717, 46.814], [39.717, 46.813], [39.716, 46.813], [39.716, 46.812], [39.716, 46.811], [39.715, 46.809], [39.723, 46.809], [39.724, 46.809], [39.725, 46.809], [39.725, 46.808], [39.726, 46.808], [39.727, 46.808], [39.727, 46.807], [39.728, 46.807], [39.728, 46.806], [39.729, 46.805], [39.729, 46.804], [39.73, 46.799], [39.73, 46.798], [39.73, 46.797], [39.73, 46.796], [39.73, 46.795], [39.729, 46.795], [39.729, 46.794], [39.728, 46.793], [39.727, 46.793], [39.727, 46.792], [39.726, 46.792], [39.725, 46.792], [39.724, 46.792], [39.576, 46.788], [39.575, 46.788], [39.574, 46.788], [39.573, 46.788], [39.573, 46.789], [39.572, 46.789], [39.571, 46.79], [39.571, 46.791], [39.57, 46.791], [39.57, 46.792], [39.565, 46.806], [39.493, 46.805], [39.492, 46.805], [39.491, 46.806], [39.49, 46.806], [39.489, 46.807], [39.488, 46.807], [39.488, 46.808], [39.487, 46.809], [39.487, 46.81], [39.487, 46.811], [39.487, 46.818], [39.446, 46.818], [39.412, 46.797], [39.411, 46.797], [39.41, 46.796], [39.409, 46.796], [39.408, 46.796], [39.361, 46.802], [39.342, 46.795], [39.341, 46.795], [39.34, 46.795], [39.263, 46.794], [39.262, 46.78], [39.262, 46.779], [39.262, 46.778], [39.262, 46.777], [39.261, 46.777], [39.261, 46.776], [39.26, 46.776], [39.26, 46.775], [39.259, 46.775], [39.258, 46.774], [39.23, 46.768], [39.238, 46.715], [39.238, 46.714], [39.238, 46.713], [39.237, 46.712], [39.237, 46.711], [39.236, 46.71], [39.235, 46.71], [39.235, 46.709], [39.234, 46.709], [39.233, 46.709], [39.233, 46.708], [39.232, 46.708], [39.228, 46.708], [39.227, 46.701], [39.227, 46.7], [39.227, 46.699], [39.226, 46.699], [39.226, 46.698], [39.225, 46.697], [39.224, 46.697], [39.224, 46.696], [39.223, 46.696], [39.222, 46.696], [39.221, 46.696], [39.185, 46.695], [39.172, 46.687], [39.164, 46.662], [39.169, 46.631], [39.169, 46.63], [39.169, 46.629], [39.169, 46.628], [39.168, 46.628], [39.168, 46.627], [39.168, 46.626], [39.167, 46.626], [39.167, 46.625], [39.166, 46.625], [39.165, 46.624], [39.099, 46.607], [39.099, 46.606], [39.098, 46.606], [39.097, 46.606], [39.066, 46.608], [39.065, 46.608], [39.064, 46.608], [39.063, 46.608], [39.063, 46.609], [39.062, 46.609], [39.062, 46.61], [39.061, 46.61], [39.061, 46.611], [39.054, 46.623], [39.016, 46.633], [39.001, 46.625], [39.0, 46.625], [38.999, 46.625], [38.998, 46.625], [38.997, 46.625], [38.996, 46.625], [38.962, 46.637], [38.961, 46.637], [38.884, 46.64], [38.879, 46.636], [38.878, 46.636], [38.877, 46.636], [38.876, 46.636], [38.876, 46.635], [38.875, 46.635], [38.874, 46.636], [38.873, 46.636], [38.872, 46.636], [38.872, 46.637], [38.871, 46.637], [38.871, 46.638], [38.87, 46.638], [38.87, 46.639], [38.87, 46.64], [38.869, 46.64], [38.869, 46.641], [38.87, 46.713], [38.87, 46.714], [38.87, 46.715], [38.87, 46.716], [38.871, 46.716], [38.871, 46.717], [38.881, 46.73], [38.882, 46.73], [38.883, 46.731], [38.884, 46.731], [38.884, 46.732], [38.885, 46.732], [38.886, 46.732], [38.896, 46.732], [38.896, 46.801], [38.896, 46.802], [38.896, 46.803], [38.897, 46.804], [38.897, 46.805], [38.898, 46.806], [38.899, 46.806], [38.916, 46.814], [38.915, 46.815], [38.914, 46.816], [38.913, 46.816], [38.913, 46.817], [38.912, 46.818], [38.912, 46.819], [38.912, 46.82], [38.912, 46.821], [38.912, 46.822], [38.912, 46.823], [38.913, 46.823], [38.913, 46.824], [38.914, 46.825], [38.915, 46.825], [38.915, 46.826], [38.916, 46.826], [38.917, 46.826], [38.918, 46.826], [38.933, 46.826], [38.933, 46.827], [38.933, 46.841], [38.87, 46.841], [38.87, 46.833], [38.87, 46.832], [38.869, 46.832], [38.869, 46.831], [38.869, 46.83], [38.868, 46.829], [38.867, 46.828], [38.866, 46.828], [38.865, 46.827], [38.864, 46.827], [38.694, 46.826], [38.693, 46.826], [38.693, 46.827], [38.692, 46.827], [38.691, 46.827], [38.691, 46.828], [38.688, 46.829], [38.688, 46.83], [38.687, 46.83], [38.687, 46.831], [38.686, 46.831], [38.686, 46.832], [38.686, 46.833], [38.686, 46.834], [38.686, 46.866], [38.686, 46.867], [38.686, 46.868], [38.687, 46.869], [38.687, 46.87], [38.688, 46.87], [38.688, 46.871], [38.689, 46.871], [38.69, 46.871], [38.69, 46.872], [38.837, 46.906], [38.858, 46.921], [38.859, 46.921], [38.869, 46.944], [38.869, 46.945], [38.87, 46.946], [38.871, 46.947], [38.896, 46.965], [38.897, 46.965], [38.902, 46.967], [38.903, 46.967], [38.904, 46.967], [38.905, 46.967], [38.906, 46.967], [38.907, 46.967], [38.907, 46.966], [38.923, 46.956], [38.924, 46.956], [38.967, 46.97], [39.099, 47.041], [39.1, 47.041], [39.101, 47.041], [39.102, 47.041], [39.103, 47.041], [39.104, 47.041], [39.105, 47.04], [39.106, 47.04], [39.106, 47.039], [39.117, 47.027], [39.189, 47.035], [39.19, 47.035], [39.191, 47.034], [39.239, 47.019], [39.294, 47.021], [39.311, 47.059], [39.31, 47.059], [39.292, 47.057], [39.291, 47.057], [39.29, 47.057], [39.289, 47.057], [39.289, 47.058], [39.288, 47.058], [39.287, 47.059], [39.257, 47.082], [39.255, 47.083], [39.232, 47.088], [39.254, 47.095], [39.255, 47.095], [39.263, 47.111], [39.263, 47.112], [39.262, 47.112], [39.239, 47.123], [39.238, 47.124], [39.237, 47.124], [39.237, 47.125], [39.236, 47.125], [39.236, 47.126], [39.232, 47.134], [39.231, 47.135], [39.231, 47.136], [39.231, 47.137], [39.231, 47.138], [39.231, 47.139], [39.232, 47.139], [39.232, 47.14], [39.247, 47.162], [39.244, 47.164], [39.238, 47.168], [39.243, 47.173], [39.244, 47.173], [39.244, 47.174], [39.228, 47.176], [39.227, 47.176], [39.226, 47.177], [39.225, 47.177], [39.225, 47.178], [39.224, 47.178], [39.216, 47.187], [39.216, 47.188], [39.215, 47.189], [39.215, 47.19], [39.215, 47.191], [39.215, 47.192], [39.215, 47.193], [39.216, 47.193], [39.216, 47.194], [39.223, 47.205], [39.224, 47.206], [39.226, 47.234], [39.226, 47.235], [39.227, 47.236], [39.227, 47.237], [39.228, 47.238], [39.229, 47.239], [39.23, 47.239], [39.242, 47.245], [39.239, 47.253], [39.238, 47.254], [39.238, 47.255], [39.238, 47.256], [39.238, 47.257], [39.239, 47.257], [39.239, 47.258], [39.239, 47.259], [39.24, 47.259], [39.24, 47.26], [39.241, 47.26], [39.243, 47.262], [39.232, 47.261], [39.231, 47.261], [39.231, 47.262], [39.23, 47.262], [39.229, 47.262], [39.228, 47.263], [39.227, 47.264], [39.197, 47.284], [39.101, 47.289], [39.1, 47.289], [39.068, 47.284], [39.041, 47.265], [39.04, 47.265], [39.04, 47.264], [39.039, 47.264], [39.038, 47.264], [39.037, 47.264], [39.036, 47.264], [38.986, 47.273], [38.958, 47.27], [38.939, 47.254], [38.936, 47.228], [38.949, 47.21], [38.955, 47.201], [38.944, 47.201], [38.886, 47.197], [38.867, 47.175], [38.866, 47.175], [38.866, 47.174], [38.865, 47.174], [38.864, 47.174], [38.864, 47.173], [38.863, 47.173], [38.862, 47.173], [38.799, 47.176], [38.798, 47.176], [38.637, 47.141], [38.636, 47.141], [38.576, 47.143], [38.559, 47.135], [38.56, 47.127], [38.562, 47.12], [38.58061486486486, 47.11902027027027], [38.572, 47.115], [38.553, 47.12], [38.5, 47.135], [38.5, 47.136], [38.499, 47.136], [38.498, 47.137], [38.497, 47.137], [38.497, 47.138], [38.496, 47.139], [38.496, 47.14], [38.496, 47.141], [38.496, 47.142], [38.496, 47.143], [38.496, 47.144], [38.497, 47.144], [38.497, 47.145], [38.498, 47.146], [38.499, 47.146], [38.499, 47.147], [38.5, 47.147], [38.504, 47.148], [38.505, 47.171], [38.505, 47.172], [38.505, 47.173], [38.505, 47.174], [38.506, 47.174], [38.506, 47.175], [38.507, 47.176], [38.52, 47.184], [38.52, 47.185], [38.524, 47.192], [38.524, 47.193], [38.525, 47.193], [38.525, 47.194], [38.526, 47.194], [38.527, 47.195], [38.555, 47.204], [38.556, 47.204], [38.571, 47.224], [38.572, 47.225], [38.573, 47.226], [38.574, 47.226], [38.575, 47.226], [38.594, 47.23], [38.595, 47.23], [38.604, 47.241], [38.604, 47.242], [38.605, 47.242], [38.606, 47.243], [38.607, 47.243], [38.608, 47.243], [38.609, 47.243], [38.61, 47.243], [38.63, 47.235], [38.678, 47.244], [38.679, 47.244], [38.755, 47.241], [38.805, 47.247], [38.828, 47.268], [38.832, 47.283], [38.832, 47.288], [38.82, 47.289], [38.819, 47.289], [38.818, 47.289], [38.817, 47.289], [38.817, 47.29], [38.816, 47.29], [38.815, 47.291], [38.815, 47.292], [38.814, 47.292], [38.814, 47.293], [38.814, 47.294], [38.812, 47.298], [38.8, 47.277], [38.8, 47.276], [38.799, 47.276], [38.799, 47.275], [38.798, 47.275], [38.797, 47.275], [38.797, 47.274], [38.796, 47.274], [38.655, 47.262], [38.553, 47.227], [38.522, 47.207], [38.521, 47.207], [38.514, 47.195], [38.514, 47.194], [38.514, 47.193], [38.516, 47.185], [38.508, 47.185], [38.499, 47.186], [38.498, 47.186], [38.465, 47.159], [38.482, 47.152], [38.476, 47.144], [38.459, 47.149], [38.453, 47.151], [38.397, 47.136], [38.396, 47.136], [38.311, 47.139], [38.31, 47.139], [38.24, 47.122], [38.239, 47.122], [38.238, 47.122], [38.237, 47.122], [38.236, 47.122], [38.235, 47.123], [38.234, 47.123], [38.234, 47.124], [38.233, 47.125], [38.233, 47.126], [38.233, 47.127], [38.232, 47.128], [38.233, 47.128], [38.233, 47.129], [38.237, 47.143], [38.234, 47.202], [38.234, 47.203], [38.234, 47.204], [38.235, 47.205], [38.243, 47.217], [38.239, 47.221], [38.239, 47.222], [38.239, 47.223], [38.238, 47.223]]], [[[45.053, 43.952], [45.053, 43.953], [45.054, 43.954], [45.054, 43.955], [45.055, 43.956], [45.055, 43.957], [45.056, 43.957], [45.057, 43.957], [45.058, 43.958], [45.059, 43.958], [45.195, 43.958], [45.195, 43.957], [45.196, 43.957], [45.197, 43.957], [45.198, 43.957], [45.198, 43.956], [45.199, 43.956], [45.199, 43.955], [45.2, 43.955], [45.2, 43.954], [45.2, 43.953], [45.201, 43.953], [45.201, 43.952], [45.201, 43.951], [45.201, 43.95], [45.2, 43.95], [45.197, 43.939], [45.197, 43.938], [45.201, 43.872], [45.438, 43.871], [45.44, 44.003], [45.44, 44.004], [45.44, 44.005], [45.441, 44.006], [45.441, 44.007], [45.442, 44.007], [45.442, 44.008], [45.443, 44.008], [45.444, 44.009], [45.445, 44.009], [45.446, 44.009], [45.516, 44.005], [45.517, 44.005], [45.518, 44.005], [45.689, 43.963], [45.69, 43.963], [45.69, 43.962], [45.728, 43.947], [45.796, 43.947], [45.797, 43.947], [45.8, 43.961], [45.8, 43.962], [45.8, 43.963], [45.801, 43.963], [45.801, 43.964], [45.802, 43.964], [45.802, 43.965], [45.803, 43.965], [45.804, 43.965], [45.804, 43.966], [45.805, 43.966], [45.806, 43.966], [45.857, 43.966], [45.858, 43.966], [45.859, 43.965], [45.86, 43.965], [45.887, 43.946], [46.039, 43.928], [46.04, 43.928], [46.041, 43.928], [46.041, 43.927], [46.042, 43.927], [46.043, 43.926], [46.044, 43.925], [46.044, 43.924], [46.045, 43.923], [46.045, 43.922], [46.045, 43.921], [46.045, 43.92], [46.04, 43.904], [46.04, 43.903], [46.04, 43.902], [46.039, 43.901], [46.038, 43.901], [46.038, 43.9], [46.037, 43.9], [45.999, 43.88], [46.041, 43.817], [46.041, 43.816], [46.042, 43.816], [46.08, 43.811], [46.08, 43.812], [46.084, 43.832], [46.084, 43.833], [46.085, 43.834], [46.085, 43.835], [46.086, 43.835], [46.087, 43.836], [46.088, 43.836], [46.089, 43.837], [46.09, 43.837], [46.099, 43.837], [46.1, 43.848], [46.1, 43.849], [46.101, 43.85], [46.101, 43.851], [46.101, 43.852], [46.102, 43.852], [46.103, 43.853], [46.104, 43.853], [46.104, 43.854], [46.105, 43.854], [46.106, 43.854], [46.107, 43.854], [46.201, 43.843], [46.253, 43.877], [46.256, 43.935], [46.256, 43.936], [46.256, 43.937], [46.257, 43.938], [46.257, 43.939], [46.258, 43.939], [46.258, 43.94], [46.259, 43.94], [46.26, 43.94], [46.26, 43.941], [46.261, 43.941], [46.262, 43.941], [46.363, 43.94], [46.35, 43.985], [46.35, 43.986], [46.35, 43.987], [46.35, 43.988], [46.351, 43.989], [46.351, 43.99], [46.352, 43.99], [46.352, 43.991], [46.353, 43.991], [46.354, 43.992], [46.355, 43.992], [46.356, 43.992], [46.415, 43.995], [46.416, 43.995], [46.417, 43.995], [46.418, 43.995], [46.418, 43.994], [46.419, 43.994], [46.42, 43.994], [46.42, 43.993], [46.431, 43.982], [46.431, 43.981], [46.432, 43.98], [46.432, 43.979], [46.432, 43.978], [46.432, 43.977], [46.429, 43.951], [46.429, 43.95], [46.448, 43.945], [46.449, 43.944], [46.45, 43.944], [46.451, 43.943], [46.451, 43.942], [46.452, 43.942], [46.452, 43.941], [46.455, 43.934], [46.455, 43.933], [46.455, 43.932], [46.455, 43.931], [46.455, 43.93], [46.455, 43.929], [46.454, 43.928], [46.453, 43.928], [46.445, 43.919], [46.444, 43.919], [46.445, 43.873], [46.486, 43.866], [46.486, 43.865], [46.487, 43.865], [46.488, 43.865], [46.489, 43.864], [46.489, 43.863], [46.49, 43.863], [46.49, 43.862], [46.494, 43.854], [46.495, 43.854], [46.54, 43.853], [46.579, 43.866], [46.58, 43.866], [46.581, 43.866], [46.582, 43.866], [46.583, 43.866], [46.584, 43.866], [46.584, 43.865], [46.585, 43.865], [46.586, 43.864], [46.616, 43.82], [46.64, 43.814], [46.64, 43.813], [46.641, 43.813], [46.642, 43.813], [46.642, 43.812], [46.643, 43.812], [46.643, 43.811], [46.644, 43.811], [46.644, 43.81], [46.648, 43.798], [46.648, 43.797], [46.648, 43.796], [46.648, 43.795], [46.648, 43.794], [46.648, 43.793], [46.647, 43.792], [46.647, 43.791], [46.644, 43.789], [46.644, 43.788], [46.643, 43.788], [46.642, 43.787], [46.548, 43.759], [46.515, 43.709], [46.514, 43.709], [46.514, 43.708], [46.513, 43.708], [46.513, 43.707], [46.482, 43.692], [46.482, 43.691], [46.448, 43.657], [46.442, 43.627], [46.442, 43.626], [46.442, 43.625], [46.441, 43.624], [46.441, 43.623], [46.44, 43.623], [46.439, 43.622], [46.438, 43.622], [46.426, 43.62], [46.426, 43.619], [46.426, 43.609], [46.426, 43.608], [46.426, 43.607], [46.426, 43.606], [46.425, 43.606], [46.425, 43.605], [46.424, 43.604], [46.41, 43.596], [46.426, 43.579], [46.426, 43.578], [46.427, 43.578], [46.427, 43.577], [46.427, 43.576], [46.428, 43.575], [46.427, 43.574], [46.427, 43.573], [46.421, 43.554], [46.428, 43.546], [46.428, 43.545], [46.429, 43.544], [46.429, 43.543], [46.429, 43.542], [46.429, 43.541], [46.429, 43.54], [46.428, 43.539], [46.428, 43.538], [46.427, 43.538], [46.427, 43.537], [46.426, 43.537], [46.412, 43.529], [46.412, 43.528], [46.407, 43.509], [46.406, 43.509], [46.406, 43.508], [46.406, 43.507], [46.405, 43.507], [46.405, 43.506], [46.404, 43.506], [46.403, 43.505], [46.402, 43.505], [46.382, 43.5], [46.381, 43.5], [46.381, 43.499], [46.382, 43.485], [46.382, 43.484], [46.382, 43.483], [46.381, 43.482], [46.381, 43.481], [46.38, 43.481], [46.38, 43.48], [46.379, 43.48], [46.378, 43.479], [46.336, 43.462], [46.335, 43.462], [46.334, 43.462], [46.333, 43.462], [46.332, 43.462], [46.304, 43.467], [46.305, 43.444], [46.305, 43.443], [46.305, 43.442], [46.305, 43.441], [46.304, 43.441], [46.304, 43.44], [46.303, 43.439], [46.302, 43.439], [46.302, 43.438], [46.301, 43.438], [46.3, 43.438], [46.299, 43.438], [46.298, 43.438], [46.297, 43.438], [46.289, 43.441], [46.284, 43.437], [46.284, 43.436], [46.283, 43.436], [46.282, 43.436], [46.281, 43.435], [46.28, 43.435], [46.279, 43.436], [46.278, 43.436], [46.277, 43.436], [46.277, 43.437], [46.276, 43.437], [46.276, 43.438], [46.275, 43.438], [46.275, 43.439], [46.275, 43.44], [46.274, 43.441], [46.265, 43.445], [46.234, 43.426], [46.233, 43.426], [46.232, 43.426], [46.231, 43.425], [46.23, 43.425], [46.23, 43.426], [46.229, 43.426], [46.228, 43.426], [46.178, 43.454], [46.149, 43.445], [46.148, 43.445], [46.147, 43.445], [46.146, 43.445], [46.145, 43.445], [46.104, 43.46], [46.058, 43.456], [46.026, 43.432], [46.025, 43.432], [46.025, 43.431], [46.024, 43.431], [46.023, 43.431], [45.99, 43.426], [45.989, 43.426], [45.988, 43.426], [45.987, 43.426], [45.986, 43.426], [45.962, 43.437], [45.961, 43.437], [45.96, 43.437], [45.96, 43.438], [45.959, 43.438], [45.959, 43.439], [45.946, 43.456], [45.945, 43.456], [45.865, 43.477], [45.864, 43.478], [45.863, 43.478], [45.862, 43.479], [45.833, 43.507], [45.729, 43.539], [45.728, 43.539], [45.585, 43.564], [45.52, 43.568], [45.504, 43.562], [45.503, 43.562], [45.502, 43.562], [45.501, 43.562], [45.5, 43.562], [45.499, 43.563], [45.46, 43.585], [45.459, 43.585], [45.459, 43.586], [45.458, 43.586], [45.458, 43.587], [45.444, 43.614], [45.444, 43.615], [45.366, 43.651], [45.312, 43.633], [45.311, 43.633], [45.31, 43.633], [45.309, 43.633], [45.287, 43.64], [45.286, 43.64], [45.276, 43.628], [45.276, 43.627], [45.275, 43.627], [45.275, 43.626], [45.274, 43.626], [45.273, 43.626], [45.272, 43.626], [45.271, 43.626], [45.266, 43.626], [45.265, 43.626], [45.264, 43.627], [45.222, 43.655], [45.21, 43.648], [45.209, 43.648], [45.208, 43.648], [45.207, 43.648], [45.206, 43.648], [45.205, 43.648], [45.196, 43.652], [45.195, 43.652], [45.194, 43.653], [45.193, 43.654], [45.193, 43.655], [45.192, 43.655], [45.192, 43.656], [45.192, 43.657], [45.192, 43.658], [45.192, 43.659], [45.192, 43.66], [45.193, 43.66], [45.193, 43.661], [45.194, 43.662], [45.205, 43.67], [45.205, 43.671], [45.182, 43.698], [45.145, 43.696], [45.144, 43.697], [45.143, 43.697], [45.1, 43.715], [45.089, 43.706], [45.093, 43.698], [45.093, 43.697], [45.093, 43.696], [45.093, 43.695], [45.093, 43.694], [45.093, 43.693], [45.092, 43.693], [45.092, 43.692], [45.091, 43.691], [45.09, 43.69], [45.089, 43.69], [45.088, 43.69], [45.087, 43.689], [45.086, 43.689], [45.085, 43.69], [45.084, 43.69], [45.083, 43.69], [45.083, 43.691], [45.082, 43.691], [45.074, 43.698], [45.074, 43.699], [45.073, 43.699], [45.073, 43.7], [45.072, 43.701], [45.072, 43.702], [45.072, 43.703], [45.072, 43.704], [45.072, 43.705], [45.073, 43.705], [45.073, 43.706], [45.077, 43.714], [45.07, 43.723], [45.069, 43.724], [45.069, 43.725], [45.069, 43.726], [45.064, 43.777], [45.064, 43.778], [45.07, 43.889], [45.059, 43.889], [45.058, 43.889], [45.057, 43.889], [45.056, 43.889], [45.055, 43.89], [45.054, 43.89], [45.054, 43.891], [45.053, 43.892], [45.053, 43.893], [45.053, 43.894], [45.053, 43.895], [45.053, 43.952]]], [[[22.667, 58.225], [22.655, 58.245], [22.621, 58.253], [22.586, 58.248], [22.568, 58.237], [22.567, 58.237], [22.566, 58.236], [22.565, 58.236], [22.564, 58.236], [22.563, 58.236], [22.563, 58.237], [22.562, 58.237], [22.535, 58.254], [22.506, 58.225], [22.505, 58.225], [22.505, 58.224], [22.504, 58.224], [22.503, 58.224], [22.502, 58.223], [22.501, 58.224], [22.5, 58.224], [22.499, 58.224], [22.498, 58.225], [22.497, 58.225], [22.497, 58.226], [22.496, 58.227], [22.496, 58.228], [22.491, 58.245], [22.477, 58.245], [22.423, 58.222], [22.422, 58.222], [22.421, 58.222], [22.42, 58.222], [22.388, 58.227], [22.324, 58.207], [22.323, 58.207], [22.272, 58.174], [22.266, 58.116], [22.265, 58.116], [22.265, 58.115], [22.265, 58.114], [22.23, 58.053], [22.229, 58.052], [22.2, 58.026], [22.203, 57.998], [22.203, 57.997], [22.202, 57.996], [22.202, 57.995], [22.202, 57.994], [22.201, 57.994], [22.201, 57.993], [22.2, 57.993], [22.2, 57.992], [22.199, 57.992], [22.05, 57.916], [22.049, 57.916], [22.049, 57.915], [22.048, 57.915], [22.047, 57.915], [22.019, 57.915], [22.018, 57.915], [22.017, 57.915], [22.016, 57.915], [22.015, 57.916], [21.992, 57.934], [21.992, 57.935], [21.991, 57.935], [21.991, 57.936], [21.99, 57.937], [21.99, 57.938], [21.99, 57.939], [21.991, 57.958], [21.967, 57.97], [21.966, 57.97], [21.966, 57.971], [21.965, 57.971], [21.965, 57.972], [21.964, 57.973], [21.964, 57.974], [21.964, 57.975], [21.964, 57.978], [21.964, 57.979], [21.964, 57.98], [21.965, 57.981], [21.965, 57.982], [21.966, 57.982], [21.966, 57.983], [21.967, 57.983], [21.968, 57.984], [21.969, 57.984], [21.97, 57.984], [21.997, 57.984], [21.998, 57.984], [22.021, 58.021], [22.022, 58.022], [22.084, 58.081], [22.085, 58.082], [22.086, 58.082], [22.087, 58.082], [22.088, 58.082], [22.148, 58.08], [22.164, 58.116], [22.165, 58.116], [22.165, 58.117], [22.166, 58.117], [22.166, 58.118], [22.203, 58.148], [22.142, 58.169], [22.142, 58.17], [22.074, 58.176], [22.073, 58.176], [22.072, 58.176], [22.071, 58.176], [22.054, 58.186], [22.053, 58.187], [22.052, 58.188], [22.017, 58.234], [21.994, 58.245], [21.93, 58.245], [21.929, 58.245], [21.928, 58.245], [21.87, 58.264], [21.869, 58.264], [21.868, 58.265], [21.867, 58.265], [21.867, 58.266], [21.847, 58.296], [21.847, 58.297], [21.847, 58.298], [21.846, 58.298], [21.846, 58.299], [21.846, 58.3], [21.847, 58.3], [21.847, 58.301], [21.847, 58.302], [21.847, 58.303], [21.848, 58.303], [21.848, 58.304], [21.849, 58.304], [21.85, 58.305], [21.854, 58.306], [21.855, 58.306], [21.855, 58.307], [21.856, 58.307], [21.857, 58.307], [21.908, 58.299], [21.879, 58.334], [21.879, 58.335], [21.878, 58.336], [21.878, 58.337], [21.878, 58.338], [21.878, 58.339], [21.878, 58.34], [21.879, 58.341], [21.879, 58.342], [21.88, 58.342], [21.881, 58.343], [21.882, 58.343], [21.882, 58.344], [21.883, 58.344], [21.892, 58.346], [21.893, 58.346], [21.894, 58.346], [21.895, 58.346], [21.896, 58.346], [21.897, 58.345], [21.944, 58.319], [21.945, 58.319], [21.963, 58.327], [21.957, 58.34], [21.957, 58.341], [21.956, 58.341], [21.956, 58.342], [21.956, 58.343], [21.957, 58.344], [21.957, 58.345], [21.957, 58.346], [21.958, 58.346], [21.958, 58.347], [21.959, 58.347], [21.966, 58.353], [21.967, 58.354], [21.968, 58.354], [21.969, 58.354], [21.97, 58.355], [22.011, 58.354], [21.946, 58.432], [21.856, 58.495], [21.832, 58.511], [21.86, 58.506], [21.901, 58.498], [21.902, 58.498], [21.916, 58.501], [21.926, 58.516], [21.927, 58.516], [21.928, 58.517], [21.929, 58.517], [21.929, 58.518], [21.93, 58.518], [21.931, 58.518], [21.932, 58.518], [21.994, 58.513], [21.995, 58.513], [21.996, 58.512], [21.997, 58.512], [22.02, 58.5], [22.02, 58.499], [22.021, 58.499], [22.063, 58.458], [22.064, 58.457], [22.064, 58.456], [22.065, 58.455], [22.074, 58.427], [22.089, 58.422], [22.09, 58.422], [22.098, 58.426], [22.093, 58.448], [22.093, 58.449], [22.093, 58.45], [22.094, 58.451], [22.103, 58.486], [22.104, 58.487], [22.104, 58.488], [22.105, 58.488], [22.113, 58.497], [22.113, 58.498], [22.114, 58.498], [22.115, 58.498], [22.172, 58.521], [22.172, 58.522], [22.193, 58.544], [22.194, 58.545], [22.195, 58.545], [22.196, 58.545], [22.196, 58.546], [22.197, 58.546], [22.212, 58.544], [22.213, 58.544], [22.214, 58.544], [22.215, 58.543], [22.216, 58.543], [22.216, 58.542], [22.217, 58.541], [22.229, 58.511], [22.273, 58.502], [22.283, 58.522], [22.288, 58.566], [22.288, 58.567], [22.288, 58.568], [22.289, 58.568], [22.289, 58.569], [22.29, 58.57], [22.291, 58.57], [22.291, 58.571], [22.321, 58.584], [22.321, 58.585], [22.322, 58.585], [22.323, 58.585], [22.463, 58.593], [22.55, 58.629], [22.551, 58.63], [22.58, 58.634], [22.581, 58.634], [22.582, 58.634], [22.583, 58.634], [22.584, 58.633], [22.585, 58.633], [22.585, 58.632], [22.613, 58.606], [22.648, 58.587], [22.68, 58.6], [22.681, 58.6], [22.682, 58.6], [22.683, 58.6], [22.684, 58.6], [22.736, 58.588], [22.809, 58.622], [22.81, 58.622], [22.811, 58.622], [22.811, 58.623], [22.812, 58.623], [22.813, 58.623], [22.813, 58.622], [22.846, 58.613], [22.847, 58.613], [22.899, 58.62], [22.9, 58.62], [22.901, 58.62], [22.989, 58.602], [22.99, 58.602], [23.09, 58.571], [23.091, 58.571], [23.092, 58.571], [23.092, 58.57], [23.148, 58.522], [23.255, 58.5], [23.256, 58.5], [23.317, 58.473], [23.318, 58.473], [23.318, 58.472], [23.319, 58.472], [23.33, 58.46], [23.331, 58.459], [23.331, 58.458], [23.332, 58.457], [23.332, 58.456], [23.332, 58.455], [23.332, 58.454], [23.331, 58.454], [23.331, 58.453], [23.328, 58.447], [23.327, 58.446], [23.326, 58.445], [23.325, 58.445], [23.325, 58.444], [23.324, 58.444], [23.323, 58.444], [23.322, 58.444], [23.321, 58.444], [23.32, 58.444], [23.262, 58.466], [23.261, 58.466], [23.238, 58.456], [23.26, 58.452], [23.261, 58.452], [23.262, 58.451], [23.263, 58.451], [23.263, 58.45], [23.265, 58.448], [23.278, 58.437], [23.261, 58.438], [23.236, 58.44], [23.235, 58.44], [23.234, 58.44], [23.197, 58.456], [23.196, 58.456], [23.196, 58.457], [23.195, 58.457], [23.195, 58.458], [23.182, 58.475], [23.157, 58.478], [23.156, 58.477], [23.131, 58.441], [23.131, 58.44], [23.13, 58.44], [23.13, 58.439], [23.129, 58.439], [23.11, 58.43], [23.109, 58.429], [23.108, 58.429], [23.107, 58.429], [23.084, 58.43], [23.084, 58.429], [23.086, 58.399], [23.086, 58.398], [23.086, 58.397], [23.086, 58.396], [23.085, 58.395], [23.085, 58.394], [23.084, 58.394], [23.084, 58.393], [23.083, 58.393], [23.043, 58.372], [23.042, 58.371], [23.024, 58.364], [23.023, 58.364], [23.022, 58.364], [23.021, 58.364], [23.02, 58.364], [22.978, 58.382], [22.977, 58.382], [22.955, 58.381], [22.948, 58.373], [22.961, 58.365], [22.969, 58.36], [22.962, 58.355], [22.904, 58.312], [22.903, 58.312], [22.902, 58.312], [22.854, 58.299], [22.813, 58.274], [22.812, 58.274], [22.811, 58.274], [22.81, 58.273], [22.721, 58.27], [22.71, 58.258], [22.743, 58.247], [22.757, 58.242], [22.744, 58.236], [22.724, 58.226], [22.723, 58.226], [22.723, 58.225], [22.722, 58.225], [22.673, 58.222], [22.672, 58.222], [22.671, 58.222], [22.67, 58.222], [22.669, 58.223], [22.668, 58.223], [22.668, 58.224], [22.667, 58.225]]], [[[155.208, 50.063], [155.208, 50.064], [155.207, 50.064], [155.207, 50.065], [155.207, 50.066], [155.206, 50.066], [155.203, 50.081], [155.203, 50.082], [155.203, 50.083], [155.221, 50.226], [155.18, 50.257], [155.179, 50.257], [155.179, 50.258], [155.178, 50.259], [155.178, 50.26], [155.178, 50.261], [155.177, 50.276], [155.177, 50.277], [155.178, 50.277], [155.178, 50.278], [155.178, 50.279], [155.179, 50.28], [155.194, 50.3], [155.195, 50.3], [155.195, 50.301], [155.196, 50.301], [155.197, 50.302], [155.231, 50.314], [155.232, 50.314], [155.233, 50.314], [155.28, 50.313], [155.375, 50.347], [155.405, 50.368], [155.405, 50.369], [155.406, 50.369], [155.439, 50.38], [155.44, 50.38], [155.545, 50.386], [155.546, 50.386], [155.546, 50.387], [155.568, 50.405], [155.568, 50.406], [155.569, 50.406], [155.57, 50.407], [155.571, 50.407], [155.572, 50.407], [155.573, 50.407], [155.632, 50.394], [155.684, 50.412], [155.685, 50.412], [155.767, 50.484], [155.767, 50.485], [155.781, 50.525], [155.781, 50.526], [155.782, 50.526], [155.782, 50.527], [155.846, 50.606], [155.869, 50.681], [155.869, 50.682], [155.869, 50.683], [155.87, 50.683], [155.882, 50.698], [155.883, 50.698], [155.883, 50.699], [155.973, 50.756], [155.974, 50.757], [156.038, 50.782], [156.039, 50.783], [156.072, 50.791], [156.073, 50.791], [156.074, 50.791], [156.075, 50.791], [156.076, 50.791], [156.11, 50.775], [156.111, 50.774], [156.112, 50.774], [156.112, 50.773], [156.113, 50.773], [156.113, 50.772], [156.133, 50.731], [156.133, 50.73], [156.133, 50.729], [156.133, 50.728], [156.134, 50.643], [156.162, 50.616], [156.163, 50.616], [156.163, 50.615], [156.163, 50.614], [156.164, 50.614], [156.169, 50.601], [156.169, 50.6], [156.169, 50.599], [156.169, 50.598], [156.169, 50.597], [156.156, 50.552], [156.161, 50.519], [156.161, 50.518], [156.161, 50.517], [156.161, 50.516], [156.16, 50.515], [156.16, 50.514], [156.159, 50.514], [156.159, 50.513], [156.114, 50.484], [156.053, 50.423], [156.045, 50.405], [156.045, 50.404], [156.045, 50.403], [156.044, 50.403], [156.044, 50.402], [156.043, 50.402], [156.017, 50.387], [155.977, 50.347], [155.893, 50.247], [155.892, 50.247], [155.891, 50.246], [155.89, 50.246], [155.858, 50.237], [155.778, 50.178], [155.777, 50.178], [155.776, 50.177], [155.775, 50.177], [155.624, 50.169], [155.565, 50.157], [155.507, 50.129], [155.488, 50.112], [155.421, 50.006], [155.42, 50.005], [155.401, 49.988], [155.4, 49.988], [155.4, 49.987], [155.399, 49.987], [155.398, 49.987], [155.397, 49.987], [155.396, 49.987], [155.395, 49.987], [155.362, 49.994], [155.355, 49.996], [155.358, 50.002], [155.371, 50.038], [155.267, 50.054], [155.229, 50.046], [155.228, 50.046], [155.227, 50.046], [155.226, 50.046], [155.225, 50.046], [155.224, 50.047], [155.223, 50.047], [155.208, 50.063]]], [[[22.43, 58.853], [22.355, 58.892], [22.325, 58.897], [22.196, 58.888], [22.195, 58.888], [22.194, 58.888], [22.052, 58.934], [22.051, 58.934], [22.051, 58.935], [22.05, 58.935], [22.049, 58.936], [22.049, 58.937], [22.048, 58.937], [22.048, 58.938], [22.048, 58.939], [22.048, 58.94], [22.048, 58.941], [22.048, 58.942], [22.049, 58.942], [22.049, 58.943], [22.054, 58.95], [22.054, 58.951], [22.055, 58.951], [22.055, 58.952], [22.056, 58.952], [22.057, 58.953], [22.058, 58.953], [22.094, 58.956], [22.095, 58.956], [22.168, 58.95], [22.463, 58.971], [22.462, 58.971], [22.461, 58.972], [22.46, 58.972], [22.46, 58.973], [22.459, 58.973], [22.459, 58.974], [22.458, 58.974], [22.458, 58.975], [22.458, 58.976], [22.458, 58.977], [22.458, 58.978], [22.458, 58.979], [22.458, 58.98], [22.459, 58.98], [22.459, 58.981], [22.46, 58.982], [22.461, 58.982], [22.462, 58.983], [22.463, 58.983], [22.464, 58.983], [22.488, 58.981], [22.488, 59.012], [22.488, 59.013], [22.488, 59.014], [22.488, 59.015], [22.489, 59.015], [22.489, 59.016], [22.49, 59.017], [22.491, 59.017], [22.491, 59.018], [22.492, 59.018], [22.559, 59.038], [22.559, 59.039], [22.585, 59.084], [22.586, 59.084], [22.586, 59.085], [22.587, 59.086], [22.588, 59.086], [22.588, 59.087], [22.589, 59.087], [22.59, 59.087], [22.591, 59.087], [22.64, 59.087], [22.641, 59.087], [22.695, 59.079], [22.696, 59.079], [22.697, 59.079], [22.698, 59.079], [22.708, 59.073], [22.714, 59.07], [22.71, 59.064], [22.692, 59.041], [22.701, 59.025], [22.737, 59.005], [22.836, 59.009], [22.837, 59.009], [22.838, 59.008], [22.933, 58.984], [22.934, 58.984], [22.935, 58.983], [22.947, 58.973], [22.948, 58.972], [22.949, 58.971], [22.949, 58.97], [22.949, 58.969], [22.95, 58.969], [22.95, 58.968], [22.95, 58.936], [23.013, 58.893], [23.014, 58.893], [23.014, 58.892], [23.015, 58.892], [23.015, 58.891], [23.016, 58.89], [23.022, 58.864], [23.034, 58.862], [23.035, 58.862], [23.036, 58.862], [23.036, 58.861], [23.037, 58.861], [23.038, 58.86], [23.038, 58.859], [23.039, 58.859], [23.039, 58.858], [23.039, 58.857], [23.039, 58.856], [23.04, 58.843], [23.04, 58.842], [23.04, 58.841], [23.04, 58.84], [23.039, 58.839], [23.036, 58.834], [23.035, 58.833], [23.035, 58.832], [23.034, 58.832], [23.033, 58.831], [23.032, 58.831], [23.031, 58.831], [23.03, 58.831], [22.957, 58.847], [22.945, 58.837], [22.945, 58.836], [22.944, 58.836], [22.943, 58.836], [22.943, 58.835], [22.942, 58.835], [22.941, 58.835], [22.94, 58.835], [22.939, 58.836], [22.929, 58.84], [22.88, 58.833], [22.879, 58.833], [22.867, 58.82], [22.883, 58.813], [22.884, 58.813], [22.885, 58.812], [22.886, 58.812], [22.886, 58.811], [22.886, 58.81], [22.887, 58.81], [22.887, 58.809], [22.887, 58.808], [22.887, 58.795], [22.887, 58.794], [22.887, 58.793], [22.886, 58.793], [22.886, 58.792], [22.885, 58.791], [22.885, 58.79], [22.884, 58.79], [22.883, 58.789], [22.847, 58.777], [22.846, 58.777], [22.845, 58.777], [22.844, 58.777], [22.792, 58.781], [22.791, 58.781], [22.79, 58.781], [22.789, 58.782], [22.784, 58.787], [22.783, 58.787], [22.783, 58.788], [22.783, 58.789], [22.783, 58.79], [22.782, 58.79], [22.782, 58.791], [22.782, 58.792], [22.783, 58.793], [22.783, 58.794], [22.784, 58.795], [22.785, 58.796], [22.827, 58.819], [22.819, 58.83], [22.753, 58.815], [22.715, 58.782], [22.682, 58.725], [22.681, 58.725], [22.681, 58.724], [22.68, 58.723], [22.656, 58.704], [22.655, 58.703], [22.654, 58.703], [22.654, 58.702], [22.612, 58.691], [22.611, 58.691], [22.611, 58.69], [22.556, 58.687], [22.555, 58.687], [22.503, 58.695], [22.502, 58.695], [22.501, 58.695], [22.472, 58.711], [22.463, 58.716], [22.472, 58.722], [22.497, 58.737], [22.497, 58.738], [22.466, 58.766], [22.465, 58.766], [22.465, 58.767], [22.443, 58.802], [22.443, 58.803], [22.443, 58.804], [22.443, 58.805], [22.44, 58.841], [22.43, 58.852], [22.43, 58.853]]], [[[44.314, 43.684], [44.313, 43.684], [44.313, 43.685], [44.312, 43.685], [44.312, 43.686], [44.311, 43.686], [44.29, 43.726], [44.289, 43.726], [44.289, 43.727], [44.289, 43.728], [44.289, 43.729], [44.289, 43.804], [44.289, 43.805], [44.289, 43.806], [44.29, 43.807], [44.29, 43.808], [44.291, 43.808], [44.291, 43.809], [44.292, 43.809], [44.292, 43.81], [44.293, 43.81], [44.294, 43.81], [44.295, 43.81], [44.373, 43.813], [44.374, 43.813], [44.375, 43.813], [44.376, 43.813], [44.377, 43.812], [44.378, 43.812], [44.378, 43.811], [44.379, 43.811], [44.379, 43.81], [44.379, 43.809], [44.38, 43.808], [44.38, 43.807], [44.38, 43.802], [44.38, 43.801], [44.472, 43.801], [44.473, 43.801], [44.473, 43.802], [44.473, 43.803], [44.473, 43.804], [44.474, 43.805], [44.474, 43.806], [44.475, 43.806], [44.476, 43.807], [44.477, 43.807], [44.478, 43.807], [44.479, 43.807], [44.504, 43.807], [44.505, 43.807], [44.505, 43.809], [44.505, 43.81], [44.505, 43.811], [44.506, 43.812], [44.506, 43.813], [44.507, 43.813], [44.508, 43.814], [44.509, 43.814], [44.51, 43.814], [44.511, 43.814], [44.553, 43.814], [44.554, 43.814], [44.554, 43.815], [44.554, 43.816], [44.554, 43.817], [44.554, 43.818], [44.555, 43.818], [44.555, 43.819], [44.556, 43.819], [44.556, 43.82], [44.557, 43.82], [44.558, 43.821], [44.596, 43.829], [44.597, 43.829], [44.598, 43.829], [44.666, 43.827], [44.666, 43.829], [44.666, 43.83], [44.667, 43.83], [44.667, 43.831], [44.667, 43.832], [44.668, 43.833], [44.669, 43.834], [44.67, 43.834], [44.67, 43.835], [44.671, 43.835], [44.672, 43.835], [44.673, 43.835], [44.697, 43.835], [44.698, 43.835], [44.699, 43.834], [44.7, 43.834], [44.701, 43.833], [44.702, 43.832], [44.702, 43.831], [44.703, 43.83], [44.703, 43.829], [44.703, 43.828], [44.702, 43.818], [44.702, 43.817], [44.791, 43.817], [44.792, 43.817], [44.793, 43.817], [44.794, 43.817], [44.794, 43.816], [44.795, 43.816], [44.795, 43.815], [44.802, 43.809], [44.802, 43.808], [44.803, 43.807], [44.803, 43.806], [44.803, 43.805], [44.803, 43.72], [44.803, 43.719], [44.826, 43.707], [44.836, 43.712], [44.837, 43.713], [44.838, 43.713], [44.839, 43.713], [44.84, 43.713], [44.841, 43.713], [44.842, 43.713], [44.842, 43.712], [44.843, 43.712], [44.844, 43.711], [44.844, 43.71], [44.845, 43.71], [44.845, 43.709], [44.845, 43.708], [44.845, 43.707], [44.845, 43.706], [44.845, 43.705], [44.844, 43.704], [44.844, 43.703], [44.843, 43.703], [44.825, 43.686], [44.83, 43.684], [44.83, 43.683], [44.831, 43.683], [44.831, 43.682], [44.832, 43.682], [44.832, 43.681], [44.832, 43.68], [44.833, 43.68], [44.833, 43.679], [44.835, 43.665], [44.835, 43.664], [44.834, 43.593], [44.834, 43.592], [44.833, 43.592], [44.833, 43.591], [44.833, 43.59], [44.832, 43.589], [44.831, 43.588], [44.83, 43.588], [44.829, 43.587], [44.807, 43.584], [44.806, 43.584], [44.805, 43.584], [44.804, 43.584], [44.803, 43.584], [44.802, 43.585], [44.801, 43.586], [44.8, 43.587], [44.782, 43.618], [44.782, 43.619], [44.768, 43.625], [44.767, 43.625], [44.704, 43.618], [44.694, 43.604], [44.694, 43.603], [44.693, 43.571], [44.693, 43.57], [44.693, 43.569], [44.693, 43.568], [44.692, 43.568], [44.692, 43.567], [44.691, 43.566], [44.69, 43.566], [44.69, 43.565], [44.689, 43.565], [44.688, 43.565], [44.631, 43.555], [44.63, 43.555], [44.629, 43.555], [44.628, 43.555], [44.628, 43.556], [44.627, 43.556], [44.626, 43.556], [44.626, 43.557], [44.625, 43.557], [44.625, 43.558], [44.624, 43.559], [44.624, 43.56], [44.624, 43.561], [44.624, 43.562], [44.631, 43.614], [44.55, 43.605], [44.549, 43.605], [44.503, 43.588], [44.5, 43.562], [44.5, 43.561], [44.506, 43.546], [44.506, 43.545], [44.506, 43.544], [44.506, 43.543], [44.506, 43.542], [44.506, 43.541], [44.505, 43.541], [44.505, 43.54], [44.481, 43.516], [44.494, 43.484], [44.494, 43.483], [44.494, 43.482], [44.494, 43.481], [44.494, 43.48], [44.494, 43.479], [44.493, 43.478], [44.492, 43.477], [44.491, 43.476], [44.49, 43.476], [44.489, 43.476], [44.488, 43.476], [44.483, 43.476], [44.482, 43.476], [44.482, 43.475], [44.479, 43.468], [44.492, 43.444], [44.493, 43.444], [44.493, 43.443], [44.493, 43.442], [44.493, 43.441], [44.493, 43.406], [44.493, 43.405], [44.493, 43.404], [44.492, 43.404], [44.492, 43.403], [44.492, 43.402], [44.491, 43.402], [44.491, 43.401], [44.49, 43.401], [44.489, 43.401], [44.489, 43.4], [44.488, 43.4], [44.487, 43.4], [44.486, 43.4], [44.485, 43.4], [44.485, 43.401], [44.484, 43.401], [44.444, 43.423], [44.443, 43.423], [44.443, 43.424], [44.417, 43.449], [44.417, 43.45], [44.416, 43.45], [44.416, 43.451], [44.416, 43.452], [44.415, 43.453], [44.415, 43.454], [44.415, 43.455], [44.416, 43.456], [44.416, 43.457], [44.434, 43.489], [44.435, 43.489], [44.435, 43.49], [44.436, 43.49], [44.436, 43.491], [44.437, 43.491], [44.448, 43.498], [44.442, 43.506], [44.441, 43.507], [44.441, 43.508], [44.441, 43.509], [44.441, 43.51], [44.444, 43.541], [44.444, 43.542], [44.445, 43.542], [44.445, 43.543], [44.445, 43.544], [44.446, 43.544], [44.475, 43.583], [44.44, 43.604], [44.439, 43.605], [44.438, 43.605], [44.438, 43.606], [44.437, 43.607], [44.437, 43.608], [44.437, 43.609], [44.437, 43.61], [44.437, 43.611], [44.437, 43.612], [44.441, 43.622], [44.44, 43.622], [44.439, 43.622], [44.439, 43.623], [44.438, 43.623], [44.438, 43.624], [44.437, 43.625], [44.437, 43.626], [44.436, 43.627], [44.436, 43.628], [44.438, 43.654], [44.438, 43.655], [44.432, 43.661], [44.432, 43.662], [44.431, 43.662], [44.431, 43.663], [44.431, 43.664], [44.43, 43.664], [44.43, 43.665], [44.43, 43.684], [44.374, 43.693], [44.364, 43.684], [44.364, 43.683], [44.363, 43.683], [44.362, 43.682], [44.361, 43.682], [44.36, 43.682], [44.339, 43.683], [44.338, 43.683], [44.336, 43.68], [44.335, 43.679], [44.334, 43.679], [44.334, 43.678], [44.333, 43.678], [44.332, 43.678], [44.331, 43.678], [44.33, 43.678], [44.329, 43.678], [44.315, 43.683], [44.314, 43.684]]], [[[156.461, 50.873], [156.462, 50.873], [156.482, 50.858], [156.483, 50.857], [156.484, 50.857], [156.484, 50.856], [156.484, 50.855], [156.492, 50.839], [156.492, 50.838], [156.498, 50.814], [156.498, 50.813], [156.5, 50.797], [156.502, 50.781], [156.509, 50.769], [156.51, 50.768], [156.51, 50.767], [156.51, 50.766], [156.51, 50.765], [156.51, 50.764], [156.509, 50.764], [156.509, 50.763], [156.5, 50.75], [156.5, 50.749], [156.482, 50.732], [156.469, 50.719], [156.457, 50.702], [156.433, 50.673], [156.432, 50.672], [156.431, 50.671], [156.406, 50.654], [156.406, 50.636], [156.406, 50.635], [156.406, 50.634], [156.405, 50.634], [156.405, 50.633], [156.404, 50.632], [156.404, 50.631], [156.403, 50.631], [156.402, 50.631], [156.402, 50.63], [156.401, 50.63], [156.4, 50.63], [156.386, 50.63], [156.385, 50.63], [156.354, 50.636], [156.321, 50.638], [156.321, 50.637], [156.304, 50.636], [156.276, 50.634], [156.275, 50.634], [156.274, 50.634], [156.273, 50.634], [156.272, 50.634], [156.272, 50.635], [156.271, 50.635], [156.27, 50.636], [156.258, 50.651], [156.237, 50.661], [156.207, 50.671], [156.206, 50.671], [156.205, 50.672], [156.181, 50.688], [156.18, 50.688], [156.18, 50.689], [156.179, 50.69], [156.167, 50.712], [156.167, 50.713], [156.166, 50.714], [156.166, 50.715], [156.168, 50.736], [156.169, 50.737], [156.169, 50.738], [156.18, 50.76], [156.181, 50.761], [156.181, 50.762], [156.198, 50.78], [156.199, 50.78], [156.2, 50.781], [156.201, 50.781], [156.22, 50.788], [156.221, 50.788], [156.222, 50.788], [156.254, 50.793], [156.255, 50.793], [156.281, 50.806], [156.331, 50.843], [156.331, 50.844], [156.332, 50.844], [156.357, 50.856], [156.358, 50.856], [156.395, 50.868], [156.396, 50.869], [156.433, 50.876], [156.434, 50.876], [156.435, 50.876], [156.459, 50.874], [156.46, 50.874], [156.461, 50.873]]], [[[23.137, 58.663], [23.174, 58.68], [23.175, 58.681], [23.176, 58.681], [23.177, 58.681], [23.178, 58.681], [23.288, 58.667], [23.288, 58.666], [23.289, 58.666], [23.33, 58.653], [23.331, 58.653], [23.341, 58.646], [23.342, 58.646], [23.343, 58.645], [23.343, 58.644], [23.344, 58.644], [23.344, 58.643], [23.344, 58.642], [23.346, 58.619], [23.346, 58.618], [23.346, 58.617], [23.346, 58.616], [23.347, 58.607], [23.348, 58.607], [23.356, 58.598], [23.358, 58.597], [23.359, 58.596], [23.394, 58.562], [23.394, 58.561], [23.395, 58.561], [23.395, 58.56], [23.395, 58.559], [23.395, 58.558], [23.395, 58.557], [23.395, 58.556], [23.395, 58.555], [23.394, 58.554], [23.394, 58.553], [23.393, 58.553], [23.392, 58.552], [23.38, 58.548], [23.38, 58.547], [23.372, 58.539], [23.371, 58.538], [23.364, 58.534], [23.363, 58.533], [23.362, 58.533], [23.361, 58.533], [23.36, 58.533], [23.347, 58.535], [23.346, 58.536], [23.331, 58.541], [23.331, 58.542], [23.314, 58.545], [23.279, 58.546], [23.278, 58.546], [23.265, 58.544], [23.264, 58.544], [23.263, 58.543], [23.262, 58.543], [23.226, 58.536], [23.225, 58.536], [23.224, 58.536], [23.223, 58.536], [23.222, 58.536], [23.135, 58.58], [23.134, 58.58], [23.084, 58.59], [23.083, 58.591], [23.082, 58.591], [23.063, 58.601], [23.063, 58.602], [23.062, 58.602], [23.061, 58.603], [23.061, 58.604], [23.06, 58.604], [23.06, 58.605], [23.06, 58.606], [23.06, 58.607], [23.06, 58.608], [23.062, 58.62], [23.062, 58.621], [23.063, 58.622], [23.064, 58.623], [23.064, 58.624], [23.065, 58.624], [23.066, 58.625], [23.067, 58.625], [23.068, 58.625], [23.093, 58.626], [23.093, 58.627], [23.094, 58.626], [23.106, 58.624], [23.121, 58.628], [23.123, 58.634], [23.124, 58.634], [23.125, 58.639], [23.134, 58.66], [23.134, 58.661], [23.135, 58.661], [23.135, 58.662], [23.136, 58.662], [23.136, 58.663], [23.137, 58.663]]], [[[155.467, 50.853], [155.449, 50.881], [155.449, 50.882], [155.448, 50.882], [155.448, 50.883], [155.448, 50.884], [155.448, 50.885], [155.448, 50.886], [155.449, 50.887], [155.449, 50.888], [155.473, 50.92], [155.473, 50.921], [155.474, 50.921], [155.475, 50.922], [155.476, 50.922], [155.477, 50.922], [155.543, 50.93], [155.544, 50.93], [155.545, 50.93], [155.629, 50.913], [155.63, 50.912], [155.631, 50.912], [155.632, 50.912], [155.632, 50.911], [155.633, 50.911], [155.671, 50.872], [155.672, 50.871], [155.672, 50.87], [155.673, 50.87], [155.673, 50.869], [155.673, 50.868], [155.67, 50.817], [155.67, 50.816], [155.67, 50.815], [155.67, 50.814], [155.669, 50.814], [155.669, 50.813], [155.668, 50.812], [155.667, 50.812], [155.667, 50.811], [155.666, 50.811], [155.665, 50.811], [155.646, 50.807], [155.645, 50.807], [155.6, 50.809], [155.564, 50.808], [155.563, 50.808], [155.524, 50.813], [155.523, 50.814], [155.522, 50.814], [155.493, 50.828], [155.492, 50.829], [155.491, 50.829], [155.468, 50.852], [155.468, 50.853], [155.467, 50.853]]], [[[23.162, 58.969], [23.15, 58.973], [23.15, 58.974], [23.149, 58.974], [23.148, 58.974], [23.148, 58.975], [23.147, 58.975], [23.147, 58.976], [23.12, 59.016], [23.119, 59.016], [23.117, 59.019], [23.116, 59.019], [23.116, 59.02], [23.116, 59.021], [23.115, 59.021], [23.115, 59.022], [23.115, 59.023], [23.115, 59.024], [23.115, 59.025], [23.116, 59.025], [23.118, 59.031], [23.118, 59.032], [23.119, 59.033], [23.12, 59.034], [23.121, 59.034], [23.147, 59.044], [23.148, 59.044], [23.149, 59.044], [23.208, 59.044], [23.278, 59.032], [23.342, 59.039], [23.343, 59.039], [23.344, 59.039], [23.345, 59.039], [23.346, 59.038], [23.388, 59.009], [23.389, 59.008], [23.389, 59.007], [23.39, 59.007], [23.39, 59.006], [23.392, 59.0], [23.393, 58.999], [23.393, 58.998], [23.393, 58.997], [23.393, 58.996], [23.392, 58.996], [23.392, 58.995], [23.392, 58.994], [23.391, 58.994], [23.377, 58.978], [23.376, 58.978], [23.376, 58.977], [23.375, 58.977], [23.374, 58.977], [23.374, 58.976], [23.373, 58.976], [23.372, 58.976], [23.371, 58.976], [23.355, 58.98], [23.354, 58.981], [23.351, 58.982], [23.35, 58.982], [23.34, 58.984], [23.33, 58.982], [23.329, 58.982], [23.328, 58.981], [23.28, 58.971], [23.279, 58.971], [23.278, 58.971], [23.277, 58.971], [23.245, 58.981], [23.244, 58.981], [23.224, 58.984], [23.223, 58.984], [23.218, 58.982], [23.217, 58.982], [23.216, 58.978], [23.215, 58.978], [23.215, 58.977], [23.212, 58.975], [23.212, 58.974], [23.211, 58.974], [23.211, 58.973], [23.21, 58.973], [23.209, 58.973], [23.165, 58.969], [23.164, 58.969], [23.163, 58.969], [23.162, 58.969]]], [[[28.581, 60.347], [28.582, 60.347], [28.582, 60.346], [28.583, 60.345], [28.587, 60.34], [28.594, 60.339], [28.595, 60.339], [28.596, 60.339], [28.597, 60.339], [28.611, 60.337], [28.612, 60.337], [28.613, 60.337], [28.614, 60.336], [28.621, 60.33], [28.622, 60.33], [28.683, 60.3], [28.683, 60.299], [28.706, 60.292], [28.707, 60.292], [28.708, 60.291], [28.709, 60.29], [28.709, 60.289], [28.709, 60.288], [28.71, 60.288], [28.71, 60.287], [28.71, 60.286], [28.709, 60.285], [28.709, 60.284], [28.709, 60.283], [28.708, 60.283], [28.708, 60.282], [28.707, 60.282], [28.707, 60.281], [28.706, 60.281], [28.703, 60.28], [28.698, 60.272], [28.698, 60.271], [28.698, 60.27], [28.698, 60.269], [28.698, 60.268], [28.696, 60.265], [28.696, 60.264], [28.695, 60.264], [28.695, 60.263], [28.694, 60.263], [28.694, 60.262], [28.693, 60.262], [28.692, 60.262], [28.691, 60.262], [28.69, 60.262], [28.672, 60.264], [28.659, 60.265], [28.658, 60.265], [28.648, 60.266], [28.647, 60.266], [28.646, 60.266], [28.571, 60.292], [28.57, 60.292], [28.569, 60.292], [28.569, 60.293], [28.568, 60.293], [28.546, 60.314], [28.545, 60.315], [28.545, 60.316], [28.544, 60.316], [28.544, 60.317], [28.544, 60.318], [28.544, 60.325], [28.544, 60.326], [28.544, 60.327], [28.544, 60.328], [28.547, 60.334], [28.546, 60.339], [28.545, 60.341], [28.541, 60.347], [28.553, 60.346], [28.554, 60.346], [28.554, 60.345], [28.556, 60.345], [28.556, 60.344], [28.557, 60.344], [28.569, 60.343], [28.576, 60.347], [28.577, 60.347], [28.578, 60.347], [28.579, 60.347], [28.58, 60.347], [28.581, 60.347]]], [[[28.618, 60.637], [28.619, 60.637], [28.619, 60.636], [28.633, 60.606], [28.633, 60.605], [28.633, 60.604], [28.633, 60.603], [28.633, 60.602], [28.633, 60.601], [28.632, 60.601], [28.632, 60.6], [28.631, 60.599], [28.601, 60.578], [28.6, 60.577], [28.599, 60.577], [28.598, 60.577], [28.597, 60.577], [28.578, 60.58], [28.577, 60.58], [28.576, 60.581], [28.575, 60.581], [28.575, 60.582], [28.574, 60.582], [28.574, 60.583], [28.558, 60.61], [28.557, 60.611], [28.557, 60.612], [28.557, 60.613], [28.557, 60.614], [28.561, 60.628], [28.561, 60.629], [28.562, 60.63], [28.562, 60.631], [28.574, 60.641], [28.574, 60.642], [28.575, 60.642], [28.576, 60.643], [28.577, 60.643], [28.578, 60.643], [28.614, 60.64], [28.615, 60.639], [28.616, 60.639], [28.617, 60.639], [28.618, 60.638], [28.618, 60.637]]], [[[26.949, 60.098], [26.95, 60.099], [26.951, 60.099], [26.952, 60.099], [26.953, 60.1], [26.962, 60.099], [26.963, 60.099], [26.964, 60.099], [26.965, 60.098], [26.966, 60.098], [26.98, 60.084], [26.981, 60.084], [26.987, 60.076], [26.997, 60.066], [27.006, 60.06], [27.006, 60.059], [27.017, 60.049], [27.017, 60.048], [27.018, 60.048], [27.018, 60.047], [27.026, 60.03], [27.026, 60.029], [27.026, 60.028], [27.026, 60.027], [27.026, 60.026], [27.026, 60.025], [27.026, 60.024], [27.025, 60.024], [27.022, 60.02], [27.022, 60.019], [27.021, 60.019], [27.021, 60.018], [27.02, 60.018], [27.019, 60.018], [27.019, 60.017], [27.018, 60.017], [26.998, 60.015], [26.997, 60.014], [26.996, 60.015], [26.995, 60.015], [26.994, 60.015], [26.978, 60.025], [26.977, 60.025], [26.977, 60.026], [26.976, 60.027], [26.964, 60.052], [26.963, 60.053], [26.963, 60.054], [26.962, 60.059], [26.962, 60.06], [26.946, 60.088], [26.946, 60.089], [26.946, 60.09], [26.946, 60.091], [26.946, 60.092], [26.946, 60.093], [26.946, 60.094], [26.947, 60.094], [26.948, 60.097], [26.949, 60.097], [26.949, 60.098]]], [[[23.939, 58.138], [23.94, 58.138], [23.94, 58.139], [23.941, 58.14], [23.954, 58.15], [23.954, 58.151], [23.955, 58.151], [23.956, 58.152], [23.957, 58.152], [24.009, 58.153], [24.01, 58.153], [24.011, 58.153], [24.012, 58.153], [24.013, 58.152], [24.014, 58.151], [24.015, 58.15], [24.015, 58.149], [24.021, 58.133], [24.021, 58.132], [24.021, 58.131], [24.021, 58.13], [24.021, 58.129], [24.02, 58.128], [24.02, 58.127], [24.004, 58.11], [24.003, 58.109], [24.002, 58.109], [24.002, 58.108], [24.001, 58.108], [23.973, 58.1], [23.972, 58.1], [23.971, 58.1], [23.97, 58.1], [23.969, 58.1], [23.969, 58.101], [23.946, 58.112], [23.945, 58.112], [23.945, 58.113], [23.944, 58.113], [23.944, 58.114], [23.943, 58.114], [23.943, 58.115], [23.943, 58.116], [23.939, 58.134], [23.939, 58.135], [23.939, 58.136], [23.939, 58.137], [23.939, 58.138]]], [[[131.947, 71.224], [131.948, 71.224], [131.948, 71.223], [131.949, 71.223], [131.949, 71.222], [131.949, 71.221], [131.949, 71.22], [131.949, 71.219], [131.949, 71.218], [131.949, 71.217], [131.948, 71.217], [131.948, 71.216], [131.947, 71.216], [131.947, 71.215], [131.946, 71.215], [131.87, 71.175], [131.869, 71.174], [131.868, 71.174], [131.867, 71.174], [131.866, 71.174], [131.865, 71.174], [131.864, 71.175], [131.856, 71.179], [131.855, 71.18], [131.84, 71.182], [131.827, 71.182], [131.836, 71.192], [131.85, 71.207], [131.851, 71.208], [131.852, 71.208], [131.852, 71.209], [131.898, 71.222], [131.899, 71.222], [131.943, 71.226], [131.944, 71.226], [131.945, 71.226], [131.946, 71.225], [131.947, 71.225], [131.947, 71.224]]], [[[28.434, 60.358], [28.434, 60.359], [28.434, 60.36], [28.434, 60.361], [28.434, 60.362], [28.435, 60.362], [28.435, 60.363], [28.436, 60.364], [28.437, 60.364], [28.437, 60.365], [28.438, 60.365], [28.439, 60.365], [28.44, 60.365], [28.483, 60.362], [28.484, 60.362], [28.485, 60.362], [28.485, 60.361], [28.486, 60.361], [28.521, 60.334], [28.522, 60.333], [28.523, 60.332], [28.523, 60.331], [28.523, 60.33], [28.523, 60.329], [28.523, 60.328], [28.523, 60.327], [28.519, 60.317], [28.519, 60.316], [28.519, 60.315], [28.518, 60.315], [28.518, 60.314], [28.517, 60.313], [28.516, 60.313], [28.515, 60.313], [28.515, 60.312], [28.506, 60.311], [28.505, 60.311], [28.504, 60.311], [28.503, 60.311], [28.503, 60.312], [28.502, 60.312], [28.478, 60.325], [28.477, 60.325], [28.477, 60.326], [28.472, 60.33], [28.471, 60.33], [28.471, 60.331], [28.468, 60.334], [28.461, 60.338], [28.452, 60.34], [28.451, 60.34], [28.444, 60.344], [28.443, 60.344], [28.442, 60.345], [28.442, 60.346], [28.435, 60.356], [28.434, 60.356], [28.434, 60.357], [28.434, 60.358]]], [[[27.889, 60.0], [27.889, 59.999], [27.888, 59.998], [27.888, 59.997], [27.887, 59.997], [27.887, 59.996], [27.886, 59.996], [27.885, 59.995], [27.884, 59.995], [27.883, 59.995], [27.874, 59.995], [27.822, 59.983], [27.821, 59.983], [27.82, 59.983], [27.819, 59.983], [27.819, 59.984], [27.808, 59.988], [27.807, 59.989], [27.806, 59.989], [27.806, 59.99], [27.805, 59.99], [27.805, 59.991], [27.804, 59.992], [27.803, 59.997], [27.803, 59.998], [27.803, 59.999], [27.803, 60.0], [27.803, 60.001], [27.804, 60.001], [27.818, 60.027], [27.818, 60.028], [27.819, 60.028], [27.82, 60.029], [27.821, 60.029], [27.822, 60.03], [27.823, 60.03], [27.824, 60.03], [27.825, 60.029], [27.854, 60.02], [27.855, 60.02], [27.869, 60.014], [27.882, 60.012], [27.882, 60.011], [27.883, 60.011], [27.884, 60.011], [27.885, 60.01], [27.886, 60.009], [27.886, 60.008], [27.889, 60.003], [27.889, 60.002], [27.889, 60.001], [27.889, 60.0]]], [[[24.488, 59.576], [24.488, 59.577], [24.488, 59.578], [24.488, 59.579], [24.488, 59.58], [24.489, 59.58], [24.499, 59.594], [24.499, 59.595], [24.5, 59.595], [24.501, 59.596], [24.502, 59.596], [24.503, 59.597], [24.513, 59.598], [24.514, 59.598], [24.515, 59.598], [24.516, 59.597], [24.517, 59.597], [24.517, 59.596], [24.518, 59.596], [24.547, 59.561], [24.548, 59.56], [24.548, 59.559], [24.548, 59.558], [24.548, 59.557], [24.548, 59.556], [24.548, 59.555], [24.548, 59.554], [24.547, 59.554], [24.544, 59.55], [24.544, 59.549], [24.543, 59.549], [24.543, 59.548], [24.542, 59.548], [24.541, 59.548], [24.54, 59.547], [24.518, 59.545], [24.518, 59.544], [24.517, 59.544], [24.517, 59.545], [24.516, 59.545], [24.515, 59.545], [24.492, 59.558], [24.491, 59.558], [24.491, 59.559], [24.49, 59.559], [24.49, 59.56], [24.489, 59.561], [24.489, 59.562], [24.489, 59.563], [24.488, 59.576]]], [[[144.528, 72.236], [144.528, 72.235], [144.528, 72.234], [144.528, 72.233], [144.527, 72.232], [144.527, 72.231], [144.526, 72.23], [144.523, 72.227], [144.522, 72.227], [144.522, 72.226], [144.521, 72.226], [144.52, 72.226], [144.519, 72.226], [144.518, 72.226], [144.517, 72.226], [144.516, 72.226], [144.516, 72.227], [144.515, 72.227], [144.514, 72.228], [144.514, 72.229], [144.513, 72.229], [144.513, 72.23], [144.513, 72.231], [144.513, 72.232], [144.513, 72.233], [144.513, 72.234], [144.513, 72.235], [144.514, 72.235], [144.514, 72.236], [144.515, 72.237], [144.518, 72.239], [144.519, 72.239], [144.519, 72.24], [144.52, 72.24], [144.521, 72.24], [144.522, 72.24], [144.523, 72.24], [144.524, 72.24], [144.525, 72.239], [144.526, 72.239], [144.526, 72.238], [144.527, 72.237], [144.527, 72.236], [144.528, 72.236]]], [[[38.574, 47.128], [38.587, 47.122], [38.58088586956522, 47.119146739130436], [38.574, 47.128]]]]}, "properties": {"name": "Российская империя", "year": "1774-07-21", "role": "core", "reconstruction": true, "approximate": true, "expansion": true, "base": "контур источника 1715 (historical-basemaps)", "added": [{"name": "Псковская земля", "from": "1510-01-13", "to": null, "act": "упразднение Псковской республики 13.01.1510: вечевой колокол снят, 300 семей выведены в московские уезды", "source": "ПСРЛ т. 5 (Псковские летописи); геометрия - контур Пскова из файла источника 1500 г., не приближение", "kind": "территория", "region": "PSKOV_LAND", "approximate": true, "geometry_source": "Natural Earth admin-1 (современная нарезка - приближение)"}, {"name": "Великое княжество Рязанское", "from": "1521-06-01", "to": null, "act": "присоединение Рязани 1521 (месяц условный): князь Иван Иванович бежал в Литву, княжество обращено в уезд", "source": "ПСРЛ т. 8; ПСРЛ т. 13; геометрия - контур Рязани из файла источника 1500 г., не приближение", "kind": "территория", "region": "RYAZAN_LAND", "approximate": true, "geometry_source": "Natural Earth admin-1 (современная нарезка - приближение)"}, {"name": "Северщина: Брянск, Стародуб, Новгород-Северский, Чернигов, Путивль, Рыльск", "from": "1503-03-25", "to": null, "act": "Благовещенское перемирие 25.03.1503 на шесть лет по итогам войны 1500-1503 гг. (битва на Ведроши 14.07.1500): Литва уступила Москве северские и черниговские земли", "source": "Сборник Русского исторического общества т. 35 (посольские книги по связям с Великим княжеством Литовским); ПСРЛ т. 8; Атлас російського імперіалізму і колоніалізму (УІФ, 2026), розд. 6 - «253 000 км²». Приближено Брянской, Черниговской и Сумской областями (~91 тыс. км²) - это МЕНЬШЕ атласной цифры: Рыльск с Курским Посемьем, Вязьма (1494) и Дорогобуж в выборку не вошли", "kind": "территория", "region": "SEVERSK_1503", "approximate": true, "geometry_source": "Natural Earth admin-1 (современная нарезка - приближение)"}, {"name": "Смоленск и Смоленская земля", "from": "1514-07-31", "to": null, "act": "капитуляция смоленского гарнизона 31.07.1514 после третьей осады; 01.08.1514 Василий III въехал в город", "source": "ПСРЛ т. 8; ПСРЛ т. 13; Атлас УІФ, розд. 7. Приближено современной Смоленской областью", "kind": "территория", "region": "SMOLENSK_LAND", "approximate": true, "geometry_source": "Natural Earth admin-1 (современная нарезка - приближение)"}, {"name": "Казанское ханство", "from": "1552-10-02", "to": null, "act": "взятие Казани 02.10.1552", "source": "ПСРЛ т. 13 (Никоновская летопись)", "kind": "территория", "region": "VOLGA_KAZAN", "approximate": true, "geometry_source": "Natural Earth admin-1 (современная нарезка - приближение); обрезано контуром источника 1600 г."}, {"name": "Астраханское ханство и Волжский путь", "from": "1556-08-01", "to": null, "act": "взятие Астрахани 1556 (месяц условный)", "source": "ПСРЛ т. 13; Зайцев И.В. Астраханское ханство", "kind": "территория", "region": "VOLGA_LOWER", "approximate": true, "geometry_source": "Natural Earth admin-1 (современная нарезка - приближение); обрезано контуром источника 1600 г."}, {"name": "Башкирские земли", "from": "1556-08-01", "to": null, "act": "принятие башкирами подданства 1554-1557 (дата условная)", "source": "Материалы по истории Башкирской АССР т. 1", "kind": "территория", "region": "BASHKIRIA", "approximate": true, "geometry_source": "Natural Earth admin-1 (современная нарезка - приближение); обрезано контуром источника 1600 г."}, {"name": "Сибирское ханство", "from": "1587-06-01", "to": null, "act": "основание Тобольска 1587 после похода Ермака (месяц условный)", "source": "Сибирские летописи; Миллер Г.Ф. История Сибири", "kind": "территория", "region": "SIB_WEST", "approximate": true, "geometry_source": "Natural Earth admin-1 (современная нарезка - приближение); обрезано контуром источника 1600 г."}, {"name": "Ленский край и Восточная Сибирь", "from": "1632-09-25", "to": null, "act": "Якутский острог 25.09.1632", "source": "Миллер Г.Ф. История Сибири; ДАИ т. 2", "kind": "территория", "region": "SIB_LENA", "approximate": true, "geometry_source": "Natural Earth admin-1 (современная нарезка - приближение); обрезано контуром источника 1650 г."}, {"name": "Охотское побережье", "from": "1647-06-01", "to": null, "act": "Косой острожек (Охотск) 1647 (месяц условный)", "source": "Миллер Г.Ф. История Сибири; отписки С. Шелковникова", "kind": "территория", "region": "OKHOTSK", "approximate": true, "geometry_source": "Natural Earth admin-1 (современная нарезка - приближение); обрезано контуром источника 1650 г."}, {"name": "Азов и Таганрог", "from": "1774-07-21", "to": null, "act": "Кючук-Кайнарджийский мир 10(21).07.1774, ст. 20: Азов «вѣчно... принадлежать» империи; Таганрог как база Азовской флотилии - с 1769", "source": "ПСЗРИ т. XIX № 14164 (Кючук-Кайнарджийский трактат). Разбор E_pravki_a.md", "kind": "территория", "region": "AZOV", "approximate": true, "geometry_source": "Natural Earth admin-1 (современная нарезка - приближение)"}, {"name": "Гребенские городки и терско-кизлярское войско", "from": "1735-01-01", "to": null, "act": "с постройкой Кизляра 1735 г. гребенские и терские казаки подчинены кизлярскому коменданту (терско-кизлярское казачье войско в гарнизоне); сами городки на левом берегу Терека документированы с 1614-1651 (челобитье 1623 г. о жалованье 30 атаманам и 470 казакам, документ 1651 г. о Нижнем Червлёном городке) - вольная община с присягой и жалованьем, ВОПРОС КУРАТОРУ: считать ли контролем с 1614-1651. Месяц условный", "source": "Тхамокова И.Х. 2017 (по документам Терского города); Кушева 1963, 1997; разбор loop_2026-09-03/F1_chechnya_shagi.md", "kind": "территория", "region": "TEREK_SHELK", "approximate": true, "geometry_source": "Natural Earth admin-1 (современная нарезка - приближение)"}, {"name": "Моздок", "from": "1763-07-28", "to": null, "act": "отряд прибыл к урочищу Моздок 17(28).07.1763 для основания крепости; посольству Большой Кабарды 1764 г. в прекращении стройки отказано", "source": "литература (см. F1_chechnya_shagi.md); документ (рапорт/журнал) не разыскан", "kind": "территория", "region": "MOZDOK", "approximate": true, "geometry_source": "Natural Earth admin-1 (современная нарезка - приближение)"}, {"name": "Станицы Моздокского казачьего полка", "from": "1770-01-01", "to": null, "act": "в 1770 г. на Терек водворены 517 волжских и 100 донских казачьих семей: станицы Галюгаевская, Ищерская, Наурская, Мекенская, Калиновская; месяц условный", "source": "Айдамиров А. 1991 (хронология); разбор F1_chechnya_shagi.md", "kind": "территория", "region": "TEREK_NAUR", "approximate": true, "geometry_source": "Natural Earth admin-1 (современная нарезка - приближение)"}, {"name": "Левобережная Украина", "from": "1654-01-08", "to": null, "act": "Переяславская рада 08.01.1654; закреплено Андрусовским перемирием 30.01.1667", "source": "Акты ЮЗР т. 10; ПСЗРИ т. 1 № 398", "kind": "территория", "region": "UA_LEFT", "approximate": true, "geometry_source": "Natural Earth admin-1 (современная нарезка - приближение); обрезано контуром источника 1700 г."}, {"name": "Слободская Украина", "from": "1656-03-28", "to": null, "act": "слободские полки — не Гетманщина: они подчинялись воеводе Белгородского разряда, а не гетману, и Переяславская рада их не касалась. Дата — указ 28 марта 1656 года об учреждении Харьковского воеводства с воеводой Воином Селифонтовым: с него на этой земле появляется управление империи. Кончилось всё манифестом 28.07.1765 (ПСЗРИ, собр. 1-е, т. XVII, № 12440), отменившим само название: «козачьяго названія быть неприлично»", "source": "ПСЗРИ, собр. 1-е, т. XVII, № 12440; MAP-MATERIALS/ukraine/04_slobozhanshchina.md", "kind": "территория", "region": "UA_SLOBODA", "approximate": true, "geometry_source": "Natural Earth admin-1 (современная нарезка - приближение); обрезано контуром источника 1700 г."}, {"name": "Киев", "from": "1686-05-06", "to": null, "act": "Вечный мир с Речью Посполитой 06.05.1686", "source": "ПСЗРИ т. 2 № 1186", "kind": "территория", "region": "UA_KYIV", "approximate": true, "geometry_source": "Natural Earth admin-1 (современная нарезка - приближение); обрезано контуром источника 1700 г."}, {"name": "Эстляндия, Лифляндия, Ингрия", "from": "1721-08-30", "to": null, "act": "Ништадтский мир 30.08.1721", "source": "ПСЗРИ т. 6 № 3819", "kind": "территория", "region": "BALT_1721", "approximate": true, "geometry_source": "Natural Earth admin-1 (современная нарезка - приближение)"}, {"name": "Шумшу, Парамушир, Атласова", "from": "1715-01-01", "to": "1875-05-07", "act": "регулярный ясачный сбор с айнов Шумшу и Парамушира Курильским (Большерецким) острогом: росписи Козыревского и Петриловского, приём сборов Уваровским за 1715-1718 гг. одним списком; подчинение без боя 1713 г. (Козыревский) - по литературе, поэтому взят год документа", "source": "Памятники сибирской истории XVIII века, кн. 1-2 (ясачные росписи); указ 30.04.1779, ПСЗРИ т. XX № 14867 (подтверждает идущий сбор с ближних островов). Разбор MAP-MATERIALS/loop_2026-09-03/D1_kurily.md. ДО ПРАВКИ 03.09.2026 гряда краснела с указа 1779 г., а Шумшу и Онекотан - с контура источника 1715 г.; месяц условный", "kind": "территория", "region": "KURILS_SHUMSHU", "approximate": true, "geometry_source": "Natural Earth admin-1 (современная нарезка - приближение)"}, {"name": "Младший жуз", "from": "1731-02-19", "to": null, "act": "грамота Анны Иоанновны 19.02.1731, присяга Абулхаир-хана", "source": "Материалы по истории Казахской ССР т. 4", "kind": "территория", "region": "KZ_YOUNGER", "approximate": true, "geometry_source": "Natural Earth admin-1 (современная нарезка - приближение)"}, {"name": "Первый раздел Речи Посполитой: Подвинье и Поднепровье", "from": "1772-07-25", "to": null, "act": "конвенция о разделе 25.07.1772", "source": "ПСЗРИ т. 19 № 13850", "kind": "территория", "region": "BY_EAST", "approximate": true, "geometry_source": "Natural Earth admin-1 (современная нарезка - приближение)"}, {"name": "Первый раздел Речи Посполитой: Латгалия", "from": "1772-07-25", "to": null, "act": "конвенция о разделе 25.07.1772", "source": "ПСЗРИ т. 19 № 13850; Латгалия отрезана рамкой по долготе 26.2° в. д.", "kind": "территория", "region": "LATGALE", "approximate": true, "geometry_source": "Natural Earth admin-1 (современная нарезка - приближение)"}, {"name": "Новая Сербия", "from": "1752-01-01", "to": null, "act": "определение Сената и Военной коллегии о поселении сербов «въ Заднепрскихъ мѣстахъ» с границами по рекам: «начавъ отъ устья рѣки Каварлыка прямою линіею до верховья рѣки Тура, а съ верховья рѣки Тура на устье рѣки Каменки, отъ устья рѣки Каменки на верховье рѣки Березовки, отъ верховья рѣки Березовки на вершину рѣки Амелника». Живших там людей велено «выслать въ прежнія ихъ мѣста; понеже они поселились собою, безъ указа», а строения продать приезжим. Дата условная: год поселения, дня нет. Геометрия приближена районами — речной сети в наших слоях нет", "source": "ПСЗРИ, собр. 1-е, т. XIII", "kind": "территория", "region": "UA_KIROVOHRAD_STEPPE", "approximate": true, "geometry_source": "Natural Earth admin-1 (современная нарезка - приближение)"}, {"name": "Низовья Терека: Кизлярская крепость", "from": "1735-01-01", "to": null, "act": "крепость Кизляр заложена в 1735 г. при выводе войск из крепости Святого Креста по Гянджинскому трактату; день не найден - месяц условный (розыск у Буткова - беклог D3)", "source": "ПСЗРИ т. IX № 6707; разбор D3_dagestan.md. ДО ПРАВКИ 03.09.2026 Кизляр краснел с контура источника 1783 г.", "kind": "территория", "region": "TEREK_LOWER", "approximate": true, "geometry_source": "Natural Earth admin-1 (современная нарезка - приближение)"}, {"name": "Бурятия и Забайкалье", "from": "1727-08-20", "to": null, "act": "Буринский трактат 20.08.1727 разграничил земли между империей и Цинами по линии от Кяхты; демаркация - ПСЗРИ т. VII № 5180 (восток) и № 5189 (запад, 24 маяка с росписью бурятских родов-караульщиков)", "source": "ПСЗРИ т. VII № 5143 (Буринский трактат), № 5180, № 5189; разбор MAP-MATERIALS/loop_2026-09-03/D2_hubsugul.md. ПАРНОЕ добавление к вычитанию BURYAT_LAND: контур источника 1715 г. не держит Кяхту и пограничную полосу, и после снятия вычитания они оставались чёрными (правило «вычел - верни», HANDOFF)", "kind": "территория", "region": "BURYAT_LAND", "approximate": true, "geometry_source": "Natural Earth admin-1 (современная нарезка - приближение)"}], "removed": [{"name": "Левобережье Днестра", "from": null, "to": "1791-12-29", "why": "контур источника 1783 г. красил Тирасполь за восемь лет до Ясского мира 29.12.1791 (ПСЗРИ т. XXIII № 17008); разбор E_pravki_a.md", "region": "MOLDOVA_LEFT"}, {"name": "Правобережье Днестра (Бендеры, Кишинёв)", "from": null, "to": "1812-05-16", "why": "контур источника 1783 г. красил турецкую крепость Бендеры за 29 лет до Бухарестского мира 16.05.1812; разбор E_pravki_a.md", "region": "MOLDOVA_RIGHT"}, {"name": "Северная Монголия (Хубсугул, Мурэн)", "from": null, "to": null, "why": "империи не принадлежала никогда: контур источника 1700 г. суёт кусок Северной Монголии в контур России (шум обзорного контура, как с Урянхаем). Единственная попытка присутствия - Косогольский острог 1716-1721/22 гг. по указу Петра I (Памятники сибирской истории XVIII века, кн. 1-2, акты № 28, 44) - сожжён по требованию Канси ещё до Буринского трактата, который отдал озеро монгольской стороне (ПСЗРИ т. VII № 5143). Разбор - MAP-MATERIALS/loop_2026-09-03/D2_hubsugul.md", "region": "MONGOLIA"}, {"name": "Урянхайский край", "from": null, "to": "1914-04-04", "why": "источник рисует Урянхай внутри Московского царства в срезах 1650 и 1700 - шум обзорного контура; протекторат объявлен 04.04.1914", "region": "TUVA"}, {"name": "приморский Дагестан между Гянджой и Зубовым", "from": "1735-03-10", "to": "1796-05-10", "why": "контур источника 1783 г. красил берег Дагестана (кусок 5,4 тыс. км² у 47,7° в. д., 41,7° с. ш.); Персия вернула провинции по Гянджинскому трактату 1735, империя вернулась в Дербент только с Зубовым 1796 и Глазенапом 1806 (разбор D3_dagestan.md)", "region": "DAGESTAN_COAST"}, {"name": "Карачай", "from": null, "to": "1828-10-20", "why": "источник держит верховья Кубани и Теберды внутри империи с контура 1783 года, хотя карачаевцы приведены в подданство только в 1828-м. Пруф - АКАК т. 7: «Въ первый годъ войны съ Турцiею ген. Эмануель привелъ въ подданство Россiи Карачаевцевъ, обитающихъ на сѣверо-восточномъ склонѣ Кавказскихъ горъ, близь верховьевъ рр. Кубани и Теберды, у подошвы Эльбруса». АКАК даёт ГОД; день 20 октября взят по описанию Хасаукинского сражения в литературе и при появлении документа подлежит проверке", "region": "KARACHAY"}, {"name": "Вольности Войска Запорожского", "from": null, "to": "1775-05-04", "why": "источник красит Запорожье с контура 1700 года, а Сечь стояла до 4 мая 1775-го. Империя сама признаёт, что присяги не было: манифест об уничтожении Сечи (ПСЗРИ, собр. 1-е, т. XX, № 14354) вспоминает переговоры времён Хмельницкого — «на вопросъ Министровъ Царскихъ, что еще Запорожцы на вѣрность къ присягѣ не приведены?». Андрусовское перемирие 1667 года держит Запорожье «въ послушаніи, подъ обороною и подъ высокою рукою обоихъ Великихъ Государей нашихъ», а Прутский договор 1711 года признаёт запорожцев под крымской рукой. Геометрия — одиннадцать районов OpenStreetMap, приближение земель восьми паланок", "region": "UA_ZAPOROZHYE"}, {"name": "Белостокская область до Тильзита", "from": null, "to": "1807-07-09", "why": "контур источника красит Подляшье с 1800 года, разрезая воеводство прямой линией. По третьему разделу 1795 года Белосток отошёл Пруссии и стал российским только по Тильзитскому миру 1807 года", "region": "BIALYSTOK"}, {"name": "Междуречье Буга и Днестра", "from": null, "to": "1791-12-29", "why": "источник красит всё Причерноморье контуром 1783 года, а Очаковская область получена Ясским миром: акт № 17008 в своде датирован 29 декабря 1791 года (ратификации разменяны в Яссах 29 января 1792-го). Указ о новой земле: «Новопріобрѣтенную къ Россійской Имперіи отъ Порты Оттоманской землю, между рѣкъ Буга и Днѣстра лежащую… присоединить къ Губерніи Екатеринославской, возлагая попеченіе о заселеніи ея приходящими изъ-за границъ жителями»", "region": "UA_OCHAKOV"}, {"name": "Буджак", "from": null, "to": "1812-05-28", "why": "юг нынешней Одесской области с Измаилом, Килией и Аккерманом вошёл в империю по Бухарестскому миру 16 (28) мая 1812 года вместе с Бессарабией, а не в 1783-м, как красит контур источника. Том XXXII свода на диске отсутствует — текст акта подлежит сверке", "region": "UA_BUDJAK"}, {"name": "Правобережная Киевщина до второго раздела", "from": "1711-07-12", "to": "1793-01-12", "why": "источник красит Киевщину целиком контуром 1783 года. По документам она разделена: левый берег с 1654-го, узкая полоса вокруг Киева с 1686-го («Вечный мир» называет её поимённо: Стайки, Треполье, Васильковъ, Вышгородъ, мѣстечко Демидовка), а правый берег — только со второго раздела 1793 года", "region": "UA_KYIV_RIGHT"}, {"name": "Крымское ханство", "from": null, "to": "1783-07-09", "why": "манифест о принятии Крыма подписан 8 апреля 1783 года, но по правилу проекта «контроль, а не акт» земля краснеет днём присяги — 28 июня (9 июля) 1783 года у скалы Ак-Кая под Карасубазаром, где манифест и был обнародован. Сам манифест (ПСЗРИ, собр. 1-е, т. XXI): «рѣшились Мы взять подъ державу Нашу полуостровъ Крымскій, островъ Таманъ и всю Кубанскую сторону… Возвѣщая жителямъ тѣхъ мѣстъ силою сего Нашего Императорскаго манифеста таковую бытія ихъ перемену». Даты присяги в своде нет — она из описаний", "region": "UA_CRIMEA"}, {"name": "Ногайская степь (Прикубанье)", "from": null, "to": "1783-10-01", "why": "источник держит Прикубанье внутри империи с контура 1783 года, хотя ногайские орды кочевали здесь сами по себе. Подчинены они были не договором, а истреблением: в ночь на 1 октября 1783 года войска Суворова с донскими казаками перешли Кубань и разорили аулы на Лабе. Пруф - собственный рапорт Суворова П. С. Потёмкину от 03.10.1783 (ЦГВИА, ф. 52, д. 296, л. 337): аулы «найденные при урочищах, по правую - Керменчик и по левую сторонам Лабы - Сарычигер... достойно наказаны. Просившие пощады взяты и яко пленные розданы по рукам для пропитания». В подробном рапорте: «на рассвете ударили на бунтовщиков... открылась полная победа! Побоище было по обеим сторонам Лабы». Публикация: Суворов А. В. Документы, т. 2 (М., 1951), док. № 254", "region": "NOGAI_STEPPE"}, {"name": "Мегрелия", "from": null, "to": "1803-12-04", "why": "источник держит Мегрелию внутри империи с 1783 года, хотя владетель подал просительные пункты в 1803-м", "region": "GEO_MEGRELIA"}, {"name": "Абхазия", "from": null, "to": "1810-02-17", "why": "источник держит Абхазию внутри империи с 1783 года, хотя грамота владетелю дана 17.02.1810", "region": "GEO_ABKHAZIA"}, {"name": "Имеретия", "from": null, "to": "1810-04-20", "why": "источник держит Имеретию внутри империи с 1783 года, хотя царь Соломон II низложен весной 1810-го", "region": "GEO_IMERETI"}, {"name": "Гурия", "from": null, "to": "1811-01-01", "why": "источник держит Гурию внутри империи с 1783 года, хотя владетель подал просительные пункты в 1811-м", "region": "GEO_GURIA"}, {"name": "Аджария (Батум)", "from": null, "to": "1878-07-01", "why": "источник держит Батум внутри империи с 1783 года, хотя Батумская область получена по Берлинскому трактату 01.07.1878", "region": "GEO_AJARIA"}, {"name": "Приамурье", "from": null, "to": "1858-05-16", "why": "источник держит левобережье Амура внутри империи с 1815 года, хотя граница по Амуру установлена Айгунским договором 16.05.1858. СЕВЕРНЫЙ КРАЙ ВЫЧИТАНИЯ - ПРЯМАЯ ПО 51,5 ГРАДУСА С. Ш.: она отделяет охотское побережье, которое у России было с XVII века, от амурского бассейна, цинского до 1858 года. Настоящей линии здесь не существует - Нерчинский договор 1689 года оставил зону между Удой и Становым хребтом неразграниченной. Линия приближает эту зону, а не рисует границу (решение куратора 28.08.2026: оставить как есть и подписать)", "region": "AMUR_LEFT"}, {"name": "Приморье", "from": null, "to": "1860-11-02", "why": "источник держит Приморье внутри империи с 1815 года, хотя Уссурийский край получен по Пекинскому трактату 02.11.1860", "region": "PRIMORYE"}, {"name": "Младший жуз", "from": null, "to": "1824-01-01", "why": "ПРИСЯГА ХАНА - НЕ УПРАВЛЕНИЕ СТЕПЬЮ (правка 28.08.2026). Абулхаир присягнул 19.02.1731, но степь этим имперской не стала: в 1783-1797 годах здесь четырнадцать лет шла война Срыма Датова. Управление появилось Уставом об оренбургских киргизах 1824 года - ханская власть упразднена, заведено окружное управление. Это ровно тот же признак, по которому карта уже датирует Средний жуз Уставом о сибирских киргизах 22.06.1822: оставлять Младший жуз на присяге 1731 года было непоследовательно. Разбор - data/crosscheck/control_vs_act.csv", "region": "KZ_YOUNGER"}, {"name": "Кабарда", "from": null, "to": "1822-01-01", "why": "ЕРМОЛОВСКАЯ ЛИНИЯ, А НЕ КОНТУР 1783 ГОДА (правка 28.08.2026). До этой правки Кабарда краснела просто потому, что её держал внутри себя контур источника на 1783 год, своей строки у неё не было вовсе. С 1806 по 1822 год в Кабарде работали шариатские суды - мехкеме, то есть своя юрисдикция. В 1822 году Ермолов построил укрепления по Малке, Баксану, Чегему, Нальчику, Урвани, Череку и Уруху, закрыв выходы с гор на равнину, распустил мехкеме и учредил в Нальчике Временный суд под своим надзором. Разбор - data/crosscheck/control_vs_act.csv", "region": "KABARDA"}, {"name": "Ингушетия", "from": null, "to": "1858-07-01", "why": "ТА ЖЕ ВОЙНА, ЧТО В ЧЕЧНЕ, НО СВОЕЙ СТРОКИ НЕ БЫЛО (правка 28.08.2026). Земля краснела контуром источника с 1783 года - за год до Владикавказской крепости и за двадцать семь лет до Назрановского укрепления, которые по нашему же правилу остаются точками. В мае-июне 1858 года около пяти тысяч повстанцев осадили Назрановское укрепление и звали на помощь имама Шамиля; восстание подавил Барятинский, руководителей казнили и сослали. Красное приходит после этого - на год раньше чеченской даты 19.08.1859. Месяц взят по подавлению, точный день не выверен. Разбор - data/crosscheck/control_vs_act.csv", "region": "INGUSHETIA"}, {"name": "Арктическая Якутия: Яна, Индигирка, Алазея, Колыма, Оленёк и Анабар", "from": null, "to": "1822-01-01", "why": "ВТОРАЯ СТУПЕНЬ ЗАХВАТА ЯКУТИИ (правка 28.08.2026 по вопросу куратора «я не вижу как земли захватываются»). Красное по всей республике приходило одной датой 1684 года - после последнего якутского восстания. Но восстания шли в Ленско-Амгинском междуречье, вокруг Якутска, а тундра и лесотундра севера жили иначе: там стояли ясачные зимовья, куда кочевники приходили сами, и юкагиры дрались с империей до конца XVII века - восстание Пелевы 1645, побег аманатов на Алазее 1649, уничтожение отряда Фёдора Чюкичёва ходынцами 1661, восстание омолоевских и хромовских юкагиров 1663-1664, последнее восстание Канивы 1681-1684 с осадой Анадырского острога. Управление на самой земле завелось не тогда: в 1805 году из Жиганского и Зашиверского комиссарств собрано Верхоянское комиссарство, и только по Учреждению для управления Сибирских губерний 1822 года Якутская область разделена на пять округов - Якутский, Вилюйский, Олёкминский, Верхоянский и Среднеколымский, - то есть на севере появились свои окружные центры с постоянной администрацией. Красное здесь приходит 1822 годом. Геометрия - тринадцать современных улусов OpenStreetMap (data/sakha/arctic_uluses.geojson, 1,5 млн км²): Анабарский, Оленёкский, Булунский, Жиганский, Усть-Янский, Верхоянский, Эвено-Бытантайский, Аллаиховский, Абыйский, Момский, Верхнеколымский, Среднеколымский, Нижнеколымский. Якутск, Вилюйск и Олёкма в группу не входят - там красное с 1684 года. Разбор - data/crosscheck/siberia_control_vs_act.md", "region": "YAKUTIA_ARCTIC"}, {"name": "Чуйские двоеданцы: Кош-Агач и Улаган", "from": null, "to": "1866-01-01", "why": "ДВОЕДАНСТВО. Указ Елизаветы 02.05.1756 и присяга осени 1756 года закрыли Горный Алтай, но НЕ его юго-восток: телесы и теленгиты по Чуе, Аргуту и Чулышману платили дань И РОССИИ, И ЦИНСКОМУ КИТАЮ ещё сто десять лет. Двоеданство кончилось в 1860-х: последний платёж Китаю - 1866 год, после Чугучакского протокола 1864 года. Геометрия - Кош-Агачский и Улаганский районы OpenStreetMap (data/altai/dvoedantsy.geojson). Разбор - data/crosscheck/siberia_control_vs_act.md", "region": "ALTAI_DVOEDAN"}, {"name": "Таймыр: земли нганасан", "from": null, "to": "1930-12-10", "why": "ЗАХВАТА НЕ БЫЛО ВОВСЕ (правка 28.08.2026 по вопросу куратора «как таймыр захватывали?»). До 28.08.2026 карта краснела здесь с 1666 года - по подавленному восстанию авамских нганасан, то есть по тому же принципу «сопротивление кончилось - земля наша», который для тундры не работает: чтобы землёй распоряжаться, на ней надо быть. Ясак с предков нганасан брали по группам - в 1618 году с пясидских самоедов, в 1625-м с кураков и ванядов, в 1627-м с тидирисов и части тавгов, - но брали его в ЗИМОВЬЯХ, куда кочевники приходили сами: Авамском, Есейском, Хатангском, Дудинском. В тундру администрация не ходила. Сопротивление шло весь XVII век (1666 - убито больше тридцати служилых и промышленных людей и четверо тунгусов; 1683 - разгром Есейского зимовья ванядами) и продолжалось в первой половине XVIII века, после чего авамское племя рассеялось от неудачных восстаний и голода. Управление на самой земле завелось только в советское время: 1921 - советская власть впервые дошла до нганасан, 1925 - родовые советы переделаны в советские, 10.12.1930 постановлением ВЦИК образован Таймырский (Долгано-Ненецкий) национальный округ с центром в Дудинке и четырьмя районами (Авамский, Дудинский, Хатангский, Усть-Енисейский), 1931-1938 - коллективизация, 1935 - Норильск и Норильлаг, оседание нганасан в посёлках Усть-Авам, Волочанка и Новая - 1940-1960-е. Красное приходит 10.12.1930, как на Чукотке оно приходит с постом Ново-Мариинск 1889 года, а не с ясаком и не с острогом. Разбор - data/crosscheck/siberia_control_vs_act.md", "region": "TAIMYR"}, {"name": "Южные Курилы: Итуруп, Кунашир, Шикотан, Хабомаи", "from": null, "to": "1945-09-03", "why": "ИМПЕРИЯ ИМИ НЕ РАСПОРЯЖАЛАСЬ ДО 1945 ГОДА (правка 28.08.2026). Симодский трактат 1855 года провёл границу между Итурупом и Урупом: южные острова японские. Красное приходит только с Курильской десантной операцией 18.08-01.09.1945, полная занятая гряда - к началу сентября; дата взята та же, что в слое Второй мировой, 03.09.1945. Геометрия - Южно-Курильский округ плюс Итуруп, вырезанный из Курильского округа по 45,62 с.ш.", "region": "KURILS_SOUTH"}, {"name": "Онекотан - Симушир до Симоды", "from": null, "to": "1855-02-07", "why": "контур источника 1715 г. красит Онекотан без документа на контроль (разбор D1_kurily.md)", "region": "KURILS_MIDDLE"}, {"name": "Уруп до поселения Шелихова", "from": null, "to": "1795-01-01", "why": "контур источника; разбор D1_kurily.md", "region": "KURILS_URUP"}, {"name": "Горная Осетия", "from": null, "to": "1831-01-01", "why": "РАВНИНА И ГОРЫ РАЗВЕДЕНЫ (правка 28.08.2026). Осетинские старшины ездили в Моздок ещё в октябре 1774 года, и равнина краснеет по источнику с 1783 года - но горные общества имперская администрация не держала. Летом 1830 года отряд генерала Абхазова вышел из Владикавказа (08.07.1830) с восемью орудиями и особой командой для подрыва башен; кобанцы под предводительством части Тулатовых сопротивлялись. Уже в конце октября - начале декабря 1830 года Паскевич доносил в Петербург, что осетины не слушают местных властей, - поэтому дата поставлена на конец года, а не на день выступления отряда. Геометрия - южнее 42,95 с.ш., Владикавказ на равнине остаётся красным. Разбор - data/crosscheck/act_vs_control_audit_2026-08-28.md", "region": "OSSETIA_MTN"}, {"name": "Ненецкие тундры: Канин, Тиман, Колгуев", "from": null, "to": "1929-07-15", "why": "ТОТ ЖЕ СЛУЧАЙ, ЧТО ЯМАЛ И ТАЙМЫР: кочевое оленеводческое население, дань через дальний укреплённый пункт (здесь Пустозерск), своей постоянной администрации нет до советского округа. Права ненцев Москва знала давно - в 1545 году великий князь прислал «грамоту гневным словом, пошто у канинские и тиминские самояди зверинные угодеи и рыбные ловли пермеки, пинежане, важане поимали их дедины и отчины», - но землёй не распоряжалась. Ненецкий округ образован постановлением Президиума ВЦИК 15.07.1929, тогда же появился Канинско-Тиманский район; 20.12.1929 в округ включена Пустозёрская волость. Разбор - data/crosscheck/north_1450_2026-08-28.md", "region": "NENETS"}, {"name": "Эвенкия и Туруханский север", "from": null, "to": "1930-12-10", "why": "ТА ЖЕ ИСТОРИЯ, ЧТО НА ТАЙМЫРЕ (правка 28.08.2026). Земля краснела с 25.09.1632 - по дате Якутского острога, который стоит за две тысячи вёрст отсюда. С 1601 по 1930 год постоянное присутствие империи здесь - это ОДИН переносимый пост: Мангазея (1601), после двух пожаров и указа 1672 года перенесена на Енисей как Новая Мангазея, она же Туруханск. Вглубь тайги пост не двигался. Ясак брали в зимовьях по списку ясачной книги 1629 года (Хантайское, Есейское, Пясидское, Верхотазское, Худасейское, Туруханское, Имбацкое, Закаменное), куда люди приходили сами. Насколько это было управление, видно по датам: 1600 - у Мангазеи разбит отряд, погибло около тридцати человек; 1679 - юрацкая самоядь напала на семьи сборщиков, и место старой Мангазеи бросили совсем; 1683 - сожжено Есейское зимовьё. В конце XVIII века на весь край 4878 человек, из них русских 802 души мужского пола. Первое деление территории на местные единицы - 1925 год (восемь районов, из них пять туземных, и 24 родовых совета на 1,57 млн км² при 23,6 тыс. жителей); первые исполкомы в самой тайге - 1927 (Илимпийский на Нижней Тунгуске, Байкитский на Подкаменной); 10.12.1930 постановлением Всероссийского центрального исполнительного комитета образованы Эвенкийский национальный округ с центром в Туре и Туруханский район. Красное приходит этой датой - тем же указом, что и на Таймыре. Оседание кочевого хозяйства тянулось до 1950-х. Разбор - data/crosscheck/siberia_control_vs_act.md", "region": "EVENKIA_TURUKHANSK"}, {"name": "Ямал и Гыдан: Ямало-Ненецкий округ", "from": null, "to": "1930-12-10", "why": "ОБДОРСК - ТОЧКА, А НЕ ЗЕМЛЯ (правка 28.08.2026). Острог в устье Оби поставлен в 1595 году и держал торговлю и ясачный сбор, а не тундру: в 1607 году около двух тысяч человек два месяца осаждали Берёзов, в 1679 году самоеды пытались взять сам Обдорск - через восемьдесят четыре года после его основания. Ясак ненцы везли в острог сами, к зимнему сбору и Обдорской ярмарке; на Тазу служилые люди, по их собственным словам, «за ними для ясаку не ходят… да и от зимовий своих отходити не смеют». Устав об управлении инородцев 1822 года записал ненцев в «бродячих» - без земских сборов, с родовым судом и правилом посещать их не чаще раза в год, а в 1827 году в этот разряд перевели всех инородцев Северной Оби: империя предпочла мир доходу и от управления этой землёй отказалась прямо. Движение Ваули Пиеттомина 1830-х годов кончилось тем, что его схватили обманом в Обдорске, а не силой в тундре. Красное приходит 10.12.1930, когда постановлением Всероссийского центрального исполнительного комитета образованы Ямальский (Ненецкий) национальный округ и районы Ямальский, Тазовский, Надымский и Приуральский. ОГОВОРКА: устойчивым это управление стало не сразу - в декабре 1934 года мандалада разогнала Нейтинский, Тамбейский и Тиутейский национальные советы, и порядок восстановил отряд ОГПУ; второе восстание - июнь 1943 года, бой у горы Недь-Ю. Разбор - data/crosscheck/siberia_control_vs_act.md", "region": "YAMAL_NENETS"}, {"name": "Чукотка", "from": null, "to": "1889-08-03", "why": "ЗАВОЕВАНИЯ НЕ БЫЛО (решение куратора 28.08.2026). Сенатский указ 1742 года велел непокорных чукчей «искоренить вовсе»; 14.03.1747 отряд майора Павлуцкого разбит на реке Орловой; указом 04.05.1764 Анадырская партия и острог ликвидированы, с 1765 года людей вывели, в 1771-м укрепления срыли. В докладе Сената Екатерине: приводить чукчей в подданство «нужды и пользы нет». Протокол 1778 года в Гижигинской крепости подписал ОДИН тойон из четырёх - Амулят Хергынтов; указом 11.10.1779 чукчи получили десять лет без ясака и независимость во внутренних делах, а империя - право выставить деревянные доски со своим гербом. Красное приходит только 03.08.1889, когда начальник Анадырской округи Гриневецкий основал ПОГРАНИЧНЫЙ пост Ново-Мариинск; саму округу учредили указом 09.07.1888 как форпост против американской экспансии после продажи Аляски. До этой даты на Чукотке красятся только остроги точками (data/ostrogs/registry.csv). Разбор - data/crosscheck/siberia_control_vs_act.md", "region": "CHUKOTKA"}, {"name": "Чечня южнее Терека", "from": null, "to": "1859-08-19", "why": "война сопротивления: завоевание Чечни Евдокимовым: просеки, голод, взятие Ведено в апреле 1859 г.. Пруф: кампания «Просеки и голод: завоевание Чечни Евдокимовым (1857-1859)» (C1168), последняя дата окна - 19.08.1859; падение Ведено датировано в кампании «Подавление восстаний 1860-1861 годов, казнь Байсангура и расстрел зикристов у Шали (1860-1864)» (C1169). Территория покрашена как контур источника 1783 г. (плюс Гюлистанский мир 12.10.1813 де-юре)", "region": "CHECHNYA_WAR"}, {"name": "Горный Дагестан (ядро имамата)", "from": null, "to": "1859-08-25", "why": "война сопротивления: сдача имама Шамиля у аула Гуниб 25.08.1859. Пруф: кампания «Подавление восстаний 1860-1861 годов, казнь Байсангура и расстрел зикристов у Шали (1860-1864)» (C1169): «Двадцать пять лет чеченцы и дагестанцы держали против империи собственное государство - имамат... В 1859 году имамат пал: в апреле войска взяли его столицу Ведено, в августе у дагестанского аула Гуниб сдался сам Шамиль». Территория покрашена как контур источника 1783 г. (плюс Гюлистанский мир 12.10.1813, ПСЗРИ т. 32 № 25466)", "region": "DAGESTAN_MTN"}, {"name": "Кумыкская плоскость, Салатавия и Аух", "from": null, "to": "1859-08-25", "why": "война сопротивления: сдача имама Шамиля у аула Гуниб 25.08.1859; следом кумыкская плоскость сведена в Кумыкский округ Терской области. Пруф: сама имперская администрация писала, что земли не держит. АКАК т. 6 ч. 2, док. 958, предписание Ермолова ген.-м. Тихтеву от 30.04.1826: «Въ Андреѣ учрежденъ судъ, но дѣйствіе онаго пріостановлено всеобщимъ возмущеніемъ и нѣкоторыми безпокойствами въ самомъ Андреѣ, которыя главнаго Кумыкскаго пристава понудили удалиться изъ города въ кр. Внезапную». АКАК т. 9, обзор конца 1830-х: «Укрѣпленія, построенныя въ Кумыкской землѣ - Внезапная, Умахан-юртъ и Таш-кичу, не охраняли Кумыковъ отъ нападеній и не упрочивали сообщенія». АКАК т. 12, док. 561, записка Главного штаба Кавказской армии, июль 1858 г.: «Кумыкскій округъ образуется изъ Кумыковъ и Ногайцевъ, а со временемъ къ нему присоединятся и тѣ изъ прилежащихъ обществъ, которыя могутъ намъ покориться» - округа ещё нет, соседи не покорены. Территория покрашена как контур источника 1783 г.", "region": "KUMYK_PLAIN"}, {"name": "Черкесия: левобережье Кубани", "from": null, "to": "1864-05-21", "why": "война сопротивления: окончание Кавказской войны, парад в Кбаадэ 21.05.1864. Пруф: дата уже курируется в таблице приобретений выше (A CIRCASSIA 1864-05-21): АКАК т. 12; Берже А.П. Выселение горцев с Кавказа. Территория покрашена как контур источника 1783 г.", "region": "CIRCASSIA_LEFT"}], "source": "КУРИРУЕМЫЙ СРЕЗ РАСПОЛЗАНИЯ (19.08.2026): контур источника 1715 плюс приобретения по актам, действующие на 1774-07-21, минус территории, которых на эту дату у империи ещё или уже нет. Приобретения приближены современными административными единицами (Natural Earth admin-1), кроме Русской Америки - её контур берём из среза источника 1815 г. Даты актов по старому стилю, как в ПСЗРИ. Собрано tools/build_expansion.py, проверка - tools/check_expansion.py по data/crosscheck/expansion.csv"}}]}