slug,name_ru,lon,lat,founded,gone,radius_km,source,note,kind,land
tyumen,Тюмень,65.534,57.153,1586-01-01,,15,"В. И. Кочедамов, «Первые русские города Сибири», М., 1978 (стена внешнего острога 1731, обмер 1741); хронологические своды Тюмени (регулярный план 1765, пожар 04.07.1766 ст. ст., разборка стен 1767); ПСЗРИ, собр. I, т. XXI, № 15.327 (19.01.1782 ст. ст.)","КОНЕЦ СНЯТ 17.09.2026 по правилу куратора (точка гаснет только если постройку снесли, имперцев выгнали или всё вокруг покраснело). Прежняя дата конца 1767: стены и башни убраны в 1767 при регулярной застройке; город остался имперским. конец: стены и башни убраны в 1767 году при переходе на регулярную застройку по плану, утверждённому Екатериной II; повод - пожар 04.07.1766 ст. ст. (15.07.1766 н. ст.), укрепления к тому времени «не имели практического значения и давно не обновлялись». Административный конец отдельно: 1782 - воеводскую канцелярию сменило городническое правление, Тюмень стала уездным городом Тобольского наместничества. Уверенность средняя: своды сходятся, первоисточник не открыт. Розыск 16.09.2026",ostrog,сибирские татары
tobolsk,Тобольск,68.259,58.199,1587-01-01,,15,"А. В. Матвеев, О. М. Аношко, «Октябрьский раскоп в Тобольске», ВААЭ, 2019; О. М. Аношко, А. И. Клименко, «Тобольский посадский острог XVII в.», ТПАИ, 2019 (оба со ссылкой на Сибирский летописный свод, ПСРЛ т. 36, 1987); А. Ю. Конев, «Исторический вестник», 2024, т. 49, с. 44-61","единой даты конца нет. Версия «сгорел в 1680 и не отстраивался» опровергнута: 29.04.1688 ст. ст. заложены самые мощные укрепления в истории города - вал со рвом, четыре башни, бревенчатый частокол. Решение строить камень вместо дерева - наказ 01.09.1697 ст. ст., причина названа прямо: город «преж сего горелъ многажды». Дерево видно на чертежах Ремезова 1701 и 1714 годов; археологи допускают, что стена 1688 года стояла «примерно до 1714 г., хотя не исключено, что и дольше». Пожары: 13-14.08.1643, 29.05.1677, 07.08.1680 ст. ст. Розыск 16.09.2026",ostrog,сибирские татары
surgut,Сургут,73.396,61.254,1594-01-01,,15,"ВИКИПЕДИЯ, «Сургут»",месяц условный,ostrog,
mangazeya,Мангазея,82.230,66.690,1601-01-01,1672-01-01,15,ВИКИПЕДИЯ «Мангазея»; vokrugsveta.ru (А. Мясников),"МЕХАНИЗМ КОНЦА ПОДТВЕРЖДЁН (проверка 17.09.2026, случай 1 - брошена и не восстановлена): «В 1672 году они наконец получили добро. И гарнизон, и жители перебрались в Новую Мангазею (ныне Туруханск)» (РГО). Разнобой дат не снят и записан: та же статья ВИКИПЕДИИ в одном месте пишет «окончательно запустел в 1662 году», в другом - «Окончательно Мангазея была оставлена в 1677 году, а её гарнизон был переведён на Енисей - в Туруханское зимовье». Взят 1672 - единственная версия, где названо само действие. Хвост: Белов/Овсянников/Старков, «Мангазея», 1980. указ царя Алексея Михайловича об упразднении города - 1672, точный день/месяц не найден; фактическое опустение по источникам расходится: 1662 / 1677 / 1680 (Белов/Овсянников/Старков 1980 не прочитана - главный хвост); гарнизон переведён в Туруханское зимовье ок. 12.06.1672 ст.ст.=22.06 н.ст.",ostrog,
tomsk,Томск,84.977,56.484,1604-10-07,,15,"М. П. Чёрная, «Были и небыли Томского кремля», Вестник Томского гос. университета, 2004, № 281; она же, автореферат дис. «Томский кремль середины XVII-XVIII веков», 2002; ПСЗРИ, собр. I, т. XXI, № 15.327 (19.01.1782 ст. ст.)","КОНЕЦ СНЯТ 17.09.2026 по правилу куратора (точка гаснет только если постройку снесли, имперцев выгнали или всё вокруг покраснело). Прежняя дата конца 1782: кремль разобран за ненадобностью в начале 1780-х; город остался. конец: «покинутый кремль начинает ветшать и в начале 1780-х гг. старые укрепления за ненадобностью разбирают» (Чёрная); кремль 1648 года «функционировал до конца 1770-х - начала 1780-х гг.». Год внутри окна взят по указу 19.01.1782 ст. ст. (30.01.1782 н. ст.), которым учреждено Тобольское наместничество и ликвидировано воеводское управление; причинно-следственной связи между указом и разборкой стен источники не утверждают. Розыск 16.09.2026",ostrog,"эуштинцы, томские татары"
kuznetsk,Кузнецк (Новокузнецк),87.166,53.757,1618-01-01,,15,"ПСЗРИ, собр. I, т. XXI, указ 12.05.1783 ст. ст. (вероятно № 15.753), «О бытіи Губернскому городу Коливанской Губерніи въ Берскомъ острогѣ…»; там же № 15.857 (23.10.1783) об исполнении; диск: ~/tmp/MATERIALS/ukraina/psz/XXI_raw.txt","КОНЕЦ СНЯТ 17.09.2026 по правилу куратора (точка гаснет только если постройку снесли, имперцев выгнали или всё вокруг покраснело). Прежняя дата конца 1783-05-23: упразднён как острог указом 12.05.1783 ст. ст. при губернской реформе и учреждён уездным городом; город остался. конец: упразднён указом при губернской реформе - «пригороды и остроги, по коимъ называются уѣзды, учредить уѣздными городами» (12.05.1783 ст. ст. = 23.05.1783 н. ст.). Исполнено 28.07.1783 ст. ст.: генерал-губернатор Якоби объявил преобразование и приказал открыть города. Земляные ретраншементы по указу 24.04.1798 ст. ст. («вновь два ретраншамента, одинъ на горѣ, гдѣ уже предъ симъ былъ старой») - другой объект, к этой строке не относится. Розыск 16.09.2026",ostrog,шорцы и телеуты
yeniseysk,Енисейск,92.170,58.449,1619-01-01,,15,"краеведческие своды Енисейска (naov.ru, «Мой Енисейск» при СФУ, yeniseisk-heritage.ru) - все без сноски на архив; ПСЗРИ, собр. I, т. XXI, № 15.327 (19.01.1782 ст. ст.)",механизма конца нет. Последнее свидетельство активного состояния - попытка новой восьмибашенной стены в 1733 году; первое свидетельство отсутствия - «отдельные башни стояли до начала XIX века»; оба идут из одного нессылочного текста. Административно с 1782 - уездный город Томской области Тобольского наместничества. Розыск 16.09.2026,ostrog,кеты и эвенки
krasnoyarsk,Красноярск,92.867,56.010,1628-08-16,,15,ВИКИПЕДИЯ «Красноярский острог»; cyberleninka.ru «Джунгары у стен Красноярска. 1667 год»,"КОНЕЦ СНЯТ 17.09.2026 по правилу куратора (точка гаснет только если постройку снесли, имперцев выгнали или всё вокруг покраснело). Прежняя дата конца 1773-01-01: острог сгорел в 1773 и не отстроен, но город остался. день постройки 06.08.1628 ст.ст. (встречается расходящийся вариант 18.08, не разобран); осады 1667 (194 убитых, >30% гарнизона, острог устоял) и 1679 (отбита артиллерией) отбиты; в 1773 остатки острога сгорели и НЕ восстанавливались - город перепланирован geodezистом П. Моисеевым; отдельной крепости XVIII в. на этом месте не было (не путать с одноимённой на Ново-Закамской линии в Самарской обл.)",ostrog,
ilimsk,Илимск,103.150,56.800,1630-01-01,,15,"В.Н. Шерстобоев, «Илимская пашня», т. II (через statehistory.ru); ВИКИПЕДИЯ «Илимск»; ПСЗ т. IV, «Памятники сибирской истории XVIII в.» кн.2","зимовьё И.Галкина 1630, острог 1631; сгорел 1647 и дотла 1666; в 1667 новый острог в 640 м от пепелища (319 саж., 8 башен); церковь 1673; перестройки 1687-89, 1694; пушки вывезены в Якутск 1727; к 1733 «тычины от земли подгнили»; последний ремонт укреплений 1753-1755 - по Шерстобоеву, «перестройка… оказалась последней в истории Илимска»; 1792 распроданы воеводский дом и канцелярия (административные постройки, не стены); дальше - тишина источников, снос/пожар/указ об упразднении не найдены, острог истлел без зафиксированной даты - только ветшание, поэтому gone остаётся пустым; 1975 год СНЯТ - это дата затопления ПОСЁЛКА Усть-Илимским водохранилищем, а не острога",ostrog,
bratsk,"Братский острог (1-е место, Падунский порог)",101.617,56.150,1631-01-01,1648-01-01,15,irkipedia.ru «Братский острог»; ВИКИПЕДИЯ «Братский острог»,"острог М. Перфильева у Падунского порога на Ангаре; координаты порога приблизительные (совр. геопривязка, порог сейчас под Братским морем); в 1648 перенесён - причина (пожар/набег/иное) НЕ найдена, вопреки версии в старой заметке таблицы о сожжении бурятами; с 1648 по 1654 год острог стоял на отдельном 2-м месте (правый берег Ангары у Братской/Монастырской вершин) - координаты этого места НЕ установлены, отдельной строкой (bratsk-1648) в CSV не заводим",ostrog,
bratsk-1654,"Братский острог (3-е место, устье Оки - совр. Братск)",101.617,56.150,1654-01-01,,15,"ВИКИПЕДИЯ «Братский острог» (со ссылкой на В.Ф. Герасимов, «Летопись Братска», 1991)","Д. Фирсов поставил острог в устье р. Оки (левый берег, 2 км выше впадения в Ангару), окружность 120 саженей; это координаты, под которыми точка числилась в таблице как единый «bratsk» с 1631 - на деле это уже 3-е место; военное значение утрачено постепенно, дата не найдена; посёлок на этом месте (не острог) дожил до затопления Братским водохранилищем в 1960-е",ostrog,
yakutsk,Якутск,129.733,62.028,1642-01-01,,15,"Н.В. Султанов, «Остатки Якутского острога» (~1902, опись 1887 г. А.Попова); archivesakha.ru; kazachestvo.ru; ru.wikipedia.org «Якутский острог»","КОНЕЦ СНЯТ 17.09.2026 по правилу куратора (точка гаснет только если постройку снесли, имперцев выгнали или всё вокруг покраснело). Прежняя дата конца 1922-01-01: последние срубы острога разобраны на дрова в начале 1920-х; город остался. часть источников даёт 1643 (стройка завершена); новое место - урочище Сай-Сар/Сайсары, долина Туймаада; в 1681-83 перестроен в кремль с 8 башнями (воевода Приклонский); пожар в ночь на 27.12.1701 ст.ст.=07.01.1702 н.ст. (собор+3 башни+колокольня); упадок без капремонта - 5 башен к 1759, 4 к 1887 (опись Попова: «никогда не было возобновляемо»); последние срубы разобраны на дрова в начале 1920-х (Википедия датирует 1922), спасена только надвратная башня (нарком А.Семёнов), сгорела при поджоге в 2002, в том же году восстановлена новоделом. GONE - НИЗКАЯ УВЕРЕННОСТЬ: 1922 - лучшая из нескольких защитимых дат (альтернативы 1701 или 2002), единого указа/акта нет",ostrog,
yakutsk-1632,"Ленский острог (первое место, у Соттинцов)",130.131,62.444,1632-10-05,1642-01-01,15,"Архив Республики Саха, «Столица на вечной мерзлоте» (цитата челобитной Бекетова); Н.В. Султанов, «Остатки Якутского острога» (~1902, цит. Словцова, Щукина); ru.wikipedia.org «Соттинцы»","КООРДИНАТЫ ПЕРЕНЕСЕНЫ 17.09.2026 («го» куратора): было 129.733,62.028 - это нынешний Якутск, то есть место ПОСЛЕ переноса 1642 года; строка описывает первый Ленский острог на правом берегу, 60-70 вёрст ниже по Лене, у нынешних Соттинцев, где место отмечено музеем-заповедником «Дружба» (раскопками не привязано). ст.ст. 25.09.1632; правый берег Лены, 60-70 вёрст/км ниже нынешнего Якутска (урочище Гимадай=Чабыдал); координаты приблизительные - по с. Соттинцы, где музей-заповедник «Дружба» отмечает это место, не по раскопкам; осада якутов во главе с намским тойоном Мымаком 09.01-конец.02.1634 ст.ст. (≈19.01-10.03.1634 н.ст.) - острог устоял; перенесён в 1642 из-за весенних паводков, воевода П.П.Головин",ostrog,
okhotsk,Охотское зимовье (Косой острожек),143.300,59.363,1647-07-03,1652-01-01,15,"Б. О. Долгих, «Родовой и племенной состав народов Сибири в XVII в.», 1960, с. 519 (ЦГАДА ф. 1177 ст. 48 л. 83); А. И. Алексеев, «Охотск - колыбель русского Тихоокеанского флота», Хабаровск, 1958, гл. 4","поставлен десятником Семёном Шелковником 23.06.1647 ст. ст. в трёх верстах от устья Охоты; «косым острогом» зимовье обнесли в 1649. Конец: осаждён и сожжён эвенками-ламутами в 1652, гарнизон ушёл морем к зимовью на Улье, аманаты освобождены. Год сужен тремя путями: отправка ясака 14.03.1652 ст. ст., критический момент у Долгих в сентябре 1652, обратный счёт от восстановления 25.06.1654. Дата 1653 у английской Википедии снята. Координаты - место после переноса 1815 года; острожек 1647 года стоял в трёх верстах выше по Охоте. Розыск 16.09.2026",ostrog,эвены (ламуты)
okhotsk-1654,Охотский острог и порт,143.300,59.363,1654-07-05,,15,"А. И. Алексеев, «Охотск - колыбель русского Тихоокеанского флота», Хабаровск, 1958, гл. 4, 6, 9, 10; указ 02.12.1849 ст. ст. цит. по ПСЗРИ, собр. 2, т. XXIV, отд. 2, № 23692, с. 287 (по сноске Алексеева, том не сверен)","КОНЕЦ СНЯТ 17.09.2026 по правилу куратора (точка гаснет только если постройку снесли, имперцев выгнали или всё вокруг покраснело). Прежняя дата конца 1849-12-14: Охотский порт упразднён именным указом 02.12.1849 ст. ст. и переведён в Петропавловск; поселение осталось. восстановлен Андреем Булыгиным и Борисом Оноховским 25.06.1654 ст. ст. Переносился: 1665 - на семь вёрст от устья, 1688 - на три версты у моря, 1733-1736 - порт на косе, 1815 - на Тунгусскую кошку (проект Миницкого утверждён 02.03.1815 ст. ст.). КРЕПОСТЬ КОНЧИЛАСЬ ЗАДОЛГО ДО ПОРТА: по описанию 1731 года острог «ветхой», проезжая башня «без верху», башню разобрали, укрепления больше не восстанавливались; после 1815 оборона - только береговая батарея, семь пушек в 1843-44. Конец порта - именной указ Николая I: «Охотский портъ, по неудобности онаго, а также тамошнее приморское управление упразднить»; гарнизон ушёл в начале 1850, вывоз до 1852. Приморская область 1856 года - отдельный, более поздний акт. Розыск 16.09.2026",ostrog,эвены (ламуты)
anadyrsk,Анадырский острог,170.210,64.720,1649-01-01,1771-03-01,15,"Б.О.Долгих 1960, с.423 (архив ЦГАДА ф.199 №481); Энц.словарь Гранат и РБС «Дежнев»; ЭСБЕ «Гижигинск»/«Анадырская округа»; en.wikipedia.org «Anadyrsk»; ru.wikipedia.org «Анадырский острог» (координаты, не пруф дат - см. заметки)","МЕХАНИЗМ КОНЦА ПОДТВЕРЖДЁН (проверка 17.09.2026, случай 1): острог именно сожжён, а не просто выведен гарнизон - «В марте 1771 года население покинуло острог, который был сожжён»; «После ликвидации острога церковь была ""разобрана и спущена на воду""» (ВИКИПЕДИЯ, «Анадырский острог»). Указ Сената 05.03.1764, утверждён Екатериной II 28.09.1766 - это бумага, в поле конца не идёт. КООРДИНАТЫ ПЕРЕНЕСЕНЫ 17.09.2026 («го» куратора): было 177.500,64.730 - это место Ново-Мариинска (нынешнего Анадыря), ошибка около 345 км; острог стоял выше по Анадырю, у нынешнего села Марково (сверено по инфобоксу ru-вики и OSM Nominatim, до Маркова около 10 км вверх по реке). КООРДИНАТЫ ИСПРАВЛЕНЫ: было 177.500/64.730 - ошибка, совпадает с координатами Ново-Мариинска/совр.Анадыря (проверено OSM Nominatim), реальное место ~345 км западнее. Село Марково перепроверено независимо (ru-вики инфобокс + OSM Nominatim, совпадают: 64.68/170.41). Новые координаты 170.210/64.720 - по инфобоксу дедикаты ru-вики; расстояние до Маркова ≈10.5км и направление (к западу=вверх по реке) сходятся с Долгих («10-15км от Маркова, вверх по течению, левый берег»). ФЛАГ: en-вики даёт другую точку 170.809/64.725 («12 miles NE от Маркова», т.е. К ВОСТОКУ=вниз по течению) - прямо противоречит «вверх по течению» у Долгих, вероятно ошибочна или относится к другому пункту; не принята, но не исключена полностью - для точной привязки нужен Кеннан «Tent Life in Siberia» 1870 целиком или архивное описание руин острога (не дочитано, беклог). ДАТА ИСПРАВЛЕНА: было 1652 (источник таблицы - ru-вики «Завоевание Чукотки» - сноской на Дёмин 1990 БЕЗ номера страницы, самый слабый источник из всех проверенных); правильно 1649 - зимовье=острог Дежнева, независимо по 4 линиям источников. Гипотеза «отдельно построенный острог 1652» (по аналогии с Олёкминском) НЕ подтвердилась - строителя/события не найдено. КОНЕЦ: указ о ликвидации в ПСЗРИ не найден по номеру несмотря на серьёзную попытку (нужны т.XVI 1762-65 №11582-12301 или т.XVII 1765-66 №12302-12811 - отсутствуют на диске и не прочитаны в сети); дата 04.05.1764 из таблицы РАСХОДИТСЯ с 05.03.1764 из ru-вики (тоже без сноски) - обе не подтверждены первоисточником. Уход/сожжение в марте 1771 подтверждено двумя источниками (ru-вики, ЭСБЕ - хотя ЭСБЕ называет годом самой ликвидации 1770). ФЛАГ нерешённый: ЭСБЕ «Гижигинск» пишет что острог «вскоре был заброшен, но в 1741 нашествие чукчей заставило снова укрепить» - противоречит непрерывной картине по ru-вики и по первичным отпискам 1700-1723 на диске; вероятно огрубление про перестройку стен, не про оставление места",ostrog,
novo-mariinsk,Ново-Мариинск (Анадырь),177.508,64.735,1889-08-03,,15,"портал Чукотского АО; ru.wikipedia.org «Гриневецкий, Леонид Францевич»; закон 1909 года об управлении соседним уездом (четыре стражника)","Возвращено 17.09.2026 по слову куратора после расширения слоя: гарнизона тут не было, но была уездная управа - Анадырская округа учреждена 09.07.1888 как гражданская единица против американского промысла после продажи Аляски, начальник Гриневецкий назначен по линии министерства внутренних дел, при закладке поста 03.08.1889 был разовый конвой из десяти-двенадцати казаков, который не остался. Дальше на месте всё время уездное полицейское управление. Конца нет: посёлок жив сегодня как Анадырь, переименование советской властью уходом империи по правилам проекта не считается.",uezd,чукчи
nerchinsk,Нерчинск (Шилкский острожек),116.583,51.983,1653-11-01,1656-12-01,15,"Донесение Бекетова Пашкову, цит. по библиогр. указателю 1983 с.77-78; Резун/Васильевский 1989 с.211; Артемьев 1999 с.47 (все - через Авдеев П.Б., 'Первый город за Байкалом', Энц. Забайкалья, Чита: ЗабГУ, 2013)","КООРДИНАТЫ ПРИБЛИЗИТЕЛЬНЫЕ/НЕ УСТАНОВЛЕНЫ для этого периода - взяты условно те же, что у nerchinsk-1658 (флаг низкой уверенности), реально это ДРУГОЕ место - правый берег Шилки против устья Нерчи, ~5км от места 1658 года. Десятник Максим Урасов/Урусов с 10 казаками, посланные П.Бекетовым, поставили 'малой острожек, а в нём одна изба с нагороднею'. Сожжён эвенками (тунгусами) кн.Гантимура, откочевавшими за Аргунь под циньскую защиту; день/месяц сожжения не найден, только 'конец 1656'. Осада 'около 1666' НЕ подтверждена документально (см. заметки к разделу)",ostrog,
nerchinsk-1658,Нерчинский острог,116.583,51.983,1658-07-01,,15,"Крадин 1988 с.174; «Русско-китайские отношения в XVII в.» т.2 (1972) с.616-619; Артемьев 1999 с.50-52 (через Авдеев 2013); + ДАИ т.VIII акты 51,85-III,101,109-112 (1678-82, прочитаны лично)","КОНЕЦ СНЯТ 17.09.2026 по правилу куратора (точка гаснет только если постройку снесли, имперцев выгнали или всё вокруг покраснело). Прежняя дата конца 1753-01-01: крепость перестроена рядом, город остался на месте. КООРДИНАТЫ ПРИБЛИЗИТЕЛЬНЫЕ - словесная привязка 'левый берег Нерчи при впадении в Шилку = совр. с.Михайловка Нерчинского р-на'; те же координаты, что у совр.Нерчинска, проставлены условно (точных чисел для Михайловки не нашёл). Воевода Афанасий Пашков; названия 'Верхний Шилский'/'Нелюцкий'/'Тунгуский', с 1659-62 'Нерчинский'. 1689 капитально перестроен НА ТОМ ЖЕ МЕСТЕ Головиным (8 башен) после манчжурской угрозы, статус города; к 1726 стены обветшали, башню смыло разливом; 1735 Миллер - 'сгнила', но стоит. Коалиционная угроза 1678 (ДАИ т.VIII, первичный документ) и физический упадок нач.1680-х (ДАИ т.VIII акт 85-III) - без разрушений. Осада при переговорах 1689 (12-29.08, острог устоял без боя). КОНЕЦ периода условен - 'после 1753' (terminus post quem, точный год не найден)",ostrog,
nerchinsk-1753,Нерчинская крепость (земляные бастионы),116.583,51.983,1753-01-01,,15,"Гольденберг 1979 с.125,128; БРЭ/Крадин 2013 с.503-504 (через Авдеев 2013)","КОНЕЦ СНЯТ 17.09.2026 по правилу куратора (точка гаснет только если постройку снесли, имперцев выгнали или всё вокруг покраснело). Прежняя дата конца 1812-01-01: город перенесён на 4 версты вверх по Нерче в 1812; империя с места не ушла. КООРДИНАТЫ ПРИБЛИЗИТЕЛЬНЫЕ - те же, что nerchinsk-1658, точное смещение 'к северу от старой крепости' не установлено. Земляные бастионы, Нерчинская секретная экспедиция (рук. сын Ф.И.Соймонова); НАЧАЛО условно на 1753 (реально могло быть позже, до 1765). Город официально на новом месте (Сажиков Яр, 4 версты вверх по Нерче) с 1812 (один слабый источник даёт 1813) из-за наводнений (крупнейшие 1725/1743/1796)",ostrog,
nerchinsk-1812,"Нерчинск (совр. место, Сажиков Яр)",116.583,51.983,1812-01-01,,15,"ru.wikipedia.org/wiki/Нерчинск - координаты современного города (116.58333,51.98333) совпадают с табличными почти до тысячных долей градуса - ГЛАВНАЯ НАХОДКА: табличные founded=1653 были привязаны не к тому месту","Город перенесён выше по течению Нерчи в долину Сажиков Яр после серии наводнений. НИКАКИХ сведений о военном укреплении на новом месте не найдено ни в одном источнике (аргумент от молчания + военная бессмысленность к 1812 году - граница зафиксирована на 85-100 лет раньше, в 1689/1727). Настоящая дата конца Нерчинска именно КАК КРЕПОСТИ, вероятно, значительно раньше 1812 года и НЕ НАЙДЕНА - gone оставлен пустым. Рекомендация обоих независимых розысков (дедицированного агента и меня) - НЕ добавлять эту точку как отдельную крепость, либо добавлять с чётким флагом 'военный статус не подтверждён'",ostrog,
irkutsk,Иркутск,104.280,52.287,1661-07-16,,15,"Похабов Ю.П., «Проект Байкал» 2011 №29-30 (цитата по ДАИ, СПб. 1851, т. IV, с.249-250) — основание 06.07.1661 ст.ст.; ВИКИПЕДИЯ «История Иркутска»/«Irkutsk», со ссылкой на Дамешек Л.М. и др., «Иркутск в панораме веков», Иркутск, 2002, с.20 — снос стен 1790","КОНЕЦ СНЯТ 17.09.2026 по правилу куратора (точка гаснет только если постройку снесли, имперцев выгнали или всё вокруг покраснело). Прежняя дата конца 1790-01-01: обветшалые стены разобраны в 1790; город остался. Я.И.Похабов заложил острог 06.07.1661 ст.ст. (=16.07.1661 н.ст.), 19х17 м, 20 казаков; к 1669 сгнил; 1669-1670 отстроен заново А.А.Барнешлевым как «Иркутский кремль» (108х108 м, 8 башен); 1686 статус города; к 1693 стены расширены до 130х130 м; пожар 03.08.1716 ст.ст. (=14.08.1716 н.ст.) уничтожил стену с башнями, восстановлен за год; ни разу не был взят и не осаждался; в 1790 обветшалые стены разобраны (день/месяц не найдены); версия про зимовье 1652 на о.Дьячьем отвергнута историографией (Резун 1994, Похабов 2011) - низкая уверенность, не отдельная точка",ostrog,
selenginsk,Селенгинск,106.687,51.107,1665-10-07,1842-01-01,15,"Википедия «Селенгинский острог» (геотег+текст, сн.14→Барсуков 1902); Багрин Е.А. 2020, Изв. лаб. древних технологий т.16№4 с.129-144 (осада 1688, прочитана)","КОНЕЦ ИСПРАВЛЕН 17.09.2026: было 1815 (заштатный статус с 1822 - это бумага, а не конец). Настоящий конец места - перенос города: план нового города на левом берегу Селенги утверждён Николаем I 06.09.1840 ст. ст., город перенесён в 1842, Новоселенгинск учреждён в 1844. Причина - наводнения (в 1830 году смыло 54 дома). Старое место с тех пор Старый Селенгинск, стоит пустым, от города остался Спасский собор. КООРДИНАТЫ ПЕРЕНЕСЕНЫ 17.09.2026 («го» куратора): было 106.567,51.100 - левый берег западнее Новоселенгинска; острог стоял на правом берегу Селенги, примерно в 6,5 км ниже устья Чикоя. Ст.ст. 27.09.1665, Г.Ловцов/О.Васильев по приказу нерч. воеводы Л.Толбузина, правый берег ~6,5км ниже устья Чикоя (координаты ИСПРАВЛЕНЫ с табличных 106.567/51.100 - те лежат западнее Новоселенгинска, на левом берегу, что для правобережного острога похоже на ошибку). Осада монголов Тушэту-хана 19.01-27.03.1688 ст.ст. (главный штурм в ночь на 29.02 ст.ст.=10.03 н.ст.) - выстоял, не разрушен, после осады ещё укреплён. gone=1810-е (усреднено до 1815, точный год НЕ найден - Википедия сн.10→Кондаков 1864, не оцифрован, не прочитан лично); список комендантов обрывается 1802-1803 (барон Корф), что косвенно подтверждает декаду. Перенос ГОРОДА (уже гражданского) в Новоселенгинск - 1840 указ/1842 переезд, НЕ военный конец - отдельная точка для Новоселенгинска НЕ заведена (укрепления там не найдено)",ostrog,
abakan,Абаканский острог,91.442,53.721,1707-01-01,,15,"ВИКИПЕДИЯ, «Абаканский острог»",поставлен ПОСЛЕ угона енисейских кыргызов джунгарами в 1703; месяц условный,ostrog,
gizhiga,Гижигинская крепость,160.500,61.950,1752-01-01,1927-01-01,15,"ВИКИПЕДИЯ «Гижигинск» (донесение сержанта Авраамия Игнатьева получено в Охотской канцелярии 14.04.1752 ст.ст.); «Завоевание Чукотки»; Б.О.Долгих 1960 (табл. ясака 1767 г.); Хранители Наследия, «Гижигинск. К последнему морю» (эпидемия 1927, город сожжён)","КОНЕЦ ВОЗВРАЩЁН 17.09.2026 по механизму, а не по бумаге (случай 1 - постройки сожгли): «А в 1927-м случилась новая эпидемия, предположительно чумы. Красноармейцы оцепили город кордонами»; «Тех жителей, кого считали возможным вылечить, отправили в Кушку, а остальных оставили умирать в своих домах»; «Деревянную церковь разобрали на бревна и построили из них два дома на Кушке»; «Затем остатки обреченного Гижигинска были сожжены» (Хранители Наследия, «Гижигинск. К последнему морю»). ВИКИПЕДИЯ глуше: «В 1920-е годы прекратил существование (часть населения перебралась в село Гижига)». День и месяц не найдены. КОНЕЦ СНЯТ 17.09.2026 по правилу куратора (точка гаснет только если постройку снесли, имперцев выгнали или всё вокруг покраснело). Прежняя дата конца 1783-01-01: крепость обращена в уездный город Гижигинск при реформе 1783; поселение осталось. основана в землях коряков для защиты сухопутного пути Охотск-Камчатка от восставших коряков (блокировали путь с 1743). Осада 1753 года коряками из заметки таблицы НЕ подтверждена независимо, несмотря на поиск по ru/en-вики и 4 поисковикам - правдоподобна по контексту восстания коряков 1745-1757, но источник не найден. Крепость выстояла, стала крупнейшей в регионе после закрытия Анадырского острога в 1771 (гарнизон 229 чел.). Март 1778 - комендант капитан Тимофей Шмалев и Николай Дауркин заключили здесь договор о подданстве с тойоном Омулятом Хергынтовым (площадка и адресат подтверждены, совпадает с уже принятой находкой в data/crosscheck/siberia_control_vs_act.md). GONE - СПОРНАЯ ТОЧКА в лестнице дат: 1782-83 формально «преобразована из крепости в город» (взято как gone); НО Дж.Кеннан застал место процветающим торговым центром ещё в 1866; упадок до «посёлка рыболовов» источники относят к 1880-м (это ближе к версии куратора про конец XIX века); статус уездного города потерян в 1909; население переехало в с.Кушка/новую Гижигу в 1920-х. Координаты ПРИБЛИЗИТЕЛЬНЫЕ - альтернатива из инфобокса «Гижигинск» 160.519/62.056 (точнее нынешних, но методология не расписана) отличается от координат совр.села Гижига 160.3775/61.948; точных координат самого укрепления не найдено",krepost,
turukhansk,Туруханское зимовье (Новая Мангазея),87.575,65.915,1607-01-01,,15,"ВИКИПЕДИЯ «Старотуруханск»; Б.О. Долгих, «Родовой и племенной состав народов Сибири в XVII в.» (1960), гл. XIII","воевода Д. Наумов заложил стены 12.06.1672 ст.ст. (=22.06.1672 н.ст.), к осени готовы (312×2,8×~6 м, 4 башни), город назван Новая Мангазея; конца укрепления в источниках нет; административный упадок 1780 (переим. Туруханск) - 1917 (стал селом) - это НЕ конец военного укрепления, отдельный процесс; расхождение даты основания: 1607 по Википедии (зимовье Жеребцова/Давыдова) vs 1604 по Долгих («Туруханское зимовье было основано в 1604 г. в устье Турухана»; там же - перенос центра уезда сюда в 1662, не 1669-1672) - founded не меняется",ostrog,
dudinka,Дудинское зимовье (Дудинка),86.183,69.400,1667-01-01,,15,"ru.wikipedia.org «Дудинка» (донесение стрелецкого пятидесятника Ивана Сорокина мангазейскому воеводе, январь 1667); goarctic.ru «Незавершённые истории Таймыра»; Б. О. Долгих, «Родовой и племенной состав народов Сибири в XVII в.» (1960), с. 119-122","Возвращено 17.09.2026 по слову куратора после расширения слоя: это не гарнизон, а ясачное зимовье - контора для сбора ясака с нганасан, энцев и долган, то есть империя на чужой земле без крепости. Розыск 16.09: в поимённом перечне шестнадцати постоянных и восьми рано исчезнувших ясачных зимовий Мангазейского уезда у Долгих Дудинского нет, хотя соседнее Хантайское есть с архивными сносками; слова «острог» о Дудинке нет ни в одном проверенном источнике - везде «зимовье», «станок», «село». Гипотеза В. А. Троицкого о постройках промышленников в 1610-1611 годах ясачного зимовья не даёт. Координаты - нынешний город; по пересказу исходное зимовьё стояло выше по реке Дудинке, точной привязки нет. Конца нет: империя с этого места не уходила.",zimovye,"нганасаны, энцы, долганы"
esei,Есейское зимовье,102.189,68.465,1634,,15,"Б. О. Долгих, «Родовой и племенной состав народов Сибири в XVII в.», 1960, с. 119-123, табл. 50; ПСЗРИ, собр. I, т. XXXVIII, «Устав об управлении инородцев» 22.07.1822 ст. ст., §§ 134-137; «Список населённых мест Енисейской губернии по сведениям 1859 г.», ЦСК МВД, 1864, с. 27-32; ЭСБЕ, доп. т. Ia, 1905, с. 737","КОНЕЦ СНЯТ 17.09.2026 по правилу куратора (точка гаснет только если постройку снесли, имперцев выгнали или всё вокруг покраснело). Прежняя дата конца 1822: сезонное зимовьё заменено стационаром; место осталось за империей. сезонный ясачный пункт, гарнизона не было: сборщики приезжали осенью с толмачами и аманатами и уезжали весной. Конец - не акт о сносе, а замена стационарного сбора сугланами и ярмарками по Уставу 1822 года: «онѣ могутъ быть дѣланы… даже при такихъ урочищахъ, гдѣ вовсе нѣтъ постояннаго заведенiя». В реестре 1859 года среди 55 станков и 41 зимовья Туруханского края Есейского нет, у озера только часовня 1856 года. ПОПРАВКИ: разгром 1683 года - не конец, сбор восстановился (1690 - 101 плательщик, 1704 - 107) и шёл весь XVIII век; по Долгих зимовье стоит примерно с 1634 года, а прежние 1628 и слово «острог» идут из местного предания, приписанного Долгих. Розыск 16.09.2026",ostrog,эвенки и якуты
zhigansk,Жиганск,123.368,66.782,1632-08-01,,15,"ВИКИПЕДИЯ, «Жиганск»; Г.А.Попов, «История освоения северных районов Якутии», т.VII (не на диске, не проверено); Б.О.Долгих 1960, ~стр.447-453; ПСЗРИ т.21 ст.875, указ №15680 «Об устройстве Иркутского наместничества» (текст не прочитан - psz.ri.org.ru/runivers.ru недоступны, факт по ru.wikipedia.org «Иркутское наместничество»)","КОНЕЦ СНЯТ 17.09.2026 по правилу куратора (точка гаснет только если постройку снесли, имперцев выгнали или всё вокруг покраснело). Прежняя дата конца 1783-03-17: упразднён как уездный центр указом 17.03.1783; селение осталось. ясачное зимовье поставлено летом 1632 (у Попова 1 августа; Долгих независимо: первый ясак взят 4 августа 1632 ст.ст.). GONE - ПРОКСИ (ст.ст. 06.03.1783=н.ст.17.03.1783, указ №15680), НЕ прямая дата конца укрепления - точных сведений о снятии гарнизона нет; последнее подтверждённое упоминание как действующего форпоста - 1668 (принял ясачных ликвидированного Столбовского зимовья). Город с 1783. В XVII в. зимовье стояло ниже совр. села («на Красном песку»), совр. Жиганск - вероятно на «Тобольском песку» (Долгих), дата этого локального переноса не найдена. 1805 - упразднён уезд (по одной версии)/город обращён в сельское комиссарство (по другой, ненадёжной); статус города утрачен в 1917",ostrog,
vilyuysk,Вилюйское зимовье (Вилюйск),121.617,63.750,1634-04-01,,15,"ВИКИПЕДИЯ, «Вилюйск», «Оленск»; en.wikipedia.org «Vilyuysk»; Б.О.Долгих 1960, стр.469 (Вилюйское верхнее, 1634 - см. заметку о нерешённом вопросе); ПСЗРИ т.21 ст.875, указ №15680 (не прочитан напрямую)","КОНЕЦ СНЯТ 17.09.2026 по правилу куратора (точка гаснет только если постройку снесли, имперцев выгнали или всё вокруг покраснело). Прежняя дата конца 1783-03-17: то же, 17.03.1783; селение осталось. поставлено весной 1634 Посником Ивановым по приказу якутского воеводы Ивана Галкина; той же зимой - осада тунгусами, пытавшимися отбить аманатов-заложников (устоял, точный день/исход не найдены). ОТКРЫТЫЙ ВОПРОС: 1634 совпадает с «Вилюйским верхним» (Тюканским) зимовьем у Долгих, но тот прямо пишет, что ИМЕННО оно стало пос.Верхневилюйск (другой нас.пункт), а не Вилюйском - возможна путаница у Википедии, не разрешено. 1783 - реорганизовано в уездный город «Оленск» (по EN Wikipedia - трудом ссыльных пугачёвцев 1770-х; RU Wikipedia настаивает на непрерывности с зимовьем 1634, миф об «Оленске» на Оленьке опровергнут); 1798 - адм. центр Верхневилюйск; переименован в Вилюйск в 1821. GONE - ПРОКСИ, точная дата конца военной функции не найдена",ostrog,
olekminsk,Олёкминский острог,120.433,60.383,1635-07-27,,15,"ВИКИПЕДИЯ, «Олёкминск»; Б.О.Долгих 1960, стр.479-480 (цитата отписки П.Бекетова через сб. «Якутия в XVII веке», с.186, ЦГАДА); ПСЗРИ т.21 ст.875, указ №15680 (не прочитан напрямую); mojgorod.ru","КОНЕЦ СНЯТ 17.09.2026 по правилу куратора (точка гаснет только если постройку снесли, имперцев выгнали или всё вокруг покраснело). Прежняя дата конца 1783-03-17: то же, 17.03.1783; селение осталось. founded уточнена в новый стиль (ст.ст. 17.07.1635=н.ст.27.07.1635, источник таблицы сам давал «17(27) июля», но в поле стоял старостильный день). Первое простое зимовье - 1633, Иван Козьмин (Долгих, сноска 498: «вероятно… в сентябре-октябре 142 г., т.е. еще в 1633 г.», обычно ошибочно указывают 1634); в 1635 Пётр Бекетов «поставил вместо простого зимовья укреплённый острог» (цит. отписки: «а тот государев острог… будет государю впредь прочен… тунгусские люди… около тово новова острожку держатца впредь станут»). 1637 - «Новый Усть-Олекминский острожек» (атаман Осип Галкин), вероятно то же место. Позже перенесён на 12 км вверх по Лене на незатопляемое место (ВИКИПЕДИЯ+mojgorod.ru, независимо, но БЕЗ ДАТЫ - вторая строка НЕ заведена, не хватает года и координат). Город с 1783. GONE - ПРОКСИ, дата переноса на 12 км и дата конца военной функции не найдены",ostrog,
verkhoyansk,Верхоянское зимовье,133.383,67.550,1638-01-01,,15,"ПСЗРИ, собр. I, т. XXXVIII, № 29131 «Устав о сибирских городовых казаках», § 1, § 14, § 20; там же № 29125, росписания городов и округ, с. 393-394; Ф. П. Врангель, «Путешествие по северным берегам Сибири…», гл. IX; ЭСБЕ, «Верхоянск»","КОНЕЦ СНЯТ 17.09.2026 по правилу куратора (точка гаснет только если постройку снесли, имперцев выгнали или всё вокруг покраснело). Прежняя дата конца 1822-08-03: служилых сняли с довольствия в 1822; селение осталось. гарнизон не выводили и указом не упраздняли - казаков перевели в полицию: устав 22.07.1822 ст. ст. (03.08.1822 н. ст.), «Сибирские городовые казаки принадлежат к составу Губернской и Окружной Полиции»; в Якутском полку только якутская, охотская и ижигинская команды, верхоянской нет. Тем же днём Верхоянск - «город малолюдный», округ - «в одном звании Исправника». Врангель 22.12.1823 ст. ст. застал «пять деревянных домов» и церковь, укреплений нет. Укрепление 1638 года стояло на Дулгалахе и брошено при переносе на Яну. ПОПРАВКА: 1775 - год комиссарства, а не переноса; управление перенесено в 1822. Розыск 16.09.2026",ostrog,якуты и эвены
zashiversk,Зашиверск,142.604,67.450,1639-10-11,1883-01-01,15,"ВИКИПЕДИЯ, «Зашиверск»; goarctic.ru, «Заполярный Зашиверск: судьба русского форпоста»; history.eco, «Проклятый город Зашиверск»; Б.О.Долгих 1960 (табл.117); ВИКИПЕДИЯ «Зашиверск» (эпидемия оспы 1883, «к 1880-м годам прекратил существование»)","КОНЕЦ ВОЗВРАЩЁН 17.09.2026 по механизму, а не по бумаге (случай 1 - город вымер и не восстановлен): «эпидемий кори и оспы, случившейся в Верхоянском округе в 1773-1776 годах и повторно в 1883 году»; «к 1880-м годам прекратил существование» (ВИКИПЕДИЯ, «Зашиверск»). Взят 1883 - единственный год с цифрой в источнике и год той самой второй эпидемии; день и месяц не найдены. Хвост: в конце 1920-х на месте города жили в амбаре двое якутов, рыбак Митрей Слепцов и его сестра Евдокия Фёдоровна Слепцова («Мы были последними жителями города») - это не империя на месте, поле конца от этого не двигается. КОНЕЦ СНЯТ 17.09.2026 по правилу куратора (точка гаснет только если постройку снесли, имперцев выгнали или всё вокруг покраснело). Прежняя дата конца 1804-01-01: 1804 - административное упразднение города; сам Зашиверск вымер от оспы в 1880-х и стоит пустым, точная дата запустения не установлена - хвост розыска. ДАТА ОСНОВАНИЯ СПОРНА: традиц. 11.10.1639 (Посник Иванов; Окладников, Огородников, Бахрушин) / альт. ок.1653 (в ясачных книгах 1652 зимовья нет, в 1655 уже есть - Иван Ильин у Долгих, В.Бурлак у Белова). НОВАЯ ЗАЦЕПКА: у Долгих (табл.117) «Подшиверское»(1639) и «Заширское»(1653) - РАЗНЫЕ строки с раздельными ясачными сборами 1653-1708 - возможно, два соседних зимовья слились в позднейшей историографии в один «Зашиверск 1639»; гипотеза, не решённый вопрос. Острожная стена с 1676. Статус уездного города потерян в 1803 («по малому числу жителей»), управление+кафедра протоиерея перенесены в Верхоянск в 1804. ЗАМЕТКА В ТАБЛИЦЕ ИСПРАВЛЕНА: «опустело к 1880-м» - неверно; в 1808 ещё 120-130 жит.; 1820 - Ф.Врангель застал 7 домов; эпидемия оспы, добившая город, - 1883 (плюс более ранняя волна 1773-76); даже после 1883 - в конце 1920-х экспедиция Наркомвода застала двух последних жителей (Митрей и Евдокия Слепцовы), «спустя несколько лет» Слепцов умер - оценочно опустение не ранее ~1930-1932, точный год не найден. Экспедиция АН СССР (Окладников) 1969-1971 - колокольня и церковь вывезены в Новосибирск. GONE=1804 оставлен как ПРОКСИ конца имперского узла (по прецеденту Мангазеи, gone=1672) - если куратору важнее физическое опустение, сдвинуть к ~1930 (дата неточна) - решение за куратором",ostrog,
srednekolymsk,Среднеколымск,153.706,67.458,1644-01-01,,15,"Ф. П. Врангель, «Путешествие по северным берегам Сибири и по Ледовитому морю» (1841; изд. Главсевморпути, 1948), библиотека карты; Г. А. Попов, Сочинения, т. VII, Якутск, 2016, с. 9-11 (ЦГА ЯАССР); ПСЗРИ, собр. I, т. XXXVIII, № 29131, § 1","КОНЕЦ СНЯТ 17.09.2026 по правилу куратора (точка гаснет только если постройку снесли, имперцев выгнали или всё вокруг покраснело). Прежняя дата конца 1812-01-01: гарнизон снят с довольствия в 1812 и переведён в полицию Уставом 1822; селение осталось. конец гарнизона: к 1812 году правительство прекратило выдавать казакам провиант и вывело их из действительной службы, шесть человек оставлены на караул, остальные сведены в станицу под частным исправником (Врангель). Закреплено Уставом о сибирских городовых казаках 22.07.1822 ст. ст.: казаки - полиция в гражданском управлении. Стены пережили гарнизон: описание окружного управления 1834 года знает рубленую крепость 43 сажени в окружности. Месяц условный. Основание точнее 1644-го: острог поставлен после капитуляции юкагирского князца Олая 30.07.1643 ст. ст. Розыск 16.09.2026",ostrog,юкагиры
nizhnekolymsk,Нижнеколымск,160.921,68.531,1644-01-01,,15,"Ф. П. Врангель, «Путешествие по северным берегам Сибири и по Ледовитому морю» (1841; изд. Главсевморпути, 1948), библиотека карты; Г. А. Попов, Сочинения, т. VII, Якутск, 2016, с. 9-11 (ЦГА ЯАССР); ПСЗРИ, собр. I, т. XXXVIII, № 29131, § 1","КОНЕЦ СНЯТ 17.09.2026 по правилу куратора (точка гаснет только если постройку снесли, имперцев выгнали или всё вокруг покраснело). Прежняя дата конца 1812-01-01: то же; селение осталось. конец гарнизона тот же, что в Среднеколымске: 1812 год, провиант прекращён, служба снята. С 1820 года местом заведовал «особый нижнеколымский частный командир (из казаков), подчинённый окружному исправнику» (Попов). Оболочка пережила гарнизон: Врангель в 1820-1823 видел забор с четырьмя башнями, но внутри - канцелярия и пустые сараи с остатками экспедиции 1739 года, 42 дома против 874 русских и 250 казаков 1762 года. Версия про вывод гарнизона в 1770-х опровергнута. Причина прежнего переноса по Врангелю - «удобнейший перевоз провианта», а не наводнения. Долгота Врангеля 160°35' на 14 км западнее реестровой - хвост. Месяц условный. Розыск 16.09.2026",ostrog,юкагиры и чукчи
nizhnekolymsk-1644,"Нижнеколымск (Стадухинский острог, старое место)",160.921,68.531,1644-01-01,1755-01-01,15,"ВИКИПЕДИЯ «Нижнеколымск» (со ссылками на Жарников З.Ю. и др. 2014 дендрохронология; М.И.Белов 1952/1956; А.С.Зуев 2002/2009; А.Трифонов 1872; Ополовников/Ополовникова 2011); Б.О.Долгих 1960, с.409-410; «Памятники сибирской истории XVIII в.», кн.2 (1713-1724), документ №124 - первоисточник 1710 г.","КООРДИНАТЫ ПРИБЛИЗИТЕЛЬНЫЕ/НЕ УСТАНОВЛЕНЫ - настоящее место не найдено (остров между руслом Колымы и протокой, ~120 км от моря, ~21 км севернее нового места), условно взяты координаты нового места (см. следующую строку) с явным флагом низкой уверенности - это признание отсутствия данных, не выдумка географии. Основание 1644, разброс источников 1643-1647 (участник похода Втор Гаврилов давал ~1647; дендрохронология 2014 разброс не сняла). Юкагиро-омокский штурм 1645 или 1646 (13 казаков Дежнёва отбились, погиб вождь Олай). Источник: чукчи/омоки неоднократно сжигали зимовье дотла и уничтожали гарнизон (отдельные даты до 1655 не названы). Документированная серия осад/блокад: 1653, 1656, 1659, 1662, 1678, 1679, 1685 (убито 4 служилых+18 староясачных юкагиров), 1687. 1655 - приказчик Константин Дунай сделал зимовье резиденцией, укрепил «косым острожком» 22х11 сажен (~48х24м), гарнизон 8-10 казаков; тогда же адм.центр переехал сюда из Среднеколымска (Fisher 1981). Январь 1710 - последнее нападение чукчей, ПОДТВЕРЖДЕНО первоисточником с диска (допрос 27.09.1710: чукчи «подъезжали... с обманом», пленён Ниткаль). 1715-1716 - по первоисточникам с диска, повстанцы ПЛАНИРОВАЛИ «брать Ковымские зимовья»; исполнение не подтверждено. ПЕРЕНОС 1750-е/1760-е (точный год НЕ найден ни у кого, в CSV условно взят 1755 как середина диапазона) - на 21 км южнее из-за наводнений; за старым местом осталось имя «Стадухинский острог» (могила барона Менгдена видна здесь ещё в 1872)",ostrog,
sunzha-1567,Первая база в устье Сунжи,45.750,43.660,1567-01-01,1571-01-01,15,"Е. Н. Кушева, «Народы Северного Кавказа и их связи с Россией», 1963; Я. З. Ахмадов, «Чечено-русские отношения в XVIII веке», т. I, 2019","«город 1567 г. был около 1571 г. снесен» (Кушева); срыт по приказу Ивана IV под угрозой Девлет-Гирея, гарнизон выведен в Астрахань (Ахмадов). День не установлен, розыск 16.09.2026",ostrog,
sunzha-1590,Сунженский (Суншинский) острог (3-я постройка),45.750,43.660,1590-01-01,1605-01-01,15,"Е. Н. Кушева, 1963, именной указатель «Сунженский (Суншинский) острог»","восстановлен на «Суншинском городище»; оставлен и сожжён после разгрома похода Бутурлина под Тарками в 1605 г. Новая строка, розыск 16.09.2026",ostrog,
sunzha-1651,Сунженский (Суншиянский) острог (4-я постройка),45.750,43.660,1651-01-01,1653-01-01,15,"Е. Н. Кушева, 1963 (внутреннее противоречие: в одном месте книги - 1651 год конца, в другом - 1653)","поставлен «между двух вод» на устье Сунжи; сожжён иранско-кумыкским войском после двухнедельной осады. Дата конца спорна у самой Кушевой (1651 или 1653). Новая строка, розыск 16.09.2026",ostrog,
sunzha-1577,Возобновлённый город на устье Сунжи (2-я постройка),45.750,43.660,1577-01-01,1579-01-01,15,"Е. Н. Кушева, 1963, с. ~239 (сноска 231); Я. З. Ахмадов, 2019","возобновлён по просьбе Камбулата Айдаровича; снесён по требованию крымского хана Магомет-Гирея. Независимо подтверждён двумя историками. Розыск 16.09.2026 - была строка «1577-1653», разбита на три",ostrog,
tersky-1588,Терский город (Тюменский острог),47.200,43.720,1588-01-01,1724-01-01,15,"Е. Н. Кушева, 1963; Я. З. Ахмадов, 2019","построена в дельте Терека Бурцевым и Протасьевым; в 1669-1670 перенесена на новое место (координаты не установлены); к 1724 г. срыта, население и гарнизон переведены в крепость Св. Креста. Розыск 16.09.2026 - добавлена дата конца",ostrog,
sv-kresta-1722,Крепость Святого Креста на Сулаке,46.800,43.300,1722-09-01,1735-03-10,15,"Я. З. Ахмадов, 2019; ПСЗРИ, собр. 1-е, т. IX, № 6707 (Гянджинский трактат)","заложена Петром I осенью 1722; оставлена по Гянджинскому трактату 10.03.1735, физический вывод гарнизона довершён к постройке Кизляра (27.10.1735). Розыск 16.09.2026 - уточнена дата конца",krepost,кумыки Тарковского шамхальства
kizlyar-1735,Кизляр,46.717,43.851,1735-01-01,,15,"Я. З. Ахмадов, там же - через кампании C1133 и C1134 базы decolonial.ist","крепость на Тереке, куда перенесли гарнизон Святого Креста; «в 1735 г. в Кизляре уже содержалось два аманата из Чеченского владения» - то есть система заложников работала отсюда",krepost,кумыки и ногайцы
groznaya-1818,Крепость Грозная,45.698,43.317,1818-06-22,,15,"В. А. Потто, «Кавказская война», т. 2, 2007 (дословная цитата, начало); ЭСБЕ, «Грозный», 1890-е (читана лично, конец); веб-поиск, не проверено по указу (день ст.ст. 30.12.1869); ПСЗ-2, т. XLIV, отд. 2 (1869), № 47847 от 30.12.1869 ст. ст., печ. с. 412-413 (прочитан лично, файл 15): «крѣпость Грозную переименовать въ городъ»","АКТ КОНЦА НАЙДЕН (файл 15, 17.09.2026), но поле конца пустое по правилу трёх случаев: переименование крепости в город - бумага, империя с места не уходила. Акт дословно: «Область раздѣлить на семь округовъ… назначивъ средоточія окружныхъ управленій въ городахъ Георгіевскѣ, Владикавказѣ, крѣпости Грозной… причемъ крѣпость Грозную переименовать въ городъ». КОНЕЦ СНЯТ 17.09.2026 по правилу куратора (точка гаснет только если постройку снесли, имперцев выгнали или всё вокруг покраснело). Прежняя дата конца 1870-01-11: крепость переименована в город Грозный 30.12.1869 ст. ст. (ПСЗ-2 № 47847); город остался. «десятого июня... заложена... крепость о шести бастионах... названа Грозной» (Потто). Ни разу не взята (Бейбулат ок. 1825, Шамиль 17.09.1852 - оба раза отбито). ЭСБЕ дословно: «Только с 1870 г. переименован в окружной город» - второй независимый источник подтверждает год. Номер и том указа НЕ НАЙДЕНЫ (ПСЗ-2 т. XLIV отд. II и т. XLV физически недоступны, psz.ri.org.ru не открылся). Розыск 16.09.2026, второй заход - дата подтверждена, документ не найден",krepost,чеченцы
vnezapnaya-1819,Крепость Внезапная,46.580,43.220,1819-07-30,,15,"«Положение о Кубанской и Терской областях», Высоч. утв. 30.12.1869 ст.ст. - через веб-сводку (ru.wikipedia «Терская область», «Хасавюртовский округ»); связь с самой крепостью - вывод, не прямая цитата","КОНЕЦ СНЯТ 17.09.2026 по правилу куратора (точка гаснет только если постройку снесли, имперцев выгнали или всё вокруг покраснело). Прежняя дата конца 1870-01-11: дата была не про крепость, а про Хасавюртовский округ, сменивший Кумыкский; империя осталась. Действовала минимум до 04.05.1846 (гарнизон заложил укрепление на Ярыксу, из которого вырос Хасавюрт - файл 05). Хасавюртовский округ образован 30.12.1869 ст.ст. (=11.01.1870 н.ст.) реорганизацией Кумыкского округа - той же реформой, что закрыла Грозную, Северную и Сергиевскую в тот же день. Дата НЕ про саму крепость, а про округ, который её сменил - убедительная косвенная реконструкция, не документ о крепости напрямую. ВНИМАНИЕ: founded в этой строке 1819-07-30 - исправленный н.ст. (в живом registry.csv стоит непересчитанное 1819-07-18 ст.ст., ошибка уже отмечена файлом 05). Розыск 16.09.2026",krepost,кумыки Эндирея
yamyshevskaya,Ямышевская крепость,77.373,51.89,1715-11-21,1716-04,15,ВИКИПЕДИЯ «Ямышевская крепость» (со ссылкой на Е.Н. Евсеева),"первая база Бухгольца; ст.ст. 10.11.1715; осаждена джунгарами, оставлена и разрушена собственным гарнизоном при вскрытии льда на Иртыше весной 1716; точный день не найден",krepost,джунгары и казахи
yamyshevskaya-1719,Ямышевская крепость (возобновлённая),77.373,51.89,1719-01-18,,15,"ПСЗРИ I, т. V, № 5284 (дата «не позднее»); ВИКИПЕДИЯ — фактич. отстроена «в конце 1716» Матигоровым, усилена 1717 Ступиным","КОНЕЦ СНЯТ 17.09.2026 по правилу куратора (точка гаснет только если постройку снесли, имперцев выгнали или всё вокруг покраснело). Прежняя дата конца 1836: крепость обращена в казачью станицу; станица осталась. та же площадка; упразднена 1836 по ходатайству ген.-губ. кн. Горчакова, стала Ямышевской казачьей станицей; день не найден",krepost,джунгары и казахи
semipalatnaya,Семипалатная крепость (старая),80.275,50.435,1718,1776,15,"ПСЗРИ I, т. V, № 5284 (дата «не позднее»); semeylib.kz","МЕХАНИЗМ КОНЦА (проверка 17.09.2026, случай 1 - перенос, на старом месте не осталось никого): новая крепость заложена 18.05.1776 ст. ст. капитаном И. Г. Андреевым по новому проекту, «выше старой крепости в 16 верстах, у самых семи чудских палат»; причина - низкое топкое место и нездоровый климат. Год конца остаётся 1776, дня ухода со старого места источники не дают. координаты ОРИЕНТИРОВОЧНЫЕ — совр. пос. Старая Крепость, отождествление не подтверждено дословной цитатой; низкое топкое место у руин Доржинкита; перенос решён 1767 (ген.-поручик Шпрингер)",krepost,джунгары и казахи
semipalatnaya-1776,Новая Семипалатная крепость,80.275,50.435,1776-05-29,,15,"semeylib.kz: «18 мая 1776 года, капитаном Андреевым, заложена Новая Семипалатная крепость»; ВИКИПЕДИЯ «Иртышская линия» (перестройка 1776-1777)","координаты — нынешний Семей, как в таблице сейчас; конец НЕ НАЙДЕН — искал упразднение/вывод гарнизона/штат крепостей 1860-х, источника нет",krepost,джунгары и казахи
orsk,Орск (первый Оренбург),58.627,51.21,1735-08-26,,15,"ВИКИПЕДИЯ «Орская крепость»; декрет-основание ПСЗРИ I, т. IX, № 6571 (грамота от 01.05.1734, НЕ дата постройки)","КОНЕЦ СНЯТ 17.09.2026 по правилу куратора (точка гаснет только если постройку снесли, имперцев выгнали или всё вокруг покраснело). Прежняя дата конца 1861-06-17: крепость обращена в станицу; станица, потом город остались. РАСХОЖДЕНИЕ с таблицей: было founded=1734-05-01 (дата грамоты-привилегии, сама грамота говорит о стройке «съ 1735 по 1738»); фактич. заложена 15(26).08.1735. Упразднена, стала станицей Оренбургского каз. войска; день 05(17).06.1861 из вторичного источника, не проверен по первичке. Город Орск (1865) - это ПОЗЖЕ, не конец крепости",krepost,башкиры-вотчинники и казахи Младшего жуза
orenburg,Оренбург,55.11,51.78,1742-10-15,,15,"ПСЗРИ I, т. XI, № 8630","третье место города, при Бердской крепости",krepost,башкиры-вотчинники и казахи Младшего жуза
tabynsk,Табынск,56.389,53.988,1741-03-05,,15,"ПСЗРИ I, т. XI, № 8346",дата «не позднее»; в указе — «построенъ внутри самаго Башкирскаго жилища»,krepost,башкиры — в указе 1741 года прямо: «внутри самаго Башкирскаго жилища»
troitsk,Троицк,61.57,54.106,1751-03-27,,15,"ПСЗРИ I, т. XIII, № 9442",дата «не позднее»; в указе — крепость «на Уйской линии»,krepost,башкиры и казахи
omsk,Омская крепость,73.398,54.992,1716-01-01,,15,"ВИКИПЕДИЯ, «Омская крепость»; КиберЛенинка, Пивоваров «Первая Омская крепость (1716-1768 гг.)»","КОНЕЦ СНЯТ 17.09.2026 по правилу куратора (точка гаснет только если постройку снесли, имперцев выгнали или всё вокруг покраснело). Прежняя дата конца 1864: крепость упразднена, город остался. непрерывна: первая крепость (1716, левый берег Оми) трижды перестроена на месте; с 02.05.1768 без разрыва контроля строится вторая крепость на правом берегу; упразднена 1864 (год увер., день «7 октября» не подтверждён цитатой)",krepost,барабинские татары и казахи
ust-kamenogorsk,Усть-Каменогорская крепость,82.615,49.99,1720-01-01,,15,"ВИКИПЕДИЯ, «Усть-Каменогорск»",дата традиционная; следствие указа Лихареву 18.01.1719 о крепости у Зайсана,krepost,джунгары и казахи
nevyansk,Невьянский завод,60.215,57.49,1702-09-11,,12,"Памятники Сибирской истории XVIII в., кн. 1, № 44",пуск демидовской домны по отписке Акинфия Демидова 08.09.1702,zavod,вогулы (манси) и остяки (ханты) Верхотурского уезда
alapaevsk,Алапаевский завод,61.692,57.847,1703-05-29,,12,"Памятники Сибирской истории XVIII в., кн. 1, № 55",дата «не позднее»; приписана Мурзинская слобода «со всѣми крестьяны и съ землями»,zavod,вогулы (манси) Верхотурского уезда
ekaterinburg,Екатеринбургские заводы,60.598,56.852,1723-05-28,,12,"ПСЗРИ I, т. VII, № 4237",в указе — приписка пяти слобод и постройка крепости с гарнизоном,zavod,вогулы (манси) и остяки (ханты) Верхотурского уезда
pyskor,Медные заводы на Камгорке,56.586,59.481,1723-05-28,,12,"ПСЗРИ I, т. VII, № 4237","«въ Усольскомъ уѣздѣ, близь Спасскаго монастыря, на речке Камгорке»",zavod,коми-пермяки Перми Великой
kolyvano-voskresensk,Колывано-Воскресенский завод,82.57,51.315,1747-05-12,,12,"ПСЗРИ I, т. XII, № 9403",дата «не позднее»: указ забирает завод у наследников Демидова «на Насъ»,zavod,"телеуты, шорцы и кумандинцы"
barnaul,Барнаульский завод,83.745,53.355,1747-05-12,,12,"ПСЗРИ I, т. XII, № 9403",дата «не позднее»; взят вместе с Колывано-Воскресенским,zavod,телеуты Кузнецкого уезда
nerchinsk-zavod,Нерчинские серебряные заводы,119.616,51.309,1756-04-05,,12,"ПСЗРИ I, т. XIV, № 10534",дата «не позднее»: указ о переселении к заводам 2868 душ,zavod,эвенки Аргунского присуда и хоринские буряты
duyskie-kopi,Дуйские копи,142.111,50.826,1869-04-18,,10,"ПСЗ, собрание второе, т. XLIV, отд. 1 (как в таблице); отмена каторги - высоч. утв. мнение Госсовета 10(23).04.1906","КОНЕЦ СНЯТ 17.09.2026 по правилу куратора (точка гаснет только если постройку снесли, имперцев выгнали или всё вокруг покраснело). Прежняя дата конца 1906-04-23: каторжные работы закрыты, добыча продолжена вольнонаёмными; посёлок остался. каторжный труд прекращён 1906 (фактич. уже в 1904, война); добыча угля продолжена вольнонаёмно - другая колонизация, не эта точка. Координаты севернее 50-й параллели, Портсмут 1905 это место не затронул",zavod,айны и нивхи
kamensk,Каменский завод,61.935,56.421,1701-10-15,,12,"ВИКИПЕДИЯ, «Каменск-Уральский»",дата традиционная; в документах Сибирского приказа завод действует с 1702,zavod,вогулы (манси) Верхотурского уезда
uktus,Уктусский завод,60.488,56.676,1704-01-01,,12,"ВИКИПЕДИЯ, «Уктусский завод»",дата традиционная; в отписке 1709 года завод уже разоряют башкиры,zavod,вогулы (манси) Верхотурского уезда
egoshikha,Егошихинский завод,56.284,57.981,1723-01-01,,12,"ВИКИПЕДИЯ, «Егошихинский завод»",дата традиционная; косвенно за указом 28.05.1723 о медных заводах,zavod,коми-пермяки Перми Великой
nizhny-tagil,Нижнетагильский завод,59.975,57.92,1725-01-01,,12,"ВИКИПЕДИЯ, «Нижнетагильский завод»","дата традиционная, акта нет",zavod,вогулы (манси) и остяки (ханты) Верхотурского уезда
zlatoust,Златоустовский завод,59.65,55.175,1754-01-01,,12,"ВИКИПЕДИЯ, «Златоуст»","дата традиционная; разрешение Берг-коллегии, в свод законов не входило",zavod,башкиры-вотчинники
kyshtym,Кыштымские заводы,60.56,55.7,1757-01-01,,12,"ВИКИПЕДИЯ, «Кыштым»",дата традиционная,zavod,башкиры-вотчинники
votkinsk,Воткинский завод,53.99,57.03,1759-01-01,,12,"ВИКИПЕДИЯ, «Воткинск»",дата традиционная,zavod,удмурты
izhevsk,Ижевский завод,53.23,56.85,1760-01-01,,12,"ВИКИПЕДИЯ, «Ижевск»",дата традиционная,zavod,удмурты
miass,Миасский завод,60.095,54.995,1777-01-01,,12,"ВИКИПЕДИЯ, «Миасс»",дата традиционная,zavod,башкиры-вотчинники
mozdok,Моздокская крепость,44.6536,43.7356,1763-01-01,,15,"Указ Екатерины II 05.05.1785 (ст.ст.) об учреждении Кавказского наместничества - через веб-сводку (stavropolgid.ru и др., не первоисточник); альтернатива - ВИКИПЕДИЯ «Моздок» (1835, вывод гарнизона, фраза БЕЗ сноски в статье); ПСЗ-1, т. XXII, печ. с. 388-390, акты № 16.193 от 05.05.1785 и № 16.194 от 09.05.1785 (прочитаны лично с диска, файл 15): «Кизляръ, Моздокъ и тому подобные, гдѣ управленіе городское прежде единственно относилося къ воинскому начальству, долженствуютъ впредь устроены быть по силѣ городоваго положенія»; ПСЗ-2, т. XXXII (1857), № 31860 - «Упраздненіе крѣпостей Моздока и Кизляра»","АКТЫ НАЙДЕНЫ (файл 15, 17.09.2026), поле конца пустое по правилу трёх случаев: вывод городского управления из-под воинского начальства - бумага. КОНЕЦ СНЯТ 17.09.2026 по правилу куратора (точка гаснет только если постройку снесли, имперцев выгнали или всё вокруг покраснело). Прежняя дата конца 1785-05-16: крепость обращена в уездный город (указы 05.05 и 09.05.1785 ст. ст., ПСЗ-1 № 16193, 16194); сама крепость упразднена актом 21.05.1857 (ПСЗ-2 № 31860), город остался. ДВЕ ДАТЫ-КАНДИДАТА: 1785-05-16 н.ст. (05.05.1785 ст.ст.+11, обращена в уездный город Кавказской области вместе со Ставрополем и Георгиевском) - основной вариант; 1835 (упразднена, гарнизон расквартирован по другим крепостям) - альтернатива без сноски, не подтверждена вторым заходом розыска. Побочно: «Кизляро-Моздокский округ управления госимуществ» упразднён 12.11.1851 (АКАК т.10) - это НЕ крепость, а земельный округ с тем же именем, в ответ не беру. Розыск 16.09.2026",krepost,кабардинцы
kr-sv-ekateriny,Крепость святой Екатерины,44.2317,43.7635,1777-09-11,,15,"ВИКИПЕДИЯ, «Азово-Моздокская укреплённая линия»; Потто, т. 1, гл. XI; ВИКИПЕДИЯ «Екатериноградская» (дата без явной сноски в статье)","КОНЕЦ СНЯТ 17.09.2026 по правилу куратора (точка гаснет только если постройку снесли, имперцев выгнали или всё вокруг покраснело). Прежняя дата конца 1822-01-01: крепость обращена в город Екатериноград; поселение осталось. крепость № 1 линии, у слияния Малки и Терека; с её закладки 11.09.1777 началось строительство всей линии; 1786 город Екатериноград. Конец: «в 1822 году Екатерининская крепость была упразднена, а Екатериноград преобразован в станицу» — тот же год, что и упразднение Александровского уезда, видимо одна реформа 1822 года. Прямой сноски на документ у этой фразы в статье нет, уверенность средняя. Розыск 16.09.2026",krepost,кабардинцы
kr-sv-pavla,Крепость святого Павла,43.6311,43.9619,1777-09-18,1829-01-01,15,ВИКИПЕДИЯ «Азово-Моздокская укреплённая линия»; Рудницкий Р.Р. дисс. 2004 (через сноску),"ВТОРОЙ ПЕРИОД МЕСТА заведён отдельной строкой `st-novopavlovskaya`: с 1848 года тут станица Новопавловская. Перенос 1829 года - не только станицы: Ермолов предлагал ещё в 1825 году передвинуть крепости Марьинскую и Павловскую «на реку Малку к редутам». Координаты этой строки (Новопавловск, правый берег Куры) сходятся с местом крепости и отстоят от нынешнего города на 700 метров. МЕХАНИЗМ КОНЦА (проверка 17.09.2026, случай 1 - перенос): «В 1829 году станицу Павловскую перенесли на левый берег реки Малка, и появилась современная станица Новопавловская». Сама крепость «частично сохранилась в окрестностях города Новопавловска», то есть на старом месте остались только валы. крепость № 2; не путать с Павловской на Кубани (Темижбек/Кавказская); весна 1779 — атакован лагерь Якоби у крепости, отбит; 1786 — кабардинцы требовали снести, отказано; к 1829 переселена станица (та же кампания, что у Марьинской)",krepost,кабардинцы
kr-sv-marii,Крепость святой Марии,43.482,43.8755,1777-01-01,1829-01-01,15,ВИКИПЕДИЯ «Азово-Моздокская укреплённая линия»; Рудницкий Р.Р. дисс. 2004 (через сноску),"КООРДИНАТЫ ПОД ВОПРОСОМ (найдено 17.09.2026, не правил): в таблице стоят 43.482/43.8755 - это место НЫНЕШНЕЙ станицы Марьинской на левом берегу Малки, то есть место ПОСЛЕ переноса 1828-1829 годов, а не крепость. Крепость и станица стояли на Золке: «Первоначально располагалась на реке Золке»; «В 1825 году генерал Ермолов предложил проект передвижения крепостей Марьинской и Павловской ""на реку Малку к редутам"", так как крепость на Золке ""утратила своё военно-стратегическое значение""»; «С наступлением весны 1828 года началось переселение станицы Марьинской. Было решено основать её на левом берегу горной реки Малки» (ru.wikipedia.org «Марьинская (Ставропольский край)»). Источник даёт место словами, координат Золкинской крепости не даёт - по правилу лупа точку НЕ двигаю. Ошибка того же рода, что была у Анадырского острога. Строка на станицу Марьинскую 1777 года НЕ заведена по той же причине: непонятно, к какому из двух мест её вести. МЕХАНИЗМ КОНЦА (проверка 17.09.2026, случай 1 - перенос): «в 1829 г. для выравнивания кордонной линии станица Марьинская от крепости была переселена на левый берег Малки». крепость № 3 на Золке, дня закладки нет; июнь 1779 — выдержала осаду кабардинцев, снята Якоби 10.06.1779 (Потто); 1786 — кабардинцы требовали её снести, отказано; 1829 — станицу перенесли на левый берег Малки для выпрямления линии",krepost,кабардинцы
kr-sv-georgiya,Крепость святого Георгия,43.4742,44.1479,1778-01-01,,15,"1786, обращена в уездный город Георгиевск Кавказского наместничества - согласовано несколькими веб-источниками (kupibilet.ru, drevo-info.ru), день 07.02.1786 ст.ст. (=18.02.1786 н.ст., открытие присутственных мест) - менее проверенная деталь той же веб-сводки","КОНЕЦ СНЯТ 17.09.2026 по правилу куратора (точка гаснет только если постройку снесли, имперцев выгнали или всё вокруг покраснело). Прежняя дата конца 1786-02-18: обращена в уездный город Георгиевск; город остался. Файл 06b уже нашёл год 1786, но НЕ занёс в CSV, посчитав, что «обращение в уездный город» не считается по формулировке задания - перечитано: нынешнее задание прямо перечисляет «уездный город» как валидный механизм наравне со станицей и селом, поэтому беру. Если день 18.02.1786 не внушает доверия - используйте 1786-01-01 (год без дня), см. note этого захода. Розыск 16.09.2026",krepost,кабардинцы
kr-sv-aleksandra,Крепость святого Александра,43.0005,44.7125,1777-10-24,,15,"ВИКИПЕДИЯ «Александровский уезд (Кавказская губерния)»; Бутков П.Г., ч.2 (1869), с.48, гл.80","КОНЕЦ СНЯТ 17.09.2026 по правилу куратора (точка гаснет только если постройку снесли, имперцев выгнали или всё вокруг покраснело). Прежняя дата конца 1822-08-05: обращена в станицу Александровскую; станица осталась. ИСПРАВЛЕНО 16.09.2026 (повторно, окончательно): note ранее ошибочно говорил «первоначально Святого Андрея» — по Буткову (гл.80, «...и Александровской, на речке Томузлове...» — без пометки о более раннем имени) и по Потто (см. файл 06) звалась Александровской с самого начала; «Андреевской» была крепость №6, см. kr-severnaya. Подтверждено ТРЕМЯ источниками (Потто, Бутков, статья о с. Северном). Весна 1786 — прорыв до города, сожжено Новосельцево; 24.07.1822 ст.ст. (=05.08.1822 н.ст.) город и уезд упразднены; позже станица, затем 30.12.1869 ст.ст. (=11.01.1870 н.ст.) обращена в село",krepost,ногайцы и туркмены-трухмены
kr-severnaya,Крепость Северная,42.8597,44.8321,1777-10-18,,15,"Бутков П.Г., ч.2 (1869), с.48, гл.80; ВИКИПЕДИЯ «Северное (Ставропольский край)» (сноски 6, 9, 10)","КОНЕЦ СНЯТ 17.09.2026 по правилу куратора (точка гаснет только если постройку снесли, имперцев выгнали или всё вокруг покраснело). Прежняя дата конца 1870-01-11: станица разгосударствлена в село 30.12.1869 ст. ст.; село осталось. крепость № 6, ИСПРАВЛЕНО 16.09.2026 (было переставлено с kr-sv-aleksandra): первоначально звалась АНДРЕЕВСКОЙ, позже Северная — подтверждено Бутковым («Андреевской, которую заменила потом Северная») и статьёй о совр. селе Северном («Северная (Андреевская)... названа в связи с северным расположением относительно Александровской»). На речке Чечере (не Печоре — искажение OCR). Конец 1825/26 — частичный вывод на Куму (станица Бекешевская); 1832 — станица Северная 1-го Хопёрского полка; конец 30.12.1869 ст.ст. (=11.01.1870 н.ст.) — отчислена в гражданское состояние, статус села. Совр. с. Северное, Александровский округ. Розыск 16.09.2026 завершён",krepost,ногайцы
kr-stavropolskaya,Ставропольская крепость,41.9691,45.0433,1777-10-22,,15,"Указ Екатерины II 05.05.1785 (ст.ст.) об учреждении Кавказского наместничества, Ставрополь назначен уездным городом - через веб-сводку, не первоисточник; альтернатива 15.02.1786 (открытие присутственных мест) - тоже не проверено лично","КОНЕЦ СНЯТ 17.09.2026 по правилу куратора (точка гаснет только если постройку снесли, имперцев выгнали или всё вокруг покраснело). Прежняя дата конца 1785-05-16: обращена в уездный город Ставрополь; город остался. Файлы 06/06b дважды искали и не находили конец («город существует непрерывно»). В этом заходе - конец КАК КРЕПОСТИ (не как города) взят по обращению в уездный город, той же датой и тем же указом, что и Моздок (см. выше) - согласованность между строками одной реформы. Альтернативный кандидат: 15.02.1786 ст.ст. (=26.02.1786 н.ст.) - открытие присутственных мест именно в Ставрополе. Розыск 16.09.2026",krepost,ногайцы
kr-moskovskaya,Московская крепость,41.9161,45.2863,1779-01-01,,15,"Бутков П.Г., «Материалы для новой истории Кавказа», ч. 2 (1869), с. 48-49, гл. 80; ВИКИПЕДИЯ «Московское (Ставропольский край)» (сноски на Брокгауза-Ефрона и В.А. Колесникова)","КОНЕЦ СНЯТ 17.09.2026 по правилу куратора (точка гаснет только если постройку снесли, имперцев выгнали или всё вокруг покраснело). Прежняя дата конца 1826-01-01: крепость упразднена, село осталось. крепость № 8, построена 1779 на речке Ташле (не 1780) — Бутков: «в 1779 г.: Московской, на речке Ташлу». ВАЖНО: в 1777 году имя «Московская» временно носила другая площадка — будущий Ставрополь, переименован 22.11.1777 ст.ст.; это разные точки, см. файл 06b. Село Московское, Изобильненский р-н — сохранился фундамент (1780). Конец: в 1826 казачья станица переселена на Кубань в Барсуковскую и Невинномысскую, на месте — крестьяне. Розыск 16.09.2026 завершён",krepost,ногайцы
kr-donskaya,Донская крепость,41.9756,45.4548,1779-01-01,,15,"Бутков П.Г., ч. 2 (1869), с. 48-49, гл. 80; ВИКИПЕДИЯ «Донское (Ставропольский край)» (сноска 4)","КОНЕЦ СНЯТ 17.09.2026 по правилу куратора (точка гаснет только если постройку снесли, имперцев выгнали или всё вокруг покраснело). Прежняя дата конца 1826-01-01: крепость упразднена, село осталось. крепость № 9, построена 1779 на речке Ташле (Бутков); имя «Донская» присвоено по ордеру Потёмкина ещё в 1777 (Википедия). С 1801 при крепости селили крестьян семи губерний. Конец: 1826 — военная станица упразднена, переселена «на границу Кавказской области»; 1827 — на её месте образовано гражданское село Донское (Труновский р-н). Розыск 16.09.2026 завершён",krepost,ногайцы
kr-sergievskaya,Сергиевская крепость,42.6977,44.9506,1777-10-16,,15,"vostlit.info, «Устройство Азово-Моздокской линии» (ЦГАДА ф.23 оп.1 д.5 ч.3, ордера №6 и №9, 05 и 27.10.1777 ст.ст.); ПСЗРИ Собр.1 т.20 №14607 (24.04.1777 ст.ст.=05.05.1777 н.ст.); ВИКИПЕДИЯ «Сергиевское (Ставропольский край)» (сноски 1-4, на «Адм.-терр. устройство Ставрополья...», 2008)","КОНЕЦ СНЯТ 17.09.2026 по правилу куратора (точка гаснет только если постройку снесли, имперцев выгнали или всё вокруг покраснело). Прежняя дата конца 1870-01-11: то же; село осталось. крепость на Калаусе, первоначальное имя — Алексеевский редут (по солдату Алексею), позже названа в честь св. Сергия Радонежского. Закладка окт.-нояб. 1777 (ордера Якоби). 1832 — преобразована в станицу Сергиевскую 1-го Хопёрского полка. Конец: 30.12.1869 ст.ст. (=11.01.1870 н.ст.) — отчислена из казачьего войска, статус села. ФЛАГ: один документ 22.11.1777 (см. kr-stavropolskaya) называет крепость на Калаусе именем «Св. Александра» — не разрешено, возможна путаница Алексеевский/Александровский. Розыск 16.09.2026 завершён",krepost,ногайцы
kr-konstantinogorskaya,Константиногорская крепость,43.0707,44.0398,1780-01-01,,15,ВИКИПЕДИЯ «Константиногорская крепость» → Полякова/Чегутаева 2012; ВИКИПЕДИЯ «Азово-Моздокская линия» → Рудницкий 2004,"КОНЕЦ СНЯТ 17.09.2026 по правилу куратора (точка гаснет только если постройку снесли, имперцев выгнали или всё вокруг покраснело). Прежняя дата конца 1830-01-01: крепость разобрана, но на её месте вырос Пятигорск; империя с места не ушла. крепость № 10; заложена 1780, реально строилась с 1783, перестроена Ферзеном 1793 (почти вдвое); 1798 занята 16-м егерским полком (Потто); ок.1804 выдержала блокаду закубанцев (Потто); упразднена «в 30-е годы XIX века» (источник 1), по другому источнику «разобрана к середине XIX века» — ТОЧНЫЙ ГОД НЕ УСТАНОВЛЕН, 1830 — условная граница; Потто в 1880-х видел на этом месте только курганы и остатки вала",krepost,кабардинцы
kr-kislovodskaya,Кисловодская крепость,42.7157,43.9055,1803-01-01,,15,"ВИКИПЕДИЯ, «Азово-Моздокская укреплённая линия»",достройка линии в начале XIX века,krepost,кабардинцы (абазины Кисловодской котловины)
vladikavkaz,Владикавказ,44.6821,43.0246,1784-01-01,,15,"ВИКИПЕДИЯ, «Владикавказ»",опорная точка Военно-Грузинской дороги,krepost,осетины и ингуши
nazran-redut,Назрановский редут,44.754,43.2319,1810-01-01,,12,"Назрановский округ выведен из Сунженского казачьего отдела - через веб-сводку, две независимые страницы, день не установлен","КОНЕЦ СНЯТ 17.09.2026 по правилу куратора (точка гаснет только если постройку снесли, имперцев выгнали или всё вокруг покраснело). Прежняя дата конца 1905-01-01: дата была про вывод Ингушетии в Назрановский округ, а не про редут; Назрань осталась. Мост: последнее действующее состояние - усиление редута и постройка станиц Карабулакской/Тарской/2-й Сунженской/Нестеровской вокруг него в 1860-х (реконструкция усилена, не заброшена); первое гражданское состояние - 1905, Ингушетия выведена из Сунженского казачьего отдела в Назрановский округ с прямым подчинением областной администрации. Дата - не акт о редуте, а мост между двумя косвенными границами. Розыск 16.09.2026",krepost,ингуши
kr-burnaya,Крепость Бурная,47.5049,42.983,1821-01-01,,12,"ВИКИПЕДИЯ, «Сунженская линия»",поставлена у Тарки; координаты — нынешняя Махачкала,krepost,кумыки Тарковского шамхальства
ekaterinodar,Екатеринодар,38.9772,45.0352,1793-01-01,,15,"И. Д. Попко, «Черноморские казаки в их гражданском и военном быту», СПб., 1858, рассказ пятый («Порядок общей пользы», 1 января 1794 ст. ст.); ПСЗ-1, № 17.055 и № 17.056 от 30.06.1792 (жалованная грамота Черноморскому войску); ВИКИПЕДИЯ, «Краснодар»","ЗАКОННЫЙ КОРЕНЬ (дописан 17.09.2026). Земля отдана войску грамотой 30.06.1792: «исключая только мѣстъ для крѣпости на островѣ Фанагоріи и для другой при рѣкѣ Кубани… которыя… сооружены быть имѣютъ». Сам город предписан «Порядком общей пользы» от 1 января 1794 ст. ст., дословно по Попко: «Ради войсковой резиденціи… при рѣкѣ Кубани, въ карасунскомъ кутѣ, воздвигнуть градъ и… именовать его Екатеринодаромъ». Тем же актом предписано «въ градѣ Екатеринодарѣ выстроить сорокъ куреней» - все сорок куреней как постройки стоят в одном городе, а куренное селение на границе места на момент акта ещё не имеет («въ тѣхъ мѣстахъ, гдѣ какому куреню по жребію принадлежать будетъ»). Поэтому сорок куреней 1794 года отдельными точками не заводятся. Вторая строка на Екатеринодар не нужна: 1793 - год постройки, 1794 - год акта об имени. По очерку 1836 года город входит в число укреплённых пограничных поселений: «огорожены полисадами, имеют по углам крепостные орудия». войсковой город Черноморского казачьего войска, начало Черноморской кордонной линии",krepost,черкесы (адыги) и ногайцы
ust-labinskaya,Усть-Лабинская крепость,39.6901,45.2095,1778-01-01,,15,"znanierussia.ru «Усть-Лабинск» (WebSearch) - артиллерийский полк дислоцировался «вплоть до Гражданской войны», крепость заброшена и застроена гражданскими дворами в 1920-е; согласуется с находкой файла 06b (kurortkuban.ru/culture.ru - военные части «вплоть до Первой мировой войны»)","КОНЕЦ СНЯТ 17.09.2026 по правилу куратора (точка гаснет только если постройку снесли, имперцев выгнали или всё вокруг покраснело). Прежняя дата конца 1920-01-01: крепость обращена в станицу, потом город; поселение осталось. Мост между двумя не вполне архивными, но независимыми краеведческими источниками, сходящимися на военном использовании в начале XX века и гражданском переходе на рубеже Гражданской войны. Год условный, день и месяц не установлены и едва ли устанавливаемы по имеющимся источникам. Розыск 16.09.2026 - конец найден впервые (было «не найдено» дважды)",krepost,черкесы (адыги)
kr-kavkazskaya,"Кавказская крепость (Темижбек, Павловская)",40.6698,45.4393,1792-01-01,,15,"Бутков П.Г. ч.2 (1869), через файл 06b (дословная цитата уже там, не повторяю); независимо подтверждено веб-сводкой (указ 28.02.1792 ст.ст.=10.03.1792 н.ст. о переселении, станица заселена в 1794 донскими казаками со ст. Романовской)","КОНЕЦ СНЯТ 17.09.2026 по правилу куратора (точка гаснет только если постройку снесли, имперцев выгнали или всё вокруг покраснело). Прежняя дата конца 1794-08-01: крепость обращена в станицу в августе 1794; станица осталась. ФЛАГ КУРАТОРУ: превращение в станицу (авг. 1794, день не установлен) - валидный механизм по букве задания («обращена в станицу»), но для kr-severnaya/kr-sergievskaya (файл 06b, уже в CSV) именно превращение в станицу НЕ было принято как конец - концом там взята более поздняя дата разгосударствления станицы в село (30.12.1869). Для kr-kavkazskaya более поздней даты не нашёл - либо станица 1794 года и есть финальный статус (Кубанская линия не попала под ту же реформу, что Азово-Моздокская), либо дальнейшее разгосударствление есть, но не найдено. ВНИМАНИЕ: founded 1792 - как в самом задании («по Буткову»); в живом registry.csv по-прежнему стоит 1778 (та же путаница с Темижбеком, которую 06b уже разобрал, но не поправил в CSV). Розыск 16.09.2026",krepost,черкесы (адыги) и ногайцы
temizhbekskaya-1778,Темижбекский редут,40.8519,45.4456,1778-01-01,,15,"Бутков П. Г., «Материалы для новой истории Кавказа», ч. 2 (1869), с. 245, 232-233, гл. 152, 158; В. А. Потто, «Кавказская война», т. 1 «От древнейших времён до Ермолова»","Внесено 17.09.2026 по слову куратора. Военная точка в урочище Темижбек: рекогносцировка Суворова 1778 года, у Буткова названа редутом и ретраншаментом, в 1791 году - сборный пункт Кавказского корпуса перед походом на Анапу, «главный пост в Темишбеке с 4 пушками». Отделена от крепости Кавказской: та построена в 1792 году в 35 верстах ниже по Кубани (файл розыска 06b). Конца не найдено: последнее прямое свидетельство - 1791 год, дальше линия держалась крепостью Кавказской. Координаты - нынешняя станица Темижбекская, около 22 км восточнее Кропоткина.",post,черкесы (адыги)
temizhbekskaya,Темижбекская станица,40.8519,45.4456,1802-01-01,,15,"kubnews.ru со ссылкой на музей Тбилисского района (1802, 3277 душ екатеринославских казаков); В. А. Потто, «Кавказская война», т. 1 (заселение по почину Глазенапа, 1803)","Внесено 17.09.2026 по слову куратора (решение о том, что казачья станица на отнятой земле - тоже точка слоя). Гражданское заселение на четверть века позже суворовской рекогносцировки: 1802 год по музею Тбилисского района, 1803 по Потто. Названа по соседнему аулу черкесского князя Темиж-бека. Станица существует сегодня, конца нет.",stanitsa,черкесы (адыги)
grigoripolisskaya,Григориполисская крепость,41.0547,45.3019,1794-01-01,,15,"ВИКИПЕДИЯ, «Григорополисская»","Кубанская линия. 1794 — год казачьей станицы при укреплении; само укрепление к тому времени уже стояло, но года его постройки источник не даёт",krepost,ногайцы
prochny-okop,Прочный Окоп,41.1294,44.9994,1789-01-01,,15,"ВИКИПЕДИЯ, «Прочноокопская»","ВОЗРАСТ ИСПРАВЛЕН 01.09.2026: 1794 — год станицы. Крепость «сооружена в конце 1780-х по плану генерала Германа фон Ферзена»; ТОЧНОГО ГОДА ИСТОЧНИК НЕ ДАЁТ, на карте стоит 1789-й как середина названного десятилетия — при появлении точной даты поправить",krepost,черкесы (адыги)
labinskaya,Лабинская крепость,40.7242,44.6348,1841-01-01,,15,"ВИКИПЕДИЯ, «Лабинск»",Лабинская линия,krepost,абадзехи
anapa-1828,Анапская крепость,37.3169,44.8943,1828-06-24,1855-05,12,"В. А. Потто, «Кавказская война», т. 4, 2006; Военная энциклопедия Сытина, ст. «Анапа»","МЕХАНИЗМ КОНЦА (проверка 17.09.2026, случай 1): «В конце мая - начале июня, после того как англо-французский десант 12-13 (24-25) мая занял Керчь, гарнизоны Новороссийска, Геленджика и Анапы после демонтажа укреплений были эвакуированы» (ВИКИПЕДИЯ, «Кавказская кампания Крымской войны»). Эти три пункта в марте 1854 не сдавали - «Удерживать положено было только Анапу, Новороссийск, Геленджик и Сухум-Кале». Случай 2 вдобавок: «После того как Анапа была покинута русскими войсками, в неё вошёл горский князь Сефер-бей Зан с отрядом и вслед за ним отряд турок численностью в 8 тысяч человек под командой Мустафа-паши». ст. ст. 12.06.1828 (осада с 03.05); оставлена не позже 25.05.1855 при общем отходе за Кубань вслед за Керченским десантом; часть стен взорвана своими войсками",krepost,натухайцы
anapa-1856,Анапская крепость (возвращена),37.3169,44.8943,1856-07-12,,12,"ru.wikipedia.org «Кавказская кампания Крымской войны» (дата занятия БЕЗ сноски — проверено лично на самой странице); АКАК т.XI (переписка Филипсона, день не найден); ПСЗ-2, т.XLIV, № 46956 от 10.04.1869 (цитирует закон № 43393 от 10.03.1866 «Положение о Черноморском округе»)","КОНЕЦ СНЯТ 17.09.2026 по правилу куратора (точка гаснет только если постройку снесли, имперцев выгнали или всё вокруг покраснело). Прежняя дата конца 1866-03-22: крепость упразднена 22.03.1866, город Анапа остался. дата занятия 12.07.1856 — низкая уверенность, не подтверждена документом, но и не опровергнута (контекст АКАК: донесение 21.06, визит парохода «Стромболи» 18.07); УПРАЗДНЕНИЕ КРЕПОСТИ — средне-высокая уверенность: 10.03.1866 (н.ст. 22.03) Анапа вновь учреждена портовым городом; с 1860 числилась упразднённым городом (закон № 35647, не проверен)",krepost,натухайцы
anapa-1791,Анапская крепость (взята и оставлена Гудовичем),37.3169,44.8943,1791-07-03,1791-07-21,12,"Дубровин, «История войны и владычества русских на Кавказе», т.2, 1886, с.271 (рапорт Гудовича кн. Потёмкину); Потто, «Кавказская война», т.1, 1887, с.195,197; ПСЗ-1, т.XXIII, № 17.008 (Ясский мир)","н.ст. по поправке +11 дней (XVIII век): взята штурмом 03.07.1791 (ст.ст. 22.06, 8 утра); по приказу кн. Потёмкина укрепления взорваны, войска оставили Анапу 21.07.1791 (ст.ст. 10.07) и вернулись на линию 16(27).09.1791; Ясский мир (подписан 29.12.1791 ст.ст. = 09.01.1792 н.ст.) закрепил границу по Кубани, Анапа осталась за Турцией",krepost,натухайцы
anapa-1807,Анапская крепость (эскадра Пустошкина),37.3169,44.8943,1807-04,1812-05-28,12,"В. А. Потто, «Кавказская война», т.4, 2006 (MATERIALS/77); Бухарестский мирный договор 1812, ст.6, через historyrussia.org (сам текст трактата не проверен — тома ПСЗ-1 за 1812 год в библиотеке нет)","занята эскадрой контр-адм. Пустошкина в апреле 1807 (точный день не найден), комендант ген.-майор Бухгольц; возвращена по Бухарестскому миру — ст.6 обязывала вернуть Турции пункты на Кавказе, «оружием завоёванные»; мир подписан 16(28).05.1812; точный день фактического ухода гарнизона не найден, взята дата мира как условная граница",krepost,натухайцы
novorossiysk-1838,Новороссийское укрепление,37.7691,44.724,1838-09-12,1855-05,10,"ВИКИПЕДИЯ, «Черноморская береговая линия»; ВИКИПЕДИЯ, «Кавказская кампания Крымской войны» (март 1854 и май 1855)","ДАТА КОНЦА ИСПРАВЛЕНА 17.09.2026: было 1854-03-01 с заметкой «гарнизоны сняты в 1854» - неверно. Новороссийск был одним из четырёх пунктов, которые как раз удерживали после роспуска линии, и туда свозили гарнизоны с остальных укреплений: «Удерживать положено было только Анапу, Новороссийск, Геленджик и Сухум-Кале». Оставлен в мае 1855: «В конце мая - начале июня, после того как англо-французский десант 12-13 (24-25) мая занял Керчь, гарнизоны Новороссийска, Геленджика и Анапы после демонтажа укреплений были эвакуированы» (ВИКИПЕДИЯ, «Кавказская кампания Крымской войны»). Случай 1 - «после демонтажа укреплений». Черноморская береговая линия; гарнизоны сняты в 1854",krepost,натухайцы
kabardinskoe,Кабардинское укрепление (Александрийское),37.9395,44.6516,1836-10,1854-03,8,ru.wikipedia.org «Кабардинка»; газ. «Кавказ» №30/1854 (вторично),"МЕХАНИЗМ КОНЦА (проверка 17.09.2026, случай 1 - постройку снесли): роспуск Черноморской береговой линии. Дословно: «С 3 по 5 марта 1854 г. отрядом кораблей под флагом вице-адмирала Л. М. Серебрякова сняты гарнизоны укреплений Черноморской береговой линии»; «гарнизоны в количестве 5 тысяч человек со своими семьями, вольнопромышленники, большая часть казённого имущества доставлены в Новороссийск, а сами укрепления взорваны и сожжены» (ВИКИПЕДИЯ, «Черноморская береговая линия»); «В феврале - марте гарнизоны укреплений были эвакуированы, а сами они взорваны» (ВИКИПЕДИЯ, «Кавказская кампания Крымской войны»). Не «гарнизон сняли», а взорвали. заложено как Александрийское; переименовано в Кабардинское 15.05.1839 (н.ст. 27.05) — по статье Википедии со ссылкой на архивный документ №296262 (номер нетипичный для дела 1839 года, вероятно учётный номер современной описи — сам документ не проверен); перестроено в 1841 (капониры, палисады, 7 орудий, гарнизон 330)",krepost,натухайцы
kabardinskoe-1869,Кабардинка (переселенческое село),37.9395,44.6516,1869-01-01,,8,"АКАК, т. XII (1904), документы № 590, 830, 836 (декабрь 1861 - место ещё «бывшее укрепление Кабардинское»); ru.wikipedia.org «Кабардинка» со ссылкой на подворную перепись 1870 года, найденную историком В. А. Шахбазовым в архиве Тбилиси","Внесено 17.09.2026 по слову куратора. Второй период места: Кабардинское укрепление оставлено в марте 1854 года, заселение гражданское - греками и армянами, беженцами из Османской империи, не раньше 1864-65 годов; к 1870 году село существовало. Дата «1858, военный пост» из блога не подтверждается ни одним источником. 1869 - год, когда за местом закреплено нынешнее название, единственная точная дата с привязкой к источнику. Село существует сегодня, конца нет.",selenie,натухайцы
gelendzhikskoe,Геленджикское укрепление,38.0767,44.5609,1831-07-27,1855-05,8,"dagliese581g.livejournal.com, ч. 1; ru.wikipedia.org «Кавказская кампания Крымской войны»","МЕХАНИЗМ КОНЦА (проверка 17.09.2026, случай 1): «В конце мая - начале июня, после того как англо-французский десант 12-13 (24-25) мая занял Керчь, гарнизоны Новороссийска, Геленджика и Анапы после демонтажа укреплений были эвакуированы» (ВИКИПЕДИЯ, «Кавказская кампания Крымской войны»). Эти три пункта в марте 1854 не сдавали - «Удерживать положено было только Анапу, Новороссийск, Геленджик и Сухум-Кале». Место занято турками до конца войны - тут вдобавок случай 2. ИСПРАВЛЕНИЕ даты ухода: не март 1854 — Геленджикское держалось до мая 1855 вместе с Анапой и Новороссийском; занято турками до конца войны",krepost,натухайцы
gelendzhikskoe-1864,Геленджикская станица,38.0767,44.5609,1864-01-01,,8,"АКАК, т. XII (1904), документы № 590 от 22.12.1861, № 830 от 09.12.1861, № 836; сведения о Шапсугском береговом батальоне - веб-поиск без прямого чтения страницы (admgel.ru и gelmusey.ru не открылись)","КОНЕЦ СНЯТ 17.09.2026 по правилу куратора (точка гаснет только если постройку снесли, имперцев выгнали или всё вокруг покраснело). Прежняя дата конца 1870-01-01: Шапсугский береговой батальон расформирован в 1870 и казаки ушли, но поселение на месте осталось. Внесено 17.09.2026 по слову куратора. Второй период места: Геленджикское укрепление оставлено в мае 1855 года, а с 1864 года тут казачья станица - одна из двенадцати станиц Шапсугского берегового батальона. Дата «1857, войска вернулись» из блога опровергнута: АКАК на декабрь 1861 года называет место «бывшим Геленджикским укреплением», а казачье заселение - ещё только в планах на 1863-64 годы, сто семей. Конец - роспуск батальона в 1870 году, казаки вернулись на прежние места жительства; судьба места после 1870 года первичкой не подтверждена.",stanitsa,натухайцы
novotroitskoe,Новотроицкое укрепление,38.3397,44.3905,1837-06,1854-03,8,"dagliese581g.livejournal.com, ч. 2; газ. «Кавказ» №30/1854 (вторично)","МЕХАНИЗМ КОНЦА (проверка 17.09.2026, случай 1 - постройку снесли): роспуск Черноморской береговой линии. Дословно: «С 3 по 5 марта 1854 г. отрядом кораблей под флагом вице-адмирала Л. М. Серебрякова сняты гарнизоны укреплений Черноморской береговой линии»; «гарнизоны в количестве 5 тысяч человек со своими семьями, вольнопромышленники, большая часть казённого имущества доставлены в Новороссийск, а сами укрепления взорваны и сожжены» (ВИКИПЕДИЯ, «Черноморская береговая линия»); «В феврале - марте гарнизоны укреплений были эвакуированы, а сами они взорваны» (ВИКИПЕДИЯ, «Кавказская кампания Крымской войны»). Не «гарнизон сняли», а взорвали. к июню 1837 строительство завершено; не входит в число взятых в 1840",krepost,шапсуги
mihaylovskoe,Михайловское укрепление,38.5336,44.3703,1837-07-16,1840-03-22,8,"felicina.ru (музей Фелицына); ru.wikipedia.org «Оборона Михайловского укрепления»; АКАК т. IX, 1884","ИСПРАВЛЕНИЕ: не 1854 — взято и уничтожено 22.03.1840 (н.ст. 03.04), рядовой Архип Осипов взорвал погреб; АКАК т.IX НЕ числит его среди быстро восстановленных (в отличие от Вельяминовского и Лазаревского) — далее не найдено укрепления на этом месте вплоть до station Вуланской 1867 (неуверенно)",krepost,шапсуги
tenginskoe,Тенгинское укрепление,38.7499,44.3041,1838-07-10,1854-03,8,ru.wikipedia.org «Тенгинка»; газ. «Кавказ» №30/1854 (вторично),"МЕХАНИЗМ КОНЦА (проверка 17.09.2026, случай 1 - постройку снесли): роспуск Черноморской береговой линии. Дословно: «С 3 по 5 марта 1854 г. отрядом кораблей под флагом вице-адмирала Л. М. Серебрякова сняты гарнизоны укреплений Черноморской береговой линии»; «гарнизоны в количестве 5 тысяч человек со своими семьями, вольнопромышленники, большая часть казённого имущества доставлены в Новороссийск, а сами укрепления взорваны и сожжены» (ВИКИПЕДИЯ, «Черноморская береговая линия»); «В феврале - марте гарнизоны укреплений были эвакуированы, а сами они взорваны» (ВИКИПЕДИЯ, «Кавказская кампания Крымской войны»). Не «гарнизон сняли», а взорвали. дата основания подтверждена независимо статьёй про совр. Тенгинку; атака 15000 черкесов в 1841 (не взято) — только по блогу, не подтверждено (неуверенно)",krepost,шапсуги
novomihaylovskoe,Новомихайловское укрепление,38.8448,44.2534,1838,1854-03,8,ru.wikipedia.org «Черноморская береговая линия» (без отдельной сноски); газ. «Кавказ» №30/1854 (вторично),"МЕХАНИЗМ КОНЦА (проверка 17.09.2026, случай 1 - постройку снесли): роспуск Черноморской береговой линии. Дословно: «С 3 по 5 марта 1854 г. отрядом кораблей под флагом вице-адмирала Л. М. Серебрякова сняты гарнизоны укреплений Черноморской береговой линии»; «гарнизоны в количестве 5 тысяч человек со своими семьями, вольнопромышленники, большая часть казённого имущества доставлены в Новороссийск, а сами укрепления взорваны и сожжены» (ВИКИПЕДИЯ, «Черноморская береговая линия»); «В феврале - марте гарнизоны укреплений были эвакуированы, а сами они взорваны» (ВИКИПЕДИЯ, «Кавказская кампания Крымской войны»). Не «гарнизон сняли», а взорвали. день/месяц основания не найден; НЕ путать с укреплением Михайловским и со станицей Новомихайловской Гулькевичского района — см. заметки, разночтение в самой Википедии не разрешено",krepost,шапсуги
velyaminovskiy,Вельяминовский форт,39.0719,44.0985,1838-05-12,1840-02-29,8,Военная энциклопедия Сытина (Вельяминовский форт); ru.wikipedia.org «Оборона Вельяминовского форта»,ИСПРАВЛЕНИЕ: не 1854 — взят 29.02.1840 (н.ст. 12.03) Хаджи-Догомуко Берзеком,krepost,шапсуги
velyaminovskiy-1840,Вельяминовский форт (восстановлен),39.0719,44.0985,1840-05-10,1854-03,8,ru.wikipedia.org «Оборона Вельяминовского форта»; газ. «Кавказ» №30/1854 (вторично),"МЕХАНИЗМ КОНЦА (проверка 17.09.2026, случай 1 - постройку снесли): роспуск Черноморской береговой линии. Дословно: «С 3 по 5 марта 1854 г. отрядом кораблей под флагом вице-адмирала Л. М. Серебрякова сняты гарнизоны укреплений Черноморской береговой линии»; «гарнизоны в количестве 5 тысяч человек со своими семьями, вольнопромышленники, большая часть казённого имущества доставлены в Новороссийск, а сами укрепления взорваны и сожжены» (ВИКИПЕДИЯ, «Черноморская береговая линия»); «В феврале - марте гарнизоны укреплений были эвакуированы, а сами они взорваны» (ВИКИПЕДИЯ, «Кавказская кампания Крымской войны»). Не «гарнизон сняли», а взорвали. н.ст. 22.05.1840; десант занял форт без боя, 11.05 похоронены останки 141 защитника прежнего гарнизона",krepost,шапсуги
lazarevskiy,Лазаревский форт (деревянный),39.3318,43.9103,1839-07-07,1840-02-07,8,"АКАК т. IX, 1884; dagliese581g.livejournal.com, ч. 3","ИСПРАВЛЕНИЕ: не 1854 — взят 07.02.1840 (н.ст. 19.02), гарнизон ~78-80 чел. почти уничтожен",krepost,шапсуги
lazarevskiy-1840,Лазаревский форт (каменный),39.3318,43.9103,1840-05,1854-03,8,"dagliese581g.livejournal.com, ч. 3 (неуверенно про точный день); АКАК т. IX (факт восстановления)","МЕХАНИЗМ КОНЦА (проверка 17.09.2026, случай 1 - постройку снесли): роспуск Черноморской береговой линии. Дословно: «С 3 по 5 марта 1854 г. отрядом кораблей под флагом вице-адмирала Л. М. Серебрякова сняты гарнизоны укреплений Черноморской береговой линии»; «гарнизоны в количестве 5 тысяч человек со своими семьями, вольнопромышленники, большая часть казённого имущества доставлены в Новороссийск, а сами укрепления взорваны и сожжены» (ВИКИПЕДИЯ, «Черноморская береговая линия»); «В феврале - марте гарнизоны укреплений были эвакуированы, а сами они взорваны» (ВИКИПЕДИЯ, «Кавказская кампания Крымской войны»). Не «гарнизон сняли», а взорвали. восстановлен в камне, гарнизон увеличен до ~700",krepost,шапсуги
golovinskiy,Головинский форт,39.471,43.7985,1839-05-03,1854-03,8,"dagliese581g.livejournal.com, ч. 2; газ. «Кавказ» №30/1854 (вторично)","МЕХАНИЗМ КОНЦА (проверка 17.09.2026, случай 1 - постройку снесли): роспуск Черноморской береговой линии. Дословно: «С 3 по 5 марта 1854 г. отрядом кораблей под флагом вице-адмирала Л. М. Серебрякова сняты гарнизоны укреплений Черноморской береговой линии»; «гарнизоны в количестве 5 тысяч человек со своими семьями, вольнопромышленники, большая часть казённого имущества доставлены в Новороссийск, а сами укрепления взорваны и сожжены» (ВИКИПЕДИЯ, «Черноморская береговая линия»); «В феврале - марте гарнизоны укреплений были эвакуированы, а сами они взорваны» (ВИКИПЕДИЯ, «Кавказская кампания Крымской войны»). Не «гарнизон сняли», а взорвали. не входит в число взятых в 1840; месяц (май 1839) подтверждён независимо, день не перепроверен",krepost,убыхи
navaginskiy,Навагинский форт (Александрия),39.7231,43.5855,1838-04-21,1854-03,8,rus.team; arch-sochi.ru; sochi24.tv (три источника согласованно); газ. «Кавказ» №30/1854 (вторично),"МЕХАНИЗМ КОНЦА (проверка 17.09.2026, случай 1 - постройку снесли): роспуск Черноморской береговой линии. Дословно: «С 3 по 5 марта 1854 г. отрядом кораблей под флагом вице-адмирала Л. М. Серебрякова сняты гарнизоны укреплений Черноморской береговой линии»; «гарнизоны в количестве 5 тысяч человек со своими семьями, вольнопромышленники, большая часть казённого имущества доставлены в Новороссийск, а сами укрепления взорваны и сожжены» (ВИКИПЕДИЯ, «Черноморская береговая линия»); «В феврале - марте гарнизоны укреплений были эвакуированы, а сами они взорваны» (ВИКИПЕДИЯ, «Кавказская кампания Крымской войны»). Не «гарнизон сняли», а взорвали. ИСПРАВЛЕНИЕ даты основания: 21.04.1838, не 13.04 как в таблице; заложен как форт Александрия десантом ген.-м. Симборского, 18.05.1839 переименован в Навагинский из-за путаницы имён; с 1851 в постоянной блокаде убыха Хаджи-Керантуха Берзека (АКАК т.XI)",krepost,убыхи
navaginskiy-1864,Даховский пост,39.7231,43.5855,1864-04-06,,8,"gazetasochi.ru, «Сочи в прошлом. Пост Даховский» (прочитано 17.09.2026: «Десять лет, с 1864 по 1874 год, Даховский пост был главным санитарным и интендантским пунктом для всех воинских частей даховского отряда»); rus.team; arch-sochi.ru","КОНЕЦ СНЯТ 17.09.2026 по правилу куратора: 03.04.1874 ст. ст. пост обращён в посад Даховский с наделом 437 десятин, войска выведены, но отставные солдаты остались сельскими жителями, а в 1896 посад переименован в Сочи - империя с места не ушла. Внесено 17.09.2026 по слову куратора. Второй период места: Навагинский форт оставлен в марте 1854 года, весной 1864 года на реке Сочи отрядом генерала Геймана поставлен Даховский пост. Конец - преобразование в посад Даховский 03.04.1874 ст. ст. (15.04.1874 н. ст.) с наделом 437 десятин и выводом войск; отставные солдаты остались уже сельскими жителями, в 1896 году посад переименован в Сочи. Дни обеих дат держатся на вторичных пересказах, годы подтверждены независимо. Место: в источниках это пост, а не форт, и, похоже, он стоял не на самом месте Навагинского форта, а ниже в долине Сочи; отдельной геопривязки нет, поэтому координаты прежние, кружок радиусом 8 км долину накрывает.",post,убыхи
sv-duha,Укрепление Святого Духа,39.9237,43.4254,1837-06-18,1854-03,8,"dagliese581g.livejournal.com, ч. 2; газ. «Кавказ» №30/1854 (вторично)","МЕХАНИЗМ КОНЦА (проверка 17.09.2026, случай 1 - постройку снесли): роспуск Черноморской береговой линии. Дословно: «С 3 по 5 марта 1854 г. отрядом кораблей под флагом вице-адмирала Л. М. Серебрякова сняты гарнизоны укреплений Черноморской береговой линии»; «гарнизоны в количестве 5 тысяч человек со своими семьями, вольнопромышленники, большая часть казённого имущества доставлены в Новороссийск, а сами укрепления взорваны и сожжены» (ВИКИПЕДИЯ, «Черноморская береговая линия»); «В феврале - марте гарнизоны укреплений были эвакуированы, а сами они взорваны» (ВИКИПЕДИЯ, «Кавказская кампания Крымской войны»). Не «гарнизон сняли», а взорвали. не входит в число взятых в 1840; день основания не перепроверен независимо",krepost,садзы (джигеты)
gagra-1830,Гагрская крепость,40.2582,43.2965,1830-01-01,,10,"ВИКИПЕДИЯ, «Черноморская береговая линия»",Черноморская береговая линия,krepost,абхазы
suhum-1830,Сухумская крепость,41.0197,43.0031,1830-01-01,,10,"ВИКИПЕДИЯ, «Черноморская береговая линия»",Черноморская береговая линия,krepost,абхазы
temir-khan-shura,Темир-Хан-Шура,47.122,42.8261,1834-01-01,,15,"Многократно независимо (ЭСБЕ доп.т.XXXIIa - файл 05; веб-сводка этого захода) - год без дня; акт локализован до ПСЗ-2 т.XLI (1866, prlib.ru item 358501 отд.1 №42861-43602 или item 358502 отд.2 №43603-44077), номер внутри не найден; ПСЗ-2, т. XLI, отд. 2 (1866), № 43915 от 29.11.1866 ст. ст., печ. с. 310 (прочитан лично, файл 15): «Укрѣпленіе Темиръ-Ханъ-Шура переименовывается въ городъ»","АКТ КОНЦА НАЙДЕН (файл 15, 17.09.2026), поле конца пустое: переименование укрепления в город - бумага. КОНЕЦ СНЯТ 17.09.2026 по правилу куратора (точка гаснет только если постройку снесли, имперцев выгнали или всё вокруг покраснело). Прежняя дата конца 1866-01-01: укрепление переименовано в город 29.11.1866 ст. ст. (ПСЗ-2 № 43915); город остался. база Дагестанского отряда (АКАК т.9, файл 05). 1866 - получила права города (обращена в уездный/окружной город) - механизм соответствует формулировке задания. День и номер акта не установлены несмотря на целевой розыск в этом заходе (prlib.ru отдаёт только каталожные метаданные, не текст). Розыск 16.09.2026",krepost,кумыки и аварцы
khunzakh,Хунзах,46.7071,42.5452,1837-06-08,1843-11-28,12,"АКАК, т. 8 (дословная цитата, лично сверена); Ф. К. Клюки-фон-Клугенау, «Очерк военных действий», Русская старина 1874-1876 (мемуары участника, лично прочитаны); ЭСБЕ, «Хунзах», 1890-е (читана лично, второй заход)","«ген. Фезе 27-го мая 1837... занял Хунзах» (ст.ст. -> 08.06 н.ст.; в прежней записи 05-27 без пересчёта). Оставлен по приказу Клугенау 16.11.1843 в 17:00 (ст.ст. -> 28.11 н.ст.) после потери 8 укреплений вокруг и блокады Шуры - гарнизон Пассека выведен в Белаканы и Зираны, не штурм. Второй заход 16.09.2026: прочёл саму ЭСБЕ, не пересказ - «в 1859 г. Х. был занят русским войском и в том же году Аварское ханство было восстановлено»; акта или рапорта о возвращении НЕ НАЙДЕНО ни на диске (Кавказский сборник т. 32 и Дубровин обрываются раньше 1843 г.), ни в сети - строка khunzakh-1859 НЕ заведена по прямому указанию куратора",krepost,"аварцы, столица Аварского ханства"
akhty,Ахтынское укрепление,47.742,41.4615,1839-01-01,,12,"Мост между 1877 (вторая осада, WebSearch/ru.wikipedia «Восстание 1877 года в Чечне и Дагестане», гарнизон внутри) и согласованной у нескольких краеведческих страниц (dagjur.com, ru.ruwiki.ru) формулировкой «после Октябрьской революции уже не действовала»","КОНЕЦ СНЯТ 17.09.2026 по правилу куратора (точка гаснет только если постройку снесли, имперцев выгнали или всё вокруг покраснело). Прежняя дата конца 1917-01-01: укрепление утратило военное назначение, село осталось. 1848 осада отбита (было известно). НОВОЕ: 1859 - школа для детей солдат в крепости (dagjur.com), 1877 (01.10-07.11, возможно ст.ст.) - вторая осада во время общедагестанского восстания, гарнизон внутри, деблокирована ген. Комаровым - существенно отодвигает нижнюю границу действующего состояния. Дата 1917 - правая граница моста (названное событие-ориентир), не середина интервала. Розыск 16.09.2026",krepost,"лезгины: Рутул, Ахты, Алты-пара, Докуз-пара"
gunib,Гуниб,46.9647,42.387,1859-08-25,,12,АКАК т. 12,"аул, где 25.08.1859 сдался имам Шамиль; крепость поставлена сразу после",krepost,"аварцы, последняя ставка имамата"
zakataly,Закатальская крепость,46.6435,41.6307,1830-01-01,,15,АКАК т. 7,поставлена после покорения Джаро-Белоканских обществ в 1830 году; ДЕНЬ НЕ УСТАНОВЛЕН,krepost,"джаро-белоканские общества, аварцы и цахуры"
post-aleksandrovsky,Александровский пост,142.1592,50.8975,1881-01-01,,12,"Чехов А. П. Остров Сахалин, глава IV","«Александровский пост основан в 1881 г.» — управление каторгой перенесено сюда из Дуэ, где «было тесно и мрачно»; ДЕНЬ И МЕСЯЦ ИСТОЧНИК НЕ ДАЁТ",katorga,айны и нивхи
post-korsakovsky,Муравьёвский пост,142.781,46.6328,1853-10-04,1854-06-11,12,ВИКИПЕДИЯ «Муравьёвский пост» (сноски на экспедицию Невельского),"заложен Г.И. Невельским в айнском сел. Тамари-Анива (то же место, что позже Корсаковский пост); упразднён и оставлен при вести о вступлении Британии и Франции в Крымскую войну, гарнизон уведён. KIND проставлен как ostrog, не katorga - ссыльных там не было, решение картографу",ostrog,айны
post-korsakovsky-1869,Корсаковский пост,142.781,46.6328,1869-01-01,1905-07-08,12,"Чехов А.П., «Остров Сахалин», гл. XII (как в таблице); занятие японцами - ru.wikipedia.org/wiki/История_Корсакова сн. 91","день/месяц 1869 не найден повторно; место пустовало 1854-1869 (15 лет, см. строку выше). Взят японским десантом 25.06(08.07 н.ст.).1905; администрация Карафуто встала в том же посёлке, Россия пост не вернула",katorga,айны
post-rykovskoye,Рыковское (Тымовский округ),142.727,50.7069,1878-01-01,,10,"Чехов А. П. Остров Сахалин, глава X","«Рыковское, или Рыково, основано в 1878 г.; место для него довольно удачно выбрал и указал смотритель тюрьмы унтер-офицер Рыков»; ДЕНЬ НЕ УСТАНОВЛЕН",katorga,нивхи и орочи долины Тыми
priisk-bodaibo,Бодайбинская резиденция,114.1932,57.8507,1864-01-01,,15,"ВИКИПЕДИЯ, «Бодайбо»; pribaikal.ru, «История Бодайбо»",склад и база Ленского золотопромышленного района на реке с эвенкийским названием Бодайбо; ДНЯ И МЕСЯЦА ИСТОЧНИКИ НЕ ДАЮТ,priisk,эвенки и якуты
priisk-nadezhdinsky,Надеждинский прииск,114.5871,58.1888,1872-01-01,,12,"ВИКИПЕДИЯ, «Ленские золотые прииски»; ВИКИПЕДИЯ, «Апрельск»","центр приискового района, контора Лензото; 4 (17) апреля 1912 года здесь расстреляли рабочих, посёлок потом назвали Апрельском; ДНЯ ОСНОВАНИЯ ИСТОЧНИКИ НЕ ДАЮТ",priisk,эвенки и якуты
priisk-vasilievsky,Васильевский прииск (Соловьёвск),124.4398,54.2209,1867-01-01,,12,"портал правительства Амурской области, раздел истории; NEDRADV, история золотодобычи Приамурья","первый прииск Верхнеамурской золотопромышленной компании, в 1868 году взято более 800 кг золота; ДНЯ И МЕСЯЦА ИСТОЧНИКИ НЕ ДАЮТ",priisk,эвенки
priisk-zeysky-sklad,Зейский Склад,127.2666,53.7500,1879-01-01,,15,"ВИКИПЕДИЯ, «Зея (город)»",перевалочная база Верхнеамурской золотопромышленной компании на Зее; ДНЯ И МЕСЯЦА ИСТОЧНИКИ НЕ ДАЮТ,priisk,эвенки
udinsk,Удинский острог (Верхнеудинск),107.584,51.834,1666-01-01,,15,ПЕРЕСКАЗ Артемьева А.Р. 1999 (первоисточник НЕ открыт за весь розыск - coloniam.ru/klex.ru/dissercat.com недоступны) через ostrog.ucoz.ru; sibir-letopisi.ucoz.ru - без библиографии; Багрин Е.А. 2020 (бои у стен янв./март 1688),"КОНЕЦ СНЯТ 17.09.2026 по правилу куратора (точка гаснет только если постройку снесли, имперцев выгнали или всё вокруг покраснело). Прежняя дата конца 1812-05-06: стены снесены по ветхости в 1811, расчистка по указу 06.05.1812; город Верхнеудинск остался. Зимовье 1666 (альт. 1665 по Минерту/Артемьеву - независимо подтверждено автореферат Артемьева 1997 на cheloveknauka.com); острог 1677-1680; 1688 Ф.А.Головин укрепил (49х49м, стены 6,4м), в январе и марте 1688 - бои у стен острога; к 1770-м заброшена; в 1811 стены снесены по ветхости; указ о расчистке 06.05.1812 ст.ст. (=18.05.1812 н.ст. по правилу конвертации XIX века - в gone записано значение по указанию куратора, без конвертации). Осады/штурма в 1701-1727 НЕ найдено - разъезды и претензии тех лет шли под Селенгинском, не под Удинском. Уверенность низкая-средняя, первоисточник конца не проверен",ostrog,"буряты (хори, табангуты)"
tunka,Тункинский острог,102.53,51.73,1676-01-01,,15,"А. Пруссак, «Замѣтка о Тункинскомъ острогѣ», Сибирская лѣтопись, 1916, № 6-8, с. 303-304 (скан на Wikimedia Commons); Н. А. Сердобов, 1972, с. 162, через КиберЛенинку (ясак иргитов 1735); буклет «Тунка казачья», 2014","механизма конца нет, и опубликованного ответа пока не существует: иркутские исследователи заняты локализацией острога, раскопок на месте до 2022 года не было. Что известно: поставлен Иваном Перфильевым в 1676 (альтернатива 1675), сгорел в 1697 и отстроен на том же месте, сгорел в 1709 и поставлен у устья Тунки, в 1719 перенесён на косогор - крепость и село разделились. Последнее свидетельство работы: 1735, тувинцы-иргиты платят сюда ясак. Пруссак уточняет основание: «не позже 1674 г.». Розыск 16.09.2026",ostrog,"буряты (тункинские), сойоты"
balagansk,Балаганский острог,102.798,53.750,1654-06-01,,15,ru.wikipedia.org «Балаганск»/«Унга (приток Ангары)»; «Памятники сибирской истории XVIII в.» кн.2 акт №92 и указатель с.289-290,"КОНЕЦ СНЯТ 17.09.2026 по правилу куратора (точка гаснет только если постройку снесли, имперцев выгнали или всё вокруг покраснело). Прежняя дата конца 1775-01-01: острог упразднён при обращении в город; город стоял до затопления 1961-62. КООРДИНАТЫ ПЕРЕНЕСЕНЫ 17.09.2026 («го» куратора): было 103.06,54.0 - это нынешний посёлок Балаганск после переноса 1961-62 годов при затоплении Братским водохранилищем; острог 1654 года стоял в устье Унги. КООРДИНАТЫ СДВИНУТЫ на устье Унги (было 103.06,54.0 - это координаты СОВРЕМЕННОГО Балаганска после переноса 1961-62 при затоплении Братским вдхр., см. заметки) - не проверено куратором. founded уточнён до май-июнь 1654 (Д.Фирсов, енис. сын боярский, по наказу воеводы Пашкова). gone=1775 - ОЦЕНКА по административному статусу (город вместо острога), акта о сносе стен не найдено; последнее прямое упоминание как 'острог' в первоисточнике - 1721 (кн.2 акт №92). В 1658 (ст.ст. 28.06=08.07 н.ст.) восстание унгинских/окинских бурят против Похабова - ясачную базу потерял, но сам острог НЕ зафиксирован сожжённым/взятым. Осады 1655 и 1668 выдержаны (источник слабый). Внутренний бунт 1692 - источник без библиографии, не подтверждён независимо. Возможный перенос на 15 вёрст вверх по Ангаре в 1-й пол. XVIII в. (sibir-letopisi, без библиографии, координат нет)",ostrog,"буряты (унгинские, окинские)"
kosogol,Косогольский острог (озеро Хубсугул),100.66,51.5,1716-01,1722-01-01,15,"Памятники сибирской истории XVIII в., кн. 2, акты № 28 (янв. 1716) и № 44 (14.01.1717, ст.ст. = 25.01.1717) - прочитаны лично; вторичные пересказы (varandej.livejournal.com, mongoltoli.mn со ссылкой на Харинский и др. 2014) - не пруф","МЕХАНИЗМ КОНЦА ПОДТВЕРЖДЁН (проверка 17.09.2026, случай 1): в 1722 году острог снесён по требованию цинского императора Канси, гарнизон переведён в Тунку. Все три ходившие версии - сожжён, снесён, оставлен - описывают одно: постройки на месте не осталось. Год 1722 подтверждён, день не найден. Указ повторён 14.01.1717 новому коменданту - постройка 1716 года под вопросом, возможно построен не раньше 1717 (даты строителей 'Богданов и Кочетов, 1716' - только по непрочитанной лично статье). Сожжён/снесён/оставлен (версии расходятся) под давлением циньского Китая, гарнизон в Тунку; год конца 1721 или 1722 (день не найден); статья Харинский А.В. и др., 'История Косогольского острога', 2014, Омск-Тюмень-Екатеринбург, Магеллан, т.I, с.183-187 существует, но не прочитана лично (сайт-хостер недоступен)",ostrog,монголы (халха)
kinburn-1774,Кинбурн,31.688,46.582,1774-07-21,1855-10-17,8,"ПСЗРИ т. XIX № 14164, ст. 18 (как в таблице)",осада 1787 отбита Суворовым - НЕ конец. Капитулировала 05(17).10.1855 после 5-часовой бомбардировки брон. канонерками (ген.-майор Коханович принял капитуляцию); занята франко-брит. гарнизоном до мая 1856,krepost,Крымское ханство (ногайцы)
kinburn-1856,Кинбурн (возвращённый),31.688,46.582,1856-05-06,1857,8,"ru.wikipedia.org/wiki/Кинбурн; упразднение подтверждено тремя независимыми источниками (БСЭ, Warspot.ru, ВИКИПЕДИЯ) со ссылкой на ст. XIII Парижского трактата; ПСЗ-2, т. XXXII (1857), акты № 32377 и № 32386 по алфавитному указателю, раздел «КРѢПОСТИ (укрѣпленія)»: оба называют Кинбурнскую «бывшею крѣпостью» и сворачивают инженерную команду и комендантское управление - год 1857 подтверждён дважды (файл 15)","МЕХАНИЗМ КОНЦА ПОДТВЕРЖДЁН (проверка 17.09.2026, случай 1 - брошена и не восстановлена): «В 1857 году крепость была упразднена и больше никогда не восстанавливалась»; на месте остались только «земляные валы, место, где была установлена артбатарея и ров, пересекающий косу с севера на юг», а «из остатков крепости был насыпан искусственный остров на входе в Днепро-Бугский лиман» (решение 1873 года, строительство 1870-х, позже остров Майский). То есть камень крепости вывезли, место осталось пустым: это не одна бумага об упразднении. день передачи «24 апреля 1856» источник даёт БЕЗ указания стиля - взял за ст.ст., нужна перепроверка. 180 орудий вывезены во Францию трофеями. Упразднена 1857 по демилитаризации Черного моря; день не найден",krepost,Крымское ханство (ногайцы)
kerch-1774,Керчь,36.47,45.359,1774-07-21,,10,"ПСЗРИ т. XIX № 14164, ст. 19 (как в таблице); ПСЗ-1, т. XXXVII, № 28.776 от 10.10.1821 (учреждение Керчь-Еникольского градоначальства). ОТРИЦАТЕЛЬНЫЙ РЕЗУЛЬТАТ по упразднению: акта об упразднении Керченской крепости в ПСЗ нет; слово «Керч» в т. X отд. 1 за 1835 год встречается 72 раза, ни разу в связи с упразднением (файл 15)","АКТА КОНЦА НЕТ - отрицательный результат розыска по ПСЗ (файл 15, 17.09.2026). Ни 1820 год (Семёнов), ни 1835 (путеводитель РГВИА) законом не подтверждаются: 1821 - учреждение Керчь-Еникольского градоначальства, 1835 - упразднение Еникале, а не Керчи. КОНЕЦ СНЯТ 17.09.2026 по правилу куратора (точка гаснет только если постройку снесли, имперцев выгнали или всё вокруг покраснело). Прежняя дата конца 1855-05-24: береговые батареи взорваны при отходе 24.05.1855, город остался и вернулся к империи в 1856. фактич. занята раньше трактата - лето 1771 (2-я армия), точного дня для Керчи не нашёл (для Еникале день есть, см. его строку). Ген. Врангель взорвал береговые батареи Керчи и Еникале и отступил без боя 12(24).05.1855. Форт Тотлебен (1857-1877) - ДРУГОЕ место (мыс Ак-Бурун), не эта точка",krepost,Крымское ханство
yenikale-1774,Еникале,36.617,45.343,1774-07-21,,8,"ПСЗРИ т. XIX № 14164, ст. 19 (как в таблице); ПСЗ-2, т. X, отд. 1 (1835), № 8313 от 15.07.1835 ст. ст. (=27.07 н. ст.), печ. с. 815 (прочитан лично, файл 15): «Крѣпости: Тирасполь и Еникаль упразднить, а крѣпостныя части предоставить въ городское вѣдомство»","АКТ КОНЦА НАЙДЕН (файл 15, 17.09.2026), поле конца пустое: передача крепостных частей в городское ведомство - бумага, место осталось за империей. КОНЕЦ СНЯТ 17.09.2026 по правилу куратора (точка гаснет только если постройку снесли, имперцев выгнали или всё вокруг покраснело). Прежняя дата конца 1855-05-24: крепость упразднена актом 15.07.1835 ст. ст. (ПСЗ-2 № 8313), в 1855 взорваны батареи; место осталось за империей, госпиталь работал до 1880. фактич. занята БЕЗ БОЯ 21.06(02.07 н.ст.).1771 - на 3 года раньше трактата, картографу решать, поднимать ли founded. К 1835 утратила военное значение (госпиталь на территории) - функция крепости кончилась ЗА 20 ЛЕТ до взрыва батарей 12(24).05.1855 (тот же эпизод, что у Керчи). Госпиталь закрыт 1880, площадка оставлена окончательно",krepost,Крымское ханство
st-temnolesskaya,Темнолесская станица,42.0511,44.8583,1794-01-01,,8,"Б. Е. Фролов, «Заселение Кубани казаками в 1792-1864 гг.» (сб. «По страницам истории Кубани», прочитано 17.09.2026); ru.wikipedia.org «Темнолесская»","Заселение Кубанской линии донцами по высочайшему рескрипту 28.02.1792 ст. ст.: шесть донских полков, 3000 семей. Донцы взбунтовались и ушли с Кубани, оставив старшин и знамёна; переселение пошло только в 1794 году, после подавления восстаний. Пять станиц - Темнолесская, Воровсколесская, Прочноокопская, Григориполисская, Усть-Лабинская - составили Кубанский полк. Имя - от Темнолесского ретраншемента 1788-1789 годов на горе Стрижамент. Прочный Окоп, Григориполисская и Усть-Лабинская на слое уже есть крепостями, отдельными станицами не завожу.",stanitsa,"ногайцы, абазины"
st-vorovskolesskaya,Воровсколесская станица,42.4,44.3667,1794-01-01,,8,"Б. Е. Фролов, «Заселение Кубани казаками в 1792-1864 гг.» (сб. «По страницам истории Кубани», прочитано 17.09.2026); ru.wikipedia.org «Воровсколесская»","Та же волна: донцы Кубанского полка, 1794 год.",stanitsa,"ногайцы, абазины"
st-ladozhskaya,Ладожская станица,39.9364,45.3036,1802-01-01,,8,"Б. Е. Фролов, «Заселение Кубани казаками в 1792-1864 гг.» (сб. «По страницам истории Кубани», прочитано 17.09.2026); ru.wikipedia.org «Ладожская»","В 1802 году на Кубанскую линию переселились 3277 казаков бывшего Екатеринославского войска и основали станицы Ладожскую, Тифлисскую, Казанскую и Темижбекскую; они составили Кавказский полк. Имя - от Ладожского пехотного полка, переведённого сюда из-под Петербурга. В 1804 году сюда же подселены донцы.",stanitsa,ногайцы
st-tiflisskaya,Тифлисская станица (ныне Тбилисская),40.2,45.3667,1802-01-01,,8,"Б. Е. Фролов, «Заселение Кубани казаками в 1792-1864 гг.» (сб. «По страницам истории Кубани», прочитано 17.09.2026); ru.wikipedia.org «Тбилисская»","Та же волна 1802 года, Кавказский полк. В 1936 году переименована в Тбилисскую вслед за переименованием грузинской столицы.",stanitsa,ногайцы
st-kazanskaya,Казанская станица,40.4333,45.4,1802-01-01,,8,"Б. Е. Фролов, «Заселение Кубани казаками в 1792-1864 гг.» (сб. «По страницам истории Кубани», прочитано 17.09.2026); ru.wikipedia.org «Казанская (Краснодарский край)» («Станица Казанская основана в 1802 году»)","Та же волна 1802 года, Кавказский полк.",stanitsa,ногайцы
st-voronezhskaya,Воронежская станица,39.5669,45.2125,1804-01-01,,8,"Б. Е. Фролов, «Заселение Кубани казаками в 1792-1864 гг.» (сб. «По страницам истории Кубани», прочитано 17.09.2026); ru.wikipedia.org «Воронежская (станица)»","Пятая станица Кавказского полка: 1804 год, переселенцы из Змиевского и Изюмского уездов и донские казаки, у Воронежского редута конца XVIII века (имя - от Воронежского мушкетёрского полка).",stanitsa,ногайцы
st-batalpashinskaya,Баталпашинская станица (ныне Черкесск),42.0443,44.2139,1825-01-01,,8,"Б. Е. Фролов, «Заселение Кубани казаками в 1792-1864 гг.» (сб. «По страницам истории Кубани», прочитано 17.09.2026); ru.wikipedia.org «Черкесск»","Хопёрских казаков перевели на Кубань по ходатайству Ермолова (решение 1824 года); переселение началось осенью 1825 года, окончательно осели к 1827-1828. Станица поставлена на месте русского редута Баталпашинского на Кубанской линии. Ныне Черкесск - столица Карачаево-Черкесии.",stanitsa,"ногайцы, абазины"
st-belomechetskaya,Беломечётская станица,41.9333,44.4167,1825-10-10,,8,"Б. Е. Фролов, «Заселение Кубани казаками в 1792-1864 гг.» (сб. «По страницам истории Кубани», прочитано 17.09.2026); ru.wikipedia.org «Беломечётская» со ссылкой на «Памятные и знаменательные даты» комитета Ставропольского края по делам архивов",Та же хопёрская волна. Дата основания 10.10.1825 ст. ст. по краевому архивному комитету.,stanitsa,"ногайцы, абазины"
st-nevinnomysskaya,Невинномысская станица (ныне Невинномысск),41.9333,44.6333,1825-01-01,,8,"Б. Е. Фролов, «Заселение Кубани казаками в 1792-1864 гг.» (сб. «По страницам истории Кубани», прочитано 17.09.2026); ru.wikipedia.org «Невинномысск» (год основания 1825 на гербе города)",Та же хопёрская волна.,stanitsa,"ногайцы, абазины"
st-barsukovskaya,Барсуковская станица,41.8156,44.7642,1825-11-04,,8,"Б. Е. Фролов, «Заселение Кубани казаками в 1792-1864 гг.» (сб. «По страницам истории Кубани», прочитано 17.09.2026); ru.wikipedia.org «Барсуковская»","Та же хопёрская волна, основана 04.11.1825 ст. ст. Из шести новых станиц устроена последней: казачьи семьи окончательно осели здесь только осенью 1828 года.",stanitsa,"ногайцы, абазины"
st-bekeshevskaya,Бекешевская станица,42.4214,44.1114,1825-01-01,,8,"Б. Е. Фролов, «Заселение Кубани казаками в 1792-1864 гг.» (сб. «По страницам истории Кубани», прочитано 17.09.2026); ru.wikipedia.org «Бекешевская», «Барсуковская» (перечень шести новопоселённых станиц)","Та же хопёрская волна, на Куме. У Фролова в этом месте стоит «Бесленеевская», но Бесленеевская - станица на Ходзи в Мостовском районе, поставленная в 1861 году; шестой хопёрской станицей была Бекешевская (перечень в статье о Барсуковской: Невинномысская, Беломечётская, Баталпашинская, Карантинная, Бекешевская, Барсуковская).",stanitsa,абазины
st-karantinnaya,Карантинная станица (ныне Суворовская),42.6644,44.1847,1825-01-01,,8,"Б. Е. Фролов, «Заселение Кубани казаками в 1792-1864 гг.» (сб. «По страницам истории Кубани», прочитано 17.09.2026); ru.wikipedia.org «Суворовская (Ставропольский край)»","Та же хопёрская волна, на Куме: станица поставлена на месте выселенного абазинского аула Джантемировых казаками, переведёнными из Ставропольской крепости. Имя - от карантина при перегоне скота. В 1835 году переименована в Суворовскую.",stanitsa,абазины (аул Джантемировых)
st-labinskaya,Лабинская станица (ныне Лабинск),40.7333,44.6333,1841-01-01,,8,"Б. Е. Фролов, «Заселение Кубани казаками в 1792-1864 гг.» (сб. «По страницам истории Кубани», прочитано 17.09.2026); ru.wikipedia.org «Лабинск»","Новая (Лабинская) линия: проект Засса 1839 года, решение о переносе линии с Кубани на Лабу принято в 1840-м, к осени 1840 года поставлены укрепления Зассовское, Махошевское и Темиргоевское. В 1841 году в междуречье Кубани и Лабы встали станицы Вознесенская, Чамлыкская, Урупская и Лабинская, из их жителей - линейцев, донцов и женатых чинов регулярных войск - составлен Лабинский полк. Лабинская поставлена при Махошевском укреплении. Всего на Новой линии к 1861 году основано 32 станицы вместо 14 по первоначальному плану - остальные ещё не заведены.",stanitsa,махошевцы (адыги)
st-chamlykskaya,Чамлыкская станица,40.8667,44.7167,1841-01-01,,8,"Б. Е. Фролов, «Заселение Кубани казаками в 1792-1864 гг.» (сб. «По страницам истории Кубани», прочитано 17.09.2026); ru.wikipedia.org «Чамлыкская»","Та же четвёрка Новой линии, 1841 год.",stanitsa,адыги
st-voznesenskaya,Вознесенская станица,41.0253,44.5503,1841-01-01,,8,"Б. Е. Фролов, «Заселение Кубани казаками в 1792-1864 гг.» (сб. «По страницам истории Кубани», прочитано 17.09.2026); ru.wikipedia.org «Вознесенская (Краснодарский край)»","Та же четвёрка Новой линии, 1841 год.",stanitsa,адыги
st-urupskaya,Урупская станица (ныне Советская),41.1757,44.777,1841-06-29,,8,"Б. Е. Фролов, «Заселение Кубани казаками в 1792-1864 гг.» (сб. «По страницам истории Кубани», прочитано 17.09.2026); ru.wikipedia.org «Советская (Краснодарский край)»","Та же четвёрка Новой линии, основана 29.06.1841 ст. ст. В 1933 году станичников выслали в отдалённые районы СССР, станицу переименовали в Советскую и заселили семьями красноармейцев.",stanitsa,адыги
st-vozdvizhenskaya,Воздвиженская станица,40.1517,45.1278,1842-01-01,,8,"Б. Е. Фролов, «Заселение Кубани казаками в 1792-1864 гг.» (сб. «По страницам истории Кубани»); Е. Д. Фелицын, «Кубанское казачье войско 1696-1888» (состав Лабинского и Урупского полковых округов); ru.wikipedia.org «Воздвиженская (Краснодарский край)»","Новая (Лабинская) линия, сплошной проход 17.09.2026. Год основания - по инфобоксу статьи ru.wikipedia.org, поле «дата основания»; источник ВТОРИЧНЫЙ, первички по этой станице нет. Координаты - геотег той же статьи, то есть место НЫНЕШНЕЙ станицы: о переносе источники не говорят, но и не подтверждают, что станица стоит на месте основания. Вторая по счёту станица линии, сразу после четырёх первых. Адыгское имя места - Къожэубэ; по топонимическому словарю Меретукова на месте станицы до войны стоял аул.",stanitsa,адыги
st-tenginskaya,Тенгинская станица,40.0167,45.1008,1843-01-01,,8,"Б. Е. Фролов, «Заселение Кубани казаками в 1792-1864 гг.» (сб. «По страницам истории Кубани»); Е. Д. Фелицын, «Кубанское казачье войско 1696-1888» (состав Лабинского и Урупского полковых округов); ru.wikipedia.org «Тенгинская»","Новая (Лабинская) линия, сплошной проход 17.09.2026. Год основания - по инфобоксу статьи ru.wikipedia.org, поле «дата основания»; источник ВТОРИЧНЫЙ, первички по этой станице нет. Координаты - геотег той же статьи, то есть место НЫНЕШНЕЙ станицы: о переносе источники не говорят, но и не подтверждают, что станица стоит на месте основания. Иногда пишется Тангинская. Статья о станице приводит и смысл всей линии: «Новая (Лабинская) линия позволяла перенести боевые действия на земли горцев между реками Лабой и Белой».",stanitsa,адыги
st-nekrasovskaya,Некрасовская станица,39.75,45.1425,1843-01-01,,8,"Б. Е. Фролов, «Заселение Кубани казаками в 1792-1864 гг.» (сб. «По страницам истории Кубани»); Е. Д. Фелицын, «Кубанское казачье войско 1696-1888» (состав Лабинского и Урупского полковых округов); ru.wikipedia.org «Некрасовская (Краснодарский край)»","Новая (Лабинская) линия, сплошной проход 17.09.2026. Год основания - по инфобоксу статьи ru.wikipedia.org, поле «дата основания»; источник ВТОРИЧНЫЙ, первички по этой станице нет. Координаты - геотег той же статьи, то есть место НЫНЕШНЕЙ станицы: о переносе источники не говорят, но и не подтверждают, что станица стоит на месте основания. Адыгское имя места - Щэрахъ. Имя станицы - от некрасовцев, казаков-староверов, чей городок стоял здесь до того; часть некрасовцев жила в адыгских аулах ещё во время Кавказской войны.",stanitsa,адыги
st-mihaylovskaya-lab,Михайловская станица,40.5995,44.9959,1845-01-01,,8,"Б. Е. Фролов, «Заселение Кубани казаками в 1792-1864 гг.» (сб. «По страницам истории Кубани»); Е. Д. Фелицын, «Кубанское казачье войско 1696-1888» (состав Лабинского и Урупского полковых округов); ru.wikipedia.org «Михайловская (Краснодарский край)»","Новая (Лабинская) линия, сплошной проход 17.09.2026. Год основания - по инфобоксу статьи ru.wikipedia.org, поле «дата основания»; источник ВТОРИЧНЫЙ, первички по этой станице нет. Координаты - геотег той же статьи, то есть место НЫНЕШНЕЙ станицы: о переносе источники не говорят, но и не подтверждают, что станица стоит на месте основания. В источниках встречается как Старо-Михайловская. Дата по Азаренковой/Бондарь/Вертышевой, «Основные административно-территориальные преобразования на Кубани (1793-1985)», Краснодар, 1986 - сноска статьи.",stanitsa,адыги
st-petropavlovskaya-lab,Петропавловская станица,40.4516,45.0783,1845-01-01,,8,"Б. Е. Фролов, «Заселение Кубани казаками в 1792-1864 гг.» (сб. «По страницам истории Кубани»); Е. Д. Фелицын, «Кубанское казачье войско 1696-1888» (состав Лабинского и Урупского полковых округов); ru.wikipedia.org «Петропавловская (Краснодарский край)»","Новая (Лабинская) линия, сплошной проход 17.09.2026. Год основания - по инфобоксу статьи ru.wikipedia.org, поле «дата основания»; источник ВТОРИЧНЫЙ, первички по этой станице нет. Координаты - геотег той же статьи, то есть место НЫНЕШНЕЙ станицы: о переносе источники не говорят, но и не подтверждают, что станица стоит на месте основания. Адыгское имя места - Пхъэмбгъукъа́л, «крепость, укреплённая дощатым забором» (Меретуков): укрепление тут стояло до станицы.",stanitsa,адыги
st-konstantinovskaya-lab,Константиновская станица,40.725,44.8314,1847-01-01,,8,"Б. Е. Фролов, «Заселение Кубани казаками в 1792-1864 гг.» (сб. «По страницам истории Кубани»); Е. Д. Фелицын, «Кубанское казачье войско 1696-1888» (состав Лабинского и Урупского полковых округов); ru.wikipedia.org «Константиновская (Краснодарский край)»","Новая (Лабинская) линия, сплошной проход 17.09.2026. Год основания - по инфобоксу статьи ru.wikipedia.org, поле «дата основания»; источник ВТОРИЧНЫЙ, первички по этой станице нет. Координаты - геотег той же статьи, то есть место НЫНЕШНЕЙ станицы: о переносе источники не говорят, но и не подтверждают, что станица стоит на месте основания.",stanitsa,адыги
st-vladimirskaya-lab,Владимирская станица,40.8042,44.5444,1848-01-01,,8,"Б. Е. Фролов, «Заселение Кубани казаками в 1792-1864 гг.» (сб. «По страницам истории Кубани»); Е. Д. Фелицын, «Кубанское казачье войско 1696-1888» (состав Лабинского и Урупского полковых округов); ru.wikipedia.org «Владимирская (Краснодарский край)»","Новая (Лабинская) линия, сплошной проход 17.09.2026. Год основания - по инфобоксу статьи ru.wikipedia.org, поле «дата основания»; источник ВТОРИЧНЫЙ, первички по этой станице нет. Координаты - геотег той же статьи, то есть место НЫНЕШНЕЙ станицы: о переносе источники не говорят, но и не подтверждают, что станица стоит на месте основания. В источниках также Владимировская. По ней в 1861 году прошла граница деления линии надвое: Верхне-Лабинская от Псеменской до Владимирской, Нижне-Лабинская от Владимирской до устья Лабы.",stanitsa,адыги
st-temirgoevskaya,Темиргоевская станица,40.2814,45.1167,1851-01-01,,8,"Б. Е. Фролов, «Заселение Кубани казаками в 1792-1864 гг.» (сб. «По страницам истории Кубани»); Е. Д. Фелицын, «Кубанское казачье войско 1696-1888» (состав Лабинского и Урупского полковых округов); ru.wikipedia.org «Темиргоевская»","Новая (Лабинская) линия, сплошной проход 17.09.2026. Год основания - по инфобоксу статьи ru.wikipedia.org, поле «дата основания»; источник ВТОРИЧНЫЙ, первички по этой станице нет. Координаты - геотег той же статьи, то есть место НЫНЕШНЕЙ станицы: о переносе источники не говорят, но и не подтверждают, что станица стоит на месте основания. РАЗНОБОЙ ДАТ В САМОЙ СТАТЬЕ: инфобокс даёт 1855, а текст - «В 1851 году основана станица Темиргоевская» со ссылкой на А. В. Твёрдого, «Кавказ в именах, названиях, легендах», Краснодар, 2008. Взят 1851: это единственная версия с прямой фразой и сноской. Имя - от темиргоевцев; «Первоначально на месте станицы находился аул, который носил имя одного из князей адыгов-темиргоевцев - аул Асланбека Болотокова». Та же статья называет 1841 годом крепости на месте станицы и 1848 - Темиргоевского укрепления, а заметка к Лабинской станице в этой же таблице ставит Темиргоевское укрепление осенью 1840 года. Отдельной строкой укрепление НЕ заведено: три даты из трёх источников, ни одной с актом.",stanitsa,темиргоевцы (адыги)
st-kurgannaya,Курганная станица (ныне Курганинск),40.6,44.8833,1853-01-01,,8,"Б. Е. Фролов, «Заселение Кубани казаками в 1792-1864 гг.» (сб. «По страницам истории Кубани»); Е. Д. Фелицын, «Кубанское казачье войско 1696-1888» (состав Лабинского и Урупского полковых округов); ru.wikipedia.org «Курганинск»","Новая (Лабинская) линия, сплошной проход 17.09.2026. Год основания - по инфобоксу статьи ru.wikipedia.org, поле «дата основания»; источник ВТОРИЧНЫЙ, первички по этой станице нет. Координаты - геотег той же статьи, то есть место НЫНЕШНЕЙ станицы: о переносе источники не говорят, но и не подтверждают, что станица стоит на месте основания. РАЗНОБОЙ ДАТ: инфобокс статьи даёт 1834, но 1834 год - до самой Лабинской линии (решение 1840, первые станицы 1841), и большинство источников называет осень 1853 года и 70 первых казачьих семей. Взят 1853; 1834 не принят, но и не опровергнут актом. Статус города и имя Курганинск - 14.01.1961.",stanitsa,адыги
st-besskorbnaya,Бесскорбная станица,41.2997,44.6489,1855-01-01,,8,"Б. Е. Фролов, «Заселение Кубани казаками в 1792-1864 гг.» (сб. «По страницам истории Кубани»); Е. Д. Фелицын, «Кубанское казачье войско 1696-1888» (состав Лабинского и Урупского полковых округов); ru.wikipedia.org «Бесскорбная»","Новая (Лабинская) линия, сплошной проход 17.09.2026. Год основания - по инфобоксу статьи ru.wikipedia.org, поле «дата основания»; источник ВТОРИЧНЫЙ, первички по этой станице нет. Координаты - геотег той же статьи, то есть место НЫНЕШНЕЙ станицы: о переносе источники не говорят, но и не подтверждают, что станица стоит на месте основания. «основана в 1855 году как звено оборонительной линии по реке Уруп». «Хаты на первых порах не строили, ибо шла война».",stanitsa,адыги
st-poputnaya,Попутная станица,41.4333,44.5167,1855-01-01,,8,"Б. Е. Фролов, «Заселение Кубани казаками в 1792-1864 гг.» (сб. «По страницам истории Кубани»); Е. Д. Фелицын, «Кубанское казачье войско 1696-1888» (состав Лабинского и Урупского полковых округов); ru.wikipedia.org «Попутная»","Новая (Лабинская) линия, сплошной проход 17.09.2026. Год основания - по инфобоксу статьи ru.wikipedia.org, поле «дата основания»; источник ВТОРИЧНЫЙ, первички по этой станице нет. Координаты - геотег той же статьи, то есть место НЫНЕШНЕЙ станицы: о переносе источники не говорят, но и не подтверждают, что станица стоит на месте основания.",stanitsa,адыги
st-zassovskaya,Зассовская станица,40.8147,44.4322,1855-01-01,,8,"Б. Е. Фролов, «Заселение Кубани казаками в 1792-1864 гг.» (сб. «По страницам истории Кубани»); Е. Д. Фелицын, «Кубанское казачье войско 1696-1888» (состав Лабинского и Урупского полковых округов); ru.wikipedia.org «Зассовская»","Новая (Лабинская) линия, сплошной проход 17.09.2026. Год основания - по инфобоксу статьи ru.wikipedia.org, поле «дата основания»; источник ВТОРИЧНЫЙ, первички по этой станице нет. Координаты - геотег той же статьи, то есть место НЫНЕШНЕЙ станицы: о переносе источники не говорят, но и не подтверждают, что станица стоит на месте основания. Имя - от Г. Х. Засса, начальника Кубанской линии, автора проекта переноса линии на Лабу. Зассовское укрепление стояло тут с 1840 года (заметка к Лабинской станице), станица - с 1855.",stanitsa,адыги
st-novolabinskaya,Новолабинская станица,39.8833,45.1167,1855-01-01,,8,"Б. Е. Фролов, «Заселение Кубани казаками в 1792-1864 гг.» (сб. «По страницам истории Кубани»); Е. Д. Фелицын, «Кубанское казачье войско 1696-1888» (состав Лабинского и Урупского полковых округов); ru.wikipedia.org «Новолабинская»","Новая (Лабинская) линия, сплошной проход 17.09.2026. Год основания - по инфобоксу статьи ru.wikipedia.org, поле «дата основания»; источник ВТОРИЧНЫЙ, первички по этой станице нет. Координаты - геотег той же статьи, то есть место НЫНЕШНЕЙ станицы: о переносе источники не говорят, но и не подтверждают, что станица стоит на месте основания. Адыгское имя места - Къэлакӏэ.",stanitsa,адыги
st-rodnikovskaya,Родниковская станица,40.6607,44.7648,1857-01-01,,8,"Б. Е. Фролов, «Заселение Кубани казаками в 1792-1864 гг.» (сб. «По страницам истории Кубани»); Е. Д. Фелицын, «Кубанское казачье войско 1696-1888» (состав Лабинского и Урупского полковых округов); ru.wikipedia.org «Родниковская»","Новая (Лабинская) линия, сплошной проход 17.09.2026. Год основания - по инфобоксу статьи ru.wikipedia.org, поле «дата основания»; источник ВТОРИЧНЫЙ, первички по этой станице нет. Координаты - геотег той же статьи, то есть место НЫНЕШНЕЙ станицы: о переносе источники не говорят, но и не подтверждают, что станица стоит на месте основания. Адыгское имя места - Псынакъо, «Родниковое»: имя станицы - перевод адыгского.",stanitsa,адыги
st-upornaya,Упорная станица,41.0167,44.3833,1857-01-01,,8,"Б. Е. Фролов, «Заселение Кубани казаками в 1792-1864 гг.» (сб. «По страницам истории Кубани»); Е. Д. Фелицын, «Кубанское казачье войско 1696-1888» (состав Лабинского и Урупского полковых округов); ru.wikipedia.org «Упорная»","Новая (Лабинская) линия, сплошной проход 17.09.2026. Год основания - по инфобоксу статьи ru.wikipedia.org, поле «дата основания»; источник ВТОРИЧНЫЙ, первички по этой станице нет. Координаты - геотег той же статьи, то есть место НЫНЕШНЕЙ станицы: о переносе источники не говорят, но и не подтверждают, что станица стоит на месте основания. Поставлена «на месте бывшего черкесского аула Чицико (Чыцӏыкъо - ""долина козлят"") с целью укрепления завоёванных» земель - статья говорит это прямо.",stanitsa,адыги (аул Чицико)
st-besstrashnaya,Бесстрашная станица,41.1439,44.2486,1859-01-01,,8,"Б. Е. Фролов, «Заселение Кубани казаками в 1792-1864 гг.» (сб. «По страницам истории Кубани»); Е. Д. Фелицын, «Кубанское казачье войско 1696-1888» (состав Лабинского и Урупского полковых округов); ru.wikipedia.org «Бесстрашная»","Новая (Лабинская) линия, сплошной проход 17.09.2026. Год основания - по инфобоксу статьи ru.wikipedia.org, поле «дата основания»; источник ВТОРИЧНЫЙ, первички по этой станице нет. Координаты - геотег той же статьи, то есть место НЫНЕШНЕЙ станицы: о переносе источники не говорят, но и не подтверждают, что станица стоит на месте основания. Прежнее написание - Безстрашная.",stanitsa,адыги
st-otvazhnaya,Отважная станица,41.0414,44.24,1859-01-01,,8,"Б. Е. Фролов, «Заселение Кубани казаками в 1792-1864 гг.» (сб. «По страницам истории Кубани»); Е. Д. Фелицын, «Кубанское казачье войско 1696-1888» (состав Лабинского и Урупского полковых округов); ru.wikipedia.org «Отважная (станица)»","Новая (Лабинская) линия, сплошной проход 17.09.2026. Год основания - по инфобоксу статьи ru.wikipedia.org, поле «дата основания»; источник ВТОРИЧНЫЙ, первички по этой станице нет. Координаты - геотег той же статьи, то есть место НЫНЕШНЕЙ станицы: о переносе источники не говорят, но и не подтверждают, что станица стоит на месте основания. Адыгское имя места - Окъуарт.",stanitsa,адыги
st-kaladzhinskaya,Каладжинская станица,40.9069,44.3092,1861-01-01,,8,"Б. Е. Фролов, «Заселение Кубани казаками в 1792-1864 гг.» (сб. «По страницам истории Кубани»); Е. Д. Фелицын, «Кубанское казачье войско 1696-1888» (состав Лабинского и Урупского полковых округов); ru.wikipedia.org «Каладжинская»","Новая (Лабинская) линия, сплошной проход 17.09.2026. Год основания - по инфобоксу статьи ru.wikipedia.org, поле «дата основания»; источник ВТОРИЧНЫЙ, первички по этой станице нет. Координаты - геотег той же статьи, то есть место НЫНЕШНЕЙ станицы: о переносе источники не говорят, но и не подтверждают, что станица стоит на месте основания. Одна из трёх последних станиц линии (с Ахметовской и Псеменской). Поставлена на месте укрепления 1853 года.",stanitsa,адыги
st-ahmetovskaya,Ахметовская станица,41.0514,44.1497,1861-01-01,,8,"Б. Е. Фролов, «Заселение Кубани казаками в 1792-1864 гг.» (сб. «По страницам истории Кубани»); Е. Д. Фелицын, «Кубанское казачье войско 1696-1888» (состав Лабинского и Урупского полковых округов); ru.wikipedia.org «Ахметовская»","Новая (Лабинская) линия, сплошной проход 17.09.2026. Год основания - по инфобоксу статьи ru.wikipedia.org, поле «дата основания»; источник ВТОРИЧНЫЙ, первички по этой станице нет. Координаты - геотег той же статьи, то есть место НЫНЕШНЕЙ станицы: о переносе источники не говорят, но и не подтверждают, что станица стоит на месте основания. ОГОВОРКА: в инфобоксе статьи это поле «первое упоминание», а не «дата основания». Одна из трёх последних станиц линии.",stanitsa,адыги
st-gubskaya,Губская станица,40.6333,44.3167,1861-01-01,,8,"Б. Е. Фролов, «Заселение Кубани казаками в 1792-1864 гг.» (сб. «По страницам истории Кубани»); Е. Д. Фелицын, «Кубанское казачье войско 1696-1888» (состав Лабинского и Урупского полковых округов); ru.wikipedia.org «Губская»","Новая (Лабинская) линия, сплошной проход 17.09.2026. Год основания - по инфобоксу статьи ru.wikipedia.org, поле «дата основания»; источник ВТОРИЧНЫЙ, первички по этой станице нет. Координаты - геотег той же статьи, то есть место НЫНЕШНЕЙ станицы: о переносе источники не говорят, но и не подтверждают, что станица стоит на месте основания.",stanitsa,адыги
st-perepravnaya,Переправная станица,40.7744,44.3337,1861-01-01,,8,"Б. Е. Фролов, «Заселение Кубани казаками в 1792-1864 гг.» (сб. «По страницам истории Кубани»); Е. Д. Фелицын, «Кубанское казачье войско 1696-1888» (состав Лабинского и Урупского полковых округов); ru.wikipedia.org «Переправная»","Новая (Лабинская) линия, сплошной проход 17.09.2026. Год основания - по инфобоксу статьи ru.wikipedia.org, поле «дата основания»; источник ВТОРИЧНЫЙ, первички по этой станице нет. Координаты - геотег той же статьи, то есть место НЫНЕШНЕЙ станицы: о переносе источники не говорят, но и не подтверждают, что станица стоит на месте основания. «Станица Переправная основана казаками в 1861 году».",stanitsa,адыги
st-promezhutochnaya,Промежуточная станица (ныне Бесленеевская),40.7117,44.23,1861-08-22,,8,"Б. Е. Фролов, «Заселение Кубани казаками в 1792-1864 гг.» (сб. «По страницам истории Кубани»); Е. Д. Фелицын, «Кубанское казачье войско 1696-1888» (состав Лабинского и Урупского полковых округов); ru.wikipedia.org «Бесленеевская»","Новая (Лабинская) линия, сплошной проход 17.09.2026. Год основания - по инфобоксу статьи ru.wikipedia.org, поле «дата основания»; источник ВТОРИЧНЫЙ, первички по этой станице нет. Координаты - геотег той же статьи, то есть место НЫНЕШНЕЙ станицы: о переносе источники не говорят, но и не подтверждают, что станица стоит на месте основания. Заведена под именем основания. «Станица Промежуточная основана 22 августа в 1861 году. В 1863 году переименована в Бесленеевскую, название дано по адыгскому этносу бесленеевцам, жившим в этих местах до Кавказской войны». Дата 22.08.1861 - по старому стилю, как в источнике. Переименование концом не считается: империя с места не уходила.",stanitsa,бесленеевцы (адыги)
st-andryukovskaya,Андрюковская станица (ныне Андрюки),40.8367,44.1236,1861-01-01,,8,"Б. Е. Фролов, «Заселение Кубани казаками в 1792-1864 гг.» (сб. «По страницам истории Кубани»); Е. Д. Фелицын, «Кубанское казачье войско 1696-1888» (состав Лабинского и Урупского полковых округов); ru.wikipedia.org «Андрюки»","Новая (Лабинская) линия, сплошной проход 17.09.2026. Год основания - по инфобоксу статьи ru.wikipedia.org, поле «дата основания»; источник ВТОРИЧНЫЙ, первички по этой станице нет. Координаты - геотег той же статьи, то есть место НЫНЕШНЕЙ станицы: о переносе источники не говорят, но и не подтверждают, что станица стоит на месте основания. В источниках также Андрюкская.",stanitsa,адыги
st-mahoshevskaya,Махошевская станица,40.45,44.55,1862-01-01,,8,"Б. Е. Фролов, «Заселение Кубани казаками в 1792-1864 гг.» (сб. «По страницам истории Кубани»); Е. Д. Фелицын, «Кубанское казачье войско 1696-1888» (состав Лабинского и Урупского полковых округов); ru.wikipedia.org «Махошевская»","Новая (Лабинская) линия, сплошной проход 17.09.2026. Год основания - по инфобоксу статьи ru.wikipedia.org, поле «дата основания»; источник ВТОРИЧНЫЙ, первички по этой станице нет. Координаты - геотег той же статьи, то есть место НЫНЕШНЕЙ станицы: о переносе источники не говорят, но и не подтверждают, что станица стоит на месте основания. Волна 1862 года, по положению 10.05.1862; у Фелицына числится по Урупскому полковому округу Майкопского отдела. Махошевское укрепление стояло тут с 1840 года (заметка к Лабинской станице), станица - с 1862.",stanitsa,махошевцы (адыги)
st-psefirskaya,Псефирская станица (ныне Костромская),40.5917,44.515,1862-01-01,,8,"Б. Е. Фролов, «Заселение Кубани казаками в 1792-1864 гг.» (сб. «По страницам истории Кубани»); Е. Д. Фелицын, «Кубанское казачье войско 1696-1888» (состав Лабинского и Урупского полковых округов); ru.wikipedia.org «Костромская (станица)»","Новая (Лабинская) линия, сплошной проход 17.09.2026. Год основания - по инфобоксу статьи ru.wikipedia.org, поле «дата основания»; источник ВТОРИЧНЫЙ, первички по этой станице нет. Координаты - геотег той же статьи, то есть место НЫНЕШНЕЙ станицы: о переносе источники не говорят, но и не подтверждают, что станица стоит на месте основания. Заведена под именем основания: «Станица Псефирская основана в 1862 году, в 1867 году переименована в Костромскую». Волна 1862 года. Переименование концом не считается.",stanitsa,адыги
st-hamketinskaya,Хамкетинская станица,40.5028,44.3575,1862-01-01,,8,"Б. Е. Фролов, «Заселение Кубани казаками в 1792-1864 гг.» (сб. «По страницам истории Кубани»); Е. Д. Фелицын, «Кубанское казачье войско 1696-1888» (состав Лабинского и Урупского полковых округов); ru.wikipedia.org «Хамкетинская»","Новая (Лабинская) линия, сплошной проход 17.09.2026. Год основания - по инфобоксу статьи ru.wikipedia.org, поле «дата основания»; источник ВТОРИЧНЫЙ, первички по этой станице нет. Координаты - геотег той же статьи, то есть место НЫНЕШНЕЙ станицы: о переносе источники не говорят, но и не подтверждают, что станица стоит на месте основания. В источниках также Хашкетинская. Волна 1862 года.",stanitsa,адыги
st-psebayskaya,Псебайская станица (ныне посёлок Псебай),40.79,44.1092,1862-01-01,,8,"Б. Е. Фролов, «Заселение Кубани казаками в 1792-1864 гг.» (сб. «По страницам истории Кубани»); Е. Д. Фелицын, «Кубанское казачье войско 1696-1888» (состав Лабинского и Урупского полковых округов); ru.wikipedia.org «Псебай»","Новая (Лабинская) линия, сплошной проход 17.09.2026. Год основания - по инфобоксу статьи ru.wikipedia.org, поле «дата основания»; источник ВТОРИЧНЫЙ, первички по этой станице нет. Координаты - геотег той же статьи, то есть место НЫНЕШНЕЙ станицы: о переносе источники не говорят, но и не подтверждают, что станица стоит на месте основания. Волна 1862 года. Поставлена «на месте адыгского селения Къужъы́б (Псыбай), которое было разгромлено в 1856» - статья называет и место, и то, что с ним сделали.",stanitsa,адыги (селение Псыбэ)
st-novopavlovskaya,Новопавловская станица (ныне Новопавловск),43.6394,43.9636,1848-01-01,,8,"ru.wikipedia.org «Новопавловск» (со ссылкой на «Энциклопедический словарь Ставропольского края», с. 588)","Второй период места крепости святого Павла. Крепость и станица Павловская стояли тут с 1777 года; в 1829 году станицу увели на левый берег Малки, место опустело - это дата конца строки `kr-sv-pavla`. Место заселили заново через девятнадцать лет: «В 1848 году на левом берегу реки Кура, на месте станицы Павловской, была основана станица Новопавловская, которая в 1848-1849 годах была заселена переселенцами из Воронежской, Полтавской и Харьковской» губерний. Координаты - нынешний Новопавловск, в 700 метрах от координат крепости в этой же таблице, то есть то же место. Источник вторичный.",stanitsa,кабардинцы
d2-belorechenskaya-stanica,Белореченская станица (ныне Белореченск),39.8667,44.7667,1862-01-01,,8,"Б. Е. Фролов, «Заселение Кубани казаками в 1792-1864 гг.» (сб. «По страницам истории Кубани»): «за четыре года было основано более 80 крупных казачьих поселений»; ru.wikipedia.org «Белореченск»","Закубанье, заселение по положению 10.05.1862, сплошной проход 17.09.2026. Год основания - по инфобоксу статьи ru.wikipedia.org, поле «дата основания»; источник ВТОРИЧНЫЙ. Координаты - геотег той же статьи, место нынешнего поселения. «В 1862 году казаками 42-го кавалерийского полка Кубанского казачьего войска была заложена земляная крепость, а затем основана станица».",stanitsa,адыги
d2-abadzehskaya-stanica,Абадзехская станица,40.2233,44.3908,1862-01-01,,8,"Б. Е. Фролов, «Заселение Кубани казаками в 1792-1864 гг.» (сб. «По страницам истории Кубани»): «за четыре года было основано более 80 крупных казачьих поселений»; ru.wikipedia.org «Абадзехская»","Закубанье, заселение по положению 10.05.1862, сплошной проход 17.09.2026. Год основания - по инфобоксу статьи ru.wikipedia.org, поле «дата основания»; источник ВТОРИЧНЫЙ. Координаты - геотег той же статьи, место нынешнего поселения.",stanitsa,абадзехи
d2-giaginskaya-stanica,Гиагинская станица,40.0661,44.8694,1862-01-01,,8,"Б. Е. Фролов, «Заселение Кубани казаками в 1792-1864 гг.» (сб. «По страницам истории Кубани»): «за четыре года было основано более 80 крупных казачьих поселений»; ru.wikipedia.org «Гиагинская»","Закубанье, заселение по положению 10.05.1862, сплошной проход 17.09.2026. Год основания - по инфобоксу статьи ru.wikipedia.org, поле «дата основания»; источник ВТОРИЧНЫЙ. Координаты - геотег той же статьи, место нынешнего поселения. «Станица была основана в 1862 году, переименована в Гиагинскую в 1868 году» (Азаренкова и др., 1986). Имя основания источник не называет. Адыгское имя места - Джаджэ.",stanitsa,адыги
d2-barakaevskaya-stanica,Баракаевская станица,40.5203,44.2906,1862-01-01,,8,"Б. Е. Фролов, «Заселение Кубани казаками в 1792-1864 гг.» (сб. «По страницам истории Кубани»): «за четыре года было основано более 80 крупных казачьих поселений»; ru.wikipedia.org «Баракаевская»","Закубанье, заселение по положению 10.05.1862, сплошной проход 17.09.2026. Год основания - по инфобоксу статьи ru.wikipedia.org, поле «дата основания»; источник ВТОРИЧНЫЙ. Координаты - геотег той же статьи, место нынешнего поселения.",stanitsa,баракаевцы
d2-varenikovskaya-stanica,Варениковская станица,37.65,45.1167,1862-01-01,,8,"Б. Е. Фролов, «Заселение Кубани казаками в 1792-1864 гг.» (сб. «По страницам истории Кубани»): «за четыре года было основано более 80 крупных казачьих поселений»; ru.wikipedia.org «Варениковская»","Закубанье, заселение по положению 10.05.1862, сплошной проход 17.09.2026. Год основания - по инфобоксу статьи ru.wikipedia.org, поле «дата основания»; источник ВТОРИЧНЫЙ. Координаты - геотег той же статьи, место нынешнего поселения.",stanitsa,адыги
d2-verhne-bakanskaya-stanica,Верхне-Баканская станица (ныне посёлок Верхнебаканский),37.6619,44.8414,1862-01-01,,8,"Б. Е. Фролов, «Заселение Кубани казаками в 1792-1864 гг.» (сб. «По страницам истории Кубани»): «за четыре года было основано более 80 крупных казачьих поселений»; ru.wikipedia.org «Верхнебаканский»","Закубанье, заселение по положению 10.05.1862, сплошной проход 17.09.2026. Год основания - по инфобоксу статьи ru.wikipedia.org, поле «дата основания»; источник ВТОРИЧНЫЙ. Координаты - геотег той же статьи, место нынешнего поселения.",stanitsa,адыги
d2-krymskaya-stanica,Крымская станица (ныне Крымск),38,44.9333,1862-01-01,,8,"Б. Е. Фролов, «Заселение Кубани казаками в 1792-1864 гг.» (сб. «По страницам истории Кубани»): «за четыре года было основано более 80 крупных казачьих поселений»; ru.wikipedia.org «Крымск»","Закубанье, заселение по положению 10.05.1862, сплошной проход 17.09.2026. Год основания - по инфобоксу статьи ru.wikipedia.org, поле «дата основания»; источник ВТОРИЧНЫЙ. Координаты - геотег той же статьи, место нынешнего поселения.",stanitsa,адыги
d2-dahovskaya-stanica,Даховская станица,40.1975,44.2328,1862-01-01,,8,"Б. Е. Фролов, «Заселение Кубани казаками в 1792-1864 гг.» (сб. «По страницам истории Кубани»): «за четыре года было основано более 80 крупных казачьих поселений»; ru.wikipedia.org «Даховская»","Закубанье, заселение по положению 10.05.1862, сплошной проход 17.09.2026. Год основания - по инфобоксу статьи ru.wikipedia.org, поле «дата основания»; источник ВТОРИЧНЫЙ. Координаты - геотег той же статьи, место нынешнего поселения.",stanitsa,адыги
d2-gostagaevskaya-stanica,Гостагаевская станица,37.5019,45.0242,1862-01-01,,8,"Б. Е. Фролов, «Заселение Кубани казаками в 1792-1864 гг.» (сб. «По страницам истории Кубани»): «за четыре года было основано более 80 крупных казачьих поселений»; ru.wikipedia.org «Гостагаевская»","Закубанье, заселение по положению 10.05.1862, сплошной проход 17.09.2026. Год основания - по инфобоксу статьи ru.wikipedia.org, поле «дата основания»; источник ВТОРИЧНЫЙ. Координаты - геотег той же статьи, место нынешнего поселения.",stanitsa,адыги
d2-natuhaevskaya-stanica,Натухаевская станица,37.5694,44.9058,1862-01-01,,8,"Б. Е. Фролов, «Заселение Кубани казаками в 1792-1864 гг.» (сб. «По страницам истории Кубани»): «за четыре года было основано более 80 крупных казачьих поселений»; ru.wikipedia.org «Натухаевская»","Закубанье, заселение по положению 10.05.1862, сплошной проход 17.09.2026. Год основания - по инфобоксу статьи ru.wikipedia.org, поле «дата основания»; источник ВТОРИЧНЫЙ. Координаты - геотег той же статьи, место нынешнего поселения.",stanitsa,натухайцы
d2-neberdzhaevskaya-stanica,Неберджаевская станица,37.9,44.8333,1862-01-01,,8,"Б. Е. Фролов, «Заселение Кубани казаками в 1792-1864 гг.» (сб. «По страницам истории Кубани»): «за четыре года было основано более 80 крупных казачьих поселений»; ru.wikipedia.org «Неберджаевская»","Закубанье, заселение по положению 10.05.1862, сплошной проход 17.09.2026. Год основания - по инфобоксу статьи ru.wikipedia.org, поле «дата основания»; источник ВТОРИЧНЫЙ. Координаты - геотег той же статьи, место нынешнего поселения.",stanitsa,адыги
d2-nizhnebakanskaya-stanica,Нижнебаканская станица,37.8632,44.8659,1862-01-01,,8,"Б. Е. Фролов, «Заселение Кубани казаками в 1792-1864 гг.» (сб. «По страницам истории Кубани»): «за четыре года было основано более 80 крупных казачьих поселений»; ru.wikipedia.org «Нижнебаканская»","Закубанье, заселение по положению 10.05.1862, сплошной проход 17.09.2026. Год основания - по инфобоксу статьи ru.wikipedia.org, поле «дата основания»; источник ВТОРИЧНЫЙ. Координаты - геотег той же статьи, место нынешнего поселения.",stanitsa,адыги
d2-pshehskaya-stanica,Пшехская станица,39.7958,44.6978,1862-01-01,,8,"Б. Е. Фролов, «Заселение Кубани казаками в 1792-1864 гг.» (сб. «По страницам истории Кубани»): «за четыре года было основано более 80 крупных казачьих поселений»; ru.wikipedia.org «Пшехская»","Закубанье, заселение по положению 10.05.1862, сплошной проход 17.09.2026. Год основания - по инфобоксу статьи ru.wikipedia.org, поле «дата основания»; источник ВТОРИЧНЫЙ. Координаты - геотег той же статьи, место нынешнего поселения.",stanitsa,адыги
d2-raevskaya-stanica,Раевская станица,37.5547,44.8386,1862-01-01,,8,"Б. Е. Фролов, «Заселение Кубани казаками в 1792-1864 гг.» (сб. «По страницам истории Кубани»): «за четыре года было основано более 80 крупных казачьих поселений»; ru.wikipedia.org «Раевская (станица)»","Закубанье, заселение по положению 10.05.1862, сплошной проход 17.09.2026. Год основания - по инфобоксу статьи ru.wikipedia.org, поле «дата основания»; источник ВТОРИЧНЫЙ. Координаты - геотег той же статьи, место нынешнего поселения.",stanitsa,адыги
d2-novosvobodnaya-stanica,Новосвободная станица,40.415,44.355,1862-01-01,,8,"Б. Е. Фролов, «Заселение Кубани казаками в 1792-1864 гг.» (сб. «По страницам истории Кубани»): «за четыре года было основано более 80 крупных казачьих поселений»; ru.wikipedia.org «Новосвободная»","Закубанье, заселение по положению 10.05.1862, сплошной проход 17.09.2026. Год основания - по инфобоксу статьи ru.wikipedia.org, поле «дата основания»; источник ВТОРИЧНЫЙ. Координаты - геотег той же статьи, место нынешнего поселения.",stanitsa,абадзехи
d2-sevastopolskaya-stanica,Севастопольская станица,40.3133,44.3575,1862-01-01,,8,"Б. Е. Фролов, «Заселение Кубани казаками в 1792-1864 гг.» (сб. «По страницам истории Кубани»): «за четыре года было основано более 80 крупных казачьих поселений»; ru.wikipedia.org «Севастопольская (станица)»","Закубанье, заселение по положению 10.05.1862, сплошной проход 17.09.2026. Год основания - по инфобоксу статьи ru.wikipedia.org, поле «дата основания»; источник ВТОРИЧНЫЙ. Координаты - геотег той же статьи, место нынешнего поселения.",stanitsa,абадзехи
d2-abinskaya-stanica,Абинская станица (ныне Абинск),38.1667,44.8667,1863-01-01,,8,"Б. Е. Фролов, «Заселение Кубани казаками в 1792-1864 гг.» (сб. «По страницам истории Кубани»): «за четыре года было основано более 80 крупных казачьих поселений»; ru.wikipedia.org «Абинск»","Закубанье, заселение по положению 10.05.1862, сплошной проход 17.09.2026. Год основания - по инфобоксу статьи ru.wikipedia.org, поле «дата основания»; источник ВТОРИЧНЫЙ. Координаты - геотег той же статьи, место нынешнего поселения. «Станица Абинская была основана в 1863 году азовскими казаками».",stanitsa,адыги
d2-hanskaya-stanica,Ханская станица,39.9619,44.6785,1862-01-01,,8,"Б. Е. Фролов, «Заселение Кубани казаками в 1792-1864 гг.» (сб. «По страницам истории Кубани»): «за четыре года было основано более 80 крупных казачьих поселений»; ru.wikipedia.org «Ханская»","Закубанье, заселение по положению 10.05.1862, сплошной проход 17.09.2026. Год основания - по инфобоксу статьи ru.wikipedia.org, поле «дата основания»; источник ВТОРИЧНЫЙ. Координаты - геотег той же статьи, место нынешнего поселения.",stanitsa,адыги
d2-egeruhaevskaya-stanica,Егерухаевская станица (ныне посёлок Тульский),40.1747,44.5167,1862-01-01,,8,"Б. Е. Фролов, «Заселение Кубани казаками в 1792-1864 гг.» (сб. «По страницам истории Кубани»): «за четыре года было основано более 80 крупных казачьих поселений»; ru.wikipedia.org «Тульский (Адыгея)»","Закубанье, заселение по положению 10.05.1862, сплошной проход 17.09.2026. Год основания - по инфобоксу статьи ru.wikipedia.org, поле «дата основания»; источник ВТОРИЧНЫЙ. Координаты - геотег той же статьи, место нынешнего поселения. «Станица Егерухаевская была основана в 1862 году на землях егерукаевцев. В 1867 году переименована в Тульскую». Имя народа стоит прямо в акте основания.",stanitsa,егерукаевцы
d2-apsheronskaya-stanica,Апшеронская станица (ныне Апшеронск),39.7406,44.4608,1863-01-01,,8,"Б. Е. Фролов, «Заселение Кубани казаками в 1792-1864 гг.» (сб. «По страницам истории Кубани»): «за четыре года было основано более 80 крупных казачьих поселений»; ru.wikipedia.org «Апшеронск»","Закубанье, заселение по положению 10.05.1862, сплошной проход 17.09.2026. Год основания - по инфобоксу статьи ru.wikipedia.org, поле «дата основания»; источник ВТОРИЧНЫЙ. Координаты - геотег той же статьи, место нынешнего поселения.",stanitsa,адыги
d2-anthyrskaya-stanica,Антхырская станица (ныне посёлок Ахтырский),38.2833,44.8333,1863-01-01,,8,"Б. Е. Фролов, «Заселение Кубани казаками в 1792-1864 гг.» (сб. «По страницам истории Кубани»): «за четыре года было основано более 80 крупных казачьих поселений»; ru.wikipedia.org «Ахтырский»","Закубанье, заселение по положению 10.05.1862, сплошной проход 17.09.2026. Год основания - по инфобоксу статьи ru.wikipedia.org, поле «дата основания»; источник ВТОРИЧНЫЙ. Координаты - геотег той же статьи, место нынешнего поселения.",stanitsa,адыги
d2-bzheduhovskaya-stanica,Бжедуховская станица,39.6667,44.8333,1863-01-01,,8,"Б. Е. Фролов, «Заселение Кубани казаками в 1792-1864 гг.» (сб. «По страницам истории Кубани»): «за четыре года было основано более 80 крупных казачьих поселений»; ru.wikipedia.org «Бжедуховская»","Закубанье, заселение по положению 10.05.1862, сплошной проход 17.09.2026. Год основания - по инфобоксу статьи ru.wikipedia.org, поле «дата основания»; источник ВТОРИЧНЫЙ. Координаты - геотег той же статьи, место нынешнего поселения.",stanitsa,бжедуги
d2-dagestanskaya-stanica,Дагестанская станица,40.0125,44.3742,1863-01-01,,8,"Б. Е. Фролов, «Заселение Кубани казаками в 1792-1864 гг.» (сб. «По страницам истории Кубани»): «за четыре года было основано более 80 крупных казачьих поселений»; ru.wikipedia.org «Дагестанская»","Закубанье, заселение по положению 10.05.1862, сплошной проход 17.09.2026. Год основания - по инфобоксу статьи ru.wikipedia.org, поле «дата основания»; источник ВТОРИЧНЫЙ. Координаты - геотег той же статьи, место нынешнего поселения. «Станица основана в 1863 году, на месте адыгского селения Кой-хабль. В окрестностях станицы до сих пор сохранились старые черкесские сады».",stanitsa,адыги
d2-prusskaya-stanica,Прусская станица (ныне Безводная),39.9175,44.3772,1863-01-01,,8,"Б. Е. Фролов, «Заселение Кубани казаками в 1792-1864 гг.» (сб. «По страницам истории Кубани»): «за четыре года было основано более 80 крупных казачьих поселений»; ru.wikipedia.org «Безводная (Адыгея)»","Закубанье, заселение по положению 10.05.1862, сплошной проход 17.09.2026. Год основания - по инфобоксу статьи ru.wikipedia.org, поле «дата основания»; источник ВТОРИЧНЫЙ. Координаты - геотег той же статьи, место нынешнего поселения. «Станица Прусская основана в 1863 году (названа в честь принца Альбрехта Прусского)». Адыгское имя места - Псынчъэ.",stanitsa,адыги
d2-ukreplenie-goyth,Укрепление Гойтх (ныне село Гойтх),39.3742,44.2464,1863-01-01,,8,"Б. Е. Фролов, «Заселение Кубани казаками в 1792-1864 гг.» (сб. «По страницам истории Кубани»): «за четыре года было основано более 80 крупных казачьих поселений»; ru.wikipedia.org «Гойтх»","Закубанье, заселение по положению 10.05.1862, сплошной проход 17.09.2026. Год основания - по инфобоксу статьи ru.wikipedia.org, поле «дата основания»; источник ВТОРИЧНЫЙ. Координаты - геотег той же статьи, место нынешнего поселения. «Укрепление Гойтх было основано 23 марта 1863 года Даховским отрядом генерала Геймана. Приказом № 1501 от 22 мая 1866 года укрепление Гойтх было упразднено как утратившее значение». Упразднение - бумага, конца не даёт: место жило дальше хутором, потом селом.",post,адыги
d2-ilskaya-stanica,Ильская станица (ныне посёлок Ильский),38.5703,44.8544,1863-01-01,,8,"Б. Е. Фролов, «Заселение Кубани казаками в 1792-1864 гг.» (сб. «По страницам истории Кубани»): «за четыре года было основано более 80 крупных казачьих поселений»; ru.wikipedia.org «Ильский»","Закубанье, заселение по положению 10.05.1862, сплошной проход 17.09.2026. Год основания - по инфобоксу статьи ru.wikipedia.org, поле «дата основания»; источник ВТОРИЧНЫЙ. Координаты - геотег той же статьи, место нынешнего поселения. «16 июня 1863 года по приказу командующего» - станица Ильская основана раньше всех других населённых пунктов нынешнего Северского района.",stanitsa,адыги
d2-kubanskaya-stanica,Кубанская станица,39.7131,44.6053,1863-01-01,,8,"Б. Е. Фролов, «Заселение Кубани казаками в 1792-1864 гг.» (сб. «По страницам истории Кубани»): «за четыре года было основано более 80 крупных казачьих поселений»; ru.wikipedia.org «Кубанская»","Закубанье, заселение по положению 10.05.1862, сплошной проход 17.09.2026. Год основания - по инфобоксу статьи ru.wikipedia.org, поле «дата основания»; источник ВТОРИЧНЫЙ. Координаты - геотег той же статьи, место нынешнего поселения.",stanitsa,адыги
d2-mingrelskaya-stanica,Мингрельская станица,38.3367,45.0161,1863-01-01,,8,"Б. Е. Фролов, «Заселение Кубани казаками в 1792-1864 гг.» (сб. «По страницам истории Кубани»): «за четыре года было основано более 80 крупных казачьих поселений»; ru.wikipedia.org «Мингрельская»","Закубанье, заселение по положению 10.05.1862, сплошной проход 17.09.2026. Год основания - по инфобоксу статьи ru.wikipedia.org, поле «дата основания»; источник ВТОРИЧНЫЙ. Координаты - геотег той же статьи, место нынешнего поселения.",stanitsa,адыги
d2-ryazanskaya-stanica,Рязанская станица,39.5833,44.9583,1863-01-01,,8,"Б. Е. Фролов, «Заселение Кубани казаками в 1792-1864 гг.» (сб. «По страницам истории Кубани»): «за четыре года было основано более 80 крупных казачьих поселений»; ru.wikipedia.org «Рязанская (станица)»","Закубанье, заселение по положению 10.05.1862, сплошной проход 17.09.2026. Год основания - по инфобоксу статьи ru.wikipedia.org, поле «дата основания»; источник ВТОРИЧНЫЙ. Координаты - геотег той же статьи, место нынешнего поселения.",stanitsa,адыги
d2-kelermesskaya-stanica,Келермесская станица,40.131,44.7912,1863-01-01,,8,"Б. Е. Фролов, «Заселение Кубани казаками в 1792-1864 гг.» (сб. «По страницам истории Кубани»): «за четыре года было основано более 80 крупных казачьих поселений»; ru.wikipedia.org «Келермесская»","Закубанье, заселение по положению 10.05.1862, сплошной проход 17.09.2026. Год основания - по инфобоксу статьи ru.wikipedia.org, поле «дата основания»; источник ВТОРИЧНЫЙ. Координаты - геотег той же статьи, место нынешнего поселения. «В мае 1863 года у впадения реки Келермес в Гиагу переселенцами была основана станица Келермесская». Адыгское имя места - Къэлэрмэз.",stanitsa,адыги
d2-nizhegorodskaya-stanica,Нижегородская станица,39.9208,44.27,1863-01-01,,8,"Б. Е. Фролов, «Заселение Кубани казаками в 1792-1864 гг.» (сб. «По страницам истории Кубани»): «за четыре года было основано более 80 крупных казачьих поселений»; ru.wikipedia.org «Нижегородская (станица)»","Закубанье, заселение по положению 10.05.1862, сплошной проход 17.09.2026. Год основания - по инфобоксу статьи ru.wikipedia.org, поле «дата основания»; источник ВТОРИЧНЫЙ. Координаты - геотег той же статьи, место нынешнего поселения.",stanitsa,адыги
d2-samurskaya-stanica,Самурская станица,39.8353,44.2794,1863-01-01,,8,"Б. Е. Фролов, «Заселение Кубани казаками в 1792-1864 гг.» (сб. «По страницам истории Кубани»): «за четыре года было основано более 80 крупных казачьих поселений»; ru.wikipedia.org «Самурская»","Закубанье, заселение по положению 10.05.1862, сплошной проход 17.09.2026. Год основания - по инфобоксу статьи ru.wikipedia.org, поле «дата основания»; источник ВТОРИЧНЫЙ. Координаты - геотег той же статьи, место нынешнего поселения.",stanitsa,адыги
d2-kurdzhipskaya-stanica,Курджипская станица,40.0636,44.4636,1863-01-01,,8,"Б. Е. Фролов, «Заселение Кубани казаками в 1792-1864 гг.» (сб. «По страницам истории Кубани»): «за четыре года было основано более 80 крупных казачьих поселений»; ru.wikipedia.org «Курджипская»","Закубанье, заселение по положению 10.05.1862, сплошной проход 17.09.2026. Год основания - по инфобоксу статьи ru.wikipedia.org, поле «дата основания»; источник ВТОРИЧНЫЙ. Координаты - геотег той же статьи, место нынешнего поселения.",stanitsa,адыги
d2-hablskaya-stanica,Хабльская станица (ныне Холмская),38.3833,44.85,1863-01-01,,8,"Б. Е. Фролов, «Заселение Кубани казаками в 1792-1864 гг.» (сб. «По страницам истории Кубани»): «за четыре года было основано более 80 крупных казачьих поселений»; ru.wikipedia.org «Холмская»","Закубанье, заселение по положению 10.05.1862, сплошной проход 17.09.2026. Год основания - по инфобоксу статьи ru.wikipedia.org, поле «дата основания»; источник ВТОРИЧНЫЙ. Координаты - геотег той же статьи, место нынешнего поселения.",stanitsa,адыги
d2-tverskaya-stanica,Тверская станица,39.6108,44.6031,1863-01-01,,8,"Б. Е. Фролов, «Заселение Кубани казаками в 1792-1864 гг.» (сб. «По страницам истории Кубани»): «за четыре года было основано более 80 крупных казачьих поселений»; ru.wikipedia.org «Тверская (станица)»","Закубанье, заселение по положению 10.05.1862, сплошной проход 17.09.2026. Год основания - по инфобоксу статьи ru.wikipedia.org, поле «дата основания»; источник ВТОРИЧНЫЙ. Координаты - геотег той же статьи, место нынешнего поселения.",stanitsa,адыги
d2-erivanskaya-stanica,Эриванская станица,38.1883,44.7225,1863-01-01,,8,"Б. Е. Фролов, «Заселение Кубани казаками в 1792-1864 гг.» (сб. «По страницам истории Кубани»): «за четыре года было основано более 80 крупных казачьих поселений»; ru.wikipedia.org «Эриванская»","Закубанье, заселение по положению 10.05.1862, сплошной проход 17.09.2026. Год основания - по инфобоксу статьи ru.wikipedia.org, поле «дата основания»; источник ВТОРИЧНЫЙ. Координаты - геотег той же статьи, место нынешнего поселения.",stanitsa,адыги
d2-shapsugskaya-stanica,Шапсугская станица,38.0822,44.7539,1863-01-01,,8,"Б. Е. Фролов, «Заселение Кубани казаками в 1792-1864 гг.» (сб. «По страницам истории Кубани»): «за четыре года было основано более 80 крупных казачьих поселений»; ru.wikipedia.org «Шапсугская»","Закубанье, заселение по положению 10.05.1862, сплошной проход 17.09.2026. Год основания - по инфобоксу статьи ru.wikipedia.org, поле «дата основания»; источник ВТОРИЧНЫЙ. Координаты - геотег той же статьи, место нынешнего поселения. На месте станицы с 1834 года стояло Николаевское укрепление, поставленное генералом А. А. Вельяминовым; станица - с 1863 года. Отдельной строкой укрепление не заведено: у него нет ни своей даты конца, ни подтверждённого места.",stanitsa,шапсуги
d2-shirvanskaya-stanica,Ширванская станица,39.8086,44.3717,1863-01-01,,8,"Б. Е. Фролов, «Заселение Кубани казаками в 1792-1864 гг.» (сб. «По страницам истории Кубани»): «за четыре года было основано более 80 крупных казачьих поселений»; ru.wikipedia.org «Ширванская»","Закубанье, заселение по положению 10.05.1862, сплошной проход 17.09.2026. Год основания - по инфобоксу статьи ru.wikipedia.org, поле «дата основания»; источник ВТОРИЧНЫЙ. Координаты - геотег той же статьи, место нынешнего поселения.",stanitsa,адыги
d2-pshishskaya-stanica,Пшишская станица (ныне Черниговская),39.6656,44.7019,1863-01-01,,8,"Б. Е. Фролов, «Заселение Кубани казаками в 1792-1864 гг.» (сб. «По страницам истории Кубани»): «за четыре года было основано более 80 крупных казачьих поселений»; ru.wikipedia.org «Черниговская (Краснодарский край)»","Закубанье, заселение по положению 10.05.1862, сплошной проход 17.09.2026. Год основания - по инфобоксу статьи ru.wikipedia.org, поле «дата основания»; источник ВТОРИЧНЫЙ. Координаты - геотег той же статьи, место нынешнего поселения.",stanitsa,адыги
d2-abhazskaya-stanica,Абхазская станица (упразднена),39.4144,44.6275,1864-01-01,,8,"Б. Е. Фролов, «Заселение Кубани казаками в 1792-1864 гг.» (сб. «По страницам истории Кубани»): «за четыре года было основано более 80 крупных казачьих поселений»; ru.wikipedia.org «Абхазская»","Закубанье, заселение по положению 10.05.1862, сплошной проход 17.09.2026. Год основания - по инфобоксу статьи ru.wikipedia.org, поле «дата основания»; источник ВТОРИЧНЫЙ. Координаты - геотег той же статьи, место нынешнего поселения. «Упразднённый населённый пункт, бывшая станица… Была основана в 1864 году, входила в Майкопский отдел Кубанской области». Даты упразднения источник не даёт - поле конца пустое.",stanitsa,адыги
d2-vulanskaya-stanica,Вуланская станица (ныне Архипо-Осиповка),38.5342,44.3661,1864-01-01,,8,"Б. Е. Фролов, «Заселение Кубани казаками в 1792-1864 гг.» (сб. «По страницам истории Кубани»): «за четыре года было основано более 80 крупных казачьих поселений»; ru.wikipedia.org «Архипо-Осиповка»","Закубанье, заселение по положению 10.05.1862, сплошной проход 17.09.2026. Год основания - по инфобоксу статьи ru.wikipedia.org, поле «дата основания»; источник ВТОРИЧНЫЙ. Координаты - геотег той же статьи, место нынешнего поселения. «Современное селение было основано в 1864 году, как станица Вуланская. В 1870 году станица Вуланская была преобразована в деревню Вуланскую» - это бумага, концом не считается.",stanitsa,адыги
d2-georgievskaya-stanica,Георгиевская станица (ныне Георгиевское),39.25,44.1639,1864-01-01,,8,"Б. Е. Фролов, «Заселение Кубани казаками в 1792-1864 гг.» (сб. «По страницам истории Кубани»): «за четыре года было основано более 80 крупных казачьих поселений»; ru.wikipedia.org «Георгиевское (Краснодарский край)»","Закубанье, заселение по положению 10.05.1862, сплошной проход 17.09.2026. Год основания - по инфобоксу статьи ru.wikipedia.org, поле «дата основания»; источник ВТОРИЧНЫЙ. Координаты - геотег той же статьи, место нынешнего поселения.",stanitsa,адыги
d2-aderbievskaya-stanica,Адербиевская станица (ныне Адербиевка),38.1167,44.6022,1864-01-01,,8,"Б. Е. Фролов, «Заселение Кубани казаками в 1792-1864 гг.» (сб. «По страницам истории Кубани»): «за четыре года было основано более 80 крупных казачьих поселений»; ru.wikipedia.org «Адербиевка»","Закубанье, заселение по положению 10.05.1862, сплошной проход 17.09.2026. Год основания - по инфобоксу статьи ru.wikipedia.org, поле «дата основания»; источник ВТОРИЧНЫЙ. Координаты - геотег той же статьи, место нынешнего поселения.",stanitsa,шапсуги
d2-bakinskaya-stanica,Бакинская станица,39.2833,44.75,1864-01-01,,8,"Б. Е. Фролов, «Заселение Кубани казаками в 1792-1864 гг.» (сб. «По страницам истории Кубани»): «за четыре года было основано более 80 крупных казачьих поселений»; ru.wikipedia.org «Бакинская»","Закубанье, заселение по положению 10.05.1862, сплошной проход 17.09.2026. Год основания - по инфобоксу статьи ru.wikipedia.org, поле «дата основания»; источник ВТОРИЧНЫЙ. Координаты - геотег той же статьи, место нынешнего поселения.",stanitsa,адыги
d2-grigorevskaya-stanica,Григорьевская станица,38.8378,44.7736,1864-01-01,,8,"Б. Е. Фролов, «Заселение Кубани казаками в 1792-1864 гг.» (сб. «По страницам истории Кубани»): «за четыре года было основано более 80 крупных казачьих поселений»; ru.wikipedia.org «Григорьевская (Краснодарский край)»","Закубанье, заселение по положению 10.05.1862, сплошной проход 17.09.2026. Год основания - по инфобоксу статьи ru.wikipedia.org, поле «дата основания»; источник ВТОРИЧНЫЙ. Координаты - геотег той же статьи, место нынешнего поселения.",stanitsa,адыги
d2-beregovaya-stanica,Береговая станица (ныне Береговое),38.3609,44.4189,1864-01-01,,8,"Б. Е. Фролов, «Заселение Кубани казаками в 1792-1864 гг.» (сб. «По страницам истории Кубани»): «за четыре года было основано более 80 крупных казачьих поселений»; ru.wikipedia.org «Береговое (Краснодарский край)»","Закубанье, заселение по положению 10.05.1862, сплошной проход 17.09.2026. Год основания - по инфобоксу статьи ru.wikipedia.org, поле «дата основания»; источник ВТОРИЧНЫЙ. Координаты - геотег той же статьи, место нынешнего поселения.",stanitsa,адыги
d2-dzhubgskaya-stanica,Джубгская станица (ныне посёлок Джубга),38.7004,44.3183,1864-01-01,,8,"Б. Е. Фролов, «Заселение Кубани казаками в 1792-1864 гг.» (сб. «По страницам истории Кубани»): «за четыре года было основано более 80 крупных казачьих поселений»; ru.wikipedia.org «Джубга»","Закубанье, заселение по положению 10.05.1862, сплошной проход 17.09.2026. Год основания - по инфобоксу статьи ru.wikipedia.org, поле «дата основания»; источник ВТОРИЧНЫЙ. Координаты - геотег той же статьи, место нынешнего поселения. «После завершения Кавказской войны и депортации черкесов в 1864 году была основана станица Джубгская».",stanitsa,шапсуги
d2-defanskaya-stanica,Дефанская станица (ныне Дефановка),38.7814,44.4297,1864-01-01,,8,"Б. Е. Фролов, «Заселение Кубани казаками в 1792-1864 гг.» (сб. «По страницам истории Кубани»): «за четыре года было основано более 80 крупных казачьих поселений»; ru.wikipedia.org «Дефановка»","Закубанье, заселение по положению 10.05.1862, сплошной проход 17.09.2026. Год основания - по инфобоксу статьи ru.wikipedia.org, поле «дата основания»; источник ВТОРИЧНЫЙ. Координаты - геотег той же статьи, место нынешнего поселения.",stanitsa,шапсуги
d2-derbentskaya-stanica,Дербентская станица,38.5,44.7667,1864-01-01,,8,"Б. Е. Фролов, «Заселение Кубани казаками в 1792-1864 гг.» (сб. «По страницам истории Кубани»): «за четыре года было основано более 80 крупных казачьих поселений»; ru.wikipedia.org «Дербентская (станица)»","Закубанье, заселение по положению 10.05.1862, сплошной проход 17.09.2026. Год основания - по инфобоксу статьи ru.wikipedia.org, поле «дата основания»; источник ВТОРИЧНЫЙ. Координаты - геотег той же статьи, место нынешнего поселения.",stanitsa,адыги
d2-guriyskaya-stanica,Гурийская станица,39.6,44.65,1864-01-01,,8,"Б. Е. Фролов, «Заселение Кубани казаками в 1792-1864 гг.» (сб. «По страницам истории Кубани»): «за четыре года было основано более 80 крупных казачьих поселений»; ru.wikipedia.org «Гурийская»","Закубанье, заселение по положению 10.05.1862, сплошной проход 17.09.2026. Год основания - по инфобоксу статьи ru.wikipedia.org, поле «дата основания»; источник ВТОРИЧНЫЙ. Координаты - геотег той же статьи, место нынешнего поселения.",stanitsa,адыги
d2-imeretinskaya-stanica,Имеретинская станица,39.4333,44.6833,1864-01-01,,8,"Б. Е. Фролов, «Заселение Кубани казаками в 1792-1864 гг.» (сб. «По страницам истории Кубани»): «за четыре года было основано более 80 крупных казачьих поселений»; ru.wikipedia.org «Имеретинская»","Закубанье, заселение по положению 10.05.1862, сплошной проход 17.09.2026. Год основания - по инфобоксу статьи ru.wikipedia.org, поле «дата основания»; источник ВТОРИЧНЫЙ. Координаты - геотег той же статьи, место нынешнего поселения.",stanitsa,адыги
d2-kamennomostskaya-stanica,Каменномостская станица (ныне посёлок Каменномостский),40.1808,44.2915,1864-01-01,,8,"Б. Е. Фролов, «Заселение Кубани казаками в 1792-1864 гг.» (сб. «По страницам истории Кубани»): «за четыре года было основано более 80 крупных казачьих поселений»; ru.wikipedia.org «Каменномостский»","Закубанье, заселение по положению 10.05.1862, сплошной проход 17.09.2026. Год основания - по инфобоксу статьи ru.wikipedia.org, поле «дата основания»; источник ВТОРИЧНЫЙ. Координаты - геотег той же статьи, место нынешнего поселения. «В 1862 году на противоположном от аула берегу реки Белой был построен казачий оборонительный» пункт; станица - с 1864 года. Адыгское имя места - Хьаджэкъо.",stanitsa,адыги
d2-kabardinskaya-stanica,Кабардинская станица,39.49,44.4997,1864-01-01,,8,"Б. Е. Фролов, «Заселение Кубани казаками в 1792-1864 гг.» (сб. «По страницам истории Кубани»): «за четыре года было основано более 80 крупных казачьих поселений»; ru.wikipedia.org «Кабардинская»","Закубанье, заселение по положению 10.05.1862, сплошной проход 17.09.2026. Год основания - по инфобоксу статьи ru.wikipedia.org, поле «дата основания»; источник ВТОРИЧНЫЙ. Координаты - геотег той же статьи, место нынешнего поселения.",stanitsa,адыги
d2-supskaya-stanica,Супская станица (ныне Калужская),38.9667,44.7667,1864-01-01,,8,"Б. Е. Фролов, «Заселение Кубани казаками в 1792-1864 гг.» (сб. «По страницам истории Кубани»): «за четыре года было основано более 80 крупных казачьих поселений»; ru.wikipedia.org «Калужская (станица)»","Закубанье, заселение по положению 10.05.1862, сплошной проход 17.09.2026. Год основания - по инфобоксу статьи ru.wikipedia.org, поле «дата основания»; источник ВТОРИЧНЫЙ. Координаты - геотег той же статьи, место нынешнего поселения.",stanitsa,адыги
d2-kurinskaya-stanica,Куринская станица,39.4206,44.4133,1864-01-01,,8,"Б. Е. Фролов, «Заселение Кубани казаками в 1792-1864 гг.» (сб. «По страницам истории Кубани»): «за четыре года было основано более 80 крупных казачьих поселений»; ru.wikipedia.org «Куринская»","Закубанье, заселение по положению 10.05.1862, сплошной проход 17.09.2026. Год основания - по инфобоксу статьи ru.wikipedia.org, поле «дата основания»; источник ВТОРИЧНЫЙ. Координаты - геотег той же статьи, место нынешнего поселения.",stanitsa,адыги
d2-krepostnaya-stanica,Крепостная станица,38.6836,44.7117,1864-01-01,,8,"Б. Е. Фролов, «Заселение Кубани казаками в 1792-1864 гг.» (сб. «По страницам истории Кубани»): «за четыре года было основано более 80 крупных казачьих поселений»; ru.wikipedia.org «Крепостная»","Закубанье, заселение по положению 10.05.1862, сплошной проход 17.09.2026. Год основания - по инфобоксу статьи ru.wikipedia.org, поле «дата основания»; источник ВТОРИЧНЫЙ. Координаты - геотег той же статьи, место нынешнего поселения.",stanitsa,адыги
d2-kutaisskaya-stanica,Кутаисская станица,39.3122,44.6467,1864-01-01,,8,"Б. Е. Фролов, «Заселение Кубани казаками в 1792-1864 гг.» (сб. «По страницам истории Кубани»): «за четыре года было основано более 80 крупных казачьих поселений»; ru.wikipedia.org «Кутаисская»","Закубанье, заселение по положению 10.05.1862, сплошной проход 17.09.2026. Год основания - по инфобоксу статьи ru.wikipedia.org, поле «дата основания»; источник ВТОРИЧНЫЙ. Координаты - геотег той же статьи, место нынешнего поселения.",stanitsa,адыги
d2-klyuchevaya-stanica,Ключевая станица (ныне в черте Горячего Ключа),39.1451,44.6278,1864-01-01,,8,"Б. Е. Фролов, «Заселение Кубани казаками в 1792-1864 гг.» (сб. «По страницам истории Кубани»): «за четыре года было основано более 80 крупных казачьих поселений»; ru.wikipedia.org «Ключевая (Краснодарский край)»","Закубанье, заселение по положению 10.05.1862, сплошной проход 17.09.2026. Год основания - по инфобоксу статьи ru.wikipedia.org, поле «дата основания»; источник ВТОРИЧНЫЙ. Координаты - геотег той же статьи, место нынешнего поселения. «Упразднённая в 1965 году станица, вошедшая в черту города Горячий Ключ». Концом не считается: место живёт, империя с него не уходила.",stanitsa,адыги
d2-nebugskaya-stanica,Небугская станица (ныне Небуг),39.0028,44.1722,1864-01-01,,8,"Б. Е. Фролов, «Заселение Кубани казаками в 1792-1864 гг.» (сб. «По страницам истории Кубани»): «за четыре года было основано более 80 крупных казачьих поселений»; ru.wikipedia.org «Небуг»","Закубанье, заселение по положению 10.05.1862, сплошной проход 17.09.2026. Год основания - по инфобоксу статьи ru.wikipedia.org, поле «дата основания»; источник ВТОРИЧНЫЙ. Координаты - геотег той же статьи, место нынешнего поселения.",stanitsa,шапсуги
d2-novodmitrievskaya-stanica,Новодмитриевская станица,38.8725,44.8336,1864-01-01,,8,"Б. Е. Фролов, «Заселение Кубани казаками в 1792-1864 гг.» (сб. «По страницам истории Кубани»): «за четыре года было основано более 80 крупных казачьих поселений»; ru.wikipedia.org «Новодмитриевская»","Закубанье, заселение по положению 10.05.1862, сплошной проход 17.09.2026. Год основания - по инфобоксу статьи ru.wikipedia.org, поле «дата основания»; источник ВТОРИЧНЫЙ. Координаты - геотег той же статьи, место нынешнего поселения.",stanitsa,адыги
d2-novomihaylovskaya-stanica,Новомихайловская станица (ныне посёлок Новомихайловский),38.8502,44.2526,1864-01-01,,8,"Б. Е. Фролов, «Заселение Кубани казаками в 1792-1864 гг.» (сб. «По страницам истории Кубани»): «за четыре года было основано более 80 крупных казачьих поселений»; ru.wikipedia.org «Новомихайловский»","Закубанье, заселение по положению 10.05.1862, сплошной проход 17.09.2026. Год основания - по инфобоксу статьи ru.wikipedia.org, поле «дата основания»; источник ВТОРИЧНЫЙ. Координаты - геотег той же статьи, место нынешнего поселения. «После завершения Кавказской войны и расселения черкесов в Османскую империю и на Кубанские степи, 24 ноября 1864 года, в составе Шапсугского берегового батальона» - механизм назван в самом источнике.",stanitsa,шапсуги
d2-lineynaya-stanica,Линейная станица,39.4917,44.5917,1864-01-01,,8,"Б. Е. Фролов, «Заселение Кубани казаками в 1792-1864 гг.» (сб. «По страницам истории Кубани»): «за четыре года было основано более 80 крупных казачьих поселений»; ru.wikipedia.org «Линейная (Краснодарский край)»","Закубанье, заселение по положению 10.05.1862, сплошной проход 17.09.2026. Год основания - по инфобоксу статьи ru.wikipedia.org, поле «дата основания»; источник ВТОРИЧНЫЙ. Координаты - геотег той же статьи, место нынешнего поселения.",stanitsa,адыги
d2-martanskaya-stanica,Мартанская станица,39.4344,44.7592,1864-01-01,,8,"Б. Е. Фролов, «Заселение Кубани казаками в 1792-1864 гг.» (сб. «По страницам истории Кубани»): «за четыре года было основано более 80 крупных казачьих поселений»; ru.wikipedia.org «Мартанская»","Закубанье, заселение по положению 10.05.1862, сплошной проход 17.09.2026. Год основания - по инфобоксу статьи ru.wikipedia.org, поле «дата основания»; источник ВТОРИЧНЫЙ. Координаты - геотег той же статьи, место нынешнего поселения.",stanitsa,адыги
d2-neftyanaya-stanica,Нефтяная станица,39.6453,44.3728,1864-01-01,,8,"Б. Е. Фролов, «Заселение Кубани казаками в 1792-1864 гг.» (сб. «По страницам истории Кубани»): «за четыре года было основано более 80 крупных казачьих поселений»; ru.wikipedia.org «Нефтяная»","Закубанье, заселение по положению 10.05.1862, сплошной проход 17.09.2026. Год основания - по инфобоксу статьи ru.wikipedia.org, поле «дата основания»; источник ВТОРИЧНЫЙ. Координаты - геотег той же статьи, место нынешнего поселения.",stanitsa,адыги
d2-merchanskoe,Мерчанское (переселенческое село),38.1306,44.949,1864-01-01,,8,"Б. Е. Фролов, «Заселение Кубани казаками в 1792-1864 гг.» (сб. «По страницам истории Кубани»): «за четыре года было основано более 80 крупных казачьих поселений»; ru.wikipedia.org «Мерчанское»","Закубанье, заселение по положению 10.05.1862, сплошной проход 17.09.2026. Год основания - по инфобоксу статьи ru.wikipedia.org, поле «дата основания»; источник ВТОРИЧНЫЙ. Координаты - геотег той же статьи, место нынешнего поселения. «Ранее находился крупный адыгский аул под названием Мерчан. К концу Кавказской войны его жители были насильно выселены или истреблены».",selenie,адыги
d2-severskaya-stanica,Северская станица,38.6667,44.85,1864-01-01,,8,"Б. Е. Фролов, «Заселение Кубани казаками в 1792-1864 гг.» (сб. «По страницам истории Кубани»): «за четыре года было основано более 80 крупных казачьих поселений»; ru.wikipedia.org «Северская»","Закубанье, заселение по положению 10.05.1862, сплошной проход 17.09.2026. Год основания - по инфобоксу статьи ru.wikipedia.org, поле «дата основания»; источник ВТОРИЧНЫЙ. Координаты - геотег той же статьи, место нынешнего поселения.",stanitsa,адыги
d2-olginskaya-stanica,Ольгинская станица (ныне Ольгинка),38.8894,44.2019,1864-01-01,,8,"Б. Е. Фролов, «Заселение Кубани казаками в 1792-1864 гг.» (сб. «По страницам истории Кубани»): «за четыре года было основано более 80 крупных казачьих поселений»; ru.wikipedia.org «Ольгинка (Краснодарский край)»","Закубанье, заселение по положению 10.05.1862, сплошной проход 17.09.2026. Год основания - по инфобоксу статьи ru.wikipedia.org, поле «дата основания»; источник ВТОРИЧНЫЙ. Координаты - геотег той же статьи, место нынешнего поселения. «Станица Ольгинская была основана 5 (17) июля 1864 года в составе Шапсугского берегового пешего батальона Кубанского казачьего Войска».",stanitsa,шапсуги
d2-plyaho,Пляхо (армянское переселенческое село),38.8308,44.2708,1864-01-01,,8,"Б. Е. Фролов, «Заселение Кубани казаками в 1792-1864 гг.» (сб. «По страницам истории Кубани»): «за четыре года было основано более 80 крупных казачьих поселений»; ru.wikipedia.org «Пляхо»","Закубанье, заселение по положению 10.05.1862, сплошной проход 17.09.2026. Год основания - по инфобоксу статьи ru.wikipedia.org, поле «дата основания»; источник ВТОРИЧНЫЙ. Координаты - геотег той же статьи, место нынешнего поселения. «На месте села проживали причерноморские шапсуги (адыги), которых в 1862-1864 гг. депортировали в Османскую империю». Село армянское: империя селила на очищенной земле не только казаков - ровно как в Кабардинке.",selenie,шапсуги
d2-pshadskaya-stanica,Пшадская станица (ныне село Пшада),38.3972,44.4722,1864-01-01,,8,"Б. Е. Фролов, «Заселение Кубани казаками в 1792-1864 гг.» (сб. «По страницам истории Кубани»): «за четыре года было основано более 80 крупных казачьих поселений»; ru.wikipedia.org «Пшада»","Закубанье, заселение по положению 10.05.1862, сплошной проход 17.09.2026. Год основания - по инфобоксу статьи ru.wikipedia.org, поле «дата основания»; источник ВТОРИЧНЫЙ. Координаты - геотег той же статьи, место нынешнего поселения. «С 1 мая по 1 сентября 1864 года, на пространстве от Геленджика до реки Туапсе были поселены 12 станиц Шапсугского берегового батальона».",stanitsa,шапсуги
d2-saratovskaya-stanica,Саратовская станица,39.2167,44.7083,1864-01-01,,8,"Б. Е. Фролов, «Заселение Кубани казаками в 1792-1864 гг.» (сб. «По страницам истории Кубани»): «за четыре года было основано более 80 крупных казачьих поселений»; ru.wikipedia.org «Саратовская (станица)»","Закубанье, заселение по положению 10.05.1862, сплошной проход 17.09.2026. Год основания - по инфобоксу статьи ru.wikipedia.org, поле «дата основания»; источник ВТОРИЧНЫЙ. Координаты - геотег той же статьи, место нынешнего поселения.",stanitsa,адыги
d2-chibayskaya-stanica,Чибайская станица (ныне Пензенская),39.1114,44.7161,1864-01-01,,8,"Б. Е. Фролов, «Заселение Кубани казаками в 1792-1864 гг.» (сб. «По страницам истории Кубани»): «за четыре года было основано более 80 крупных казачьих поселений»; ru.wikipedia.org «Пензенская»","Закубанье, заселение по положению 10.05.1862, сплошной проход 17.09.2026. Год основания - по инфобоксу статьи ru.wikipedia.org, поле «дата основания»; источник ВТОРИЧНЫЙ. Координаты - геотег той же статьи, место нынешнего поселения. «Была основана в 1864 году, входила в Екатеринодарский отдел Кубанской области. До 1867 года имела название ""Чибайская"" - по Чибий, на которой стоит. Адыги станицу называют Чӏыбий». Даты упразднения источник не даёт - поле конца пустое.",stanitsa,адыги
d2-sahrayskaya-stanica,Сахрайская станица (ныне Новопрохладное),40.2875,44.1383,1864-01-01,,8,"Б. Е. Фролов, «Заселение Кубани казаками в 1792-1864 гг.» (сб. «По страницам истории Кубани»): «за четыре года было основано более 80 крупных казачьих поселений»; ru.wikipedia.org «Новопрохладное»","Закубанье, заселение по положению 10.05.1862, сплошной проход 17.09.2026. Год основания - по инфобоксу статьи ru.wikipedia.org, поле «дата основания»; источник ВТОРИЧНЫЙ. Координаты - геотег той же статьи, место нынешнего поселения. «Населённый пункт был основан казаками в апреле 1864 года как станица Сахрайская. Через несколько лет она была покинута и снова заселена как село Сахрай в 1871 году». Дата, когда станицу покинули, не названа - поле конца пустое, факт в заметке.",stanitsa,адыги
d2-hadyzhenskaya-stanica,Хадыженская станица (ныне Хадыженск),39.5372,44.4239,1864-01-01,,8,"Б. Е. Фролов, «Заселение Кубани казаками в 1792-1864 гг.» (сб. «По страницам истории Кубани»): «за четыре года было основано более 80 крупных казачьих поселений»; ru.wikipedia.org «Хадыженск»","Закубанье, заселение по положению 10.05.1862, сплошной проход 17.09.2026. Год основания - по инфобоксу статьи ru.wikipedia.org, поле «дата основания»; источник ВТОРИЧНЫЙ. Координаты - геотег той же статьи, место нынешнего поселения. «В 1864 году на месте покинутого черкесского аула Хадыжи была основана станица Хадыженская».",stanitsa,адыги
d2-armyanskoe-shapsuho,Армянское Шапсухо (ныне село Тенгинка),38.7844,44.3248,1864-01-01,,8,"Б. Е. Фролов, «Заселение Кубани казаками в 1792-1864 гг.» (сб. «По страницам истории Кубани»): «за четыре года было основано более 80 крупных казачьих поселений»; ru.wikipedia.org «Тенгинка»","Закубанье, заселение по положению 10.05.1862, сплошной проход 17.09.2026. Год основания - по инфобоксу статьи ru.wikipedia.org, поле «дата основания»; источник ВТОРИЧНЫЙ. Координаты - геотег той же статьи, место нынешнего поселения. «Село Тенгинка было основано в 1864 году под именем Армянское Шапсухо».",selenie,адыги
d2-suzdalskaya-stanica,Суздальская станица,39.37,44.7628,1864-01-01,,8,"Б. Е. Фролов, «Заселение Кубани казаками в 1792-1864 гг.» (сб. «По страницам истории Кубани»): «за четыре года было основано более 80 крупных казачьих поселений»; ru.wikipedia.org «Суздальская»","Закубанье, заселение по положению 10.05.1862, сплошной проход 17.09.2026. Год основания - по инфобоксу статьи ru.wikipedia.org, поле «дата основания»; источник ВТОРИЧНЫЙ. Координаты - геотег той же статьи, место нынешнего поселения.",stanitsa,адыги
d2-smolenskaya-stanica,Смоленская станица,38.7981,44.7858,1864-01-01,,8,"Б. Е. Фролов, «Заселение Кубани казаками в 1792-1864 гг.» (сб. «По страницам истории Кубани»): «за четыре года было основано более 80 крупных казачьих поселений»; ru.wikipedia.org «Смоленская (станица)»","Закубанье, заселение по положению 10.05.1862, сплошной проход 17.09.2026. Год основания - по инфобоксу статьи ru.wikipedia.org, поле «дата основания»; источник ВТОРИЧНЫЙ. Координаты - геотег той же статьи, место нынешнего поселения.",stanitsa,адыги
d2-urupskiy-poselok,Урупский посёлок,41.5747,44.4529,1864-01-01,,8,"Б. Е. Фролов, «Заселение Кубани казаками в 1792-1864 гг.» (сб. «По страницам истории Кубани»): «за четыре года было основано более 80 крупных казачьих поселений»; ru.wikipedia.org «Урупский (Отрадненский район)»","Закубанье, заселение по положению 10.05.1862, сплошной проход 17.09.2026. Год основания - по инфобоксу статьи ru.wikipedia.org, поле «дата основания»; источник ВТОРИЧНЫЙ. Координаты - геотег той же статьи, место нынешнего поселения. Посёлок, а не станица: заселение той же волны, но не казачьим порядком.",selenie,адыги
d2-papayskaya-stanica,Папайская станица (ныне Убинская),38.5425,44.74,1864-01-01,,8,"Б. Е. Фролов, «Заселение Кубани казаками в 1792-1864 гг.» (сб. «По страницам истории Кубани»): «за четыре года было основано более 80 крупных казачьих поселений»; ru.wikipedia.org «Убинская»","Закубанье, заселение по положению 10.05.1862, сплошной проход 17.09.2026. Год основания - по инфобоксу статьи ru.wikipedia.org, поле «дата основания»; источник ВТОРИЧНЫЙ. Координаты - геотег той же статьи, место нынешнего поселения.",stanitsa,адыги
d2-stavropolskaya-stanica,Ставропольская станица,38.8253,44.716,1864-01-01,,8,"Б. Е. Фролов, «Заселение Кубани казаками в 1792-1864 гг.» (сб. «По страницам истории Кубани»): «за четыре года было основано более 80 крупных казачьих поселений»; ru.wikipedia.org «Ставропольская»","Закубанье, заселение по положению 10.05.1862, сплошной проход 17.09.2026. Год основания - по инфобоксу статьи ru.wikipedia.org, поле «дата основания»; источник ВТОРИЧНЫЙ. Координаты - геотег той же статьи, место нынешнего поселения.",stanitsa,адыги
d2-elisavetpolskaya-stanica,Елисаветпольская станица (ныне Шаумян),39.2917,44.3222,1864-01-01,,8,"Б. Е. Фролов, «Заселение Кубани казаками в 1792-1864 гг.» (сб. «По страницам истории Кубани»): «за четыре года было основано более 80 крупных казачьих поселений»; ru.wikipedia.org «Шаумян (Краснодарский край)»","Закубанье, заселение по положению 10.05.1862, сплошной проход 17.09.2026. Год основания - по инфобоксу статьи ru.wikipedia.org, поле «дата основания»; источник ВТОРИЧНЫЙ. Координаты - геотег той же статьи, место нынешнего поселения. «Станица Елисаветпольская основана в 1864 году казаками Кубанского казачьего войска на месте выселенного черкесского аула». Переименована 04.12.1869; нынешнее имя - советское.",stanitsa,адыги
d2-anastasievskaya-stanica,Анастасиевская станица,37.8911,45.2175,1865-01-01,,8,"Б. Е. Фролов, «Заселение Кубани казаками в 1792-1864 гг.» (сб. «По страницам истории Кубани»): «за четыре года было основано более 80 крупных казачьих поселений»; ru.wikipedia.org «Анастасиевская»","Закубанье, заселение по положению 10.05.1862, сплошной проход 17.09.2026. Год основания - по инфобоксу статьи ru.wikipedia.org, поле «дата основания»; источник ВТОРИЧНЫЙ. Координаты - геотег той же статьи, место нынешнего поселения.",stanitsa,адыги
d2-kurchanskaya-stanica,Курчанская станица,37.5667,45.2167,1865-01-01,,8,"Б. Е. Фролов, «Заселение Кубани казаками в 1792-1864 гг.» (сб. «По страницам истории Кубани»): «за четыре года было основано более 80 крупных казачьих поселений»; ru.wikipedia.org «Курчанская»","Закубанье, заселение по положению 10.05.1862, сплошной проход 17.09.2026. Год основания - по инфобоксу статьи ru.wikipedia.org, поле «дата основания»; источник ВТОРИЧНЫЙ. Координаты - геотег той же статьи, место нынешнего поселения.",stanitsa,адыги
d2-psebedahovskaya-stanica,Псебедаховская станица (ныне Троицкая),38.1225,45.1348,1865-01-01,,8,"Б. Е. Фролов, «Заселение Кубани казаками в 1792-1864 гг.» (сб. «По страницам истории Кубани»): «за четыре года было основано более 80 крупных казачьих поселений»; ru.wikipedia.org «Троицкая (Краснодарский край)»","Закубанье, заселение по положению 10.05.1862, сплошной проход 17.09.2026. Год основания - по инфобоксу статьи ru.wikipedia.org, поле «дата основания»; источник ВТОРИЧНЫЙ. Координаты - геотег той же статьи, место нынешнего поселения.",stanitsa,адыги
d2-chernoerkovskaya-stanica,Черноерковская станица,37.7664,45.4325,1865-01-01,,8,"Б. Е. Фролов, «Заселение Кубани казаками в 1792-1864 гг.» (сб. «По страницам истории Кубани»): «за четыре года было основано более 80 крупных казачьих поселений»; ru.wikipedia.org «Черноерковская»","Закубанье, заселение по положению 10.05.1862, сплошной проход 17.09.2026. Год основания - по инфобоксу статьи ru.wikipedia.org, поле «дата основания»; источник ВТОРИЧНЫЙ. Координаты - геотег той же статьи, место нынешнего поселения.",stanitsa,адыги
d2-chernomorskaya-stanica,Черноморская станица,39.3639,44.7033,1864-01-01,,8,"Б. Е. Фролов, «Заселение Кубани казаками в 1792-1864 гг.» (сб. «По страницам истории Кубани»): «за четыре года было основано более 80 крупных казачьих поселений»; ru.wikipedia.org «Черноморская»","Закубанье, заселение по положению 10.05.1862, сплошной проход 17.09.2026. Год основания - по инфобоксу статьи ru.wikipedia.org, поле «дата основания»; источник ВТОРИЧНЫЙ. Координаты - геотег той же статьи, место нынешнего поселения.",stanitsa,адыги
fanagoriya,Фанагорийская крепость,36.7440,45.2206,1794-01-01,1835-08-13,15,"ПСЗ-1, № 17.055 и № 17.056 от 30.06.1792 (предписание построить); ПСЗ-1, т. XXIII, печ. с. 787 и 838 - провиантские акты 1794 и 1795 годов, «крѣпость Фанагорія» действует; ПСЗ-2, т. X, отд. 2 (1835), № 8357 от 01.08.1835 ст. ст., печ. с. 919 (акт упразднения, прочитан лично, файл 18); спутник Esri World Imagery (выверка места)","Предписана грамотой 30.06.1792: «исключая только мѣстъ для крѣпости на островѣ Фанагоріи и для другой при рѣкѣ Кубани… которыя… сооружены быть имѣютъ». Построена в 1794 году по проекту де Волана, работы под Суворовым - источник вторичный, акта о закладке нет; косвенно: в ПСЗ т. XXIII «крѣпость Фанагорія» стоит действующей в провиантских актах 1794 и 1795 годов. День и месяц основания не найдены. КОНЕЦ по акту № 8357 дословно: «Фанагорійскую крѣпость упразднить; находящійся же въ оной крѣпостной штатъ переместить въ крѣпость Усть-Лабинскую, а роту № 1-го въ крѣпость Геленджикъ». Это НЕ бумага, а физический вывод людей: штат переведён в две другие точки этого же слоя. 01.08.1835 ст. ст. = 13.08.1835 н. ст. Краеведческое «разрушена в Крымскую войну» неверно - крепость упразднена за двадцать лет до войны. КООРДИНАТЫ ВЫВЕРЕНЫ ПО СПУТНИКУ 17.09.2026: на снимке Esri World Imagery (z17) между восточной окраиной станицы Тамань и винзаводом Chateau Tamagne виден вал со рвом с острыми выступами бастионов по сухопутной стороне; северная сторона идёт по краю обрыва над Таманским заливом. Центр очертания замерен по снимку - 36,7440 / 45,2206; публикуемая точка 36,744034 / 45,221188 лежит внутри того же вала, в 60 метрах севернее. Описание сходится: «полукружный вал со рвом, расположенный на краю обрыва над Таманским заливом, укреплённая пятью бастионами».",krepost,Крымское ханство (ногайцы)
d8-vasyurinskoe,Васюринское куренное селение (ныне Васюринская),39.4167,45.1167,1794-01-01,,8,"«Краткий исторический и медико-топографический очерк кубанской кордонной линии Черноморского казачьего войска», Журнал Министерства внутренних дел, 1836; ru.wikipedia.org «Васюринская (станица)»","Укреплённое пограничное поселение по очерку 1836 года, дословно: «Пограничные поселения: город Екатеринодар и селения, куренями называемые: Васюринское, Старо-Корсунское, Пашковское, Елисаветинское, Марьинское, Ново-Мышастовское, Ивановское и Полтавское, от внезапного вторжения Черкес огорожены полисадами, имеют по углам крепостные орудия». Источник - «Краткий исторический и медико-топографический очерк кубанской кордонной линии Черноморского казачьего войска», Журнал Министерства внутренних дел, 1836. Год взят не 1794 огулом, а по дате селения НА ЭТОМ месте. «Васюринское куренное селение - одно из 40 первых, основанных черноморскими казаками в 1794 году».",stanitsa,черкесы (адыги)
d8-starokorsunskoe,Старо-Корсунское куренное селение (ныне Старокорсунская),39.3158,45.0531,1794-01-01,,8,"«Краткий исторический и медико-топографический очерк кубанской кордонной линии Черноморского казачьего войска», Журнал Министерства внутренних дел, 1836; ru.wikipedia.org «Старокорсунская»","Укреплённое пограничное поселение по очерку 1836 года, дословно: «Пограничные поселения: город Екатеринодар и селения, куренями называемые: Васюринское, Старо-Корсунское, Пашковское, Елисаветинское, Марьинское, Ново-Мышастовское, Ивановское и Полтавское, от внезапного вторжения Черкес огорожены полисадами, имеют по углам крепостные орудия». Источник - «Краткий исторический и медико-топографический очерк кубанской кордонной линии Черноморского казачьего войска», Журнал Министерства внутренних дел, 1836. Год взят не 1794 огулом, а по дате селения НА ЭТОМ месте. «Корсунское куренное селение было основано в 1794 году»; «с 1809 года носит название Старокорсунская, после основания Новокорсунского». Место - первоначальное, приставка «Старо-» появилась позже и переноса не означает.",stanitsa,черкесы (адыги)
d8-pashkovskoe,"Пашковское куренное селение (ныне Пашковский, в черте Краснодара)",39.0978,45.0347,1794-01-01,,8,"«Краткий исторический и медико-топографический очерк кубанской кордонной линии Черноморского казачьего войска», Журнал Министерства внутренних дел, 1836; ru.wikipedia.org «Пашковский (посёлок)»","Укреплённое пограничное поселение по очерку 1836 года, дословно: «Пограничные поселения: город Екатеринодар и селения, куренями называемые: Васюринское, Старо-Корсунское, Пашковское, Елисаветинское, Марьинское, Ново-Мышастовское, Ивановское и Полтавское, от внезапного вторжения Черкес огорожены полисадами, имеют по углам крепостные орудия». Источник - «Краткий исторический и медико-топографический очерк кубанской кордонной линии Черноморского казачьего войска», Журнал Министерства внутренних дел, 1836. Год взят не 1794 огулом, а по дате селения НА ЭТОМ месте. «Пашковское куренное селение черноморских казаков было основано в 1794 году».",stanitsa,черкесы (адыги)
d8-ivanovskoe,Ивановское куренное селение (ныне Ивановская),38.4642,45.2686,1794-01-01,,8,"«Краткий исторический и медико-топографический очерк кубанской кордонной линии Черноморского казачьего войска», Журнал Министерства внутренних дел, 1836; ru.wikipedia.org «Ивановская (станица)»","Укреплённое пограничное поселение по очерку 1836 года, дословно: «Пограничные поселения: город Екатеринодар и селения, куренями называемые: Васюринское, Старо-Корсунское, Пашковское, Елисаветинское, Марьинское, Ново-Мышастовское, Ивановское и Полтавское, от внезапного вторжения Черкес огорожены полисадами, имеют по углам крепостные орудия». Источник - «Краткий исторический и медико-топографический очерк кубанской кордонной линии Черноморского казачьего войска», Журнал Министерства внутренних дел, 1836. Год взят не 1794 огулом, а по дате селения НА ЭТОМ месте. «Станица Ивановская основана в 1794 году… До 1809 года называлась куренем Ивонивским. Название было перенесено с куреня Запорожской Сечи».",stanitsa,черкесы (адыги)
d8-poltavskoe,Полтавское куренное селение (ныне Полтавская),38.2117,45.3667,1794-01-01,,8,"«Краткий исторический и медико-топографический очерк кубанской кордонной линии Черноморского казачьего войска», Журнал Министерства внутренних дел, 1836; ru.wikipedia.org «Полтавская»","Укреплённое пограничное поселение по очерку 1836 года, дословно: «Пограничные поселения: город Екатеринодар и селения, куренями называемые: Васюринское, Старо-Корсунское, Пашковское, Елисаветинское, Марьинское, Ново-Мышастовское, Ивановское и Полтавское, от внезапного вторжения Черкес огорожены полисадами, имеют по углам крепостные орудия». Источник - «Краткий исторический и медико-топографический очерк кубанской кордонной линии Черноморского казачьего войска», Журнал Министерства внутренних дел, 1836. Год взят не 1794 огулом, а по дате селения НА ЭТОМ месте. «Основанное в 1794 году Полтавское куренное селение является одним из первых сорока поселений черноморских казаков на Кубани» (сноска на Соловьёва, 1986).",stanitsa,черкесы (адыги)
d8-elisavetinskoe,Елисаветинское куренное селение (ныне Елизаветинская),38.7928,45.0481,1821-01-01,,8,"«Краткий исторический и медико-топографический очерк кубанской кордонной линии Черноморского казачьего войска», Журнал Министерства внутренних дел, 1836; ru.wikipedia.org «Елизаветинская (Краснодарский край)»","Укреплённое пограничное поселение по очерку 1836 года, дословно: «Пограничные поселения: город Екатеринодар и селения, куренями называемые: Васюринское, Старо-Корсунское, Пашковское, Елисаветинское, Марьинское, Ново-Мышастовское, Ивановское и Полтавское, от внезапного вторжения Черкес огорожены полисадами, имеют по углам крепостные орудия». Источник - «Краткий исторический и медико-топографический очерк кубанской кордонной линии Черноморского казачьего войска», Журнал Министерства внутренних дел, 1836. Год взят не 1794 огулом, а по дате селения НА ЭТОМ месте. НЕ 1794: «Основана в 1821 году как курень черноморских казаков, статус станицы получен в 1842 году». Это ровно тот случай, ради которого дату брали по селению, а не по волне.",stanitsa,черкесы (адыги)
d8-marinskoe,Марьинское куренное селение (ныне Марьянская),38.6333,45.1,1823-01-01,,8,"«Краткий исторический и медико-топографический очерк кубанской кордонной линии Черноморского казачьего войска», Журнал Министерства внутренних дел, 1836; ru.wikipedia.org «Марьянская»","Укреплённое пограничное поселение по очерку 1836 года, дословно: «Пограничные поселения: город Екатеринодар и селения, куренями называемые: Васюринское, Старо-Корсунское, Пашковское, Елисаветинское, Марьинское, Ново-Мышастовское, Ивановское и Полтавское, от внезапного вторжения Черкес огорожены полисадами, имеют по углам крепостные орудия». Источник - «Краткий исторический и медико-топографический очерк кубанской кордонной линии Черноморского казачьего войска», Журнал Министерства внутренних дел, 1836. Год взят не 1794 огулом, а по дате селения НА ЭТОМ месте. НЕ 1794: «Станица была основана в 1823 году как куренное селение, а в 1842 году получила статус станицы». Прежнее имя - Марьинская, нынешнее - Марьянская. Не путать с Марьинской Азово-Моздокской линии.",stanitsa,черкесы (адыги)
d8-novomyshastovskoe,Ново-Мышастовское куренное селение (ныне Новомышастовская),38.5667,45.2,1823-01-01,,8,"«Краткий исторический и медико-топографический очерк кубанской кордонной линии Черноморского казачьего войска», Журнал Министерства внутренних дел, 1836; ru.wikipedia.org «Новомышастовская»","Укреплённое пограничное поселение по очерку 1836 года, дословно: «Пограничные поселения: город Екатеринодар и селения, куренями называемые: Васюринское, Старо-Корсунское, Пашковское, Елисаветинское, Марьинское, Ново-Мышастовское, Ивановское и Полтавское, от внезапного вторжения Черкес огорожены полисадами, имеют по углам крепостные орудия». Источник - «Краткий исторический и медико-топографический очерк кубанской кордонной линии Черноморского казачьего войска», Журнал Министерства внутренних дел, 1836. Год взят не 1794 огулом, а по дате селения НА ЭТОМ месте. НЕ 1794 и не 1792. Место прожило три состояния: «Мышастовский курень был основан в 1792 году именно на месте современной станицы Новомышастовская»; «В 1810 году с разрешения таврического генерал-губернатора Дюка де Ришельё жителям Мышастовского куреня было разрешено перебраться на реку Кочеты» - на старом месте осталась почтовая станция; «В 1823 году происходит откат части населения из Мышастовского куреня на старое место жительства… вблизи от него было основано новое куренное селение, которое официально с 9 июня 1827 года было названо Новомышастовским». В строку взят 1823 год - год селения, которое очерк 1836 года и называет укреплённым. Курень 1792-1810 отдельной строкой НЕ заведён: это один из сорока черноморских куреней, которые по решению лупа точками не ставятся.",stanitsa,черкесы (адыги)
d4-zhelezinskaya,Железинская крепость,75.3106,53.5392,1717-01-01,,15,"ru.wikipedia.org «Железинская крепость» (год - поле «дата основания» инфобокса или карточки укрепления, источник вторичный); ru.wikipedia.org «Иртышская линия» (состав и порядок пунктов линии)","Иртышская линия Сибирской линии: пять крепостей, между ними форпосты, редуты, станции и маяки. Дословно по своду линии: «В мае 1755 года на Иртышской линии насчитывалось 5 крепостей, 9 форпостов, 23 станца и 35 маяков, всего 72 опорных пункта. Среднее расстояние между ними составило 12 вёрст». «В 1717 году отрядом под командой боярского сына Павла Свиерского была основана Железинская крепость. Четырёхугольная крепость располагалась на полпути между Омской и Ямышевской крепостями». Место - нынешний посёлок Железинка Павлодарской области.",krepost,джунгары и казахи
d4-koryakovskiy,Коряковский форпост (ныне Павлодар),76.9335,52.2778,1720-01-01,,8,"ru.wikipedia.org «Коряковский форпост» (год - поле «дата основания» инфобокса или карточки укрепления, источник вторичный); ru.wikipedia.org «Иртышская линия» (состав и порядок пунктов линии)","Иртышская линия Сибирской линии: пять крепостей, между ними форпосты, редуты, станции и маяки. Дословно по своду линии: «В мае 1755 года на Иртышской линии насчитывалось 5 крепостей, 9 форпостов, 23 станца и 35 маяков, всего 72 опорных пункта. Среднее расстояние между ними составило 12 вёрст». «Сторожевое укрепление Иртышской линии, располагавшееся на территории современного города Павлодар, положившее начало современному городу». Один из семи промежуточных форпостов, выстроенных между крепостями в начале 1740-х (Ачаирский, Черлакский, Осморыжский, Чернорецкий, Коряковский, Семиярский, Убинский); год основания самого пункта - 1720.",post,джунгары и казахи
d4-ubinskiy,Убинский форпост,79.6882,55.3066,1722-01-01,,8,"ru.wikipedia.org «Убинский форпост» (год - поле «дата основания» инфобокса или карточки укрепления, источник вторичный); ru.wikipedia.org «Иртышская линия» (состав и порядок пунктов линии)","Иртышская линия Сибирской линии: пять крепостей, между ними форпосты, редуты, станции и маяки. Дословно по своду линии: «В мае 1755 года на Иртышской линии насчитывалось 5 крепостей, 9 форпостов, 23 станца и 35 маяков, всего 72 опорных пункта. Среднее расстояние между ними составило 12 вёрст». «Сторожевое укрепление Иртышской линии. Располагалось в районе современного села Убинское Новосибирской области».",post,барабинские татары и казахи
d4-lebyazhiy-redut,Лебяжий редут (ныне Аккулы),77.7783,51.4708,1744-01-01,,8,"ru.wikipedia.org «Аккулы» (год - поле «дата основания» инфобокса или карточки укрепления, источник вторичный); ru.wikipedia.org «Иртышская линия» (состав и порядок пунктов линии)","Иртышская линия Сибирской линии: пять крепостей, между ними форпосты, редуты, станции и маяки. Дословно по своду линии: «В мае 1755 года на Иртышской линии насчитывалось 5 крепостей, 9 форпостов, 23 станца и 35 маяков, всего 72 опорных пункта. Среднее расстояние между ними составило 12 вёрст». Редут Иртышской линии; прежнее имя села до 1996 года - Лебяжье, до 2018 - Акку. «Редуты были квадратными в плане, со сторонами около 20 саженей и незначительными выступами в виде бастионов на углах».",post,казахи
d4-ust-zaostrovskiy,Усть-Заостровский редут,73.6032,54.7656,1759-01-01,,8,"ru.wikipedia.org «Усть-Заостровка» (год - поле «дата основания» инфобокса или карточки укрепления, источник вторичный); ru.wikipedia.org «Иртышская линия» (состав и порядок пунктов линии)","Иртышская линия Сибирской линии: пять крепостей, между ними форпосты, редуты, станции и маяки. Дословно по своду линии: «В мае 1755 года на Иртышской линии насчитывалось 5 крепостей, 9 форпостов, 23 станца и 35 маяков, всего 72 опорных пункта. Среднее расстояние между ними составило 12 вёрст». Первый пункт линии вниз от Омской крепости: «(-) крепость Омск, (28) редут Узкая Заостровка, (21,5) форпост Ачаирский…». Год по статье о нынешнем селе.",post,казахи
d4-petropavlovskaya,Петропавловская крепость (ныне Петропавловск),69.1408,54.8622,1752-01-01,,15,"ru.wikipedia.org «Петропавловск» (год - поле «дата основания», источник вторичный); ru.wikipedia.org «Сибирская линия» (Тобольско-Ишимская линия 1752-1755)","Тоболо-Ишимская (Горькая) линия, 1752-1755: построена по указу между Омской крепостью и Звериноголовской на Тоболе, спрямив границу на юг и отрезав казахам Среднего жуза кочевья по солёным озёрам. Прежнее имя города по его же карточке - Петропавловская крепость.",krepost,казахи Среднего жуза
d4-presnogorkovskaya,Пресногорьковская крепость,65.7656,54.4997,1752-01-01,,15,"ru.wikipedia.org «Пресногорьковка» (год - поле «дата основания», источник вторичный); ru.wikipedia.org «Сибирская линия» (Тобольско-Ишимская линия 1752-1755)","Тоболо-Ишимская (Горькая) линия, 1752-1755: построена по указу между Омской крепостью и Звериноголовской на Тоболе, спрямив границу на юг и отрезав казахам Среднего жуза кочевья по солёным озёрам. «Прежде - станица Пресногорьковская»; ныне село Пресногорьковка Костанайской области. Именем этой крепости названа вся линия.",krepost,казахи Среднего жуза
d4-zverinogolovskaya,Звериноголовская крепость,64.8526,54.4646,1752-01-01,,15,"ru.wikipedia.org «Звериноголовское» (год - поле «дата основания», источник вторичный); ru.wikipedia.org «Сибирская линия» (Тобольско-Ишимская линия 1752-1755)","Тоболо-Ишимская (Горькая) линия, 1752-1755: построена по указу между Омской крепостью и Звериноголовской на Тоболе, спрямив границу на юг и отрезав казахам Среднего жуза кочевья по солёным озёрам. Западный конец линии на Тоболе. «В 1717 году основана Бакланская крепость на левом берегу Тобола у озера Бакланского. Она просуществовала до строительства Звериноголовской крепости, сооружённой четырьмя с половиною верстами выше по Тоболу» - Бакланская отдельной строкой не заведена, координат у неё нет.",krepost,казахи Среднего жуза
d4-lebyazhya-krepost,"Лебяжья крепость (ныне Лебяжье, СКО)",70.8447,55.0406,1752-01-01,,15,"ru.wikipedia.org «Лебяжье (Северо-Казахстанская область)» (год - поле «дата основания», источник вторичный); ru.wikipedia.org «Сибирская линия» (Тобольско-Ишимская линия 1752-1755)","Тоболо-Ишимская (Горькая) линия, 1752-1755: построена по указу между Омской крепостью и Звериноголовской на Тоболе, спрямив границу на юг и отрезав казахам Среднего жуза кочевья по солёным озёрам. «Сторожевое укрепление Тоболо-Ишимской линии. Находилась на границе Российской империи и казахских степей, основана в 1752 году».",krepost,казахи Среднего жуза
d4-verhoyaickaya,Верхояицкая пристань (ныне Верхнеуральск),59.2167,53.8833,1734-01-31,,15,"ru.wikipedia.org «Верхнеуральск» (год - поле «дата основания», источник вторичный); ru.wikipedia.org «Российские укреплённые линии» (Оренбургская линия)","Оренбургская линия по Яику: строилась Оренбургской экспедицией с 1735 года. «Был основан как Верхояицкая пристань в 1734 году… с разрешения башкирского тархана Таймаса Шаимова» - источник сам называет, чья земля и через кого империя её взяла. Стела на набережной Урала: «Верхнеяицкая пристань основана 31 января 1734 года». Имена по порядку: Верхояицкая пристань (1734-1736), затем Верхнеяицкая крепость, с 1781 город Верхнеуральск.",krepost,башкиры
d4-tatishcheva,Татищева крепость,54.3106,51.7258,1736-01-01,,15,"ru.wikipedia.org «Татищево (Оренбургская область)» (год - поле «дата основания», источник вторичный); ru.wikipedia.org «Российские укреплённые линии» (Оренбургская линия)","Оренбургская линия по Яику: строилась Оренбургской экспедицией с 1735 года. «Село было основано первым начальником Оренбургской экспедиции И. К. Кириловым в 1736 году как укреплённое поселение. Первоначально селение называлось Камыш-Самарской пристанью, с 1738 г. - Татищева пристань». Ныне село Татищево.",krepost,башкиры-вотчинники и казахи Младшего жуза
d4-ileckiy-gorodok,Илецкий городок (ныне Илек),53.3806,51.525,1737-01-01,,15,"ru.wikipedia.org «Илек (Оренбургская область)» (год - поле «дата основания», источник вторичный); ru.wikipedia.org «Российские укреплённые линии» (Оренбургская линия)","Оренбургская линия по Яику: строилась Оренбургской экспедицией с 1735 года. «Илекская крепость была основана в 1737 году. Население составили казаки. В сентябре 1773 года илецкие казаки выставили в армию Емельяна Пугачёва полк под командованием Ивана Творогова». Прежние имена - Илецкий городок, затем станица Илецкая.",krepost,казахи Младшего жуза
d4-krasnogorskaya,Красногорская крепость,56.12,51.5678,1737-01-01,,15,"ru.wikipedia.org «Красногор (Оренбургская область)» (год - поле «дата основания», источник вторичный); ru.wikipedia.org «Российские укреплённые линии» (Оренбургская линия)",Оренбургская линия по Яику: строилась Оренбургской экспедицией с 1735 года. Ныне село Красногор Саракташского района.,krepost,башкиры-вотчинники и казахи Младшего жуза
d4-rassypnaya,Рассыпная крепость,53.6306,51.5967,1742-01-01,,15,"ru.wikipedia.org «Рассыпное (Оренбургская область)» (год - поле «дата основания», источник вторичный); ru.wikipedia.org «Российские укреплённые линии» (Оренбургская линия)","Оренбургская линия по Яику: строилась Оренбургской экспедицией с 1735 года. «Село получило своё название по бывшей здесь крепости Рассыпной, которая находилась на Оренбургской линии, основанной в 1742 году». Прежнее имя - Рассыпная станица.",krepost,казахи Младшего жуза
d4-nizhneozernaya,Нижнеозёрная крепость,53.9097,51.6072,1754-01-01,,15,"ru.wikipedia.org «Нижнеозёрное (Оренбургская область)» (год - поле «дата основания», источник вторичный); ru.wikipedia.org «Российские укреплённые линии» (Оренбургская линия)","Оренбургская линия по Яику: строилась Оренбургской экспедицией с 1735 года. РАЗНОБОЙ В САМОЙ СТАТЬЕ: инфобокс даёт 1754, текст - «Основано в 1758 г. как крепость на правом берегу Яика, в 93 верстах к западу от Оренбурга». Взят 1754 (инфобокс), 1758 записан. «Накануне Пугачёвского восстания в крепости насчитывалось 403 жителя православного вероисповедания и до сотни мусульман». Прежнее имя - Нижнеозёрная станица.",krepost,казахи Младшего жуза
st-troickaya-sunzha,Троицкая станица (Сунженская линия),45.0003,43.3047,1845-01-01,,8,ru.wikipedia.org «Троицкая (Сунженский район)» (дата основания); АКАК т. X (наименование двух станиц на Сунже); АКАК т. XII (отчёт об истреблении жилищ акинцев и объявлении земли казённой ради станиц на Ассе и Фортанге),"Сунженская линия, сплошной проход 17.09.2026. Год и координаты - ru.wikipedia.org, поле «дата основания» и геотег; координаты - место нынешней станицы, переноса источники не называют ни у одной, но и не подтверждают, что станица на своём месте. АКАК т. X, отношение от 10 января № 23: «Высочайше соизволилъ на наименованіе вновь водворенныхъ на Сунжѣ двухъ козачьихъ станицъ, близь кр. Волынскаго и близь […] БУРЕЙ-ЮРТЪ, первой - Троицкою, а второй - Сунженскою». Троицкая - та, что близь крепости Волынского; вторая станица пары стоит на месте аула Бурей-юрт, источник называет его прямо. РАСХОЖДЕНИЕ СНЯТО добором розыска 17.09: Сунженская, вторая станица пары, «была основана в октябре 1845 года», значит пара ВОДВОРЕНА осенью 1845 и НАИМЕНОВАНА в начале 1846 - это два разных события, а не спор источников. Год водворения 1845. КАК ОСВОБОЖДАЛИ МЕСТО, СЛОВАМИ САМОЙ ИМПЕРИИ. АКАК т. XII, отчёт: «Акинское общество… разселено между Галашевцами и другими сосѣдями; ИХЪ ЖИЛИЩА ИСТРЕБЛЕНЫ, А ЗЕМЛЯ ОБЪЯВЛЕНА КАЗЁННОЮ. Мѣра эта была необходима, какъ для наказанія Акинцевъ за враждебныя ихъ противъ насъ дѣйствія, такъ и для того, ЧТОБЫ ИЗБАВИТЬ ВНОВЬ ВОДВОРЯЕМЫЯ СТАНИЦЫ НАШИ НА АССѢ И ФОРТАНГѢ ОТЪ БЕЗПОКОЙНАГО СОСѢДСТВА». Там же распоряжение главнокомандующего: «поселить правильнымъ образомъ въ большіе аулы туземцевъ Назрановскаго, Галашевскаго и Карабулакскаго обществъ; УНИЧТОЖИТЬ АУЛЫ, ЛЕЖАЩІЕ ВЪ ГЛУБИНѢ ЛѢСОВЪ ПО ВЕРХОВЬЯМЪ АССЫ И ФОРТАНГИ». Порядок назван империей: аулы уничтожают, землю объявляют казённой, людей сводят в большие аулы, на освободившемся месте водворяют станицу. ",stanitsa,ингуши
st-assinskaya,Ассинская станица (ныне Ассиновская),45.1819,43.2353,1847-01-01,,8,"ru.wikipedia.org «Ассиновская» (дата основания); АКАК т. XII, повеление 05.12.1847 № 4745","Сунженская линия, сплошной проход 17.09.2026. Год и координаты - ru.wikipedia.org, поле «дата основания» и геотег; координаты - место нынешней станицы, переноса источники не называют ни у одной, но и не подтверждают, что станица на своём месте. ЗАВЕДЕНА ПОД ИМЕНЕМ ОСНОВАНИЯ. АКАК т. XII, повеление от 5 декабря 1847 № 4745 о жаловании священникам «въ станицахъ Ассинской, Михайловской и Магометъ-Юртовской» - под этим именем станица стоит в акте. КАК ОСВОБОЖДАЛИ МЕСТО, СЛОВАМИ САМОЙ ИМПЕРИИ. АКАК т. XII, отчёт: «Акинское общество… разселено между Галашевцами и другими сосѣдями; ИХЪ ЖИЛИЩА ИСТРЕБЛЕНЫ, А ЗЕМЛЯ ОБЪЯВЛЕНА КАЗЁННОЮ. Мѣра эта была необходима, какъ для наказанія Акинцевъ за враждебныя ихъ противъ насъ дѣйствія, такъ и для того, ЧТОБЫ ИЗБАВИТЬ ВНОВЬ ВОДВОРЯЕМЫЯ СТАНИЦЫ НАШИ НА АССѢ И ФОРТАНГѢ ОТЪ БЕЗПОКОЙНАГО СОСѢДСТВА». Там же распоряжение главнокомандующего: «поселить правильнымъ образомъ въ большіе аулы туземцевъ Назрановскаго, Галашевскаго и Карабулакскаго обществъ; УНИЧТОЖИТЬ АУЛЫ, ЛЕЖАЩІЕ ВЪ ГЛУБИНѢ ЛѢСОВЪ ПО ВЕРХОВЬЯМЪ АССЫ И ФОРТАНГИ». Порядок назван империей: аулы уничтожают, землю объявляют казённой, людей сводят в большие аулы, на освободившемся месте водворяют станицу. ",stanitsa,ингуши (карабулаки)
st-magomet-yurtovskaya,Магомет-Юртовская станица (ныне Вознесенская),44.7521,43.5438,1847-01-01,,8,"ru.wikipedia.org «Вознесенская (Ингушетия)» (дата основания, прежние имена); АКАК т. XII, повеление 05.12.1847 № 4745","Сунженская линия, сплошной проход 17.09.2026. Год и координаты - ru.wikipedia.org, поле «дата основания» и геотег; координаты - место нынешней станицы, переноса источники не называют ни у одной, но и не подтверждают, что станица на своём месте. ЗАВЕДЕНА ПОД ИМЕНЕМ ОСНОВАНИЯ, и это имя - свидетельство: станица названа по аулу Магомет-юрт, НА МЕСТЕ КОТОРОГО поставлена. Под этим именем она стоит в повелении АКАК т. XII от 5 декабря 1847 № 4745 вместе с Ассинской и Михайловской. Вики подтверждает прежнее имя полем «прежние имена». КАК ОСВОБОЖДАЛИ МЕСТО, СЛОВАМИ САМОЙ ИМПЕРИИ. АКАК т. XII, отчёт: «Акинское общество… разселено между Галашевцами и другими сосѣдями; ИХЪ ЖИЛИЩА ИСТРЕБЛЕНЫ, А ЗЕМЛЯ ОБЪЯВЛЕНА КАЗЁННОЮ. Мѣра эта была необходима, какъ для наказанія Акинцевъ за враждебныя ихъ противъ насъ дѣйствія, такъ и для того, ЧТОБЫ ИЗБАВИТЬ ВНОВЬ ВОДВОРЯЕМЫЯ СТАНИЦЫ НАШИ НА АССѢ И ФОРТАНГѢ ОТЪ БЕЗПОКОЙНАГО СОСѢДСТВА». Там же распоряжение главнокомандующего: «поселить правильнымъ образомъ въ большіе аулы туземцевъ Назрановскаго, Галашевскаго и Карабулакскаго обществъ; УНИЧТОЖИТЬ АУЛЫ, ЛЕЖАЩІЕ ВЪ ГЛУБИНѢ ЛѢСОВЪ ПО ВЕРХОВЬЯМЪ АССЫ И ФОРТАНГИ». Порядок назван империей: аулы уничтожают, землю объявляют казённой, людей сводят в большие аулы, на освободившемся месте водворяют станицу. ",stanitsa,ингуши
st-nikolaevskaya-terek,Николаевская станица (Терек),45.7722,43.5314,1848-01-01,,8,ru.wikipedia.org «Николаевская (Чечня)» (дата основания),"Сунженская линия, сплошной проход 17.09.2026. Год и координаты - ru.wikipedia.org, поле «дата основания» и геотег; координаты - место нынешней станицы, переноса источники не называют ни у одной, но и не подтверждают, что станица на своём месте. Первичка по этой станице в АКАК адресно не искалась: имя слишком частое (41 вхождение в т. XII), нужен отдельный проход - хвост розыска.",stanitsa,чеченцы
st-novo-shchedrinskaya,Ново-Щедринская станица,46.1031,43.4864,1848-01-01,,8,ru.wikipedia.org «Новощедринская» (дата основания),"Сунженская линия, сплошной проход 17.09.2026. Год и координаты - ru.wikipedia.org, поле «дата основания» и геотег; координаты - место нынешней станицы, переноса источники не называют ни у одной, но и не подтверждают, что станица на своём месте. Терское казачье войско, низовья Терека. Приставка «Ново-» в имени - след переноса или второго селения рядом; первичка не искалась.",stanitsa,чеченцы
st-groznenskaya,Грозненская станица,45.6875,43.3158,1851-01-01,,8,ru.wikipedia.org «Грозненская» (дата основания); АКАК т. X,"Сунженская линия, сплошной проход 17.09.2026. Год и координаты - ru.wikipedia.org, поле «дата основания» и геотег; координаты - место нынешней станицы, переноса источники не называют ни у одной, но и не подтверждают, что станица на своём месте. Поставлена при крепости Грозной, которая на слое стоит отдельной строкой с 1818 года. АКАК т. X о том, что росло вокруг этих крепостей: «возлѣ крѣпостей Грозной, Воздвиженской и укр. Нестеровскаго также образовались аулы… кругомъ Ачхой поселилось около 100 семействъ».",stanitsa,чеченцы
st-nesterovskaya,Нестеровская станица,45.0492,43.238,1861-01-01,,8,ru.wikipedia.org «Нестеровская» (дата основания); АКАК т. XII (шесть станиц Терской области за 1860 год),"Сунженская линия, сплошной проход 17.09.2026. Год и координаты - ru.wikipedia.org, поле «дата основания» и геотег; координаты - место нынешней станицы, переноса источники не называют ни у одной, но и не подтверждают, что станица на своём месте. АКАК т. XII за 1860 год: «Въ Терской области было водворено 6 станицъ: Незлобная, Лысогорская, Тарская, Фельдмаршальская, Промежуточная и Нестеровская». Там же где именно ставили соседнюю: «На уроч. Алгусъ-Али, между станицами Галашевскою и Нестеровскою - Промежуточная», приказ по Армии от 19 декабря 1860 № 561. РАСХОЖДЕНИЕ: вики даёт 1861, АКАК относит водворение к 1860. Взят 1861 (вики, год водворения на месте); акт записан. Остальные четыре станицы того же списка - Лысогорская, Тарская, Фельдмаршальская, Промежуточная - на слой не заведены: координат и дат не добыто. КАК ОСВОБОЖДАЛИ МЕСТО, СЛОВАМИ САМОЙ ИМПЕРИИ. АКАК т. XII, отчёт: «Акинское общество… разселено между Галашевцами и другими сосѣдями; ИХЪ ЖИЛИЩА ИСТРЕБЛЕНЫ, А ЗЕМЛЯ ОБЪЯВЛЕНА КАЗЁННОЮ. Мѣра эта была необходима, какъ для наказанія Акинцевъ за враждебныя ихъ противъ насъ дѣйствія, такъ и для того, ЧТОБЫ ИЗБАВИТЬ ВНОВЬ ВОДВОРЯЕМЫЯ СТАНИЦЫ НАШИ НА АССѢ И ФОРТАНГѢ ОТЪ БЕЗПОКОЙНАГО СОСѢДСТВА». Там же распоряжение главнокомандующего: «поселить правильнымъ образомъ въ большіе аулы туземцевъ Назрановскаго, Галашевскаго и Карабулакскаго обществъ; УНИЧТОЖИТЬ АУЛЫ, ЛЕЖАЩІЕ ВЪ ГЛУБИНѢ ЛѢСОВЪ ПО ВЕРХОВЬЯМЪ АССЫ И ФОРТАНГИ». Порядок назван империей: аулы уничтожают, землю объявляют казённой, людей сводят в большие аулы, на освободившемся месте водворяют станицу. ",stanitsa,ингуши (карабулаки)
st-sunzhenskaya-1845,Сунженская станица (ныне город Сунжа),45.0516,43.3135,1845-10-01,,8,"ru.wikipedia.org «Сунжа (город)» со ссылкой на П. Татаринцева, «Станицам по 130 лет»; АКАК т. X (наименование двух станиц на Сунже); АКАК т. XII (отчёт об истреблении жилищ акинцев и объявлении земли казённой ради станиц на Ассе и Фортанге)","Сунженская линия, добор розыска 17.09.2026. Координаты - геотег статьи, место нынешнего селения; переноса источники не называют. «Станица, с названием Сунженская, была основана в октябре 1845 года» (по П. Татаринцеву, «Станицам по 130 лет»). День не установлен. Это вторая станица пары, наименованной вместе с Троицкой: АКАК т. X, отношение от 10 января № 23 - «вновь водворенныхъ на Сунжѣ двухъ козачьихъ станицъ, близь кр. Волынскаго и близь […] БУРЕЙ-ЮРТЪ, первой - Троицкою, а второй - Сунженскою». Акт называет аул поимённо: станица стоит на месте Бурей-юрта. Находка снимает прежнее расхождение по Троицкой: пара ВОДВОРЕНА осенью 1845 года, НАИМЕНОВАНА в начале 1846 - два разных события, а не спор источников. Имена дальше: с 1852 Слепцовская, с 1939 Орджоникидзевская, с 2016 Сунжа. НЕ ПУТАТЬ с другой станицей того же имени - нынешним селом Сунжа в Северной Осетии. КАК ОСВОБОЖДАЛИ МЕСТО, СЛОВАМИ САМОЙ ИМПЕРИИ. АКАК т. XII, отчёт: «Акинское общество… разселено между Галашевцами и другими сосѣдями; ИХЪ ЖИЛИЩА ИСТРЕБЛЕНЫ, А ЗЕМЛЯ ОБЪЯВЛЕНА КАЗЁННОЮ. Мѣра эта была необходима, какъ для наказанія Акинцевъ за враждебныя ихъ противъ насъ дѣйствія, такъ и для того, ЧТОБЫ ИЗБАВИТЬ ВНОВЬ ВОДВОРЯЕМЫЯ СТАНИЦЫ НАШИ НА АССѢ И ФОРТАНГѢ ОТЪ БЕЗПОКОЙНАГО СОСѢДСТВА». Там же распоряжение главнокомандующего: «поселить правильнымъ образомъ въ большіе аулы туземцевъ Назрановскаго, Галашевскаго и Карабулакскаго обществъ; УНИЧТОЖИТЬ АУЛЫ, ЛЕЖАЩІЕ ВЪ ГЛУБИНѢ ЛѢСОВЪ ПО ВЕРХОВЬЯМЪ АССЫ И ФОРТАНГИ». Порядок назван империей: аулы уничтожают, землю объявляют казённой, людей сводят в большие аулы, на освободившемся месте водворяют станицу. ",stanitsa,ингуши
st-tarskaya-1860,Тарская станица (ныне Тарское),44.7712,42.9646,1860-01-01,,8,ru.wikipedia.org «Тарское» (поле прежних имён); АКАК т. XII (шесть станиц Терской области за 1860 год),"Сунженская линия, добор розыска 17.09.2026. Координаты - геотег статьи, место нынешнего селения; переноса источники не называют. ПОСТАВЛЕНА НА МЕСТЕ СЕЛЕНИЯ АНГУШТ - того самого, от имени которого пошло русское название ингушей. Цепочка имён места: до 1860 Ангушт, с 1860 станица Тарская, с 1944 снова Ангушт, ныне Тарское. День и месяц не установлены. АКАК т. XII за 1860 год: «Въ Терской области было водворено 6 станицъ: Незлобная, Лысогорская, Тарская, Фельдмаршальская, Промежуточная и Нестеровская». КАК ОСВОБОЖДАЛИ МЕСТО, СЛОВАМИ САМОЙ ИМПЕРИИ. АКАК т. XII, отчёт: «Акинское общество… разселено между Галашевцами и другими сосѣдями; ИХЪ ЖИЛИЩА ИСТРЕБЛЕНЫ, А ЗЕМЛЯ ОБЪЯВЛЕНА КАЗЁННОЮ. Мѣра эта была необходима, какъ для наказанія Акинцевъ за враждебныя ихъ противъ насъ дѣйствія, такъ и для того, ЧТОБЫ ИЗБАВИТЬ ВНОВЬ ВОДВОРЯЕМЫЯ СТАНИЦЫ НАШИ НА АССѢ И ФОРТАНГѢ ОТЪ БЕЗПОКОЙНАГО СОСѢДСТВА». Там же распоряжение главнокомандующего: «поселить правильнымъ образомъ въ большіе аулы туземцевъ Назрановскаго, Галашевскаго и Карабулакскаго обществъ; УНИЧТОЖИТЬ АУЛЫ, ЛЕЖАЩІЕ ВЪ ГЛУБИНѢ ЛѢСОВЪ ПО ВЕРХОВЬЯМЪ АССЫ И ФОРТАНГИ». Порядок назван империей: аулы уничтожают, землю объявляют казённой, людей сводят в большие аулы, на освободившемся месте водворяют станицу. ",stanitsa,ингуши
st-feldmarshalskaya-1860,Фельдмаршальская станица (ныне Алхасты),44.9957,43.1843,1860-01-01,,8,"ru.wikipedia.org «Алхасты» (поле прежних имён, раздел истории); АКАК т. XII","Сунженская линия, добор розыска 17.09.2026. Координаты - геотег статьи, место нынешнего селения; переноса источники не называют. ПОСТАВЛЕНА НА МЕСТЕ КАРАБУЛАКСКОГО СЕЛЕНИЯ АЛХАСТ-ХИ, оно же Джантемир-Юрт: селение «располагалось в среднем течении небольшой речки Алхаст-тхи… к юго-западу от поста Нестеровского»; в перечне АКАК стоит «между Галашевскою и Алкунскою». Станицей звалась до 1922, ныне Алхасты. День и месяц не установлены; год по АКАК (водворение 1860), в статье о селе стоит 1864 - это дата села, а не станицы. КАК ОСВОБОЖДАЛИ МЕСТО, СЛОВАМИ САМОЙ ИМПЕРИИ. АКАК т. XII, отчёт: «Акинское общество… разселено между Галашевцами и другими сосѣдями; ИХЪ ЖИЛИЩА ИСТРЕБЛЕНЫ, А ЗЕМЛЯ ОБЪЯВЛЕНА КАЗЁННОЮ. Мѣра эта была необходима, какъ для наказанія Акинцевъ за враждебныя ихъ противъ насъ дѣйствія, такъ и для того, ЧТОБЫ ИЗБАВИТЬ ВНОВЬ ВОДВОРЯЕМЫЯ СТАНИЦЫ НАШИ НА АССѢ И ФОРТАНГѢ ОТЪ БЕЗПОКОЙНАГО СОСѢДСТВА». Там же распоряжение главнокомандующего: «поселить правильнымъ образомъ въ большіе аулы туземцевъ Назрановскаго, Галашевскаго и Карабулакскаго обществъ; УНИЧТОЖИТЬ АУЛЫ, ЛЕЖАЩІЕ ВЪ ГЛУБИНѢ ЛѢСОВЪ ПО ВЕРХОВЬЯМЪ АССЫ И ФОРТАНГИ». Порядок назван империей: аулы уничтожают, землю объявляют казённой, людей сводят в большие аулы, на освободившемся месте водворяют станицу. ",stanitsa,орстхойцы (карабулаки)
st-lysogorskaya,Лысогорская станица,43.2794,44.1042,1821-09-21,,8,ru.wikipedia.org «Лысогорская» (дата основания с днём); АКАК т. XII (шесть станиц Терской области за 1860 год),"Основана 21 сентября 1821 года - день есть в источнике. ВАЖНО ДЛЯ ЧТЕНИЯ АКАК: в отчёте т. XII за 1860 год эта станица стоит в списке «Въ Терской области было водворено 6 станицъ: Незлобная, Лысогорская, Тарская, Фельдмаршальская, Промежуточная и Нестеровская», хотя основана на тридцать девять лет раньше. Значит «водворено» в отчёте значит не «основано», а доселение казаков, перечисление в казачье сословие или обращение села в станицу. Точка стоит по году, когда на месте появилось поселение, а не когда его переписали в станицы. Земля - Азово-Моздокская линия, кабардинская.",stanitsa,кабардинцы
st-nezlobnoe,Незлобное село (ныне станица Незлобная),43.3833,44.1167,1784-01-01,,8,ru.wikipedia.org «Незлобная» (раздел истории и поле прежних имён); АКАК т. XII; приказ кн. Орбелиани по Кавказской армии 28.06.1862 № 72,"РАСХОЖДЕНИЕ ВНУТРИ ОДНОЙ СТАТЬИ, не разрешено: раздел истории говорит «основан в 1784 году как село Незлобное на правом берегу Золки», а поле прежних имён даёт «до 1862 Бабуковская». Одно с другим не сходится; та же статья называет ещё 1782 и 1786-1787. Взят 1784 как самая ранняя версия с прямой фразой. Имя в подписи - Незлобное, под которым основано; Бабуковская - имя до 1862 года, оно в акте: приказ кн. Орбелиани по Кавказской армии от 28 июня 1862 № 72 - «Присвоенное, приказомъ по Кавказской Арміи, отъ 22-го апрѣля сего года, за № 181, Бабуковской станицѣ наименованіе Незлобная удостоилось Высочайшаго… утвержденія». Под именем Бабуковская станица не основана, а переименована, поэтому в подписи стоит имя основания. В списке АКАК за 1860 год стоит как «водворённая» - см. заметку к Лысогорской станице о том, что это значит. Земля - Азово-Моздокская линия, кабардинская.",selenie,кабардинцы
