reg,frm,to,kind,name,act,src,clip,comment
MSK15_MOSCOW_CORE,1450-01-01,1500-01-01,территория,"Москва, Коломна, Звенигород, Руза, Дмитров, Серпухов, Подмосковье",владение московского дома с XIV в.; Коломна - с начала XIV в.,"Духовная Василия II (1461 - до 27.03.1462), СГГД ч. I, № 86, с. [28]-[31] (научное изд.: ДДГ, 1950, № 61); https://vostlit.info/Texts/Dokumenty/Russ/XIII/1280-1300/Gram_knjaz_vel_udel/1/10.htm; локально kb-steps/downloads/sggd1_no10_duhovnaya_vasiliya_II_1462_vostlit.txt; Духовная Дмитрия Донского 1389, СГГД ч. I, № 34; https://vostlit.info/Texts/Dokumenty/Russ/XIII/1280-1300/Gram_knjaz_vel_udel/1/7.htm; Дедук А. В. Московско-рязанское порубежье XIV - начала XVI в.: методика локализации. Автореф. дисс. к.и.н. Екатеринбург, 2018, с. 25; http://www.ihist.uran.ru/files/Deduk_avtoreferat_na_sayt_s_podp.pdf; локально geom_1450/sources/Deduk_avtoreferat.txt",,"статус M; уверенность high. Серпухов и Боровск - удел Василия Ярославича до 10.07.1456, потом М (для карты одно и то же: удел московского дома красный). Кашира в духовной 1461/62 не названа; её левобережье - московское, правобережье - «купля» Василия II (строка TULA_KUPLYA). Егорьевск: по Дедуку рубеж с Рязанью шёл по Оке и р. Цне - Цна режет район, восточная часть могла быть рязанской (оценка). Шатура: «изъ Мурома даю своей Княгине селцо Муромское да Шатуръ» - муромская волость."
MSK15_MOZHAYSK_VEREYA,1450-01-01,1500-01-01,территория,"Можайск, Верея, Боровск, Волок Ламский","уделы: Можайск - Иван Андреевич до 1454; Верея - Михаил Андреевич до 1485; Боровск - Василий Ярославич до 1456; Волок - совладение с Новгородом, фактически Москва","Духовная Василия II (1461 - до 27.03.1462), СГГД ч. I, № 86, с. [28]-[31] (научное изд.: ДДГ, 1950, № 61); https://vostlit.info/Texts/Dokumenty/Russ/XIII/1280-1300/Gram_knjaz_vel_udel/1/10.htm; локально kb-steps/downloads/sggd1_no10_duhovnaya_vasiliya_II_1462_vostlit.txt; ПСРЛ т. 8 (Воскресенская летопись). СПб., 1859, с. 145; https://archive.org/details/polnoesobranierusskihletopisejizdannoep88; Атлас російського імперіалізму і колоніалізму (УІФ, 2026), розд. 5, п. 7; локально MATERIALS/common/Atlas_rosijskogo_imperializmu_i_kolonializmu_UIF_2026/atlas_text.txt",,"статус U; уверенность high. Волок: статус J (бумажное совладение с Новгородом до Коростыни 11.08.1471), для геометрии красный с 1450."
MSK15_VLADIMIR_GRAND,1450-01-01,1500-01-01,территория,"Великое княжение Владимирское: Владимир, Суздаль, Юрьев, Муром, Стародуб, Гороховец, Мещера (Гусь)",ярлык 1432; Муром - ярлык 1392,"Духовная Василия II (1461 - до 27.03.1462), СГГД ч. I, № 86, с. [28]-[31] (научное изд.: ДДГ, 1950, № 61); https://vostlit.info/Texts/Dokumenty/Russ/XIII/1280-1300/Gram_knjaz_vel_udel/1/10.htm; локально kb-steps/downloads/sggd1_no10_duhovnaya_vasiliya_II_1462_vostlit.txt; ПСРЛ т. 23 (Ермолинская летопись). СПб., 1910, с. 147, 152; https://archive.org/details/polnoesobranierusskihletopisejizdannoep93",,"статус M; уверенность high. Вся область: Мещера у Гуся-Хрустального куплена ещё Донским (Атлас, розд. 5, п. 1)."
MSK15_IVANOVO_LANDS,1450-01-01,1500-01-01,территория,"Суздальские и костромские волости: Шуя, Кинешма, Юрьевец, Лух, Плёс","часть великого княжения и Суздальско-Нижегородского княжества, упразднённого после 1447","Духовная Василия II (1461 - до 27.03.1462), СГГД ч. I, № 86, с. [28]-[31] (научное изд.: ДДГ, 1950, № 61); https://vostlit.info/Texts/Dokumenty/Russ/XIII/1280-1300/Gram_knjaz_vel_udel/1/10.htm; локально kb-steps/downloads/sggd1_no10_duhovnaya_vasiliya_II_1462_vostlit.txt; Зимин А. А. Витязь на распутье. М., 1991, с. 126-127; https://archive.org/details/zimin1991",,статус M; уверенность high. Сокольский округ (Нижегородская область) - бывшая часть Юрьевецкого уезда.
MSK15_PERESLAVL_UGLICH,1450-01-01,1500-01-01,территория,"Переславль-Залесский, Углич, Мышкин, Некоуз","Переславль - великое княжение; Углич взят у Шемяки в 1447, наместники с 1450; с 1462 удел Андрея Большого","Духовная Василия II (1461 - до 27.03.1462), СГГД ч. I, № 86, с. [28]-[31] (научное изд.: ДДГ, 1950, № 61); https://vostlit.info/Texts/Dokumenty/Russ/XIII/1280-1300/Gram_knjaz_vel_udel/1/10.htm; локально kb-steps/downloads/sggd1_no10_duhovnaya_vasiliya_II_1462_vostlit.txt; ПСРЛ т. 23 (Ермолинская летопись). СПб., 1910, с. 154; https://archive.org/details/polnoesobranierusskihletopisejizdannoep93",,"статус M; уверенность medium. Некоуз - по позднему Угличскому/Моложскому уезду, на уровне района не проверен (оценка)."
MSK15_ROSTOV,1450-01-01,1500-01-01,территория,Ростов (московская половина и княжеская половина),"половина - Москвы (вдовья часть княгини по духовной 1461/62), половина - у ростовских князей, служилых Москве; 1474 - куплена вторая половина","Духовная Василия II (1461 - до 27.03.1462), СГГД ч. I, № 86, с. [28]-[31] (научное изд.: ДДГ, 1950, № 61); https://vostlit.info/Texts/Dokumenty/Russ/XIII/1280-1300/Gram_knjaz_vel_udel/1/10.htm; локально kb-steps/downloads/sggd1_no10_duhovnaya_vasiliya_II_1462_vostlit.txt; ПСРЛ т. 8 (Воскресенская летопись). СПб., 1859, с. 180; https://archive.org/details/polnoesobranierusskihletopisejizdannoep88; Зимин А. А. Витязь на распутье. М., 1991, с. 185; https://archive.org/details/zimin1991",,"статус J; уверенность medium. ВКУС: половины Ростова не разделить по районам. Предложение - красить весь Ростов с 1450 (город и наместники московские), а 1474 считать сменой статуса J->M без смены геометрии. Альтернатива - красить весь Ростов с 1474 (минус ~6 тыс. км² в 1450-1471)."
MSK15_KOSTROMA_GALICH,1450-01-01,1500-01-01,территория,"Кострома, Галич, Чухлома, Солигалич, Унжа, Нерехта",Кострома - великое княжение; Галич взят у Шемяки 27/28.01.1450,"Духовная Василия II (1461 - до 27.03.1462), СГГД ч. I, № 86, с. [28]-[31] (научное изд.: ДДГ, 1950, № 61); https://vostlit.info/Texts/Dokumenty/Russ/XIII/1280-1300/Gram_knjaz_vel_udel/1/10.htm; локально kb-steps/downloads/sggd1_no10_duhovnaya_vasiliya_II_1462_vostlit.txt; ПСРЛ т. 8 (Воскресенская летопись). СПб., 1859, с. 123; https://archive.org/details/polnoesobranierusskihletopisejizdannoep88",,"статус M; уверенность medium. Галич до 27.01.1450 у Шемяки - красный (претендент на московский стол, а не отдельное государство; R1, правка 10). Бассейн Ветлуги (Шарья, Поназырево, Пыщуг, Павино, Вохма, Октябрьский) - НЕ включён: марийские земли, вне московских наместников (оценка, см. EAST_OUT). Унжа (Макарьев, Мантурово, Кологрив, Межа) - галичская волость (оценка по позднему Галичскому/Унженскому уезду)."
MSK15_NIZHNY_MUROM,1450-01-01,1500-01-01,территория,"Нижний Новгород, Городец, Балахна, Муромские волости на Оке",Нижний - по ярлыку 1392; попытка Шемяки 1447 восстановить Суздальско-Нижегородское княжество провалилась,"Духовная Василия II (1461 - до 27.03.1462), СГГД ч. I, № 86, с. [28]-[31] (научное изд.: ДДГ, 1950, № 61); https://vostlit.info/Texts/Dokumenty/Russ/XIII/1280-1300/Gram_knjaz_vel_udel/1/10.htm; локально kb-steps/downloads/sggd1_no10_duhovnaya_vasiliya_II_1462_vostlit.txt; Зимин А. А. Витязь на распутье. М., 1991, с. 126-127; https://archive.org/details/zimin1991",,"статус M; уверенность medium. Семёновский округ - по «Керженцу» в духовной (волость на Керженце, оценка границы). Правый берег к востоку от Кудьмы (Лысково, Княгинино, Большое Мурашкино, Перевоз, Дальнее Константиново) и всё южнее Мурома (Арзамас, Ардатов, Дивеево, Первомайск) - мордовские земли, в строке EAST_OUT. Кстово в OSM входит в городской округ Нижний Новгород."
MSK15_BELOOZERO,1450-01-01,1500-01-01,территория,"Белоозеро с Кирилловом, Череповцом, Судой; Шексна",удел Михаила Андреевича Верейского до 1485 (по духовной Донского 1389 - Андрею Можайскому),"Духовная Дмитрия Донского 1389, СГГД ч. I, № 34; https://vostlit.info/Texts/Dokumenty/Russ/XIII/1280-1300/Gram_knjaz_vel_udel/1/7.htm; Зимин А. А. Витязь на распутье. М., 1991, с. 144; https://archive.org/details/zimin1991; ru.wikipedia, «Белозерское княжество» (локально geom_1450/sources/belozerskoe_knyazhestvo_wikipedia.html)",,"статус U; уверенность medium. Бабаево: Борисово-Судское - белозерское; но на р. Колпь лежали новгородские волости «Колоперемь и Тре» (Атлас, розд. 5, п. 15), вошедшие только в 1478 - район режет их грубо (оценка)."
MSK15_VOLOGDA_MOSCOW,1450-01-01,1500-01-01,территория,"Вологда, Кубена, Заозерье, Обнора, Комела, Тотьма","Вологда - формально новгородско-московское совладение, фактически Москва (с конца XIV в.); 1446 - отдана Василию II; Заозерье взято у ярославских (заозерских) князей: запад - 1447, восток - около 1451; бумажный отказ Новгорода - 11.08.1471","Духовная Василия II (1461 - до 27.03.1462), СГГД ч. I, № 86, с. [28]-[31] (научное изд.: ДДГ, 1950, № 61); https://vostlit.info/Texts/Dokumenty/Russ/XIII/1280-1300/Gram_knjaz_vel_udel/1/10.htm; локально kb-steps/downloads/sggd1_no10_duhovnaya_vasiliya_II_1462_vostlit.txt; ПСРЛ т. 23 (Ермолинская летопись). СПб., 1910, с. 153, 157; https://archive.org/details/polnoesobranierusskihletopisejizdannoep93; Зимин А. А. Витязь на распутье. М., 1991, с. 14, 185; https://archive.org/details/zimin1991; Атлас російського імперіалізму і колоніалізму (УІФ, 2026), розд. 5, пп. 4-5; локально MATERIALS/common/Atlas_rosijskogo_imperializmu_i_kolonializmu_UIF_2026/atlas_text.txt",,"статус J; уверенность medium. Тотьма: соль «В Тотьме на Сухоне между Вологдой и Устюгом» (Зимин, с. 14) - московский путь; прямого акта о Тотьме не открыто (оценка). Вожега и Сямжа - по Кубене/Заозерью, граница с новгородской Чарондой и Вагой на уровне района не проверена (оценка). Восточное Заозерье (~1451): в срезе 1450 оно уже красное - погрешность менее года."
MSK15_USTYUG,1450-01-01,1500-01-01,территория,"Устюг с волостями по Сухоне, Югу и нижней Вычегде",Устюг - московский с конца XIV в.; Шемяка сидел в городе 29.06.1450 - начало 1452 (красим как землю московского дома),"Духовная Василия II (1461 - до 27.03.1462), СГГД ч. I, № 86, с. [28]-[31] (научное изд.: ДДГ, 1950, № 61); https://vostlit.info/Texts/Dokumenty/Russ/XIII/1280-1300/Gram_knjaz_vel_udel/1/10.htm; локально kb-steps/downloads/sggd1_no10_duhovnaya_vasiliya_II_1462_vostlit.txt; Зимин А. А. Витязь на распутье. М., 1991, с. 16, 141-143; https://archive.org/details/zimin1991",,"статус M; уверенность low. Сердце (Великий Устюг, Нюксеница, Кичменга) - high. Окраины - оценка по позднему Устюжскому уезду: Никольск (верхний Юг), Подосиновец и Луза (Юг и Луза), низовья Вычегды (Котлас, Сольвычегодск, Коряжма, Вилегодск) и Красноборск - документа XV в. на уровне волостей не открыто. Если куратор строг - снять их (~26 тыс. км²)."
MSK15_USTYUZHNA,1450-01-01,1500-01-01,территория,Устюжна (Углицкий удел) и Молога,Углич «съ Устюжною» - как было за Шемякой; с 1462 удел Андрея Большого,"Духовная Василия II (1461 - до 27.03.1462), СГГД ч. I, № 86, с. [28]-[31] (научное изд.: ДДГ, 1950, № 61); https://vostlit.info/Texts/Dokumenty/Russ/XIII/1280-1300/Gram_knjaz_vel_udel/1/10.htm; локально kb-steps/downloads/sggd1_no10_duhovnaya_vasiliya_II_1462_vostlit.txt",,"статус U; уверенность medium. Граница Устюженского района с новгородской Бежецкой пятиной (Чагода, Пестово) - оценка."
MSK15_BEZHETSKY_VERH,1450-01-01,1500-01-01,территория,"Бежецкий Верх (Городецко-Бежецк), Красный Холм, Весьегонск",удел Ивана Можайского с 1449; с 1462 - Андрея Большого; Новгород считал «Бежичи» своей волостью,"Духовная Василия II (1461 - до 27.03.1462), СГГД ч. I, № 86, с. [28]-[31] (научное изд.: ДДГ, 1950, № 61); https://vostlit.info/Texts/Dokumenty/Russ/XIII/1280-1300/Gram_knjaz_vel_udel/1/10.htm; локально kb-steps/downloads/sggd1_no10_duhovnaya_vasiliya_II_1462_vostlit.txt; ПСРЛ т. 23 (Ермолинская летопись). СПб., 1910, с. 154; https://archive.org/details/polnoesobranierusskihletopisejizdannoep93; Зимин А. А. Витязь на распутье. М., 1991, с. 149; https://archive.org/details/zimin1991; ru.wikipedia, «Бежецкий верх» (локально geom_1450/sources/bezhetsky_verh_wikipedia.html)",,"статус U; уверенность medium. Молоково и Сандово - по позднему Бежецкому/Весьегонскому уезду (оценка). Максатиха, Лесной, Удомля - западная, новгородская часть (Бежецкая пятина) - в строке NOVGOROD_1478. Сонково - кашинское, в TVER_1485."
MSK15_RZHEVA,1450-01-01,1500-01-01,территория,"Ржева (Ржев, Оленино)","выменяна Василием I у Владимира Андреевича; 1447 взята Тверью, 1448-1449 у Литвы; в 1462 - удел Бориса Васильевича","Духовная Василия II (1461 - до 27.03.1462), СГГД ч. I, № 86, с. [28]-[31] (научное изд.: ДДГ, 1950, № 61); https://vostlit.info/Texts/Dokumenty/Russ/XIII/1280-1300/Gram_knjaz_vel_udel/1/10.htm; локально kb-steps/downloads/sggd1_no10_duhovnaya_vasiliya_II_1462_vostlit.txt; Зимин А. А. Витязь на распутье. М., 1991, с. 12-13; https://archive.org/details/zimin1991; Атлас російського імперіалізму і колоніалізму (УІФ, 2026), розд. 6, с. 17; локально MATERIALS/common/Atlas_rosijskogo_imperializmu_i_kolonializmu_UIF_2026/atlas_text.txt",,"статус U; уверенность medium. Возврат Ржевы после 1449 документом не подтверждён: на 1450 красное - оценка (вечный мир с Литвой 1449, текст не открыт). Селижарово и Пено - не включены (граница с Новгородом и Торопцом неясна)."
MSK15_KALUGA_MOSCOW,1450-01-01,1500-01-01,территория,"Калуга, Медынь, Малоярославец, Таруса, Боровск - левый берег Угры","Калуга и Медынь - удел Ивана Можайского до 1454, затем М; Таруса - служилые князья, в распоряжении великого князя","Духовная Василия II (1461 - до 27.03.1462), СГГД ч. I, № 86, с. [28]-[31] (научное изд.: ДДГ, 1950, № 61); https://vostlit.info/Texts/Dokumenty/Russ/XIII/1280-1300/Gram_knjaz_vel_udel/1/10.htm; локально kb-steps/downloads/sggd1_no10_duhovnaya_vasiliya_II_1462_vostlit.txt; ПСРЛ т. 23 (Ермолинская летопись). СПб., 1910, с. 157; https://archive.org/details/polnoesobranierusskihletopisejizdannoep93; Атлас російського імперіалізму і колоніалізму (УІФ, 2026), розд. 6, с. 17; локально MATERIALS/common/Atlas_rosijskogo_imperializmu_i_kolonializmu_UIF_2026/atlas_text.txt",,"статус M; уверенность medium. Западная граница с Литвой - по Угре (стояние на Угре 1480: московские полки на левом берегу). Юхнов (Опаков на Угре - литовский), Бабынино и Перемышль (Воротынск), Козельск, Мещовск, Мосальск, Сухиничи, Людиново, Киров, Спас-Деменск и весь юго-запад - Верховские княжества под Литвой до 1490-х, в строке WEST_OUT. Износково - на рубеже с Вяземским княжеством (оценка)."
MSK15_TULA_NORTH,1450-01-01,1500-01-01,территория,Алексин и серпуховское Заочье,Алексин - в Калужско-Можайском уделе до 1454,"Духовная Василия II (1461 - до 27.03.1462), СГГД ч. I, № 86, с. [28]-[31] (научное изд.: ДДГ, 1950, № 61); https://vostlit.info/Texts/Dokumenty/Russ/XIII/1280-1300/Gram_knjaz_vel_udel/1/10.htm; локально kb-steps/downloads/sggd1_no10_duhovnaya_vasiliya_II_1462_vostlit.txt",,статус M; уверенность medium. Заокский район напротив Серпухова - «заоцкие» серпуховские волости (оценка по позднему Серпуховскому уезду).
MSK15_MESHCHERA_KASIMOV,1450-01-01,1500-01-01,территория,Мещера и Касимовское ханство (Городец Мещерский),мещерские земли куплены Дмитрием Донским; служилое ханство Касыма - около 1452 (Вельяминов-Зернов) или после 1454-1455 (Зимин),"Атлас російського імперіалізму і колоніалізму (УІФ, 2026), розд. 5, п. 1; локально MATERIALS/common/Atlas_rosijskogo_imperializmu_i_kolonializmu_UIF_2026/atlas_text.txt; Зимин А. А. Витязь на распутье. М., 1991, с. 170-171; https://archive.org/details/zimin1991",,"статус U; уверенность medium. Статус U условно: служилое ханство, пожалованное великим князем на московской земле (R1, правка 11 - вкус). Ермишинский и Кадомский (Елатьма, Кадом) - не включены: мордовско-татарский край, московские уезды там - XVI в."
MSK15_VYCHEGDA_PERM,1451-01-01,1500-01-01,территория,"Вычегодская Пермь: Вычегда (без низовья), Вымь, Сысола",наместник из Москвы 1451 (князья Вымской династии - вассалы ВКМ); анексия 1502,"Зимин А. А. Витязь на распутье. М., 1991, с. 143; https://archive.org/details/zimin1991; Атлас російського імперіалізму і колоніалізму (УІФ, 2026), розд. 5, п. 2; локально MATERIALS/common/Atlas_rosijskogo_imperializmu_i_kolonializmu_UIF_2026/atlas_text.txt; ru.wikipedia, «Яренский уезд» (локально geom_1450/sources/yarensky_uezd_wikipedia.html)",,"статус V; уверенность medium. Дата 01.01.1451 условна (месяц не известен) - как в строке KOMI проекта. Прилузский - верхняя Луза, оценка (low). Удорский (Вашка, верхняя Мезень) и верхняя Печора в описи 1481 г. уже есть - красим их с 1478 (строка NOVGOROD_NORTH_1478)."
MSK15_ROMANOV_SHEKSNA,1462-03-27,1500-01-01,территория,Романов и Усть-Шексна (купли великой княгини Марии Ярославны),"купли княгини у ярославских и шехонских князей и заволжские волости Ивана Можайского по Шексне; дата купли неизвестна, засвидетельствовано духовной 1461/62","Духовная Василия II (1461 - до 27.03.1462), СГГД ч. I, № 86, с. [28]-[31] (научное изд.: ДДГ, 1950, № 61); https://vostlit.info/Texts/Dokumenty/Russ/XIII/1280-1300/Gram_knjaz_vel_udel/1/10.htm; локально kb-steps/downloads/sggd1_no10_duhovnaya_vasiliya_II_1462_vostlit.txt; Зимин А. А. Витязь на распутье. М., 1991, с. 185; https://archive.org/details/zimin1991",,"статус M; уверенность medium. frm = дата, к которой купля точно есть (смерть Василия II); реально - раньше. Рыбинский район шире устья Шексны (оценка)."
MSK15_TULA_KUPLYA,1462-03-27,1500-01-01,территория,"«Купля» Василия II у Рязани: Венёв, Тешилов, правобережье Каширы",купля Василия II у Рязани; граница записана в московско-рязанском докончании 9.06.1483: Смедва - Песоченка - Осётр - Кудесна - «Таболы» - Дон,"Дедук А. В. Московско-рязанское порубежье XIV - начала XVI в.: методика локализации. Автореф. дисс. к.и.н. Екатеринбург, 2018, с. 26-27; http://www.ihist.uran.ru/files/Deduk_avtoreferat_na_sayt_s_podp.pdf; локально geom_1450/sources/Deduk_avtoreferat.txt; Атлас російського імперіалізму і колоніалізму (УІФ, 2026), розд. 5, п. 8; локально MATERIALS/common/Atlas_rosijskogo_imperializmu_i_kolonializmu_UIF_2026/atlas_text.txt",,"статус M; уверенность low. Дата купли не открыта: frm = 27.03.1462 (смерть Василия II - позже купля быть не может). ru.wikipedia («Тула») даёт 1503 - вероятно, дата окончательного включения в духовной Ивана III. Граница по Осётру и Дону режет Узловский и Новомосковск (оценка). Бассейн Красивой Мечи и Елец (Атлас, п. 12: «захоплені у Великої орди у 1470-х рр. та розділені між ВКМ і ВКР») - степь без управления, не включено. Городской округ Тула и Щёкинский район сняты (28.09.2026): Тула в докончании 1483 не названа, в «иные земли» купли её относит реконструкция Дедука."
MSK15_YAROSLAVL_1463,1463-01-01,1500-01-01,территория,Ярославское великое княжество (с Шехонским и Моложским уделами),князья ярославские «простишася со всѣми своими отчинами» - уступили Москве,"ПСРЛ т. 23 (Ермолинская летопись). СПб., 1910, с. 157-158; https://archive.org/details/polnoesobranierusskihletopisejizdannoep93; Атлас російського імперіалізму і колоніалізму (УІФ, 2026), розд. 5, п. 9; локально MATERIALS/common/Atlas_rosijskogo_imperializmu_i_kolonializmu_UIF_2026/atlas_text.txt",,"статус M; уверенность medium. Дата 01.01.1463 условна (6971 г.; месяц не установлен). Состав - по позднему Ярославскому, Пошехонскому, Любимскому, Моложскому уездам (оценка). Брейтово (Моложский удел) - low. Коряков ставит Ярославль «~1451» - спорно (R1, п. 7.9)."
MSK15_VAGA_1471,1471-08-11,1500-01-01,территория,Важская земля с Кокшенгой; часть Двины (Шиленьга),Коростынский договор 11.08.1471 после Шелони 14.07.1471 и битвы на Шиленьге 27.07.1471,"Атлас російського імперіалізму і колоніалізму (УІФ, 2026), розд. 5, пп. 6, 10; локально MATERIALS/common/Atlas_rosijskogo_imperializmu_i_kolonializmu_UIF_2026/atlas_text.txt; ПСРЛ т. 8 (Воскресенская летопись). СПб., 1859, с. 125; https://archive.org/details/polnoesobranierusskihletopisejizdannoep88; ru.wikipedia, «Важский уезд» (локально geom_1450/sources/vazhsky_uezd_wikipedia.html); ru.wikipedia, «Коростынский мир» (локально geom_1450/sources/korostynsky_mir_wikipedia.html)",,"статус M; уверенность medium. Википедия (Важский уезд) пишет «уже к 1462 году «Важеская земля» была московской» без ссылки - против Атласа и П8; принят 1471. Какая часть Двины перешла в 1471 - спорно (ru.wiki: «вплоть до устья: Емецк, Мехреньга, Ваймуга, Колмогоры...»; там же: «В 1475 году Двинская земля стала московской»). Взят минимум - Виноградовский (Шиленьга) - low; Холмогоры и низовья - с 1478."
MSK15_PERM_VELIKAYA,1472-06-26,1500-01-01,территория,"Пермь Великая (Чердынь, Искор, Покча, Соликамск)",поход воеводы Фёдора Пёстрого весной 1472; весть в Москву 26.06.1472; князь Михаил Ермолич оставлен вассалом (анексия 1505),"ПСРЛ т. 23 (Ермолинская летопись). СПб., 1910, с. 160; https://archive.org/details/polnoesobranierusskihletopisejizdannoep93; Атлас російського імперіалізму і колоніалізму (УІФ, 2026), розд. 5, п. 3; локально MATERIALS/common/Atlas_rosijskogo_imperializmu_i_kolonializmu_UIF_2026/atlas_text.txt; ru.wikipedia, «Пермь Великая» (локально geom_1450/sources/perm_velikaya_wikipedia.html)",,"статус V; уверенность medium. Состав - низовье Колвы, Вишера, Кама у Соли Камской (оценка по позднему Чердынскому уезду). Верхокамье и Иньва (Гайны, Коса, Кочёво, Юрла, Юсьва, Кудымкар) и всё южнее Усолья (Строгановы - с 1558) не включены. Зауралье (Пелым, Югра) - не красное (Атлас, п. 20)."
MSK15_NOVGOROD_1478,1478-01-15,1500-01-01,территория,"Новгородская земля: город, пятины, Порхов, Великие Луки, Торжок, Корела, Обонежье","капитуляция Новгорода 15.01.1478: вече упразднено, все владения республики отошли Москве; Великие Луки и Ржева Пустая - де-факто тогда же; Торжок - совладение до 1478","Атлас російського імперіалізму і колоніалізму (УІФ, 2026), розд. 4-5, пп. 13-17; локально MATERIALS/common/Atlas_rosijskogo_imperializmu_i_kolonializmu_UIF_2026/atlas_text.txt; ПСРЛ т. 25; ПСРЛ т. 4 (как в строке NOVGOROD_LAND проекта)",,"статус M; уверенность medium. Выборгский район - НЕ включён (Выборг шведский с 1293; Ореховский мир 1323 режет район - оценка). Карелия целиком - Корела, Обонежская пятина и Поморье (Кемь, Сума - вотчины новгородских бояр); запад Карелии (Калевала, Костомукша, Муезерский, Суоярви) - погосты лопи, где дань делили со Швецией - medium/low. Плюсса и Селижарово - оценка границы с Псковом и Ржевой. Сам Псков, Изборск, Остров, Опочка - Псковская республика, вассал с 1460, красная с 13.01.1510 (вне окна). Невель, Себеж, Усвяты, Пустошка - литовские."
MSK15_NOVGOROD_NORTH_1478,1478-01-15,1500-01-01,территория,"Новгородский Север: Двина (Холмогоры), Поморье, Онега, Каргополь, Пинега, Мезень, Удора",капитуляция Новгорода 15.01.1478,"Атлас російського імперіалізму і колоніалізму (УІФ, 2026), розд. 5, пп. 10, 16, 20-22; локально MATERIALS/common/Atlas_rosijskogo_imperializmu_i_kolonializmu_UIF_2026/atlas_text.txt; ru.wikipedia, «Двинская земля» (локально geom_1450/sources/dvinskaya_zemlya_wikipedia.html)",,"статус M; уверенность medium. НЕ включены (реального управления в окне нет): Кольский полуостров и Лапландия - Мурманская область (Атлас, пп. 21-22: сбор дани с Норвегией/Швецией); Печора - НАО и печорские районы Коми (Пустозерск 1499, строки PECHORA_* проекта); Югра (Атлас, п. 20); Новая Земля. Удорский (Вашка, верхняя Мезень) - low: в описи Вычегодской Перми 1481 г. уже есть."
MSK15_TVER_1485,1485-09-12,1500-01-01,территория,"Великое княжество Тверское (Тверь, Кашин, Старица, Зубцов, Микулин, Клин)","сдача Твери 12.09.1485, князь Михаил Борисович бежал в Литву","Атлас російського імперіалізму і колоніалізму (УІФ, 2026), розд. 5, п. 18; локально MATERIALS/common/Atlas_rosijskogo_imperializmu_i_kolonializmu_UIF_2026/atlas_text.txt; ПСРЛ т. 25 (как в строке TVER_LAND проекта)",,"статус M; уверенность medium. Клин и Лотошино (Микулин) - тверские уделы (оценка по уездам XVI в.). Талдом и Дубна - к северу от р. Дубны, кашинские (low). Торопец, Андреаполь, Западная Двина, Жарковский, Белый, Нелидово, Пено - Литва до 1503 (вне окна)."
MSK15_VYATKA_1489,1489-08-16,1500-01-01,территория,"Вятская земля (Хлынов, Слободской, Орлов, Котельнич)","взятие Хлынова 16.08.1489 войском Даниила Щени; республика ликвидирована, верхушка выведена в 1490","Атлас російського імперіалізму і колоніалізму (УІФ, 2026), розд. 5, п. 19; локально MATERIALS/common/Atlas_rosijskogo_imperializmu_i_kolonializmu_UIF_2026/atlas_text.txt; ru.wikipedia, «Вятская земля» (локально geom_1450/sources/vyatskaya_zemlya_wikipedia.html)",,"статус M; уверенность medium. Состав - среднее течение Вятки вокруг четырёх наместничеств (оценка). Юг области (Уржум, Малмыж, Вятские Поляны, Кильмезь, Лебяжье, Пижанка, Советск, Яранск, Санчурск, Тужа, Кикнур, Арбаж, Нолинск, Уни, Богородское, Фалёнки, Немский) - марийские и удмуртские земли, города там поставлены в 1580-х (Яранск, Уржум 1584); Верхнекамский, Афанасьевский, Омутнинский - удмуртско-пермское верховье Камы. Опарино - не включено (low)."
MSK15_RYAZAN_NAMESTNIKI,1456-04-01,1464-01-01,территория,Рязанское великое княжество под московскими наместниками,"весна 1456: великий князь рязанский Иван Фёдорович умер, княжество и сына поручил Василию II; сына взяли в Москву, в Рязань - московские наместники; в 6972 (осень 1463 - зима 1464) Василия Ивановича отпустили на Рязань","ПСРЛ т. 8 (Воскресенская летопись). СПб., 1859, с. 147, 151; https://archive.org/details/polnoesobranierusskihletopisejizdannoep88; Атлас російського імперіалізму і колоніалізму (УІФ, 2026), розд. 7, п. 6; локально MATERIALS/common/Atlas_rosijskogo_imperializmu_i_kolonializmu_UIF_2026/atlas_text.txt",,"РЕШЕНИЕ КУРАТОРА 29.09.2026: красить (мерило «кто держит землю»). статус V; уверенность medium. Даты - оценка по «тое же весны» 6964 и «въ лѣто 6972». Состав районов - оценка: ядро княжества по Оке, Проне, Осетру; южные степные районы (Сапожок, Сараи, Ухолово, Милославское, Ряжск) и мордовский восток (Сасово, Чучково, Путятино, Шацк) не включены."
SOLOVKI,1478-01-15,,территория,Соловецкие острова,"капитуляция Новгорода 15.01.1478: все владения республики отошли Москве, с ними Соловецкий монастырь на островах Белого моря","ПСРЛ т. 25; ПСРЛ т. 4 - как у Новгородской земли. Отдельной строкой потому, что Новгородская земля обрезана контуром 1492 г., где островов нет, и на карте они краснели только с 1918 г. (MAP-MATERIALS/BACKLOG_KARTY.md, Б6)",,
PSKOV_LAND,1510-01-13,,территория,Псковская земля,"упразднение Псковской республики 13.01.1510: вечевой колокол снят, 300 семей выведены в московские уезды","ПСРЛ т. 5 (Псковские летописи); геометрия - контур Пскова из файла источника 1500 г., не приближение",,
RYAZAN_LAND,1521-06-01,,территория,Великое княжество Рязанское,"присоединение Рязани 1521 (месяц условный): князь Иван Иванович бежал в Литву, княжество обращено в уезд","ПСРЛ т. 8; ПСРЛ т. 13; геометрия - контур Рязани из файла источника 1500 г., не приближение",,
SEVERSK_1503,1503-03-25,,территория,"Северщина: Брянск, Стародуб, Новгород-Северский, Чернигов, Путивль, Рыльск",Благовещенское перемирие 25.03.1503 на шесть лет по итогам войны 1500-1503 гг. (битва на Ведроши 14.07.1500): Литва уступила Москве северские и черниговские земли,"Сборник Русского исторического общества т. 35 (посольские книги по связям с Великим княжеством Литовским); ПСРЛ т. 8; Атлас російського імперіалізму і колоніалізму (УІФ, 2026), розд. 6 - «253 000 км²». Приближено Брянской, Черниговской и Сумской областями (~91 тыс. км²) - это МЕНЬШЕ атласной цифры: Рыльск с Курским Посемьем, Вязьма (1494) и Дорогобуж в выборку не вошли",,
SMOLENSK_LAND,1514-07-31,,территория,Смоленск и Смоленская земля,капитуляция смоленского гарнизона 31.07.1514 после третьей осады; 01.08.1514 Василий III въехал в город,"ПСРЛ т. 8; ПСРЛ т. 13; Атлас УІФ, розд. 7. Приближено современной Смоленской областью",,
INGRIA_KORELA,1600-01-01,1617-03-09,территория,Ижорская земля и Корельский уезд,"возвращены Тявзинским «вечным миром» со Швецией 18.05.1595 (Ивангород, Ям, Копорье, Корела; утрачены по Плюсскому перемирию 1583 г.). НА КАРТЕ ПОКАЗАНЫ СО СРЕЗА 1600 ГОДА, а не с 18.05.1595: своего среза на 1595 у источника нет, а базой пришлось бы ставить контур 1530 года - он не знает ни Смоленска, ни Сибири","текст Тявзинского договора 1595 г.; ПСРЛ т. 14; Атлас УІФ, розд. 12 и 17. Контур источника на 1600 г. рисует Ивангород, Корелу и Орешек ВНЕ империи - это картина 1583-1595 и 1617+ годов, для 1600 года неверная. Ижора отрезана рамкой южнее 60.2° с. ш., Корела - восточнее 29.5° в. д., чтобы шведский Выборг не попал в контур. ПОЛЕ `to`=27.02.1617 - это УТРАТА: по Столбовскому миру 27.02.1617 Швеции отошли Ижорская земля (Ивангород, Ям, Копорье, Орешек) и Корельский уезд, империя потеряла выход к Балтике - по атласу УІФ (розд. 20) больше 82 000 км². Вернулись по Ништадтскому миру 30.08.1721",,
VOLGA_KAZAN,1552-10-02,,территория,Казанское ханство,взятие Казани 02.10.1552,ПСРЛ т. 13 (Никоновская летопись),1600,
VOLGA_LOWER,1556-08-01,,территория,Астраханское ханство и Волжский путь,взятие Астрахани 1556 (месяц условный),ПСРЛ т. 13; Зайцев И.В. Астраханское ханство,1600,
BASHKIRIA,1556-08-01,,территория,Башкирские земли,принятие башкирами подданства 1554-1557 (дата условная),Материалы по истории Башкирской АССР т. 1,1600,
SIB_WEST,1587-06-01,,территория,Сибирское ханство,основание Тобольска 1587 после похода Ермака (месяц условный),Сибирские летописи; Миллер Г.Ф. История Сибири,1600,
SIB_LENA,1632-10-05,,территория,Ленский край и Восточная Сибирь,Якутский острог 25.09.1632,Миллер Г.Ф. История Сибири; ДАИ т. 2,1650,
OKHOTSK,1647-07-03,,территория,Охотское побережье,Косой острожек поставлен десятником Семёном Шелковником 23.06.1647 ст. ст. (03.07.1647 н. ст.) в трёх верстах от устья Охоты,"Миллер Г.Ф. История Сибири; отписки С. Шелковникова; Б. О. Долгих, «Родовой и племенной состав народов Сибири в XVII в.», 1960, с. 519 (ЦГАДА ф. 1177 ст. 48 л. 83); А. И. Алексеев, «Охотск - колыбель русского Тихоокеанского флота», 1958, гл. 4",1650,"дата по реестру острогов (okhotsk), 26.09.2026: прежний «месяц условный» (01.06.1647) стоял раньше основания острожка и прятал его точку"
AZOV,1696-07-29,1711-07-23,территория,Азов и устье Дона,взятие Азова 19(29).07.1696 во втором Азовском походе; возвращён Порте по Прутскому договору 12.07.1711 («отдать назадъ... разорить»),"ПСЗРИ т. IV (Прутский договор 1711); литература по взятию 1696. Разбор loop_2026-09-03/E_pravki_a.md. 1739-1774: по Белградскому миру 18.09.1739 (ПСЗРИ т. X № 7900 ст. 3) земля объявлена пустой - ни одна сторона не распоряжается, карта держит чёрное",,
MOLDOVA_LEFT,1792-01-09,,территория,Левобережье Днестра (Очаковская область за Бугом),"Ясский мир 29.12.1791: земли между Бугом и Днестром, включая левый берег Днестра до Тирасполя (заложен 1792)",ПСЗРИ т. XXIII № 17008 (Ясский трактат). ПАРНОЕ добавление к вычитанию MOLDOVA_LEFT: контур источника 1783 левобережье не держит (правило «вычел - верни»),,
AZOV,1774-07-21,,территория,Азов и Таганрог,"Кючук-Кайнарджийский мир 10(21).07.1774, ст. 20: Азов «вѣчно... принадлежать» империи; Таганрог как база Азовской флотилии - с 1769",ПСЗРИ т. XIX № 14164 (Кючук-Кайнарджийский трактат). Разбор E_pravki_a.md,,
TEREK_SHELK,1735-01-01,,территория,Гребенские городки и терско-кизлярское войско,"с постройкой Кизляра 1735 г. гребенские и терские казаки подчинены кизлярскому коменданту (терско-кизлярское казачье войско в гарнизоне); сами городки на левом берегу Терека документированы с 1614-1651 (челобитье 1623 г. о жалованье 30 атаманам и 470 казакам, документ 1651 г. о Нижнем Червлёном городке) - вольная община с присягой и жалованьем, ВОПРОС КУРАТОРУ: считать ли контролем с 1614-1651. Месяц условный","Тхамокова И.Х. 2017 (по документам Терского города); Кушева 1963, 1997; разбор loop_2026-09-03/F1_chechnya_shagi.md",,
MOZDOK,1763-07-28,,территория,Моздок,отряд прибыл к урочищу Моздок 17(28).07.1763 для основания крепости; посольству Большой Кабарды 1764 г. в прекращении стройки отказано,литература (см. F1_chechnya_shagi.md); документ (рапорт/журнал) не разыскан,,
TEREK_NAUR,1770-01-01,,территория,Станицы Моздокского казачьего полка,"в 1770 г. на Терек водворены 517 волжских и 100 донских казачьих семей: станицы Галюгаевская, Ищерская, Наурская, Мекенская, Калиновская; месяц условный",Айдамиров А. 1991 (хронология); разбор F1_chechnya_shagi.md,,
UA_LEFT,1654-01-18,,территория,Левобережная Украина,Переяславская рада 08.01.1654; закреплено Андрусовским перемирием 30.01.1667,Акты ЮЗР т. 10; ПСЗРИ т. 1 № 398,1700,
UA_SLOBODA,1656-04-07,,территория,Слободская Украина,"слободские полки — не Гетманщина: они подчинялись воеводе Белгородского разряда, а не гетману, и Переяславская рада их не касалась. Дата — указ 28 марта 1656 года об учреждении Харьковского воеводства с воеводой Воином Селифонтовым: с него на этой земле появляется управление империи. Кончилось всё манифестом 28.07.1765 (ПСЗРИ, собр. 1-е, т. XVII, № 12440), отменившим само название: «козачьяго названія быть неприлично»","ПСЗРИ, собр. 1-е, т. XVII, № 12440; MAP-MATERIALS/ukraine/04_slobozhanshchina.md",1700,
UA_KYIV,1686-05-06,,территория,Киев,Вечный мир с Речью Посполитой 06.05.1686,ПСЗРИ т. 2 № 1186,1700,
BALT_1721,1721-09-10,,территория,"Эстляндия, Лифляндия, Ингрия",Ништадтский мир 30.08.1721,ПСЗРИ т. 6 № 3819,,
KURILS_SHUMSHU,1715-01-01,1875-05-07,территория,"Шумшу, Парамушир, Атласова","регулярный ясачный сбор с айнов Шумшу и Парамушира Курильским (Большерецким) острогом: росписи Козыревского и Петриловского, приём сборов Уваровским за 1715-1718 гг. одним списком; подчинение без боя 1713 г. (Козыревский) - по литературе, поэтому взят год документа","Памятники сибирской истории XVIII века, кн. 1-2 (ясачные росписи); указ 30.04.1779, ПСЗРИ т. XX № 14867 (подтверждает идущий сбор с ближних островов). Разбор MAP-MATERIALS/loop_2026-09-03/D1_kurily.md. ДО ПРАВКИ 03.09.2026 гряда краснела с указа 1779 г., а Шумшу и Онекотан - с контура источника 1715 г.; месяц условный",,
KURILS_MIDDLE,1855-02-07,1875-05-07,территория,Онекотан - Симушир,"Симодский трактат 26.01(07.02).1855, ст. 2: граница между Итурупом и Урупом, острова севернее - российские; ДЕНЬ ПРИБЛИЖЁН К АКТУ: документа о регулярном сборе или администрации на средних островах до 1855 г. не найдено (поход Чёрного 1766-1769 дал контакт, не управление; указ 1779 г. освободил их от ясака) - ГИПОТЕЗА, на вычитку куратору",Симодский трактат 1855; разбор D1_kurily.md,,
KURILS_URUP,1795-01-01,1806-01-01,территория,Уруп: поселение Шелихова,"поселение Звездочётова (компания Шелихова) на Урупе с 1795 г., оставлено в 1806 г.; месяц условный","литература (см. D1_kurily.md); разрыв 1806-1828 - по статье о колонии на Урупе (cyberleninka, D1_kurily.md)",,
KURILS_URUP,1828-01-01,1875-05-07,территория,Уруп: контора Российско-американской компании,возобновление присутствия РАК на Урупе с 1828 г.; месяц условный,литература (см. D1_kurily.md),,
KZ_YOUNGER,1731-03-02,,территория,Младший жуз,"грамота Анны Иоанновны 19.02.1731, присяга Абулхаир-хана",Материалы по истории Казахской ССР т. 4,,
BY_EAST,1772-08-05,,территория,Первый раздел Речи Посполитой: Подвинье и Поднепровье,конвенция о разделе 25.07.1772,ПСЗРИ т. 19 № 13850,,
LATGALE,1772-08-05,,территория,Первый раздел Речи Посполитой: Латгалия,конвенция о разделе 25.07.1772,ПСЗРИ т. 19 № 13850; Латгалия отрезана рамкой по долготе 26.2° в. д.,,
BY_CENTER,1793-01-23,,территория,Второй раздел Речи Посполитой: Минщина и Поднепровье,конвенция 12.01.1793,ПСЗРИ т. 23 № 17108,,
UA_GALICIA_1914,1914-09-03,1915-06-22,территория,Оккупация восточной Галиции и Буковины,"первый заход империи за Збруч: 18 августа 1914 года вторжение в австрийскую Галицию, 3 сентября занят Львов, 5 сентября Георгий Бобринский назначен генерал-губернатором Галиции и Буковины (должность занимал до 14 июля 1915 года). Кончилось отходом после Горлицкого прорыва: 22 июня 1915 года Львов оставлен. Кампания базы C0070 описывает, что делали на занятой земле: заложники, депортации, разгром греко-католической церкви","MAP-MATERIALS/ukraine/11_zapadnaya_ukraina.md; база деколониалиста, кампания C0070",,"Правый берег под царской рукой дважды до разделов (02.09.2026):
в 1654-1667 годах по присяге полков обоих берегов и в 1704-1711 годах,
когда после разгрома Палия его занимают войска под царской рукой
Вычитание Запорожья и Буджака кончается своей датой, но контур источника
эти земли не красит: между 1775 и 1783 годами Запорожье и после 1812-го
Буджак оставались чёрными. Дыру поймал check_expansion.py (02.09.2026)"
UA_KIROVOHRAD_STEPPE,1752-01-01,,территория,Новая Сербия,"определение Сената и Военной коллегии о поселении сербов «въ Заднепрскихъ мѣстахъ» с границами по рекам: «начавъ отъ устья рѣки Каварлыка прямою линіею до верховья рѣки Тура, а съ верховья рѣки Тура на устье рѣки Каменки, отъ устья рѣки Каменки на верховье рѣки Березовки, отъ верховья рѣки Березовки на вершину рѣки Амелника». Живших там людей велено «выслать въ прежнія ихъ мѣста; понеже они поселились собою, безъ указа», а строения продать приезжим. Дата условная: год поселения, дня нет. Геометрия приближена районами — речной сети в наших слоях нет","ПСЗРИ, собр. 1-е, т. XIII",,
UA_ZAPOROZHYE,1775-06-15,,территория,Земли Войска Запорожского,"военное занятие Сечи 4 мая 1775 года; манифест 3 августа того же года (ПСЗРИ, собр. 1-е, т. XX, № 14354) причислил земли «по способности къ Новороссійской Губерніи»","ПСЗРИ, собр. 1-е, т. XX, № 14354",,
UA_BUDJAK,1812-05-28,,территория,Буджак,"Бухарестский мир 16 (28) мая 1812 года: юг Бессарабии с Измаилом, Килией и Аккерманом","Бухарестский мирный договор 1812 года; том XXXII свода на диске отсутствует, акт подлежит сверке",,
UA_KYIV_RIGHT,1654-01-18,1667-02-09,территория,Правобережные полки Войска Запорожского,"присягу в Переяславе принесли полки обоих берегов, столица гетмана Чигирин стоит на правом; что присяга была, доказывает Андрусовское перемирие 1667 года, где царь освобождает правобережных казаков «отъ присяги, себѣ на подданство учиненной»","ПСЗРИ, собр. 1-е, т. I (Андрусово); письмо Хмельницкого из Чигирина 21.03.1654",,
UA_KYIV_RIGHT,1704-01-01,1711-07-23,территория,Правобережье под царской рукой,"после разгрома Палия правый берег занимают войска гетмана под царской рукой; союзный договор 1704 года обязывает царя, что «Палей добрымъ ли или худымъ способомъ принужденъ будетъ крѣпости и города, взятыя во время бывшихъ [смут, возвратить]». Кончается Прутским договором 12.07.1711: «Въ Польскія дела съ обѣихъ сторонъ не мѣшаться, такожъ и ихъ подданныхъ ни чемъ присвоить, ни ихъ, ни земель ихъ»","ПСЗРИ, собр. 1-е, т. IV",,
UA_VOLHYNIA_EAST,1793-01-23,,территория,Второй раздел Речи Посполитой: восточная Волынь,"по второму разделу империя получила восточную половину Волынского воеводства, и уже 5 июля 1795 года, ДО третьего раздела, учреждена Волынская губерния «первая изъ 13, а послѣдняя изъ 12 уѣздовъ» (ПСЗРИ, собр. 1-е, т. XXIII, № 17352). Черта трактата 1793 года шла от Пинска «чрезъ Куневъ между Вышгрода и Новогробли близь границы Галлиціи» (№ 17141). ПОПРАВКА 22.09.2026: прежняя заметка ставила Ровно и Дубно восточнее черты - это не так, оба западнее и вошли третьим разделом; их режет вычитание RP_1793 по контуру OpenHistoricalMap","ПСЗРИ, собр. 1-е, т. XXIII, № 17108 и № 17352",,
UA_RIGHT,1793-01-23,,территория,Второй раздел Речи Посполитой: Правобережная Украина,конвенция 12.01.1793,ПСЗРИ т. 23 № 17108,,
BIALYSTOK,1807-07-09,,территория,Белостокская область,"Тильзитский мир 7 июля (25 июня) 1807 года: империя получает от Пруссии Белостокскую область. До этого, с третьего раздела 1795 года, Белосток был прусским, а контур источника красит его уже с 1800-го. Геометрия приближена Подляским воеводством целиком: сама Белостокская область была меньше, но резать воеводство прямой линией — то же, от чего мы уходим",Тильзитский мирный договор 1807 года,,
BY_WEST,1795-10-24,,территория,Третий раздел Речи Посполитой: Гродненщина и Берестейщина,конвенция 13.10.1795,ПСЗРИ т. 23 № 17417,,
LITHUANIA,1795-10-24,,территория,Третий раздел Речи Посполитой: Литва,конвенция 13.10.1795,ПСЗРИ т. 23 № 17417; Занеманье (Сувалкия) вошло только в 1815 - приближение современной Литвой это упрощает,,
COURLAND,1795-10-24,,территория,Третий раздел Речи Посполитой: Курляндия,конвенция 13.10.1795; акт герцога Петра Бирона 28.03.1795,ПСЗРИ т. 23 № 17319; Курляндия отрезана рамкой по долготе 24° в. д.,,
UA_VOLHYNIA,1795-10-24,,территория,Третий раздел Речи Посполитой: Западная Волынь,конвенция 13.10.1795,ПСЗРИ т. 23 № 17417,,
ALASKA,1799-07-19,1867-10-18,территория,Русская Америка,привилегии Российско-Американской компании 08.07.1799,ПСЗРИ т. 25 № 19030; геометрия - западное полушарие среза источника 1815 г. (не приближение),,
ALEUTIANS,1799-07-19,1867-10-18,территория,Алеутские острова и острова Прибылова,привилегии Российско-Американской компании 08.07.1799: острова в её управлении; продажа 1867 г.,ПСЗРИ т. 25 № 19030,,"контур источника 1815 г. островов не несёт; контроль промышленников и ясак с Алеут - с 1740-1760-х, начало окна раньше 1799 - розыск. 29.09.2026"
GEO_EAST,1801-09-24,,территория,Картли-Кахети (Восточная Грузия),манифест Александра I 12.09.1801 об упразднении царства,ПСЗРИ т. 26 № 20007; Георгиевский трактат 1783,,
FINLAND,1809-09-17,,территория,Великое княжество Финляндское,Фридрихсгамский мир 05.09.1809,ПСЗРИ т. 30 № 23883; Боргоский сейм 1809,,
MOLDOVA,1812-05-28,,территория,Бессарабия,Бухарестский мир 16.05.1812,"ПСЗРИ т. 32 № 25110; приближена современной Молдовой, включая Приднестровье (российское с 1792) - историческая Бессарабия только между Прутом и Днестром",,
AZ_GANJA,1804-01-15,,территория,Гянджинское ханство,"штурм Гянджи в ночь на 03.01.1804; ханство упразднено, город переименован в Елисаветполь",АКАК т. 2 (рапорты кн. Цицианова о взятии Гянджи),,"ХАНСТВА ПО ОДНОМУ, А НЕ РАЗОМ ПО ГЮЛИСТАНУ (правка 01.09.2026).
Гюлистанский мир 12.10.1813 закрепил то, что империя забрала за девять
лет до него. Даты - по фактическому взятию: штурм, трактат с ханом или
занятие войсками. Где день по нашим источникам не установлен, стоит
1 января и это сказано прямо в акте."
AZ_KARABAKH,1805-05-26,,территория,Карабахское ханство,Кюрекчайский трактат с Ибрагим-ханом 14.05.1805 о вступлении в подданство,АКАК т. 2 № 1436 (всеподданнейший рапорт кн. Цицианова 22.05.1805 о заключении трактата на р. Курак-чай),,
AZ_SHEKI,1805-06-02,,территория,Шекинское ханство,трактат с Селим-ханом Шекинским 21.05.1805 «о вступлении со всем его владением в вечное подданство»,АКАК т. 2 (переписка кн. Цицианова с Селим-ханом),,
AZ_SHIRVAN,1806-01-06,,территория,Ширванское ханство,трактат с Мустафа-ханом Ширванским 25.12.1805,"АКАК т. 2 (переговоры кн. Цицианова с Мустафа-ханом, октябрь-декабрь 1805)",,
AZ_BAKU,1806-10-15,,территория,Бакинское ханство,занятие Баку войсками генерала Булгакова 03.10.1806; ханство упразднено,АКАК т. 3 (донесения о занятии Баку),,
AZ_QUBA,1806-01-01,,территория,Кубинское ханство,"занято в 1806 году в ходе похода на прикаспийские ханства; ДЕНЬ ПО НАШИМ ИСТОЧНИКАМ НЕ УСТАНОВЛЕН, стоит 1 января",АКАК т. 3,,
RP_P1,1772-08-05,,территория,Первый раздел Речи Посполитой: земли по контуру OHM,"конвенция о разделе 25.07.1772; земли, которые контур OpenHistoricalMap 1667-1773 держит, а 1773-1793 - уже нет","ПСЗРИ т. 19 № 13850; OpenHistoricalMap, relations 2692682 и 2692511",,
RP92_P2_SOUTH,1792-05-18,1793-01-23,оккупация,Речь Посполитая: юг Брацлавского воеводства,"армия Каховского перешла Днестр у Могилёва и Сорок в ночь на 07/08.05.1792, ольвиопольский корпус Дерфельдена - в те же дни","СИРИО т. 47 («Дела Польши 1792 года»); T. Korzon, «Kościuszko» (1906); «А. В. Суворов. Документы», т. III (1952); розыск MAP-MATERIALS/peresmotr_resheniy_2026-09-18/rozysk/b7_rp_1792-1795_dni_2026-09-22.md",,"Речь Посполитая 1792-1796 (пачка 7, 22.09.2026): оккупация по дням
документов. Земли второго раздела - до конвенции 12.01.1793 (дальше RP_P2),
остаток - до восстания 1794 года и с возврата до третьего раздела 13.10.1795
(дальше RP_P3) или до ухода войск 29.12.1795"
RP92_P2_KIEV,1792-05-22,1793-01-23,оккупация,Речь Посполитая: Киевское воеводство (правобережье),васильковский корпус Леванидова перешёл границу 11.05.1792,"СИРИО т. 47 («Дела Польши 1792 года»); T. Korzon, «Kościuszko» (1906); «А. В. Суворов. Документы», т. III (1952); розыск MAP-MATERIALS/peresmotr_resheniy_2026-09-18/rozysk/b7_rp_1792-1795_dni_2026-09-22.md",,
RP92_P2_VITEBSK,1792-05-22,1793-01-23,оккупация,Речь Посполитая: Полоцкое воеводство,армия Кречетникова вступила в Великое княжество Литовское 11.05.1792 - корпуса от Полоцка и Динабурга,"СИРИО т. 47 («Дела Польши 1792 года»); T. Korzon, «Kościuszko» (1906); «А. В. Суворов. Документы», т. III (1952); розыск MAP-MATERIALS/peresmotr_resheniy_2026-09-18/rozysk/b7_rp_1792-1795_dni_2026-09-22.md",,
RP92_P2_GOMEL_MOGILEV,1792-05-23,1793-01-23,оккупация,Речь Посполитая: восток Минского воеводства,авангард рогачёвского корпуса (Кнорринг) перешёл границу 12.05.1792,"СИРИО т. 47 («Дела Польши 1792 года»); T. Korzon, «Kościuszko» (1906); «А. В. Суворов. Документы», т. III (1952); розыск MAP-MATERIALS/peresmotr_resheniy_2026-09-18/rozysk/b7_rp_1792-1795_dni_2026-09-22.md",,
RP92_P2_VINNYTSIA,1792-05-31,1793-01-23,оккупация,Речь Посполитая: Брацлавское воеводство (Винница),корпус Кутузова и генерал-майор Морков вступили в Винницу 20.05.1792; ставка Каховского «при местечке Винницы»,"СИРИО т. 47 («Дела Польши 1792 года»); T. Korzon, «Kościuszko» (1906); «А. В. Суворов. Документы», т. III (1952); розыск MAP-MATERIALS/peresmotr_resheniy_2026-09-18/rozysk/b7_rp_1792-1795_dni_2026-09-22.md",,
RP92_P2_MINSK,1792-06-03,1793-01-23,оккупация,Речь Посполитая: Минское воеводство,"«городъ Минскъ ... занятъ безъ всякой потери» - донесение Кречетникова, 23.05.1792","СИРИО т. 47 («Дела Польши 1792 года»); T. Korzon, «Kościuszko» (1906); «А. В. Суворов. Документы», т. III (1952); розыск MAP-MATERIALS/peresmotr_resheniy_2026-09-18/rozysk/b7_rp_1792-1795_dni_2026-09-22.md",,
RP92_P2_ZHYTOMYR,1792-06-07,1793-01-23,оккупация,Речь Посполитая: Киевское воеводство (Житомир),отряд корпуса Леванидова в Житомире не позднее 27.05.1792,"СИРИО т. 47 («Дела Польши 1792 года»); T. Korzon, «Kościuszko» (1906); «А. В. Суворов. Документы», т. III (1952); розыск MAP-MATERIALS/peresmotr_resheniy_2026-09-18/rozysk/b7_rp_1792-1795_dni_2026-09-22.md",,
RP92_P2_KHMELNYTSKYI,1792-06-17,1793-01-23,оккупация,Речь Посполитая: Подолия и восточная Волынь,"корпуса Дунина и Леванидова заняли укрепление Полонное 06.06.1792, Каховский в Заславе 09.06 (Каменец-Подольский держал польский гарнизон до 21.04.1793)","СИРИО т. 47 («Дела Польши 1792 года»); T. Korzon, «Kościuszko» (1906); «А. В. Суворов. Документы», т. III (1952); розыск MAP-MATERIALS/peresmotr_resheniy_2026-09-18/rozysk/b7_rp_1792-1795_dni_2026-09-22.md",,
RP92_WILNO,1792-06-14,1794-04-22,оккупация,Речь Посполитая: Виленское воеводство,генерал-майор Денисов занял Вильну 03.06.1792; гарнизон Арсеньева взят в плен восставшими Ясинского в ночь на 11/12.04.1794,"СИРИО т. 47 («Дела Польши 1792 года»); T. Korzon, «Kościuszko» (1906); «А. В. Суворов. Документы», т. III (1952); розыск MAP-MATERIALS/peresmotr_resheniy_2026-09-18/rozysk/b7_rp_1792-1795_dni_2026-09-22.md",,
RP92_WILNO,1794-08-12,1795-10-24,оккупация,Речь Посполитая: Виленское воеводство,Вильна взята штурмом войск Кнорринга 01.08.1794; дальше - третий раздел,"СИРИО т. 47 («Дела Польши 1792 года»); T. Korzon, «Kościuszko» (1906); «А. В. Суворов. Документы», т. III (1952); розыск MAP-MATERIALS/peresmotr_resheniy_2026-09-18/rozysk/b7_rp_1792-1795_dni_2026-09-22.md",,
RP92_TROKI_LT,1792-06-20,1794-05-02,оккупация,Речь Посполитая: Трокское воеводство (Ковно),отряд Хрущова занял Ковно 09.06.1792 с приказом оставить гарнизон; команду Герцберга Цицианов стянул к Гродно не позднее 21.04.1794,"СИРИО т. 47 («Дела Польши 1792 года»); T. Korzon, «Kościuszko» (1906); «А. В. Суворов. Документы», т. III (1952); розыск MAP-MATERIALS/peresmotr_resheniy_2026-09-18/rozysk/b7_rp_1792-1795_dni_2026-09-22.md",,
RP92_TROKI_LT,1794-09-11,1795-10-24,оккупация,Речь Посполитая: Трокское воеводство (Ковно),Ковно снова под российскими войсками не позднее 31.08.1794,"СИРИО т. 47 («Дела Польши 1792 года»); T. Korzon, «Kościuszko» (1906); «А. В. Суворов. Документы», т. III (1952); розыск MAP-MATERIALS/peresmotr_resheniy_2026-09-18/rozysk/b7_rp_1792-1795_dni_2026-09-22.md",,
RP92_TROKI_BY,1792-07-06,1794-05-10,оккупация,Речь Посполитая: Трокское воеводство (Гродно),"авангард полковника Толстого занял Гродно 25.06.1792; колонна Цицианова ушла из-под Гродно около 29.04.1794, 08.05 - акт восстания в городе","СИРИО т. 47 («Дела Польши 1792 года»); T. Korzon, «Kościuszko» (1906); «А. В. Суворов. Документы», т. III (1952); розыск MAP-MATERIALS/peresmotr_resheniy_2026-09-18/rozysk/b7_rp_1792-1795_dni_2026-09-22.md",,
RP92_TROKI_BY,1794-11-17,1795-10-24,оккупация,Речь Посполитая: Трокское воеводство (Гродно),Гродно - ставка Репнина не позднее 06.11.1794 (повстанцы ушли в конце сентября),"СИРИО т. 47 («Дела Польши 1792 года»); T. Korzon, «Kościuszko» (1906); «А. В. Суворов. Документы», т. III (1952); розыск MAP-MATERIALS/peresmotr_resheniy_2026-09-18/rozysk/b7_rp_1792-1795_dni_2026-09-22.md",,
RP92_TROKI_PL,1792-08-07,1794-05-02,оккупация,"Речь Посполитая: Трокское воеводство (Сувалки, Сейны)",по росписи 27.07.1792 войска Долгорукова стоят в Трокском воеводстве; ковенскую команду Цицианов стянул к Гродно не позднее 21.04.1794; возврат - дня нет,"СИРИО т. 47 («Дела Польши 1792 года»); T. Korzon, «Kościuszko» (1906); «А. В. Суворов. Документы», т. III (1952); розыск MAP-MATERIALS/peresmotr_resheniy_2026-09-18/rozysk/b7_rp_1792-1795_dni_2026-09-22.md",,
RP92_ZMUDZ,1792-08-07,1794-04-16,оккупация,Речь Посполитая: Жмудь,по росписи 27.07.1792 войска Долгорукова стоят в Жмуди; 05.04.1794 генералы в Шавлях присягнули акту восстания,"СИРИО т. 47 («Дела Польши 1792 года»); T. Korzon, «Kościuszko» (1906); «А. В. Суворов. Документы», т. III (1952); розыск MAP-MATERIALS/peresmotr_resheniy_2026-09-18/rozysk/b7_rp_1792-1795_dni_2026-09-22.md",,
RP92_ZMUDZ,1794-09-12,1795-10-24,оккупация,Речь Посполитая: Жмудь,«Cała Żmudź w ręku Moskwy» - донесение Ясинского 12.09.1794 н. ст.,"СИРИО т. 47 («Дела Польши 1792 года»); T. Korzon, «Kościuszko» (1906); «А. В. Суворов. Документы», т. III (1952); розыск MAP-MATERIALS/peresmotr_resheniy_2026-09-18/rozysk/b7_rp_1792-1795_dni_2026-09-22.md",,
RP92_NOWOGRODEK,1792-06-16,1794-05-02,оккупация,Речь Посполитая: Новогрудское воеводство,корпус Меллина вошёл в Новогрудок 05.06.1792; команды Слонима и Новогрудка стянуты к Гродно не позднее 21.04.1794,"СИРИО т. 47 («Дела Польши 1792 года»); T. Korzon, «Kościuszko» (1906); «А. В. Суворов. Документы», т. III (1952); розыск MAP-MATERIALS/peresmotr_resheniy_2026-09-18/rozysk/b7_rp_1792-1795_dni_2026-09-22.md",,
RP92_NOWOGRODEK,1794-07-31,1795-10-24,оккупация,Речь Посполитая: Новогрудское воеводство,Слоним снова под российскими войсками не позднее 20.07.1794 (отряд Ласси),"СИРИО т. 47 («Дела Польши 1792 года»); T. Korzon, «Kościuszko» (1906); «А. В. Суворов. Документы», т. III (1952); розыск MAP-MATERIALS/peresmotr_resheniy_2026-09-18/rozysk/b7_rp_1792-1795_dni_2026-09-22.md",,
RP92_BRZESC,1792-07-23,1794-05-04,оккупация,Речь Посполитая: Брестское воеводство,корпус Ферзена взял Брест 12.07.1792 после боя в окопах и на улицах; российский отряд бежал из Бреста в Пинск 23.04.1794,"СИРИО т. 47 («Дела Польши 1792 года»); T. Korzon, «Kościuszko» (1906); «А. В. Суворов. Документы», т. III (1952); розыск MAP-MATERIALS/peresmotr_resheniy_2026-09-18/rozysk/b7_rp_1792-1795_dni_2026-09-22.md",,
RP92_BRZESC,1794-09-19,1795-10-24,оккупация,Речь Посполитая: Брестское воеводство,Суворов разбил корпус Сераковского у Бреста 08.09.1794,"СИРИО т. 47 («Дела Польши 1792 года»); T. Korzon, «Kościuszko» (1906); «А. В. Суворов. Документы», т. III (1952); розыск MAP-MATERIALS/peresmotr_resheniy_2026-09-18/rozysk/b7_rp_1792-1795_dni_2026-09-22.md",,
RP92_WOLYN_RIVNE,1792-06-27,1794-04-06,оккупация,"Речь Посполитая: Волынь (Острог, Дубно, Ровно)","Острог занят 16.06.1792, Дубно 21.06; «луцкий» корпус Денисова стоял на Волыни до марта 1794 года (26.03 его отряд уже под Скальмежем)","СИРИО т. 47 («Дела Польши 1792 года»); T. Korzon, «Kościuszko» (1906); «А. В. Суворов. Документы», т. III (1952); розыск MAP-MATERIALS/peresmotr_resheniy_2026-09-18/rozysk/b7_rp_1792-1795_dni_2026-09-22.md",,
RP92_WOLYN_VOLYN,1792-07-07,1794-04-06,оккупация,"Речь Посполитая: Волынь (Луцк, Владимир, Ковель)","полковник Салтыков выбил поляков из Владимира 26.06.1792, Волынская конфедерация в Луцке под защитой армии 28.06; «луцкий» корпус Денисова - до марта 1794 года","СИРИО т. 47 («Дела Польши 1792 года»); T. Korzon, «Kościuszko» (1906); «А. В. Суворов. Документы», т. III (1952); розыск MAP-MATERIALS/peresmotr_resheniy_2026-09-18/rozysk/b7_rp_1792-1795_dni_2026-09-22.md",,
RP92_LUBLIN,1792-07-25,1794-04-06,оккупация,Речь Посполитая: Люблинское воеводство и Хелмская земля,"войска Каховского вошли в Люблин 14.07.1792; российские отряды в Люблине в мае 1793 (Милашевич) и в марте 1794 (Рахманов), гусары Волкова в Хелме в мае 1793; люблинский гарнизон разогнан Гроховским 26.03.1794","СИРИО т. 47 («Дела Польши 1792 года»); T. Korzon, «Kościuszko» (1906); «А. В. Суворов. Документы», т. III (1952); розыск MAP-MATERIALS/peresmotr_resheniy_2026-09-18/rozysk/b7_rp_1792-1795_dni_2026-09-22.md",,
RP92_WARSZAWA,1792-08-16,1794-04-17,оккупация,Речь Посполитая: Варшава,"армия Каховского встала лагерем у Варшавы 05.08.1792, в замке российские караулы с 08.08, с конца октября - постой в самом городе; восстание 06/07.04.1794","СИРИО т. 47 («Дела Польши 1792 года»); T. Korzon, «Kościuszko» (1906); «А. В. Суворов. Документы», т. III (1952); розыск MAP-MATERIALS/peresmotr_resheniy_2026-09-18/rozysk/b7_rp_1792-1795_dni_2026-09-22.md",,
RP92_WARSZAWA,1794-11-09,1796-01-09,оккупация,Речь Посполитая: Варшава,войска вошли в Варшаву 29.10.1794 после штурма Праги; пруссаки заняли город 29.12.1795 (09.01.1796 н. ст.),"СИРИО т. 47 («Дела Польши 1792 года»); T. Korzon, «Kościuszko» (1906); «А. В. Суворов. Документы», т. III (1952); розыск MAP-MATERIALS/peresmotr_resheniy_2026-09-18/rozysk/b7_rp_1792-1795_dni_2026-09-22.md",,
RP92_KRAKOW,1792-09-11,1794-03-23,оккупация,Речь Посполитая: Краков,Краков под российскими войсками не позднее 31.08.1792 (присоединение к Тарговице после занятия города); гарнизон Лыкошина ушёл в ночь на 12.03.1794,"СИРИО т. 47 («Дела Польши 1792 года»); T. Korzon, «Kościuszko» (1906); «А. В. Суворов. Документы», т. III (1952); розыск MAP-MATERIALS/peresmotr_resheniy_2026-09-18/rozysk/b7_rp_1792-1795_dni_2026-09-22.md",,
RP92_STREFA,1794-12-02,1796-01-09,оккупация,Речь Посполитая: зона российских войск после восстания,"рескрипт Екатерины II 21.11.1794: квартиры по Висле от устья Вепржа до устья Нарева, по Нареву и Бугу до Литвы; кордон от Влодавы по Вепржу; уход - одновременно с Варшавой (пруссаки в Варшаве 29.12.1795)","СИРИО т. 47 («Дела Польши 1792 года»); T. Korzon, «Kościuszko» (1906); «А. В. Суворов. Документы», т. III (1952); розыск MAP-MATERIALS/peresmotr_resheniy_2026-09-18/rozysk/b7_rp_1792-1795_dni_2026-09-22.md",,
OCC8_FI13_EAST,1713-05-25,1721-11-02,оккупация,Финляндия: юг и восток (Великое лихолетье),высадка корпуса Апраксина у Борго 14.05.1713; Гельсингфорс занят окончательно 15.07.1713,ПСЗРИ; «Походный журнал» 1713-1714; Тенгберг; Rambaud; розыск MAP-MATERIALS/peresmotr_resheniy_2026-09-18/rozysk/b8_finlyandiya_prussiya_2026-09-22.md,,"Финляндия 1713-1721 и 1742-1743, Восточная Пруссия 1757-1762, Кольберг
1761-1762 (пачка 8, 22.09.2026): оккупация по дням документов"
OCC8_FI13_HAME,1713-10-09,1721-11-02,оккупация,Финляндия: Хяме (Великое лихолетье),армия Апраксина пришла к Тавастгусу 28.09.1713 и нашла город оставленным,ПСЗРИ; «Походный журнал» 1713-1714; Тенгберг; Rambaud; розыск MAP-MATERIALS/peresmotr_resheniy_2026-09-18/rozysk/b8_finlyandiya_prussiya_2026-09-22.md,,
OCC8_FI13_PIRKANMAA,1713-10-17,1721-11-02,оккупация,Финляндия: Пирканмаа (Великое лихолетье),бой при Пялькяне 06.10.1713: корпус Апраксина разбил Армфельта,ПСЗРИ; «Походный журнал» 1713-1714; Тенгберг; Rambaud; розыск MAP-MATERIALS/peresmotr_resheniy_2026-09-18/rozysk/b8_finlyandiya_prussiya_2026-09-22.md,,
OCC8_FI13_TURKU,1714-02-12,1721-11-02,оккупация,Финляндия: Або и Бьёрнеборг (Великое лихолетье),пехота Брюса пришла из Бьёрнеборга в Або на квартиры 01.02.1714; с 1717 года краем правил генерал-губернатор Дуглас,ПСЗРИ; «Походный журнал» 1713-1714; Тенгберг; Rambaud; розыск MAP-MATERIALS/peresmotr_resheniy_2026-09-18/rozysk/b8_finlyandiya_prussiya_2026-09-22.md,,
OCC8_FI13_SAVO,1714-08-09,1721-11-02,оккупация,Финляндия: Саво (Великое лихолетье),крепость Нейшлот сдалась отряду полковника Шувалова 29.07.1714,ПСЗРИ; «Походный журнал» 1713-1714; Тенгберг; Rambaud; розыск MAP-MATERIALS/peresmotr_resheniy_2026-09-18/rozysk/b8_finlyandiya_prussiya_2026-09-22.md,,
OCC8_FI13_ALAND,1714-08-19,1721-11-02,оккупация,Финляндия: Аланд (Великое лихолетье),галерный флот Апраксина вступил на Аланд без сопротивления 08.08.1714,ПСЗРИ; «Походный журнал» 1713-1714; Тенгберг; Rambaud; розыск MAP-MATERIALS/peresmotr_resheniy_2026-09-18/rozysk/b8_finlyandiya_prussiya_2026-09-22.md,,
OCC8_FI13_POHJANMAA,1714-09-27,1721-11-02,оккупация,Финляндия: Остроботния (Великое лихолетье),"отряд Брюса пришёл в Вазу 16.09.1714, в Гамлакарлебю 24.09",ПСЗРИ; «Походный журнал» 1713-1714; Тенгберг; Rambaud; розыск MAP-MATERIALS/peresmotr_resheniy_2026-09-18/rozysk/b8_finlyandiya_prussiya_2026-09-22.md,,
OCC8_FI42_EAST,1742-07-09,1743-10-05,оккупация,Финляндия: Кюменлааксо и Южная Карелия (Малое лихолетье),"шведы оставили Фридрихсгам 28.06.1742, армия Ласси вошла в крепость",ПСЗРИ; «Походный журнал» 1713-1714; Тенгберг; Rambaud; розыск MAP-MATERIALS/peresmotr_resheniy_2026-09-18/rozysk/b8_finlyandiya_prussiya_2026-09-22.md,,
OCC8_FI42_UUSIMAA,1742-08-10,1743-10-05,оккупация,Финляндия: Уусимаа (Малое лихолетье),армия Ласси заняла Борго 30.07.1742; капитуляция шведской армии у Гельсингфорса 24.08,ПСЗРИ; «Походный журнал» 1713-1714; Тенгберг; Rambaud; розыск MAP-MATERIALS/peresmotr_resheniy_2026-09-18/rozysk/b8_finlyandiya_prussiya_2026-09-22.md,,
OCC8_FI42_SAVO,1742-08-18,1743-10-05,оккупация,Финляндия: Саво (Малое лихолетье),Нейшлот сдался отряду полковника Мещерского 07.08.1742,ПСЗРИ; «Походный журнал» 1713-1714; Тенгберг; Rambaud; розыск MAP-MATERIALS/peresmotr_resheniy_2026-09-18/rozysk/b8_finlyandiya_prussiya_2026-09-22.md,,
OCC8_FI42_HAME,1742-09-06,1743-10-05,оккупация,Финляндия: Хяме (Малое лихолетье),сдача замка Тавастгус 26.08.1742,ПСЗРИ; «Походный журнал» 1713-1714; Тенгберг; Rambaud; розыск MAP-MATERIALS/peresmotr_resheniy_2026-09-18/rozysk/b8_finlyandiya_prussiya_2026-09-22.md,,
OCC8_FI42_TURKU,1742-09-18,1743-10-05,оккупация,"Финляндия: Або, Бьёрнеборг, Пирканмаа (Малое лихолетье)","генерал-аншеф Кейт прибыл в Або и возглавил управление 07.09.1742; гражданское управление Кампенгаузена - с 09.01.1743, жители присягали",ПСЗРИ; «Походный журнал» 1713-1714; Тенгберг; Rambaud; розыск MAP-MATERIALS/peresmotr_resheniy_2026-09-18/rozysk/b8_finlyandiya_prussiya_2026-09-22.md,,
OCC8_FI42_NORTH,1742-10-05,1743-10-05,оккупация,Финляндия: Остроботния и север до реки Кеми (Малое лихолетье),комендант Каянеборга сдал ключи 24.09.1742 - к этому дню занята вся страна до реки Кеми,ПСЗРИ; «Походный журнал» 1713-1714; Тенгберг; Rambaud; розыск MAP-MATERIALS/peresmotr_resheniy_2026-09-18/rozysk/b8_finlyandiya_prussiya_2026-09-22.md,,
OCC8_FI43_CESSION,1743-08-18,,территория,Кюменегорд и Нейшлот (Абоский мир),"Абоский мир 07.08.1743: Швеция уступает «Провинцию Кюменегоръ, съ находящимися въ оной городами и крепостями Фридрихсгамъ и Вильмансграндъ» и «городъ и крепость Нейшлотъ съ дистриктомъ»; землю держали с лета 1742 года (окна Малого лихолетья)",ПСЗРИ т. XI № 8766; OpenHistoricalMap relations 2809443 и 2851880; OSM 2673137 (Савонлинна),,
OCC8_MEMEL,1757-07-06,1762-08-06,оккупация,Восточная Пруссия: Мемель,"крепость Мемель капитулировала 25.06.1757, 27.06 - присяга жителей; гарнизон держался до конца оккупации",ПСЗРИ; «Походный журнал» 1713-1714; Тенгберг; Rambaud; розыск MAP-MATERIALS/peresmotr_resheniy_2026-09-18/rozysk/b8_finlyandiya_prussiya_2026-09-22.md,,
OCC8_PRUSSIA,1758-01-22,1762-08-06,оккупация,Восточная Пруссия,"русские войска вступили в Кёнигсберг 11.01.1758, 13.01 - присяга Елизавете; генерал-губернаторы Фермор, Корф, В. И. Суворов, Панин, Воейков; власть сдана 26.07.1762",ПСЗРИ; «Походный журнал» 1713-1714; Тенгберг; Rambaud; розыск MAP-MATERIALS/peresmotr_resheniy_2026-09-18/rozysk/b8_finlyandiya_prussiya_2026-09-22.md,,
OCC8_KOLBERG,1761-12-16,1762-08-06,оккупация,Кольберг,"комендант Хейде подписал капитуляцию корпусу Румянцева 05.12.1761, бюргерство присягнуло; последние русские ушли 26.07.1762",ПСЗРИ; «Походный журнал» 1713-1714; Тенгберг; Rambaud; розыск MAP-MATERIALS/peresmotr_resheniy_2026-09-18/rozysk/b8_finlyandiya_prussiya_2026-09-22.md,,
OCC9_ILI,1871-07-04,1882-03-22,оккупация,Илийский край (Кульджа),"отряд Колпаковского вошёл в Кульджу 22.06.1871, край управлялся напрямую: военный губернатор Семиреченской области, четыре участка с офицерами-начальниками; передан Китаю протоколом 10.03.1882","ПСЗ-2, ПСЗ-3; сборники договоров России с Китаем; розыск MAP-MATERIALS/peresmotr_resheniy_2026-09-18/rozysk/b8_manchzhuriya_ili_2026-09-22.md",,"Илийский край 1871-1882, Квантунская область 1898-1904 (пачка 9, 22.09.2026)"
OCC9_KWANTUNG_REST,1898-03-28,1904-05-27,оккупация,Квантунская область,флаг поднят на Золотой горе и в Талиенване 16.03.1898; по ст. IV конвенции 15.03.1898 вся военная власть и высшее гражданское управление - у России; Дальний оставлен в ночь на 14.05.1904,"ПСЗ-2, ПСЗ-3; сборники договоров России с Китаем; розыск MAP-MATERIALS/peresmotr_resheniy_2026-09-18/rozysk/b8_manchzhuriya_ili_2026-09-22.md",,
OCC9_KWANTUNG_LUSHUN,1898-03-28,1905-01-02,оккупация,Порт-Артур с крепостным районом,флаг на Золотой горе 16.03.1898; капитуляция Порт-Артура 20.12.1904,"ПСЗ-2, ПСЗ-3; сборники договоров России с Китаем; розыск MAP-MATERIALS/peresmotr_resheniy_2026-09-18/rozysk/b8_manchzhuriya_ili_2026-09-22.md",,
OCC11_MANCH_HULUNBUIR,1900-08-03,1907-04-15,оккупация,Маньчжурия: Хулун-Буир (1900-1907),"отряд Орлова занял станцию Далайнор 12 (25) июля 1900, Хайлар - 21 июля (3 августа) 1900; Хулун-Буир подчинялся цзянцзюню Хэйлунцзяна; по Сыпингайскому протоколу 17 (30) октября 1905 вывод войск - к 2 (15) апреля 1907","Орлов Н. А., «Забайкальцы в Манчжурии в 1900 г.» (1901); zh.wikipedia «呼伦贝尔副都统»; Сыпингайский протокол (Carnegie 1921, № 12); розыск MAP-MATERIALS/peresmotr_resheniy_2026-09-18/rozysk/b8_manchzhuriya_ili_2026-09-22.md; розыск WORKFILES/kb-steps/manchuria_1900/sources.md",,"Маньчжурия 1900-1907: оккупация по дням документов, единицы - нынешние округа КНР (пачка 11, 30.09.2026)"
OCC11_MANCH_AIGUN,1900-08-05,1907-04-15,оккупация,Маньчжурия: Айгунь и Сахалян (1900-1907),"десант занял Сахалян 20 июля (2 августа) 1900, Айгунь - 23 июля (5 августа) 1900; с 30 июля (12 августа) оба города под русским военным управлением; вывод войск - к 2 (15) апреля 1907","ru.wikipedia «Бои на Амуре (1900)»; zh.wikipedia «庚子俄难»; Сыпингайский протокол (Carnegie 1921, № 12); розыск MAP-MATERIALS/peresmotr_resheniy_2026-09-18/rozysk/b8_manchzhuriya_ili_2026-09-22.md; розыск WORKFILES/kb-steps/manchuria_1900/sources.md",,
OCC11_MANCH_MERGEN,1900-08-17,1907-04-15,оккупация,Маньчжурия: Мэргэнь (1900-1907),отряд Ренненкампфа взял Мэргэнь 4 (17) августа 1900; вывод войск - к 2 (15) апреля 1907,"ru.wikipedia «Разгром ихэтуаней в Северной и Центральной Маньчжурии» (по «Истории русской армии и флота», т. XIII); Сыпингайский протокол (Carnegie 1921, № 12); розыск MAP-MATERIALS/peresmotr_resheniy_2026-09-18/rozysk/b8_manchzhuriya_ili_2026-09-22.md; розыск WORKFILES/kb-steps/manchuria_1900/sources.md",,
OCC11_MANCH_QIQIHAR,1900-08-29,1907-04-15,оккупация,Маньчжурия: Цицикар и земли Хэйлунцзяна (1900-1907),отряд Ренненкампфа вошёл в Цицикар 16 (29) августа 1900; провинцией ведал Приамурский генерал-губернатор; вывод войск - к 2 (15) апреля 1907,"ru.wikipedia «Разгром ихэтуаней в Северной и Центральной Маньчжурии»; China No. 2 (1904); Сыпингайский протокол (Carnegie 1921, № 12); розыск MAP-MATERIALS/peresmotr_resheniy_2026-09-18/rozysk/b8_manchzhuriya_ili_2026-09-22.md; розыск WORKFILES/kb-steps/manchuria_1900/sources.md",,
OCC11_MANCH_HARBIN,1900-08-03,1907-04-15,оккупация,Маньчжурия: Харбин и округа (1900-1907),Хабаровский отряд Сахарова снял осаду Харбина 21 июля (3 августа) 1900; вывод войск - к 2 (15) апреля 1907,"ru.wikipedia «Разгром ихэтуаней в Северной и Центральной Маньчжурии»; Сыпингайский протокол (Carnegie 1921, № 12); розыск MAP-MATERIALS/peresmotr_resheniy_2026-09-18/rozysk/b8_manchzhuriya_ili_2026-09-22.md; розыск WORKFILES/kb-steps/manchuria_1900/sources.md",,
OCC11_MANCH_GIRIN,1900-09-23,1907-04-15,оккупация,Маньчжурия: Гиринская провинция (1900-1907),"отряд Ренненкампфа без боя занял Гирин 10 (23) сентября 1900, по пути взяв Бодунэ и Куаньчэнцзы; Нингута и Хуньчунь взяты раньше; провинцией ведал Приамурский генерал-губернатор; вывод войск - к 2 (15) апреля 1907","ru.wikipedia «Разгром ихэтуаней в Северной и Центральной Маньчжурии»; China No. 2 (1904); Сыпингайский протокол (Carnegie 1921, № 12); розыск MAP-MATERIALS/peresmotr_resheniy_2026-09-18/rozysk/b8_manchzhuriya_ili_2026-09-22.md; розыск WORKFILES/kb-steps/manchuria_1900/sources.md",,"начало - по Гирину; Нингута, Хуньчунь, Саньсин, Куаньчэнцзы заняты раньше, дни только в популярных изданиях"
OCC11_MANCH_GONGZHULING,1900-10-01,1906-08-01,оккупация,Маньчжурия: Хуайдэ и Итун (1900-1906),"Мукден, центр провинции, занят 18 сентября (1 октября) 1900; по Сыпингайскому протоколу войска к 19 июля (1 августа) 1906 отведены за линию Шаньхэтунь - Куаньчэнцзы - Палипу","Иванов И. Е. (1907); Сыпингайский протокол 17 (30) октября 1905 (Carnegie 1921, № 12); розыск MAP-MATERIALS/peresmotr_resheniy_2026-09-18/rozysk/b8_manchzhuriya_ili_2026-09-22.md; розыск WORKFILES/kb-steps/manchuria_1900/sources.md",,"начало - по Мукдену; конец - срок протокола, фактического дня нет"
OCC11_MANCH_SIPING,1900-10-01,1906-06-01,оккупация,Маньчжурия: Сыпингай и Ляоюань (1900-1906),Мукден занят 18 сентября (1 октября) 1900; с марта 1905 здесь стояла армия на Сыпингайских позициях; по протоколу к 19 мая (1 июня) 1906 отведена за линию Шаньчэнцзы - ст. Гуншулин - Итунчжоу,"Иванов И. Е. (1907); ru.wikipedia «Мукденское сражение»; Сыпингайский протокол (Carnegie 1921, № 12); розыск MAP-MATERIALS/peresmotr_resheniy_2026-09-18/rozysk/b8_manchzhuriya_ili_2026-09-22.md; розыск WORKFILES/kb-steps/manchuria_1900/sources.md",,"начало - по Мукдену; конец - срок протокола, фактического дня нет"
OCC11_MANCH_TONGHUA,1900-10-01,1905-03-10,оккупация,Маньчжурия: Тунхуа и верховья Ялу (1900-1906),Мукден занят 18 сентября (1 октября) 1900; в декабре 1905 левый фланг войск стоял у Шаньчэнцзы; по протоколу к 19 мая (1 июня) 1906 отведён за линию Шаньчэнцзы - ст. Гуншулин - Итунчжоу,"Иванов И. Е. (1907); Сыпингайский протокол (Carnegie 1921, № 12); розыск MAP-MATERIALS/peresmotr_resheniy_2026-09-18/rozysk/b8_manchzhuriya_ili_2026-09-22.md; розыск WORKFILES/kb-steps/manchuria_1900/sources.md",,"самая слабая строка: гарнизонов в Тунхуа и Байшане не найдено, конец по линии протокола КОНЕЦ 30.09.2026 взят по оставлению Мукдена 10.03.1905: гарнизонов в Тунхуа и Байшане не найдено, земля южнее японского фронта; линия Шаньчэнцзы по протоколу 01.06.1906 - запасной вариант"
OCC11_MANCH_TIELING,1900-10-01,1905-03-16,оккупация,Маньчжурия: Телин (1900-1905),Мукден занят 18 сентября (1 октября) 1900; японская армия заняла Телин 3 (16) марта 1905,Иванов И. Е. (1907); zh.wikipedia «铁岭市»; ja.wikipedia «奉天会戦»; розыск MAP-MATERIALS/peresmotr_resheniy_2026-09-18/rozysk/b8_manchzhuriya_ili_2026-09-22.md; розыск WORKFILES/kb-steps/manchuria_1900/sources.md,,
OCC11_MANCH_MUKDEN,1900-10-01,1905-03-10,оккупация,Маньчжурия: Мукден и Фушунь (1900-1905),"передовой отряд вошёл в Мукден 18 сентября (1 октября) 1900, с 20 сентября (3 октября) полковник Домбровский - военный губернатор; 15 (28) октября 1903 войска вновь вошли в город; армия Куропаткина оставила Мукден 25 февраля (10 марта) 1905","Иванов И. Е., «Впечатления из военно-походной жизни за время оккупации Манчжурии» (1907); China No. 2 (1904); JACAR, 日露戦争年表; розыск MAP-MATERIALS/peresmotr_resheniy_2026-09-18/rozysk/b8_manchzhuriya_ili_2026-09-22.md; розыск WORKFILES/kb-steps/manchuria_1900/sources.md",,"весна - осень 1903: в Мукдене комиссар с охраной и войска у вокзала, разрыва не рисуем"
OCC11_MANCH_LIAOXI,1900-10-31,1902-10-09,оккупация,Маньчжурия: Ляоси (1900-1902),"войска заняли Цзиньчжоу 18 (31) октября 1900; по соглашению 26 марта (8 апреля) 1902 юго-запад Мукденской провинции до Ляохэ очищен к 26 сентября (9 октября) 1902, железные дороги возвращены Китаю","нота князя Цина 28.10.1902 (China No. 2, 1904, № 66); соглашение 26 марта (8 апреля) 1902 (ru.wikisource); sohu.com «黄俄罗斯计划»; розыск MAP-MATERIALS/peresmotr_resheniy_2026-09-18/rozysk/b8_manchzhuriya_ili_2026-09-22.md; розыск WORKFILES/kb-steps/manchuria_1900/sources.md",,день занятия Цзиньчжоу - только популярное издание (вариант 4.10.1900)
OCC11_MANCH_LIAOYANG,1900-09-28,1904-09-04,оккупация,Маньчжурия: Ляоян и Бэньси (1900-1904),"отряд Суботича занял Ляоян 15 (28) сентября 1900; Куропаткин оставил Ляоян 21 августа (3 сентября) 1904, японцы вошли на следующий день",ru.wikipedia «Разгром ихэтуаней в Южной Маньчжурии»; China No. 2 (1904); ЭСБЕ «Японско-русская война 1904-05 г.»; zh.wikipedia «辽阳市»; розыск MAP-MATERIALS/peresmotr_resheniy_2026-09-18/rozysk/b8_manchzhuriya_ili_2026-09-22.md; розыск WORKFILES/kb-steps/manchuria_1900/sources.md,,
OCC11_MANCH_HAICHENG,1900-09-24,1904-08-01,оккупация,Маньчжурия: Хайчэн (1900-1904),авангард Флейшера занял Старый Нючжуан 11 (24) сентября 1900; японцы заняли Хайчэн 19 июля (1 августа) 1904,ru.wikipedia «Разгром ихэтуаней в Южной Маньчжурии»; ЭСБЕ «Японско-русская война 1904-05 г.»; ja.wikipedia «析木城の戦い»; розыск MAP-MATERIALS/peresmotr_resheniy_2026-09-18/rozysk/b8_manchzhuriya_ili_2026-09-22.md; розыск WORKFILES/kb-steps/manchuria_1900/sources.md,,
OCC11_MANCH_YINGKOU,1900-08-04,1904-07-25,оккупация,Маньчжурия: Инкоу (1900-1904),"русский флаг поднят на таможне Инкоу 22 июля (4 августа) 1900, с 27 июля (9 августа) - русский гражданский администратор; после боя у Дашицяо 11-12 (24-25) июля 1904 порт занят японцами",China No. 2 (1904); ЭСБЕ «Японско-русская война 1904-05 г.»; ja.wikipedia «大石橋の戦い»; розыск MAP-MATERIALS/peresmotr_resheniy_2026-09-18/rozysk/b8_manchzhuriya_ili_2026-09-22.md; розыск WORKFILES/kb-steps/manchuria_1900/sources.md,,день занятия порта японцами не найден: взят день боя у Дашицяо
OCC11_MANCH_XIUYAN,1900-12-06,1904-06-27,оккупация,Маньчжурия: Сюянь (1900-1904),отряд Штакельберга занял Сюянь 23 ноября (6 декабря) 1900; японская армия Нодзу заняла Сюянь в июне 1904,ru.wikipedia «Разгром ихэтуаней в Южной Маньчжурии»; ЭСБЕ «Японско-русская война 1904-05 г.»; розыск MAP-MATERIALS/peresmotr_resheniy_2026-09-18/rozysk/b8_manchzhuriya_ili_2026-09-22.md; розыск WORKFILES/kb-steps/manchuria_1900/sources.md,,день конца не найден: взята поздняя граница по ЭСБЕ
OCC11_MANCH_ANDONG,1900-11-28,1904-05-02,оккупация,Маньчжурия: Фэнхуанчэн и Андун (1900-1904),отряд Штакельберга вступил в Фэнхуанчэн 15 (28) ноября 1900; после боя на Ялу 18 апреля (1 мая) 1904 войска отошли и отдали Фэнхуанчэн японцам без боя,"ru.wikipedia «Разгром ихэтуаней в Южной Маньчжурии», «Бой на реке Ялу»; China No. 2 (1904); ЭСБЕ «Японско-русская война 1904-05 г.»; розыск MAP-MATERIALS/peresmotr_resheniy_2026-09-18/rozysk/b8_manchzhuriya_ili_2026-09-22.md; розыск WORKFILES/kb-steps/manchuria_1900/sources.md",,
OCC11_MANCH_FUZHOU,1900-08-13,1904-06-16,оккупация,"Маньчжурия: Фучжоу, нейтральная полоса (1900-1904)",к концу июля 1900 войска Квантунской области разбили китайские части между Порт-Артуром и Инкоу; после боя при Вафангоу 1-2 (14-15) июня 1904 корпус Штакельберга отступил,ru.wikipedia «Разгром ихэтуаней в Южной Маньчжурии»; ЭСБЕ «Японско-русская война 1904-05 г.»; ja.wikipedia «得利寺の戦い»; розыск MAP-MATERIALS/peresmotr_resheniy_2026-09-18/rozysk/b8_manchzhuriya_ili_2026-09-22.md; розыск WORKFILES/kb-steps/manchuria_1900/sources.md,,начало - поздняя граница «к концу июля» ст. ст.
OCC11_MANCH_ZHUANGHE,1900-12-06,1904-05-05,оккупация,"Маньчжурия: Чжуанхэ, нейтральная полоса (1900-1904)",отряд Штакельберга подошёл к Дагушаню 23 ноября (6 декабря) 1900; японская 2-я армия высадилась у Бицзыво 22 апреля (5 мая) 1904,"ru.wikipedia «Разгром ихэтуаней в Южной Маньчжурии»; British Official History, pt. 3 (1909); розыск MAP-MATERIALS/peresmotr_resheniy_2026-09-18/rozysk/b8_manchzhuriya_ili_2026-09-22.md; розыск WORKFILES/kb-steps/manchuria_1900/sources.md",,начало - поздняя граница (до ноября 1900 войска восточнее Бицзыво не продвинулись)
OCC10_MD_W_1769,1769-10-07,1774-10-21,оккупация,Молдавское княжество (1769-1774),"отряд Эльмпта вступил в Яссы 26.09.1769, бояре и духовенство присягнули, диван подчинён «главному командиру»; по Кючук-Кайнарджийскому миру к 10.10.1774 у русских остались только Бендеры и Хотин","А. Н. Петров, «Война России с Турцией» (1866-1890); ПСЗ; розыск MAP-MATERIALS/peresmotr_resheniy_2026-09-18/rozysk/b8_dunay_bolgariya_2026-09-22.md",,"Молдавское и Валашское княжества 1769-1854 (пачка 10а, 22.09.2026)"
OCC10_MD_E,1769-10-07,1774-10-21,оккупация,Молдавское княжество восточнее Прута (1769-1774),то же княжество: присяга по всему княжеству в конце сентября 1769 года,"А. Н. Петров, «Война России с Турцией» (1866-1890); ПСЗ; розыск MAP-MATERIALS/peresmotr_resheniy_2026-09-18/rozysk/b8_dunay_bolgariya_2026-09-22.md",,
OCC10_MUNTENIA,1770-11-25,1774-10-21,оккупация,Валашское княжество (1770-1774),бригадир Гудович вновь занял Бухарест 14.11.1770; председатель дивана - генерал-майор Замятин,"А. Н. Петров, «Война России с Турцией» (1866-1890); ПСЗ; розыск MAP-MATERIALS/peresmotr_resheniy_2026-09-18/rozysk/b8_dunay_bolgariya_2026-09-22.md",,
OCC10_OLTENIA,1771-01-08,1774-10-21,оккупация,Малая Валахия (1770-1774),"генерал-майор Кречетников занял Крайову 28.12.1770, жители приведены к присяге","А. Н. Петров, «Война России с Турцией» (1866-1890); ПСЗ; розыск MAP-MATERIALS/peresmotr_resheniy_2026-09-18/rozysk/b8_dunay_bolgariya_2026-09-22.md",,
OCC10_RAYA_BRAILA,1770-11-21,1774-10-21,оккупация,райя Браилов (1770-1774),турки оставили Браилов после осады отрядом Глебова 10.11.1770,"А. Н. Петров, «Война России с Турцией» (1866-1890); ПСЗ; розыск MAP-MATERIALS/peresmotr_resheniy_2026-09-18/rozysk/b8_dunay_bolgariya_2026-09-22.md",,
OCC10_MD_W,1788-09-04,1792-05-26,оккупация,Молдавское княжество (1788-1792),"с 24.08.1788 Яссы под русской командой, дела у дивана; вывод - к сроку трактата 15.05.1792","А. Н. Петров, «Война России с Турцией» (1866-1890); ПСЗ; розыск MAP-MATERIALS/peresmotr_resheniy_2026-09-18/rozysk/b8_dunay_bolgariya_2026-09-22.md",,
OCC10_MD_E,1788-09-04,1792-05-26,оккупация,Молдавское княжество восточнее Прута (1788-1792),то же княжество под русской командой,"А. Н. Петров, «Война России с Турцией» (1866-1890); ПСЗ; розыск MAP-MATERIALS/peresmotr_resheniy_2026-09-18/rozysk/b8_dunay_bolgariya_2026-09-22.md",,
OCC10_MD_W,1806-11-28,1812-08-01,оккупация,Молдавское княжество (1806-1812),"войска вступили в Яссы 16.11.1806; председатели диванов Кушников, Красно-Милашевич; Дунайская армия Чичагова выступила из княжеств 20.07.1812","А. Н. Петров, «Война России с Турцией» (1866-1890); ПСЗ; розыск MAP-MATERIALS/peresmotr_resheniy_2026-09-18/rozysk/b8_dunay_bolgariya_2026-09-22.md",,
OCC10_MD_E,1806-11-28,1812-05-28,оккупация,Молдавское княжество восточнее Прута (1806-1812),войска в княжестве с 16.11.1806; с Бухарестского мира 16.05.1812 - Бессарабия в империи,"А. Н. Петров, «Война России с Турцией» (1866-1890); ПСЗ; розыск MAP-MATERIALS/peresmotr_resheniy_2026-09-18/rozysk/b8_dunay_bolgariya_2026-09-22.md",,
OCC10_MUNTENIA,1806-12-25,1812-08-01,оккупация,Валашское княжество (1806-1812),войска вступили в Бухарест 13.12.1806; армия выступила из княжеств 20.07.1812,"А. Н. Петров, «Война России с Турцией» (1866-1890); ПСЗ; розыск MAP-MATERIALS/peresmotr_resheniy_2026-09-18/rozysk/b8_dunay_bolgariya_2026-09-22.md",,
OCC10_OLTENIA,1806-12-25,1812-08-01,оккупация,Малая Валахия (1806-1812),то же княжество: Бухарест 13.12.1806; армия выступила 20.07.1812,"А. Н. Петров, «Война России с Турцией» (1866-1890); ПСЗ; розыск MAP-MATERIALS/peresmotr_resheniy_2026-09-18/rozysk/b8_dunay_bolgariya_2026-09-22.md",,
OCC10_RAYA_BRAILA,1809-12-03,1812-08-01,оккупация,райя Браилов (1809-1812),Браилов сдался 21.11.1809,"А. Н. Петров, «Война России с Турцией» (1866-1890); ПСЗ; розыск MAP-MATERIALS/peresmotr_resheniy_2026-09-18/rozysk/b8_dunay_bolgariya_2026-09-22.md",,
OCC10_MD_W,1828-05-07,1834-04-23,оккупация,Молдавское княжество (1828-1834),"войска перешли Прут и вступили в Яссы 25.04.1828, Пален в тот же день - председатель диванов; Киселёв оставил Яссы 11.04.1834","А. Н. Петров, «Война России с Турцией» (1866-1890); ПСЗ; розыск MAP-MATERIALS/peresmotr_resheniy_2026-09-18/rozysk/b8_dunay_bolgariya_2026-09-22.md",,
OCC10_MUNTENIA,1828-05-12,1834-04-23,оккупация,Валашское княжество (1828-1834),"Бухарест 30.04.1828; прямое управление Киселёва, Органический регламент; господари избраны в апреле 1834 года","А. Н. Петров, «Война России с Турцией» (1866-1890); ПСЗ; розыск MAP-MATERIALS/peresmotr_resheniy_2026-09-18/rozysk/b8_dunay_bolgariya_2026-09-22.md",,
OCC10_OLTENIA,1828-05-21,1834-04-23,оккупация,Малая Валахия (1828-1834),Крайова 09.05.1828,"А. Н. Петров, «Война России с Турцией» (1866-1890); ПСЗ; розыск MAP-MATERIALS/peresmotr_resheniy_2026-09-18/rozysk/b8_dunay_bolgariya_2026-09-22.md",,
OCC10_RAYA_BRAILA,1828-06-19,1834-04-23,оккупация,райя Браилов (1828-1834),"Браилов сдался 07.06.1828, по Адрианопольскому миру возвращён Валахии","А. Н. Петров, «Война России с Турцией» (1866-1890); ПСЗ; розыск MAP-MATERIALS/peresmotr_resheniy_2026-09-18/rozysk/b8_dunay_bolgariya_2026-09-22.md",,
OCC10_MD_W,1853-07-03,1854-09-12,оккупация,Молдавское княжество (1853-1854),войска перешли Прут у Леово и Скулян 21.06.1853; с октября правит комиссар Будберг; Горчаков вышел из Ясс 31.08.1854,"А. Н. Петров, «Война России с Турцией» (1866-1890); ПСЗ; розыск MAP-MATERIALS/peresmotr_resheniy_2026-09-18/rozysk/b8_dunay_bolgariya_2026-09-22.md",,
OCC10_MUNTENIA,1853-07-15,1854-08-01,оккупация,Валашское княжество (1853-1854),"Бухарест занят 03.07.1853; господари уехали в Вену, правит комиссар Будберг; Бухарест оставлен 20.07.1854","А. Н. Петров, «Война России с Турцией» (1866-1890); ПСЗ; розыск MAP-MATERIALS/peresmotr_resheniy_2026-09-18/rozysk/b8_dunay_bolgariya_2026-09-22.md",,
OCC10_RAYA_BRAILA,1853-07-15,1854-08-01,оккупация,Браилов (1853-1854),"с 1829 года Браилов - часть Валашского княжества; Бухарест занят 03.07.1853, оставлен 20.07.1854","А. Н. Петров, «Война России с Турцией» (1866-1890); ПСЗ; розыск MAP-MATERIALS/peresmotr_resheniy_2026-09-18/rozysk/b8_dunay_bolgariya_2026-09-22.md",,
OCC10_DOBRUJA_N,1854-03-24,1854-09-16,оккупация,Северная Добруджа (1854),"Мачин, Тульча, Исакча заняты 12.03.1854; главные силы перешли Прут обратно 04.09.1854","А. Н. Петров, «Война России с Турцией» (1866-1890); ПСЗ; розыск MAP-MATERIALS/peresmotr_resheniy_2026-09-18/rozysk/b8_dunay_bolgariya_2026-09-22.md",,
OCC10B_BG_RUSE,1810-09-27,1811-07-14,оккупация,Рущук (1810-1811),"Рущук и Журжа сдались 15.09.1810, войска вступили в 8 часов утра; Кутузов, подорвав часть цитадели, перешёл на левый берег Дуная 02.07.1811 (донесение из Журжи 22.07.1811; Петров, т. III)","Н. Р. Овсяный, «Русское управление в Болгарии в 1877-78-79 гг.», т. I-III (1906-1907); «Описание русско-турецкой войны 1877-78 гг. на Балканском полуострове» (1901-1913); А. Н. Петров, «Война России с Турцией 1806-1812 гг.», т. III; розыски MAP-MATERIALS/peresmotr_resheniy_2026-09-18/rozysk/b10b_bolgariya_1877-1879_dni_2026-09-22.md, b10b_dunay_1809-1851_dni_2026-09-22.md",,"Болгария, Северная Добруджа, Восточная Фракия 1877-1879 и Рущук 1810-1811 (пачка 10б, 22.09.2026)"
OCC10_DOBRUJA_N,1877-07-13,1878-11-26,оккупация,Северная Добруджа (1877-1878),"14-й корпус переправился у Галаца и Рени 09-10.06.1877, Мачин 11.06; приказом 01.07.1877 учреждена Тульчинская губерния (губернатор Белоцерковец), санджак «занят в большей части» (Овсяный, т. I); передана Румынии - румынская колонна в Мачине 14.11.1878","Н. Р. Овсяный, «Русское управление в Болгарии в 1877-78-79 гг.», т. I-III (1906-1907); «Описание русско-турецкой войны 1877-78 гг. на Балканском полуострове» (1901-1913); А. Н. Петров, «Война России с Турцией 1806-1812 гг.», т. III; розыски MAP-MATERIALS/peresmotr_resheniy_2026-09-18/rozysk/b10b_bolgariya_1877-1879_dni_2026-09-22.md, b10b_dunay_1809-1851_dni_2026-09-22.md",,
OCC10B_BG_VELIKO_TARNOVO,1877-07-13,1879-07-08,оккупация,Систовская и Тырновская губернии,"переправа у Свиштова 15.06.1877, Тырново 25.06; приказом 01.07.1877 учреждены губернии, Тырновский санджак «занят в большей части» (Овсяный, т. I); власть передана князю Александру I, присяга в Тырнове 26.06.1879","Н. Р. Овсяный, «Русское управление в Болгарии в 1877-78-79 гг.», т. I-III (1906-1907); «Описание русско-турецкой войны 1877-78 гг. на Балканском полуострове» (1901-1913); А. Н. Петров, «Война России с Турцией 1806-1812 гг.», т. III; розыски MAP-MATERIALS/peresmotr_resheniy_2026-09-18/rozysk/b10b_bolgariya_1877-1879_dni_2026-09-22.md, b10b_dunay_1809-1851_dni_2026-09-22.md",,
OCC10B_BG_GABROVO,1877-07-19,1879-07-08,оккупация,Габрово и Шипка,"перевал Шипка занят войсками VIII корпуса 07.07.1877 (телеграмма Гурко 08.07; «Описание…», т. III, ч. 1); к 25.07 работает Габровский округ (Овсяный, т. I); власть передана князю Александру I, присяга в Тырнове 26.06.1879","Н. Р. Овсяный, «Русское управление в Болгарии в 1877-78-79 гг.», т. I-III (1906-1907); «Описание русско-турецкой войны 1877-78 гг. на Балканском полуострове» (1901-1913); А. Н. Петров, «Война России с Турцией 1806-1812 гг.», т. III; розыски MAP-MATERIALS/peresmotr_resheniy_2026-09-18/rozysk/b10b_bolgariya_1877-1879_dni_2026-09-22.md, b10b_dunay_1809-1851_dni_2026-09-22.md",,
OCC10B_BG_STARA_ZAGORA,1877-07-22,1877-07-31,оккупация,Эски-Загра (1877),"отряд полк. Корево занял Эски-Загру 10.07.1877; турки вновь заняли город после сражения 19.07.1877 («Описание…», т. III, ч. 1)","Н. Р. Овсяный, «Русское управление в Болгарии в 1877-78-79 гг.», т. I-III (1906-1907); «Описание русско-турецкой войны 1877-78 гг. на Балканском полуострове» (1901-1913); А. Н. Петров, «Война России с Турцией 1806-1812 гг.», т. III; розыски MAP-MATERIALS/peresmotr_resheniy_2026-09-18/rozysk/b10b_bolgariya_1877-1879_dni_2026-09-22.md, b10b_dunay_1809-1851_dni_2026-09-22.md",,
OCC10B_BG_LOVECH,1877-09-03,1879-07-08,оккупация,Ловеч,"Ловеч взят 22.08.1877 («Описание…», т. V: «Занятие города Ловчи»); власть передана князю Александру I, присяга в Тырнове 26.06.1879","Н. Р. Овсяный, «Русское управление в Болгарии в 1877-78-79 гг.», т. I-III (1906-1907); «Описание русско-турецкой войны 1877-78 гг. на Балканском полуострове» (1901-1913); А. Н. Петров, «Война России с Турцией 1806-1812 гг.», т. III; розыски MAP-MATERIALS/peresmotr_resheniy_2026-09-18/rozysk/b10b_bolgariya_1877-1879_dni_2026-09-22.md, b10b_dunay_1809-1851_dni_2026-09-22.md",,
OCC10B_BG_VRATSA,1877-11-09,1879-07-08,оккупация,Враца,"отряд ген.-м. Леонова 1-го взял Врацу штурмом 28.10.1877 («Описание…», т. VII, ч. 1); власть передана князю Александру I, присяга в Тырнове 26.06.1879","Н. Р. Овсяный, «Русское управление в Болгарии в 1877-78-79 гг.», т. I-III (1906-1907); «Описание русско-турецкой войны 1877-78 гг. на Балканском полуострове» (1901-1913); А. Н. Петров, «Война России с Турцией 1806-1812 гг.», т. III; розыски MAP-MATERIALS/peresmotr_resheniy_2026-09-18/rozysk/b10b_bolgariya_1877-1879_dni_2026-09-22.md, b10b_dunay_1809-1851_dni_2026-09-22.md",,
OCC10B_BG_PLEVEN,1877-12-10,1879-07-08,оккупация,Плевен,"капитуляция гарнизона Плевны 28.11.1877; власть передана князю Александру I, присяга в Тырнове 26.06.1879","Н. Р. Овсяный, «Русское управление в Болгарии в 1877-78-79 гг.», т. I-III (1906-1907); «Описание русско-турецкой войны 1877-78 гг. на Балканском полуострове» (1901-1913); А. Н. Петров, «Война России с Турцией 1806-1812 гг.», т. III; розыски MAP-MATERIALS/peresmotr_resheniy_2026-09-18/rozysk/b10b_bolgariya_1877-1879_dni_2026-09-22.md, b10b_dunay_1809-1851_dni_2026-09-22.md",,
OCC10B_BG_MONTANA,1877-12-16,1879-07-08,оккупация,Берковица и Кутловица,"Кутловица занята харьковскими драгунами 02.12.1877, Берковица - 04.12.1877 («Описание…», т. VIII, ч. 1); Лом - румынский отряд, с 16.11.1877 в Раховской (Видинской) губернии; власть передана князю Александру I, присяга в Тырнове 26.06.1879","Н. Р. Овсяный, «Русское управление в Болгарии в 1877-78-79 гг.», т. I-III (1906-1907); «Описание русско-турецкой войны 1877-78 гг. на Балканском полуострове» (1901-1913); А. Н. Петров, «Война России с Турцией 1806-1812 гг.», т. III; розыски MAP-MATERIALS/peresmotr_resheniy_2026-09-18/rozysk/b10b_bolgariya_1877-1879_dni_2026-09-22.md, b10b_dunay_1809-1851_dni_2026-09-22.md",,
OCC10B_BG_SOFIA,1878-01-04,1879-07-08,оккупация,София,"Кавказская сотня вошла в Софию утром 23.12.1877, за ней Гурко («Описание…», т. VIII, ч. 1); власть передана князю Александру I, присяга в Тырнове 26.06.1879","Н. Р. Овсяный, «Русское управление в Болгарии в 1877-78-79 гг.», т. I-III (1906-1907); «Описание русско-турецкой войны 1877-78 гг. на Балканском полуострове» (1901-1913); А. Н. Петров, «Война России с Турцией 1806-1812 гг.», т. III; розыски MAP-MATERIALS/peresmotr_resheniy_2026-09-18/rozysk/b10b_bolgariya_1877-1879_dni_2026-09-22.md, b10b_dunay_1809-1851_dni_2026-09-22.md",,
OCC10B_BG_STARA_ZAGORA,1878-01-14,1879-05-18,оккупация,Эски-Загра и Казанлык,"Казанлык - после Шейнова 27-28.12.1877; 1-я кавалерийская дивизия заняла Эски-Загру 01-02.01.1878 («Описание…», т. IX, ч. 1); власть передана генерал-губернатору Алеко-паше Богориди 06.05.1879","Н. Р. Овсяный, «Русское управление в Болгарии в 1877-78-79 гг.», т. I-III (1906-1907); «Описание русско-турецкой войны 1877-78 гг. на Балканском полуострове» (1901-1913); А. Н. Петров, «Война России с Турцией 1806-1812 гг.», т. III; розыски MAP-MATERIALS/peresmotr_resheniy_2026-09-18/rozysk/b10b_bolgariya_1877-1879_dni_2026-09-22.md, b10b_dunay_1809-1851_dni_2026-09-22.md",,
OCC10B_BG_PAZARDZHIK,1878-01-14,1879-05-18,оккупация,Татар-Пазарджик,"турки ушли из города в ночь на 02.01.1878, «Занятие Татар-Базарджика» («Описание…», т. IX, ч. 1); власть передана генерал-губернатору Алеко-паше Богориди 06.05.1879","Н. Р. Овсяный, «Русское управление в Болгарии в 1877-78-79 гг.», т. I-III (1906-1907); «Описание русско-турецкой войны 1877-78 гг. на Балканском полуострове» (1901-1913); А. Н. Петров, «Война России с Турцией 1806-1812 гг.», т. III; розыски MAP-MATERIALS/peresmotr_resheniy_2026-09-18/rozysk/b10b_bolgariya_1877-1879_dni_2026-09-22.md, b10b_dunay_1809-1851_dni_2026-09-22.md",,
OCC10B_BG_PLOVDIV,1878-01-15,1879-05-18,оккупация,Филиппополь,"эскадрон кап. Бураго вступил в Филиппополь около 9 часов вечера 03.01.1878 («Описание…», т. IX, ч. 1); власть передана генерал-губернатору Алеко-паше Богориди 06.05.1879","Н. Р. Овсяный, «Русское управление в Болгарии в 1877-78-79 гг.», т. I-III (1906-1907); «Описание русско-турецкой войны 1877-78 гг. на Балканском полуострове» (1901-1913); А. Н. Петров, «Война России с Турцией 1806-1812 гг.», т. III; розыски MAP-MATERIALS/peresmotr_resheniy_2026-09-18/rozysk/b10b_bolgariya_1877-1879_dni_2026-09-22.md, b10b_dunay_1809-1851_dni_2026-09-22.md",,
OCC10B_BG_SLIVEN,1878-01-16,1879-05-18,оккупация,Сливен,отряд ген. Деллингсгаузена занял Сливен 04.01.1878 (ru.wiki по ЭСБЕ); власть передана генерал-губернатору Алеко-паше Богориди 06.05.1879,"Н. Р. Овсяный, «Русское управление в Болгарии в 1877-78-79 гг.», т. I-III (1906-1907); «Описание русско-турецкой войны 1877-78 гг. на Балканском полуострове» (1901-1913); А. Н. Петров, «Война России с Турцией 1806-1812 гг.», т. III; розыски MAP-MATERIALS/peresmotr_resheniy_2026-09-18/rozysk/b10b_bolgariya_1877-1879_dni_2026-09-22.md, b10b_dunay_1809-1851_dni_2026-09-22.md",,
OCC10B_TR_EDIRNE,1878-01-20,1879-03-07,оккупация,Адрианополь,"отряд Струкова без боя занял крепость 08.01.1878 («Описание…», т. IX, ч. 1); Тотлебен оставил Адрианополь 23.02.1879 (Овсяный, т. III: телеграмма Тотлебена и доклад военного губернатора)","Н. Р. Овсяный, «Русское управление в Болгарии в 1877-78-79 гг.», т. I-III (1906-1907); «Описание русско-турецкой войны 1877-78 гг. на Балканском полуострове» (1901-1913); А. Н. Петров, «Война России с Турцией 1806-1812 гг.», т. III; розыски MAP-MATERIALS/peresmotr_resheniy_2026-09-18/rozysk/b10b_bolgariya_1877-1879_dni_2026-09-22.md, b10b_dunay_1809-1851_dni_2026-09-22.md",,
OCC10B_BG_RAZGRAD,1878-01-28,1879-07-08,оккупация,Разград,"отряд ген. Прохорова вступил в Разград 16.01.1878 («Описание…», т. IX, ч. 2); власть передана князю Александру I, присяга в Тырнове 26.06.1879","Н. Р. Овсяный, «Русское управление в Болгарии в 1877-78-79 гг.», т. I-III (1906-1907); «Описание русско-турецкой войны 1877-78 гг. на Балканском полуострове» (1901-1913); А. Н. Петров, «Война России с Турцией 1806-1812 гг.», т. III; розыски MAP-MATERIALS/peresmotr_resheniy_2026-09-18/rozysk/b10b_bolgariya_1877-1879_dni_2026-09-22.md, b10b_dunay_1809-1851_dni_2026-09-22.md",,
OCC10B_BG_YAMBOL,1878-01-29,1879-05-18,оккупация,Ямбол,23-й Донской казачий полк Бакланова занял Ямбол 17.01.1878 (ru.wiki); власть передана генерал-губернатору Алеко-паше Богориди 06.05.1879,"Н. Р. Овсяный, «Русское управление в Болгарии в 1877-78-79 гг.», т. I-III (1906-1907); «Описание русско-турецкой войны 1877-78 гг. на Балканском полуострове» (1901-1913); А. Н. Петров, «Война России с Турцией 1806-1812 гг.», т. III; розыски MAP-MATERIALS/peresmotr_resheniy_2026-09-18/rozysk/b10b_bolgariya_1877-1879_dni_2026-09-22.md, b10b_dunay_1809-1851_dni_2026-09-22.md",,
OCC10B_BG_TARGOVISHTE,1878-01-29,1879-07-08,оккупация,Эски-Джума и Осман-Базар,"Осман-Базар занят не позже 15.01.1878, Эски-Джума - 17.01.1878 («Описание…», т. IX, ч. 2); власть передана князю Александру I, присяга в Тырнове 26.06.1879","Н. Р. Овсяный, «Русское управление в Болгарии в 1877-78-79 гг.», т. I-III (1906-1907); «Описание русско-турецкой войны 1877-78 гг. на Балканском полуострове» (1901-1913); А. Н. Петров, «Война России с Турцией 1806-1812 гг.», т. III; розыски MAP-MATERIALS/peresmotr_resheniy_2026-09-18/rozysk/b10b_bolgariya_1877-1879_dni_2026-09-22.md, b10b_dunay_1809-1851_dni_2026-09-22.md",,
OCC10B_BG_DOBRICH,1878-01-31,1879-07-08,оккупация,Базарджик и Балчик,"Базарджик оставлен турками и занят 15.01.1878, экспедиция Янова заняла Балчик 19.01.1878 («Описание…», т. IX, ч. 2); власть передана князю Александру I, присяга в Тырнове 26.06.1879","Н. Р. Овсяный, «Русское управление в Болгарии в 1877-78-79 гг.», т. I-III (1906-1907); «Описание русско-турецкой войны 1877-78 гг. на Балканском полуострове» (1901-1913); А. Н. Петров, «Война России с Турцией 1806-1812 гг.», т. III; розыски MAP-MATERIALS/peresmotr_resheniy_2026-09-18/rozysk/b10b_bolgariya_1877-1879_dni_2026-09-22.md, b10b_dunay_1809-1851_dni_2026-09-22.md",,
OCC10B_TR_KIRKLARELI,1878-01-31,1879-02-26,оккупация,"Кирк-Килисе, Виза, Люлебургаз","кавалерия Скобелева прошла Кирк-Килисе к Визе в середине января 1878 года, по перемирию 19.01.1878 край - за российскими войсками («Описание…», т. IX, ч. 1); округ Виза-Мидия сдан 01.02.1879, Люлебургазский - 14.02.1879 (Овсяный, т. III)","Н. Р. Овсяный, «Русское управление в Болгарии в 1877-78-79 гг.», т. I-III (1906-1907); «Описание русско-турецкой войны 1877-78 гг. на Балканском полуострове» (1901-1913); А. Н. Петров, «Война России с Турцией 1806-1812 гг.», т. III; розыски MAP-MATERIALS/peresmotr_resheniy_2026-09-18/rozysk/b10b_bolgariya_1877-1879_dni_2026-09-22.md, b10b_dunay_1809-1851_dni_2026-09-22.md",,
OCC10B_TR_TEKIRDAG,1878-02-02,1878-09-28,оккупация,Родосто и Чорлу,"Струков занял Чорлу 17.01.1878, донесение о занятии Родосто - к 21.01 («Описание…», т. IX, ч. 1); последние части из портов Мраморного моря отправлены 16.09.1878","Н. Р. Овсяный, «Русское управление в Болгарии в 1877-78-79 гг.», т. I-III (1906-1907); «Описание русско-турецкой войны 1877-78 гг. на Балканском полуострове» (1901-1913); А. Н. Петров, «Война России с Турцией 1806-1812 гг.», т. III; розыски MAP-MATERIALS/peresmotr_resheniy_2026-09-18/rozysk/b10b_bolgariya_1877-1879_dni_2026-09-22.md, b10b_dunay_1809-1851_dni_2026-09-22.md",,
OCC10B_BG_RUSE,1878-02-19,1879-07-08,оккупация,Рущук,"по условиям перемирия занят 07.02.1878 («Описание…», т. IX, ч. 2); власть передана князю Александру I, присяга в Тырнове 26.06.1879","Н. Р. Овсяный, «Русское управление в Болгарии в 1877-78-79 гг.», т. I-III (1906-1907); «Описание русско-турецкой войны 1877-78 гг. на Балканском полуострове» (1901-1913); А. Н. Петров, «Война России с Турцией 1806-1812 гг.», т. III; розыски MAP-MATERIALS/peresmotr_resheniy_2026-09-18/rozysk/b10b_bolgariya_1877-1879_dni_2026-09-22.md, b10b_dunay_1809-1851_dni_2026-09-22.md",,
OCC10B_BG_SILISTRA,1878-02-22,1879-07-08,оккупация,Силистрия,"по условиям перемирия занята 10.02.1878 («Описание…», т. IX, ч. 2); власть передана князю Александру I, присяга в Тырнове 26.06.1879","Н. Р. Овсяный, «Русское управление в Болгарии в 1877-78-79 гг.», т. I-III (1906-1907); «Описание русско-турецкой войны 1877-78 гг. на Балканском полуострове» (1901-1913); А. Н. Петров, «Война России с Турцией 1806-1812 гг.», т. III; розыски MAP-MATERIALS/peresmotr_resheniy_2026-09-18/rozysk/b10b_bolgariya_1877-1879_dni_2026-09-22.md, b10b_dunay_1809-1851_dni_2026-09-22.md",,
OCC10B_BG_BURGAS,1878-03-13,1879-05-18,оккупация,Бургас,отряд полк. Лермонтова занял Бургас без боя «в феврале 1878 года» (ru.wiki по БРЭ; дня нет - с первого дня после февраля); власть передана генерал-губернатору Алеко-паше Богориди 06.05.1879,"Н. Р. Овсяный, «Русское управление в Болгарии в 1877-78-79 гг.», т. I-III (1906-1907); «Описание русско-турецкой войны 1877-78 гг. на Балканском полуострове» (1901-1913); А. Н. Петров, «Война России с Турцией 1806-1812 гг.», т. III; розыски MAP-MATERIALS/peresmotr_resheniy_2026-09-18/rozysk/b10b_bolgariya_1877-1879_dni_2026-09-22.md, b10b_dunay_1809-1851_dni_2026-09-22.md",,
OCC10B_BG_SHUMEN_VARNA,1878-08-08,1879-07-08,оккупация,Шумла и Варна,"турецкие гарнизоны сдали Шумлу в июле 1878 года и Варну 27.07.1878 (ru.wiki, bg.wiki); власть передана князю Александру I, присяга в Тырнове 26.06.1879","Н. Р. Овсяный, «Русское управление в Болгарии в 1877-78-79 гг.», т. I-III (1906-1907); «Описание русско-турецкой войны 1877-78 гг. на Балканском полуострове» (1901-1913); А. Н. Петров, «Война России с Турцией 1806-1812 гг.», т. III; розыски MAP-MATERIALS/peresmotr_resheniy_2026-09-18/rozysk/b10b_bolgariya_1877-1879_dni_2026-09-22.md, b10b_dunay_1809-1851_dni_2026-09-22.md",,
RP_P2,1793-01-23,,территория,Второй раздел Речи Посполитой: земли по контуру OHM,"конвенция 12.01.1793, трактат в Гродно 11.07.1793; земли, которые контур OpenHistoricalMap 1773-1793 держит, а 1793-1795 - уже нет","ПСЗРИ т. 23 № 17108, № 17141; OpenHistoricalMap, relations 2692511 и 2692510",,
RP_P3,1795-10-24,,территория,Третий раздел Речи Посполитой: земли по контуру OHM,третий раздел 13.10.1795; российская часть контура OpenHistoricalMap 1793-1795 без земель будущего Царства Польского (Сувалкия - Пруссии),"ПСЗРИ; OpenHistoricalMap, relation 2692510",,
DUCHY_WARSAW,1813-02-08,1815-06-09,территория,Варшавское герцогство под российскими войсками,"войска перешли границу герцогства 01.01.1813; 27.01.1813 делегация Варшавы вручает генералу Милорадовичу ключи города; 31.01.1813 авангард Воронцова занимает Познань; 01.03.1813 указом Александра I учреждён Временный верховный совет герцогства под председательством В. Ланского. Военная оккупация = имперский контроль (куратор 18.09.2026). Кончается Заключительным актом Венского конгресса 28.05.1815: Познань и Быдгощ - Пруссии, Краков - вольный город, остальное - Царство Польское. Крепости держались дольше (Замостье до 13.11.1813, Модлин до 19.11.1813) - это точки","розыск MAP-MATERIALS/peresmotr_resheniy_2026-09-18/rozysk/b6_rp1792_i_gercogstvo1813.md; контур - OpenHistoricalMap, relation 2692577 (CC0)",,
PL_KINGDOM,1815-01-01,,территория,Царство Польское,"земля Варшавского герцогства под российскими войсками с 1813 г.; Заключительный акт Венского конгресса 28.05 (09.06) 1815 г. Дата - срез 1815 г., с которого Царство уже красит контур источника: строка не сдвигает начала, а добирает края, которых контур не держит (Калиш, полосы вдоль прусской и австрийской границы)","OpenHistoricalMap, relation 2692576 (CC0); MAP-MATERIALS/BACKLOG_KARTY.md, Б6",,
AZ_TALYSH,1813-10-24,,территория,Талышское ханство,Гюлистанский мир 12.10.1813; трактат с Мир-Мустафа-ханом 1809 года,ПСЗРИ т. 32 № 25466; АКАК т. 5,,
AZ_MUGAN,1813-10-24,,территория,Сальянская и Муганская степь,Гюлистанский мир 12.10.1813,ПСЗРИ т. 32 № 25466,,
AZ_JARO,1830-01-01,,территория,Джаро-Белоканские общества,"покорены экспедицией 1830 года, образована Джаро-Белоканская область; ДЕНЬ НЕ УСТАНОВЛЕН, стоит 1 января",АКАК т. 7,,
ARM_GULISTAN,1813-10-24,,территория,Гюлистан: Зангезур и Шамшадиль,Гюлистанский мир 12.10.1813,ПСЗРИ т. 32 № 25466,,
DAGESTAN_COAST,1722-09-03,1735-03-21,территория,Дербент и приморская полоса: Персидский поход Петра I,сдача Дербента 23.08.1722; Петербургский трактат 12.09.1723 закрепил прикаспийские провинции за империей; возвращены Персии Гянджинским трактатом 10.03.1735 (вывод войск «в два месяца» - день приближён),ПСЗРИ т. VII № 4298 (Петербургский трактат 1723); ПСЗРИ т. IX № 6707 (Гянджинский трактат 1735). Разбор D3_dagestan.md,,
TEREK_LOWER,1735-01-01,,территория,Низовья Терека: Кизлярская крепость,крепость Кизляр заложена в 1735 г. при выводе войск из крепости Святого Креста по Гянджинскому трактату; день не найден - месяц условный (розыск у Буткова - беклог D3),ПСЗРИ т. IX № 6707; разбор D3_dagestan.md. ДО ПРАВКИ 03.09.2026 Кизляр краснел с контура источника 1783 г.,,
DAGESTAN_COAST,1796-05-21,1797-02-27,территория,Дербент: поход Зубова,"штурм Дербента 10.05.1796; войска отозваны Павлом I, оставили Дербент к февралю 1797 г. (день приближён)",разбор D3_dagestan.md (даты указов 18.12.1796 и 16.02.1797),,
DAGESTAN_COAST,1806-07-05,,территория,Дербент и Тарки: занятие Глазенапом,"взятие Дербента отрядом Глазенапа 23.06.1806, шамхал Тарковский в подданстве; Гюлистанский мир 12.10.1813 подтвердил де-юре","АКАК т. III (переписка Гудовича 1806, док. о взятии Дербента); ПСЗРИ т. 32 № 25466 (Гюлистан). Разбор D3_dagestan.md. ДО ПРАВКИ берег краснел с Гюлистана 1813",,
DAGESTAN,1813-10-24,,территория,Гюлистан: Дагестан,Гюлистанский мир 12.10.1813,"ПСЗРИ т. 32 № 25466; это де-юре: в горном Дагестане империя воевала ещё полвека, Шамиль сдался 25.08.1859",,
GEO_MEGRELIA,1857-11-05,,территория,Мегрелия,"«Положение об управлении Мингрелиею во время малолетства владетеля» 24.10.1857: правительница отстранена, страной правят русские окружные начальники. Трактат 02.12.1803 оставил дому Дадиани внутреннее управление","АКАК т. 12 (Барятинский); трактат - АКАК т. 2, док. 914; розыск MAP-MATERIALS/peresmotr_resheniy_2026-09-18/rozysk/b5_zapadnaya_gruziya_1803-1867_2026-09-22.md",,"Западная Грузия - по дню, с которого землёй правит империя, а не
владетель (22.09.2026, правило «контроль, а не акт»; прецеденты - Сечь,
Войско Донское, Калмыцкое ханство, протектораты Бухара и Хива). Акты
о подданстве 1803-1833 годов оставляли владетелям внутреннее
управление; у империи до того - крепости-точки (Редут-Кале, Поти,
Сухум-Кале, Кутаис с 1806 года)"
GEO_LECHKHUMI,1857-11-05,,территория,Лечхуми и Нижняя Сванетия,"земли дома Дадиани (владетельный князь «Мингрелии, Одиши и Лечгума», 26.01.1805; Нижней Сванетией правили моуравы Дадиани) - то же «Положение» 24.10.1857",АКАК т. 2 и т. 12; розыск MAP-MATERIALS/peresmotr_resheniy_2026-09-18/rozysk/b5_zapadnaya_gruziya_1803-1867_2026-09-22.md,,
GEO_SVANETI_UPPER,1858-07-12,,территория,Верхняя Сванетия,«вся Сванетия поручена управлению нашего пристава» после занятия войсками в конце июня 1858 года; ДЕНЬ ПРИБЛИЖЁН по месяцу. Грамоты 1833 года князьям Дадешкелиани отменены 30.04.1859; пристав Вольной Сванетии 1847 года в свою должность попасть не мог,"АКАК т. 12, док. 312 и 314; т. 11, строка 29021; розыск MAP-MATERIALS/peresmotr_resheniy_2026-09-18/rozysk/b5_zapadnaya_gruziya_1803-1867_2026-09-22.md",,
GEO_POTI,1828-07-27,,территория,Поти,"турецкая крепость Поти взята войсками Гессе: 14.07.1828 гарнизон Аслан-бека объявил о сдаче, в полночь войска заняли крепость и укрепление в устье Риона; за империей по Адрианопольскому миру 02.09.1829","АКАК т. 7 (донесение Паскевича из Ахалкалаки, «ключи кр. Поти»)",,
GEO_SAMURZAKANO,1840-01-01,,территория,Самурзакано,"генерал Головин отделил Самурзакано от Мегрелии в особое приставство; ДЕНЬ НЕ УСТАНОВЛЕН, стоит 1 января",ka.wikipedia «Абхазское княжество» (скачано); розыск MAP-MATERIALS/peresmotr_resheniy_2026-09-18/rozysk/b5_zapadnaya_gruziya_1803-1867_2026-09-22.md,,
GEO_ABKHAZIA,1864-07-24,,территория,Абхазия,"владетель Михаил Шервашидзе отстранён (апрель - июнь 1864), введено прямое управление: Сухумский военный отдел, начальник Шатилов с 12.07.1864. Грамота 17.02.1810 оставила дому Шервашидзе «внутреннее управление Абхазиею наследственно»; у империи до того - крепость Сухум-Кале (с июля 1810), Гагра (с 1830)","АКАК т. 12; G. Anchabadze, «Abkhazia and the Caucasian War» (скачано); розыск MAP-MATERIALS/peresmotr_resheniy_2026-09-18/rozysk/b5_zapadnaya_gruziya_1803-1867_2026-09-22.md",,
GEO_IMERETI,1810-03-04,,территория,Имеретия,"низложение царя Соломона II объявлено в Кутаисе 20.02.1810, жители приведены к присяге; за месяц занято 11 крепостей. Трактат 25.04.1804 оставил царю «самовластие», с 1806 года в Кутаисе батальон - точка","АКАК т. 4, док. 330; ПСЗРИ т. 31 № 24246; розыск MAP-MATERIALS/peresmotr_resheniy_2026-09-18/rozysk/b5_zapadnaya_gruziya_1803-1867_2026-09-22.md",,
GEO_RACHA,1810-03-04,,территория,Рача,"Рачинский уезд приведён к присяге отрядом майора Гедримовича в феврале - марте 1810 года, вместе с Имеретией","АКАК т. 4, строка 4462; розыск MAP-MATERIALS/peresmotr_resheniy_2026-09-18/rozysk/b5_zapadnaya_gruziya_1803-1867_2026-09-22.md",,
GEO_GURIA,1828-10-14,,территория,Гурия,"в ночь на 02.10.1828 правительница София бежала с малолетним владетелем в турецкий Кобулети, введено временное военное правление; присоединение - доклад Паскевича 26.12.1829. Присяга 1810 года оставила дому Гуриели внутреннее правление","АКАК т. 7; en.wikipedia «David Gurieli» (Потто, т. III ч. 2); розыск MAP-MATERIALS/peresmotr_resheniy_2026-09-18/rozysk/b5_zapadnaya_gruziya_1803-1867_2026-09-22.md",,
KZ_MIDDLE,1822-08-03,,территория,Средний жуз,Устав о сибирских киргизах 22.06.1822 (присяга Абулмамбета 1740),ПСЗРИ т. 38 № 29127,,
ARM_TURKMANCHAY,1828-02-22,,территория,Туркманчай: Эриванское ханство и Сурмалу,Туркманчайский мир 10.02.1828; Армянская область 21.03.1828,ПСЗРИ (2-е собр.) т. 3 № 1794,,
AZ_NAKHCHIVAN,1828-02-22,,территория,Туркманчай: Нахичеванское ханство,Туркманчайский мир 10.02.1828,ПСЗРИ (2-е собр.) т. 3 № 1794,,
DON_HOST,1775-02-25,,территория,Земля Войска Донского,войсковое правление заменено государственным Войсковым гражданским правительством под Потёмкиным; Черкасск и «все жилища вѣрнаго Нашего войска Донского» включены в Азовскую губернию,"ПСЗРИ, собр. 1-е, т. XX (указы 14.02.1775); Сухоруков В. Д., «Статистическое описание земли донских казаков» (граница по линии 1786 г.)",,"Ахалцихский пашалык краснеет со взятия, а не с мира (22.09.2026): военная
оккупация = имперский контроль = красное (куратор 18.09.2026). До взятия
он османский - см. вычитание GEO_SAMTSKHE в SUBS
парные добавления к вычитаниям DON_HOST и KALMYK_KHANATE - правило
«вычел - верни»: контур источника до 1783 года низ Дона не красит, и
без строки Черкасск остался бы чёрным и после 1775 года (проверка 22.09)"
KALMYK_KHANATE,1771-02-06,,территория,Калмыцкие улусы под Астраханью,"после исхода улусов левобережья 05.01.1771 калмыцкие дела переведены в Астрахань («Экспедиция калмыцких дел»), в улусы посланы приставы; 19.10.1771 звания ханов и наместников упразднены, улусовладельцы подчинены астраханскому губернатору","розыск MAP-MATERIALS/peresmotr_resheniy_2026-09-18/rozysk/b_kalmyki_1700-1771_2026-09-22.md (Пальмов, Кичиков, Ходарковский)",,
YAIK_TOWNS,1772-06-18,,территория,Яицкий городок и Гурьев,"утром 07.06.1772 генерал Фрейман с главными силами встал между мостом через Чаган и Яицким городком (рапорт Фреймана 19.06.1772, Дубровин, «Пугачёв и его сообщники», т. 1, с. 100); войсковая канцелярия упразднена, «казачій кругъ уничтоженъ... навсегда», поставлены комендант (полковник Симонов) и постоянный гарнизон. Военная оккупация = имперский контроль (куратор 18.09.2026), дальше госуправление. Площадь - города Уральск и Атырау (Гурьев); полосу войсковых земель по Яику источник не очерчивает","Дубровин Н. Ф., «Пугачёв и его сообщники», т. 1 (1884), с. 100-104",,
GEO_SAMTSKHE,1828-08-28,,территория,Ахалцихский пашалык: взятие и Адрианополь,"в августе 1828 года Паскевич «после нескольких дней осады, овладел крепостью посредством штурма» (ЭСБЕ, «Ахалцых»); Ахалкалаки «снова была отнята у них в 1828 г. войсками гр. Паскевича и в 1829 окончательно присоединена к России» (ЭСБЕ, «Ахалкалаки»). До мира это военная оккупация; Адрианопольский мир 02.09.1829 оставил пашалык империи. День взятия 16.08.1828 - по литературе, донесение Паскевича (АКАК, т. VII) не сверено","ЭСБЕ, «Ахалцых» и «Ахалкалаки»; ПСЗРИ (2-е собр.) т. 4 № 3128",,
ANAPA,1829-09-14,,территория,Адрианополь: Анапа и Суджук-кале,Адрианопольский мир 02.09.1829,ПСЗРИ (2-е собр.) т. 4 № 3128; крепости отрезаны рамкой по побережью,,
KZ_SENIOR,1854-06-01,,территория,Старший жуз и Заилийский край,"принятие в подданство 1846-1848, укрепление Верное 1854 (месяц условный)",Материалы по истории Казахской ССР; дела Оренбургской пограничной комиссии,,
CIRCASSIA,1864-06-02,,территория,Черкесия,"окончание Кавказской войны, парад в Кбаадэ 21.05.1864","АКАК т. 12; Берже А.П. Выселение горцев с Кавказа - империя очистила край депортацией черкесов, договора об уступке не было",,
TASHKENT,1865-06-29,,территория,Ташкент и Туркестанская область,штурм Ташкента 15-17.06.1865; Туркестанское генерал-губернаторство 11.07.1867,Терентьев М.А. История завоевания Средней Азии т. 1; ПСЗРИ (2-е собр.) т. 42 № 44831,,
ZERAVSHAN,1868-05-14,,территория,Зеравшанский округ (Самарканд),взятие Самарканда 02.05.1868; договор с Бухарой 23.06.1868,Терентьев М.А. т. 1; текст мирного договора 1868,,
SAKHALIN,1875-05-07,1905-09-05,территория,Сахалин,Петербургский договор 25.04.1875 (обмен Курил на Сахалин),текст Санкт-Петербургского договора 1875; Портсмутский мир 05.09.1905 вернул Японии юг острова,,
FERGHANA,1876-03-02,,территория,Ферганская область (Коканд),упразднение Кокандского ханства 19.02.1876,ПСЗРИ (2-е собр.) т. 51 № 55613,,
KARS,1878-07-13,,территория,Карсская и Батумская области,Берлинский трактат 01.07.1878,"ПСЗРИ (2-е собр.) т. 53 № 58785; ст. 58 - по тексту Викитеки; провинции Карс и Ардахан и районы OSM по линии ст. 58 (22.09.2026), площадь сходится с ЭСБЕ («Карсская область», «Ольты») до 1 %",,
GEO_AJARIA,1878-09-06,,территория,Батумская область (Аджария),"Батум сдан Дервиш-пашой и занят войсками Святополк-Мирского 25.08.1878 - спустя восемь недель после Берлинского трактата 01.07.1878 (правило «контроль, а не акт», 22.09.2026)","ПСЗРИ (2-е собр.) т. 53 № 58785; розыск MAP-MATERIALS/peresmotr_resheniy_2026-09-18/rozysk/b5_anatoliya_okkupacii_2026-09-22.md, b5_anatoliya_vyvody_2026-09-22.md",,
PERSIA_TABRIZ,1909-04-30,1915-01-14,оккупация,Персия: Тебриз,русский отряд вошёл в Тебриз 17(30).04.1909 (Browne); турки вошли в оставленный город 01.01.1915,розыск MAP-MATERIALS/peresmotr_resheniy_2026-09-18/rozysk/b5_persiya_garnizony_1909-1918.csv и b5_persiya_dni_2026-09-22.md,,"--- Восточная Анатолия: оккупации (22.09.2026, куратор 18.09: военная
оккупация = контроль). Окна - от взятия до вывода; площадь - округа
российского управления по документу. Вывод 1830 года шёл пакетом весной
- летом: 22.01.1830 войска ещё стоят, к рапорту Панкратьева июня - июля
1830 года ушли; день есть только у Карса (26.06.1830 н. ст. по турецкой
литературе) - он и стоит у всех округов 1828-1830 годов
--- Персия 1909-1918 (22.09.2026, куратор: районы городов с гарнизонами, не
провинции). Слои ПМВ и зон берут эти окна через occupation_geom"
PERSIA_TABRIZ,1915-01-30,1918-03-01,оккупация,Персия: Тебриз,"отбит без боя 17.01.1915 (Корсун, Масловский, Allen-Muratoff); эвакуация дек. 1917 - март 1918",розыск MAP-MATERIALS/peresmotr_resheniy_2026-09-18/rozysk/b5_persiya_garnizony_1909-1918.csv и b5_persiya_dni_2026-09-22.md,,
PERSIA_URMIA,1911-01-01,1914-12-31,оккупация,Персия: Урмия,"гарнизон с арсеналом не позже 1910 года (Allen-Muratoff, Wigram; дня нет - стоит 01.01.1911); оставлена в последние дни декабря 1914 (Coan)",розыск MAP-MATERIALS/peresmotr_resheniy_2026-09-18/rozysk/b5_persiya_garnizony_1909-1918.csv и b5_persiya_dni_2026-09-22.md,,
PERSIA_URMIA,1915-06-01,1918-03-01,оккупация,Персия: Урмия,к июню 1915 снова в диспозиции отряда Чернозубова (Корсун 1940),розыск MAP-MATERIALS/peresmotr_resheniy_2026-09-18/rozysk/b5_persiya_garnizony_1909-1918.csv и b5_persiya_dni_2026-09-22.md,,
PERSIA_KHOY,1911-01-01,1918-03-01,оккупация,Персия: Хой,гарнизон не позже 1910 года; 29-30.12.1914 оставлен и в тот же день занят снова (Масловский),розыск MAP-MATERIALS/peresmotr_resheniy_2026-09-18/rozysk/b5_persiya_garnizony_1909-1918.csv и b5_persiya_dni_2026-09-22.md,,
PERSIA_SALMAS,1911-01-01,1914-12-31,оккупация,Персия: Дильман (Салмас),гарнизон не позже 1910 года; ушёл к Джульфе вместе с войсками из Урмии в декабре 1914,розыск MAP-MATERIALS/peresmotr_resheniy_2026-09-18/rozysk/b5_persiya_garnizony_1909-1918.csv и b5_persiya_dni_2026-09-22.md,,
PERSIA_SALMAS,1915-03-01,1918-03-01,оккупация,Персия: Дильман (Салмас),"отбит 16.02.1915 (Масловский, Allen-Muratoff)",розыск MAP-MATERIALS/peresmotr_resheniy_2026-09-18/rozysk/b5_persiya_garnizony_1909-1918.csv и b5_persiya_dni_2026-09-22.md,,
PERSIA_MAHABAD,1911-01-01,1914-12-31,оккупация,Персия: Суджбулаг (Мехабад),пост не позже 1910 года (Allen-Muratoff); очищен при отходе в декабре 1914 (Корсун 1940),розыск MAP-MATERIALS/peresmotr_resheniy_2026-09-18/rozysk/b5_persiya_garnizony_1909-1918.csv и b5_persiya_dni_2026-09-22.md,,
PERSIA_ARDABIL,1910-07-01,1918-03-01,оккупация,Персия: Ардебиль,500 русских солдат в Ардебиле в июле 1910 (Browne); Ардебильский отряд до эвакуации,розыск MAP-MATERIALS/peresmotr_resheniy_2026-09-18/rozysk/b5_persiya_garnizony_1909-1918.csv и b5_persiya_dni_2026-09-22.md,,
PERSIA_QAZVIN,1909-07-11,1918-03-01,оккупация,Персия: Казвин,авангард экспедиции в Казвине 28.06(11.07).1909 (Browne); с 1915 года штаб корпуса Баратова,розыск MAP-MATERIALS/peresmotr_resheniy_2026-09-18/rozysk/b5_persiya_garnizony_1909-1918.csv и b5_persiya_dni_2026-09-22.md,,
PERSIA_RASHT,1909-07-08,1918-03-01,оккупация,Персия: Решт,"высадка в Энзели 25.06(08.07).1909, авангард уже в Реште (Browne)",розыск MAP-MATERIALS/peresmotr_resheniy_2026-09-18/rozysk/b5_persiya_garnizony_1909-1918.csv и b5_persiya_dni_2026-09-22.md,,
PERSIA_ANZALI,1909-07-08,1918-03-01,оккупация,Персия: Энзели,высадка 1800-2000 казаков 25.06(08.07).1909 (Browne),розыск MAP-MATERIALS/peresmotr_resheniy_2026-09-18/rozysk/b5_persiya_garnizony_1909-1918.csv и b5_persiya_dni_2026-09-22.md,,
PERSIA_MASHHAD,1912-03-29,1918-03-01,оккупация,Персия: Мешхед,"русские войска обстреляли святыню имама Резы 16(29).03.1912 - гарнизон не позже этого дня; в 1913 году 13-й Туркестанский полк выведен, семиреченские казаки остались (Blue Book)",розыск MAP-MATERIALS/peresmotr_resheniy_2026-09-18/rozysk/b5_persiya_garnizony_1909-1918.csv и b5_persiya_dni_2026-09-22.md,,
PERSIA_HAMADAN,1915-12-15,1916-08-10,оккупация,Персия: Хамадан,занят 02.12.1915 (Масловский); оставлен в ночь на 28.07(10.08).1916 (Allen-Muratoff),розыск MAP-MATERIALS/peresmotr_resheniy_2026-09-18/rozysk/b5_persiya_garnizony_1909-1918.csv и b5_persiya_dni_2026-09-22.md,,
PERSIA_HAMADAN,1917-03-02,1918-03-01,оккупация,Персия: Хамадан,отбит 17.02.1917 (Корсун 1946),розыск MAP-MATERIALS/peresmotr_resheniy_2026-09-18/rozysk/b5_persiya_garnizony_1909-1918.csv и b5_persiya_dni_2026-09-22.md,,
PERSIA_KERMANSHAH,1916-02-26,1916-07-02,оккупация,Персия: Керманшах,вошли 13.02.1916 (Масловский); оставлен в ночь на 20.06.1916,розыск MAP-MATERIALS/peresmotr_resheniy_2026-09-18/rozysk/b5_persiya_garnizony_1909-1918.csv и b5_persiya_dni_2026-09-22.md,,
PERSIA_KERMANSHAH,1917-03-10,1918-03-01,оккупация,Персия: Керманшах,«25 февраля ... русские заняли весь район Керманшаха» (Корсун 1946),розыск MAP-MATERIALS/peresmotr_resheniy_2026-09-18/rozysk/b5_persiya_garnizony_1909-1918.csv и b5_persiya_dni_2026-09-22.md,,
PERSIA_SANANDAJ,1916-03-09,1916-07-01,оккупация,Персия: Сенне (Сенендедж),занят 25.02.1916 (Масловский); турецкий отряд вошёл 18.06(01.07).1916 (Allen-Muratoff),розыск MAP-MATERIALS/peresmotr_resheniy_2026-09-18/rozysk/b5_persiya_garnizony_1909-1918.csv и b5_persiya_dni_2026-09-22.md,,
PERSIA_SANANDAJ,1917-03-05,1918-03-01,оккупация,Персия: Сенне (Сенендедж),занят 20.02.1917 (Корсун 1946),розыск MAP-MATERIALS/peresmotr_resheniy_2026-09-18/rozysk/b5_persiya_garnizony_1909-1918.csv и b5_persiya_dni_2026-09-22.md,,
PERSIA_BIJAR,1916-03-03,1916-07-01,оккупация,Персия: Бижар,занят 19.02.1916; казачий полк отошёл к Хамадану 18.06(01.07).1916 (Allen-Muratoff),розыск MAP-MATERIALS/peresmotr_resheniy_2026-09-18/rozysk/b5_persiya_garnizony_1909-1918.csv и b5_persiya_dni_2026-09-22.md,,
PERSIA_NAHAVAND,1916-02-08,1916-08-07,оккупация,Персия: Нехавенд,противник отброшен 26.01.1916; отход около 25.07(07.08).1916 (Allen-Muratoff),розыск MAP-MATERIALS/peresmotr_resheniy_2026-09-18/rozysk/b5_persiya_garnizony_1909-1918.csv и b5_persiya_dni_2026-09-22.md,,
PERSIA_KANGAVAR,1916-01-13,1916-08-07,оккупация,Персия: Кянгавар,взят с боем 31.12.1915; оставлен 25-26.07.1916,розыск MAP-MATERIALS/peresmotr_resheniy_2026-09-18/rozysk/b5_persiya_garnizony_1909-1918.csv и b5_persiya_dni_2026-09-22.md,,
PERSIA_KANGAVAR,1917-03-10,1918-03-01,оккупация,Персия: Кянгавар,на шоссе Хамадан - Керманшах: к 25.02.1917 занят весь район Керманшаха,розыск MAP-MATERIALS/peresmotr_resheniy_2026-09-18/rozysk/b5_persiya_garnizony_1909-1918.csv и b5_persiya_dni_2026-09-22.md,,
PERSIA_HARSIN,1916-02-24,1916-08-05,оккупация,Персия: Бисотун,занят 11.02.1916; бой у Бисотуна 23.07(05.08).1916,розыск MAP-MATERIALS/peresmotr_resheniy_2026-09-18/rozysk/b5_persiya_garnizony_1909-1918.csv и b5_persiya_dni_2026-09-22.md,,
PERSIA_HARSIN,1917-03-10,1918-03-01,оккупация,Персия: Бисотун,на шоссе Хамадан - Керманшах,розыск MAP-MATERIALS/peresmotr_resheniy_2026-09-18/rozysk/b5_persiya_garnizony_1909-1918.csv и b5_persiya_dni_2026-09-22.md,,
PERSIA_ASADABAD,1915-12-25,1916-08-10,оккупация,Персия: Асадабад,очищен 12.12.1915; позиции оставлены в ночь на 28.07(10.08).1916,розыск MAP-MATERIALS/peresmotr_resheniy_2026-09-18/rozysk/b5_persiya_garnizony_1909-1918.csv и b5_persiya_dni_2026-09-22.md,,
PERSIA_ASADABAD,1917-03-10,1918-03-01,оккупация,Персия: Асадабад,на шоссе Хамадан - Керманшах,розыск MAP-MATERIALS/peresmotr_resheniy_2026-09-18/rozysk/b5_persiya_garnizony_1909-1918.csv и b5_persiya_dni_2026-09-22.md,,
PERSIA_DALAHU,1916-04-29,1916-06-28,оккупация,Персия: Керинд,взят с боем 16.04.1916; отход в ночь на 15(28).06.1916 (Allen-Muratoff),розыск MAP-MATERIALS/peresmotr_resheniy_2026-09-18/rozysk/b5_persiya_garnizony_1909-1918.csv и b5_persiya_dni_2026-09-22.md,,
PERSIA_QASR,1916-05-04,1916-06-06,оккупация,Персия: Каср-и-Ширин,взят с боем 21.04.1916 (Корсун 1946); общий отход начат 24.05(06.06).1916 (Allen-Muratoff),розыск MAP-MATERIALS/peresmotr_resheniy_2026-09-18/rozysk/b5_persiya_garnizony_1909-1918.csv и b5_persiya_dni_2026-09-22.md,,
PERSIA_MAKU,1911-01-01,1918-03-01,оккупация,Персия: Маку,"пост не позже 1910 года (Allen-Muratoff: «with posts at Maku, Maragha and Suj-bulak»); с начала войны 1914 года Макинский отряд (Корсун 1946), летом 1915 года отряд ген. Трухина (Корсун 1940); узкоколейка Шахтахты - Маку строилась войсками (Масловский); дня входа нет - стоит 01.01.1911, как у Хоя и Урмии",розыск MAP-MATERIALS/peresmotr_resheniy_2026-09-18/rozysk/b5_persiya_garnizony_1909-1918.csv и WORKFILES/kb-steps/persia_cer_1914/REPORT.md,,"--- Персия: посты Маку и Марага (розыск 29.09.2026, WORKFILES/kb-steps/persia_cer_1914)"
PERSIA_MARAGHEH,1911-01-01,1915-01-14,оккупация,Персия: Марага,"пост не позже 1910 года (Allen-Muratoff); на начало войны 1914 года - рота 8-го Кавказского стрелкового полка из Тебризского гарнизона (Масловский, боевое расписание); ушла не позже оставления Тебриза 01.01.1915 ст. ст.; возвращение в 1915-1917 годах не найдено",розыск MAP-MATERIALS/peresmotr_resheniy_2026-09-18/rozysk/b5_persiya_garnizony_1909-1918.csv и WORKFILES/kb-steps/persia_cer_1914/REPORT.md,,
PERSIA_ANZALI,1920-05-18,1921-09-08,оккупация,Гилян: Энзели,"десант Волжско-Каспийской флотилии (Раскольников) 18.05.1920: британский гарнизон ушёл по ультиматуму, в порту встали советский экспедиционный корпус и флотилия; вывод советских войск из Гиляна завершён 08.09.1921","Encyclopaedia Iranica, «Jangali movement» (P. Dailami); M. Rezun, The Soviet Union and Iran (1981), p. 17; П. Аптекарь, «Красное солнце. Секретные восточные походы РККА»; розыск MAP-MATERIALS/peresmotr_resheniy_2026-09-18/rozysk/b5_gilyan_1920-1921_2026-09-22.md",,"Гилян 1920-1921 (22.09.2026): советский десант в Энзели и вывод
войск; до 18.03.1921 окно держит слой зон через occupation_geom, после -
правка позднего окна (LATE_EDITS)"
ANAT_KARS_1828,1828-07-05,1830-06-26,оккупация,Карсский пашалык,Карс взят 23.06.1828; пашалыком правил начальник Карсского пашалыка полк. кн. Бекович-Черкасский,"АКАК т. 7; розыск MAP-MATERIALS/peresmotr_resheniy_2026-09-18/rozysk/b5_anatoliya_okkupacii_2026-09-22.md, b5_anatoliya_vyvody_2026-09-22.md",,
ANAT_ARDAHAN_1828,1828-09-03,1830-06-26,оккупация,Ардаган (юго-запад Ахалцихского пашалыка),"Ардаган взят 22.08.1828, гарнизон ген. Бергмана","АКАК т. 7; розыск MAP-MATERIALS/peresmotr_resheniy_2026-09-18/rozysk/b5_anatoliya_okkupacii_2026-09-22.md, b5_anatoliya_vyvody_2026-09-22.md",,
ANAT_BAYAZET_1828,1828-09-08,1830-06-26,оккупация,Баязетский пашалык,"кн. Чавчавадзе занял Баязет 27-28.08.1828 с приказом «занять пашалык сей, как и главный город»; временное правление в Баязете","АКАК т. 7; розыск MAP-MATERIALS/peresmotr_resheniy_2026-09-18/rozysk/b5_anatoliya_okkupacii_2026-09-22.md, b5_anatoliya_vyvody_2026-09-22.md",,
ANAT_ERZURUM_1829,1829-07-09,1830-06-26,оккупация,Эрзерум,цитадель сдана 27.06.1829 в 18:30; Временное правление Эрзерумское (главный начальник пашалыка ген.-м. Панкратьев),"АКАК т. 7; розыск MAP-MATERIALS/peresmotr_resheniy_2026-09-18/rozysk/b5_anatoliya_okkupacii_2026-09-22.md, b5_anatoliya_vyvody_2026-09-22.md",,
ANAT_ERZURUM_SANJ_1829,1829-07-09,1830-06-26,оккупация,санджаки Эрзерумского правления,"восемь покорившихся санджаков: Верхний и Нижний Пасин, Тортум, Нариман, Терджан, Эрзинган, Хныс и окрестности города; отряды посланы «для занятия» Хныса, Ашкале и Терджана сразу после взятия Эрзерума; Испир и Олту не подтвердились","АКАК т. 7; розыск MAP-MATERIALS/peresmotr_resheniy_2026-09-18/rozysk/b5_anatoliya_okkupacii_2026-09-22.md, b5_anatoliya_vyvody_2026-09-22.md",,
ANAT_BAYBURT_1829,1829-08-06,1829-09-04,оккупация,Байбурт,"Паскевич в Байбурте 25.07.1829, «открыто новое временное управление»; крепость взорвана и гарнизон выведен около 23.08.1829","АКАК т. 7; розыск MAP-MATERIALS/peresmotr_resheniy_2026-09-18/rozysk/b5_anatoliya_okkupacii_2026-09-22.md, b5_anatoliya_vyvody_2026-09-22.md",,
ANAT_CILDIR_1855,1855-06-18,1856-08-09,оккупация,Чалдырский санджак,местное управление под российской властью к 06.06.1855,"АКАК т. 11; розыск MAP-MATERIALS/peresmotr_resheniy_2026-09-18/rozysk/b5_anatoliya_okkupacii_2026-09-22.md, b5_anatoliya_vyvody_2026-09-22.md",,
ANAT_ZARUSAD_1855,1855-06-20,1856-08-09,оккупация,Зарушадский и Шурагельский санджаки,под российской властью к 08.06.1855,"АКАК т. 11; розыск MAP-MATERIALS/peresmotr_resheniy_2026-09-18/rozysk/b5_anatoliya_okkupacii_2026-09-22.md, b5_anatoliya_vyvody_2026-09-22.md",,
ANAT_KAGIZMAN_1855,1855-07-21,1856-08-09,оккупация,Кагызманский санджак,начальник санджака Ахмед-ага с 09.07.1855,"АКАК т. 11; розыск MAP-MATERIALS/peresmotr_resheniy_2026-09-18/rozysk/b5_anatoliya_okkupacii_2026-09-22.md, b5_anatoliya_vyvody_2026-09-22.md",,
ANAT_KARS_OBL_1855,1855-11-28,1856-08-09,оккупация,Карсская область 1855-1856,"Карс капитулировал 16.11.1855; «Положение» о Карсской области 19.11.1855, начальник - Лорис-Меликов с 21.11.1855; три округа - Карсский, Ардаганский, Ольтинский; крепость передана туркам 25.07.1856, вывод 28-29.07.1856","АКАК т. 11; розыск MAP-MATERIALS/peresmotr_resheniy_2026-09-18/rozysk/b5_anatoliya_okkupacii_2026-09-22.md, b5_anatoliya_vyvody_2026-09-22.md",,
KARS_ARDAHAN_1877,1877-05-17,,территория,Ардаган,Ардаган взят 05.05.1877 и остался за империей (Берлинский трактат 01.07.1878),"Allen & Muratoff; розыск MAP-MATERIALS/peresmotr_resheniy_2026-09-18/rozysk/b5_anatoliya_okkupacii_2026-09-22.md, b5_anatoliya_vyvody_2026-09-22.md",,
KARS_KARS_1877,1877-11-18,,территория,Карс,Карс взят штурмом 06.11.1877 и остался за империей (Берлинский трактат 01.07.1878),"Allen & Muratoff; розыск MAP-MATERIALS/peresmotr_resheniy_2026-09-18/rozysk/b5_anatoliya_okkupacii_2026-09-22.md, b5_anatoliya_vyvody_2026-09-22.md",,
ANAT_BAYAZET_1877,1877-04-29,1877-07-11,оккупация,Баязет 1877,Баязет занят 17.04.1877; оставлен после деблокады 29.06.1877,"Allen & Muratoff; розыск MAP-MATERIALS/peresmotr_resheniy_2026-09-18/rozysk/b5_anatoliya_okkupacii_2026-09-22.md, b5_anatoliya_vyvody_2026-09-22.md",,
ANAT_ALASHKERT_1877,1877-05-20,1877-07-11,оккупация,Алашкертская долина 1877,Каракилиса занята 08(20).05.1877 отрядом Тергукасова; оставлена при его отходе 29.06.1877,"Allen & Muratoff; розыск MAP-MATERIALS/peresmotr_resheniy_2026-09-18/rozysk/b5_anatoliya_okkupacii_2026-09-22.md, b5_anatoliya_vyvody_2026-09-22.md",,
ANAT_ERZURUM_OBL_1877,1877-10-13,1878-09-19,оккупация,Эрзурумская область 1877-1878,"военное губернаторство «Эрзурумская область» с 01.10.1877: округа Баязет, Элешкирт, Хоросан, Хасан-Кале (Пасин); по Берлинскому трактату возвращены Турции, Эрзурум сдан 07(19).09.1878","Turan 2025 (скачано); розыск MAP-MATERIALS/peresmotr_resheniy_2026-09-18/rozysk/b5_anatoliya_okkupacii_2026-09-22.md, b5_anatoliya_vyvody_2026-09-22.md",,
ANAT_ERZURUM_1878,1878-02-20,1878-09-19,оккупация,Эрзурум 1878,по перемирию войска вошли в Эрзурум 08-10.02.1878; город сдан туркам 07(19).09.1878 в 17:00,"Allen & Muratoff; Turan 2025; розыск MAP-MATERIALS/peresmotr_resheniy_2026-09-18/rozysk/b5_anatoliya_okkupacii_2026-09-22.md, b5_anatoliya_vyvody_2026-09-22.md",,
BURYAT_LAND,1727-08-31,,территория,Бурятия и Забайкалье,"Буринский трактат 20.08.1727 разграничил земли между империей и Цинами по линии от Кяхты; демаркация - ПСЗРИ т. VII № 5180 (восток) и № 5189 (запад, 24 маяка с росписью бурятских родов-караульщиков)","ПСЗРИ т. VII № 5143 (Буринский трактат), № 5180, № 5189; разбор MAP-MATERIALS/loop_2026-09-03/D2_hubsugul.md. ПАРНОЕ добавление к вычитанию BURYAT_LAND: контур источника 1715 г. не держит Кяхту и пограничную полосу, и после снятия вычитания они оставались чёрными (правило «вычел - верни», HANDOFF)",,
AMUDARYA_OTDEL,1873-08-24,,территория,Амударьинский отдел (правобережье Амударьи),"Гендемианский мир 12(24).08.1873: правобережье Амударьи отошло империи; укрепление Петро-Александровск, отдел с 1874","ЭСБЕ «Аму-Дарьинский отдел», т. Ia (1890); S. Becker, Russia's Protectorates in Central Asia (1968), даты ст. ст.; https://archive.org/details/dli.pahar.3354, с. 75; розыск ~/tmp/WORKFILES/kb-steps/reserve_B_1914/agents/B_bukhara_khiva.md",1886,до 30.09.2026 шёл одной строкой KHIVA вместе с ханством
SUGHD_1868,1868-05-14,,территория,"Ходжент, Ура-Тюбе и верховья Зеравшана","взятие Самарканда 02(14).05.1868 - дата прежней строки BUKHARA, через которую Согд краснел; Ходжент взят 24.05(05.06).1866, Ура-Тюбе 02(14).10.1866 - розыск","Терентьев М. А., История завоевания Средней Азии, т. 1",,"ДАТА ОСТАВЛЕНА ПРЕЖНЕЙ (1868-05-14), чтобы вынос Бухары не менял Согд; настоящие дни 1866-1876 не сверены"
WEST_PAMIR,1905-01-25,,оккупация,"Западный Памир: Шугнан, Рошан, Вахан","временная инструкция начальнику Памирского отряда 12(25).01.1905: должность шугнанского бека упразднена, управление населением у начальника отряда в Хороге, бухарский чиновник при нём; штат управления 11(24).01.1906","Халфин Н. А. (сост.), «Россия и Бухарский эмират на Западном Памире» (1975), док. № 6, 8; https://www.vostlit.info/Texts/Dokumenty/M.Asien/XX/1900-1920/Dones_Zap_Pamir/text8.htm; S. Becker, Russia's Protectorates in Central Asia (1968), даты ст. ст.; https://archive.org/details/dli.pahar.3354, с. 216-218; розыск ~/tmp/WORKFILES/kb-steps/reserve_B_1914/agents/A_turkmenia_pamir.md",,юридически бекство Бухары («сохранив их номинально ... за бухарцами»); до 1905 - сфера Бухары с 08.07.1896 и точка Хорогского поста
KHIVA_KHANATE,1916-02-28,,оккупация,Хивинское ханство (левобережье),"отряд генерал-лейтенанта Галкина выбил туркмен Джунаид-хана из Хивы 15(28).02.1916; военное положение распространено на ханство по директиве военного министра и министра иностранных дел (телеграмма 01(14).02.1916); после отмены военного положения войска оставлены, начальник Амударьинского отдела Колосовский с мая 1916 «фактически осуществлял от имени хана меры»; соглашение 29.01(11.02).1917 - военный комиссар и русские войска в Хиве","S. Becker, Russia's Protectorates in Central Asia (1968), даты ст. ст.; https://archive.org/details/dli.pahar.3354, с. 234-236; Р. Ю. Почекаев, «Использование российских войск в среднеазиатских протекторатах», ВИЖ, 2020, № 3, с. 37; R. Pierce, Russian Central Asia 1867-1917 (1960), с. 269",,"ПО ПРАВИЛУ 07_okkupacii.md: отряд 1915 года (Геппенер прибыл 22.06(05.07).1915) стоял «for the khan's protection» при власти хана - это сфера; красное - с войск, которые правят сами (Галкин, военное положение). Если куратор считает отряд 1915 года контролем - frm 1915-07-05, день прибытия Геппенера с отрядом (Becker, с. 233; Pierce: «with a small force»), день прихода дружины не найден"
TUVA_KHEMCHIK,1915-03-14,,протекторат,Урянхайский край: Хемчик,«Временные правила для смешанного суда русских и урянхайцев в Кемчикском хошуне» в силе с 01(14).03.1915: суд из русского старшего выборного и двух тувинских чиновников; комиссар Григорьев живёт в крае с начала 1915,"А. А. Самдан, «Деятельность комиссара по делам Урянхайского края В. Ю. Григорьева (1914-1917)», Гуманитарные науки в Сибири, 2021, № 2, с. 63-71; https://www.sibran.ru/upload/iblock/061/061fea2f24ced9d83223b7b3223b5dc8.pdf, с. 65-66",,первая власть империи над самими тувинцами; до того - сфера с 17.07.1914
TUVA_NORTH,1915-04-14,,протекторат,Урянхайский край к северу от Танну-Ола,"в апреле 1915 «Временное положение о смешанном суде между русскими и урянхайцами» введено на всей территории; в мае 1915 комиссар вызвал 45 человек Усинской местной команды и 50 казаков Кобдинского конвоя и отстранил амбын-нойона Комбу-Доржу. ДЕНЬ НЕ УСТАНОВЛЕН, стоит 01.04.1915 ст. ст.","А. А. Самдан, «Деятельность комиссара по делам Урянхайского края В. Ю. Григорьева (1914-1917)», Гуманитарные науки в Сибири, 2021, № 2, с. 63-71; https://www.sibran.ru/upload/iblock/061/061fea2f24ced9d83223b7b3223b5dc8.pdf, с. 66, 68",,к югу от Танну-Ола власть не вводилась: предписание иркутского генерал-губернатора Пильца 16(29).11.1915
TM_BALKAN,1881-01-24,,территория,"Балканский велаят: Красноводск, Кизил-Арват, Атрек","штурм Геок-Тепе 12(24).01.1881 - конец сопротивления теке; область из «занятой Нашими войсками территории» и Закаспийского военного отдела - указ 6(18).05.1881 (ПСЗ-3, т. 1, № 142)","А. Н. Куропаткин, «Завоевание Туркмении» (1899), гл. 4; https://www.vostlit.info/Texts/Dokumenty/M.Asien/XIX/1880-1900/Kuropatkin/text4.htm; розыск ~/tmp/WORKFILES/kb-steps/reserve_B_1914/agents/A_turkmenia_pamir.md",1886,"ДЕНЬ ВЛАСТИ НАД ВНУТРЕННЕЙ СТЕПЬЮ НЕ НАЙДЕН, стоит день Геок-Тепе. До 1881 империя держала только берег: Красноводск (11.1869), Чикишляр (1871, укрепление 1878), Чат (1878) - точки реестра; Кизил-Арват занят в 1877 и оставлен"
TM_AKHAL_TEKE,1881-01-24,,территория,"Ахал-Теке: Геок-Тепе, Бами, Бахарден",штурм Геок-Тепе (Денгиль-тепе) 12(24).01.1881,"А. Н. Куропаткин, «Завоевание Туркмении» (1899), гл. 4; https://www.vostlit.info/Texts/Dokumenty/M.Asien/XIX/1880-1900/Kuropatkin/text4.htm; ЭСГ «Закаспийская область»",1886,
TM_ASHGABAT,1881-01-30,,территория,Асхабад и Анау,отряд Куропаткина занял Асхабад без боя 18(30).01.1881,"А. Н. Куропаткин, «Завоевание Туркмении» (1899), гл. 4; https://www.vostlit.info/Texts/Dokumenty/M.Asien/XIX/1880-1900/Kuropatkin/text4.htm",1886,
TM_TEJEN_ATEK,1884-02-12,,территория,Теджен и Атек,отряд Муратова на Теджене у Карры-Бента с декабря 1883; ханы Мерва и Теджена присягнули в Асхабаде 30-31.01(11-12.02).1884,"«Присоединение Туркмении к России» (Ашхабад, 1960), № 398, 399, 402; розыск ~/tmp/WORKFILES/kb-steps/reserve_B_1914/agents/A_turkmenia_pamir.md",1886,"Атек (Какинский этрап): рейд осенью 1883, приставство 1886, Кахкинская местная команда по положению 5(17).09.1885 - день постоянного поста не найден, стоит с Тедженом"
TM_MERV,1884-03-16,,территория,Мервский оазис,"отряд из 4 рот, 2 сотен и 4 орудий занял Коушут-хан-Калу 04(16).03.1884, «открыты действия уездного управления»","«Присоединение Туркмении к России» (Ашхабад, 1960), № 407 (донесение Комарова 07.03.1884); А. Н. Куропаткин, «Завоевание Туркмении» (1899), гл. 4; https://www.vostlit.info/Texts/Dokumenty/M.Asien/XIX/1880-1900/Kuropatkin/text4.htm",1886,
TM_YOLOTAN,1884-05-24,,территория,Иолотань (сарыки),образование Иолотанского приставства 12(24).05.1884,"М. Алиханов-Аварский, «Закаспийские воспоминания 1881-1885», гл. VIII-X; https://www.vostlit.info/Texts/Dokumenty/M.Asien/XIX/1880-1900/Alichanov_Avarskij_M/text2.phtml",1886,присяга в Асхабаде 21.04(03.05).1884
TM_SARAKHS,1884-06-04,,территория,Серахс,отряд Алиханова занял персидский форт Рукнабад 23.05(04.06).1884: «объявляю теперь занятым русскими войсками весь правый берег Теджена до авганских пределов»,"М. Алиханов-Аварский, «Закаспийские воспоминания 1881-1885», гл. VIII-X; https://www.vostlit.info/Texts/Dokumenty/M.Asien/XIX/1880-1900/Alichanov_Avarskij_M/text2.phtml; ЭСБЕ «Закаспийская область»",1886,
TM_PENDE,1885-03-30,,территория,Пенде и Кушка,"бой на Кушке (Таш-Кепри) 18(30).03.1885: афганцы выбиты, из «земель, очищенных афганцами» учреждён Пендинский округ","ВЭ «Кушка»; А. Н. Куропаткин, «Завоевание Туркмении» (1899), гл. 4; https://www.vostlit.info/Texts/Dokumenty/M.Asien/XIX/1880-1900/Kuropatkin/text4.htm; розыск ~/tmp/WORKFILES/kb-steps/reserve_B_1914/agents/A_turkmenia_pamir.md",1886,Кушкинский пост - 1885 или 1890 (источники расходятся); граница - протоколы 29.08(10.09).1885 и 10(22).07.1887
TM_LEBAP_DESERT,1884-03-16,,территория,Каракумы к западу от бухарского Лебапа,"пустыня между Мервом, Бухарой и Хивой; в России по CShapes 1886; ДЕНЬ НЕ УСТАНОВЛЕН, стоит день занятия Мерва 04(16).03.1884","CShapes 2.0 (gwcode 365, 1886); розыск ~/tmp/WORKFILES/kb-steps/reserve_B_1914/agents/A_turkmenia_pamir.md",1886,дата-заглушка
TM_DASHOGUZ_DESERT,1884-03-16,,территория,Каракумы к югу от Хивинского ханства,"пустыня между Мервом, Бухарой и Хивой; в России по CShapes 1886; ДЕНЬ НЕ УСТАНОВЛЕН, стоит день занятия Мерва 04(16).03.1884","CShapes 2.0 (gwcode 365, 1886); розыск ~/tmp/WORKFILES/kb-steps/reserve_B_1914/agents/A_turkmenia_pamir.md",1886,дата-заглушка
KINBURN,1774-07-21,1855-10-17,территория,Кинбурн с округом (Кинбурнский полуостров),"Кючук-Кайнарджийский мир 10(21).07.1774, ст. 18: крепость Кинбурн «с довольным ее округом»","ПСЗРИ, собр. I, т. XIX, № 14164, ст. 18",,"полуостров терялся источниками контура до 1886 года (розыск 25-26.09.2026); геометрия - полуостров по OSM; конец - капитуляция 05(17).10.1855, дальше потеря kinburn-1855"
KINBURN,1856-05-06,,территория,Кинбурн (возвращён по Парижскому миру),Кинбурн возвращён после Парижского мира 18(30).03.1856; дата - как у точки реестра kinburn-1856,"ru.wikipedia.org/wiki/Кинбурн; ПСЗ-2, т. XXXII (1857)",,геометрия - полуостров по OSM (отношение 8698667)
KERCH_ENIKALE,1771-07-02,1774-07-21,оккупация,Керчь и Еникале с округой (1771-1774),"кн. Щербатов занял Керчь и Еникале без боя 21.06(02.07).1771; ханом переданы по Карасубазарскому трактату 1(12).11.1772, ст. 7; с Кючук-Кайнарджийского мира - территория","А. Н. Петров, «Война России с Турцией и польскими конфедератами», т. 3 (1874), с. 184-185; ПСЗ-1, т. XIX, № 13943, ст. 7",,"у Петрова «21 іюля» - опечатка: на следующей странице Щербатов «отплылъ 11 іюля къ Тамани», оставив гарнизоны; 21 июня для Еникале - ru.wiki, en.wiki. Розыск 29.09.2026"
KERCH_ENIKALE,1774-07-21,1783-07-09,территория,Керчь и Еникале с уездом,"Кючук-Кайнарджийский мир 10(21).07.1774, ст. 19: крепости Еникале и Керчь «съ уѣздами... до урочища Бугакъ и отъ Бугака по прямой линіи... до Азовскаго моря»","ПСЗ-1, т. XIX, № 14164, ст. 19 (печ. с. 963); межевой ход: Томилов, ЗООИД т. 7 (1868), с. 193-194",,"до 1783 - отдельное пятно в Крымском ханстве; с 1783-07-09 его покрывает Крым (UA_CRIMEA), строка кончается там же, чтобы не задевать 200 поздних срезов. Точки реестра kerch-1774 и yenikale-1774 на уже красной земле в показ не идут (правило слоя точек)"
BUG_DNIPRO_CORNER,1774-07-21,,территория,Степи между Бугом и Днепром («угол»),"Кючук-Кайнарджийский мир 10(21).07.1774, ст. 18: «Замок Кинбурн, лежащий на устье реки Днепра, с довольным округом по левому берегу Днепра и с углом, который составляет степи, лежащие между рек Буга и Днепра, остается в полное, вечное и непрекословное владение Российской империи»","ПСЗРИ, собр. I, т. XIX, № 14164, ст. 18",,"до 1783 года угла не было ни в одной строке: контур источника 1715 года до низовий не доходит, а вырез Очаковской области брал и левый берег Буга (розыск 26.09.2026, WORKFILES/newbuild_2026-09-24/coast/ROZYSK_UGOL_1774.md). Граница с Портой 1774-1791 - Буг (Ясский мир отодвинул её на Днестр). Северный рубеж угла с запорожскими паланками источниками не описан; до 4 мая 1775 года земли Запорожья режет вырез UA_ZAPOROZHYE"
TAMAN,1783-10-12,,территория,Остров Тамань (Таманский полуостров),"манифест 08(19).04.1783 о принятии «полуострова Крымского, острова Тамана и всей Кубанской стороны»; дата контроля - как у правобережья Кубани в реконструкции (вычитание NOGAI_STEPPE по 01.10.1783)","ПСЗРИ, собр. I, т. XXI, № 15.708",,"запад Тамани (Фанагорийская крепость, Сенной) терялся источниками контура 1783-1864 (розыск 25-26.09.2026); геометрия - Темрюкский район по OSM, левобережье Кубани до 1864 режет CIRCASSIA_LEFT"
HOTIN_RAYA,1769-09-21,1774-12-21,оккупация,Хотинская райя (1769-1774),Голицын вступил в Хотин 10(21).09.1769; возврат Порте по трактату через 5 месяцев от 10(21).07.1774 - к 21.12.1774,"А. Н. Петров, «Война России с Турцией и польскими конфедератами 1769-1774», т. I-II (1866), т. I: «Утром 10-го сентября князь Голицын со свитою отправился на пароме в Хотин»; А. Н. Петров, там же, т. V (1874): текст Кючук-Кайнарджийского трактата 10(21).07.1774 (гарнизоны Измаила, Килии и Аккермана - до выхода войск из Бессарабии через 3 месяца; Хотин и Бендеры возвращаются через 5 месяцев); ПСЗРИ т. XIX № 14164 ст. 16; розыск MAP-MATERIALS/peresmotr_resheniy_2026-09-18/rozysk/b8_dunay_bolgariya_2026-09-22.md (тексты Петрова в istochniki/dun8_*)",,"окна турецких райй Бессарабии и Очаковской области (27.09.2026): до этого Бендеры, Аккерман, Килия, Измаил и Хотин не краснели ни в одну из трёх войн, а Хотинский уезд - и после 1812 года до 1886; даты н. ст. (XVIII век +11, XIX век +12), концы окон подогнаны к соседним строкам пачки 10а"
MD_BENDERY,1770-09-27,1774-12-21,оккупация,Бендерская райя (1770-1774),штурм Бендер 16(27).09.1770 (Панин); возврат вместе с Хотином через 5 месяцев от трактата,"А. Н. Петров, «Война России с Турцией и польскими конфедератами 1769-1774», т. I-II (1866), т. II, гл. II «Штурм Бендер 16-го сентября»; А. Н. Петров, там же, т. V (1874): текст Кючук-Кайнарджийского трактата 10(21).07.1774 (гарнизоны Измаила, Килии и Аккермана - до выхода войск из Бессарабии через 3 месяца; Хотин и Бендеры возвращаются через 5 месяцев); ПСЗРИ т. XIX № 14164 ст. 16",,
BUDJAK_IZMAIL,1770-08-06,1774-10-21,оккупация,Измаил (1770-1774),Репнин занял Измаил 26.07(06.08).1770; гарнизон держится до выхода войск из Бессарабии через 3 месяца от трактата - 21.10.1774,"А. Н. Петров, «Война России с Турцией и польскими конфедератами 1769-1774», т. I-II (1866), т. II «Занятие Измаила»: 25.07 отряд Репнина в 29 верстах от Измаила, «на другой день он двинулся к крепости четырьмя карреями»; А. Н. Петров, там же, т. V (1874): текст Кючук-Кайнарджийского трактата 10(21).07.1774 (гарнизоны Измаила, Килии и Аккермана - до выхода войск из Бессарабии через 3 месяца; Хотин и Бендеры возвращаются через 5 месяцев); ПСЗРИ т. XIX № 14164 ст. 16",,
BUDJAK_KILIA,1770-08-29,1774-10-21,оккупация,Килия (1770-1774),Килия сдалась Репнину 18(29).08.1770; гарнизон - до 21.10.1774,"А. Н. Петров, «Война России с Турцией и польскими конфедератами 1769-1774», т. I-II (1866), т. II «Действия под Килией» (день в OCR не разобран; 18.08 - ru.wikipedia.org «Осада Килии (1770)» как навигатор); А. Н. Петров, там же, т. V (1874): текст Кючук-Кайнарджийского трактата 10(21).07.1774 (гарнизоны Измаила, Килии и Аккермана - до выхода войск из Бессарабии через 3 месяца; Хотин и Бендеры возвращаются через 5 месяцев); ПСЗРИ т. XIX № 14164 ст. 16",,"день капитуляции Килии 1770 подтвердить по тексту Петрова, OCR тома II нечитаем в этом месте"
BUDJAK_AKKERMAN,1770-10-09,1774-10-21,оккупация,Аккерманская райя (1770-1774),ключи Аккермана поднесены Игельстрому 28.09(09.10).1770; гарнизон - до 21.10.1774,"А. Н. Петров, «Война России с Турцией и польскими конфедератами 1769-1774», т. I-II (1866), т. II: «28-го сентября ключи Аккермана были поднесены Игельстрому, который в тот же день и занял крепость»; А. Н. Петров, там же, т. V (1874): текст Кючук-Кайнарджийского трактата 10(21).07.1774 (гарнизоны Измаила, Килии и Аккермана - до выхода войск из Бессарабии через 3 месяца; Хотин и Бендеры возвращаются через 5 месяцев); ПСЗРИ т. XIX № 14164 ст. 16",,
MD_BUDJAK,1770-10-09,1774-10-21,оккупация,Буджак (1770-1774),"степь между Бендерами (27.09), Аккерманом (09.10) и Измаилом (06.08.1770) - под русскими отрядами; конец - выход войск из Бессарабии","А. Н. Петров, «Война России с Турцией и польскими конфедератами 1769-1774», т. I-II (1866), т. II; А. Н. Петров, там же, т. V (1874): текст Кючук-Кайнарджийского трактата 10(21).07.1774 (гарнизоны Измаила, Килии и Аккермана - до выхода войск из Бессарабии через 3 месяца; Хотин и Бендеры возвращаются через 5 месяцев); ПСЗРИ т. XIX № 14164 ст. 16",,дата всей степи взята по последней из трёх крепостей - Аккерману
HOTIN_RAYA,1788-09-29,1792-05-26,оккупация,Хотин (1788-1792),Хотин сдался 18(29).09.1788 и «был занят одним батальоном русских и одним австрийских войск»; австрийцы держали крепость до 1793,"А. Н. Петров, «Вторая турецкая война в царствование императрицы Екатерины II», т. I (1880), гл. IV; Ясский мир 29.12.1791, ст. XI: вывод войск к 15 мая 1792 (ПСЗРИ т. XXIII № 17008); день ухода не найден; розыск MAP-MATERIALS/peresmotr_resheniy_2026-09-18/rozysk/b8_dunay_bolgariya_2026-09-22.md (тексты Петрова в istochniki/dun8_*)",,"совместный гарнизон; день ухода русского батальона не найден, взят срок Ясского трактата как у OCC10_MD_W"
UA_OCHAKOV,1789-09-25,1792-01-09,оккупация,Междуречье Буга и Днестра (1789-1791),Очаков взят штурмом 6(17).12.1788; Гаджибейский замок - последний турецкий пост в междуречье - взят 14(25).09.1789; с Ясского мира - территория (MOLDOVA_LEFT),"А. Н. Петров, «Вторая турецкая война в царствование императрицы Екатерины II», т. I (1880), гл. V «Штурм Очакова 6 декабря и падение крепости»; А. Н. Петров, там же, т. II (1880), гл. «Атака и взятие Гаджибейского замка, 14-го сентября»; розыск MAP-MATERIALS/peresmotr_resheniy_2026-09-18/rozysk/b8_dunay_bolgariya_2026-09-22.md (тексты Петрова в istochniki/dun8_*)",,17.12.1788-25.09.1789 сама крепость Очаков не красная: округа крепости без документа не рисуется
UA_OCHAKOV,1792-01-09,,территория,Очаковская область (междуречье Буга и Днестра),Ясский мир 29.12.1791 (09.01.1792 н. ст.),"ПСЗРИ, собр. 1-е, т. XXIII, № 17008",,"28.09.2026: контур источника 1783 г. до берега у Очакова не доходит, а кусок основы v4 не достраивает берег у регионов, датированных позже контура (coast_later); строка возвращает Очаков после вычитания UA_OCHAKOV (разбор чекеров, WORKFILES/kb-steps/checks_2026-09-28)"
BUDJAK_AKKERMAN,1789-10-09,1792-05-26,оккупация,Аккерманская райя (1789-1792),сдача Аккермана 28.09(09.10).1789 (в литературе 30.09),"А. Н. Петров, там же, т. II (1880), оглавление гл.: «Сдача Аккермана, 28-го сентября»; Ясский мир 29.12.1791, ст. XI: вывод войск к 15 мая 1792 (ПСЗРИ т. XXIII № 17008); день ухода не найден",,
MD_BUDJAK,1789-10-09,1792-05-26,оккупация,Буджак (1789-1792),"Каушаны заняты 13(24).09.1789, Паланка и Аккерман - к 28.09(09.10).1789: степь между Днестром и Прутом под армией Потемкина","А. Н. Петров, там же, т. II (1880): «13-го сентября отряды принца Ангальта и генерала Потемкина подошли к Каушанам»; «Занятие Паланки. Сдача Аккермана, 28-го сентября»; Ясский мир 29.12.1791, ст. XI: вывод войск к 15 мая 1792 (ПСЗРИ т. XXIII № 17008); день ухода не найден",,
MD_BENDERY,1789-11-14,1792-05-26,оккупация,Бендерская райя (1789-1792),сдача крепости Бендеры 3(14).11.1789,"А. Н. Петров, там же, т. II (1880), оглавление гл.: «Сдача крепости Бендер, 3-го ноября»; Ясский мир 29.12.1791, ст. XI: вывод войск к 15 мая 1792 (ПСЗРИ т. XXIII № 17008); день ухода не найден",,
BUDJAK_KILIA,1790-10-29,1792-05-26,оккупация,Килия (1790-1792),Килия взята 18(29).10.1790,"А. Н. Петров, там же, т. II (1880) (день в OCR не разобран; 18.10 - ru.wikipedia.org «Осада Килии (1790)» как навигатор); Ясский мир 29.12.1791, ст. XI: вывод войск к 15 мая 1792 (ПСЗРИ т. XXIII № 17008); день ухода не найден",,день взятия Килии 1790 подтвердить по тексту Петрова
BUDJAK_IZMAIL,1790-12-22,1792-05-26,оккупация,Измаил (1790-1792),штурм Измаила 11(22).12.1790,"А. Н. Петров, там же, т. II (1880), оглавление гл.: «Штурм Измаила и падение крепости 11-го декабря»; Ясский мир 29.12.1791, ст. XI: вывод войск к 15 мая 1792 (ПСЗРИ т. XXIII № 17008); день ухода не найден",,
HOTIN_RAYA,1806-11-27,1812-05-28,оккупация,Хотин (1806-1812),занятие Хотина 15(27).11.1806 (Эссен); далее - территория по Бухарестскому миру,"А. Н. Петров, «Война России с Турцией 1806-1812», т. I (1885): «15-го ноября последовало занятие Хотина, где было найдено 162 орудия»; Бухарестский мир 16(28).05.1812 (ПСЗРИ т. XXXII № 25110)",,
MD_BENDERY,1806-12-06,1812-05-28,оккупация,Бендерская райя (1806-1812),паша передал ключи Бендер 24.11(06.12).1806 (Мейендорф),"А. Н. Петров, «Война России с Турцией 1806-1812», т. I (1885): «Утром 24-го ноября паша передал ключи крепости»; Бухарестский мир 16(28).05.1812 (ПСЗРИ т. XXXII № 25110)",,
BUDJAK_AKKERMAN,1806-12-13,1812-05-28,оккупация,Аккерманская райя (1806-1812),Ришелье занял Аккерман 1(13).12.1806,"А. Н. Петров, «Война России с Турцией 1806-1812», т. I (1885): «1-го декабря, в 12 часов пополудни, „миролюбивейшим образом“ занял Аккерман»; Бухарестский мир 16(28).05.1812 (ПСЗРИ т. XXXII № 25110)",,
MD_BUDJAK,1806-12-13,1812-05-28,оккупация,Буджак (1806-1812),Бендеры 24.11 и Аккерман 1(13).12.1806 - степь между ними под корпусами Мейендорфа и Ришелье,"А. Н. Петров, «Война России с Турцией 1806-1812», т. I (1885); Бухарестский мир 16(28).05.1812 (ПСЗРИ т. XXXII № 25110)",,
BUDJAK_KILIA,1806-12-21,1812-05-28,оккупация,Килия (1806-1812),"Засс из Аккермана 7.12 форсированным маршем к Килии, 9(21).12.1806 - под Килией, крепость сдана","А. Н. Петров, «Война России с Турцией 1806-1812», т. I (1885): «7-го декабря генерал Засс выслан из Аккермана к Килии… 9-го числа, выступая из деревни Нерукчай, в 25 верстах от Килии»; Бухарестский мир 16(28).05.1812 (ПСЗРИ т. XXXII № 25110)",,"день сдачи Килии 1806 в OCR не разобран, взят 9.12 по тексту и ru.wikipedia.org «Килия»"
BUDJAK_IZMAIL,1809-09-26,1812-05-28,оккупация,Измаил (1809-1812),сдача Измаила 14(26).09.1809 (Засс),"А. Н. Петров, там же, т. II (1887), оглавление: «Осада и сдача Измаила 14 сентября»; Бухарестский мир 16(28).05.1812 (ПСЗРИ т. XXXII № 25110)",,
HOTIN_RAYA,1812-05-28,,территория,Хотинский уезд Бессарабии,"Бухарестский мир 16(28).05.1812, ст. IV: граница по Пруту и Килийскому гирлу - Хотинская райя в империи",Бухарестский мир 16(28).05.1812 (ПСЗРИ т. XXXII № 25110); контур источника красит Хотинский уезд лишь с 1886 года (проверка срезов 27.09.2026),,"до 27.09.2026 Хотин был чёрным 1812-1885: MOLDOVA - это Natural Earth Молдовы без Хотина, UA_BUDJAK - только юг"
RATMANOV,1930-12-10,,территория,Остров Ратманова (Большой Диомид),"конвенция 18(30).03.1867 ст. 1 проводит границу «на равном расстоянии между островами Крузенштерна, или Игналук, и островом Ратманова, или Нунарбук»; красится с даты, когда контур источника красит Чукотский нос",ПСЗРИ собр. II т. XLII № 44518 ст. 1; розыск ROZYSK_ARKTIKA_2026-09-27.md,,"Начало сдвинуто с 1889-08-03 на 1930-12-10 вместе с Чукоткой (29.09.2026): остров - часть чукотской земли, власти на нём до национального округа не было. до 27.09.2026 остров не был красным ни в один срез: контуры источников его не рисуют (29 км²)"
