{"type":"FeatureCollection","features":[{"type":"Feature","properties":{"mid":true,"src":"data/years/1713-10-09.geojson"},"geometry":{"type":"MultiPolygon","coordinates":[[[[33.251,66.27301],[33.34744,66.30571],[33.377,66.29801],[33.44176,66.30402],[33.43505,66.29101],[33.599,66.31297],[33.61134,66.29784],[33.56302,66.276],[33.844,66.182],[33.96175,66.16152],[34.09208,66.13884],[34.25799,66.10997],[34.47545,66.02692],[34.4843,66.02354],[34.54413,66.00069],[34.58136,65.9589],[34.58573,65.95399],[34.72549,65.79714],[34.72044,65.77856],[34.65995,65.79386],[34.68485,65.77287],[34.65502,65.756],[34.68346,65.74277],[34.68301,65.69401],[34.71503,65.70619],[34.76377,65.68674],[34.68604,65.668],[34.7205,65.65234],[34.72536,65.61493],[34.60116,65.48436],[34.29301,65.396],[34.29954,65.38022],[34.27103,65.371],[34.33145,65.3467],[34.34896,65.3023],[34.42601,65.107],[34.55176,64.95291],[34.60274,64.89044],[34.72287,64.74324],[34.77269,64.68219],[34.77587,64.66422],[34.78767,64.59752],[34.79808,64.53865],[34.709,64.52699],[34.68304,64.509],[34.76659,64.52478],[34.80271,64.50992],[34.81501,64.46],[34.82834,64.44228],[34.885,64.36701],[35.082,64.28801],[35.2719,64.27606],[35.52716,64.26001],[35.62324,64.25396],[35.84015,64.22233],[35.84106,64.21873],[36.02054,64.1897],[36.05667,64.14513],[36.11563,64.07242],[36.16165,64.01565],[36.24,63.91901],[36.421,63.87601],[36.51799,63.87001],[36.51553,63.89276],[36.51615,63.8927],[36.51146,63.95059],[36.59627,63.95643],[36.685,63.90501],[36.75401,63.89601],[36.79719,63.91747],[36.885,63.88901],[36.94114,63.90994],[36.995,63.88401],[37.21489,63.87525],[37.2453,63.83015],[37.20501,63.81901],[37.43916,63.78402],[37.621,63.81701],[37.63999,63.835],[37.63839,63.88145],[37.67401,63.89596],[37.874,63.89101],[38.00998,63.936],[38.00318,63.95427],[38.07205,64.00015],[38.04936,64.02719],[38.05999,64.071],[38.00783,64.11418],[37.99999,64.14799],[37.93493,64.16145],[37.89257,64.21125],[38.00999,64.288],[37.91564,64.31039],[37.91523,64.32462],[37.95299,64.332],[37.94,64.34299],[37.78995,64.36739],[37.791,64.43799],[37.65401,64.42399],[37.61459,64.35561],[37.56699,64.37599],[37.45517,64.37999],[37.3333,64.34222],[37.22527,64.36494],[37.11036,64.40101],[36.91802,64.52703],[36.78418,64.62919],[36.738,64.68899],[36.63716,64.71997],[36.54375,64.71901],[36.55199,64.737],[36.52191,64.76391],[36.52068,64.81036],[36.57098,64.812],[36.46318,64.85921],[36.44699,64.92478],[36.52294,64.93274],[36.56887,64.89806],[36.607,64.89701],[36.645,64.90301],[36.66317,64.92913],[36.811,64.95701],[36.82999,64.977],[36.8115,65.00112],[36.84199,65.017],[36.86299,65.093],[36.82411,65.13094],[36.8495,65.15306],[36.911,65.14701],[37.0187,65.16994],[37.17481,65.14976],[37.67696,65.0289],[37.70693,65.00871],[37.701,64.96301],[37.87211,64.89598],[38.087,64.84701],[38.3597,64.84091],[38.33801,64.803],[38.3689,64.76354],[38.33268,64.7746],[38.32499,64.79799],[38.279,64.80399],[38.2092,64.77272],[38.148,64.78999],[38.007,64.75699],[38.00401,64.727],[38.11756,64.67375],[37.99403,64.614],[38.00317,64.60437],[37.98203,64.59201],[38.01285,64.58403],[38.04799,64.603],[38.05649,64.6366],[38.14999,64.656],[38.13457,64.68609],[38.15905,64.71094],[38.365,64.74298],[38.49499,64.73501],[38.42592,64.76912],[38.40905,64.79875],[38.43067,64.80778],[38.54412,64.77398],[38.896,64.73598],[39.141,64.65701],[39.28047,64.64589],[39.527,64.55001],[39.70326,64.55593],[39.75598,64.53901],[39.74049,64.56215],[39.78498,64.573],[39.82972,64.67098],[39.84942,64.67589],[39.89867,64.66346],[40.06298,64.62196],[40.182,64.55901],[40.359,64.56196],[40.421,64.54801],[40.43998,64.56499],[40.33587,64.574],[40.19449,64.57422],[40.14732,64.59199],[40.111,64.62999],[40.055,64.65299],[39.93801,64.66304],[39.91194,64.67119],[39.91659,64.6739],[39.84368,64.68491],[39.98318,64.71885],[40.03314,64.70395],[40.043,64.70101],[40.18832,64.70787],[40.25286,64.68905],[40.26801,64.65601],[40.302,64.635],[40.351,64.62001],[40.42982,64.61308],[40.44399,64.60301],[40.45299,64.676],[40.441,64.699],[40.41821,64.7193],[40.42185,64.72123],[40.41119,64.73672],[40.44699,64.767],[40.366,64.85799],[40.30045,64.90795],[40.29344,64.91329],[40.18069,64.99922],[40.15099,65.05299],[40.05167,65.1038],[40.007,65.17099],[39.95341,65.1881],[39.841,65.282],[39.72431,65.33664],[39.70694,65.47412],[39.76492,65.56564],[39.87928,65.62804],[40.171,65.69301],[40.48586,65.81195],[40.64102,65.93497],[40.74303,65.9839],[41.21806,66.04101],[41.523,66.12101],[41.758,66.23801],[41.8589,66.32158],[41.909,66.32901],[41.985,66.37501],[42.11254,66.48765],[42.206,66.50997],[42.28827,66.5119],[42.59548,66.44207],[42.63423,66.41947],[42.63201,66.39301],[43.25868,66.41098],[43.33115,66.36975],[43.34901,66.32001],[43.40765,66.32602],[43.59933,66.29399],[43.733,66.18401],[43.8808,66.1787],[43.958,66.09801],[44.07203,66.06553],[44.02501,66.017],[44.01901,65.983],[44.11702,65.93294],[44.12801,65.885],[44.194,65.81201],[44.21399,65.832],[44.19314,65.8642],[44.23395,65.84606],[44.222,65.86099],[44.16675,65.88563],[44.16464,65.90202],[44.18699,65.895],[44.16599,65.929],[44.08831,65.98717],[44.1819,66.041],[44.16407,66.04427],[44.14599,66.103],[44.07487,66.19157],[44.07413,66.22765],[44.12046,66.3095],[44.21986,66.40205],[44.30518,66.40349],[44.33514,66.40399],[44.47373,66.36505],[44.577,66.30301],[44.85886,66.23104],[44.93544,66.22691],[45.73985,66.06303],[45.83299,66.08288],[46.347,66.02298],[47.11012,65.81599],[47.15514,65.81101],[47.407,65.83097],[47.661,65.80301],[47.728,65.81401],[47.76399,65.841],[47.76799,65.863],[47.73655,65.91199],[47.75649,65.93724],[47.96474,66.04982],[48.074,66.07101],[48.14138,66.12176],[49.00713,66.11403],[51.51089,66.77797],[51.55398,66.797],[51.49324,66.83074],[51.51799,66.867],[51.50298,66.90604],[51.52704,66.92291],[51.56231,66.93094],[51.67516,66.92202],[51.732,66.93001],[51.75871,66.94887],[51.812,66.94901],[51.82699,66.959],[51.83493,66.98628],[51.8481,66.99673],[51.916,67.00001],[52.02183,67.02296],[52.06902,67.05196],[52.1563,67.08098],[52.24528,67.08398],[53.77209,66.994],[59.88426,66.99699],[59.88955,66.99383],[59.88926,66.98767],[59.86701,66.969],[59.88,66.95501],[59.919,66.94901],[60.08363,66.985],[61.43186,66.995],[61.49635,67.01394],[61.625,67.00701],[61.692,67.02101],[61.73463,67.0741],[61.831,67.10701],[61.85398,67.12226],[62.824,67.38401],[62.83999,67.397],[62.85499,67.435],[62.86002,67.506],[62.87706,67.57762],[62.89687,67.59128],[63.074,67.64801],[63.10755,67.6701],[63.295,67.71301],[63.30989,67.73263],[63.32854,67.74081],[63.42175,67.76292],[63.691,67.75701],[63.70999,67.767],[63.70358,67.79467],[63.71198,67.80504],[63.873,67.83101],[63.94699,67.88],[63.95199,67.895],[63.91954,67.92617],[63.92499,67.946],[63.91999,67.964],[63.84606,68.00508],[63.83624,68.01727],[63.83882,68.02502],[63.86229,68.03399],[63.931,68.039],[64.03186,68.06197],[64.08171,68.08413],[64.326,68.12901],[64.35099,68.156],[64.34885,68.16804],[64.35139,68.17291],[64.41768,68.19585],[64.53199,68.19501],[64.53799,68.224],[64.52343,68.25275],[64.52899,68.279],[64.50631,68.29887],[64.50116,68.31376],[64.52606,68.33992],[64.55701,68.35397],[64.76166,68.40088],[64.805,68.396],[64.907,68.39997],[65.006,68.38401],[65.03541,68.40008],[65.44496,68.42386],[65.44983,68.42101],[65.4499,68.41485],[65.41801,68.39],[65.39863,68.34589],[65.34901,68.30899],[65.32686,68.27918],[65.29301,68.26499],[65.27201,68.237],[65.26801,68.216],[65.28588,68.18496],[65.29201,68.136],[65.32403,68.08962],[65.28601,68.01],[65.34099,67.98298],[65.436,67.91501],[65.567,67.92898],[65.781,67.91901],[65.84979,67.93296],[65.91128,67.95468],[65.999,67.92801],[66.08223,67.92791],[66.08789,67.92138],[66.08723,67.90704],[66.05501,67.882],[66.04496,67.84802],[66.01501,67.796],[66.074,67.77201],[66.13527,67.76384],[66.19384,67.73651],[66.20187,67.72339],[66.19971,67.69543],[66.14996,67.6621],[66.10587,67.65222],[65.991,67.68299],[65.942,67.66802],[65.84,67.65499],[65.81901,67.63],[65.82301,67.61901],[65.83739,67.61068],[65.83795,67.60399],[65.803,67.58899],[65.79301,67.577],[65.79801,67.55801],[65.836,67.55001],[66.03384,67.56949],[66.09268,67.51913],[66.10249,67.49477],[66.1002,67.48828],[66.00558,67.42042],[65.97272,67.40699],[65.8057,67.38808],[65.739,67.39599],[65.689,67.38899],[65.67301,67.368],[65.69816,67.34605],[65.69945,67.33993],[65.66044,67.31529],[65.587,67.30099],[65.55071,67.27191],[65.42157,67.22023],[65.326,67.20299],[65.2335,67.15429],[65.188,67.14899],[65.18601,67.143],[65.20155,67.12287],[65.20001,67.101],[65.20884,67.08307],[65.20692,67.07686],[65.19236,67.06897],[65.089,67.05899],[65.07301,67.043],[65.07701,67.023],[65.10114,66.99748],[65.11075,66.91192],[65.10076,66.89868],[64.99933,66.87013],[64.936,66.87399],[64.84837,66.84191],[64.575,66.80299],[64.55601,66.78999],[64.53308,66.75412],[64.53705,66.7395],[64.53214,66.73342],[64.412,66.72799],[64.32598,66.67803],[64.2943,66.66813],[64.19879,66.66897],[64.085,66.65402],[63.98,66.65599],[63.90042,66.60032],[63.848,66.58599],[63.80538,66.55186],[63.71899,66.52803],[63.654,66.52399],[63.60499,66.49603],[63.54024,66.4761],[63.49769,66.47412],[63.44,66.48999],[63.41201,66.48499],[63.39901,66.45433],[63.35898,66.42603],[63.294,66.39899],[63.27768,66.36288],[63.23701,66.33],[63.23701,66.309],[63.29756,66.27069],[63.30052,66.2561],[63.29292,66.24469],[63.26445,66.24118],[63.161,66.26999],[63.104,66.25499],[63.009,66.199],[62.97601,66.165],[62.95765,66.11859],[62.85901,66.07799],[62.84768,66.04285],[62.81601,66.012],[62.86561,65.98459],[62.8677,65.97723],[62.79801,65.932],[62.84836,65.89118],[62.84935,65.88255],[62.84562,65.87805],[62.68188,65.86698],[62.5232,65.84403],[62.13148,65.73313],[62.01501,65.71999],[62.01714,65.71195],[62.27451,65.61889],[62.322,65.53701],[62.39898,65.5122],[62.3999,65.50614],[62.36901,65.447],[62.433,65.37801],[62.479,65.34501],[62.51612,65.33398],[62.79566,65.29817],[62.80983,65.28851],[62.80201,65.245],[62.80877,65.2097],[62.79501,65.168],[62.80492,65.12366],[62.79686,65.05274],[62.77562,65.00262],[62.72997,64.95303],[62.68301,64.921],[62.67301,64.891],[62.68201,64.86901],[62.78315,64.84914],[62.80605,64.83169],[62.81521,64.81352],[62.81477,64.80834],[62.787,64.79699],[62.78101,64.785],[62.7991,64.73499],[62.74198,64.69704],[62.59001,64.64499],[62.58182,64.60848],[62.53301,64.571],[62.53301,64.551],[62.687,64.48901],[62.83166,64.49296],[62.9,64.47201],[62.96234,64.49799],[63.23659,64.51776],[63.33799,64.48198],[63.381,64.45901],[63.45454,64.45427],[63.49551,64.37776],[63.41101,64.33199],[63.40901,64.325],[63.477,64.28701],[63.535,64.28198],[63.611,64.26301],[63.889,64.28001],[63.90299,64.289],[63.91001,64.31261],[64.01753,64.35198],[64.478,64.35501],[64.60292,64.43179],[64.713,64.42],[64.76081,64.42199],[64.99528,64.46094],[65.177,64.44101],[65.20311,64.45008],[65.33602,64.54096],[65.40136,64.56597],[65.72935,64.57398],[65.792,64.56201],[65.88387,64.564],[66.01979,64.58994],[66.145,64.58098],[66.465,64.50701],[66.48796,64.52411],[66.68134,64.55189],[66.87871,64.51203],[66.93164,64.48277],[66.93333,64.44496],[66.89401,64.407],[66.88277,64.3822],[66.79201,64.328],[66.79958,64.30358],[66.79001,64.281],[66.79201,64.256],[66.816,64.22101],[66.887,64.19301],[67.16021,64.15885],[67.16417,64.15182],[67.15601,64.137],[67.163,64.12101],[67.25173,64.11197],[67.26201,64.086],[67.279,64.07601],[67.39765,64.09191],[67.43089,64.08479],[67.454,64.06301],[67.474,64.06601],[67.4822,64.07906],[67.4868,64.08139],[67.575,64.06601],[67.67771,64.07388],[67.799,64.02701],[67.88799,64.07501],[67.92839,64.1108],[68.013,64.11801],[68.17987,64.17096],[68.20982,64.2043],[68.42571,64.29074],[68.68569,64.25105],[68.83,64.21301],[68.88399,64.21801],[68.89419,64.26626],[68.971,64.30401],[68.99499,64.33],[68.87937,64.42528],[68.87784,64.43264],[68.88182,64.43575],[69.016,64.46697],[69.05128,64.4679],[69.118,64.45001],[69.22994,64.4647],[69.378,64.38501],[69.69245,64.39498],[69.73089,64.38917],[69.824,64.33601],[70.0,64.311],[70.099,64.31301],[70.22469,64.34488],[70.30433,64.33902],[70.471,64.24701],[70.67047,64.23202],[70.76494,64.18951],[70.78348,64.15097],[70.77123,64.11791],[70.56812,64.02006],[70.55301,64.001],[70.6244,63.93935],[70.63512,63.89891],[70.652,63.88701],[70.70998,63.87196],[70.80993,63.81791],[70.921,63.68301],[71.20165,63.68799],[71.385,63.6701],[71.49463,63.62017],[71.54641,63.58725],[71.56411,63.54905],[71.60701,63.18001],[71.80569,63.21392],[71.96284,63.19202],[71.98887,63.19697],[72.13713,63.28846],[72.16075,63.29392],[72.656,63.27501],[72.834,63.33501],[72.90963,63.3891],[73.10207,63.43068],[73.18509,63.38897],[73.18782,63.38339],[73.18401,63.37],[73.2797,63.31107],[73.32101,63.24801],[73.367,63.20201],[73.506,63.18001],[73.56942,63.18699],[74.23942,63.16699],[74.37299,63.10998],[74.457,63.055],[74.507,63.03801],[74.915,63.02701],[75.02775,63.05691],[75.15013,63.05702],[75.235,63.07201],[75.28327,63.09201],[75.36336,63.10291],[75.59213,63.085],[75.7,63.08601],[75.80273,63.10892],[75.86051,63.10603],[75.89323,63.09885],[75.93914,63.07497],[76.23733,63.01402],[76.27568,62.97516],[76.28301,62.95001],[76.297,62.94501],[76.62228,63.0328],[76.68746,63.03397],[76.823,62.98701],[76.921,62.98698],[77.02229,62.96989],[77.06821,62.91263],[77.128,62.81],[77.156,62.78701],[77.26569,62.74013],[77.326,62.706],[77.88638,62.55314],[77.92797,62.51997],[77.964,62.47401],[78.026,62.45601],[78.14039,62.5021],[78.37931,62.56283],[78.524,62.56501],[78.61933,62.58804],[78.79259,62.60995],[79.821,62.59901],[79.852,62.61101],[79.90699,62.699],[79.91201,62.77365],[79.9192,62.7884],[79.96227,62.80701],[80.089,62.82501],[80.2116,62.87882],[80.285,62.89901],[80.31072,62.92398],[80.412,62.94001],[80.47705,62.98288],[80.555,62.99601],[80.58499,63.03],[80.58867,63.0737],[80.59217,63.07812],[80.76726,63.09901],[81.10726,63.10977],[81.11196,63.10578],[81.12601,63.046],[81.17109,62.96889],[81.192,62.94501],[81.31624,62.88111],[81.337,62.82201],[81.59671,62.76823],[81.633,62.73001],[81.783,62.68401],[81.842,62.68701],[81.97065,62.75581],[82.07476,62.79489],[82.16499,62.80391],[82.316,62.76501],[82.37122,62.76302],[82.47,62.77397],[82.74431,62.74904],[82.75338,62.73542],[82.73601,62.68],[82.756,62.66601],[83.00665,62.58999],[83.02136,62.57419],[83.01501,62.541],[83.032,62.52501],[83.2822,62.45597],[83.312,62.45201],[83.40233,62.48608],[83.52977,62.5184],[83.558,62.49901],[83.592,62.50001],[83.75076,62.5549],[83.78849,62.55763],[83.93842,62.48019],[83.977,62.417],[84.017,62.39201],[84.095,62.37001],[84.20074,62.37796],[84.23496,62.37093],[84.27775,62.32488],[84.28601,62.27301],[84.39112,62.23521],[84.432,62.17501],[84.44201,62.17263],[84.48677,62.09694],[84.48601,62.03],[84.51686,61.99071],[84.50901,61.968],[84.51601,61.925],[84.543,61.89801],[84.6203,61.86317],[84.645,61.82101],[84.68388,61.80106],[84.84,61.76801],[84.92229,61.78479],[84.99219,61.76397],[85.09447,61.74706],[85.172,61.70401],[85.2277,61.69402],[85.277,61.66901],[85.341,61.68197],[85.40404,61.68189],[85.491,61.61301],[85.71187,61.56803],[85.84306,61.58853],[85.95645,61.54053],[85.97076,61.48356],[85.96201,61.455],[86.04725,61.42979],[86.129,61.37401],[86.174,61.36801],[86.211,61.37401],[86.27605,61.43292],[86.32694,61.45252],[86.437,61.41301],[86.5091,61.40455],[86.51646,61.39623],[86.51301,61.371],[86.52301,61.34901],[86.603,61.31101],[86.77517,61.31703],[86.815,61.32301],[86.83916,61.338],[86.927,61.34001],[86.976,61.36001],[86.99099,61.375],[86.98005,61.39274],[86.98899,61.411],[86.95498,61.43533],[86.95042,61.44768],[86.95462,61.4522],[87.00133,61.46062],[87.02,61.44901],[87.10354,61.42592],[87.10712,61.42202],[87.10801,61.41301],[87.15864,61.4089],[87.19,61.38801],[87.222,61.38883],[87.232,61.37801],[87.25546,61.37665],[87.25848,61.36879],[87.24301,61.362],[87.24501,61.35401],[87.295,61.34901],[87.34428,61.35982],[87.387,61.34901],[87.43488,61.35171],[87.443,61.34001],[87.46715,61.33955],[87.47639,61.33094],[87.47301,61.32],[87.48837,61.30137],[87.47401,61.266],[87.483,61.25601],[87.50381,61.25249],[87.508,61.24301],[87.52504,61.2428],[87.52905,61.23664],[87.52601,61.22701],[87.5422,61.22498],[87.54801,61.21001],[87.565,61.20801],[87.57252,61.22322],[87.629,61.23101],[87.64587,61.24092],[87.64291,61.25147],[87.65399,61.259],[87.65733,61.26652],[87.69199,61.26701],[87.68952,61.281],[87.71299,61.296],[87.705,61.31099],[87.67378,61.31709],[87.67208,61.32304],[87.67672,61.33008],[87.688,61.32801],[87.69281,61.33526],[87.71299,61.33601],[87.71893,61.3435],[87.746,61.34101],[87.77681,61.36228],[87.794,61.35801],[87.81012,61.36294],[87.81373,61.35848],[87.81301,61.35001],[87.84876,61.34477],[87.85242,61.3411],[87.85201,61.336],[87.87,61.32801],[87.89699,61.33088],[87.928,61.32201],[87.94107,61.32974],[87.95398,61.3294],[87.963,61.31401],[87.992,61.31801],[88.01889,61.33252],[88.027,61.32701],[88.05441,61.33067],[88.065,61.32301],[88.096,61.32001],[88.11639,61.33474],[88.148,61.33401],[88.18247,61.346],[88.953,60.74601],[89.84588,60.79999],[89.86831,60.80682],[89.91021,60.79899],[90.94592,60.746],[91.965,60.75101],[92.06475,60.80727],[92.089,60.80501],[92.10704,60.81892],[92.13799,60.829],[92.13344,60.8503],[92.14099,60.863],[92.13461,60.88915],[92.15332,60.90699],[92.18199,60.916],[92.18091,60.92598],[92.191,60.92801],[92.20246,60.94284],[92.23399,60.951],[92.22232,60.97283],[92.22613,60.98091],[92.297,60.97101],[92.35931,60.97791],[92.409,60.96801],[92.44,60.97301],[92.47399,60.997],[92.457,61.01799],[92.44829,61.02106],[92.44759,61.02622],[92.45099,61.03],[92.43672,61.04321],[92.43999,61.062],[92.41795,61.07736],[92.40116,61.11082],[92.40401,61.11639],[92.42799,61.128],[92.41064,61.14801],[92.41105,61.15464],[92.46638,61.1949],[92.51967,61.19993],[92.55799,61.19097],[92.59095,61.17593],[92.626,61.14201],[92.68454,61.12876],[92.73569,61.1061],[92.757,61.08701],[92.862,61.06701],[92.90199,61.06801],[92.89042,61.08654],[92.89071,61.09583],[92.92599,61.105],[92.92438,61.12067],[92.93898,61.13],[92.89211,61.14506],[92.89199,61.174],[92.87499,61.19499],[92.84,61.21199],[92.8172,61.21523],[92.81602,61.22227],[92.82799,61.228],[92.82899,61.236],[92.7182,61.27493],[92.65829,61.28697],[92.63132,61.30333],[92.63694,61.31313],[92.67424,61.3179],[92.713,61.31301],[92.82973,61.35963],[92.93,61.33101],[92.977,61.34101],[93.01155,61.36243],[93.15212,61.32108],[93.15469,61.31303],[93.14301,61.304],[93.15562,61.28376],[93.14401,61.265],[93.15601,61.24501],[93.19,61.21601],[93.21456,61.21115],[93.245,61.175],[93.31683,61.13462],[93.33001,61.108],[93.343,61.10001],[93.408,61.08401],[93.4407,61.09082],[93.472,61.08201],[93.5305,61.10379],[93.56725,61.10391],[93.63666,61.08505],[93.691,61.04801],[93.732,61.03801],[93.91994,61.05771],[93.96652,61.0317],[93.97301,61.005],[94.029,60.96001],[94.03999,60.964],[94.03949,60.97392],[94.04255,60.97795],[94.10199,60.996],[94.09543,61.0219],[94.12799,61.03701],[94.14359,61.06571],[94.22799,61.08701],[94.23065,61.0995],[94.241,61.105],[94.25089,61.11971],[94.382,61.11801],[94.454,61.13801],[94.46055,61.14633],[94.508,61.15301],[94.54603,61.17515],[94.582,61.15801],[94.61497,61.16275],[94.642,61.15101],[94.72268,61.1577],[94.734,61.14501],[94.78368,61.1439],[94.821,61.12401],[94.88193,61.12574],[94.919,61.10301],[95.09949,61.09606],[95.11463,61.08798],[95.11757,61.08327],[95.11601,61.06901],[95.15039,61.06241],[95.18701,61.02501],[95.23068,61.00253],[95.23501,60.99101],[95.30675,60.9656],[95.3088,60.95865],[95.30101,60.951],[95.31,60.93201],[95.34778,60.9319],[95.35957,60.92208],[95.36401,60.9],[95.38999,60.87057],[95.38301,60.856],[95.39393,60.84072],[95.39001,60.828],[95.40057,60.82081],[95.40222,60.8154],[95.36501,60.79299],[95.32601,60.74401],[95.39231,60.74184],[95.47962,60.70657],[95.48168,60.69798],[95.4789,60.6931],[95.43,60.67899],[95.4189,60.6611],[95.3925,60.64333],[95.331,60.61799],[95.30675,60.58539],[95.258,60.57599],[95.23401,60.563],[95.24469,60.54017],[95.22501,60.517],[95.22701,60.499],[95.245,60.48201],[95.27836,60.47367],[95.28961,60.45162],[95.2885,60.44646],[95.26509,60.42218],[95.19234,60.41407],[95.155,60.42299],[95.11415,60.41602],[95.02214,60.37007],[95.02102,60.34964],[94.98301,60.332],[94.98757,60.31495],[94.96601,60.30299],[94.95501,60.282],[94.95666,60.26955],[94.92901,60.236],[94.967,60.20401],[95.00752,60.19901],[95.01158,60.19581],[95.01166,60.19065],[94.99941,60.16995],[94.98401,60.164],[94.98733,60.15319],[94.98001,60.138],[94.9863,60.12866],[94.97701,60.113],[95.07115,60.06539],[95.08187,60.04896],[95.07262,60.03348],[95.00601,60.007],[95.02567,59.98663],[95.02001,59.966],[95.04635,59.93932],[95.04801,59.915],[95.062,59.89001],[95.11833,59.86558],[95.12901,59.82801],[95.14453,59.82456],[95.17388,59.80247],[95.17489,59.79656],[95.17203,59.79251],[95.14301,59.78499],[95.13601,59.755],[95.1507,59.74435],[95.15101,59.73401],[95.1554,59.72896],[95.15301,59.723],[95.164,59.71201],[95.19717,59.70022],[95.19858,59.69429],[95.19401,59.688],[95.21123,59.67657],[95.21201,59.657],[95.241,59.63701],[95.285,59.63801],[95.29246,59.64616],[95.31,59.63901],[95.32114,59.6467],[95.40421,59.636],[95.49868,59.63688],[95.544,59.61401],[95.57635,59.60665],[95.593,59.57501],[95.726,59.55401],[95.73297,59.56317],[95.76499,59.57301],[95.76335,59.59401],[95.78421,59.60749],[95.83,59.61001],[95.87933,59.62697],[95.95182,59.62753],[95.97938,59.61243],[96.014,59.56601],[96.052,59.55601],[96.115,59.55901],[96.23774,59.62554],[96.26504,59.61696],[96.2648,59.61035],[96.25401,59.6],[96.27201,59.57201],[96.32566,59.54935],[96.32561,59.53273],[96.29101,59.512],[96.29001,59.505],[96.352,59.47101],[96.452,59.47301],[96.50699,59.50101],[96.52098,59.52525],[96.55602,59.53887],[96.674,59.53401],[96.70075,59.5438],[96.751,59.53901],[96.78501,59.54973],[96.828,59.53801],[96.8623,59.54999],[96.90527,59.55191],[96.96044,59.53882],[97.02018,59.51431],[97.033,59.50001],[97.07627,59.50594],[97.121,59.50001],[97.22399,59.535],[97.22279,59.54529],[97.23499,59.554],[97.23699,59.576],[97.224,59.58899],[97.19648,59.59555],[97.19552,59.60165],[97.20383,59.61594],[97.278,59.63701],[97.29282,59.65353],[97.325,59.65201],[97.36115,59.66007],[97.42599,59.69],[97.42778,59.70064],[97.44499,59.71],[97.44582,59.72488],[97.45835,59.72996],[97.49898,59.7299],[97.576,59.70001],[97.69613,59.67901],[97.758,59.68501],[97.79116,59.70395],[97.922,59.70101],[97.93151,59.71789],[97.95202,59.72588],[98.052,59.72301],[98.08099,59.739],[98.08312,59.75013],[98.12703,59.76777],[98.21294,59.75404],[98.227,59.73801],[98.263,59.72201],[98.3,59.72891],[98.337,59.72301],[98.36133,59.747],[98.421,59.76701],[98.44543,59.78438],[98.511,59.76701],[98.5456,59.77385],[98.606,59.76201],[98.63,59.76901],[98.64679,59.78404],[98.799,59.79001],[98.83231,59.81597],[98.87912,59.82624],[98.8839,59.82397],[98.898,59.80201],[98.92364,59.79359],[98.92543,59.78885],[98.92301,59.783],[98.935,59.76701],[99.001,59.77201],[99.02763,59.81014],[99.10199,59.84101],[99.10899,59.867],[99.09588,59.88094],[99.09481,59.88607],[99.11651,59.90652],[99.155,59.91801],[99.16959,59.93526],[99.22447,59.9627],[99.28,59.96701],[99.314,59.97801],[99.33862,60.0022],[99.409,60.029],[99.42099,60.06],[99.40858,60.06896],[99.41109,60.07714],[99.4737,60.08891],[99.532,60.08201],[99.57786,60.08898],[99.60733,60.10994],[99.64725,60.11583],[99.68778,60.10356],[99.69301,60.091],[99.716,60.08201],[99.79,60.07201],[99.8301,60.07821],[99.83382,60.07463],[99.84001,60.05201],[99.87397,60.05273],[99.889,60.03801],[99.95586,60.03776],[99.96501,60.02301],[99.99784,60.00807],[100.06485,59.99451],[100.08419,59.98315],[100.08901,59.967],[100.09747,59.95856],[100.09201,59.951],[100.08895,59.92841],[100.06401,59.918],[100.07201,59.89501],[100.11456,59.89275],[100.132,59.87701],[100.192,59.85601],[100.31486,59.84102],[100.43099,59.85824],[100.438,59.84901],[100.49357,59.83684],[100.509,59.81901],[100.52164,59.81485],[100.52301,59.806],[100.554,59.78801],[100.62628,59.80281],[100.6473,59.79667],[100.65401,59.78201],[100.752,59.76501],[100.81201,59.78096],[100.865,59.78296],[100.93669,59.76836],[100.94201,59.75901],[100.96852,59.7536],[101.025,59.71401],[101.06963,59.72283],[101.177,59.69901],[101.23777,59.70893],[101.27997,59.7049],[101.31,59.69001],[101.35759,59.69986],[101.448,59.68301],[101.47499,59.692],[101.46555,59.71765],[101.47231,59.7249],[101.512,59.72501],[101.57401,59.74087],[101.622,59.73301],[101.72868,59.73987],[101.79094,59.71186],[101.79244,59.70641],[101.78501,59.68401],[101.8718,59.67312],[101.886,59.66201],[102.01739,59.63709],[102.042,59.62101],[102.07335,59.62034],[102.10715,59.58899],[102.151,59.58701],[102.17135,59.59662],[102.198,59.59001],[102.238,59.59201],[102.39841,59.64975],[102.44431,59.64692],[102.461,59.63401],[102.48319,59.6333],[102.48785,59.62789],[102.48404,59.62186],[102.45601,59.614],[102.45949,59.60385],[102.45301,59.585],[102.47376,59.55842],[102.45401,59.537],[102.45401,59.52401],[102.50665,59.51005],[102.52488,59.49784],[102.52686,59.49016],[102.51801,59.483],[102.528,59.47101],[102.56875,59.47297],[102.58686,59.46943],[102.597,59.45901],[102.6339,59.45761],[102.6388,59.44828],[102.63441,59.43708],[102.57231,59.41416],[102.507,59.41299],[102.48301,59.392],[102.47801,59.38],[102.49201,59.332],[102.5226,59.29657],[102.5214,59.29144],[102.50801,59.278],[102.51685,59.26095],[102.5101,59.25078],[102.466,59.24299],[102.43601,59.214],[102.47749,59.19652],[102.48401,59.18101],[102.551,59.18401],[102.5664,59.20287],[102.59,59.19801],[102.61642,59.20656],[102.648,59.19301],[102.78369,59.19696],[102.82,59.18701],[102.87099,59.215],[102.86185,59.24351],[102.885,59.25101],[102.90025,59.27059],[102.926,59.27501],[102.94336,59.29366],[102.984,59.29101],[102.9935,59.30586],[103.01447,59.31273],[103.04467,59.30534],[103.05387,59.29637],[103.05101,59.286],[103.059,59.27701],[103.136,59.25401],[103.212,59.25101],[103.22299,59.261],[103.22074,59.27665],[103.23423,59.28573],[103.26997,59.2809],[103.303,59.26301],[103.33192,59.26763],[103.34732,59.26018],[103.34703,59.24755],[103.34367,59.24309],[103.238,59.24699],[103.21001,59.233],[103.22516,59.21442],[103.22001,59.203],[103.23802,59.19418],[103.23716,59.18857],[103.23001,59.183],[103.23501,59.17001],[103.28394,59.1529],[103.30973,59.13024],[103.31714,59.12053],[103.31301,59.106],[103.34883,59.08262],[103.35501,59.05801],[103.37796,59.0485],[103.391,59.02501],[103.419,59.01701],[103.43572,59.02023],[103.46,59.00401],[103.48666,59.01085],[103.50785,59.00693],[103.515,58.99601],[103.55648,58.99372],[103.56001,58.98401],[103.58236,58.97409],[103.58201,58.965],[103.58897,58.95942],[103.58901,58.941],[103.623,58.91801],[103.69507,58.92875],[103.727,58.91101],[103.74899,58.91386],[103.783,58.90401],[103.89427,58.91778],[103.93543,58.90187],[103.93733,58.89714],[103.93501,58.89],[103.951,58.86901],[103.97547,58.86819],[103.97741,58.86299],[103.97397,58.85171],[103.94401,58.835],[103.95157,58.82568],[103.94601,58.787],[103.95143,58.77953],[103.95103,58.77443],[103.88401,58.754],[103.88901,58.73201],[103.92137,58.72895],[103.935,58.71901],[103.97,58.72301],[104.03099,58.766],[104.03504,58.77931],[104.03978,58.78249],[104.13107,58.77307],[104.148,58.76201],[104.16795,58.76553],[104.176,58.76001],[104.18485,58.77015],[104.18991,58.77126],[104.19418,58.76748],[104.19501,58.757],[104.22903,58.73143],[104.23101,58.71901],[104.252,58.71101],[104.33045,58.72885],[104.37666,58.72174],[104.38018,58.70926],[104.34301,58.67],[104.40198,58.64279],[104.40601,58.624],[104.467,58.60401],[104.498,58.60901],[104.50461,58.6202],[104.53033,58.63388],[104.55163,58.63386],[104.569,58.62401],[104.609,58.61701],[104.62899,58.625],[104.62447,58.63827],[104.63078,58.64454],[104.664,58.64001],[104.74102,58.66991],[104.814,58.67201],[104.82189,58.68937],[104.87699,58.72],[104.88053,58.73403],[104.89899,58.748],[104.82228,58.77328],[104.81699,58.783],[104.79012,58.79461],[104.78899,58.80699],[104.76893,58.81012],[104.76499,58.81337],[104.77056,58.83851],[104.78499,58.84501],[104.79207,58.86104],[104.805,58.86501],[104.834,58.89493],[104.89399,58.90501],[104.89134,58.91971],[104.919,58.92901],[104.92499,58.941],[104.9198,58.9478],[104.92372,58.95397],[104.96915,58.96106],[105.098,59.01101],[105.11699,59.025],[105.11123,59.03245],[105.11209,59.03851],[105.13624,59.05533],[105.176,59.05201],[105.27713,59.06304],[105.304,59.07101],[105.37299,59.117],[105.349,59.14699],[105.31357,59.16087],[105.31423,59.16737],[105.34299,59.197],[105.32199,59.20874],[105.31499,59.228],[105.3045,59.23622],[105.30699,59.249],[105.273,59.27499],[105.22366,59.27284],[105.21499,59.29299],[105.19522,59.2955],[105.19097,59.29912],[105.18868,59.31556],[105.22399,59.341],[105.23399,59.389],[105.21595,59.39574],[105.21317,59.40185],[105.22099,59.41883],[105.24599,59.427],[105.24099,59.44499],[105.20404,59.4618],[105.19699,59.48099],[105.149,59.48999],[105.08073,59.46901],[104.99853,59.46604],[104.97571,59.47325],[104.97199,59.485],[104.94907,59.49709],[104.929,59.52099],[104.91049,59.52436],[104.85809,59.55798],[104.86025,59.5791],[104.88499,59.592],[104.88599,59.60699],[104.84404,59.61113],[104.81024,59.63043],[104.80699,59.63899],[104.7999,59.64079],[104.79778,59.646],[104.81199,59.66],[104.81299,59.673],[104.78329,59.68254],[104.78028,59.68675],[104.78166,59.69173],[104.8355,59.72565],[104.854,59.72901],[104.86699,59.741],[104.86769,59.75118],[104.88901,59.75997],[104.91799,59.76485],[104.936,59.76001],[104.9576,59.76955],[104.991,59.75901],[105.02599,59.773],[105.02496,59.78594],[105.03499,59.795],[105.02422,59.80424],[105.02799,59.816],[105.01865,59.82406],[105.01777,59.83007],[105.02522,59.83866],[105.06599,59.853],[105.06558,59.86501],[105.07028,59.86953],[105.106,59.86301],[105.15335,59.87555],[105.18,59.86101],[105.24863,59.86669],[105.259,59.85501],[105.3142,59.85013],[105.325,59.84001],[105.36096,59.84181],[105.372,59.83401],[105.38415,59.84354],[105.409,59.84201],[105.41821,59.85158],[105.43141,59.85286],[105.4631,59.83684],[105.46601,59.82601],[105.51999,59.844],[105.5121,59.85109],[105.51299,59.861],[105.48869,59.87248],[105.48599,59.88299],[105.43682,59.90232],[105.43799,59.913],[105.43326,59.9221],[105.44799,59.933],[105.43059,59.94232],[105.42792,59.94735],[105.43117,59.95264],[105.44599,59.95701],[105.44904,59.97135],[105.496,59.98701],[105.50999,60.0],[105.50999,60.011],[105.4904,60.02647],[105.49999,60.044],[105.47527,60.05369],[105.46799,60.07399],[105.45743,60.08063],[105.45699,60.094],[105.43805,60.11171],[105.44099,60.134],[105.43289,60.14919],[105.4362,60.15434],[105.464,60.16501],[105.47599,60.182],[105.47644,60.20138],[105.50499,60.21201],[105.51199,60.23099],[105.47754,60.2256],[105.46487,60.2358],[105.47199,60.253],[105.41588,60.27302],[105.389,60.27799],[105.36901,60.2727],[105.36599,60.281],[105.344,60.30399],[105.231,60.28014],[105.157,60.29599],[105.14411,60.28921],[105.11233,60.29299],[105.082,60.30699],[105.021,60.30399],[105.00795,60.29798],[104.997,60.30399],[104.97024,60.2947],[104.949,60.30799],[104.90303,60.30526],[104.86746,60.31514],[104.86519,60.32282],[104.87499,60.33],[104.854,60.35199],[104.80272,60.36594],[104.79,60.38099],[104.68771,60.40185],[104.66735,60.41134],[104.66445,60.41627],[104.66652,60.42102],[104.68298,60.424],[104.66375,60.43892],[104.66599,60.449],[104.66086,60.45772],[104.67199,60.472],[104.64959,60.48126],[104.64943,60.49632],[104.65898,60.502],[104.64457,60.51069],[104.64899,60.52199],[104.61842,60.525],[104.605,60.54099],[104.58653,60.54314],[104.56528,60.56142],[104.56643,60.56644],[104.57399,60.572],[104.57065,60.58128],[104.57499,60.591],[104.54832,60.5966],[104.54514,60.60185],[104.54799,60.607],[104.54,60.61899],[104.51671,60.62144],[104.51258,60.62595],[104.51501,60.6321],[104.56799,60.662],[104.56681,60.68245],[104.59199,60.69701],[104.61399,60.726],[104.582,60.77299],[104.554,60.78399],[104.51487,60.78808],[104.50799,60.79999],[104.49053,60.80859],[104.48515,60.84421],[104.48905,60.84758],[104.611,60.88101],[104.63799,60.903],[104.62499,60.92499],[104.59262,60.93591],[104.5853,60.94624],[104.62699,60.986],[104.61677,60.99878],[104.61653,61.00389],[104.64799,61.036],[104.62275,61.05302],[104.62944,61.07369],[104.697,61.08301],[104.72099,61.097],[104.71894,61.10787],[104.72211,61.11265],[104.83299,61.15801],[104.85645,61.18665],[104.904,61.18401],[104.9162,61.19067],[104.958,61.18301],[104.98828,61.18982],[105.04899,61.17501],[105.04099,61.19799],[105.02966,61.20421],[105.03399,61.223],[105.00295,61.24272],[105.00399,61.252],[104.99335,61.26477],[104.99399,61.276],[104.95272,61.2948],[104.95251,61.30098],[104.95899,61.306],[104.95299,61.31999],[104.82525,61.34369],[104.82106,61.3481],[104.82334,61.35428],[104.90799,61.36801],[104.9122,61.38719],[104.91575,61.39094],[104.996,61.39701],[105.01072,61.40764],[105.063,61.40101],[105.15504,61.41878],[105.185,61.40901],[105.283,61.41901],[105.29599,61.451],[105.28353,61.45801],[105.28336,61.46554],[105.29899,61.47201],[105.30281,61.48578],[105.32499,61.497],[105.3225,61.50601],[105.32467,61.51066],[105.363,61.52301],[105.37399,61.532],[105.37738,61.53987],[105.454,61.55401],[105.50502,61.5739],[105.551,61.57401],[105.58586,61.58595],[105.59799,61.599],[105.59403,61.61128],[105.59648,61.6169],[105.614,61.62001],[105.63161,61.63618],[105.66976,61.64989],[105.72698,61.65487],[105.814,61.62501],[105.84364,61.65645],[105.88199,61.66601],[105.88453,61.6754],[105.89747,61.68172],[105.98199,61.68601],[105.97292,61.70477],[105.97799,61.716],[105.94369,61.76599],[105.94799,61.776],[105.94499,61.787],[105.92904,61.79543],[105.918,61.81699],[105.90657,61.81748],[105.90079,61.82369],[105.90367,61.84183],[106.05086,61.91393],[106.08706,61.94187],[106.20199,61.96901],[106.21185,61.9849],[106.24999,61.99401],[106.25517,62.00919],[106.27785,62.01894],[106.31225,62.031],[106.398,62.03901],[106.40999,62.058],[106.40118,62.07427],[106.41499,62.084],[106.41699,62.099],[106.40439,62.10824],[106.40599,62.117],[106.39371,62.12966],[106.39325,62.13981],[106.429,62.15801],[106.43899,62.177],[106.43746,62.18614],[106.45399,62.196],[106.44248,62.209],[106.44153,62.21404],[106.45499,62.224],[106.46999,62.26099],[106.40939,62.26031],[106.40199,62.27299],[106.38338,62.2778],[106.38063,62.28446],[106.38395,62.28842],[106.412,62.29801],[106.41799,62.308],[106.41448,62.31877],[106.41759,62.32426],[106.463,62.32501],[106.48699,62.337],[106.48799,62.357],[106.46068,62.36562],[106.44418,62.38646],[106.44467,62.39357],[106.46759,62.40091],[106.54813,62.39205],[106.576,62.40201],[106.58599,62.412],[106.58231,62.41832],[106.58378,62.42363],[106.63231,62.45907],[106.71201,62.48598],[106.75899,62.493],[106.724,62.54099],[106.69087,62.55721],[106.68825,62.56394],[106.701,62.573],[106.71935,62.60243],[106.782,62.59901],[106.80399,62.607],[106.79999,62.627],[106.773,62.64399],[106.71513,62.65897],[106.63327,62.66525],[106.59414,62.67871],[106.59199,62.688],[106.581,62.69399],[106.518,62.69403],[106.47652,62.70277],[106.47388,62.70783],[106.47667,62.71281],[106.51599,62.728],[106.51044,62.74337],[106.52299,62.757],[106.51999,62.776],[106.51194,62.78375],[106.51599,62.794],[106.45273,62.81686],[106.45045,62.83185],[106.46099,62.845],[106.438,62.86799],[106.364,62.88799],[106.31511,62.88047],[106.30632,62.88691],[106.30699,62.897],[106.28918,62.90292],[106.28399,62.91399],[106.251,62.92499],[106.20396,62.92773],[106.20149,62.93282],[106.20399,62.938],[106.19849,62.95004],[106.20199,62.962],[106.193,62.97299],[106.15678,62.97831],[106.15282,62.98153],[106.15372,62.9881],[106.17499,63.008],[106.13955,63.0363],[106.13863,63.04122],[106.14399,63.053],[106.13227,63.05808],[106.12751,63.07736],[106.13281,63.08404],[106.222,63.08501],[106.317,63.10297],[106.355,63.10301],[106.39999,63.12201],[106.41499,63.147],[106.39465,63.16862],[106.39762,63.18194],[106.44299,63.218],[106.423,63.23899],[106.36068,63.24806],[106.35612,63.25417],[106.36014,63.26348],[106.37999,63.274],[106.374,63.28799],[106.36455,63.29146],[106.36553,63.299],[106.42199,63.321],[106.41456,63.33999],[106.42145,63.353],[106.44312,63.35634],[106.465,63.33901],[106.49942,63.33449],[106.519,63.31801],[106.57571,63.32195],[106.622,63.31201],[106.661,63.32101],[106.68016,63.35082],[106.72399,63.372],[106.71925,63.38451],[106.72092,63.38982],[106.74099,63.395],[106.729,63.41399],[106.71315,63.41352],[106.70915,63.41696],[106.70899,63.42299],[106.66,63.43499],[106.65198,63.43343],[106.64199,63.45299],[106.60028,63.46012],[106.59599,63.478],[106.58506,63.48399],[106.58899,63.494],[106.58199,63.50699],[106.52726,63.52096],[106.50267,63.53696],[106.50411,63.54196],[106.50899,63.54401],[106.51415,63.55906],[106.52245,63.56279],[106.60199,63.55801],[106.60699,63.577],[106.5921,63.59056],[106.59237,63.5981],[106.61704,63.6139],[106.66009,63.62211],[106.69399,63.661],[106.66283,63.6806],[106.65599,63.69699],[106.6146,63.71025],[106.61125,63.72161],[106.66599,63.759],[106.66677,63.77034],[106.68199,63.785],[106.68273,63.79458],[106.69499,63.80001],[106.70195,63.82041],[106.751,63.83001],[106.79499,63.87],[106.79699,63.883],[106.787,63.89499],[106.72884,63.91164],[106.72815,63.91867],[106.73699,63.926],[106.73299,63.93899],[106.68,63.95999],[106.63832,63.96705],[106.62673,63.97509],[106.6247,63.98026],[106.63037,64.00531],[106.66399,64.022],[106.66721,64.03376],[106.67329,64.03659],[106.69082,64.03133],[106.699,64.01501],[106.72605,64.02152],[106.743,64.01101],[106.79185,64.00103],[106.80285,64.00732],[106.80664,64.00383],[106.81101,63.989],[106.822,63.98301],[106.87132,63.98099],[106.897,63.96801],[106.97023,63.96581],[106.978,63.95501],[106.99929,63.94526],[107.00101,63.93601],[107.02491,63.93475],[107.04314,63.92199],[107.087,63.92001],[107.09307,63.9329],[107.107,63.93601],[107.11475,63.94682],[107.16899,63.94901],[107.17073,63.96525],[107.19796,63.97716],[107.20304,63.97585],[107.207,63.96901],[107.24279,63.97574],[107.265,63.96701],[107.28432,63.97486],[107.30538,63.97303],[107.33036,63.95941],[107.33153,63.9543],[107.32701,63.946],[107.37118,63.93101],[107.36917,63.91841],[107.34001,63.91199],[107.33901,63.90401],[107.415,63.88901],[107.45293,63.91707],[107.49475,63.91597],[107.50201,63.9],[107.514,63.89201],[107.58499,63.89701],[107.58923,63.90566],[107.60399,63.90701],[107.59975,63.91648],[107.60241,63.92194],[107.61083,63.92709],[107.63198,63.93],[107.62072,63.93962],[107.62199,63.947],[107.61717,63.95952],[107.63238,63.97626],[107.683,63.98101],[107.69169,63.99732],[107.7613,64.01553],[107.784,64.00501],[107.834,64.01001],[107.84819,64.01842],[107.85779,64.01453],[107.86101,64.00101],[107.899,63.99301],[107.947,64.00201],[107.9667,64.01352],[108.034,63.99601],[108.077,64.00101],[108.0897,64.00928],[108.121,63.99901],[108.20482,63.999],[108.267,64.01388],[108.315,64.00601],[108.33099,64.013],[108.3305,64.02221],[108.33378,64.02632],[108.39399,64.048],[108.39199,64.06099],[108.37946,64.06244],[108.37699,64.07],[108.36189,64.08098],[108.36999,64.106],[108.31291,64.15096],[108.31132,64.157],[108.31699,64.166],[108.29193,64.18484],[108.2915,64.19801],[108.30099,64.205],[108.29699,64.21799],[108.27116,64.22623],[108.248,64.25499],[108.171,64.26299],[108.086,64.25199],[108.04901,64.216],[108.05202,64.19642],[108.04913,64.19152],[107.97711,64.18713],[107.96671,64.19566],[107.96599,64.20899],[107.923,64.20699],[107.9147,64.19721],[107.90978,64.19598],[107.8967,64.20031],[107.89099,64.21299],[107.862,64.23599],[107.82076,64.23422],[107.769,64.25699],[107.73099,64.26123],[107.72736,64.26634],[107.72999,64.272],[107.72299,64.28499],[107.70013,64.29992],[107.642,64.31599],[107.55985,64.31797],[107.494,64.30599],[107.45038,64.28095],[107.35348,64.26915],[107.31976,64.27717],[107.27309,64.3041],[107.26388,64.31825],[107.27299,64.33],[107.258,64.34999],[107.2193,64.34613],[107.19,64.35699],[107.10669,64.35916],[107.09959,64.36412],[107.09999,64.37799],[107.04435,64.38499],[107.014,64.39999],[106.96477,64.40785],[106.954,64.425],[106.916,64.44299],[106.885,64.44499],[106.82226,64.42519],[106.776,64.43199],[106.73863,64.42873],[106.71084,64.46505],[106.71199,64.482],[106.67046,64.50305],[106.656,64.53299],[106.58014,64.54797],[106.55501,64.54099],[106.54701,64.526],[106.57621,64.48086],[106.57344,64.47525],[106.55322,64.46521],[106.36519,64.461],[106.317,64.45399],[106.30773,64.4454],[106.256,64.45199],[106.18167,64.42116],[106.0944,64.43184],[106.08964,64.43753],[106.09047,64.44316],[106.12099,64.45201],[106.13799,64.488],[106.122,64.49899],[106.0866,64.50317],[106.08299,64.512],[106.064,64.52899],[106.025,64.54599],[105.979,64.53699],[105.9053,64.49431],[105.889,64.50499],[105.86621,64.50698],[105.812,64.50399],[105.77201,64.48998],[105.76115,64.49852],[105.76229,64.50694],[105.79699,64.524],[105.78999,64.552],[105.76457,64.56777],[105.755,64.58599],[105.71734,64.59012],[105.71675,64.60176],[105.75599,64.642],[105.71534,64.65699],[105.70002,64.67339],[105.69935,64.67946],[105.7032,64.68277],[105.72755,64.68664],[105.782,64.66301],[105.873,64.67201],[105.88099,64.689],[105.83081,64.72529],[105.8312,64.73044],[105.84299,64.747],[105.82371,64.76258],[105.82874,64.78053],[105.85009,64.78712],[105.87099,64.816],[105.86545,64.82594],[105.86981,64.8322],[105.89393,64.83848],[105.928,64.81901],[105.97586,64.81701],[105.99199,64.828],[105.968,64.85599],[105.94292,64.8612],[105.94182,64.86616],[105.94599,64.876],[105.93294,64.89579],[105.93466,64.9027],[106.03151,64.91362],[106.03728,64.90602],[106.02701,64.88001],[106.04554,64.87776],[106.058,64.86501],[106.09552,64.87291],[106.191,64.86001],[106.21199,64.871],[106.11309,64.9148],[106.10499,64.939],[106.07042,64.9639],[106.07399,64.98499],[105.97606,65.00513],[105.95835,65.01853],[105.95852,65.03643],[106.0273,65.06099],[106.111,65.06501],[106.164,65.08901],[106.19463,65.128],[106.254,65.13201],[106.26924,65.14094],[106.312,65.14001],[106.3227,65.1667],[106.34799,65.17501],[106.35778,65.19044],[106.40989,65.22218],[106.477,65.20501],[106.52799,65.21501],[106.52799,65.22399],[106.43535,65.25068],[106.43317,65.29223],[106.44699,65.305],[106.44733,65.31392],[106.476,65.31901],[106.517,65.33801],[106.54754,65.37558],[106.607,65.37801],[106.61541,65.39002],[106.654,65.38201],[106.69071,65.38785],[106.71,65.38201],[106.77026,65.38197],[106.781,65.36901],[106.819,65.37301],[106.83899,65.387],[106.84118,65.40005],[106.87599,65.419],[106.86456,65.4311],[106.86693,65.43934],[106.91653,65.46473],[106.94199,65.46801],[106.95133,65.48811],[106.97299,65.505],[106.96885,65.51202],[106.856,65.52799],[106.7996,65.52612],[106.778,65.53799],[106.70771,65.54581],[106.70399,65.54912],[106.7012,65.56163],[106.72499,65.588],[106.70879,65.59688],[106.70499,65.60699],[106.66031,65.6109],[106.65643,65.61441],[106.65699,65.62],[106.61506,65.62711],[106.6115,65.63079],[106.61199,65.636],[106.595,65.64399],[106.56213,65.63863],[106.55,65.65099],[106.472,65.66699],[106.46066,65.66194],[106.451,65.67099],[106.43367,65.67463],[106.43301,65.68024],[106.43799,65.687],[106.428,65.69468],[106.4292,65.70587],[106.4338,65.70922],[106.45399,65.71001],[106.44948,65.72381],[106.46399,65.733],[106.4559,65.73991],[106.45799,65.749],[106.43983,65.76318],[106.43894,65.76974],[106.45197,65.78612],[106.49499,65.797],[106.483,65.81499],[106.47235,65.81883],[106.46984,65.82397],[106.47377,65.83933],[106.48799,65.853],[106.47909,65.86939],[106.47922,65.87439],[106.49799,65.883],[106.47328,65.90786],[106.46893,65.9227],[106.47235,65.92666],[106.48599,65.931],[106.48371,65.94433],[106.49799,65.955],[106.49086,65.9662],[106.49274,65.97514],[106.52199,66.004],[106.48876,66.01706],[106.48599,66.03],[106.45446,66.04584],[106.45299,66.05899],[106.42936,66.06588],[106.42748,66.07074],[106.43199,66.08699],[106.38376,66.0972],[106.38199,66.106],[106.36657,66.11472],[106.37099,66.133],[106.35298,66.13944],[106.34,66.15799],[106.324,66.16299],[106.29017,66.15441],[106.276,66.16099],[106.26844,66.15519],[106.215,66.15799],[106.20281,66.15357],[106.1453,66.17492],[106.11666,66.19928],[106.12499,66.212],[106.11749,66.22997],[106.14199,66.249],[106.127,66.26797],[106.1274,66.27322],[106.13599,66.285],[106.12396,66.29777],[106.13799,66.314],[106.10672,66.33673],[106.10806,66.34178],[106.12399,66.357],[106.11839,66.36489],[106.11877,66.3699],[106.14899,66.38701],[106.15599,66.396],[106.15751,66.40483],[106.185,66.41001],[106.19325,66.4247],[106.254,66.43101],[106.26321,66.44055],[106.283,66.44201],[106.2948,66.45428],[106.33499,66.47],[106.31223,66.49749],[106.31335,66.50249],[106.32799,66.518],[106.31274,66.53343],[106.31295,66.53859],[106.3171,66.54168],[106.34159,66.53443],[106.391,66.48901],[106.5207,66.4978],[106.545,66.47801],[106.58333,66.47629],[106.608,66.45101],[106.762,66.42401],[106.77683,66.43412],[106.82867,66.44291],[106.895,66.43201],[106.90799,66.441],[106.90808,66.453],[106.92499,66.464],[106.9177,66.47339],[106.92041,66.47991],[106.989,66.48501],[107.00099,66.496],[106.99823,66.50377],[107.00121,66.50902],[107.045,66.52001],[107.05518,66.53274],[107.069,66.53676],[107.12303,66.52108],[107.12482,66.5141],[107.11601,66.506],[107.139,66.48601],[107.19195,66.4838],[107.206,66.46801],[107.24013,66.45599],[107.30914,66.45001],[107.38,66.45701],[107.41659,66.46873],[107.5,66.44701],[107.54899,66.46801],[107.5568,66.47845],[107.60401,66.49089],[107.763,66.47301],[107.83977,66.48273],[107.885,66.45101],[107.928,66.45201],[107.96452,66.46333],[107.98604,66.45241],[107.98201,66.41601],[108.043,66.41301],[108.10599,66.441],[108.10199,66.482],[108.09468,66.48506],[108.09267,66.48974],[108.10399,66.5],[108.10937,66.52933],[108.212,66.55601],[108.23487,66.58231],[108.38699,66.642],[108.38899,66.67199],[108.346,66.68699],[108.27087,66.69473],[108.26666,66.70006],[108.26625,66.71012],[108.26937,66.71413],[108.456,66.71201],[108.71667,66.76489],[108.776,66.75701],[108.80999,66.783],[108.79841,66.79702],[108.80041,66.8043],[108.87656,66.8224],[108.935,66.777],[108.97874,66.75753],[108.98176,66.75203],[108.97926,66.74744],[108.94226,66.72619],[108.909,66.71899],[108.89401,66.699],[108.89464,66.68675],[108.86501,66.67699],[108.86301,66.64001],[108.96384,66.61921],[108.993,66.59201],[109.021,66.58501],[109.05358,66.60001],[109.20289,66.607],[109.20483,66.60218],[109.20101,66.579],[109.234,66.54701],[109.24621,66.54162],[109.24725,66.53661],[109.24301,66.53],[109.2541,66.50899],[109.25223,66.50327],[109.22601,66.484],[109.23201,66.46501],[109.277,66.44201],[109.35744,66.43449],[109.37142,66.42164],[109.36501,66.405],[109.38637,66.3883],[109.38501,66.3833],[109.37001,66.369],[109.38757,66.35433],[109.38401,66.34376],[109.33898,66.32712],[109.3,66.32899],[109.27701,66.316],[109.29676,66.28166],[109.27901,66.256],[109.3521,66.23252],[109.3528,66.22703],[109.33001,66.165],[109.347,66.14901],[109.45185,66.146],[109.50299,66.16001],[109.51815,66.18914],[109.588,66.19798],[109.672,66.19401],[109.69428,66.21007],[109.80599,66.25001],[109.81461,66.26121],[109.92265,66.27093],[109.958,66.26201],[110.04499,66.28601],[110.06177,66.31632],[110.104,66.31801],[110.14254,66.33906],[110.233,66.35298],[110.293,66.35201],[110.37499,66.36701],[110.37799,66.373],[110.35599,66.417],[110.32625,66.43552],[110.33027,66.44878],[110.396,66.45998],[110.519,66.46101],[110.587,66.48401],[110.60593,66.50223],[110.76848,66.54783],[110.829,66.54301],[110.88301,66.56089],[110.958,66.55701],[111.022,66.56596],[111.103,66.55901],[111.236,66.59877],[111.36,66.56701],[111.462,66.58601],[111.48543,66.61182],[111.542,66.62201],[111.57659,66.64003],[111.73803,66.65687],[111.777,66.64001],[111.89531,66.65392],[111.966,66.64601],[112.034,66.65898],[112.11573,66.66097],[112.15091,66.65202],[112.16101,66.63401],[112.207,66.60901],[112.323,66.59501],[112.418,66.61998],[112.50354,66.62787],[112.554,66.60801],[112.6506,66.61696],[112.69638,66.61508],[112.70075,66.61093],[112.70101,66.601],[112.759,66.56901],[112.88387,66.55879],[112.88712,66.5542],[112.88801,66.526],[112.91771,66.51111],[112.942,66.48801],[113.00771,66.48363],[113.02301,66.45501],[113.057,66.43701],[113.11994,66.43751],[113.12344,66.43384],[113.12501,66.423],[113.146,66.39301],[113.18533,66.38271],[113.19001,66.346],[113.20192,66.33016],[113.19901,66.321],[113.23204,66.30563],[113.23256,66.30005],[113.22401,66.287],[113.26403,66.2478],[113.26601,66.22401],[113.30405,66.21811],[113.31421,66.20953],[113.31259,66.20318],[113.29301,66.191],[113.29128,66.1757],[113.27501,66.161],[113.28701,66.13901],[113.29571,66.13422],[113.29789,66.12953],[113.27401,66.104],[113.373,66.05101],[113.45268,66.03158],[113.46201,65.982],[113.48491,65.95565],[113.48101,65.946],[113.48669,65.92742],[113.48407,65.92292],[113.44925,65.90416],[113.40226,65.89438],[113.381,65.90699],[113.3507,65.90714],[113.3,65.92399],[113.213,65.92103],[113.154,65.93099],[113.05401,65.92499],[113.0543,65.90867],[113.04295,65.90012],[112.997,65.89199],[112.96968,65.87507],[112.931,65.87099],[112.92396,65.85841],[112.88301,65.834],[112.88357,65.82082],[112.87101,65.802],[112.87233,65.78893],[112.86914,65.78415],[112.813,65.77899],[112.767,65.76199],[112.72973,65.7289],[112.66701,65.699],[112.67311,65.68307],[112.67051,65.67699],[112.635,65.67599],[112.60901,65.663],[112.60201,65.636],[112.62351,65.61587],[112.62445,65.61085],[112.62119,65.60692],[112.6119,65.60425],[112.536,65.61999],[112.5,65.60899],[112.47301,65.59],[112.4818,65.57598],[112.47822,65.56873],[112.413,65.5571],[112.353,65.56799],[112.30901,65.542],[112.30901,65.534],[112.32703,65.5248],[112.32201,65.513],[112.33,65.49001],[112.49971,65.49496],[112.52429,65.48822],[112.52601,65.474],[112.541,65.46201],[112.6155,65.47299],[112.77875,65.46999],[112.79401,65.4592],[112.79231,65.45177],[112.78,65.44899],[112.77101,65.433],[112.78072,65.4196],[112.77959,65.39681],[112.75301,65.386],[112.75449,65.37344],[112.74901,65.366],[112.753,65.36001],[112.8041,65.3575],[112.80889,65.35353],[112.8083,65.34838],[112.79801,65.335],[112.80485,65.30737],[112.78601,65.291],[112.78065,65.27307],[112.76412,65.26821],[112.71766,65.27766],[112.7,65.29299],[112.66801,65.2921],[112.63,65.30499],[112.563,65.29699],[112.53201,65.268],[112.53762,65.24262],[112.53001,65.228],[112.56029,65.21771],[112.56235,65.21241],[112.55901,65.202],[112.57681,65.18761],[112.55901,65.165],[112.56613,65.14868],[112.55901,65.136],[112.57198,65.11646],[112.55601,65.099],[112.58942,65.09029],[112.603,65.06601],[112.65306,65.05345],[112.66,65.04401],[112.74,65.05301],[112.80102,65.0739],[112.83099,65.07301],[112.83949,65.09228],[112.89736,65.1017],[112.927,65.08401],[113.04004,65.08105],[113.04414,65.07576],[113.03801,65.067],[113.04128,65.05479],[113.03201,65.04],[113.08918,65.02098],[113.11,64.97901],[113.21199,64.9829],[113.22645,64.97747],[113.23201,64.96101],[113.258,64.95201],[113.317,64.97169],[113.36963,64.9554],[113.37223,64.94982],[113.36801,64.941],[113.37301,64.92201],[113.38261,64.91481],[113.38001,64.904],[113.395,64.88601],[113.40698,64.87916],[113.40639,64.87406],[113.39101,64.854],[113.409,64.83001],[113.49147,64.83991],[113.539,64.82901],[113.57363,64.84551],[113.652,64.81901],[113.72638,64.83177],[113.76516,64.815],[113.849,64.81601],[113.92571,64.83282],[113.96529,64.82243],[113.97601,64.80801],[114.00667,64.79609],[114.02962,64.777],[114.03101,64.763],[114.06197,64.74717],[114.06707,64.72953],[114.05601,64.717],[114.0673,64.6875],[114.05301,64.677],[114.04901,64.654],[114.07,64.63801],[114.1131,64.63895],[114.12462,64.63316],[114.12432,64.62502],[114.09601,64.606],[114.09001,64.586],[114.13014,64.561],[114.202,64.56101],[114.25359,64.58702],[114.366,64.59701],[114.40299,64.61601],[114.4163,64.64712],[114.44387,64.67057],[114.549,64.67601],[114.58241,64.70048],[114.59334,64.69836],[114.59648,64.69321],[114.58201,64.672],[114.58301,64.641],[114.605,64.62801],[114.645,64.63601],[114.67399,64.657],[114.67218,64.69571],[114.68103,64.70576],[114.70847,64.70557],[114.755,64.67601],[114.803,64.67601],[114.81599,64.697],[114.76464,64.71031],[114.74583,64.74882],[114.74614,64.75448],[114.75043,64.75731],[114.76644,64.75749],[114.783,64.73901],[114.805,64.73101],[114.85199,64.74301],[114.84899,64.75999],[114.72502,64.78472],[114.72335,64.79305],[114.74731,64.82204],[114.76264,64.82898],[114.845,64.83101],[114.85299,64.847],[114.8248,64.86594],[114.82514,64.87476],[114.94,64.90101],[114.95199,64.911],[114.9503,64.92125],[114.95522,64.92602],[115.01031,64.93492],[115.084,64.92401],[115.13334,64.9466],[115.204,64.92601],[115.26235,64.95283],[115.384,64.94101],[115.41599,64.95001],[115.42199,64.968],[115.412,64.98499],[115.31501,64.99903],[115.26288,65.01866],[115.26304,65.02429],[115.2672,65.02724],[115.35099,65.03401],[115.35199,65.049],[115.34214,65.05848],[115.34681,65.06518],[115.40232,65.0709],[115.53885,65.04303],[115.57584,65.043],[115.58999,65.051],[115.58399,65.07],[115.56047,65.0879],[115.56019,65.09356],[115.56416,65.09682],[115.645,65.09298],[115.724,65.07701],[115.78834,65.10559],[115.858,65.08401],[115.87509,65.10991],[115.90399,65.129],[115.90699,65.142],[115.89741,65.1453],[115.89482,65.14972],[115.89659,65.15453],[115.90142,65.15622],[115.93158,65.15237],[115.946,65.12801],[116.05386,65.10004],[116.077,65.10101],[116.09299,65.11176],[116.09817,65.112],[116.10183,65.10633],[116.09801,65.094],[116.106,65.08101],[116.136,65.07001],[116.225,65.07301],[116.338,65.09986],[116.467,65.07401],[116.52201,65.09089],[116.55584,65.08743],[116.56063,65.07374],[116.54361,65.0582],[116.442,65.04999],[116.40901,65.031],[116.426,65.01101],[116.497,65.00001],[116.53914,65.00806],[116.61381,65.03892],[116.66875,65.0707],[116.69193,65.07077],[116.708,65.06101],[116.71399,65.073],[116.69684,65.08659],[116.69589,65.09283],[116.72853,65.11442],[116.74305,65.11109],[116.74701,65.093],[116.758,65.08201],[116.792,65.08601],[116.79799,65.097],[116.79274,65.10881],[116.79528,65.11458],[116.85899,65.128],[116.84448,65.15489],[116.85896,65.17095],[116.86806,65.16845],[116.86801,65.159],[116.877,65.15201],[116.94,65.15801],[116.96192,65.1739],[117.003,65.17401],[117.00999,65.187],[116.99005,65.19629],[116.98973,65.20506],[117.00499,65.212],[117.00843,65.21858],[117.05299,65.23001],[117.05581,65.24157],[117.076,65.24601],[117.0945,65.26638],[117.129,65.25401],[117.151,65.25401],[117.17199,65.262],[117.17063,65.27003],[117.17477,65.27473],[117.197,65.27501],[117.21071,65.28292],[117.226,65.27501],[117.25599,65.28101],[117.25999,65.29599],[117.25059,65.29825],[117.25116,65.30679],[117.279,65.31101],[117.28707,65.32191],[117.31299,65.32601],[117.31899,65.343],[117.3034,65.35136],[117.30706,65.36411],[117.338,65.36201],[117.36799,65.37401],[117.38199,65.392],[117.37991,65.40339],[117.39099,65.414],[117.38377,65.4189],[117.38484,65.42557],[117.42099,65.42801],[117.413,65.44199],[117.40624,65.44725],[117.40833,65.45256],[117.41799,65.458],[117.41499,65.46399],[117.39755,65.46773],[117.39399,65.47218],[117.39575,65.47759],[117.40898,65.48799],[117.36543,65.49107],[117.3626,65.49664],[117.36668,65.51263],[117.38535,65.52389],[117.407,65.52501],[117.48601,65.56597],[117.554,65.58401],[117.58599,65.61],[117.59359,65.62668],[117.675,65.64901],[117.69499,65.677],[117.68539,65.69891],[117.68742,65.70484],[117.80599,65.74101],[117.811,65.76852],[117.83099,65.779],[117.83053,65.78987],[117.83417,65.79411],[117.876,65.79801],[117.89947,65.81079],[117.91347,65.80828],[117.92201,65.79101],[117.94,65.78301],[117.97332,65.80045],[117.98956,65.7949],[117.999,65.78101],[118.06899,65.78601],[118.07299,65.799],[118.0485,65.80649],[118.04672,65.81186],[118.05099,65.821],[118.02113,65.8313],[118.01759,65.83607],[118.01939,65.84141],[118.02799,65.846],[118.03353,65.86501],[118.04499,65.873],[118.03847,65.8819],[118.03911,65.88743],[118.06299,65.901],[118.04457,65.91888],[118.04599,65.93],[118.03137,65.93973],[118.03303,65.9458],[118.05099,65.957],[118.03956,65.96944],[118.04075,65.97644],[118.134,65.99501],[118.14199,66.004],[118.13933,66.01093],[118.14213,66.01584],[118.184,66.03201],[118.23968,66.06622],[118.33317,66.0967],[118.353,66.09401],[118.39099,66.10601],[118.39799,66.133],[118.376,66.17599],[118.317,66.20299],[118.25527,66.21298],[118.1982,66.2385],[118.19,66.25099],[118.17587,66.25622],[118.17599,66.266],[118.15392,66.27471],[118.15099,66.29899],[118.12716,66.30199],[118.12199,66.31099],[118.09911,66.31965],[118.09761,66.32501],[118.10267,66.33878],[118.11699,66.345],[118.11861,66.35375],[118.14099,66.363],[118.13703,66.37269],[118.13946,66.37828],[118.19699,66.38201],[118.20612,66.39954],[118.243,66.39701],[118.27399,66.41],[118.2781,66.41699],[118.298,66.41401],[118.31385,66.43066],[118.33299,66.437],[118.32331,66.44686],[118.32738,66.4542],[118.35593,66.45908],[118.35985,66.45149],[118.35001,66.44599],[118.34801,66.43801],[118.393,66.43401],[118.44148,66.4565],[118.474,66.44701],[118.517,66.45601],[118.59993,66.49391],[118.71728,66.48586],[118.81598,66.44775],[118.82201,66.43601],[118.84899,66.43201],[118.84899,66.44799],[118.83329,66.45306],[118.83084,66.46361],[118.852,66.47201],[118.87861,66.4953],[118.909,66.49401],[118.92191,66.50499],[118.994,66.51201],[119.03201,66.52896],[119.076,66.53701],[119.14099,66.57401],[119.15049,66.5858],[119.19,66.59401],[119.27099,66.634],[119.25899,66.66],[119.22411,66.68293],[119.15134,66.70761],[119.15899,66.743],[119.11863,66.76302],[119.11899,66.78],[119.05899,66.83967],[119.05427,66.86334],[119.05999,66.877],[119.04086,66.91312],[119.03708,66.94432],[119.04287,66.94989],[119.07688,66.9408],[119.101,66.91601],[119.116,66.91101],[119.53422,66.8591],[119.597,66.83401],[119.65842,66.84029],[119.683,66.82001],[119.79267,66.78953],[119.80001,66.76801],[119.85861,66.75408],[119.86601,66.74001],[119.90165,66.72899],[119.927,66.70401],[119.98081,66.70329],[119.998,66.66501],[120.05317,66.666],[120.06032,66.65532],[120.05401,66.635],[120.06314,66.62755],[120.05401,66.616],[120.05701,66.59901],[120.11333,66.59515],[120.11717,66.58896],[120.11201,66.576],[120.14375,66.56916],[120.154,66.55601],[120.19419,66.55074],[120.19613,66.54301],[120.188,66.53799],[120.17401,66.516],[120.20848,66.49923],[120.222,66.48501],[120.262,66.47101],[120.2993,66.48081],[120.33949,66.47096],[120.34163,66.4641],[120.33501,66.459],[120.34832,66.44564],[120.34958,66.44072],[120.33001,66.425],[120.37102,66.40892],[120.3743,66.40375],[120.36657,66.38299],[120.34201,66.367],[120.34301,66.35201],[120.49812,66.32779],[120.50409,66.304],[120.48601,66.29],[120.49001,66.274],[120.50351,66.26049],[120.50301,66.244],[120.513,66.23301],[120.53273,66.23524],[120.543,66.22501],[120.55165,66.22345],[120.55502,66.21888],[120.5526,66.21317],[120.53501,66.20499],[120.52841,66.19225],[120.506,66.18499],[120.49001,66.171],[120.49117,66.15736],[120.47801,66.141],[120.5001,66.117],[120.49843,66.11219],[120.48401,66.1],[120.49233,66.08659],[120.48801,66.072],[120.52158,66.03612],[120.52044,66.03125],[120.50801,66.018],[120.55146,65.98116],[120.55201,65.966],[120.58601,65.95605],[120.58973,65.94985],[120.58648,65.94514],[120.53501,65.919],[120.52101,65.88],[120.52651,65.87322],[120.52555,65.86752],[120.5,65.85599],[120.44801,65.813],[120.45601,65.79401],[120.4863,65.77784],[120.49057,65.76105],[120.48201,65.741],[120.48433,65.72089],[120.47201,65.706],[120.47301,65.682],[120.484,65.67201],[120.54354,65.66516],[120.55101,65.65201],[120.575,65.64601],[120.69824,65.64875],[120.70893,65.6434],[120.71124,65.63873],[120.69801,65.61701],[120.75689,65.60876],[120.79,65.58001],[120.90699,65.5867],[120.91407,65.57885],[120.90901,65.563],[120.93,65.55101],[120.9698,65.54709],[120.981,65.53901],[121.03255,65.53626],[121.041,65.523],[121.06856,65.49999],[121.06845,65.49419],[121.06101,65.488],[121.06301,65.47201],[121.09265,65.46595],[121.10697,65.45378],[121.10597,65.44678],[121.08501,65.429],[121.12201,65.41244],[121.12938,65.39794],[121.11601,65.388],[121.123,65.37501],[121.13535,65.37029],[121.13701,65.35101],[121.175,65.34101],[121.20652,65.34568],[121.23251,65.33401],[121.23224,65.32691],[121.21701,65.316],[121.21801,65.26201],[121.326,65.24101],[121.37926,65.24373],[121.432,65.21801],[121.51815,65.22564],[121.56525,65.21078],[121.58277,65.19783],[121.58901,65.18101],[121.6794,65.17008],[121.7,65.14201],[121.76023,65.12885],[121.83,65.09201],[121.94101,65.07617],[121.954,65.05401],[122.05081,65.05377],[122.15099,65.02498],[122.208,64.99701],[122.29372,64.9881],[122.31,64.97501],[122.40669,64.97995],[122.462,64.96601],[122.49884,64.98092],[122.59597,64.97489],[122.63834,64.95419],[122.65401,64.92701],[122.72143,64.89325],[122.745,64.86601],[122.80422,64.85487],[122.873,64.82301],[122.92015,64.82807],[122.974,64.85301],[123.00245,64.87854],[123.06437,64.87312],[123.087,64.85101],[123.15747,64.83464],[123.219,64.79201],[123.33199,64.76697],[123.382,64.74401],[123.6297,64.76494],[123.79,64.73001],[123.85042,64.7398],[123.892,64.72301],[123.922,64.72101],[123.968,64.73001],[123.99492,64.74705],[124.173,64.76201],[124.18899,64.775],[124.19651,64.80503],[124.21399,64.818],[124.21969,64.85649],[124.26699,64.87901],[124.27124,64.88693],[124.334,64.89101],[124.34364,64.89873],[124.373,64.89601],[124.39499,64.90301],[124.40168,64.91592],[124.428,64.90801],[124.44099,64.915],[124.44483,64.92176],[124.464,64.92001],[124.47943,64.93098],[124.507,64.91901],[124.519,64.92353],[124.52401,64.91901],[124.543,64.91501],[124.55468,64.92309],[124.60099,64.93201],[124.59676,64.94582],[124.60753,64.96123],[124.65448,64.96593],[124.683,64.95901],[124.71467,64.97477],[124.77599,64.96601],[124.78176,64.97622],[124.81999,64.98101],[124.81912,65.01331],[124.85002,65.0279],[124.903,65.02996],[124.948,65.02101],[124.99999,65.02801],[125.00199,65.034],[124.982,65.066],[124.94797,65.08271],[124.94532,65.08933],[124.9497,65.09364],[125.00099,65.10101],[125.00027,65.12861],[125.01899,65.154],[125.02132,65.19123],[125.04254,65.22327],[125.06399,65.23601],[125.07715,65.26099],[125.12799,65.27301],[125.13864,65.30021],[125.194,65.29901],[125.22803,65.31891],[125.27599,65.32801],[125.27174,65.34538],[125.29182,65.36054],[125.42732,65.35201],[125.457,65.33601],[125.62,65.34598],[125.786,65.32701],[125.78999,65.333],[125.78287,65.36245],[125.80007,65.37988],[125.905,65.41498],[125.953,65.42301],[125.98696,65.44321],[126.04026,65.45503],[126.15967,65.47092],[126.22,65.45901],[126.30362,65.47463],[126.354,65.44501],[126.426,65.45101],[126.46903,65.46874],[126.51799,65.46001],[126.51565,65.47848],[126.52399,65.486],[126.52145,65.50092],[126.52981,65.51487],[126.559,65.51501],[126.58735,65.55002],[126.62899,65.568],[126.62629,65.57987],[126.63047,65.58494],[126.7,65.57301],[126.74123,65.58725],[126.773,65.56701],[126.82099,65.56001],[126.8238,65.57711],[126.85201,65.58698],[127.01999,65.61301],[127.01192,65.63458],[127.02299,65.65],[127.02248,65.65639],[127.04999,65.66601],[127.05499,65.681],[127.045,65.69169],[127.04097,65.71789],[127.06899,65.736],[127.04263,65.76505],[127.042,65.77116],[127.05311,65.7812],[127.11,65.79301],[127.11499,65.805],[127.10697,65.81367],[127.10912,65.82093],[127.12332,65.827],[127.15529,65.82968],[127.1716,65.81651],[127.17001,65.80401],[127.22365,65.79403],[127.252,65.77801],[127.307,65.77401],[127.34899,65.797],[127.34155,65.82692],[127.35442,65.84789],[127.38999,65.858],[127.37704,65.87591],[127.3786,65.88036],[127.38599,65.885],[127.39199,65.909],[127.38558,65.91273],[127.38476,65.91843],[127.39799,65.936],[127.38455,65.94442],[127.38574,65.95284],[127.447,65.95701],[127.46765,65.96391],[127.584,65.95401],[127.58999,65.966],[127.58188,65.97633],[127.58193,65.98196],[127.60999,65.998],[127.59703,66.01888],[127.60199,66.033],[127.593,66.04299],[127.54531,66.04013],[127.522,66.04999],[127.4699,66.04635],[127.45728,66.05217],[127.45999,66.066],[127.41872,66.07765],[127.41099,66.093],[127.373,66.11099],[127.28701,66.08599],[127.28525,66.07035],[127.25741,66.0564],[127.15141,66.08116],[127.14548,66.10028],[127.15299,66.113],[127.14557,66.12257],[127.15699,66.134],[127.136,66.14799],[127.043,66.14899],[127.01634,66.13551],[126.99106,66.14368],[126.98773,66.14751],[126.98984,66.15484],[127.00699,66.164],[126.98907,66.18201],[126.98989,66.18748],[127.00099,66.198],[126.98899,66.22999],[126.98238,66.23624],[126.99499,66.264],[126.9843,66.27314],[126.98633,66.27777],[126.99499,66.283],[126.99399,66.297],[126.97722,66.30705],[126.97526,66.31228],[126.98399,66.324],[126.97957,66.33567],[126.99399,66.352],[126.99368,66.362],[127.02299,66.386],[127.01547,66.3958],[127.01632,66.40178],[127.067,66.42001],[127.09002,66.45214],[127.12,66.46001],[127.15133,66.48093],[127.18299,66.48501],[127.18999,66.508],[127.18134,66.52749],[127.18912,66.53678],[127.298,66.56101],[127.35099,66.592],[127.35099,66.599],[127.311,66.62444],[127.31117,66.6297],[127.32448,66.65203],[127.374,66.64901],[127.41671,66.66277],[127.46562,66.65319],[127.47101,66.635],[127.5,66.61801],[127.53717,66.61201],[127.6753,66.6219],[127.72494,66.61011],[127.735,66.59701],[127.76514,66.5895],[127.773,66.56701],[127.7915,66.56757],[127.813,66.55501],[127.85764,66.56166],[127.879,66.54601],[127.95074,66.54695],[127.976,66.53101],[128.02249,66.53343],[128.02671,66.52969],[128.02601,66.519],[128.03142,66.5112],[128.02701,66.502],[128.03758,66.49471],[128.03701,66.487],[128.046,66.48001],[128.07,66.47501],[128.10029,66.48384],[128.154,66.47401],[128.19725,66.47794],[128.254,66.46901],[128.33,66.49001],[128.34336,66.50365],[128.391,66.50001],[128.40699,66.517],[128.39433,66.5262],[128.39544,66.53407],[128.41135,66.54287],[128.44,66.54301],[128.45399,66.559],[128.43442,66.56885],[128.43499,66.579],[128.423,66.59199],[128.39987,66.59335],[128.39658,66.59734],[128.39798,66.60286],[128.47073,66.6458],[128.522,66.65665],[128.556,66.63801],[128.57361,66.64186],[128.61014,66.63517],[128.61328,66.63101],[128.61701,66.60401],[128.65374,66.59789],[128.662,66.58101],[128.69388,66.57525],[128.70201,66.56001],[128.725,66.55301],[128.761,66.55301],[128.77179,66.56094],[128.875,66.55901],[128.90128,66.56765],[128.977,66.54201],[129.03067,66.54693],[129.073,66.53701],[129.09371,66.54635],[129.111,66.53901],[129.16427,66.54594],[129.30388,66.52602],[129.33196,66.52875],[129.3597,66.51501],[129.36201,66.50301],[129.382,66.49701],[129.447,66.51001],[129.46299,66.523],[129.4084,66.56568],[129.40762,66.57118],[129.41299,66.579],[129.40652,66.58304],[129.40492,66.58783],[129.41023,66.59312],[129.47695,66.59374],[129.50214,66.56695],[129.542,66.55201],[129.58392,66.54922],[129.603,66.52201],[129.65426,66.51898],[129.667,66.50301],[129.753,66.48901],[129.899,66.49301],[129.952,66.50901],[130.00318,66.54231],[130.02234,66.53999],[130.049,66.51601],[130.09913,66.49765],[130.12042,66.47204],[130.11788,66.46578],[130.077,66.44399],[130.05401,66.421],[130.0686,66.39929],[130.05101,66.383],[130.0673,66.37153],[130.1022,66.32101],[130.10156,66.31594],[130.09701,66.313],[130.09659,66.29249],[130.08701,66.283],[130.10271,66.26632],[130.09701,66.248],[130.11533,66.23822],[130.10901,66.21501],[130.162,66.21301],[130.24538,66.22678],[130.266,66.21801],[130.36771,66.2199],[130.399,66.20601],[130.43471,66.20299],[130.544,66.08001],[130.68022,66.04986],[130.794,65.99201],[130.82441,65.98857],[130.848,65.97101],[131.13982,65.93821],[131.14321,65.93447],[131.14221,65.92899],[131.11701,65.907],[131.13229,65.89329],[131.13401,65.881],[131.15454,65.87192],[131.164,65.85501],[131.18418,65.84928],[131.2,65.82501],[131.24225,65.81755],[131.24601,65.802],[131.264,65.78901],[131.35175,65.79679],[131.37925,65.76543],[131.37872,65.76037],[131.37101,65.753],[131.3871,65.72409],[131.38201,65.71],[131.411,65.69301],[131.452,65.68501],[131.507,65.69496],[131.575,65.69101],[131.6737,65.70393],[131.70984,65.69731],[131.7118,65.69044],[131.69835,65.66905],[131.67001,65.66399],[131.66973,65.64608],[131.65901,65.63],[131.66251,65.62015],[131.64401,65.608],[131.65459,65.57261],[131.65294,65.56722],[131.62,65.55299],[131.58873,65.52389],[131.53201,65.495],[131.5297,65.48042],[131.48201,65.46199],[131.48001,65.454],[131.52753,65.43941],[131.52853,65.43222],[131.51501,65.419],[131.53425,65.41211],[131.53701,65.39901],[131.60588,65.39018],[131.61201,65.36901],[131.64583,65.3563],[131.64701,65.335],[131.68059,65.31183],[131.68301,65.30101],[131.772,65.27901],[131.84298,65.29593],[131.867,65.27],[131.99317,65.21764],[132.00401,65.179],[132.0702,65.14511],[132.08101,65.113],[132.12915,65.06004],[132.12964,65.05487],[132.12601,65.051],[132.12701,65.03],[132.16122,64.99733],[132.15801,64.982],[132.16801,64.96401],[132.214,64.93701],[132.26462,64.9271],[132.26901,64.91701],[132.27755,64.91444],[132.28033,64.91003],[132.26401,64.883],[132.27001,64.855],[132.295,64.83701],[132.31688,64.83322],[132.35472,64.80021],[132.34201,64.751],[132.35431,64.74193],[132.35494,64.7308],[132.33494,64.71512],[132.306,64.70799],[132.29301,64.696],[132.29093,64.68769],[132.27401,64.683],[132.27801,64.66301],[132.30626,64.65885],[132.3524,64.63773],[132.36315,64.62296],[132.409,64.61001],[132.45986,64.60701],[132.51647,64.62481],[132.55,64.62301],[132.61019,64.64468],[132.62625,64.64314],[132.63063,64.64034],[132.63135,64.63574],[132.626,64.63099],[132.61801,64.61201],[132.68643,64.61092],[132.701,64.59601],[132.741,64.58801],[132.7562,64.60222],[132.87799,64.62701],[132.87899,64.647],[132.85543,64.66626],[132.87447,64.6875],[132.9,64.68701],[132.92635,64.70066],[132.946,64.69701],[132.97099,64.707],[132.96865,64.7142],[132.9705,64.7189],[132.995,64.72901],[133.00399,64.744],[132.98569,64.7561],[132.98099,64.786],[132.96305,64.79574],[132.96097,64.80152],[132.96398,64.80565],[133.00699,64.82401],[133.01199,64.844],[132.99308,64.86215],[132.99199,64.872],[132.97428,64.88275],[132.97299,64.893],[132.92061,64.92524],[132.91776,64.93022],[132.92699,64.945],[132.9238,64.95444],[132.94307,64.9854],[132.95898,64.991],[132.94425,65.00325],[132.94999,65.021],[132.94598,65.02499],[132.94598,65.03],[132.95999,65.04],[132.95568,65.04483],[132.95612,65.0499],[132.99199,65.065],[132.98899,65.08099],[132.97565,65.08175],[132.97129,65.08604],[132.97699,65.102],[132.97059,65.1086],[132.97399,65.115],[132.9733,65.12401],[132.99899,65.138],[133.00245,65.15608],[133.02288,65.17459],[133.075,65.18001],[133.11126,65.20406],[133.19299,65.23201],[133.1933,65.24654],[133.22199,65.26],[133.21982,65.26984],[133.22346,65.27465],[133.48448,65.27895],[133.512,65.25901],[133.632,65.21201],[133.682,65.21998],[133.76027,65.21997],[133.84673,65.212],[133.882,65.19901],[133.90299,65.20701],[133.90889,65.21738],[133.94599,65.22701],[133.94491,65.23867],[133.96003,65.25681],[133.98199,65.26201],[133.97205,65.28428],[133.97296,65.28982],[133.99,65.29401],[133.99952,65.3046],[134.082,65.30801],[134.14699,65.32301],[134.15228,65.33553],[134.214,65.35301],[134.22586,65.36528],[134.295,65.39001],[134.32254,65.41102],[134.36395,65.39691],[134.39,65.37401],[134.436,65.36401],[134.469,65.37001],[134.48099,65.382],[134.47632,65.38855],[134.47736,65.39399],[134.49399,65.404],[134.47047,65.42676],[134.46947,65.43287],[134.49799,65.45001],[134.50556,65.46525],[134.52799,65.48],[134.51733,65.49419],[134.51857,65.50118],[134.57313,65.51207],[134.61699,65.535],[134.61315,65.54312],[134.61744,65.5487],[134.67099,65.55401],[134.67156,65.57031],[134.71499,65.595],[134.69569,65.63788],[134.69689,65.6438],[134.741,65.64501],[134.75099,65.657],[134.74122,65.66382],[134.74046,65.67034],[134.76141,65.68876],[134.83199,65.69201],[134.83361,65.70605],[134.86199,65.727],[134.85146,65.74978],[134.8649,65.76335],[134.917,65.75701],[134.96,65.76291],[135.003,65.75401],[135.07887,65.75899],[135.13427,65.77699],[135.209,65.78101],[135.22201,65.79581],[135.302,65.79301],[135.31627,65.80197],[135.374,65.80201],[135.38228,65.81869],[135.43799,65.85],[135.42989,65.86502],[135.43799,65.882],[135.43404,65.88636],[135.43594,65.89221],[135.48743,65.90484],[135.533,65.89801],[135.54689,65.90604],[135.61326,65.91092],[135.65394,65.90287],[135.675,65.88801],[135.74099,65.88901],[135.73799,65.914],[135.73245,65.92152],[135.74599,65.937],[135.74693,65.95327],[135.75016,65.95723],[135.84399,65.97201],[135.84084,65.99432],[135.86276,66.00381],[135.923,65.999],[136.014,66.00601],[136.05299,66.02201],[136.06047,66.04502],[136.10099,66.07301],[136.10796,66.08695],[136.15799,66.09301],[136.16312,66.10541],[136.232,66.11701],[136.25108,66.14291],[136.27223,66.15542],[136.308,66.15101],[136.3283,66.15888],[136.354,66.15701],[136.36399,66.17],[136.36287,66.17606],[136.3661,66.18004],[136.408,66.17901],[136.43578,66.19554],[136.526,66.18101],[136.7077,66.20393],[136.761,66.19501],[136.82181,66.19679],[136.829,66.18601],[136.84,66.18401],[136.85439,66.19381],[136.85888,66.19059],[136.86701,66.17001],[136.87797,66.16516],[136.87801,66.15701],[136.95121,66.15277],[137.00062,66.12573],[137.008,66.11001],[137.059,66.10801],[137.11027,66.11985],[137.207,66.09901],[137.27662,66.09687],[137.28752,66.08905],[137.28801,66.07001],[137.30106,66.06656],[137.315,66.05001],[137.33483,66.04703],[137.478,66.04201],[137.52295,66.0537],[137.56502,66.04215],[137.58,66.02201],[137.62351,66.01767],[137.62625,66.01216],[137.62101,65.99301],[137.66697,65.98889],[137.709,65.96701],[137.72299,65.96901],[137.72895,65.978],[137.75068,65.97895],[137.79,65.96801],[137.84387,65.96401],[137.89529,65.97394],[138.017,65.96201],[138.081,65.97801],[138.09209,65.99429],[138.11027,65.99693],[138.14053,65.9918],[138.157,65.97301],[138.19269,65.96],[138.19701,65.94401],[138.22386,65.93604],[138.30335,65.9439],[138.34,65.93201],[138.379,65.93],[138.47,65.93901],[138.51759,65.95696],[138.5844,65.95594],[138.683,65.94101],[138.7881,65.96774],[138.816,65.96101],[138.869,65.96401],[139.01528,66.00998],[139.15514,66.01395],[139.171,66.00701],[139.18215,66.01724],[139.201,66.01301],[139.23095,66.01769],[139.245,66.01101],[139.26044,66.0177],[139.52447,65.96708],[139.56,65.94601],[139.67367,65.91551],[139.68101,65.895],[139.69521,65.88793],[139.826,65.84501],[139.92073,65.84797],[139.987,65.83201],[140.125,65.85501],[140.17692,65.87541],[140.184,65.86801],[140.238,65.846],[140.33041,65.82426],[140.343,65.80301],[140.3852,65.80245],[140.39257,65.79877],[140.39455,65.79354],[140.38282,65.77218],[140.28601,65.72],[140.2942,65.71115],[140.29194,65.70384],[140.256,65.69999],[140.21701,65.68399],[140.21101,65.665],[140.22065,65.65259],[140.22061,65.64702],[140.198,65.63999],[140.19001,65.627],[140.213,65.60201],[140.32207,65.58214],[140.33728,65.57024],[140.33801,65.561],[140.368,65.54901],[140.51038,65.55885],[140.54,65.54301],[140.62232,65.53602],[140.644,65.52401],[140.669,65.52301],[140.68999,65.53301],[140.70019,65.54929],[140.72575,65.55781],[140.787,65.55001],[140.85593,65.56252],[140.875,65.54701],[140.92484,65.53703],[140.97984,65.538],[141.00175,65.5618],[141.05333,65.56591],[141.06825,65.5604],[141.07201,65.548],[141.094,65.53301],[141.13442,65.5237],[141.13801,65.514],[141.148,65.50901],[141.173,65.50401],[141.2016,65.50985],[141.32965,65.48519],[141.3338,65.48079],[141.33201,65.473],[141.345,65.45801],[141.39172,65.47477],[141.41989,65.47047],[141.42601,65.46001],[141.453,65.44301],[141.47199,65.44401],[141.47619,65.45517],[141.49469,65.46284],[141.5177,65.46396],[141.599,65.44301],[141.706,65.43701],[141.80172,65.4629],[141.84233,65.46209],[141.84726,65.45812],[141.84701,65.447],[141.86999,65.42563],[141.87901,65.39901],[141.939,65.38901],[142.08635,65.39075],[142.09109,65.38354],[142.08201,65.37],[142.101,65.36001],[142.20571,65.36097],[142.296,65.33601],[142.33846,65.33896],[142.46944,65.32805],[142.499,65.32001],[142.62317,65.32494],[142.663,65.30801],[142.696,65.31301],[142.72862,65.3306],[142.777,65.31901],[142.81431,65.32676],[142.863,65.31101],[142.90605,65.31181],[142.91029,65.30869],[142.91701,65.29201],[142.9773,65.25227],[142.96701,65.207],[142.98701,65.16701],[143.023,65.16001],[143.05901,65.16997],[143.16374,65.17596],[143.281,65.15201],[143.35394,65.15187],[143.375,65.13401],[143.53531,65.1111],[143.53788,65.10252],[143.51801,65.081],[143.535,65.06601],[143.627,65.06101],[143.66254,65.06936],[143.67415,65.06096],[143.79118,65.02899],[143.854,65.02701],[143.89643,65.05082],[144.01203,65.03807],[144.039,65.01901],[144.08728,65.02983],[144.16213,65.012],[144.232,65.01401],[144.24152,65.02336],[144.24647,65.02418],[144.28002,65.00309],[144.28301,64.963],[144.34014,64.92247],[144.35101,64.88601],[144.44758,64.87903],[144.53056,64.86128],[144.55,64.84001],[144.59894,64.82971],[144.60801,64.808],[144.644,64.78501],[144.68981,64.77095],[144.69298,64.75564],[144.66801,64.74399],[144.65958,64.72079],[144.594,64.69899],[144.57908,64.68292],[144.541,64.67499],[144.53301,64.65201],[144.60747,64.64105],[144.647,64.62001],[144.70722,64.60687],[144.7207,64.59939],[144.72501,64.58401],[144.76089,64.5748],[144.782,64.55401],[144.81968,64.56082],[144.841,64.55401],[144.92172,64.56885],[144.9526,64.56026],[144.96001,64.54801],[144.99214,64.53099],[145.061,64.52401],[145.07802,64.53759],[145.11,64.53301],[145.13913,64.53827],[145.176,64.50801],[145.23014,64.48866],[145.23449,64.48122],[145.22701,64.474],[145.22901,64.46701],[145.25526,64.4608],[145.291,64.43901],[145.3106,64.44492],[145.402,64.43701],[145.43176,64.45258],[145.466,64.44601],[145.49268,64.45071],[145.50696,64.44357],[145.515,64.42801],[145.532,64.42201],[145.668,64.40901],[145.69699,64.422],[145.70174,64.42928],[145.74086,64.43449],[145.76,64.42001],[145.77895,64.42074],[145.86337,64.39703],[145.86617,64.39163],[145.86301,64.382],[145.878,64.34401],[145.93199,64.33098],[146.04839,64.28377],[146.07229,64.26875],[146.06801,64.254],[146.07601,64.23901],[146.11174,64.22956],[146.13416,64.21614],[146.13612,64.2113],[146.13401,64.206],[146.152,64.19501],[146.189,64.18801],[146.2179,64.19446],[146.24214,64.17901],[146.273,64.18101],[146.29398,64.20004],[146.343,64.18301],[146.35882,64.18323],[146.36097,64.17734],[146.35411,64.16425],[146.32301,64.132],[146.32191,64.08994],[146.31372,64.07892],[146.212,64.04399],[146.196,64.028],[146.17152,63.97706],[146.10773,63.94635],[145.95114,63.91802],[145.91675,63.90499],[145.815,63.89299],[145.73799,63.86204],[145.56015,63.83702],[145.54901,63.827],[145.55401,63.81501],[145.6163,63.77658],[145.61901,63.726],[145.63389,63.70065],[145.63428,63.6725],[145.565,63.64399],[145.51497,63.58303],[145.44801,63.531],[145.43489,63.46404],[145.36801,63.362],[145.35909,63.33468],[145.27301,63.268],[145.24701,63.19],[145.29322,63.10455],[145.28201,63.079],[145.29448,63.06179],[145.29496,63.05672],[145.27001,63.04],[145.26601,63.021],[145.31249,62.9962],[145.32791,62.97265],[145.33101,62.94],[145.35927,62.90819],[145.35101,62.876],[145.35462,62.84846],[145.32401,62.783],[145.32101,62.753],[145.38657,62.71354],[145.38901,62.68],[145.4159,62.6542],[145.4147,62.64755],[145.39201,62.632],[145.38501,62.609],[145.4342,62.58679],[145.46615,62.55976],[145.46718,62.55282],[145.38597,62.51513],[145.34773,62.51511],[145.272,62.53699],[145.18188,62.49643],[145.14,62.49999],[145.12201,62.49399],[145.12301,62.476],[145.16853,62.4393],[145.14501,62.381],[145.16964,62.34229],[145.17023,62.33706],[145.12101,62.307],[145.1558,62.2884],[145.15621,62.27948],[145.127,62.27299],[145.11077,62.25082],[145.06051,62.23914],[144.97801,62.24899],[144.99714,62.18831],[144.98816,62.17633],[144.93929,62.16211],[144.892,62.16299],[144.81568,62.12411],[144.761,62.12399],[144.71801,62.1],[144.71401,62.081],[144.745,62.04201],[144.84775,62.06293],[144.94466,62.05781],[144.96544,62.05164],[145.023,62.00801],[145.167,61.96001],[145.209,61.96301],[145.27249,61.98678],[145.29266,61.987],[145.3897,61.97601],[145.441,61.95401],[145.485,61.95101],[145.55101,61.97798],[145.633,61.99601],[145.64999,62.00801],[145.66769,62.04362],[145.7217,62.05491],[145.74159,62.0523],[145.791,62.00601],[145.815,62.00501],[145.87557,62.0216],[145.95723,62.00083],[145.99294,61.97993],[146.019,61.94901],[146.0947,61.9458],[146.13158,61.93488],[146.153,61.90701],[146.21044,61.90143],[146.259,61.85901],[146.29824,61.85084],[146.34942,61.8237],[146.36101,61.768],[146.43151,61.73459],[146.44201,61.702],[146.50187,61.6581],[146.55642,61.64709],[146.57321,61.63632],[146.57471,61.63019],[146.56401,61.611],[146.57686,61.57198],[146.57301,61.533],[146.61923,61.48309],[146.61101,61.431],[146.662,61.40401],[146.75022,61.40219],[146.75542,61.39724],[146.72617,61.3533],[146.68801,61.326],[146.67701,61.305],[146.69601,61.261],[146.7431,61.21383],[146.72801,61.166],[146.74161,61.11628],[146.7376,61.10385],[146.676,61.08599],[146.66101,61.067],[146.69774,61.04015],[146.71865,61.01233],[146.71725,61.00594],[146.71001,61.00299],[146.69897,60.96721],[146.68435,60.95605],[146.643,60.95203],[146.534,60.96299],[146.483,60.93699],[146.47201,60.924],[146.47101,60.9],[146.49577,60.8426],[146.46501,60.806],[146.4746,60.78899],[146.47375,60.78351],[146.44301,60.764],[146.44601,60.749],[146.46645,60.73609],[146.46804,60.72975],[146.45917,60.71146],[146.40222,60.67132],[146.32073,60.66427],[146.257,60.69399],[146.19436,60.70804],[146.16,60.73799],[146.059,60.74199],[146.02705,60.70369],[145.92766,60.66724],[145.893,60.66299],[145.88001,60.648],[145.88053,60.62916],[145.87081,60.61872],[145.81429,60.60419],[145.776,60.61299],[145.742,60.61099],[145.66399,60.57303],[145.61801,60.56199],[145.60505,60.52515],[145.549,60.50699],[145.50501,60.471],[145.52701,60.41101],[145.61789,60.3922],[145.63037,60.38086],[145.62398,60.36469],[145.56901,60.35299],[145.56401,60.339],[145.57411,60.3219],[145.61101,60.28801],[145.70883,60.2311],[145.805,60.19101],[145.86463,60.21697],[146.101,60.21901],[146.22174,60.25191],[146.29,60.25201],[146.34275,60.26591],[146.37266,60.26538],[146.38412,60.2564],[146.39801,60.22101],[146.45499,60.18382],[146.45201,60.12701],[146.5015,60.13157],[146.516,60.11501],[146.539,60.10701],[146.57472,60.12284],[146.60268,60.12585],[146.67069,60.09807],[146.67793,60.0543],[146.67412,60.0309],[146.64101,59.987],[146.72787,59.95681],[146.774,59.90201],[146.797,59.89701],[146.87427,59.92801],[146.99699,59.94286],[147.02577,59.93332],[147.04001,59.89901],[147.10834,59.88038],[147.13313,59.84743],[147.09801,59.805],[147.1373,59.77721],[147.14249,59.75439],[147.12197,59.72503],[147.08201,59.69],[147.14773,59.64556],[147.15037,59.6407],[147.12701,59.608],[147.13169,59.58346],[147.11401,59.535],[147.12305,59.50886],[147.09301,59.47],[147.09635,59.42876],[147.07495,59.41645],[147.07331,59.41629],[146.923,59.40099],[146.85065,59.36036],[146.69724,59.39141],[146.678,59.43299],[146.443,59.46199],[146.31191,59.40188],[146.32588,59.32042],[146.30858,59.28684],[146.24594,59.27802],[146.054,59.25099],[146.03515,59.21755],[146.03698,59.21577],[146.00117,59.14171],[145.98599,59.184],[145.83022,59.2472],[145.8528,59.30169],[145.94799,59.348],[145.97099,59.404],[145.928,59.42199],[145.87757,59.39954],[145.82014,59.41103],[145.80203,59.36639],[145.71452,59.4024],[145.698,59.42699],[145.66902,59.41127],[145.56686,59.42099],[145.33728,59.38835],[145.316,59.40999],[145.254,59.41599],[144.92762,59.36502],[144.43834,59.36701],[143.8838,59.40098],[143.48155,59.31923],[143.38177,59.32622],[143.307,59.36199],[143.21919,59.35701],[142.43621,59.19305],[142.17186,59.08193],[141.92383,58.94089],[141.79027,58.85546],[141.591,58.728],[141.51108,58.65516],[141.3832,58.53862],[141.19357,58.46926],[141.042,58.44299],[140.82563,58.32786],[140.65623,58.26477],[140.587,58.23899],[140.49991,58.1709],[140.17322,57.80597],[140.11734,57.74354],[139.962,57.67799],[139.85544,57.57179],[139.4938,57.42062],[139.29964,57.33945],[139.2971,57.33839],[139.29038,57.34038],[127.66985,60.79597],[124.127,59.98199],[119.59781,57.2692],[119.59148,57.27157],[119.58199,57.3],[119.54899,57.34299],[119.503,57.36699],[119.45209,57.37078],[119.41248,57.43023],[119.42199,57.448],[119.41998,57.50344],[119.47599,57.53401],[119.49799,57.59],[119.422,57.61899],[119.321,57.61499],[119.271,57.59299],[119.24397,57.55302],[119.19938,57.51074],[119.17954,57.51151],[119.15096,57.53432],[119.16899,57.58],[119.15643,57.62779],[119.17099,57.656],[119.15999,57.697],[119.134,57.71499],[119.06118,57.72414],[119.05106,57.74067],[119.08599,57.796],[119.09699,57.831],[119.09435,57.85818],[119.13574,57.99712],[119.16499,58.041],[119.14634,58.07934],[119.15899,58.136],[119.15599,58.162],[119.111,58.22699],[119.01,58.23799],[118.78418,58.21802],[118.69299,58.18703],[118.63233,58.18026],[118.575,58.21299],[118.49478,58.22119],[118.473,58.24699],[118.40106,58.26911],[118.36709,58.29807],[118.342,58.346],[118.319,58.35699],[118.142,58.39099],[118.10638,58.35261],[118.07002,58.34523],[118.04801,58.35347],[118.028,58.386],[117.996,58.39899],[117.923,58.40699],[117.87472,58.39923],[117.835,58.41299],[117.78971,58.40003],[117.667,58.39999],[117.65229,58.37648],[117.486,58.32299],[117.46301,58.3],[117.47301,58.27601],[117.51855,58.2563],[117.57956,58.18294],[117.58076,58.17761],[117.56368,58.14591],[117.5077,58.1411],[117.437,58.15699],[117.40401,58.13],[117.40533,58.0913],[117.37001,58.062],[117.38659,58.02164],[117.36101,57.995],[117.37275,57.96198],[117.36501,57.927],[117.39212,57.91436],[117.39312,57.90557],[117.365,57.89399],[117.34468,57.86796],[117.3125,57.85236],[117.255,57.85799],[117.196,57.84504],[117.127,57.84599],[117.109,57.84099],[117.08101,57.812],[117.09201,57.78701],[117.14262,57.76602],[117.16607,57.73575],[117.15879,57.70474],[117.13601,57.67],[117.13801,57.63801],[117.17829,57.63888],[117.28253,57.60707],[117.29081,57.57837],[117.25601,57.54],[117.25001,57.512],[117.2719,57.48893],[117.283,57.46001],[117.32392,57.4471],[117.33177,57.43096],[117.33001,57.408],[117.34242,57.38959],[117.33501,57.36],[117.362,57.32401],[117.389,57.32001],[117.43387,57.32625],[117.4392,57.32346],[117.44247,57.30422],[117.42201,57.265],[117.429,57.251],[117.473,57.23401],[117.543,57.25601],[117.60012,57.31526],[117.655,57.30201],[117.77335,57.29699],[117.7858,57.28922],[117.75827,57.22459],[117.74004,57.20045],[117.624,57.168],[117.59601,57.152],[117.60994,57.13562],[117.61701,57.101],[117.67014,57.0623],[117.66701,57.037],[117.67941,57.0121],[117.6678,56.98115],[117.64669,56.96492],[117.57201,56.938],[117.5759,56.89001],[117.56646,56.86092],[117.56151,56.85997],[117.519,56.87499],[117.498,56.87399],[117.467,56.857],[117.44727,56.82621],[117.41078,56.83694],[117.40904,56.84184],[117.41299,56.86099],[117.35684,56.8728],[117.35543,56.87762],[117.36499,56.916],[117.337,56.94899],[117.30771,56.93095],[117.253,56.91599],[117.18701,56.87999],[117.15231,56.82555],[117.13129,56.81101],[117.094,56.81999],[117.029,56.81699],[117.00201,56.801],[117.01468,56.79055],[117.01186,56.7821],[116.967,56.78499],[116.80628,56.73022],[116.78248,56.73439],[116.737,56.76499],[116.629,56.75404],[116.57188,56.76191],[116.511,56.80399],[116.38513,56.83079],[116.362,56.85199],[116.314,56.84899],[116.24327,56.82292],[116.164,56.81403],[116.12432,56.81807],[116.049,56.86499],[115.96608,56.86626],[115.862,56.93699],[115.73239,56.96366],[115.72825,56.9668],[115.72791,56.97144],[115.7648,57.00677],[115.80578,57.02687],[116.049,57.07701],[116.17153,57.13674],[116.239,57.14401],[116.24299,57.152],[116.193,57.20299],[116.16546,57.21803],[116.15899,57.23199],[116.132,57.24299],[115.86314,57.248],[115.79,57.21199],[115.76441,57.18765],[115.67731,57.13619],[115.622,57.14099],[115.532,57.11602],[115.3703,57.09707],[115.263,57.117],[115.084,57.12299],[115.05593,57.07106],[115.02001,57.039],[115.04254,57.01383],[115.04105,56.98788],[114.93101,56.915],[114.91372,56.87629],[114.84201,56.835],[114.83253,56.7589],[114.77757,56.70588],[114.736,56.70799],[114.61327,56.68614],[114.547,56.70399],[114.49901,56.70599],[114.4951,56.67597],[114.44193,56.66039],[114.399,56.67899],[114.29,56.69699],[114.144,56.68599],[114.118,56.674],[114.07957,56.6171],[113.994,56.58799],[113.98801,56.574],[114.00789,56.55889],[114.00136,56.5464],[113.89911,56.53118],[113.85957,56.54752],[113.805,56.60699],[113.515,56.68399],[113.45256,56.65232],[113.398,56.64899],[113.36779,56.63136],[113.258,56.65399],[113.16002,56.65014],[113.092,56.67799],[112.97441,56.68298],[112.8986,56.69682],[112.877,56.73099],[112.74944,56.76616],[112.73213,56.79504],[112.72699,56.837],[112.70477,56.86362],[112.71077,56.88164],[112.74799,56.915],[112.75099,56.936],[112.731,56.94999],[112.66314,56.96497],[112.54887,56.93293],[112.50001,56.90799],[112.47612,56.87736],[112.45615,56.86908],[112.23577,56.8831],[112.21059,56.89135],[112.165,56.92699],[112.11,56.94899],[111.916,56.94999],[111.884,56.94299],[111.84689,56.91429],[111.81708,56.91329],[111.785,56.948],[111.75377,56.96126],[111.716,56.99499],[111.63732,57.01639],[111.62499,57.097],[111.615,57.10899],[111.58678,57.11199],[111.46,57.10699],[111.41501,57.067],[111.40892,57.04035],[111.38101,57.02],[111.37873,56.98378],[111.33101,56.957],[111.36897,56.91709],[111.36756,56.90589],[111.242,56.87599],[111.20967,56.84288],[111.16369,56.8201],[111.13314,56.82026],[110.99,56.86399],[110.88207,56.83932],[110.752,56.87899],[110.66098,56.8381],[110.60072,56.8351],[110.53683,56.85104],[110.52999,56.88799],[110.47242,56.88627],[110.43305,56.90208],[110.41,56.92299],[110.34011,56.94197],[110.313,56.94499],[110.23342,56.93014],[110.19904,56.9371],[110.162,56.96099],[110.084,56.97999],[109.99617,56.97501],[109.972,56.96499],[109.95286,56.93275],[109.915,56.92699],[109.883,56.894],[109.85501,56.831],[109.87694,56.79804],[109.87669,56.79196],[109.845,56.77999],[109.76429,56.70906],[109.66472,56.69908],[109.59033,56.71297],[109.539,56.74099],[109.41,56.73999],[109.369,56.72799],[109.30472,56.6729],[109.21101,56.6631],[109.142,56.68099],[109.093,56.66699],[109.0549,56.62532],[109.03506,56.62673],[109.017,56.65099],[108.975,56.64099],[108.92662,56.59316],[108.805,56.59599],[108.75064,56.5822],[108.707,56.58999],[108.69114,56.58405],[108.66801,56.562],[108.71329,56.53712],[108.72098,56.51262],[108.71392,56.50229],[108.64801,56.459],[108.6362,56.42591],[108.59601,56.406],[108.59975,56.37894],[108.59383,56.36819],[108.55301,56.348],[108.57301,56.28101],[108.60497,56.27987],[108.658,56.25401],[108.68998,56.25588],[108.737,56.24001],[108.79904,56.25111],[108.86554,56.20429],[108.888,56.17201],[108.91672,56.15284],[108.91765,56.14669],[108.90601,56.125],[108.90701,56.097],[108.921,56.08501],[108.97214,56.06896],[108.989,56.03501],[109.10235,56.01699],[109.138,55.98501],[109.167,55.97601],[109.196,55.97901],[109.23647,55.99431],[109.24904,55.97374],[109.22939,55.94183],[109.17865,55.91817],[109.07235,55.92801],[109.037,55.94399],[108.968,55.94999],[108.9052,55.8952],[108.85001,55.86899],[108.80501,55.785],[108.80489,55.72002],[108.76679,55.62617],[108.75061,55.6153],[108.709,55.61899],[108.68401,55.60699],[108.67201,55.574],[108.69021,55.54212],[108.68643,55.52557],[108.64701,55.49899],[108.61701,55.456],[108.62301,55.44101],[108.6528,55.42183],[108.66264,55.40053],[108.64801,55.298],[108.664,55.28801],[108.68867,55.28597],[108.70101,55.261],[108.721,55.24301],[108.76745,55.23046],[108.77115,55.22638],[108.76201,55.195],[108.77562,55.17133],[108.77545,55.16607],[108.74051,55.1002],[108.69601,55.08499],[108.68501,55.063],[108.69901,54.975],[108.74501,54.93751],[108.74719,54.93222],[108.74394,54.92751],[108.717,54.91699],[108.69001,54.891],[108.71228,54.86165],[108.70001,54.823],[108.71084,54.78419],[108.69379,54.68349],[108.64901,54.647],[108.6274,54.59373],[108.55302,54.54201],[108.67147,54.54192],[109.02718,54.48493],[109.03204,54.48047],[109.03119,54.47135],[109.0027,54.42767],[108.42,53.786],[108.05726,53.20965],[106.196,52.44499],[105.98767,52.22473],[105.74935,52.03528],[105.45899,51.86802],[105.1217,51.73592],[104.89775,51.67395],[104.648,51.62699],[104.63201,51.599],[104.62401,51.443],[104.63001,51.427],[104.66454,51.39647],[104.66398,51.33962],[104.65557,51.32061],[104.60892,51.2753],[104.52326,51.29596],[104.489,51.31499],[104.43574,51.29801],[104.212,51.28599],[104.145,51.25599],[104.10466,51.22606],[104.062,51.21903],[104.006,51.22199],[103.94643,51.17486],[103.82561,51.13908],[103.81906,51.1451],[103.82088,51.40409],[103.8,51.42099],[103.691,51.46499],[103.577,51.48399],[103.5,51.46302],[103.388,51.44999],[103.35958,51.4374],[103.32963,51.44349],[103.25196,51.51744],[103.25399,51.566],[103.18997,51.61289],[103.21299,51.665],[103.20048,51.72479],[103.22599,51.78],[103.22399,51.8],[103.21211,51.81288],[103.1099,51.84384],[103.084,51.878],[103.067,51.88699],[102.93704,51.91509],[102.857,51.96699],[102.77242,51.99411],[102.73999,52.03899],[102.70985,52.06225],[102.683,52.09899],[102.63247,52.11018],[102.613,52.13499],[102.57916,52.15175],[102.56799,52.201],[102.544,52.23199],[102.45566,52.24196],[102.413,52.26699],[102.34428,52.23815],[102.3205,52.23616],[102.22641,52.26089],[102.176,52.28199],[102.09,52.26199],[102.06149,52.22566],[102.04553,52.21739],[101.96512,52.22727],[101.90233,52.28432],[101.90268,52.29099],[101.91999,52.31],[101.914,52.32099],[101.82036,52.36184],[101.745,52.40699],[101.68492,52.41397],[101.68265,52.42114],[101.69699,52.444],[101.69099,52.46399],[101.65556,52.47827],[101.542,52.54799],[101.48784,52.56568],[101.47799,52.61],[101.462,52.62499],[101.402,52.64299],[101.31163,52.64907],[101.288,52.66599],[101.24781,52.67327],[101.212,52.69999],[101.12454,52.71731],[101.033,52.77399],[100.87029,52.80487],[100.83,52.861],[100.73716,52.90193],[100.68078,52.91213],[100.62434,52.93789],[100.538,53.02099],[100.50485,53.03134],[100.464,53.07399],[100.42222,53.08756],[100.39802,53.10502],[100.37155,53.13419],[100.37009,53.13933],[100.37599,53.154],[100.36885,53.15838],[100.36871,53.16507],[100.41699,53.199],[100.40999,53.2058],[100.41399,53.217],[100.40506,53.23687],[100.34429,53.27486],[100.317,53.307],[100.29581,53.31693],[100.27599,53.37],[100.249,53.38099],[100.189,53.37599],[100.16601,53.33677],[100.07926,53.30521],[99.992,53.31599],[99.867,53.30199],[99.83701,53.26],[99.86833,53.21469],[99.86706,53.20727],[99.774,53.18399],[99.68926,53.1373],[99.63,53.13899],[99.53599,53.11112],[99.434,53.12199],[99.368,53.11399],[99.34901,53.08],[99.35976,53.05269],[99.33656,53.01984],[99.24901,52.98099],[99.24516,52.96608],[99.24078,52.96271],[98.99346,53.03912],[98.99017,53.04653],[98.9986,53.0612],[99.06898,53.099],[98.939,53.15399],[98.892,53.15299],[98.87661,53.13131],[98.86251,53.13],[98.687,53.15999],[98.59794,53.10931],[98.54588,53.11499],[98.39215,53.10801],[98.3563,53.09639],[98.30675,53.10808],[98.29206,53.12943],[98.29699,53.16],[98.28782,53.18886],[98.30499,53.212],[98.291,53.22799],[98.22203,53.23013],[98.18,53.24999],[98.03277,53.25832],[97.97784,53.29558],[97.97221,53.30862],[97.97799,53.347],[97.958,53.36299],[97.90374,53.35706],[97.732,53.38299],[97.63132,53.37306],[97.60833,53.37804],[97.59205,53.39241],[97.58899,53.44199],[97.563,53.45299],[97.45138,53.46631],[97.43599,53.503],[97.40144,53.52302],[97.38799,53.554],[97.34857,53.57679],[97.336,53.59899],[97.24302,53.60509],[97.188,53.62899],[97.1272,53.61859],[97.064,53.65399],[97.00224,53.66783],[96.986,53.68999],[96.93605,53.70012],[96.894,53.72899],[96.876,53.73399],[96.807,53.72999],[96.716,53.70299],[96.69351,53.65334],[96.68893,53.64988],[96.65321,53.64887],[96.64799,53.663],[96.618,53.68199],[96.598,53.67999],[96.59194,53.66961],[96.58681,53.66756],[96.548,53.68299],[96.52545,53.67937],[96.49755,53.69155],[96.49406,53.69605],[96.49699,53.705],[96.48999,53.732],[96.473,53.74799],[96.46205,53.74897],[96.45799,53.75699],[96.40546,53.76431],[96.39299,53.798],[96.343,53.84099],[96.30106,53.85212],[96.277,53.871],[96.18788,53.90895],[96.18478,53.9136],[96.18699,53.921],[96.15386,53.94453],[96.14799,53.96299],[96.12902,53.96741],[96.12199,53.98699],[96.08145,53.99334],[96.08036,54.00121],[96.09099,54.009],[96.07581,54.02144],[96.0746,54.02683],[96.09799,54.043],[96.09899,54.069],[96.075,54.08599],[96.0107,54.08512],[95.94761,54.10432],[95.94299,54.11899],[95.92041,54.123],[95.91999,54.141],[95.9,54.16799],[95.88,54.17999],[95.86637,54.18236],[95.86599,54.19],[95.853,54.21299],[95.82941,54.21619],[95.814,54.23099],[95.74882,54.22157],[95.734,54.23599],[95.68691,54.24246],[95.659,54.27099],[95.638,54.27099],[95.62674,54.25718],[95.601,54.26499],[95.58575,54.24523],[95.58027,54.24345],[95.56,54.27099],[95.533,54.28599],[95.498,54.27999],[95.47437,54.2616],[95.45525,54.27336],[95.45199,54.28499],[95.40607,54.29912],[95.383,54.31899],[95.34402,54.3191],[95.285,54.34199],[95.212,54.33899],[95.16365,54.31131],[95.09,54.32199],[95.04963,54.30011],[95.024,54.31699],[94.95272,54.32221],[94.9483,54.32781],[94.95299,54.348],[94.89934,54.37396],[94.882,54.39699],[94.83104,54.40412],[94.757,54.44799],[94.74011,54.45031],[94.71822,54.47887],[94.71902,54.48386],[94.72599,54.491],[94.72299,54.50999],[94.653,54.51699],[94.61616,54.51066],[94.596,54.53299],[94.519,54.55499],[94.49901,54.54799],[94.49431,54.5401],[94.48,54.53899],[94.47143,54.52428],[94.45201,54.51899],[94.44545,54.50468],[94.406,54.50399],[94.39101,54.49699],[94.37875,54.47955],[94.37395,54.47747],[94.35785,54.48113],[94.35699,54.498],[94.33582,54.5123],[94.312,54.54399],[94.26779,54.54827],[94.198,54.59299],[94.156,54.60299],[94.10049,54.60322],[94.001,54.64099],[93.9556,54.6106],[93.848,54.64199],[93.828,54.63699],[93.80706,54.61086],[93.749,54.62199],[93.71312,54.60104],[93.64768,54.63343],[93.64906,54.64123],[93.66999,54.65],[93.65999,54.68299],[93.6002,54.68841],[93.572,54.71899],[93.53271,54.73361],[93.512,54.76199],[93.48555,54.76747],[93.48373,54.77235],[93.48799,54.787],[93.471,54.81799],[93.38701,54.82604],[93.33992,54.84169],[93.33599,54.84593],[93.33499,54.866],[93.296,54.88499],[93.279,54.88599],[93.26088,54.85708],[93.22442,54.85117],[93.18044,54.86155],[93.17499,54.874],[93.142,54.89399],[93.063,54.92099],[93.02062,54.90491],[92.98329,54.8961],[92.95,54.89799],[92.91943,54.88648],[92.87857,54.90247],[92.86566,54.91594],[92.86599,54.92999],[92.80733,54.93202],[92.77184,54.94501],[92.717,54.94699],[92.654,54.93002],[92.54956,54.92008],[92.517,54.92899],[92.48784,54.92366],[92.466,54.94499],[92.42815,54.94898],[92.41568,54.94164],[92.405,54.94899],[92.38862,54.93417],[92.36001,54.93499],[92.36231,54.92209],[92.34201,54.91499],[92.34149,54.90051],[92.32711,54.88138],[92.28,54.89099],[92.25001,54.88199],[92.2455,54.87127],[92.23201,54.86999],[92.23001,54.857],[92.2545,54.84494],[92.26126,54.82914],[92.25868,54.82466],[92.24301,54.816],[92.2454,54.79919],[92.23052,54.77274],[92.22588,54.77021],[92.17904,54.77318],[92.167,54.787],[92.07,54.83299],[91.989,54.83599],[91.97,54.82899],[91.94783,54.79833],[91.93804,54.79625],[91.871,54.82899],[91.84782,54.82144],[91.76186,54.87704],[91.705,54.89299],[91.599,54.89999],[91.57801,54.89099],[91.56801,54.85],[91.593,54.82201],[91.61947,54.82047],[91.637,54.80701],[91.67046,54.79572],[91.67328,54.79201],[91.67226,54.7869],[91.66186,54.78105],[91.573,54.78299],[91.54301,54.77099],[91.54101,54.764],[91.55189,54.75274],[91.55085,54.74568],[91.43475,54.66764],[91.309,54.67899],[91.13357,54.66325],[91.113,54.68099],[91.062,54.69099],[91.04701,54.68599],[91.03573,54.67187],[91.0,54.66499],[90.96512,54.64008],[91.00869,54.62183],[91.01201,54.61],[91.028,54.60101],[91.09499,54.58198],[91.25488,54.50325],[91.26358,54.46675],[91.24201,54.424],[91.273,54.378],[91.30477,54.34975],[91.30401,54.331],[91.35598,54.31296],[91.4129,54.2759],[91.483,54.168],[91.526,54.121],[91.57261,54.08377],[91.57544,54.06289],[91.54477,53.9988],[91.51292,53.96412],[91.477,53.94899],[91.44581,53.90138],[91.4401,53.89923],[91.43567,53.90265],[91.43572,53.90772],[91.46899,53.963],[91.46799,54.059],[91.31511,54.22588],[91.25557,54.27863],[91.2141,54.34004],[91.19099,54.44],[91.163,54.491],[91.09685,54.52806],[90.86377,54.62861],[90.86281,54.63427],[90.91799,54.795],[90.842,54.84399],[90.72573,54.83802],[90.72235,54.84395],[90.72799,54.874],[90.686,54.90999],[90.46231,54.87716],[90.45567,54.89442],[90.48799,54.929],[90.439,55.01999],[90.367,55.05199],[90.26465,55.05501],[90.23858,55.06731],[90.23573,55.07289],[90.24199,55.108],[90.196,55.15599],[90.144,55.14099],[90.12345,55.10942],[90.05561,55.09417],[90.007,55.10299],[89.903,55.09099],[89.82424,55.05414],[89.728,55.03799],[89.66148,55.01016],[89.6566,55.01127],[89.63,55.036],[89.567,55.06299],[89.5471,55.05096],[89.445,55.04299],[89.42206,54.99082],[89.39351,54.97967],[89.347,55.00499],[89.20482,54.99637],[89.15,55.08099],[89.05147,55.09027],[89.0505,55.09674],[89.07199,55.134],[88.97271,55.1876],[88.97499,55.232],[88.95299,55.29299],[88.87934,55.31394],[88.824,55.35199],[88.76163,55.34975],[88.694,55.41499],[88.63804,55.42909],[88.608,55.44999],[88.55798,55.39202],[88.50064,55.34552],[88.41901,55.30999],[88.38801,55.267],[88.40501,55.237],[88.47841,55.1881],[88.49402,55.15668],[88.50001,55.119],[88.54456,55.08048],[88.54501,55.013],[88.58462,54.99602],[88.607,54.96701],[88.6648,54.96216],[88.67088,54.95656],[88.6717,54.93175],[88.65501,54.903],[88.664,54.87301],[88.689,54.87201],[88.72815,54.8913],[88.74197,54.88564],[88.7477,54.80772],[88.71501,54.76964],[88.651,54.76799],[88.62601,54.749],[88.62752,54.71484],[88.60801,54.698],[88.6049,54.61106],[88.57501,54.579],[88.59721,54.52783],[88.56201,54.499],[88.55873,54.46511],[88.52918,54.42941],[88.45499,54.40703],[88.38,54.40099],[88.37301,54.388],[88.53461,54.3373],[88.561,54.28301],[88.587,54.28501],[88.63732,54.31693],[88.673,54.32101],[88.70665,54.3542],[88.778,54.38001],[88.80066,54.40201],[88.84374,54.41072],[88.95184,54.36327],[88.95434,54.35805],[88.94801,54.318],[89.003,54.28501],[89.027,54.29001],[89.06362,54.32805],[89.12815,54.34475],[89.15994,54.33788],[89.18289,54.3196],[89.17301,54.274],[89.20967,54.25214],[89.2121,54.24754],[89.17401,54.196],[89.18446,54.1584],[89.18339,54.15383],[89.016,54.11199],[88.98401,54.087],[88.97701,54.065],[89.04197,53.98898],[89.062,53.95101],[89.14573,53.95297],[89.20224,53.93904],[89.20481,53.93048],[89.17401,53.897],[89.17801,53.87],[89.197,53.85701],[89.25291,53.85771],[89.25999,53.85259],[89.26037,53.84685],[89.19901,53.80899],[89.1785,53.78641],[89.093,53.78499],[89.029,53.75799],[89.00901,53.732],[88.99856,53.67161],[88.91,53.62999],[88.88804,53.6039],[88.83401,53.59199],[88.83401,53.576],[88.86932,53.54581],[88.85801,53.4826],[88.84068,53.46287],[88.79101,53.435],[88.78274,53.39883],[88.75601,53.365],[88.764,53.35001],[88.808,53.34301],[88.83434,53.36698],[88.88959,53.38115],[88.96457,53.34197],[88.97601,53.319],[89.04425,53.24556],[89.04369,53.23937],[89.00101,53.192],[89.04084,53.14007],[89.04077,53.13358],[89.01801,53.11399],[89.00209,53.08269],[88.90501,53.036],[88.90922,53.01528],[88.89001,52.987],[88.985,52.94601],[89.06518,52.94815],[89.11487,52.91285],[89.10801,52.863],[89.123,52.85701],[89.17506,52.86227],[89.22449,52.81316],[89.22316,52.80578],[89.14217,52.73529],[89.03801,52.70899],[89.03901,52.675],[89.10562,52.62882],[89.10943,52.60612],[89.10764,52.60115],[89.069,52.58999],[89.02693,52.5481],[88.973,52.526],[88.94138,52.49177],[88.75,52.40999],[88.72171,52.38088],[88.66101,52.348],[88.65601,52.336],[88.668,52.32501],[88.70796,52.31222],[88.71148,52.30784],[88.67871,52.25644],[88.627,52.24699],[88.59739,52.22606],[88.532,52.22099],[88.48023,52.1852],[88.45575,52.17724],[88.37663,52.1733],[88.37095,52.17925],[88.37013,52.30531],[88.42999,52.356],[88.41461,52.38434],[88.43299,52.435],[88.422,52.45899],[88.315,52.45199],[88.20811,52.41952],[88.15425,52.44292],[88.116,52.47299],[88.05911,52.50094],[87.98801,52.52202],[87.924,52.55299],[87.865,52.54699],[87.82463,52.51305],[87.734,52.49499],[87.67051,52.45932],[87.63797,52.45524],[87.58,52.49199],[87.38344,52.51334],[87.35099,52.59999],[87.21359,52.58805],[87.1771,52.59224],[87.17205,52.59915],[87.17699,52.614],[87.118,52.67299],[86.952,52.64004],[86.89328,52.64202],[86.849,52.65599],[86.79001,52.614],[86.78655,52.55708],[86.7724,52.54688],[86.728,52.53599],[86.61201,52.386],[86.61401,52.369],[86.634,52.35301],[86.80244,52.285],[86.80266,52.27945],[86.77501,52.233],[86.81625,52.19334],[86.81688,52.16236],[86.77234,52.11864],[86.64223,52.11501],[86.497,52.12299],[86.48101,52.11],[86.48394,52.08908],[86.46101,52.07],[86.4487,52.03451],[86.42468,52.02299],[86.368,52.01502],[86.266,52.01702],[86.22201,52.02602],[86.18418,52.04066],[86.168,52.07099],[86.15,52.07499],[85.919,52.07699],[85.90362,52.03988],[85.83201,51.985],[85.83001,51.969],[85.86452,51.92647],[85.86398,51.91918],[85.80499,51.89103],[85.756,51.87899],[85.73601,51.863],[85.73901,51.85601],[85.76751,51.84793],[85.77131,51.84239],[85.75001,51.822],[85.75502,51.80553],[85.73601,51.78],[85.73288,51.74215],[85.72709,51.74026],[85.669,51.75899],[85.60096,51.71611],[85.53401,51.70399],[85.51005,51.65732],[85.47801,51.633],[85.48735,51.59844],[85.4685,51.5732],[85.42632,51.56503],[85.292,51.56999],[85.28101,51.552],[85.29813,51.52873],[85.29493,51.5128],[85.23023,51.47464],[85.153,51.50099],[85.006,51.49399],[84.92316,51.42947],[84.864,51.43099],[84.714,51.40399],[84.65572,51.36594],[84.507,51.31999],[84.48509,51.29388],[84.39605,51.27151],[84.342,51.29499],[84.278,51.28799],[84.16834,51.14744],[84.14239,51.12448],[84.12355,51.12161],[84.095,51.14099],[84.069,51.14699],[84.013,51.14199],[84.00001,51.129],[84.00201,51.071],[84.016,51.05901],[84.251,50.99701],[84.30255,51.00666],[84.354,50.98601],[84.46942,50.96809],[84.50239,50.95619],[84.52575,50.93324],[84.52701,50.87401],[84.58575,50.86214],[84.60158,50.84089],[84.5978,50.80741],[84.56101,50.77],[84.55598,50.71495],[84.5388,50.69645],[84.50071,50.69512],[84.456,50.70799],[84.36124,50.6771],[84.182,50.66599],[84.08401,50.637],[84.12867,50.59813],[84.14701,50.55],[84.18147,50.52534],[84.19064,50.51054],[84.19266,50.49317],[84.17201,50.438],[84.23358,50.34346],[84.23501,50.278],[84.246,50.25701],[84.30163,50.23899],[84.331,50.20801],[84.37,50.20701],[84.44208,50.23811],[84.534,50.18601],[84.63966,50.1799],[84.719,50.13201],[84.78692,50.12781],[84.822,50.08301],[84.837,50.07601],[84.88855,50.09176],[84.97335,50.07048],[85.02087,50.02121],[85.02245,50.01598],[85.01764,50.00731],[84.95101,49.99299],[84.95001,49.904],[84.974,49.88901],[85.03068,49.88002],[85.05323,49.86843],[85.06604,49.84767],[85.07801,49.797],[85.15979,49.73014],[85.17941,49.70375],[85.19001,49.624],[85.221,49.59101],[85.263,49.57701],[85.38399,49.60972],[85.47616,49.57802],[85.532,49.58401],[85.59695,49.61349],[85.61035,49.61235],[85.639,49.57401],[85.672,49.55601],[85.74565,49.56769],[85.809,49.53201],[85.88102,49.55788],[85.93018,49.55501],[85.93413,49.54911],[85.92601,49.492],[85.945,49.47701],[85.982,49.47801],[86.03004,49.51091],[86.0716,49.52088],[86.10975,49.51434],[86.178,49.45801],[86.218,49.493],[86.27657,49.58016],[86.33101,49.60596],[86.394,49.62001],[86.47787,49.66693],[86.48799,49.686],[86.48105,49.70172],[86.48289,49.70755],[86.54647,49.73772],[86.568,49.73901],[86.61147,49.78898],[86.6413,49.78885],[86.684,49.77301],[86.74622,49.77761],[86.75221,49.77163],[86.75257,49.76686],[86.73301,49.734],[86.73701,49.719],[86.75637,49.70379],[86.75632,49.69585],[86.72525,49.68374],[86.711,49.69199],[86.698,49.68999],[86.64413,49.65808],[86.59401,49.613],[86.58701,49.585],[86.616,49.55401],[86.641,49.54301],[86.73224,49.54578],[86.81592,49.50729],[86.81838,49.50212],[86.81001,49.447],[86.827,49.42901],[86.9195,49.39001],[86.92081,49.38236],[86.90001,49.354],[86.90901,49.336],[86.98666,49.28898],[86.98488,49.2816],[85.84243,48.41428],[85.78368,48.40758],[85.74741,48.39009],[85.71868,48.35883],[85.67512,48.2874],[85.60169,48.23152],[85.38235,48.14807],[83.12987,48.28242],[83.126,48.28709],[83.12817,48.29275],[84.26699,49.205],[81.479,50.29099],[78.64962,50.80648],[74.921,54.14899],[72.992,55.30699],[64.68701,54.27199],[64.45668,53.58045],[63.03876,51.17752],[62.25786,51.06427],[62.154,51.11499],[62.03207,51.07187],[61.96411,51.13208],[61.94003,51.18701],[61.92899,51.242],[61.875,51.30099],[61.81186,51.27396],[61.64731,51.26804],[61.59578,51.28179],[61.56632,51.29886],[61.54344,51.32548],[61.50299,51.403],[61.476,51.42999],[61.357,51.46499],[61.30501,51.45811],[61.234,51.47599],[61.164,51.47202],[61.03104,51.48811],[60.9743,51.51987],[60.94922,51.54681],[60.93909,51.5673],[60.93799,51.61599],[60.51125,51.62421],[60.49899,51.64899],[60.486,51.65599],[60.36546,51.67418],[60.36068,51.67816],[60.36176,51.69029],[60.37405,51.70092],[60.44099,51.72501],[60.44571,51.75124],[60.48399,51.781],[60.454,51.80999],[60.27628,51.83798],[60.17412,51.88494],[60.139,51.89399],[60.11514,51.86832],[60.09281,51.86031],[60.06204,51.86412],[60.04459,51.87468],[59.99185,51.95407],[60.00573,51.98631],[60.031,51.98801],[60.03392,51.99512],[60.00799,52.03699],[59.98913,52.04991],[59.92336,52.06937],[59.9194,52.09686],[59.94599,52.123],[59.96747,52.17043],[60.031,52.18501],[60.05713,52.21681],[60.088,52.22801],[60.15399,52.275],[60.15504,52.317],[60.16499,52.357],[60.14599,52.43099],[60.07778,52.43899],[59.93834,52.43513],[59.90308,52.45309],[59.872,52.48999],[59.81,52.50199],[59.77,52.48999],[59.72116,52.44332],[59.68532,52.43323],[59.67824,52.43751],[59.68399,52.45],[59.676,52.46199],[59.56,52.46099],[59.51446,52.44078],[59.41,52.49799],[59.272,52.49899],[59.24401,52.48899],[59.20604,52.31928],[59.19183,52.29316],[59.17471,52.28399],[59.087,52.33599],[58.98281,52.37598],[58.97648,52.39058],[58.98799,52.422],[58.979,52.43499],[58.878,52.45799],[58.82757,52.43848],[58.79457,52.45251],[58.77402,52.50939],[58.7745,52.51448],[58.84299,52.541],[58.81599,52.58999],[58.74797,52.61477],[58.73173,52.64152],[58.73298,52.64686],[58.768,52.681],[58.78899,52.724],[58.78699,52.775],[58.76295,52.81234],[58.75408,52.85327],[58.78999,52.902],[58.80249,52.94301],[58.83799,52.967],[58.84772,53.00337],[59.03299,53.01501],[58.999,53.05699],[58.91112,53.06163],[58.89599,53.19099],[58.84163,53.20099],[58.82826,53.21471],[58.83414,53.28554],[58.86199,53.30301],[58.86999,53.319],[58.8731,53.49935],[58.90699,53.549],[58.878,53.56399],[58.83422,53.56286],[58.83116,53.56649],[58.82666,53.59089],[58.8292,53.59523],[58.91199,53.653],[58.87878,53.74925],[58.91399,53.795],[58.91165,53.85905],[58.95199,53.899],[58.92856,53.92436],[58.92822,53.9329],[58.9589,53.96805],[59.015,53.95301],[59.157,53.98001],[59.26601,54.13599],[59.29508,54.16588],[59.32241,54.17673],[59.408,54.17301],[59.53428,54.19277],[59.64249,54.15416],[59.673,54.12901],[59.694,54.12401],[59.732,54.13501],[59.73999,54.149],[59.73463,54.19253],[59.80399,54.238],[59.80799,54.255],[59.77999,54.30499],[59.68376,54.34044],[59.68492,54.34739],[59.72999,54.384],[59.75099,54.447],[59.74399,54.46399],[59.69011,54.48617],[59.6859,54.49741],[59.72242,54.54286],[59.796,54.56101],[59.87409,54.61014],[59.90299,54.655],[59.91431,54.71419],[59.97899,54.794],[59.97399,54.808],[59.93046,54.83233],[59.93051,54.83804],[59.94699,54.862],[59.903,54.87199],[59.82926,54.8511],[59.80735,54.85113],[59.759,54.87799],[59.631,54.91599],[59.61082,54.87161],[59.53201,54.84499],[59.50281,54.78718],[59.45,54.75599],[59.40914,54.71133],[59.315,54.67799],[59.2582,54.6302],[59.22803,54.61649],[59.06,54.63699],[59.02847,54.61792],[58.807,54.57299],[58.73401,54.54199],[58.71066,54.51237],[58.64622,54.48213],[58.61649,54.47632],[58.529,54.52099],[58.35286,54.55097],[58.204,54.51999],[58.17906,54.49272],[58.096,54.46499],[57.98627,54.40319],[57.96128,54.39816],[57.90273,54.41405],[57.87899,54.45099],[57.81,54.48999],[57.7487,54.50504],[57.74417,54.52161],[57.75499,54.569],[57.745,54.58699],[57.58619,54.6381],[57.58313,54.6429],[57.58399,54.67799],[57.52599,54.67359],[57.511,54.70199],[57.38838,54.72407],[57.355,54.75199],[57.2273,54.78595],[57.16853,54.8232],[57.15842,54.84833],[57.1669,54.87337],[57.23599,54.928],[57.24899,54.951],[57.23799,54.97],[57.18607,55.00308],[57.14902,55.05361],[57.14591,55.09757],[57.16132,55.11301],[57.213,55.13101],[57.24399,55.155],[57.24699,55.177],[57.22773,55.21151],[57.23337,55.21664],[57.249,55.21301],[57.26164,55.25168],[57.318,55.25401],[57.39979,55.30983],[57.43574,55.32206],[57.51829,55.32891],[57.674,55.29501],[57.91639,55.28794],[58.02594,55.27004],[58.048,55.24401],[58.13073,55.21159],[58.13297,55.20357],[58.12964,55.19879],[58.04956,55.16924],[58.02603,55.17012],[57.995,55.18499],[57.95901,55.169],[58.02516,55.07391],[58.01401,55.045],[58.01604,55.00443],[57.95701,54.947],[57.96201,54.92901],[58.0,54.91201],[58.056,54.92401],[58.10999,54.954],[58.09798,54.9786],[58.09634,55.01732],[58.19799,55.083],[58.15042,55.10026],[58.14751,55.10539],[58.14976,55.11076],[58.29842,55.16765],[58.3685,55.15043],[58.37939,55.1224],[58.36001,55.082],[58.42169,55.05512],[58.42062,55.04803],[58.38501,55.019],[58.38401,54.99601],[58.423,54.99401],[58.49872,55.01689],[58.52026,55.01674],[58.53458,55.0019],[58.52901,54.956],[58.55,54.94801],[58.621,54.94501],[58.81799,55.02101],[58.82099,55.045],[58.758,55.11599],[58.59959,55.13595],[58.58264,55.14558],[58.58231,55.15626],[58.66374,55.18382],[58.66813,55.1814],[58.684,55.155],[58.701,55.14401],[58.747,55.15101],[58.80799,55.215],[58.73346,55.23117],[58.72677,55.24073],[58.73112,55.2535],[58.74822,55.26288],[58.856,55.25501],[58.92499,55.275],[58.917,55.29199],[58.85796,55.3026],[58.85808,55.31188],[58.87332,55.31798],[58.9347,55.32088],[58.96638,55.30723],[58.97533,55.29502],[58.96201,55.24601],[58.999,55.24001],[59.163,55.328],[59.18299,55.364],[59.17229,55.38335],[59.17602,55.41137],[59.20423,55.44455],[59.312,55.45301],[59.38201,55.47486],[59.476,55.46301],[59.568,55.49601],[59.58531,55.52017],[59.64599,55.563],[59.628,55.59699],[59.50088,55.58555],[59.468,55.62499],[59.437,55.63799],[59.393,55.62699],[59.3707,55.61093],[59.27451,55.57756],[59.24654,55.58856],[59.24665,55.60098],[59.24986,55.60503],[59.34899,55.642],[59.28677,55.69632],[59.31799,55.754],[59.31799,55.77699],[59.16881,55.79478],[59.16148,55.80302],[59.1662,55.81158],[59.20799,55.833],[59.19543,55.86731],[59.23499,55.905],[59.18409,55.9974],[59.18373,56.00242],[59.28499,56.05201],[59.30099,56.088],[59.29899,56.135],[59.279,56.14099],[59.1829,56.13318],[59.149,56.15399],[59.08201,56.15704],[59.025,56.17399],[58.99777,56.10618],[58.95121,56.07517],[58.92374,56.066],[58.82567,56.05905],[58.73506,56.07297],[58.703,56.11099],[58.59929,56.14394],[58.565,56.16699],[58.49,56.16199],[58.453,56.15199],[58.41992,56.11411],[58.37801,56.09499],[58.37111,56.07045],[58.35129,56.0642],[58.31911,56.07204],[58.301,56.11899],[58.282,56.12199],[58.25735,56.10919],[58.22038,56.11296],[58.08,56.14599],[58.04582,56.124],[57.91065,56.12107],[57.883,56.14299],[57.802,56.15599],[57.681,56.13899],[57.63505,56.10412],[57.53853,56.10502],[57.46033,56.1354],[57.46051,56.14422],[57.47999,56.162],[57.48199,56.18],[57.45899,56.20899],[57.41511,56.23879],[57.41234,56.25391],[57.42899,56.304],[57.42399,56.323],[57.408,56.33399],[57.264,56.30599],[57.25701,56.293],[57.26144,56.27215],[57.25105,56.25133],[57.18001,56.198],[57.20024,56.19238],[57.20257,56.18476],[57.16509,56.16455],[57.035,56.15599],[57.01889,56.13335],[56.93326,56.1071],[56.89726,56.10603],[56.86712,56.11322],[56.829,56.15199],[56.77518,56.17422],[56.74,56.22699],[56.65077,56.22724],[56.627,56.26499],[56.5745,56.26921],[56.51352,56.31926],[56.51519,56.3262],[56.56299,56.359],[56.56299,56.373],[56.529,56.38799],[56.44901,56.37909],[56.392,56.39299],[56.36701,56.38199],[56.36117,56.3581],[56.32,56.34899],[56.26586,56.30651],[56.209,56.31399],[56.07403,56.29523],[56.05974,56.30157],[56.03799,56.33299],[55.96265,56.37856],[55.93412,56.42005],[55.92599,56.463],[55.914,56.47099],[55.86111,56.43795],[55.815,56.43403],[55.745,56.44299],[55.68262,56.42494],[55.547,56.40399],[55.514,56.39099],[55.45295,56.34911],[55.411,56.34002],[55.316,56.33502],[55.25332,56.341],[55.23874,56.34757],[55.224,56.36899],[55.18801,56.354],[55.18233,56.32899],[55.17282,56.32344],[55.15115,56.32923],[55.135,56.34799],[55.10315,56.349],[54.96873,56.32619],[54.95616,56.33241],[54.95399,56.37],[54.933,56.39099],[54.74652,56.44388],[54.67,56.499],[54.559,56.54299],[54.52701,56.518],[54.47098,56.41902],[54.44,56.383],[54.42485,56.34554],[54.41752,56.34494],[54.39,56.36599],[54.351,56.36299],[54.31701,56.348],[54.32901,56.316],[54.36346,56.2969],[54.34222,56.25705],[54.251,56.23099],[54.115,56.16199],[54.07901,56.126],[54.04306,56.06132],[54.0042,56.03427],[53.949,56.02709],[53.858,56.04799],[53.836,56.04299],[53.79601,56.003],[53.78259,55.97959],[53.669,55.96299],[53.64201,55.94],[53.62701,55.909],[53.63015,55.90195],[53.745,55.86201],[53.762,55.86201],[53.78303,55.88064],[53.847,55.87401],[53.86729,55.88029],[53.918,55.84301],[53.97672,55.84231],[53.97951,55.83482],[53.96001,55.8],[53.96301,55.77801],[54.01994,55.79957],[54.03378,55.79749],[54.03727,55.79376],[54.03844,55.78115],[54.02201,55.767],[54.02401,55.75901],[54.05,55.75301],[54.09499,55.76584],[54.168,55.70601],[54.21345,55.69151],[54.21363,55.68331],[54.18601,55.658],[54.17639,55.63219],[54.00001,55.55799],[53.99061,55.50825],[53.93901,55.47],[53.9289,55.43105],[53.90386,55.39718],[53.84358,55.37189],[53.711,55.33799],[53.67292,55.2951],[53.59401,55.258],[53.58761,55.21985],[53.58425,55.21593],[53.51331,55.20715],[53.466,55.22499],[53.418,55.22699],[53.351,55.19999],[53.32477,55.17096],[53.14201,55.14899],[53.13801,55.09501],[53.20974,55.07505],[53.25302,55.04971],[53.25549,55.0446],[53.25301,55.027],[53.262,55.00901],[53.29324,55.01165],[53.311,54.99701],[53.37124,55.0008],[53.41018,54.9853],[53.497,54.88701],[53.61847,54.8933],[53.62456,54.88894],[53.62343,54.88351],[53.57401,54.823],[53.5974,54.80309],[53.59596,54.78889],[53.58301,54.78199],[53.57601,54.759],[53.6011,54.72793],[53.60056,54.71589],[53.5022,54.61126],[53.41301,54.563],[53.42027,54.49993],[53.38701,54.465],[53.37491,54.42905],[53.34401,54.392],[53.35701,54.33],[53.42286,54.26405],[53.41101,54.226],[53.4259,54.19198],[53.42801,54.146],[53.4509,54.11235],[53.45201,54.065],[53.45992,54.05254],[53.45891,54.04644],[53.406,54.019],[53.37601,53.98024],[53.37129,53.97836],[53.344,54.00599],[53.29109,54.03176],[53.28299,54.06],[53.26,54.07599],[53.20765,54.08492],[53.186,54.09899],[53.11758,54.07524],[53.08007,54.07869],[53.07808,54.08517],[53.09199,54.118],[53.03751,54.13347],[52.95015,54.21079],[52.95271,54.21627],[52.97061,54.22379],[53.024,54.21501],[53.04799,54.23798],[53.11099,54.24401],[53.11091,54.28912],[53.095,54.31199],[53.046,54.34399],[53.00001,54.316],[53.0168,54.29228],[53.01443,54.28466],[52.99908,54.27599],[52.93674,54.27303],[52.92604,54.27525],[52.92285,54.28043],[52.92489,54.28506],[52.92999,54.28701],[52.93686,54.30904],[52.772,54.35199],[52.677,54.35799],[52.62846,54.34832],[52.539,54.38199],[52.51662,54.33536],[52.50396,54.32824],[52.418,54.33599],[52.339,54.32604],[52.28,54.33299],[52.20401,54.30699],[52.20001,54.291],[52.215,54.27801],[52.3173,54.24807],[52.34393,54.21464],[52.34745,54.19077],[52.33715,54.17929],[52.25701,54.152],[52.26801,54.11501],[52.3,54.11001],[52.36649,54.12586],[52.39272,54.12311],[52.435,54.08701],[52.47217,54.07301],[52.47742,54.06099],[52.47457,54.05629],[52.407,54.015],[52.37101,53.983],[52.37401,53.963],[52.40378,53.94268],[52.40636,53.92855],[52.37501,53.885],[52.33491,53.79006],[52.27901,53.732],[52.24901,53.6584],[52.21601,53.63299],[52.17957,53.56505],[52.16042,53.55599],[52.099,53.55199],[52.07501,53.516],[52.07401,53.5],[52.08684,53.48827],[52.09001,53.462],[52.12296,53.44752],[52.14901,53.39801],[52.18344,53.37531],[52.18565,53.37019],[52.16901,53.32635],[52.13801,53.299],[52.1557,53.25657],[52.12101,53.223],[52.12194,53.17808],[52.06001,53.15499],[52.05401,53.138],[52.077,53.12301],[52.1432,53.11691],[52.14898,53.10394],[52.13811,53.09593],[52.074,53.08899],[52.06001,53.079],[52.05801,53.01129],[52.04856,52.99814],[51.98,52.97999],[51.92874,52.95095],[51.865,52.93399],[51.80656,52.88227],[51.742,52.88099],[51.72501,52.87299],[51.71001,52.841],[51.71301,52.824],[51.76261,52.79588],[51.76516,52.79082],[51.74604,52.70632],[51.72389,52.66966],[51.66147,52.65833],[51.577,52.69299],[51.53601,52.67999],[51.5269,52.65506],[51.50501,52.631],[51.53685,52.58406],[51.53693,52.57846],[51.52781,52.57437],[51.49,52.58499],[51.47201,52.57999],[51.46601,52.527],[51.48101,52.50001],[51.53563,52.47503],[51.55372,52.44797],[51.53708,52.43285],[51.468,52.41899],[51.46001,52.404],[51.46588,52.37953],[51.46445,52.37473],[51.40801,52.352],[51.40201,52.256],[51.44189,52.23253],[51.44671,52.219],[51.41055,52.10598],[51.36661,52.07581],[51.14215,51.96607],[51.11018,51.94028],[51.04,51.92499],[50.99365,51.88893],[50.895,51.85599],[50.74101,51.746],[50.74301,51.707],[50.78878,51.62432],[50.78537,51.60005],[50.76244,51.58335],[50.71926,51.57209],[50.67473,51.5732],[50.671,51.57671],[50.67134,51.58182],[50.69799,51.608],[50.69699,51.61499],[50.64135,51.621],[50.601,51.63999],[50.57901,51.63899],[50.57042,51.59243],[50.52101,51.567],[50.52198,51.47404],[50.51748,51.46597],[50.476,51.45799],[50.45362,51.43202],[50.379,51.42599],[50.35601,51.417],[50.36558,51.39791],[50.33301,51.374],[50.34231,51.32616],[50.32294,51.30811],[50.20599,51.27102],[50.02812,51.24802],[49.985,51.23499],[49.84019,51.15511],[49.77609,51.1071],[49.54058,51.106],[49.461,51.12099],[49.434,51.11699],[49.40601,51.088],[49.38808,51.03733],[49.355,50.995],[49.34201,50.965],[49.40174,50.91019],[49.41651,50.88461],[49.41681,50.87924],[49.40416,50.85164],[49.36773,50.83096],[49.28327,50.80907],[49.142,50.78599],[49.1,50.762],[49.00998,50.68804],[48.82929,50.60118],[48.78575,50.59605],[48.74101,50.60204],[48.61,50.65299],[48.58089,50.6529],[48.56301,50.638],[48.57001,50.61301],[48.64502,50.59717],[48.66772,50.5762],[48.66901,50.478],[48.69597,50.33414],[48.72401,50.263],[48.76697,50.20798],[48.78354,50.17289],[48.77801,50.10901],[48.84804,50.0931],[48.86931,50.06668],[48.87838,50.01998],[48.78104,49.93763],[48.68167,49.89992],[48.477,49.84799],[48.4289,49.81573],[48.36201,49.83902],[48.304,49.87199],[48.24319,49.87046],[48.20399,49.92899],[48.14559,49.96788],[48.11702,50.02401],[48.0999,50.08212],[48.07699,50.10899],[48.0162,50.14618],[47.99699,50.18599],[47.95703,50.20903],[47.91584,50.24812],[47.81113,50.32391],[47.77885,50.33437],[47.752,50.36399],[47.69281,50.39118],[47.62684,50.44508],[47.6,50.45799],[47.55485,50.45695],[47.509,50.44099],[47.43108,50.38311],[47.27215,50.384],[47.26547,50.37627],[47.24435,50.37626],[47.24013,50.38151],[47.24099,50.43199],[47.21471,50.43457],[47.21,50.43916],[47.20799,50.51299],[47.03801,50.51499],[47.0346,50.49778],[47.03018,50.49415],[46.9221,50.4954],[46.91839,50.50075],[46.91999,50.52699],[46.88092,50.52881],[46.87662,50.53169],[46.87399,50.58099],[46.81912,50.5828],[46.81434,50.58646],[46.81908,50.60421],[46.85599,50.621],[46.86099,50.64499],[46.7776,50.64801],[46.74844,50.6609],[46.73199,50.706],[46.72,50.71599],[46.69637,50.69991],[46.62828,50.68637],[46.581,50.71699],[46.56301,50.691],[46.56167,50.62608],[46.55333,50.62296],[46.54842,50.62468],[46.538,50.64899],[46.51601,50.64499],[46.51868,50.63172],[46.51455,50.62648],[46.50278,50.62606],[46.491,50.63999],[46.45613,50.62107],[46.45623,50.602],[46.43701,50.585],[46.4486,50.56225],[46.44426,50.55479],[46.35634,50.55992],[46.35239,50.56329],[46.34899,50.57799],[46.27701,50.57799],[46.2734,50.53783],[46.26873,50.53307],[46.07789,50.53106],[46.07188,50.53631],[46.0702,50.59845],[46.07282,50.60242],[46.09899,50.616],[46.09599,50.66899],[46.04311,50.67039],[46.03959,50.67478],[46.03799,50.69199],[45.9947,50.69341],[45.989,50.70299],[45.96631,50.70649],[45.894,50.75499],[45.764,50.76299],[45.72114,50.75104],[45.68201,50.694],[45.67401,50.667],[45.701,50.58001],[45.73432,50.5883],[45.73894,50.58703],[45.88856,50.43828],[45.87608,50.34631],[45.87206,50.34306],[45.737,50.31099],[45.54313,50.1581],[45.416,50.033],[45.38301,49.98899],[45.34101,49.893],[45.33729,49.79834],[45.17109,49.60511],[45.0489,49.43281],[45.02893,49.39381],[44.9168,49.07914],[44.752,48.949],[44.68233,48.87068],[44.664,48.87199],[44.64901,48.83],[44.65022,48.81806],[44.58401,48.76799],[44.54001,48.717],[44.51201,48.622],[44.527,48.61301],[44.5912,48.61961],[44.63829,48.5915],[44.64026,48.58641],[44.63749,48.58089],[44.615,48.57899],[44.60201,48.566],[44.67376,48.5226],[44.67375,48.51543],[44.65901,48.502],[44.66001,48.488],[44.67387,48.48074],[44.67392,48.46524],[44.66072,48.45798],[44.643,48.46799],[44.62953,48.45938],[44.615,48.47199],[44.59368,48.47368],[44.573,48.49499],[44.517,48.48199],[44.50453,48.47422],[44.49933,48.47833],[44.49999,48.48599],[44.47233,48.48993],[44.462,48.50199],[44.41176,48.51719],[44.39609,48.52793],[44.39599,48.538],[44.37213,48.55244],[44.37167,48.55801],[44.37799,48.566],[44.37479,48.5753],[44.37899,48.583],[44.366,48.60399],[44.3506,48.60013],[44.3458,48.60212],[44.34435,48.60711],[44.34799,48.615],[44.344,48.62099],[44.29501,48.605],[44.30673,48.59057],[44.30697,48.56641],[44.30384,48.56171],[44.28301,48.553],[44.28284,48.49135],[44.20998,48.4978],[44.194,48.51699],[44.1764,48.5244],[44.172,48.53747],[44.19195,48.56355],[44.22799,48.57301],[44.22999,48.57999],[44.16154,48.57848],[44.15599,48.58607],[44.16099,48.599],[44.12605,48.61018],[44.11899,48.63199],[44.083,48.64199],[44.05321,48.63673],[44.01499,48.67199],[43.99314,48.68194],[43.94024,48.68441],[43.93843,48.69696],[43.95299,48.706],[43.94899,48.72799],[43.88109,48.76366],[43.88083,48.77019],[43.89599,48.791],[43.78476,48.89486],[43.78459,48.9016],[43.794,48.90601],[43.80099,48.918],[43.795,48.929],[43.771,48.94299],[43.71843,48.9501],[43.71675,48.959],[43.71993,48.96384],[43.75199,48.96701],[43.74399,48.995],[43.695,49.01299],[43.61281,49.02111],[43.60974,49.02529],[43.61073,49.0299],[43.62599,49.04],[43.6213,49.07066],[43.63099,49.089],[43.54835,49.10696],[43.52992,49.11832],[43.517,49.13899],[43.485,49.15799],[43.40643,49.17745],[43.39206,49.29371],[43.39522,49.30599],[43.48086,49.37788],[43.53691,49.4379],[43.54964,49.46632],[43.563,49.46501],[43.57594,49.4781],[43.58939,49.47839],[43.604,49.46701],[43.61599,49.475],[43.60957,49.49551],[43.62999,49.511],[43.63633,49.53172],[43.70072,49.52401],[43.724,49.51401],[43.74981,49.53132],[43.77799,49.52401],[43.78357,49.56927],[43.78715,49.57352],[43.80996,49.57808],[43.81454,49.57598],[43.817,49.57001],[43.89399,49.57201],[43.89899,49.593],[43.87701,49.61359],[43.88612,49.62785],[43.92541,49.63191],[43.94092,49.6275],[43.94464,49.62206],[43.94101,49.608],[43.965,49.59801],[43.99499,49.626],[43.99092,49.6412],[43.9951,49.64686],[44.10299,49.64901],[44.10541,49.67654],[44.16399,49.712],[44.15117,49.76501],[44.15265,49.77055],[44.1575,49.7724],[44.187,49.76701],[44.20193,49.79876],[44.262,49.81201],[44.27599,49.827],[44.221,49.87099],[44.19218,49.88336],[44.18999,49.89299],[44.15267,49.90381],[44.14905,49.908],[44.17689,49.94963],[44.20899,49.964],[44.20795,49.97962],[44.22337,49.99629],[44.26199,50.009],[44.256,50.01974],[44.25999,50.029],[44.19291,50.06973],[44.19484,50.07793],[44.20999,50.08101],[44.202,50.10399],[44.157,50.09704],[44.0666,50.10486],[44.035,50.12599],[44.00149,50.12912],[43.99829,50.13507],[44.00899,50.187],[43.984,50.20199],[43.97362,50.20122],[43.97053,50.20536],[43.97199,50.211],[43.938,50.22799],[43.92321,50.21741],[43.909,50.22499],[43.83101,50.21399],[43.82601,50.2],[43.84368,50.18755],[43.845,50.18141],[43.81084,50.15047],[43.793,50.15099],[43.772,50.14037],[43.69201,50.15899],[43.69397,50.08211],[43.67003,50.05808],[43.63,50.06899],[43.62084,50.05406],[43.58901,50.04799],[43.5958,50.02361],[43.58241,49.98117],[43.54001,49.97399],[43.55586,49.93239],[43.55198,49.92747],[43.53101,49.922],[43.53529,49.90756],[43.53167,49.90197],[43.50902,49.89724],[43.476,49.90899],[43.46166,49.90159],[43.44001,49.90899],[43.44506,49.88948],[43.44345,49.88441],[43.42631,49.8734],[43.401,49.87799],[43.37801,49.856],[43.38182,49.84547],[43.36685,49.83191],[43.342,49.83999],[43.31769,49.82912],[43.27504,49.83108],[43.218,49.88499],[43.176,49.89099],[43.15267,49.88217],[43.109,49.88799],[43.09448,49.87171],[42.98798,49.85086],[42.98299,49.866],[42.964,49.88499],[42.906,49.91066],[42.90579,49.92133],[42.91699,49.932],[42.89821,49.95439],[42.89599,49.98899],[42.8422,49.99509],[42.83981,50.00183],[42.84999,50.021],[42.78651,50.03984],[42.77599,50.06999],[42.75802,50.07035],[42.66476,50.10464],[42.66574,50.11275],[42.68599,50.12401],[42.6961,50.14913],[42.74398,50.167],[42.70977,50.18841],[42.71055,50.19404],[42.72299,50.208],[42.71237,50.21868],[42.71933,50.23108],[42.7342,50.23625],[42.763,50.22201],[42.78229,50.25868],[42.78654,50.26134],[42.86499,50.24901],[42.87233,50.2696],[42.88899,50.27201],[42.89506,50.30226],[42.92399,50.30301],[42.92052,50.32687],[42.93395,50.34304],[42.98384,50.33075],[43.025,50.28301],[43.07299,50.315],[43.08008,50.32725],[43.1397,50.33783],[43.175,50.32701],[43.20351,50.358],[43.22624,50.34909],[43.21901,50.327],[43.298,50.30201],[43.33199,50.344],[43.33462,50.35255],[43.351,50.35201],[43.40839,50.37132],[43.422,50.36401],[43.45298,50.377],[43.42291,50.39646],[43.42302,50.40166],[43.43599,50.422],[43.416,50.44899],[43.37628,50.43953],[43.35722,50.46174],[43.35799,50.472],[43.33387,50.48564],[43.328,50.49799],[43.27143,50.49531],[43.235,50.52399],[43.11732,50.49511],[43.06971,50.49907],[43.055,50.51099],[43.01809,50.50331],[43.01365,50.51007],[43.01999,50.53599],[42.97907,50.53645],[42.97562,50.54016],[42.97399,50.55299],[42.96024,50.55757],[42.95299,50.64299],[42.90321,50.64345],[42.89962,50.64773],[42.89999,50.656],[42.872,50.68399],[42.83805,50.68413],[42.82613,50.6947],[42.82637,50.69934],[42.83042,50.70257],[42.88,50.70901],[42.90299,50.731],[42.89462,50.74112],[42.90599,50.764],[42.89167,50.76845],[42.88936,50.77302],[42.89099,50.77999],[42.87252,50.78331],[42.86999,50.79699],[42.84714,50.80299],[42.8419,50.81216],[42.84421,50.81843],[42.88799,50.844],[42.87782,50.85594],[42.87403,50.8825],[42.88423,50.88982],[42.91499,50.88801],[42.91586,50.89749],[42.92899,50.90101],[42.92777,50.92377],[42.943,50.92401],[42.94991,50.93325],[42.97799,50.93601],[42.97616,50.94934],[42.98016,50.95417],[43.061,50.94901],[43.09266,50.97266],[43.111,50.96601],[43.12599,50.974],[43.12247,50.99314],[43.16699,51.10799],[43.12409,51.11651],[43.1205,51.12066],[43.11799,51.13799],[42.856,51.24999],[42.75055,51.24107],[42.70786,51.25295],[42.676,51.24199],[42.64401,51.22199],[42.59305,51.15849],[42.553,51.15003],[42.43916,51.15003],[42.423,51.16599],[42.294,51.14202],[42.17456,51.14106],[42.08901,51.15303],[42.026,51.17599],[42.00308,51.17631],[41.98585,51.18229],[41.968,51.19999],[41.927,51.19899],[41.855,51.163],[41.81611,51.12212],[41.79201,51.082],[41.78487,51.04278],[41.76201,51.026],[41.75941,51.01692],[41.73298,51.00815],[41.708,51.01099],[41.68142,50.99696],[41.613,50.98899],[41.535,50.96299],[41.52407,50.9535],[41.509,50.95999],[41.471,50.95599],[41.42401,50.918],[41.41301,50.89],[41.41985,50.86699],[41.41425,50.84179],[41.39086,50.84696],[41.16501,50.779],[41.16701,50.77201],[41.27299,50.74496],[41.34369,50.70812],[41.446,50.60201],[41.51613,50.60196],[41.52709,50.58413],[41.52583,50.57796],[41.485,50.56799],[41.41501,50.499],[41.49174,50.41723],[41.51476,50.36261],[41.41437,50.24846],[41.37801,50.23],[41.38479,50.21834],[41.38294,50.21237],[41.37794,50.21095],[41.349,50.21899],[41.28501,50.166],[41.28701,50.15901],[41.34373,50.14106],[41.36994,50.12393],[41.3789,50.1111],[41.37759,50.08569],[41.336,50.07299],[41.32201,50.05247],[41.303,50.04599],[41.29272,50.02631],[41.191,50.01599],[41.08101,49.94899],[41.03601,49.868],[41.03696,49.80648],[41.03281,49.80367],[41.009,49.80199],[40.91879,49.70649],[40.79501,49.70599],[40.79097,49.69183],[40.77501,49.68799],[40.77401,49.67617],[40.7687,49.67226],[40.635,49.67799],[40.61251,49.64129],[40.59,49.63799],[40.55701,49.608],[40.54625,49.58618],[40.53682,49.58319],[40.509,49.58999],[40.462,49.58404],[40.37632,49.592],[40.279,49.63299],[40.213,49.63503],[40.16,49.64799],[40.13001,49.617],[40.13467,49.59401],[40.1303,49.5882],[40.11686,49.59502],[39.998,49.61299],[39.972,49.60699],[39.88796,49.55812],[39.80267,49.54721],[39.731,49.58499],[39.62618,49.61825],[39.60192,49.65025],[39.57499,49.716],[39.559,49.72899],[39.49972,49.73314],[39.444,49.75499],[39.32829,49.73117],[39.26333,49.74902],[39.24187,49.76828],[39.18699,49.86099],[39.157,49.87799],[39.114,49.86899],[39.0463,49.81509],[38.93938,49.80927],[38.854,49.86999],[38.74926,49.88997],[38.69144,49.91735],[38.666,49.96999],[38.61899,49.95613],[38.57,49.96199],[38.49738,49.95323],[38.421,49.97699],[38.35961,49.98539],[38.31799,50.05199],[38.302,50.06499],[38.173,50.06499],[38.15901,50.031],[38.16594,49.98425],[38.16142,49.94476],[38.11985,49.92453],[38.078,49.93499],[38.02001,49.913],[38.04001,49.86601],[38.05899,49.85162],[38.05997,49.84508],[38.05608,49.84181],[37.99701,49.82599],[37.99801,49.809],[38.02734,49.78983],[38.02813,49.7822],[38.016,49.775],[38.00113,49.75646],[37.966,49.75699],[37.93501,49.728],[37.945,49.71001],[37.98074,49.71673],[37.99162,49.71212],[37.99588,49.66352],[37.96514,49.61825],[37.94001,49.598],[37.95602,49.56821],[37.94801,49.551],[37.95496,49.52157],[37.925,49.503],[37.9068,49.45962],[37.873,49.44699],[37.85601,49.423],[37.88087,49.38731],[37.88101,49.31101],[37.91499,49.30213],[37.92128,49.29212],[37.89471,49.26187],[37.84201,49.232],[37.89286,49.20308],[37.90437,49.20018],[37.90698,49.19511],[37.90416,49.19015],[37.88552,49.18495],[36.00814,48.99601],[35.98227,48.98007],[35.939,49.00399],[35.92484,48.97781],[35.883,48.97999],[35.87419,48.9671],[35.85201,48.96199],[35.84796,48.95261],[35.83,48.95499],[35.80701,48.945],[35.81279,48.92312],[35.80485,48.88521],[35.80141,48.88145],[35.76529,48.88112],[35.75899,48.89099],[35.72821,48.89299],[35.63301,48.88599],[35.63601,48.86501],[35.66223,48.85283],[35.66095,48.8468],[35.64201,48.83],[35.66827,48.81196],[35.66908,48.80696],[35.66501,48.801],[35.67174,48.79501],[35.67144,48.78877],[35.65421,48.7685],[35.51701,48.68099],[35.45896,48.54185],[35.435,48.54299],[35.40625,48.53272],[35.395,48.53899],[35.37201,48.53],[35.37631,48.5178],[35.37255,48.51182],[35.3661,48.51206],[35.355,48.52299],[35.32801,48.512],[35.36231,48.45857],[35.35919,48.45385],[35.31739,48.43285],[35.2976,48.45709],[35.29995,48.46348],[35.31899,48.472],[35.302,48.49699],[35.27998,48.49371],[35.256,48.52299],[35.2447,48.52655],[35.23499,48.55099],[35.16379,48.58365],[35.16501,48.59071],[35.17899,48.598],[35.17111,48.61444],[35.18941,48.64671],[35.22099,48.655],[35.212,48.67499],[35.17352,48.66403],[35.16668,48.66765],[35.16699,48.677],[35.15096,48.69583],[35.15281,48.70062],[35.16099,48.705],[35.16499,48.73699],[35.068,48.75999],[35.0099,48.70284],[35.00332,48.7016],[34.94696,48.74972],[34.94822,48.75617],[34.95999,48.763],[34.95532,48.77971],[34.96099,48.79599],[34.92924,48.79038],[34.91079,48.80493],[34.91031,48.80999],[34.91399,48.814],[34.91099,48.825],[34.891,48.83899],[34.8758,48.82889],[34.857,48.83399],[34.83901,48.826],[34.84221,48.80723],[34.82101,48.785],[34.82647,48.77886],[34.82579,48.77313],[34.80916,48.76041],[34.79535,48.76185],[34.79369,48.76626],[34.79699,48.78],[34.78005,48.79409],[34.78399,48.822],[34.77404,48.82905],[34.76999,48.84899],[34.74487,48.85631],[34.7413,48.8657],[34.74391,48.87058],[34.78799,48.89501],[34.79299,48.916],[34.75931,48.9378],[34.75853,48.94331],[34.76299,48.949],[34.75453,48.96024],[34.75799,48.969],[34.73947,48.98797],[34.74399,48.997],[34.6961,49.05089],[34.67702,49.04656],[34.67164,49.04944],[34.67225,49.05649],[34.69199,49.072],[34.675,49.10099],[34.6487,49.10367],[34.626,49.12799],[34.58801,49.11599],[34.58715,49.10283],[34.58387,49.09888],[34.569,49.09899],[34.55901,49.073],[34.56196,49.06468],[34.55555,49.05988],[34.54429,49.05956],[34.516,49.07699],[34.49958,49.06791],[34.476,49.07899],[34.46275,49.07115],[34.40101,49.09899],[34.40678,49.05886],[34.35801,49.03799],[34.35104,49.02182],[34.32801,49.01199],[34.32101,48.996],[34.33916,48.98604],[34.34114,48.97982],[34.30801,48.943],[34.29501,48.895],[34.30301,48.88101],[34.33061,48.86812],[34.33282,48.85445],[34.32986,48.8495],[34.32201,48.84799],[34.31718,48.82655],[34.29301,48.82299],[34.29501,48.78101],[34.30762,48.78144],[34.31218,48.77586],[34.30501,48.768],[34.30936,48.75577],[34.3043,48.74315],[34.30008,48.74006],[34.288,48.74899],[34.2517,48.74913],[34.233,48.76199],[34.20433,48.76507],[34.178,48.78199],[34.15102,48.78014],[34.13451,48.78611],[34.13144,48.78961],[34.12299,48.82699],[34.07543,48.82932],[34.03837,48.84796],[34.023,48.86999],[33.98301,48.87104],[33.92826,48.88496],[33.83785,48.93503],[33.763,48.95099],[33.71349,48.94637],[33.68408,48.96111],[33.666,48.98299],[33.63501,48.97799],[33.62976,48.96675],[33.614,48.96199],[33.59701,48.945],[33.59964,48.93658],[33.5926,48.92786],[33.566,48.92399],[33.55963,48.91703],[33.55039,48.91833],[33.538,48.93599],[33.48514,48.9329],[33.47699,48.95699],[33.42459,48.95703],[33.404,48.96499],[33.3832,48.94771],[33.37825,48.94687],[33.31363,48.99618],[33.31447,49.00242],[33.35099,49.039],[33.32639,49.05158],[33.32299,49.066],[33.28817,49.08536],[33.28822,49.09111],[33.30799,49.122],[33.27328,49.13756],[33.26499,49.157],[33.23801,49.17099],[33.24292,49.09167],[33.23888,49.08834],[33.226,49.08999],[33.20834,49.08194],[33.20266,49.08292],[33.19399,49.119],[33.01505,49.28095],[32.86108,49.40794],[32.75456,49.48464],[32.712,49.55899],[32.66501,49.537],[32.65901,49.464],[32.67979,49.40201],[32.63137,49.38229],[32.46134,49.42591],[32.34989,49.46903],[32.11417,49.54095],[31.955,49.56999],[31.91294,49.56078],[31.47461,49.82676],[31.43239,49.91675],[31.44899,49.987],[31.425,50.00199],[31.342,49.99999],[31.29001,49.97899],[31.273,49.95243],[31.25255,49.94432],[31.19464,49.95612],[30.4048,50.22916],[30.39667,50.23789],[30.40599,50.249],[30.39279,50.25564],[30.39003,50.26011],[30.39136,50.2666],[30.40199,50.274],[30.39797,50.27828],[30.39799,50.28343],[30.42399,50.29201],[30.42611,50.31013],[30.43399,50.31401],[30.44044,50.32869],[30.47799,50.33401],[30.47,50.36499],[30.44562,50.36284],[30.44099,50.371],[30.42585,50.37898],[30.38901,50.37499],[30.38499,50.3654],[30.3651,50.35877],[30.334,50.37999],[30.30396,50.35536],[30.286,50.36199],[30.25801,50.35999],[30.25465,50.3517],[30.23901,50.34499],[30.23294,50.33263],[30.2279,50.33213],[30.21897,50.33779],[30.21835,50.34396],[30.3936,50.71408],[30.45899,50.759],[30.48897,50.91374],[30.52199,50.983],[30.52499,51.00999],[30.51437,51.01514],[30.51304,51.039],[30.55663,51.25948],[30.56063,51.26296],[30.61,51.27601],[30.62699,51.305],[30.6127,51.31136],[30.61207,51.31907],[30.62264,51.32694],[30.648,51.32901],[30.66099,51.343],[30.64605,51.35946],[30.65999,51.38],[30.626,51.43199],[30.5981,51.42945],[30.5904,51.43857],[30.59315,51.44581],[30.62499,51.45601],[30.62799,51.467],[30.59641,51.48163],[30.59199,51.499],[30.57775,51.51361],[30.58899,51.548],[30.572,51.55699],[30.54296,51.55318],[30.53801,51.5608],[30.53862,51.56629],[30.557,51.57201],[30.55999,51.579],[30.53527,51.5914],[30.5325,51.59699],[30.54099,51.604],[30.54153,51.61563],[30.56399,51.623],[30.55886,51.6332],[30.56051,51.63861],[30.58599,51.647],[30.57951,51.66202],[30.58499,51.678],[30.5747,51.69332],[30.57529,51.69905],[30.62899,51.71001],[30.6401,51.74094],[30.65699,51.76],[30.64747,51.76667],[30.64688,51.77338],[30.668,51.78301],[30.67599,51.799],[30.67244,51.81436],[30.69399,51.82201],[30.70839,51.86164],[30.735,51.87401],[30.75195,51.89747],[30.807,51.89601],[30.82999,51.92],[30.81926,51.93667],[30.82147,51.94389],[30.839,51.94801],[30.86654,51.96638],[30.889,51.96301],[30.89699,51.971],[30.89788,51.98101],[30.91498,51.985],[30.91221,51.99071],[30.91587,51.99568],[30.941,51.99401],[30.94999,52.007],[30.94999,52.027],[30.9427,52.04082],[30.95499,52.055],[30.9496,52.06335],[30.9542,52.06935],[31.13433,52.07694],[31.229,52.03801],[31.29886,52.04598],[31.32499,52.08],[31.32047,52.08981],[31.32833,52.10096],[31.37514,52.11007],[31.39199,52.119],[31.38845,52.12669],[31.39028,52.13208],[31.40561,52.13794],[31.44923,52.13584],[31.461,52.11701],[31.48784,52.11203],[31.51958,52.1199],[31.597,52.11],[31.659,52.11196],[31.71075,52.10213],[31.72,52.09101],[31.76899,52.106],[31.76599,52.153],[31.68746,52.20592],[31.68723,52.22894],[31.70299,52.255],[31.63306,52.26913],[31.58113,52.30781],[31.5812,52.31407],[31.59599,52.32501],[31.61399,52.355],[31.61199,52.375],[31.58818,52.40524],[31.59299,52.484],[31.56167,52.50727],[31.56373,52.51306],[31.57999,52.522],[31.57286,52.53451],[31.57899,52.543],[31.52399,52.646],[31.49338,52.67701],[31.49351,52.68282],[31.50099,52.69],[31.39599,52.88799],[31.36988,52.91223],[31.32599,52.98099],[31.26111,53.01543],[31.26293,53.02188],[31.32154,53.07157],[31.36799,53.086],[31.36514,53.13298],[31.38198,53.17725],[31.41733,53.19487],[31.536,53.19001],[31.61506,53.20483],[31.75324,53.18187],[31.76512,53.16643],[31.77601,53.125],[31.795,53.10801],[31.85499,53.10496],[31.93,53.08301],[32.00999,53.09488],[32.082,53.07701],[32.118,53.07601],[32.15302,53.0909],[32.203,53.09301],[32.2197,53.11935],[32.27,53.12001],[32.35455,53.17568],[32.408,53.18801],[32.45899,53.233],[32.48399,53.273],[32.481,53.27999],[32.46034,53.28331],[32.4585,53.29063],[32.46227,53.29547],[32.57,53.29401],[32.59999,53.305],[32.59456,53.31609],[32.59918,53.32208],[32.6497,53.32893],[32.698,53.32101],[32.71999,53.331],[32.71016,53.36728],[32.72399,53.441],[32.703,53.46699],[32.65292,53.46466],[32.65047,53.46931],[32.65199,53.49199],[32.618,53.49899],[32.57925,53.49182],[32.556,53.51499],[32.45564,53.55077],[32.43282,53.56525],[32.41603,53.58534],[32.40669,53.63073],[32.484,53.65901],[32.49499,53.679],[32.463,53.71099],[32.44313,53.71895],[32.37336,53.71913],[32.292,53.76599],[32.166,53.78702],[32.084,53.81499],[31.8733,53.78208],[31.75651,53.80004],[31.75414,53.80572],[31.75842,53.81743],[31.81399,53.88],[31.84304,53.96114],[31.85099,53.993],[31.826,54.05699],[31.77486,54.05449],[31.739,54.09899],[31.66801,54.10703],[31.58517,54.13394],[31.50801,54.14904],[31.32866,54.23283],[31.30397,54.27435],[31.28899,54.35],[31.25275,54.38049],[31.212,54.45199],[31.18271,54.45799],[31.169,54.47199],[31.07985,54.49314],[31.07561,54.49688],[31.09388,54.53274],[31.14299,54.58001],[31.17199,54.625],[31.13208,54.64411],[31.107,54.67299],[31.00616,54.67616],[31.00247,54.67969],[30.99999,54.693],[30.983,54.70999],[30.82911,54.77595],[30.7734,54.79157],[30.76828,54.80367],[30.77345,54.82706],[30.83099,54.876],[30.83199,54.903],[30.82461,54.91953],[30.82603,54.92497],[30.919,54.94901],[30.93999,54.971],[30.91443,55.01083],[30.91575,55.01833],[31.00999,55.02201],[31.01099,55.045],[30.97683,55.10148],[30.98899,55.132],[30.96511,55.14692],[30.96399,55.166],[30.89036,55.20794],[30.86,55.25699],[30.80818,55.27658],[30.80089,55.28737],[30.8153,55.32012],[30.84752,55.34661],[30.92299,55.386],[30.92299,55.41],[30.89333,55.43587],[30.88741,55.45288],[30.8923,55.46446],[30.91699,55.47601],[30.92399,55.492],[30.9092,55.50319],[30.92499,55.534],[30.91097,55.5837],[30.95242,55.65888],[30.97097,55.66899],[30.748,55.66504],[30.59813,55.69517],[30.5935,55.69957],[30.58999,55.72299],[30.48051,55.76264],[30.47811,55.76821],[30.48299,55.78],[30.471,55.79799],[30.27201,55.83503],[30.201,55.86299],[30.10598,55.82725],[29.988,55.85199],[29.907,55.84799],[29.88107,55.84022],[29.42793,55.93181],[29.379,55.95899],[29.22526,55.98298],[29.14584,56.01703],[29.089,56.02799],[29.03114,56.029],[28.99316,56.0192],[28.61845,56.09473],[28.069,56.72299],[28.02628,56.5952],[28.01875,56.59262],[28.0035,56.60481],[27.99599,56.671],[27.985,56.68999],[27.88559,56.7298],[27.8746,56.74106],[27.87558,56.74722],[27.92299,56.803],[27.91799,56.822],[27.82278,56.86965],[27.7311,57.03625],[27.74799,57.072],[27.70011,57.08962],[27.69177,57.09982],[27.69283,57.10586],[27.70354,57.11414],[27.77399,57.136],[27.72609,57.19495],[27.72099,57.44899],[27.53861,57.4075],[27.53354,57.40866],[27.53131,57.41274],[27.51103,57.611],[27.57698,58.19886],[27.56151,58.25785],[27.58424,58.30693],[27.74776,58.42978],[27.79808,58.44713],[27.82099,58.485],[27.81401,58.57084],[27.75399,58.88399],[27.65931,58.84667],[27.65419,58.84701],[27.65115,58.85294],[27.66008,58.93005],[27.66381,58.93493],[27.75098,58.90001],[27.73856,58.92024],[27.74269,58.92761],[28.20298,58.966],[28.18173,58.98048],[28.18238,58.98882],[29.04102,59.28986],[29.518,59.24701],[29.99534,59.463],[31.31799,59.59401],[31.29923,59.93269],[31.30414,59.93561],[31.34865,59.93298],[31.401,59.91101],[31.455,59.90701],[31.51,59.92001],[31.54699,59.94001],[31.56699,59.967],[31.56499,59.998],[31.54146,60.03509],[31.54822,60.07189],[31.60599,60.134],[31.59218,60.15514],[31.59894,60.16968],[31.69772,60.23516],[31.843,60.24798],[32.05662,60.22704],[32.19565,60.19504],[32.26015,60.15399],[32.362,60.14801],[32.5,60.177],[32.58408,60.20911],[32.61201,60.24515],[32.61399,60.286],[32.59058,60.32919],[32.59489,60.35307],[32.656,60.37201],[32.67699,60.392],[32.66399,60.427],[32.61802,60.47602],[32.59697,60.50951],[32.60082,60.53167],[32.64229,60.53691],[32.72109,60.52118],[32.782,60.48801],[32.816,60.48201],[32.84099,60.49701],[32.94399,60.643],[32.93699,60.67],[32.90313,60.69391],[32.84316,60.71319],[32.81224,60.75609],[32.80799,60.826],[32.76508,60.88589],[32.64199,60.96837],[32.63299,60.98699],[32.59253,60.99881],[32.5814,61.01384],[32.58099,61.045],[32.56306,61.07889],[32.527,61.11799],[32.35991,61.18103],[31.90014,61.32365],[31.88744,61.33423],[31.74699,62.853],[31.45209,63.25287],[30.57231,63.52666],[30.56811,63.53192],[30.60309,65.1464],[30.99299,65.754],[30.60313,66.66531],[30.73314,68.57396],[31.26108,69.53418],[31.2913,69.58915],[31.383,69.61001],[31.39195,69.63758],[31.439,69.63701],[31.48189,69.67352],[31.50314,69.657],[31.53598,69.65701],[31.53961,69.67993],[31.70037,69.67277],[31.819,69.64801],[31.69139,69.70669],[31.71429,69.7593],[31.874,69.81071],[31.95949,69.7926],[32.018,69.75201],[32.05397,69.75001],[32.03787,69.76965],[32.09799,69.76201],[31.98288,69.84497],[32.05446,69.87562],[32.05366,69.87616],[32.06617,69.88063],[32.07241,69.87557],[32.07317,69.86278],[32.07282,69.86313],[32.06833,69.86618],[32.07601,69.815],[32.12014,69.7484],[32.09004,69.72699],[32.14375,69.71381],[32.14562,69.69946],[32.05823,69.63531],[31.95303,69.628],[32.05139,69.59078],[32.00101,69.54901],[32.13943,69.58778],[32.24198,69.57785],[32.42455,69.48442],[32.3995,69.45553],[32.26003,69.42201],[32.43097,69.42901],[32.4194,69.44291],[32.44099,69.449],[32.45499,69.47175],[32.596,69.42401],[32.69453,69.41495],[32.7168,69.4129],[32.8007,69.40519],[32.796,69.37401],[32.83038,69.40267],[32.92908,69.39363],[32.90403,69.38199],[32.92599,69.36781],[32.89625,69.34022],[32.81506,69.326],[32.84667,69.32205],[32.84101,69.302],[32.884,69.27601],[32.93599,69.317],[32.95115,69.35575],[33.04869,69.38088],[33.06505,69.3767],[33.06201,69.35101],[33.08752,69.37422],[33.23343,69.34886],[33.25293,69.34547],[33.28012,69.34075],[33.28655,69.28774],[33.25509,69.28599],[33.29135,69.27234],[33.21002,69.253],[33.246,69.24201],[33.29125,69.2538],[33.29392,69.22514],[33.26704,69.222],[33.29725,69.21204],[33.31042,69.09793],[33.048,69.06599],[32.99703,69.029],[33.01643,69.02384],[33.02896,68.98031],[33.00101,68.947],[33.02645,68.90896],[33.00902,68.88501],[33.06299,68.89601],[33.02788,68.94184],[33.06798,68.98001],[33.055,68.99321],[33.07415,69.04891],[33.25578,69.06251],[33.25602,69.04701],[33.32602,69.07991],[33.371,69.06401],[33.46897,69.08301],[33.4469,69.09879],[33.45473,69.11679],[33.54033,69.15085],[33.58399,69.13201],[33.57446,69.18185],[33.63799,69.17401],[33.60393,69.19829],[33.6286,69.21482],[33.72103,69.20883],[33.69402,69.20694],[33.81812,69.19199],[34.30496,69.171],[34.69886,69.164],[34.75855,69.1602],[34.75946,69.15949],[34.80334,69.15838],[34.80005,69.15755],[34.86424,69.15346],[34.86422,69.15572],[34.86346,69.15686],[35.02446,69.15278],[35.02321,69.15269],[35.02023,69.15058],[35.01919,69.1494],[35.05041,69.14955],[35.04347,69.1523],[35.13623,69.14995],[35.14801,69.12601],[35.18075,69.11807],[35.16049,69.14903],[35.31215,69.14949],[35.43763,69.14986],[36.01804,69.02399],[36.47363,68.93828],[36.46457,68.94719],[36.53073,68.93414],[36.51928,68.93088],[36.50894,68.93164],[36.70026,68.89565],[36.6974,68.89698],[36.68934,68.89808],[36.67513,68.90564],[37.24599,68.79298],[37.68938,68.6298],[37.84977,68.54322],[38.05239,68.43386],[38.06365,68.42778],[38.23289,68.33643],[38.32536,68.28653],[38.36663,68.26425],[38.39575,68.24853],[38.40581,68.2431],[38.4067,68.24277],[38.43749,68.23137],[38.66787,68.14605],[39.42993,68.02041],[39.76512,67.96515],[39.91838,67.93988],[40.12673,67.87633],[40.14414,67.87102],[40.15983,67.86623],[40.19376,67.85588],[40.21024,67.85085],[40.31799,67.81798],[40.416,67.75801],[40.45189,67.76279],[40.502,67.73101],[40.54398,67.73301],[40.5455,67.74651],[40.61682,67.7245],[40.66806,67.70869],[40.71717,67.69354],[40.72117,67.69231],[40.82539,67.66016],[40.82658,67.65913],[40.90674,67.59055],[40.9714,67.53522],[40.96421,67.45317],[40.94805,67.44003],[40.96277,67.43758],[40.95665,67.38384],[40.95106,67.33487],[41.01701,67.20201],[41.20875,67.06881],[41.22402,67.0252],[41.25426,66.93879],[41.1163,66.76121],[41.02606,66.73798],[41.03746,66.72734],[41.01685,66.71641],[40.97302,66.71999],[40.98189,66.70565],[40.93447,66.6744],[40.86301,66.655],[40.76164,66.5923],[40.69302,66.58399],[40.68798,66.53084],[40.61056,66.50382],[40.58201,66.51699],[40.58634,66.50125],[40.55701,66.478],[40.56635,66.45815],[40.50533,66.42669],[40.36897,66.38125],[40.30502,66.39099],[40.30716,66.37635],[40.22002,66.355],[40.00384,66.25653],[39.78254,66.21495],[39.51301,66.19498],[39.11333,66.10214],[38.86203,66.10799],[38.77,66.07303],[38.65575,66.06421],[38.64101,66.07598],[38.28944,66.057],[38.12578,66.081],[37.92382,66.08343],[37.656,66.11602],[37.14487,66.24201],[36.82587,66.278],[36.5164,66.27608],[35.55369,66.38406],[35.35175,66.42515],[35.34313,66.43696],[35.35997,66.43801],[35.32599,66.47099],[35.20315,66.46856],[35.16999,66.49899],[35.10574,66.50816],[34.898,66.59399],[34.751,66.60099],[34.69101,66.587],[34.65872,66.55599],[34.4636,66.54094],[34.38902,66.58575],[34.37273,66.62058],[34.50495,66.632],[34.39715,66.64583],[34.36537,66.66234],[34.37399,66.677],[34.352,66.69899],[34.33885,66.65686],[34.341,66.68499],[34.31684,66.66081],[34.30698,66.67797],[34.28765,66.66223],[34.23101,66.66741],[34.254,66.71599],[34.21038,66.67014],[34.17748,66.68458],[34.17999,66.70299],[34.1179,66.67534],[34.18399,66.746],[34.15102,66.78598],[34.12976,66.70293],[34.08103,66.70698],[34.09074,66.69147],[34.06399,66.68373],[34.05356,66.70988],[34.06899,66.721],[34.04041,66.74261],[34.05599,66.753],[34.054,66.75998],[34.01504,66.749],[34.04646,66.7232],[34.02604,66.68576],[33.92584,66.68602],[33.896,66.72099],[33.82109,66.72177],[33.82994,66.76498],[33.73478,66.77114],[33.69099,66.82099],[33.657,66.80077],[33.60702,66.85196],[33.61762,66.8246],[33.60053,66.79239],[33.576,66.81699],[33.53901,66.81899],[33.56496,66.76891],[33.53709,66.77694],[33.58325,66.73842],[33.51903,66.76598],[33.54979,66.72285],[33.50392,66.71714],[33.34325,66.77392],[33.21162,66.87344],[33.15799,66.91399],[32.99111,66.98795],[32.91731,67.00032],[32.90998,67.00443],[32.78979,67.02883],[32.80111,67.05739],[32.99795,67.084],[32.76202,67.07509],[32.64214,67.11698],[32.48681,67.11308],[32.32301,67.16699],[32.3114,67.13763],[32.26203,67.14299],[32.27493,67.13226],[32.25929,67.12465],[32.157,67.13999],[32.10364,67.10718],[31.917,67.14499],[31.87002,67.139],[31.94571,67.13067],[31.95276,67.11495],[31.92905,67.10801],[32.046,67.09701],[32.18697,67.107],[32.18781,67.11899],[32.26572,67.11],[32.31875,67.07982],[32.28202,67.07099],[32.31661,67.05092],[32.31102,67.03901],[32.4415,67.03188],[32.26489,67.00181],[32.26533,67.00024],[32.26585,67.0],[32.26643,66.99973],[32.21902,66.994],[32.35983,66.92356],[32.42498,66.89097],[32.38704,66.86901],[32.45319,66.87009],[32.53843,66.80744],[32.62819,66.74148],[32.71228,66.67967],[32.754,66.64901],[32.78512,66.63959],[32.78415,66.63923],[32.88328,66.60707],[32.82102,66.591],[32.882,66.56601],[33.13437,66.54465],[32.93106,66.519],[33.12201,66.50142],[33.20123,66.45792],[33.20228,66.45796],[33.23886,66.43815],[33.23965,66.43681],[33.25637,66.42763],[33.26193,66.42566],[33.36046,66.37231],[33.35762,66.37202],[33.43285,66.3307],[33.19754,66.2761],[33.077,66.27599],[32.98204,66.24901],[33.251,66.27301]],[[75.26307,55.24715],[75.26883,55.1946],[75.24801,55.151],[75.25001,55.134],[75.29418,55.11111],[75.30601,55.07401],[75.36226,55.06684],[75.38746,55.03673],[75.37679,55.00278],[75.33101,54.943],[75.33401,54.915],[75.363,54.90301],[75.477,54.90796],[75.5166,54.90024],[75.51821,54.89178],[75.48801,54.863],[75.49601,54.833],[75.557,54.80901],[75.63836,54.80698],[75.65283,54.80051],[75.67205,54.76872],[75.68701,54.711],[75.706,54.68501],[75.739,54.68201],[75.77201,54.70013],[75.79169,54.69033],[75.7948,54.68446],[75.78901,54.665],[75.82421,54.61471],[75.81968,54.59283],[75.79008,54.56051],[75.696,54.54899],[75.68001,54.531],[75.68801,54.10901],[76.18599,54.247],[76.17595,54.29037],[76.21984,54.33843],[76.23615,54.34183],[76.433,54.31201],[76.47683,54.31798],[76.56302,54.35091],[76.62612,54.35207],[76.64499,54.364],[76.65586,54.41776],[76.67409,54.43174],[76.783,54.43501],[76.87269,54.45978],[76.89904,54.45346],[76.90302,54.44804],[76.89924,54.43702],[76.88488,54.42847],[76.803,54.41499],[76.762,54.39499],[76.74901,54.38],[76.764,54.36001],[76.82976,54.34126],[76.83773,54.32198],[76.83323,54.30021],[76.778,54.246],[76.75819,54.20547],[76.66406,54.13978],[76.604,54.14003],[76.478,54.16899],[76.41216,54.171],[76.36901,54.147],[76.47156,54.03942],[76.49101,53.99],[76.523,53.957],[77.60962,53.43818],[77.785,53.32201],[77.84891,53.38025],[77.909,53.37101],[77.94,53.38501],[77.95499,53.404],[77.93698,53.43214],[77.93968,53.43963],[78.045,53.45201],[78.06199,53.462],[78.06399,53.484],[78.051,53.49999],[77.9324,53.50679],[77.93075,53.55937],[77.96501,53.57196],[78.124,53.58301],[78.1685,53.60858],[78.20201,53.60702],[78.21227,53.59899],[78.22401,53.522],[78.243,53.49601],[78.377,53.48301],[78.4726,53.51188],[78.54347,53.52292],[78.62499,53.52101],[78.62899,53.552],[78.60891,53.61581],[78.61582,53.62539],[78.66576,53.65058],[78.725,53.63801],[78.886,53.67688],[79.018,53.65501],[79.042,53.66301],[79.07142,53.68726],[79.115,53.67401],[79.246,53.67501],[79.29338,53.70789],[79.37743,53.71479],[79.41,53.68801],[79.424,53.68601],[79.573,53.72801],[79.61799,53.755],[79.62539,53.79276],[79.67603,53.82492],[79.72128,53.83482],[79.776,53.82101],[79.86499,53.85301],[79.87499,53.868],[79.86125,53.89881],[79.87299,53.913],[79.87087,53.92426],[79.87313,53.92894],[80.046,53.99701],[80.06799,54.015],[80.06548,54.03627],[80.06749,54.04089],[80.1266,54.06887],[80.206,54.03801],[80.299,54.06501],[80.33332,54.09108],[80.42169,54.12185],[80.43825,54.1217],[80.469,54.10401],[80.489,54.10501],[80.54599,54.133],[80.53292,54.16446],[80.5337,54.16958],[80.58617,54.19753],[80.649,54.19601],[80.76467,54.26203],[80.78625,54.26379],[80.824,54.24901],[80.841,54.25301],[80.84899,54.273],[80.81088,54.32605],[80.81099,54.33225],[80.82376,54.34335],[80.92228,54.38871],[80.94819,54.36348],[80.99,54.261],[81.09862,54.20831],[81.11301,54.13801],[81.17799,54.12198],[81.233,54.09901],[81.30272,54.09499],[81.356,54.07701],[81.47075,54.06654],[81.499,54.03201],[81.5693,54.01339],[81.56953,54.00734],[81.54997,53.97785],[81.54401,53.943],[81.552,53.93001],[81.71306,53.99235],[81.763,53.96501],[81.84568,53.96302],[81.84824,53.95739],[81.84064,53.90294],[81.73001,53.85799],[81.72101,53.841],[81.75201,53.775],[81.81235,53.7442],[81.832,53.70901],[81.872,53.70401],[81.91201,53.71396],[81.96698,53.71389],[82.113,53.65601],[82.161,53.66701],[82.20483,53.689],[82.21062,53.68223],[82.20895,53.66572],[82.17301,53.626],[82.17101,53.59801],[82.2472,53.58976],[82.313,53.54901],[82.41842,53.51118],[82.461,53.47301],[82.486,53.46401],[82.55276,53.50272],[82.60498,53.50401],[82.55286,53.54886],[82.55186,53.55576],[82.644,53.636],[82.65699,53.66],[82.65414,53.67397],[82.66682,53.68974],[82.76699,53.755],[82.74471,53.78177],[82.74625,53.78933],[83.01985,53.9649],[83.18779,54.05873],[83.219,54.04601],[83.248,54.04401],[83.26699,54.05301],[83.27957,54.0737],[83.29307,54.07559],[83.38101,53.94601],[83.407,53.93601],[83.465,53.94701],[83.48093,53.9737],[83.50499,53.99],[83.49511,54.07943],[83.56931,54.12092],[83.6766,54.12598],[83.756,54.11901],[83.82573,54.13093],[83.865,54.12701],[83.89969,54.13214],[83.90475,54.12494],[83.89301,54.103],[83.906,54.09001],[83.969,54.116],[84.01156,54.14208],[84.053,54.15001],[84.1554,54.18973],[84.214,54.18701],[84.26601,54.20952],[84.28885,54.19992],[84.28701,54.16801],[84.38929,54.18275],[84.42572,54.16805],[84.43101,54.143],[84.445,54.13501],[84.5351,54.16508],[84.57499,54.197],[84.59004,54.24779],[84.69604,54.33292],[85.08299,54.466],[84.96073,54.60147],[84.96396,54.60661],[85.03399,54.64301],[85.04799,54.665],[85.003,54.71799],[84.96472,54.72716],[84.96167,54.73495],[85.01399,54.75901],[85.03595,54.80169],[85.07399,54.831],[85.08099,54.869],[85.065,54.88399],[85.02266,54.89564],[84.977,54.95199],[84.91139,54.96606],[84.88943,54.98671],[84.90999,55.042],[84.92099,55.166],[84.91399,55.182],[84.83583,55.23151],[84.82926,55.24425],[84.87099,55.294],[84.87899,55.392],[84.843,55.40799],[84.8003,55.39918],[84.765,55.40899],[84.71471,55.39618],[84.67287,55.40551],[84.66881,55.40871],[84.67158,55.41677],[84.76499,55.45101],[84.76699,55.47],[84.73726,55.49116],[84.73523,55.49633],[84.73831,55.50096],[84.76399,55.51201],[84.77599,55.541],[84.73499,55.629],[84.704,55.67299],[84.64271,55.67917],[84.58002,55.70703],[84.55698,55.72519],[84.56017,55.73321],[84.623,55.75201],[84.63599,55.769],[84.62499,55.79099],[84.60362,55.8017],[84.60488,55.80767],[84.61599,55.816],[84.60899,55.84499],[84.57104,55.84913],[84.54,55.86699],[84.51672,55.87119],[84.51265,55.87506],[84.51414,55.90196],[84.53099,55.933],[84.51754,55.94285],[84.51738,55.95],[84.57699,55.962],[84.54321,55.99454],[84.54329,55.99965],[84.55399,56.017],[84.537,56.04299],[84.409,56.04899],[84.3686,55.99782],[84.34729,55.98938],[84.32585,55.99631],[84.289,56.03399],[84.218,56.05999],[83.968,56.01899],[83.948,56.00799],[83.91801,55.971],[83.9033,55.91713],[83.867,55.90999],[83.83366,55.89009],[83.782,55.88699],[83.76501,55.87599],[83.75169,55.85191],[83.714,55.825],[83.7007,55.79488],[83.66801,55.767],[83.66749,55.72922],[83.64287,55.70629],[83.5677,55.69809],[83.486,55.71399],[83.43628,55.69017],[83.42255,55.68851],[83.41777,55.69606],[83.43399,55.728],[83.403,55.73999],[83.332,55.71799],[83.29977,55.69247],[83.29555,55.69535],[83.29099,55.70799],[83.23412,55.73334],[83.23264,55.74468],[83.27799,55.779],[83.29363,55.84119],[83.36199,55.84001],[83.3643,55.87236],[83.404,55.88501],[83.41199,55.902],[83.35399,55.95244],[83.35699,55.973],[83.3158,55.98817],[83.23697,56.04386],[83.23832,56.05542],[83.29199,56.089],[83.28899,56.108],[83.263,56.12199],[83.20441,56.10837],[83.13198,56.13842],[83.13235,56.14495],[83.15199,56.167],[83.14643,56.18407],[83.14883,56.18968],[83.16264,56.19578],[83.199,56.19001],[83.22299,56.211],[83.17,56.24199],[83.1099,56.21862],[83.08565,56.23163],[83.08729,56.23916],[83.14599,56.276],[83.1482,56.29743],[83.20599,56.336],[83.20399,56.35199],[83.16913,56.3632],[83.16143,56.37224],[83.16226,56.37841],[83.241,56.41201],[83.26099,56.44],[83.25499,56.46],[83.086,56.55799],[83.04198,56.53003],[82.99658,56.51334],[82.9,56.53699],[82.813,56.52799],[82.79601,56.505],[82.82544,56.4544],[82.82583,56.44917],[82.80495,56.43109],[82.7621,56.4164],[82.689,56.43299],[82.559,56.40703],[82.45,56.40599],[82.3404,56.36103],[82.29279,56.36097],[82.146,56.34004],[82.019,56.35199],[81.94415,56.34402],[81.55596,56.26315],[81.53498,56.26709],[81.42899,56.37699],[81.21713,56.51192],[81.123,56.53799],[80.31209,56.44413],[80.25212,56.45872],[79.592,56.93299],[78.45618,57.12529],[78.45139,57.12962],[78.44499,57.16599],[76.91951,57.19299],[76.80181,57.21501],[76.10801,57.25499],[76.10501,57.211],[76.17498,57.03999],[76.19101,56.968],[76.24376,56.9103],[76.24404,56.87083],[76.27671,56.72989],[76.17,56.66899],[76.14423,56.63717],[76.045,56.62499],[76.01068,56.55636],[75.864,56.50499],[75.84101,56.461],[75.851,56.44501],[75.884,56.43801],[75.904,56.44301],[75.93818,56.47223],[76.011,56.45401],[76.05088,56.47444],[76.12709,56.44721],[76.13206,56.4398],[76.12956,56.43376],[76.07501,56.41],[76.10701,56.32101],[76.1884,56.29119],[76.225,56.25701],[76.27617,56.24473],[76.30477,56.22085],[76.31058,56.19625],[76.30606,56.19307],[76.246,56.18499],[76.17095,56.15991],[76.147,56.18199],[76.085,56.17503],[75.999,56.18299],[75.96335,56.14062],[75.9393,56.13411],[75.762,56.14599],[75.71401,56.11199],[75.69549,56.07504],[75.548,56.05299],[75.50747,56.00374],[75.30813,55.89407],[75.29009,55.87111],[75.29601,55.839],[75.315,55.82401],[75.36518,55.80488],[75.36545,55.7992],[75.34844,55.77232],[75.21629,55.74716],[75.129,55.77199],[75.09201,55.76699],[75.08601,55.745],[75.12863,55.71854],[75.13101,55.696],[75.21292,55.6616],[75.2113,55.65326],[75.13301,55.611],[75.13301,55.594],[75.189,55.56101],[75.29597,55.56241],[75.30726,55.55512],[75.31649,55.5329],[75.30872,55.50726],[75.17501,55.45999],[75.1575,55.42207],[75.09901,55.39399],[75.09301,55.381],[75.15543,55.34521],[75.17201,55.31601],[75.19678,55.30081],[75.20601,55.28101],[75.25468,55.26088],[75.26307,55.24715]]],[[[51.906,72.099],[51.949,72.091],[51.931,72.083],[51.975,72.101],[52.021,72.098],[52.01,72.091],[52.027,72.097],[52.058,72.092],[52.021,72.079],[52.053,72.071],[52.046,72.049],[52.069,72.084],[52.097,72.088],[52.096,72.064],[52.121,72.075],[52.099,72.079],[52.122,72.095],[52.059,72.093],[52.224,72.13],[52.234,72.116],[52.214,72.109],[52.247,72.102],[52.248,72.093],[52.211,72.106],[52.211,72.08],[52.175,72.069],[52.209,72.078],[52.211,72.062],[52.242,72.082],[52.253,72.07],[52.275,72.092],[52.292,72.076],[52.247,72.055],[52.293,72.073],[52.308,72.07],[52.297,72.053],[52.443,72.055],[52.437,72.043],[52.459,72.034],[52.527,72.026],[52.504,72.035],[52.464,72.04],[52.453,72.046],[52.467,72.07],[52.398,72.098],[52.426,72.097],[52.442,72.123],[52.425,72.134],[52.446,72.142],[52.441,72.168],[52.486,72.148],[52.487,72.133],[52.458,72.145],[52.485,72.13],[52.467,72.118],[52.493,72.133],[52.529,72.122],[52.514,72.134],[52.537,72.137],[52.542,72.109],[52.562,72.131],[52.505,72.149],[52.547,72.151],[52.505,72.161],[52.526,72.175],[52.431,72.212],[52.551,72.186],[52.491,72.21],[52.499,72.225],[52.551,72.227],[52.489,72.234],[52.538,72.251],[52.471,72.247],[52.456,72.275],[52.628,72.24],[52.642,72.245],[52.599,72.29],[52.648,72.282],[52.71,72.294],[52.691,72.305],[52.725,72.314],[52.608,72.357],[52.587,72.343],[52.597,72.355],[52.575,72.364],[52.761,72.325],[52.714,72.358],[52.713,72.377],[52.749,72.386],[52.705,72.427],[52.849,72.431],[52.769,72.434],[52.816,72.453],[52.797,72.457],[52.752,72.446],[52.732,72.459],[52.71,72.443],[52.719,72.474],[52.774,72.472],[52.778,72.491],[52.804,72.472],[52.826,72.492],[52.901,72.496],[52.87,72.511],[52.982,72.547],[52.912,72.562],[52.996,72.555],[52.98,72.573],[53.106,72.58],[53.246,72.552],[53.325,72.553],[53.117,72.591],[52.98,72.588],[52.727,72.54],[52.744,72.552],[52.736,72.569],[52.778,72.572],[52.799,72.609],[52.846,72.611],[52.785,72.616],[52.751,72.604],[52.737,72.615],[52.748,72.629],[52.847,72.63],[52.976,72.662],[52.849,72.671],[52.808,72.642],[52.779,72.651],[52.803,72.66],[52.786,72.666],[52.739,72.647],[52.719,72.659],[52.734,72.662],[52.559,72.658],[52.471,72.708],[52.403,72.717],[52.484,72.744],[52.503,72.789],[52.614,72.852],[52.954,72.908],[53.298,72.865],[53.524,72.854],[53.509,72.863],[53.628,72.889],[53.558,72.902],[53.525,72.879],[53.432,72.878],[53.315,72.901],[53.405,72.922],[53.206,72.911],[53.085,72.949],[53.148,72.999],[53.415,72.996],[53.422,73.008],[53.317,73.018],[53.297,73.035],[53.317,73.043],[53.271,73.047],[53.281,73.06],[53.186,73.06],[53.209,73.085],[53.154,73.09],[53.204,73.108],[53.186,73.125],[53.197,73.135],[53.277,73.171],[53.423,73.23],[53.605,73.229],[53.768,73.28],[53.937,73.295],[53.962,73.277],[54.049,73.287],[54.026,73.27],[54.068,73.261],[54.248,73.258],[54.542,73.36],[54.725,73.377],[54.778,73.403],[54.916,73.424],[55.245,73.373],[55.26,73.345],[55.435,73.313],[55.803,73.319],[55.837,73.3],[55.811,73.283],[55.979,73.266],[55.958,73.249],[56.409,73.222],[56.558,73.158],[56.566,73.138],[56.546,73.109],[56.164,73.063],[55.819,73.057],[56.434,73.033],[56.315,72.986],[56.162,72.991],[55.899,72.959],[55.882,72.941],[55.803,72.959],[55.546,72.942],[55.819,72.94],[55.889,72.924],[56.2,72.957],[56.275,72.947],[56.216,72.904],[56.245,72.874],[56.227,72.868],[56.234,72.854],[56.12,72.779],[55.914,72.773],[55.866,72.79],[55.722,72.761],[55.591,72.774],[55.572,72.791],[55.411,72.808],[55.557,72.781],[55.342,72.762],[55.585,72.766],[55.843,72.738],[55.84,72.723],[55.901,72.685],[55.922,72.65],[55.668,72.655],[55.658,72.645],[55.692,72.631],[55.695,72.595],[55.621,72.582],[55.645,72.541],[55.606,72.542],[55.613,72.525],[55.598,72.523],[55.511,72.531],[55.528,72.546],[55.494,72.559],[55.298,72.569],[55.467,72.548],[55.49,72.537],[55.437,72.53],[55.563,72.508],[55.554,72.459],[55.302,72.441],[55.426,72.417],[55.422,72.429],[55.479,72.435],[55.5,72.381],[55.483,72.351],[55.362,72.287],[55.553,72.233],[55.501,72.232],[55.576,72.173],[55.459,72.135],[55.433,72.1],[55.408,72.098],[55.438,72.074],[55.418,72.067],[55.46,72.056],[55.402,72.026],[55.412,72.013],[55.386,72.005],[55.39,71.981],[55.363,71.98],[55.433,71.934],[55.275,71.943],[55.373,71.916],[55.457,71.918],[55.524,71.882],[55.508,71.87],[55.553,71.846],[55.524,71.831],[55.528,71.79],[55.575,71.765],[55.56,71.742],[55.59,71.734],[55.577,71.73],[55.584,71.701],[55.636,71.683],[55.623,71.674],[55.644,71.663],[55.634,71.653],[55.666,71.648],[55.655,71.626],[55.739,71.576],[55.726,71.564],[55.741,71.552],[55.83,71.508],[55.835,71.484],[55.877,71.467],[55.864,71.453],[56.042,71.341],[56.031,71.319],[56.048,71.296],[56.214,71.185],[56.414,71.121],[56.68,70.997],[56.897,70.929],[57.022,70.86],[57.305,70.8],[57.427,70.798],[57.613,70.708],[57.542,70.711],[57.515,70.694],[57.535,70.684],[57.523,70.672],[57.468,70.659],[57.492,70.642],[57.45,70.63],[57.443,70.604],[57.476,70.592],[57.358,70.607],[57.433,70.587],[57.037,70.655],[56.947,70.646],[56.987,70.633],[56.763,70.672],[56.829,70.629],[57.177,70.606],[57.2,70.585],[57.308,70.561],[57.321,70.553],[57.301,70.549],[57.321,70.542],[57.104,70.552],[57.142,70.556],[56.745,70.613],[56.625,70.661],[56.547,70.655],[56.648,70.63],[56.62,70.622],[56.683,70.618],[56.608,70.618],[56.505,70.66],[56.542,70.654],[56.526,70.658],[56.542,70.669],[56.525,70.687],[56.542,70.692],[56.514,70.704],[56.527,70.714],[56.623,70.718],[56.516,70.741],[56.459,70.727],[56.438,70.698],[56.417,70.696],[56.436,70.7],[56.356,70.701],[56.22,70.738],[56.195,70.718],[56.325,70.691],[56.193,70.699],[56.19,70.675],[56.321,70.652],[56.159,70.651],[56.226,70.633],[56.076,70.648],[56.147,70.656],[56.034,70.65],[56.053,70.639],[55.998,70.63],[55.9,70.659],[55.794,70.665],[55.861,70.645],[55.84,70.632],[56.01,70.593],[56.023,70.586],[55.987,70.58],[56.032,70.557],[55.927,70.582],[55.884,70.567],[55.827,70.591],[55.83,70.606],[55.745,70.593],[55.706,70.6],[55.665,70.625],[55.611,70.633],[55.631,70.638],[55.746,70.6],[55.568,70.677],[55.763,70.611],[55.861,70.613],[55.766,70.647],[55.746,70.678],[55.611,70.724],[55.585,70.719],[55.596,70.701],[55.81,70.616],[55.571,70.687],[55.478,70.693],[55.436,70.733],[55.405,70.731],[55.425,70.727],[55.411,70.712],[55.354,70.716],[55.343,70.707],[55.372,70.687],[55.354,70.685],[55.309,70.702],[55.129,70.735],[55.095,70.749],[55.099,70.765],[55.044,70.75],[54.906,70.762],[55.358,70.679],[55.401,70.687],[55.452,70.659],[55.481,70.633],[55.405,70.671],[55.38,70.669],[55.459,70.634],[55.444,70.618],[55.421,70.648],[55.27,70.681],[55.272,70.659],[55.206,70.657],[55.318,70.6],[55.281,70.597],[55.287,70.585],[55.266,70.577],[55.293,70.562],[55.217,70.573],[55.19,70.563],[55.205,70.548],[55.168,70.545],[54.964,70.629],[54.91,70.628],[54.87,70.652],[54.819,70.641],[54.744,70.672],[54.679,70.728],[54.735,70.731],[54.54,70.782],[54.567,70.748],[54.508,70.769],[54.518,70.774],[54.513,70.783],[54.465,70.777],[54.512,70.743],[54.431,70.735],[54.472,70.727],[54.446,70.716],[54.488,70.726],[54.664,70.672],[54.612,70.686],[54.572,70.679],[54.791,70.636],[54.619,70.647],[54.525,70.675],[54.568,70.684],[54.557,70.699],[54.463,70.704],[54.306,70.763],[54.25,70.754],[54.305,70.728],[54.25,70.725],[54.261,70.719],[54.106,70.742],[54.086,70.735],[54.124,70.722],[54.047,70.724],[53.987,70.738],[54.001,70.741],[53.901,70.792],[53.906,70.815],[53.846,70.797],[53.925,70.778],[53.899,70.76],[53.872,70.761],[53.859,70.777],[53.691,70.791],[53.687,70.808],[53.614,70.832],[53.647,70.81],[53.459,70.824],[53.421,70.843],[53.47,70.869],[53.561,70.86],[53.545,70.872],[53.575,70.881],[53.634,70.875],[53.655,70.863],[53.621,70.873],[53.711,70.816],[53.752,70.811],[53.694,70.849],[53.683,70.878],[53.778,70.93],[53.724,70.975],[53.528,71.053],[53.56,71.059],[53.51,71.087],[53.64,71.041],[53.632,71.059],[53.672,71.065],[53.668,71.065],[53.65,71.071],[53.647,71.075],[53.753,71.058],[53.688,71.081],[53.703,71.084],[53.963,71.015],[53.987,71.02],[53.906,71.073],[54.175,71.07],[54.266,71.095],[54.217,71.113],[54.137,71.093],[54.011,71.137],[54.065,71.146],[54.076,71.168],[54.225,71.147],[54.125,71.174],[54.117,71.19],[54.137,71.194],[54.226,71.165],[54.103,71.212],[54.042,71.212],[54.033,71.199],[54.053,71.175],[54.0,71.189],[53.97,71.154],[53.902,71.163],[53.876,71.187],[53.805,71.19],[53.841,71.171],[53.838,71.134],[53.723,71.155],[53.749,71.164],[53.741,71.183],[53.681,71.175],[53.635,71.199],[53.596,71.183],[53.551,71.196],[53.464,71.257],[53.547,71.254],[53.529,71.263],[53.552,71.277],[53.442,71.272],[53.334,71.335],[53.364,71.343],[53.299,71.427],[53.327,71.434],[53.287,71.438],[53.372,71.455],[53.356,71.472],[53.382,71.472],[53.381,71.495],[53.496,71.528],[53.512,71.547],[53.46,71.537],[53.493,71.554],[53.472,71.573],[53.453,71.572],[53.483,71.552],[53.43,71.54],[53.394,71.552],[53.319,71.535],[53.274,71.497],[53.238,71.499],[53.249,71.486],[53.212,71.469],[53.223,71.454],[53.166,71.456],[53.179,71.417],[53.147,71.409],[53.081,71.482],[53.096,71.484],[52.999,71.511],[53.055,71.465],[52.992,71.45],[52.953,71.46],[53.005,71.457],[52.935,71.472],[52.94,71.439],[53.029,71.4],[52.927,71.411],[52.969,71.377],[52.953,71.371],[52.91,71.382],[52.93,71.388],[52.887,71.425],[52.939,71.436],[52.882,71.46],[52.78,71.464],[52.856,71.41],[52.759,71.435],[52.775,71.437],[52.723,71.471],[52.666,71.476],[52.681,71.461],[52.667,71.446],[52.621,71.461],[52.667,71.491],[52.718,71.474],[52.684,71.498],[52.723,71.496],[52.688,71.514],[52.717,71.524],[52.673,71.558],[52.675,71.535],[52.638,71.547],[52.583,71.598],[52.635,71.591],[52.554,71.652],[52.546,71.706],[52.573,71.731],[52.531,71.764],[52.54,71.739],[52.518,71.731],[52.504,71.68],[52.541,71.598],[52.519,71.579],[52.536,71.565],[52.5,71.555],[52.491,71.531],[52.399,71.539],[52.406,71.497],[52.453,71.486],[52.458,71.462],[52.331,71.514],[52.297,71.571],[52.261,71.568],[52.274,71.564],[52.193,71.529],[52.301,71.461],[52.198,71.488],[52.142,71.48],[52.22,71.473],[52.115,71.454],[51.919,71.457],[51.772,71.513],[51.62,71.536],[51.579,71.576],[51.597,71.591],[51.59,71.615],[51.505,71.686],[51.527,71.707],[51.489,71.713],[51.467,71.744],[51.477,71.763],[51.442,71.778],[51.433,71.836],[51.476,71.883],[51.564,72.061],[51.859,72.154],[51.917,72.109],[51.973,72.101],[51.906,72.099]]],[[[23.19582,60.1328],[23.207,60.13047],[23.311,60.186],[23.324,60.185],[23.317,60.172],[23.333,60.165],[23.393,60.16],[23.487,60.174],[23.563,60.204],[23.642,60.198],[23.651,60.213],[23.646,60.224],[23.632,60.239],[23.592,60.259],[23.626,60.262],[23.641,60.283],[23.725,60.319],[23.746,60.371],[23.765,60.375],[23.786,60.393],[23.794,60.419],[23.793,60.434],[23.779,60.45],[23.7,60.452],[23.719,60.476],[23.744,60.486],[23.851,60.502],[23.865,60.512],[23.856,60.542],[23.861,60.556],[23.893,60.571],[23.914,60.597],[23.906,60.609],[23.881,60.62],[23.881,60.633],[23.897,60.649],[23.948,60.653],[23.766,60.652],[23.705,60.661],[23.653,60.69],[23.571,60.698],[23.528,60.713],[23.477,60.747],[23.356,60.727],[23.267,60.728],[23.176,60.764],[23.162,60.78],[23.184,60.803],[23.216,60.82],[23.212,60.829],[23.166,60.834],[23.142,60.846],[23.138,60.871],[23.158,60.89],[23.267,60.893],[23.256,60.915],[23.288,60.922],[23.295,60.936],[23.296,60.947],[23.28,60.958],[23.24,60.972],[23.197,61.0],[23.275,61.019],[23.341,61.007],[23.437,60.969],[23.469,60.964],[23.458,60.982],[23.585,60.986],[23.707,61.007],[23.779,60.993],[23.836,60.95],[23.852,60.946],[23.866,60.959],[23.825,61.0],[23.871,61.017],[23.878,61.027],[23.866,61.035],[23.796,61.028],[23.804,61.048],[23.767,61.057],[23.779,61.068],[23.933,61.093],[24.033,61.121],[24.089,61.129],[24.14,61.125],[24.136,61.139],[24.228,61.158],[24.282,61.184],[24.294,61.195],[24.266,61.216],[24.268,61.232],[24.279,61.237],[24.38,61.244],[24.518,61.291],[24.584,61.295],[24.688,61.274],[24.714,61.284],[24.737,61.31],[24.765,61.277],[24.804,61.267],[24.881,61.284],[24.891,61.293],[24.894,61.308],[24.918,61.322],[24.901,61.34],[24.904,61.408],[24.865,61.454],[24.86,61.465],[24.87,61.474],[24.967,61.451],[25.426,61.49],[25.461,61.527],[25.516,61.678],[25.582,61.675],[25.634,61.696],[25.691,61.706],[25.757,61.702],[25.748,61.693],[25.764,61.693],[25.816,61.735],[25.862,61.798],[25.878,61.787],[25.871,61.769],[25.875,61.76],[25.901,61.761],[25.925,61.784],[25.978,61.758],[26.009,61.721],[26.03,61.718],[26.052,61.727],[26.082,61.705],[26.058,61.666],[26.146,61.626],[26.253,61.65],[26.304,61.65],[26.312,61.638],[26.307,61.624],[26.319,61.608],[26.32,61.576],[26.282,61.577],[26.291,61.525],[26.266,61.514],[26.26,61.502],[26.284,61.478],[26.257,61.439],[26.266,61.425],[26.319,61.397],[26.294,61.371],[26.403,61.324],[26.479,61.312],[26.498,61.3],[26.515,61.274],[26.507,61.272],[26.612,61.287],[26.635,61.283],[26.666,61.248],[26.64,61.221],[26.664,61.21],[26.699,61.214],[26.761,61.239],[26.797,61.273],[26.872,61.283],[26.918,61.227],[26.929,61.185],[26.944,61.171],[27.002,61.152],[27.33,61.168],[27.367,61.181],[27.367,61.193],[27.39,61.204],[27.386,61.213],[27.336,61.218],[27.325,61.229],[27.333,61.237],[27.331,61.253],[27.226,61.316],[27.256,61.324],[26.976,61.344],[26.969,61.36],[27.018,61.375],[27.113,61.373],[27.202,61.4],[27.25,61.404],[27.54,61.36],[28.181,61.373],[28.342,61.419],[28.397,61.447],[28.425,61.481],[28.469,61.509],[28.51,61.508],[28.538,61.481],[28.563,61.473],[28.653,61.47],[28.751,61.482],[28.809,61.498],[28.821,61.538],[29.053,61.534],[29.246,61.56],[29.341,61.622],[29.532,61.685],[29.564,61.724],[30.057,61.849],[30.146,61.85],[29.978,61.728],[29.842,61.66],[29.779,61.593],[29.635,61.511],[29.517,61.475],[29.463,61.414],[29.318,61.338],[29.203,61.246],[29.13,61.213],[28.981,61.168],[28.855,61.113],[28.798,61.097],[28.689,61.027],[28.615,60.962],[28.526,60.95],[28.481,60.933],[28.336,60.859],[28.244,60.792],[28.148,60.758],[27.981,60.649],[27.89369,60.60055],[27.89271,60.60083],[27.808,60.553],[27.766,60.582],[27.727,60.579],[27.74,60.572],[27.715,60.564],[27.713,60.541],[27.748,60.52],[27.714,60.528],[27.697,60.517],[27.732,60.514],[27.741,60.485],[27.588,60.494],[27.61,60.518],[27.651,60.521],[27.619,60.526],[27.567,60.505],[27.619,60.467],[27.552,60.495],[27.468,60.513],[27.486,60.501],[27.456,60.488],[27.491,60.46],[27.451,60.474],[27.426,60.465],[27.365,60.514],[27.369,60.499],[27.229,60.532],[27.224,60.507],[27.197,60.515],[27.194,60.553],[27.22793,60.55009],[27.221,60.559],[27.206,60.563],[27.186,60.562],[27.172,60.58],[27.192,60.586],[27.179,60.585],[27.168,60.58],[27.17,60.573],[27.162,60.572],[27.175,60.52],[27.132,60.522],[27.161,60.539],[27.107,60.536],[27.096,60.565],[27.095,60.531],[27.042,60.555],[27.052,60.544],[27.038,60.542],[27.068,60.531],[27.034,60.519],[27.008,60.555],[27.022,60.517],[26.973,60.511],[26.987,60.491],[26.91,60.5],[26.942,60.492],[26.94,60.471],[26.886,60.487],[26.885,60.473],[26.852,60.478],[26.832,60.465],[26.836,60.459],[26.792,60.455],[26.763,60.471],[26.799,60.486],[26.78,60.493],[26.734,60.48],[26.746,60.45],[26.678,60.425],[26.621,60.461],[26.563,60.459],[26.569,60.428],[26.455,60.486],[26.442,60.463],[26.455,60.417],[26.407,60.428],[26.419,60.385],[26.383,60.414],[26.372,60.397],[26.331,60.397],[26.349,60.383],[26.336,60.371],[26.29,60.405],[26.299,60.418],[26.28,60.424],[26.298,60.431],[26.237,60.458],[26.232,60.436],[26.265,60.389],[26.255,60.398],[26.182,60.411],[26.168,60.425],[26.175,60.397],[26.22,60.393],[26.187,60.382],[26.209,60.374],[26.2,60.362],[26.152,60.38],[26.181,60.373],[26.152,60.384],[26.166,60.399],[26.135,60.395],[26.07,60.435],[26.054,60.423],[25.979,60.479],[25.919,60.49],[25.942,60.471],[25.97,60.476],[25.958,60.445],[25.994,60.45],[25.999,60.43],[26.042,60.413],[25.993,60.402],[26.12,60.325],[26.028,60.302],[26.021,60.336],[25.989,60.354],[25.995,60.374],[25.983,60.351],[25.954,60.352],[25.844,60.412],[25.913,60.367],[25.915,60.343],[25.863,60.333],[25.884,60.334],[25.865,60.324],[25.902,60.303],[25.884,60.289],[25.91,60.279],[25.898,60.272],[25.937,60.262],[25.924,60.252],[25.887,60.244],[25.86,60.256],[25.877,60.267],[25.857,60.274],[25.862,60.289],[25.804,60.287],[25.743,60.324],[25.743,60.307],[25.759,60.312],[25.785,60.282],[25.813,60.276],[25.842,60.281],[25.848,60.267],[25.783,60.265],[25.786,60.237],[25.759,60.256],[25.715,60.262],[25.709,60.278],[25.67,60.276],[25.628,60.328],[25.719,60.334],[25.689,60.379],[25.657,60.374],[25.617,60.33],[25.597,60.339],[25.586,60.311],[25.575,60.34],[25.514,60.328],[25.553,60.308],[25.535,60.282],[25.514,60.286],[25.528,60.282],[25.51,60.279],[25.511,60.266],[25.498,60.258],[25.494,60.249],[25.481,60.254],[25.498,60.263],[25.381,60.253],[25.389,60.269],[25.352,60.264],[25.328,60.285],[25.346,60.258],[25.241,60.261],[25.204,60.255],[25.191,60.248],[25.217,60.244],[25.209,60.233],[25.155,60.234],[25.203,60.215],[25.175,60.208],[25.178,60.192],[25.134,60.2],[25.154,60.183],[25.13,60.199],[25.089,60.187],[25.124,60.22],[25.028,60.185],[25.031,60.188],[24.998,60.196],[25.024,60.195],[25.022,60.214],[24.994,60.203],[24.981,60.216],[24.987,60.193],[24.978,60.179],[24.933,60.184],[24.97,60.174],[24.951,60.169],[24.963,60.156],[24.925,60.145],[24.898,60.166],[24.912,60.181],[24.882,60.19],[24.893,60.202],[24.872,60.187],[24.845,60.21],[24.814,60.196],[24.841,60.191],[24.838,60.167],[24.685,60.14],[24.702,60.132],[24.678,60.116],[24.636,60.152],[24.575,60.178],[24.55,60.161],[24.61,60.157],[24.628,60.136],[24.566,60.101],[24.619,60.121],[24.647,60.109],[24.584,60.095],[24.621,60.086],[24.543,60.043],[24.548,60.028],[24.508,60.02],[24.507,59.997],[24.488,60.008],[24.472,59.991],[24.456,60.009],[24.446,59.995],[24.461,59.986],[24.425,59.988],[24.395,59.966],[24.479,60.042],[24.445,60.03],[24.48,60.048],[24.477,60.07],[24.457,60.045],[24.416,60.034],[24.406,60.018],[24.382,60.017],[24.381,60.028],[24.371,60.037],[24.335,60.003],[24.32,60.014],[24.364,60.037],[24.387,60.085],[24.306,60.088],[24.292,60.078],[24.318,60.059],[24.275,60.057],[24.265,60.04],[24.193,60.061],[24.162,60.05],[24.198,60.044],[24.203,60.027],[24.136,60.037],[24.154,60.052],[24.114,60.026],[24.07,60.032],[24.091,60.02],[24.038,60.023],[24.019,60.037],[24.034,60.045],[24.014,60.046],[23.961,60.011],[23.837,60.018],[23.901,60.012],[23.831,59.998],[23.835,59.983],[23.805,59.968],[23.775,59.971],[23.793,59.972],[23.809,59.984],[23.731,59.987],[23.756,59.974],[23.675,59.979],[23.623,59.961],[23.586,59.967],[23.583,59.988],[23.569,59.992],[23.479,59.982],[23.424,59.963],[23.461,59.999],[23.489,60.0],[23.492,60.034],[23.541,60.041],[23.534,60.073],[23.553,60.097],[23.514,60.085],[23.519,60.07],[23.492,60.05],[23.463,60.05],[23.466,60.015],[23.401,59.978],[23.38,59.941],[23.223,59.891],[23.245,59.856],[23.214,59.847],[23.188,59.828],[23.087,59.835],[23.04,59.817],[22.89,59.812],[22.935,59.845],[23.207,59.911],[23.193,59.918],[23.272,59.949],[23.264,59.954],[23.296,59.976],[23.329,60.047],[23.298,60.019],[23.303,59.995],[23.238,59.944],[23.204,59.946],[23.229,59.962],[23.191,59.976],[23.178,59.946],[23.155,59.947],[23.168,59.951],[23.154,59.967],[23.123,59.941],[23.096,59.948],[23.107,59.983],[23.129,59.984],[23.111,59.99],[23.119,60.002],[23.192,60.017],[23.198,59.994],[23.212,59.995],[23.198,60.014],[23.232,60.036],[23.03,59.985],[23.079,59.979],[23.056,59.949],[23.068,59.923],[23.027,59.91],[23.003,59.936],[23.021,59.941],[22.986,59.937],[22.978,59.953],[22.961,59.933],[22.994,59.931],[23.008,59.914],[22.984,59.927],[22.942,59.908],[22.888,59.916],[22.852,59.943],[22.87,59.949],[22.861,59.959],[22.815,59.979],[22.81,60.017],[22.842,60.022],[22.824,60.001],[22.853,59.99],[22.83,59.984],[22.855,59.981],[22.854,59.966],[22.909,59.973],[22.914,59.993],[22.984,59.972],[23.031,59.988],[23.007,60.005],[23.014,60.03],[22.985,60.033],[23.024,60.049],[23.025,60.042],[23.101,60.039],[23.085,60.009],[23.113,60.008],[23.119,60.046],[23.178,60.066],[23.234,60.06],[23.219,60.037],[23.265,60.063],[23.198,60.075],[23.129,60.067],[23.101,60.055],[23.104,60.04],[23.076,60.044],[23.088,60.053],[23.085,60.058],[23.06,60.044],[23.07,60.055],[23.033,60.071],[22.995,60.065],[22.984,60.085],[23.015,60.084],[23.0,60.096],[23.028,60.102],[23.114,60.095],[23.19582,60.1328]]],[[[44.036,45.817],[44.077,45.792],[44.093,45.771],[44.138,45.656],[44.205,45.606],[44.42,45.522],[44.55,45.504],[44.706,45.501],[44.736,45.492],[45.351,45.239],[45.583,45.154],[45.611,45.114],[45.708,45.011],[45.712,45.0],[45.704,44.971],[45.784,44.964],[45.801,44.974],[45.801,44.983],[45.814,44.987],[45.969,44.976],[46.0,44.981],[46.076,44.96],[46.21,44.957],[46.433,44.932],[46.582,44.887],[46.633,44.856],[46.66,44.855],[46.757,44.812],[46.751,44.797],[46.778,44.787],[46.791,44.76],[46.832,44.758],[46.838,44.775],[46.852,44.783],[46.881,44.78],[46.888,44.747],[46.925,44.767],[46.93299,44.76841],[46.93306,44.76576],[46.964,44.761],[47.007,44.815],[47.0018,44.83783],[47.01013,44.8428],[46.989,44.894],[47.0,44.915],[47.01742,44.84715],[47.019,44.841],[47.055,44.803],[46.873,44.68],[46.80545,44.67231],[44.755,44.439],[43.88,44.814],[43.449,46.0],[43.568,45.976],[43.742,45.974],[43.808,45.963],[43.875,45.941],[43.925,45.898],[43.967,45.881],[44.036,45.817]]],[[[47.882,45.465],[47.854,45.479],[47.81,45.581],[47.779,45.566],[47.784,45.626],[47.762,45.603],[47.77,45.631],[47.731,45.631],[47.742,45.557],[47.769,45.518],[47.778,45.448],[47.769,45.409],[47.748,45.449],[47.76,45.464],[47.739,45.469],[47.755,45.484],[47.739,45.475],[47.731,45.489],[47.748,45.504],[47.728,45.508],[47.741,45.53],[47.721,45.538],[47.722,45.598],[47.704,45.59],[47.716,45.6],[47.677,45.626],[47.691,45.661],[47.645,45.691],[47.64412,45.70633],[47.643,45.726],[47.606,45.766],[47.607,45.81],[47.542,45.819],[47.556,45.828],[47.559,45.841],[47.545,45.849],[47.577,45.853],[47.595,45.87],[47.588,45.898],[47.602,45.901],[47.61,45.916],[47.595,45.936],[47.613,45.938],[47.617,45.951],[47.605,45.961],[47.578,45.962],[47.55,45.98],[47.532,45.98],[47.54,46.002],[47.534,46.02],[47.375,46.022],[47.363,46.028],[47.348,46.023],[47.345,46.012],[47.271,46.046],[47.26,46.055],[47.26,46.068],[47.24,46.078],[47.241,46.09],[47.321,46.09],[47.319,46.111],[47.34,46.114],[47.337,46.128],[47.531,46.148],[47.534,46.158],[47.578,46.157],[47.616,46.175],[47.614,46.183],[47.572,46.188],[47.575,46.211],[47.689,46.205],[47.714,46.245],[47.748,46.251],[47.769,46.244],[47.792,46.25],[47.864,46.243],[47.881,46.249],[47.879,46.266],[47.911,46.27],[47.912,46.277],[47.901,46.281],[47.954,46.299],[47.956,46.314],[47.969,46.315],[47.98,46.332],[47.971,46.345],[47.977,46.356],[47.972,46.364],[48.014,46.371],[48.025,46.384],[48.02,46.398],[48.001,46.401],[47.99,46.413],[47.968,46.406],[47.95,46.453],[47.962,46.466],[47.974,46.465],[47.975,46.442],[47.994,46.418],[48.035,46.388],[48.07,46.387],[48.074,46.407],[48.047,46.471],[48.0,46.475],[48.045,46.508],[48.067,46.506],[48.062,46.48],[48.082,46.482],[48.1,46.464],[48.152,46.472],[48.188,46.458],[48.223,46.467],[48.247,46.426],[48.278,46.408],[48.283,46.425],[48.263,46.44],[48.277,46.47],[48.291,46.477],[48.3,46.473],[48.295,46.462],[48.334,46.434],[48.383,46.459],[48.381,46.468],[48.406,46.488],[48.44,46.464],[48.516,46.441],[48.529,46.445],[48.538,46.493],[48.561,46.488],[48.619,46.445],[48.671,46.466],[48.736,46.481],[48.896,46.477],[49.031,46.4],[49.14455,46.35565],[49.2,46.334],[49.222,46.281],[49.277,46.264],[49.273,46.235],[49.336,46.2],[49.326,46.137],[49.309,46.158],[49.243,46.162],[49.318,46.068],[49.252,46.102],[49.233,46.056],[49.256,46.028],[49.233,46.0],[49.152,46.019],[49.063,46.118],[49.033,46.12],[49.017,46.088],[49.028,46.009],[49.0,46.0],[49.0,45.951],[48.929,45.979],[48.933,45.931],[48.913,45.924],[48.919,45.91],[48.865,45.906],[48.875,45.871],[48.857,45.841],[48.827,45.843],[48.812,45.891],[48.783,45.882],[48.754,45.899],[48.733,45.883],[48.782,45.849],[48.721,45.838],[48.716,45.814],[48.70475,45.82758],[48.70477,45.82148],[48.695,45.828],[48.68974,45.84182],[48.69542,45.83884],[48.687,45.849],[48.71,45.882],[48.67735,45.89343],[48.67525,45.88691],[48.63,45.91],[48.598,45.953],[48.303,45.768],[48.223,45.753],[48.22658,45.74773],[48.22562,45.74736],[48.243,45.71],[48.1947,45.72908],[48.162,45.742],[48.144,45.739],[48.14317,45.73775],[48.1449,45.73642],[48.14642,45.73199],[48.134,45.724],[48.061,45.727],[48.067,45.691],[48.049,45.709],[48.042,45.651],[48.03,45.661],[48.007,45.632],[47.983,45.683],[47.96,45.674],[47.946,45.702],[47.892,45.706],[47.862,45.66],[47.866,45.692],[47.856,45.699],[47.836,45.636],[47.91,45.613],[47.894,45.608],[47.909,45.477],[47.882,45.465]]],[[[32.687,47.844],[32.676,47.861],[32.69,47.872],[32.683,47.902],[32.713,47.905],[32.719,47.924],[32.75,47.931],[32.74,47.956],[32.701,47.952],[32.698,47.965],[32.777,47.984],[32.805,47.965],[32.831,47.962],[32.843,47.978],[32.898,47.982],[32.89,48.024],[32.974,48.039],[32.995,48.01],[32.999,47.989],[32.99,47.984],[33.001,47.941],[32.988,47.935],[33.0,47.91],[33.074,47.915],[33.08,47.889],[33.066,47.886],[33.069,47.865],[33.056,47.86],[33.05,47.832],[33.06,47.788],[33.045,47.782],[33.051,47.757],[33.063,47.756],[33.066,47.743],[32.968,47.726],[32.991,47.618],[32.955,47.591],[33.089,47.592],[33.084,47.552],[33.091,47.525],[33.137,47.538],[33.141,47.518],[32.054,47.572],[32.038,47.798],[32.065,47.786],[32.098,47.754],[32.139,47.743],[32.234,47.756],[32.229,47.787],[32.244,47.791],[32.242,47.811],[32.289,47.817],[32.362,47.784],[32.387,47.794],[32.466,47.776],[32.646,47.796],[32.668,47.836],[32.687,47.844]]],[[[91.89788,53.41936],[91.90001,53.401],[91.90873,53.39202],[91.90001,53.377],[91.91494,53.35603],[91.9137,53.34932],[91.85802,53.31258],[91.85249,53.31203],[91.84872,53.31739],[91.85091,53.35511],[91.82199,53.39099],[91.747,53.45099],[91.654,53.48599],[91.55102,53.48512],[91.47729,53.51633],[91.47516,53.52115],[91.47699,53.568],[91.45905,53.60789],[91.41686,53.67115],[91.33855,53.75957],[91.33288,53.8156],[91.36523,53.85112],[91.42441,53.88962],[91.43053,53.88987],[91.43344,53.88289],[91.42401,53.868],[91.44601,53.789],[91.48492,53.73312],[91.50391,53.73077],[91.523,53.716],[91.56317,53.70234],[91.56992,53.6681],[91.53401,53.64],[91.55388,53.62556],[91.56401,53.59301],[91.62177,53.57067],[91.62673,53.56104],[91.62201,53.53],[91.64033,53.52215],[91.648,53.51101],[91.66088,53.51375],[91.7316,53.4961],[91.83586,53.45406],[91.85651,53.45155],[91.86001,53.435],[91.87,53.42101],[91.89271,53.42259],[91.89788,53.41936]]],[[[35.878,64.99],[35.825,64.989],[35.751,64.955],[35.708,64.998],[35.722,65.01],[35.687,65.022],[35.704,65.028],[35.6,65.037],[35.502,65.105],[35.538,65.145],[35.601,65.154],[35.565,65.127],[35.606,65.127],[35.641,65.142],[35.658,65.13],[35.644,65.144],[35.668,65.167],[35.762,65.172],[35.84,65.138],[35.826,65.124],[35.853,65.102],[35.825,65.096],[35.857,65.057],[35.84,65.049],[35.85,65.041],[35.864,65.039],[35.848,65.04],[35.804,65.061],[35.812,65.088],[35.787,65.099],[35.799,65.093],[35.767,65.087],[35.756,65.069],[35.769,65.065],[35.739,65.045],[35.812,65.047],[35.88,65.019],[35.899,65.028],[35.88,65.043],[35.926,65.052],[36.024,65.04],[36.006,65.02],[35.859,65.018],[35.845,65.004],[35.878,64.99]]],[[[50.679,46.928],[50.751,46.968],[50.726,46.924],[50.743,46.902],[50.82366,47.0],[50.82662,47.0],[50.83348,46.99701],[50.842,47.007],[50.85,47.032],[50.867,47.032],[50.907,47.014],[50.972,47.055],[51.104,47.076],[51.212,47.116],[51.252,47.098],[51.323,47.085],[51.117,47.063],[50.97836,46.99744],[50.98006,46.99699],[50.98247,46.99597],[50.834,46.922],[50.813,46.944],[50.79,46.938],[50.771,46.895],[50.719,46.854],[50.698,46.865],[50.711,46.893],[50.679,46.917],[50.636,46.888],[50.574,46.798],[50.549,46.815],[50.502,46.805],[50.461,46.862],[50.397,46.772],[50.368,46.77],[50.367,46.801],[50.432,46.891],[50.502,46.859],[50.574,46.874],[50.547,46.835],[50.571,46.824],[50.612,46.866],[50.62,46.93],[50.679,46.928]]],[[[56.563,70.592],[56.475,70.599],[56.649,70.564],[56.553,70.565],[56.583,70.576],[56.529,70.586],[56.494,70.572],[56.405,70.569],[56.411,70.565],[56.356,70.572],[56.408,70.572],[56.316,70.581],[56.249,70.603],[56.264,70.606],[56.25,70.618],[56.162,70.631],[56.382,70.623],[56.445,70.633],[56.343,70.645],[56.339,70.659],[56.432,70.666],[56.467,70.634],[56.533,70.623],[56.448,70.619],[56.463,70.608],[56.447,70.604],[56.537,70.602],[56.563,70.592]]],[[[35.934,65.18],[35.99,65.193],[35.957,65.181],[35.957,65.17],[35.976,65.16],[35.969,65.18],[36.005,65.186],[36.063,65.156],[36.267,65.164],[36.274,65.157],[36.073,65.125],[35.931,65.154],[35.934,65.18]]],[[[49.8431,46.54712],[49.824,46.545],[49.83,46.568],[49.841,46.576],[49.85298,46.57461],[49.884,46.571],[49.965,46.624],[50.036,46.631],[50.083,46.68],[50.2,46.758],[50.036,46.623],[50.032,46.607],[50.062,46.631],[50.031,46.585],[49.962,46.592],[49.914,46.555],[49.8431,46.54712]]],[[[125.786,73.548],[125.754,73.53],[125.835,73.518],[125.821,73.515],[125.835,73.503],[125.867,73.517],[125.89,73.51],[125.798,73.487],[125.801,73.508],[125.745,73.516],[125.722,73.557],[125.69,73.54],[125.664,73.552],[125.777,73.585],[125.826,73.65],[125.883,73.651],[125.91,73.644],[125.883,73.647],[125.898,73.635],[125.806,73.606],[125.783,73.583],[125.793,73.544],[125.787,73.549],[125.773,73.551],[125.786,73.548]]],[[[23.679,59.955],[23.728,59.943],[23.493,59.927],[23.469,59.946],[23.487,59.948],[23.45,59.954],[23.576,59.987],[23.575,59.978],[23.581,59.969],[23.585,59.967],[23.603,59.963],[23.595,59.962],[23.648,59.96],[23.694,59.972],[23.707,59.958],[23.679,59.955]]],[[[72.868,72.6],[72.879,72.612],[72.816,72.664],[72.894,72.684],[72.969,72.659],[72.925,72.649],[72.908,72.61],[72.982,72.546],[72.868,72.6]]],[[[53.461,71.12],[53.473,71.134],[53.613,71.106],[53.547,71.144],[53.568,71.167],[53.656,71.116],[53.616,71.119],[53.646,71.103],[53.574,71.083],[53.544,71.11],[53.517,71.097],[53.461,71.12]]],[[[25.644,60.247],[25.614,60.236],[25.569,60.272],[25.573,60.302],[25.611,60.307],[25.617,60.282],[25.68,60.241],[25.637,60.228],[25.644,60.212],[25.622,60.203],[25.591,60.226],[25.644,60.247]]],[[[56.392,70.54],[56.354,70.562],[56.552,70.54],[56.446,70.561],[56.636,70.556],[56.548,70.548],[56.584,70.536],[56.536,70.523],[56.392,70.54]]],[[[31.372,69.623],[31.297,69.601],[31.331,69.663],[31.446,69.689],[31.409,69.649],[31.359,69.645],[31.372,69.623]]],[[[25.935,60.357],[25.999,60.337],[25.989,60.329],[26.013,60.31],[25.988,60.292],[26.038,60.288],[25.999,60.288],[25.936,60.271],[25.932,60.303],[25.963,60.3],[25.925,60.342],[25.935,60.357]]],[[[56.004,70.629],[56.096,70.632],[56.186,70.602],[56.153,70.58],[56.004,70.629]]],[[[54.124,71.082],[54.018,71.107],[54.039,71.099],[53.919,71.103],[53.938,71.081],[53.884,71.082],[53.897,71.074],[53.852,71.091],[53.919,71.119],[54.026,71.115],[54.124,71.082]]],[[[53.181,71.366],[53.152,71.393],[53.192,71.375],[53.162,71.398],[53.226,71.395],[53.316,71.347],[53.181,71.366]]],[[[26.66,60.418],[26.582,60.412],[26.544,60.388],[26.556,60.38],[26.509,60.399],[26.505,60.422],[26.543,60.407],[26.587,60.423],[26.574,60.446],[26.599,60.449],[26.66,60.418]]],[[[69.345,66.667],[69.401,66.658],[69.34,66.664],[69.315,66.679],[69.327,66.689],[69.324,66.703],[69.382,66.711],[69.391,66.669],[69.345,66.667]]],[[[26.506,60.347],[26.499,60.362],[26.431,60.372],[26.394,60.357],[26.381,60.381],[26.425,60.379],[26.425,60.408],[26.446,60.387],[26.472,60.379],[26.469,60.374],[26.488,60.38],[26.506,60.36],[26.524,60.353],[26.543,60.353],[26.506,60.347]]],[[[35.218,64.386],[35.285,64.403],[35.306,64.385],[35.273,64.354],[35.218,64.386]]],[[[23.378,59.936],[23.419,59.954],[23.488,59.928],[23.408,59.916],[23.378,59.936]]],[[[53.044,71.459],[53.105,71.442],[53.076,71.44],[53.08,71.424],[53.057,71.442],[53.069,71.431],[53.026,71.427],[52.995,71.448],[53.044,71.459]]],[[[26.842,60.434],[26.841,60.447],[26.871,60.451],[26.878,60.469],[26.926,60.425],[26.842,60.434]]],[[[23.887,59.979],[23.932,59.965],[23.914,59.968],[23.939,59.962],[23.918,59.949],[23.847,59.955],[23.887,59.979]]],[[[23.515,59.907],[23.49,59.9],[23.514,59.889],[23.444,59.903],[23.436,59.895],[23.427,59.895],[23.418,59.895],[23.401,59.904],[23.5,59.913],[23.524,59.929],[23.518,59.917],[23.53,59.904],[23.515,59.907]]],[[[27.002,60.416],[26.997,60.44],[27.03,60.463],[27.043,60.438],[27.018,60.425],[27.035,60.411],[27.002,60.416]]],[[[26.25,60.32],[26.202,60.317],[26.167,60.351],[26.2,60.348],[26.25,60.32]]],[[[23.159,59.909],[23.171,59.917],[23.147,59.932],[23.202,59.952],[23.198,59.937],[23.226,59.941],[23.159,59.909]]],[[[40.55,67.81],[40.539,67.8],[40.486,67.802],[40.466,67.825],[40.55,67.81]]],[[[52.645,72.387],[52.629,72.397],[52.692,72.397],[52.684,72.382],[52.623,72.379],[52.657,72.38],[52.642,72.372],[52.608,72.379],[52.645,72.387]]],[[[27.802,60.483],[27.777,60.486],[27.776,60.505],[27.845,60.486],[27.811,60.47],[27.794,60.496],[27.802,60.483]]],[[[25.8,60.198],[25.814,60.204],[25.824,60.23],[25.893,60.225],[25.8,60.198]]],[[[25.664,60.361],[25.7,60.337],[25.656,60.333],[25.641,60.353],[25.664,60.361]]],[[[52.589,72.333],[52.558,72.331],[52.526,72.343],[52.566,72.357],[52.589,72.333]]],[[[69.322,66.69],[69.311,66.677],[69.335,66.656],[69.32,66.665],[69.327,66.654],[69.305,66.655],[69.285,66.687],[69.322,66.69]]],[[[23.894,59.989],[23.819,59.95],[23.856,59.981],[23.839,59.976],[23.852,59.993],[23.894,59.989]]],[[[23.357,59.867],[23.386,59.877],[23.356,59.882],[23.439,59.882],[23.411,59.874],[23.404,59.863],[23.357,59.867]]],[[[53.125,71.374],[53.101,71.372],[53.057,71.39],[53.087,71.398],[53.125,71.374]]],[[[24.002,59.979],[23.951,59.981],[23.981,59.97],[23.895,59.982],[23.935,59.99],[24.002,59.979]]],[[[54.089,71.202],[54.119,71.175],[54.077,71.178],[54.068,71.196],[54.089,71.202]]],[[[25.01,60.17],[25.057,60.188],[25.067,60.168],[25.098,60.162],[25.01,60.17]]],[[[23.591,59.92],[23.593,59.908],[23.586,59.918],[23.527,59.928],[23.662,59.929],[23.591,59.92]]],[[[39.463,68.085],[39.486,68.091],[39.544,68.069],[39.524,68.067],[39.463,68.085]]],[[[53.32,72.892],[53.272,72.887],[53.238,72.895],[53.292,72.902],[53.32,72.892]]],[[[24.856,60.17],[24.895,60.162],[24.892,60.147],[24.853,60.154],[24.856,60.17]]],[[[56.628,70.61],[56.699,70.61],[56.687,70.604],[56.734,70.599],[56.653,70.593],[56.69,70.598],[56.628,70.61]]],[[[35.899,64.305],[35.845,64.331],[35.855,64.334],[35.886,64.331],[35.899,64.305]]]]}}]}