{"type":"FeatureCollection","features":[{"type":"Feature","properties":{"mid":true,"src":"data/years/1875-04-25.geojson"},"geometry":{"type":"MultiPolygon","coordinates":[[[[21.15866,55.64007],[21.14698,55.67799],[21.09918,55.7288],[21.07392,55.74736],[21.04501,55.87365],[21.04512,55.91898],[21.05799,55.95209],[21.05798,55.99899],[21.00963,56.03059],[21.00394,56.0672],[20.9851,56.12276],[20.9438,56.17995],[20.9272,56.21399],[20.94891,56.44204],[20.95499,56.45109],[20.956,56.47672],[20.95305,56.48949],[20.96518,56.60811],[21.01995,56.68153],[21.05998,56.70501],[21.06498,56.77391],[21.05302,56.82658],[21.06261,56.84305],[21.22292,56.90798],[21.28999,56.95685],[21.32998,56.97501],[21.3333,57.03062],[21.34498,57.04201],[21.35586,57.05979],[21.36399,57.0821],[21.36498,57.10799],[21.35105,57.14616],[21.35519,57.17708],[21.36302,57.19097],[21.41398,57.22202],[21.41513,57.27166],[21.43291,57.30476],[21.47998,57.33402],[21.51643,57.38593],[21.589,57.43902],[21.69947,57.55547],[21.73039,57.57398],[21.77129,57.58596],[21.99901,57.60002],[22.48541,57.74321],[22.58356,57.75973],[22.61,57.755],[22.59999,57.74391],[22.59106,57.70626],[22.59102,57.64501],[22.65594,57.58607],[22.87993,57.48033],[22.95,57.43301],[23.03101,57.39402],[23.12961,57.36936],[23.13806,57.34293],[23.17521,57.29523],[23.19902,57.22401],[23.22254,57.20609],[23.26102,57.09902],[23.29395,57.08836],[23.34009,57.05899],[23.50854,57.0307],[23.58522,56.97898],[23.69527,56.96704],[23.86586,56.98999],[23.9528,57.01295],[23.99106,57.03106],[24.03596,57.06857],[24.07518,57.07507],[24.21091,57.12398],[24.22109,57.13888],[24.27898,57.16102],[24.28156,57.1727],[24.33998,57.20601],[24.33413,57.25862],[24.35398,57.27901],[24.358,57.30206],[24.35596,57.33921],[24.33205,57.46269],[24.32998,57.50299],[24.32179,57.51242],[24.30906,57.54288],[24.31493,57.59149],[24.32295,57.61722],[24.31498,57.65699],[24.27738,57.69063],[24.25783,57.71632],[24.25028,57.73291],[24.25004,57.74322],[24.29198,57.79601],[24.29063,57.84756],[24.32393,57.88693],[24.33444,57.92109],[24.38098,57.984],[24.39834,58.02243],[24.41498,58.03401],[24.41425,58.1033],[24.46398,58.17],[24.45568,58.19635],[24.468,58.22921],[24.42527,58.2539],[24.42225,58.26198],[24.43002,58.27998],[24.43902,58.28923],[24.46495,58.30817],[24.48295,58.316],[24.42915,58.33793],[24.39727,58.34593],[24.36709,58.34699],[24.34922,58.34206],[24.34202,58.33399],[24.33654,58.31002],[24.21314,58.2231],[24.20701,58.22138],[24.17001,58.22698],[24.14832,58.20355],[24.11633,58.191],[24.07146,58.19977],[24.0555,58.20937],[24.02492,58.23603],[23.98688,58.25458],[23.95979,58.27205],[23.90701,58.28398],[23.86422,58.28611],[23.84014,58.29175],[23.824,58.29998],[23.79882,58.297],[23.786,58.29998],[23.76723,58.29124],[23.74567,58.289],[23.73323,58.29142],[23.71181,58.30222],[23.69067,58.32806],[23.67511,58.36924],[23.67898,58.52399],[23.66399,58.53598],[23.62333,58.52918],[23.58318,58.54561],[23.57354,58.55277],[23.56099,58.58298],[23.54601,58.57998],[23.51856,58.55717],[23.50406,58.5611],[23.49905,58.57231],[23.50698,58.58699],[23.44324,58.66777],[23.44318,58.67969],[23.45297,58.71898],[23.43529,58.71501],[23.41346,58.71742],[23.39336,58.73006],[23.38377,58.74347],[23.37913,58.765],[23.38301,58.78351],[23.39123,58.79722],[23.42597,58.831],[23.42084,58.84246],[23.43198,58.858],[23.338,58.972],[23.35994,58.978],[23.33991,58.98397],[23.2777,58.97101],[23.22321,58.984],[23.20913,58.97312],[23.1617,58.96915],[23.14705,58.97598],[23.11523,59.02172],[23.12109,59.03364],[23.16936,59.04598],[23.27799,59.03202],[23.34317,59.03897],[23.38769,59.00819],[23.38802,58.98603],[23.44096,59.00101],[23.408,59.026],[23.43597,59.02602],[23.43003,59.04315],[23.43798,59.058],[23.42237,59.10001],[23.42289,59.10581],[23.44967,59.12284],[23.51497,59.13102],[23.471,59.212],[23.52435,59.22994],[23.579,59.22602],[23.64198,59.25697],[23.66456,59.25772],[23.73,59.23002],[23.74198,59.23901],[23.74298,59.2499],[23.72798,59.26218],[23.72836,59.26988],[23.73606,59.27762],[23.75891,59.28393],[23.88905,59.27901],[24.03682,59.29293],[24.08099,59.27102],[24.09989,59.29522],[24.09192,59.31305],[24.02313,59.36503],[24.02272,59.3715],[24.03506,59.38798],[24.08169,59.39489],[24.16508,59.35399],[24.194,59.34802],[24.22178,59.35494],[24.21292,59.37204],[24.163,59.402],[24.30599,59.41902],[24.33077,59.46568],[24.33745,59.47099],[24.42335,59.47695],[24.498,59.44402],[24.54888,59.46216],[24.64291,59.43601],[24.65997,59.44101],[24.65699,59.44998],[24.622,59.463],[24.622,59.471],[24.65899,59.47202],[24.67291,59.49279],[24.67833,59.49499],[24.70002,59.48896],[24.74401,59.44702],[24.77299,59.45002],[24.79005,59.45907],[24.81597,59.489],[24.80698,59.50498],[24.78362,59.52064],[24.77414,59.55461],[24.77822,59.56193],[24.80096,59.56985],[24.90893,59.51204],[24.93382,59.50803],[25.01233,59.51799],[25.09809,59.49803],[25.11597,59.50301],[25.10911,59.52505],[25.11264,59.53305],[25.12215,59.53887],[25.14505,59.53899],[25.19419,59.52297],[25.40897,59.49102],[25.40324,59.51292],[25.41628,59.52663],[25.54397,59.53502],[25.53598,59.54898],[25.49556,59.57418],[25.48203,59.61067],[25.47903,59.65246],[25.48306,59.6638],[25.48833,59.66715],[25.50153,59.66243],[25.53501,59.62902],[25.57549,59.61633],[25.62202,59.58002],[25.677,59.56602],[25.70599,59.56902],[25.71897,59.58799],[25.68665,59.62666],[25.69097,59.64899],[25.671,59.656],[25.69759,59.67084],[25.72454,59.66579],[25.781,59.636],[25.77303,59.628],[25.79396,59.59108],[25.826,59.57502],[25.86115,59.58615],[25.87597,59.601],[25.87158,59.60577],[25.87126,59.61192],[25.88317,59.62833],[25.94504,59.59501],[25.96498,59.59702],[25.96597,59.62092],[25.99058,59.63397],[26.03844,59.62226],[26.07344,59.60407],[26.08227,59.58697],[26.28113,59.58693],[26.49809,59.54002],[26.53707,59.54303],[26.58365,59.55997],[26.66632,59.55183],[26.73908,59.52593],[26.82708,59.47699],[26.93801,59.45001],[27.11603,59.442],[27.40971,59.45199],[27.56289,59.43202],[27.71707,59.42698],[27.873,59.40802],[27.95399,59.42802],[28.00597,59.469],[27.97973,59.51088],[28.01093,59.55192],[28.01898,59.576],[28.00993,59.59606],[27.97532,59.62968],[27.961,59.65],[28.01897,59.65602],[27.99405,59.70367],[28.00568,59.75414],[28.00995,59.75948],[28.08707,59.79885],[28.12581,59.79149],[28.18389,59.759],[28.22401,59.69102],[28.322,59.67102],[28.41898,59.72101],[28.41903,59.79033],[28.42706,59.81182],[28.47531,59.8512],[28.49784,59.86052],[28.53404,59.85986],[28.58209,59.83399],[28.6746,59.81445],[28.69901,59.79302],[28.71792,59.78703],[28.76723,59.799],[28.83299,59.78703],[28.88176,59.81568],[28.92807,59.81606],[29.02899,59.88002],[29.03397,59.88701],[29.03098,59.90098],[28.98,59.93],[29.01499,59.93002],[29.09081,59.9802],[29.16325,60.00281],[29.26622,59.99798],[29.80444,59.93996],[29.86319,59.91796],[30.05289,59.88203],[29.993,59.944],[30.12099,59.92001],[30.15377,59.919],[30.16196,59.92202],[30.15706,59.93688],[30.15798,59.95398],[29.99589,59.96203],[29.96806,59.97039],[29.95291,59.98604],[29.90344,60.01236],[29.89598,60.02499],[29.87689,60.03759],[29.86087,60.05356],[29.84419,60.08292],[29.84103,60.09589],[29.84198,60.11499],[29.69499,60.15098],[29.53424,60.151],[29.5134,60.14468],[29.24506,60.12701],[29.08847,60.12804],[29.04351,60.13512],[28.99239,60.15181],[28.9536,60.17941],[28.91399,60.22598],[28.90299,60.23298],[28.8701,60.2393],[28.83302,60.25302],[28.79999,60.29298],[28.77102,60.29198],[28.76781,60.26892],[28.75913,60.25456],[28.72041,60.21831],[28.69712,60.21106],[28.61072,60.22182],[28.54919,60.24654],[28.52099,60.26298],[28.5092,60.2624],[28.43912,60.3329],[28.43721,60.33825],[28.43998,60.346],[28.43203,60.35703],[28.43553,60.36276],[28.45299,60.36702],[28.47713,60.40849],[28.48231,60.41258],[28.50008,60.40981],[28.53297,60.39701],[28.49728,60.43807],[28.52197,60.48399],[28.45395,60.53907],[28.439,60.56],[28.47318,60.566],[28.50619,60.55936],[28.52402,60.52202],[28.53999,60.51302],[28.55093,60.53322],[28.52202,60.62291],[28.507,60.62],[28.50899,60.62697],[28.48087,60.62003],[28.43501,60.62098],[28.43102,60.61001],[28.445,60.614],[28.486,60.615],[28.23623,60.56005],[28.21472,60.54811],[28.184,60.54898],[28.13839,60.53318],[27.87032,60.48821],[27.853,60.49398],[27.83491,60.48256],[27.80968,60.47901],[27.79701,60.48097],[27.79009,60.47586],[27.47423,60.42604],[27.46015,60.41305],[27.43699,60.4174],[27.35599,60.44998],[27.31984,60.456],[27.24088,60.45806],[27.20591,60.46999],[27.19412,60.46478],[27.17486,60.46209],[27.16035,60.46538],[27.14299,60.47598],[27.11691,60.48399],[27.09429,60.47601],[27.06,60.48198],[27.04702,60.47198],[27.03248,60.45148],[27.01202,60.43998],[26.99932,60.41343],[26.98008,60.40027],[26.95901,60.397],[26.94161,60.40085],[26.90299,60.42198],[26.82784,60.40805],[26.78101,60.40898],[26.75461,60.38781],[26.71662,60.37214],[26.68483,60.368],[26.66509,60.37299],[26.64589,60.36538],[26.59687,60.35811],[26.551,60.38198],[26.53553,60.37947],[26.51388,60.39712],[26.51355,60.40553],[26.52798,60.41301],[26.53198,60.43899],[26.49901,60.45497],[26.45261,60.35611],[26.43707,60.34727],[26.42013,60.34603],[26.39592,60.35096],[26.38802,60.34898],[26.37852,60.33869],[26.36219,60.3296],[26.33757,60.326],[26.32291,60.32907],[26.29907,60.33966],[26.28399,60.35298],[26.26879,60.35202],[26.184,60.35998],[26.15702,60.34799],[26.15798,60.32911],[26.154,60.30815],[26.14391,60.28792],[26.13057,60.27268],[26.10406,60.25819],[26.0471,60.25003],[26.02914,60.25075],[26.00503,60.26405],[25.99561,60.2768],[25.98998,60.29699],[25.97899,60.30598],[25.95005,60.30598],[25.96636,60.28728],[25.97815,60.26039],[25.97894,60.24589],[25.97451,60.24305],[25.89001,60.23598],[25.85889,60.15283],[25.84265,60.14613],[25.81691,60.14704],[25.79664,60.15291],[25.78068,60.16743],[25.76698,60.19097],[25.74825,60.1922],[25.71291,60.20299],[25.70046,60.19641],[25.64301,60.22797],[25.63402,60.21799],[25.636,60.204],[25.61192,60.21303],[25.60849,60.22096],[25.62197,60.23799],[25.59377,60.24203],[25.57309,60.25599],[25.50823,60.19624],[25.35757,60.195],[25.33432,60.203],[25.29484,60.19605],[25.25302,60.19598],[25.23969,60.16459],[25.22998,60.15277],[25.21751,60.14501],[25.18295,60.134],[25.1233,60.12605],[25.10101,60.12598],[25.08119,60.1106],[25.05801,60.10698],[25.0358,60.09816],[25.00031,60.10218],[24.98622,60.108],[24.97838,60.10147],[24.95856,60.09412],[24.86257,60.09],[24.83833,60.09384],[24.81423,60.104],[24.78256,60.09312],[24.72102,60.08798],[24.71399,60.07458],[24.69502,60.05771],[24.67084,60.05105],[24.64402,60.05297],[24.6361,60.03232],[24.61793,60.01576],[24.58829,60.00466],[24.51602,59.98998],[24.48523,59.95069],[24.4556,59.94311],[24.40786,59.94209],[24.39549,59.94601],[24.38199,59.95498],[24.36831,59.95518],[24.354,59.95998],[24.32848,59.9499],[24.30331,59.94818],[24.28647,59.95477],[24.27654,59.96248],[24.26564,59.97972],[24.26299,59.99098],[24.24063,59.98901],[24.22001,59.99198],[24.20282,59.97993],[24.16688,59.96926],[24.13056,59.97489],[24.112,59.98098],[24.07469,59.97118],[24.05901,59.96998],[24.04565,59.96238],[24.03014,59.95909],[24.00086,59.96109],[23.989,59.96497],[23.97201,59.95599],[23.96631,59.9398],[23.95878,59.93133],[23.85868,59.89905],[23.83343,59.90556],[23.82199,59.91198],[23.80969,59.90718],[23.79416,59.90705],[23.7629,59.91698],[23.60113,59.90703],[23.57171,59.91665],[23.55877,59.927],[23.50504,59.919],[23.45487,59.90703],[23.42116,59.90705],[23.40409,59.91299],[23.39198,59.90302],[23.34466,59.87633],[23.29902,59.86298],[23.30095,59.83616],[23.29863,59.82606],[23.29407,59.82217],[23.20089,59.81904],[23.17091,59.83398],[23.0689,59.82102],[23.00674,59.82596],[22.90363,59.81105],[22.888,59.813],[22.93272,59.84289],[23.08895,59.87701],[23.022,59.912],[23.05398,59.92002],[23.05109,59.94714],[23.06397,59.98998],[23.01959,59.99717],[22.99646,60.00442],[22.96178,60.027],[22.94453,60.00453],[22.93161,59.99738],[22.898,60.03597],[22.87504,60.00952],[22.86795,60.00819],[22.85855,60.01385],[22.85204,60.02692],[22.85586,60.03972],[22.88393,60.048],[22.87364,60.05131],[22.87184,60.05959],[22.89199,60.06802],[22.90296,60.08198],[22.845,60.086],[22.8924,60.11877],[22.93991,60.128],[22.90676,60.13229],[22.87818,60.14908],[22.87763,60.1541],[22.88597,60.16899],[22.867,60.184],[22.89295,60.20598],[22.83986,60.20081],[22.83403,60.193],[22.83819,60.17148],[22.81905,60.163],[22.84,60.156],[22.83302,60.142],[22.84465,60.11572],[22.84436,60.10981],[22.81335,60.08259],[22.73002,60.04698],[22.73002,60.04002],[22.758,60.032],[22.73088,60.00636],[22.70509,60.00699],[22.68262,59.99931],[22.655,60.03197],[22.608,59.99997],[22.606,59.985],[22.6,59.985],[22.59898,60.00798],[22.58163,60.00631],[22.57605,60.01416],[22.57671,60.02008],[22.59295,60.04595],[22.52826,60.00799],[22.47,59.998],[22.477,60.04617],[22.47398,60.09099],[22.422,60.115],[22.47972,60.13187],[22.59978,60.13499],[22.59998,60.14198],[22.4681,60.14699],[22.392,60.121],[22.42098,60.29298],[22.33809,60.27901],[22.33028,60.26957],[22.31465,60.26613],[22.29491,60.27097],[22.216,60.253],[22.201,60.254],[22.21197,60.26199],[22.1799,60.27599],[22.16117,60.26004],[22.11001,60.27098],[22.08268,60.27063],[22.077,60.28301],[22.08246,60.29774],[22.09996,60.31],[21.99408,60.35396],[21.96407,60.348],[21.998,60.341],[21.998,60.334],[21.98886,60.33097],[21.97894,60.32901],[21.92209,60.33398],[21.90554,60.3303],[21.90091,60.34102],[21.79567,60.37346],[21.78773,60.38588],[21.79896,60.39999],[21.742,60.411],[21.75197,60.426],[21.74899,60.43397],[21.73166,60.4208],[21.72476,60.42029],[21.60299,60.48898],[21.558,60.492],[21.57795,60.50201],[21.55759,60.5149],[21.518,60.567],[21.52496,60.568],[21.52099,60.57298],[21.44499,60.56712],[21.41191,60.57898],[21.40922,60.58341],[21.41098,60.58828],[21.42797,60.59401],[21.415,60.608],[21.46291,60.60202],[21.46997,60.60799],[21.37969,60.64762],[21.35323,60.67872],[21.353,60.69],[21.43898,60.68002],[21.44298,60.69899],[21.422,60.725],[21.44198,60.72502],[21.44102,60.73379],[21.40669,60.74633],[21.40708,60.75482],[21.42195,60.75901],[21.39998,60.77498],[21.374,60.78],[21.381,60.79374],[21.37398,60.80799],[21.33249,60.82351],[21.32805,60.83453],[21.33597,60.845],[21.32743,60.85593],[21.32709,60.8606],[21.33329,60.865],[21.40799,60.86502],[21.42795,60.87599],[21.3816,60.88219],[21.353,60.903],[21.39037,60.916],[21.42796,60.90303],[21.41298,60.93398],[21.39044,60.94087],[21.33598,61.00498],[21.319,61.012],[21.33896,61.02699],[21.31268,61.0374],[21.30575,61.04666],[21.30527,61.05273],[21.31213,61.05693],[21.38773,61.04],[21.40898,61.04302],[21.40798,61.05098],[21.367,61.06],[21.39629,61.06899],[21.44499,61.05702],[21.45398,61.079],[21.45243,61.09072],[21.46297,61.101],[21.435,61.143],[21.46993,61.15],[21.45005,61.15591],[21.44942,61.16192],[21.45597,61.17],[21.443,61.17],[21.498,61.1831],[21.50498,61.23899],[21.48962,61.24324],[21.48631,61.24917],[21.50798,61.26601],[21.503,61.28],[21.50903,61.28022],[21.52098,61.37899],[21.449,61.403],[21.48085,61.41185],[21.53199,61.40902],[21.54397,61.44099],[21.422,61.485],[21.5559,61.47502],[21.56098,61.485],[21.53599,61.51898],[21.51005,61.52037],[21.4656,61.5556],[21.46512,61.5607],[21.46921,61.56473],[21.49998,61.56999],[21.43228,61.66732],[21.43785,61.67442],[21.47095,61.68907],[21.45545,61.69957],[21.42982,61.72996],[21.42006,61.75488],[21.42298,61.78099],[21.40369,61.79748],[21.39498,61.81799],[21.36209,61.84789],[21.34837,61.86869],[21.34398,61.88798],[21.31814,61.88804],[21.29642,61.89257],[21.25449,61.90701],[21.23738,61.92238],[21.23752,61.92812],[21.26197,61.98198],[21.237,61.985],[21.27598,62.05001],[21.28922,62.12057],[21.296,62.13],[21.312,62.10904],[21.32901,62.1381],[21.33297,62.153],[21.3289,62.16441],[21.34598,62.17801],[21.34198,62.25696],[21.32675,62.24562],[21.32168,62.24649],[21.31915,62.25096],[21.333,62.29409],[21.33498,62.34499],[21.32399,62.35298],[21.27095,62.35115],[21.26147,62.37119],[21.26897,62.38899],[21.255,62.39897],[21.20502,62.35999],[21.20192,62.34906],[21.216,62.335],[21.19675,62.3376],[21.19004,62.35353],[21.20198,62.38999],[21.181,62.396],[21.20196,62.41799],[21.167,62.42098],[21.134,62.404],[21.13232,62.41924],[21.14897,62.44799],[21.06821,62.46895],[21.06432,62.4722],[21.06751,62.51041],[21.08098,62.53499],[21.07699,62.54698],[21.05445,62.54712],[21.05003,62.55387],[21.06232,62.61262],[21.08297,62.659],[21.08047,62.6755],[21.08616,62.68025],[21.12599,62.69002],[21.16098,62.72201],[21.15998,62.72998],[21.13986,62.73354],[21.11617,62.75091],[21.10903,62.76598],[21.11368,62.77985],[21.15004,62.794],[21.183,62.78202],[21.21598,62.81501],[21.22602,62.85551],[21.24258,62.86873],[21.33575,62.85504],[21.35699,62.85902],[21.39099,62.88001],[21.42218,62.94038],[21.46298,62.95102],[21.4459,62.9894],[21.44128,63.03534],[21.45611,63.04686],[21.47998,63.04302],[21.48369,63.05946],[21.49573,63.07039],[21.51397,63.06703],[21.49724,63.12148],[21.51898,63.13201],[21.51793,63.14823],[21.51252,63.16061],[21.51468,63.16643],[21.52431,63.17187],[21.55199,63.1711],[21.55198,63.17798],[21.50473,63.19179],[21.50004,63.1965],[21.49949,63.21034],[21.52573,63.22603],[21.55968,63.23188],[21.61492,63.20405],[21.64691,63.19803],[21.67019,63.21893],[21.74291,63.20001],[21.76393,63.206],[21.703,63.22],[21.703,63.226],[21.74271,63.23885],[21.79901,63.23902],[21.895,63.26],[21.88302,63.236],[21.89098,63.19836],[21.88103,63.17802],[21.90341,63.17589],[21.98395,63.14304],[21.956,63.185],[21.99398,63.19602],[22.02634,63.23975],[22.04328,63.24477],[22.072,63.22602],[22.12668,63.23899],[22.17499,63.23302],[22.18422,63.24485],[22.20318,63.23912],[22.24498,63.267],[22.27648,63.29819],[22.28313,63.29701],[22.308,63.27602],[22.32999,63.28402],[22.37392,63.32106],[22.33398,63.35999],[22.25121,63.41087],[22.21548,63.4162],[22.19569,63.43254],[22.19272,63.45834],[22.2138,63.47078],[22.24504,63.46986],[22.30511,63.43599],[22.40092,63.41803],[22.28225,63.48591],[22.27237,63.50991],[22.27364,63.51655],[22.28352,63.52589],[22.33264,63.52322],[22.33674,63.5163],[22.33302,63.49302],[22.39314,63.47741],[22.39596,63.47283],[22.39502,63.45203],[22.43591,63.47296],[22.42973,63.49021],[22.46595,63.55693],[22.47661,63.60227],[22.569,63.723],[22.59001,63.70102],[22.61355,63.69869],[22.637,63.68303],[22.65413,63.70266],[22.67612,63.70147],[22.70067,63.68421],[22.70302,63.65801],[22.73394,63.62807],[22.77409,63.62804],[22.82898,63.64602],[22.84262,63.67857],[22.90198,63.70501],[22.833,63.726],[22.90195,63.72602],[22.875,63.747],[22.92598,63.74302],[22.92898,63.76399],[22.909,63.77217],[22.90141,63.78052],[22.90066,63.78928],[22.90507,63.79459],[22.94257,63.79963],[22.97301,63.77102],[23.00097,63.76403],[22.99115,63.78603],[22.99215,63.81505],[23.06269,63.85238],[23.13299,63.85202],[23.15298,63.86301],[23.14724,63.87136],[23.14753,63.87657],[23.16631,63.88688],[23.29407,63.89205],[23.37397,63.94501],[23.37137,63.95509],[23.37898,63.969],[23.36804,63.99872],[23.38374,64.04843],[23.41651,64.05596],[23.477,64.03503],[23.51507,64.03905],[23.58298,64.08301],[23.56913,64.09562],[23.5693,64.10076],[23.57406,64.10603],[23.61507,64.10306],[23.65592,64.12996],[23.66235,64.14415],[23.72398,64.17801],[23.717,64.179],[23.71885,64.19166],[23.73396,64.21349],[23.73937,64.21493],[23.773,64.20903],[23.81899,64.22101],[23.83405,64.22809],[23.86045,64.26574],[23.895,64.26303],[23.92591,64.27996],[23.93092,64.30275],[23.98393,64.34995],[24.00697,64.38972],[24.06899,64.40602],[24.08477,64.41487],[24.081,64.432],[24.10508,64.43104],[24.1677,64.45185],[24.20399,64.45202],[24.2181,64.48504],[24.25399,64.48602],[24.2861,64.51504],[24.35791,64.55896],[24.35768,64.57211],[24.37398,64.57901],[24.36868,64.59724],[24.37663,64.6186],[24.42265,64.67469],[24.52999,64.71802],[24.54598,64.73301],[24.53625,64.74809],[24.53731,64.75534],[24.58796,64.781],[24.5583,64.7957],[24.55584,64.80154],[24.55977,64.80644],[24.57959,64.80787],[24.668,64.78902],[24.67597,64.795],[24.66405,64.8127],[24.67208,64.82898],[24.73198,64.83602],[24.73833,64.85517],[24.77091,64.86566],[24.89701,64.87301],[25.09376,64.918],[25.11346,64.91331],[25.14301,64.88402],[25.17684,64.88297],[25.18702,64.86102],[25.21801,64.84102],[25.259,64.836],[25.259,64.83],[25.22508,64.823],[25.2601,64.81602],[25.32998,64.82602],[25.34597,64.91097],[25.31951,64.90521],[25.22487,64.93904],[25.191,64.967],[25.21098,64.98001],[25.204,64.987],[25.31096,64.98402],[25.29399,65.00398],[25.213,65.04],[25.33795,65.03103],[25.32798,65.05299],[25.31091,65.061],[25.20546,65.07395],[25.1898,65.07861],[25.17358,65.09045],[25.16882,65.09743],[25.16285,65.11061],[25.16108,65.12421],[25.17242,65.16677],[25.18916,65.19111],[25.20205,65.20076],[25.22998,65.21401],[25.234,65.24024],[25.23,65.25557],[25.23285,65.27839],[25.24311,65.29507],[25.25399,65.30401],[25.25895,65.31491],[25.25698,65.32599],[25.23401,65.33907],[25.22804,65.34778],[25.25096,65.41691],[25.245,65.423],[25.27244,65.43088],[25.29498,65.43102],[25.29585,65.44139],[25.30298,65.45899],[25.26992,65.48103],[25.20284,65.51004],[25.19111,65.513],[25.1422,65.5094],[25.10399,65.53998],[25.06504,65.54397],[25.04999,65.56598],[25.0312,65.56416],[24.9989,65.57598],[24.95426,65.573],[24.92319,65.5762],[24.90396,65.58415],[24.87799,65.60398],[24.8519,65.61],[24.78801,65.60999],[24.76308,65.60401],[24.71669,65.58418],[24.68182,65.582],[24.66898,65.58441],[24.64936,65.5928],[24.6359,65.60532],[24.62419,65.62694],[24.62098,65.65298],[24.58435,65.66038],[24.55512,65.67596],[24.51427,65.7158],[24.50298,65.74498],[24.46301,65.74698],[24.45101,65.73501],[24.43231,65.72437],[24.40278,65.71904],[24.34135,65.73138],[24.30307,65.75396],[24.28801,65.75698],[24.28376,65.7523],[24.27796,65.75221],[24.23101,65.77698],[24.19424,65.78693],[24.04179,65.79326],[24.05322,65.79604],[24.04379,65.79853],[24.03273,65.80972],[24.10515,65.80182],[24.14031,65.80452],[24.16309,65.8227],[24.16341,65.84078],[24.12503,65.86854],[24.10233,65.90858],[24.05616,65.94682],[24.0553,65.98517],[24.02983,66.03489],[24.01973,66.04883],[23.97413,66.07327],[23.91143,66.14862],[23.88932,66.1611],[23.78613,66.1766],[23.75016,66.18965],[23.72386,66.20715],[23.68995,66.25624],[23.68065,66.28298],[23.66925,66.30052],[23.66327,66.31688],[23.67637,66.34988],[23.67702,66.36374],[23.66598,66.406],[23.64421,66.4336],[23.64435,66.44064],[23.65198,66.45688],[23.67759,66.47385],[23.73099,66.48702],[23.73132,66.49943],[23.73498,66.50395],[23.78586,66.51843],[23.80599,66.52802],[23.81584,66.54145],[23.88187,66.56354],[23.89149,66.57889],[23.89324,66.59604],[23.88264,66.63205],[23.89899,66.66625],[23.90316,66.68632],[23.90296,66.70688],[23.89195,66.74288],[23.89283,66.75033],[23.92477,66.77299],[23.93949,66.79067],[23.99905,66.79625],[24.00404,66.8052],[24.00115,66.81256],[23.96095,66.86176],[23.93325,66.88883],[23.87353,66.92478],[23.81651,66.97558],[23.79206,66.98893],[23.76246,66.99434],[23.71881,67.01824],[23.68537,67.04818],[23.67406,67.0634],[23.66698,67.09798],[23.58351,67.15168],[23.5784,67.16109],[23.57644,67.17402],[23.59755,67.19027],[23.61496,67.21399],[23.6003,67.21732],[23.5959,67.22339],[23.59442,67.2435],[23.60319,67.26019],[23.62294,67.26914],[23.73543,67.2897],[23.76323,67.30649],[23.78557,67.3374],[23.7555,67.34523],[23.75157,67.34967],[23.75148,67.3695],[23.76322,67.39754],[23.76519,67.42007],[23.75242,67.42734],[23.66256,67.43627],[23.59456,67.4536],[23.55405,67.45202],[23.51416,67.44484],[23.47749,67.44396],[23.44487,67.46054],[23.43325,67.48186],[23.43531,67.49046],[23.48469,67.54296],[23.47801,67.55083],[23.47973,67.55742],[23.53544,67.57702],[23.55352,67.58704],[23.55025,67.61106],[23.54257,67.62667],[23.51844,67.65357],[23.5106,67.66976],[23.49947,67.70899],[23.48864,67.72457],[23.48486,67.73631],[23.48468,67.79622],[23.47706,67.84185],[23.48154,67.86451],[23.49919,67.88215],[23.53185,67.89294],[23.60334,67.90299],[23.6361,67.91348],[23.66122,67.93286],[23.66215,67.95042],[23.64313,67.96319],[23.5733,67.97354],[23.48469,68.0159],[23.38334,68.05125],[23.3309,68.12778],[23.30651,68.1456],[23.2721,68.14498],[23.18759,68.12237],[23.16496,68.12277],[23.15245,68.13007],[23.14955,68.1391],[23.15975,68.17873],[23.15851,68.18669],[23.15023,68.19549],[23.1552,68.21744],[23.14001,68.23418],[23.09536,68.25529],[23.08256,68.26461],[23.06694,68.29025],[23.05199,68.29826],[22.90364,68.3367],[22.87504,68.35119],[22.83336,68.38476],[22.8084,68.39484],[22.74865,68.38576],[22.71916,68.39875],[22.69022,68.41675],[22.66221,68.42739],[22.60792,68.42496],[22.56516,68.43628],[22.52125,68.43824],[22.45685,68.45179],[22.37945,68.45412],[22.37507,68.45699],[22.37457,68.46615],[22.37107,68.46837],[22.30323,68.47611],[22.07129,68.47731],[22.03908,68.48856],[22.0361,68.50651],[22.01261,68.5162],[21.96396,68.54692],[21.91921,68.56821],[21.73879,68.58786],[21.71684,68.61922],[21.66132,68.63363],[21.57246,68.66738],[21.49635,68.67543],[21.4641,68.68674],[21.42184,68.72689],[21.40637,68.74887],[21.38591,68.75383],[21.30573,68.75586],[21.29371,68.7682],[21.27549,68.7766],[21.21661,68.81724],[21.07213,68.86944],[20.90525,68.89492],[20.886,68.90674],[20.88757,68.92462],[20.89132,68.92774],[20.91782,68.93296],[20.93425,68.94903],[20.93456,68.96695],[20.91121,68.98069],[20.87037,68.98559],[20.79535,69.01123],[20.6752,69.0183],[20.63468,69.03253],[20.63149,69.03673],[20.63268,69.04222],[20.71658,69.09837],[20.7451,69.104],[21.03239,69.04104],[21.07164,69.0367],[21.099,69.0438],[21.15635,69.08762],[21.03778,69.17864],[21.03859,69.18663],[21.08336,69.23157],[21.31337,69.29098],[21.63946,69.27097],[21.66473,69.26193],[22.02279,69.01215],[22.1587,68.9569],[22.20008,68.90796],[22.27701,68.85702],[22.36778,68.82417],[22.37221,68.81923],[22.39671,68.73183],[22.40921,68.71292],[22.42874,68.71008],[22.57037,68.72679],[22.85166,68.67571],[23.01879,68.68668],[23.07016,68.68099],[23.17536,68.62166],[23.19758,68.61804],[23.48149,68.68558],[23.64201,68.69502],[23.73478,68.71495],[23.76798,68.75596],[23.78981,68.80032],[23.8542,68.81663],[23.92987,68.81597],[24.13114,68.7758],[24.16373,68.75483],[24.18688,68.74454],[24.33234,68.70866],[24.66453,68.66575],[24.75474,68.63755],[24.83018,68.59339],[24.86095,68.56342],[24.87909,68.5549],[24.90517,68.55696],[24.92698,68.57001],[24.94926,68.60195],[24.956,68.60628],[25.11742,68.63764],[25.13299,68.64801],[25.14422,68.668],[25.13632,68.67379],[25.13449,68.67893],[25.14309,68.69596],[25.15038,68.76553],[25.1628,68.7842],[25.20258,68.81303],[25.43385,68.88383],[25.48119,68.88768],[25.60185,68.87202],[25.62777,68.87415],[25.65164,68.8835],[25.67855,68.9126],[25.69426,68.92515],[25.72636,68.94246],[25.73742,68.95254],[25.74279,68.96581],[25.75373,68.97803],[25.79581,68.99332],[25.8047,69.00613],[25.80109,69.01315],[25.76679,69.03022],[25.76512,69.04338],[25.75012,69.06056],[25.75014,69.06598],[25.75902,69.08204],[25.76061,69.11513],[25.76998,69.12741],[25.77122,69.13511],[25.73524,69.18973],[25.73981,69.22352],[25.77419,69.29807],[25.78607,69.31213],[25.87736,69.37081],[25.8436,69.41793],[25.86519,69.44041],[25.88666,69.4552],[25.88613,69.47202],[25.89218,69.48951],[25.9064,69.50186],[25.89103,69.51716],[25.89131,69.52425],[25.90098,69.53199],[25.96025,69.54868],[25.98619,69.56543],[26.00398,69.58701],[26.0051,69.61084],[25.98113,69.63347],[25.9658,69.64218],[25.96299,69.65022],[25.96509,69.65507],[26.00469,69.68844],[26.19799,69.71502],[26.26839,69.75838],[26.31709,69.79498],[26.41887,69.83573],[26.44797,69.85601],[26.43881,69.87048],[26.44058,69.87757],[26.48105,69.89941],[26.50303,69.9188],[26.53312,69.92497],[26.70632,69.93496],[26.77201,69.92802],[26.86484,69.938],[26.95099,69.92002],[27.0086,69.92186],[27.08108,69.90298],[27.10048,69.90177],[27.31199,69.92902],[27.3524,69.9487],[27.33125,69.95791],[27.33056,69.96401],[27.3362,69.96871],[27.38108,69.97405],[27.44493,70.00284],[27.5633,70.02359],[27.57281,70.04174],[27.61119,70.06136],[27.66427,70.06799],[27.79218,70.05894],[27.86587,70.07494],[27.89671,70.07064],[27.92864,70.05206],[27.98117,70.0095],[28.16693,69.89405],[28.18942,69.88602],[28.37641,69.85682],[28.38086,69.85149],[28.38008,69.82194],[28.40401,69.80202],[28.4425,69.7915],[29.13186,69.67361],[29.14909,69.6612],[29.20321,69.58582],[29.33906,69.46876],[29.33809,69.45949],[29.2296,69.37726],[28.86491,69.21666],[28.85218,69.20352],[28.84407,69.18108],[28.82698,69.10697],[28.82758,69.09077],[28.83974,69.08022],[28.94049,69.0332],[28.94316,69.02598],[28.93872,69.02156],[28.83045,68.98372],[28.76301,68.97498],[28.74007,68.95006],[28.71802,68.86601],[28.79364,68.83813],[28.79747,68.83161],[28.74791,68.76094],[28.69702,68.71399],[28.69702,68.69603],[29.00807,68.83206],[29.46102,69.13331],[29.92477,69.355],[30.2701,69.40898],[30.64099,69.41802],[30.87193,69.50998],[31.056,69.63997],[31.33118,69.66305],[31.78196,69.777],[32.06603,69.88096],[32.07194,69.87538],[32.07606,69.81493],[32.18996,69.64208],[32.35222,69.51392],[32.59608,69.424],[33.01047,69.38692],[33.27826,69.34142],[33.28115,69.33685],[33.31602,69.07103],[33.62874,69.21407],[33.81808,69.192],[34.30497,69.171],[34.6989,69.164],[34.93407,69.149],[35.43686,69.14996],[36.01801,69.024],[37.24315,68.79434],[37.68723,68.63024],[38.4058,68.24311],[38.66781,68.14607],[39.91829,67.9399],[40.8254,67.65986],[40.97168,67.53525],[40.9511,67.33481],[41.01702,67.20202],[41.20791,67.07003],[41.254,66.93587],[41.14858,66.78407],[40.9204,66.62101],[40.88402,66.60798],[40.83873,66.5779],[40.80886,66.56575],[40.77322,66.55611],[40.76902,66.55298],[40.76882,66.53431],[40.76398,66.5255],[40.39624,66.34362],[40.31975,66.33291],[40.17909,66.28402],[40.10002,66.24118],[39.86321,66.19704],[39.82542,66.18223],[39.78081,66.17595],[39.7099,66.15701],[39.47809,66.131],[39.40408,66.09906],[39.35537,66.08591],[39.07008,66.05402],[38.97399,66.06099],[38.93762,66.05158],[38.56109,66.00503],[37.92071,66.03901],[37.81399,66.06299],[37.65177,66.07304],[37.53056,66.09723],[37.42407,66.14396],[37.35291,66.15504],[37.26308,66.18097],[36.8852,66.23497],[36.82871,66.23301],[36.74699,66.24498],[36.62726,66.23801],[36.52199,66.24999],[36.40213,66.24503],[36.26779,66.27102],[35.76648,66.31097],[35.66492,66.33699],[35.55286,66.33709],[35.3629,66.3712],[35.29799,66.40897],[35.22094,66.41876],[35.16825,66.43294],[34.87422,66.55091],[34.80526,66.56295],[34.73692,66.54696],[34.66469,66.51928],[34.32367,66.59265],[34.31759,66.59673],[34.30678,66.61902],[34.28087,66.622],[34.21213,66.62203],[34.18638,66.62695],[34.176,66.63198],[34.16363,66.62724],[34.05903,66.63881],[34.0509,66.64399],[34.0291,66.64209],[33.79225,66.66603],[33.77395,66.68164],[33.75082,66.71512],[33.67602,66.74697],[33.67459,66.73448],[33.66742,66.71985],[33.65208,66.70509],[33.62829,66.69801],[33.60201,66.70298],[33.58571,66.68713],[33.43846,66.70206],[33.1578,66.91509],[32.99107,66.98796],[32.75329,67.02798],[32.74873,67.03312],[32.74998,67.04598],[32.7281,67.0503],[32.62691,67.08299],[32.4961,67.08399],[32.52595,67.07532],[32.582,67.038],[32.22006,66.99399],[32.42642,66.88994],[32.75292,66.64907],[32.96955,66.58402],[33.47001,66.313],[33.84401,66.18201],[34.25954,66.10975],[34.54559,65.99914],[34.72462,65.79903],[34.7256,65.6172],[34.59815,65.48259],[34.29403,65.39599],[34.33153,65.34638],[34.42606,65.10594],[34.77249,64.68219],[34.81502,64.46001],[34.88495,64.36707],[35.0821,64.288],[35.62432,64.25394],[36.01412,64.19679],[36.24001,63.91902],[36.41999,63.87602],[36.98531,63.84207],[37.41091,63.75001],[37.5907,63.80686],[37.94498,63.85002],[38.05398,63.98601],[38.05393,64.12906],[37.87999,64.30798],[37.79503,64.32204],[37.76385,64.33919],[37.74842,64.36347],[37.74698,64.38998],[37.70109,64.38104],[37.69545,64.36268],[37.67582,64.34341],[37.59759,64.32813],[37.55163,64.33501],[37.48222,64.33302],[37.40121,64.31305],[37.38487,64.306],[37.26006,64.31434],[37.04326,64.39083],[36.89283,64.49315],[36.57376,64.76026],[36.57199,64.76493],[36.5747,64.77063],[36.88034,65.0644],[36.88724,65.06789],[37.10297,65.06786],[37.6042,64.85296],[38.25301,64.703],[39.19278,64.51105],[39.62181,64.476],[39.99732,64.54099],[40.322,64.46302],[40.43998,64.56301],[40.46198,64.74999],[40.36616,64.85782],[40.34806,64.87138],[40.32894,64.90406],[40.32099,64.91198],[40.27896,64.93482],[40.26252,64.94748],[40.24965,64.96326],[40.24098,64.98198],[40.22509,64.98895],[40.1794,65.00074],[39.97865,65.15464],[39.82484,65.43414],[39.82735,65.44053],[39.94855,65.57834],[39.95466,65.58248],[40.68011,65.79374],[41.35416,65.95507],[41.623,66.06502],[42.13429,66.38792],[42.20973,66.40988],[43.2424,66.25079],[43.87624,66.011],[44.02999,66.01102],[44.05298,66.04001],[44.12238,66.26698],[44.22286,66.39981],[44.22926,66.40301],[44.33672,66.40396],[44.47166,66.36661],[44.57709,66.30299],[44.85901,66.23102],[44.93667,66.22686],[45.73977,66.06305],[45.83232,66.08296],[46.34736,66.02288],[47.11017,65.81598],[47.15521,65.81102],[47.40759,65.831],[47.66108,65.80302],[47.72799,65.81402],[47.76398,65.84001],[47.76798,65.86299],[47.73667,65.91271],[47.75725,65.93709],[47.96419,66.04952],[48.07399,66.07102],[48.14071,66.12176],[49.0072,66.11405],[51.51209,66.77805],[51.55399,66.79709],[51.49494,66.82556],[51.49103,66.83016],[51.49212,66.83611],[51.51798,66.86701],[51.51697,66.88099],[51.50378,66.89997],[51.50316,66.90625],[51.52515,66.92238],[51.56258,66.931],[51.67525,66.92203],[51.73199,66.93002],[51.75924,66.94889],[51.81199,66.94902],[51.82798,66.95902],[51.83544,66.98606],[51.84938,66.99669],[51.91601,67.00001],[52.02175,67.02295],[52.06993,67.05227],[52.1592,67.08107],[52.24631,67.08398],[53.77211,66.994],[59.87848,66.997],[59.88487,66.99422],[59.88623,66.98876],[59.86802,66.97498],[59.86902,66.96302],[59.919,66.94902],[60.08263,66.98499],[61.43175,66.995],[61.49487,67.014],[61.62599,67.00701],[61.69199,67.02102],[61.73586,67.0747],[61.83092,67.10698],[61.85404,67.12201],[62.82299,67.38302],[62.83998,67.39701],[62.85498,67.43499],[62.87728,67.57732],[62.89524,67.59078],[63.07392,67.64798],[63.10653,67.66953],[63.29491,67.71199],[63.30892,67.73186],[63.3279,67.74051],[63.42186,67.76292],[63.69099,67.75702],[63.70998,67.76701],[63.70322,67.79427],[63.71128,67.80462],[63.87299,67.83102],[63.94692,67.87996],[63.95197,67.89499],[63.91941,67.926],[63.92498,67.946],[63.91898,67.96398],[63.84442,68.00686],[63.83623,68.01754],[63.83892,68.0248],[63.86003,68.03386],[63.93101,68.03901],[64.0318,68.06196],[64.08378,68.08432],[64.32591,68.12899],[64.35098,68.15601],[64.34701,68.16642],[64.35069,68.17258],[64.41756,68.19581],[64.53198,68.19602],[64.53898,68.219],[64.52312,68.25131],[64.52897,68.27899],[64.50544,68.29965],[64.5009,68.31431],[64.52607,68.33989],[64.55906,68.3542],[64.76115,68.40096],[64.80618,68.39601],[64.9069,68.39998],[65.006,68.38402],[65.03604,68.40006],[65.4445,68.42393],[65.44936,68.42109],[65.44947,68.41495],[65.41802,68.38999],[65.39928,68.34729],[65.34801,68.30898],[65.32644,68.27852],[65.29302,68.26598],[65.26902,68.23199],[65.26802,68.21501],[65.28583,68.18511],[65.29202,68.13601],[65.32376,68.09023],[65.28606,68.02508],[65.28602,68.01001],[65.34256,67.98237],[65.389,67.94301],[65.436,67.91502],[65.56656,67.929],[65.78107,67.91902],[65.84999,67.93301],[65.91015,67.955],[65.99791,67.92804],[66.06117,67.932],[66.08364,67.92565],[66.08712,67.92036],[66.08677,67.90647],[66.05502,67.88199],[66.04601,67.84947],[66.01503,67.79601],[66.07393,67.77204],[66.13431,67.76385],[66.1934,67.73625],[66.20186,67.7239],[66.19985,67.6949],[66.15147,67.66247],[66.10585,67.65204],[66.0,67.68298],[65.94325,67.6681],[65.85001,67.65897],[65.82802,67.64598],[65.81902,67.631],[65.82302,67.61901],[65.83771,67.61228],[65.83917,67.60442],[65.80202,67.58898],[65.79103,67.568],[65.80901,67.55302],[65.83601,67.55002],[66.0334,67.56964],[66.10021,67.50644],[66.10347,67.49004],[66.08486,67.47096],[66.00421,67.41979],[65.93736,67.39816],[65.80509,67.38802],[65.69992,67.39295],[65.67983,67.38283],[65.673,67.36822],[65.69951,67.34635],[65.70068,67.33922],[65.66191,67.31654],[65.58701,67.30098],[65.54928,67.27075],[65.42202,67.22041],[65.32501,67.20298],[65.23479,67.15448],[65.18802,67.14898],[65.18902,67.13401],[65.20258,67.1195],[65.20003,67.101],[65.20831,67.08407],[65.2065,67.07802],[65.17167,67.06605],[65.08901,67.05898],[65.07302,67.04299],[65.07702,67.02302],[65.09845,67.00347],[65.10222,66.99602],[65.11091,66.91677],[65.10315,66.90132],[65.09754,66.89737],[64.99661,66.87016],[64.93591,66.87396],[64.84711,66.84173],[64.57509,66.803],[64.55602,66.78999],[64.53312,66.75418],[64.537,66.7397],[64.53291,66.7335],[64.41101,66.72798],[64.32456,66.67698],[64.29539,66.66815],[64.19895,66.66898],[64.0857,66.65401],[63.98001,66.65598],[63.89902,66.59941],[63.84793,66.58593],[63.80651,66.55219],[63.71751,66.52801],[63.65301,66.52397],[63.60306,66.49475],[63.54182,66.47625],[63.49728,66.47404],[63.44,66.48998],[63.41301,66.48498],[63.39694,66.45256],[63.35996,66.42671],[63.29401,66.39899],[63.27857,66.36462],[63.23702,66.32999],[63.23702,66.30901],[63.2974,66.27132],[63.30089,66.25624],[63.29232,66.24421],[63.26364,66.24113],[63.161,66.26898],[63.10409,66.25501],[63.00886,66.19886],[62.97502,66.16498],[62.95727,66.11835],[62.85802,66.07798],[62.84731,66.04154],[62.81703,66.011],[62.86762,65.98417],[62.87017,65.97698],[62.79803,65.932],[62.84697,65.89268],[62.84964,65.88456],[62.84407,65.87746],[62.68097,65.86699],[62.52192,65.84397],[62.13178,65.73323],[62.01403,65.71998],[62.01722,65.71192],[62.27358,65.61937],[62.32201,65.53702],[62.40187,65.51103],[62.40218,65.50362],[62.36903,65.447],[62.433,65.37802],[62.47892,65.34507],[62.51618,65.33398],[62.79528,65.29809],[62.80958,65.28894],[62.80202,65.245],[62.80895,65.20934],[62.79502,65.168],[62.805,65.12423],[62.7968,65.05359],[62.77557,65.00363],[62.72877,64.95132],[62.68302,64.92099],[62.67302,64.891],[62.68202,64.86902],[62.78175,64.8502],[62.80589,64.83304],[62.81554,64.80615],[62.78701,64.79698],[62.78102,64.785],[62.79894,64.73582],[62.74108,64.69671],[62.59002,64.64498],[62.58202,64.63599],[62.5805,64.60695],[62.53301,64.56999],[62.52703,64.56],[62.53301,64.55102],[62.687,64.48902],[62.83255,64.49297],[62.89923,64.472],[62.96163,64.49795],[63.23423,64.51872],[63.3376,64.48214],[63.38101,64.45903],[63.45504,64.45388],[63.49617,64.38345],[63.49663,64.37719],[63.42109,64.34203],[63.41003,64.32501],[63.47701,64.28702],[63.53565,64.28184],[63.61122,64.26301],[63.88899,64.27902],[63.90298,64.28901],[63.90583,64.30668],[63.91019,64.31293],[64.01654,64.35197],[64.47799,64.35502],[64.60371,64.43195],[64.71196,64.42001],[64.76086,64.422],[64.9955,64.46099],[65.177,64.44102],[65.20317,64.45012],[65.33387,64.54018],[65.39971,64.56597],[65.7302,64.574],[65.79201,64.56201],[65.88378,64.564],[66.02027,64.58998],[66.14664,64.58085],[66.4653,64.507],[66.49066,64.52534],[66.68187,64.55197],[66.87675,64.51222],[66.92804,64.48649],[66.93176,64.48155],[66.9327,64.44326],[66.89402,64.40699],[66.88377,64.38273],[66.79202,64.32799],[66.799,64.30255],[66.79002,64.282],[66.792,64.2561],[66.81601,64.22102],[66.88708,64.193],[67.16117,64.15874],[67.16516,64.15154],[67.155,64.13122],[67.16301,64.12102],[67.25266,64.11155],[67.26202,64.08601],[67.27901,64.07602],[67.39676,64.09179],[67.42777,64.08579],[67.44401,64.06502],[67.454,64.06302],[67.47399,64.06602],[67.48049,64.07772],[67.48735,64.08199],[67.57508,64.06601],[67.67747,64.0739],[67.79821,64.027],[67.81207,64.02805],[67.88783,64.0749],[67.92934,64.1107],[68.01301,64.11802],[68.17979,64.17093],[68.21071,64.20425],[68.42732,64.29083],[68.68313,64.25228],[68.82992,64.21303],[68.88399,64.21802],[68.89198,64.22901],[68.8941,64.26563],[68.97199,64.30402],[68.99497,64.33],[68.8759,64.42528],[68.87433,64.43281],[68.87849,64.43611],[69.01487,64.46693],[69.05226,64.46789],[69.11724,64.45],[69.22924,64.46473],[69.38909,64.38401],[69.69203,64.395],[69.73201,64.38895],[69.82409,64.336],[69.99884,64.31103],[70.09901,64.31302],[70.22649,64.34485],[70.30303,64.33907],[70.47101,64.24702],[70.66958,64.23199],[70.76522,64.1888],[70.78297,64.15205],[70.77034,64.11746],[70.56719,64.02009],[70.55402,63.999],[70.62312,63.94055],[70.63002,63.91101],[70.64102,63.89302],[70.71192,63.87145],[70.81765,63.81094],[70.91101,63.68802],[70.93423,63.67901],[71.20293,63.68799],[71.38554,63.67002],[71.49249,63.62212],[71.54643,63.5866],[71.56395,63.55031],[71.60702,63.18002],[71.80549,63.214],[71.96275,63.19204],[71.9888,63.19696],[72.13766,63.28842],[72.16015,63.29396],[72.656,63.27502],[72.83491,63.33498],[72.91109,63.38919],[73.10135,63.43082],[73.18468,63.38912],[73.188,63.38304],[73.18409,63.36996],[73.27873,63.31261],[73.321,63.24802],[73.36601,63.20202],[73.50618,63.18],[73.57002,63.187],[74.24037,63.16695],[74.37482,63.10938],[74.45593,63.05506],[74.50709,63.03801],[74.91491,63.02701],[75.02775,63.0569],[75.1512,63.05704],[75.23508,63.07204],[75.28203,63.09186],[75.36269,63.10295],[75.59191,63.08501],[75.69972,63.086],[75.80428,63.10898],[75.8619,63.1058],[75.8948,63.09851],[75.93822,63.07496],[76.23486,63.01518],[76.27398,62.97702],[76.28202,62.95002],[76.297,62.94502],[76.62225,63.03279],[76.68865,63.03394],[76.8229,62.98705],[76.9221,62.98696],[77.02177,62.97077],[77.06803,62.91291],[77.12796,62.8101],[77.15501,62.78702],[77.26493,62.74144],[77.32619,62.70595],[77.88501,62.55323],[77.92767,62.51937],[77.96301,62.47402],[78.01501,62.45602],[78.04125,62.4601],[78.14255,62.50239],[78.37866,62.56289],[78.52398,62.56502],[78.61925,62.58802],[78.79272,62.60996],[79.821,62.59902],[79.85299,62.61102],[79.90687,62.69879],[79.91691,62.78322],[79.92047,62.78871],[79.96088,62.80683],[80.08908,62.82504],[80.21436,62.88057],[80.28499,62.89902],[80.3105,62.92379],[80.4119,62.93999],[80.47876,62.98399],[80.55499,62.99602],[80.58498,63.02901],[80.58692,63.07133],[80.59259,63.0788],[80.76592,63.09898],[81.10877,63.1099],[81.11434,63.10428],[81.12606,63.04592],[81.17102,62.969],[81.19209,62.94496],[81.31554,62.88146],[81.33702,62.82102],[81.59575,62.76921],[81.63308,62.72998],[81.78292,62.68403],[81.84209,62.68706],[81.97176,62.75625],[82.07338,62.79474],[82.16464,62.80398],[82.31608,62.76501],[82.37101,62.76301],[82.47093,62.77399],[82.7464,62.7487],[82.75395,62.73632],[82.73601,62.67909],[82.75493,62.66606],[83.00555,62.59102],[83.02289,62.57076],[83.01502,62.54101],[83.03209,62.52498],[83.28225,62.45597],[83.31208,62.45204],[83.40101,62.48562],[83.52966,62.51888],[83.53613,62.51703],[83.55801,62.49902],[83.5919,62.50001],[83.75056,62.5548],[83.79824,62.55473],[83.93827,62.4798],[83.97602,62.41701],[84.01708,62.39198],[84.095,62.37002],[84.20218,62.378],[84.24009,62.36789],[84.27743,62.32623],[84.28602,62.27201],[84.3898,62.23592],[84.42224,62.18672],[84.43301,62.17402],[84.44387,62.17049],[84.48675,62.09634],[84.48602,62.03001],[84.51677,61.99028],[84.50902,61.968],[84.51608,61.92494],[84.54308,61.89797],[84.61909,61.8638],[84.64502,61.82101],[84.68379,61.80111],[84.84001,61.76801],[84.92272,61.78396],[84.99092,61.76403],[85.09564,61.74686],[85.17191,61.70406],[85.22726,61.69402],[85.277,61.66902],[85.34088,61.68194],[85.40276,61.68189],[85.49101,61.61302],[85.7118,61.56804],[85.84356,61.58773],[85.95566,61.54136],[85.97099,61.48432],[85.96203,61.45501],[86.04844,61.42956],[86.12909,61.374],[86.17478,61.368],[86.21099,61.37402],[86.27513,61.43206],[86.32674,61.45216],[86.43699,61.41302],[86.50682,61.40569],[86.51573,61.39723],[86.51301,61.3711],[86.52302,61.34902],[86.603,61.31102],[86.77501,61.31701],[86.81499,61.32302],[86.84061,61.33797],[86.927,61.34002],[86.97599,61.36002],[86.99097,61.375],[86.98048,61.39332],[86.98897,61.41099],[86.9546,61.43541],[86.95031,61.44738],[86.95555,61.4521],[87.00273,61.45995],[87.02025,61.44893],[87.10117,61.42736],[87.10657,61.422],[87.10802,61.41302],[87.15801,61.40885],[87.18901,61.38802],[87.2207,61.38887],[87.23201,61.37802],[87.25428,61.37648],[87.25721,61.36858],[87.24302,61.36199],[87.24502,61.35402],[87.29574,61.349],[87.34562,61.35998],[87.3871,61.34902],[87.43365,61.35184],[87.43946,61.34848],[87.44301,61.34002],[87.46729,61.33939],[87.47585,61.33122],[87.47306,61.31992],[87.48796,61.30109],[87.47407,61.26593],[87.48301,61.25602],[87.50346,61.25231],[87.50802,61.24302],[87.5213,61.24389],[87.52618,61.24127],[87.529,61.23546],[87.52603,61.22702],[87.54201,61.22475],[87.54802,61.21002],[87.56412,61.209],[87.56951,61.22059],[87.57496,61.2241],[87.6289,61.231],[87.64581,61.24089],[87.64341,61.251],[87.65398,61.25901],[87.65781,61.26643],[87.69197,61.26702],[87.69026,61.28047],[87.71297,61.29601],[87.70499,61.31098],[87.67392,61.31728],[87.67213,61.32283],[87.67631,61.32917],[87.68799,61.32803],[87.69462,61.33569],[87.71298,61.33602],[87.71922,61.34384],[87.74599,61.34102],[87.77788,61.36179],[87.794,61.35802],[87.80928,61.36253],[87.81273,61.35873],[87.81302,61.35002],[87.84847,61.3448],[87.85241,61.34096],[87.85203,61.33601],[87.87,61.32803],[87.8977,61.33096],[87.928,61.32202],[87.94162,61.32974],[87.95328,61.32977],[87.96309,61.31502],[87.99199,61.31802],[88.01872,61.33207],[88.02701,61.32702],[88.05485,61.33002],[88.06401,61.32302],[88.09599,61.32002],[88.11681,61.33478],[88.14799,61.33402],[88.182,61.34593],[88.95301,60.74602],[89.84576,60.79999],[89.86727,60.807],[89.91022,60.799],[90.94598,60.746],[91.9649,60.75101],[92.06307,60.80643],[92.08899,60.80502],[92.10846,60.82003],[92.13798,60.82901],[92.13404,60.85024],[92.14098,60.863],[92.13415,60.8837],[92.13553,60.89016],[92.15546,60.90802],[92.18197,60.91601],[92.18092,60.92588],[92.19098,60.92802],[92.20248,60.94227],[92.23397,60.95101],[92.2227,60.97288],[92.22651,60.98028],[92.29692,60.97102],[92.35987,60.97797],[92.40908,60.96802],[92.43999,60.97302],[92.47392,60.99695],[92.45705,61.01793],[92.44924,61.02144],[92.45097,61.03],[92.43714,61.04325],[92.43998,61.06199],[92.41727,61.0778],[92.40124,61.11074],[92.40598,61.11786],[92.42797,61.12801],[92.41076,61.14849],[92.41129,61.15517],[92.46735,61.1947],[92.52037,61.19899],[92.55974,61.1906],[92.59302,61.17395],[92.62601,61.14202],[92.68617,61.12846],[92.73642,61.10536],[92.75709,61.08699],[92.86176,61.06705],[92.90197,61.06802],[92.89049,61.08696],[92.89072,61.09515],[92.92598,61.10501],[92.92481,61.12051],[92.93895,61.13],[92.89264,61.14538],[92.89013,61.151],[92.89198,61.17399],[92.87599,61.19498],[92.84007,61.21196],[92.81839,61.21562],[92.81729,61.22261],[92.82798,61.22802],[92.82898,61.23599],[92.71924,61.27491],[92.65676,61.2873],[92.63184,61.30354],[92.63641,61.31264],[92.67349,61.31793],[92.71309,61.31304],[92.82954,61.35931],[92.93,61.33202],[92.97699,61.34102],[93.01176,61.36292],[93.15055,61.32103],[93.15381,61.31257],[93.14303,61.304],[93.15495,61.28227],[93.14402,61.265],[93.15602,61.24401],[93.19001,61.21602],[93.21418,61.21075],[93.24508,61.17496],[93.31591,61.13555],[93.33002,61.10801],[93.34301,61.10002],[93.40799,61.08402],[93.44114,61.091],[93.472,61.08202],[93.53002,61.10389],[93.56826,61.10389],[93.63652,61.08481],[93.69101,61.04802],[93.732,61.03802],[93.91795,61.05775],[93.96527,61.03269],[93.97302,61.00501],[94.029,60.96003],[94.03998,60.96401],[94.03916,60.97276],[94.04253,60.9777],[94.10197,60.99602],[94.09481,61.02052],[94.12798,61.03702],[94.14411,61.06604],[94.22798,61.08702],[94.23002,61.09892],[94.24199,61.10502],[94.25173,61.11976],[94.38208,61.11803],[94.45398,61.13802],[94.46236,61.14713],[94.508,61.15302],[94.54571,61.17433],[94.581,61.15802],[94.61538,61.16196],[94.642,61.15102],[94.72148,61.15789],[94.73401,61.14502],[94.78196,61.14388],[94.82101,61.12402],[94.88026,61.12575],[94.9191,61.10301],[95.09994,61.096],[95.11256,61.08942],[95.11695,61.08331],[95.11602,61.06902],[95.14956,61.06226],[95.18601,61.02502],[95.22855,61.00361],[95.23502,60.99001],[95.30681,60.9659],[95.30854,60.95938],[95.30102,60.951],[95.31001,60.93202],[95.34676,60.93189],[95.35943,60.92128],[95.36402,60.90001],[95.3896,60.8708],[95.38302,60.85501],[95.39312,60.84059],[95.39002,60.82801],[95.39914,60.82219],[95.40195,60.81559],[95.39802,60.80998],[95.36494,60.79292],[95.32604,60.74402],[95.39351,60.74177],[95.47582,60.71044],[95.48002,60.70593],[95.48187,60.69765],[95.47802,60.69227],[95.43001,60.67898],[95.41845,60.66142],[95.3905,60.64285],[95.33001,60.61798],[95.30657,60.58586],[95.25809,60.57601],[95.23403,60.56299],[95.2441,60.54069],[95.22502,60.51699],[95.22702,60.49901],[95.24501,60.48202],[95.2784,60.47271],[95.28914,60.45141],[95.28796,60.44601],[95.26706,60.42322],[95.25882,60.41973],[95.19306,60.41401],[95.15472,60.423],[95.113,60.41598],[95.02202,60.36998],[95.02003,60.34908],[94.98303,60.33199],[94.98719,60.31548],[94.96602,60.30298],[94.95502,60.28199],[94.95625,60.2695],[94.92902,60.23699],[94.96701,60.20402],[95.00617,60.1991],[95.01079,60.19575],[95.01048,60.18919],[94.99968,60.17073],[94.98403,60.16399],[94.98695,60.15167],[94.98103,60.138],[94.98572,60.12808],[94.97703,60.11301],[95.07057,60.06618],[95.08133,60.04929],[95.07229,60.03316],[95.00703,60.00699],[95.02577,59.98628],[95.02003,59.96601],[95.04622,59.93847],[95.04802,59.91501],[95.06201,59.89002],[95.11653,59.86647],[95.12125,59.86084],[95.12902,59.82802],[95.14658,59.82434],[95.17317,59.80268],[95.17436,59.79704],[95.17004,59.79229],[95.14302,59.78498],[95.13602,59.75501],[95.1503,59.74425],[95.15102,59.73401],[95.15479,59.72943],[95.15316,59.72284],[95.16401,59.71201],[95.19623,59.70006],[95.19807,59.69429],[95.19403,59.688],[95.21118,59.67653],[95.21202,59.65701],[95.24101,59.63702],[95.28499,59.63802],[95.29329,59.64599],[95.31,59.63903],[95.32136,59.64692],[95.40409,59.63601],[95.49789,59.63686],[95.54393,59.61404],[95.57564,59.60665],[95.59302,59.57502],[95.72618,59.554],[95.73446,59.56403],[95.76498,59.57302],[95.76381,59.59351],[95.78308,59.60643],[95.83008,59.61003],[95.88061,59.62696],[95.95381,59.62749],[95.98041,59.61137],[96.01401,59.56602],[96.05223,59.55601],[96.11508,59.55905],[96.23927,59.62588],[96.26472,59.61699],[96.26451,59.6107],[96.25402,59.59901],[96.27202,59.57202],[96.32083,59.55344],[96.32571,59.54864],[96.32539,59.5334],[96.29108,59.51204],[96.29002,59.50501],[96.3521,59.47101],[96.452,59.47302],[96.50698,59.50102],[96.52207,59.52588],[96.55402,59.53887],[96.67391,59.53401],[96.70156,59.54306],[96.751,59.53902],[96.78389,59.549],[96.828,59.53802],[96.86164,59.54982],[96.90278,59.5518],[96.96116,59.53852],[97.01939,59.51421],[97.03301,59.50002],[97.0767,59.50598],[97.121,59.50002],[97.22398,59.53501],[97.22366,59.54544],[97.23498,59.55401],[97.23698,59.57699],[97.22399,59.58898],[97.19756,59.59563],[97.19642,59.60276],[97.20448,59.6153],[97.2779,59.63698],[97.29404,59.65378],[97.32508,59.65203],[97.36125,59.66012],[97.42598,59.69001],[97.42822,59.70111],[97.44498,59.71001],[97.44605,59.72429],[97.45733,59.72995],[97.49998,59.72988],[97.57602,59.70001],[97.69589,59.679],[97.7579,59.685],[97.79012,59.70296],[97.92198,59.70102],[97.9326,59.7185],[97.95425,59.72584],[98.05199,59.72302],[98.08098,59.73901],[98.08061,59.74611],[98.08565,59.7515],[98.12894,59.76788],[98.21123,59.75499],[98.22701,59.73802],[98.263,59.72202],[98.29965,59.729],[98.33699,59.72302],[98.36222,59.74692],[98.42091,59.76698],[98.44534,59.78403],[98.51092,59.76703],[98.54542,59.774],[98.60591,59.76201],[98.63099,59.76902],[98.64663,59.78394],[98.79899,59.79002],[98.8331,59.81565],[98.87837,59.82596],[98.88391,59.82307],[98.89801,59.80202],[98.92344,59.79345],[98.92303,59.783],[98.93501,59.76702],[99.00099,59.77202],[99.02464,59.80697],[99.03066,59.81156],[99.10198,59.84102],[99.10898,59.86699],[99.09707,59.87901],[99.09513,59.88568],[99.11604,59.906],[99.15499,59.91802],[99.17035,59.93613],[99.22314,59.96254],[99.28009,59.96704],[99.31379,59.97793],[99.33965,60.00319],[99.40899,60.02902],[99.42099,60.05909],[99.40883,60.06934],[99.41222,60.07779],[99.47298,60.08896],[99.53192,60.08202],[99.57776,60.08896],[99.60876,60.10999],[99.64868,60.11595],[99.6862,60.1042],[99.69302,60.09102],[99.71626,60.08196],[99.78915,60.07201],[99.82936,60.0777],[99.83347,60.07396],[99.84001,60.05202],[99.87321,60.05278],[99.8891,60.03801],[99.95477,60.03785],[99.9598,60.03409],[99.96502,60.02302],[99.99776,60.00811],[100.06606,59.99432],[100.08467,59.98235],[100.08902,59.96701],[100.09688,59.95909],[100.09202,59.95199],[100.08882,59.92891],[100.06402,59.91799],[100.07202,59.89502],[100.11469,59.89264],[100.13208,59.87698],[100.19202,59.85601],[100.31479,59.84103],[100.42949,59.85859],[100.4381,59.84899],[100.49318,59.83749],[100.50901,59.81902],[100.52177,59.81419],[100.52303,59.80602],[100.55301,59.78802],[100.62672,59.80296],[100.6469,59.79701],[100.6541,59.78199],[100.7519,59.76503],[100.81075,59.7809],[100.86612,59.78294],[100.93659,59.76874],[100.94201,59.75902],[100.96813,59.75354],[101.025,59.71402],[101.06986,59.72296],[101.17692,59.69903],[101.23808,59.70799],[101.27925,59.70483],[101.31008,59.69001],[101.35846,59.7],[101.44821,59.683],[101.47497,59.69201],[101.46518,59.71621],[101.47165,59.72487],[101.51208,59.72503],[101.57337,59.74098],[101.62209,59.73301],[101.72933,59.73995],[101.79034,59.71184],[101.79186,59.70571],[101.78503,59.68402],[101.87051,59.67315],[101.88601,59.66202],[102.01576,59.6372],[102.04201,59.62102],[102.07397,59.61962],[102.10709,59.58901],[102.15091,59.58701],[102.17049,59.596],[102.19809,59.59001],[102.23791,59.592],[102.3974,59.64976],[102.4431,59.64687],[102.46101,59.63402],[102.48021,59.63286],[102.48473,59.62742],[102.48052,59.62098],[102.45603,59.61399],[102.45995,59.60264],[102.45302,59.58501],[102.47333,59.55771],[102.45402,59.53699],[102.45402,59.52401],[102.50363,59.51155],[102.52481,59.49813],[102.52674,59.49034],[102.51803,59.483],[102.52701,59.47102],[102.56972,59.47284],[102.58781,59.46867],[102.59701,59.45902],[102.63263,59.45768],[102.63897,59.44887],[102.63796,59.44156],[102.63328,59.43678],[102.56996,59.41413],[102.50701,59.41298],[102.48297,59.39192],[102.47803,59.37991],[102.49198,59.33209],[102.52236,59.29696],[102.52093,59.29101],[102.50803,59.278],[102.51673,59.26008],[102.50957,59.25122],[102.46601,59.24298],[102.436,59.21426],[102.47592,59.19788],[102.48402,59.18102],[102.55099,59.18402],[102.56728,59.20262],[102.5909,59.19801],[102.61605,59.206],[102.64808,59.19301],[102.78416,59.197],[102.81999,59.18702],[102.87098,59.21501],[102.86132,59.23742],[102.86184,59.24275],[102.88499,59.25102],[102.89896,59.26949],[102.92599,59.27502],[102.9428,59.29275],[102.98399,59.29102],[102.99452,59.30643],[103.01418,59.31217],[103.04528,59.30475],[103.05342,59.29624],[103.05102,59.286],[103.05901,59.27702],[103.13608,59.254],[103.21199,59.25102],[103.22298,59.26101],[103.22115,59.27705],[103.23487,59.28497],[103.26942,59.28081],[103.303,59.26302],[103.33255,59.26772],[103.34676,59.25994],[103.34589,59.24755],[103.34213,59.24338],[103.23809,59.24699],[103.21002,59.23201],[103.2247,59.21442],[103.22003,59.20301],[103.23715,59.19364],[103.23626,59.18765],[103.23002,59.18299],[103.23502,59.17002],[103.28419,59.1525],[103.30896,59.13103],[103.31694,59.12054],[103.31302,59.10601],[103.34841,59.08258],[103.35502,59.05802],[103.37727,59.04877],[103.39101,59.02502],[103.419,59.01702],[103.43539,59.01974],[103.46,59.00402],[103.48847,59.01065],[103.50744,59.00636],[103.51501,58.99602],[103.55516,58.99347],[103.56002,58.98402],[103.58208,58.9737],[103.58202,58.96501],[103.58795,58.95977],[103.58902,58.94101],[103.62301,58.91802],[103.69521,58.92896],[103.72601,58.91102],[103.74788,58.91372],[103.78309,58.90402],[103.89598,58.9169],[103.9347,58.90228],[103.93733,58.89729],[103.93503,58.89],[103.95101,58.86902],[103.97016,58.86987],[103.9759,58.86732],[103.97782,58.86189],[103.97325,58.85121],[103.94404,58.83499],[103.95183,58.82466],[103.94602,58.78709],[103.9513,58.77932],[103.95083,58.7741],[103.94648,58.7706],[103.88402,58.75398],[103.88902,58.73202],[103.91899,58.72994],[103.93501,58.71902],[103.96999,58.72302],[104.03098,58.76602],[104.0351,58.77878],[104.04021,58.78284],[104.13062,58.77292],[104.148,58.76202],[104.16811,58.76497],[104.17599,58.76002],[104.18332,58.76897],[104.18953,58.77086],[104.1946,58.7658],[104.19508,58.75695],[104.22885,58.73103],[104.23102,58.71902],[104.25192,58.71104],[104.33015,58.72896],[104.37683,58.722],[104.38087,58.71465],[104.37934,58.70857],[104.34303,58.67001],[104.40094,58.64391],[104.40602,58.62402],[104.467,58.60402],[104.49799,58.60902],[104.50588,58.62082],[104.53278,58.63396],[104.5508,58.63388],[104.56901,58.62402],[104.609,58.61702],[104.62898,58.62501],[104.62515,58.63877],[104.6325,58.64458],[104.664,58.64002],[104.74095,58.66987],[104.81399,58.67202],[104.82331,58.69012],[104.87698,58.72001],[104.88113,58.734],[104.89896,58.74799],[104.82222,58.77309],[104.81698,58.78299],[104.79036,58.79412],[104.78898,58.80698],[104.76923,58.81023],[104.76415,58.81841],[104.76926,58.83602],[104.78498,58.84502],[104.79117,58.8602],[104.80506,58.86507],[104.83553,58.8953],[104.89397,58.90502],[104.89202,58.91966],[104.91899,58.92902],[104.92498,58.941],[104.92067,58.94728],[104.92346,58.95328],[104.96919,58.96108],[105.09792,59.01098],[105.11697,59.025],[105.11187,59.03343],[105.11319,59.03915],[105.13714,59.05555],[105.17624,59.05203],[105.27719,59.06306],[105.30407,59.07106],[105.37298,59.11601],[105.34899,59.14698],[105.31406,59.16091],[105.31533,59.16926],[105.34297,59.197],[105.32175,59.20944],[105.31598,59.22798],[105.3044,59.2372],[105.30692,59.24905],[105.27299,59.27498],[105.22472,59.27261],[105.21498,59.29298],[105.19574,59.29517],[105.1904,59.3012],[105.18925,59.31514],[105.22401,59.3411],[105.23398,59.38899],[105.21719,59.39508],[105.21368,59.40173],[105.22105,59.41896],[105.24598,59.42602],[105.24098,59.44498],[105.20596,59.45995],[105.19698,59.48098],[105.14909,59.48997],[105.08156,59.46903],[104.99799,59.46601],[104.97595,59.47349],[104.97198,59.48499],[104.94981,59.49722],[104.92899,59.52098],[104.91101,59.5244],[104.8587,59.55808],[104.85705,59.56293],[104.86064,59.57844],[104.88498,59.59201],[104.88598,59.60798],[104.846,59.61105],[104.81128,59.6299],[104.80698,59.63898],[104.80052,59.64083],[104.79815,59.64607],[104.81198,59.66001],[104.81298,59.67299],[104.78481,59.68181],[104.78049,59.68882],[104.78348,59.69329],[104.83569,59.72543],[104.85399,59.72902],[104.86697,59.74101],[104.86616,59.74697],[104.86976,59.75185],[104.88797,59.75958],[104.91776,59.765],[104.936,59.76003],[104.9568,59.76931],[104.99091,59.75901],[105.02598,59.77301],[105.02553,59.78495],[105.03499,59.7949],[105.02461,59.80471],[105.02797,59.816],[105.01903,59.82416],[105.01847,59.82997],[105.02472,59.83828],[105.06598,59.85301],[105.06536,59.86349],[105.07044,59.86886],[105.106,59.86303],[105.15335,59.87506],[105.18001,59.86102],[105.24816,59.86695],[105.25901,59.85502],[105.31366,59.84999],[105.32501,59.84002],[105.36092,59.8418],[105.372,59.83403],[105.3843,59.84262],[105.40899,59.84202],[105.41729,59.8507],[105.42939,59.85282],[105.46211,59.83781],[105.46602,59.82603],[105.51996,59.84401],[105.51246,59.85121],[105.51298,59.86099],[105.48962,59.87144],[105.48598,59.88299],[105.43694,59.90256],[105.43798,59.913],[105.43406,59.92217],[105.44796,59.933],[105.43177,59.94172],[105.42901,59.94707],[105.43202,59.95254],[105.44598,59.95702],[105.44955,59.97123],[105.49599,59.98702],[105.50998,60.00001],[105.50998,60.01098],[105.49114,60.02628],[105.49998,60.04398],[105.47499,60.05402],[105.46798,60.07299],[105.45761,60.08071],[105.45698,60.09399],[105.43869,60.1117],[105.44098,60.13399],[105.43301,60.14848],[105.43659,60.15418],[105.46398,60.16502],[105.47598,60.18101],[105.4763,60.20104],[105.50498,60.21202],[105.51197,60.22998],[105.47657,60.2262],[105.46514,60.23629],[105.47191,60.25303],[105.41616,60.27294],[105.39024,60.27795],[105.37004,60.27253],[105.36593,60.28106],[105.34399,60.30398],[105.23089,60.28],[105.15709,60.29597],[105.1448,60.28983],[105.128,60.29598],[105.11308,60.29324],[105.08292,60.30699],[105.02009,60.30399],[105.00729,60.29823],[104.997,60.30398],[104.97076,60.295],[104.94899,60.30798],[104.90226,60.3052],[104.8671,60.31568],[104.86554,60.32291],[104.87498,60.33099],[104.85398,60.35198],[104.803,60.3664],[104.78991,60.38101],[104.68971,60.40165],[104.66907,60.41101],[104.66611,60.41525],[104.66796,60.42064],[104.68296,60.42401],[104.66418,60.43965],[104.66597,60.44899],[104.66084,60.45746],[104.67197,60.47199],[104.6538,60.4778],[104.64953,60.48203],[104.65053,60.49533],[104.65796,60.50001],[104.64447,60.51025],[104.64897,60.52198],[104.61876,60.52517],[104.60499,60.54098],[104.58455,60.54421],[104.56609,60.56146],[104.57397,60.57201],[104.57082,60.58079],[104.57497,60.59099],[104.55001,60.59631],[104.54614,60.60027],[104.54797,60.607],[104.54099,60.61898],[104.51999,60.62102],[104.51418,60.62674],[104.51787,60.63401],[104.56798,60.66201],[104.56715,60.68204],[104.59198,60.69702],[104.61398,60.726],[104.58199,60.77298],[104.555,60.78398],[104.51643,60.7873],[104.50799,60.79998],[104.49168,60.80745],[104.48558,60.84294],[104.49057,60.84744],[104.6109,60.88098],[104.63797,60.903],[104.62499,60.92498],[104.59217,60.93637],[104.58562,60.94585],[104.58867,60.95245],[104.62697,60.986],[104.61762,60.99742],[104.61681,61.00419],[104.64797,61.036],[104.62261,61.05371],[104.62646,61.06959],[104.63058,61.07432],[104.69708,61.08306],[104.72098,61.09701],[104.71917,61.10739],[104.72222,61.11256],[104.8329,61.15797],[104.85629,61.18586],[104.90391,61.18401],[104.91651,61.19],[104.95872,61.183],[104.98964,61.18998],[105.04897,61.17502],[105.04098,61.19799],[105.03297,61.20029],[105.02944,61.20516],[105.03398,61.22299],[105.00316,61.24295],[105.00397,61.252],[104.99437,61.26335],[104.99398,61.27599],[104.95355,61.29447],[104.95272,61.30133],[104.95897,61.30601],[104.95299,61.31998],[104.82785,61.34368],[104.82356,61.34836],[104.8258,61.35421],[104.90798,61.36802],[104.91233,61.38681],[104.91699,61.39088],[104.99591,61.397],[105.01024,61.40689],[105.06309,61.40103],[105.1533,61.41882],[105.1851,61.40902],[105.28299,61.41902],[105.29597,61.45099],[105.28419,61.45851],[105.2843,61.46618],[105.29898,61.47201],[105.30017,61.48224],[105.30448,61.48752],[105.32497,61.49701],[105.32305,61.50616],[105.32656,61.51146],[105.36299,61.52302],[105.37847,61.53978],[105.45398,61.55401],[105.50402,61.57388],[105.5509,61.57401],[105.58699,61.58602],[105.59798,61.59901],[105.59415,61.61043],[105.59691,61.61635],[105.61499,61.62002],[105.63086,61.63551],[105.66859,61.64979],[105.72831,61.65483],[105.81399,61.62502],[105.84238,61.65516],[105.88198,61.66601],[105.88462,61.67563],[105.8958,61.68057],[105.98197,61.68602],[105.97331,61.70491],[105.97798,61.716],[105.94425,61.76408],[105.94381,61.76952],[105.948,61.77622],[105.94498,61.78698],[105.92853,61.79647],[105.91798,61.81698],[105.90823,61.81715],[105.90301,61.82073],[105.89926,61.82879],[105.90344,61.84147],[106.05077,61.91389],[106.08809,61.94264],[106.20198,61.96902],[106.21105,61.98385],[106.24998,61.99401],[106.2555,62.00902],[106.27588,62.01849],[106.31102,62.0309],[106.39899,62.03902],[106.40997,62.058],[106.40116,62.07311],[106.41498,62.08402],[106.417,62.09879],[106.40447,62.1087],[106.40598,62.11799],[106.39456,62.12792],[106.39333,62.13959],[106.39812,62.14486],[106.42899,62.15802],[106.43898,62.17601],[106.43763,62.18542],[106.45397,62.19601],[106.44295,62.20812],[106.44184,62.21372],[106.45498,62.22301],[106.46997,62.26098],[106.41073,62.26024],[106.40198,62.27298],[106.38454,62.27724],[106.38109,62.28354],[106.38455,62.28816],[106.41199,62.29802],[106.41798,62.30801],[106.4148,62.31892],[106.4183,62.32418],[106.463,62.32502],[106.48698,62.33701],[106.48798,62.35698],[106.46067,62.3663],[106.44463,62.38543],[106.44483,62.39278],[106.46834,62.40092],[106.54819,62.39207],[106.57605,62.40206],[106.58598,62.412],[106.58284,62.41914],[106.58521,62.42499],[106.63378,62.4602],[106.71152,62.48581],[106.75897,62.49301],[106.72398,62.54199],[106.69172,62.55718],[106.68897,62.56382],[106.70094,62.57295],[106.71962,62.60169],[106.78191,62.59901],[106.80398,62.60701],[106.79998,62.62699],[106.77291,62.64401],[106.71519,62.65895],[106.633,62.66534],[106.59522,62.67808],[106.59149,62.68231],[106.59197,62.68799],[106.58099,62.69398],[106.51713,62.69403],[106.47842,62.70268],[106.47548,62.70753],[106.47823,62.71296],[106.51597,62.72801],[106.51023,62.74228],[106.523,62.75627],[106.51998,62.77699],[106.51238,62.78425],[106.51597,62.79399],[106.4531,62.81768],[106.45037,62.83049],[106.46097,62.845],[106.4379,62.86802],[106.36492,62.88799],[106.31573,62.88029],[106.30672,62.88666],[106.30698,62.89699],[106.29057,62.90253],[106.28391,62.91402],[106.25091,62.92499],[106.2046,62.92776],[106.20214,62.93215],[106.20398,62.93799],[106.19867,62.9497],[106.20198,62.962],[106.19305,62.97293],[106.15847,62.97783],[106.15334,62.98176],[106.15523,62.99005],[106.17497,63.008],[106.1408,63.03547],[106.13912,63.04169],[106.14398,63.05299],[106.13189,63.05825],[106.12719,63.07674],[106.13378,63.08397],[106.22199,63.08501],[106.31647,63.1029],[106.355,63.10302],[106.39998,63.12202],[106.41497,63.147],[106.39534,63.16817],[106.39824,63.18162],[106.44297,63.218],[106.42299,63.23898],[106.36128,63.248],[106.35615,63.25556],[106.36247,63.26555],[106.37998,63.27401],[106.37399,63.28798],[106.36683,63.2925],[106.36814,63.29914],[106.42197,63.32101],[106.41467,63.34029],[106.42199,63.35256],[106.4439,63.35555],[106.46501,63.33802],[106.49791,63.33461],[106.51901,63.31802],[106.57532,63.32199],[106.62201,63.31202],[106.66098,63.32102],[106.68169,63.35163],[106.72298,63.37201],[106.71902,63.38364],[106.72161,63.38963],[106.74097,63.39501],[106.72899,63.41398],[106.71476,63.41328],[106.70978,63.41672],[106.70891,63.42301],[106.66021,63.43495],[106.65195,63.43403],[106.64198,63.45298],[106.60171,63.45952],[106.59713,63.46488],[106.59598,63.47798],[106.58603,63.48392],[106.58898,63.494],[106.58198,63.50698],[106.52576,63.5213],[106.50306,63.53675],[106.51384,63.55783],[106.52378,63.56273],[106.60198,63.55802],[106.60698,63.57699],[106.59261,63.59053],[106.59293,63.59801],[106.61783,63.61391],[106.66016,63.62219],[106.69397,63.661],[106.66425,63.67938],[106.65599,63.69698],[106.61555,63.70954],[106.61094,63.71725],[106.61155,63.72225],[106.66598,63.75901],[106.66781,63.77146],[106.68198,63.78501],[106.68331,63.79436],[106.69498,63.80002],[106.7018,63.81976],[106.75099,63.83002],[106.79501,63.87009],[106.79698,63.88299],[106.78699,63.89498],[106.72962,63.91172],[106.7288,63.91835],[106.73698,63.92601],[106.73298,63.93898],[106.68001,63.95998],[106.63843,63.96731],[106.62862,63.97391],[106.62504,63.98063],[106.63096,64.00489],[106.66398,64.02202],[106.66803,64.03395],[106.67512,64.03665],[106.69051,64.03146],[106.69801,64.01502],[106.72492,64.02195],[106.7431,64.01099],[106.79175,64.00105],[106.80252,64.00648],[106.81102,63.98902],[106.82201,63.98302],[106.87097,63.98088],[106.8971,63.96801],[106.97047,63.96567],[106.97802,63.95502],[106.99836,63.94569],[107.00102,63.93602],[107.02468,63.93465],[107.04326,63.92199],[107.08699,63.92002],[107.09259,63.93262],[107.10698,63.93602],[107.11447,63.94666],[107.16898,63.94902],[107.17087,63.96489],[107.19703,63.97686],[107.20332,63.97562],[107.20701,63.96902],[107.24481,63.975],[107.265,63.96702],[107.28269,63.97495],[107.303,63.97321],[107.32978,63.96011],[107.33136,63.95416],[107.32703,63.94601],[107.37121,63.93057],[107.36906,63.91923],[107.34002,63.91198],[107.33902,63.90402],[107.41578,63.889],[107.45436,63.91706],[107.49444,63.91564],[107.50202,63.90001],[107.51401,63.89202],[107.58498,63.89702],[107.58979,63.90546],[107.60398,63.90702],[107.6,63.91604],[107.60386,63.92302],[107.61341,63.92809],[107.63195,63.93001],[107.62124,63.93943],[107.618,63.95931],[107.63212,63.97504],[107.68298,63.98102],[107.69211,63.99764],[107.76086,64.01491],[107.78422,64.00502],[107.8339,64.01],[107.84944,64.01869],[107.85737,64.01435],[107.86102,64.00102],[107.899,63.99302],[107.94691,64.00199],[107.96807,64.01396],[108.034,63.99602],[108.07691,64.001],[108.09025,64.00902],[108.1211,63.99901],[108.20574,63.999],[108.26666,64.01299],[108.315,64.00602],[108.33098,64.01302],[108.33054,64.02196],[108.33566,64.02744],[108.39398,64.04801],[108.39198,64.06098],[108.37907,64.06296],[108.37697,64.06999],[108.3622,64.0816],[108.36997,64.10599],[108.31406,64.14933],[108.31141,64.15596],[108.31698,64.16599],[108.29259,64.18566],[108.2914,64.1958],[108.29998,64.20501],[108.29698,64.21798],[108.27099,64.22608],[108.2479,64.255],[108.17099,64.26298],[108.08609,64.252],[108.04902,64.21599],[108.05196,64.19641],[108.04906,64.19151],[107.97853,64.18703],[107.96672,64.19566],[107.96598,64.20898],[107.92301,64.20698],[107.91418,64.19726],[107.90861,64.19615],[107.89815,64.19986],[107.89092,64.21305],[107.86199,64.23598],[107.82325,64.23419],[107.76908,64.25696],[107.73131,64.26137],[107.72773,64.26612],[107.72997,64.272],[107.72298,64.28498],[107.70019,64.29987],[107.64198,64.31598],[107.55977,64.31796],[107.49401,64.30598],[107.44972,64.281],[107.35231,64.26918],[107.32149,64.27701],[107.27373,64.30331],[107.26433,64.31843],[107.27297,64.33],[107.25799,64.34998],[107.21869,64.34603],[107.18992,64.357],[107.10475,64.35927],[107.09929,64.36576],[107.09998,64.37798],[107.04332,64.38512],[107.014,64.39998],[106.96547,64.40821],[106.95399,64.42498],[106.917,64.44298],[106.88492,64.44497],[106.82111,64.42512],[106.77699,64.43199],[106.73831,64.42943],[106.71138,64.46503],[106.71198,64.48299],[106.67061,64.50289],[106.65599,64.53298],[106.57999,64.54799],[106.55502,64.54098],[106.54703,64.526],[106.57596,64.48122],[106.57265,64.4749],[106.5525,64.46528],[106.36495,64.46098],[106.3171,64.45401],[106.30704,64.44504],[106.256,64.45197],[106.18509,64.42215],[106.164,64.42698],[106.13687,64.42107],[106.0975,64.43003],[106.08984,64.43986],[106.09507,64.4462],[106.12099,64.45202],[106.13697,64.48899],[106.12199,64.49898],[106.08752,64.50268],[106.08292,64.51206],[106.06499,64.52898],[106.026,64.54498],[105.97901,64.53798],[105.90633,64.49479],[105.88899,64.50498],[105.86573,64.50698],[105.81208,64.504],[105.77049,64.49121],[105.76269,64.49754],[105.76211,64.50603],[105.79698,64.52401],[105.78998,64.55299],[105.76326,64.56959],[105.75499,64.58598],[105.72155,64.58807],[105.71636,64.59211],[105.71807,64.60399],[105.75597,64.64199],[105.71428,64.65788],[105.70036,64.67305],[105.69949,64.67827],[105.70294,64.68255],[105.72897,64.68685],[105.78209,64.66302],[105.87099,64.67002],[105.88087,64.68382],[105.86299,64.70698],[105.83297,64.72416],[105.83254,64.73249],[105.84297,64.747],[105.8265,64.75897],[105.82304,64.76497],[105.82935,64.78131],[105.84999,64.78702],[105.87087,64.81582],[105.86614,64.8237],[105.86793,64.83022],[105.89423,64.83796],[105.92801,64.81902],[105.97576,64.81701],[105.99097,64.827],[105.96899,64.85598],[105.94328,64.86159],[105.94215,64.86697],[105.94598,64.876],[105.93364,64.89581],[105.93645,64.90328],[106.03259,64.91267],[106.03694,64.90445],[106.02702,64.88002],[106.04596,64.87745],[106.05801,64.86502],[106.09569,64.87299],[106.191,64.86002],[106.21198,64.87001],[106.2099,64.87803],[106.1131,64.91568],[106.10498,64.93899],[106.07091,64.96434],[106.07398,64.98498],[105.97755,65.00503],[105.95855,65.01777],[105.95607,65.03169],[105.95972,65.0376],[106.02569,65.06083],[106.11122,65.0651],[106.16398,65.08902],[106.19397,65.1278],[106.25399,65.13202],[106.26984,65.14094],[106.31199,65.14002],[106.32246,65.16599],[106.34799,65.17502],[106.35974,65.19197],[106.41061,65.22174],[106.477,65.20502],[106.52798,65.21502],[106.5279,65.22402],[106.43596,65.2511],[106.43313,65.29071],[106.43606,65.29664],[106.44698,65.30501],[106.44863,65.31374],[106.47607,65.31904],[106.51691,65.33697],[106.54901,65.37549],[106.60699,65.37802],[106.61523,65.38985],[106.654,65.38202],[106.69072,65.388],[106.70911,65.38201],[106.77016,65.38195],[106.7811,65.36901],[106.81899,65.37302],[106.83898,65.38701],[106.83933,65.39659],[106.84329,65.40154],[106.87497,65.41901],[106.86498,65.43104],[106.86801,65.43987],[106.91522,65.46455],[106.94199,65.46802],[106.95209,65.48891],[106.97296,65.50599],[106.85601,65.52798],[106.79762,65.52612],[106.77791,65.538],[106.70978,65.54508],[106.7041,65.54913],[106.70145,65.55984],[106.72499,65.58791],[106.70942,65.59706],[106.70498,65.60698],[106.66095,65.61113],[106.65716,65.61442],[106.65698,65.61998],[106.61553,65.6272],[106.61098,65.63599],[106.595,65.64397],[106.56237,65.63912],[106.54977,65.65105],[106.47301,65.66698],[106.46058,65.66238],[106.45099,65.67098],[106.43622,65.6735],[106.43384,65.67921],[106.43798,65.68699],[106.4283,65.69424],[106.42953,65.70496],[106.43401,65.70882],[106.45397,65.71002],[106.44953,65.72396],[106.46396,65.733],[106.4562,65.7406],[106.45797,65.74899],[106.4395,65.76394],[106.43949,65.77141],[106.45349,65.78698],[106.49497,65.79701],[106.48299,65.81498],[106.47299,65.81824],[106.46979,65.82396],[106.47457,65.84025],[106.48797,65.853],[106.47998,65.87393],[106.49797,65.88301],[106.47407,65.90701],[106.46916,65.92197],[106.47322,65.9269],[106.48598,65.93101],[106.48443,65.94395],[106.49797,65.95501],[106.49135,65.96533],[106.49201,65.97351],[106.52198,66.00399],[106.49008,66.01613],[106.48631,66.02062],[106.48598,66.02999],[106.45456,66.04646],[106.45298,66.05898],[106.42981,66.06639],[106.42803,66.07173],[106.43198,66.08699],[106.3841,66.09768],[106.38198,66.10599],[106.36731,66.11462],[106.37098,66.13299],[106.35418,66.13883],[106.33991,66.15802],[106.32427,66.163],[106.29031,66.15501],[106.276,66.16097],[106.26757,66.1551],[106.2151,66.15798],[106.20202,66.15411],[106.14664,66.17481],[106.11817,66.1971],[106.11838,66.20405],[106.12497,66.212],[106.11784,66.23015],[106.14097,66.249],[106.12727,66.26922],[106.13598,66.28599],[106.12433,66.2985],[106.13797,66.314],[106.10757,66.33706],[106.109,66.34194],[106.12398,66.35601],[106.11864,66.36504],[106.11998,66.37084],[106.14898,66.38702],[106.15598,66.396],[106.15504,66.40114],[106.15862,66.40543],[106.18499,66.41002],[106.19489,66.42551],[106.25399,66.43102],[106.33697,66.47301],[106.31372,66.49736],[106.31588,66.50455],[106.32797,66.515],[106.31693,66.53204],[106.29299,66.55098],[106.24544,66.56944],[106.24697,66.577],[106.23913,66.59068],[106.25397,66.606],[106.22329,66.64464],[106.22209,66.65014],[106.2274,66.66065],[106.25898,66.67201],[106.25998,66.68599],[106.16952,66.71419],[106.1524,66.7322],[106.15497,66.7564],[106.18899,66.76702],[106.21596,66.80198],[106.12208,66.80299],[106.08468,66.78601],[106.0509,66.79499],[106.01471,66.79424],[106.00433,66.80092],[106.00586,66.80881],[106.09704,66.85709],[106.10697,66.876],[106.08699,66.89798],[106.041,66.90498],[106.01448,66.89304],[105.97573,66.90602],[105.85991,66.91617],[105.85185,66.92909],[105.86098,66.94201],[105.85699,66.94898],[105.69735,66.93106],[105.55779,66.98002],[105.55165,66.986],[105.55797,67.00299],[105.55297,67.00608],[105.55196,67.01112],[105.55792,67.01608],[105.62807,67.022],[105.66909,67.00902],[105.7669,67.02596],[105.87199,67.02501],[105.9489,67.036],[106.06698,67.11201],[106.07303,67.15785],[106.07944,67.16371],[106.21998,67.16702],[106.25099,67.17502],[106.28201,67.19484],[106.342,67.19602],[106.37806,67.21206],[106.43919,67.26159],[106.506,67.27102],[106.5436,67.28596],[106.55301,67.28194],[106.55702,67.26902],[106.58822,67.25797],[106.66292,67.24702],[106.71092,67.253],[106.72198,67.26001],[106.71914,67.27541],[106.73256,67.28786],[106.82698,67.33301],[106.84213,67.49459],[106.87898,67.66699],[106.87508,67.83319],[106.89099,67.91799],[106.89204,67.99472],[106.90602,68.0452],[106.92598,68.25387],[106.91098,68.85899],[106.60703,69.08898],[106.15918,69.40347],[106.15547,69.41279],[106.18658,69.4388],[106.26909,69.44904],[106.34399,69.47202],[106.35798,69.48901],[106.35704,69.50504],[106.3598,69.50973],[106.44291,69.55196],[106.45758,69.56936],[106.47886,69.57491],[106.59772,69.56263],[106.6116,69.5544],[106.6301,69.523],[106.68201,69.52101],[106.74472,69.52998],[106.85275,69.518],[106.95187,69.53993],[107.07101,69.55102],[107.17573,69.58188],[107.34055,69.60793],[107.4122,69.61104],[107.61016,69.65633],[107.8434,69.681],[107.95399,69.66402],[107.97613,69.68266],[108.02298,69.69502],[108.02345,69.70746],[108.03597,69.726],[108.01961,69.7404],[108.01834,69.74652],[108.05997,69.76601],[108.04978,69.77644],[108.05214,69.78412],[108.11899,69.78202],[108.1545,69.80897],[108.22999,69.82602],[108.23498,69.83401],[108.23411,69.8438],[108.24789,69.84895],[108.50687,69.83904],[108.54909,69.82602],[108.6372,69.834],[108.68924,69.824],[108.80485,69.826],[108.89636,69.83779],[108.91867,69.82608],[108.91202,69.80101],[108.92659,69.79343],[108.9441,69.76601],[109.12089,69.76398],[109.201,69.75002],[109.30899,69.77302],[109.32999,69.78701],[109.33896,69.80593],[109.33769,69.81297],[109.34042,69.81718],[109.38997,69.82202],[109.38488,69.83738],[109.39498,69.85501],[109.39547,69.87381],[109.41896,69.89399],[109.39068,69.90479],[109.38705,69.90984],[109.39074,69.91698],[109.41098,69.92901],[109.40818,69.95382],[109.41044,69.95947],[109.46157,69.98077],[109.53199,69.98902],[109.54798,70.00601],[109.55098,70.02792],[109.54799,70.03498],[109.5051,70.04896],[109.43342,70.04832],[109.36248,70.08049],[109.3588,70.08838],[109.36697,70.09601],[109.36105,70.11536],[109.36797,70.13199],[109.31042,70.14948],[109.31097,70.158],[109.30501,70.16646],[109.31298,70.17701],[109.3104,70.20301],[109.31733,70.20615],[109.44401,70.21202],[109.57799,70.24802],[109.622,70.28522],[109.61598,70.30799],[109.59808,70.32176],[109.60398,70.33499],[109.58515,70.34506],[109.58351,70.35237],[109.58871,70.35634],[109.64019,70.36683],[109.72599,70.36601],[109.8449,70.38496],[109.95301,70.38601],[109.99499,70.39302],[110.00434,70.40494],[110.01099,70.40797],[110.073,70.39302],[110.15947,70.407],[110.31698,70.40502],[110.3164,70.4168],[110.32497,70.427],[110.31299,70.43698],[110.20949,70.44985],[110.12331,70.47955],[110.12213,70.48497],[110.12898,70.50299],[110.09522,70.52192],[110.09249,70.52794],[110.09721,70.533],[110.15798,70.54202],[110.15698,70.55099],[110.13072,70.56587],[110.11715,70.58707],[110.12055,70.59419],[110.14997,70.60701],[110.13631,70.62426],[110.13612,70.62969],[110.1402,70.63372],[110.18199,70.63902],[110.21249,70.65602],[110.30999,70.66502],[110.35341,70.69109],[110.45224,70.70108],[110.51098,70.72102],[110.51298,70.73199],[110.508,70.73971],[110.51398,70.74501],[110.51423,70.75528],[110.51888,70.76151],[110.56701,70.76602],[110.62173,70.78188],[110.65414,70.78002],[110.76969,70.794],[110.79353,70.7918],[110.80901,70.78002],[110.8449,70.77802],[110.86208,70.78874],[111.02799,70.82602],[111.05498,70.84022],[111.19508,70.85599],[111.32582,70.85101],[111.37399,70.85701],[111.43498,70.87702],[111.44046,70.89134],[111.48166,70.92409],[111.57211,70.93698],[111.63899,70.93402],[111.65547,70.94561],[111.73826,70.96697],[111.801,70.95302],[111.86729,70.97196],[111.936,70.96902],[111.98398,70.99601],[112.00146,71.03157],[112.04095,71.05007],[112.10458,71.05466],[112.15638,71.0298],[112.16302,71.01801],[112.18177,71.00911],[112.24699,70.99502],[112.28098,71.02501],[112.2845,71.04121],[112.35508,71.06568],[112.46391,71.06601],[112.51251,71.09662],[112.5699,71.09002],[112.59599,71.09802],[112.60297,71.11299],[112.5343,71.1448],[112.51804,71.15814],[112.51891,71.16775],[112.66799,71.19102],[112.71113,71.22417],[112.72997,71.25],[112.72099,71.25998],[112.65665,71.27129],[112.63699,71.29398],[112.60501,71.29899],[112.50853,71.2811],[112.47424,71.28111],[112.46911,71.2839],[112.45399,71.30498],[112.38177,71.31326],[112.3573,71.3259],[112.35198,71.33799],[112.33701,71.34597],[112.25176,71.36727],[112.22199,71.38298],[112.15346,71.38308],[112.01298,71.40371],[112.00679,71.40771],[112.00398,72.12798],[111.97973,72.13017],[111.96791,72.13998],[111.8956,72.13404],[111.863,72.14698],[111.82472,72.14723],[111.79599,72.16598],[111.74606,72.16309],[111.71951,72.16855],[111.71389,72.17255],[111.71398,72.18299],[111.70605,72.18933],[111.70367,72.19529],[111.71997,72.213],[111.693,72.22598],[111.63112,72.21306],[111.60099,72.21639],[111.59795,72.22443],[111.60858,72.23219],[111.67297,72.25901],[111.66299,72.27698],[111.64873,72.28446],[111.64498,72.30198],[111.59156,72.31303],[111.57599,72.32898],[111.51808,72.33399],[111.48448,72.328],[111.45401,72.33198],[111.43621,72.32203],[111.32682,72.32104],[111.3076,72.3312],[111.30398,72.34498],[111.25827,72.34303],[111.17198,72.36598],[111.06171,72.37205],[111.05798,72.38298],[111.04873,72.38623],[111.04678,72.39308],[111.05096,72.39724],[111.07399,72.40402],[111.07897,72.41499],[111.04193,72.42684],[111.03883,72.43222],[111.04164,72.43718],[111.136,72.44402],[111.16177,72.45676],[111.24391,72.47099],[111.25599,72.47986],[111.28899,72.48102],[111.30798,72.49401],[111.30515,72.50377],[111.31296,72.51299],[111.25279,72.52609],[111.24832,72.53021],[111.2459,72.54002],[111.1799,72.56299],[111.02728,72.56804],[110.963,72.58598],[110.93169,72.57618],[110.92016,72.57785],[110.91606,72.58162],[110.91899,72.5899],[110.91399,72.59698],[110.89458,72.60019],[110.89049,72.60518],[110.89447,72.61245],[110.91298,72.62002],[110.91198,72.63598],[110.77831,72.64901],[110.72769,72.68154],[110.72298,72.70099],[110.70753,72.71203],[110.70798,72.73199],[110.68124,72.75546],[110.68285,72.76259],[110.69196,72.77099],[110.67291,72.77817],[110.66983,72.78454],[110.67552,72.79013],[110.73799,72.79702],[110.75097,72.81099],[110.73429,72.82158],[110.73398,72.83398],[110.68245,72.84181],[110.67032,72.84879],[110.66755,72.85492],[110.67199,72.86091],[110.66899,72.86799],[110.65212,72.87553],[110.64972,72.88183],[110.65406,72.88626],[110.70425,72.89879],[110.7549,72.89601],[110.79002,72.90889],[110.81999,72.90702],[110.83214,72.92577],[110.85056,72.92797],[110.87,72.92203],[110.91198,72.93601],[110.91098,72.94499],[110.89091,72.95599],[110.85309,72.951],[110.84471,72.94467],[110.8219,72.95699],[110.72948,72.95924],[110.71534,72.96562],[110.70313,72.98573],[110.70625,72.9926],[110.72399,72.99602],[110.73954,73.01567],[110.81299,73.01502],[110.85698,73.04401],[110.86298,73.05998],[110.81001,73.0716],[110.80199,73.09098],[110.79492,73.0933],[110.79236,73.09827],[110.79657,73.10394],[110.82298,73.10702],[110.82568,73.1189],[110.84298,73.13001],[110.84032,73.14128],[110.85397,73.16398],[110.80813,73.168],[110.73053,73.159],[110.65276,73.16998],[110.56809,73.16399],[110.53514,73.15417],[110.41826,73.16198],[110.38565,73.1573],[110.38149,73.16131],[110.38197,73.16698],[110.37085,73.16813],[110.36676,73.172],[110.36712,73.17671],[110.37197,73.181],[110.36678,73.19037],[110.37122,73.19679],[110.58507,73.23603],[110.62698,73.25102],[110.63098,73.26999],[110.58021,73.29589],[110.56372,73.29944],[110.56184,73.30547],[110.56696,73.31198],[110.54973,73.31979],[110.54863,73.32492],[110.55197,73.32901],[110.54499,73.33798],[110.46472,73.34005],[110.45098,73.35297],[110.41234,73.34405],[110.365,73.35998],[110.3289,73.35504],[110.32409,73.35807],[110.31999,73.36698],[110.26324,73.36711],[110.24599,73.38198],[110.21622,73.38006],[110.21101,73.38343],[110.21097,73.38859],[110.21534,73.392],[110.30608,73.40199],[110.3629,73.40298],[110.43002,73.39202],[110.5609,73.402],[110.567,73.40983],[110.61309,73.41504],[110.68091,73.43798],[110.68398,73.45299],[110.68096,73.45978],[110.69497,73.47001],[110.69116,73.47894],[110.69417,73.48429],[110.72698,73.48902],[110.72659,73.49786],[110.73256,73.50207],[110.81799,73.50802],[110.84497,73.528],[110.83984,73.53554],[110.84198,73.54175],[110.87798,73.54602],[110.8806,73.55631],[110.88604,73.55988],[110.93177,73.56087],[110.96209,73.55001],[111.01095,73.55301],[111.18379,73.58796],[111.1894,73.5974],[111.19509,73.60075],[111.22308,73.59503],[111.29598,73.61202],[111.29798,73.61999],[111.28799,73.62598],[111.23799,73.62213],[111.23243,73.62457],[111.22599,73.63398],[111.20112,73.63095],[111.19711,73.63724],[111.19698,73.65599],[111.18799,73.66798],[111.11829,73.66613],[111.10399,73.67798],[111.02145,73.68401],[111.0166,73.68699],[111.01199,73.69698],[110.94901,73.70799],[110.88771,73.70102],[110.83818,73.70797],[110.80772,73.71397],[110.79,73.728],[110.82066,73.74469],[110.90907,73.76404],[110.99575,73.80799],[111.06346,73.819],[111.13993,73.81575],[111.21509,73.768],[111.49642,73.74482],[111.76208,73.658],[112.09303,73.635],[112.47701,73.65901],[112.99615,73.77896],[113.21889,73.74797],[113.22398,73.74446],[113.30797,73.61022],[113.30836,73.52281],[113.26107,73.48804],[113.24103,73.464],[113.25448,73.45452],[113.27401,73.43302],[113.29301,73.42102],[113.30944,73.41555],[113.31217,73.38287],[113.547,73.20102],[114.18761,73.55094],[114.93397,73.56],[115.61122,73.62499],[116.67106,73.61899],[117.53502,73.549],[118.45365,73.51865],[118.45743,73.51519],[118.45761,73.50994],[118.33902,73.18601],[118.49809,73.036],[119.41832,72.96694],[119.79773,72.91204],[120.57811,72.835],[121.69878,72.89999],[122.24331,72.90899],[122.88227,72.753],[123.51497,73.17201],[123.44233,73.32937],[123.41115,73.4743],[123.41381,73.48121],[124.22175,73.6969],[124.4571,73.70497],[124.81835,73.65789],[125.33589,73.5237],[125.71709,73.39801],[126.48692,73.383],[127.09706,73.41599],[127.71737,73.40199],[128.31256,73.20847],[128.49545,73.12721],[128.49914,73.12206],[128.52312,72.95458],[128.5169,72.95067],[128.16977,72.89695],[127.31279,72.71394],[126.21601,72.38198],[126.11104,72.28001],[126.22526,72.24898],[126.68998,72.219],[127.12185,72.21196],[127.41873,72.14165],[127.71402,72.00999],[128.16979,71.83208],[128.43153,71.75503],[129.35496,71.17604],[130.17177,70.8151],[130.77908,70.67801],[131.05499,70.68602],[131.41277,70.86388],[131.44337,70.88917],[131.51907,70.92907],[131.57511,70.97512],[131.68487,71.0967],[131.79198,71.18799],[131.87258,71.26559],[131.89199,71.27202],[131.89762,71.2896],[132.28367,71.66065],[132.55593,71.8089],[132.67877,71.80212],[132.68447,71.79956],[132.79102,71.59202],[133.13792,71.45304],[133.74397,71.32301],[134.24105,71.26201],[134.62314,71.30104],[135.50934,71.51184],[135.86118,71.54298],[136.22756,71.51289],[136.76489,71.406],[137.6301,71.07503],[137.77099,71.09901],[137.85468,71.12988],[138.07592,71.24597],[138.17497,71.36199],[138.11827,71.3839],[138.11467,71.38761],[138.11886,71.46479],[138.12175,71.47079],[138.44503,71.60986],[138.67623,71.61775],[138.90001,71.503],[139.15909,71.41801],[139.74499,71.40402],[139.79,71.52968],[139.82394,71.541],[139.80793,71.54808],[139.80068,71.5573],[139.82596,71.62808],[139.73968,71.83799],[139.80596,72.00092],[139.84798,72.23598],[139.33931,72.16406],[139.09729,72.164],[139.06652,72.18584],[139.04453,72.21394],[139.04018,72.2253],[139.03901,72.24129],[139.0461,72.26131],[139.16948,72.34401],[139.31074,72.38289],[139.75493,72.42298],[140.21499,72.43201],[140.58875,72.49496],[140.79734,72.58169],[140.86099,72.58702],[140.88298,72.60002],[140.88419,72.61308],[140.88906,72.61943],[141.29442,72.787],[141.4095,72.78693],[142.20009,72.67899],[143.81898,72.533],[144.26809,72.50197],[144.56205,72.45601],[145.57149,72.4255],[145.57335,72.41957],[145.56852,72.41446],[144.82107,72.14301],[145.20984,72.121],[145.66597,72.15987],[145.755,72.123],[145.70206,72.08302],[145.75243,72.089],[145.799,72.078],[145.68116,71.92951],[145.67404,71.9256],[145.26601,71.84298],[144.8811,71.72302],[144.80123,71.59099],[145.10098,71.57602],[145.33418,71.63102],[145.74618,71.69406],[146.18613,71.84207],[146.91684,72.20197],[148.15988,72.196],[148.69731,72.16604],[149.10379,72.08904],[149.52726,72.0281],[149.62194,71.94207],[149.70652,71.9022],[149.70968,71.89808],[149.70869,71.8931],[149.43794,71.82029],[149.38907,71.84894],[149.37102,71.85198],[149.35925,71.83625],[149.33015,71.81258],[149.23724,71.78309],[149.21405,71.76178],[148.71106,71.629],[148.96208,71.56799],[149.71481,71.43803],[150.69413,71.34693],[151.11733,71.25536],[151.4791,71.08581],[151.64508,70.89396],[151.89882,70.73311],[152.1341,70.66401],[152.79098,70.681],[153.40514,70.72802],[155.04894,70.93899],[156.04279,70.98699],[157.39733,70.92797],[158.07784,70.86701],[158.40879,70.81393],[158.9341,70.62298],[159.22698,70.54822],[159.46561,70.39442],[159.62446,70.22365],[159.62697,70.21741],[159.57285,69.9996],[159.44421,69.7639],[159.67309,69.652],[160.01703,69.622],[160.3931,69.61597],[160.67845,69.5777],[160.68099,69.57246],[160.67402,69.27001],[160.86201,69.08302],[161.078,69.136],[161.06404,69.12101],[161.08799,69.11702],[161.08998,69.12099],[161.08,69.137],[161.17107,69.15907],[161.41978,69.35588],[161.96058,69.52786],[162.11959,69.55793],[162.30541,69.53632],[162.32409,69.51096],[162.40368,69.4628],[162.40368,69.45576],[162.39752,69.44653],[162.36302,69.42599],[162.36502,69.41302],[162.49402,69.38262],[162.50593,69.37112],[162.51602,69.32201],[162.53693,69.30307],[162.64779,69.26453],[162.77003,69.19919],[162.77189,69.19304],[162.76728,69.18764],[162.70709,69.17102],[162.65722,69.14623],[162.59391,69.14397],[162.52208,69.12202],[162.50002,69.10499],[162.49302,69.07401],[162.50601,69.06202],[162.54269,69.04879],[162.54242,69.04208],[162.52703,69.01599],[162.53302,68.99601],[162.69977,68.93908],[162.7635,68.92496],[162.7689,68.91859],[162.76802,68.89801],[162.77702,68.88602],[162.82886,68.87101],[162.8327,68.86599],[162.82998,68.86033],[162.73877,68.80203],[162.69011,68.79702],[162.60009,68.80998],[162.59202,68.80399],[162.59003,68.76391],[162.60602,68.70201],[162.62709,68.68698],[162.68315,68.66716],[162.71524,68.6123],[162.71589,68.60566],[162.69265,68.5819],[162.63002,68.55199],[162.57802,68.50999],[162.58654,68.45415],[162.52902,68.40099],[162.52401,68.38291],[162.52815,68.36485],[162.52589,68.35968],[162.45502,68.33599],[162.4155,68.31442],[162.2207,68.34614],[162.17891,68.36],[161.71418,68.37792],[161.65292,68.39499],[161.40602,68.41698],[161.22408,68.38901],[161.11071,68.34033],[161.04402,68.32699],[160.99622,68.30604],[159.84909,68.28199],[159.80502,68.26399],[159.79465,68.22212],[159.77943,68.2141],[159.74523,68.21745],[159.69391,68.24399],[159.55201,68.24399],[159.45671,68.22671],[159.10996,68.19599],[159.01201,68.17699],[158.93446,68.14903],[158.63205,68.14699],[158.41804,68.116],[158.25401,68.07298],[158.23502,68.05399],[158.22644,68.0047],[158.18878,67.95997],[158.16101,67.94538],[158.06302,67.92498],[158.04701,67.88476],[158.04802,67.86201],[158.06401,67.84302],[158.09309,67.83501],[158.20452,67.836],[158.25345,67.8278],[158.29301,67.77903],[158.31655,67.7604],[158.31685,67.75296],[158.29796,67.74316],[158.15077,67.72502],[158.06399,67.74099],[157.92308,67.74099],[157.8041,67.71002],[157.78219,67.67721],[157.74201,67.66198],[157.72896,67.6489],[157.71303,67.61601],[157.72914,67.60158],[157.73069,67.59442],[157.71196,67.57792],[157.68603,67.53802],[157.74733,67.50467],[157.75102,67.47002],[157.86001,67.44797],[157.87684,67.43705],[157.87765,67.43105],[157.86974,67.41432],[157.78907,67.36204],[157.77803,67.347],[157.79308,67.32395],[157.86701,67.26302],[157.9585,67.25278],[158.06396,67.21402],[158.16592,67.18874],[158.20901,67.16102],[158.29614,67.14294],[158.35101,67.11202],[158.46497,67.11086],[158.69877,67.05105],[158.74302,67.011],[158.79508,66.9788],[158.79661,66.96687],[158.77802,66.94399],[158.78302,66.91801],[158.80309,66.89796],[158.85437,66.87182],[158.86202,66.83701],[158.89461,66.81034],[158.89403,66.79508],[158.80226,66.75099],[158.71301,66.73498],[158.68201,66.70398],[158.62433,66.61497],[158.59608,66.59671],[158.52693,66.57293],[158.47308,66.52306],[158.46112,66.49033],[158.45704,66.48633],[158.38393,66.47096],[158.35802,66.45799],[158.35402,66.447],[158.36301,66.43602],[158.41295,66.4214],[158.52692,66.35506],[158.64123,66.34476],[158.774,66.27902],[158.88699,66.25901],[158.99264,66.2559],[159.16541,66.22889],[159.18781,66.21513],[159.19917,66.19172],[159.18912,66.15246],[159.12284,66.09696],[159.04902,66.05199],[159.00107,65.98308],[158.98715,65.93916],[158.92402,65.89798],[158.92101,65.84209],[158.93173,65.81675],[158.88503,65.78499],[158.90596,65.74709],[158.91879,65.73913],[159.2501,65.663],[159.37673,65.6528],[159.7367,65.55808],[159.8329,65.52405],[159.9966,65.51797],[160.02672,65.50964],[160.16868,65.44497],[160.181,65.42629],[160.16802,65.40499],[160.16502,65.38001],[160.20593,65.34407],[160.28315,65.31726],[160.41328,65.24838],[160.43202,65.21601],[160.47993,65.1949],[160.51801,65.16102],[160.68783,65.144],[161.00976,65.16499],[161.28142,65.13584],[161.3629,65.11088],[161.39294,65.07709],[161.41608,65.06399],[161.64451,65.00773],[161.68728,64.98941],[161.7126,64.9608],[161.71001,64.9301],[161.71702,64.91301],[161.76683,64.87412],[161.78102,64.83502],[161.80802,64.82201],[161.86599,64.80802],[162.20924,64.76609],[162.292,64.73702],[162.51003,64.747],[162.55426,64.74189],[162.62253,64.72301],[162.66401,64.68202],[162.73509,64.656],[162.99681,64.64401],[163.04608,64.65004],[163.10292,64.67497],[163.12198,64.69101],[163.14198,64.76999],[163.11419,64.7821],[163.11369,64.78839],[163.12098,64.79674],[163.20139,64.81897],[163.25208,64.80601],[163.34699,64.81402],[163.43414,64.86778],[163.47698,64.88402],[163.48783,64.90953],[163.50861,64.92402],[163.58569,64.92689],[163.663,64.88902],[163.79141,64.88789],[163.83201,64.86403],[163.8728,64.86],[163.9371,64.86998],[164.02299,64.87002],[164.06008,64.89486],[164.13699,64.89602],[164.15763,64.92239],[164.1874,64.929],[164.45632,64.87235],[164.5121,64.83399],[164.66424,64.80368],[164.70501,64.78002],[164.79448,64.7668],[164.80902,64.74801],[164.84697,64.73084],[164.84103,64.69801],[164.881,64.68102],[165.02198,64.69102],[165.03498,64.74599],[165.01197,64.77387],[165.01004,64.78051],[165.02805,64.8323],[165.03297,64.83757],[165.12444,64.852],[165.26271,64.84596],[165.2831,64.84023],[165.33241,64.80759],[165.33352,64.79857],[165.32003,64.78001],[165.35801,64.75602],[165.41076,64.75589],[165.45822,64.737],[165.48399,64.73902],[165.51929,64.766],[165.57,64.74802],[165.64251,64.755],[165.68432,64.74827],[165.73776,64.71815],[165.73302,64.689],[165.7411,64.67396],[165.82783,64.63109],[165.86661,64.61842],[165.86804,64.61288],[165.86367,64.6079],[165.81802,64.59498],[165.81402,64.585],[165.82508,64.57097],[165.8701,64.55001],[166.0579,64.55701],[166.09478,64.57477],[166.13599,64.58202],[166.16227,64.60162],[166.19848,64.604],[166.291,64.59003],[166.3471,64.59998],[166.40614,64.59592],[166.60975,64.54806],[166.72185,64.54796],[166.807,64.52802],[166.86181,64.54202],[167.00909,64.54605],[167.06491,64.56697],[167.09997,64.59459],[167.15842,64.61374],[167.2351,64.61797],[167.27485,64.58797],[167.28402,64.56701],[167.33664,64.53938],[167.37001,64.49002],[167.41308,64.477],[167.50407,64.47243],[167.51409,64.45397],[167.59339,64.41956],[167.61621,64.38587],[167.66993,64.35205],[167.71292,64.33604],[167.81296,64.34576],[167.87301,64.31502],[168.02525,64.281],[168.15299,64.28602],[168.17598,64.30301],[168.19285,64.32882],[168.22369,64.34097],[168.26038,64.33987],[168.345,64.31602],[168.40666,64.321],[168.49501,64.31298],[168.52037,64.30158],[168.59181,64.2292],[168.62292,64.21006],[168.74476,64.19192],[168.76932,64.18259],[168.77207,64.17642],[168.76402,64.14601],[168.80231,64.11868],[168.83523,64.0777],[168.84502,64.03501],[168.85809,64.02198],[169.11091,63.94803],[169.24883,63.95],[169.34169,63.9422],[169.34474,63.93408],[169.33603,63.92],[169.35751,63.90206],[169.35802,63.88301],[169.36801,63.87001],[169.39409,63.858],[169.48448,63.8448],[169.54045,63.81353],[169.53702,63.764],[169.55897,63.72817],[169.54803,63.69801],[169.58483,63.66415],[169.58667,63.65947],[169.58225,63.65379],[169.51002,63.63298],[169.49302,63.608],[169.50216,63.58627],[169.49024,63.57359],[169.406,63.56398],[169.33976,63.53911],[169.26091,63.53896],[169.2032,63.52006],[169.14302,63.48699],[169.09637,63.44461],[169.00478,63.39744],[168.93502,63.37498],[168.87854,63.33098],[168.78502,63.30398],[168.77802,63.29],[168.78695,63.25884],[168.77746,63.24769],[168.77211,63.24611],[168.714,63.25298],[168.68402,63.24498],[168.67902,63.22501],[168.70478,63.206],[168.70681,63.20067],[168.70438,63.19614],[168.59501,63.18998],[168.55708,63.1402],[168.46102,63.09799],[168.45502,63.088],[168.46002,63.07502],[168.50924,63.04893],[168.61399,63.02002],[168.66549,63.01678],[168.79396,62.97002],[168.92491,62.93903],[169.00298,62.95301],[169.04729,62.96987],[169.12355,62.96772],[169.22592,62.91006],[169.30552,62.89379],[169.37425,62.87021],[169.3971,62.83898],[169.51428,62.80828],[169.57524,62.77394],[169.59302,62.74101],[169.65492,62.70406],[169.71046,62.69631],[169.84091,62.65104],[169.89556,62.66],[169.955,62.65302],[170.00864,62.67198],[170.05249,62.66296],[170.0564,62.6584],[170.0546,62.65249],[170.03102,62.64199],[170.03688,62.62027],[170.03535,62.61457],[169.98606,62.56206],[169.98202,62.54301],[169.99801,62.52602],[170.03406,62.5195],[170.08348,62.4853],[170.08375,62.47951],[170.07751,62.47202],[170.03602,62.46198],[170.03708,62.44395],[170.0591,62.42798],[170.11326,62.41118],[170.11597,62.40611],[170.11602,62.37901],[170.14887,62.35756],[170.15602,62.33802],[170.21188,62.32764],[170.26001,62.28102],[170.305,62.27402],[170.38145,62.30573],[170.42102,62.30887],[170.48092,62.29403],[170.56817,62.29787],[170.74382,62.27693],[170.848,62.24302],[170.86999,62.24902],[170.90559,62.27505],[171.07999,62.28502],[171.08798,62.29101],[171.08698,62.30099],[171.04459,62.32891],[171.04815,62.33708],[171.0617,62.34185],[171.1589,62.33601],[171.21989,62.36298],[171.24134,62.35766],[171.23902,62.32901],[171.258,62.32102],[171.29409,62.32405],[171.35884,62.35052],[171.36667,62.34459],[171.36502,62.33101],[171.37701,62.31902],[171.486,62.30702],[171.53114,62.32391],[171.617,62.33502],[171.65259,62.35589],[171.69739,62.36403],[171.85799,62.37702],[171.86997,62.38401],[171.86222,62.39823],[171.87143,62.40778],[171.96791,62.42599],[171.98801,62.44593],[172.00786,62.45549],[172.05437,62.461],[172.20459,62.44609],[172.26192,62.40707],[172.294,62.39802],[172.4861,62.43473],[172.538,62.41602],[172.70122,62.39794],[172.78501,62.34102],[172.853,62.32702],[172.88098,62.33802],[172.88451,62.37614],[172.9049,62.38782],[172.92966,62.38884],[173.013,62.36902],[173.03907,62.37304],[173.08652,62.39591],[173.172,62.39002],[173.19099,62.39902],[173.2176,62.43185],[173.421,62.48602],[173.5048,62.52871],[173.603,62.51002],[173.68756,62.52904],[173.79636,62.51051],[173.7999,62.50452],[173.79502,62.49001],[173.8507,62.4611],[173.85902,62.44102],[173.871,62.43603],[174.07542,62.44077],[174.08985,62.38675],[174.08843,62.34479],[174.08368,62.34056],[174.03301,62.32398],[174.00503,62.278],[174.07302,62.20601],[174.10547,62.18596],[174.09302,62.147],[174.119,62.10567],[174.10303,62.07601],[174.11624,62.06898],[174.22691,62.06101],[174.29243,62.0897],[174.32671,62.0877],[174.3359,62.07725],[174.34402,62.04102],[174.45779,61.98311],[174.45803,61.97387],[174.43802,61.94899],[174.44602,61.91101],[174.45601,61.90002],[174.49345,61.89336],[174.50399,61.87762],[174.50086,61.87199],[174.48506,61.86413],[174.44702,61.86198],[174.43949,61.84237],[174.34907,61.79903],[174.31575,61.77156],[174.29835,61.76513],[174.26629,61.76121],[174.208,61.76498],[174.17058,61.75292],[174.14701,61.75098],[174.13857,61.74168],[174.12497,61.73379],[174.06194,61.71695],[174.05488,61.71185],[174.03477,61.68531],[174.01118,61.6686],[173.94301,61.65798],[173.90527,61.63636],[173.84099,61.61313],[173.77424,61.61139],[173.75961,61.6288],[173.75498,61.65398],[173.65657,61.67323],[173.58709,61.70495],[173.5712,61.70407],[173.56592,61.69778],[173.55554,61.6642],[173.54539,61.64419],[173.53402,61.63199],[173.544,61.603],[173.48091,61.60096],[173.34201,61.55198],[173.12637,61.36943],[173.07314,61.34551],[172.97703,61.37198],[172.98502,61.35401],[173.00136,61.33328],[173.00337,61.31658],[172.91763,61.27832],[172.49201,61.26298],[172.10821,60.98315],[171.99751,60.85699],[171.76875,60.7952],[171.74225,60.80006],[171.68923,60.77325],[171.24801,60.65398],[171.12174,60.51044],[171.08324,60.51],[171.06918,60.50704],[170.99803,60.47942],[170.9635,60.4711],[170.84701,60.46398],[170.84002,60.45699],[170.83781,60.43492],[170.82859,60.4186],[170.81215,60.40558],[170.78304,60.39343],[170.52005,60.34],[170.33701,60.27698],[170.26802,60.14499],[170.2721,60.01435],[170.11791,59.91814],[170.09516,59.92393],[170.06667,59.94533],[170.05738,59.96135],[170.05078,59.99312],[170.03301,60.00098],[169.98216,60.00305],[169.94359,60.01051],[169.93159,60.01531],[169.90407,60.03696],[169.86699,60.08898],[169.82648,60.12752],[169.80706,60.1544],[169.80024,60.16967],[169.79493,60.20204],[169.73239,60.23081],[169.70785,60.25129],[169.70017,60.26426],[169.69498,60.28899],[169.67659,60.30489],[169.66079,60.33003],[169.65603,60.36075],[169.65698,60.37799],[169.64999,60.38198],[169.58732,60.39656],[169.54999,60.42098],[169.51871,60.42101],[169.50536,60.42391],[169.3379,60.48501],[169.27833,60.49396],[169.24527,60.50398],[169.23194,60.51209],[169.208,60.53698],[169.18752,60.52201],[169.16929,60.51701],[168.97498,60.524],[168.75339,60.52001],[168.70256,60.50312],[168.6456,60.503],[168.60835,60.50838],[168.55774,60.53507],[168.52295,60.544],[168.48236,60.54896],[168.2873,60.546],[168.24314,60.53509],[168.10375,60.52194],[167.84456,60.46112],[167.80901,60.46297],[167.79916,60.45451],[167.78439,60.44785],[167.75529,60.44107],[167.72491,60.43895],[167.65509,60.40906],[167.59969,60.39618],[167.54287,60.39403],[167.50801,60.40398],[167.49803,60.3911],[167.48156,60.38056],[167.43479,60.37008],[167.413,60.37497],[167.39802,60.36171],[167.37353,60.3522],[167.36048,60.349],[167.335,60.35198],[167.30079,60.32852],[167.23545,60.30993],[167.18644,60.30512],[167.14246,60.31523],[167.10201,60.32998],[167.09198,60.30402],[167.07561,60.28681],[167.02811,60.27107],[166.98902,60.26498],[166.97915,60.23897],[166.95798,60.21602],[166.93625,60.20435],[166.86401,60.17798],[166.83253,60.1526],[166.27049,59.83385],[166.15967,59.77712],[166.10844,59.77712],[166.09234,59.78047],[166.07603,59.79005],[166.05675,59.82115],[166.05101,59.86516],[166.05419,59.92208],[166.07106,59.9586],[166.09997,59.99201],[166.09401,60.01671],[166.09695,60.05176],[166.13001,60.14151],[166.15874,60.178],[166.18523,60.19511],[166.23297,60.21801],[166.21737,60.24569],[166.20805,60.28216],[166.21038,60.30165],[166.22395,60.32908],[166.21304,60.34792],[166.19103,60.36801],[166.18451,60.38159],[166.18298,60.39697],[166.11474,60.38794],[166.07408,60.37801],[165.99293,60.32176],[165.9558,60.31123],[165.78,60.35398],[165.50045,60.17095],[165.48701,60.16898],[165.47663,60.15779],[165.42456,60.12529],[165.32001,60.09498],[165.30444,60.08456],[165.11281,60.03093],[164.93309,59.96203],[164.88749,59.7584],[164.88242,59.75182],[164.85069,59.73918],[164.83973,59.73716],[164.79566,59.74059],[164.78193,59.74608],[164.76031,59.76323],[164.74601,59.78159],[164.73186,59.80785],[164.72311,59.83424],[164.72498,59.85499],[164.70994,59.88507],[164.68299,59.927],[164.65899,59.95198],[164.59722,59.98508],[164.5232,60.04085],[164.50016,60.05391],[164.47798,60.06198],[164.45196,60.06499],[164.42501,60.06098],[164.41502,60.04399],[164.41895,60.02416],[164.41045,59.99768],[164.36836,59.95095],[164.34431,59.94147],[164.33583,59.94501],[164.32779,59.96111],[164.11009,60.07799],[163.96646,59.98842],[163.92399,59.98898],[163.85638,59.97514],[163.84201,59.97698],[163.82547,59.95248],[163.78394,59.92493],[163.74128,59.88118],[163.51602,59.85599],[163.38901,59.81398],[163.10601,59.57898],[163.04302,59.462],[163.10001,59.35901],[163.255,59.29],[163.17982,59.24852],[163.12207,59.23501],[163.146,59.23],[162.83521,59.05612],[162.75305,58.96602],[162.907,58.891],[162.61598,58.73299],[162.22009,58.48604],[161.93795,58.25893],[161.804,58.10178],[161.80002,57.86301],[161.98901,57.72002],[162.20321,57.679],[162.82658,57.70097],[163.07581,57.62706],[163.0814,57.62285],[163.12435,57.55693],[163.12269,57.54686],[162.9302,57.37296],[162.86308,57.34203],[162.84329,57.32058],[162.59302,57.16999],[162.512,57.03323],[162.613,56.80301],[162.74401,56.60002],[163.09813,56.55763],[163.17195,56.38437],[163.16488,56.106],[163.02035,55.95828],[162.91902,55.96925],[162.86808,55.99495],[162.80872,56.00782],[162.79336,56.0148],[162.71747,56.07453],[162.70866,56.08786],[162.69898,56.11299],[162.66132,56.1309],[162.61699,56.17198],[162.598,56.174],[162.72193,56.34192],[162.697,56.343],[162.71441,56.3784],[162.73792,56.39481],[162.78339,56.40486],[162.80691,56.40601],[162.73098,56.42998],[162.69081,56.43293],[162.68302,56.42998],[162.66477,56.40578],[162.65191,56.39546],[162.58069,56.37718],[162.54201,56.3814],[162.52201,56.39098],[162.50807,56.381],[162.53663,56.37505],[162.55453,56.36723],[162.572,56.347],[162.52192,56.34895],[162.31682,56.23985],[161.86087,55.86084],[161.60902,55.55698],[161.50304,55.28808],[161.64701,54.98502],[161.93711,54.84581],[162.00534,54.74293],[162.00485,54.73348],[161.87765,54.56606],[161.65697,54.46416],[161.631,54.47398],[161.58329,54.46601],[161.47501,54.46599],[161.36857,54.44412],[161.31515,54.44001],[161.30502,54.44025],[161.26514,54.45175],[161.24591,54.46302],[161.21311,54.47397],[161.18479,54.49837],[161.17229,54.52144],[161.16898,54.53398],[161.13999,54.54698],[161.06984,54.54697],[160.90084,54.52196],[160.75901,54.48798],[160.74529,54.47865],[160.66154,54.44159],[160.404,54.36797],[160.02678,54.15285],[159.93087,54.08588],[159.69508,53.85906],[159.63302,53.706],[159.68316,53.57984],[159.90429,53.39951],[159.92187,53.30196],[159.89646,53.24143],[159.72865,53.18206],[159.71999,53.18698],[159.70519,53.1872],[159.62891,53.20699],[159.59876,53.20495],[159.49197,53.18098],[159.47813,53.17309],[159.44606,53.14109],[159.43002,53.13042],[159.29891,53.12296],[159.27861,53.11357],[159.22029,53.09523],[159.17787,53.08695],[159.07291,53.04897],[158.78797,52.95898],[158.46102,52.82598],[158.43202,52.713],[158.46195,52.58589],[158.39023,52.20536],[158.25648,52.01552],[157.89867,51.6668],[157.21134,51.22986],[156.82631,51.00477],[156.69988,50.95989],[156.69387,50.96335],[156.689,50.97591],[156.71597,51.008],[156.70825,51.02465],[156.70698,51.03798],[156.69081,51.0406],[156.67007,51.05501],[156.66075,51.07114],[156.65112,51.1092],[156.65295,51.13562],[156.66798,51.16699],[156.65455,51.17766],[156.62699,51.20898],[156.57777,51.21315],[156.57219,51.2169],[156.56454,51.23286],[156.47505,51.60379],[156.44322,51.6905],[156.451,51.7759],[156.43601,51.95083],[156.39094,52.20317],[156.32902,52.37791],[156.26817,52.44483],[156.24999,52.47415],[156.23209,52.52486],[156.2332,52.54081],[156.23898,52.55499],[156.2228,52.57241],[156.20898,52.606],[156.18576,52.64448],[156.11865,52.77871],[156.06285,52.92161],[156.04898,53.03404],[156.00709,53.20686],[156.00199,53.28003],[155.99,53.36096],[155.93819,53.56329],[155.92104,53.65691],[155.918,53.72291],[155.89023,53.83021],[155.88798,53.84899],[155.86422,53.89127],[155.83661,53.96657],[155.83599,54.01391],[155.82396,54.05407],[155.76241,54.18023],[155.68108,54.4098],[155.58996,54.75722],[155.59105,54.79984],[155.59497,54.816],[155.57188,54.85036],[155.56111,54.88633],[155.50105,55.28116],[155.50513,55.37471],[155.53636,55.52902],[155.57396,55.64891],[155.60302,55.92707],[155.61942,55.97877],[155.63598,56.01001],[155.63502,56.03207],[155.63827,56.05456],[155.66893,56.11017],[155.69198,56.13302],[155.69537,56.16231],[155.71107,56.19206],[155.71998,56.20201],[155.73442,56.26877],[155.76598,56.31401],[155.82113,56.45508],[156.23595,56.75695],[156.55798,56.94701],[156.81486,57.25983],[156.83602,57.29626],[156.94594,57.43393],[156.92901,57.5309],[156.90045,57.58887],[156.89701,57.60159],[156.90027,57.60732],[157.51097,57.745],[157.96208,57.88303],[158.3261,58.02705],[159.10384,58.42492],[159.39317,58.61017],[159.58593,58.80294],[159.62086,58.88468],[159.66691,58.89898],[159.69214,58.91818],[159.69898,58.92701],[159.70298,58.95491],[159.69,58.974],[160.84398,59.55399],[161.53485,59.94191],[161.70092,60.07295],[161.77732,60.19932],[161.86999,60.24502],[161.87584,60.25084],[161.85738,60.26463],[161.849,60.279],[162.38392,60.46471],[163.32899,60.69502],[163.43947,60.88049],[163.53164,60.90791],[163.59393,60.91701],[163.522,60.943],[163.79298,61.12802],[163.83098,61.23299],[163.793,61.248],[163.89698,61.27701],[163.89819,61.30408],[163.91215,61.3331],[163.92547,61.34423],[163.96297,61.36201],[163.93399,61.38698],[163.85308,61.40299],[163.84319,61.39912],[163.81878,61.37708],[163.79547,61.36721],[163.77771,61.363],[163.76035,61.36538],[163.74546,61.37341],[163.71959,61.39912],[163.70417,61.42626],[163.70209,61.45014],[163.70928,61.47831],[163.92195,61.71477],[163.93387,61.71797],[163.984,61.71002],[164.00298,61.71702],[164.01397,61.75595],[164.01799,61.79191],[163.99542,61.82523],[163.99306,61.85112],[164.00416,61.8751],[164.03316,61.89616],[164.04198,61.91001],[164.03318,61.93631],[164.03398,61.94999],[164.0248,61.96698],[164.02301,62.00029],[164.02638,62.01565],[164.03208,62.02508],[164.04998,62.04001],[164.04598,62.05299],[164.03175,62.07514],[164.03005,62.09684],[164.04297,62.13189],[164.06143,62.14867],[164.27635,62.22294],[165.05486,62.25999],[165.28581,62.28813],[165.06699,62.43598],[164.512,62.494],[164.535,62.501],[164.58708,62.50003],[164.63613,62.51297],[164.74484,62.50995],[164.87319,62.48295],[164.91699,62.46601],[164.94573,62.46006],[164.992,62.453],[165.0349,62.45301],[164.96964,62.46885],[164.91579,62.48803],[164.75392,62.50928],[164.67892,62.54809],[164.63699,62.59198],[164.59105,62.61377],[164.57899,62.62398],[164.51968,62.62605],[164.44191,62.63999],[164.385,62.64098],[164.32962,62.61529],[164.31387,62.61103],[164.23198,62.61],[164.10983,62.601],[164.06301,62.60497],[164.02152,62.58621],[163.99602,62.57898],[163.98723,62.56402],[163.96828,62.54964],[163.91814,62.53509],[163.89692,62.53528],[163.8499,62.55399],[163.77001,62.55199],[163.67545,62.53706],[163.63191,62.53796],[163.53893,62.50928],[163.47784,62.49505],[163.45735,62.49838],[163.424,62.51398],[163.40062,62.49995],[163.3161,62.48302],[163.319,62.46301],[163.31581,62.44792],[163.29805,62.42502],[163.31785,62.423],[163.34,62.411],[162.99002,62.32599],[163.00891,62.18168],[163.00754,62.17557],[162.71102,61.763],[162.76583,61.67199],[162.7473,61.60959],[162.57629,61.58101],[162.52292,61.60501],[162.42602,61.62298],[162.42154,61.60909],[162.41094,61.59336],[162.37401,61.57098],[162.36659,61.5586],[162.35241,61.5467],[162.30818,61.52707],[162.23479,61.5099],[161.53605,61.18702],[160.64729,60.71868],[160.4289,60.65427],[160.41301,60.65498],[160.40695,60.64799],[160.11959,60.56403],[160.0967,60.57086],[160.08712,60.59031],[160.08601,60.60529],[160.08919,60.62008],[160.10098,60.64],[160.097,60.65583],[160.10015,60.68023],[160.11041,60.6964],[160.12464,60.70709],[160.15498,60.71302],[160.16523,60.73122],[160.193,60.75422],[160.13703,60.78705],[160.12786,60.79869],[160.12849,60.80542],[160.21153,60.91452],[160.22998,60.92702],[160.24148,60.94031],[160.2618,60.95139],[160.27316,60.95495],[160.30498,60.95502],[160.30805,60.9657],[160.31798,60.98097],[160.29708,60.97119],[160.27371,60.96901],[160.20209,60.98699],[160.09387,60.95813],[159.81694,60.98156],[159.79861,61.00908],[159.79915,61.0171],[159.81035,61.02462],[159.83408,61.03007],[159.8861,61.06309],[159.90198,61.07601],[159.90535,61.0897],[159.91395,61.10336],[159.93097,61.11601],[159.92509,61.13186],[159.92598,61.14898],[159.89502,61.16577],[159.8749,61.18832],[159.86899,61.20497],[159.84889,61.18997],[159.83156,61.18312],[159.80715,61.185],[159.79914,61.18885],[159.79705,61.19503],[159.8581,61.30412],[159.97453,61.42744],[159.98797,61.43102],[159.98808,61.44104],[160.05994,61.51866],[160.06906,61.52307],[160.07952,61.53652],[160.09326,61.54583],[160.19076,61.55896],[160.20198,61.56801],[160.19901,61.58171],[160.2002,61.59681],[160.20998,61.61701],[160.212,61.63985],[160.22197,61.657],[160.21364,61.66873],[160.20905,61.68416],[160.21492,61.71437],[160.23494,61.73447],[160.30577,61.75992],[160.32697,61.773],[160.31538,61.79535],[160.312,61.81748],[160.31564,61.83228],[160.32697,61.849],[160.32098,61.87299],[160.30499,61.88797],[160.28465,61.87738],[160.26401,61.87298],[160.24038,61.85225],[160.19965,61.83338],[160.146,61.82798],[160.12426,61.81824],[160.06609,61.80202],[160.02571,61.76039],[159.9658,61.76492],[159.56529,61.60503],[159.52005,61.61899],[159.49603,61.63002],[159.48186,61.64126],[159.47242,61.65723],[159.46419,61.68392],[159.46298,61.71598],[159.43408,61.73094],[159.3788,61.74969],[159.35799,61.76598],[159.34123,61.76842],[159.32252,61.77948],[159.31397,61.78911],[159.30319,61.81124],[159.30101,61.83129],[159.30597,61.84898],[159.20795,61.86199],[159.11703,61.867],[159.03022,61.866],[158.99469,61.85218],[158.92809,61.85299],[158.9012,61.8411],[158.90295,61.82316],[158.89719,61.80239],[158.88454,61.78741],[158.86502,61.77803],[158.84092,61.78399],[158.73668,61.775],[158.72079,61.783],[158.57421,61.78101],[158.55011,61.75912],[158.45555,61.751],[158.42222,61.76592],[158.39499,61.77299],[158.32303,61.777],[158.2731,61.77599],[158.25768,61.75783],[158.20366,61.72913],[157.92381,61.705],[157.9119,61.713],[157.87511,61.71601],[157.78999,61.73099],[157.68394,61.73001],[157.53901,61.74198],[157.47909,61.73399],[157.42081,61.70381],[157.41702,61.69999],[157.41108,61.66649],[157.40505,61.66012],[157.09801,61.63299],[156.82515,61.56303],[156.42302,61.40099],[156.38103,61.205],[156.41565,61.1277],[156.41293,61.11911],[155.85113,60.88305],[155.66702,60.77799],[155.719,60.605],[155.691,60.60698],[155.64801,60.59498],[155.61843,60.58161],[155.59101,60.57798],[155.57752,60.55852],[155.56489,60.54797],[155.55169,60.54312],[155.53102,60.54298],[155.52636,60.51572],[155.51859,60.50246],[155.50751,60.49318],[155.41826,60.46811],[155.39378,60.47999],[155.35202,60.47598],[155.32401,60.46598],[155.29752,60.44601],[155.26301,60.43798],[155.23665,60.41739],[155.15177,60.3939],[154.98416,60.32249],[154.97101,60.31998],[154.95721,60.31082],[154.69321,60.19909],[154.31626,59.98315],[154.09202,59.776],[153.94307,59.56908],[153.94402,59.39702],[154.18208,59.301],[154.75225,59.28073],[154.87749,59.15751],[154.887,59.139],[154.85403,59.13898],[154.85494,59.12688],[154.8504,59.11081],[154.84152,59.09754],[154.83392,59.09376],[154.76467,59.086],[154.66831,59.09618],[154.64099,59.11098],[154.62092,59.11647],[154.56249,59.14101],[154.54277,59.15606],[154.49692,59.16799],[154.45009,59.166],[154.41607,59.14974],[154.40102,59.14598],[154.40799,59.11229],[154.40462,59.09235],[154.39643,59.07845],[154.37297,59.06279],[154.34601,59.06198],[154.32364,59.04646],[154.28329,59.03601],[154.197,59.04998],[154.10044,59.01361],[154.0448,59.00302],[153.99657,59.01018],[153.95808,59.02595],[153.91057,59.03318],[153.87971,59.04365],[153.8431,59.06895],[153.79819,59.11381],[153.78199,59.12598],[153.68786,59.13509],[153.66591,59.14299],[153.64131,59.14118],[153.58735,59.15238],[153.56091,59.16901],[153.49222,59.18295],[153.43752,59.181],[153.41501,59.18498],[153.39902,59.145],[153.40592,59.11679],[153.40185,59.09677],[153.37532,59.05743],[153.36044,59.04543],[153.34222,59.04004],[153.27122,59.03601],[153.22123,59.04],[153.17191,59.03402],[153.09669,59.03292],[153.03702,59.01698],[153.03206,59.00462],[153.02711,59.00112],[152.96793,58.99597],[152.82819,58.94807],[152.69365,58.87314],[152.68714,58.87346],[152.65091,58.891],[152.54046,58.90242],[152.52792,58.90913],[152.49491,58.94003],[152.45807,58.95496],[152.41615,58.961],[152.37609,58.98199],[152.35576,58.97119],[152.2061,58.94001],[152.206,58.919],[152.1908,58.92593],[151.89431,58.82317],[151.81899,58.82098],[151.72133,58.799],[151.63171,58.79901],[151.54701,58.81399],[151.46309,58.81399],[151.41908,58.79319],[151.36248,58.78308],[151.34588,58.78306],[151.31892,58.79206],[151.30406,58.80136],[151.29019,58.82192],[151.28701,58.83671],[151.28898,58.85099],[151.2246,58.90341],[151.191,58.944],[151.78268,59.03495],[151.85696,59.05601],[151.685,59.205],[151.71877,59.19208],[151.7609,59.18503],[151.79658,59.19777],[151.83746,59.20287],[151.922,59.19002],[151.98871,59.20399],[152.05008,59.19802],[152.09508,59.20404],[152.16195,59.235],[152.13809,59.24299],[152.12577,59.23542],[152.11418,59.23304],[152.03195,59.22],[151.97309,59.21502],[151.94081,59.2216],[151.91298,59.24299],[151.89409,59.25196],[151.75829,59.249],[151.71489,59.2611],[151.7027,59.26836],[151.69166,59.28107],[151.67809,59.31486],[151.67809,59.33014],[151.68297,59.34499],[151.67154,59.35248],[151.66208,59.36393],[151.65683,59.37585],[151.65409,59.40083],[151.63187,59.42211],[151.61299,59.43798],[151.57009,59.45396],[151.53016,59.45605],[151.49672,59.46264],[151.46757,59.48086],[151.44698,59.50698],[151.40507,59.52066],[151.387,59.53797],[151.37253,59.52477],[151.32843,59.506],[151.27312,59.50902],[151.21708,59.52397],[151.18579,59.527],[151.06701,59.52899],[150.9881,59.51501],[150.98601,59.50409],[150.99375,59.48598],[150.99397,59.47012],[150.9889,59.44377],[150.98204,59.43705],[150.69736,59.43203],[150.69165,59.43491],[150.68998,59.44298],[150.67499,59.44399],[150.53113,59.42903],[150.48548,59.44201],[150.46496,59.45712],[150.45619,59.47292],[150.45403,59.49411],[150.45771,59.50841],[150.46997,59.52599],[150.43564,59.54295],[150.42554,59.55477],[150.4189,59.57001],[150.33392,59.58203],[150.29301,59.59698],[150.27135,59.59995],[150.15546,59.60392],[150.08205,59.62299],[149.99283,59.65203],[149.75218,59.69097],[149.59871,59.708],[149.4453,59.68705],[149.41501,59.69098],[149.39761,59.67845],[149.35777,59.66792],[149.21016,59.61805],[149.15165,59.59434],[149.04492,59.58697],[148.72802,59.47598],[148.74647,59.29804],[148.63953,59.20263],[148.59784,59.19205],[148.46149,59.2071],[148.41689,59.21674],[148.39737,59.23251],[148.39019,59.24492],[148.38798,59.26198],[148.37247,59.27762],[148.36588,59.29361],[148.36198,59.32499],[148.35599,59.33398],[148.32291,59.348],[148.22028,59.35897],[148.01525,59.33604],[147.91827,59.33999],[147.8831,59.33301],[147.89421,59.31297],[147.89679,59.2967],[147.89207,59.27635],[147.88348,59.26269],[147.8764,59.25897],[147.64554,59.24803],[147.63599,59.25398],[147.62175,59.25599],[147.60301,59.25498],[147.59965,59.24767],[147.59384,59.2449],[147.3841,59.23504],[147.35107,59.25795],[147.30438,59.26495],[147.262,59.28298],[147.24721,59.28305],[147.21585,59.266],[147.19216,59.26305],[147.11498,59.28041],[147.045,59.31298],[146.97679,59.31999],[146.85857,59.311],[146.71215,59.33209],[146.6719,59.34858],[146.65583,59.36632],[146.64691,59.38502],[146.60898,59.39698],[146.50304,59.413],[146.44991,59.41095],[146.38321,59.38508],[146.36902,59.37599],[146.37499,59.32568],[146.37301,59.29008],[146.381,59.275],[146.30691,59.28598],[146.05401,59.25098],[146.02298,59.19591],[145.99342,59.09841],[145.98703,59.09304],[145.95972,59.09582],[145.94452,59.10449],[145.92879,59.12703],[145.92498,59.15599],[145.90599,59.17],[145.84314,59.17975],[145.80205,59.19668],[145.78616,59.2099],[145.77612,59.22931],[145.77412,59.26256],[145.77764,59.27828],[145.80096,59.31798],[145.75203,59.32779],[145.714,59.34999],[145.66078,59.373],[145.59492,59.37297],[145.54407,59.36302],[145.45405,59.35899],[145.3615,59.343],[145.31431,59.34618],[145.28691,59.35899],[145.23401,59.35799],[145.00736,59.32],[144.76016,59.33105],[144.74523,59.33442],[144.732,59.34197],[144.72106,59.33253],[144.69929,59.32501],[144.45085,59.32501],[144.3619,59.33105],[144.34449,59.33601],[144.33199,59.34498],[144.27718,59.338],[144.12698,59.35],[143.93216,59.35505],[143.899,59.36898],[143.85352,59.3542],[143.55064,59.28016],[143.42387,59.273],[143.39184,59.27706],[143.33958,59.29418],[143.3,59.31098],[143.22689,59.31205],[143.21151,59.3152],[143.198,59.32197],[143.1762,59.30655],[143.02355,59.27611],[142.92705,59.27999],[142.84609,59.273],[142.35783,59.14092],[141.9237,58.94081],[141.59108,58.72804],[141.34778,58.5001],[140.99398,58.39099],[140.58693,58.23894],[140.49987,58.17085],[140.04098,57.65902],[140.00492,57.64293],[139.97571,57.62146],[139.29402,57.33601],[138.86721,57.1251],[138.34597,56.80397],[137.60208,56.24006],[137.22893,55.98297],[136.52328,55.59072],[136.11899,55.42099],[135.26882,55.02889],[134.98509,54.85404],[134.89402,54.71999],[134.90202,54.55901],[135.09401,54.43302],[135.31203,54.413],[135.72582,54.407],[136.19611,54.47498],[136.48647,54.45513],[136.48973,54.44698],[136.34403,53.88809],[136.35102,53.70102],[136.487,53.65502],[136.7699,53.695],[137.04171,53.86195],[137.37476,53.80956],[137.37558,53.80156],[137.32524,53.74321],[137.12202,53.58999],[137.0711,53.48899],[137.23922,53.457],[137.98008,53.46504],[138.23414,53.57219],[138.40898,53.80501],[138.41397,53.98072],[138.41719,53.9865],[138.45128,53.99712],[138.53383,54.03292],[138.55435,54.04562],[138.56971,54.04899],[138.59452,54.04698],[138.61446,54.03452],[138.63086,54.00762],[138.63497,53.9814],[138.63388,53.9682],[138.61802,53.934],[138.63616,53.89516],[138.65527,53.9272],[138.69398,53.966],[138.71498,53.99601],[138.72197,54.02192],[138.72199,54.03489],[138.68317,54.022],[138.65957,54.02418],[138.64157,54.03275],[138.62787,54.04356],[138.61779,54.06003],[138.61503,54.08211],[138.61949,54.08857],[139.37872,54.07996],[139.8078,53.96052],[140.10227,53.80138],[140.32118,53.53588],[140.70181,53.27713],[140.89242,53.19819],[141.11754,53.05335],[141.11841,53.04578],[141.08785,52.98396],[140.82804,52.825],[141.03069,52.7263],[141.08987,52.58897],[140.94003,52.26201],[141.15717,52.21029],[141.25353,52.10752],[141.25488,52.10033],[141.12472,51.86954],[140.96998,51.69298],[140.72997,51.44092],[140.40394,50.82678],[140.32402,50.518],[140.34903,50.41891],[140.45687,50.10142],[140.37201,49.69103],[140.32777,49.35621],[140.07931,48.50076],[139.21386,47.81083],[139.04702,47.61499],[138.9473,47.32085],[138.68518,47.13412],[138.35101,46.87298],[138.24297,46.71094],[137.98507,46.27019],[137.72023,45.99623],[136.49398,44.96597],[136.28507,44.75306],[136.1783,44.54551],[136.03761,44.40261],[136.02201,44.40197],[136.00761,44.39081],[135.96877,44.37342],[135.91701,44.35898],[135.88751,44.32379],[135.69297,44.22397],[135.41508,44.03704],[135.15603,43.72104],[134.96447,43.51657],[134.56765,43.21187],[134.22324,43.03812],[134.21909,43.03354],[134.14023,42.99325],[133.31205,42.77901],[132.97629,42.677],[132.95982,42.68826],[132.94705,42.71316],[132.94705,42.73284],[132.9501,42.74211],[132.96798,42.76399],[132.95599,42.77498],[132.94601,42.77298],[132.93223,42.74047],[132.918,42.723],[132.82699,42.86198],[132.59499,42.89999],[132.48523,42.88111],[132.33382,42.96324],[132.24464,43.10006],[132.24661,43.10883],[132.25505,43.12097],[132.26998,43.13102],[132.27698,43.15],[132.27809,43.17714],[132.28298,43.19399],[132.273,43.20297],[132.2524,43.18648],[132.20446,43.16665],[132.19904,43.169],[132.18191,43.19495],[131.88504,43.07244],[131.725,43.037],[131.73042,43.06177],[131.74105,43.07897],[131.75649,43.08999],[131.79299,43.10202],[131.79984,43.10784],[131.80907,43.12943],[131.83703,43.16407],[131.85751,43.20817],[131.86953,43.225],[131.89069,43.24574],[131.91695,43.26299],[131.894,43.26798],[131.86605,43.25802],[131.84,43.256],[131.86489,43.28996],[131.58401,43.21298],[131.35696,42.99397],[131.06663,42.75037],[130.62109,42.41721],[130.60567,42.42082],[130.5884,42.4314],[130.57617,42.4451],[130.55878,42.4827],[130.54641,42.49509],[130.54446,42.50642],[130.53317,42.52698],[130.5354,42.53323],[130.56756,42.55276],[130.58451,42.5689],[130.5843,42.5989],[130.5718,42.62194],[130.55113,42.64561],[130.52686,42.66567],[130.5039,42.6778],[130.47412,42.67903],[130.43796,42.67533],[130.40502,42.67751],[130.38327,42.69398],[130.38301,42.70137],[130.39897,42.72206],[130.68348,42.82717],[130.73489,42.8245],[130.74801,42.83749],[130.75795,42.85434],[130.79467,42.86822],[130.81662,42.864],[130.85623,42.84977],[130.99244,42.84874],[130.99957,42.85876],[131.00195,42.87298],[131.0083,42.88585],[131.02273,42.89556],[131.03957,42.89798],[131.07399,42.89659],[131.10303,42.91044],[131.09931,42.93544],[131.08288,42.96513],[131.07448,42.99295],[131.07823,43.03128],[131.08633,43.04255],[131.11244,43.05188],[131.11978,43.0589],[131.12627,43.08141],[131.13382,43.08885],[131.16938,43.10782],[131.18395,43.12081],[131.18984,43.13915],[131.18488,43.15633],[131.1677,43.18102],[131.16933,43.20191],[131.17936,43.2181],[131.19316,43.23084],[131.22551,43.25194],[131.2377,43.26584],[131.24204,43.28377],[131.24253,43.32155],[131.24777,43.34334],[131.2809,43.38022],[131.27782,43.43835],[131.27428,43.45119],[131.26153,43.46393],[131.16798,43.52045],[131.16118,43.53341],[131.16577,43.54897],[131.18571,43.57445],[131.19202,43.58863],[131.18044,43.6224],[131.18799,43.65666],[131.17516,43.69363],[131.17786,43.7255],[131.17039,43.78137],[131.17296,43.7996],[131.19272,43.85982],[131.21734,43.90849],[131.21837,43.92587],[131.20802,43.95936],[131.20694,43.97537],[131.21289,43.99323],[131.21334,44.0071],[131.21786,44.01599],[131.23576,44.03139],[131.26147,44.0461],[131.26447,44.05421],[131.06587,44.68189],[131.02138,44.74688],[130.98719,44.76884],[130.99194,44.81782],[131.13982,44.90546],[131.15802,44.90171],[131.17652,44.90342],[131.24445,44.92212],[131.25899,44.92817],[131.31352,44.96373],[131.34993,44.968],[131.4195,44.95897],[131.43376,44.96129],[131.45302,44.98432],[131.60915,45.08983],[131.61979,45.10366],[131.62238,45.12365],[131.60498,45.1489],[131.60557,45.16522],[131.61631,45.18613],[131.65311,45.20762],[131.71141,45.20874],[131.72315,45.21533],[131.75452,45.25745],[131.91844,45.24081],[132.53077,45.03208],[132.77699,44.98801],[132.86235,45.04936],[132.92122,45.0279],[132.95336,45.02439],[132.96604,45.02883],[132.99239,45.04822],[133.02384,45.05834],[133.04928,45.08133],[133.0735,45.09073],[133.11531,45.12294],[133.12518,45.14118],[133.1272,45.15538],[133.12068,45.18344],[133.09807,45.242],[133.10673,45.26463],[133.10288,45.28902],[133.30116,45.54187],[133.33029,45.54927],[133.37429,45.57281],[133.41349,45.57335],[133.42516,45.58043],[133.4163,45.5997],[133.42753,45.61489],[133.47724,45.62771],[133.46242,45.64374],[133.46117,45.6487],[133.48283,45.6629],[133.49151,45.67339],[133.48779,45.68667],[133.47663,45.69359],[133.45206,45.69934],[133.44594,45.70955],[133.47084,45.72889],[133.48516,45.76783],[133.51135,45.77855],[133.5034,45.78764],[133.48368,45.79698],[133.47825,45.80963],[133.49048,45.83071],[133.49834,45.83721],[133.50048,45.84797],[133.5215,45.8829],[133.53194,45.88805],[133.55145,45.88837],[133.57007,45.87643],[133.58588,45.87633],[133.58634,45.8878],[133.6031,45.89878],[133.60957,45.92814],[133.61632,45.93515],[133.62826,45.9374],[133.64986,45.92785],[133.65812,45.93451],[133.6948,46.02267],[133.72003,46.06375],[133.7193,46.0793],[133.69631,46.11527],[133.68876,46.1378],[133.68972,46.14279],[133.6991,46.1489],[133.72003,46.15022],[133.74101,46.15905],[133.775,46.18658],[133.78674,46.20689],[133.79472,46.21454],[133.80531,46.21703],[133.81122,46.215],[133.82122,46.20013],[133.83023,46.19694],[133.8609,46.22359],[133.85703,46.23328],[133.8591,46.23852],[133.89005,46.25083],[133.90244,46.25899],[133.90193,46.27805],[133.89437,46.29111],[133.89409,46.29973],[133.91598,46.31299],[133.90699,46.32246],[133.89635,46.32719],[133.87396,46.32283],[133.86535,46.33954],[133.88117,46.35373],[133.92601,46.37131],[133.93386,46.39076],[133.92146,46.41013],[133.90045,46.42644],[133.88188,46.43711],[133.85461,46.44488],[133.84788,46.45702],[133.8462,46.47162],[133.85005,46.48111],[133.89191,46.52897],[133.89635,46.5382],[133.89886,46.5631],[133.90314,46.57423],[133.92067,46.59043],[133.96735,46.61119],[133.98802,46.62517],[134.00528,46.64584],[134.01472,46.66488],[134.02585,46.71072],[134.04176,46.75271],[134.04466,46.772],[134.03588,46.7896],[134.02152,46.8062],[134.01704,46.8208],[134.02088,46.83473],[134.06274,46.90686],[134.06698,46.9268],[134.06701,46.96768],[134.06975,46.98202],[134.08734,46.99882],[134.11403,47.0554],[134.12463,47.07054],[134.14634,47.08119],[134.19723,47.08522],[134.21715,47.09444],[134.22723,47.1176],[134.21623,47.13766],[134.19866,47.15584],[134.19045,47.17188],[134.19721,47.20533],[134.16262,47.23753],[134.15472,47.25672],[134.15999,47.27152],[134.17013,47.28681],[134.17552,47.31028],[134.18306,47.3263],[134.2031,47.33845],[134.24506,47.3551],[134.25746,47.36724],[134.27996,47.39822],[134.29306,47.40981],[134.31298,47.42014],[134.33308,47.42642],[134.37818,47.43019],[134.41373,47.43902],[134.43658,47.42983],[134.48464,47.43019],[134.53482,47.46517],[134.55688,47.47119],[134.56147,47.48272],[134.62418,47.54933],[134.66819,47.574],[134.68266,47.58785],[134.68673,47.63083],[134.69317,47.6482],[134.72544,47.66325],[134.77257,47.71073],[134.7657,47.71957],[134.76978,47.74101],[134.71437,47.78368],[134.70998,47.92101],[134.65929,48.10208],[134.68297,48.13552],[134.68776,48.22049],[134.703,48.25217],[134.71871,48.2634],[134.70016,48.26163],[134.66179,48.2669],[134.61114,48.28562],[134.56958,48.31561],[134.54262,48.3573],[134.5081,48.34258],[134.48966,48.33921],[134.47119,48.33995],[134.45242,48.34457],[134.38635,48.38133],[134.20632,48.35967],[134.11636,48.33528],[134.04064,48.32247],[134.02482,48.31506],[133.98254,48.28529],[133.96584,48.27855],[133.93683,48.27332],[133.86775,48.27433],[133.79696,48.25071],[133.73792,48.25108],[133.72116,48.24465],[133.68565,48.2023],[133.67043,48.19021],[133.60568,48.17169],[133.58479,48.15598],[133.35442,48.1036],[133.32378,48.10015],[133.30132,48.10136],[133.2628,48.11943],[133.22359,48.12597],[133.18518,48.12481],[133.09196,48.10678],[133.06096,48.09184],[133.04389,48.06614],[133.03217,48.0564],[132.94076,48.0267],[132.93735,48.02112],[132.85746,47.97981],[132.75376,47.94623],[132.72247,47.95893],[132.70573,47.96038],[132.68909,47.95769],[132.67463,47.9506],[132.66324,47.93879],[132.66037,47.93134],[132.66133,47.91942],[132.65772,47.91494],[132.53981,47.87693],[132.26697,47.7781],[130.94297,47.73326],[130.93994,47.73682],[130.93834,47.75096],[130.9423,47.78964],[130.94163,47.82072],[130.90697,47.88426],[130.85723,47.92787],[130.79336,47.97327],[130.72561,48.17068],[130.72812,48.17704],[130.75277,48.18962],[130.76369,48.22536],[130.77373,48.24391],[130.81943,48.28189],[130.82399,48.29431],[130.82511,48.31777],[130.82212,48.33376],[130.81447,48.33996],[130.79055,48.34814],[130.77989,48.35624],[130.74336,48.41164],[130.739,48.43123],[130.75959,48.46807],[130.75897,48.48572],[130.74442,48.49723],[130.71588,48.49905],[130.64014,48.47761],[130.62664,48.48292],[130.61357,48.51915],[130.62078,48.54931],[130.62016,48.5605],[130.60766,48.57672],[130.58334,48.58609],[130.55484,48.66904],[130.62757,48.79561],[130.6666,48.84137],[130.67642,48.8573],[130.67432,48.87081],[130.65066,48.87639],[130.62509,48.87434],[130.56431,48.85583],[130.54079,48.85348],[130.51069,48.85583],[130.48819,48.86436],[130.47592,48.90005],[130.38399,48.96398],[129.84778,49.1332],[129.84425,49.13752],[129.84543,49.15405],[129.84151,49.16718],[129.82466,49.17415],[129.77529,49.1778],[129.75568,49.18439],[129.74248,49.19518],[129.73754,49.20596],[129.73505,49.23891],[129.71118,49.27414],[129.66922,49.27916],[129.61848,49.27434],[129.57234,49.27981],[129.55162,49.29075],[129.53911,49.30378],[129.53225,49.32124],[129.52772,49.38484],[129.51966,49.39708],[129.50254,49.41068],[129.4806,49.42127],[129.45507,49.42726],[129.40354,49.43067],[129.3787,49.42504],[129.37147,49.41058],[129.37258,49.36877],[129.36159,49.3499],[129.34124,49.34143],[129.31586,49.34443],[129.27234,49.37527],[129.24558,49.38592],[129.21788,49.39078],[129.1939,49.38969],[129.17128,49.38039],[129.13694,49.35484],[129.12825,49.35213],[129.06795,49.36168],[129.05017,49.37727],[129.01458,49.43109],[128.99815,49.44127],[128.94684,49.44971],[128.87919,49.47971],[128.85356,49.48054],[128.78758,49.4656],[128.76037,49.47126],[128.75074,49.48492],[128.75419,49.50211],[128.76966,49.52072],[128.7995,49.53187],[128.80343,49.54427],[128.80159,49.56527],[128.79692,49.57247],[128.73428,49.58441],[128.67187,49.61144],[128.66619,49.60947],[128.63597,49.57897],[128.62863,49.57559],[128.55125,49.58844],[128.38365,49.57936],[128.37191,49.57522],[128.3435,49.54785],[128.31979,49.54498],[128.26786,49.55878],[128.22472,49.54185],[128.19586,49.53923],[128.00647,49.59087],[127.9916,49.59872],[127.94008,49.60899],[127.71371,49.69875],[127.68482,49.72364],[127.67998,49.73918],[127.64428,49.76714],[127.6324,49.77051],[127.51767,49.87341],[127.51598,49.87966],[127.53224,49.90765],[127.534,49.92248],[127.49465,49.97328],[127.48699,50.02557],[127.50691,50.06373],[127.57024,50.13033],[127.58671,50.16717],[127.59063,50.20872],[127.57839,50.22055],[127.40523,50.27582],[127.35612,50.29797],[127.33158,50.32726],[127.33186,50.33984],[127.33731,50.3522],[127.35871,50.38132],[127.3585,50.41511],[127.34915,50.42617],[127.30458,50.45158],[127.29352,50.46184],[127.29211,50.46684],[127.31018,50.48823],[127.32411,50.5143],[127.36481,50.55475],[127.36708,50.57779],[127.35871,50.60502],[127.34398,50.62776],[127.32653,50.63778],[127.29545,50.66597],[127.28892,50.67551],[127.28268,50.69509],[127.29324,50.71536],[127.29644,50.73008],[127.28735,50.75101],[127.22084,50.78826],[127.14415,50.9036],[127.11065,50.93159],[127.04722,50.96716],[127.0322,50.97277],[126.98116,51.02768],[126.9467,51.04822],[126.93152,51.06481],[126.92297,51.10791],[126.90552,51.16379],[126.90517,51.208],[126.90888,51.2213],[126.91618,51.23249],[126.94719,51.25823],[126.97775,51.29656],[126.98116,51.30886],[126.97217,51.32399],[126.95461,51.32958],[126.93445,51.32875],[126.89927,51.31644],[126.88532,51.30289],[126.88485,51.29563],[126.89249,51.28225],[126.89069,51.27218],[126.86866,51.25184],[126.84432,51.25247],[126.82364,51.26586],[126.80954,51.28824],[126.80773,51.30902],[126.81424,51.32487],[126.82649,51.33841],[126.84389,51.34945],[126.8975,51.36196],[126.90892,51.37702],[126.90943,51.3911],[126.90194,51.40099],[126.89011,51.40701],[126.82608,51.41212],[126.79906,51.42086],[126.78966,51.4362],[126.79289,51.45932],[126.80191,51.47751],[126.83037,51.50812],[126.80743,51.53421],[126.77542,51.54581],[126.70101,51.56265],[126.67762,51.57673],[126.67681,51.58965],[126.70383,51.61347],[126.72371,51.6359],[126.72453,51.64959],[126.71575,51.66332],[126.7092,51.68191],[126.72493,51.69767],[126.72795,51.70305],[126.72557,51.70873],[126.71358,51.72317],[126.66285,51.73338],[126.64748,51.74182],[126.44665,51.98184],[126.4401,51.99614],[126.4476,52.01859],[126.46629,52.03113],[126.51442,52.04254],[126.51988,52.06135],[126.55132,52.11297],[126.55597,52.13064],[126.53117,52.15265],[126.49363,52.16128],[126.45299,52.16572],[126.33313,52.19545],[126.31945,52.22528],[126.32162,52.23209],[126.39195,52.26427],[126.43927,52.27529],[126.4212,52.28729],[126.34476,52.30258],[126.32069,52.31415],[126.3192,52.32102],[126.3443,52.35758],[126.35067,52.37677],[126.34368,52.39137],[126.31224,52.4179],[126.27599,52.46328],[126.21666,52.4648],[126.20907,52.46771],[126.20105,52.48679],[126.21046,52.51142],[126.21232,52.53304],[126.15745,52.55475],[126.06692,52.67105],[126.06582,52.67597],[126.06861,52.67989],[126.06194,52.69662],[126.03835,52.72417],[126.03965,52.7302],[126.04964,52.73734],[126.10405,52.75446],[126.08804,52.7754],[126.0667,52.78318],[126.01798,52.78239],[125.99479,52.77075],[125.98916,52.77144],[125.85291,52.94704],[125.50899,53.15698],[125.26706,53.169],[125.23598,53.1664],[125.12743,53.20654],[125.07349,53.2122],[125.01922,53.2107],[124.91933,53.19396],[124.8978,53.18556],[124.88042,53.17251],[124.87919,53.15387],[124.8867,53.14085],[124.88173,53.13443],[124.83674,53.13064],[124.82202,53.14724],[124.80135,53.15515],[124.74741,53.14775],[124.72054,53.14896],[124.69835,53.16309],[124.69639,53.18375],[124.68828,53.19359],[124.65159,53.20876],[124.52846,53.21035],[124.50111,53.21361],[124.45413,53.22814],[124.40836,53.23571],[124.38378,53.24611],[124.34284,53.27239],[124.32582,53.30599],[124.30488,53.32896],[124.29342,53.35129],[124.27539,53.3647],[124.25306,53.3755],[124.23258,53.38166],[124.20878,53.38268],[124.18235,53.37857],[124.15778,53.37002],[124.1399,53.35776],[124.12093,53.35329],[124.10017,53.36349],[124.06889,53.3896],[124.03026,53.39993],[124.01776,53.40684],[123.98972,53.44149],[123.97055,53.45518],[123.8767,53.48862],[123.85031,53.49495],[123.73266,53.50373],[123.70191,53.51007],[123.67755,53.52022],[123.63956,53.55124],[123.61429,53.56334],[123.59192,53.55786],[123.56111,53.52448],[123.54184,53.51455],[123.52834,53.51795],[123.52561,53.52443],[123.53301,53.53277],[123.54746,53.54051],[123.53528,53.55461],[123.5144,53.56241],[123.49477,53.56008],[123.48609,53.54391],[123.48512,53.52528],[123.47749,53.51845],[123.43155,53.53583],[123.36815,53.54576],[123.34025,53.56143],[123.30936,53.56749],[123.27712,53.56943],[123.25256,53.56778],[123.23488,53.56041],[123.20358,53.53855],[123.18006,53.53047],[123.16471,53.51686],[123.15333,53.51314],[123.00255,53.50732],[122.90693,53.48503],[122.75869,53.47158],[122.47139,53.46475],[122.42528,53.45251],[122.40342,53.45107],[122.37985,53.46162],[122.35809,53.47957],[122.33797,53.49123],[122.31662,53.49599],[122.29352,53.4926],[122.2258,53.474],[122.1687,53.46913],[122.14777,53.46113],[122.10818,53.43818],[122.08192,53.42966],[121.88897,53.43058],[121.64119,53.38494],[121.51254,53.33014],[121.45884,53.32047],[121.40604,53.31701],[121.341,53.32398],[121.32834,53.31997],[121.29782,53.30181],[121.20425,53.2771],[121.1509,53.27504],[121.05472,53.29],[120.87439,53.28017],[120.84573,53.27344],[120.826,53.26186],[120.82988,53.24522],[120.82369,53.23546],[120.75127,53.2069],[120.71417,53.18511],[120.69162,53.16253],[120.61363,53.09687],[120.52693,53.05595],[120.4503,53.00834],[120.35408,52.93323],[120.32823,52.90069],[120.29073,52.88535],[120.27753,52.86486],[120.24478,52.85091],[120.21962,52.84491],[120.1972,52.83068],[120.12666,52.80071],[120.06583,52.78321],[120.03297,52.76065],[120.04423,52.7375],[120.04403,52.72353],[120.05206,52.69375],[120.03266,52.65901],[120.03002,52.63901],[120.0338,52.62537],[120.04277,52.61342],[120.05643,52.60052],[120.07937,52.58997],[120.11285,52.58452],[120.17595,52.58375],[120.19812,52.58912],[120.24199,52.60715],[120.26039,52.61091],[120.36762,52.61726],[120.45389,52.63817],[120.49185,52.61726],[120.53968,52.60361],[120.60874,52.57401],[120.63221,52.57033],[120.71684,52.54415],[120.71954,52.53567],[120.70812,52.51813],[120.70206,52.48929],[120.6904,52.47016],[120.68984,52.4382],[120.68128,52.4229],[120.66042,52.39879],[120.65235,52.37306],[120.62839,52.35789],[120.62616,52.34681],[120.63577,52.32619],[120.65494,52.29911],[120.73854,52.25678],[120.7568,52.23851],[120.75127,52.20297],[120.7537,52.19462],[120.78218,52.15915],[120.77127,52.14098],[120.77644,52.11764],[120.76701,52.10898],[120.74497,52.07678],[120.70564,52.06103],[120.6974,52.04884],[120.69639,52.03447],[120.71115,52.00272],[120.71081,51.99223],[120.64853,51.9128],[120.56647,51.90536],[120.54099,51.8835],[120.49301,51.87598],[120.4809,51.86686],[120.46434,51.84059],[120.42757,51.83365],[120.40793,51.82596],[120.31923,51.77613],[120.18166,51.68309],[120.16668,51.6697],[120.14249,51.66527],[120.10834,51.66521],[120.10001,51.65998],[120.06484,51.61475],[120.05674,51.59639],[120.05175,51.55184],[119.9922,51.50326],[119.97702,51.48699],[119.97403,51.464],[119.98172,51.44157],[119.9542,51.4003],[119.94938,51.39663],[119.89503,51.38399],[119.91347,51.33732],[119.91236,51.33093],[119.88301,51.31799],[119.85734,51.28759],[119.81965,51.27472],[119.80596,51.244],[119.81285,51.22404],[119.80985,51.21714],[119.78955,51.21562],[119.77231,51.21847],[119.76202,51.21498],[119.75802,51.19901],[119.77955,51.17751],[119.78095,51.17284],[119.77765,51.16787],[119.75803,51.15799],[119.76425,51.14102],[119.7415,51.0736],[119.7104,51.06245],[119.70928,51.03866],[119.68321,51.01629],[119.60421,50.97815],[119.51802,50.90499],[119.52954,50.88666],[119.528,50.86901],[119.4975,50.83591],[119.51369,50.81263],[119.51481,50.79233],[119.49516,50.73557],[119.4445,50.68668],[119.39154,50.67198],[119.38309,50.66662],[119.37244,50.64254],[119.34901,50.63498],[119.32586,50.61036],[119.29358,50.59923],[119.28526,50.5889],[119.28607,50.57775],[119.26521,50.52173],[119.25098,50.50488],[119.26294,50.48262],[119.2437,50.44582],[119.20612,50.41508],[119.15488,50.41139],[119.13766,50.39265],[119.13349,50.38148],[119.14124,50.37662],[119.17069,50.37568],[119.17747,50.37172],[119.17913,50.36648],[119.17535,50.35611],[119.2234,50.35607],[119.25079,50.34252],[119.3145,50.35165],[119.34938,50.34612],[119.35352,50.34311],[119.36373,50.31075],[119.35634,50.30327],[119.33854,50.29403],[119.33377,50.27609],[119.33157,50.21735],[119.34695,50.19296],[119.34393,50.14347],[119.317,50.09412],[119.19145,50.00844],[119.09283,49.98717],[118.96303,49.98202],[118.92378,49.99162],[118.89163,49.9794],[118.79184,49.96638],[118.74077,49.95299],[118.71295,49.94961],[118.67056,49.96206],[118.64437,49.95457],[118.60005,49.93102],[118.57063,49.92072],[118.52115,49.89397],[118.49079,49.86951],[118.47608,49.83578],[118.45529,49.82857],[118.39374,49.82],[118.38092,49.81148],[118.37018,49.7849],[118.35233,49.77632],[118.30516,49.76709],[118.24392,49.73059],[118.22927,49.72914],[118.22283,49.71188],[118.18879,49.68188],[118.10601,49.65198],[118.05533,49.61442],[117.98612,49.58558],[117.93059,49.56724],[117.89402,49.54698],[117.87082,49.51303],[117.83643,49.50912],[117.79515,49.51914],[117.75766,49.51321],[117.47286,49.61428],[117.25385,49.62246],[117.05632,49.67338],[116.72072,49.80273],[116.68913,49.82085],[116.657,49.86698],[116.62116,49.90085],[116.57707,49.92595],[116.21918,50.01895],[116.13501,50.01899],[116.05201,50.00299],[115.71698,49.8831],[115.57887,49.899],[115.50862,49.892],[115.38962,49.89605],[115.21059,49.97702],[115.06709,50.08096],[114.99999,50.14898],[114.75619,50.24093],[114.65992,50.25599],[114.47211,50.23903],[114.42512,50.24729],[114.33401,50.27698],[114.2861,50.28198],[114.19766,50.26087],[114.11602,50.22899],[114.05103,50.18776],[113.97109,50.16502],[113.84923,50.08633],[113.75078,50.08293],[113.57706,50.02401],[113.45624,49.96213],[113.41119,49.92559],[113.17895,49.80592],[113.08307,49.69007],[113.05491,49.59993],[112.9461,49.58101],[112.86413,49.53575],[112.77699,49.50634],[112.70309,49.49628],[112.58501,49.53098],[112.47279,49.53897],[112.43082,49.53395],[112.03027,49.41712],[111.66009,49.40099],[111.47614,49.34817],[111.43191,49.35113],[111.36409,49.37296],[111.33701,49.36998],[111.2705,49.32703],[111.13699,49.29598],[110.96518,49.21258],[110.84121,49.16744],[110.68765,49.14],[110.60345,49.15027],[110.51008,49.18896],[110.45344,49.19922],[110.3719,49.24699],[110.3056,49.19987],[110.26814,49.18253],[110.18152,49.167],[109.82278,49.23168],[109.78691,49.25601],[109.72909,49.27097],[109.51571,49.26114],[109.47893,49.27364],[109.46598,49.30399],[109.45308,49.31095],[109.41283,49.30827],[109.28677,49.34401],[109.16001,49.35198],[109.03259,49.333],[108.93021,49.354],[108.85892,49.34601],[108.74987,49.34598],[108.60891,49.32902],[108.54096,49.33213],[108.3399,49.43903],[108.27892,49.48741],[108.23899,49.53698],[108.1061,49.55952],[108.01916,49.60684],[108.01101,49.62031],[108.01891,49.66004],[108.00399,49.66798],[107.94321,49.6718],[107.93684,49.67484],[107.93544,49.68206],[107.96098,49.745],[107.93594,49.84979],[107.95802,49.89722],[107.96098,49.92399],[107.94899,49.93798],[107.8512,49.95097],[107.80702,49.9491],[107.72989,49.97699],[107.36825,49.98099],[107.306,50.01498],[107.22653,50.002],[107.19295,50.01119],[107.06162,50.07748],[107.03798,50.12199],[107.00233,50.15269],[106.97599,50.20098],[106.93673,50.21471],[106.79001,50.29597],[106.65808,50.33197],[106.54801,50.34099],[106.43901,50.33299],[106.24555,50.29511],[106.22627,50.29677],[106.13708,50.33196],[106.05983,50.33852],[106.04299,50.37498],[105.98599,50.40498],[105.90344,50.40912],[105.77999,50.43399],[105.6389,50.42704],[105.32826,50.48095],[105.27826,50.47802],[105.2388,50.4629],[105.10568,50.39512],[105.05041,50.389],[104.901,50.39498],[104.7903,50.35815],[104.67001,50.35298],[104.60779,50.31911],[104.47401,50.31799],[104.40401,50.30498],[104.26593,50.23293],[104.19453,50.17398],[104.12138,50.15314],[104.03835,50.14608],[103.97491,50.15404],[103.84607,50.18997],[103.7852,50.191],[103.66449,50.13605],[103.60041,50.13924],[103.43879,50.19803],[103.40679,50.20199],[103.30677,50.196],[103.27968,50.20212],[103.25698,50.21907],[103.2029,50.30201],[103.12992,50.31399],[102.97481,50.301],[102.92771,50.30813],[102.88861,50.32019],[102.76391,50.38001],[102.62065,50.40404],[102.58868,50.42043],[102.51481,50.5081],[102.47291,50.53],[102.37275,50.5391],[102.33062,50.55015],[102.28529,50.59619],[102.27704,50.62048],[102.28004,50.64523],[102.32393,50.69294],[102.33398,50.72],[102.31099,50.75198],[102.21956,50.80503],[102.20914,50.83197],[102.24398,50.912],[102.22373,50.93812],[102.23598,50.96301],[102.23498,50.97999],[102.16909,51.06106],[102.15076,51.10207],[102.14703,51.13497],[102.15498,51.186],[102.14013,51.23179],[102.19798,51.305],[102.18591,51.32803],[102.05309,51.38795],[101.97594,51.39213],[101.90291,51.42199],[101.82102,51.41911],[101.725,51.45498],[101.64387,51.45507],[101.52671,51.481],[101.48099,51.47799],[101.38814,51.45608],[101.35269,51.45527],[101.31586,51.46884],[101.24299,51.51998],[101.11777,51.53327],[101.0708,51.55806],[100.51209,51.73196],[100.21026,51.73101],[100.09799,51.74399],[100.00558,51.737],[99.92137,51.75393],[99.7108,51.88506],[99.67991,51.89399],[99.55966,51.89602],[99.32449,51.93921],[99.29728,51.94881],[99.23499,51.99898],[98.99947,52.062],[98.97751,52.08565],[98.96598,52.11599],[98.94553,52.12804],[98.95297,52.154],[98.93498,52.19598],[98.90379,52.205],[98.85161,52.19103],[98.81656,52.19967],[98.81513,52.20469],[98.82298,52.24899],[98.80198,52.27898],[98.71409,52.29799],[98.66381,52.26461],[98.65174,52.26623],[98.64896,52.27215],[98.64924,52.30323],[98.68197,52.37],[98.64232,52.41366],[98.64096,52.41913],[98.6463,52.42418],[98.67507,52.42905],[98.71805,52.45406],[98.72798,52.468],[98.72434,52.48891],[98.73312,52.50064],[98.76608,52.49903],[98.80905,52.51008],[98.831,52.54178],[98.80147,52.56719],[98.80391,52.59904],[98.80764,52.60459],[98.84999,52.62402],[98.88021,52.64761],[98.91499,52.64202],[98.93798,52.66301],[98.94498,52.719],[98.935,52.75157],[98.94198,52.79998],[98.92227,52.805],[98.87139,52.79846],[98.86674,52.80289],[98.85701,52.83295],[98.92984,52.91273],[98.94907,52.92285],[98.97514,52.92087],[99.04301,52.88402],[99.14878,52.869],[99.197,52.84802],[99.22398,52.85901],[99.21928,52.90032],[99.24898,52.93801],[99.25298,52.95799],[98.99522,53.04009],[98.99191,53.0465],[98.99754,53.059],[99.05898,53.08501],[99.06697,53.10099],[98.938,53.15398],[98.89201,53.15298],[98.87787,53.13252],[98.8615,53.13],[98.6871,53.15999],[98.66293,53.15193],[98.60549,53.1101],[98.54585,53.11499],[98.39227,53.10801],[98.35884,53.096],[98.31721,53.10477],[98.30131,53.11282],[98.29112,53.13122],[98.29698,53.16],[98.28711,53.18776],[98.30497,53.212],[98.29099,53.22798],[98.22198,53.23016],[98.17991,53.25],[98.03155,53.25844],[97.97772,53.29549],[97.97214,53.31002],[97.97598,53.35299],[97.95899,53.36298],[97.90391,53.35703],[97.73183,53.383],[97.63207,53.37302],[97.61114,53.37682],[97.59241,53.39134],[97.59599,53.42292],[97.58898,53.44198],[97.56291,53.453],[97.45158,53.46663],[97.43699,53.50298],[97.40251,53.52248],[97.38798,53.55398],[97.3496,53.57639],[97.33599,53.59898],[97.24547,53.60501],[97.18891,53.62899],[97.12868,53.61824],[97.06408,53.65395],[97.00321,53.66732],[96.99298,53.68598],[96.93849,53.69902],[96.88599,53.73198],[96.8068,53.72996],[96.74109,53.71601],[96.71401,53.70198],[96.69693,53.65321],[96.67902,53.63999],[96.69238,53.61695],[96.69262,53.61028],[96.65245,53.55863],[96.56275,53.53915],[96.47701,53.54098],[96.44306,53.51913],[96.42099,53.54698],[96.36696,53.56275],[96.36657,53.56931],[96.38397,53.59],[96.37498,53.60398],[96.345,53.60698],[96.29517,53.58948],[96.29023,53.59694],[96.29898,53.60601],[96.30098,53.61598],[96.25101,53.62098],[96.22202,53.60199],[96.21302,53.582],[96.21262,53.55298],[96.18368,53.52063],[96.11101,53.49398],[96.10402,53.484],[96.10847,53.46604],[96.09266,53.45613],[95.95911,53.47801],[95.921,53.49898],[95.86524,53.491],[95.7995,53.49885],[95.77499,53.52098],[95.75624,53.525],[95.66001,53.49298],[95.64137,53.46634],[95.61947,53.45317],[95.52827,53.42907],[95.48307,53.40475],[95.39465,53.37717],[95.35203,53.38013],[95.30551,53.39971],[95.29788,53.40937],[95.29298,53.44898],[95.246,53.46198],[95.18401,53.44498],[95.13754,53.4062],[95.05055,53.38219],[95.00909,53.38639],[94.976,53.40997],[94.9273,53.39103],[94.88214,53.399],[94.73901,53.38798],[94.67893,53.35062],[94.59209,53.32002],[94.58102,53.308],[94.58802,53.28802],[94.67245,53.27531],[94.69327,53.23912],[94.69032,53.23459],[94.60002,53.17899],[94.60486,53.14435],[94.57902,53.097],[94.58402,53.07101],[94.59651,53.05441],[94.59667,53.04678],[94.56182,52.99383],[94.52202,52.95999],[94.50772,52.91485],[94.47259,52.89832],[94.43963,52.89604],[94.39491,52.91899],[94.304,52.90898],[94.14602,52.84598],[94.13602,52.83299],[94.14451,52.81512],[94.136,52.7999],[94.13342,52.76278],[94.09306,52.71906],[94.06739,52.67137],[93.98002,52.63698],[93.97102,52.621],[93.98387,52.59666],[93.97823,52.58228],[93.84917,52.5071],[93.81488,52.473],[93.76102,52.44299],[93.75102,52.415],[93.7596,52.3682],[93.68302,52.29799],[93.66802,52.259],[93.67198,52.23062],[93.66854,52.22459],[93.54303,52.17513],[93.45491,52.17095],[93.35801,52.13398],[93.22744,52.04146],[93.15201,52.02798],[93.13108,52.01703],[93.07034,51.94882],[92.99396,51.92113],[92.93701,51.91998],[92.8992,51.9001],[92.88202,51.87799],[92.87969,51.85655],[92.85392,51.83927],[92.7819,51.85498],[92.672,51.84498],[92.62745,51.8184],[92.54608,51.807],[92.506,51.78703],[92.42992,51.807],[92.20898,51.811],[92.1043,51.78801],[91.94777,51.80922],[91.88491,51.86101],[91.77809,51.87698],[91.72253,51.868],[91.62783,51.87204],[91.55791,51.90499],[91.28322,51.901],[91.23826,51.88797],[91.18204,51.89541],[91.10078,51.948],[90.90725,51.92703],[90.85124,51.91411],[90.82756,51.93476],[90.81783,51.96616],[90.76796,52.00723],[90.76298,52.04099],[90.73799,52.07398],[90.56346,52.12498],[90.49299,52.18698],[90.41611,52.18304],[90.35,52.19698],[90.29504,52.17192],[90.25301,52.16698],[90.21197,52.1421],[90.12701,52.13898],[90.11902,52.12899],[90.12099,52.07371],[90.11402,52.04708],[90.02302,51.98699],[90.02504,51.96293],[90.04589,51.91969],[90.05302,51.83901],[90.09836,51.76793],[90.09972,51.762],[90.09654,51.75602],[90.03449,51.74104],[89.963,51.76598],[89.77417,51.62912],[89.725,51.58572],[89.5804,51.55803],[89.5431,51.56854],[89.48499,51.60098],[89.42005,51.60999],[89.33501,51.59798],[89.29136,51.5596],[89.25865,51.55405],[89.22052,51.57296],[89.21929,51.59235],[89.23798,51.64599],[89.22899,51.65798],[89.206,51.66298],[89.12347,51.6379],[89.05901,51.63198],[89.04538,51.61234],[89.03169,51.60512],[88.73402,51.56398],[88.73309,51.55497],[88.82121,51.51271],[88.85909,51.47097],[88.96233,51.42412],[88.96663,51.40754],[88.94002,51.343],[88.94799,51.29147],[88.94102,51.22601],[88.97808,51.20098],[89.02233,51.18539],[89.03676,51.17001],[89.04587,51.14004],[89.03702,51.08701],[89.05601,51.05201],[89.15877,50.99608],[89.19306,50.96589],[89.19318,50.95747],[86.99704,49.29099],[87.01241,49.27931],[87.01702,49.25901],[87.03701,49.24302],[87.18841,49.23798],[87.26992,49.20588],[87.28776,49.18367],[87.31927,49.0911],[87.31268,49.08807],[87.17998,49.11636],[87.162,49.12278],[87.116,49.12998],[86.97673,49.09303],[86.88699,49.10698],[86.85949,49.10532],[86.8381,49.09404],[86.79829,49.04226],[86.75991,49.02],[86.72702,48.98998],[86.71387,48.96993],[86.70902,48.954],[86.71814,48.91181],[86.74187,48.87873],[86.78603,48.83938],[86.78457,48.83453],[86.73902,48.78399],[86.7509,48.71953],[86.74972,48.71331],[86.66752,48.63332],[86.60501,48.58998],[86.56414,48.52719],[86.54466,48.51675],[86.43132,48.4861],[86.33383,48.49039],[86.30713,48.48302],[86.24593,48.43721],[86.1912,48.41844],[86.00582,48.42998],[85.7842,48.40802],[85.74686,48.38984],[85.7186,48.35871],[85.58606,48.14108],[85.56201,48.03187],[85.51781,47.94464],[85.51506,47.91979],[85.5949,47.62525],[85.59571,47.59075],[85.57998,47.52379],[85.58458,47.49294],[85.60006,47.46294],[85.67134,47.38198],[85.67799,47.36269],[85.66703,47.326],[85.6789,47.2754],[85.66001,47.20905],[85.65633,47.2042],[85.64692,47.19815],[85.60184,47.19445],[85.57762,47.18919],[85.55692,47.17888],[85.52514,47.10971],[85.50817,47.08268],[85.50622,47.06864],[85.49831,47.05338],[85.43194,47.0531],[85.30383,47.03945],[85.24631,47.0444],[85.226,47.04198],[85.20512,47.03371],[85.19094,47.02293],[85.14652,46.97872],[85.07717,46.9433],[85.04704,46.92029],[84.97563,46.9019],[84.9594,46.89088],[84.93732,46.86191],[84.91812,46.85161],[84.84037,46.83916],[84.79205,46.82528],[84.73984,46.815],[84.7211,46.82168],[84.7162,46.83442],[84.74998,46.88201],[84.75198,46.918],[84.73198,46.94798],[84.6992,46.97023],[84.66399,46.98398],[84.616,46.98627],[84.52026,46.97001],[84.47564,46.97532],[84.4218,46.9931],[84.26566,47.00012],[84.15824,46.99311],[84.07055,46.96503],[83.99898,46.97432],[83.90503,46.97408],[83.52439,47.06719],[83.35409,47.14495],[83.31417,47.15794],[83.22065,47.17247],[83.14999,47.21198],[83.12625,47.21759],[83.072,47.21898],[83.0469,47.21466],[83.02101,47.20598],[83.01352,47.19459],[83.0148,47.15293],[82.99802,47.11],[83.00597,47.07942],[82.98551,47.01253],[82.993,46.97581],[82.98597,46.9445],[82.83905,46.73306],[82.7479,46.49458],[82.70779,46.43401],[82.67478,46.33208],[82.60798,46.25536],[82.56806,46.19707],[82.5419,46.13161],[82.51587,45.99324],[82.48869,45.90113],[82.44779,45.82595],[82.37197,45.7339],[82.33548,45.63432],[82.30463,45.58285],[82.29153,45.53333],[82.32701,45.49302],[82.36172,45.4811],[82.51354,45.4656],[82.61318,45.43613],[82.63038,45.41759],[82.63388,45.3399],[82.61477,45.24964],[82.58546,45.17765],[82.54137,45.12579],[82.47444,45.11635],[82.42795,45.13717],[82.34175,45.20512],[82.29459,45.22819],[82.2452,45.23198],[82.19164,45.22216],[81.99817,45.15315],[81.94856,45.14519],[81.90978,45.15848],[81.891,45.17373],[81.87534,45.18106],[81.79603,45.19603],[81.7929,45.20055],[81.78144,45.26664],[81.76522,45.30759],[81.73938,45.33795],[81.665,45.34798],[81.6226,45.33434],[81.54088,45.29306],[81.14419,45.20504],[81.0619,45.17207],[81.02324,45.16209],[80.97602,45.16106],[80.85537,45.12713],[80.74569,45.14426],[80.69708,45.14399],[80.53728,45.10124],[80.46757,45.10629],[80.44535,45.10422],[80.4251,45.09213],[80.40681,45.05786],[80.38974,45.04613],[80.29053,45.04624],[80.219,45.02617],[80.14759,45.03446],[80.10336,45.03218],[80.06171,45.01895],[79.92469,44.93181],[79.87815,44.91472],[79.85802,44.90398],[79.84302,44.87301],[79.86882,44.84917],[79.99174,44.79365],[80.03938,44.79051],[80.21757,44.81793],[80.24305,44.81607],[80.31392,44.78005],[80.49247,44.72621],[80.49692,44.71437],[80.48994,44.70138],[80.41114,44.6828],[80.37646,44.67133],[80.35586,44.65288],[80.35451,44.64177],[80.35902,44.63201],[80.38086,44.60611],[80.38195,44.6],[80.36394,44.56978],[80.33787,44.49403],[80.33002,44.45279],[80.33295,44.41723],[80.37287,44.2706],[80.373,44.2315],[80.34604,44.15891],[80.33893,44.12135],[80.34507,44.10294],[80.40331,44.04851],[80.4123,44.01407],[80.4127,43.99323],[80.42302,43.97201],[80.44,43.94886],[80.47597,43.91005],[80.71159,43.46066],[80.70924,43.42408],[80.69308,43.3932],[80.64287,43.32622],[80.65848,43.31064],[80.73445,43.28884],[80.74797,43.27504],[80.76499,43.20009],[80.79296,43.14924],[80.78741,43.12801],[80.7747,43.11445],[80.73244,43.10122],[80.70946,43.10555],[80.65999,43.13298],[80.61847,43.13426],[80.57589,43.11941],[80.4981,43.07636],[80.41042,43.04873],[80.36802,43.02898],[80.35501,43.00009],[80.37395,42.97507],[80.40774,42.9547],[80.47584,42.93006],[80.5424,42.91622],[80.5538,42.89895],[80.54921,42.88133],[80.54473,42.87794],[80.47602,42.86386],[80.39991,42.84295],[80.33315,42.81729],[80.26508,42.82398],[80.24826,42.81619],[80.22697,42.79091],[80.18916,42.70249],[80.15246,42.66036],[80.14385,42.64491],[80.14004,42.62292],[80.16202,42.55201],[80.20962,42.49071],[80.20253,42.45982],[80.19473,42.4463],[80.19606,42.4338],[80.22546,42.33916],[80.24986,42.30841],[80.26781,42.24007],[80.24779,42.20481],[80.21002,42.18999],[80.2246,42.12557],[80.25662,42.08199],[80.25554,42.06301],[80.23009,42.03354],[80.18126,42.021],[79.93086,42.02327],[79.87965,42.01323],[79.8431,42.00201],[79.82679,41.99224],[79.81302,41.97799],[79.78225,41.90473],[79.7481,41.88052],[79.69177,41.87519],[79.65574,41.87584],[79.61101,41.86798],[79.55429,41.83761],[79.48986,41.81925],[79.39227,41.77314],[79.30408,41.78798],[79.28209,41.78401],[79.19448,41.72909],[79.08909,41.70301],[78.97739,41.64249],[78.91568,41.63311],[78.89727,41.62618],[78.80672,41.57831],[78.6584,41.53251],[78.64496,41.52391],[78.61835,41.4786],[78.51038,41.45442],[78.4168,41.40026],[78.36002,41.37798],[78.34302,41.36199],[78.33903,41.34409],[78.35889,41.28998],[78.3495,41.27132],[78.29159,41.24078],[78.27502,41.22898],[78.25024,41.20038],[78.18845,41.11602],[78.07311,41.03912],[78.03765,41.03609],[77.9978,41.05001],[77.86691,41.06404],[77.831,41.06297],[77.79736,41.05462],[77.64942,40.99728],[77.58099,40.99798],[77.50316,40.9811],[77.47458,40.98223],[77.38901,41.01199],[77.33324,41.02096],[77.30115,41.0193],[77.24352,41.006],[77.11841,41.01203],[77.03502,41.04033],[77.00773,41.04421],[76.90017,41.02603],[76.86113,41.01326],[76.83493,40.99351],[76.82161,40.97885],[76.76696,40.9449],[76.75702,40.926],[76.77007,40.86819],[76.76236,40.84763],[76.67402,40.79599],[76.64786,40.76485],[76.63087,40.72901],[76.61933,40.6096],[76.60946,40.59773],[76.55586,40.56582],[76.53101,40.53498],[76.49826,40.46445],[76.44763,40.41483],[76.31378,40.34504],[76.29902,40.35747],[76.28333,40.41727],[76.27341,40.43412],[76.24416,40.44119],[76.21532,40.41643],[76.18582,40.3851],[76.15384,40.36944],[76.07612,40.39196],[76.05162,40.39019],[75.96242,40.35733],[75.92236,40.31047],[75.90221,40.29923],[75.85909,40.29633],[75.79395,40.30887],[75.77184,40.31013],[75.75055,40.30833],[75.68511,40.29216],[75.65598,40.32446],[75.63904,40.38329],[75.66931,40.43237],[75.66693,40.45024],[75.61878,40.49439],[75.6059,40.57024],[75.58798,40.61198],[75.55999,40.63298],[75.52379,40.63317],[75.48167,40.61401],[75.26342,40.48062],[75.22924,40.47034],[75.20968,40.44431],[75.19146,40.44226],[75.138,40.46398],[75.11317,40.46078],[75.06451,40.44406],[75.00405,40.44707],[74.85644,40.51318],[74.83057,40.50942],[74.8059,40.51699],[74.71224,40.51711],[74.67799,40.53898],[74.58895,40.55443],[74.58303,40.56361],[74.59298,40.59999],[74.57099,40.62298],[74.40238,40.67557],[74.36221,40.70062],[74.31898,40.74599],[74.22408,40.81144],[74.20198,40.86098],[74.05957,40.95244],[74.04558,40.96866],[74.0459,40.97573],[74.12985,41.05286],[74.14497,41.07699],[74.07155,41.12347],[74.07021,41.12976],[74.07868,41.1537],[74.09192,41.16187],[74.12599,41.16402],[74.14325,41.17871],[74.20518,41.20192],[74.33508,41.21599],[74.37924,41.207],[74.39897,41.21201],[74.35449,41.26365],[74.34524,41.28749],[74.34667,41.29447],[74.47807,41.34067],[74.5729,41.35499],[74.64699,41.38102],[74.69502,41.43308],[74.7289,41.51975],[74.73585,41.57159],[74.75298,41.60899],[74.71499,41.63298],[74.69401,41.63298],[74.66008,41.60775],[74.53896,41.56931],[74.472,41.57197],[74.40686,41.54683],[74.32914,41.56],[74.2551,41.55599],[74.22479,41.5461],[74.171,41.56998],[74.08884,41.564],[74.06756,41.56804],[73.98608,41.61394],[73.94653,41.61968],[73.91315,41.67177],[73.91655,41.67632],[73.95274,41.69696],[74.02636,41.68682],[74.05447,41.65896],[74.05501,41.6231],[74.06102,41.61502],[74.11899,41.60002],[74.12697,41.61009],[74.10498,41.71898],[74.06091,41.733],[73.9817,41.74277],[73.98197,41.81909],[73.97598,41.84099],[73.96291,41.85302],[73.924,41.86398],[73.88503,41.85214],[73.82702,41.87697],[73.82232,41.8531],[73.79211,41.84173],[73.72781,41.88619],[73.72553,41.89238],[73.72995,41.89868],[73.76205,41.90608],[73.80098,41.95701],[73.77475,42.01309],[73.7519,42.02099],[73.70901,42.02198],[73.66395,41.99462],[73.63684,41.989],[73.52192,42.01899],[73.46521,42.01219],[73.419,42.02398],[73.38403,42.02016],[73.35998,42.05698],[73.32699,42.07598],[73.28759,42.08119],[73.25477,42.09804],[73.13152,42.11862],[73.11199,42.13898],[73.07957,42.13204],[73.043,42.14598],[72.92001,42.11998],[72.90402,42.10899],[72.89761,42.07937],[72.88681,42.06991],[72.82007,42.06127],[72.73707,42.11394],[72.62822,42.15192],[72.57072,42.14203],[72.521,42.16198],[72.44003,42.1651],[72.41099,42.19298],[72.38291,42.20598],[72.27624,42.19802],[72.23501,42.18598],[72.21297,42.16391],[72.18618,42.10119],[72.16389,42.08135],[72.12685,42.07],[72.06076,42.0723],[72.01891,42.09702],[71.88799,42.13698],[71.82014,42.14128],[71.6271,42.20296],[71.50201,42.19999],[71.42065,42.181],[71.27491,42.20397],[71.25002,42.19798],[71.23943,42.16437],[71.23491,42.15842],[71.20223,42.14127],[71.11792,42.12295],[70.97701,42.04444],[70.84501,42.02998],[70.82802,41.99399],[70.82493,41.93744],[70.81355,41.91974],[70.78026,41.91011],[70.6801,41.901],[70.64896,41.88696],[70.55015,41.82409],[70.50602,41.78598],[70.45194,41.71108],[70.16922,41.5781],[70.14801,41.5521],[70.16601,41.52002],[70.20292,41.50604],[70.34723,41.49236],[70.39655,41.46662],[70.43795,41.41608],[70.45301,41.40502],[70.46506,41.40268],[70.46551,41.39519],[70.45193,41.37077],[70.40101,41.31898],[70.397,41.30676],[70.40302,41.27402],[70.43175,41.26777],[70.43685,41.26178],[70.41002,41.196],[70.4588,41.13417],[70.465,41.03916],[70.45802,41.01601],[70.7034,40.80825],[70.7035,40.7962],[70.69712,40.79273],[70.64908,40.81695],[70.62901,40.81598],[70.61905,40.80273],[70.62202,40.78601],[70.63684,40.77116],[70.72673,40.75519],[70.76136,40.74025],[70.76588,40.73445],[70.75671,40.69697],[70.73322,40.67619],[70.7068,40.66887],[70.61717,40.61211],[70.57055,40.57164],[70.52501,40.55698],[70.47765,40.50579],[70.39908,40.49001],[70.37002,40.47598],[70.35402,40.4559],[70.35702,40.43001],[70.38387,40.39868],[70.37103,40.36502],[70.4419,40.34304],[70.49978,40.35079],[70.52359,40.34326],[70.55124,40.30921],[70.58202,40.22202],[70.62201,40.20002],[70.70701,40.20002],[70.84834,40.23384],[70.93815,40.24],[70.96033,40.23662],[70.97635,40.21854],[70.97605,40.20861],[70.96217,40.18922],[70.92651,40.16943],[70.89749,40.163],[70.845,40.17198],[70.80897,40.15713],[70.792,40.16098],[70.73147,40.12146],[70.66593,40.10394],[70.63902,40.08498],[70.63581,40.02722],[70.62798,39.99549],[70.61462,39.97663],[70.57548,39.9522],[70.50102,39.94098],[70.48012,39.90527],[70.47395,39.90204],[70.45357,39.90979],[70.44818,39.92164],[70.45141,39.93784],[70.47491,39.97083],[70.52113,39.99419],[70.53597,40.016],[70.52599,40.03398],[70.47678,40.05204],[70.32573,40.07701],[70.30499,40.08605],[70.26399,40.12398],[70.24191,40.13299],[70.1475,40.13726],[70.005,40.20898],[69.96881,40.21195],[69.57626,40.10411],[69.54419,40.10342],[69.51801,40.12497],[69.50512,40.09496],[69.47002,40.05099],[69.46301,40.02591],[69.47699,39.96809],[69.49961,39.93598],[69.49922,39.92321],[69.40629,39.89738],[69.35684,39.96014],[69.32799,39.98498],[69.31401,39.98698],[69.24112,39.82925],[69.22602,39.751],[69.23302,39.73301],[69.27851,39.69536],[69.28671,39.67956],[69.28602,39.54],[69.30001,39.51602],[69.33999,39.52802],[69.35083,39.5474],[69.35971,39.55197],[69.39201,39.53002],[69.41221,39.52503],[69.51499,39.53802],[69.58395,39.57387],[69.66948,39.578],[69.71187,39.57372],[69.8301,39.53601],[69.90833,39.548],[69.97899,39.53402],[70.01796,39.5671],[70.04226,39.57372],[70.08236,39.56981],[70.132,39.55002],[70.14891,39.55399],[70.18347,39.6081],[70.19848,39.6164],[70.20495,39.61194],[70.2149,39.58915],[70.20602,39.52402],[70.22308,39.51902],[70.24117,39.5221],[70.33017,39.57258],[70.38399,39.57102],[70.40282,39.58492],[70.4763,39.60095],[70.52601,39.57602],[70.59571,39.57787],[70.62093,39.56399],[70.65601,39.49401],[70.70119,39.4694],[70.70497,39.45712],[70.69802,39.41901],[70.71302,39.39802],[70.77,39.38202],[70.83863,39.40087],[70.864,39.40102],[70.902,39.41997],[70.97709,39.39505],[71.00898,39.40802],[71.06203,39.49397],[71.09378,39.51136],[71.17946,39.523],[71.24899,39.51402],[71.29211,39.54903],[71.3695,39.59197],[71.45565,39.61169],[71.46224,39.61072],[71.50939,39.58516],[71.52955,39.55464],[71.49203,39.494],[71.51301,39.45902],[71.55427,39.44399],[71.60301,39.44202],[71.70456,39.459],[71.72447,39.45871],[71.74042,39.44754],[71.74896,39.42641],[71.74783,39.38096],[71.71302,39.34199],[71.71102,39.32121],[71.7331,39.28497],[71.77,39.27002],[71.807,39.27302],[71.95825,39.3456],[72.0506,39.36797],[72.06823,39.35598],[72.07735,39.33829],[72.09502,39.27502],[72.15679,39.26319],[72.20305,39.23988],[72.20902,39.21701],[72.22786,39.18888],[72.22297,39.13595],[72.20988,39.11817],[72.13102,39.08598],[72.11285,39.02602],[72.02694,38.95677],[72.00702,38.885],[72.03397,38.83308],[72.05661,38.81233],[72.05719,38.80563],[72.03395,38.78993],[71.99942,38.75369],[71.93763,38.72288],[71.84701,38.71198],[71.81141,38.68548],[71.77801,38.67598],[71.75076,38.64744],[71.72,38.65398],[71.66214,38.64008],[71.60501,38.63698],[71.5622,38.58929],[71.53302,38.57399],[71.52554,38.53002],[71.46501,38.51998],[71.43166,38.48079],[71.42679,38.47847],[71.39899,38.50298],[71.372,38.51397],[71.29749,38.48721],[71.27544,38.49064],[71.21721,38.54079],[71.20198,38.58999],[71.17799,38.60798],[71.0726,38.6],[71.04325,38.60689],[71.03403,38.62999],[71.04698,38.65601],[71.05098,38.69899],[71.01156,38.76516],[71.01299,38.7969],[71.00699,38.80298],[70.95293,38.80096],[70.85882,38.762],[70.77898,38.76041],[70.766,38.76771],[70.74499,38.80198],[70.73308,38.80398],[70.66293,38.78295],[70.59134,38.73681],[70.54902,38.72099],[70.55002,38.71101],[70.58931,38.68346],[70.59298,38.66108],[70.59102,38.65497],[70.56307,38.62411],[70.51702,38.59298],[70.49732,38.55757],[70.43902,38.51599],[70.42224,38.48655],[70.35601,38.44199],[70.34206,38.41808],[70.33802,38.38401],[70.35818,38.33636],[70.33601,38.26391],[70.34097,38.15553],[70.3264,38.11462],[70.27402,38.03599],[70.27502,38.02401],[70.29375,38.00331],[70.29454,37.99761],[70.28243,37.98161],[70.25394,37.97339],[70.25,37.95521],[70.2556,37.94277],[70.25199,37.93723],[70.21357,37.93004],[70.17213,37.94607],[70.16051,37.92066],[70.16521,37.88991],[70.17927,37.86066],[70.19601,37.83992],[70.23969,37.8268],[70.25597,37.79209],[70.27233,37.77564],[70.26962,37.76248],[70.28285,37.70417],[70.27347,37.67383],[70.25358,37.65457],[70.24753,37.62529],[70.21601,37.61698],[70.19915,37.57988],[70.15855,37.54232],[70.12732,37.53257],[70.09896,37.53662],[70.06908,37.54522],[70.0417,37.54884],[70.03584,37.54531],[70.00881,37.54919],[69.9895,37.56731],[69.9548,37.5767],[69.93524,37.60566],[69.91867,37.61714],[69.89525,37.61816],[69.82318,37.59302],[69.80284,37.58208],[69.78445,37.59041],[69.754,37.59698],[69.72958,37.59408],[69.66511,37.57622],[69.52866,37.58602],[69.50866,37.57897],[69.49046,37.53648],[69.42502,37.49398],[69.41079,37.47202],[69.38392,37.45279],[69.37801,37.43791],[69.37702,37.3808],[69.38926,37.37084],[69.38448,37.36015],[69.38605,37.34092],[69.40601,37.29517],[69.4097,37.27675],[69.41685,37.26761],[69.40986,37.24567],[69.44047,37.23693],[69.44369,37.23019],[69.44084,37.22282],[69.39302,37.16629],[69.35084,37.14414],[69.32394,37.12137],[69.26416,37.10534],[69.24464,37.10465],[69.12531,37.16843],[69.09699,37.21298],[69.03648,37.25149],[69.02103,37.28795],[69.00548,37.30552],[68.98535,37.32026],[68.96543,37.32914],[68.88787,37.33813],[68.88509,37.33483],[68.89002,37.32301],[68.91649,37.30188],[68.91598,37.28514],[68.91286,37.28075],[68.89049,37.28281],[68.85699,37.32498],[68.83583,37.32914],[68.81382,37.3234],[68.81004,37.31208],[68.82196,37.28128],[68.82093,37.26006],[68.81615,37.2543],[68.7596,37.27524],[68.66887,37.27829],[68.65756,37.26768],[68.66568,37.25525],[68.66543,37.24878],[68.64861,37.24436],[68.63642,37.22992],[68.62507,37.20644],[68.55101,37.19298],[68.52082,37.16458],[68.40401,37.15198],[68.41686,37.12603],[68.4101,37.11315],[68.39361,37.10626],[68.30728,37.11421],[68.2882,37.10314],[68.28078,37.08651],[68.28788,37.02539],[68.27813,37.01166],[68.21256,37.02125],[68.18641,37.0183],[68.14099,36.98927],[68.12093,36.98016],[68.05404,36.93431],[68.02295,36.92685],[68.01654,36.92962],[67.99619,36.95578],[67.96199,36.98999],[67.92016,37.01266],[67.89195,37.05202],[67.87811,37.06443],[67.80953,37.08297],[67.77526,37.10872],[67.77318,37.11468],[67.78094,37.1892],[67.77598,37.20799],[67.76426,37.22088],[67.74659,37.2294],[67.72587,37.23353],[67.67969,37.23337],[67.64463,37.25121],[67.63316,37.25405],[67.59229,37.24718],[67.56556,37.2235],[67.56015,37.22213],[67.54487,37.2322],[67.52614,37.27289],[67.503,37.28198],[67.48223,37.27728],[67.39224,37.22032],[67.31959,37.20842],[67.25733,37.18605],[67.23625,37.19381],[67.20782,37.24412],[67.18781,37.25824],[67.1241,37.28268],[67.09698,37.34099],[67.08508,37.34963],[67.07188,37.35287],[67.00591,37.38438],[66.95765,37.38521],[66.86588,37.36803],[66.73498,37.3633],[66.69464,37.344],[66.65479,37.34615],[66.5884,37.36849],[66.56448,37.37068],[66.51669,37.36579],[66.49597,37.38031],[66.4972,37.39649],[66.54698,37.45101],[66.54298,37.46699],[66.5082,37.49301],[66.49403,37.52198],[66.49718,37.55843],[66.51899,37.6251],[66.51914,37.78187],[66.55191,37.83036],[66.609,37.88902],[66.64594,37.94592],[66.62391,37.99403],[66.55374,38.02705],[66.51599,38.03499],[66.44121,38.03511],[66.30772,38.08009],[66.23099,38.14898],[66.13498,38.17478],[66.04399,38.22598],[65.9788,38.23404],[65.87708,38.27296],[65.843,38.27498],[65.814,38.26597],[65.7384,38.22399],[65.67126,38.22003],[65.60549,38.237],[65.20678,38.44859],[64.97784,38.61208],[64.91107,38.64496],[64.76188,38.68651],[64.63493,38.74407],[64.42333,38.88383],[64.3368,38.9711],[64.314,38.98198],[64.2831,38.97999],[64.17979,38.94583],[64.11852,38.96283],[63.70794,39.19189],[63.64654,39.24159],[63.541,39.35598],[63.47806,39.40294],[62.59278,39.89017],[62.52494,39.93909],[62.45176,40.01195],[62.42203,40.11341],[62.43996,40.17291],[62.43604,40.1938],[62.40517,40.24566],[62.39698,40.31199],[62.36201,40.37177],[62.35298,40.42999],[62.26104,40.47596],[62.19264,40.49931],[62.17097,40.54],[62.1218,40.59726],[62.09998,40.66099],[62.04353,40.71766],[61.98421,40.88151],[61.98472,40.88734],[61.98998,40.89309],[61.98299,40.9789],[61.97093,41.01607],[61.87792,41.12503],[61.65418,41.2489],[61.56823,41.27792],[61.46971,41.29702],[61.433,41.29997],[61.41122,41.29208],[61.38681,41.23628],[61.36302,41.22498],[61.34485,41.19492],[61.31813,41.17199],[61.27883,41.15697],[61.24429,41.15613],[61.20171,41.16928],[61.1,41.22398],[61.02516,41.21747],[61.01,41.23697],[61.004,41.22977],[60.99996,41.03961],[60.97797,41.00316],[60.24802,41.00098],[60.25502,40.34201],[60.27309,40.33301],[60.4704,40.32896],[60.48469,40.32345],[60.49197,40.30157],[60.50895,39.49305],[60.50202,39.48678],[60.38784,39.47401],[60.35795,39.47712],[60.34493,39.50406],[60.31465,39.53042],[60.29498,39.60099],[60.27499,39.62398],[60.2581,39.62799],[60.22192,39.616],[60.15701,39.62198],[60.12452,39.59499],[60.08478,39.58423],[60.06902,39.58902],[60.01186,39.64032],[60.002,39.66233],[60.002,39.98279],[59.99399,39.99898],[59.1835,40.00409],[59.10756,40.01781],[59.03537,40.05886],[58.98799,40.10998],[58.58922,40.18596],[58.47791,40.21399],[58.38601,40.21098],[58.37702,40.19899],[58.37895,40.1687],[58.37078,40.15815],[58.24592,40.16397],[58.00284,40.10904],[57.88462,40.097],[57.4791,40.10199],[57.39409,40.07302],[57.34842,40.0402],[57.28091,40.03202],[57.25542,40.03861],[57.22299,40.06298],[57.18357,40.07147],[57.17082,40.08139],[57.13698,40.14699],[57.08133,40.1765],[57.12897,40.304],[57.08356,40.39629],[57.02898,40.55399],[56.90986,40.66436],[56.77793,40.93106],[56.70106,41.00593],[56.65564,41.0313],[56.65203,41.04474],[56.65998,41.07699],[56.62009,41.08936],[56.6032,41.10491],[56.54204,41.24074],[56.53398,41.29898],[55.90996,41.32699],[55.87701,41.32498],[55.78842,41.2922],[55.69392,41.28197],[55.63326,41.26396],[55.50849,41.25904],[55.44897,41.27941],[55.41201,41.30907],[55.37298,41.37598],[55.2606,41.44365],[55.22838,41.47262],[55.09996,41.64403],[54.95067,41.79635],[54.93509,41.83478],[54.94098,41.88999],[54.90692,41.93204],[54.73786,42.04807],[54.19476,42.31807],[54.12308,42.33797],[54.04675,42.34497],[53.47795,42.26899],[53.41169,42.25791],[53.19224,42.19307],[53.13661,42.16832],[52.97922,42.12706],[52.76498,41.99398],[52.44763,41.75622],[52.43945,41.75579],[52.43641,41.76872],[52.4819,41.86378],[52.49098,41.902],[52.47398,41.96299],[52.43441,42.00139],[52.43698,42.05799],[52.40625,42.08783],[52.40429,42.09548],[52.42202,42.12509],[52.437,42.17895],[52.48499,42.20202],[52.53191,42.27036],[52.59398,42.33501],[52.6012,42.38739],[52.64298,42.42801],[52.67599,42.53809],[52.67698,42.57499],[52.66295,42.61307],[52.618,42.678],[52.57513,42.70003],[52.56415,42.72207],[52.56431,42.74038],[52.57069,42.74689],[52.57726,42.74503],[52.60002,42.69799],[52.66334,42.66686],[52.71022,42.585],[52.72203,42.59408],[52.74098,42.63809],[52.73598,42.70099],[52.71314,42.73082],[52.67699,42.74698],[52.63202,42.7506],[52.62784,42.75633],[52.62498,42.77499],[52.5739,42.79902],[52.47099,42.82599],[52.357,42.83198],[52.32101,42.81898],[52.29927,42.79261],[52.27695,42.7972],[52.20605,42.86594],[52.169,42.88698],[52.05808,42.878],[51.93455,42.83587],[51.91341,42.84222],[51.85536,42.89188],[51.80247,42.95859],[51.77193,43.03105],[51.72479,43.07021],[51.71199,43.09098],[51.67557,43.10203],[51.67175,43.11296],[51.68298,43.141],[51.67905,43.15977],[51.65099,43.19098],[51.61298,43.1771],[51.54001,43.17498],[51.50721,43.15507],[51.46,43.16898],[51.36471,43.154],[51.27989,43.15403],[51.26705,43.16064],[51.26312,43.16792],[51.26584,43.1857],[51.30199,43.26899],[51.31298,43.31099],[51.32,43.4421],[51.31498,43.46299],[51.27827,43.51921],[51.27298,43.55899],[51.21959,43.59243],[51.20698,43.62398],[51.15637,43.62534],[51.11591,43.66026],[51.02337,43.80104],[51.00897,43.84599],[50.99123,43.86872],[50.99098,43.90799],[50.9519,43.94061],[50.90199,44.01098],[50.85963,44.02763],[50.85324,44.04077],[50.861,44.06921],[50.85701,44.15275],[50.84693,44.18906],[50.82199,44.21498],[50.78116,44.23591],[50.69601,44.26398],[50.34693,44.31075],[50.2778,44.3365],[50.23817,44.36889],[50.23039,44.39149],[50.23798,44.45791],[50.23168,44.47522],[50.23798,44.48401],[50.22216,44.53637],[50.22386,44.56389],[50.238,44.586],[50.254,44.55803],[50.26793,44.56995],[50.28143,44.61202],[50.29298,44.61901],[50.29943,44.654],[50.31261,44.661],[50.34024,44.64797],[50.49792,44.62602],[50.61422,44.63896],[50.61916,44.63649],[50.62701,44.62402],[50.72737,44.621],[50.757,44.60502],[50.78675,44.63274],[50.87215,44.62881],[50.92963,44.59717],[50.96001,44.57002],[51.00333,44.56478],[51.00602,44.5524],[50.99101,44.54509],[51.00701,44.52902],[51.11522,44.48798],[51.14309,44.48502],[51.22491,44.49999],[51.29228,44.55163],[51.36608,44.55999],[51.382,44.56],[51.37425,44.52794],[51.40282,44.521],[51.46935,44.53174],[51.53791,44.50904],[51.55999,44.51102],[51.57397,44.524],[51.55398,44.55099],[51.47818,44.58362],[51.43899,44.60998],[51.31822,44.59787],[51.29109,44.61606],[51.25803,44.68893],[51.23392,44.71904],[51.09607,44.79695],[51.04912,44.80435],[51.03391,44.81803],[50.97306,44.84609],[50.96313,44.86234],[50.9653,44.90362],[50.98998,44.91901],[50.994,44.93678],[50.97999,44.94898],[50.95364,44.95442],[50.95114,44.96563],[50.9599,44.97853],[51.00829,44.99593],[51.06499,44.99702],[51.10526,45.03121],[51.19512,45.06427],[51.25101,45.02602],[51.27305,45.02508],[51.28199,45.03709],[51.27508,45.05677],[51.24508,45.09911],[51.258,45.13423],[51.24638,45.15835],[51.24649,45.16548],[51.30938,45.25737],[51.39698,45.33201],[51.41299,45.37996],[51.41717,45.3838],[51.42448,45.38148],[51.45702,45.34702],[51.49391,45.33504],[51.54399,45.33501],[51.59271,45.34494],[51.66619,45.38847],[51.69999,45.39202],[51.73859,45.44535],[51.75745,45.45538],[51.78031,45.43546],[51.79202,45.40502],[51.87909,45.39483],[51.94,45.36703],[52.00774,45.39497],[52.09427,45.38202],[52.4018,45.40898],[52.44609,45.40102],[52.51942,45.409],[52.56786,45.40073],[52.73499,45.34802],[52.83349,45.33713],[52.91,45.31302],[53.00288,45.31997],[53.108,45.30002],[53.19979,45.32794],[53.21758,45.33973],[53.24576,45.334],[53.25796,45.341],[53.18807,45.37796],[53.14294,45.38445],[53.11199,45.40597],[53.03401,45.41933],[52.87661,45.47114],[52.84991,45.49401],[52.75423,45.51742],[52.74155,45.52481],[52.74005,45.53037],[52.74298,45.538],[52.73355,45.55354],[52.74298,45.57301],[52.73902,45.5979],[52.74701,45.63997],[52.75966,45.65238],[52.79199,45.66302],[52.81983,45.71659],[52.85806,45.76388],[52.91991,45.79596],[52.95386,45.82986],[52.98786,45.88763],[53.03998,45.93601],[53.08186,46.00478],[53.08699,46.02092],[53.07831,46.04853],[53.11398,46.09801],[53.12818,46.18443],[53.15696,46.27191],[53.15698,46.34199],[53.1281,46.39381],[53.033,46.471],[53.053,46.469],[53.10194,46.44405],[53.07628,46.47562],[53.08198,46.51197],[53.0162,46.47907],[52.99921,46.48603],[52.99709,46.50347],[53.04,46.574],[53.04202,46.55501],[53.054,46.54602],[53.08798,46.55302],[53.10567,46.6091],[53.11268,46.60961],[53.118,46.60203],[53.14368,46.6347],[53.184,46.63502],[53.20098,46.64302],[53.20798,46.69499],[53.18799,46.71798],[53.10605,46.73906],[53.08401,46.8529],[53.05992,46.89205],[53.05191,46.89799],[52.9922,46.8964],[52.9569,46.927],[52.79996,46.946],[52.61429,46.95004],[52.57203,46.96238],[52.551,46.97797],[52.50895,46.94558],[52.47301,46.94898],[52.46334,46.92007],[52.44987,46.90452],[52.37816,46.87447],[52.22004,46.84999],[52.2416,46.8218],[52.23984,46.81155],[52.23558,46.80739],[52.11276,46.81303],[52.07312,46.82998],[52.06698,46.85099],[52.0378,46.86505],[51.96008,46.88597],[51.90938,46.88103],[51.854,46.895],[51.89097,46.928],[51.88499,46.93298],[51.84892,46.92795],[51.80466,46.90919],[51.76194,46.91669],[51.69058,46.96065],[51.67796,46.97611],[51.67725,46.9826],[51.69478,47.03104],[51.63301,47.04298],[51.61195,46.99215],[51.59646,46.98738],[51.58852,46.99051],[51.52699,47.05298],[51.35222,47.08795],[51.11722,47.06302],[51.02124,47.01701],[50.97901,47.00898],[50.95004,46.98282],[50.91875,46.97042],[50.89888,46.96906],[50.87401,46.97498],[50.83312,46.92638],[50.8191,46.91915],[50.7581,46.91599],[50.74329,46.90867],[50.73478,46.91499],[50.63101,46.90998],[50.60902,46.89599],[50.60618,46.86731],[50.58644,46.83872],[50.57124,46.83028],[50.552,46.835],[50.58098,46.86801],[50.57898,46.87698],[50.48493,46.81825],[50.47158,46.82071],[50.44901,46.83597],[50.42591,46.79092],[50.41036,46.77491],[50.39244,46.76343],[50.37365,46.75713],[50.35786,46.75709],[50.34491,46.76199],[50.32801,46.75998],[50.28544,46.70545],[50.25265,46.68093],[50.23443,46.676],[50.20231,46.67912],[50.19139,46.68281],[50.177,46.69297],[50.11402,46.64699],[50.08415,46.6125],[50.00073,46.58044],[49.98101,46.58198],[49.96656,46.56704],[49.94623,46.55902],[49.75853,46.53208],[49.70302,46.53298],[49.703,46.519],[49.68599,46.53398],[49.62402,46.53698],[49.627,46.519],[49.608,46.52698],[49.579,46.499],[49.55799,46.53398],[49.535,46.54197],[49.49702,46.50899],[49.504,46.499],[49.48693,46.50093],[49.37216,46.40213],[49.367,46.389],[49.35993,46.39193],[49.31061,46.34983],[49.28705,46.33998],[49.29252,46.33411],[49.29206,46.32814],[49.23706,46.2621],[49.1895,46.22981],[49.15902,46.23897],[49.16204,46.22654],[49.16132,46.20937],[49.06053,46.13809],[48.88842,46.08317],[48.83302,46.08298],[48.83151,46.00972],[48.82084,46.00605],[48.80116,46.00705],[48.77902,46.01597],[48.77802,46.00801],[48.79591,45.99008],[48.80377,45.96684],[48.80495,45.95116],[48.8,45.92822],[48.80616,45.90927],[48.80279,45.90338],[48.77285,45.88696],[48.76554,45.88797],[48.635,45.97498],[48.49976,45.89086],[48.48393,45.88994],[48.468,45.87798],[48.45444,45.86266],[48.30024,45.76767],[48.01506,45.71401],[47.8723,45.67901],[47.75409,45.71399],[47.673,45.74998],[47.62802,45.73198],[47.60102,45.66],[47.65281,45.54741],[47.65278,45.54223],[47.62102,45.51238],[47.61331,45.51112],[47.6011,45.51699],[47.58802,45.50799],[47.58539,45.48956],[47.57963,45.47851],[47.56974,45.46782],[47.54802,45.45299],[47.54723,45.4377],[47.51707,45.38618],[47.50902,45.38099],[47.50636,45.37073],[47.49507,45.35288],[47.4762,45.33327],[47.46201,45.32698],[47.4369,45.2928],[47.42901,45.27591],[47.42869,45.23376],[47.39517,45.17534],[47.36435,45.13659],[47.35288,45.13506],[47.33201,45.14097],[47.32196,45.10193],[47.29998,45.05102],[47.25102,44.98602],[47.20996,44.92303],[47.19701,44.91998],[47.18014,44.89226],[47.16003,44.88099],[47.16199,44.86971],[47.15903,44.85608],[47.02605,44.78801],[46.94908,44.73404],[46.97577,44.741],[46.994,44.734],[47.002,44.736],[46.98508,44.72109],[46.97269,44.71618],[46.95683,44.715],[46.9368,44.72188],[46.90001,44.70098],[46.86683,44.66089],[46.85507,44.65208],[46.83317,44.646],[46.80692,44.65094],[46.78534,44.62234],[46.76302,44.60699],[46.76002,44.58601],[46.76981,44.56808],[46.77295,44.54316],[46.76204,44.51812],[46.73903,44.49999],[46.74808,44.46695],[46.78101,44.44502],[46.85284,44.44795],[46.93486,44.43166],[46.94385,44.41797],[46.93903,44.406],[46.95001,44.39302],[47.01152,44.377],[47.04001,44.35102],[47.10055,44.34329],[47.12097,44.29107],[47.14702,44.26602],[47.1702,44.258],[47.17973,44.26532],[47.18501,44.26546],[47.20101,44.24102],[47.22097,44.23687],[47.25201,44.19902],[47.30945,44.18869],[47.33507,44.11592],[47.35408,44.08994],[47.38548,44.06552],[47.39883,44.04923],[47.42997,43.98308],[47.45495,43.95207],[47.47202,43.91801],[47.49346,43.90352],[47.502,43.89104],[47.519,43.912],[47.54801,43.87003],[47.59625,43.90061],[47.62809,43.90004],[47.71362,43.92486],[47.753,43.912],[47.69109,43.85806],[47.64502,43.7801],[47.60702,43.74599],[47.58294,43.70184],[47.54001,43.58602],[47.49098,43.41685],[47.48501,43.37609],[47.496,43.34478],[47.48702,43.311],[47.49301,43.29602],[47.50899,43.29202],[47.52798,43.31301],[47.52863,43.32963],[47.55473,43.34034],[47.56402,43.33002],[47.57735,43.32709],[47.58491,43.30042],[47.49002,43.17599],[47.459,43.04232],[47.46502,43.01801],[47.49102,42.99502],[47.50798,42.98803],[47.501,43.0],[47.51501,42.98302],[47.57154,42.95717],[47.61443,42.92513],[47.63809,42.89696],[47.69892,42.86794],[47.71295,42.83732],[47.72104,42.70191],[47.73405,42.66894],[47.76002,42.63301],[47.88812,42.58104],[47.90897,42.5271],[47.94015,42.47985],[48.02395,42.39306],[48.09803,42.34749],[48.22201,42.17502],[48.30214,42.10457],[48.32502,42.039],[48.38701,41.93702],[48.45491,41.91204],[48.491,41.914],[48.47702,41.90401],[48.55214,41.87551],[48.5791,41.84496],[48.65517,41.80079],[48.78957,41.67054],[48.79802,41.64301],[48.86566,41.58535],[48.90402,41.52301],[48.94233,41.50354],[48.99402,41.44002],[49.02863,41.42936],[49.13554,41.27509],[49.15402,41.16601],[49.17919,41.12692],[49.19502,41.05701],[49.24302,40.997],[49.36129,40.89645],[49.38201,40.86702],[49.44892,40.83105],[49.47258,40.83423],[49.53549,40.79003],[49.53689,40.78366],[49.51002,40.69891],[49.51107,40.68793],[49.53901,40.65401],[49.58901,40.62502],[49.6548,40.61852],[49.7241,40.58099],[49.81676,40.56504],[49.85907,40.56703],[49.93736,40.58698],[50.05164,40.58366],[50.10901,40.52702],[50.23774,40.49513],[50.27602,40.43702],[50.3168,40.42119],[50.34895,40.38801],[50.36095,40.36322],[50.37102,40.282],[50.39091,40.23459],[50.388,40.221],[50.32298,40.29699],[50.25299,40.33598],[50.12779,40.35898],[50.05509,40.352],[50.00417,40.32456],[49.98678,40.32404],[49.95598,40.35198],[49.8931,40.36899],[49.84002,40.33799],[49.84551,40.31415],[49.81899,40.2924],[49.77908,40.27614],[49.71199,40.26398],[49.65191,40.23773],[49.57709,40.21702],[49.49302,40.15399],[49.4951,40.09636],[49.4906,40.09258],[49.44301,40.07798],[49.43302,40.06299],[49.43513,40.04281],[49.44907,40.02194],[49.47956,39.98997],[49.47689,39.98493],[49.43501,39.95798],[49.42402,39.936],[49.44186,39.87318],[49.41702,39.84399],[49.42019,39.81048],[49.40102,39.79699],[49.395,39.78272],[49.4,39.76973],[49.39602,39.756],[49.42307,39.71985],[49.42373,39.71175],[49.38395,39.68994],[49.31807,39.62206],[49.31859,39.6042],[49.29706,39.56608],[49.28501,39.5219],[49.28602,39.49501],[49.29602,39.47702],[49.38784,39.41111],[49.40637,39.38956],[49.40786,39.38262],[49.39702,39.345],[49.407,39.324],[49.36703,39.35096],[49.37902,39.32001],[49.407,39.297],[49.407,39.289],[49.38595,39.29343],[49.35791,39.32004],[49.30691,39.34599],[49.27302,39.33698],[49.24716,39.31116],[49.23701,39.2789],[49.23788,39.17121],[49.21101,39.09101],[49.2023,39.0317],[49.19115,39.01455],[49.11719,38.97481],[49.08283,38.96426],[49.07734,38.9648],[49.05389,38.98022],[49.05213,38.98562],[49.05551,39.00428],[49.06183,39.00981],[49.12599,39.02802],[49.14698,39.06301],[49.14794,39.08407],[49.13599,39.10198],[49.11721,39.10991],[49.0698,39.11327],[49.05898,39.17299],[49.04108,39.18394],[48.97909,39.18699],[48.96202,39.17599],[48.9479,39.13122],[48.93502,39.12399],[48.93602,39.05301],[48.95193,39.02961],[48.92225,38.93691],[48.89714,38.89137],[48.8699,38.86597],[48.86413,38.86421],[48.83202,38.87098],[48.83502,38.819],[48.86296,38.7572],[48.8736,38.43939],[48.86736,38.43525],[48.80971,38.44463],[48.778,38.44498],[48.68083,38.39797],[48.60579,38.3976],[48.57721,38.41945],[48.54849,38.45641],[48.47904,38.52486],[48.46265,38.54493],[48.43539,38.5686],[48.42673,38.59645],[48.41526,38.6181],[48.39176,38.6181],[48.34198,38.6001],[48.30829,38.60171],[48.29185,38.61405],[48.27651,38.63177],[48.22975,38.66164],[48.23031,38.69862],[48.22298,38.72199],[48.21022,38.72981],[48.07792,38.78108],[48.01393,38.82113],[47.99467,38.84812],[47.99281,38.89368],[48.00187,38.90342],[48.05244,38.92791],[48.05658,38.94317],[48.06197,38.94856],[48.24318,38.97388],[48.28437,38.99378],[48.29374,39.0047],[48.30623,39.03133],[48.30698,39.04599],[48.27129,39.10831],[48.25625,39.11978],[48.19866,39.13862],[48.14264,39.18133],[48.10515,39.23455],[48.10613,39.26758],[48.12467,39.29753],[48.15334,39.31873],[48.18895,39.33283],[48.24999,39.34202],[48.30222,39.36972],[48.33897,39.379],[48.31671,39.41516],[48.28899,39.44498],[48.21988,39.49423],[48.05188,39.6502],[47.99091,39.69415],[47.97142,39.70455],[47.95726,39.70734],[47.93141,39.68596],[47.84688,39.68527],[47.82311,39.68031],[47.80368,39.66985],[47.74626,39.62462],[47.60709,39.56403],[47.54101,39.51548],[47.51861,39.51316],[47.44901,39.49499],[47.40709,39.47703],[47.37425,39.45557],[47.33401,39.41545],[47.28936,39.37881],[47.21635,39.35119],[47.15007,39.33114],[47.10222,39.3084],[47.09251,39.29982],[47.08844,39.28905],[47.05293,39.24494],[47.04312,39.223],[47.02054,39.19086],[46.9545,39.16114],[46.899,39.17198],[46.88301,39.1714],[46.86602,39.16527],[46.83695,39.14293],[46.80738,39.10393],[46.77377,39.08536],[46.76163,39.07058],[46.74455,39.04086],[46.67042,39.0049],[46.65201,38.99298],[46.63885,38.97948],[46.60051,38.92133],[46.56679,38.89624],[46.53052,38.88317],[46.49649,38.88606],[46.3778,38.92497],[46.29091,38.91395],[46.20032,38.87038],[46.12588,38.863],[46.00182,38.89747],[45.79139,38.93206],[45.71708,38.95497],[45.6269,38.95603],[45.57084,38.96638],[45.53742,38.96813],[45.45954,38.99364],[45.42848,39.01524],[45.43444,39.0529],[45.42971,39.05947],[45.39674,39.07407],[45.37932,39.11115],[45.34848,39.13675],[45.34831,39.14328],[45.35398,39.153],[45.34821,39.16391],[45.31214,39.17791],[45.3139,39.19425],[45.31111,39.20052],[45.30171,39.20137],[45.28096,39.19366],[45.17909,39.21997],[45.15767,39.21505],[45.15224,39.21772],[45.13594,39.27907],[45.08804,39.35092],[45.06307,39.37142],[45.0517,39.38684],[45.03006,39.39838],[45.00637,39.41795],[44.98371,39.42017],[44.95613,39.43631],[44.95526,39.44406],[44.96197,39.454],[44.9409,39.46812],[44.92823,39.48914],[44.89842,39.58435],[44.88699,39.60598],[44.87049,39.6157],[44.87227,39.62507],[44.82616,39.62955],[44.70629,39.69803],[44.64871,39.7188],[44.63041,39.73448],[44.60583,39.76315],[44.59,39.77197],[44.56559,39.7658],[44.45982,39.69882],[44.45505,39.68714],[44.45807,39.65332],[44.45414,39.64762],[44.4028,39.65949],[44.22413,39.62803],[44.14731,39.63508],[44.07259,39.65323],[43.97341,39.64322],[43.8851,39.6545],[43.88007,39.65793],[43.86815,39.68406],[43.80654,39.69535],[43.7159,39.72847],[43.68528,39.75885],[43.66398,39.79598],[43.63065,39.8134],[43.60845,39.81428],[43.56323,39.8332],[43.53164,39.83849],[43.46425,39.81807],[43.40112,39.78404],[43.35261,39.80279],[43.33543,39.84314],[43.34098,39.913],[43.32,39.96746],[43.35605,40.00213],[43.35792,40.04008],[43.4083,40.05978],[43.53408,40.07403],[43.66517,40.11007],[43.65485,40.13551],[43.65662,40.14177],[43.66815,40.14899],[43.71198,40.15602],[43.72138,40.16938],[43.71493,40.18064],[43.6774,40.22301],[43.67819,40.23016],[43.69136,40.23863],[43.67604,40.26592],[43.59607,40.34481],[43.62528,40.41322],[43.62532,40.42017],[43.56487,40.46413],[43.56067,40.47576],[43.56267,40.4806],[43.5936,40.50837],[43.63896,40.5226],[43.63866,40.52783],[43.64231,40.53159],[43.65298,40.52902],[43.65296,40.55478],[43.70717,40.61194],[43.7011,40.63516],[43.72632,40.66888],[43.72934,40.67711],[43.72098,40.76299],[43.71131,40.78164],[43.66067,40.85012],[43.64801,40.91391],[43.63592,40.93405],[43.60486,40.96334],[43.56599,40.98798],[43.52239,41.00447],[43.48058,41.0092],[43.46034,41.02374],[43.43712,41.08102],[43.452,41.13227],[43.43799,41.15598],[43.41087,41.17504],[43.38327,41.18719],[43.352,41.19398],[43.32249,41.19204],[43.23285,41.17314],[43.21781,41.18015],[43.19222,41.22497],[43.17202,41.24233],[43.13063,41.24588],[43.12429,41.25116],[43.1272,41.25797],[43.15724,41.26974],[43.17186,41.27935],[43.18534,41.29381],[43.184,41.29897],[43.12291,41.31365],[43.0755,41.34494],[43.00298,41.38226],[42.95792,41.43704],[42.92609,41.45907],[42.89053,41.46956],[42.86801,41.5002],[42.85458,41.49379],[42.82849,41.474],[42.77389,41.50154],[42.77358,41.50949],[42.80298,41.53401],[42.81205,41.56243],[42.81994,41.57234],[42.80079,41.57923],[42.66118,41.58825],[42.59086,41.58208],[42.55104,41.63893],[42.49376,41.68835],[42.48765,41.69803],[42.48738,41.70472],[42.49998,41.73201],[42.50099,41.76779],[42.48598,41.80198],[42.44617,41.81033],[42.40691,41.84],[42.382,41.84298],[42.30252,41.81224],[42.23109,41.80402],[42.151,41.82998],[42.06361,41.81704],[41.95857,41.86081],[41.94998,41.88298],[41.90599,41.90298],[41.77302,41.90698],[41.76682,41.8159],[41.73902,41.78098],[41.73417,41.7513],[41.67233,41.6663],[41.616,41.638],[41.6659,41.72883],[41.66971,41.74255],[41.69198,41.77101],[41.70076,41.80393],[41.72398,41.83201],[41.72399,41.90199],[41.711,41.98291],[41.65837,42.0523],[41.65193,42.12121],[41.57607,42.36978],[41.55376,42.39317],[41.50295,42.60908],[41.44211,42.72578],[41.42415,42.73988],[41.384,42.75698],[41.30642,42.76828],[41.22491,42.802],[41.20491,42.80396],[41.16282,42.79109],[41.15164,42.79481],[41.10565,42.84546],[41.08194,42.90806],[41.02299,42.98998],[40.95987,42.97703],[40.93525,42.98229],[40.90405,43.01593],[40.88564,43.02552],[40.8559,43.06302],[40.78299,43.08399],[40.68321,43.09398],[40.59219,43.08612],[40.51999,43.12698],[40.47706,43.13433],[40.39792,43.162],[40.36101,43.16498],[40.33956,43.14566],[40.33291,43.14534],[40.30104,43.18893],[40.2706,43.21475],[40.27297,43.248],[40.2648,43.26312],[40.10099,43.36498],[39.96601,43.39141],[39.93546,43.40548],[39.90996,43.42716],[39.86799,43.49598],[39.71989,43.56719],[39.69099,43.61399],[39.61701,43.64607],[39.57384,43.68911],[39.45952,43.769],[39.391,43.84499],[39.329,43.89599],[39.11723,44.0229],[39.06106,44.07593],[39.01234,44.1005],[38.97799,44.14798],[38.93691,44.16401],[38.87634,44.17285],[38.85821,44.1827],[38.75791,44.27402],[38.59498,44.33199],[38.31142,44.36607],[38.28899,44.38498],[38.21851,44.38707],[38.18171,44.40375],[38.13305,44.46992],[38.10291,44.50004],[38.06471,44.52333],[38.05898,44.54299],[38.04206,44.55993],[38.01077,44.55303],[37.98507,44.5641],[37.92922,44.605],[37.92443,44.61559],[37.93597,44.634],[37.87519,44.68883],[37.78011,44.72895],[37.82184,44.66673],[37.81882,44.6479],[37.7987,44.6351],[37.73571,44.63614],[37.63189,44.66899],[37.60101,44.66797],[37.57525,44.65607],[37.50908,44.67497],[37.49757,44.66969],[37.4803,44.67646],[37.43699,44.71698],[37.3706,44.7494],[37.31803,44.84592],[37.29538,44.86638],[37.29547,44.87247],[37.30297,44.884],[37.297,44.894],[37.30997,44.89702],[37.30598,44.90999],[37.19207,44.99094],[37.13428,45.00435],[37.03498,45.04799],[36.94799,45.06641],[36.83998,45.10898],[36.799,45.11498],[36.74212,45.10306],[36.70046,45.10426],[36.64259,45.12781],[36.58805,45.17033],[36.57893,45.19272],[36.58759,45.20269],[36.73,45.20602],[36.78697,45.23086],[36.84107,45.23304],[36.96198,45.28302],[36.96997,45.30299],[36.94699,45.31998],[36.78868,45.29371],[36.76602,45.32149],[36.75911,45.34973],[36.76209,45.35675],[36.77061,45.36188],[36.77832,45.35968],[36.8029,45.31301],[36.81198,45.31601],[36.81355,45.34653],[36.84798,45.36102],[36.84799,45.3669],[36.80641,45.37132],[36.7819,45.38799],[36.72801,45.37198],[36.68794,45.33199],[36.668,45.326],[36.6679,45.34181],[36.70707,45.39188],[36.83002,45.44187],[36.8481,45.434],[36.8967,45.42965],[37.06678,45.3541],[37.13192,45.33955],[37.13385,45.33102],[37.11402,45.31299],[37.10702,45.27403],[37.18595,45.299],[37.16084,45.30849],[37.15501,45.3193],[37.16165,45.32596],[37.3451,45.32795],[37.388,45.31202],[37.43208,45.32205],[37.50643,45.36124],[37.51125,45.35954],[37.51301,45.35475],[37.50503,45.33403],[37.54164,45.34698],[37.59626,45.335],[37.66098,45.34502],[37.69998,45.56299],[37.65107,45.5841],[37.63499,45.60797],[37.62302,45.60099],[37.62302,45.58601],[37.63586,45.57116],[37.662,45.567],[37.662,45.559],[37.63503,45.55299],[37.65222,45.51204],[37.64977,45.50749],[37.64202,45.50498],[37.64096,45.4576],[37.62944,45.43101],[37.60944,45.41728],[37.59646,45.42141],[37.58703,45.43383],[37.59399,45.47708],[37.586,45.56838],[37.60122,45.65056],[37.62166,45.66515],[37.62876,45.6657],[37.63382,45.65867],[37.63147,45.6508],[37.61505,45.64201],[37.6405,45.63597],[37.67093,45.61007],[37.67898,45.61102],[37.68475,45.6254],[37.70296,45.62223],[37.70098,45.63499],[37.67509,45.65106],[37.66916,45.66403],[37.67136,45.67135],[37.82999,45.75302],[37.86102,45.80608],[37.90248,45.9518],[37.94148,46.02116],[37.97107,46.03975],[38.03962,46.05701],[38.091,46.06],[38.098,46.058],[38.0471,46.03903],[38.03305,46.02503],[38.06573,46.03163],[38.07279,46.02413],[38.07003,46.01102],[38.13598,46.01502],[38.13978,46.03066],[38.16298,46.06001],[38.16904,46.11957],[38.24726,46.14097],[38.27354,46.13435],[38.32001,46.09302],[38.35354,46.08302],[38.38701,46.06102],[38.45898,46.07902],[38.455,46.084],[38.497,46.08523],[38.43131,46.11303],[38.36799,46.19098],[38.29788,46.22008],[38.28538,46.23302],[38.27091,46.27405],[38.12291,46.37803],[38.066,46.40098],[37.98102,46.39998],[37.97802,46.38201],[38.019,46.368],[37.99268,46.35514],[37.96894,46.36284],[37.90554,46.4106],[37.86305,46.45494],[37.82719,46.47791],[37.77603,46.58891],[37.757,46.603],[37.76991,46.61021],[37.75498,46.64599],[37.73251,46.66198],[37.73307,46.67199],[37.74185,46.67456],[37.823,46.63502],[37.86668,46.65495],[38.03202,46.66901],[38.21377,46.69597],[38.26907,46.72971],[38.27544,46.72726],[38.29009,46.70601],[38.3759,46.71799],[38.36924,46.75414],[38.40298,46.78001],[38.40381,46.82052],[38.45847,46.85781],[38.47611,46.86195],[38.55309,46.84802],[38.66808,46.86198],[38.67502,46.85503],[38.68598,46.86002],[38.68645,46.86624],[38.69013,46.86968],[38.7082,46.87107],[38.86291,46.92698],[38.86818,46.94318],[38.89542,46.96437],[38.90549,46.96671],[38.9239,46.95601],[38.96681,46.96994],[39.09852,47.04023],[39.10504,47.03896],[39.11301,47.02702],[39.15199,47.02802],[39.26996,47.07001],[39.25517,47.08292],[39.232,47.088],[39.25499,47.09502],[39.26298,47.11198],[39.23879,47.12329],[39.23178,47.13444],[39.23187,47.13971],[39.24098,47.154],[39.21539,47.18621],[39.21699,47.1989],[39.212,47.20963],[39.21497,47.21798],[39.20641,47.2206],[39.19392,47.24305],[39.15999,47.26898],[38.94102,47.24498],[38.93602,47.22401],[38.95363,47.20771],[38.9531,47.2021],[38.94766,47.19834],[38.88601,47.19698],[38.86813,47.17636],[38.86168,47.17314],[38.79801,47.17598],[38.6376,47.14114],[38.57001,47.14198],[38.55902,47.13599],[38.561,47.12],[38.581,47.119],[38.574,47.128],[38.587,47.121],[38.572,47.115],[38.50292,47.13416],[38.49764,47.13823],[38.49763,47.14441],[38.50398,47.14802],[38.50558,47.17408],[38.52477,47.19198],[38.51402,47.19098],[38.514,47.184],[38.49801,47.18598],[38.46508,47.15906],[38.482,47.152],[38.476,47.144],[38.453,47.15098],[38.39665,47.13603],[38.31002,47.13898],[38.23809,47.12201],[38.232,47.12798],[38.2369,47.15398],[37.85895,47.104],[37.42201,47.07698],[37.19437,46.8955],[36.91601,46.82298],[36.88102,46.78799],[36.82662,46.68145],[36.76476,46.63011],[36.743,46.631],[36.752,46.64022],[36.744,46.65],[36.75598,46.64802],[36.76015,46.66717],[36.79498,46.68701],[36.80198,46.72499],[36.7579,46.75902],[36.696,46.77998],[36.677,46.77311],[36.617,46.77698],[36.58906,46.75917],[36.52992,46.75697],[36.37901,46.70898],[36.322,46.66498],[36.234,46.562],[36.227,46.564],[36.259,46.603],[36.25698,46.62097],[36.246,46.611],[36.24393,46.63505],[36.21699,46.65898],[36.19008,46.66896],[36.1079,46.65602],[36.04192,46.66698],[35.89581,46.65092],[35.771,46.60097],[35.62734,46.49781],[35.49101,46.44798],[35.44703,46.40702],[35.38002,46.36899],[35.28403,46.25955],[35.27415,46.25846],[35.2689,46.26702],[35.218,46.281],[35.23997,46.309],[35.22883,46.31932],[35.21909,46.33699],[35.1708,46.29344],[35.11201,46.30197],[35.05124,46.26632],[34.8991,46.24101],[34.83502,46.20598],[34.81002,46.159],[34.82823,46.12564],[34.85201,46.00002],[34.89504,45.89696],[34.97096,45.76799],[34.97026,45.7618],[34.96169,45.75712],[34.87604,45.78997],[34.80188,45.81067],[34.79905,45.81642],[34.80198,45.90098],[34.75389,45.90946],[34.67018,45.96787],[34.62921,45.98591],[34.56101,45.99398],[34.51257,45.94969],[34.47751,45.94439],[34.44089,45.96312],[34.41386,45.98928],[34.40493,46.00904],[34.32,46.06798],[34.25209,46.053],[34.18307,46.06725],[34.12092,46.10602],[34.081,46.11798],[34.05045,46.11026],[33.89915,46.16956],[33.85399,46.19798],[33.83905,46.193],[34.12718,46.06391],[35.00569,45.6131],[35.00945,45.6085],[35.03096,45.53286],[34.99002,45.45],[35.06301,45.34002],[35.3169,45.32102],[35.46617,45.359],[35.49401,45.34702],[35.51521,45.34604],[35.67898,45.37802],[35.69998,45.39101],[35.71423,45.41569],[35.84962,45.445],[35.90176,45.44489],[35.96182,45.42007],[35.98809,45.41402],[36.00006,45.41507],[36.00999,45.42501],[36.01719,45.4401],[36.02208,45.44297],[36.32374,45.43997],[36.51078,45.39106],[36.51546,45.38582],[36.51392,45.38092],[36.41502,45.27199],[36.36514,45.15976],[36.26159,45.09557],[36.00556,45.04412],[35.86664,45.031],[35.59992,45.10199],[35.38701,45.08198],[35.06758,44.86232],[34.61409,44.841],[34.37209,44.75702],[34.13703,44.53902],[34.01304,44.4922],[33.65973,44.52412],[33.395,44.6],[33.42046,44.65134],[33.4419,44.65696],[33.46498,44.65602],[33.47008,44.67207],[33.49398,44.70201],[33.47451,44.7619],[33.53925,44.89348],[33.54414,44.89725],[33.56798,44.90302],[33.57,44.91326],[33.56997,44.92408],[33.55798,44.97099],[33.54761,44.98674],[33.51698,45.12399],[33.39799,45.25298],[33.0139,45.38099],[32.9258,45.38799],[32.64322,45.381],[32.57689,45.36221],[32.503,45.445],[32.9042,45.67348],[33.19043,45.78973],[33.53999,45.87502],[33.63891,45.92696],[33.58972,46.01768],[33.5811,46.0428],[33.57454,46.04687],[33.52799,46.13398],[33.33209,46.166],[32.51652,46.126],[32.19979,46.17163],[32.11183,46.21725],[31.938,46.398],[31.95593,46.40098],[31.93395,46.40318],[31.926,46.41],[32.18897,46.592],[31.951,46.86497],[31.77897,46.70215],[31.53764,46.70095],[31.0871,46.63601],[30.83302,46.57698],[30.51987,46.25089],[30.43436,46.17762],[30.40104,46.18498],[30.456,46.11203],[30.48847,46.15319],[30.49435,46.15495],[30.504,46.15102],[30.54596,46.18119],[30.55735,46.17908],[30.55987,46.15901],[30.51107,46.12104],[30.47924,46.08021],[30.35982,45.98984],[30.21765,45.86283],[29.71418,45.5781],[29.62502,45.50299],[29.63202,45.48002],[29.651,45.47202],[29.67,45.475],[29.677,45.47],[29.67003,45.464],[29.68,45.45803],[29.68946,45.46594],[29.70598,45.46302],[29.70947,45.4712],[29.745,45.49],[29.74402,45.46303],[29.76679,45.47015],[29.78437,45.46114],[29.76302,45.368],[29.78295,45.3177],[29.75502,45.27099],[29.75698,45.22774],[29.75345,45.22246],[29.72801,45.21898],[29.7191,45.20921],[29.69501,45.21098],[29.69,45.2],[29.67115,45.22103],[29.66091,45.24633],[29.66394,45.25893],[29.67897,45.26802],[29.65684,45.33313],[29.589,45.38998],[29.55119,45.40891],[29.47241,45.42333],[29.43,45.44298],[29.36475,45.43609],[29.327,45.44798],[29.29164,45.42814],[29.23792,45.43296],[29.18708,45.41203],[29.16641,45.39415],[29.08301,45.37299],[28.98863,45.33328],[28.96601,45.33098],[28.94902,45.31099],[28.95162,45.28958],[28.94156,45.28109],[28.91502,45.28739],[28.87399,45.31598],[28.8474,45.31731],[28.81699,45.33598],[28.79601,45.33498],[28.78104,45.323],[28.80232,45.3119],[28.80162,45.30156],[28.79231,45.29312],[28.75203,45.28399],[28.76401,45.26402],[28.78916,45.25429],[28.79085,45.24495],[28.70713,45.22407],[28.64309,45.24296],[28.5601,45.2503],[28.35051,45.32017],[28.28667,45.39742],[28.28098,45.44399],[28.22473,45.46308],[28.21935,45.46776],[28.21992,45.47386],[28.25194,45.51195],[28.21701,45.49299],[28.20242,45.46826],[28.19425,45.4673],[28.16684,45.49443],[28.16498,45.52799],[28.14105,45.55991],[28.07456,45.58793],[28.06949,45.59406],[28.07272,45.60112],[28.10653,45.62353],[28.16798,45.63202],[28.15498,45.76199],[28.11298,45.82752],[28.11146,45.85379],[28.13097,45.871],[28.11804,45.89577],[28.12498,45.919],[28.08312,46.01696],[28.09698,46.06],[28.09156,46.07501],[28.12698,46.135],[28.14498,46.183],[28.11429,46.22659],[28.11354,46.23197],[28.1168,46.23582],[28.13198,46.24002],[28.13499,46.26557],[28.13876,46.27085],[28.17813,46.2872],[28.19298,46.31101],[28.1916,46.34936],[28.20698,46.35802],[28.21221,46.38577],[28.23297,46.40201],[28.22957,46.41419],[28.23998,46.42002],[28.24699,46.43625],[28.24598,46.47598],[28.23317,46.47997],[28.21904,46.50616],[28.2213,46.53963],[28.23397,46.553],[28.22714,46.57176],[28.24698,46.60701],[28.24397,46.63507],[28.23393,46.66307],[28.17975,46.73705],[28.17794,46.75907],[28.12348,46.83158],[28.12398,46.86199],[28.11326,46.87375],[28.11398,46.89498],[28.10018,46.90355],[28.10498,46.918],[28.10201,46.9349],[28.08298,46.97199],[28.02799,47.03298],[28.00573,47.02712],[27.94346,47.04499],[27.93935,47.04931],[27.93792,47.06104],[27.84793,47.11219],[27.84592,47.11755],[27.84998,47.12899],[27.80452,47.14648],[27.79952,47.15508],[27.80798,47.163],[27.78809,47.20382],[27.75483,47.23635],[27.75398,47.25199],[27.73305,47.27593],[27.63747,47.30673],[27.60004,47.36092],[27.57504,47.37503],[27.57998,47.40599],[27.5666,47.41439],[27.564,47.41986],[27.57057,47.43925],[27.58297,47.451],[27.57605,47.45993],[27.54799,47.47398],[27.50603,47.47814],[27.47409,47.49196],[27.45999,47.53298],[27.44573,47.53611],[27.44109,47.54022],[27.42798,47.58098],[27.39622,47.58986],[27.30419,47.66681],[27.27713,47.70766],[27.27983,47.71535],[27.29498,47.71802],[27.28798,47.75198],[27.26373,47.76533],[27.22435,47.80932],[27.22693,47.8168],[27.25296,47.828],[27.2144,47.84758],[27.21203,47.85289],[27.21198,47.88999],[27.1655,47.92022],[27.16687,47.92763],[27.178,47.93823],[27.17798,47.94399],[27.15649,47.95773],[27.15797,47.96378],[27.16998,47.97401],[27.16898,47.98299],[27.157,47.99198],[27.14735,47.98805],[27.14173,47.98962],[27.12199,48.01298],[27.1007,48.00704],[27.0946,48.00939],[27.09281,48.01885],[27.10898,48.02601],[27.10898,48.03399],[27.05883,48.05854],[27.04291,48.07616],[27.0351,48.09967],[27.04698,48.11601],[27.04298,48.12698],[27.025,48.13498],[27.00956,48.12919],[26.97292,48.14314],[26.97477,48.15137],[26.99798,48.15802],[26.99798,48.16698],[26.96363,48.17561],[26.938,48.20497],[26.91361,48.18878],[26.90804,48.18853],[26.89798,48.20899],[26.85622,48.23785],[26.84171,48.23533],[26.805,48.25798],[26.76491,48.25302],[26.74784,48.2549],[26.733,48.27097],[26.71974,48.26105],[26.68875,48.275],[26.62811,48.26107],[26.62116,48.26603],[26.62631,48.28327],[26.66899,48.30901],[26.67789,48.32571],[26.68265,48.32887],[26.70202,48.32301],[26.73601,48.29202],[26.77399,48.28702],[26.78998,48.30701],[26.77891,48.36668],[26.79115,48.37571],[26.81699,48.37202],[26.8359,48.39227],[26.84611,48.39252],[26.943,48.35103],[26.99012,48.36195],[27.03298,48.36002],[27.02604,48.3922],[27.02967,48.39747],[27.03648,48.399],[27.17575,48.36207],[27.20875,48.361],[27.24699,48.37402],[27.30397,48.42208],[27.34033,48.4351],[27.403,48.41103],[27.4198,48.41694],[27.50398,48.47201],[27.45803,48.57692],[27.43798,48.60299],[27.41016,48.62089],[27.37009,48.62999],[27.33585,48.60294],[27.32441,48.60105],[27.29499,48.61598],[27.23402,48.61798],[27.23602,48.60502],[27.25718,48.59727],[27.26069,48.59338],[27.25848,48.57992],[27.24676,48.57111],[27.14701,48.58198],[27.12049,48.5611],[27.0381,48.56798],[27.02377,48.56221],[27.00399,48.57498],[26.945,48.58098],[26.92494,48.57494],[26.88304,48.54342],[26.86029,48.541],[26.82701,48.56448],[26.823,48.5821],[26.82897,48.60198],[26.79709,48.60799],[26.78302,48.59399],[26.7856,48.56597],[26.77066,48.55112],[26.75974,48.55167],[26.74953,48.56256],[26.74099,48.58898],[26.71702,48.59498],[26.71602,48.57801],[26.73796,48.5561],[26.73314,48.54133],[26.72423,48.53624],[26.633,48.56198],[26.61302,48.55099],[26.61402,48.54002],[26.68605,48.51924],[26.69952,48.50748],[26.70175,48.50178],[26.69664,48.496],[26.65331,48.49203],[26.627,48.50798],[26.61601,48.50698],[26.60702,48.492],[26.61948,48.46065],[26.6066,48.452],[26.55295,48.4665],[26.51498,48.51498],[26.47099,48.53798],[26.42389,48.53002],[26.404,48.53398],[26.38644,48.52147],[26.3784,48.52166],[26.35637,48.55906],[26.35853,48.56453],[26.37196,48.57399],[26.31343,48.60183],[26.30862,48.60669],[26.31597,48.64297],[26.30029,48.63703],[26.28809,48.64037],[26.28388,48.64637],[26.28198,48.66198],[26.25573,48.66698],[26.2385,48.68013],[26.25098,48.75199],[26.23197,48.77487],[26.23028,48.78095],[26.24223,48.80021],[26.26396,48.808],[26.21882,48.83747],[26.22298,48.89698],[26.20352,48.89889],[26.19811,48.9022],[26.20198,48.92799],[26.16199,48.94314],[26.08198,49.12998],[26.07717,49.13473],[26.03598,49.63398],[24.25692,50.15899],[20.26746,49.8871],[20.26178,49.89168],[20.17999,50.14698],[19.2078,50.253],[18.77049,50.18081],[18.76691,50.18535],[18.64598,50.64499],[18.14117,50.98792],[18.11302,51.76853],[18.13997,51.82499],[18.00414,51.88109],[17.8984,52.1758],[18.08612,52.39066],[18.46399,52.39202],[18.59891,52.49994],[18.52141,52.55173],[18.51803,52.55789],[18.51998,52.6615],[18.65297,52.71601],[18.57709,52.81657],[18.57589,52.82438],[18.76098,52.93202],[18.84234,53.06509],[18.94999,53.04002],[18.99003,53.12707],[18.99458,53.1308],[19.28327,53.16499],[19.423,53.11302],[19.48657,53.16092],[19.49341,53.16247],[19.5791,53.079],[20.01077,53.04402],[20.09461,53.17837],[20.10028,53.18184],[20.47699,53.13102],[20.70161,53.31972],[21.11709,53.26904],[21.5399,53.40398],[21.52574,53.43794],[21.53013,53.44503],[21.5979,53.46293],[21.71224,53.45908],[22.15379,53.59893],[22.20553,53.63452],[22.48618,53.73811],[22.54299,53.77401],[22.57903,53.83411],[22.61898,53.87802],[22.62198,53.92499],[22.51615,54.01188],[22.46828,54.03943],[22.44898,54.09899],[22.35427,54.17379],[22.35212,54.17965],[22.44373,54.25683],[22.66478,54.27498],[22.70998,54.29301],[22.699,54.41492],[22.67022,54.4925],[22.66311,54.57198],[22.72498,54.73284],[22.82398,54.78701],[22.79498,54.89799],[22.63381,54.94781],[22.58399,55.00899],[22.45109,55.05996],[22.25099,55.07098],[22.14309,55.05501],[22.09979,55.03039],[22.07572,55.02914],[22.02998,55.04401],[22.01498,55.08799],[22.00409,55.09295],[21.94034,55.07916],[21.87237,55.09532],[21.81991,55.119],[21.74977,55.12825],[21.64621,55.18089],[21.60499,55.19298],[21.50226,55.19538],[21.467,55.21207],[21.40606,55.27193],[21.37499,55.28998],[21.34993,55.28796],[21.27141,55.25233],[21.267,55.25737],[21.26553,55.28096],[21.26965,55.28482],[21.28499,55.28702],[21.29098,55.297],[21.27404,55.32692],[21.25945,55.33894],[21.25698,55.36898],[21.24592,55.36995],[21.189,55.339],[21.183,55.346],[21.22334,55.39794],[21.24798,55.41801],[21.248,55.44173],[21.22302,55.51991],[21.1963,55.54625],[21.19498,55.58499],[21.15866,55.64007]],[[145.09071,72.35001],[145.05436,72.36046],[145.01774,72.38005],[144.98495,72.38599],[144.94509,72.388],[144.9031,72.385],[144.86376,72.37592],[144.73008,72.32902],[144.70502,72.31398],[144.6902,72.29627],[144.6539,72.27492],[144.58805,72.22502],[144.60307,72.22805],[144.64819,72.25609],[144.68335,72.27062],[144.74223,72.28203],[144.94495,72.29201],[145.06182,72.31396],[145.29297,72.32],[145.25691,72.34901],[145.1962,72.35316],[145.16415,72.361],[145.15099,72.36898],[145.12266,72.3569],[145.09071,72.35001]],[[138.636,53.85693],[138.62782,53.81399],[138.62218,53.80143],[138.57355,53.75152],[138.4102,53.64513],[138.39603,53.63099],[138.4,53.61371],[138.39726,53.59494],[138.38784,53.5789],[138.37206,53.56501],[138.40613,53.561],[138.42773,53.56298],[138.45207,53.57105],[138.47278,53.58386],[138.51187,53.61887],[138.61299,53.75701],[138.64597,53.828],[138.636,53.85693]]],[[[143.47796,46.1081],[143.47482,46.08906],[143.45102,46.07099],[143.44262,46.03805],[143.43556,46.02987],[143.42898,46.02856],[143.42104,46.03702],[143.413,46.08548],[143.41442,46.10346],[143.429,46.12721],[143.42003,46.14698],[143.42698,46.18],[143.42099,46.22298],[143.379,46.33699],[143.33928,46.4081],[143.35097,46.433],[143.33235,46.48504],[143.33247,46.49147],[143.3399,46.49689],[143.37299,46.49202],[143.39297,46.533],[143.36898,46.55598],[143.3429,46.56299],[143.27604,46.55998],[143.30765,46.52691],[143.30717,46.52032],[143.29914,46.5151],[143.28974,46.51823],[143.23491,46.56703],[143.16,46.59798],[143.06668,46.58803],[142.9967,46.59415],[142.934,46.61497],[142.82958,46.59313],[142.79796,46.59414],[142.77425,46.60834],[142.75558,46.63708],[142.72498,46.74098],[142.70001,46.74198],[142.68211,46.72518],[142.61792,46.71896],[142.52908,46.68402],[142.45716,46.63112],[142.40596,46.55291],[142.32413,46.38929],[142.28202,46.32799],[142.26201,46.26599],[142.24564,46.16703],[142.22731,46.11601],[142.20402,46.07999],[142.20064,46.03012],[142.1856,46.01752],[142.13301,46.00598],[142.12014,45.99215],[142.09507,45.90633],[142.08613,45.90127],[142.03843,45.92607],[142.00205,45.97791],[141.93345,46.03623],[141.93595,46.10022],[141.89905,46.27876],[141.83656,46.41851],[141.81405,46.53689],[141.82358,46.60381],[141.86595,46.66993],[141.8848,46.7302],[142.05703,47.0542],[142.06398,47.10901],[142.05695,47.17008],[142.02898,47.23199],[141.97611,47.29827],[141.99099,47.36992],[141.9644,47.41455],[141.952,47.48054],[141.96616,47.61205],[142.00098,47.66401],[142.00677,47.70004],[142.06299,47.78002],[142.09399,47.8574],[142.10802,47.8762],[142.13807,47.89108],[142.17684,47.92984],[142.19097,47.967],[142.16604,48.1149],[142.17397,48.15108],[142.13295,48.33408],[142.09687,48.39715],[141.91863,48.61064],[141.87333,48.68765],[141.85717,48.73368],[141.857,48.76971],[141.85989,48.77682],[141.92368,48.83569],[141.96698,48.86201],[141.9614,48.9038],[141.99598,48.94301],[142.01539,49.02166],[142.03598,49.062],[142.02528,49.10224],[142.077,49.1981],[142.07898,49.23208],[142.0632,49.31645],[142.09651,49.41182],[142.12503,49.4622],[142.15999,49.67824],[142.15198,49.826],[142.125,49.898],[142.13199,49.89802],[142.14597,49.922],[142.14014,49.94364],[142.15998,49.97601],[142.15903,50.02874],[142.17398,50.08713],[142.156,50.23991],[142.13604,50.28957],[142.15098,50.327],[142.146,50.36391],[142.04681,50.52568],[142.04203,50.55196],[142.05698,50.58101],[142.06328,50.65924],[142.09304,50.71425],[142.10397,50.7809],[142.09834,50.82258],[142.12798,50.85701],[142.12803,50.89011],[142.13085,50.89659],[142.20098,50.96],[142.24998,51.031],[142.26695,51.07391],[142.269,51.11278],[142.25494,51.15907],[142.17273,51.25985],[142.16705,51.27973],[142.17798,51.29701],[142.17898,51.31399],[142.1166,51.37054],[142.0805,51.41464],[142.08065,51.42354],[142.09798,51.443],[142.07905,51.47092],[141.94225,51.55975],[141.93311,51.5729],[141.93898,51.61199],[141.9259,51.61698],[141.86669,51.6137],[141.81699,51.67199],[141.70552,51.7228],[141.687,51.747],[141.80799,51.72102],[141.82297,51.744],[141.81013,51.75632],[141.80998,51.80598],[141.76082,51.83607],[141.639,51.885],[141.676,51.91222],[141.67596,51.95309],[141.65216,52.0306],[141.6453,52.08438],[141.65749,52.11046],[141.68798,52.13501],[141.69998,52.166],[141.66039,52.21524],[141.67298,52.27599],[141.64304,52.32071],[141.66254,52.38352],[141.78298,52.46701],[141.81937,52.55895],[141.84397,52.59099],[141.81474,52.59718],[141.81116,52.6038],[141.83498,52.63401],[141.84295,52.66877],[141.84411,52.74198],[141.87198,52.817],[141.865,52.85118],[141.87217,52.88809],[141.88998,52.91201],[141.89619,52.96339],[141.92798,53.021],[141.91293,53.07407],[141.83852,53.159],[141.83698,53.20999],[141.80326,53.27427],[141.80458,53.28621],[141.81697,53.303],[141.80821,53.31491],[141.80998,53.33799],[141.769,53.372],[141.79476,53.38669],[141.88607,53.41305],[141.95607,53.45576],[142.00807,53.46104],[142.09429,53.49406],[142.241,53.529],[142.23002,53.52101],[142.25416,53.48715],[142.242,53.45379],[142.251,53.44475],[142.25184,53.43956],[142.24102,53.43199],[142.23702,53.42],[142.24801,53.39302],[142.26394,53.38007],[142.32731,53.365],[142.39478,53.37899],[142.45499,53.38002],[142.52098,53.42002],[142.57839,53.50117],[142.62276,53.52473],[142.67499,53.51802],[142.68697,53.529],[142.66582,53.55308],[142.62892,53.56901],[142.58624,53.57596],[142.54901,53.56998],[142.52194,53.55072],[142.5141,53.55056],[142.50822,53.56566],[142.51198,53.595],[142.4931,53.63838],[142.49679,53.65497],[142.50101,53.66016],[142.53447,53.67584],[142.587,53.66703],[142.64022,53.68096],[142.69801,53.63802],[142.71899,53.64002],[142.80398,53.70701],[142.78491,53.80618],[142.77598,53.82399],[142.73901,53.84597],[142.71301,53.80898],[142.67327,53.71628],[142.61703,53.70101],[142.61118,53.70285],[142.61004,53.709],[142.63182,53.75454],[142.70602,53.8641],[142.71798,53.907],[142.70798,53.94799],[142.66584,53.98912],[142.46943,54.14392],[142.40999,54.23198],[142.349,54.272],[142.283,54.297],[142.283,54.304],[142.30569,54.30188],[142.36509,54.277],[142.44327,54.269],[142.537,54.297],[142.52,54.286],[142.52902,54.25201],[142.54301,54.23702],[142.56999,54.23502],[142.58697,54.24701],[142.57,54.277],[142.59028,54.27986],[142.63499,54.26602],[142.64893,54.28293],[142.62662,54.30862],[142.6254,54.3238],[142.62951,54.3292],[142.66999,54.34802],[142.68686,54.36882],[142.67425,54.3956],[142.68186,54.41502],[142.70287,54.42596],[142.73531,54.4196],[142.75711,54.3948],[142.77302,54.36201],[142.80519,54.33865],[142.82002,54.30201],[142.89533,54.2457],[142.95783,54.1702],[143.00321,54.13577],[143.01153,54.1218],[142.9996,54.068],[142.92707,53.97507],[142.89937,53.90044],[142.88828,53.89223],[142.86501,53.89198],[142.85204,53.87202],[142.91459,53.87387],[142.93287,53.85812],[142.94,53.824],[143.002,53.701],[142.92699,53.82998],[142.89801,53.82298],[142.89002,53.813],[142.90598,53.76709],[142.94119,53.74699],[142.96485,53.69915],[142.988,53.694],[142.96802,53.66602],[143.0038,53.6656],[143.029,53.646],[142.99604,53.626],[143.06045,53.60007],[143.05884,53.59282],[143.04666,53.58613],[143.01601,53.59098],[143.00595,53.57599],[142.98802,53.56998],[142.98802,53.56302],[143.043,53.53602],[143.08473,53.55735],[143.09038,53.55769],[143.12042,53.51957],[143.13011,53.4874],[143.12582,53.47106],[143.1199,53.46903],[143.08301,53.47398],[143.071,53.4609],[143.07002,53.44801],[143.11077,53.41728],[143.1105,53.40596],[143.09403,53.38201],[143.11809,53.37904],[143.18171,53.39786],[143.21056,53.36309],[143.25402,53.21501],[143.28981,53.15112],[143.29201,53.08409],[143.31185,53.04963],[143.327,52.93611],[143.35893,52.87346],[143.35827,52.86771],[143.32502,52.809],[143.33699,52.75927],[143.33096,52.60315],[143.29662,52.45405],[143.2519,52.38994],[143.194,52.337],[143.20698,52.395],[143.19992,52.4267],[143.22431,52.44764],[143.26599,52.45002],[143.27197,52.46299],[143.24146,52.47782],[143.23833,52.48277],[143.28698,52.56501],[143.29295,52.59178],[143.26101,52.59798],[143.24902,52.59099],[143.24847,52.56504],[143.23503,52.55699],[143.2394,52.53919],[143.17903,52.447],[143.15992,52.39319],[143.12708,52.35906],[143.11902,52.338],[143.12901,52.32702],[143.1469,52.32801],[143.167,52.344],[143.177,52.31383],[143.15604,52.20421],[143.151,52.12],[143.11601,52.15297],[143.09803,52.10401],[143.139,52.09],[143.13302,52.07991],[143.137,52.03009],[143.15884,51.99505],[143.15979,51.98089],[143.15204,51.97026],[143.12608,51.96679],[143.14202,51.92502],[143.16141,51.91474],[143.16451,51.90991],[143.16302,51.87401],[143.21299,51.85502],[143.23148,51.88147],[143.23707,51.88334],[143.24146,51.88045],[143.25506,51.83693],[143.31074,51.75279],[143.318,51.706],[143.29593,51.71295],[143.27602,51.70099],[143.26105,51.67806],[143.25164,51.64065],[143.23502,51.614],[143.24095,51.56895],[143.22102,51.532],[143.22393,51.52222],[143.242,51.50802],[143.27343,51.52002],[143.33799,51.50802],[143.34698,51.52301],[143.34403,51.54878],[143.32612,51.59468],[143.34619,51.63413],[143.36173,51.64216],[143.36734,51.63806],[143.39402,51.56501],[143.44739,51.50835],[143.46192,51.46981],[143.475,51.343],[143.427,51.36998],[143.38004,51.35],[143.4306,51.32317],[143.43385,51.31877],[143.43402,51.30901],[143.47432,51.28813],[143.4828,51.25728],[143.47503,51.24101],[143.48964,51.23567],[143.49288,51.23106],[143.48304,51.21402],[143.51698,51.22002],[143.52096,51.24676],[143.495,51.309],[143.52244,51.28278],[143.5378,51.24042],[143.58702,51.01096],[143.67869,50.73791],[143.70099,50.6061],[143.79002,50.30899],[143.81013,50.27284],[143.91113,50.15079],[144.00322,50.01127],[144.04401,49.898],[144.12572,49.74824],[144.13702,49.63901],[144.22759,49.51782],[144.22204,49.43791],[144.28301,49.25002],[144.38484,49.07327],[144.44101,49.01402],[144.66528,48.8904],[144.68364,48.87426],[144.70796,48.79669],[144.688,48.75678],[144.70299,48.68909],[144.757,48.643],[144.72943,48.6381],[144.69753,48.64345],[144.67955,48.65547],[144.67804,48.66085],[144.68198,48.67799],[144.66326,48.70134],[144.64801,48.77991],[144.6331,48.8078],[144.50406,48.94892],[144.47247,48.96348],[144.43399,48.99998],[144.36745,49.01998],[144.32799,49.05498],[144.29217,49.06906],[144.24592,49.13204],[144.0582,49.25287],[144.00601,49.26899],[143.69493,49.31187],[143.68953,49.31566],[143.69205,49.32356],[143.72787,49.335],[143.48149,49.35306],[143.42608,49.39293],[143.40422,49.39993],[143.30191,49.40496],[143.25901,49.39298],[143.25002,49.373],[143.26409,49.35998],[143.32775,49.34099],[143.32938,49.33267],[143.31903,49.324],[143.33101,49.31402],[143.36567,49.32199],[143.61897,49.324],[143.667,49.315],[143.63887,49.306],[143.37102,49.29898],[143.17408,49.24601],[143.06995,49.18494],[143.00903,49.123],[142.98505,49.08307],[142.97502,49.04592],[142.9875,48.91594],[142.91996,48.80792],[142.7931,48.56319],[142.65948,48.27104],[142.61399,48.18994],[142.54972,48.02126],[142.53702,48.00998],[142.53602,48.00201],[142.54767,47.99026],[142.55,47.98371],[142.54989,47.95024],[142.53502,47.8899],[142.545,47.76709],[142.59214,47.64179],[142.6321,47.58089],[142.748,47.445],[142.71402,47.44498],[142.71402,47.43701],[142.735,47.42402],[142.75843,47.43097],[142.78855,47.42772],[142.87793,47.38989],[142.91055,47.36545],[143.01536,47.25441],[143.04297,47.14974],[143.03202,47.07101],[143.07025,47.01825],[143.11989,46.88798],[143.11648,46.87625],[143.09802,46.87501],[143.12309,46.857],[143.13799,46.85502],[143.14745,46.86886],[143.15344,46.872],[143.17063,46.86417],[143.17395,46.85915],[143.17068,46.8477],[143.15252,46.84024],[143.09002,46.83898],[143.08402,46.81301],[143.10602,46.79202],[143.13728,46.7772],[143.17301,46.70802],[143.203,46.70602],[143.24314,46.71692],[143.30906,46.70079],[143.341,46.68402],[143.38199,46.69502],[143.38998,46.708],[143.38598,46.72498],[143.34899,46.74898],[143.28543,46.76227],[143.242,46.77998],[143.19313,46.78104],[143.17946,46.79388],[143.17323,46.81535],[143.17868,46.8319],[143.19386,46.83954],[143.20005,46.83962],[143.32124,46.79599],[143.3968,46.794],[143.41891,46.79998],[143.43696,46.83278],[143.45319,46.84586],[143.46012,46.84396],[143.47994,46.82623],[143.51196,46.768],[143.52102,46.649],[143.53597,46.61802],[143.52602,46.585],[143.57736,46.44386],[143.57946,46.41998],[143.55802,46.39601],[143.626,46.375],[143.58198,46.34439],[143.57001,46.30006],[143.54202,46.28398],[143.52422,46.24019],[143.47597,46.18991],[143.46902,46.1729],[143.47796,46.1081]]],[[[22.06275,58.45821],[22.07402,58.42701],[22.09,58.42202],[22.09798,58.42601],[22.09318,58.44829],[22.10395,58.48695],[22.11432,58.49772],[22.17198,58.52102],[22.19407,58.54448],[22.21563,58.54238],[22.22902,58.51102],[22.27299,58.50202],[22.283,58.52208],[22.28881,58.5677],[22.32232,58.58468],[22.4629,58.593],[22.55177,58.62997],[22.58047,58.63398],[22.61307,58.60597],[22.648,58.58702],[22.68139,58.6],[22.736,58.58802],[22.81164,58.62205],[22.8462,58.613],[22.90112,58.61994],[22.99041,58.60184],[23.09089,58.57066],[23.14801,58.52202],[23.25672,58.49965],[23.31656,58.47314],[23.33133,58.45567],[23.32752,58.44662],[23.32002,58.44411],[23.261,58.46598],[23.23806,58.45601],[23.26102,58.45156],[23.278,58.437],[23.23463,58.44005],[23.19692,58.4562],[23.18199,58.47498],[23.15701,58.47798],[23.12861,58.43886],[23.10814,58.4292],[23.08402,58.42998],[23.08485,58.39495],[23.04127,58.37075],[23.02063,58.36405],[22.978,58.38198],[22.95501,58.38098],[22.94803,58.373],[22.969,58.36],[22.90457,58.31258],[22.85409,58.29902],[22.80897,58.2731],[22.72101,58.26998],[22.71003,58.25801],[22.757,58.242],[22.72099,58.22506],[22.67062,58.22231],[22.65499,58.24498],[22.621,58.25298],[22.5861,58.248],[22.56412,58.23673],[22.535,58.25398],[22.50317,58.2242],[22.49664,58.22675],[22.49098,58.24498],[22.47709,58.24499],[22.42297,58.22214],[22.388,58.22698],[22.32301,58.20698],[22.27202,58.17399],[22.26447,58.11317],[22.2301,58.05325],[22.20002,58.02599],[22.20284,57.99916],[22.19977,57.99275],[22.05078,57.91644],[22.01832,57.915],[21.99305,57.93333],[21.99005,57.93916],[21.99098,57.95799],[21.96645,57.97055],[21.96515,57.98105],[21.96997,57.98396],[21.99799,57.98402],[22.02334,58.02313],[22.09345,58.08436],[22.09927,58.08596],[22.14799,58.08002],[22.16389,58.11501],[22.20296,58.14799],[22.14191,58.17],[22.07004,58.17661],[22.05222,58.18779],[22.01699,58.23398],[21.99407,58.24496],[21.9277,58.24515],[21.8671,58.26593],[21.84747,58.29553],[21.84944,58.30436],[21.85841,58.30675],[21.90796,58.29902],[21.87962,58.33342],[21.8788,58.33954],[21.88295,58.34368],[21.89585,58.34559],[21.9449,58.31901],[21.96297,58.32701],[21.9569,58.34322],[21.9664,58.3532],[22.01096,58.35402],[21.94593,58.43204],[21.832,58.511],[21.90201,58.49802],[21.91599,58.50102],[21.92531,58.51477],[21.9315,58.5179],[21.99779,58.51155],[22.02211,58.49786],[22.06275,58.45821]]],[[[155.23798,50.21399],[155.17837,50.25944],[155.17835,50.27867],[155.19336,50.29894],[155.22951,50.31378],[155.26587,50.31687],[155.32,50.30002],[155.34106,50.31007],[155.40344,50.36731],[155.43708,50.37968],[155.54599,50.38602],[155.57203,50.40695],[155.632,50.39402],[155.68499,50.41202],[155.76698,50.48401],[155.78289,50.52804],[155.84598,50.60601],[155.86917,50.68149],[155.88468,50.70002],[155.97467,50.75718],[156.06804,50.79065],[156.07511,50.79052],[156.11079,50.77423],[156.12595,50.75247],[156.13498,50.68274],[156.13002,50.65201],[156.16306,50.61489],[156.16889,50.59998],[156.15603,50.552],[156.16032,50.5156],[156.11405,50.4845],[156.085,50.48398],[156.05702,50.47298],[156.04428,50.40369],[155.99595,50.37192],[155.89226,50.24739],[155.82701,50.22698],[155.77553,50.17734],[155.62384,50.16897],[155.56493,50.15696],[155.50719,50.12909],[155.48789,50.11182],[155.42104,50.00614],[155.399,49.98753],[155.356,49.995],[155.37097,50.03798],[155.29408,50.05398],[155.22927,50.04517],[155.20751,50.06488],[155.20657,50.10019],[155.24498,50.155],[155.23386,50.19185],[155.23798,50.21399]]],[[[149.59112,45.79402],[149.62016,45.80417],[149.64504,45.83008],[149.66252,45.861],[149.69232,45.87095],[149.75109,45.87104],[149.80599,45.88902],[149.91485,46.00374],[150.01306,46.0802],[150.09524,46.10489],[150.148,46.10502],[150.18892,46.12198],[150.19997,46.132],[150.17682,46.15825],[150.17595,46.16386],[150.21107,46.18986],[150.39528,46.24096],[150.478,46.22002],[150.56534,46.24084],[150.57545,46.23719],[150.5763,46.22783],[150.57209,46.22059],[150.40005,46.09282],[150.28982,46.03632],[150.25201,46.02798],[150.23441,46.00042],[150.19802,45.97698],[150.19101,45.95109],[150.2056,45.9338],[150.20227,45.92231],[150.16101,45.91198],[150.14658,45.88883],[150.04508,45.83503],[150.02725,45.81558],[149.99649,45.809],[149.9491,45.81199],[149.93209,45.80403],[149.92584,45.78595],[149.87507,45.76902],[149.84815,45.75209],[149.76212,45.67701],[149.64125,45.60201],[149.60324,45.59614],[149.58401,45.61496],[149.5762,45.59628],[149.52963,45.574],[149.43857,45.57703],[149.4301,45.58278],[149.43103,45.59112],[149.44503,45.60709],[149.47498,45.67449],[149.50699,45.68302],[149.54598,45.717],[149.58594,45.76993],[149.59112,45.79402]]],[[[22.05335,58.93357],[22.04895,58.93779],[22.04946,58.94344],[22.05796,58.95288],[22.09369,58.95597],[22.16817,58.95001],[22.46292,58.97101],[22.45856,58.97669],[22.46213,58.98241],[22.48798,58.98102],[22.4901,59.01632],[22.55898,59.03802],[22.57298,59.05301],[22.57895,59.07787],[22.5946,59.08815],[22.66626,59.08499],[22.70838,59.07041],[22.70936,59.06369],[22.69205,59.04092],[22.70101,59.02501],[22.737,59.00502],[22.83563,59.00887],[22.93431,58.98343],[22.9496,58.9678],[22.95002,58.93601],[23.01328,58.89273],[23.02202,58.86402],[23.03452,58.86179],[23.03883,58.85708],[23.03973,58.84058],[23.03041,58.82997],[23.01719,58.82924],[22.957,58.84698],[22.94184,58.83573],[22.9289,58.83998],[22.87901,58.83298],[22.86703,58.82001],[22.88566,58.81062],[22.88537,58.79158],[22.84667,58.77705],[22.79157,58.78107],[22.78364,58.7878],[22.78548,58.79621],[22.82697,58.81901],[22.81899,58.82998],[22.77679,58.82391],[22.73702,58.80699],[22.68116,58.72524],[22.65624,58.7042],[22.60891,58.69001],[22.55544,58.687],[22.50135,58.69514],[22.463,58.716],[22.497,58.73723],[22.45036,58.78613],[22.43998,58.84099],[22.38199,58.88198],[22.3249,58.89698],[22.19371,58.88815],[22.05335,58.93357]]],[[[156.35584,50.85544],[156.39736,50.86923],[156.43312,50.87597],[156.45989,50.87361],[156.4832,50.85663],[156.49181,50.83908],[156.502,50.78109],[156.50951,50.76672],[156.4988,50.74791],[156.46902,50.719],[156.43294,50.67296],[156.40602,50.65399],[156.40577,50.63572],[156.39911,50.63003],[156.32122,50.63799],[156.27271,50.63461],[156.25792,50.65103],[156.20602,50.67138],[156.18047,50.68849],[156.1663,50.71477],[156.16904,50.73735],[156.18202,50.76302],[156.19965,50.78042],[156.2195,50.78778],[156.25519,50.79309],[156.28116,50.80612],[156.33234,50.84411],[156.35584,50.85544]]],[[[154.71521,49.50845],[154.76094,49.55793],[154.75898,49.56699],[154.74818,49.58331],[154.75402,49.59723],[154.77906,49.60707],[154.82211,49.64405],[154.83567,49.64919],[154.85406,49.64358],[154.86809,49.63197],[154.88301,49.62503],[154.905,49.631],[154.90172,49.61143],[154.88804,49.57808],[154.88478,49.55945],[154.87717,49.54538],[154.83195,49.51693],[154.81603,49.5],[154.823,49.494],[154.80294,49.47879],[154.79703,49.457],[154.80101,49.43302],[154.81007,49.41093],[154.82844,49.39068],[154.8287,49.3841],[154.82301,49.3721],[154.834,49.35172],[154.83114,49.3433],[154.81602,49.32899],[154.81485,49.31223],[154.81177,49.30731],[154.76949,49.28737],[154.74101,49.28798],[154.71799,49.26717],[154.699,49.26505],[154.67818,49.26925],[154.60557,49.2936],[154.603,49.30029],[154.60699,49.32599],[154.60403,49.35765],[154.60953,49.37616],[154.62702,49.39308],[154.63841,49.42332],[154.65607,49.43935],[154.68714,49.45917],[154.70386,49.48276],[154.71521,49.50845]]],[[[152.225,47.17],[152.206,47.154],[152.20002,47.14199],[152.19902,47.12902],[152.22978,47.13792],[152.25625,47.15494],[152.27433,47.16095],[152.27961,47.15938],[152.295,47.142],[152.185,47.07198],[152.17297,47.05591],[152.15559,47.01769],[152.13859,47.00283],[152.08601,46.97698],[152.07518,46.96814],[152.07084,46.9549],[152.04695,46.93692],[152.01908,46.90215],[151.95395,46.86059],[151.92002,46.85598],[151.90682,46.83393],[151.88839,46.81639],[151.84915,46.78958],[151.80525,46.76763],[151.79902,46.76711],[151.73671,46.78875],[151.722,46.79806],[151.7121,46.80878],[151.71398,46.83599],[151.705,46.848],[151.74705,46.86195],[151.83774,46.85602],[151.87306,46.87208],[151.92055,46.92633],[151.94888,46.95097],[152.04993,47.01496],[152.15773,47.13266],[152.225,47.177],[152.225,47.17]]],[[[23.32994,58.65262],[23.3464,58.63756],[23.34888,58.63206],[23.34702,58.60701],[23.39248,58.56347],[23.39488,58.55636],[23.36125,58.53304],[23.31427,58.54495],[23.27903,58.546],[23.22232,58.53612],[23.13507,58.57995],[23.08052,58.59178],[23.06095,58.60409],[23.06203,58.6199],[23.06777,58.62496],[23.106,58.62403],[23.12098,58.62802],[23.13562,58.66166],[23.17619,58.68088],[23.28488,58.66739],[23.32994,58.65262]]],[[[155.66526,50.81111],[155.64533,50.807],[155.5631,50.80802],[155.52477,50.81304],[155.49054,50.82969],[155.46967,50.85033],[155.44958,50.88019],[155.45008,50.88943],[155.47673,50.92197],[155.54442,50.93],[155.62787,50.91318],[155.63454,50.90942],[155.67235,50.86934],[155.66965,50.81533],[155.66526,50.81111]]],[[[21.091,55.63319],[21.09399,55.69591],[21.085,55.723],[21.11617,55.70053],[21.13205,55.65277],[21.13392,55.57081],[21.12196,55.53877],[21.11989,55.49124],[21.11007,55.47467],[21.09302,55.45699],[21.08702,55.441],[21.10128,55.42563],[21.10217,55.41999],[21.07288,55.39182],[21.05806,55.37007],[21.05241,55.35408],[21.03684,55.32804],[20.98902,55.29099],[20.98885,55.27923],[20.98604,55.27515],[20.93625,55.281],[20.93186,55.2855],[20.93322,55.29119],[21.00012,55.35718],[21.04203,55.41609],[21.08196,55.49693],[21.09898,55.599],[21.09898,55.613],[21.091,55.63319]]],[[[154.10419,48.87366],[154.11698,48.87702],[154.12098,48.89984],[154.14694,48.91456],[154.18299,48.92097],[154.20949,48.91813],[154.22841,48.89935],[154.22192,48.87419],[154.19702,48.84862],[154.17703,48.83456],[154.08701,48.79398],[154.06316,48.77413],[154.05902,48.762],[154.05986,48.74803],[154.05414,48.73749],[154.03957,48.73303],[154.00837,48.733],[153.973,48.739],[153.9774,48.76336],[153.99565,48.78022],[154.06581,48.80793],[154.07803,48.81705],[154.09998,48.83901],[154.10398,48.851],[154.1004,48.8688],[154.10419,48.87366]]],[[[52.69854,45.44308],[52.70192,45.41078],[52.69995,45.40545],[52.67531,45.39706],[52.62865,45.41013],[52.56209,45.45672],[52.55431,45.47339],[52.55468,45.47942],[52.59205,45.50823],[52.59884,45.52359],[52.60385,45.52695],[52.651,45.5222],[52.65855,45.51844],[52.67263,45.50389],[52.69854,45.44308]]],[[[47.86412,43.99281],[47.86668,43.98811],[47.86311,43.98154],[47.76022,43.92804],[47.68798,43.93872],[47.6799,43.95099],[47.67292,43.95095],[47.65534,43.9433],[47.64719,43.94402],[47.63207,43.95801],[47.6303,43.96624],[47.6413,43.98353],[47.66505,43.99597],[47.78088,43.995],[47.83831,44.00098],[47.85519,43.9974],[47.86412,43.99281]]],[[[49.841,46.26249],[49.8209,46.21796],[49.80403,46.21175],[49.78119,46.22586],[49.72149,46.33789],[49.72204,46.35457],[49.72689,46.35697],[49.75215,46.35648],[49.79375,46.33824],[49.82112,46.31553],[49.83769,46.28724],[49.841,46.26249]]],[[[154.60061,49.11429],[154.59687,49.1091],[154.58207,49.1034],[154.55201,49.09698],[154.5323,49.08629],[154.50885,49.08138],[154.48684,49.08954],[154.47208,49.10506],[154.45503,49.14093],[154.4418,49.15581],[154.44472,49.16576],[154.45613,49.17097],[154.49286,49.16996],[154.5647,49.15665],[154.58642,49.14613],[154.59964,49.12872],[154.60061,49.11429]]],[[[152.53867,47.32272],[152.52572,47.30161],[152.52088,47.29904],[152.48295,47.3011],[152.43204,47.31865],[152.41432,47.33927],[152.415,47.36899],[152.42999,47.38414],[152.45082,47.387],[152.50547,47.38253],[152.52157,47.37146],[152.53533,47.35094],[152.53867,47.32272]]],[[[153.06881,47.74435],[153.05943,47.72169],[153.04513,47.70574],[153.02563,47.69716],[152.99301,47.69698],[152.98179,47.68789],[152.97653,47.68722],[152.96931,47.69197],[152.96615,47.69834],[152.97045,47.75082],[152.98063,47.767],[153.01851,47.79792],[153.04673,47.80691],[153.05983,47.79623],[153.06881,47.74435]]],[[[35.20442,46.17787],[35.20385,46.17287],[35.19417,46.16016],[35.14055,46.12234],[34.99672,46.08204],[34.98935,46.08675],[34.99398,46.09801],[34.99573,46.10782],[35.03098,46.12701],[35.03062,46.14029],[35.03953,46.1478],[35.13799,46.16201],[35.1967,46.18184],[35.20442,46.17787]]],[[[153.27301,48.03313],[153.25209,48.03996],[153.23147,48.04026],[153.20208,48.05212],[153.16068,48.09173],[153.16587,48.11989],[153.21261,48.12582],[153.25694,48.10594],[153.28843,48.07628],[153.29588,48.05639],[153.29331,48.04349],[153.27301,48.03313]]],[[[50.333,44.99425],[50.32429,44.9735],[50.30648,44.96051],[50.28257,44.956],[50.2651,44.96438],[50.257,44.9851],[50.27844,45.07147],[50.29266,45.0792],[50.32991,45.08001],[50.34221,45.08353],[50.34744,45.0814],[50.35178,45.07319],[50.32602,45.033],[50.333,44.99425]]],[[[154.44498,49.73002],[154.41227,49.73338],[154.39164,49.74932],[154.37981,49.76408],[154.37526,49.77547],[154.38108,49.78925],[154.39747,49.80549],[154.41977,49.81546],[154.44751,49.817],[154.47934,49.8099],[154.49,49.78429],[154.45965,49.74253],[154.44498,49.73002]]],[[[21.33336,60.55537],[21.39225,60.55974],[21.41101,60.54302],[21.46114,60.53881],[21.482,60.526],[21.46297,60.52591],[21.45602,60.507],[21.457,60.5],[21.463,60.492],[21.4461,60.49299],[21.43401,60.48898],[21.431,60.481],[21.443,60.471],[21.39271,60.4901],[21.37187,60.50832],[21.35999,60.53297],[21.34231,60.5233],[21.33377,60.52524],[21.327,60.54131],[21.33336,60.55537]]],[[[22.40539,60.07911],[22.41521,60.08483],[22.43365,60.07968],[22.44895,60.06415],[22.44205,60.00412],[22.43646,60.0017],[22.42599,60.00698],[22.40909,60.00899],[22.39401,60.00498],[22.38539,59.99674],[22.37972,59.9975],[22.3532,60.03352],[22.34902,60.06161],[22.35425,60.07347],[22.36703,60.07964],[22.37382,60.07947],[22.38168,60.07379],[22.38701,60.05202],[22.40777,60.05299],[22.40303,60.07227],[22.40539,60.07911]]],[[[22.80383,63.74142],[22.79877,63.73989],[22.782,63.74498],[22.77702,63.74199],[22.77825,63.73602],[22.77451,63.72889],[22.7403,63.721],[22.70392,63.7362],[22.681,63.763],[22.76407,63.791],[22.78215,63.78946],[22.8,63.77602],[22.829,63.776],[22.821,63.771],[22.81805,63.76126],[22.80383,63.74142]]],[[[21.3718,63.3501],[21.37347,63.33405],[21.3562,63.31378],[21.319,63.288],[21.31502,63.30391],[21.306,63.30598],[21.27606,63.30221],[21.229,63.329],[21.27708,63.34105],[21.34372,63.36287],[21.3718,63.3501]]],[[[50.69298,44.899],[50.68699,44.91198],[50.63932,44.93503],[50.62739,44.95026],[50.628,44.967],[50.636,44.967],[50.64301,44.95301],[50.65901,44.93902],[50.67808,44.93604],[50.70946,44.951],[50.72576,44.93927],[50.73487,44.92801],[50.73702,44.89601],[50.761,44.865],[50.7392,44.868],[50.70259,44.85877],[50.697,44.86059],[50.69559,44.86611],[50.70198,44.87401],[50.70198,44.88099],[50.69142,44.88905],[50.69298,44.899]]],[[[22.072,60.197],[22.01104,60.17],[22.038,60.156],[22.00925,60.13758],[21.97631,60.13612],[21.95447,60.14677],[21.935,60.176],[21.99807,60.19104],[22.03978,60.21078],[22.06078,60.20903],[22.072,60.197]]],[[[153.98207,48.92904],[153.93757,48.92718],[153.91775,48.93258],[153.90654,48.94455],[153.90226,48.9578],[153.90598,48.97091],[153.91514,48.9815],[153.92879,48.98177],[154.00145,48.95957],[154.01184,48.95205],[154.01286,48.94529],[154.0024,48.93549],[153.98207,48.92904]]],[[[21.194,62.99483],[21.21889,62.96444],[21.22156,62.95581],[21.21859,62.95062],[21.21097,62.94714],[21.19128,62.954],[21.16711,62.94673],[21.147,62.953],[21.136,62.967],[21.15093,62.96401],[21.15897,62.975],[21.13889,62.98683],[21.13368,62.99727],[21.13663,63.00358],[21.14866,63.00895],[21.194,62.99483]]],[[[22.2154,60.19891],[22.21279,60.20631],[22.24528,60.24212],[22.26803,60.25164],[22.27528,60.25149],[22.29106,60.24387],[22.29587,60.22232],[22.26667,60.1949],[22.2322,60.18613],[22.2154,60.19891]]],[[[23.94393,58.11415],[23.93905,58.13403],[23.94187,58.14074],[23.95746,58.15199],[24.00792,58.15423],[24.015,58.14969],[24.02096,58.13078],[24.00324,58.10956],[23.97166,58.10007],[23.94393,58.11415]]],[[[26.9767,60.02631],[26.94653,60.08718],[26.94843,60.09646],[26.95501,60.09974],[26.96699,60.09693],[27.02152,60.04148],[27.02494,60.03428],[27.01954,60.01902],[26.99461,60.01512],[26.9767,60.02631]]],[[[21.30266,60.52113],[21.325,60.482],[21.25541,60.49856],[21.25379,60.50422],[21.26098,60.52],[21.229,60.56],[21.25293,60.55839],[21.2762,60.54407],[21.30266,60.52113]]],[[[21.27507,60.62693],[21.28833,60.61403],[21.278,60.586],[21.282,60.576],[21.299,60.574],[21.299,60.567],[21.281,60.566],[21.26332,60.58814],[21.23194,60.59552],[21.21832,60.61352],[21.22266,60.62056],[21.24399,60.62902],[21.26146,60.64599],[21.26968,60.64207],[21.27507,60.62693]]],[[[50.38921,40.40423],[50.3821,40.40093],[50.354,40.4],[50.35898,40.42399],[50.32768,40.45655],[50.326,40.482],[50.33801,40.47702],[50.35308,40.47767],[50.36307,40.45293],[50.39264,40.42288],[50.39385,40.4167],[50.38921,40.40423]]],[[[22.367,60.17741],[22.32002,60.16398],[22.32097,60.15371],[22.31622,60.14926],[22.29356,60.15246],[22.29211,60.16098],[22.301,60.18294],[22.31397,60.19197],[22.37126,60.20381],[22.38216,60.19643],[22.38093,60.19101],[22.367,60.17741]]],[[[27.81068,59.98731],[27.80722,59.99552],[27.81774,60.02516],[27.82297,60.02897],[27.88003,60.01218],[27.88893,60.00172],[27.88438,59.99531],[27.82222,59.98318],[27.81068,59.98731]]],[[[22.05795,63.30115],[22.04703,63.28351],[22.01882,63.27827],[22.01262,63.28036],[22.00478,63.291],[21.98313,63.27968],[21.97717,63.28462],[21.97732,63.29124],[21.99062,63.30969],[22.02998,63.30802],[22.008,63.325],[22.03567,63.32106],[22.05444,63.30713],[22.05795,63.30115]]],[[[21.88246,60.29299],[21.87967,60.29971],[21.88206,60.30495],[21.92586,60.31299],[21.96305,60.31007],[21.96786,60.30734],[21.96896,60.30214],[21.95774,60.28309],[21.94223,60.27721],[21.88246,60.29299]]],[[[24.51536,59.54514],[24.49067,59.55932],[24.4883,59.5785],[24.50061,59.59538],[24.51312,59.59789],[24.51944,59.59426],[24.54727,59.56047],[24.54759,59.55518],[24.54332,59.54931],[24.51536,59.54514]]],[[[150.82602,46.46501],[150.83964,46.4543],[150.846,46.442],[150.8311,46.4412],[150.80844,46.44626],[150.78,46.457],[150.784,46.463],[150.79099,46.46602],[150.8011,46.48105],[150.81176,46.48367],[150.82602,46.46501]]],[[[35.22444,46.21333],[35.22537,46.22237],[35.23447,46.22175],[35.2335,46.21298],[35.22444,46.21333]]]]}}]}