{"type":"FeatureCollection","features":[{"type":"Feature","properties":{"mid":true,"src":"data/years/1940-06-28.geojson"},"geometry":{"type":"MultiPolygon","coordinates":[[[[29.74344,45.26995],[29.75732,45.22054],[29.6679,45.21325],[29.66864,45.26887],[29.66899,45.295],[29.64109,45.34589],[29.60289,45.37709],[29.5114,45.41086],[29.4114,45.43597],[29.32213,45.439],[29.222,45.42599],[28.96853,45.32126],[28.84901,45.30199],[28.796,45.23767],[28.701,45.22012],[28.56644,45.24493],[28.3431,45.31619],[28.29904,45.36336],[28.27892,45.42907],[28.17366,45.47249],[28.07321,45.57969],[28.07629,45.58663],[28.15492,45.62593],[28.167,45.66782],[28.16497,45.71933],[28.11999,45.9222],[28.09307,45.99224],[28.09124,46.07556],[28.10809,46.10211],[28.19381,46.32955],[28.248,46.42711],[28.247,46.60808],[28.22904,46.67182],[28.17369,46.74056],[28.11859,46.84593],[28.11399,46.896],[28.08009,46.98089],[28.03399,47.01599],[27.9447,47.04331],[27.79966,47.15078],[27.78492,47.20312],[27.74194,47.26306],[27.71899,47.28599],[27.63512,47.30711],[27.47354,47.48539],[27.43308,47.5649],[27.29928,47.65909],[27.21156,47.84467],[27.20099,47.902],[27.15909,47.98589],[27.00118,48.15582],[26.95499,48.18599],[26.817,48.24699],[26.70439,48.26398],[26.63601,48.26499],[26.58426,48.23122],[26.53163,48.2084],[26.4688,48.21699],[26.326,48.17899],[26.27144,48.07547],[26.19854,48.00361],[26.15965,47.98535],[25.92148,47.97495],[25.838,47.96299],[25.77898,47.93702],[25.52487,47.935],[25.3338,47.91699],[25.22411,47.87609],[25.15421,47.79038],[25.08611,47.74424],[24.92964,47.71316],[24.89828,47.71587],[24.82099,47.80799],[24.69373,47.84927],[24.67254,47.86641],[24.66992,47.89507],[24.61509,47.93394],[24.57486,47.94921],[24.574,47.95495],[24.58812,47.99573],[24.63891,48.04791],[24.63999,48.05699],[24.52864,48.14579],[24.52257,48.17146],[24.54289,48.2091],[24.49886,48.26313],[24.385,48.33499],[24.34921,48.33867],[24.33598,48.371],[24.31,48.38699],[24.29901,48.38499],[24.2775,48.36118],[24.23386,48.35111],[24.17845,48.35514],[24.14603,48.37463],[24.13124,48.42566],[24.141,48.47483],[24.13399,48.53099],[24.1189,48.53299],[24.04643,48.50522],[24.001,48.49999],[23.95255,48.47339],[23.92799,48.47128],[23.90953,48.48205],[23.91699,48.515],[23.90204,48.54295],[23.84735,48.56288],[23.79085,48.59426],[23.78204,48.60448],[23.77999,48.63799],[23.771,48.64499],[23.69303,48.64536],[23.6121,48.70393],[23.57432,48.71596],[23.50907,48.73],[23.44666,48.72701],[23.38612,48.73417],[23.37528,48.74056],[23.36899,48.75999],[23.3571,48.77089],[23.31132,48.75218],[23.30625,48.75579],[23.29799,48.78099],[23.25815,48.77211],[23.20206,48.7772],[23.17988,48.79038],[23.13799,48.85199],[23.11199,48.86999],[22.9964,48.85545],[22.93113,48.90089],[22.88395,48.88001],[22.87761,48.88044],[22.875,48.88553],[22.87501,48.99713],[22.87753,49.00186],[22.88489,49.00416],[22.86353,49.05028],[22.87035,49.07823],[22.87688,49.08711],[22.77799,49.15099],[22.70854,49.16964],[22.70715,49.17673],[22.7278,49.22098],[22.71011,49.21599],[22.70744,49.20833],[22.6819,49.1986],[22.67009,49.21189],[22.65322,49.20532],[22.63,49.22299],[22.59573,49.21895],[22.5513,49.23822],[22.54799,49.25099],[22.53978,49.24882],[22.53399,49.25499],[22.52462,49.25362],[22.51999,49.25899],[22.51267,49.25939],[22.50999,49.26399],[22.49447,49.26521],[22.49099,49.27299],[22.47555,49.27716],[22.46795,49.28535],[22.46814,49.29139],[22.47904,49.29704],[22.48974,49.31254],[22.50372,49.30823],[22.501,49.31977],[22.51499,49.32401],[22.52097,49.34402],[22.48203,49.36997],[22.45954,49.36916],[22.4526,49.39134],[22.45789,49.40209],[22.42644,49.41691],[22.40399,49.44299],[22.37958,49.44007],[22.38867,49.43478],[22.38526,49.42667],[22.34605,49.42338],[22.34361,49.42973],[22.35188,49.4471],[22.31099,49.47999],[22.30254,49.47944],[22.29852,49.48426],[22.30124,49.49024],[22.32899,49.50501],[22.33099,49.52499],[22.28958,49.52136],[22.27399,49.53599],[22.23722,49.5373],[22.21893,49.55117],[22.19794,49.57692],[22.1939,49.59626],[22.19616,49.60153],[22.20193,49.60252],[22.2211,49.59412],[22.23922,49.60961],[22.267,49.61201],[22.29099,49.62901],[22.2913,49.64835],[22.29889,49.65496],[22.29209,49.66389],[22.27734,49.65846],[22.26419,49.66262],[22.23799,49.69399],[22.20512,49.70329],[22.20594,49.71235],[22.22689,49.72691],[22.21489,49.73377],[22.2146,49.74097],[22.23589,49.75091],[22.21808,49.7719],[22.21775,49.77863],[22.23509,49.78511],[22.24957,49.82403],[22.25486,49.82739],[22.31393,49.81938],[22.3364,49.80548],[22.33751,49.79899],[22.33011,49.78891],[22.34412,49.784],[22.35599,49.78601],[22.36591,49.79874],[22.38399,49.80101],[22.39979,49.81725],[22.4751,49.77812],[22.48689,49.79095],[22.4762,49.80264],[22.47545,49.80791],[22.48798,49.81447],[22.527,49.80441],[22.52983,49.79917],[22.52621,49.79191],[22.56958,49.77596],[22.57212,49.77187],[22.57101,49.76301],[22.60734,49.76502],[22.61406,49.75111],[22.63289,49.75791],[22.62966,49.76531],[22.63196,49.7706],[22.65489,49.77991],[22.64522,49.79331],[22.65643,49.80301],[22.69773,49.80466],[22.69988,49.79597],[22.68811,49.79093],[22.70017,49.778],[22.764,49.78301],[22.79181,49.79941],[22.8042,49.791],[22.83099,49.79201],[22.84013,49.80287],[22.86363,49.80587],[22.9048,49.79802],[22.90065,49.81341],[22.91389,49.82409],[22.89514,49.83648],[22.89789,49.8462],[22.89169,49.85816],[22.89589,49.86509],[22.89069,49.87387],[22.89408,49.87847],[22.91389,49.88709],[22.89497,49.89464],[22.89197,49.90601],[22.86908,49.92364],[22.8685,49.92983],[22.87399,49.93501],[22.87297,49.94802],[22.82853,49.96585],[22.80199,49.98899],[22.75572,49.99989],[22.731,50.01699],[22.71001,50.01523],[22.70721,50.02005],[22.70899,50.033],[22.69599,50.05779],[22.69989,50.06909],[22.67072,50.08223],[22.67102,50.08768],[22.67789,50.09612],[22.66563,50.11587],[22.66729,50.12278],[22.68604,50.13703],[22.73499,50.14301],[22.73679,50.22524],[22.7391,50.23052],[22.74434,50.23179],[22.9726,50.19402],[23.0592,50.19202],[23.10289,50.20691],[23.13698,50.24519],[23.308,50.29601],[23.35259,50.33513],[23.53948,50.39683],[23.63573,50.40288],[23.7121,50.38],[23.81398,50.4059],[23.98288,50.406],[24.0019,50.41392],[24.11099,50.567],[24.10798,50.631],[24.0831,50.64475],[24.08287,50.65],[24.08989,50.6631],[24.08199,50.67499],[24.06569,50.67991],[24.07089,50.69709],[24.045,50.71699],[24.01994,50.72296],[24.01772,50.72754],[24.01997,50.73602],[23.9562,50.79022],[23.9575,50.81232],[23.99715,50.83968],[24.1,50.83601],[24.14289,50.85909],[24.03413,50.89802],[23.96535,50.94981],[23.92549,51.00808],[23.90508,51.0679],[23.8852,51.08189],[23.87569,51.08221],[23.87199,51.09499],[23.85972,51.10147],[23.86289,51.11319],[23.81099,51.16901],[23.73213,51.21519],[23.68407,51.29092],[23.65657,51.29208],[23.65298,51.3],[23.64311,51.30728],[23.64389,51.31409],[23.63923,51.32035],[23.64106,51.33324],[23.64743,51.33932],[23.65689,51.33901],[23.65902,51.35847],[23.66999,51.36101],[23.67352,51.36703],[23.68099,51.36801],[23.6791,51.38244],[23.68789,51.38891],[23.68539,51.39629],[23.69289,51.4022],[23.66712,51.44487],[23.64895,51.44838],[23.64837,51.45799],[23.65785,51.46216],[23.64399,51.48501],[23.61424,51.49969],[23.60499,51.52799],[23.56792,51.53457],[23.56362,51.53816],[23.5392,51.59275],[23.53522,51.6496],[23.53768,51.65531],[23.55499,51.66501],[23.54818,51.68657],[23.55199,51.717],[23.54709,51.72689],[23.53617,51.72339],[23.52804,51.73197],[23.53205,51.74348],[23.56099,51.76201],[23.61164,51.91699],[23.66099,52.006],[23.63879,52.07919],[23.595,52.11199],[23.56013,52.11999],[23.54937,52.11478],[23.54199,52.12799],[23.52172,52.13321],[23.51499,52.14299],[23.42462,52.17244],[23.41109,52.18289],[23.40162,52.18075],[23.39689,52.18809],[23.348,52.20699],[23.20368,52.22727],[23.19247,52.23406],[23.16599,52.28199],[23.13189,52.28508],[23.11606,52.29889],[23.07808,52.2825],[23.05772,52.28448],[23.05387,52.29023],[23.05889,52.3031],[23.04802,52.32297],[23.0082,52.33598],[22.99399,52.33344],[22.95599,52.36799],[22.91984,52.375],[22.84902,52.35921],[22.7972,52.37299],[22.77362,52.37136],[22.75799,52.38299],[22.73213,52.38218],[22.7061,52.39199],[22.66644,52.38646],[22.65796,52.39299],[22.61533,52.38841],[22.60399,52.39899],[22.58526,52.39562],[22.57999,52.40199],[22.5668,52.40434],[22.55702,52.41797],[22.54636,52.42168],[22.54343,52.42565],[22.55299,52.46499],[22.52862,52.46274],[22.51322,52.48023],[22.52689,52.52209],[22.50337,52.53684],[22.48399,52.56099],[22.46714,52.5675],[22.45589,52.58609],[22.37518,52.62274],[22.37299,52.63599],[22.34899,52.65599],[22.05227,52.75938],[21.81065,52.90751],[21.80808,52.91577],[21.82889,52.94899],[21.80413,52.95699],[21.78902,52.94872],[21.7824,52.94992],[21.74895,52.97845],[21.72695,53.03104],[21.64436,53.07892],[21.61967,53.10838],[21.62865,53.11795],[21.67489,53.12601],[21.67727,53.13331],[21.69589,53.14191],[21.69337,53.15187],[21.70648,53.17089],[21.728,53.16902],[21.73206,53.17787],[21.73668,53.18008],[21.76099,53.17501],[21.75891,53.18547],[21.76534,53.1928],[21.79199,53.19801],[21.80861,53.21337],[21.87099,53.22801],[21.86992,53.24461],[21.88886,53.25687],[21.89097,53.26488],[21.89979,53.26701],[21.83287,53.30124],[21.82997,53.31002],[21.81935,53.31574],[21.81792,53.32807],[21.78679,53.34569],[21.78525,53.35155],[21.78988,53.35809],[21.77358,53.37182],[21.77515,53.37689],[21.79289,53.39391],[21.78553,53.40167],[21.78834,53.41587],[21.8499,53.43892],[21.86709,53.45811],[21.87289,53.47197],[21.8676,53.48682],[21.87,53.4925],[21.937,53.49901],[22.10989,53.56991],[22.20708,53.6349],[22.48589,53.73791],[22.54328,53.77433],[22.57774,53.83155],[22.61899,53.87801],[22.62165,53.91317],[22.62509,53.91793],[22.79187,53.906],[22.88263,53.91783],[22.95586,53.89501],[22.97389,53.90391],[22.97194,53.91198],[22.97885,53.91539],[23.20312,53.87792],[23.42128,53.80069],[23.42616,53.79311],[23.46782,53.80781],[23.5092,53.80501],[23.53189,53.81391],[23.54481,53.82681],[23.51909,53.87389],[23.5058,53.88095],[23.51299,53.89407],[23.50752,53.92839],[23.51392,53.93379],[23.54099,53.92701],[23.55389,53.94199],[23.51388,53.95187],[23.50988,53.95563],[23.51695,54.03933],[23.48399,54.138],[23.45789,54.17409],[23.33289,54.24709],[23.20442,54.28696],[23.11589,54.30424],[22.99499,54.38599],[22.86295,54.408],[22.81197,54.39597],[22.78614,54.37425],[22.78024,54.3725],[22.71625,54.43977],[22.69814,54.46511],[22.69118,54.49446],[22.72014,54.69214],[22.81306,54.77118],[22.8402,54.77821],[22.86699,54.812],[22.86498,54.8391],[22.83889,54.89909],[22.72,54.96299],[22.68155,54.95811],[22.64469,54.96531],[22.60707,55.03892],[22.56656,55.05192],[22.56274,55.05599],[22.56646,55.06325],[22.60099,55.07001],[22.61478,55.09168],[22.59707,55.10211],[22.59489,55.11709],[22.528,55.14299],[22.40916,55.13802],[22.31042,55.14702],[22.24806,55.161],[22.19468,55.15837],[22.18867,55.16615],[22.20388,55.18481],[22.19902,55.1896],[22.19869,55.19459],[22.21599,55.20201],[22.21599,55.21699],[22.16006,55.23],[22.05658,55.23414],[21.93932,55.27096],[21.88216,55.28285],[21.87755,55.28678],[21.87099,55.31699],[21.849,55.32799],[21.758,55.31798],[21.75212,55.309],[21.75683,55.30159],[21.75476,55.29577],[21.72702,55.29254],[21.72348,55.29723],[21.72499,55.304],[21.71008,55.3249],[21.67199,55.35999],[21.61369,55.37701],[21.61299,55.38599],[21.59555,55.40351],[21.60689,55.43009],[21.57339,55.44754],[21.57241,55.45286],[21.57699,55.45806],[21.57485,55.47014],[21.52021,55.50436],[21.51024,55.52919],[21.51399,55.556],[21.50109,55.58289],[21.46192,55.6123],[21.41327,55.69167],[21.38975,55.70577],[21.38001,55.72599],[21.36502,55.73575],[21.36451,55.74195],[21.37009,55.74611],[21.37499,55.75796],[21.36899,55.78499],[21.31438,55.82578],[21.29402,55.85597],[21.2142,55.88098],[21.19378,55.87341],[21.16708,55.881],[21.1433,55.87826],[21.11364,55.89171],[21.11421,55.88789],[21.05058,55.89919],[21.07231,56.04002],[20.98064,56.22929],[20.97131,56.35251],[20.99898,56.47116],[20.9678,56.52761],[20.99592,56.52414],[21.0054,56.54587],[20.98585,56.55569],[21.05236,56.6752],[21.05626,56.83382],[21.24436,56.91812],[21.37357,57.00145],[21.41743,57.08242],[21.41948,57.29133],[21.5295,57.40025],[21.59302,57.42963],[21.70864,57.57188],[22.02453,57.60976],[22.58604,57.7583],[22.60528,57.75906],[22.57813,57.71616],[22.57775,57.66168],[22.61995,57.59849],[22.84681,57.492],[22.94759,57.41345],[23.13267,57.35993],[23.12389,57.34093],[23.16138,57.30204],[23.17793,57.23469],[23.23859,57.16228],[23.23844,57.10737],[23.36087,57.04654],[23.48747,57.03465],[23.56022,56.97665],[23.6949,56.96414],[23.92794,57.00666],[24.02932,57.06427],[24.01478,57.06844],[24.16897,57.10488],[24.37953,57.22456],[24.4118,57.27149],[24.39955,57.3166],[24.40507,57.31414],[24.41265,57.31808],[24.39955,57.31771],[24.38019,57.51188],[24.3624,57.54098],[24.38632,57.61695],[24.34285,57.70218],[24.35209,57.7904],[24.33424,57.8342],[24.40484,57.9772],[24.47885,58.0675],[24.47084,58.10545],[24.45694,58.10513],[24.48349,58.13179],[24.46799,58.17396],[24.45316,58.17202],[24.48255,58.23506],[24.46864,58.24632],[24.54806,58.27623],[24.58721,58.31283],[24.51085,58.37037],[24.31412,58.38171],[24.29118,58.36419],[24.29239,58.32932],[24.26478,58.28454],[24.27144,58.27772],[24.26758,58.27178],[24.17271,58.27092],[24.1185,58.2279],[24.0111,58.32044],[24.00217,58.29599],[23.94973,58.32768],[23.9138,58.33087],[23.90271,58.31357],[23.83888,58.35946],[23.82712,58.33882],[23.76921,58.35659],[23.75309,58.35059],[23.77162,58.34707],[23.76532,58.33353],[23.74626,58.34111],[23.70593,58.41287],[23.67541,58.42931],[23.69313,58.48209],[23.68471,58.52633],[23.65438,58.51188],[23.59596,58.53532],[23.60149,58.54644],[23.57546,58.54382],[23.5816,58.58226],[23.5485,58.569],[23.55203,58.55265],[23.5026,58.56447],[23.54,58.59302],[23.5244,58.59562],[23.49829,58.65515],[23.50918,58.67158],[23.48931,58.68928],[23.51514,58.69219],[23.5142,58.70756],[23.53135,58.70016],[23.57723,58.70988],[23.52429,58.73849],[23.58942,58.72622],[23.65812,58.72994],[23.65858,58.74686],[23.75503,58.73636],[23.72054,58.75048],[23.78247,58.73875],[23.80248,58.75095],[23.72658,58.78815],[23.44107,58.76592],[23.46156,58.77949],[23.44733,58.79386],[23.48993,58.80166],[23.48015,58.82168],[23.5124,58.80221],[23.53597,58.81391],[23.44037,58.88832],[23.45364,58.90239],[23.41855,58.90585],[23.42534,58.94287],[23.52995,58.93911],[23.50939,58.95948],[23.55758,58.9464],[23.60252,58.95977],[23.58573,58.97577],[23.6635,58.97216],[23.61474,59.00621],[23.62451,58.97801],[23.5702,59.0051],[23.57271,58.97273],[23.55069,58.96313],[23.47037,58.97769],[23.40401,59.02562],[23.44973,59.02873],[23.45175,59.04095],[23.42812,59.04162],[23.4347,59.07796],[23.54171,59.09014],[23.53114,59.1323],[23.48501,59.19074],[23.50756,59.2293],[23.56774,59.21514],[23.66037,59.24762],[23.7084,59.23003],[23.74467,59.25005],[23.73155,59.27372],[23.82332,59.28942],[23.88651,59.26995],[24.03179,59.29103],[24.08351,59.28272],[24.07333,59.27266],[24.0839,59.26913],[24.11631,59.31109],[24.03679,59.35415],[24.03511,59.38722],[24.2406,59.34434],[24.23987,59.36882],[24.34686,59.43083],[24.3595,59.47366],[24.46016,59.46971],[24.54197,59.43755],[24.57434,59.46193],[24.66404,59.42859],[24.6834,59.44899],[24.64987,59.45967],[24.64649,59.47086],[24.68977,59.46527],[24.68569,59.48389],[24.70654,59.48624],[24.72875,59.47304],[24.70057,59.45541],[24.79007,59.44344],[24.83778,59.48505],[24.79343,59.52888],[24.79602,59.57194],[24.88735,59.54829],[24.91241,59.5019],[24.96949,59.48943],[24.99578,59.50835],[25.08781,59.50619],[25.14871,59.47645],[25.17738,59.50251],[25.13873,59.52507],[25.1457,59.54142],[25.21053,59.50233],[25.26974,59.52873],[25.27491,59.51001],[25.32027,59.49738],[25.44074,59.4915],[25.45834,59.51652],[25.53205,59.51926],[25.55522,59.541],[25.49318,59.60379],[25.49695,59.64773],[25.52213,59.6428],[25.5262,59.61463],[25.5694,59.61449],[25.67037,59.56384],[25.7052,59.57693],[25.71336,59.601],[25.68407,59.61541],[25.69238,59.64323],[25.67055,59.65418],[25.69694,59.67531],[25.78573,59.61868],[25.7698,59.60946],[25.78125,59.56965],[25.86972,59.57338],[25.8666,59.62547],[25.91337,59.61756],[25.92393,59.60138],[25.90965,59.58489],[25.93133,59.57808],[25.97702,59.58792],[25.96317,59.63609],[25.99821,59.61246],[26.05872,59.62861],[26.04685,59.61804],[26.10166,59.60212],[26.0879,59.59576],[26.1001,59.58495],[26.26549,59.58674],[26.32513,59.55627],[26.46707,59.5366],[26.50696,59.51154],[26.58185,59.52756],[26.59093,59.54276],[26.56849,59.55233],[26.64783,59.54691],[26.94867,59.43683],[27.38534,59.44612],[27.59416,59.41449],[27.73959,59.42627],[27.75696,59.40197],[27.80798,59.39483],[27.92391,59.40384],[28.04356,59.46776],[28.08999,59.5488],[28.09295,59.59757],[27.99665,59.69159],[28.03713,59.72889],[28.02628,59.74972],[28.09608,59.79049],[28.18746,59.77725],[28.22737,59.71254],[28.21312,59.70363],[28.22272,59.68568],[28.3636,59.66359],[28.42988,59.6768],[28.44076,59.79415],[28.47338,59.82828],[28.54399,59.84933],[28.57289,59.82702],[28.67278,59.80879],[28.7235,59.77373],[28.77894,59.7823],[28.78352,59.80335],[28.80816,59.77988],[28.845,59.78179],[28.87965,59.8096],[28.96698,59.81167],[29.03679,59.84514],[29.06583,59.88614],[29.05419,59.89707],[29.00052,59.90431],[28.9883,59.91375],[29.04215,59.91897],[29.05707,59.95753],[29.12335,59.96957],[29.12598,59.98631],[29.20752,59.99267],[29.55451,59.95783],[29.63692,59.92947],[29.77928,59.93054],[29.76847,59.9273],[29.77277,59.92761],[29.76605,59.9241],[29.76613,59.92045],[29.78199,59.92921],[29.7718,59.9188],[30.02615,59.86072],[30.17563,59.87035],[30.16898,59.88831],[30.22802,59.91094],[30.23188,59.93326],[30.17782,59.94406],[30.21617,59.96418],[30.18419,59.98967],[30.01139,59.9927],[29.96247,60.00955],[29.96447,60.05638],[29.93211,60.07],[29.95589,60.07427],[29.91923,60.08881],[29.94593,60.10295],[29.93886,60.12629],[29.8704,60.1616],[29.56952,60.19728],[29.42566,60.15872],[29.14703,60.1606],[29.01038,60.18293],[28.988,60.21767],[28.99845,60.2347],[28.85076,60.28928],[28.80539,60.35701],[28.78555,60.35896],[28.79543,60.32471],[28.76961,60.31902],[28.61655,60.35183],[28.58456,60.37775],[28.57089,60.42578],[28.43725,60.54721],[28.49809,60.54557],[28.5145,60.52854],[28.50224,60.51531],[28.6724,60.42931],[28.71434,60.43892],[28.702,60.4881],[28.68427,60.50892],[28.65546,60.52726],[28.66975,60.54509],[28.6512,60.55614],[28.68177,60.55399],[28.64511,60.58979],[28.67401,60.60081],[28.69856,60.58771],[28.67561,60.6161],[28.69963,60.61584],[28.67352,60.63259],[28.66624,60.61465],[28.65233,60.63392],[28.66725,60.63674],[28.64197,60.65555],[28.68295,60.66456],[28.71228,60.6285],[28.70165,60.66203],[28.74572,60.66374],[28.72238,60.68556],[28.73459,60.69683],[28.74751,60.69554],[28.72781,60.71358],[28.7662,60.72114],[28.70844,60.77576],[28.66993,60.7672],[28.69511,60.74414],[28.65328,60.73079],[28.65615,60.70008],[28.61704,60.70486],[28.65761,60.68625],[28.62233,60.66655],[28.63663,60.68185],[28.58624,60.6897],[28.58432,60.69345],[28.58197,60.68663],[28.59526,60.67794],[28.59027,60.67939],[28.57891,60.6741],[28.60541,60.6734],[28.60044,60.66115],[28.54475,60.68175],[28.52679,60.66996],[28.54164,60.65954],[28.52127,60.66965],[28.52092,60.67764],[28.50802,60.68201],[28.50197,60.66225],[28.46616,60.66106],[28.47834,60.64673],[28.39858,60.66201],[28.37297,60.64215],[28.39431,60.61654],[28.38556,60.60433],[28.29752,60.62314],[28.34487,60.5963],[28.27222,60.59684],[28.28656,60.58537],[28.2695,60.56596],[28.24154,60.57682],[28.22233,60.55496],[28.2317,60.51075],[28.1591,60.5428],[28.13905,60.52731],[28.17749,60.50839],[28.15236,60.51742],[28.14004,60.50596],[28.07321,60.52832],[28.05859,60.51444],[28.07219,60.49921],[28.00622,60.52537],[28.01213,60.50494],[27.99638,60.49711],[27.91899,60.52134],[27.89611,60.50238],[27.86342,60.51612],[27.86036,60.55218],[27.82359,60.52716],[27.8112,60.54679],[27.89875,60.59833],[27.89905,60.5981],[28.09356,60.71172],[28.2994,60.82118],[28.38921,60.88705],[28.5299,60.95479],[28.62,60.96002],[28.6459,60.97092],[28.72014,61.04505],[28.81676,61.10478],[29.21389,61.25291],[29.35472,61.3598],[29.80189,61.60391],[29.99809,61.73407],[30.1481,61.85133],[30.30007,61.9554],[30.70302,62.21036],[30.96419,62.33901],[31.25789,62.50791],[31.32162,62.61443],[31.42988,62.75883],[31.4742,62.8131],[31.58189,62.90791],[31.51986,62.98314],[31.38282,63.06921],[31.21989,63.22309],[30.91241,63.35391],[30.7149,63.42399],[30.47849,63.48101],[30.3951,63.54793],[30.24639,63.59292],[30.00782,63.73969],[30.0093,63.74752],[30.03359,63.76106],[30.13543,63.78015],[30.26299,63.82301],[30.39827,63.93109],[30.5294,64.00018],[30.59491,64.04692],[30.60999,64.07001],[30.61299,64.0942],[30.57704,64.22383],[30.56399,64.24099],[30.39031,64.30896],[30.32181,64.329],[30.16209,64.35331],[30.12873,64.36422],[30.06473,64.40381],[30.0636,64.40947],[30.08799,64.48099],[30.06899,64.49499],[30.01121,64.5126],[29.97869,64.57695],[29.98254,64.58143],[30.02674,64.59794],[30.17599,64.63101],[30.20681,64.66281],[30.14289,64.77209],[30.12091,64.78401],[30.0481,64.796],[29.80888,64.7943],[29.73363,64.83735],[29.64086,64.92163],[29.60842,65.00564],[29.62274,65.0534],[29.646,65.07188],[29.6738,65.0819],[29.8072,65.09902],[29.86899,65.12001],[29.86999,65.20199],[29.848,65.21799],[29.7882,65.22599],[29.63393,65.22606],[29.60638,65.2415],[29.60361,65.24628],[29.61475,65.27188],[29.74899,65.34601],[29.7383,65.48221],[29.7469,65.51383],[29.7979,65.53692],[29.83399,65.58801],[29.82121,65.65129],[30.02901,65.69079],[30.11999,65.66801],[30.13496,65.70932],[30.09399,65.83799],[29.94837,66.04945],[29.90404,66.13394],[29.7988,66.19219],[29.6326,66.32851],[29.57701,66.40321],[29.55399,66.46999],[29.38652,66.62759],[29.35503,66.67796],[29.27289,66.73809],[29.12936,66.81983],[29.07685,66.87633],[29.075,66.90288],[29.09025,66.97269],[29.13377,67.01375],[29.52434,67.29351],[29.93299,67.51399],[29.96009,67.53911],[29.97802,67.57197],[30.02889,67.69499],[29.692,67.81512],[29.35699,68.08199],[28.6958,68.19522],[28.46225,68.53271],[28.4643,68.53858],[28.51847,68.58426],[28.7393,68.7342],[28.76209,68.75511],[28.81689,68.84704],[28.73809,68.876],[28.46966,68.8743],[28.44423,68.88083],[28.43966,68.88466],[28.43704,68.90298],[28.45195,68.91671],[28.87697,69.0357],[28.91573,69.04363],[28.95408,69.02727],[28.97368,69.03418],[29.00231,69.03646],[29.0198,69.03102],[29.05701,69.029],[29.13,69.04801],[29.17316,69.06949],[29.25404,69.12004],[29.29599,69.18801],[29.33416,69.27657],[29.37707,69.3016],[29.4348,69.31184],[29.60427,69.31521],[29.66184,69.32503],[29.72782,69.3513],[29.75105,69.35706],[29.90047,69.35825],[29.94807,69.3656],[29.96704,69.37345],[30.00214,69.39472],[30.12341,69.44192],[30.13736,69.45298],[30.14486,69.49045],[30.15518,69.50621],[30.21052,69.52815],[30.22469,69.54082],[30.2316,69.55849],[30.22867,69.58206],[30.22014,69.60024],[30.20878,69.60867],[30.14468,69.62],[30.13751,69.62812],[30.14231,69.63116],[30.1405,69.63971],[30.15329,69.63809],[30.15675,69.64028],[30.18596,69.64131],[30.23031,69.63733],[30.2443,69.6336],[30.25176,69.62569],[30.29381,69.62039],[30.32177,69.60961],[30.32091,69.60933],[30.48051,69.54421],[30.51166,69.53633],[30.75513,69.52151],[30.85298,69.52744],[30.912,69.55001],[30.94093,69.57394],[30.95099,69.6088],[30.94299,69.69099],[30.92246,69.71483],[30.86323,69.78363],[30.88444,69.79144],[30.93409,69.76993],[30.93474,69.78314],[30.98898,69.78414],[31.04898,69.75697],[31.04147,69.77064],[31.17028,69.7525],[31.22372,69.70515],[31.2203,69.73597],[31.20224,69.74031],[31.25582,69.74442],[31.44582,69.6892],[31.4086,69.64901],[31.35874,69.64504],[31.37175,69.62257],[31.2677,69.59265],[31.32862,69.58934],[31.38284,69.60998],[31.38695,69.63858],[31.43926,69.63687],[31.47715,69.67917],[31.53577,69.65688],[31.51141,69.67596],[31.51104,69.68633],[31.52711,69.67068],[31.62902,69.67819],[31.81921,69.64818],[31.75593,69.68985],[31.68647,69.70657],[31.68512,69.72444],[31.71777,69.73798],[31.71221,69.77941],[31.73614,69.81756],[31.81512,69.8253],[31.96046,69.79292],[32.0089,69.7673],[31.99544,69.76058],[32.05393,69.74696],[32.02154,69.77183],[32.0983,69.76222],[32.01845,69.82755],[31.93861,69.85236],[31.985,69.87362],[31.89166,69.90512],[31.90668,69.92075],[31.89633,69.93569],[31.94195,69.95375],[31.99449,69.94196],[31.97368,69.93258],[31.97216,69.9259],[31.98263,69.92173],[32.05513,69.94539],[32.0953,69.93829],[32.24191,69.88665],[32.33082,69.88176],[32.5201,69.83063],[32.48403,69.81119],[32.50294,69.7901],[32.56283,69.79715],[32.61804,69.77184],[32.67849,69.77492],[32.6885,69.79227],[32.94832,69.76977],[33.05375,69.72996],[33.07722,69.74658],[33.13133,69.71459],[33.07973,69.70787],[33.1058,69.6818],[33.07875,69.68234],[33.09854,69.6516],[33.08685,69.64055],[32.95184,69.58353],[32.84029,69.56722],[32.50537,69.60283],[32.42324,69.63483],[32.38701,69.61711],[32.17823,69.63362],[32.14965,69.65556],[32.1879,69.70003],[32.11645,69.74296],[32.09741,69.73973],[32.11181,69.72265],[32.08994,69.72684],[32.14758,69.71386],[32.14561,69.69992],[32.09445,69.65586],[32.05224,69.63343],[31.95314,69.62849],[32.05427,69.58965],[32.00078,69.5493],[32.09974,69.58172],[32.11496,69.57112],[32.12834,69.58878],[32.1784,69.58663],[32.43707,69.55478],[32.38788,69.51743],[32.50225,69.50161],[32.4887,69.47909],[32.42733,69.48083],[32.401,69.46595],[32.41042,69.45745],[32.35889,69.45801],[32.25989,69.42234],[32.32792,69.41826],[32.37186,69.42755],[32.36453,69.43903],[32.43059,69.42893],[32.40788,69.44267],[32.44144,69.44894],[32.44306,69.47102],[32.51512,69.46192],[32.53913,69.48696],[32.5526,69.48577],[32.54007,69.47211],[32.57761,69.48143],[32.56995,69.4573],[32.59771,69.46015],[32.60522,69.42453],[32.60776,69.44851],[32.65179,69.47192],[32.90081,69.46376],[32.8044,69.41528],[32.81646,69.40903],[32.7876,69.38157],[32.80454,69.37302],[32.8311,69.41728],[32.9104,69.44419],[33.07402,69.45234],[32.90371,69.38195],[32.93557,69.36904],[32.88354,69.32869],[32.82994,69.3309],[32.81504,69.32578],[32.84703,69.32253],[32.84072,69.3022],[32.88373,69.27588],[32.93645,69.3175],[32.95122,69.35618],[33.04905,69.38088],[33.07569,69.37862],[33.05173,69.36121],[33.06202,69.35089],[33.08369,69.38592],[33.29151,69.41084],[33.27942,69.41717],[33.30908,69.42853],[33.3825,69.41071],[33.43864,69.42479],[33.43669,69.41053],[33.50089,69.39961],[33.40405,69.34988],[33.47528,69.36147],[33.48756,69.33802],[33.42982,69.30424],[33.35782,69.29824],[33.39896,69.28637],[33.25511,69.28599],[33.30512,69.27398],[33.20977,69.25325],[33.24621,69.24204],[33.34418,69.25922],[33.35265,69.27419],[33.45368,69.26363],[33.45937,69.24603],[33.41877,69.23111],[33.26729,69.22158],[33.42045,69.22088],[33.36536,69.18925],[33.38276,69.18178],[33.4263,69.21804],[33.44913,69.20357],[33.49963,69.20208],[33.46973,69.1777],[33.47896,69.15503],[33.40713,69.14291],[33.41875,69.13826],[33.38952,69.11269],[33.27846,69.08458],[33.04761,69.06578],[33.0316,69.05206],[33.04309,69.04427],[32.99712,69.02912],[33.02309,69.02458],[33.00894,69.00677],[33.03056,68.9803],[33.00132,68.94702],[33.02835,68.90774],[33.00516,68.88582],[33.0626,68.89601],[33.02667,68.93859],[33.06791,68.98049],[33.04989,68.99303],[33.07325,69.0492],[33.26908,69.06297],[33.25619,69.04719],[33.29311,69.07415],[33.34865,69.08228],[33.37145,69.0635],[33.46896,69.08292],[33.4393,69.10582],[33.53989,69.15111],[33.58414,69.1317],[33.57319,69.19415],[33.64005,69.1762],[33.5753,69.19938],[33.55587,69.2305],[33.62946,69.26792],[33.54956,69.25785],[33.55542,69.289],[33.57937,69.29966],[33.67372,69.30122],[33.65441,69.28933],[33.73954,69.30801],[33.68866,69.28067],[33.69262,69.26154],[33.80017,69.29806],[33.84594,69.25844],[33.88692,69.26614],[33.82242,69.29391],[33.8357,69.30046],[33.82474,69.30984],[33.90132,69.29517],[33.94767,69.31549],[34.07759,69.29765],[34.31215,69.30302],[34.40193,69.29146],[34.36551,69.26469],[34.45982,69.26875],[34.4778,69.25301],[34.57129,69.26039],[34.62631,69.25394],[34.64043,69.23352],[34.67352,69.24404],[34.80711,69.22575],[34.78239,69.21497],[34.87872,69.22505],[34.90994,69.2184],[34.90754,69.19713],[34.97846,69.21627],[34.91976,69.17356],[34.93724,69.16579],[35.00178,69.21247],[35.12742,69.2027],[35.11834,69.16502],[35.14832,69.12615],[35.18142,69.11756],[35.16599,69.11444],[35.18317,69.11699],[35.12929,69.16881],[35.17638,69.17208],[35.19227,69.18047],[35.16199,69.18453],[35.20384,69.19548],[35.2592,69.1822],[35.28924,69.20341],[35.1816,69.23261],[35.15592,69.25343],[35.31384,69.24871],[35.37562,69.22075],[35.53413,69.22363],[35.58441,69.19852],[35.70982,69.2018],[35.7679,69.17884],[35.82989,69.18996],[35.92936,69.14581],[35.99285,69.14013],[36.04314,69.11302],[36.04222,69.08397],[36.06671,69.10019],[36.04566,69.13851],[36.07494,69.13313],[36.06122,69.11978],[36.09839,69.10882],[36.11199,69.12419],[36.20752,69.098],[36.21456,69.11159],[36.22478,69.09339],[36.2878,69.09669],[36.31357,69.07594],[36.24705,69.07824],[36.32441,69.0593],[36.34561,69.03662],[36.37065,69.03771],[36.36194,69.05448],[36.40125,69.02864],[36.53514,69.01099],[36.50283,68.98858],[36.56271,69.01369],[36.6205,69.00098],[36.6319,68.98044],[36.70268,68.97739],[36.74038,68.96551],[36.69749,68.95753],[36.71042,68.95135],[36.78216,68.95022],[36.77523,68.93279],[36.82851,68.91928],[36.78573,68.9048],[36.88328,68.91655],[36.87225,68.90815],[37.02893,68.87308],[37.0161,68.86358],[37.188,68.83507],[37.24348,68.79541],[37.38529,68.7737],[37.44432,68.73577],[37.55781,68.72559],[37.57689,68.7162],[37.55869,68.71243],[37.57365,68.70481],[37.56076,68.68477],[37.5879,68.71345],[37.63045,68.68656],[37.80497,68.64468],[37.74301,68.62606],[37.82499,68.62668],[37.80911,68.58742],[37.85637,68.60937],[37.87208,68.59124],[37.98109,68.56936],[38.00402,68.54902],[37.98465,68.54281],[38.06166,68.52302],[38.04108,68.51673],[38.07536,68.50838],[38.08525,68.48137],[38.18412,68.4685],[38.20923,68.44958],[38.20573,68.43145],[38.2506,68.44356],[38.27851,68.4326],[38.28055,68.41237],[38.3342,68.41611],[38.31331,68.4139],[38.35768,68.4012],[38.36462,68.3621],[38.28718,68.35176],[38.37002,68.35869],[38.37702,68.38209],[38.3868,68.3856],[38.42285,68.36054],[38.4018,68.35702],[38.42372,68.35879],[38.39806,68.32146],[38.41661,68.32375],[38.40757,68.3036],[38.42956,68.30631],[38.44041,68.28764],[38.43383,68.34063],[38.45639,68.35196],[38.44446,68.33878],[38.7052,68.28039],[38.75616,68.24233],[38.78534,68.24543],[38.7682,68.26797],[38.73672,68.26304],[38.75125,68.27262],[38.70839,68.29716],[38.62826,68.30001],[38.49389,68.34846],[38.55415,68.35623],[38.59968,68.32824],[38.6266,68.34242],[38.605,68.36341],[38.63093,68.36676],[38.64798,68.37524],[38.64715,68.356],[38.69329,68.35134],[38.77669,68.30467],[38.8913,68.30041],[38.9741,68.27218],[38.91786,68.27299],[38.98412,68.23279],[39.08856,68.20461],[39.10237,68.19125],[39.09018,68.17903],[39.1082,68.18499],[39.08426,68.1671],[39.16862,68.1958],[39.49762,68.05465],[39.70573,67.99996],[39.63494,68.03492],[39.66864,68.05203],[39.75239,68.02455],[39.87003,68.03342],[39.74111,68.15846],[39.89674,68.09979],[40.00564,67.98554],[40.07213,67.98518],[40.10789,67.94918],[40.16858,67.93741],[40.15858,67.92465],[40.22448,67.93164],[40.19261,67.91173],[40.22986,67.92785],[40.25582,67.9137],[40.23228,67.91294],[40.24033,67.90107],[40.28761,67.91417],[40.25457,67.88644],[40.30528,67.90059],[40.3186,67.89819],[40.29086,67.88294],[40.33218,67.89897],[40.37586,67.88732],[40.36525,67.86046],[40.40055,67.86542],[40.39406,67.84391],[40.27328,67.84047],[40.41888,67.75682],[40.45539,67.76388],[40.50176,67.73086],[40.5436,67.73278],[40.53231,67.74246],[40.57742,67.76392],[40.55695,67.79668],[40.5863,67.8049],[40.58549,67.79231],[40.6118,67.80132],[40.63762,67.78589],[40.62847,67.7998],[40.64303,67.80186],[40.79047,67.71478],[40.8971,67.73106],[40.91777,67.70664],[40.98261,67.69576],[40.97453,67.68206],[41.0198,67.65638],[41.01075,67.64066],[41.02857,67.64494],[41.01217,67.63165],[41.03722,67.63396],[41.01771,67.57668],[40.95306,67.55663],[40.99852,67.53818],[40.99163,67.52237],[41.014,67.50612],[40.9691,67.46396],[40.98563,67.4601],[40.94819,67.44032],[41.01232,67.4612],[41.08094,67.44673],[41.09633,67.42429],[41.08371,67.41587],[41.11741,67.41398],[41.10263,67.36728],[41.11394,67.32232],[41.08069,67.24981],[41.13295,67.2176],[41.24349,67.19906],[41.31464,67.21782],[41.35257,67.19299],[41.3044,67.14236],[41.27774,67.13804],[41.39269,67.11259],[41.34731,67.07458],[41.32164,67.07877],[41.34479,67.05965],[41.34383,66.99009],[41.3037,66.97337],[41.25076,66.97934],[41.28626,66.93562],[41.25606,66.92218],[41.24169,66.85426],[41.21094,66.82225],[41.08238,66.74079],[40.97319,66.71958],[40.99048,66.70813],[40.79912,66.60943],[40.6933,66.5838],[40.69231,66.53058],[40.60966,66.50281],[40.58175,66.51706],[40.55879,66.45119],[40.3691,66.38053],[40.3046,66.39119],[40.31647,66.37755],[40.29263,66.38342],[40.00342,66.25587],[39.78257,66.21513],[39.51266,66.1947],[39.11297,66.10219],[38.86189,66.10839],[38.88238,66.10321],[38.65339,66.06379],[38.64058,66.07591],[38.28867,66.05666],[38.12589,66.08106],[37.92625,66.08339],[37.65576,66.11645],[37.14453,66.24243],[36.82624,66.27791],[36.51706,66.27561],[35.55389,66.38373],[35.35153,66.42504],[35.33774,66.43206],[35.36042,66.43788],[35.32575,66.4712],[35.20404,66.46826],[35.16972,66.49868],[35.10579,66.50791],[34.89814,66.59419],[34.75111,66.60056],[34.69097,66.58659],[34.70232,66.57153],[34.65896,66.55643],[34.46157,66.54116],[34.3879,66.58581],[34.36714,66.61881],[34.50535,66.63152],[34.38117,66.64555],[34.35663,66.6634],[34.37429,66.67653],[34.35189,66.69937],[34.35942,66.67475],[34.33886,66.65511],[34.32543,66.66488],[34.34053,66.68523],[34.31803,66.6595],[34.29971,66.6653],[34.30938,66.67226],[34.30716,66.67756],[34.28862,66.66216],[34.22725,66.66656],[34.25392,66.71565],[34.20639,66.66301],[34.20381,66.68104],[34.17295,66.68059],[34.1834,66.69898],[34.17968,66.70335],[34.14326,66.68562],[34.15559,66.67354],[34.09287,66.67403],[34.14055,66.69495],[34.18379,66.74581],[34.17245,66.77701],[34.15065,66.78596],[34.14349,66.75229],[34.16377,66.74247],[34.14377,66.73746],[34.13028,66.70251],[34.0813,66.70686],[34.09761,66.69251],[34.06393,66.68054],[34.05245,66.71176],[34.06869,66.72112],[34.03264,66.74495],[34.05598,66.7528],[34.05362,66.76011],[34.0148,66.74856],[34.05019,66.72127],[34.02468,66.68519],[33.92491,66.68552],[33.89564,66.72099],[33.85227,66.71722],[33.87783,66.6955],[33.82049,66.72234],[33.81092,66.75591],[33.82983,66.76471],[33.73523,66.77092],[33.70206,66.78753],[33.69083,66.82114],[33.65772,66.79964],[33.60688,66.85198],[33.61794,66.82579],[33.5998,66.80942],[33.62524,66.78662],[33.57808,66.79694],[33.57604,66.81719],[33.5463,66.82764],[33.55524,66.79381],[33.54205,66.79846],[33.56542,66.77201],[33.64311,66.73366],[33.53702,66.77691],[33.60782,66.73015],[33.56049,66.7396],[33.54908,66.75387],[33.51911,66.7665],[33.54283,66.74494],[33.63071,66.71398],[33.63192,66.70484],[33.54314,66.73368],[33.55819,66.71883],[33.50329,66.71702],[32.97789,66.89772],[32.86002,66.96363],[32.78903,67.03011],[32.79823,67.05709],[32.99828,67.08396],[32.76248,67.07508],[32.64181,67.11745],[32.49112,67.11233],[32.37604,67.15851],[32.32275,67.16747],[32.34036,67.15045],[32.26191,67.14256],[32.27908,67.13534],[32.27087,67.12127],[32.15694,67.14047],[32.13366,67.1323],[32.15013,67.12982],[32.13266,67.12056],[32.1469,67.11261],[32.13152,67.11375],[32.13588,67.10683],[31.91694,67.14517],[31.87002,67.13948],[31.96816,67.1168],[31.92948,67.10836],[32.04571,67.09679],[32.18696,67.10682],[32.14607,67.11599],[32.16936,67.12152],[32.25459,67.1217],[32.24051,67.11246],[32.35405,67.06971],[32.28241,67.07081],[32.32416,67.04717],[32.31095,67.03921],[32.48029,67.02594],[32.56598,66.97688],[32.57174,66.95681],[32.52148,66.95575],[32.53805,66.94419],[32.53852,66.93626],[32.52822,66.93252],[32.41651,66.9469],[32.41308,66.93406],[32.49006,66.92876],[32.44867,66.9168],[32.50398,66.89658],[32.46673,66.89115],[32.49359,66.88014],[32.38671,66.86942],[32.54064,66.8734],[32.7057,66.80705],[32.70911,66.79418],[32.67721,66.80725],[32.67129,66.79512],[32.76538,66.76828],[32.85146,66.77478],[32.95631,66.72875],[32.90475,66.72651],[32.87113,66.73063],[32.8472,66.73778],[32.83787,66.73767],[32.82567,66.74207],[32.81912,66.74165],[32.88672,66.71425],[32.8588,66.71232],[32.77594,66.7411],[32.8184,66.73864],[32.80512,66.75251],[32.6841,66.74931],[32.76633,66.73683],[32.86812,66.69604],[32.85386,66.695],[32.85493,66.6914],[33.18807,66.67308],[33.31925,66.63776],[33.28717,66.62967],[33.32408,66.60837],[33.26071,66.6337],[33.11762,66.64225],[33.13666,66.6337],[33.11225,66.62594],[33.11928,66.60195],[33.05938,66.58903],[33.09858,66.58182],[32.82108,66.59296],[32.88167,66.56631],[32.9852,66.56807],[33.19571,66.53812],[32.93141,66.51894],[33.05568,66.49805],[33.23703,66.51951],[33.25363,66.50095],[33.31103,66.49779],[33.27107,66.4892],[33.30312,66.47273],[33.52271,66.44236],[33.54947,66.44353],[33.51961,66.45648],[33.53642,66.45346],[33.54567,66.47523],[33.60763,66.47401],[33.62819,66.46639],[33.55086,66.45212],[33.59132,66.43036],[33.71751,66.4153],[33.46271,66.37798],[33.60512,66.36745],[33.57966,66.35798],[33.6769,66.33964],[33.66599,66.33452],[33.41398,66.32476],[33.21538,66.27955],[33.07702,66.27579],[32.98192,66.24936],[33.25142,66.27283],[33.348,66.30561],[33.37732,66.29751],[33.4673,66.30197],[33.43455,66.29087],[33.57332,66.31478],[33.63184,66.30583],[33.56315,66.27565],[33.74953,66.27672],[33.83147,66.24978],[33.79478,66.24856],[33.78746,66.24252],[33.91069,66.23446],[33.8708,66.22135],[33.89767,66.21242],[33.87911,66.20048],[33.94918,66.2246],[34.10943,66.22671],[34.15236,66.20437],[34.13468,66.19488],[34.18187,66.18857],[34.14135,66.16681],[34.20194,66.17273],[34.21789,66.16805],[34.17116,66.16715],[34.3179,66.14406],[34.53868,66.0691],[34.55824,66.05196],[34.53637,66.04558],[34.58444,66.04781],[34.60828,66.03378],[34.58338,66.03161],[34.61965,66.0143],[34.60626,66.00979],[34.698,65.98346],[34.71227,65.95921],[34.66344,65.95636],[34.67578,65.94623],[34.6628,65.94032],[34.68401,65.94255],[34.63429,65.92036],[34.70335,65.91756],[34.66075,65.90201],[34.69874,65.89889],[34.68282,65.87611],[34.73793,65.90347],[34.85653,65.8658],[34.81381,65.84721],[34.83729,65.84748],[34.81572,65.83862],[34.83166,65.83706],[34.81895,65.8194],[34.77513,65.81043],[34.85019,65.8008],[34.8974,65.81739],[34.86279,65.81678],[34.87644,65.83067],[34.91954,65.81494],[34.88778,65.81257],[34.9049,65.79472],[34.88568,65.79471],[34.91558,65.76839],[34.86344,65.77564],[34.85265,65.76216],[34.87003,65.76286],[34.83728,65.75438],[34.97614,65.7163],[34.94667,65.7107],[34.97877,65.70881],[34.93068,65.67469],[34.79594,65.72769],[34.80712,65.73813],[34.74755,65.7655],[34.70296,65.7632],[34.74199,65.76811],[34.69809,65.766],[34.72982,65.77528],[34.67373,65.78946],[34.68776,65.79673],[34.66018,65.79383],[34.71072,65.77669],[34.65543,65.75631],[34.69453,65.74036],[34.68227,65.72769],[34.71318,65.73149],[34.68622,65.72251],[34.68313,65.71027],[34.71227,65.70838],[34.68037,65.70065],[34.68274,65.69358],[34.71979,65.70905],[34.77273,65.68612],[34.68602,65.66813],[34.72681,65.66442],[34.69775,65.65258],[34.75739,65.65326],[34.71945,65.64409],[34.73437,65.64217],[34.72459,65.62812],[34.75296,65.62718],[34.74873,65.6045],[34.79682,65.5808],[34.73657,65.58268],[34.71024,65.55758],[34.75311,65.5484],[34.7366,65.53294],[34.75354,65.52924],[34.63268,65.48686],[34.67623,65.46494],[34.66522,65.4583],[34.68867,65.43553],[34.45636,65.43024],[34.53129,65.40556],[34.47403,65.40664],[34.50899,65.39018],[34.50068,65.38775],[34.44141,65.41041],[34.4282,65.41073],[34.45222,65.3945],[34.35296,65.40624],[34.4431,65.36661],[34.36151,65.38069],[34.30699,65.37968],[34.27129,65.37096],[34.5004,65.32759],[34.44645,65.31698],[34.47826,65.30901],[34.46371,65.30814],[34.47828,65.29687],[34.47141,65.26983],[34.45666,65.26935],[34.47275,65.25624],[34.50831,65.25539],[34.49719,65.24747],[34.50923,65.23941],[34.51316,65.25483],[34.53271,65.25515],[34.53939,65.22246],[34.52397,65.21994],[34.60593,65.22471],[34.60671,65.20731],[34.65952,65.19446],[34.59871,65.19589],[34.66551,65.18072],[34.65527,65.16535],[34.69121,65.15676],[34.63746,65.14107],[34.66269,65.12427],[34.64593,65.11316],[34.67965,65.12091],[34.66172,65.10158],[34.70243,65.08987],[34.68564,65.07855],[34.78329,65.07895],[34.78863,65.05919],[34.75628,65.03721],[34.79967,65.01634],[34.77403,64.99468],[34.83078,65.02162],[34.78154,64.98068],[34.60797,64.95135],[34.76861,64.953],[34.82763,64.92084],[34.8209,64.90173],[34.83767,64.91388],[34.84386,64.89878],[34.89573,64.89142],[34.87963,64.87159],[34.91812,64.8528],[34.92057,64.83412],[34.96141,64.83624],[34.92768,64.7999],[34.87709,64.78307],[34.88217,64.76673],[34.81853,64.76072],[34.77954,64.73167],[34.81837,64.72392],[34.80678,64.7119],[34.8407,64.67809],[34.91266,64.66198],[34.89962,64.65483],[34.92984,64.63801],[34.91268,64.63288],[34.96861,64.63052],[34.96862,64.61444],[34.99002,64.61147],[34.8155,64.54423],[34.85935,64.53806],[34.78103,64.52604],[34.75911,64.53407],[34.73132,64.53082],[34.69959,64.52407],[34.68293,64.50916],[34.77213,64.52517],[34.78652,64.51011],[34.82974,64.51409],[34.80945,64.5021],[34.86756,64.50267],[34.88934,64.48028],[34.91655,64.4986],[34.97873,64.48489],[34.95675,64.50479],[35.0114,64.50608],[35.00296,64.49481],[35.02994,64.48213],[34.98896,64.47388],[34.99775,64.45611],[34.97469,64.45091],[34.98312,64.42996],[34.96379,64.41826],[35.03989,64.404],[35.11827,64.41896],[35.14519,64.34978],[35.34186,64.3439],[35.32458,64.30033],[35.37741,64.30188],[35.40361,64.28366],[35.54523,64.33019],[35.61397,64.32412],[35.62674,64.34666],[35.5882,64.38002],[35.6983,64.36172],[35.75497,64.32128],[35.83164,64.32109],[35.89527,64.28657],[35.9243,64.26438],[35.89418,64.23748],[35.93757,64.22712],[35.92663,64.22119],[35.95958,64.20824],[35.95458,64.19119],[36.00789,64.18412],[36.04696,64.21273],[36.14,64.17607],[36.15528,64.14969],[36.24146,64.12762],[36.17854,64.10354],[36.17158,64.09035],[36.19123,64.07735],[36.17603,64.07389],[36.26197,64.05271],[36.24913,64.00513],[36.3004,63.97103],[36.31709,63.99017],[36.46051,63.9788],[36.45596,63.96612],[36.5099,63.95253],[36.59777,63.95652],[36.64566,63.9374],[36.64866,63.91351],[36.76701,63.90254],[36.75353,63.89626],[36.77324,63.90135],[36.79519,63.91826],[36.88467,63.8888],[36.93417,63.89834],[36.92336,63.91495],[36.99484,63.88358],[37.20516,63.87714],[37.25128,63.8248],[37.22393,63.82816],[37.20491,63.81943],[37.4386,63.78354],[37.6205,63.81712],[37.64021,63.83545],[37.63689,63.88186],[37.67412,63.89582],[37.87407,63.89139],[38.00984,63.93575],[38.00152,63.95373],[38.07171,64.00015],[38.04376,64.02753],[38.05988,64.07149],[38.00716,64.11452],[37.99951,64.14751],[37.93461,64.16057],[37.89133,64.21163],[38.01035,64.28824],[37.91587,64.31015],[37.9146,64.32535],[37.95277,64.33152],[37.93959,64.34253],[37.78819,64.36772],[37.79064,64.43825],[37.65405,64.42409],[37.61499,64.35514],[37.56618,64.36871],[37.56263,64.37574],[37.56839,64.37595],[37.57492,64.37911],[37.57433,64.38707],[37.45482,64.38032],[37.33265,64.34172],[37.10975,64.40096],[36.78365,64.62888],[36.7378,64.68898],[36.63714,64.71977],[36.53383,64.71674],[36.55167,64.73735],[36.52174,64.76306],[36.52889,64.79226],[36.49982,64.82156],[36.57087,64.81194],[36.46345,64.859],[36.43754,64.92191],[36.52277,64.93283],[36.56871,64.89789],[36.60745,64.89701],[36.6446,64.90251],[36.65684,64.92832],[36.81138,64.95651],[36.83007,64.97685],[36.80943,65.00212],[36.84193,65.01749],[36.86342,65.09295],[36.81828,65.1233],[36.82654,65.13846],[36.85007,65.15425],[37.04579,65.16828],[37.67738,65.02915],[37.70904,65.00898],[37.70135,64.96264],[37.87157,64.89611],[38.08744,64.84747],[38.37037,64.84336],[38.33777,64.8028],[38.36847,64.76307],[38.33265,64.77447],[38.32466,64.79755],[38.27883,64.80387],[38.20632,64.77114],[38.14774,64.79038],[38.00729,64.75675],[38.00424,64.72738],[38.12468,64.673],[37.9945,64.61358],[38.01639,64.61004],[37.98216,64.59244],[38.01953,64.59452],[38.01286,64.58354],[38.04824,64.60261],[38.05677,64.6373],[38.15031,64.656],[38.1326,64.68607],[38.15775,64.71094],[38.3653,64.74327],[38.49525,64.73459],[38.4612,64.75973],[38.51619,64.78124],[38.89574,64.73641],[39.14143,64.65663],[39.3249,64.6347],[39.52726,64.54966],[39.70291,64.55586],[39.75552,64.53883],[39.7355,64.56064],[39.7853,64.57293],[39.77081,64.57905],[39.8241,64.63694],[39.82768,64.65945],[39.80119,64.63348],[39.80818,64.65607],[39.86233,64.66599],[39.89149,64.65928],[40.05862,64.62078],[40.13494,64.58886],[40.16401,64.56201],[40.21649,64.55204],[40.49685,64.535],[40.52385,64.54097],[40.53199,64.565],[40.51609,64.59389],[40.46988,64.63035],[40.41703,64.71867],[40.41355,64.72449],[40.45099,64.789],[40.41317,64.85655],[40.41182,64.85717],[40.41199,64.861],[40.37595,64.92305],[40.27889,65.01209],[40.23604,65.02837],[40.23591,65.02405],[40.15518,65.04651],[40.05061,65.10373],[40.00675,65.17123],[39.95258,65.18845],[39.84075,65.28154],[39.72392,65.33597],[39.70653,65.47466],[39.76546,65.56645],[39.87909,65.62783],[40.17149,65.69258],[40.48618,65.81229],[40.64149,65.93511],[40.74258,65.98418],[41.2176,66.04087],[41.5234,66.12105],[41.75816,66.23836],[41.85893,66.32205],[41.90857,66.32893],[41.98488,66.37486],[42.11326,66.4884],[42.20621,66.51023],[42.28778,66.51218],[42.59609,66.44201],[42.63579,66.41895],[42.6325,66.39349],[43.25882,66.41117],[43.33084,66.37045],[43.35863,66.33308],[43.34657,66.3368],[43.34915,66.32002],[43.40836,66.32618],[43.59981,66.29375],[43.73308,66.18392],[43.8386,66.19238],[43.88265,66.17841],[43.9582,66.09836],[44.07241,66.06562],[44.0252,66.01746],[44.03246,65.98554],[44.02634,65.98665],[44.02659,65.98814],[44.02503,65.9883],[44.0189,65.9827],[44.11811,65.93308],[44.12825,65.88522],[44.20309,65.81745],[44.21381,65.83198],[44.1803,65.86894],[44.23413,65.84586],[44.22207,65.86117],[44.16682,65.88537],[44.15166,65.90907],[44.18652,65.89494],[44.1616,65.91117],[44.16604,65.92858],[44.10884,65.97665],[44.08399,65.98558],[44.16225,66.04538],[44.16212,66.04116],[44.18223,66.04055],[44.16315,66.04193],[44.16259,66.06869],[44.14643,66.10287],[44.0745,66.19276],[44.07382,66.22814],[44.12018,66.30944],[44.2343,66.42253],[44.31305,66.48008],[44.38244,66.49921],[44.39122,66.576],[44.43513,66.62988],[44.58202,66.656],[44.48645,66.6669],[44.3985,66.72027],[44.36058,66.77248],[44.45207,66.79358],[44.49105,66.82132],[44.50984,66.83851],[44.47375,66.87163],[44.47859,66.88852],[44.53461,66.90477],[44.30866,67.03695],[44.32302,67.06301],[44.17862,67.13081],[44.07056,67.16035],[43.91047,67.15083],[43.77874,67.19605],[43.77069,67.23633],[43.83853,67.3907],[44.03533,67.60575],[44.07077,67.68251],[44.13726,67.74556],[44.14111,67.79842],[44.09626,67.83826],[44.16734,67.94015],[44.13858,68.01219],[44.1642,68.02014],[44.16006,68.04218],[44.20063,68.0882],[44.22865,68.20336],[44.22304,68.26787],[44.19873,68.3047],[44.03807,68.37479],[43.55156,68.52612],[43.33471,68.61306],[43.26902,68.65678],[43.28428,68.66486],[43.47623,68.66425],[44.05094,68.53325],[44.92406,68.5502],[45.39634,68.52954],[45.67222,68.49437],[46.0322,68.42859],[45.8045,68.4679],[46.03577,68.32656],[45.99518,68.31235],[46.11077,68.29496],[46.30452,68.18735],[46.37897,68.17139],[46.33867,68.20645],[46.35184,68.20688],[46.52462,68.12839],[46.54932,68.10052],[46.40861,68.10007],[46.46754,68.08257],[46.52767,68.09783],[46.523,68.04593],[46.5413,68.01273],[46.64007,67.93722],[46.64468,67.9032],[46.7061,67.89013],[46.68129,67.8757],[46.71309,67.85404],[46.69309,67.80826],[46.33351,67.82179],[46.08133,67.7874],[45.98001,67.79159],[45.84813,67.75387],[45.47093,67.74302],[45.2361,67.67757],[45.33913,67.66641],[45.3383,67.62089],[45.30672,67.57466],[45.19189,67.57649],[44.99749,67.49608],[44.98817,67.4941],[44.99456,67.49694],[44.99426,67.49882],[44.99991,67.50037],[44.99457,67.50411],[44.98164,67.50599],[44.9746,67.5052],[44.9979,67.49993],[44.99344,67.49885],[44.9937,67.49689],[44.98842,67.49611],[44.95851,67.47182],[44.91843,67.40818],[44.91694,67.33696],[44.90107,67.32788],[44.93741,67.31967],[44.92916,67.30753],[44.9457,67.31915],[45.13582,67.25059],[45.57723,67.15841],[45.62147,67.12283],[45.61666,67.06271],[45.67984,67.03284],[45.69796,66.98857],[45.81189,66.8882],[46.00094,66.84517],[46.01658,66.81649],[46.5379,66.86539],[46.59997,66.8362],[46.55645,66.82692],[46.57072,66.81965],[46.65839,66.81329],[47.0688,66.84917],[47.4007,66.91686],[47.59425,66.89592],[47.57442,66.9],[47.59231,66.92277],[47.75038,67.00534],[47.76745,67.13144],[47.70783,67.18462],[47.67762,67.1886],[47.79445,67.23907],[47.80144,67.2549],[47.76353,67.27602],[47.76127,67.30336],[47.78553,67.32123],[47.77392,67.33459],[47.89481,67.39686],[47.94113,67.45239],[47.93386,67.4784],[47.8511,67.52764],[47.88953,67.54858],[47.84825,67.55039],[47.83271,67.5777],[47.97448,67.61998],[47.99268,67.64133],[48.12579,67.61307],[48.07169,67.6116],[48.0883,67.58258],[48.06732,67.57699],[48.09853,67.57635],[48.13636,67.61473],[48.25497,67.65305],[48.34545,67.66572],[48.46314,67.6344],[48.66131,67.69271],[48.74203,67.69624],[48.79103,67.76052],[48.77654,67.76679],[48.7806,67.82466],[48.5925,67.9139],[48.64703,67.90901],[48.7847,67.84548],[49.06718,67.83588],[49.02543,67.82871],[49.02329,67.8261],[49.07645,67.81202],[49.04681,67.8314],[49.17145,67.85204],[49.59927,67.95464],[50.06001,68.0964],[50.01701,68.05107],[49.98565,68.06681],[49.9708,68.0435],[49.81045,68.00655],[49.90033,67.99051],[49.90381,68.01005],[49.97407,68.00922],[49.96123,68.02268],[49.97421,68.03844],[50.03865,68.05171],[50.02745,68.03704],[50.07119,67.99677],[50.06143,68.01473],[50.10024,68.02022],[50.09653,68.01544],[50.10109,68.01281],[50.14135,68.01578],[50.14646,68.01933],[50.19052,67.99647],[50.14608,68.0204],[50.10236,68.01353],[50.10186,68.02055],[50.05359,68.01568],[50.04937,68.08248],[50.61594,68.2845],[50.80757,68.37316],[50.82265,68.36586],[50.81282,68.36018],[50.80442,68.36135],[50.79986,68.35561],[50.79095,68.3552],[50.78622,68.35264],[50.82848,68.33536],[51.08966,68.34151],[51.16295,68.37491],[51.40781,68.40438],[51.42044,68.41089],[51.40738,68.42457],[51.516,68.41695],[51.59577,68.43442],[51.5103,68.44791],[51.55304,68.48465],[51.92447,68.5179],[52.2284,68.57821],[52.30797,68.56932],[52.15867,68.5388],[52.15233,68.51195],[52.08224,68.51866],[51.98687,68.50941],[52.04397,68.50742],[52.06092,68.49059],[52.0322,68.48424],[52.07441,68.47324],[52.12055,68.50722],[52.20265,68.47959],[52.18221,68.48715],[52.22362,68.4882],[52.25528,68.46858],[52.19749,68.45214],[52.22743,68.44688],[52.26564,68.45326],[52.25783,68.4653],[52.3055,68.45728],[52.30554,68.41646],[52.2038,68.39633],[52.14931,68.36182],[52.21083,68.3312],[52.28284,68.31231],[52.41708,68.32902],[52.59938,68.40082],[52.7083,68.42108],[52.76375,68.48319],[52.74635,68.47413],[52.60231,68.51613],[52.55136,68.56118],[52.55826,68.56028],[52.56969,68.56248],[52.48585,68.57535],[52.50876,68.5992],[52.48182,68.61411],[52.54945,68.62421],[52.47356,68.61876],[52.37892,68.56964],[52.28875,68.58859],[52.30258,68.60122],[53.35176,68.87814],[53.89713,68.96264],[54.4084,68.98917],[54.58909,68.97089],[54.43425,68.97576],[54.36859,68.95272],[53.86025,68.9126],[53.79302,68.9261],[53.7066,68.90247],[53.6033,68.90245],[53.56967,68.88965],[53.62963,68.89585],[53.63636,68.88589],[53.57311,68.87076],[53.73875,68.82476],[53.73736,68.82286],[53.72824,68.82577],[53.72336,68.82393],[53.73467,68.82261],[53.73793,68.8225],[53.73916,68.82313],[53.73521,68.84412],[53.67015,68.86963],[54.00013,68.83228],[54.00328,68.81418],[53.96649,68.81429],[53.96705,68.7946],[53.87026,68.79438],[53.87648,68.77274],[53.82616,68.73928],[53.85954,68.70289],[53.71881,68.63117],[53.72923,68.59793],[53.88042,68.54047],[53.91772,68.50419],[53.93818,68.46393],[53.92489,68.43862],[53.93862,68.39781],[53.80239,68.36036],[53.82596,68.32649],[53.67853,68.38385],[53.63191,68.38899],[53.61389,68.37311],[53.60311,68.39156],[53.55484,68.39017],[53.61248,68.36142],[53.6548,68.36775],[53.63121,68.35055],[53.65593,68.31792],[53.58304,68.35843],[53.46226,68.36217],[53.47138,68.37067],[53.4532,68.37816],[53.37294,68.33427],[53.31702,68.34519],[53.19427,68.25875],[53.26266,68.25953],[53.34074,68.22657],[53.49326,68.25655],[53.55575,68.23668],[53.59927,68.24989],[53.63269,68.23463],[53.8082,68.24099],[53.9249,68.20916],[54.02174,68.22345],[54.00671,68.20629],[54.02349,68.2057],[54.06019,68.23361],[54.08413,68.22321],[54.09309,68.25437],[54.1438,68.28734],[54.2363,68.32347],[54.34691,68.3391],[54.32006,68.31553],[54.54386,68.2851],[54.63297,68.20625],[54.61701,68.19841],[54.63409,68.18244],[54.86652,68.14636],[54.90509,68.17587],[54.87976,68.21141],[54.95758,68.24811],[54.86133,68.31424],[54.94281,68.35099],[55.01488,68.42619],[55.38674,68.5472],[55.49757,68.55937],[55.65416,68.54365],[56.00607,68.64241],[56.34575,68.58196],[56.64438,68.61746],[56.78373,68.59701],[56.86689,68.55331],[57.05417,68.52215],[57.30082,68.52623],[57.49644,68.592],[57.49864,68.6378],[57.65644,68.72981],[57.91606,68.74426],[57.98535,68.75897],[57.96113,68.74171],[57.97223,68.73436],[58.03044,68.75917],[58.03363,68.79972],[57.97601,68.80299],[58.00128,68.81199],[58.79084,68.96372],[59.05271,68.98262],[59.20749,68.98161],[59.32669,68.96894],[59.14361,68.95211],[59.12155,68.96388],[59.13349,68.95421],[59.01269,68.95015],[59.00048,68.93045],[58.96594,68.9449],[58.99148,68.9232],[58.90822,68.93401],[58.91403,68.92227],[58.89448,68.91443],[58.88361,68.91692],[58.87635,68.91433],[59.1649,68.8839],[59.28169,68.83528],[59.28552,68.81452],[59.3574,68.78046],[59.29372,68.77772],[59.28287,68.7579],[59.37716,68.70751],[59.47659,68.68328],[59.44124,68.66798],[59.28735,68.68075],[59.18909,68.66763],[59.17848,68.61406],[59.12677,68.60645],[59.11434,68.5788],[59.042,68.57381],[59.02846,68.56329],[59.09951,68.57294],[59.09553,68.54744],[59.17006,68.51928],[59.11153,68.4493],[59.12155,68.40508],[59.68915,68.31356],[59.76335,68.35473],[59.87829,68.35884],[59.87795,68.37472],[59.98703,68.44981],[59.9719,68.49886],[59.84377,68.57444],[59.80921,68.61862],[59.83893,68.65762],[59.94943,68.70758],[60.06243,68.66805],[60.52418,68.70686],[60.74135,68.80867],[60.80952,68.86896],[60.94214,68.88609],[60.95738,68.90593],[60.93626,68.91428],[60.96916,68.97949],[60.94286,69.04908],[60.96866,69.06276],[60.89007,69.13275],[60.78244,69.15904],[60.75071,69.1234],[60.77044,69.10097],[60.75028,69.09722],[60.77172,69.09516],[60.77068,69.09152],[60.7651,69.0905],[60.6577,69.12362],[60.63997,69.15574],[60.65302,69.22233],[60.63788,69.25449],[60.42505,69.39402],[60.3882,69.39791],[60.37818,69.42145],[60.3136,69.44351],[60.30712,69.4735],[60.22095,69.50178],[60.24693,69.53298],[60.19069,69.55677],[60.21964,69.57942],[60.19435,69.59902],[60.21121,69.62075],[60.32777,69.65994],[60.61341,69.65096],[60.71409,69.67497],[60.69058,69.69298],[60.69543,69.71151],[60.77824,69.72505],[60.72425,69.81086],[60.85162,69.85645],[61.06354,69.8276],[61.10607,69.84478],[61.10318,69.86072],[61.1269,69.83014],[61.17956,69.81354],[61.29741,69.81655],[61.35288,69.80003],[61.34328,69.78841],[61.496,69.76888],[61.71972,69.77118],[62.0001,69.73752],[62.66287,69.72122],[63.11176,69.68364],[64.26268,69.50566],[64.99443,69.27839],[64.92691,69.26953],[64.93868,69.25591],[65.09365,69.26004],[65.1529,69.23607],[65.11187,69.23706],[65.2044,69.20867],[65.41191,69.16756],[65.98128,69.09116],[65.81677,69.11038],[65.83175,69.10081],[65.82202,69.08932],[65.77127,69.08658],[65.76392,69.10892],[65.78152,69.10884],[65.783,69.11535],[65.64896,69.10913],[65.59416,69.13938],[65.55169,69.13547],[65.62953,69.11025],[65.64597,69.10739],[65.67982,69.10738],[65.71608,69.08985],[65.71434,69.07165],[65.78827,69.05046],[65.88224,69.06075],[66.08943,69.02711],[66.07485,69.02126],[66.21742,68.98303],[66.28251,68.98998],[66.30594,68.97956],[66.29237,68.96278],[66.35223,68.93424],[67.17751,68.81625],[67.07265,68.81174],[67.0566,68.7983],[67.06407,68.76273],[67.13101,68.7511],[67.17367,68.70329],[67.22787,68.68145],[67.38022,68.65965],[67.69295,68.53832],[67.70683,68.5166],[67.68121,68.53374],[67.64029,68.5492],[67.62887,68.55048],[67.61587,68.56005],[67.61251,68.56079],[67.6266,68.55],[67.68977,68.52659],[67.69977,68.51188],[67.81665,68.48641],[67.84859,68.46888],[67.75159,68.49346],[67.72025,68.48439],[67.79888,68.44997],[67.89435,68.44876],[68.19525,68.37877],[68.26487,68.31474],[68.19462,68.31116],[68.23924,68.29897],[68.17654,68.27847],[68.18785,68.26581],[68.17229,68.22999],[68.25856,68.21326],[68.29793,68.17534],[68.33685,68.17723],[68.44349,68.22931],[68.57087,68.2571],[68.544,68.27179],[68.58311,68.29974],[68.65411,68.3004],[68.57524,68.31714],[68.58005,68.35314],[68.85952,68.55354],[68.95584,68.64661],[69.04849,68.78123],[69.12473,68.81134],[69.11276,68.85858],[68.97485,68.88376],[69.15883,68.9083],[69.14593,68.9196],[69.16487,68.94582],[69.11425,68.95588],[68.78395,68.90185],[68.63518,68.92217],[68.48602,68.97029],[68.37798,69.06483],[68.13272,69.21103],[68.0732,69.26641],[68.13989,69.28608],[68.08698,69.27712],[68.11104,69.28787],[68.06526,69.29861],[68.0924,69.28214],[68.0768,69.27196],[68.03245,69.33998],[68.10102,69.3622],[68.11559,69.37825],[68.09736,69.37581],[68.08984,69.38281],[68.12933,69.42505],[68.18065,69.4252],[68.13289,69.44056],[68.14418,69.46086],[68.12386,69.53777],[68.02844,69.5225],[68.00759,69.50373],[68.05838,69.48109],[67.96233,69.47477],[67.72203,69.53667],[67.69102,69.55319],[67.72554,69.5691],[67.69699,69.58077],[67.54219,69.59399],[67.50931,69.613],[67.38325,69.6048],[67.03157,69.69286],[66.96943,69.67063],[67.02861,69.63952],[66.89837,69.61291],[66.90923,69.62864],[66.89486,69.63177],[66.84714,69.60614],[66.87457,69.60547],[66.87591,69.5841],[66.95411,69.52569],[66.91261,69.49267],[66.94186,69.47127],[66.91669,69.4683],[66.82563,69.58155],[66.80802,69.71576],[66.84709,69.8945],[66.94364,70.01171],[67.01793,70.05012],[67.05281,70.05203],[66.9852,70.03265],[67.02134,70.0073],[66.95713,70.0],[66.97062,69.95991],[67.04141,69.94844],[67.09527,69.97032],[67.34379,69.98894],[67.32954,69.99214],[67.36602,70.00609],[67.34951,70.01034],[67.38369,70.01108],[67.3616,70.03947],[67.39153,70.04702],[67.37559,70.07157],[67.38878,70.08141],[67.30889,70.12765],[67.28388,70.17506],[67.26388,70.17646],[67.2753,70.13617],[67.25933,70.17238],[67.2453,70.18819],[67.15211,70.19621],[67.20795,70.2076],[67.12773,70.21525],[67.20565,70.30895],[67.21932,70.36922],[67.28655,70.39309],[67.3498,70.44848],[67.23298,70.51824],[67.28692,70.57621],[67.27687,70.60289],[67.38157,70.65434],[67.35126,70.67447],[67.39254,70.69514],[67.43862,70.70435],[67.47996,70.69808],[67.52526,70.6965],[67.52765,70.69913],[67.47288,70.71302],[67.41457,70.71563],[67.37473,70.72925],[67.32851,70.77545],[67.34175,70.78841],[67.24823,70.83105],[67.09943,70.82888],[67.06793,70.80213],[66.6935,70.7484],[66.72099,70.80977],[66.63184,70.84836],[66.6339,70.86231],[66.80371,70.93562],[66.78452,70.93824],[66.86128,70.9858],[66.84412,70.99528],[66.90388,71.01388],[66.87106,71.04179],[66.9639,71.06808],[66.91226,71.07831],[66.83819,71.08187],[66.81868,71.09839],[66.75039,71.10277],[66.8605,71.18313],[66.94364,71.27455],[67.41895,71.36069],[67.59938,71.42977],[67.94498,71.5178],[67.97464,71.50364],[68.02584,71.50428],[68.08047,71.53273],[68.03657,71.54985],[68.27767,71.66508],[68.38932,71.7414],[68.52444,71.84899],[68.63319,72.00557],[68.75986,72.2103],[68.84823,72.42602],[68.94572,72.54441],[68.99187,72.66164],[69.24328,72.78547],[69.40795,72.94486],[69.78679,72.94627],[69.83595,72.9181],[69.60228,72.89785],[69.57554,72.87659],[69.57711,72.86044],[69.66831,72.85293],[70.27669,72.88145],[70.84008,72.87024],[71.01073,72.89246],[71.36063,72.87042],[71.60865,72.88998],[72.02201,72.81876],[71.99742,72.80198],[71.85966,72.81545],[71.87215,72.81204],[71.85748,72.80192],[71.86797,72.79644],[71.89873,72.79414],[71.90655,72.78934],[72.01326,72.7786],[72.10495,72.8139],[72.06606,72.82339],[72.84809,72.68918],[72.71052,72.688],[72.74554,72.66289],[72.7216,72.65686],[72.77232,72.65488],[72.8169,72.6262],[72.71376,72.58963],[72.74048,72.54986],[72.73407,72.52382],[72.82315,72.49566],[72.80655,72.49121],[72.82434,72.47161],[72.77773,72.45692],[72.7755,72.41159],[72.78937,72.33105],[72.83901,72.26023],[72.70762,72.2047],[72.68799,72.14605],[72.70089,72.1114],[72.5834,72.06939],[72.46934,71.89176],[72.32437,71.85528],[72.30192,71.81015],[72.31995,71.70253],[72.17451,71.67007],[72.1479,71.64367],[72.16415,71.64237],[72.14387,71.59963],[71.96591,71.56278],[71.96162,71.54814],[71.89007,71.53965],[71.84448,71.52243],[71.818,71.48259],[71.86769,71.41721],[71.99349,71.35355],[72.0534,71.28224],[72.10944,71.27793],[72.09072,71.26664],[72.24305,71.20506],[72.57693,71.13093],[72.56282,71.12542],[72.63265,71.07812],[72.5665,71.0098],[72.57836,70.98482],[72.76589,70.88932],[72.80209,70.84671],[72.76256,70.79055],[72.74629,70.66484],[72.69916,70.64351],[72.67364,70.60485],[72.70555,70.53655],[72.74529,70.51606],[72.73873,70.39733],[72.63877,70.38267],[72.48675,70.32492],[72.42454,70.289],[72.40306,70.2493],[72.45303,70.21264],[72.56461,70.16755],[72.58751,70.13411],[72.54437,70.06009],[72.48395,70.01847],[72.522,69.95806],[72.64771,69.87112],[72.67825,69.77035],[72.52092,69.62579],[72.64091,69.48017],[72.59802,69.41228],[72.51979,69.38732],[72.56105,69.36504],[72.61512,69.28949],[72.60946,69.26866],[72.51404,69.22282],[72.47693,69.15546],[72.4853,69.07461],[72.52406,68.99678],[72.60104,68.90302],[72.73784,68.82328],[73.11074,68.71398],[73.48416,68.57241],[73.58381,68.50964],[73.59739,68.43437],[73.56652,68.41529],[73.57553,68.43154],[73.56171,68.43748],[73.59023,68.45643],[73.57211,68.47595],[73.49451,68.4659],[73.42732,68.4087],[73.41851,68.36803],[73.25887,68.3057],[73.07579,68.2053],[73.10238,68.15219],[73.03936,68.10446],[73.0342,68.06414],[73.19317,67.91583],[73.17334,67.83595],[73.10153,67.82726],[73.04996,67.79493],[73.10877,67.71761],[73.10691,67.69617],[73.08977,67.68777],[73.09768,67.72531],[73.06756,67.73073],[73.03314,67.73007],[73.02461,67.7255],[73.00638,67.73077],[73.00456,67.72285],[73.06797,67.71677],[72.90111,67.69254],[72.8575,67.66743],[72.86104,67.63336],[72.70151,67.6025],[72.56809,67.60832],[72.52637,67.58607],[72.51621,67.57474],[72.55757,67.5634],[72.55189,67.52043],[72.41168,67.4636],[72.41587,67.41536],[72.44656,67.38994],[72.39316,67.31386],[72.25055,67.30193],[72.22138,67.33086],[72.03457,67.29353],[72.04403,67.2768],[72.02519,67.25231],[72.19404,67.24275],[72.22759,67.18644],[72.20602,67.14034],[72.18942,67.13803],[72.19822,67.15687],[72.11745,67.20818],[72.10284,67.19477],[72.14881,67.18475],[72.12626,67.17439],[72.16547,67.15291],[72.05569,67.15354],[71.97799,67.12096],[71.92755,67.12276],[71.90692,67.11057],[71.97065,67.11322],[72.02479,67.09138],[71.98529,67.05933],[72.02568,67.06066],[72.03338,67.04251],[71.95152,67.03437],[71.96262,67.02733],[71.9459,67.02261],[71.94852,67.01241],[71.91702,67.01718],[71.85599,66.97391],[71.80477,66.9637],[71.74362,66.90446],[71.71106,66.90449],[71.6755,66.93683],[71.61071,66.93958],[71.52593,66.90578],[71.39378,66.96945],[71.31746,66.94165],[71.38385,66.93188],[71.377,66.92616],[71.37538,66.91766],[71.33289,66.89798],[71.28524,66.89204],[71.23652,66.87041],[71.11182,66.85509],[71.14711,66.84992],[71.06649,66.81062],[70.86662,66.81924],[70.72376,66.76126],[70.41792,66.75956],[70.39055,66.7409],[70.32223,66.76037],[70.18988,66.7342],[70.08429,66.74153],[69.98868,66.80105],[69.99,66.82333],[69.95925,66.84982],[69.91584,66.85762],[69.88585,66.8562],[69.86454,66.83049],[69.90574,66.81868],[69.88455,66.81033],[69.71862,66.81729],[69.65888,66.80601],[69.48914,66.84794],[69.32894,66.85042],[69.25481,66.88514],[69.20731,66.88165],[69.19256,66.90987],[69.10252,66.91512],[69.08771,66.9039],[69.11188,66.89898],[69.07919,66.88162],[68.92695,66.8642],[68.86848,66.87709],[68.89508,66.90087],[68.84344,66.90662],[68.75232,66.87538],[68.84048,66.86987],[68.82596,66.85477],[68.82094,66.83022],[68.8356,66.8218],[68.80965,66.82075],[68.83113,66.81157],[68.79545,66.80372],[68.79692,66.79133],[68.75609,66.79166],[68.72215,66.77975],[68.78712,66.75441],[69.14409,66.76996],[69.18322,66.73315],[69.14263,66.69217],[69.12845,66.61336],[69.20337,66.57277],[69.44304,66.48648],[69.80726,66.45737],[69.91845,66.39792],[70.16291,66.35622],[70.38624,66.32662],[70.86471,66.35198],[71.25982,66.34982],[71.7012,66.30243],[71.80196,66.23697],[71.94886,66.24884],[72.033,66.22865],[72.32712,66.30033],[72.3145,66.28892],[72.37958,66.32331],[72.41214,66.35013],[72.41031,66.35613],[72.4194,66.34603],[72.42244,66.36055],[72.39504,66.36396],[72.411,66.37627],[72.39733,66.40756],[72.35853,66.44907],[72.36201,66.471],[72.39795,66.48757],[72.34671,66.50432],[72.32121,66.47635],[72.30223,66.49332],[72.39948,66.52114],[72.47141,66.58961],[72.87302,66.63258],[72.97263,66.66942],[72.97954,66.70263],[73.02202,66.72614],[73.50459,66.8269],[73.55772,66.85065],[73.61063,66.90482],[73.61179,66.92954],[73.86005,66.99103],[73.88477,67.01156],[73.87481,67.04825],[73.92722,67.07563],[73.90941,67.11514],[73.95498,67.19647],[73.91179,67.25732],[73.92257,67.29358],[74.00185,67.32767],[74.12677,67.43795],[74.63637,67.62843],[74.751,67.69453],[74.79167,67.76181],[74.80978,67.89106],[74.83353,67.90299],[74.80537,67.90217],[74.82028,67.95218],[74.80783,68.00821],[74.73095,68.06985],[74.72398,68.10074],[74.598,68.23338],[74.3147,68.36483],[74.47213,68.50659],[74.44242,68.58459],[74.44597,68.66285],[74.47471,68.69945],[74.57277,68.7406],[74.79499,68.78772],[75.37676,68.88676],[75.6246,68.89609],[76.15994,68.97224],[76.5954,68.9643],[76.69815,68.84841],[76.62116,68.78016],[76.65231,68.74449],[76.99519,68.63087],[77.03965,68.59725],[77.01477,68.58474],[77.04978,68.58794],[77.05598,68.57184],[77.07563,68.56523],[77.03901,68.55485],[77.1419,68.56194],[77.07031,68.56969],[77.08304,68.58029],[77.17651,68.56838],[77.29082,68.49176],[77.22494,68.4572],[77.28912,68.36529],[77.2458,68.35371],[77.22607,68.32151],[77.15991,68.31265],[77.1205,68.2676],[77.16196,68.24683],[77.33642,68.22773],[77.28602,68.17748],[77.28962,68.14741],[77.1964,68.09561],[77.22719,68.035],[77.18009,67.9895],[77.20172,67.97553],[77.19578,67.94538],[77.29401,67.88507],[77.19907,67.81623],[77.13707,67.83767],[77.09833,67.82407],[77.06923,67.80366],[77.07654,67.77017],[77.35072,67.68693],[77.54683,67.65205],[77.61711,67.60652],[77.64989,67.61367],[77.76237,67.56439],[77.8435,67.54554],[77.84088,67.56406],[77.88243,67.5631],[77.94429,67.54891],[77.93285,67.53787],[77.95001,67.53098],[78.2409,67.56116],[78.32454,67.52931],[78.56419,67.54612],[78.65891,67.50855],[78.69092,67.50285],[78.76305,67.52289],[78.74833,67.55103],[78.76475,67.57728],[78.75166,67.58162],[78.95506,67.53754],[78.94009,67.53234],[79.03517,67.54054],[79.04019,67.51921],[79.1461,67.50144],[79.1804,67.49878],[79.18912,67.5191],[79.1016,67.53218],[79.12375,67.54415],[79.11717,67.55001],[79.13712,67.53851],[79.15341,67.53884],[79.14235,67.54581],[79.11838,67.55092],[79.09314,67.54718],[79.04022,67.55699],[78.97045,67.58773],[78.87349,67.60001],[78.85011,67.61655],[78.82164,67.6218],[78.8566,67.61992],[78.83469,67.63499],[78.68901,67.64322],[78.6653,67.63081],[78.66631,67.59508],[78.64974,67.60367],[78.5974,67.58373],[78.42637,67.6109],[78.60359,67.61643],[78.64064,67.63371],[78.62427,67.65753],[78.53332,67.66789],[78.50508,67.65818],[78.5077,67.64191],[78.4634,67.64367],[78.46402,67.66386],[78.42611,67.67393],[78.42129,67.69858],[78.44258,67.70479],[78.40167,67.70093],[78.41833,67.68531],[78.38022,67.66299],[78.40007,67.63269],[78.38401,67.62083],[78.31109,67.66189],[78.22723,67.64294],[78.17685,67.66121],[78.0945,67.63629],[77.97313,67.68088],[77.8088,67.65919],[77.91688,67.7036],[77.95,67.69912],[77.98612,67.70291],[77.79717,67.7181],[77.75533,67.76721],[77.75728,67.74141],[77.64843,67.70626],[77.54534,67.7221],[77.459,67.76298],[77.48734,67.79941],[77.46105,67.85365],[77.48191,67.87202],[77.46013,67.88321],[77.52957,67.91649],[77.58784,67.90988],[77.61149,67.92423],[77.5749,67.94197],[77.51386,67.93533],[77.47861,67.97037],[77.5252,68.02712],[77.491,68.07948],[77.53658,68.12546],[77.73101,68.20797],[78.01898,68.22261],[78.1676,68.25276],[78.04694,68.31328],[78.08452,68.33064],[78.07348,68.34455],[77.95364,68.37694],[77.92152,68.4014],[77.91722,68.43387],[77.86283,68.45758],[77.955,68.46984],[77.93936,68.50643],[77.84942,68.5256],[77.80586,68.50859],[77.77864,68.51769],[77.77849,68.56163],[77.69554,68.6216],[77.74336,68.6501],[77.75023,68.67739],[77.736,68.73265],[77.68051,68.7842],[77.68925,68.86814],[77.631,68.89755],[77.36362,68.91155],[77.23329,68.97476],[77.20552,68.98027],[77.14188,68.9825],[77.14574,68.97988],[76.96193,69.00024],[76.8258,69.03938],[76.84756,69.04985],[76.80798,69.09268],[76.73138,69.1274],[76.43768,69.12366],[76.35404,69.16428],[76.02278,69.24474],[75.7944,69.23315],[75.60194,69.25369],[75.48739,69.24665],[75.33884,69.20803],[75.29401,69.17936],[75.17306,69.15803],[75.10583,69.1184],[75.12804,69.10128],[74.79896,69.0743],[74.77037,69.08359],[74.71939,69.08062],[74.57646,69.12181],[74.32958,69.13243],[73.94149,69.0693],[73.87476,69.07769],[73.78585,69.16008],[73.775,69.18496],[73.7983,69.2232],[73.90353,69.35216],[73.90321,69.40849],[73.8411,69.50139],[73.77291,69.55415],[73.65268,69.60331],[73.53119,69.73871],[73.57282,69.79454],[73.66915,69.83416],[73.67819,69.88932],[73.7535,69.95352],[73.72891,69.99123],[73.76663,70.02512],[73.78252,70.07522],[73.67593,70.11419],[74.24558,70.44289],[74.30298,70.5191],[74.29865,70.59595],[74.27821,70.64323],[74.21785,70.69895],[73.91863,70.84041],[73.87631,70.8917],[73.91071,70.95542],[73.74543,71.02632],[73.58147,71.2018],[73.33426,71.31097],[73.00272,71.39836],[73.08551,71.45708],[73.38992,71.57541],[73.48298,71.64091],[73.52634,71.70556],[73.46021,71.76581],[73.53527,71.8092],[74.627,72.02094],[74.8609,72.09499],[74.99469,72.16288],[75.07005,72.25493],[75.07578,72.42371],[74.97873,72.63877],[74.87749,72.73453],[74.76778,72.80208],[74.79825,72.82547],[74.99459,72.87131],[75.43658,72.75139],[75.47074,72.72623],[75.39808,72.70471],[75.38719,72.73251],[75.37736,72.71901],[75.34596,72.73056],[75.30585,72.68261],[75.34926,72.68216],[75.65041,72.52606],[75.53836,72.52851],[75.49013,72.4942],[75.51884,72.44238],[75.55785,72.41619],[75.5539,72.37505],[75.6431,72.30727],[75.69754,72.28865],[75.69661,72.24589],[75.55566,72.21718],[75.49414,72.1572],[75.46148,72.07337],[75.3872,72.01671],[75.41086,71.97624],[75.37314,71.94487],[75.27045,71.93744],[75.32371,71.96754],[75.25502,71.94692],[75.24024,71.91905],[75.26723,71.89466],[75.21562,71.84627],[75.21824,71.77434],[75.26099,71.72824],[75.47625,71.64972],[75.41239,71.57934],[75.50745,71.52339],[75.41803,71.49614],[75.40483,71.44016],[75.3019,71.45013],[75.21614,71.42332],[75.29871,71.33092],[75.41223,71.29569],[75.89366,71.21793],[76.81309,71.18732],[76.86965,71.18139],[76.89727,71.18119],[76.91497,71.17836],[76.93066,71.16112],[77.02135,71.17708],[77.22807,71.15814],[77.44077,71.16448],[77.76381,71.13174],[77.84496,71.10417],[77.88904,71.06594],[77.91597,70.99904],[77.88325,71.00305],[77.9265,70.97273],[78.05827,70.9436],[78.15378,70.94748],[78.14909,70.93097],[78.11185,70.92921],[78.05959,70.91551],[78.05694,70.91348],[78.07882,70.90771],[78.07349,70.90487],[78.05613,70.9071],[78.05011,70.90474],[78.08831,70.90295],[78.08334,70.90897],[78.06164,70.91442],[78.12905,70.928],[78.12459,70.92551],[78.12891,70.92163],[78.113,70.9188],[78.10315,70.90962],[78.11409,70.90589],[78.11506,70.91814],[78.13134,70.92092],[78.12835,70.92675],[78.15411,70.93091],[78.16723,70.95047],[78.25329,70.92577],[78.23908,70.91865],[78.22007,70.89656],[78.23182,70.88081],[78.17325,70.88258],[78.16606,70.88097],[78.16647,70.87638],[78.23617,70.88103],[78.2236,70.89534],[78.25623,70.92473],[78.25424,70.93071],[78.32997,70.92654],[78.37396,70.90468],[78.35379,70.89779],[78.34036,70.88768],[78.37398,70.87918],[78.28283,70.86759],[78.35496,70.86053],[78.32688,70.86783],[78.37875,70.87939],[78.3447,70.88677],[78.35399,70.89537],[78.42577,70.89963],[78.42655,70.94496],[78.47019,70.98127],[78.46335,71.01733],[78.54293,71.03981],[78.53347,71.05041],[78.47026,71.05723],[78.46077,71.06829],[78.49907,71.07915],[78.4653,71.09886],[78.37196,71.09312],[78.33843,71.0781],[78.45004,71.04741],[78.52851,71.0388],[78.41496,71.02732],[78.27649,71.07247],[78.25071,71.13009],[78.29742,71.1355],[78.25132,71.13528],[78.28548,71.15687],[78.299,71.22005],[78.31422,71.22334],[78.26598,71.25063],[78.19136,71.26478],[78.16867,71.26353],[78.16395,71.27967],[78.12301,71.27342],[78.22484,71.24987],[78.00144,71.2684],[77.94047,71.23206],[77.91492,71.24086],[77.90229,71.29221],[77.95273,71.3193],[77.93673,71.33132],[78.01922,71.34737],[77.98869,71.37094],[77.92992,71.36174],[77.96524,71.34259],[77.8724,71.33783],[77.87705,71.35004],[77.83314,71.3354],[77.89467,71.32514],[77.88342,71.3178],[77.75223,71.31211],[77.67874,71.28179],[77.71349,71.26541],[77.64343,71.26992],[77.50309,71.3137],[77.3962,71.31171],[77.53065,71.29137],[77.26182,71.33088],[77.07566,71.42236],[76.98755,71.41195],[76.69801,71.45808],[76.58531,71.50576],[76.30826,71.5629],[76.25542,71.59199],[76.28563,71.6434],[76.26694,71.66718],[76.13708,71.73526],[76.12107,71.76047],[76.12678,71.80828],[76.07813,71.87562],[75.99174,71.88634],[76.17942,71.92857],[76.20827,71.94654],[76.16896,71.93541],[76.36614,71.9993],[76.89207,72.0528],[76.93686,72.0494],[76.97034,72.03956],[76.94175,72.0215],[77.32051,71.91758],[77.48116,71.84238],[77.64359,71.81277],[77.82679,71.81283],[78.12822,71.87808],[78.22736,71.93],[78.24011,71.96632],[78.19356,72.0162],[78.00559,72.09817],[77.75346,72.09633],[77.53331,72.05292],[77.43267,72.06456],[77.39752,72.10113],[77.52022,72.17463],[77.51322,72.19473],[77.46397,72.20818],[77.54258,72.21287],[77.65955,72.17831],[77.70408,72.17975],[77.70118,72.19788],[77.73154,72.18511],[77.7973,72.18379],[77.70804,72.19816],[77.73761,72.19953],[77.76192,72.23685],[77.84942,72.26945],[77.88431,72.30554],[78.09417,72.33756],[78.0918,72.35616],[78.18601,72.33761],[78.29592,72.34892],[78.34464,72.32354],[78.45601,72.31419],[78.47919,72.32],[78.43137,72.33379],[78.60712,72.37552],[79.24524,72.36349],[79.56415,72.33443],[80.05263,72.18474],[80.82757,72.07379],[80.81861,72.05597],[80.85056,72.0],[80.77325,72.04378],[80.80747,72.05605],[80.77994,72.07655],[80.78357,72.06454],[80.70129,72.06614],[80.70901,72.05655],[80.67991,72.04775],[81.27895,71.83682],[81.29505,71.78865],[81.37294,71.75007],[81.68502,71.69424],[82.24948,71.70262],[82.70679,71.76266],[82.90912,71.77135],[82.95276,71.76755],[82.97239,71.73772],[83.0,71.7329],[83.18369,71.72988],[83.2866,71.70775],[83.31758,71.67172],[83.28169,71.64771],[83.29057,71.64752],[83.28926,71.64634],[83.17617,71.57713],[83.14802,71.56744],[83.038,71.55559],[83.02643,71.54981],[83.01201,71.52909],[82.98661,71.45954],[82.98958,71.45224],[83.00462,71.44281],[83.03444,71.43024],[83.03551,71.42376],[83.02709,71.41372],[82.98339,71.40967],[82.94002,71.39807],[82.859,71.39348],[82.3867,71.30197],[82.28121,71.27499],[82.25935,71.25833],[82.25932,71.2527],[82.2798,71.22331],[82.27951,71.19038],[82.28351,71.17861],[82.33179,71.14387],[82.34905,71.11877],[82.3549,71.08853],[82.33945,71.06749],[82.31622,71.05516],[82.20401,71.01159],[82.20831,70.98681],[82.3049,70.90994],[82.38584,70.80089],[82.40789,70.79023],[82.41564,70.77599],[82.40816,70.76553],[82.36645,70.7398],[82.21001,70.67899],[82.15781,70.63289],[82.17396,70.63262],[82.19146,70.6386],[82.19543,70.63153],[82.18804,70.62256],[82.16851,70.61285],[82.11391,70.59409],[82.08202,70.5654],[82.09181,70.55511],[82.14222,70.53169],[82.14908,70.52355],[82.14939,70.51832],[82.14546,70.51484],[82.12945,70.5179],[82.11541,70.5149],[82.16895,70.43689],[82.21271,70.33251],[82.22108,70.33214],[82.23267,70.31821],[82.23541,70.2876],[82.23961,70.27731],[82.25041,70.26781],[82.29412,70.24389],[82.33411,70.21051],[82.34679,70.20352],[82.34549,70.2202],[82.32453,70.25309],[82.29006,70.28783],[82.29003,70.29296],[82.29428,70.2978],[82.29089,70.30549],[82.2607,70.3526],[82.16113,70.56624],[82.16127,70.5736],[82.18097,70.58592],[82.24025,70.59294],[82.29706,70.60384],[82.4004,70.6057],[82.43299,70.60901],[82.50004,70.73249],[82.502,70.75174],[82.51377,70.75788],[82.52179,70.7728],[82.49224,70.78346],[82.48159,70.80096],[82.48166,70.80593],[82.57925,70.91124],[82.65921,70.94507],[82.68973,70.9621],[82.73508,70.96547],[82.8954,70.94422],[82.87626,70.99461],[82.88661,71.00507],[82.90027,71.00153],[82.91229,70.98791],[82.91751,70.97261],[82.93226,70.95416],[82.96651,70.93401],[83.00921,70.91588],[83.0673,70.90153],[83.10663,70.89605],[83.13311,70.88233],[83.14669,70.84649],[83.13303,70.78073],[83.13597,70.76557],[83.11573,70.7525],[83.05541,70.66959],[83.05631,70.6549],[83.06819,70.61529],[83.05807,70.59844],[83.03705,70.5855],[82.99922,70.57353],[82.99732,70.5706],[83.01401,70.56126],[83.01877,70.55204],[83.02202,70.531],[83.04365,70.51472],[83.05153,70.50146],[83.01801,70.42629],[82.99932,70.41033],[82.65601,70.25249],[82.65121,70.24589],[82.65061,70.22961],[82.67148,70.20047],[82.67193,70.19289],[82.66796,70.18779],[82.64471,70.18071],[82.6734,70.16561],[82.7079,70.15764],[82.71325,70.15297],[82.7796,70.13543],[82.78568,70.13686],[82.7995,70.13021],[82.9802,70.08243],[83.00155,70.08294],[83.07139,70.07012],[83.1095,70.06951],[83.17949,70.08599],[83.18249,70.09309],[83.1577,70.0986],[83.18169,70.10951],[83.18869,70.12293],[83.18378,70.1367],[83.13239,70.20499],[83.107,70.21699],[83.08509,70.22092],[83.06626,70.23251],[83.05055,70.25054],[82.9517,70.3205],[82.956,70.3219],[82.9517,70.3251],[83.01363,70.33489],[83.20522,70.31221],[83.33718,70.3132],[83.48255,70.33482],[83.4945,70.33372],[83.53167,70.33919],[83.53459,70.34071],[83.53402,70.34934],[83.53718,70.35348],[83.54719,70.35419],[83.61305,70.38936],[83.646,70.39906],[83.74549,70.46001],[83.74798,70.5299],[83.72278,70.5858],[83.59945,70.70017],[83.54438,70.79079],[83.53534,70.79795],[83.51553,70.83564],[83.51688,70.8427],[83.47709,70.91089],[83.39504,71.01296],[83.30829,71.07549],[83.29824,71.06761],[83.20826,71.0792],[83.20004,71.09876],[83.20141,71.11126],[83.24169,71.1122],[83.25468,71.11599],[83.15449,71.23267],[83.15045,71.24238],[83.15663,71.25008],[83.21064,71.27349],[83.23888,71.27968],[83.28889,71.29791],[83.37279,71.36381],[83.37408,71.42999],[83.38452,71.46647],[83.39815,71.47426],[83.50863,71.48495],[83.54139,71.49701],[83.56283,71.50993],[83.61904,71.55645],[83.63009,71.575],[83.6269,71.61362],[83.61968,71.6295],[83.55229,71.67729],[83.54432,71.67665],[83.54129,71.68509],[83.50279,71.71619],[83.49979,71.71784],[83.49754,71.71555],[83.49641,71.70818],[83.441,71.74355],[83.45711,71.78395],[83.39639,71.82723],[83.17413,71.87449],[82.78319,71.90245],[82.70338,71.89335],[82.6974,71.88395],[82.71158,71.87484],[82.72532,71.89038],[82.71461,71.87195],[82.70933,71.8727],[82.54402,72.01731],[82.27657,72.09016],[82.26174,72.10611],[82.34455,72.1206],[82.37446,72.16789],[82.34296,72.21487],[82.25183,72.25515],[82.24687,72.28024],[82.29246,72.28627],[82.35485,72.30046],[82.35975,72.30416],[82.35544,72.31032],[82.30009,72.31565],[82.24484,72.30121],[82.25772,72.29238],[82.23381,72.28627],[82.12439,72.28421],[82.22262,72.26074],[81.8131,72.32738],[81.68852,72.32848],[81.64131,72.34867],[81.62068,72.34704],[81.65156,72.33647],[81.53548,72.33378],[81.23571,72.3556],[81.02245,72.41265],[80.89777,72.42433],[80.83679,72.45944],[80.84989,72.47612],[80.7677,72.50764],[80.78937,72.53644],[80.85326,72.54132],[80.81596,72.56094],[80.88275,72.58309],[80.86227,72.61317],[80.88594,72.61487],[80.71741,72.62806],[80.69272,72.72785],[80.83725,72.78811],[80.83546,72.84529],[80.88181,72.88137],[80.86302,72.90534],[80.87999,72.94785],[80.79419,72.99826],[80.82079,73.01831],[80.79802,73.03231],[80.50913,73.08181],[80.62142,73.09019],[80.64677,73.11045],[80.63212,73.13042],[80.3876,73.15317],[80.42621,73.16619],[80.39795,73.17752],[80.32088,73.1656],[80.39312,73.18929],[80.58605,73.18163],[80.60841,73.19495],[80.58095,73.20424],[80.66364,73.18869],[80.74924,73.20169],[80.74389,73.20699],[80.68512,73.20768],[80.63305,73.26007],[80.35365,73.29155],[80.41996,73.31895],[80.42155,73.34036],[80.40415,73.34426],[80.43692,73.3572],[80.56999,73.35762],[80.51666,73.37877],[80.62817,73.38922],[80.65442,73.40962],[80.68748,73.40193],[80.68143,73.4258],[80.7747,73.4331],[80.66451,73.43199],[80.65916,73.41362],[80.64438,73.45762],[80.71864,73.46967],[80.69074,73.49721],[80.71016,73.50404],[80.70798,73.51117],[80.67161,73.48843],[80.59812,73.4852],[80.61156,73.46394],[80.56928,73.46365],[80.55087,73.48198],[80.57026,73.48887],[80.50306,73.50518],[80.57419,73.52715],[80.5202,73.54601],[80.52959,73.5552],[80.74655,73.56854],[80.89203,73.53963],[80.92436,73.54592],[80.91386,73.56261],[81.10556,73.57412],[81.06858,73.58175],[81.33025,73.57094],[81.40185,73.58417],[81.40717,73.60117],[81.89106,73.63627],[82.3557,73.64895],[83.30189,73.63677],[83.83508,73.6694],[83.87553,73.64783],[83.84595,73.66726],[84.45027,73.70642],[84.77767,73.75506],[84.89114,73.75257],[85.19149,73.69792],[85.37995,73.70349],[85.51835,73.71816],[85.5214,73.73177],[85.4809,73.73228],[85.50417,73.75051],[85.48215,73.75456],[85.56241,73.79798],[85.74434,73.82319],[85.8909,73.81576],[86.11996,73.8612],[86.50806,73.88243],[86.58229,73.86719],[86.77777,73.89457],[87.12304,73.85272],[87.21346,73.86567],[87.16714,73.9038],[87.18136,73.91917],[87.15505,73.93871],[87.20754,73.92141],[87.19746,73.93326],[86.9416,74.02437],[87.05204,74.05055],[87.04966,74.07206],[86.90825,74.06386],[86.82405,74.09306],[86.88527,74.11014],[86.72526,74.12799],[86.79826,74.17518],[86.79124,74.203],[86.74852,74.22186],[86.61537,74.2554],[86.46444,74.25234],[86.36986,74.28343],[86.18028,74.27678],[85.95831,74.3068],[85.90189,74.33571],[85.90808,74.35991],[85.96533,74.39669],[86.11878,74.40165],[86.12996,74.39409],[86.11271,74.38582],[86.13564,74.38237],[86.18608,74.39306],[86.17395,74.3868],[86.30517,74.3411],[86.29828,74.32732],[86.31471,74.32313],[86.35016,74.35324],[86.27883,74.39502],[86.28643,74.41016],[86.06472,74.43152],[86.24255,74.45164],[86.31083,74.43971],[86.33427,74.44876],[86.30875,74.4623],[86.43004,74.4635],[86.44273,74.47968],[86.64727,74.46276],[86.65889,74.44206],[86.72267,74.43175],[86.63062,74.41483],[86.80055,74.41105],[86.77829,74.39519],[86.79096,74.38479],[86.85702,74.41492],[86.98347,74.41236],[86.95945,74.39847],[86.98558,74.38929],[86.96303,74.36972],[86.69401,74.31754],[86.85674,74.30705],[86.90007,74.32063],[86.88141,74.34042],[87.00539,74.3608],[86.975,74.33106],[87.03964,74.31303],[86.97065,74.28494],[86.99314,74.27914],[87.05119,74.27705],[87.1007,74.29917],[87.06963,74.32363],[87.09141,74.33541],[87.02133,74.37814],[87.03685,74.39337],[87.2393,74.35872],[87.31951,74.35437],[87.30771,74.35946],[87.41298,74.36161],[87.38141,74.36455],[87.40848,74.38424],[87.38573,74.39083],[87.33298,74.39771],[87.31657,74.39726],[87.33479,74.38152],[87.32702,74.36674],[87.24003,74.3619],[87.19226,74.38174],[87.16291,74.38182],[87.11362,74.40324],[87.04216,74.41773],[87.10755,74.43078],[87.14819,74.47814],[87.11049,74.49031],[87.12509,74.47021],[87.0859,74.44353],[86.81325,74.42995],[86.76565,74.44077],[86.81423,74.45803],[86.69639,74.46206],[86.74245,74.49479],[86.57294,74.5137],[86.83198,74.56326],[86.54695,74.5582],[86.50478,74.56384],[86.50622,74.58053],[86.36539,74.59362],[86.40153,74.61315],[86.03622,74.61958],[86.00764,74.63515],[85.86944,74.61065],[85.89007,74.60415],[85.79056,74.60287],[85.77885,74.60666],[85.88468,74.62808],[85.74961,74.65158],[85.89161,74.68419],[85.83495,74.69954],[85.83967,74.71824],[85.96301,74.73594],[86.04069,74.71668],[86.03912,74.7314],[86.10464,74.75504],[86.079,74.76561],[86.17081,74.77363],[86.03869,74.79277],[85.99596,74.81544],[86.00829,74.83077],[85.93753,74.84061],[85.89759,74.85062],[85.90466,74.85041],[86.12745,74.83476],[86.13755,74.82378],[86.12065,74.80479],[86.16841,74.79097],[86.23356,74.81107],[86.22229,74.82664],[86.25789,74.81364],[86.24598,74.80453],[86.4114,74.77782],[86.39116,74.75468],[86.26662,74.75874],[86.33497,74.72938],[86.3555,74.70141],[86.38695,74.7009],[86.42056,74.728],[86.50532,74.73426],[86.56473,74.72512],[86.54971,74.71331],[86.57354,74.70691],[86.65874,74.7164],[86.63662,74.69467],[86.66604,74.6888],[86.58505,74.65968],[86.7457,74.65567],[86.70079,74.64157],[86.70977,74.63091],[86.68549,74.62156],[86.70356,74.61369],[86.82777,74.62886],[86.97954,74.6014],[86.86803,74.64592],[86.87583,74.66118],[86.97827,74.67149],[86.79357,74.67722],[86.8126,74.68472],[86.74503,74.70051],[86.84244,74.72058],[86.78897,74.72215],[86.79964,74.72822],[86.88076,74.73268],[86.83238,74.74243],[86.87435,74.75673],[86.99198,74.74616],[87.00662,74.72471],[87.06669,74.71652],[87.07993,74.72271],[87.03995,74.74251],[87.12405,74.76837],[87.03251,74.7657],[87.06146,74.79852],[87.04701,74.82902],[87.0909,74.84827],[87.07752,74.85455],[87.17448,74.85476],[87.1335,74.87108],[87.39075,74.94454],[87.28846,74.94053],[87.17917,74.97828],[87.19268,74.98323],[87.42779,75.00175],[87.47813,74.97519],[87.39972,74.95395],[87.50288,74.95382],[87.5488,74.92921],[87.60754,74.93668],[87.59893,74.91722],[87.61667,74.90996],[87.66562,74.92112],[87.56115,74.95242],[87.74323,74.98184],[87.70957,75.02013],[87.81509,74.99902],[87.8314,75.01412],[87.70201,75.03288],[87.39432,75.02754],[87.01743,75.08511],[87.04545,75.08806],[87.05463,75.09134],[86.92964,75.07864],[86.97016,75.05812],[86.90271,75.09045],[86.92327,75.11314],[87.19265,75.14862],[87.90189,75.10588],[88.33138,75.15142],[88.29552,75.174],[88.3299,75.17503],[88.28498,75.18249],[88.30165,75.1992],[88.27997,75.20055],[88.44116,75.24509],[88.49898,75.28074],[88.58274,75.27189],[88.55699,75.26911],[88.61255,75.24141],[88.69062,75.24085],[88.633,75.24916],[88.62679,75.26415],[88.64478,75.26944],[88.57138,75.27464],[88.60266,75.28848],[88.56296,75.29522],[88.59716,75.31829],[88.73977,75.35349],[88.73212,75.34311],[88.7807,75.33579],[88.90056,75.34114],[88.75519,75.35633],[88.85928,75.38436],[89.09457,75.39347],[89.01574,75.4133],[88.76862,75.3865],[88.74654,75.399],[89.17013,75.44142],[89.17789,75.46906],[89.27854,75.49329],[89.28719,75.51145],[89.49848,75.50331],[89.43229,75.48798],[89.30257,75.50386],[89.3182,75.4964],[89.28387,75.49356],[89.32848,75.48363],[89.29572,75.47358],[89.3044,75.45895],[89.46749,75.45663],[89.39957,75.4415],[89.41159,75.43023],[89.5259,75.42491],[89.51422,75.4276],[89.58579,75.44964],[89.60506,75.44623],[89.55798,75.43834],[89.77288,75.43031],[89.68409,75.46038],[89.67989,75.47616],[90.035,75.51407],[90.14092,75.49632],[89.93971,75.54367],[90.20829,75.58044],[90.18215,75.59085],[90.19234,75.59731],[90.23865,75.57572],[90.66836,75.59942],[90.7228,75.61869],[90.68976,75.63432],[90.82503,75.63807],[90.92398,75.66498],[90.95776,75.66015],[90.90369,75.63952],[90.99359,75.59643],[91.14065,75.6549],[91.24773,75.66866],[91.20433,75.63582],[91.31103,75.62293],[91.50938,75.65141],[91.72996,75.61389],[91.66078,75.64581],[91.68811,75.6678],[91.63816,75.68917],[91.70077,75.69712],[91.69242,75.72252],[91.7289,75.73129],[91.82613,75.72359],[91.765,75.70992],[91.78094,75.70315],[91.99875,75.72566],[92.05912,75.7043],[92.18105,75.74045],[92.49982,75.74411],[92.46037,75.751],[92.54052,75.78131],[92.64019,75.76893],[93.20229,75.82291],[93.41063,75.82537],[93.69719,75.87105],[93.88828,75.86811],[93.86353,75.87894],[94.18162,75.9202],[94.16169,75.92536],[94.19985,75.93773],[94.15556,75.95906],[94.15343,75.93731],[94.11386,75.93017],[94.12828,75.92633],[93.80191,75.91009],[93.79463,75.89197],[93.67834,75.88471],[93.61372,75.89515],[93.61617,75.91389],[93.64117,75.91707],[93.5905,75.94694],[93.50263,75.91856],[93.57079,75.88518],[93.51167,75.87082],[93.34697,75.93132],[93.27931,75.93713],[93.3763,75.98573],[92.94436,75.92239],[93.17075,75.90143],[93.09019,75.88479],[92.8677,75.88779],[92.94243,75.91907],[92.89734,75.92946],[92.91217,75.94961],[92.88978,75.96363],[92.83067,75.96118],[92.99826,75.99651],[92.9684,76.00926],[92.98785,76.03655],[92.93373,76.05265],[93.09621,76.06739],[93.10215,76.05685],[93.04416,76.03556],[93.13487,76.01941],[93.09821,76.00879],[93.11846,76.0057],[93.29775,76.04792],[93.24289,76.06428],[93.33813,76.07323],[93.17812,76.09599],[93.27414,76.11672],[93.31027,76.11425],[93.27801,76.09692],[93.33341,76.08684],[93.44434,76.11627],[93.50721,76.09857],[93.36094,76.07065],[93.47972,76.04101],[93.41908,76.02241],[93.41895,76.00762],[93.58615,76.03339],[93.55603,76.05382],[93.56897,76.05891],[93.63426,76.04172],[93.74349,76.07542],[93.79587,76.053],[93.75685,76.04815],[94.05053,76.05294],[93.90923,76.07021],[93.87867,76.09611],[93.71967,76.09641],[93.73139,76.11515],[93.69341,76.11461],[93.72462,76.12152],[93.96778,76.11207],[94.12319,76.1301],[94.19802,76.10162],[94.42423,76.13059],[94.3967,76.10876],[94.50461,76.09546],[94.45807,76.07254],[94.47623,76.06568],[94.69494,76.0823],[94.61593,76.10245],[94.63031,76.11242],[94.82843,76.10869],[94.77367,76.12247],[94.81268,76.13826],[94.59421,76.13449],[94.5471,76.14882],[94.62411,76.15668],[94.88913,76.1574],[94.90858,76.15431],[94.90195,76.13847],[94.95456,76.13324],[94.94039,76.12907],[94.96067,76.1267],[94.94906,76.11631],[95.07415,76.09076],[95.20108,76.12365],[95.27695,76.10185],[95.33742,76.1077],[95.34395,76.12913],[95.45988,76.16344],[95.66775,76.13526],[95.88453,76.14051],[96.02808,76.10854],[96.27425,76.09623],[96.19738,76.07491],[96.15274,76.0909],[96.03995,76.06824],[96.03398,76.05741],[96.07332,76.04334],[96.15805,76.04761],[96.0363,76.01654],[96.05651,76.00612],[96.0281,75.99383],[95.91891,75.97892],[95.84872,75.94077],[95.78578,75.93163],[95.75475,75.91803],[95.76911,75.90809],[95.6818,75.878],[95.61037,75.87768],[95.74665,75.82828],[95.88484,75.89989],[95.9844,75.9145],[95.99306,75.93587],[96.12301,75.96262],[96.17668,75.95272],[96.17386,75.93523],[96.36376,75.95164],[96.31377,75.96281],[96.35289,75.97773],[96.26708,75.98426],[96.45116,76.0022],[96.43254,76.00717],[96.56371,76.00517],[96.44963,75.97509],[96.70911,75.9705],[96.49607,75.87911],[96.54188,75.87334],[96.65211,75.87846],[96.74283,75.90582],[96.8439,75.87973],[96.81452,75.89271],[96.94631,75.91993],[96.99028,75.94378],[96.97736,75.95986],[97.36471,76.02592],[97.40043,76.01968],[97.18328,75.98642],[97.27344,75.95389],[97.17272,75.92528],[97.31555,75.92771],[97.32755,75.93348],[97.31128,75.95049],[97.37167,75.97633],[97.53479,75.9944],[97.69912,75.96607],[97.75759,75.98045],[97.8713,75.96973],[97.84239,75.99961],[97.78952,76.01222],[97.78642,76.03082],[97.5625,76.03754],[97.85385,76.09219],[97.8257,76.07711],[97.93473,76.06845],[97.88421,76.05007],[97.94114,76.04337],[98.03777,76.06291],[98.11094,76.05347],[98.12427,76.05691],[98.0895,76.07161],[98.14417,76.07828],[98.22616,76.06962],[98.21779,76.07863],[98.28425,76.08994],[98.11666,76.09413],[98.12157,76.10696],[98.10042,76.10994],[98.04916,76.09443],[97.95259,76.11647],[98.05794,76.13828],[98.12458,76.13046],[98.14201,76.138],[98.10784,76.14699],[98.19962,76.16346],[98.52842,76.18901],[98.56095,76.20946],[98.83011,76.25674],[98.87908,76.25021],[98.77406,76.20615],[98.90005,76.20684],[98.89539,76.19337],[98.95223,76.19814],[98.97407,76.21333],[98.93845,76.21877],[98.98106,76.22092],[99.22176,76.20751],[99.20691,76.19689],[99.2309,76.18929],[99.25445,76.20529],[99.34016,76.20525],[99.3803,76.19225],[99.24548,76.16898],[99.28374,76.14928],[99.19094,76.14296],[99.35213,76.11896],[99.615,76.15348],[99.56913,76.13786],[99.60265,76.12974],[99.57977,76.12308],[99.58872,76.11442],[99.44779,76.09497],[99.52466,76.09094],[99.53475,76.07853],[99.5608,76.07141],[99.58444,76.06949],[99.66745,76.08822],[99.7977,76.05343],[99.8618,76.05516],[99.89482,76.09016],[99.79714,76.12194],[99.76764,76.16055],[99.60353,76.20852],[99.61694,76.26006],[99.40835,76.27188],[99.39944,76.30163],[99.29263,76.33681],[99.10402,76.33339],[99.02784,76.40361],[98.86336,76.47153],[98.97631,76.50156],[99.38295,76.44924],[99.73301,76.44285],[99.68838,76.44171],[99.77127,76.42831],[99.78848,76.42964],[99.73598,76.44092],[100.1048,76.46572],[100.33173,76.45824],[100.29494,76.45722],[100.31174,76.44553],[100.29316,76.43979],[100.29494,76.43745],[101.07523,76.5367],[101.1299,76.56236],[101.12494,76.58121],[101.16189,76.6045],[101.18912,76.67748],[101.36879,76.66235],[101.42969,76.68093],[101.30699,76.69887],[101.28974,76.73063],[101.19696,76.75509],[101.07963,76.75108],[100.9735,76.80969],[100.92951,76.85509],[101.06448,76.934],[101.06336,76.95736],[101.33143,76.96646],[101.33755,76.99304],[101.31,77.01445],[101.36042,77.0377],[101.27783,77.04641],[101.43102,77.1223],[101.96773,77.28867],[102.07123,77.3361],[102.31557,77.31757],[102.31534,77.33641],[102.24297,77.34821],[102.37117,77.3691],[102.35427,77.37269],[102.38692,77.37229],[102.37688,77.36536],[102.39811,77.36331],[102.46752,77.41182],[102.43258,77.39937],[102.40317,77.39396],[102.39885,77.39501],[102.65645,77.49301],[103.03819,77.55144],[102.9825,77.57163],[103.34459,77.63276],[103.44619,77.6052],[103.69026,77.62077],[103.79332,77.60782],[103.82421,77.63511],[103.77922,77.63685],[103.90659,77.67013],[103.89061,77.68022],[103.9849,77.68539],[104.09316,77.71754],[104.15972,77.70406],[104.27997,77.72075],[104.38806,77.689],[104.31015,77.68743],[104.28982,77.67113],[104.41232,77.64836],[104.63731,77.6811],[104.77841,77.67759],[104.83914,77.6676],[104.8154,77.63963],[104.86677,77.62765],[104.8033,77.62001],[104.84919,77.5986],[105.39423,77.53491],[105.92898,77.5516],[105.8814,77.54157],[105.95335,77.5097],[105.97009,77.48133],[105.94434,77.466],[106.04094,77.41994],[106.0245,77.41101],[106.21665,77.38072],[106.19878,77.37791],[106.20959,77.36682],[106.3106,77.36524],[106.1945,77.33464],[105.7951,77.36408],[105.81143,77.3558],[105.68036,77.3449],[105.8392,77.34502],[105.64751,77.27963],[105.5166,77.26602],[105.50345,77.26031],[105.61546,77.25394],[105.37143,77.19544],[104.95229,77.15206],[104.66782,77.15722],[104.53867,77.1177],[104.18185,77.10636],[104.24964,77.09564],[104.13611,77.07598],[104.25665,77.08518],[104.37089,77.07099],[104.57019,77.0749],[104.59499,77.08884],[104.7199,77.08027],[104.77843,77.10729],[104.84899,77.07695],[105.08139,77.05537],[105.20296,77.09043],[105.39874,77.06671],[105.64741,77.09928],[105.81598,77.08895],[105.9348,77.13282],[105.95318,77.12695],[105.88516,77.10296],[105.90463,77.06457],[105.7638,77.04419],[105.81544,77.02468],[105.56371,77.02761],[105.45043,77.00252],[105.48021,76.99581],[105.40247,76.99545],[105.49901,76.99235],[105.44944,76.98654],[105.51381,76.95858],[105.55286,76.9548],[105.52647,76.96183],[105.52566,76.98],[105.90599,76.98527],[106.19313,77.05652],[106.4684,77.0378],[106.50246,77.00336],[106.60695,77.02592],[106.65387,76.99473],[106.7566,76.99512],[106.82826,77.0031],[106.6815,77.01903],[106.79319,77.0212],[106.73605,77.04018],[106.86778,77.04742],[106.96536,77.0264],[106.89583,77.02277],[106.93983,77.01152],[107.07539,77.02189],[107.05898,77.00263],[106.98724,76.99506],[107.03189,76.98782],[107.31483,77.00939],[107.22055,76.99296],[107.3159,76.98231],[107.3582,76.96434],[107.31272,76.96129],[107.31741,76.94752],[107.39322,76.92663],[107.53147,76.91324],[107.3171,76.88568],[107.24017,76.89372],[107.24269,76.87604],[107.31326,76.87669],[107.39773,76.86566],[107.20719,76.84044],[107.20225,76.82736],[107.22175,76.82313],[107.32113,76.83292],[107.24062,76.79825],[107.07127,76.79605],[107.04252,76.78434],[107.06692,76.77862],[107.04623,76.7622],[107.06146,76.74905],[106.95882,76.73821],[106.92905,76.71328],[106.76839,76.72363],[106.76329,76.71124],[106.79546,76.7072],[106.80363,76.69158],[106.78863,76.68665],[106.84495,76.67052],[106.76881,76.64858],[106.7962,76.63181],[106.76859,76.62618],[106.78847,76.61261],[106.70643,76.59199],[106.74701,76.57656],[106.66077,76.5444],[106.59864,76.54665],[106.61558,76.55231],[106.6091,76.56541],[106.54869,76.58299],[106.57732,76.58727],[106.5629,76.596],[106.47717,76.59921],[106.49957,76.59118],[106.40572,76.57831],[106.46691,76.55105],[106.4678,76.52626],[106.43754,76.51351],[106.58982,76.48197],[106.77668,76.50295],[106.79465,76.46916],[106.86148,76.4566],[106.88103,76.46941],[106.87614,76.4936],[106.84035,76.48577],[106.91616,76.50413],[107.04061,76.49548],[107.39595,76.5276],[107.61005,76.49267],[107.89192,76.52979],[108.01035,76.58906],[108.01058,76.61962],[108.03253,76.63401],[107.9696,76.6537],[107.98436,76.69046],[107.95164,76.72523],[108.02434,76.73534],[108.22241,76.72898],[108.3023,76.74186],[108.21886,76.73971],[108.27052,76.74513],[108.35588,76.73781],[108.39824,76.72836],[108.4033,76.72482],[108.34657,76.73659],[108.29524,76.72009],[108.31309,76.71535],[108.30056,76.6998],[108.25021,76.69141],[108.27194,76.68875],[108.46745,76.70907],[108.41301,76.72443],[108.53461,76.70405],[108.52107,76.69393],[109.20311,76.71033],[109.42676,76.75245],[109.96022,76.68725],[109.90663,76.68378],[109.94676,76.679],[110.10502,76.68658],[110.38424,76.73382],[110.065,76.69542],[110.25942,76.72509],[110.60109,76.74912],[110.68429,76.74937],[110.7058,76.74591],[110.65769,76.73926],[110.68004,76.72224],[110.87254,76.70995],[110.96836,76.72002],[111.00966,76.71145],[111.02152,76.72563],[111.00212,76.73235],[110.81312,76.7158],[111.0614,76.74589],[111.0963,76.75846],[111.06764,76.74653],[111.23776,76.74137],[111.13462,76.7023],[111.20592,76.6983],[111.19853,76.68474],[111.58112,76.68487],[111.50908,76.69819],[111.68289,76.67179],[111.701,76.66868],[111.71891,76.66445],[111.73237,76.65893],[111.58487,76.68416],[111.56765,76.67541],[111.64071,76.66075],[111.52315,76.62332],[111.62939,76.61603],[111.56221,76.60952],[111.5676,76.59603],[111.72508,76.5998],[112.00272,76.54871],[111.9809,76.53589],[112.00823,76.51945],[111.97574,76.51757],[112.03536,76.49493],[112.01836,76.50303],[112.10863,76.50354],[112.23985,76.44395],[112.13849,76.4391],[112.17016,76.42569],[112.00036,76.36399],[112.02068,76.35557],[112.33735,76.44552],[112.49176,76.38712],[112.80603,76.31991],[112.72817,76.29086],[112.73494,76.25145],[112.69518,76.23307],[112.7275,76.20237],[112.55656,76.23649],[112.48251,76.22918],[112.60475,76.2],[112.56861,76.18593],[112.66025,76.17382],[112.71469,76.17266],[112.77813,76.18018],[112.77122,76.16489],[112.80441,76.14613],[112.76063,76.14183],[112.8801,76.12508],[112.82924,76.09995],[112.88865,76.09096],[112.70833,76.04825],[112.87632,76.04794],[113.04112,76.07964],[113.05172,76.10903],[112.99156,76.11652],[113.07223,76.14636],[113.10312,76.14837],[113.14459,76.14935],[113.13307,76.14895],[113.20883,76.1254],[113.16328,76.14877],[113.27616,76.14679],[113.35629,76.10795],[113.34187,76.09886],[113.36209,76.10688],[113.30443,76.14601],[113.33779,76.1504],[113.21659,76.15745],[113.15949,76.18491],[113.02189,76.18656],[113.00855,76.21974],[112.9502,76.23528],[113.14357,76.24562],[113.20976,76.23143],[113.21672,76.24394],[113.19079,76.24698],[113.27666,76.25641],[113.37612,76.2079],[113.27039,76.21545],[113.34459,76.20113],[113.29956,76.19525],[113.39771,76.20071],[113.38578,76.20574],[113.40001,76.20023],[113.43584,76.17952],[113.48085,76.14653],[113.50943,76.10111],[113.47463,76.10677],[113.45407,76.0887],[113.4705,76.07265],[113.44324,76.06023],[113.5011,76.05382],[113.49404,76.06767],[113.55237,76.01663],[113.52736,75.98449],[113.59277,75.95146],[113.54343,75.93789],[113.47377,75.94443],[113.39779,75.94604],[113.38253,75.94344],[113.49652,75.93189],[113.45416,75.91845],[113.47641,75.91074],[113.51445,75.92797],[113.61016,75.92546],[113.51483,75.90918],[113.59966,75.8953],[113.55147,75.88219],[113.61793,75.85916],[113.48008,75.84896],[113.45646,75.82803],[113.49906,75.84374],[113.50447,75.83171],[113.55881,75.82291],[113.51346,75.84487],[113.66253,75.85107],[113.66436,75.87048],[113.61142,75.87626],[113.63593,75.89105],[113.69661,75.88483],[113.62628,75.89546],[113.57813,75.91612],[113.72495,75.918],[113.73242,75.90456],[113.80782,75.89119],[113.75764,75.90406],[113.79149,75.90719],[113.76235,75.92559],[113.7776,75.93149],[113.90556,75.90059],[113.85055,75.88643],[113.92125,75.84278],[113.89029,75.76661],[113.79308,75.6981],[113.72392,75.61119],[113.67038,75.57964],[113.58444,75.55116],[113.55956,75.53229],[113.55306,75.52979],[113.54248,75.52838],[113.55918,75.53376],[113.39684,75.55024],[113.59661,75.60709],[113.61399,75.62017],[113.59375,75.649],[113.33338,75.6859],[113.005,75.66709],[113.1639,75.69835],[113.07599,75.71377],[113.07967,75.72959],[112.90151,75.74997],[112.66269,75.8232],[112.34057,75.84315],[112.48133,75.82157],[112.50532,75.79802],[112.49491,75.77101],[112.71494,75.76835],[112.69991,75.76374],[112.85817,75.7379],[112.89956,75.70527],[112.86598,75.68745],[112.75594,75.68122],[112.84503,75.67554],[112.79247,75.64985],[112.89434,75.62885],[112.8827,75.61071],[112.80362,75.60114],[112.77878,75.57493],[112.7962,75.54839],[113.0,75.54541],[113.03719,75.56842],[112.97885,75.5843],[113.00365,75.59903],[112.99398,75.6103],[113.2866,75.66072],[113.33442,75.62816],[113.29589,75.60862],[113.35091,75.59978],[113.35793,75.59698],[113.36026,75.59373],[113.29532,75.59334],[113.29187,75.56891],[113.36248,75.52477],[113.56621,75.50038],[113.69286,75.50525],[113.73229,75.48524],[113.75229,75.42512],[113.73891,75.40802],[113.62865,75.41562],[113.5229,75.38884],[113.70893,75.37867],[113.66921,75.2982],[113.53799,75.22217],[113.0731,75.04956],[112.95577,75.03369],[112.98617,75.03083],[112.75046,74.93756],[112.52733,74.89406],[112.62561,74.92446],[112.31256,74.89697],[112.28872,74.8911],[112.32732,74.894],[112.16097,74.85982],[111.97579,74.73906],[111.84053,74.68675],[111.807,74.65008],[111.69064,74.68025],[111.42551,74.68092],[111.2092,74.6232],[110.9845,74.51659],[111.04174,74.55551],[110.80914,74.54259],[110.85567,74.5306],[110.5594,74.47855],[110.58966,74.48973],[110.39964,74.50061],[110.40329,74.46727],[110.42968,74.45552],[110.42143,74.43705],[110.27251,74.39525],[110.21798,74.37039],[110.16811,74.35325],[110.1388,74.34601],[110.04682,74.3447],[110.19816,74.373],[110.10607,74.38456],[110.11655,74.3891],[110.11407,74.39486],[110.0015,74.37774],[110.05054,74.37264],[109.87639,74.33765],[109.87019,74.32038],[109.79005,74.32654],[109.80095,74.30557],[109.78774,74.29897],[109.76041,74.32711],[109.65974,74.33132],[109.64866,74.31328],[109.58903,74.32492],[109.61002,74.33213],[109.57598,74.34379],[109.60334,74.33119],[109.47956,74.30623],[109.65944,74.28383],[109.78741,74.29046],[109.91164,74.31899],[109.94653,74.31164],[109.95095,74.26304],[109.90294,74.2492],[109.9417,74.24288],[109.88686,74.19315],[109.53076,74.07786],[109.51762,74.07762],[109.54273,74.08401],[109.35484,74.07052],[109.33879,74.08366],[109.32602,74.06876],[109.18142,74.06161],[108.99347,74.01532],[108.77182,73.93506],[108.48602,73.7666],[108.50096,73.77812],[108.48731,73.78328],[108.44326,73.78484],[108.49046,73.77566],[108.12718,73.63433],[108.0959,73.63057],[108.15813,73.65986],[108.05202,73.66992],[107.78737,73.61606],[107.62577,73.62996],[107.40672,73.61039],[107.34503,73.62363],[107.29,73.62194],[107.17678,73.60874],[107.08269,73.62641],[107.03254,73.63223],[106.94665,73.63013],[106.85607,73.60087],[106.84727,73.59494],[106.92279,73.5714],[107.05431,73.56424],[107.11076,73.56695],[107.20903,73.53744],[106.87468,73.42694],[106.89322,73.42189],[106.85026,73.38134],[106.86423,73.3721],[106.85561,73.3482],[106.82513,73.32766],[106.6355,73.29593],[106.35519,73.18794],[106.69285,73.13756],[106.90129,73.13181],[107.01888,73.16206],[107.12276,73.16487],[107.34944,73.14749],[107.77795,73.15361],[108.09669,73.23547],[108.1945,73.23259],[108.17914,73.21603],[108.18572,73.21479],[108.19855,73.21822],[108.21448,73.22641],[108.26946,73.2049],[108.36208,73.20747],[108.40345,73.21985],[108.41442,73.24247],[108.25385,73.2663],[108.20607,73.24377],[108.19991,73.25858],[108.27656,73.2934],[108.92633,73.33564],[109.31822,73.39443],[109.23074,73.42819],[109.23772,73.4599],[109.21101,73.45935],[109.25204,73.47166],[109.4119,73.42552],[109.36836,73.4207],[109.39707,73.40633],[109.45724,73.41642],[109.44492,73.42104],[109.45865,73.44231],[109.33841,73.49476],[109.20824,73.49072],[109.19363,73.52828],[109.22455,73.55319],[109.43904,73.46967],[109.55428,73.45078],[109.57711,73.43886],[109.56676,73.42947],[109.57981,73.42588],[109.58498,73.4406],[109.69771,73.43247],[109.77543,73.43417],[109.93924,73.45942],[110.01436,73.49364],[110.12445,73.49745],[110.16082,73.52214],[110.13898,73.51969],[110.14247,73.53196],[110.18329,73.53493],[110.13396,73.54742],[110.09069,73.53257],[110.10585,73.55886],[110.42041,73.58727],[110.36405,73.61115],[110.47422,73.63781],[110.5961,73.63072],[110.65612,73.65346],[110.80184,73.65501],[110.96683,73.70004],[110.84373,73.7183],[110.90036,73.76131],[110.89109,73.77121],[110.667,73.7933],[110.60217,73.75277],[110.39352,73.72445],[110.29573,73.68021],[110.12885,73.70358],[109.7402,73.68231],[109.7764,73.65107],[109.67106,73.67452],[109.58135,73.72655],[109.54801,73.81771],[109.84126,73.86991],[109.97407,73.99895],[110.32599,74.01602],[110.46154,74.00528],[110.67054,73.97666],[110.98305,73.89855],[111.09238,73.92121],[111.10456,73.95379],[111.07657,73.9428],[111.0703,73.97058],[111.14746,74.02187],[111.44431,74.05104],[111.55213,74.04919],[111.59918,74.01365],[111.37612,73.98339],[111.25349,74.0],[111.21992,73.98303],[111.21221,73.95773],[111.24346,73.9077],[111.31893,73.85246],[111.42837,73.81328],[111.67427,73.75443],[111.8791,73.72797],[112.30328,73.70118],[112.89094,73.73263],[112.99838,73.79483],[112.87139,73.92474],[112.89035,73.96321],[113.17639,73.86761],[113.26402,73.77646],[113.43403,73.66242],[113.46495,73.61968],[113.46483,73.60209],[113.41756,73.57313],[113.34078,73.56912],[113.27796,73.52735],[113.26081,73.47856],[113.18185,73.44513],[113.30363,73.41272],[113.3164,73.3895],[113.37487,73.36673],[113.55459,73.34047],[113.58078,73.31591],[113.55368,73.25639],[113.47989,73.22679],[113.53467,73.19691],[113.51291,73.15888],[113.58921,73.13402],[113.619,73.14281],[113.5699,73.17236],[113.66911,73.16186],[113.60357,73.19921],[113.58327,73.23163],[113.69305,73.25948],[113.76961,73.32235],[113.83254,73.32423],[113.87153,73.34651],[113.61723,73.4244],[113.54194,73.46278],[113.55576,73.49256],[113.50944,73.50475],[113.92571,73.54368],[114.21061,73.59495],[114.54366,73.58167],[114.92134,73.59877],[115.06267,73.63266],[115.07934,73.65329],[115.15037,73.63866],[115.25879,73.6333],[115.30113,73.64679],[115.21847,73.64794],[115.18693,73.66575],[115.25521,73.67733],[115.2659,73.68719],[115.25064,73.69565],[115.33989,73.70454],[115.41202,73.68252],[115.47961,73.67999],[115.39557,73.69972],[115.43846,73.68986],[115.42717,73.70019],[115.45622,73.71069],[115.926,73.69568],[116.29136,73.65552],[116.63914,73.66779],[117.42801,73.57895],[118.66409,73.55934],[118.98339,73.50319],[119.02536,73.48068],[118.92096,73.45391],[118.94125,73.44465],[118.81631,73.46506],[118.77534,73.45576],[118.75666,73.46144],[118.73697,73.46183],[118.68213,73.45241],[118.471,73.47999],[118.34701,73.40999],[118.35201,73.283],[118.38905,73.23896],[118.53493,73.17262],[119.12579,73.08363],[119.49823,73.04678],[119.69657,72.98991],[119.91859,73.01339],[120.63851,72.97556],[121.07414,72.92359],[121.43152,72.96145],[121.70408,72.96842],[122.10068,72.89737],[122.66456,72.8406],[122.68698,72.8587],[122.59781,72.88855],[122.59472,72.90907],[122.58352,72.91349],[122.72198,72.91122],[122.81715,72.86336],[123.00092,72.88863],[122.96058,72.90786],[122.84425,72.93686],[122.68363,72.95607],[122.53526,73.00089],[122.59338,73.02542],[122.74261,73.03309],[122.76152,73.02668],[122.75458,73.01549],[122.99189,72.96825],[122.80974,72.96923],[122.9565,72.945],[123.10043,72.93401],[123.13077,72.925],[123.1355,72.9018],[123.20231,72.89527],[123.31434,72.92029],[123.36247,72.96277],[123.4344,72.96802],[123.38331,73.00868],[123.40876,73.03768],[123.38855,73.0454],[123.47002,73.0818],[123.48865,73.11294],[123.54211,73.10797],[123.53836,73.13007],[123.54521,73.11163],[123.59224,73.10061],[123.72433,73.09744],[123.6272,73.1141],[123.56157,73.15032],[123.45928,73.15679],[123.62881,73.19146],[123.64158,73.18775],[123.59346,73.16091],[123.54501,73.16239],[123.61482,73.14227],[123.74388,73.16827],[123.63346,73.16522],[123.66046,73.18433],[123.70052,73.17606],[123.74434,73.20509],[123.57515,73.19719],[123.57971,73.21633],[123.55661,73.23497],[123.48684,73.23879],[123.55619,73.24895],[123.57105,73.27315],[123.50797,73.2558],[123.49585,73.26084],[123.5112,73.27482],[123.42159,73.27624],[123.40531,73.28906],[123.49755,73.29763],[123.39211,73.31247],[123.40584,73.32706],[123.36775,73.34298],[123.5307,73.37785],[123.42483,73.37166],[123.39788,73.37683],[123.43427,73.38748],[123.36773,73.38041],[123.26662,73.396],[123.34463,73.38949],[123.3797,73.39897],[123.33515,73.41299],[123.36972,73.43314],[123.31758,73.42828],[123.3537,73.45327],[123.40406,73.43575],[123.37835,73.42832],[123.39279,73.41916],[123.49075,73.38533],[123.51688,73.39322],[123.44721,73.41931],[123.44088,73.4361],[123.48102,73.46019],[123.43916,73.44626],[123.32655,73.47219],[123.38599,73.49888],[123.33359,73.51221],[123.32394,73.54396],[123.43165,73.53342],[123.45835,73.54115],[123.4002,73.54279],[123.39486,73.5669],[123.36303,73.5755],[123.51371,73.55519],[123.46024,73.5671],[123.48732,73.5824],[123.41595,73.60191],[123.47028,73.60724],[123.42758,73.65042],[123.52342,73.64766],[123.51135,73.62815],[123.52332,73.62162],[123.49307,73.61461],[123.52618,73.60463],[123.536,73.61525],[123.5171,73.62739],[123.53851,73.64584],[123.62066,73.66141],[123.61606,73.68621],[123.59239,73.69184],[123.70445,73.69542],[123.73735,73.6851],[123.70359,73.68657],[123.71062,73.66731],[123.63232,73.67935],[123.63835,73.65975],[123.67172,73.6574],[123.61089,73.61088],[123.65589,73.6345],[123.71258,73.6229],[123.68123,73.59888],[123.77925,73.5763],[123.74612,73.5687],[123.7656,73.56254],[123.78723,73.56921],[123.77389,73.58222],[123.78716,73.60006],[123.84403,73.62214],[123.911,73.58517],[123.93525,73.61525],[123.89797,73.61581],[123.96844,73.62741],[123.97628,73.59495],[124.00308,73.59469],[124.03929,73.64932],[124.06649,73.65127],[124.04623,73.66476],[124.14107,73.6691],[124.16705,73.69318],[124.1272,73.68883],[124.21004,73.71759],[124.23496,73.72154],[124.26003,73.71539],[124.20366,73.71424],[124.18739,73.69801],[124.29726,73.70646],[124.3051,73.72507],[124.28927,73.70945],[124.22439,73.73689],[124.23724,73.74001],[124.24039,73.75427],[124.26888,73.75531],[124.25441,73.74794],[124.26387,73.73415],[124.29207,73.73114],[124.28443,73.74137],[124.33779,73.75955],[124.32742,73.77458],[124.37641,73.78935],[124.35649,73.79688],[124.43566,73.79759],[124.44919,73.78231],[124.40435,73.76269],[124.52127,73.75826],[124.51291,73.7311],[124.64413,73.74313],[124.62982,73.7198],[124.66873,73.71353],[124.74737,73.74199],[124.73177,73.72013],[124.7505,73.70508],[124.70429,73.69679],[124.74751,73.68719],[124.87137,73.72542],[124.91678,73.71895],[124.84453,73.67813],[124.94082,73.69421],[124.95145,73.67648],[124.90751,73.66311],[124.94428,73.64652],[124.98564,73.65605],[124.99596,73.69209],[125.0318,73.69801],[125.04664,73.67354],[125.01688,73.65699],[125.04067,73.65508],[125.01832,73.63933],[125.01126,73.59709],[125.03542,73.59753],[125.04214,73.62424],[125.10505,73.63277],[125.11076,73.65221],[125.07106,73.66265],[125.11132,73.66055],[125.14106,73.70362],[125.16378,73.70442],[125.14655,73.68499],[125.17348,73.65375],[125.12863,73.6294],[125.22243,73.63635],[125.2365,73.62526],[125.22025,73.61481],[125.26382,73.60658],[125.21316,73.58656],[125.19642,73.50941],[125.23017,73.51386],[125.25727,73.55614],[125.24036,73.56204],[125.2959,73.57121],[125.2672,73.52984],[125.34973,73.52447],[125.30653,73.504],[125.33064,73.49979],[125.37518,73.52865],[125.34096,73.54733],[125.38001,73.58594],[125.41245,73.58112],[125.38538,73.56381],[125.41958,73.56156],[125.36048,73.55006],[125.43213,73.52512],[125.46747,73.54095],[125.42747,73.56074],[125.45131,73.58242],[125.4752,73.58017],[125.45391,73.56751],[125.50627,73.54392],[125.46237,73.51695],[125.49979,73.49348],[125.48869,73.51459],[125.51333,73.53128],[125.64152,73.52768],[125.60669,73.51058],[125.67965,73.52715],[125.68996,73.51224],[125.64875,73.49829],[125.68398,73.46951],[125.66149,73.45219],[125.67312,73.44555],[125.63951,73.46074],[125.54721,73.44658],[125.54401,73.42596],[125.59828,73.42219],[125.57051,73.39726],[125.57368,73.37123],[125.70115,73.41574],[125.59351,73.43805],[125.666,73.4373],[125.70857,73.46358],[125.72612,73.46178],[125.71054,73.44388],[125.72299,73.43996],[125.75458,73.45804],[125.73262,73.45994],[125.77685,73.46578],[125.76417,73.4424],[125.80026,73.43114],[125.80513,73.41188],[125.8265,73.41535],[125.83272,73.43366],[125.81407,73.43629],[125.83714,73.44285],[125.85854,73.4418],[125.85259,73.42648],[125.89714,73.42907],[125.91306,73.4482],[125.80283,73.4531],[125.92154,73.48818],[125.94233,73.5112],[125.92813,73.5241],[126.0112,73.49774],[125.99108,73.49638],[125.9816,73.47756],[126.05319,73.48543],[126.04645,73.49705],[126.06367,73.49991],[126.08159,73.49754],[126.0594,73.48193],[126.0885,73.47739],[126.10728,73.48337],[126.0865,73.48839],[126.10762,73.50854],[126.12613,73.50655],[126.11269,73.51246],[126.15699,73.50685],[126.1217,73.49938],[126.1395,73.48842],[126.1809,73.50032],[126.19678,73.52868],[126.30271,73.55035],[126.37082,73.5138],[126.44519,73.50655],[126.38292,73.47893],[126.42943,73.47561],[126.42477,73.44769],[126.45454,73.43477],[126.35233,73.39688],[126.37626,73.42785],[126.34203,73.44895],[126.3247,73.42583],[126.35149,73.42111],[126.29028,73.41023],[126.2324,73.45175],[126.19385,73.42107],[126.2168,73.41265],[126.20495,73.40694],[126.21837,73.4017],[126.19849,73.39715],[126.17098,73.42813],[126.12943,73.44276],[126.1047,73.42358],[126.13354,73.42107],[126.13946,73.39748],[126.20602,73.39658],[126.22171,73.40173],[126.20826,73.40753],[126.22589,73.41714],[126.2584,73.42132],[126.3099,73.38681],[126.36464,73.38895],[126.29321,73.36846],[126.25327,73.39121],[126.22166,73.36388],[126.19522,73.37525],[126.1306,73.35759],[126.30845,73.36818],[126.26157,73.36207],[126.23122,73.34961],[126.31874,73.36695],[126.34187,73.34515],[126.45654,73.3864],[126.51615,73.38445],[126.53268,73.36217],[126.70361,73.36666],[126.74489,73.37749],[126.70751,73.3943],[126.73869,73.42305],[126.82131,73.44581],[126.83403,73.44048],[126.82591,73.40504],[126.86819,73.3746],[126.95188,73.3696],[126.94219,73.37968],[126.90075,73.38979],[126.89463,73.41184],[127.03376,73.40783],[126.99011,73.45642],[127.01175,73.48115],[127.00366,73.50125],[127.02969,73.5079],[126.99028,73.50418],[127.03932,73.52073],[127.35412,73.50476],[127.36961,73.48911],[127.34457,73.4583],[127.37623,73.44588],[127.35254,73.4328],[127.38016,73.40974],[127.43163,73.40716],[127.40882,73.42757],[127.46385,73.44666],[127.4536,73.46377],[127.46651,73.47031],[127.55784,73.44279],[127.56608,73.45898],[127.52569,73.47263],[127.53977,73.48582],[127.62702,73.47073],[127.59959,73.46534],[127.59251,73.46153],[127.84292,73.46885],[127.72377,73.39762],[127.73993,73.39447],[127.721,73.37885],[127.86371,73.38881],[127.92543,73.40574],[127.98901,73.40606],[127.93594,73.40274],[127.87839,73.38285],[128.10138,73.41068],[128.08814,73.38955],[127.98787,73.36049],[127.9442,73.32362],[128.02699,73.31932],[128.26226,73.37211],[128.29401,73.36745],[128.27326,73.35894],[128.47023,73.34411],[128.42069,73.33977],[128.39595,73.33391],[128.36507,73.32259],[128.34522,73.31197],[128.37035,73.30687],[128.34469,73.29611],[128.339,73.28234],[128.25688,73.25901],[128.28239,73.24997],[128.24937,73.24487],[128.16484,73.22407],[128.17693,73.19601],[128.31351,73.19923],[128.45053,73.23693],[128.55754,73.24452],[128.43259,73.21358],[128.55664,73.24209],[128.75606,73.24586],[128.76867,73.24094],[128.7445,73.24096],[128.76575,73.23092],[128.70449,73.22088],[128.76202,73.22159],[128.74198,73.21483],[128.74339,73.21299],[128.90158,73.20821],[128.89633,73.19412],[128.93224,73.20495],[128.79959,73.14039],[128.80886,73.13785],[128.83948,73.13543],[128.87563,73.14085],[128.92829,73.10731],[128.9219,73.09429],[128.96192,73.08775],[129.08505,73.12719],[129.16269,73.12297],[129.20743,73.11098],[129.1314,73.11509],[129.19739,73.09414],[129.1851,73.08351],[129.19574,73.07279],[129.15922,73.05485],[129.02118,73.03856],[129.12569,73.03423],[129.07309,73.00999],[129.09228,73.00308],[129.10801,73.00486],[129.08524,72.99338],[129.04682,72.99083],[128.9805,72.98036],[128.82285,72.93703],[128.67355,72.92693],[128.60072,72.91231],[128.36271,72.92043],[128.35537,72.9089],[128.41024,72.89819],[128.27073,72.86199],[128.2716,72.8406],[128.30375,72.8202],[128.27248,72.79408],[128.1706,72.77043],[128.00608,72.78126],[127.85274,72.76096],[127.79591,72.741],[127.76449,72.71496],[127.69287,72.72585],[127.76724,72.70832],[127.68367,72.68941],[127.58792,72.70405],[127.40343,72.69892],[127.27075,72.64251],[127.07384,72.60626],[126.94041,72.55045],[126.58238,72.52159],[126.56014,72.44125],[126.58945,72.42133],[126.72996,72.39772],[126.94801,72.41134],[127.08686,72.38522],[127.21385,72.40615],[127.46552,72.36204],[127.66062,72.35777],[127.79649,72.32443],[127.90003,72.25543],[127.78694,72.26057],[127.78728,72.24164],[127.88013,72.23894],[127.93801,72.20601],[128.25735,72.11079],[128.3836,72.03903],[128.40797,72.00092],[128.43086,71.96515],[128.44859,71.95101],[128.49511,71.91391],[128.61334,71.88993],[128.65494,71.82816],[128.65011,71.81162],[128.64611,71.79791],[128.66217,71.79133],[128.66072,71.79322],[128.77234,71.75736],[128.92581,71.74134],[128.96694,71.71536],[128.99996,71.72159],[128.97132,71.73137],[128.9648,71.73696],[129.1527,71.75995],[129.23212,71.78207],[129.27106,71.81433],[129.16132,71.90572],[129.12811,71.98516],[129.09891,72.00736],[129.11972,72.00568],[129.17783,71.95079],[129.36399,71.8471],[129.35788,71.80431],[129.60261,71.70626],[129.39354,71.73434],[129.43343,71.74407],[129.40618,71.75744],[129.37665,71.74709],[129.39224,71.73525],[129.32717,71.74802],[129.34505,71.73403],[129.24761,71.73326],[129.26915,71.72608],[129.17521,71.70773],[128.98221,71.70717],[128.84594,71.64806],[128.90159,71.64438],[128.89269,71.63495],[128.92857,71.60992],[128.90836,71.59833],[128.91789,71.58975],[128.99765,71.57886],[129.19807,71.6114],[129.23911,71.59925],[129.31011,71.54606],[129.32011,71.52408],[129.29906,71.48824],[129.36703,71.4667],[129.46456,71.30323],[129.73457,71.22346],[129.76427,71.20056],[129.77798,71.1525],[129.83952,71.11699],[130.16743,71.07042],[130.22382,71.00245],[130.27547,70.98207],[130.27187,70.95827],[130.24626,70.96624],[130.24673,70.94948],[130.36101,70.90232],[130.46434,70.89685],[130.54065,70.91473],[130.58265,70.85257],[130.71115,70.84822],[130.82475,70.879],[130.817,70.95044],[130.85614,70.96514],[130.86049,70.94475],[130.83298,70.9292],[130.87872,70.91284],[130.86667,70.89267],[130.88726,70.87558],[130.87348,70.85999],[130.9304,70.84038],[130.94979,70.813],[130.93469,70.76508],[131.07732,70.70609],[131.33173,70.72579],[131.62288,70.86012],[131.63472,70.86836],[131.60604,70.86055],[131.74847,70.96334],[131.80856,71.059],[131.86409,71.06736],[131.80874,71.0823],[131.84139,71.1066],[131.79828,71.09791],[131.78382,71.1166],[131.88914,71.12111],[131.91238,71.12906],[131.87903,71.13982],[131.95523,71.14861],[131.85038,71.16165],[131.92933,71.20162],[131.98007,71.19524],[131.99542,71.19702],[132.01093,71.2025],[132.02219,71.19618],[132.0124,71.20349],[131.97427,71.20084],[131.97771,71.20858],[132.00619,71.21192],[132.01744,71.21968],[132.03731,71.21411],[132.13585,71.21405],[132.16033,71.2059],[132.20488,71.21204],[132.14327,71.22885],[132.05234,71.23109],[132.07347,71.23653],[132.05375,71.24304],[132.0025,71.23971],[131.98681,71.25913],[132.1899,71.56326],[132.29384,71.67578],[132.56224,71.87263],[132.72153,71.94038],[132.75286,71.93148],[132.75589,71.83273],[132.70707,71.7931],[132.71601,71.76801],[132.95754,71.73799],[133.16171,71.59607],[133.32945,71.52758],[133.64471,71.44133],[134.06864,71.38051],[134.40099,71.36139],[134.7253,71.39917],[134.82079,71.36737],[134.81868,71.33782],[134.74946,71.31706],[134.75817,71.266],[134.7662,71.30627],[134.8346,71.31937],[134.81581,71.3302],[134.86881,71.36303],[134.86934,71.37665],[134.76933,71.41539],[134.89102,71.39354],[134.91168,71.39362],[134.88645,71.39871],[134.98303,71.38655],[135.01478,71.38533],[135.0499,71.38881],[135.02429,71.40356],[134.88479,71.4193],[134.8214,71.45336],[134.83549,71.46878],[134.89149,71.48416],[134.9044,71.48162],[134.89024,71.47982],[134.88745,71.4744],[134.92069,71.47983],[134.9541,71.46949],[134.96984,71.46974],[134.97454,71.47144],[134.92358,71.49161],[135.65544,71.63647],[135.84638,71.64958],[136.34228,71.60023],[136.27644,71.58875],[136.29032,71.5848],[136.58429,71.57997],[136.60935,71.55514],[136.59438,71.56257],[136.57739,71.56705],[136.60681,71.54685],[136.63954,71.54641],[136.60396,71.5281],[136.61454,71.51789],[136.8748,71.53361],[136.96505,71.46867],[137.06013,71.45388],[137.08809,71.44204],[137.07646,71.43723],[137.10126,71.42552],[137.12595,71.41757],[137.38948,71.39207],[137.36358,71.36449],[137.32822,71.37908],[137.3243,71.35265],[137.38444,71.3635],[137.4139,71.38239],[137.4904,71.37171],[137.43872,71.35693],[137.46385,71.37159],[137.42396,71.37234],[137.4169,71.35351],[137.47333,71.35611],[137.42506,71.34815],[137.41745,71.33456],[137.38349,71.33236],[137.40058,71.32894],[137.40686,71.32896],[137.41834,71.33259],[137.43088,71.34805],[137.5021,71.34798],[137.52573,71.36711],[137.49923,71.33929],[137.58731,71.36182],[137.55072,71.34388],[137.56917,71.32387],[137.53582,71.32782],[137.53935,71.3084],[137.52426,71.30711],[137.53557,71.29565],[137.58447,71.3133],[137.55518,71.29918],[137.55069,71.27582],[137.56725,71.27123],[137.54849,71.26293],[137.64148,71.27138],[137.63747,71.25063],[137.65444,71.25942],[137.64998,71.24557],[137.74331,71.22024],[137.75821,71.20806],[137.7353,71.19503],[137.80416,71.18834],[137.80185,71.16046],[137.82615,71.16863],[137.85067,71.15024],[137.85932,71.12004],[137.84575,71.10867],[137.89301,71.12314],[137.89248,71.10655],[137.92663,71.10391],[137.93627,71.11444],[137.91074,71.12832],[137.97658,71.1417],[137.95918,71.14463],[137.97791,71.15537],[138.0521,71.13018],[138.02266,71.11662],[137.99129,71.13191],[137.98545,71.11799],[138.04035,71.11105],[138.05542,71.11823],[138.03715,71.10731],[138.07184,71.08959],[138.06684,71.11275],[138.11673,71.10787],[138.16978,71.13483],[138.11867,71.15895],[138.08557,71.14944],[138.06979,71.15098],[138.10679,71.17756],[138.05501,71.17771],[138.04482,71.19979],[137.98584,71.17851],[138.01073,71.21145],[137.94953,71.20759],[137.94809,71.19586],[137.90046,71.17511],[137.92223,71.20052],[137.81988,71.21031],[137.81919,71.23391],[137.87816,71.26485],[138.0298,71.21564],[138.10109,71.21562],[138.1847,71.24515],[138.2898,71.23378],[138.35814,71.27839],[138.15226,71.27393],[138.03274,71.29993],[138.33995,71.32462],[138.48986,71.30409],[138.33671,71.33332],[138.21114,71.32434],[138.10229,71.34437],[138.07486,71.32498],[138.02947,71.3319],[138.02931,71.35441],[137.96727,71.35557],[138.04295,71.3727],[138.02458,71.38832],[137.93912,71.35333],[137.91646,71.35888],[137.94665,71.36976],[137.90023,71.37567],[137.88462,71.38605],[137.86315,71.38794],[137.93307,71.38305],[138.07984,71.46368],[138.14187,71.54093],[138.12199,71.56907],[138.1963,71.55739],[138.15333,71.57412],[138.12712,71.57349],[138.10457,71.56465],[138.14171,71.58486],[138.11487,71.58608],[138.1364,71.59957],[138.21772,71.57786],[138.14231,71.5847],[138.20021,71.57626],[138.2521,71.57726],[138.34363,71.58946],[138.3796,71.58431],[138.46421,71.58745],[138.47358,71.57524],[138.45051,71.57108],[138.4941,71.54664],[138.48305,71.52917],[138.51711,71.52639],[138.57049,71.54957],[138.66152,71.54771],[138.62389,71.56131],[138.67044,71.57286],[138.60167,71.60147],[138.6105,71.61015],[138.85048,71.63402],[138.96151,71.59866],[138.999,71.6059],[138.99409,71.58464],[139.15027,71.57886],[139.12717,71.5531],[139.15013,71.52534],[139.15349,71.54406],[139.16303,71.49625],[139.22029,71.43207],[139.1671,71.43008],[139.2357,71.40285],[139.375,71.41869],[139.40932,71.40585],[139.39872,71.41717],[139.44899,71.43317],[139.43867,71.4482],[139.46927,71.46355],[139.45337,71.47477],[139.48313,71.49305],[139.73547,71.47835],[139.79187,71.45769],[139.79332,71.44191],[139.81286,71.45988],[139.89188,71.46543],[139.92132,71.48827],[139.9054,71.50216],[140.01889,71.47218],[140.0403,71.48078],[139.9922,71.5035],[139.96023,71.53063],[139.99938,71.52528],[139.99086,71.50855],[140.03526,71.49151],[140.06359,71.49187],[140.08283,71.5061],[140.06373,71.51471],[140.08716,71.51903],[139.999,71.53019],[139.94888,71.5617],[139.96928,71.56418],[139.87464,71.59153],[139.89141,71.59719],[139.8466,71.6272],[139.87348,71.64059],[139.8245,71.64387],[139.78626,71.68822],[139.79214,71.76426],[139.8121,71.77373],[139.78509,71.78447],[139.80467,71.79802],[139.78186,71.7999],[139.79996,71.80732],[139.7803,71.82876],[139.85621,71.85227],[139.77148,71.86787],[139.79003,71.8805],[139.76223,71.8888],[139.841,71.89068],[139.75578,71.89183],[139.72912,71.91968],[139.62391,71.93962],[139.41768,71.94748],[139.38174,71.91784],[139.3644,71.93917],[139.37719,71.97591],[139.43968,72.03398],[139.50229,72.04747],[139.45444,72.00152],[139.45169,71.97145],[139.63224,71.95158],[139.69082,71.97352],[139.73888,72.04536],[139.78287,72.07015],[139.95811,72.09085],[139.89076,72.1012],[139.90943,72.13913],[139.95234,72.16302],[140.1215,72.13191],[140.47833,72.20101],[140.54187,72.18685],[140.52262,72.195],[140.60439,72.22113],[140.58729,72.23826],[140.60596,72.2557],[140.44454,72.22803],[140.45987,72.22069],[140.44177,72.21738],[140.4507,72.20516],[140.30878,72.19991],[140.33482,72.18741],[140.29986,72.17889],[140.22193,72.21601],[140.08294,72.22281],[140.10202,72.24207],[140.06352,72.25283],[140.05797,72.27384],[139.93581,72.22904],[139.61936,72.22406],[139.41483,72.1485],[139.19781,72.17622],[139.1579,72.22603],[139.15592,72.26414],[139.28638,72.36318],[139.58902,72.48799],[139.81914,72.49549],[140.15525,72.45987],[140.54044,72.46944],[140.85447,72.52107],[140.93043,72.51117],[140.917,72.52433],[140.93517,72.53587],[141.00163,72.55167],[140.96715,72.55998],[141.06711,72.56647],[140.97978,72.57539],[140.99525,72.5818],[141.30137,72.58464],[141.24045,72.60008],[141.23439,72.60088],[141.19065,72.59703],[141.18166,72.60051],[141.23746,72.61392],[141.16696,72.62104],[141.19318,72.64686],[141.02531,72.68622],[140.84038,72.78569],[140.76748,72.79432],[140.77049,72.81848],[140.73041,72.83002],[140.71077,72.86341],[140.86462,72.87637],[141.34609,72.84107],[141.61427,72.75979],[141.93984,72.71886],[143.4579,72.68396],[144.45362,72.62792],[145.8735,72.48984],[146.86904,72.338],[145.6574,72.33933],[145.50094,72.35653],[145.39184,72.33705],[145.3273,72.39785],[145.26841,72.40594],[145.23962,72.43018],[145.10792,72.39529],[145.05973,72.4208],[144.95613,72.43074],[144.77111,72.39688],[144.4952,72.22938],[144.43655,72.231],[144.42706,72.25626],[144.31264,72.28311],[144.26009,72.25532],[144.24461,72.22093],[144.30171,72.18406],[144.41537,72.15672],[144.54873,72.1513],[144.69983,72.18486],[144.7691,72.21964],[145.21123,72.26203],[146.49775,72.31099],[146.95541,72.30489],[146.40191,72.02231],[146.34509,72.00821],[146.25838,72.02258],[146.3256,72.00795],[146.15124,71.95326],[145.98285,71.86305],[145.96483,71.86939],[145.96754,71.89443],[145.99719,71.94429],[146.00437,72.04415],[146.02663,72.0399],[146.02748,72.01643],[146.11267,72.03453],[146.26262,72.11329],[146.30742,72.11745],[146.2797,72.12098],[146.30459,72.13094],[146.24382,72.14542],[146.21043,72.1287],[146.22271,72.1421],[146.20914,72.15097],[146.24914,72.16727],[146.21326,72.17647],[146.1567,72.1515],[146.04508,72.15798],[146.02568,72.1334],[146.09824,72.11457],[146.00006,72.10388],[146.01812,72.07546],[145.99986,72.06026],[145.95658,72.09293],[146.06611,72.18745],[146.07099,72.21098],[146.02574,72.21666],[146.00704,72.20108],[146.04843,72.20578],[145.87848,72.14595],[145.86717,72.1518],[145.88832,72.15416],[145.87561,72.16269],[145.90023,72.18618],[145.85118,72.20219],[145.93005,72.17851],[145.94819,72.18726],[145.74282,72.25445],[145.63734,72.24413],[145.61225,72.23787],[145.55172,72.25246],[145.49006,72.25033],[145.52102,72.22993],[145.54354,72.24552],[145.61149,72.22866],[145.64008,72.24266],[145.64487,72.21948],[145.69226,72.22216],[145.65207,72.2131],[145.67521,72.20683],[145.77032,72.22561],[145.80972,72.21601],[145.77851,72.18242],[145.79233,72.16329],[145.71593,72.15874],[145.62746,72.08745],[145.66381,72.03019],[145.8019,72.02931],[145.84003,71.93824],[145.75021,71.901],[145.71216,71.91709],[145.59938,71.91532],[145.33722,71.86296],[145.31658,71.88996],[145.20435,71.92615],[145.13439,71.91866],[145.07076,71.94578],[145.02777,71.93805],[145.03567,71.89858],[145.22858,71.83732],[145.18815,71.80048],[145.1141,71.79658],[145.0379,71.75866],[144.99841,71.77533],[144.90966,71.76603],[144.91508,71.74448],[144.99202,71.72967],[144.94394,71.72538],[144.94512,71.69985],[145.00621,71.68783],[145.0697,71.68761],[145.03606,71.6662],[145.0532,71.65881],[145.04435,71.64579],[145.09933,71.66065],[145.10712,71.68557],[145.19113,71.65871],[145.32937,71.68012],[145.33638,71.65104],[145.41636,71.65513],[145.59114,71.70916],[145.68036,71.72282],[145.71596,71.70572],[145.79709,71.70766],[146.05811,71.77211],[146.63954,72.04815],[146.82753,72.1769],[147.14049,72.30481],[147.61956,72.32631],[148.38377,72.31857],[149.41435,72.17827],[149.92906,72.01866],[150.0882,71.91221],[150.11116,71.87766],[150.10448,71.84608],[150.06883,71.82345],[149.70223,71.74729],[149.65883,71.78239],[149.58843,71.79264],[149.57832,71.83164],[149.52006,71.87779],[149.44718,71.89264],[149.35729,71.88238],[149.41282,71.8754],[149.33896,71.83859],[149.28078,71.83451],[149.18585,71.77415],[149.0875,71.76147],[148.99821,71.68493],[148.92179,71.70588],[148.85753,71.68171],[149.06789,71.66317],[149.13766,71.69616],[149.23475,71.67267],[149.32007,71.69036],[149.41511,71.65695],[149.55418,71.64106],[149.73176,71.65624],[149.76344,71.64089],[149.89214,71.66233],[149.98248,71.65392],[150.01215,71.64322],[149.9821,71.63406],[150.02271,71.54254],[149.99297,71.52939],[149.98931,71.52121],[150.00015,71.51342],[150.06881,71.51046],[150.15892,71.5305],[150.1677,71.54143],[150.24851,71.54386],[150.07436,71.50339],[150.0981,71.5024],[150.08518,71.49403],[150.21752,71.51603],[150.47401,71.5132],[150.50711,71.49744],[150.6622,71.49772],[150.70633,71.47931],[150.69628,71.47862],[150.70635,71.4725],[150.69908,71.45338],[150.71116,71.44858],[150.70384,71.44452],[150.79226,71.43073],[150.8534,71.4416],[150.83837,71.43217],[150.92448,71.42156],[150.91516,71.41115],[150.98477,71.37543],[151.10866,71.38779],[151.15231,71.36386],[151.5612,71.31416],[151.66454,71.2766],[151.68193,71.25748],[151.69613,71.24929],[151.72143,71.24208],[151.74588,71.22725],[151.70393,71.23199],[151.86756,71.14022],[151.80436,71.16575],[151.7822,71.16754],[151.84598,71.12613],[151.9518,71.08332],[151.96445,71.06819],[151.94235,71.05617],[152.03677,71.03597],[152.07062,70.98862],[151.9189,70.96537],[151.60148,70.99203],[151.44899,70.96934],[151.52626,70.95426],[151.54745,70.95908],[151.60331,70.95932],[151.67793,70.967],[151.80943,70.93888],[151.99002,70.9353],[152.11453,70.90456],[152.13898,70.88726],[152.12259,70.88042],[152.53413,70.81045],[152.98532,70.80563],[153.00038,70.81827],[153.17466,70.82033],[153.26824,70.8378],[153.30016,70.82691],[153.59398,70.86473],[153.66203,70.86311],[153.67536,70.84387],[154.49618,70.95821],[155.5842,71.03187],[155.56096,71.01366],[155.60684,71.0248],[155.63414,71.04737],[155.94905,71.07391],[157.14574,71.07027],[157.81889,71.02447],[158.62561,70.92826],[159.34422,70.76731],[159.58289,70.69159],[159.792,70.58349],[159.9653,70.44491],[160.09559,70.25287],[159.94783,70.14129],[159.92402,70.10605],[159.94973,70.07729],[159.87987,70.03211],[159.86466,69.98001],[159.70093,69.89455],[159.68585,69.88345],[159.68846,69.8684],[159.67683,69.87378],[159.79072,69.80457],[159.68548,69.81614],[159.60039,69.85883],[159.68273,69.80809],[159.80374,69.80025],[159.84062,69.77514],[159.98142,69.75033],[160.10651,69.67266],[160.03776,69.72894],[160.19851,69.67818],[160.17772,69.68735],[160.23034,69.68028],[160.26601,69.64901],[160.29124,69.63998],[160.30195,69.64627],[160.31603,69.63329],[160.33207,69.63016],[160.31527,69.64654],[160.26694,69.65199],[160.2777,69.66539],[160.22827,69.685],[160.12408,69.7089],[160.16023,69.71736],[160.34603,69.68531],[160.36869,69.67693],[160.3572,69.65806],[160.43538,69.65029],[160.46398,69.62025],[160.53998,69.58475],[160.57838,69.58655],[160.54812,69.59508],[160.61867,69.60549],[160.62537,69.62327],[160.53138,69.59141],[160.46729,69.63136],[160.49797,69.64885],[160.4782,69.66552],[160.63466,69.63863],[160.61796,69.65002],[160.67773,69.65882],[160.75829,69.64221],[160.73895,69.62878],[160.80781,69.64105],[160.84326,69.61791],[160.87268,69.60857],[160.84272,69.6],[160.82036,69.57996],[160.78632,69.58781],[160.68443,69.54896],[160.73986,69.56201],[160.78281,69.55163],[160.81539,69.55037],[160.76716,69.56709],[160.88708,69.58064],[160.92461,69.61238],[160.94314,69.5997],[160.99761,69.58759],[161.06363,69.59839],[161.03539,69.61594],[161.04967,69.62165],[161.10603,69.60368],[161.22301,69.60487],[161.44521,69.62824],[161.61318,69.6188],[161.67935,69.64342],[161.88309,69.6508],[161.89652,69.64248],[161.88199,69.63247],[161.87612,69.61771],[162.18185,69.58633],[162.23777,69.60371],[162.21202,69.6202],[162.22133,69.63541],[162.36308,69.63561],[162.38405,69.65782],[162.36087,69.67838],[162.48476,69.65428],[162.58526,69.67186],[162.75949,69.63405],[162.87402,69.63632],[163.30572,69.70586],[163.49861,69.67397],[163.78608,69.67775],[164.01756,69.75449],[164.13442,69.74633],[164.1872,69.70452],[164.32753,69.64619],[164.63701,69.57496],[164.94665,69.56034],[165.30375,69.58538],[165.25599,69.59283],[165.4603,69.57105],[165.76321,69.57248],[166.24201,69.50616],[166.46369,69.49712],[166.71566,69.51277],[166.7291,69.50753],[166.57948,69.49677],[166.57073,69.49366],[166.60055,69.48255],[166.56045,69.47544],[166.56424,69.46647],[166.56941,69.46513],[166.66062,69.4662],[166.69482,69.48327],[166.73564,69.47246],[166.79214,69.46551],[166.87303,69.46209],[166.90637,69.46413],[166.92108,69.47635],[166.98469,69.481],[167.21054,69.54985],[167.73504,69.76418],[167.90961,69.77091],[168.06205,69.74059],[168.07553,69.72632],[168.05552,69.72816],[168.06169,69.712],[168.10263,69.67632],[168.08931,69.6649],[168.04795,69.68588],[167.97734,69.646],[167.93821,69.66006],[167.93788,69.64217],[168.28242,69.54598],[168.26766,69.46698],[168.24165,69.42435],[168.21527,69.42303],[168.2122,69.41761],[168.21844,69.41411],[168.23847,69.40954],[168.22081,69.40277],[168.2216,69.33404],[168.25889,69.24252],[168.34959,69.20547],[168.71576,69.19828],[168.88983,69.16204],[169.12169,69.08417],[169.33187,69.07963],[169.40084,69.04662],[169.4215,69.01575],[169.44514,68.933],[169.41104,68.86497],[169.45674,68.81435],[169.5903,68.77177],[169.74348,68.76583],[170.16518,68.79914],[170.45198,68.8612],[170.83018,68.97242],[170.98606,69.04764],[171.02956,69.09303],[170.98312,69.14119],[170.88895,69.16482],[170.93471,69.22799],[170.9335,69.27523],[170.83133,69.3615],[170.7627,69.36777],[170.76554,69.44415],[170.69249,69.46746],[170.69398,69.51727],[170.64921,69.56517],[170.54134,69.59842],[170.25108,69.57995],[170.1544,69.59502],[170.19932,69.66744],[170.27641,69.69586],[170.24854,69.70549],[170.50172,69.72649],[170.60879,69.76268],[170.56631,69.80359],[170.57244,69.88176],[170.5235,69.90727],[170.58223,70.06718],[170.42667,70.10309],[170.54422,70.12366],[170.78538,70.08109],[170.95673,70.08874],[171.42706,70.0517],[171.86888,69.98983],[172.49235,69.93745],[172.75008,69.96513],[172.80541,69.93779],[172.78925,69.91802],[172.84696,69.89629],[173.02802,69.84778],[173.20642,69.83584],[173.29859,69.79871],[173.1934,69.78395],[173.19061,69.77017],[173.24631,69.75975],[173.44915,69.77274],[173.42743,69.76265],[173.52698,69.80221],[173.31639,69.87355],[173.28715,69.90817],[173.18117,69.84607],[173.20789,69.88471],[173.27601,69.9109],[173.48095,69.93309],[173.60257,69.88844],[173.69968,69.8768],[173.63324,69.87872],[173.71565,69.86547],[173.66783,69.85792],[173.75682,69.80758],[173.77169,69.8324],[173.74266,69.84559],[173.77267,69.86571],[173.81642,69.84839],[173.88473,69.84607],[174.12486,69.87595],[174.48805,69.84255],[174.82974,69.83553],[175.75974,69.87849],[176.10491,69.8761],[176.4432,69.73342],[176.88141,69.64593],[177.1851,69.60343],[177.49821,69.58805],[178.09698,69.45659],[178.43816,69.45623],[178.7635,69.40404],[179.41253,69.22683],[180.0,68.97703],[180.0,68.97702],[180.0,65.0388],[179.84782,64.99782],[179.51126,64.79647],[179.14036,64.76128],[178.78696,64.62867],[178.60904,64.57382],[178.55137,64.56084],[178.51721,64.5826],[178.64879,64.58842],[178.81717,64.6415],[178.82029,64.65245],[178.75323,64.67631],[178.57946,64.65051],[178.26753,64.63281],[178.23795,64.63667],[178.33734,64.63712],[178.13743,64.66635],[178.01126,64.63701],[178.03166,64.66285],[177.99384,64.67939],[177.6313,64.69683],[177.68122,64.70682],[177.6177,64.75658],[177.5322,64.76031],[177.56605,64.79001],[177.50457,64.80621],[177.49869,64.82084],[177.53884,64.84302],[177.49233,64.85514],[177.51708,64.90521],[177.25039,64.92177],[177.23204,64.935],[177.25506,64.98092],[177.21778,65.0088],[177.01535,65.039],[177.01787,65.05234],[176.97977,65.06498],[176.88808,65.06912],[176.60407,65.0057],[176.58051,65.03655],[176.51649,65.04197],[176.4528,65.07468],[176.41337,65.05858],[176.421,65.04108],[176.48064,65.02676],[176.4819,65.00449],[176.50741,64.99034],[176.61216,64.97708],[177.00935,65.03605],[177.04095,64.9822],[177.21267,64.93341],[177.23519,64.91065],[177.27927,64.91065],[177.26152,64.84797],[177.29017,64.82368],[177.05577,64.77166],[176.97108,64.77954],[176.96823,64.81879],[176.91576,64.83744],[176.83161,64.82213],[176.79141,64.84376],[176.6836,64.85486],[176.55288,64.79891],[176.44798,64.79523],[176.46508,64.82521],[176.44272,64.84661],[176.27866,64.88559],[176.22138,64.87982],[176.24812,64.82146],[176.28623,64.81065],[176.30711,64.76881],[176.436,64.68428],[176.35714,64.64115],[176.23965,64.62533],[176.2978,64.59246],[176.43424,64.6167],[176.47266,64.66407],[176.53708,64.6682],[176.69006,64.61685],[176.77196,64.5386],[176.83024,64.55425],[176.86506,64.57343],[176.86279,64.59277],[177.08705,64.70527],[177.22264,64.70392],[177.35012,64.75068],[177.50748,64.74137],[177.53919,64.73288],[177.48359,64.65744],[177.49928,64.63017],[177.45489,64.60698],[177.42987,64.5655],[177.41531,64.4964],[177.48923,64.40689],[177.61841,64.33714],[177.70506,64.3142],[177.85737,64.23263],[177.97473,64.20313],[178.00624,64.20746],[177.998,64.22027],[178.06805,64.21083],[178.06678,64.19815],[178.12467,64.18472],[178.1689,64.19332],[178.12359,64.23225],[178.25351,64.27254],[178.3251,64.31621],[178.47817,64.12227],[178.4805,64.09251],[178.48242,64.06794],[178.46294,64.06296],[178.39801,64.03201],[178.37701,64.005],[178.37701,63.97201],[178.41002,63.965],[178.52252,63.97486],[178.62606,63.95168],[178.66413,63.94315],[178.69333,63.89476],[178.7556,63.64757],[178.73756,63.65095],[178.73861,63.6444],[178.609,63.67499],[178.52491,63.64206],[178.354,63.62599],[178.26111,63.57491],[178.32301,63.52501],[178.37001,63.516],[178.396,63.51901],[178.47229,63.57246],[178.50367,63.57878],[178.70226,63.57265],[178.73699,63.50257],[178.72247,63.47642],[178.66701,63.45899],[178.59511,63.41209],[178.68009,63.384],[178.77399,63.40001],[178.80789,63.4419],[178.773,63.47927],[178.74742,63.54545],[178.75343,63.57329],[178.75649,63.58746],[178.77493,63.58626],[178.83708,63.46993],[179.002,63.32],[178.856,63.39899],[178.84988,63.39687],[178.84831,63.39871],[178.828,63.39799],[178.80401,63.38099],[178.80601,63.35201],[178.82211,63.33891],[178.85307,63.32501],[178.90222,63.33202],[178.92772,63.31438],[178.92901,63.29301],[178.96275,63.29283],[178.96436,63.29247],[178.97543,63.2834],[179.2448,63.22763],[179.44601,63.12136],[179.46657,63.05931],[179.33211,63.05202],[179.2843,63.00178],[179.28385,62.9588],[179.35094,62.88368],[179.51299,62.86776],[179.5726,62.83141],[179.57971,62.77384],[179.61712,62.75279],[179.63226,62.69168],[179.58932,62.61979],[179.47568,62.59903],[179.44442,62.57575],[179.45643,62.55468],[179.44041,62.52503],[179.36176,62.47732],[179.21323,62.4926],[179.14197,62.46007],[179.11564,62.42324],[179.18814,62.39112],[179.14883,62.34927],[179.18376,62.32098],[179.15419,62.28694],[179.09534,62.27448],[179.03924,62.33418],[179.00652,62.34418],[178.32444,62.45922],[178.1658,62.49372],[178.09241,62.53079],[177.54969,62.55969],[177.05956,62.53299],[176.54469,62.41628],[176.27869,62.29226],[176.0,62.25279],[175.54223,62.14623],[175.18869,62.00084],[174.82072,61.91757],[174.76076,61.89486],[174.72125,61.85419],[174.5057,61.80861],[174.38361,61.81854],[174.13202,61.77771],[174.02677,61.74143],[173.98948,61.69865],[173.91382,61.69282],[173.83494,61.6442],[173.81612,61.6733],[173.70334,61.70247],[173.64597,61.73926],[173.51984,61.72346],[173.49119,61.70682],[173.51362,61.65311],[173.47214,61.63493],[173.5071,61.55557],[173.45792,61.52714],[173.37514,61.54161],[173.3192,61.5229],[173.30357,61.5089],[173.33376,61.48161],[173.26976,61.43181],[173.08119,61.38162],[172.88436,61.46301],[172.79049,61.43873],[172.73891,61.40258],[172.94588,61.33744],[172.95621,61.3213],[172.93011,61.3117],[172.96949,61.30321],[172.97038,61.28419],[172.9372,61.2674],[172.79048,61.26341],[172.68547,61.21561],[172.65031,61.16617],[172.50806,61.17356],[172.37417,61.22004],[172.33983,61.19895],[172.36959,61.18163],[172.37104,61.15938],[172.44388,61.13886],[172.43064,61.12169],[172.29805,61.1105],[172.24138,61.13108],[172.30762,61.10055],[172.40627,61.10989],[172.42685,61.0964],[172.40367,61.04426],[172.4438,61.06742],[172.4719,61.07226],[172.46116,61.06642],[172.48398,61.05014],[172.42326,61.01201],[172.2778,61.0048],[172.15392,61.06704],[172.04772,61.0952],[172.00973,61.08736],[172.1506,61.04108],[172.10004,61.01571],[172.16549,61.02665],[172.21652,60.96998],[172.21481,60.94774],[172.15193,60.93277],[172.09674,60.89051],[172.11137,60.85949],[172.07659,60.86054],[172.07412,60.83765],[172.04341,60.8378],[172.00725,60.88714],[171.967,60.88305],[171.95781,60.85717],[171.98013,60.84256],[171.94739,60.8288],[171.84457,60.82163],[171.7904,60.84652],[171.7101,60.83338],[171.70226,60.81282],[171.65778,60.80878],[171.62364,60.78099],[171.65595,60.74558],[171.63442,60.71875],[171.47548,60.69676],[171.41492,60.65778],[171.39491,60.61396],[171.18825,60.55191],[171.08321,60.54632],[170.98515,60.50162],[170.88044,60.48965],[170.78808,60.41834],[170.75072,60.42084],[170.73474,60.40365],[170.64283,60.40964],[170.62508,60.39176],[170.66132,60.37565],[170.61861,60.36927],[170.61695,60.3553],[170.69157,60.34552],[170.69069,60.31324],[170.52456,60.2554],[170.48319,60.19815],[170.45894,60.12178],[170.46407,60.05814],[170.43331,60.02275],[170.42714,59.97099],[170.39126,59.9454],[170.29489,59.92617],[170.12648,59.9717],[170.1589,60.00608],[170.11877,60.03192],[169.95708,60.07343],[169.92971,60.13886],[169.88367,60.16819],[169.87254,60.23511],[169.78102,60.26987],[169.78053,60.30921],[169.73607,60.33291],[169.74981,60.38277],[169.66806,60.42453],[169.50805,60.46192],[169.41454,60.51449],[169.23052,60.54775],[168.82671,60.56493],[168.72814,60.56064],[168.71502,60.54109],[168.57306,60.5754],[168.55806,60.59435],[168.47576,60.5966],[168.12426,60.56462],[167.87278,60.50188],[167.79703,60.53099],[167.77534,60.51827],[167.80692,60.48677],[167.78686,60.46954],[167.72004,60.47668],[167.66996,60.448],[167.46253,60.40648],[167.40827,60.41153],[167.37825,60.37709],[167.3205,60.38228],[167.30621,60.36096],[167.2282,60.33861],[167.12924,60.35748],[167.06727,60.40446],[167.11775,60.40868],[167.00302,60.41507],[167.0547,60.41123],[167.04175,60.38075],[167.08401,60.33387],[167.07372,60.3068],[166.98268,60.29843],[166.88681,60.22274],[166.78748,60.22722],[166.8611,60.21429],[166.73705,60.09769],[166.42724,59.93132],[166.36427,59.8585],[166.28594,59.80967],[166.11085,59.79936],[166.09014,59.81197],[166.11004,59.86003],[166.09933,59.87679],[166.18019,59.97227],[166.16385,60.01233],[166.18821,60.03477],[166.17615,60.05121],[166.20859,60.12801],[166.28145,60.14462],[166.31375,60.19556],[166.28468,60.24354],[166.291,60.32085],[166.2529,60.36804],[166.25898,60.39597],[166.26499,60.3609],[166.38905,60.40845],[166.35642,60.44364],[166.37901,60.45679],[166.33963,60.44964],[166.26782,60.47331],[166.16127,60.44095],[166.24221,60.45155],[166.23106,60.44482],[166.10864,60.43708],[165.99597,60.41878],[165.95152,60.38869],[165.96778,60.35702],[165.91675,60.33984],[166.00024,60.36126],[166.04543,60.4112],[166.09881,60.43108],[166.05436,60.41256],[166.01837,60.36676],[165.94055,60.33976],[165.83429,60.31615],[165.76033,60.263],[165.36215,60.15841],[165.22751,60.08713],[165.18858,60.08226],[165.17554,60.08896],[165.19551,60.10199],[165.15025,60.11135],[165.18855,60.12948],[165.17068,60.14338],[165.12664,60.11545],[165.12917,60.09844],[165.02676,60.10107],[165.02479,60.05146],[165.10534,60.08461],[165.16564,60.07934],[165.14068,60.02854],[165.19836,60.01006],[165.1916,59.99768],[165.21533,59.98632],[165.165,59.96653],[165.1336,59.89924],[165.07126,59.85625],[164.94024,59.83274],[164.8364,59.78216],[164.79489,59.82653],[164.80169,59.86662],[164.78153,59.92568],[164.71639,59.99629],[164.60368,60.0204],[164.61151,60.03049],[164.56737,60.0622],[164.48993,60.09969],[164.3838,60.09499],[164.36144,60.05557],[164.36316,60.08349],[164.34222,60.0892],[164.29891,60.03945],[164.31943,59.99938],[164.33991,60.01954],[164.34437,59.99403],[164.2139,59.96978],[164.14283,59.93527],[164.12842,59.88959],[164.21955,59.86428],[164.20003,59.85304],[164.08144,59.86525],[164.06675,59.89351],[164.12346,59.9135],[164.14302,59.93652],[164.18274,59.96351],[164.23666,59.97845],[164.21403,59.99103],[164.15349,59.97812],[164.06656,60.00122],[164.06018,60.02303],[164.01763,60.00945],[163.99828,60.02811],[163.99723,60.01293],[163.83471,60.00324],[163.92749,60.02308],[163.82996,60.04266],[163.79384,60.01766],[163.7272,60.03402],[163.64717,60.00984],[163.6411,59.98734],[163.69406,59.9736],[163.69636,59.95601],[163.75836,59.95056],[163.76855,59.96558],[163.74868,59.97829],[163.74826,59.98152],[163.79624,59.9742],[163.8351,59.99232],[163.76322,59.95318],[163.69116,59.87699],[163.60699,59.89721],[163.52697,59.89206],[163.4336,59.83657],[163.38644,59.78547],[163.36956,59.73141],[163.42341,59.64413],[163.41648,59.62172],[163.35939,59.5905],[163.34818,59.5859],[163.30939,59.57506],[163.36082,59.59242],[163.2782,59.59128],[163.19167,59.5608],[163.21433,59.56702],[163.20472,59.55877],[163.1898,59.52841],[163.18862,59.51394],[163.19396,59.51027],[163.21238,59.53191],[163.27488,59.55534],[163.21484,59.52333],[163.20586,59.48551],[163.33237,59.40377],[163.34808,59.30308],[163.34229,59.2735],[163.29641,59.22969],[163.27214,59.21585],[163.26683,59.22992],[163.33472,59.26664],[163.3382,59.28516],[163.16609,59.27951],[163.07786,59.25349],[163.07917,59.19336],[163.16241,59.15776],[163.19565,59.09621],[163.10505,59.11152],[163.06877,59.12902],[163.13338,59.11457],[163.06182,59.13893],[162.90402,59.11346],[162.99802,59.017],[163.06034,58.99668],[163.072,59.01125],[163.05322,59.02012],[163.06641,59.02158],[163.07303,59.01251],[163.07243,58.99205],[163.01665,58.94647],[162.86635,58.90741],[162.81217,58.87463],[162.79555,58.83738],[162.5325,58.74151],[162.41102,58.65694],[162.13318,58.36985],[162.01311,58.16153],[161.98897,58.08705],[162.00911,57.98319],[162.05647,57.90893],[162.13672,57.84655],[162.3195,57.78991],[162.33901,57.69101],[162.37624,57.69011],[162.34025,57.67307],[162.35529,57.6619],[162.40315,57.66837],[162.38684,57.67533],[162.46624,57.70301],[162.48746,57.73786],[162.53041,57.75139],[162.4942,57.85103],[162.5516,57.92929],[162.67851,57.93378],[162.69807,57.95],[163.05433,57.81898],[163.21206,57.81877],[163.32169,57.72478],[163.23157,57.66851],[163.22299,57.64454],[163.24185,57.62029],[163.22371,57.58893],[163.14521,57.56978],[163.09667,57.48429],[162.91164,57.43645],[162.78183,57.35102],[162.77473,57.19603],[162.8527,57.03114],[162.7773,56.78117],[162.83422,56.7257],[162.93266,56.69325],[163.07041,56.7414],[163.12988,56.72557],[163.23214,56.74195],[163.23109,56.70972],[163.28459,56.68783],[163.23412,56.61712],[163.27214,56.56709],[163.24611,56.53967],[163.27897,56.46823],[163.25013,56.44292],[163.31118,56.39599],[163.35343,56.32742],[163.33333,56.27012],[163.36231,56.18382],[163.15117,56.11858],[163.086,56.06439],[163.05394,56.00642],[162.91239,56.0225],[162.81691,56.06171],[162.75101,56.12038],[162.7477,56.14703],[162.61931,56.22694],[162.25994,56.16263],[162.077,56.08037],[162.05156,56.0443],[162.07446,56.01456],[162.0378,55.98964],[162.0228,55.93976],[161.92864,55.83854],[161.90816,55.76951],[161.78844,55.63799],[161.75159,55.54269],[161.74136,55.38467],[161.77887,55.23439],[161.86292,55.08486],[161.98986,55.00575],[162.04777,54.95098],[162.08091,54.88644],[162.155,54.85335],[162.15451,54.8339],[162.12018,54.83371],[162.10362,54.811],[162.13961,54.75307],[161.99821,54.6949],[161.97999,54.6656],[161.83603,54.60001],[161.71483,54.50528],[161.46805,54.51291],[161.28765,54.48035],[161.20239,54.52442],[161.196,54.58362],[161.07051,54.59298],[160.71911,54.52768],[160.42104,54.38513],[160.24775,54.26479],[160.12584,54.22509],[160.12829,54.2181],[160.07136,54.18789],[159.99046,54.11018],[159.98541,54.10936],[160.03672,54.16343],[159.99251,54.16149],[160.00233,54.14498],[159.96604,54.12274],[159.99091,54.08107],[159.8693,53.88475],[159.84081,53.76003],[159.85616,53.68441],[159.91485,53.6705],[159.89908,53.6432],[159.95603,53.57341],[159.94121,53.55644],[159.95593,53.49454],[159.93673,53.47239],[159.87021,53.48303],[159.8377,53.43381],[159.86015,53.39038],[159.93243,53.38265],[159.89603,53.35026],[159.9055,53.33182],[159.97363,53.32741],[159.90285,53.25564],[159.93024,53.24828],[159.94672,53.21061],[159.96308,53.25164],[160.02246,53.26348],[159.99688,53.22976],[160.04615,53.20157],[160.03181,53.17082],[160.0604,53.14417],[160.03984,53.13398],[160.03596,53.09806],[159.96571,53.1068],[159.74314,53.20508],[159.76504,53.23889],[159.85156,53.2703],[159.81438,53.27617],[159.71086,53.21841],[159.63616,53.25504],[159.57587,53.25176],[159.47042,53.22435],[159.39306,53.15156],[159.34751,53.16997],[159.2324,53.15439],[159.24992,53.15202],[159.09147,53.10791],[158.86429,53.00001],[158.71327,52.88709],[158.67998,52.91163],[158.68252,52.94488],[158.64568,52.95807],[158.65267,52.97017],[158.68408,52.95211],[158.70807,52.9632],[158.65393,52.98937],[158.61105,53.0505],[158.52787,53.06534],[158.50577,53.03385],[158.42007,53.01691],[158.41372,52.97422],[158.44248,52.98176],[158.47068,52.96276],[158.41517,52.95098],[158.44095,52.9039],[158.43003,52.89371],[158.55184,52.88959],[158.53761,52.9119],[158.468,52.92939],[158.49516,52.9335],[158.54911,52.91168],[158.6349,52.91743],[158.64559,52.89782],[158.62461,52.89378],[158.63289,52.87181],[158.59883,52.86675],[158.64594,52.84406],[158.57917,52.81429],[158.56539,52.77692],[158.48075,52.77001],[158.48826,52.73624],[158.60209,52.69396],[158.56566,52.67796],[158.58518,52.66563],[158.54969,52.65058],[158.54895,52.62679],[158.49526,52.61793],[158.41072,52.65782],[158.38841,52.64986],[158.4589,52.61417],[158.42569,52.62015],[158.41208,52.60075],[158.47137,52.5636],[158.51077,52.56322],[158.52623,52.52763],[158.49478,52.5026],[158.52473,52.48117],[158.50997,52.46725],[158.46632,52.46221],[158.48202,52.44674],[158.39729,52.40797],[158.43228,52.40096],[158.50694,52.43747],[158.5606,52.4175],[158.54212,52.40873],[158.57088,52.3816],[158.4829,52.3443],[158.55494,52.33024],[158.5485,52.29063],[158.51448,52.26933],[158.44365,52.27139],[158.46049,52.2539],[158.39325,52.22674],[158.38456,52.19659],[158.41365,52.19063],[158.41355,52.17112],[158.37699,52.12924],[158.35054,52.14268],[158.30616,52.11796],[158.29849,52.0993],[158.32636,52.06829],[158.2831,52.0318],[158.29157,52.0122],[158.26839,52.00928],[158.27345,51.96264],[158.12573,51.85181],[158.10629,51.80824],[158.02514,51.781],[157.99672,51.7275],[157.96648,51.71395],[157.96436,51.6861],[157.93284,51.67861],[157.90605,51.64433],[157.91114,51.62876],[157.86099,51.62199],[157.8269,51.58006],[157.79053,51.57918],[157.77112,51.55408],[157.69886,51.55388],[157.53711,51.48709],[157.27899,51.26876],[157.25612,51.22508],[157.09018,51.15247],[156.93891,51.0441],[156.87304,51.02065],[156.84581,50.98424],[156.66912,50.86585],[156.6586,50.8854],[156.76757,50.99532],[156.76016,51.07395],[156.73744,51.09413],[156.7012,51.09119],[156.72326,51.16058],[156.71526,51.19861],[156.64734,51.25366],[156.55214,51.27814],[156.53355,51.322],[156.52463,51.42075],[156.4842,51.52191],[156.49869,51.85036],[156.44312,52.22472],[156.39385,52.36556],[156.147,52.84824],[156.08431,53.22713],[155.97585,53.71007],[155.90206,53.97909],[155.7372,54.42744],[155.55792,55.19948],[155.55685,55.37256],[155.63177,55.712],[155.65124,55.96604],[155.98967,56.68167],[156.10835,56.80404],[156.17997,56.83367],[156.14725,56.79776],[156.19618,56.79616],[156.21657,56.85173],[156.47243,56.95747],[156.54781,57.04282],[156.53306,57.08006],[156.55255,57.10162],[156.6713,57.058],[156.73744,57.07639],[156.72334,57.09764],[156.90349,57.29277],[156.99996,57.4357],[156.98902,57.53512],[156.90712,57.66981],[156.84816,57.7154],[156.7734,57.72538],[156.85273,57.77486],[156.85533,57.80249],[156.90372,57.79986],[157.00602,57.85474],[157.03674,57.83092],[157.03395,57.81172],[157.11709,57.78392],[157.3495,57.77062],[157.52614,57.82173],[157.58833,57.8974],[157.5746,57.93289],[157.66712,57.97836],[157.6726,57.99584],[157.65263,58.00244],[157.67764,58.0164],[157.75737,58.01717],[157.76296,57.99469],[157.83723,57.9822],[157.98443,57.97952],[158.20409,58.02167],[158.33196,58.07495],[158.66939,58.26348],[159.08359,58.43173],[159.215,58.55346],[159.52968,58.7252],[159.6183,58.79939],[159.63545,58.83696],[159.67386,58.83009],[159.71306,58.85056],[159.76136,58.94815],[159.74587,58.97533],[159.71925,58.97786],[159.7637,59.0404],[159.8311,59.07703],[159.85821,59.12676],[160.00925,59.19582],[160.10282,59.26819],[160.15767,59.28467],[160.19746,59.32963],[160.28177,59.33455],[160.39361,59.3865],[160.43806,59.43461],[160.49633,59.5561],[160.7852,59.59533],[160.89675,59.62767],[160.95314,59.68308],[160.94355,59.70185],[161.11038,59.75844],[161.18999,59.82103],[161.26509,59.84697],[161.33433,59.92975],[161.40072,59.95381],[161.49276,60.04286],[161.56888,60.05101],[161.77975,60.12915],[161.91912,60.20778],[161.94972,60.25413],[161.94371,60.29806],[161.9192,60.31498],[161.88832,60.29545],[161.93188,60.35035],[161.92555,60.3782],[161.95107,60.42293],[162.02146,60.42937],[162.07189,60.47098],[162.16317,60.4853],[162.2058,60.52816],[162.40597,60.54103],[162.51474,60.60922],[162.64004,60.59496],[162.70531,60.60815],[162.72099,60.63148],[162.78123,60.64148],[162.89317,60.72961],[162.8912,60.75239],[163.00947,60.7764],[163.06983,60.75149],[163.12738,60.75356],[163.14272,60.7712],[163.10629,60.77203],[163.10502,60.77915],[163.198,60.80659],[163.2492,60.79323],[163.38854,60.80232],[163.61327,60.86689],[163.69524,60.85643],[163.73031,60.87151],[163.76847,60.92031],[163.48679,61.00678],[163.55323,61.04585],[163.62126,61.0575],[163.63562,61.08577],[163.61349,61.11146],[163.66097,61.13443],[163.93732,61.22278],[163.95496,61.24761],[163.94727,61.27317],[164.02942,61.34961],[163.96803,61.42183],[163.86622,61.44782],[163.8148,61.44196],[163.77463,61.41326],[163.75103,61.46859],[163.84084,61.56356],[163.87188,61.65171],[164.01477,61.66393],[164.05407,61.68422],[164.07617,61.80111],[164.04596,61.84107],[164.09979,61.91018],[164.07212,61.99087],[164.11089,62.02419],[164.07622,62.09631],[164.12559,62.12738],[164.10241,62.17043],[164.12658,62.1895],[164.13589,62.25398],[164.23506,62.31254],[164.43555,62.35746],[164.44847,62.39906],[164.49835,62.4022],[164.53108,62.43992],[164.734,62.45548],[165.02096,62.40161],[165.08097,62.41033],[165.10325,62.4312],[165.1157,62.4483],[165.09134,62.48714],[164.88914,62.54732],[164.7199,62.57466],[164.68347,62.6364],[164.582,62.69099],[164.36613,62.712],[163.257,62.54299],[163.16423,62.44527],[163.17181,62.42889],[163.22693,62.41769],[163.23188,62.38242],[163.30325,62.37454],[163.37269,62.33439],[163.23839,62.31504],[163.22128,62.29721],[163.23997,62.28433],[163.17981,62.27301],[163.08582,62.22025],[163.10166,62.21266],[163.08904,62.17548],[163.11112,62.13836],[163.14055,62.12969],[163.14137,62.1034],[163.09905,62.09563],[163.13685,62.04487],[163.01188,61.92717],[163.02274,61.91848],[163.01254,61.91809],[163.00321,61.91399],[163.02089,61.90918],[163.06692,61.91822],[163.04324,61.88216],[163.02972,61.8841],[163.01942,61.88039],[163.03666,61.88009],[163.0105,61.8355],[162.9663,61.80852],[163.03489,61.77046],[163.33642,61.7101],[163.3245,61.65877],[163.20061,61.63321],[163.23212,61.61144],[163.17959,61.63011],[163.12059,61.61877],[163.07408,61.58304],[163.10915,61.56917],[163.11309,61.54967],[163.01868,61.51335],[162.96248,61.55938],[162.96645,61.57771],[162.94247,61.58119],[162.93119,61.66761],[162.83373,61.71506],[162.61644,61.6646],[162.64967,61.62683],[162.74887,61.62767],[162.77954,61.59952],[162.75399,61.59133],[162.67234,61.60033],[162.63772,61.62526],[162.49254,61.66148],[162.38906,61.66294],[162.36144,61.61457],[162.28941,61.61207],[162.327,61.58707],[162.25397,61.54962],[162.20689,61.55765],[162.22818,61.51753],[162.13095,61.49459],[162.13936,61.47422],[162.09778,61.45704],[162.10745,61.4417],[162.02844,61.43455],[162.05974,61.41989],[162.02289,61.4092],[162.00754,61.38307],[161.91778,61.37675],[161.90301,61.4263],[161.87608,61.42884],[161.89086,61.37249],[161.91506,61.35958],[161.89687,61.3387],[161.86448,61.33458],[161.81494,61.37266],[161.78372,61.30052],[161.69355,61.28443],[161.693,61.29751],[161.69195,61.27807],[161.66718,61.28051],[161.65099,61.25702],[161.54316,61.25318],[161.5952,61.24584],[161.60396,61.21566],[161.57625,61.20272],[161.58109,61.18834],[161.47876,61.19754],[161.45685,61.16721],[161.40349,61.15348],[161.45679,61.13594],[161.44637,61.11922],[161.37225,61.10637],[161.35156,61.07435],[161.30887,61.05802],[161.21246,61.05494],[161.21789,61.03036],[161.18186,61.01283],[161.18322,60.98893],[161.07193,60.96039],[160.96516,60.90295],[160.91115,60.89819],[160.91377,60.87362],[160.8655,60.84746],[160.8309,60.75375],[160.79671,60.74414],[160.79004,60.71707],[160.68554,60.7716],[160.63325,60.71421],[160.55537,60.74153],[160.4627,60.69607],[160.40697,60.7019],[160.43992,60.74733],[160.42648,60.75899],[160.38149,60.72335],[160.34769,60.72817],[160.38306,60.70098],[160.35832,60.65858],[160.30858,60.65364],[160.28466,60.61178],[160.16811,60.57475],[160.13695,60.58839],[160.16135,60.6415],[160.14483,60.65528],[160.21543,60.65948],[160.20185,60.69902],[160.25496,60.71266],[160.23376,60.72299],[160.25201,60.73577],[160.24872,60.77713],[160.17522,60.8266],[160.20381,60.82565],[160.21696,60.84489],[160.25625,60.82513],[160.24239,60.87903],[160.26949,60.87502],[160.27344,60.90386],[160.31025,60.88188],[160.32286,60.88968],[160.30821,60.90454],[160.38736,60.90613],[160.33558,60.92955],[160.42631,60.98599],[160.3974,61.0029],[160.44301,61.03597],[160.36946,61.04562],[160.2784,61.01985],[160.19205,61.03985],[160.08939,61.01576],[159.98795,60.96159],[159.95782,60.96526],[159.94984,60.93991],[159.88924,60.94767],[159.90612,60.92421],[159.89022,60.91451],[159.78758,60.93267],[159.8336,60.95046],[159.83008,60.97801],[159.92796,61.02218],[159.96583,61.05444],[159.95421,61.07286],[160.0047,61.10708],[159.96972,61.1418],[159.98488,61.15013],[159.97146,61.17627],[159.9157,61.2115],[159.95122,61.2237],[159.93844,61.24538],[159.89383,61.26096],[159.85424,61.2583],[159.82281,61.23224],[159.76808,61.23903],[159.79969,61.24985],[159.77605,61.26074],[159.82816,61.27246],[159.82788,61.29203],[159.90535,61.29384],[159.94631,61.27507],[159.92471,61.27225],[159.96621,61.26397],[159.95587,61.27093],[160.00402,61.29292],[159.95238,61.28941],[159.88069,61.32072],[159.97325,61.33982],[159.95471,61.3783],[160.08402,61.37805],[160.04075,61.38956],[160.09526,61.4139],[160.10659,61.4412],[160.03489,61.45373],[160.11379,61.50157],[160.20865,61.51238],[160.27935,61.5541],[160.2438,61.58858],[160.28041,61.60865],[160.25876,61.62512],[160.32267,61.66378],[160.2542,61.69231],[160.41024,61.76188],[160.39936,61.79597],[160.35394,61.80431],[160.40087,61.82781],[160.36841,61.86746],[160.39134,61.88035],[160.3509,61.91347],[160.36976,61.92196],[160.36503,61.9387],[160.2992,61.94106],[160.1832,61.88266],[160.1274,61.88245],[160.03029,61.84622],[159.97008,61.75985],[159.94836,61.76086],[159.89591,61.71108],[159.81627,61.70845],[159.79786,61.72997],[159.79125,61.70102],[159.72346,61.70053],[159.6959,61.73006],[159.70711,61.68573],[159.6186,61.68022],[159.57638,61.65175],[159.52382,61.66901],[159.5124,61.7079],[159.53811,61.72597],[159.54187,61.75356],[159.52423,61.76506],[159.53777,61.79994],[159.57153,61.81722],[159.51393,61.81759],[159.52375,61.79616],[159.47678,61.78539],[159.47126,61.76361],[159.46109,61.78282],[159.35149,61.81738],[159.39705,61.83349],[159.39622,61.87692],[159.15665,61.92162],[159.00634,61.9233],[158.96654,61.89483],[158.88635,61.90498],[158.90106,61.88651],[158.85023,61.86423],[158.8464,61.82094],[158.80992,61.81418],[158.69887,61.83803],[158.56903,61.83347],[158.47609,61.7892],[158.4009,61.82254],[158.25076,61.82239],[158.07986,61.73106],[158.05196,61.75034],[158.04115,61.72867],[157.94232,61.74125],[157.95122,61.75554],[157.93007,61.77592],[157.8933,61.78599],[157.487,61.80299],[157.26225,61.71611],[157.15146,61.69282],[157.02701,61.64999],[156.96334,61.56353],[156.89931,61.53904],[156.81828,61.51851],[156.67206,61.51903],[156.69699,61.5054],[156.65992,61.48852],[156.62418,61.37194],[156.64976,61.33984],[156.62848,61.2897],[156.65743,61.203],[156.54674,61.20778],[156.39066,61.15505],[156.1001,61.00979],[156.02943,60.94676],[155.9934,60.94102],[155.98176,60.91392],[155.97054,60.93663],[155.92891,60.92859],[155.98752,60.90874],[155.91879,60.86057],[155.9034,60.80665],[155.92217,60.74852],[155.89834,60.73616],[155.90589,60.70933],[155.86224,60.73168],[155.81062,60.72842],[155.7257,60.6562],[155.62632,60.64603],[155.56058,60.61806],[155.53667,60.58809],[155.48922,60.58225],[155.48421,60.53431],[155.43533,60.51177],[155.40322,60.5314],[155.32042,60.51819],[155.24244,60.48609],[155.14795,60.41438],[154.93537,60.3529],[154.63761,60.15329],[154.50805,60.02369],[154.48454,59.9319],[154.50044,60.01882],[154.5847,60.10545],[154.41087,60.06641],[154.40744,60.03285],[154.4733,59.96687],[154.47958,59.88589],[154.4179,59.86653],[154.45997,59.89809],[154.32475,59.90092],[154.2092,59.87752],[154.22669,59.85665],[154.21568,59.78394],[154.22927,59.73296],[154.37404,59.57723],[154.29017,59.61943],[154.29638,59.64282],[154.2791,59.66001],[154.2279,59.66458],[154.19575,59.62245],[154.21693,59.60579],[154.15516,59.56167],[154.14613,59.53439],[154.10501,59.54138],[154.07246,59.51886],[154.12619,59.45804],[154.30283,59.4388],[154.34747,59.47155],[154.36047,59.50143],[154.34613,59.51946],[154.39293,59.53612],[154.41387,59.50571],[154.37782,59.47523],[154.42515,59.45565],[154.41426,59.42145],[154.53406,59.42041],[154.53649,59.43562],[154.45724,59.47541],[154.46473,59.51491],[154.42877,59.52418],[154.41274,59.55068],[154.55167,59.51326],[154.64623,59.54215],[154.79502,59.46351],[154.90917,59.46932],[154.97164,59.49608],[155.01339,59.47784],[155.02496,59.43197],[155.08559,59.39167],[155.16788,59.37818],[155.21001,59.34714],[155.19402,59.33182],[155.21923,59.30794],[155.15466,59.29238],[155.2016,59.23655],[155.13281,59.22305],[155.19142,59.1823],[155.18155,59.17449],[155.06379,59.19273],[155.02867,59.17203],[154.83433,59.19717],[154.78998,59.1781],[154.80661,59.12764],[154.67464,59.14788],[154.53594,59.21665],[154.45209,59.21677],[154.39354,59.19573],[154.33395,59.20892],[154.36187,59.19485],[154.32916,59.18981],[154.35968,59.14847],[154.34033,59.13939],[154.35546,59.1091],[154.33182,59.12274],[154.27965,59.08544],[154.22327,59.10394],[154.16883,59.09507],[154.04065,59.04689],[153.92801,59.07605],[153.83871,59.16833],[153.68527,59.18492],[153.71847,59.21619],[153.77382,59.21761],[153.78548,59.24554],[153.68624,59.2279],[153.67883,59.19737],[153.63811,59.19045],[153.49801,59.23381],[153.3764,59.2122],[153.4468,59.23318],[153.38815,59.24825],[153.36748,59.24543],[153.36039,59.22049],[153.37627,59.21109],[153.35661,59.20116],[153.34994,59.15037],[153.31264,59.16773],[153.28959,59.15736],[153.3001,59.14716],[153.26773,59.09162],[153.11926,59.0882],[152.99756,59.05625],[152.90627,58.94652],[152.90694,58.90658],[152.81824,58.92739],[152.72576,58.90722],[152.65889,58.94175],[152.54818,58.9517],[152.51881,58.98759],[152.40883,59.0228],[152.43643,59.03399],[152.42825,59.04272],[152.35378,59.06062],[152.34255,59.04927],[152.36657,59.03949],[152.35006,59.03584],[152.36836,59.02957],[152.39483,59.00798],[152.30001,59.01248],[152.1721,58.98706],[152.13779,58.96479],[152.14434,58.91949],[152.06731,58.88692],[151.84324,58.8805],[151.68925,58.84321],[151.45363,58.86355],[151.34454,58.83723],[151.36176,58.85805],[151.31297,58.91119],[151.25183,58.93674],[151.23879,58.99785],[151.17675,59.02865],[151.10181,59.10568],[151.21965,59.08657],[151.37014,59.11951],[151.43238,59.165],[151.59235,59.14856],[151.64896,59.1642],[151.75361,59.12907],[151.83182,59.14589],[151.90686,59.13063],[151.98941,59.15156],[152.08149,59.14548],[152.19811,59.19629],[152.31231,59.19705],[152.32214,59.22961],[152.21236,59.26564],[152.17366,59.29785],[152.15253,59.28236],[152.14202,59.28229],[152.14052,59.30475],[152.0095,59.26407],[151.89705,59.30732],[151.73754,59.29971],[151.71785,59.32698],[151.76469,59.33818],[151.77105,59.35594],[151.6944,59.39711],[151.70063,59.41538],[151.66812,59.45373],[151.59072,59.4987],[151.5167,59.50657],[151.49559,59.5403],[151.44131,59.56016],[151.42528,59.56856],[151.4791,59.55412],[151.40853,59.60534],[151.36197,59.60352],[151.3269,59.5608],[151.13437,59.58379],[150.91509,59.56584],[150.89158,59.54174],[150.94478,59.52061],[150.9112,59.4926],[150.95928,59.48285],[150.93936,59.4552],[150.76086,59.43285],[150.74209,59.4568],[150.77991,59.46882],[150.75353,59.48773],[150.50047,59.48512],[150.75832,59.52996],[150.78332,59.54197],[150.77212,59.56307],[150.57622,59.54295],[150.50903,59.55592],[150.52405,59.5661],[150.4986,59.57933],[150.45825,59.57757],[150.47212,59.59393],[150.4579,59.61669],[150.14008,59.65886],[149.78301,59.74117],[149.55203,59.7579],[149.33017,59.7169],[149.04535,59.61554],[149.09791,59.61178],[149.11635,59.57141],[149.097,59.54719],[149.11287,59.53708],[149.21572,59.52139],[149.22687,59.46267],[149.07835,59.48594],[148.93402,59.45229],[148.86293,59.49576],[148.92605,59.53012],[148.87532,59.55095],[148.76541,59.49511],[148.74203,59.47112],[148.75979,59.45969],[148.71566,59.45759],[148.7178,59.3798],[148.74037,59.36003],[148.82076,59.34785],[148.89586,59.3912],[148.90846,59.38813],[148.89507,59.3454],[148.94165,59.35266],[148.92035,59.37423],[148.9837,59.3772],[148.99493,59.36167],[148.92402,59.3174],[148.9232,59.29731],[148.962,59.28088],[148.92883,59.23377],[148.84324,59.28027],[148.79135,59.27361],[148.76557,59.2373],[148.71909,59.24146],[148.73017,59.26683],[148.57548,59.23821],[148.41707,59.25373],[148.44303,59.28136],[148.40891,59.31086],[148.42395,59.32674],[148.40179,59.37579],[148.24156,59.40894],[147.87823,59.3853],[147.78581,59.34325],[147.84774,59.30225],[147.79594,59.26222],[147.63761,59.30779],[147.53776,59.27617],[147.55877,59.25002],[147.54327,59.2357],[147.42266,59.26771],[147.29592,59.33503],[147.17444,59.31836],[147.02923,59.36978],[146.85034,59.35994],[146.69841,59.39062],[146.67801,59.43325],[146.50746,59.46537],[146.39953,59.44701],[146.30383,59.39118],[146.32645,59.32107],[146.30214,59.27448],[146.33813,59.26504],[146.31295,59.24201],[146.35263,59.22399],[146.35095,59.20507],[146.30978,59.18447],[146.20108,59.20936],[146.12997,59.18527],[146.13984,59.16651],[146.12529,59.17946],[146.04726,59.14112],[145.97885,59.14514],[145.98583,59.18427],[145.82654,59.24637],[145.85124,59.30208],[145.94808,59.34832],[145.9712,59.40417],[145.92836,59.42218],[145.87695,59.39885],[145.81998,59.41117],[145.80256,59.36558],[145.71517,59.40187],[145.69796,59.42665],[145.68097,59.41029],[145.56742,59.42079],[145.32471,59.38577],[145.31587,59.41031],[145.25354,59.41599],[144.92759,59.3653],[144.43799,59.36653],[143.8838,59.40111],[143.48109,59.31918],[143.38166,59.32589],[143.30692,59.36183],[143.21873,59.35705],[142.56037,59.22538],[142.28321,59.13194],[142.00983,58.98278],[141.68056,58.68105],[141.56278,58.61199],[141.31724,58.50719],[141.04228,58.44347],[140.7962,58.31564],[140.6623,58.17923],[140.60627,58.06384],[140.49605,57.89521],[140.48858,57.84305],[140.34897,57.78955],[140.3065,57.74706],[140.25443,57.76642],[140.00611,57.70449],[139.88905,57.61131],[139.79335,57.48586],[139.72432,57.49224],[139.6098,57.46357],[139.49359,57.33544],[139.30876,57.27703],[139.18297,57.27086],[139.05402,57.19364],[139.02744,57.13722],[138.99552,57.15617],[138.92707,57.14341],[138.93278,57.11807],[138.90893,57.10523],[138.93031,57.09296],[138.9286,57.06443],[138.87039,57.01307],[138.8045,57.03194],[138.78132,57.01905],[138.79218,57.00395],[138.76341,57.01087],[138.70835,56.97745],[138.67372,56.98494],[138.62672,56.96655],[138.56839,56.87009],[138.44575,56.84291],[138.4592,56.82531],[138.44656,56.82337],[138.46972,56.81477],[138.41921,56.78419],[138.39339,56.73301],[138.2863,56.69472],[138.28132,56.67021],[138.25141,56.65453],[138.27216,56.62013],[138.23363,56.62934],[138.21296,56.60715],[138.12563,56.59374],[138.10821,56.53873],[138.14755,56.48527],[138.14298,56.45765],[138.1159,56.43853],[138.06482,56.43871],[138.06894,56.39771],[138.04189,56.37864],[137.91827,56.36483],[137.84102,56.25814],[137.84375,56.2338],[137.77968,56.21737],[137.72219,56.16038],[137.72443,56.13564],[137.55264,56.10666],[137.43097,56.03953],[137.39487,55.94672],[137.35137,55.96925],[137.29154,55.96184],[137.24535,55.91968],[137.09308,55.85728],[137.05329,55.7874],[136.98526,55.79638],[136.85229,55.74004],[136.80071,55.69789],[136.79668,55.66241],[136.75735,55.64407],[136.71567,55.6681],[136.62061,55.61835],[136.55253,55.62221],[136.54149,55.58263],[136.42027,55.56818],[136.33768,55.50878],[136.30014,55.45726],[136.30114,55.42396],[136.2586,55.41356],[136.21562,55.35274],[136.17338,55.34496],[136.17111,55.3183],[136.13564,55.29031],[136.06279,55.287],[136.03363,55.25624],[135.96059,55.2417],[135.86855,55.17477],[135.81192,55.18055],[135.70877,55.10733],[135.6348,55.1162],[135.46816,55.05855],[135.45334,55.02676],[135.298,54.96064],[135.17425,54.849],[135.18414,54.80487],[135.25704,54.73967],[135.6,54.6565],[135.66563,54.6593],[135.7014,54.64474],[135.68515,54.63555],[135.70865,54.57765],[135.76349,54.56302],[135.96111,54.56755],[136.21096,54.61443],[136.25216,54.59332],[136.30319,54.60668],[136.33162,54.59016],[136.51573,54.58773],[136.70235,54.60316],[136.74513,54.61326],[136.77325,54.64268],[136.83091,54.64464],[136.81084,54.62304],[136.82328,54.60354],[136.80151,54.59819],[136.85632,54.59133],[136.88206,54.5644],[136.80937,54.52765],[136.7405,54.41297],[136.7604,54.39304],[136.7488,54.28689],[136.77569,54.25644],[136.80546,54.25983],[136.80772,54.23529],[136.75429,54.21751],[136.81272,54.16871],[136.81545,54.13494],[136.77144,54.12371],[136.80027,54.11113],[136.77065,54.08534],[136.78559,54.06237],[136.7202,54.03495],[136.69678,53.9921],[136.68261,53.99613],[136.69925,53.98299],[136.67588,53.95718],[136.6733,53.91699],[136.70343,53.86903],[136.68808,53.85349],[136.70967,53.79453],[136.79575,53.76164],[136.85944,53.80051],[136.85151,53.82683],[136.94363,53.85348],[137.06576,53.84538],[137.07437,53.81517],[137.11524,53.80599],[137.196,53.8494],[137.20901,53.91061],[137.30414,54.03357],[137.26698,54.05356],[137.15811,54.03616],[137.15625,54.06525],[137.11346,54.08837],[137.12169,54.1117],[137.08224,54.12708],[137.11546,54.16612],[137.19197,54.19059],[137.18934,54.21],[137.275,54.21766],[137.28938,54.23605],[137.2655,54.2465],[137.375,54.27175],[137.39423,54.30541],[137.63544,54.29311],[137.67062,54.31642],[137.73571,54.3192],[137.73264,54.29529],[137.51208,54.15127],[137.3332,54.12578],[137.2973,54.06002],[137.37764,54.03806],[137.37257,54.06375],[137.40163,54.03423],[137.43102,54.03887],[137.60079,53.95278],[137.85522,53.9649],[137.80258,53.90307],[137.66234,53.86998],[137.60841,53.83399],[137.59819,53.77323],[137.57185,53.77527],[137.55829,53.72898],[137.49806,53.69258],[137.49595,53.68528],[137.49827,53.65737],[137.4968,53.65362],[137.48187,53.67153],[137.3658,53.66623],[137.21819,53.59546],[137.23812,53.56269],[137.31289,53.53306],[137.68662,53.54805],[137.9518,53.58238],[138.00993,53.62585],[138.18187,53.67361],[138.30475,53.7418],[138.33345,53.77539],[138.33579,53.82868],[138.36928,53.90118],[138.58104,53.99463],[138.59645,53.97113],[138.57666,53.92353],[138.59363,53.86836],[138.58486,53.80481],[138.57284,53.79272],[138.57811,53.80374],[138.57311,53.81219],[138.35574,53.64525],[138.33809,53.62501],[138.36553,53.60546],[138.26649,53.55671],[138.25949,53.53268],[138.26985,53.51089],[138.37315,53.50681],[138.46949,53.52675],[138.58666,53.61459],[138.65898,53.70694],[138.70691,53.84565],[138.70045,53.86019],[138.70064,53.83259],[138.69168,53.90486],[138.7684,53.9819],[138.77798,54.04731],[138.74099,54.24899],[138.65927,54.28668],[138.74924,54.30367],[139.0,54.22149],[139.31736,54.17711],[139.59827,54.23761],[139.72897,54.29707],[139.78544,54.29175],[139.77598,54.22039],[139.78873,54.20481],[139.85369,54.18069],[139.87896,54.19876],[139.89019,54.19187],[139.87601,54.17626],[139.94625,54.12915],[140.20679,54.0471],[140.20761,53.99932],[140.25881,53.97551],[140.25486,53.87514],[140.27994,53.83927],[140.35688,53.77456],[140.51953,53.71221],[140.50593,53.68461],[140.53992,53.65234],[140.73231,53.56301],[141.1079,53.46059],[141.13078,53.44735],[140.94468,53.49705],[140.90334,53.46386],[140.91249,53.42596],[140.99607,53.44521],[140.99162,53.4125],[141.1073,53.39805],[141.08418,53.3705],[141.19315,53.31365],[141.41762,53.29432],[141.32758,53.22642],[141.41441,53.22579],[141.41147,53.19074],[141.44325,53.16384],[141.35914,53.13622],[141.36661,53.12017],[141.34296,53.10275],[141.36938,53.08321],[141.21937,53.06949],[141.25639,53.04232],[141.19849,53.01227],[141.23923,52.86555],[141.16316,52.79216],[141.24649,52.73772],[141.25035,52.68587],[141.28434,52.65735],[141.25438,52.64088],[141.26836,52.59315],[141.21099,52.50819],[141.15192,52.50872],[141.104,52.47179],[141.12012,52.46642],[141.1058,52.45608],[141.12422,52.42954],[141.11241,52.40722],[141.21116,52.34885],[141.2289,52.31973],[141.25164,52.32074],[141.25335,52.29658],[141.31474,52.28576],[141.38456,52.22248],[141.504,52.20519],[141.48494,52.16116],[141.35273,52.09945],[141.34551,51.99515],[141.42146,51.95666],[141.3906,51.91584],[141.34659,51.91761],[141.24913,51.88092],[141.24848,51.8581],[141.19008,51.84646],[141.16113,51.81418],[141.18053,51.78397],[141.10378,51.72116],[141.12007,51.70236],[141.10658,51.68219],[141.00829,51.67921],[140.87601,51.6275],[140.89857,51.52488],[140.88735,51.49568],[140.82736,51.48425],[140.8248,51.50239],[140.78487,51.465],[140.72703,51.46546],[140.78498,51.45485],[140.78344,51.42846],[140.79481,51.41424],[140.86526,51.4219],[140.85909,51.37106],[140.77784,51.33438],[140.75826,51.34541],[140.6703,51.32663],[140.6718,51.28868],[140.70392,51.25128],[140.63157,51.23572],[140.6591,51.22033],[140.66751,51.17202],[140.64824,51.12409],[140.62683,51.11767],[140.66641,51.10127],[140.6821,51.05637],[140.63471,51.0],[140.65064,50.96099],[140.52647,50.90171],[140.49843,50.86768],[140.51338,50.81783],[140.43156,50.72184],[140.49187,50.62893],[140.45384,50.6078],[140.41659,50.52811],[140.48342,50.45907],[140.4985,50.36835],[140.5305,50.34169],[140.49278,50.30241],[140.50238,50.16509],[140.55055,50.11689],[140.68728,50.09025],[140.63182,50.04573],[140.48487,49.99689],[140.43381,49.89661],[140.3989,49.87913],[140.44801,49.80834],[140.52879,49.78606],[140.4994,49.67919],[140.54682,49.56458],[140.50356,49.53227],[140.51195,49.48811],[140.41795,49.40263],[140.43441,49.37714],[140.41141,49.32401],[140.42416,49.29547],[140.37587,49.2829],[140.38737,49.26705],[140.37086,49.25066],[140.33784,49.25972],[140.31052,49.21651],[140.32299,49.19196],[140.34574,49.20345],[140.33231,49.16743],[140.36161,49.14997],[140.32707,49.10661],[140.35133,49.10358],[140.28086,49.09328],[140.26014,49.07757],[140.32329,49.07056],[140.30904,49.0572],[140.33156,49.04448],[140.30323,49.02525],[140.31383,49.05077],[140.28612,49.02544],[140.20047,49.01416],[140.28638,49.01694],[140.21522,48.97027],[140.26195,48.97337],[140.24718,48.95874],[140.25069,48.94988],[140.28191,48.95509],[140.28394,48.99482],[140.33289,49.02323],[140.35139,49.02053],[140.33542,49.00245],[140.39114,48.97686],[140.36959,48.96717],[140.36074,48.91995],[140.23522,48.84301],[140.23627,48.81221],[140.19277,48.75917],[140.17524,48.6742],[140.1868,48.63344],[140.16994,48.60532],[140.19318,48.59515],[140.15984,48.55337],[140.18428,48.51167],[140.17411,48.44678],[140.0829,48.403],[140.03303,48.33024],[139.92405,48.3013],[139.86708,48.24604],[139.72083,48.16263],[139.64488,48.06242],[139.5388,47.9909],[139.53895,47.97067],[139.40274,47.92363],[139.26366,47.802],[139.19849,47.69293],[139.19694,47.65548],[139.16355,47.63908],[139.0713,47.50952],[139.05199,47.47361],[139.05257,47.40798],[138.98507,47.35013],[138.99051,47.31664],[138.924,47.31739],[138.83749,47.2748],[138.70371,47.1375],[138.5612,47.03006],[138.5017,46.93691],[138.48445,46.85754],[138.42068,46.80974],[138.34821,46.69184],[138.33934,46.62857],[138.35932,46.59701],[138.34328,46.54028],[138.17672,46.44813],[138.09694,46.29108],[138.10069,46.23614],[137.7702,45.94538],[137.65511,45.78345],[137.48875,45.67339],[137.35915,45.61328],[137.29752,45.52194],[137.20126,45.45768],[137.13857,45.3748],[137.07185,45.35927],[136.94376,45.26557],[136.80164,45.19866],[136.76507,45.09252],[136.63505,45.02728],[136.55367,44.95098],[136.5548,44.9136],[136.44271,44.8287],[136.45044,44.77171],[136.37895,44.80561],[136.35012,44.79494],[136.34055,44.75195],[136.30385,44.74883],[136.33784,44.72284],[136.24189,44.6771],[136.21098,44.6298],[136.22893,44.58605],[136.19358,44.57597],[136.19274,44.53497],[136.15024,44.49659],[136.03634,44.44664],[136.00451,44.45235],[135.87398,44.40629],[135.83153,44.36593],[135.84136,44.34301],[135.79611,44.26615],[135.71993,44.2394],[135.68567,44.19197],[135.64834,44.17586],[135.66053,44.13103],[135.63094,44.09781],[135.63234,44.03532],[135.52691,44.00505],[135.53071,43.97091],[135.5068,43.95108],[135.52104,43.92211],[135.48665,43.95175],[135.45228,43.94738],[135.47011,43.93224],[135.46429,43.90656],[135.4895,43.90357],[135.45989,43.87709],[135.5275,43.89661],[135.50684,43.84422],[135.48266,43.84119],[135.43569,43.76476],[135.27816,43.68648],[135.25123,43.71253],[135.29384,43.73894],[135.22035,43.72072],[135.23585,43.69285],[135.215,43.65507],[135.22546,43.63553],[135.17449,43.60932],[135.18284,43.59322],[135.14125,43.50522],[134.97913,43.46792],[134.96885,43.44082],[134.79217,43.34762],[134.77831,43.30862],[134.72773,43.30918],[134.61354,43.23964],[134.55721,43.23654],[134.41678,43.14664],[134.34254,43.11168],[134.3073,43.1183],[134.30773,43.09714],[134.27671,43.10717],[134.1865,43.07157],[134.12364,42.99337],[134.02201,42.95828],[133.95692,42.90777],[133.94993,42.88056],[133.89486,42.86803],[133.89146,42.89383],[133.9231,42.89124],[133.86601,42.90802],[133.74765,42.84566],[133.7249,42.80712],[133.68504,42.85132],[133.61116,42.85852],[133.58182,42.82502],[133.50414,42.83419],[133.51633,42.81604],[133.47302,42.7921],[133.35943,42.76161],[133.29461,42.77433],[133.28765,42.75277],[133.23241,42.75132],[133.20236,42.7299],[133.20367,42.70799],[133.17662,42.71075],[133.14918,42.6847],[133.07686,42.69142],[133.03968,42.67209],[132.99966,42.71553],[133.04243,42.716],[133.01444,42.7228],[133.02869,42.74202],[133.07405,42.73311],[133.09743,42.74805],[133.07363,42.7449],[132.98828,42.80738],[133.00474,42.841],[132.90505,42.83314],[132.86251,42.78579],[132.90637,42.80995],[132.91156,42.78684],[132.88749,42.77656],[132.87256,42.73886],[132.84927,42.73395],[132.85125,42.74794],[132.83413,42.73935],[132.80669,42.75854],[132.80727,42.80495],[132.76363,42.84139],[132.78429,42.89049],[132.76028,42.91015],[132.72947,42.90765],[132.73479,42.88537],[132.7082,42.88513],[132.71899,42.87474],[132.68342,42.87283],[132.70466,42.85843],[132.69326,42.84839],[132.62588,42.86009],[132.60733,42.83874],[132.57005,42.83784],[132.56902,42.86157],[132.53447,42.8488],[132.51152,42.86139],[132.52536,42.86913],[132.51176,42.87369],[132.52002,42.90407],[132.43815,42.93537],[132.43036,42.91847],[132.40551,42.94831],[132.40985,42.91675],[132.34115,42.9109],[132.37456,42.8846],[132.36091,42.85106],[132.34902,42.84124],[132.33106,42.86069],[132.31774,42.843],[132.28995,42.91173],[132.31697,43.04949],[132.28369,43.07076],[132.29245,43.08494],[132.29094,43.07094],[132.32105,43.07614],[132.31662,43.11814],[132.34272,43.1283],[132.32635,43.12636],[132.34031,43.1467],[132.3135,43.16679],[132.36007,43.16759],[132.39004,43.1895],[132.37424,43.2179],[132.31889,43.21208],[132.32493,43.22606],[132.30581,43.22835],[132.35096,43.27523],[132.34986,43.29622],[132.28829,43.3147],[132.29843,43.2881],[132.25752,43.26837],[132.23134,43.22937],[132.11322,43.19343],[131.95639,43.05771],[131.95849,43.07387],[131.9132,43.0659],[131.93345,43.07383],[131.87989,43.08632],[131.8909,43.10545],[131.93327,43.10692],[131.90728,43.11438],[131.88462,43.1131],[131.84042,43.07632],[131.90354,43.14533],[131.89674,43.17294],[131.92116,43.20396],[132.00983,43.2372],[132.00231,43.26202],[132.04665,43.27826],[132.07055,43.3167],[132.01429,43.32727],[131.99595,43.2942],[132.01552,43.27907],[131.96865,43.25861],[131.99213,43.28327],[131.97299,43.3124],[131.87988,43.31994],[131.82283,43.29339],[131.82111,43.32281],[131.8479,43.33834],[131.81604,43.34404],[131.82564,43.33097],[131.81275,43.32794],[131.78889,43.3638],[131.78795,43.35488],[131.77815,43.35581],[131.76249,43.33295],[131.75554,43.34828],[131.75883,43.32506],[131.77265,43.30132],[131.75639,43.2896],[131.76101,43.23445],[131.69519,43.20389],[131.76308,43.19747],[131.7778,43.17972],[131.73659,43.1599],[131.68561,43.20229],[131.66873,43.16988],[131.63281,43.17025],[131.65376,43.15527],[131.69814,43.1809],[131.64934,43.10831],[131.56137,43.03876],[131.57733,43.01333],[131.57222,43.0],[131.53615,42.99046],[131.5483,43.00198],[131.55068,43.01473],[131.57604,43.0107],[131.55502,43.02237],[131.47888,42.97949],[131.45678,42.98935],[131.41648,42.98102],[131.4221,42.96604],[131.4957,42.98288],[131.50334,42.94523],[131.44922,42.9255],[131.40201,42.95345],[131.37627,42.94289],[131.38962,42.90066],[131.40966,42.90445],[131.38429,42.86757],[131.4714,42.88433],[131.46958,42.87775],[131.36,42.82318],[131.34875,42.78916],[131.38063,42.77917],[131.36261,42.76404],[131.32536,42.79457],[131.25675,42.76954],[131.23655,42.70194],[131.25197,42.69217],[131.2152,42.67208],[131.22572,42.65389],[131.2013,42.63708],[131.19983,42.61288],[131.23347,42.58893],[131.21195,42.58546],[131.21809,42.55436],[131.14876,42.58208],[131.18491,42.60212],[131.12084,42.6167],[131.13872,42.63107],[131.11832,42.63786],[131.12262,42.66506],[131.10795,42.67193],[131.07703,42.63871],[131.09413,42.63317],[131.10058,42.61882],[131.07033,42.64291],[130.98302,42.64751],[130.923,42.59283],[130.86845,42.59617],[130.87368,42.61417],[130.80834,42.63374],[130.85512,42.64975],[130.92252,42.61132],[130.94648,42.65518],[130.89796,42.64728],[130.87956,42.67643],[130.8648,42.65926],[130.81401,42.66333],[130.80799,42.64603],[130.77939,42.65787],[130.83256,42.6731],[130.84126,42.70605],[130.76285,42.68236],[130.72144,42.70148],[130.65206,42.65822],[130.65599,42.6401],[130.73887,42.62656],[130.71843,42.5849],[130.67412,42.59031],[130.6855,42.57461],[130.72504,42.58519],[130.74522,42.6091],[130.76968,42.59661],[130.77587,42.6111],[130.79627,42.63345],[130.77392,42.57758],[130.83801,42.56469],[130.87077,42.52823],[130.86501,42.51511],[130.85407,42.53261],[130.83122,42.52836],[130.84975,42.48597],[130.83835,42.46973],[130.77772,42.46408],[130.78861,42.45241],[130.74902,42.36507],[130.70213,42.29761],[130.6632,42.32045],[130.66078,42.34369],[130.65665,42.38325],[130.6458,42.40087],[130.62867,42.4147],[130.604,42.42293],[130.58077,42.47924],[130.61584,42.57611],[130.61899,42.5848],[130.61735,42.58895],[130.61055,42.60611],[130.60509,42.61989],[130.59728,42.62691],[130.59593,42.63132],[130.58487,42.64512],[130.536,42.68199],[130.47104,42.67918],[130.41729,42.70046],[130.41347,42.70594],[130.43439,42.74548],[130.61688,42.82291],[130.64961,42.82891],[130.73489,42.8245],[130.76835,42.86454],[130.79352,42.86895],[130.81671,42.86398],[130.85623,42.84977],[130.99244,42.84874],[130.99917,42.85599],[131.0211,42.85706],[131.12789,42.91591],[131.13299,42.93999],[131.10417,42.98295],[131.10644,43.03949],[131.13595,43.08982],[131.16938,43.10782],[131.18395,43.12081],[131.18984,43.13915],[131.18089,43.16695],[131.19269,43.18683],[131.26409,43.27011],[131.30999,43.38991],[131.30099,43.45699],[131.1942,43.53364],[131.19111,43.53902],[131.19902,43.81881],[131.23098,43.97362],[131.24475,44.02102],[131.29796,44.05232],[131.09603,44.6909],[131.05596,44.75302],[131.0007,44.78248],[130.95775,44.83075],[130.9575,44.83842],[130.98105,44.85378],[131.00826,44.85629],[131.02479,44.86244],[131.03885,44.87458],[131.04415,44.89456],[131.06799,44.90983],[131.09837,44.91902],[131.12289,44.91581],[131.15802,44.90171],[131.17652,44.90342],[131.286,44.93202],[131.33686,44.96758],[131.4195,44.95897],[131.43376,44.96129],[131.44603,44.97328],[131.46899,44.97401],[131.64579,45.10781],[131.65327,45.13432],[131.69736,45.20667],[131.71127,45.20867],[131.72315,45.21533],[131.75715,45.26402],[131.83556,45.33357],[131.85074,45.33728],[131.87099,45.32579],[131.90033,45.273],[131.91441,45.26027],[131.9498,45.23977],[131.96867,45.23403],[132.79793,45.0653],[132.9308,45.02102],[132.96604,45.02883],[132.98258,45.04082],[133.02499,45.05701],[133.09886,45.10787],[133.12151,45.13126],[133.1272,45.15538],[133.12068,45.18344],[133.09956,45.23726],[133.10013,45.24932],[133.10673,45.26463],[133.10218,45.28831],[133.12717,45.38497],[133.13314,45.41937],[133.15972,45.46417],[133.1928,45.50397],[133.24441,45.51614],[133.38674,45.57285],[133.41349,45.57335],[133.42516,45.58043],[133.42071,45.59013],[133.42278,45.59541],[133.47724,45.62771],[133.47361,45.63565],[133.48293,45.66275],[133.49151,45.67339],[133.48713,45.68883],[133.48154,45.75875],[133.48623,45.76879],[133.51135,45.77855],[133.5034,45.78764],[133.48303,45.79767],[133.47747,45.80627],[133.47732,45.81859],[133.48446,45.82791],[133.49834,45.83721],[133.50269,45.85866],[133.52338,45.8831],[133.55101,45.88472],[133.5791,45.87111],[133.65997,45.93497],[133.72404,46.06914],[133.74547,46.15542],[133.82989,46.19491],[133.90199,46.25401],[133.93386,46.39076],[133.92146,46.41013],[133.90045,46.42644],[133.88188,46.43711],[133.85439,46.44509],[133.84991,46.45339],[133.84765,46.47549],[133.89191,46.52897],[133.89635,46.5382],[133.89882,46.56139],[133.90884,46.57746],[133.97089,46.61091],[133.98812,46.62527],[134.01899,46.66701],[134.04464,46.77185],[134.03934,46.86102],[134.04273,46.87234],[134.06274,46.90686],[134.06698,46.9268],[134.06744,46.95697],[134.11438,47.05602],[134.13793,47.07697],[134.19711,47.08517],[134.21715,47.09444],[134.22723,47.1176],[134.22292,47.13012],[134.19255,47.17934],[134.19721,47.20533],[134.16801,47.23102],[134.15478,47.25643],[134.15991,47.27138],[134.17013,47.28681],[134.18191,47.32247],[134.20283,47.33832],[134.24506,47.3551],[134.25746,47.36724],[134.27986,47.39813],[134.29285,47.40967],[134.31312,47.4202],[134.38758,47.43099],[134.486,47.43001],[134.5549,47.46892],[134.62904,47.552],[134.66819,47.574],[134.68266,47.58785],[134.68763,47.61771],[134.77257,47.71073],[134.76567,47.71986],[134.76978,47.74101],[134.69707,47.79468],[134.67717,47.82329],[134.6676,47.86456],[134.65775,47.88669],[134.64576,47.89629],[134.62273,47.90028],[134.60022,47.9102],[134.59046,47.9222],[134.5899,47.92876],[134.60132,47.94413],[134.56716,47.9853],[134.56088,48.00534],[134.5663,48.03233],[134.58584,48.0605],[134.62049,48.08379],[134.6609,48.10092],[134.6638,48.10941],[134.68297,48.13552],[134.68762,48.2201],[134.71098,48.25756],[134.71872,48.26341],[134.71689,48.26599],[134.56779,48.31962],[134.54262,48.3573],[134.504,48.34249],[134.48233,48.35035],[134.41487,48.39099],[134.34557,48.37473],[134.20621,48.35965],[134.11627,48.33525],[134.039,48.32299],[134.01025,48.30574],[133.91534,48.27417],[133.86775,48.27433],[133.81928,48.25713],[133.73778,48.25104],[133.72128,48.24475],[133.70315,48.22654],[133.59611,48.17409],[133.54324,48.10205],[133.52468,48.09554],[133.46336,48.08959],[133.39623,48.10592],[133.32392,48.10015],[133.30198,48.10126],[133.2628,48.11943],[133.22373,48.12597],[133.18518,48.12481],[133.09196,48.10678],[133.07528,48.10083],[133.05551,48.08581],[132.8641,47.99408],[132.77075,47.93778],[132.72231,47.95895],[132.70573,47.96038],[132.68923,47.95772],[132.67463,47.9506],[132.66324,47.93879],[132.66037,47.93134],[132.66088,47.92302],[132.6715,47.90166],[132.66778,47.88113],[132.65844,47.86953],[132.60732,47.8275],[132.57644,47.79424],[132.57365,47.78223],[132.58217,47.75583],[132.57432,47.73983],[132.55821,47.72511],[132.52127,47.71032],[132.34089,47.74199],[132.2896,47.73597],[132.12239,47.69315],[132.10695,47.69145],[132.02522,47.69785],[131.96655,47.69],[131.9328,47.67224],[131.91596,47.67014],[131.89141,47.67124],[131.85446,47.68407],[131.78007,47.6792],[131.703,47.69615],[131.68357,47.6946],[131.63096,47.66703],[131.61945,47.6641],[131.54826,47.69656],[131.53499,47.71899],[131.49883,47.72515],[131.47487,47.7345],[131.41853,47.74261],[131.38264,47.73693],[131.2678,47.72998],[131.09858,47.67616],[131.05825,47.67648],[131.02648,47.68153],[130.98345,47.70003],[130.965,47.70435],[130.94174,47.72038],[130.93835,47.75156],[130.94599,47.79795],[130.9417,47.82059],[130.90697,47.88426],[130.85723,47.92787],[130.6833,48.04973],[130.67475,48.06422],[130.66379,48.11313],[130.67718,48.13761],[130.75277,48.18962],[130.83199,48.294],[130.82212,48.33376],[130.81114,48.34205],[130.73898,48.42738],[130.74638,48.44758],[130.75959,48.46792],[130.75897,48.48572],[130.7443,48.49732],[130.71588,48.49905],[130.65903,48.48454],[130.61433,48.51697],[130.61478,48.5299],[130.62078,48.54931],[130.62016,48.5605],[130.60766,48.57672],[130.56241,48.5882],[130.54253,48.59753],[130.53069,48.61535],[130.62762,48.7957],[130.65389,48.82649],[130.67099,48.84001],[130.67649,48.85743],[130.67432,48.87081],[130.65066,48.87639],[130.62509,48.87434],[130.56507,48.85626],[130.53451,48.85392],[130.5113,48.85566],[130.48784,48.86337],[130.46534,48.89132],[130.43972,48.89649],[130.3868,48.89628],[130.33828,48.88537],[130.29386,48.87026],[130.25054,48.86468],[130.20163,48.88271],[130.03804,48.97169],[129.997,49.00227],[129.97435,49.01508],[129.94424,49.02184],[129.91555,49.03786],[129.91186,49.05925],[129.92067,49.08186],[129.8653,49.10568],[129.84437,49.12056],[129.84543,49.15405],[129.84151,49.16718],[129.82466,49.17415],[129.77551,49.17774],[129.75593,49.18425],[129.74268,49.19498],[129.73751,49.20615],[129.73505,49.23891],[129.72603,49.26189],[129.7167,49.26632],[129.71118,49.27414],[129.66922,49.27916],[129.6184,49.27435],[129.57478,49.2795],[129.55186,49.29055],[129.53874,49.30458],[129.53216,49.32156],[129.52772,49.38484],[129.51966,49.39708],[129.50254,49.41068],[129.4806,49.42127],[129.45507,49.42726],[129.4034,49.43067],[129.1856,49.38814],[129.13623,49.35439],[129.11409,49.34892],[129.09828,49.35092],[129.06642,49.36209],[129.05026,49.37714],[129.01458,49.43109],[128.99815,49.44127],[128.97372,49.44532],[128.87202,49.48093],[128.80461,49.54554],[128.80167,49.56514],[128.79692,49.57247],[128.73437,49.58438],[128.67187,49.61144],[128.64664,49.59165],[128.38351,49.57935],[128.36445,49.5702],[128.28666,49.55431],[128.26786,49.55878],[128.22505,49.54193],[128.19811,49.53901],[128.09287,49.54157],[128.06779,49.54658],[128.04669,49.55846],[128.01234,49.58749],[127.9916,49.59872],[127.96793,49.60322],[127.94793,49.6012],[127.93032,49.58545],[127.92,49.58108],[127.85467,49.58494],[127.83051,49.59411],[127.77014,49.6338],[127.73385,49.64505],[127.70246,49.66272],[127.68998,49.6818],[127.68628,49.71681],[127.67998,49.73918],[127.64428,49.76714],[127.53748,49.79119],[127.50873,49.82196],[127.50676,49.84365],[127.51175,49.86931],[127.52076,49.89145],[127.53224,49.90765],[127.534,49.92248],[127.49477,49.97303],[127.48696,50.02516],[127.50664,50.0632],[127.57409,50.13711],[127.58671,50.16717],[127.59063,50.20872],[127.57839,50.22055],[127.39388,50.28094],[127.36702,50.29303],[127.3501,50.30434],[127.33172,50.327],[127.33193,50.34016],[127.33736,50.35231],[127.35871,50.38132],[127.3585,50.41511],[127.34915,50.42617],[127.30442,50.4517],[127.29483,50.46395],[127.33165,50.52272],[127.36481,50.55475],[127.36708,50.57779],[127.35871,50.60502],[127.34398,50.62776],[127.32647,50.63784],[127.28904,50.67519],[127.28264,50.69481],[127.29324,50.71536],[127.29644,50.73008],[127.28735,50.75101],[127.26269,50.76583],[127.20063,50.81862],[127.14415,50.9036],[127.11065,50.93159],[127.03196,50.97294],[126.98116,51.02768],[126.94648,51.04838],[126.93146,51.06497],[126.92297,51.10791],[126.9055,51.16389],[126.90505,51.20687],[126.93391,51.24702],[126.96787,51.28147],[126.97775,51.29656],[126.98116,51.30886],[126.97217,51.32399],[126.95461,51.32958],[126.93445,51.32875],[126.89927,51.31644],[126.88532,51.30289],[126.88485,51.29563],[126.89254,51.28196],[126.89057,51.2719],[126.86894,51.25189],[126.84463,51.25228],[126.82382,51.26567],[126.81394,51.28117],[126.80776,51.3056],[126.81942,51.32576],[126.88999,51.35001],[126.91389,51.3809],[126.90943,51.3911],[126.90194,51.40099],[126.89011,51.40701],[126.84202,51.41146],[126.79723,51.42368],[126.78966,51.43718],[126.793,51.45961],[126.80201,51.47765],[126.83037,51.50812],[126.80743,51.53421],[126.75208,51.5534],[126.7259,51.63482],[126.7201,51.69011],[126.72795,51.70305],[126.72557,51.70873],[126.71358,51.72317],[126.69289,51.72774],[126.6105,51.78606],[126.44744,51.98088],[126.4421,51.99184],[126.45636,52.02178],[126.47657,52.03364],[126.50899,52.03701],[126.51442,52.04254],[126.53499,52.06901],[126.55597,52.13064],[126.53117,52.15265],[126.33285,52.19344],[126.31655,52.20049],[126.31045,52.21577],[126.32854,52.23532],[126.39179,52.26422],[126.43927,52.27529],[126.4212,52.28729],[126.35023,52.30263],[126.3471,52.365],[126.35065,52.37704],[126.34368,52.39137],[126.3123,52.41783],[126.27599,52.46328],[126.21651,52.46481],[126.20203,52.46903],[126.20068,52.48471],[126.21087,52.50596],[126.21232,52.53304],[126.17769,52.54512],[126.08277,52.59334],[126.06862,52.59531],[126.05757,52.57543],[126.02775,52.56648],[126.00495,52.57284],[125.9909,52.58647],[125.97709,52.61185],[125.97389,52.63234],[125.97861,52.64371],[125.98936,52.65707],[126.00261,52.6654],[126.02744,52.67111],[126.05265,52.6725],[126.06861,52.67989],[126.06194,52.69662],[126.04624,52.71451],[126.04509,52.71957],[126.08559,52.74921],[126.10405,52.75446],[126.08804,52.7754],[126.0667,52.78318],[126.01782,52.78238],[125.97978,52.76652],[125.97465,52.76686],[125.86705,52.84976],[125.85706,52.86497],[125.86371,52.88858],[125.85694,52.89904],[125.83736,52.90671],[125.73649,52.89578],[125.69198,52.88138],[125.67017,52.87818],[125.65393,52.88276],[125.64722,52.8938],[125.64713,52.89993],[125.66054,52.91881],[125.67336,52.92869],[125.72199,52.94601],[125.73354,52.98165],[125.71432,52.99012],[125.64525,53.03396],[125.63799,53.04614],[125.62135,53.06213],[125.57361,53.05655],[125.4884,53.06874],[125.47636,53.08356],[125.4564,53.09089],[125.4273,53.09499],[125.12731,53.20656],[125.07349,53.2122],[125.01964,53.21074],[124.91918,53.19393],[124.89768,53.18551],[124.88042,53.17251],[124.87732,53.14686],[124.83582,53.13319],[124.82202,53.14724],[124.80135,53.15515],[124.75569,53.14904],[124.70024,53.16829],[124.69666,53.17246],[124.69639,53.18375],[124.68828,53.19359],[124.65159,53.20876],[124.52766,53.21041],[124.50077,53.21366],[124.45413,53.22814],[124.40856,53.23565],[124.38328,53.24637],[124.34344,53.27181],[124.32582,53.30599],[124.305,53.32878],[124.29342,53.35129],[124.27539,53.3647],[124.25306,53.3755],[124.23258,53.38166],[124.20878,53.38268],[124.18235,53.37857],[124.15778,53.37002],[124.14022,53.35789],[124.12062,53.35337],[124.1,53.36361],[124.06889,53.3896],[124.02996,53.40003],[124.0179,53.40674],[123.98972,53.44149],[123.97055,53.45518],[123.8764,53.48871],[123.8502,53.49497],[123.77853,53.50038],[123.66562,53.53054],[123.63956,53.55124],[123.61429,53.56334],[123.59192,53.55786],[123.57678,53.54269],[123.5498,53.54145],[123.53528,53.55461],[123.51454,53.56237],[123.49477,53.56008],[123.48395,53.53816],[123.45445,53.52678],[123.42012,53.5385],[123.3683,53.54571],[123.3401,53.56147],[123.30936,53.56749],[123.25272,53.5678],[123.23474,53.56034],[123.20323,53.53835],[123.18006,53.53047],[123.16445,53.51667],[123.15409,53.51328],[123.00255,53.50732],[122.8592,53.47394],[122.47139,53.46475],[122.42545,53.45254],[122.40135,53.45173],[122.38003,53.46151],[122.35809,53.47957],[122.33797,53.49123],[122.31662,53.49599],[122.29352,53.4926],[122.22596,53.47403],[122.1687,53.46913],[122.14777,53.46113],[122.10835,53.43826],[122.08161,53.42959],[121.88897,53.43058],[121.64119,53.38494],[121.51728,53.33213],[121.43717,53.31899],[121.40661,53.31688],[121.35764,53.32405],[121.341,53.32364],[121.24801,53.28587],[121.20372,53.27681],[121.15151,53.27456],[121.08709,53.28485],[121.066,53.291],[120.86714,53.28],[120.84573,53.27344],[120.826,53.26186],[120.76242,53.21144],[120.71406,53.18504],[120.67833,53.1493],[120.4503,53.00834],[120.38692,52.95396],[120.35408,52.93323],[120.33755,52.9082],[120.32746,52.89969],[120.29073,52.88535],[120.27881,52.8651],[120.253,52.85288],[120.21962,52.84491],[120.17762,52.81807],[120.15748,52.80971],[120.117,52.80699],[120.03101,52.76799],[120.02601,52.641],[120.04105,52.60696],[120.082,52.58801],[120.186,52.58001],[120.27756,52.61195],[120.36762,52.61726],[120.4397,52.63679],[120.55276,52.59801],[120.60874,52.57401],[120.63332,52.57016],[120.70891,52.54344],[120.71061,52.53747],[120.69634,52.48083],[120.6904,52.47016],[120.69026,52.45667],[120.68299,52.42823],[120.66042,52.39879],[120.64093,52.36604],[120.62839,52.35789],[120.62611,52.3438],[120.653,52.29902],[120.72296,52.2506],[120.75059,52.20729],[120.75375,52.19447],[120.78089,52.15971],[120.78074,52.15452],[120.77127,52.14098],[120.77651,52.11713],[120.76667,52.10844],[120.74522,52.07698],[120.70564,52.06103],[120.6974,52.04884],[120.69639,52.03447],[120.71124,52.00245],[120.71072,51.98839],[120.70537,51.97958],[120.68352,51.95931],[120.66254,51.92581],[120.65085,51.91426],[120.61483,51.90591],[120.57861,51.90767],[120.56647,51.90536],[120.54929,51.89157],[120.492,51.87899],[120.31011,51.77309],[120.18166,51.68309],[120.1659,51.6691],[120.10834,51.66521],[120.10034,51.65983],[120.06373,51.62069],[119.97721,51.48701],[119.97416,51.46417],[119.97674,51.45715],[119.97175,51.42862],[119.95297,51.39802],[119.94245,51.3908],[119.89531,51.38397],[119.91249,51.34986],[119.91214,51.34032],[119.8984,51.3252],[119.88331,51.318],[119.86006,51.28882],[119.81965,51.27472],[119.7801,51.2198],[119.76218,51.21503],[119.75816,51.19902],[119.77817,51.1689],[119.77226,51.1624],[119.75816,51.15801],[119.76478,51.14069],[119.75459,51.11415],[119.74825,51.08374],[119.74147,51.07258],[119.72868,51.06476],[119.7104,51.06246],[119.70935,51.03861],[119.68319,51.0161],[119.5901,50.97309],[119.53885,50.92038],[119.51796,50.9048],[119.52087,50.89874],[119.51905,50.85366],[119.51501,50.84761],[119.4975,50.83591],[119.5137,50.81357],[119.51482,50.7929],[119.50506,50.75122],[119.4993,50.74149],[119.44971,50.69043],[119.41827,50.67647],[119.39154,50.67198],[119.38309,50.66662],[119.37374,50.64494],[119.36,50.63671],[119.34898,50.63468],[119.33713,50.62293],[119.29358,50.59923],[119.28526,50.5889],[119.28612,50.57664],[119.26469,50.52035],[119.2509,50.50451],[119.259,50.49147],[119.25618,50.47212],[119.23847,50.44186],[119.20638,50.4152],[119.15488,50.41139],[119.13766,50.39265],[119.13349,50.38148],[119.14124,50.37662],[119.15368,50.37547],[119.17711,50.35291],[119.1978,50.34501],[119.24315,50.34529],[119.25079,50.34252],[119.27206,50.3455],[119.34518,50.34599],[119.3578,50.33294],[119.35809,50.32648],[119.33001,50.275],[119.32901,50.21001],[119.34567,50.19224],[119.34599,50.16239],[119.34409,50.14603],[119.32305,50.10114],[119.31396,50.09073],[119.25122,50.04837],[119.22289,50.02474],[119.18887,50.00714],[119.1332,49.99538],[119.04502,49.98324],[118.99107,49.97937],[118.96237,49.98206],[118.92378,49.99162],[118.90256,49.98254],[118.79184,49.96638],[118.74728,49.95463],[118.71404,49.94961],[118.67056,49.96206],[118.64437,49.95457],[118.60022,49.9311],[118.575,49.92299],[118.52115,49.89397],[118.49079,49.86951],[118.47871,49.84084],[118.45612,49.82875],[118.39374,49.82],[118.38092,49.81148],[118.37098,49.78532],[118.3536,49.77654],[118.30516,49.76709],[118.2429,49.72989],[118.22941,49.72921],[118.22268,49.71132],[118.20795,49.69524],[118.18825,49.68116],[118.16841,49.67143],[118.10642,49.6518],[118.05512,49.61416],[118.01729,49.59588],[117.93059,49.56724],[117.89382,49.54664],[117.88061,49.52464],[117.87549,49.52134],[117.79173,49.51917],[117.4942,49.62298],[117.25878,49.63109],[116.98429,49.7086],[116.71684,49.82763],[116.61699,49.92899],[116.45169,49.96011],[116.24632,50.02696],[116.15067,50.02097],[116.05362,49.99844],[115.76342,49.88966],[115.73062,49.88125],[115.57909,49.907],[115.52175,49.89503],[115.41529,49.89807],[115.39083,49.90409],[115.21271,49.99329],[115.09533,50.0808],[115.03389,50.14509],[114.84709,50.22999],[114.66608,50.264],[114.55468,50.24601],[114.44449,50.24504],[114.34931,50.28096],[114.32195,50.284],[114.20029,50.25626],[114.11837,50.22443],[114.00816,50.17177],[113.97313,50.1605],[113.85973,50.08734],[113.7848,50.08699],[113.75213,50.07855],[113.57956,50.01989],[113.51019,49.98094],[113.45853,49.95726],[113.41493,49.92209],[113.21263,49.82211],[113.18269,49.80197],[113.15667,49.77728],[113.08739,49.68722],[113.07713,49.66885],[113.07138,49.6175],[113.0596,49.59554],[113.04337,49.58866],[112.99282,49.58715],[112.94753,49.57615],[112.92601,49.56645],[112.86835,49.53184],[112.8064,49.51112],[112.77387,49.50207],[112.71086,49.49915],[112.6502,49.51898],[112.4917,49.54099],[112.46376,49.53299],[112.43212,49.52914],[112.09256,49.43007],[111.97952,49.40982],[111.78311,49.4015],[111.69168,49.40697],[111.645,49.39799],[111.52588,49.35487],[111.49953,49.35012],[111.45201,49.354],[111.41788,49.35082],[111.36274,49.36763],[111.33846,49.36473],[111.32099,49.35533],[111.29435,49.33327],[111.12801,49.28798],[110.9657,49.20746],[110.84119,49.1625],[110.78043,49.14883],[110.66285,49.14601],[110.48232,49.19996],[110.42981,49.20569],[110.38223,49.24004],[110.37118,49.24174],[110.30969,49.19608],[110.26891,49.17731],[110.20785,49.1691],[110.03319,49.19055],[109.91306,49.2137],[109.81862,49.22776],[109.78495,49.25136],[109.72853,49.26644],[109.51625,49.256],[109.48835,49.26405],[109.47333,49.27184],[109.46216,49.30033],[109.45071,49.30592],[109.41244,49.30359],[109.344,49.33899],[109.19831,49.35998],[109.07506,49.33411],[109.02666,49.33818],[108.959,49.357],[108.65162,49.33201],[108.56178,49.33534],[108.52711,49.34646],[108.36504,49.44144],[108.29889,49.49309],[108.25964,49.51002],[108.25052,49.5224],[108.23637,49.53247],[108.20991,49.54023],[108.18279,49.54271],[108.07231,49.58994],[108.01277,49.63816],[108.01132,49.6435],[108.01581,49.65573],[108.00279,49.66316],[107.98266,49.66279],[107.95249,49.68712],[107.95114,49.69341],[107.97599,49.7888],[107.98399,49.92899],[107.90632,49.94497],[107.81675,49.94918],[107.746,49.97999],[107.46195,49.98205],[107.33145,49.99526],[107.30485,50.01001],[107.25583,50.0029],[107.17684,50.02679],[107.08126,50.08307],[107.00689,50.19909],[106.78801,50.31098],[106.66333,50.33897],[106.54659,50.34598],[106.3282,50.314],[106.27482,50.2991],[106.24554,50.30003],[106.07734,50.34514],[106.07333,50.3498],[106.06879,50.37519],[106.02599,50.40099],[105.98941,50.41097],[105.8073,50.43598],[105.72742,50.4311],[105.33583,50.484],[105.27846,50.47257],[105.24092,50.45808],[105.13073,50.39797],[105.05945,50.39211],[104.9992,50.40799],[104.96669,50.40498],[104.70892,50.35897],[104.69594,50.35301],[104.67189,50.34829],[104.61888,50.31809],[104.4969,50.31999],[104.418,50.30898],[104.37711,50.28911],[104.32122,50.25424],[104.26897,50.22887],[104.24726,50.20646],[104.20713,50.17679],[104.11274,50.15223],[104.0308,50.14911],[103.82582,50.201],[103.77201,50.18499],[103.76216,50.17532],[103.68253,50.138],[103.65022,50.137],[103.5313,50.17598],[103.47372,50.18215],[103.43894,50.19253],[103.40726,50.19728],[103.36166,50.19425],[103.31679,50.19931],[103.28016,50.22241],[103.25408,50.2929],[103.22409,50.30899],[103.15675,50.313],[103.00834,50.30302],[102.91972,50.31498],[102.78,50.38699],[102.63505,50.40811],[102.60635,50.4243],[102.59509,50.45289],[102.54089,50.50909],[102.4872,50.53199],[102.35392,50.55318],[102.33124,50.56708],[102.31225,50.59369],[102.29654,50.62304],[102.29607,50.64596],[102.34609,50.70211],[102.35489,50.7211],[102.33994,50.75105],[102.27679,50.78132],[102.23665,50.82098],[102.23642,50.85596],[102.26199,50.889],[102.25499,50.98699],[102.21454,51.03181],[102.16795,51.12141],[102.16335,51.25084],[102.22499,51.30601],[102.22389,51.32709],[102.08209,51.38899],[101.99295,51.39607],[101.93183,51.4072],[101.92068,51.41303],[101.902,51.41704],[101.8675,51.41892],[101.74103,51.45895],[101.60131,51.48398],[101.5138,51.48299],[101.46963,51.46994],[101.38553,51.45221],[101.34812,51.46409],[101.28189,51.51609],[101.24544,51.52892],[101.12468,51.55081],[101.03883,51.57576],[100.69444,51.69891],[100.5573,51.73497],[100.25264,51.73201],[100.0223,51.74],[99.94716,51.75103],[99.88619,51.77851],[99.729,51.89099],[99.57096,51.90106],[99.34507,51.94202],[99.31712,51.95109],[99.29289,51.97009],[99.24267,51.98752],[99.23271,51.99429],[99.19891,52.00653],[99.16742,52.01367],[99.01919,52.06575],[98.98289,52.09938],[98.99569,52.1336],[98.99699,52.1608],[98.98715,52.19691],[98.96921,52.22569],[98.94907,52.24016],[98.9244,52.24849],[98.90166,52.2505],[98.87092,52.24656],[98.85779,52.28309],[98.8461,52.3008],[98.83279,52.31256],[98.8127,52.32249],[98.78016,52.32754],[98.75647,52.33673],[98.72696,52.34344],[98.7243,52.34852],[98.72648,52.37778],[98.72062,52.40066],[98.75893,52.43083],[98.77215,52.45366],[98.81961,52.46447],[98.83742,52.47545],[98.8613,52.49946],[98.87265,52.52169],[98.8756,52.53937],[98.87265,52.55842],[98.86335,52.57496],[98.86493,52.58101],[98.88995,52.59601],[98.91458,52.59632],[98.93892,52.60398],[98.96495,52.62385],[98.97956,52.64493],[98.98601,52.66199],[98.98959,52.70374],[98.98888,52.72888],[98.981,52.7527],[98.987,52.7752],[98.98848,52.79891],[98.98354,52.81772],[98.97277,52.83322],[98.96079,52.84189],[98.93776,52.85188],[98.93858,52.85776],[98.95687,52.87594],[98.96418,52.87665],[98.9901,52.85825],[99.0277,52.84184],[99.0764,52.83123],[99.13945,52.82445],[99.17024,52.80844],[99.19361,52.80322],[99.21454,52.80405],[99.23809,52.81201],[99.25098,52.82118],[99.26379,52.83791],[99.27009,52.86031],[99.26639,52.89034],[99.28742,52.914],[99.29919,52.9459],[99.29936,52.96051],[99.29359,52.97799],[99.28495,52.98944],[99.2694,52.99985],[99.10124,53.05272],[99.09932,53.05908],[99.11306,53.08588],[99.11364,53.10595],[99.10429,53.12749],[99.0816,53.14662],[98.9878,53.181],[98.96572,53.19344],[98.94388,53.19903],[98.8944,53.20009],[98.87381,53.19411],[98.84845,53.17781],[98.7074,53.20396],[98.68486,53.2051],[98.66688,53.20256],[98.64692,53.19486],[98.59311,53.15498],[98.54359,53.16029],[98.38945,53.15247],[98.35398,53.14322],[98.34186,53.14929],[98.33914,53.17761],[98.34916,53.20245],[98.34766,53.22752],[98.34189,53.24149],[98.32649,53.25937],[98.3072,53.26995],[98.2875,53.27509],[98.23287,53.27536],[98.21079,53.28774],[98.18862,53.2942],[98.08482,53.30239],[98.05107,53.30056],[98.02167,53.31975],[98.02278,53.3509],[98.01634,53.3739],[98.00463,53.38915],[97.98362,53.40244],[97.95975,53.4077],[97.90828,53.40235],[97.86521,53.41298],[97.81408,53.41584],[97.73307,53.42789],[97.694,53.42868],[97.64487,53.4196],[97.64086,53.42386],[97.63359,53.45549],[97.61756,53.4767],[97.59292,53.4914],[97.57503,53.49655],[97.48437,53.50897],[97.46875,53.53455],[97.43649,53.55414],[97.42045,53.58435],[97.38589,53.60655],[97.37452,53.62418],[97.35499,53.63979],[97.33137,53.64627],[97.30101,53.64251],[97.25479,53.64916],[97.21999,53.66816],[97.20451,53.67258],[97.16804,53.6731],[97.13634,53.66663],[97.0802,53.69555],[97.03556,53.70584],[97.01928,53.72279],[97.00091,53.73261],[96.95671,53.74085],[96.92389,53.76429],[96.90178,53.77477],[96.87203,53.779],[96.80069,53.77458],[96.7251,53.75786],[96.70011,53.74749],[96.68344,53.73444],[96.66861,53.71349],[96.65904,53.68265],[96.64489,53.66958],[96.6378,53.65752],[96.6342,53.64255],[96.63653,53.61959],[96.61967,53.59488],[96.56067,53.58454],[96.47867,53.5859],[96.45147,53.58171],[96.43063,53.59249],[96.41853,53.62479],[96.39409,53.64419],[96.36302,53.6524],[96.33149,53.65026],[96.30305,53.66396],[96.24731,53.66588],[96.21561,53.65629],[96.18809,53.63211],[96.17226,53.60492],[96.16674,53.56913],[96.15761,53.55851],[96.10077,53.54023],[96.08061,53.52709],[96.0594,53.50308],[95.97886,53.51956],[95.95869,53.53309],[95.9294,53.54299],[95.8933,53.54388],[95.86498,53.5363],[95.81884,53.54212],[95.7859,53.56615],[95.7504,53.56998],[95.68729,53.55458],[95.64162,53.53391],[95.6201,53.517],[95.60513,53.49602],[95.51178,53.47144],[95.47123,53.44866],[95.41571,53.43338],[95.3907,53.42217],[95.3619,53.42423],[95.34636,53.42945],[95.33509,53.46779],[95.32211,53.48309],[95.3095,53.49213],[95.27158,53.50517],[95.2404,53.50618],[95.18004,53.49247],[95.14749,53.47475],[95.12375,53.44922],[95.04144,53.42638],[95.03004,53.428],[95.01681,53.44099],[95.0032,53.44905],[94.97703,53.455],[94.95876,53.45211],[94.92071,53.43664],[94.88347,53.4438],[94.727,53.43109],[94.65726,53.39038],[94.5726,53.36069],[94.55321,53.3472],[94.54079,53.32897],[94.53581,53.31048],[94.53818,53.28666],[94.54349,53.27305],[94.55603,53.25638],[94.57778,53.24276],[94.59402,53.23841],[94.59699,53.23192],[94.56736,53.20966],[94.55611,53.1895],[94.55563,53.1531],[94.54203,53.13256],[94.53434,53.10431],[94.53405,53.08538],[94.541,53.05228],[94.52361,53.01969],[94.50144,53.00313],[94.48411,52.98479],[94.46885,52.94655],[94.45998,52.94254],[94.44604,52.94197],[94.41891,52.95861],[94.39492,52.96359],[94.29858,52.95356],[94.27257,52.94684],[94.18925,52.90784],[94.1363,52.89138],[94.12098,52.88332],[94.10258,52.8659],[94.09256,52.84331],[94.09367,52.81546],[94.09053,52.78129],[94.05789,52.74704],[94.03395,52.70381],[93.97009,52.68319],[93.95261,52.67289],[93.94019,52.66129],[93.93195,52.6477],[93.92674,52.62974],[93.92557,52.60309],[93.82379,52.54462],[93.79106,52.51111],[93.74469,52.48682],[93.72497,52.46994],[93.71241,52.44929],[93.70663,52.42942],[93.70593,52.41243],[93.71097,52.38328],[93.66224,52.34343],[93.64637,52.32428],[93.63485,52.30332],[93.6202,52.25057],[93.57333,52.23098],[93.53689,52.22018],[93.4485,52.21609],[93.40947,52.20595],[93.3399,52.17503],[93.25019,52.11801],[93.20393,52.08028],[93.14248,52.07186],[93.10769,52.05522],[93.07921,52.02974],[93.05156,51.9899],[92.99094,51.96668],[92.94286,51.9668],[92.92645,51.96348],[92.87698,51.93883],[92.85595,51.92183],[92.83574,51.89124],[92.80749,51.899],[92.78093,51.9004],[92.66243,51.88871],[92.6333,51.87798],[92.61094,51.8603],[92.53586,51.85118],[92.51905,51.84442],[92.50089,51.83236],[92.46752,51.84693],[92.4364,51.85138],[92.20965,51.8563],[92.10073,51.83361],[91.99399,51.84314],[91.96438,51.85049],[91.95074,51.85956],[91.9387,51.87886],[91.92698,51.89057],[91.89882,51.90366],[91.83278,51.90969],[91.79786,51.92004],[91.78175,51.92139],[91.72339,51.91311],[91.68542,51.91739],[91.63405,51.91706],[91.59011,51.94334],[91.56131,51.94978],[91.28225,51.94589],[91.236,51.93314],[91.19354,51.93913],[91.17888,51.94595],[91.12693,51.98522],[91.10015,51.9927],[90.90192,51.97188],[90.86919,51.96431],[90.86486,51.96734],[90.85844,51.986],[90.84989,51.9978],[90.81104,52.02898],[90.80412,52.05864],[90.78405,52.09292],[90.76367,52.11107],[90.74797,52.11981],[90.69582,52.13746],[90.59735,52.15955],[90.5847,52.16479],[90.55311,52.19815],[90.50761,52.22915],[90.47536,52.2335],[90.4212,52.22822],[90.37531,52.24006],[90.34859,52.24158],[90.31759,52.23481],[90.28604,52.21623],[90.2404,52.20979],[90.20036,52.18582],[90.1325,52.18768],[90.10997,52.18133],[90.09477,52.17126],[90.08264,52.15719],[90.07511,52.14039],[90.07486,52.07499],[90.04423,52.05897],[89.99751,52.02551],[89.98447,52.00983],[89.97811,51.9922],[89.97702,51.97401],[89.98109,51.95325],[90.00304,51.90473],[90.00659,51.8839],[90.00683,51.84018],[90.01155,51.82189],[90.02107,51.80321],[90.02029,51.79785],[90.01415,51.79542],[89.9853,51.80779],[89.96209,51.8113],[89.94668,51.80794],[89.91961,51.79439],[89.74755,51.66549],[89.71846,51.63447],[89.70818,51.62774],[89.67344,51.61729],[89.58671,51.60282],[89.56551,51.60803],[89.49976,51.64365],[89.44608,51.65427],[89.42221,51.6554],[89.34312,51.64665],[89.31568,51.63894],[89.28589,51.6235],[89.28069,51.62839],[89.2827,51.64565],[89.27902,51.66568],[89.26843,51.68357],[89.24402,51.70054],[89.22918,51.70562],[89.20453,51.7085],[89.1793,51.70598],[89.13471,51.68707],[89.11841,51.68309],[89.0469,51.67578],[89.03038,51.66754],[89.01043,51.64757],[88.72858,51.60887],[88.7102,51.60248],[88.69308,51.5856],[88.68634,51.56754],[88.68714,51.54728],[88.69838,51.52612],[88.71391,51.51431],[88.79709,51.47437],[88.81943,51.44547],[88.83678,51.43194],[88.86307,51.41787],[88.90947,51.39984],[88.89562,51.34879],[88.89524,51.3276],[88.9028,51.28702],[88.89353,51.24666],[88.89619,51.21754],[88.90581,51.19831],[88.92266,51.18144],[88.95731,51.1613],[88.99735,51.14499],[88.99081,51.1119],[88.99338,51.07615],[89.00252,51.05056],[89.02424,51.02067],[89.06039,50.99436],[89.13746,50.95585],[89.16791,50.92761],[89.27549,50.86306],[89.3084,50.83577],[89.35514,50.81517],[89.37379,50.78592],[89.3965,50.77016],[89.42567,50.75791],[89.46283,50.71688],[89.52558,50.66282],[89.55825,50.62506],[89.6103,50.58542],[89.61951,50.56061],[89.64011,50.53973],[89.66312,50.53009],[89.69687,50.5263],[89.72935,50.52738],[89.76292,50.51974],[89.79685,50.5038],[89.81772,50.4839],[89.81774,50.47825],[89.81245,50.47254],[89.75682,50.46728],[89.66115,50.44392],[89.63568,50.46857],[89.55926,50.51076],[89.52541,50.51969],[89.50547,50.51877],[89.49039,50.5136],[89.46915,50.49833],[89.45608,50.47405],[89.44622,50.41709],[89.44614,50.39476],[89.41459,50.38794],[89.3827,50.37665],[89.35686,50.35736],[89.3462,50.3429],[89.33741,50.3186],[89.32049,50.30628],[89.30461,50.28649],[89.29955,50.26792],[89.30019,50.25089],[89.28731,50.2228],[89.28693,50.20218],[89.29341,50.18401],[89.30651,50.16948],[89.32781,50.15754],[89.3782,50.13951],[89.40562,50.1357],[89.43229,50.14057],[89.45657,50.15738],[89.46394,50.15592],[89.46624,50.12816],[89.47219,50.10933],[89.482,50.09341],[89.5035,50.07107],[89.4989,50.04765],[89.50441,50.01751],[89.51739,49.99781],[89.54388,49.97305],[89.5352,49.94453],[89.5359,49.92379],[89.54091,49.90991],[89.55614,49.89066],[89.5711,49.87778],[89.61418,49.86068],[89.61534,49.84192],[89.62108,49.83505],[89.63864,49.82491],[89.64311,49.81844],[89.64168,49.80861],[89.62738,49.7968],[89.62645,49.78802],[89.63896,49.77547],[89.70156,49.75273],[89.71149,49.73547],[89.70188,49.71973],[89.6819,49.7082],[89.61647,49.6855],[89.56469,49.67797],[89.45719,49.64804],[89.45162,49.64374],[89.4416,49.64358],[89.41861,49.6242],[89.39778,49.59904],[89.37321,49.58327],[89.28599,49.63199],[89.25306,49.643],[89.22299,49.63698],[89.18736,49.62198],[89.17821,49.59847],[89.20137,49.57083],[89.21414,49.54769],[89.2131,49.54251],[89.19497,49.52144],[89.15995,49.50249],[89.00912,49.46336],[88.98638,49.46997],[88.92496,49.54699],[88.90046,49.53893],[88.88892,49.54167],[88.8682,49.53811],[88.85875,49.52736],[88.85487,49.47388],[88.86907,49.44935],[88.86546,49.44429],[88.85325,49.44216],[88.73102,49.45103],[88.67632,49.45947],[88.64855,49.48366],[88.63353,49.49124],[88.61576,49.49294],[88.56873,49.47606],[88.40814,49.484],[88.3458,49.482],[88.22101,49.46199],[88.21162,49.45592],[88.19997,49.45434],[88.17464,49.44374],[88.16174,49.43011],[88.14556,49.39723],[88.11554,49.35657],[88.12918,49.32593],[88.14772,49.2973],[88.14293,49.27031],[88.10822,49.24734],[88.02975,49.21554],[87.97561,49.1771],[87.88836,49.16222],[87.83896,49.173],[87.70465,49.16296],[87.55379,49.12562],[87.52556,49.11986],[87.50021,49.11921],[87.48198,49.09186],[87.45519,49.08072],[87.37358,49.08512],[87.17494,49.132],[87.11632,49.12976],[86.876,49.10999],[86.87058,49.10614],[86.85949,49.10532],[86.8382,49.09385],[86.81893,49.06332],[86.7804,49.03175],[86.74363,49.00779],[86.72758,48.99043],[86.71387,48.96993],[86.70942,48.95422],[86.71812,48.91241],[86.74187,48.87873],[86.77364,48.85845],[86.7877,48.83999],[86.76497,48.80803],[86.73919,48.78353],[86.75184,48.72916],[86.75145,48.71469],[86.744,48.70309],[86.66928,48.6345],[86.60555,48.5901],[86.56877,48.53225],[86.48695,48.50117],[86.4608,48.49411],[86.34348,48.49493],[86.30737,48.48308],[86.24688,48.43757],[86.21962,48.42795],[86.03088,48.437],[85.804,48.41399],[85.79459,48.40887],[85.78368,48.40758],[85.74741,48.39009],[85.7186,48.35871],[85.58639,48.14125],[85.56169,48.03045],[85.54722,47.99333],[85.52872,47.96661],[85.51781,47.94464],[85.51539,47.92028],[85.59537,47.62406],[85.59568,47.59054],[85.57998,47.52377],[85.58458,47.49294],[85.60024,47.46321],[85.67081,47.38326],[85.67855,47.36285],[85.66721,47.32605],[85.67021,47.30905],[85.67883,47.29067],[85.67891,47.27491],[85.65822,47.20553],[85.64662,47.19793],[85.60184,47.19445],[85.5775,47.18916],[85.55683,47.17874],[85.54712,47.16203],[85.53873,47.12825],[85.51681,47.10018],[85.5081,47.08253],[85.50553,47.06365],[85.50133,47.05886],[85.26692,47.053],[85.22568,47.04151],[85.20512,47.03371],[85.19167,47.02339],[85.16734,46.99305],[85.14652,46.97845],[85.07717,46.9433],[85.04931,46.92166],[85.023,46.91799],[85.01065,46.91103],[84.97563,46.9019],[84.9594,46.89088],[84.93668,46.86179],[84.80088,46.82818],[84.75248,46.83234],[84.74732,46.8371],[84.78187,46.91384],[84.77398,46.936],[84.71789,46.97909],[84.678,46.99399],[84.59341,46.99101],[84.29476,47.008],[84.179,46.99899],[84.10532,46.97218],[83.90081,46.97703],[83.7812,47.02099],[83.55905,47.0631],[83.46027,47.11095],[83.42499,47.13599],[83.32833,47.16796],[83.23047,47.18403],[83.18489,47.21409],[83.15504,47.22497],[83.062,47.21998],[83.02148,47.2059],[83.01352,47.19459],[83.01492,47.15339],[82.99823,47.11025],[83.00617,47.07921],[83.0052,47.06921],[82.99016,47.03217],[82.98551,47.01253],[82.99327,46.97532],[82.99175,46.95875],[82.98569,46.94302],[82.83896,46.73244],[82.74761,46.49382],[82.70779,46.43401],[82.68935,46.36289],[82.67459,46.33164],[82.60798,46.25536],[82.56828,46.19651],[82.54187,46.1315],[82.51589,45.99331],[82.48868,45.9011],[82.47574,45.87304],[82.44762,45.82563],[82.37222,45.73416],[82.33612,45.63542],[82.30463,45.58285],[82.29153,45.53333],[82.32746,45.49335],[82.36249,45.48126],[82.51329,45.46566],[82.61479,45.43562],[82.63135,45.4165],[82.63634,45.37916],[82.63389,45.34001],[82.61446,45.24831],[82.58515,45.17687],[82.53929,45.12392],[82.5104,45.12016],[82.48142,45.12741],[82.34799,45.21999],[82.29691,45.23799],[82.19176,45.2222],[82.01374,45.15927],[81.94654,45.15742],[81.82441,45.19626],[81.80829,45.22081],[81.81199,45.273],[81.78301,45.32099],[81.752,45.34499],[81.67895,45.35],[81.6226,45.33434],[81.5424,45.29373],[81.39653,45.26993],[80.91734,45.15015],[80.76569,45.15198],[80.72105,45.14401],[80.69712,45.14365],[80.6517,45.13161],[80.525,45.10898],[80.51222,45.10314],[80.46757,45.10629],[80.44535,45.10422],[80.4251,45.09213],[80.40662,45.05723],[80.39431,45.04936],[80.34253,45.04416],[80.29053,45.04624],[80.25385,45.03606],[80.11287,45.03695],[80.06171,45.01895],[79.91171,44.92709],[79.87815,44.91472],[79.85821,44.90371],[79.84302,44.87349],[79.86865,44.84936],[79.99174,44.79365],[80.03938,44.79051],[80.21777,44.818],[80.24421,44.816],[80.26347,44.80922],[80.31451,44.78033],[80.4758,44.7355],[80.49278,44.7265],[80.49689,44.71409],[80.48986,44.70064],[80.47554,44.69357],[80.41114,44.6828],[80.37646,44.67133],[80.35586,44.65288],[80.35451,44.64177],[80.35908,44.63273],[80.37717,44.61526],[80.3797,44.60817],[80.37522,44.5851],[80.36454,44.56968],[80.33791,44.49414],[80.33043,44.45293],[80.33294,44.41725],[80.37286,44.27072],[80.3732,44.23197],[80.34604,44.15891],[80.33891,44.12149],[80.34511,44.1031],[80.39227,44.06541],[80.40376,44.04891],[80.41006,44.03144],[80.4127,43.99323],[80.42308,43.97226],[80.44,43.94886],[80.47646,43.90963],[80.71226,43.45963],[80.7101,43.42617],[80.69452,43.39529],[80.64287,43.32622],[80.65847,43.31065],[80.6962,43.30319],[80.73401,43.28941],[80.74791,43.27576],[80.7559,43.25711],[80.75997,43.21879],[80.76524,43.19995],[80.78796,43.16844],[80.79318,43.15009],[80.78736,43.12762],[80.77356,43.1132],[80.763,43.10867],[80.74276,43.10868],[80.678,43.14199],[80.6547,43.14199],[80.61847,43.13426],[80.57589,43.11941],[80.53073,43.09442],[80.4712,43.06788],[80.41042,43.04873],[80.36815,43.02845],[80.35513,43.00058],[80.37384,42.97519],[80.40774,42.9547],[80.47598,42.93033],[80.52135,42.92549],[80.54201,42.91696],[80.55389,42.89884],[80.5488,42.87985],[80.51149,42.86714],[80.47615,42.86389],[80.40063,42.84306],[80.38166,42.83147],[80.36255,42.82568],[80.28208,42.82999],[80.24826,42.81619],[80.22749,42.79098],[80.20544,42.73131],[80.18916,42.70201],[80.15256,42.66049],[80.14385,42.64491],[80.14006,42.62296],[80.15359,42.59103],[80.16238,42.55239],[80.19205,42.51686],[80.2063,42.46952],[80.19474,42.44616],[80.21865,42.35512],[80.22561,42.33889],[80.24959,42.30931],[80.26809,42.2389],[80.2605,42.21684],[80.24975,42.20559],[80.21034,42.18952],[80.21646,42.17439],[80.21984,42.14187],[80.2246,42.12557],[80.25648,42.08369],[80.25681,42.06463],[80.23555,42.039],[80.17893,42.027],[80.02479,42.036],[79.873,42.01299],[79.84276,42.00174],[79.82679,41.99224],[79.81293,41.97772],[79.7838,41.90612],[79.75092,41.88242],[79.659,41.88299],[79.62832,41.87088],[79.61099,41.86762],[79.58517,41.8539],[79.52676,41.83097],[79.34079,41.79198],[79.32059,41.78424],[79.30413,41.78755],[79.28233,41.78349],[79.22595,41.74742],[79.15171,41.71862],[79.08875,41.70254],[79.03293,41.6725],[78.94126,41.63693],[78.91568,41.63311],[78.85232,41.6024],[78.73713,41.5577],[78.6584,41.53251],[78.63829,41.51547],[78.52172,41.45655],[78.51038,41.45442],[78.39689,41.39345],[78.3599,41.37752],[78.34347,41.36202],[78.33934,41.34404],[78.35666,41.30604],[78.35934,41.28974],[78.3497,41.27092],[78.33126,41.25864],[78.29159,41.24078],[78.27536,41.22885],[78.25024,41.20038],[78.19032,41.11761],[78.17557,41.1052],[78.07943,41.04265],[78.0292,41.05599],[77.86085,41.07],[77.79736,41.05462],[77.65778,40.99917],[77.62785,40.99596],[77.58072,40.9977],[77.52948,40.98667],[77.50726,40.986],[77.3822,41.02498],[77.3378,41.02698],[77.31632,41.02001],[77.30101,41.01927],[77.2506,41.00774],[77.14064,41.01602],[77.073,41.04699],[77.02114,41.05],[76.97405,41.03844],[76.90035,41.0258],[76.86098,41.0132],[76.83493,40.99351],[76.82081,40.97788],[76.76682,40.94468],[76.75742,40.92577],[76.75943,40.90459],[76.69473,40.80961],[76.67422,40.79544],[76.64786,40.76485],[76.63081,40.72888],[76.62423,40.62819],[76.6198,40.6101],[76.60869,40.5967],[76.55631,40.56559],[76.53118,40.53499],[76.49906,40.46495],[76.47646,40.43618],[76.44886,40.41541],[76.3621,40.37196],[76.33824,40.35491],[76.33174,40.35705],[76.31499,40.38499],[76.29071,40.39134],[76.28333,40.41727],[76.27341,40.43412],[76.24416,40.44119],[76.20161,40.40303],[76.0678,40.39598],[75.98311,40.36703],[75.96243,40.35733],[75.92144,40.30919],[75.90061,40.30122],[75.83969,40.30009],[75.77184,40.31013],[75.75055,40.30833],[75.71977,40.29828],[75.70385,40.29858],[75.68789,40.31269],[75.66577,40.37475],[75.65709,40.4142],[75.66931,40.43237],[75.66693,40.45024],[75.64383,40.47232],[75.62907,40.53806],[75.62399,40.595],[75.60409,40.62889],[75.5831,40.64489],[75.55097,40.63311],[75.52379,40.63317],[75.482,40.61419],[75.26353,40.48035],[75.22924,40.47034],[75.21554,40.44988],[75.17377,40.44937],[75.13808,40.46388],[75.11317,40.46078],[75.07732,40.44835],[75.06611,40.44806],[74.99148,40.46583],[74.88199,40.51899],[74.83536,40.51163],[74.82007,40.49396],[74.78741,40.42074],[74.79464,40.40555],[74.84128,40.37232],[74.85338,40.35925],[74.86054,40.33217],[74.85807,40.32667],[74.84784,40.32522],[74.76106,40.345],[74.734,40.34099],[74.70576,40.33128],[74.66751,40.30179],[74.56541,40.24695],[74.47609,40.1721],[74.3703,40.10611],[74.34483,40.09743],[74.29547,40.0932],[74.25799,40.11099],[74.22585,40.117],[74.19328,40.10894],[74.1676,40.10638],[74.12665,40.09232],[74.00399,40.06081],[73.97671,40.0436],[73.9663,40.03317],[73.95211,40.00826],[73.94369,39.96995],[73.90757,39.93787],[73.8932,39.91813],[73.88531,39.87625],[73.87457,39.85877],[73.84411,39.83808],[73.83202,39.82371],[73.82303,39.80568],[73.81861,39.78619],[73.81982,39.76672],[73.82953,39.74699],[73.87835,39.72837],[73.89325,39.71059],[73.89962,39.6892],[73.90426,39.64647],[73.92572,39.5907],[73.92092,39.58201],[73.88319,39.56128],[73.87046,39.54678],[73.8592,39.52425],[73.84796,39.48977],[73.83697,39.47512],[73.65601,39.45499],[73.65165,39.45043],[73.63265,39.44834],[73.63193,39.42881],[73.64252,39.37194],[73.64368,39.3505],[73.64109,39.33479],[73.61012,39.26546],[73.60226,39.23577],[73.60785,39.20733],[73.63132,39.17522],[73.67323,39.14302],[73.68233,39.12973],[73.69811,39.07857],[73.70923,39.06559],[73.76884,39.02974],[73.80163,39.00145],[73.81583,38.9936],[73.82625,38.97608],[73.82866,38.95884],[73.82376,38.94507],[73.81514,38.93743],[73.75008,38.929],[73.71719,38.91857],[73.68907,38.8912],[73.68081,38.87298],[73.6838,38.85482],[73.69579,38.84011],[73.72471,38.81474],[73.73592,38.79978],[73.73889,38.78049],[73.73269,38.73717],[73.73642,38.72167],[73.77247,38.67419],[73.77915,38.65987],[73.78861,38.61858],[73.79739,38.60284],[73.81656,38.5865],[73.88666,38.55923],[73.91728,38.53709],[73.93288,38.52967],[74.0289,38.52724],[74.04553,38.53042],[74.05637,38.54259],[74.07899,38.54501],[74.06332,38.59506],[74.07655,38.61127],[74.09142,38.62044],[74.09409,38.63239],[74.12725,38.66898],[74.14091,38.66907],[74.20182,38.65237],[74.22156,38.64971],[74.24394,38.65025],[74.31441,38.6691],[74.33469,38.66679],[74.47673,38.61203],[74.64554,38.56127],[74.69646,38.52399],[74.74238,38.523],[74.76054,38.51978],[74.77673,38.51025],[74.80136,38.48274],[74.83192,38.46448],[74.8443,38.41724],[74.84407,38.39777],[74.83848,38.38016],[74.82641,38.363],[74.78431,38.32567],[74.7748,38.30962],[74.77108,38.29154],[74.77129,38.19627],[74.79068,38.08161],[74.80994,38.05321],[74.88122,38.01985],[74.89271,37.9934],[74.8888,37.93092],[74.89076,37.89772],[74.90837,37.88153],[74.90662,37.86742],[74.89491,37.85264],[74.88322,37.84387],[74.88611,37.83056],[74.89841,37.8176],[74.94998,37.79473],[74.96112,37.78527],[74.96493,37.76831],[74.96122,37.75732],[74.9319,37.72157],[74.92319,37.69484],[74.88611,37.65346],[74.88218,37.63442],[74.8919,37.59921],[74.91505,37.57073],[74.94523,37.54857],[75.03643,37.50599],[75.05373,37.49352],[75.10398,37.44061],[75.15351,37.40563],[75.15064,37.39717],[75.09178,37.37844],[75.07959,37.36123],[75.0771,37.3251],[75.06775,37.31212],[74.97576,37.2844],[74.95138,37.28122],[74.93293,37.2725],[74.91724,37.24571],[74.91143,37.2433],[74.82289,37.33209],[74.67031,37.39195],[74.66038,37.39396],[74.65169,37.39053],[74.54574,37.38217],[74.36536,37.40274],[74.35363,37.4159],[74.34396,37.42093],[74.32246,37.41663],[74.3156,37.4269],[74.30433,37.40652],[74.25408,37.40899],[74.24517,37.40369],[74.22393,37.40334],[74.2077,37.38991],[74.20532,37.37618],[74.14507,37.33578],[73.83625,37.25674],[73.79711,37.22834],[73.78367,37.22602],[73.74612,37.23054],[73.72852,37.22414],[73.69473,37.23068],[73.68049,37.24245],[73.65993,37.24374],[73.64519,37.2403],[73.63324,37.24269],[73.62216,37.26468],[73.64769,37.29969],[73.71899,37.30901],[73.76997,37.34298],[73.77599,37.43299],[73.74717,37.439],[73.64379,37.43757],[73.60472,37.44587],[73.48526,37.48096],[73.44061,37.47993],[73.42375,37.47274],[73.34481,37.46467],[73.32124,37.46701],[73.29633,37.46494],[73.27608,37.45947],[73.24683,37.43889],[73.15811,37.40309],[73.1073,37.36261],[73.00807,37.31073],[72.99545,37.30924],[72.9244,37.2749],[72.90633,37.25772],[72.89613,37.2522],[72.83052,37.23976],[72.8,37.22898],[72.77789,37.20988],[72.76097,37.18749],[72.71444,37.11016],[72.67271,37.05761],[72.66647,37.03841],[72.65754,37.02918],[72.50881,37.01109],[72.48599,37.00231],[72.43964,37.00274],[72.40579,37.00764],[72.36099,37.00027],[72.25994,36.96735],[72.22033,36.94554],[72.2048,36.93028],[72.02575,36.81235],[71.83685,36.69934],[71.79735,36.68605],[71.74829,36.67865],[71.70021,36.67865],[71.65336,36.68697],[71.61026,36.70552],[71.57718,36.73353],[71.5532,36.76902],[71.5453,36.79032],[71.5385,36.8361],[71.52855,36.85602],[71.47203,36.92968],[71.46334,36.94753],[71.45997,36.97],[71.45992,37.01088],[71.45644,37.02254],[71.43426,37.05286],[71.43115,37.06729],[71.43665,37.14546],[71.44128,37.16905],[71.45375,37.19262],[71.45103,37.21473],[71.48703,37.26706],[71.48998,37.29897],[71.49388,37.3077],[71.49654,37.32852],[71.49469,37.37058],[71.48786,37.41197],[71.49048,37.42383],[71.5015,37.44578],[71.51121,37.48588],[71.49924,37.55495],[71.50399,37.6087],[71.50717,37.61811],[71.52207,37.63763],[71.52963,37.67886],[71.54088,37.70972],[71.54223,37.72756],[71.59028,37.81573],[71.59503,37.85737],[71.59102,37.89001],[71.59772,37.89836],[71.56734,37.92807],[71.5401,37.94393],[71.50739,37.94798],[71.37919,37.91293],[71.34064,37.89401],[71.31946,37.9008],[71.28183,37.92499],[71.26325,37.92469],[71.25839,37.9274],[71.25507,37.93999],[71.27108,37.99174],[71.30239,38.04233],[71.31149,38.06945],[71.35599,38.15491],[71.36597,38.1946],[71.36199,38.24799],[71.33438,38.28066],[71.30599,38.29699],[71.218,38.3258],[71.15089,38.38109],[71.01655,38.45191],[70.98681,38.4709],[70.95074,38.47305],[70.94559,38.46965],[70.80622,38.44648],[70.77713,38.44644],[70.76109,38.44351],[70.74728,38.42728],[70.72898,38.41853],[70.68331,38.41457],[70.665,38.40548],[70.66487,38.39864],[70.67986,38.38859],[70.67843,38.38119],[70.66047,38.36542],[70.63352,38.35074],[70.60931,38.35119],[70.60002,38.34706],[70.59578,38.33818],[70.59579,38.30792],[70.5569,38.26742],[70.5472,38.26265],[70.48928,38.16129],[70.42751,38.10163],[70.37133,38.05841],[70.32624,38.01132],[70.29378,37.9961],[70.2823,37.98145],[70.25394,37.97339],[70.25043,37.96414],[70.25116,37.95007],[70.2458,37.94376],[70.21047,37.93003],[70.19199,37.93314],[70.17213,37.94607],[70.16051,37.92066],[70.16602,37.872],[70.17811,37.85191],[70.19601,37.83992],[70.23718,37.82027],[70.26898,37.77072],[70.283,37.70511],[70.27449,37.67485],[70.25358,37.65457],[70.25505,37.63663],[70.2487,37.62386],[70.24109,37.61797],[70.21647,37.61713],[70.19898,37.57965],[70.15868,37.54226],[70.12858,37.53242],[70.09886,37.53665],[70.06908,37.54522],[70.0417,37.54884],[70.03514,37.54333],[70.00874,37.54849],[69.9895,37.56731],[69.95533,37.57594],[69.93524,37.60566],[69.91867,37.61714],[69.89525,37.61816],[69.79727,37.58455],[69.78431,37.59045],[69.75427,37.59666],[69.72958,37.59408],[69.68755,37.57969],[69.66531,37.57623],[69.52866,37.58602],[69.50866,37.57897],[69.50168,37.56327],[69.38207,37.45307],[69.37839,37.4374],[69.374,37.3879],[69.38099,37.34421],[69.42312,37.20485],[69.42256,37.19914],[69.40698,37.17689],[69.39094,37.16454],[69.35084,37.14414],[69.3241,37.1212],[69.28562,37.11292],[69.26576,37.10548],[69.24438,37.1046],[69.12338,37.16944],[69.11394,37.17825],[69.09643,37.21302],[69.03652,37.25111],[69.02103,37.28795],[69.00548,37.30552],[68.98522,37.32035],[68.96543,37.32914],[68.88787,37.33813],[68.81396,37.32345],[68.68026,37.27903],[68.66887,37.27829],[68.63906,37.24408],[68.62565,37.20666],[68.55146,37.19261],[68.53305,37.16955],[68.52354,37.16471],[68.46559,37.15536],[68.40372,37.15163],[68.41698,37.12964],[68.4125,37.1199],[68.33887,37.10966],[68.30728,37.11421],[68.28832,37.10321],[68.28078,37.08665],[68.28629,37.0366],[68.28347,37.03148],[68.18201,37.01799],[68.05371,36.934],[68.01081,36.9355],[68.00645,36.93809],[67.99619,36.95578],[67.96182,36.98994],[67.91847,37.01387],[67.89195,37.05202],[67.87811,37.06443],[67.83248,37.07326],[67.80786,37.08336],[67.78409,37.09792],[67.77422,37.11698],[67.78054,37.18887],[67.77603,37.20741],[67.76426,37.22088],[67.74659,37.2294],[67.72587,37.23353],[67.70625,37.23296],[67.66042,37.24213],[67.63316,37.25405],[67.61392,37.25146],[67.53124,37.26799],[67.52614,37.27289],[67.50314,37.28196],[67.48223,37.27728],[67.43057,37.23945],[67.39151,37.21974],[67.31959,37.20842],[67.29221,37.19431],[67.25377,37.18697],[67.23571,37.19381],[67.22533,37.20773],[67.20796,37.24346],[67.1861,37.25936],[67.09727,37.34067],[67.08508,37.34963],[67.06982,37.35339],[67.00591,37.38438],[66.95765,37.38521],[66.90366,37.37507],[66.8205,37.36635],[66.73498,37.3633],[66.7168,37.35621],[66.60777,37.36219],[66.58857,37.36846],[66.56471,37.37068],[66.53902,37.36908],[66.51187,37.36192],[66.45164,37.32332],[66.43877,37.32806],[66.42362,37.34567],[66.4135,37.34963],[66.38962,37.34717],[66.33882,37.33396],[66.30978,37.33009],[66.29502,37.33123],[66.25774,37.35684],[66.23232,37.36563],[66.21847,37.37479],[66.17858,37.37652],[66.10573,37.42053],[66.07966,37.44086],[65.85208,37.50984],[65.82872,37.52605],[65.80433,37.5653],[65.76145,37.57837],[65.75097,37.53745],[65.69801,37.53299],[65.66884,37.52055],[65.65863,37.51014],[65.63569,37.47393],[65.62575,37.4528],[65.62102,37.43055],[65.62891,37.38695],[65.62939,37.36543],[65.62393,37.34523],[65.58316,37.30806],[65.53578,37.25666],[65.51385,37.24759],[65.46838,37.24501],[65.067,37.24299],[65.01854,37.22151],[64.98898,37.21363],[64.80809,37.13559],[64.77877,37.11804],[64.76017,37.09262],[64.75562,37.05363],[64.77456,36.97779],[64.77826,36.93723],[64.76494,36.90422],[64.62146,36.69274],[64.60483,36.66055],[64.59201,36.62107],[64.58881,36.60045],[64.58904,36.58009],[64.60763,36.52196],[64.61045,36.50092],[64.60587,36.46136],[64.59457,36.4248],[64.57619,36.38903],[64.49852,36.29188],[64.47733,36.27141],[64.44401,36.24983],[64.42139,36.24308],[64.35256,36.23092],[64.16577,36.16529],[64.12335,36.14606],[64.05726,36.10523],[64.04465,36.09232],[64.03719,36.079],[63.97746,36.03911],[63.8889,36.03199],[63.85972,36.02203],[63.7686,35.97905],[63.613,35.96699],[63.58209,35.95904],[63.56333,35.95054],[63.52612,35.91294],[63.51045,35.90161],[63.33536,35.85658],[63.1232,35.86299],[63.11907,35.85921],[63.10409,35.85646],[63.08864,35.84339],[63.0844,35.82608],[63.10102,35.80077],[63.11205,35.76992],[63.16913,35.72574],[63.18369,35.67682],[63.18033,35.67163],[63.15898,35.66097],[63.10316,35.64603],[63.07665,35.6247],[63.07741,35.55861],[63.08058,35.54652],[63.09657,35.53567],[63.10039,35.52528],[63.0905,35.49354],[63.08615,35.45538],[63.07883,35.43588],[63.07155,35.43103],[63.02267,35.42796],[62.91821,35.38817],[62.8278,35.32949],[62.76049,35.30244],[62.7082,35.25584],[62.63107,35.22637],[62.55084,35.23704],[62.51299,35.27399],[62.47033,35.28796],[62.45974,35.282],[62.43188,35.28063],[62.39933,35.25593],[62.30819,35.15683],[62.30291,35.15916],[62.27432,35.20089],[62.26997,35.25601],[62.24653,35.27386],[62.2337,35.29376],[62.21913,35.30618],[62.18938,35.31704],[62.16359,35.33637],[62.04299,35.44099],[61.99204,35.45897],[61.9658,35.45899],[61.93909,35.4516],[61.91921,35.4518],[61.79936,35.41758],[61.77375,35.41591],[61.59646,35.44399],[61.5285,35.48376],[61.50299,35.50899],[61.43827,35.5529],[61.37499,35.63599],[61.296,35.62899],[61.29087,35.62402],[61.27153,35.61945],[61.24573,35.64886],[61.2324,35.67098],[61.23012,35.69163],[61.23354,35.70455],[61.24673,35.7155],[61.24972,35.72247],[61.24965,35.74514],[61.25634,35.7695],[61.25389,35.78488],[61.26199,35.81693],[61.25182,35.84152],[61.24734,35.87621],[61.24112,35.89368],[61.2119,35.93823],[61.20111,36.06825],[61.22471,36.12369],[61.22004,36.16104],[61.221,36.17907],[61.18381,36.28846],[61.16315,36.42],[61.18999,36.56895],[61.17267,36.60799],[61.1658,36.63631],[61.15949,36.63848],[61.15399,36.64999],[60.36624,36.646],[60.33298,36.65725],[60.10679,36.93592],[60.06309,37.01189],[60.01599,37.04402],[59.81331,37.12495],[59.71533,37.14719],[59.47896,37.23405],[59.39306,37.3234],[59.37207,37.40408],[59.37599,37.496],[59.34299,37.53599],[59.316,37.54099],[59.29906,37.53376],[59.28923,37.53517],[59.23785,37.51818],[59.20156,37.5333],[59.05303,37.63097],[58.9342,37.66898],[58.85597,37.67041],[58.8011,37.69464],[58.79562,37.68772],[58.7927,37.67271],[58.78624,37.66645],[58.75027,37.65768],[58.72637,37.65938],[58.71286,37.65108],[58.6463,37.66198],[58.61757,37.65897],[58.5655,37.69492],[58.54932,37.70157],[58.52979,37.70038],[58.5142,37.69137],[58.47844,37.64366],[58.46806,37.64005],[58.40586,37.64118],[58.23471,37.67924],[58.22166,37.69837],[58.22399,37.721],[58.19809,37.78589],[58.17389,37.79608],[57.70031,37.92597],[57.56856,37.92677],[57.54463,37.92998],[57.52579,37.92757],[57.45439,37.93801],[57.35384,37.99289],[57.37199,38.091],[57.24206,38.27192],[57.20832,38.28296],[57.182,38.28199],[57.14662,38.2698],[57.10343,38.22255],[57.05584,38.19618],[56.86658,38.22616],[56.79644,38.25284],[56.756,38.28599],[56.69476,38.26704],[56.443,38.25999],[56.40011,38.24412],[56.36658,38.22561],[56.30337,38.17942],[56.29707,38.16579],[56.32353,38.14169],[56.32878,38.12431],[56.32547,38.10553],[56.31491,38.08921],[56.30365,38.08299],[56.22165,38.07129],[56.16898,38.09499],[55.98649,38.07215],[55.86853,38.09395],[55.806,38.12199],[55.76407,38.124],[55.438,38.08299],[55.34911,38.03069],[55.32354,38.01929],[55.13031,37.9523],[55.11826,37.93973],[55.08294,37.91501],[55.06665,37.90843],[55.06162,37.89569],[55.05087,37.88214],[55.00649,37.84295],[54.863,37.76699],[54.8331,37.74608],[54.81364,37.71862],[54.78214,37.64332],[54.80798,37.57941],[54.78228,37.51718],[54.69825,37.46638],[54.67856,37.45998],[54.65565,37.44062],[54.63098,37.4401],[54.58,37.45299],[54.55742,37.44377],[54.5332,37.44075],[54.35605,37.36109],[54.31708,37.35326],[54.26153,37.35482],[54.2312,37.33608],[54.20259,37.33017],[54.02949,37.34244],[53.9704,37.34663],[53.92752,37.44522],[53.90172,37.43672],[53.92723,37.44578],[53.81941,37.80953],[53.82007,38.0005],[53.86404,38.19077],[53.87384,38.36254],[53.83247,38.53787],[53.86005,38.64735],[53.92137,38.73939],[53.93661,38.79654],[54.02189,38.89066],[54.02624,38.90873],[53.99903,38.91918],[54.02007,38.96208],[53.98306,38.96095],[53.98487,38.98352],[53.96782,38.96941],[53.9729,38.99846],[53.90287,38.96716],[53.8898,39.05963],[53.87239,39.03117],[53.82267,39.04413],[53.81651,39.07316],[53.78856,39.05625],[53.76062,39.09794],[53.75554,39.04808],[53.72289,39.10273],[53.71599,39.07766],[53.69749,39.13454],[53.72143,39.14383],[53.73559,39.18659],[53.69785,39.16859],[53.7149,39.23102],[53.66265,39.188],[53.65285,39.1154],[53.65431,39.15959],[53.61294,39.19503],[53.6456,39.24254],[53.59334,39.22343],[53.59117,39.24282],[53.56649,39.25013],[53.59661,39.30883],[53.55161,39.283],[53.54073,39.29732],[53.55887,39.3355],[53.52621,39.30883],[53.55161,39.36552],[53.48557,39.32034],[53.48811,39.35823],[53.45473,39.33802],[53.46932,39.36742],[53.4032,39.33893],[53.41864,39.35412],[53.40512,39.38614],[53.3495,39.36777],[53.24825,39.39574],[53.1682,39.37669],[53.21982,39.35779],[53.17206,39.26895],[53.17895,39.2164],[53.15718,39.34223],[53.09695,39.42974],[53.29808,39.70231],[53.3323,39.68869],[53.2987,39.67957],[53.26152,39.63293],[53.22777,39.57056],[53.23256,39.54583],[53.44248,39.56627],[53.48299,39.54549],[53.48771,39.5243],[53.52213,39.51901],[53.51981,39.49358],[53.56324,39.51749],[53.56805,39.49126],[53.59311,39.50391],[53.57294,39.54026],[53.59405,39.56349],[53.59543,39.54317],[53.6247,39.54052],[53.62365,39.5188],[53.65045,39.52887],[53.6368,39.51477],[53.64134,39.50865],[53.67911,39.56011],[53.69242,39.54761],[53.71752,39.57597],[53.71852,39.55167],[53.7374,39.54848],[53.74163,39.58931],[53.72912,39.57281],[53.71119,39.58055],[53.70667,39.56838],[53.69388,39.5881],[53.65817,39.57328],[53.63667,39.60969],[53.65924,39.60245],[53.671,39.61058],[53.65302,39.6481],[53.60538,39.65682],[53.60565,39.62813],[53.58702,39.64463],[53.57174,39.62638],[53.5611,39.63947],[53.58092,39.66214],[53.55715,39.69728],[53.54745,39.66366],[53.48402,39.73505],[53.46891,39.73901],[53.48651,39.70098],[53.44591,39.72917],[53.47795,39.6824],[53.45793,39.68054],[53.43529,39.71327],[53.44944,39.79432],[53.42331,39.77257],[53.41896,39.79878],[53.51911,39.90325],[53.60474,39.94277],[53.76404,39.90742],[53.75191,39.82889],[53.78721,39.83055],[53.76237,39.81028],[53.82917,39.84503],[53.92217,39.82889],[53.93752,39.80956],[54.13888,39.79544],[53.99591,39.87903],[53.88451,39.90019],[53.78996,39.96103],[53.63206,40.02252],[53.49284,39.99959],[53.4273,40.03507],[53.39585,40.03275],[53.29726,39.96077],[53.17197,40.00877],[53.07158,39.97857],[53.05377,39.98231],[53.0651,40.00488],[52.95915,39.98884],[52.9264,40.00595],[52.90248,39.97288],[52.95401,39.86237],[52.92289,39.86859],[52.88951,39.9333],[52.7614,40.01179],[52.76667,40.04305],[52.73611,40.0797],[52.76671,40.15925],[52.70772,40.28485],[52.73648,40.4793],[52.8624,40.67425],[52.86397,40.71008],[52.83445,40.7135],[52.83227,40.7322],[52.84461,40.72643],[52.83724,40.7474],[52.86443,40.76882],[52.94474,40.96763],[52.92421,41.0766],[52.96197,41.05421],[53.00301,40.96292],[53.00457,40.97087],[53.02407,40.93272],[53.06091,40.83411],[53.11101,40.76901],[53.24785,40.76],[53.38688,40.76889],[53.463,40.73001],[53.49353,40.73589],[53.55599,40.76801],[53.561,40.80211],[53.55549,40.83704],[53.58736,40.89001],[53.59332,40.89172],[53.6271,40.88175],[53.65646,40.85615],[53.65301,40.781],[53.70691,40.63711],[53.73724,40.61701],[53.8603,40.62602],[54.031,40.65401],[54.08892,40.68293],[54.09439,40.71212],[54.10011,40.71633],[54.22215,40.72523],[54.22735,40.71866],[54.21924,40.69286],[54.27891,40.66901],[54.35,40.67301],[54.42179,40.70999],[54.36542,40.72196],[54.30818,40.7523],[54.24947,40.87288],[54.25012,40.87992],[54.31123,40.92332],[54.33674,40.9246],[54.46927,40.86257],[54.48006,40.79901],[54.56299,40.81502],[54.7069,40.87492],[54.74409,40.92311],[54.75999,40.965],[54.73199,41.10399],[54.51389,41.24709],[54.44699,41.28399],[54.29974,41.33521],[54.07404,41.47622],[54.04206,41.52316],[54.01928,41.60516],[54.02499,41.7151],[53.99109,41.79889],[53.9362,41.87512],[53.91199,42.046],[53.89834,42.06857],[53.85389,42.10209],[53.811,42.12199],[53.65982,42.143],[53.28259,42.07215],[53.1498,42.09499],[53.09533,42.0736],[52.96533,41.99427],[52.94891,41.97489],[52.83901,41.77899],[52.82001,41.69713],[52.87568,41.69963],[52.91383,41.67142],[52.91649,41.66658],[52.90278,41.57765],[52.82637,41.41255],[52.82101,41.40097],[52.90843,41.10837],[52.88706,41.06074],[52.85951,41.07619],[52.86608,41.05268],[52.8468,41.10015],[52.84956,41.1955],[52.77632,41.38062],[52.70885,41.4472],[52.5535,41.53897],[52.60136,41.63737],[52.58812,41.68503],[52.44196,41.77449],[52.49649,41.8994],[52.4925,41.95393],[52.43916,42.02244],[52.44823,42.06555],[52.42392,42.0801],[52.43589,42.14551],[52.57632,42.31048],[52.71014,42.57444],[52.75231,42.62473],[52.75775,42.68851],[52.73743,42.73277],[52.63262,42.74636],[52.61261,42.80283],[52.47237,42.83569],[52.34091,42.82559],[52.28928,42.78352],[52.25054,42.84216],[52.18474,42.87548],[51.90508,42.83323],[51.76511,43.03351],[51.65745,43.10495],[51.67218,43.12358],[51.65583,43.18359],[51.27147,43.15292],[51.31732,43.39163],[51.28385,43.53495],[51.24348,43.57856],[51.28119,43.6013],[51.24317,43.57899],[51.20851,43.62086],[51.16302,43.62718],[51.02988,43.7991],[50.99425,43.93677],[50.92902,44.00447],[50.86789,44.03482],[50.8734,44.11106],[50.84072,44.19735],[50.74833,44.25361],[50.38179,44.30489],[50.26842,44.35692],[50.24739,44.38601],[50.22215,44.58601],[50.2259,44.59816],[50.23152,44.59771],[50.24898,44.5467],[50.26688,44.54352],[50.31139,44.64592],[50.46627,44.62372],[50.59803,44.63422],[50.6272,44.61325],[50.74761,44.60527],[50.82074,44.63541],[50.90117,44.60917],[50.95891,44.5587],[51.00742,44.55835],[51.00455,44.51957],[51.09883,44.47474],[51.19452,44.47452],[51.28405,44.54338],[51.3634,44.55115],[51.37774,44.54754],[51.36383,44.52491],[51.387,44.53041],[51.41602,44.50434],[51.44571,44.51413],[51.44829,44.53274],[51.54253,44.51768],[51.5403,44.54889],[51.42872,44.59328],[51.2671,44.58869],[51.26461,44.64667],[51.21002,44.72759],[51.15646,44.77647],[51.11629,44.77769],[51.08316,44.8202],[50.98295,44.86575],[50.98549,44.92276],[51.17861,45.04442],[51.215,45.05157],[51.25002,45.02853],[51.25392,45.19894],[51.35928,45.30381],[51.58511,45.34182],[51.72574,45.40301],[51.78859,45.40384],[51.92804,45.364],[52.5177,45.40589],[52.52896,45.40286],[52.7661,45.33901],[53.10469,45.29801],[53.22789,45.33801],[53.18799,45.37099],[52.92872,45.45015],[52.93197,45.45708],[52.74986,45.51831],[52.73643,45.5899],[52.70845,45.60263],[52.73146,45.60947],[52.70395,45.64847],[52.73455,45.67368],[52.87119,45.62929],[52.76553,45.70582],[52.83583,45.76402],[52.83771,45.83023],[52.87788,45.85822],[52.94071,45.8575],[52.89917,45.87639],[52.90233,45.89158],[52.98761,45.93211],[52.9231,45.9458],[52.91217,45.96764],[52.9269,46.00986],[52.82694,46.06715],[52.86336,46.09022],[52.82713,46.12012],[52.85291,46.13715],[52.83244,46.14687],[52.88561,46.15689],[52.91711,46.14368],[52.88473,46.19341],[52.96165,46.24208],[52.95839,46.29927],[52.98988,46.32208],[52.98369,46.3499],[53.04677,46.39796],[53.12785,46.40291],[53.00174,46.48557],[53.02131,46.53684],[53.03316,46.55245],[53.09099,46.55301],[53.14013,46.59146],[53.20599,46.64301],[53.20799,46.684],[53.19409,46.71489],[53.10159,46.7781],[53.08799,46.84199],[53.05913,46.88886],[52.93438,46.93393],[52.86609,46.952],[52.76033,46.941],[52.6936,46.94436],[52.69169,46.95],[52.60219,46.94897],[52.50314,46.9804],[52.50603,46.98461],[52.454,46.99599],[52.43001,46.98699],[52.41727,46.94851],[52.35604,46.89799],[52.34208,46.89462],[52.31911,46.87383],[52.31218,46.8618],[52.25418,46.81395],[52.2531,46.81405],[52.2409,46.80299],[52.09198,46.8149],[51.78976,46.90142],[51.793,46.90138],[51.77947,46.90437],[51.68583,46.95818],[51.68199,46.98899],[51.63499,47.04199],[51.35845,47.08208],[51.1938,47.11499],[50.97359,47.05886],[50.84411,47.00809],[50.83412,46.99673],[50.78367,46.93938],[50.73339,46.92761],[50.7099,46.94589],[50.55492,46.88513],[50.5321,46.87618],[50.52269,46.8725],[50.433,46.90099],[50.39237,46.87059],[50.3817,46.86261],[50.31188,46.81037],[49.85157,46.57278],[49.85075,46.57031],[49.82747,46.56034],[49.62,46.57499],[49.5621,46.5299],[49.45525,46.51133],[49.40099,46.53899],[49.32421,46.56489],[49.38625,46.49277],[49.36846,46.39955],[49.36212,46.39666],[49.32522,46.40701],[49.2808,46.43888],[49.25395,46.42295],[49.22976,46.3935],[49.23227,46.39256],[49.21701,46.378],[49.22479,46.33072],[49.19695,46.3352],[49.22201,46.28065],[49.27746,46.26404],[49.27334,46.23495],[49.33641,46.19973],[49.3257,46.13654],[49.26724,46.16979],[49.24001,46.1569],[49.31771,46.06626],[49.25205,46.10222],[49.23273,46.05596],[49.25579,46.02766],[49.21608,45.99097],[49.09978,46.06061],[49.06307,46.11837],[49.02823,46.11795],[49.01982,45.9642],[49.0473,45.89277],[49.02885,45.92705],[48.947,45.98319],[48.92586,45.97352],[48.92096,45.91153],[48.86491,45.90578],[48.87478,45.87108],[48.85728,45.84142],[48.85151,45.84293],[48.85045,45.83996],[48.84255,45.84085],[48.83315,45.83725],[48.81183,45.8907],[48.78305,45.88245],[48.76992,45.90181],[48.73312,45.88272],[48.75466,45.87985],[48.75973,45.85455],[48.71297,45.83141],[48.68105,45.86115],[48.68118,45.86084],[48.62764,45.91039],[48.59894,45.94705],[48.5707,45.96397],[48.45282,45.93388],[48.37301,45.87501],[48.22884,45.74861],[48.22936,45.74882],[48.22413,45.74449],[48.21686,45.74395],[48.1423,45.73841],[47.85401,45.71699],[47.8282,45.65832],[47.75841,45.69079],[47.61616,45.75694],[47.55601,45.76799],[47.55408,45.73893],[47.62392,45.70989],[47.62438,45.70835],[47.64315,45.64573],[47.62838,45.64744],[47.65482,45.63818],[47.67843,45.59248],[47.66521,45.56271],[47.64427,45.5811],[47.6323,45.58164],[47.67028,45.55556],[47.64968,45.54528],[47.66165,45.53675],[47.64779,45.46007],[47.63303,45.45604],[47.61518,45.49185],[47.60003,45.41903],[47.57642,45.39342],[47.56771,45.43056],[47.54179,45.40755],[47.52162,45.43592],[47.49617,45.37678],[47.50467,45.41123],[47.48965,45.39795],[47.48557,45.3295],[47.45716,45.35448],[47.44102,45.2309],[47.42094,45.2023],[47.42952,45.12432],[47.41678,45.11799],[47.38815,45.18724],[47.38438,45.1203],[47.33914,45.09049],[47.30644,45.01931],[47.27451,45.00062],[47.27022,44.94724],[47.24447,44.94074],[47.26182,44.92657],[47.20098,44.93675],[47.26159,44.92613],[47.24839,44.92777],[47.2352,44.87266],[47.23486,44.84747],[47.25803,44.8381],[47.24447,44.8101],[47.20937,44.82029],[47.18887,44.79515],[47.17924,44.71765],[47.16173,44.70716],[47.10706,44.73405],[47.05221,44.79804],[46.98951,44.76065],[46.99668,44.73722],[47.04867,44.74734],[47.08147,44.719],[47.09596,44.68255],[47.07294,44.66001],[46.98224,44.69315],[46.9504,44.65884],[46.87112,44.665],[46.86628,44.63298],[46.82878,44.61564],[46.86605,44.5917],[46.91171,44.49221],[46.84811,44.48129],[46.73831,44.50306],[46.81137,44.45388],[46.90304,44.46796],[46.93282,44.44121],[46.94421,44.39796],[47.03468,44.36027],[47.06095,44.2837],[47.11426,44.22172],[47.15176,44.20788],[47.20033,44.2335],[47.23366,44.21792],[47.28788,44.09028],[47.38047,43.99158],[47.43458,43.87605],[47.47162,43.87819],[47.48596,43.85941],[47.47244,43.83255],[47.53544,43.8209],[47.56722,43.8785],[47.67205,43.9206],[47.76692,43.9068],[47.66384,43.7996],[47.56711,43.61998],[47.589,43.58729],[47.57112,43.59176],[47.58505,43.58042],[47.5523,43.56842],[47.51943,43.51952],[47.49038,43.39993],[47.53592,43.34207],[47.48632,43.37732],[47.48398,43.32438],[47.50233,43.28943],[47.53647,43.34086],[47.55271,43.27425],[47.48339,43.15858],[47.46182,43.02881],[47.47403,42.99967],[47.5726,42.95653],[47.64638,42.89018],[47.66848,42.8932],[47.6534,42.8817],[47.67002,42.88553],[47.67007,42.89529],[47.69803,42.87188],[47.72052,42.70206],[47.76268,42.63052],[47.88832,42.58243],[47.99531,42.41043],[48.11043,42.31954],[48.2406,42.13589],[48.29237,42.10848],[48.37028,41.94846],[48.41211,41.9229],[48.49068,41.91393],[48.65038,41.80534],[48.97525,41.48092],[49.12244,41.2905],[49.17249,41.10373],[49.22387,41.00898],[49.40697,40.85262],[49.49444,40.83275],[49.55306,40.78384],[49.54755,40.76649],[49.53097,40.75462],[49.55086,40.78023],[49.52681,40.79905],[49.53471,40.7712],[49.51287,40.73107],[49.55166,40.63441],[49.67293,40.61699],[49.70406,40.57853],[49.80927,40.56664],[50.06719,40.59672],[50.11594,40.52647],[50.22638,40.50375],[50.2895,40.42737],[50.34641,40.40627],[50.36663,40.35904],[50.36969,40.22494],[50.3478,40.29552],[50.24111,40.34521],[50.12933,40.36732],[50.08989,40.36155],[50.08281,40.3454],[50.07992,40.34491],[50.04303,40.35549],[50.00159,40.33535],[50.00681,40.31395],[50.02417,40.31151],[50.02417,40.30447],[49.98706,40.31255],[50.00596,40.31369],[49.99925,40.33561],[49.95965,40.33403],[49.92243,40.36802],[49.87214,40.37457],[49.83757,40.36281],[49.86123,40.34572],[49.83766,40.33889],[49.83094,40.30272],[49.69293,40.27691],[49.6524,40.25144],[49.66694,40.24252],[49.64354,40.24878],[49.65576,40.24056],[49.6434,40.22331],[49.59106,40.22813],[49.47516,40.17482],[49.47513,40.13597],[49.4983,40.10629],[49.46171,40.11104],[49.4171,40.07805],[49.48317,39.99704],[49.41702,39.9542],[49.43959,39.86313],[49.40856,39.84784],[49.38429,39.78947],[49.42174,39.69959],[49.36264,39.68061],[49.32142,39.63526],[49.27598,39.52099],[49.30962,39.45217],[49.27452,39.5153],[49.27302,39.49698],[49.29938,39.45265],[49.39841,39.37939],[49.3891,39.34377],[49.42741,39.28781],[49.43223,39.27003],[49.42629,39.25612],[49.40861,39.23996],[49.38286,39.23378],[49.42672,39.28276],[49.31484,39.31352],[49.32574,39.34467],[49.28317,39.35582],[49.24918,39.34162],[49.22461,39.1479],[49.20197,39.11867],[49.20956,39.16113],[49.18832,39.19592],[49.16424,39.1399],[49.15174,39.17043],[49.14999,39.13577],[49.16681,39.13198],[49.14979,39.12933],[49.12398,39.13207],[49.13762,39.15014],[49.1024,39.1366],[49.12013,39.17894],[49.09177,39.15188],[49.04784,39.17921],[49.10012,39.22584],[49.05283,39.20742],[49.04911,39.21953],[49.02605,39.23312],[49.04281,39.22044],[49.02937,39.20602],[49.00614,39.22488],[49.02866,39.24752],[48.99458,39.25863],[49.01373,39.25462],[49.00802,39.28095],[48.96505,39.27165],[48.98271,39.25176],[48.96438,39.23442],[48.86614,39.19759],[48.9169,39.18454],[48.91411,39.17202],[48.98628,39.22563],[49.02027,39.20834],[48.94549,39.15939],[48.95823,39.14868],[48.93492,39.10243],[48.94187,38.94113],[48.86148,38.85052],[48.84745,38.85084],[48.83947,38.86996],[48.81484,38.88128],[48.84498,38.87124],[48.88589,38.89797],[48.85387,38.90919],[48.88682,38.91372],[48.91486,38.94633],[48.90914,38.99573],[48.86339,38.97502],[48.81395,38.91139],[48.81988,38.89787],[48.82597,38.91787],[48.82095,38.89699],[48.81109,38.89037],[48.81189,38.87643],[48.84699,38.85052],[48.8312,38.81046],[48.86977,38.7496],[48.86968,38.45059],[48.82131,38.44755],[48.82164,38.44542],[48.77773,38.4448],[48.68146,38.39775],[48.65813,38.39271],[48.62431,38.3971],[48.59933,38.41689],[48.5649,38.47121],[48.43299,38.62499],[48.33072,38.60422],[48.2455,38.6711],[48.24689,38.71509],[48.18499,38.75099],[48.12326,38.77238],[48.02445,38.83458],[48.01313,38.86307],[48.01254,38.89651],[48.04048,38.92195],[48.05244,38.92791],[48.05613,38.93558],[48.07218,38.94968],[48.264,38.97801],[48.30909,39.00411],[48.32499,39.03201],[48.32699,39.054],[48.29409,39.11189],[48.22893,39.14006],[48.13431,39.21019],[48.12219,39.25157],[48.12383,39.27599],[48.14915,39.30693],[48.19448,39.33339],[48.279,39.35001],[48.35789,39.39005],[48.34109,39.42289],[48.32172,39.44125],[48.21202,39.526],[48.06288,39.66612],[47.985,39.71599],[47.813,39.67899],[47.79416,39.66715],[47.78547,39.6555],[47.74525,39.62383],[47.607,39.56358],[47.5544,39.52224],[47.5421,39.51566],[47.51861,39.51316],[47.44897,39.49475],[47.39211,39.47109],[47.29088,39.37941],[47.24953,39.36123],[47.15007,39.33114],[47.10222,39.3084],[47.04301,39.23799],[47.03598,39.20701],[47.0208,39.19035],[46.95308,39.16057],[46.94125,39.15925],[46.89858,39.17174],[46.88301,39.1714],[46.86114,39.16248],[46.84892,39.16094],[46.75896,39.08595],[46.7437,39.05],[46.702,39.01754],[46.67042,39.0049],[46.65218,38.99294],[46.63885,38.97948],[46.62465,38.95713],[46.57214,38.91613],[46.55015,38.88907],[46.5327,38.8832],[46.51404,38.88223],[46.49624,38.88605],[46.39199,38.92231],[46.37823,38.9247],[46.34302,38.91748],[46.29132,38.91392],[46.20247,38.8706],[46.12546,38.8628],[46.06777,38.8742],[46.00182,38.89747],[45.79129,38.93208],[45.71688,38.95477],[45.62806,38.95551],[45.57084,38.96638],[45.53148,38.96917],[45.51027,38.97865],[45.45736,38.99453],[45.43919,39.00393],[45.43147,39.01137],[45.42746,39.02979],[45.43444,39.0529],[45.42971,39.05947],[45.41853,39.06446],[45.34821,39.16391],[45.3147,39.18673],[45.31111,39.20052],[45.30171,39.20137],[45.28125,39.19361],[45.17893,39.21982],[45.15677,39.21458],[45.15189,39.21645],[45.14618,39.2291],[45.13582,39.27848],[45.08807,39.35062],[45.07359,39.35958],[45.0517,39.38684],[45.02139,39.40301],[45.00637,39.41795],[44.97043,39.42708],[44.95666,39.43534],[44.9545,39.44273],[44.96162,39.45377],[44.94103,39.46796],[44.92867,39.48782],[44.89842,39.58435],[44.88899,39.606],[44.87292,39.61851],[44.87227,39.62507],[44.8561,39.6256],[44.81606,39.63811],[44.78686,39.70913],[44.59268,39.83168],[44.55209,39.89889],[44.48789,39.96309],[44.283,40.04599],[44.04404,40.01004],[43.93467,40.01402],[43.66694,40.10417],[43.652,40.1218],[43.65299,40.1291],[43.66943,40.14588],[43.71488,40.1572],[43.66208,40.2739],[43.60718,40.36893],[43.58321,40.45157],[43.59337,40.50022],[43.65304,40.53105],[43.718,40.62095],[43.741,40.66708],[43.74999,40.745],[43.67209,40.92689],[43.59499,40.99299],[43.48405,41.02402],[43.45475,41.09364],[43.47389,41.13806],[43.45489,41.16809],[43.42998,41.18299],[43.37786,41.202],[43.23299,41.19151],[43.12602,41.31997],[43.01532,41.39358],[42.8928,41.5072],[42.83099,41.58199],[42.6811,41.595],[42.59801,41.58199],[42.55832,41.50273],[42.51971,41.47039],[42.52728,41.45572],[42.53069,41.43915],[42.52942,41.42302],[42.5227,41.40563],[42.50715,41.38796],[42.4829,41.37631],[42.43952,41.37711],[42.26822,41.43086],[42.17063,41.44788],[41.98285,41.4576],[41.97109,41.45464],[41.95071,41.44275],[41.9047,41.43814],[41.89193,41.42619],[41.88247,41.40155],[41.86733,41.38379],[41.84743,41.37319],[41.82472,41.37113],[41.79992,41.3782],[41.7042,41.43409],[41.59264,41.45403],[41.59104,41.47107],[41.61148,41.4855],[41.59756,41.48991],[41.53665,41.5092],[41.57482,41.60643],[41.63523,41.65726],[41.67402,41.65581],[41.71802,41.70539],[41.76682,41.79832],[41.77742,41.86327],[41.75297,42.01969],[41.64713,42.14983],[41.66455,42.15539],[41.62686,42.20798],[41.6341,42.27838],[41.59507,42.36657],[41.55537,42.39663],[41.5147,42.58868],[41.43809,42.74015],[41.22953,42.80079],[41.14972,42.7971],[41.10569,42.84495],[41.05369,42.98718],[41.02573,42.99908],[40.97074,42.98106],[40.86206,43.07607],[40.64409,43.10085],[40.58213,43.09094],[40.51925,43.14176],[40.4705,43.1398],[40.39699,43.17334],[40.34236,43.14608],[40.28035,43.18605],[40.24009,43.31907],[39.92491,43.41406],[39.86366,43.51139],[39.71704,43.58384],[39.71125,43.57303],[39.68892,43.63238],[39.6073,43.6671],[39.29521,43.94222],[39.14981,44.02283],[39.0779,44.09281],[39.03684,44.09654],[38.99962,44.16045],[38.86732,44.19675],[38.79098,44.2816],[38.53084,44.35784],[38.36093,44.37301],[38.28394,44.41038],[38.20483,44.41521],[38.12637,44.5021],[38.04849,44.55069],[38.07484,44.55766],[38.06506,44.57671],[38.02699,44.58348],[38.02792,44.55954],[37.98461,44.56805],[37.90706,44.62835],[37.93151,44.64604],[37.91401,44.66629],[37.80634,44.73167],[37.77354,44.72712],[37.80315,44.67077],[37.73626,44.64965],[37.48288,44.69438],[37.38065,44.75678],[37.38239,44.78271],[37.29675,44.89015],[37.31484,44.92339],[37.22104,44.99674],[36.91808,45.10048],[36.80358,45.11896],[36.73686,45.10954],[36.63339,45.14019],[36.59055,45.24471],[36.61225,45.21005],[36.73355,45.21891],[36.76353,45.24014],[36.87481,45.2513],[36.99248,45.29005],[37.00097,45.32503],[36.91625,45.32757],[36.82685,45.362],[36.85855,45.37914],[36.78846,45.39239],[36.7631,45.41495],[36.72451,45.3582],[36.62198,45.30523],[36.71815,45.36666],[36.78534,45.44222],[36.85714,45.45095],[37.06001,45.36919],[37.22048,45.3329],[37.3603,45.33678],[37.3756,45.32415],[37.3696,45.31971],[37.37664,45.31624],[37.39609,45.33024],[37.36558,45.33478],[37.39429,45.33739],[37.38971,45.35137],[37.45098,45.3469],[37.55387,45.39521],[37.60672,45.47795],[37.60009,45.60369],[37.61608,45.66356],[37.83003,45.75237],[37.93062,45.98077],[37.97188,46.03458],[38.11601,46.05414],[38.11747,46.0325],[38.09262,46.02102],[38.1056,46.03805],[38.07868,46.03989],[38.08555,45.98069],[38.06515,45.96847],[38.08967,45.96457],[38.08567,45.93862],[38.10666,45.94944],[38.15338,46.00269],[38.14463,46.03861],[38.1874,46.11653],[38.24324,46.15731],[38.25413,46.23445],[38.27032,46.25951],[38.28737,46.25538],[38.25245,46.20943],[38.26207,46.1526],[38.46061,46.04285],[38.52461,46.05352],[38.58117,46.03859],[38.56841,46.11431],[38.33764,46.21469],[38.22461,46.32206],[38.12752,46.38394],[37.98511,46.40747],[37.96307,46.39195],[37.95963,46.38664],[37.98647,46.40068],[37.98772,46.37913],[38.01464,46.38008],[37.99142,46.36422],[37.92416,46.40245],[37.86108,46.46549],[37.73508,46.68255],[37.85895,46.63942],[38.00752,46.63607],[38.13432,46.69086],[38.22629,46.70137],[38.29076,46.74284],[38.28907,46.70649],[38.33343,46.66354],[38.48543,46.64136],[38.59313,46.66178],[38.5856,46.71987],[38.50744,46.75098],[38.41083,46.75446],[38.39738,46.72357],[38.41238,46.80576],[38.44738,46.85057],[38.49843,46.88011],[38.57209,46.85656],[38.83711,46.90624],[38.89669,46.96518],[38.97228,46.97268],[39.10287,47.043],[39.11674,47.02654],[39.29953,47.02546],[39.31062,47.05934],[39.23181,47.08773],[39.26256,47.11152],[39.23004,47.13743],[39.24377,47.17354],[39.21345,47.19016],[39.24309,47.26176],[39.19787,47.28408],[38.95344,47.26833],[38.93565,47.2283],[38.94279,47.21212],[38.95343,47.20728],[38.95619,47.20226],[38.88609,47.19748],[38.8652,47.17332],[38.57619,47.14338],[38.55874,47.13504],[38.5618,47.11953],[38.58699,47.12187],[38.5719,47.11475],[38.48195,47.14052],[38.50409,47.14831],[38.52513,47.19417],[38.60638,47.24438],[38.79093,47.24353],[38.82808,47.26854],[38.62431,47.25524],[38.52446,47.2104],[38.51586,47.18469],[38.46508,47.15885],[38.47683,47.14443],[38.22803,47.11903],[38.14984,47.05908],[38.08813,47.02416],[38.13575,47.05987],[38.1004,47.10155],[38.06423,47.11213],[38.03432,47.09044],[37.89091,47.1113],[37.70994,47.08028],[37.62992,47.09493],[37.58697,47.07867],[37.57439,47.10026],[37.57437,47.08579],[37.52062,47.07206],[37.51775,47.06064],[37.52415,47.05349],[37.52332,47.051],[37.52406,47.05347],[37.51658,47.06127],[37.51506,47.06644],[37.49794,47.04068],[37.47652,47.03055],[37.33535,46.88979],[37.30422,46.86938],[37.2883,46.86749],[37.28578,46.86881],[37.28517,46.87299],[37.31607,46.88344],[37.30707,46.87289],[37.33026,46.88834],[37.32077,46.91078],[37.23605,46.95117],[36.98075,46.86035],[36.77418,46.75494],[36.71815,46.77965],[36.62383,46.77992],[36.40935,46.72463],[36.32892,46.67421],[36.22765,46.55264],[36.16675,46.49707],[36.13455,46.50311],[36.15309,46.54212],[36.1614,46.51359],[36.21184,46.54133],[36.24874,46.57818],[36.2465,46.58087],[36.24889,46.58562],[36.25084,46.58097],[36.27161,46.60642],[36.2795,46.62018],[36.28289,46.62204],[36.28399,46.62617],[36.29477,46.63771],[36.29629,46.64188],[36.26442,46.64851],[36.27723,46.64477],[36.28181,46.6384],[36.25683,46.63876],[36.26719,46.62706],[36.26449,46.6038],[36.25904,46.59592],[36.25043,46.63574],[36.19568,46.6705],[35.88692,46.65156],[35.72627,46.58771],[35.5817,46.48215],[35.44465,46.4351],[35.20035,46.16684],[35.14574,46.12478],[34.98258,46.07812],[35.03062,46.13554],[35.06997,46.13567],[35.063,46.15144],[35.03803,46.14725],[35.2138,46.18789],[35.22286,46.22155],[35.35696,46.36411],[35.31716,46.33129],[35.30321,46.3548],[35.26557,46.35278],[35.25906,46.3758],[35.20016,46.38118],[35.13809,46.35143],[35.05424,46.26822],[34.89519,46.24013],[34.84565,46.21286],[34.81195,46.161],[34.68839,46.18456],[34.62816,46.17322],[34.64277,46.09389],[34.60426,46.02792],[34.54441,45.98112],[34.52765,45.99765],[34.49776,45.98553],[34.47979,45.95288],[34.46963,46.00939],[34.39513,46.01035],[34.41785,46.01764],[34.44514,46.05909],[34.43706,46.08844],[34.47508,46.11831],[34.4117,46.08731],[34.41616,46.05689],[34.39474,46.09153],[34.4745,46.12589],[34.49273,46.09465],[34.52619,46.1255],[34.51945,46.13761],[34.44117,46.15405],[34.38062,46.19776],[34.35229,46.18733],[34.32659,46.22444],[34.30921,46.21592],[34.30879,46.18319],[34.22577,46.23633],[34.22776,46.23792],[34.18299,46.27399],[34.15601,46.28099],[34.15134,46.26853],[34.15189,46.26842],[34.12279,46.17968],[34.16603,46.12872],[34.14967,46.11445],[34.12436,46.14006],[34.0998,46.12391],[34.08574,46.12656],[34.06204,46.16067],[34.02469,46.09891],[34.08261,46.10816],[34.13601,46.06413],[34.24095,46.03135],[34.27874,46.0507],[34.2834,46.00408],[34.30502,46.01538],[34.29591,46.03511],[34.35649,46.0367],[34.39395,46.00989],[34.40683,45.96887],[34.46331,45.93593],[34.47904,45.95178],[34.48622,45.87311],[34.52212,45.89629],[34.52495,45.929],[34.58186,45.91426],[34.55516,45.98861],[34.63822,45.95016],[34.64948,45.93348],[34.62466,45.88539],[34.57682,45.86973],[34.56213,45.88128],[34.55481,45.86346],[34.57685,45.86933],[34.55445,45.86123],[34.55358,45.84125],[34.46716,45.77217],[34.46699,45.77246],[34.46321,45.76901],[34.4687,45.7695],[34.6494,45.78556],[34.73641,45.74105],[34.72062,45.7277],[34.75123,45.73343],[34.9871,45.63174],[35.07147,45.55011],[35.09275,45.47227],[35.01764,45.44143],[35.01536,45.41325],[35.0251,45.41077],[35.02522,45.4395],[35.0679,45.37588],[35.12058,45.33925],[35.2038,45.34083],[35.41429,45.2571],[35.47283,45.2932],[35.52897,45.28348],[35.72022,45.33446],[35.86161,45.40319],[35.955,45.36301],[36.01499,45.36001],[36.07199,45.4058],[36.08256,45.44798],[36.3441,45.48351],[36.41397,45.44573],[36.47577,45.45641],[36.55398,45.42355],[36.59659,45.43776],[36.64704,45.38264],[36.59737,45.34609],[36.49181,45.36369],[36.46128,45.34074],[36.49451,45.31747],[36.42282,45.29289],[36.429,45.25777],[36.40876,45.26057],[36.42654,45.25456],[36.41347,45.24296],[36.41821,45.24293],[36.43409,45.26408],[36.42653,45.27714],[36.4373,45.27061],[36.42114,45.23725],[36.40173,45.21111],[36.42559,45.1252],[36.45351,45.09597],[36.37445,45.05926],[36.25232,45.04994],[36.22517,45.02809],[36.03222,45.05008],[35.95375,45.01287],[35.91231,45.01997],[35.8407,44.99915],[35.78074,45.06598],[35.68095,45.11146],[35.59303,45.13004],[35.49677,45.11796],[35.38573,45.05218],[35.39108,45.02471],[35.4251,45.01247],[35.35733,44.98766],[35.38367,44.94709],[35.33538,44.9673],[35.26394,44.96654],[35.24154,44.91961],[35.15991,44.89601],[35.13015,44.82374],[35.08216,44.79241],[35.04759,44.80087],[35.03116,44.83005],[34.9641,44.84094],[34.90993,44.8161],[34.72914,44.81204],[34.45704,44.71037],[34.34923,44.58281],[34.34654,44.54849],[34.30584,44.55294],[34.25112,44.50682],[34.16842,44.49549],[34.12618,44.42872],[33.96448,44.39112],[33.86101,44.40715],[33.73791,44.38742],[33.70826,44.42064],[33.6493,44.42664],[33.63705,44.47038],[33.59841,44.50348],[33.55477,44.48786],[33.48734,44.49781],[33.37863,44.58321],[33.40252,44.59088],[33.41192,44.56313],[33.41686,44.59271],[33.42627,44.57322],[33.43551,44.57084],[33.42022,44.59247],[33.45713,44.61048],[33.47181,44.59228],[33.47406,44.61196],[33.50022,44.60388],[33.50766,44.62103],[33.52744,44.61864],[33.52802,44.59716],[33.53216,44.61702],[33.60199,44.60997],[33.50965,44.62448],[33.54626,44.67179],[33.53433,44.79142],[33.54982,44.83429],[33.5951,44.8467],[33.61294,44.90344],[33.60276,45.0],[33.56494,45.08068],[33.4849,45.15416],[33.40304,45.19644],[33.2599,45.14799],[33.14915,45.20298],[32.98667,45.32528],[33.02427,45.30796],[33.02878,45.34097],[33.06493,45.34494],[33.04645,45.35058],[33.06274,45.3727],[33.09903,45.36956],[33.15581,45.4076],[33.16719,45.43228],[33.20561,45.44331],[33.15682,45.4353],[33.09673,45.38516],[33.0644,45.38796],[32.98923,45.3472],[32.98477,45.36077],[32.92364,45.35841],[32.96827,45.33998],[32.98571,45.33016],[32.98577,45.32952],[32.98328,45.32762],[32.90483,45.3617],[32.7786,45.36758],[32.62482,45.31885],[32.49421,45.34663],[32.51373,45.37482],[32.47975,45.39599],[32.58433,45.4803],[32.69239,45.52287],[32.69664,45.50997],[32.79008,45.56173],[32.82984,45.54771],[32.84567,45.57487],[32.82598,45.59039],[32.91009,45.63904],[33.14079,45.72029],[33.15704,45.73714],[33.16679,45.78354],[33.16852,45.78837],[33.17094,45.79158],[33.21078,45.7567],[33.26341,45.75527],[33.49645,45.85744],[33.50292,45.84026],[33.5441,45.83582],[33.61366,45.89028],[33.68105,45.84223],[33.67859,45.90553],[33.75919,45.93142],[33.75289,45.94781],[33.61798,45.94626],[33.63166,45.96901],[33.6148,46.05224],[33.6427,46.08116],[33.58918,46.1592],[33.54047,46.11971],[33.51096,46.12189],[33.51677,46.09863],[33.56339,46.07462],[33.49621,46.07453],[33.49186,46.05435],[33.51805,46.03114],[33.50307,46.02816],[33.46221,46.05075],[33.42001,46.03123],[33.36531,46.07688],[33.37448,46.09062],[33.33014,46.11535],[33.30885,46.0763],[33.28603,46.07645],[33.28027,46.09687],[33.30515,46.09383],[33.31142,46.11297],[33.2832,46.13351],[33.21976,46.13253],[33.20549,46.10654],[33.20668,46.13811],[33.22778,46.15445],[33.19456,46.17687],[33.13642,46.12528],[33.03161,46.15633],[33.01444,46.12107],[33.02605,46.11119],[32.76715,46.1224],[32.60018,46.09793],[32.54006,46.06635],[32.22656,46.13187],[32.23044,46.16852],[32.24788,46.16845],[32.23896,46.18318],[32.19097,46.177],[32.04601,46.25768],[31.9732,46.2571],[31.93077,46.29831],[31.8943,46.30086],[31.89563,46.31596],[31.8756,46.31529],[31.87543,46.29381],[31.89501,46.29138],[31.87408,46.26584],[31.79105,46.28101],[31.78031,46.2651],[31.77476,46.29456],[31.75718,46.29727],[31.78372,46.32244],[31.95919,46.34257],[32.06304,46.39019],[32.00793,46.4532],[31.96377,46.44378],[31.96998,46.44706],[31.91218,46.46663],[31.91681,46.45539],[31.89729,46.46255],[31.8882,46.46394],[31.95353,46.43949],[31.76238,46.48808],[31.66765,46.466],[31.68742,46.45007],[31.69819,46.46581],[31.70226,46.44327],[31.68936,46.44725],[31.71186,46.4266],[31.53573,46.54984],[31.52187,46.56279],[31.51228,46.57673],[31.51221,46.58082],[31.57932,46.53695],[31.75384,46.54643],[32.00161,46.48804],[32.12428,46.49899],[32.21331,46.47716],[32.34958,46.46228],[32.42841,46.48943],[32.36671,46.48944],[32.33861,46.47258],[32.33606,46.47542],[32.32557,46.46794],[32.31457,46.46884],[32.28245,46.5033],[32.31554,46.50626],[32.28628,46.50974],[32.30731,46.56204],[32.29431,46.57481],[32.24634,46.59233],[32.14066,46.55725],[32.10577,46.6107],[32.0494,46.61637],[31.98156,46.65809],[31.976,46.7105],[31.93471,46.74691],[31.94459,46.77508],[31.92535,46.76869],[31.93761,46.77839],[31.92269,46.78819],[31.95043,46.80465],[31.95356,46.84176],[32.0136,46.87568],[32.02572,46.91938],[32.0115,46.94677],[31.93914,46.93594],[31.93543,46.96117],[31.9792,46.98671],[31.95759,46.99901],[31.96411,46.98677],[31.90268,46.94491],[31.93814,46.92311],[31.98642,46.93113],[31.99678,46.90664],[31.87728,46.80096],[31.87607,46.76019],[31.92427,46.73009],[31.90356,46.65545],[31.87897,46.63417],[31.79532,46.60964],[31.62681,46.64912],[31.54977,46.60026],[31.50338,46.62299],[31.4228,46.62583],[31.48851,46.63494],[31.45761,46.63763],[31.50335,46.66345],[31.49975,46.69194],[31.53351,46.70358],[31.54156,46.76862],[31.599,46.80026],[31.58913,46.83672],[31.59387,46.80334],[31.52554,46.76477],[31.5125,46.77417],[31.52274,46.74575],[31.50392,46.72674],[31.49124,46.74888],[31.44072,46.75608],[31.43522,46.79549],[31.426,46.80185],[31.43357,46.75629],[31.48943,46.72944],[31.48603,46.6907],[31.41849,46.64939],[31.41005,46.61854],[31.36422,46.62189],[31.35236,46.60109],[31.17583,46.62748],[31.03079,46.60119],[31.00294,46.66034],[30.99689,46.65376],[31.01151,46.63394],[31.01356,46.61175],[31.011,46.59621],[30.83843,46.55088],[30.74766,46.54203],[30.72926,46.49906],[30.75697,46.48404],[30.76033,46.49627],[30.7727,46.43639],[30.7522,46.37523],[30.70056,46.34899],[30.68284,46.31882],[30.64351,46.35063],[30.63873,46.38472],[30.63137,46.33433],[30.6811,46.31568],[30.56224,46.16107],[30.22177,45.86592],[30.0658,45.80078],[30.02473,45.82202],[30.03393,45.8273],[30.02999,45.83099],[29.9842,45.84299],[29.92989,45.81794],[29.80201,45.73499],[29.79701,45.71501],[29.80995,45.70252],[29.81094,45.70308],[29.84949,45.67008],[29.74598,45.62444],[29.72109,45.65171],[29.71968,45.6509],[29.68029,45.69642],[29.67719,45.73989],[29.68999,45.76907],[29.68099,45.80399],[29.63601,45.82089],[29.596,45.68308],[29.59301,45.557],[29.59337,45.55606],[29.5934,45.55609],[29.62444,45.48336],[29.60406,45.48026],[29.61597,45.46968],[29.62815,45.48041],[29.64865,45.474],[29.63056,45.47],[29.64812,45.45149],[29.65276,45.47459],[29.67732,45.47007],[29.67375,45.4544],[29.7088,45.45795],[29.73868,45.48966],[29.75199,45.48959],[29.75772,45.4841],[29.74428,45.46395],[29.76197,45.47984],[29.77807,45.46777],[29.75491,45.37838],[29.76722,45.34095],[29.75403,45.34096],[29.76303,45.31358],[29.77793,45.32892],[29.74344,45.26995]],[[127.02811,71.90839],[127.12593,71.85104],[127.12818,71.8425],[127.08912,71.7668],[127.17892,71.6151],[127.2042,71.59352],[127.22969,71.45959],[127.21401,71.422],[127.21501,71.39501],[127.276,71.38901],[127.30599,71.41101],[127.31096,71.49133],[127.29399,71.54299],[127.23901,71.60626],[127.18848,71.74765],[127.1985,71.77464],[127.24167,71.8363],[127.31409,71.87211],[127.32589,71.89507],[127.31528,71.91267],[127.22186,71.96104],[127.08032,72.0],[126.83024,72.0],[126.90911,71.95091],[127.02811,71.90839]],[[125.28732,72.4877],[125.24199,72.53499],[125.19275,72.55001],[124.86394,72.60807],[124.80228,72.63542],[124.77893,72.66201],[124.71834,72.67596],[124.65223,72.679],[124.47359,72.666],[124.38282,72.6731],[124.32398,72.68808],[124.25097,72.72703],[124.12144,72.76196],[124.0,72.7805],[124.0,72.72627],[124.10924,72.71089],[124.27054,72.65289],[124.3428,72.641],[124.73852,72.62376],[124.86067,72.58105],[125.13734,72.53212],[125.19887,72.49957],[125.23102,72.46299],[125.256,72.45201],[125.45588,72.42393],[125.52613,72.39537],[125.55201,72.37001],[125.64669,72.34204],[125.76089,72.32801],[125.88165,72.33193],[126.0,72.29816],[126.0,72.33752],[125.97931,72.34387],[125.90809,72.357],[125.7845,72.35701],[125.7244,72.36499],[125.57287,72.41376],[125.548,72.43199],[125.31582,72.47283],[125.28732,72.4877]]],[[[-172.84303,64.69011],[-172.97415,64.68181],[-173.08418,64.64938],[-172.9395,64.6528],[-172.9124,64.67205],[-172.82815,64.65591],[-172.874,64.62826],[-172.87389,64.61162],[-172.90543,64.61458],[-172.92074,64.58891],[-172.97273,64.5728],[-172.95518,64.56293],[-172.88336,64.56843],[-172.84099,64.60921],[-172.776,64.61195],[-172.71704,64.60557],[-172.70924,64.58367],[-172.6072,64.57737],[-172.57991,64.55241],[-172.44497,64.53997],[-172.35737,64.45901],[-172.35933,64.42656],[-172.63073,64.38912],[-172.72163,64.41148],[-172.71311,64.43519],[-172.75924,64.46392],[-172.76055,64.50783],[-172.92267,64.49141],[-172.87574,64.47903],[-172.89082,64.4763],[-172.96264,64.49107],[-173.0285,64.45831],[-173.00541,64.44783],[-173.0259,64.4377],[-172.90449,64.45981],[-172.88259,64.44487],[-172.88981,64.39646],[-172.89672,64.35011],[-172.89862,64.33737],[-172.99163,64.28274],[-173.18732,64.25502],[-173.36786,64.2922],[-173.37284,64.31873],[-173.35353,64.34639],[-173.36168,64.36488],[-173.35501,64.37303],[-173.33926,64.36141],[-173.26117,64.40608],[-173.24549,64.3852],[-173.15542,64.43865],[-173.25502,64.41817],[-173.25234,64.46001],[-173.22155,64.47954],[-173.23417,64.49075],[-173.23631,64.50483],[-173.21608,64.5215],[-173.28023,64.52036],[-173.28974,64.56884],[-173.27465,64.57414],[-173.32749,64.57443],[-173.34177,64.60354],[-173.36648,64.58549],[-173.27946,64.47853],[-173.29954,64.43708],[-173.42768,64.37082],[-173.52787,64.35051],[-173.55095,64.33638],[-173.50794,64.34473],[-173.53614,64.33052],[-173.65415,64.32621],[-173.99295,64.41613],[-173.98403,64.42621],[-174.0458,64.48155],[-174.04036,64.52999],[-174.23645,64.60763],[-174.63538,64.70599],[-174.78478,64.76513],[-174.94541,64.78887],[-175.048,64.7617],[-175.3773,64.79246],[-175.42878,64.77546],[-175.45472,64.80105],[-175.35571,64.83289],[-175.39723,64.85096],[-175.4727,64.83745],[-175.48467,64.87917],[-175.78702,64.94611],[-175.77468,64.96979],[-175.89267,65.0016],[-175.79477,65.03145],[-175.79612,65.08114],[-175.73423,65.14187],[-175.89192,65.25897],[-175.88758,65.27748],[-175.93739,65.32655],[-176.03976,65.3925],[-175.9801,65.37827],[-175.97364,65.35298],[-175.90728,65.31751],[-175.92443,65.3167],[-175.8887,65.28081],[-175.85833,65.28256],[-175.86616,65.30871],[-175.91529,65.3318],[-175.88837,65.35736],[-175.91651,65.41022],[-176.0,65.43721],[-176.8839,65.59694],[-177.06778,65.61],[-177.21,65.59299],[-177.40613,65.50632],[-177.50009,65.48602],[-178.36822,65.476],[-178.54083,65.50924],[-178.48394,65.54336],[-178.47062,65.5744],[-178.49006,65.5931],[-178.45359,65.60604],[-178.45142,65.65044],[-178.40474,65.70292],[-178.47904,65.75083],[-178.6036,65.74103],[-178.63293,65.75503],[-178.64001,65.76169],[-178.64243,65.76778],[-178.63078,65.75418],[-178.61129,65.74999],[-178.61487,65.75903],[-178.6353,65.76182],[-178.64855,65.77435],[-178.65285,65.78143],[-178.64228,65.77167],[-178.62085,65.80405],[-178.6834,65.78984],[-178.71579,65.84423],[-178.88229,65.90942],[-178.83031,65.91032],[-178.82047,65.94141],[-178.84977,65.98118],[-178.87857,65.99687],[-178.89865,66.01453],[-178.92349,66.04152],[-178.88314,66.00147],[-178.74035,65.97536],[-178.65566,66.02243],[-178.67015,66.04459],[-178.6484,66.06766],[-178.65777,66.0864],[-178.56599,66.09063],[-178.4765,66.13624],[-178.48588,66.15497],[-178.52495,66.15985],[-178.44406,66.2206],[-178.4997,66.25172],[-178.4391,66.27842],[-178.4619,66.32127],[-178.44124,66.34969],[-178.47136,66.37562],[-178.45352,66.38092],[-178.47722,66.38839],[-178.53912,66.38146],[-178.53631,66.34853],[-178.60181,66.35495],[-178.62476,66.33632],[-178.60658,66.32617],[-178.63268,66.27696],[-178.70095,66.25321],[-178.73325,66.21314],[-178.72828,66.18847],[-178.84368,66.1572],[-178.9649,66.16205],[-179.03155,66.18758],[-178.99769,66.18644],[-179.01771,66.20827],[-179.08933,66.23798],[-179.10498,66.24838],[-179.07821,66.24014],[-179.07963,66.25643],[-179.0441,66.26844],[-179.05953,66.36921],[-179.12133,66.34262],[-179.10676,66.31901],[-179.13275,66.28778],[-179.11912,66.27576],[-179.16092,66.26381],[-179.27496,66.28311],[-179.23727,66.28229],[-179.32685,66.3166],[-179.39657,66.31761],[-179.38087,66.28186],[-179.31152,66.26132],[-179.22771,66.18889],[-179.19602,66.19432],[-179.30109,66.12644],[-179.63715,66.11113],[-179.65653,66.11944],[-179.53092,66.12251],[-179.56182,66.13881],[-179.55719,66.15803],[-179.59573,66.17213],[-179.68064,66.16658],[-179.68133,66.14989],[-179.66012,66.14796],[-179.76231,66.08267],[-179.75181,66.03761],[-179.79521,65.94526],[-179.76146,65.86443],[-179.67642,65.77224],[-179.59918,65.72652],[-179.27367,65.62973],[-179.33635,65.57864],[-179.32354,65.52906],[-179.53809,65.42789],[-179.57117,65.26357],[-179.70191,65.16368],[-179.829,65.14098],[-179.99748,65.07328],[-179.9975,65.10204],[-180.0,65.10131],[-180.0,68.91432],[-179.99996,68.91431],[-180.0,68.97393],[-180.0,68.97703],[-179.68244,68.89925],[-179.54559,68.90227],[-179.49489,68.91466],[-179.49755,68.93237],[-179.43167,68.9192],[-179.44384,68.91341],[-179.26708,68.84699],[-178.83618,68.74974],[-178.44511,68.57184],[-178.0,68.44705],[-177.60054,68.30621],[-176.23975,67.91305],[-175.87008,67.8406],[-175.83325,67.84954],[-175.80191,67.84935],[-175.82874,67.8442],[-175.8303,67.80924],[-175.46398,67.70682],[-175.27599,67.55701],[-175.06968,67.47954],[-175.06494,67.46391],[-174.87458,67.41026],[-174.78389,67.35914],[-174.74175,67.29817],[-174.7268,67.24754],[-174.70289,67.22997],[-174.67605,67.20209],[-174.67119,67.19429],[-174.6665,67.17632],[-174.67457,67.16436],[-174.66723,67.14207],[-174.69723,67.1402],[-174.67152,67.15345],[-174.68549,67.16688],[-174.67448,67.1712],[-174.67674,67.17408],[-174.66925,67.18],[-174.67034,67.18425],[-174.67436,67.17858],[-174.68455,67.18162],[-174.68217,67.20654],[-174.74178,67.25346],[-174.73899,67.27434],[-174.75126,67.26627],[-174.75216,67.30652],[-174.865,67.30999],[-174.89299,67.28999],[-174.955,67.10394],[-174.91504,66.99205],[-174.8127,66.94369],[-174.76396,66.85359],[-174.74562,66.76498],[-174.97904,66.65813],[-174.86323,66.62107],[-174.85468,66.60255],[-174.89012,66.59024],[-174.83724,66.58291],[-174.70336,66.59848],[-174.44254,66.53187],[-174.42055,66.48424],[-174.32339,66.42919],[-174.40427,66.47229],[-174.46604,66.46136],[-174.47583,66.38893],[-174.39483,66.35116],[-174.46109,66.33575],[-174.45617,66.30376],[-174.41307,66.29399],[-174.408,66.2761],[-174.30526,66.29805],[-174.29631,66.31681],[-174.30361,66.35036],[-174.34432,66.33537],[-174.3856,66.33696],[-174.14633,66.42149],[-174.20933,66.46942],[-174.17763,66.45602],[-174.02498,66.47087],[-173.94778,66.44597],[-173.92482,66.46289],[-173.98496,66.4184],[-173.93001,66.36596],[-173.92823,66.32777],[-173.96181,66.34019],[-174.01857,66.3188],[-174.03144,66.26102],[-174.04998,66.25243],[-174.07547,66.25401],[-174.08127,66.24919],[-174.05918,66.21832],[-174.05435,66.21833],[-174.04974,66.22171],[-174.03495,66.21949],[-174.02294,66.22268],[-174.01554,66.23667],[-173.97413,66.20981],[-173.97696,66.23364],[-173.90671,66.27684],[-173.79633,66.30602],[-173.89516,66.33204],[-173.73024,66.35124],[-173.70668,66.36827],[-173.71811,66.39953],[-173.68876,66.43088],[-173.7201,66.45597],[-173.81061,66.4708],[-173.80508,66.48591],[-173.83638,66.51102],[-174.12641,66.55071],[-174.16838,66.5332],[-174.1644,66.55623],[-174.20253,66.55466],[-174.21713,66.57287],[-174.26179,66.56703],[-174.23674,66.52575],[-174.24279,66.50281],[-174.26334,66.50135],[-174.25107,66.52056],[-174.26437,66.56928],[-173.9226,66.67352],[-173.96402,66.84601],[-174.0235,66.8991],[-174.01927,66.93992],[-174.04771,66.97336],[-174.00098,66.97785],[-174.26457,66.97636],[-174.21308,66.99078],[-174.19387,67.02334],[-174.21239,67.03226],[-174.28615,67.03774],[-174.29413,67.03874],[-174.29585,67.03994],[-174.29503,67.04134],[-174.2033,67.03755],[-174.20977,67.05488],[-174.47219,67.02533],[-174.54175,67.02601],[-174.55974,67.03019],[-174.56131,67.03394],[-174.49621,67.0269],[-174.35034,67.0637],[-174.15537,67.08058],[-174.45253,67.06547],[-174.55934,67.03522],[-174.61929,67.04204],[-174.61771,67.05809],[-174.48887,67.07593],[-174.15184,67.08163],[-173.71275,67.07656],[-173.6565,67.089],[-173.64607,67.1138],[-172.06725,66.95174],[-171.99931,66.94931],[-171.9311,66.9778],[-171.81328,66.94887],[-171.7169,66.95118],[-171.69428,66.93543],[-171.719,66.88598],[-171.70037,66.85127],[-171.593,66.80101],[-171.41693,66.77158],[-171.39861,66.75125],[-171.42299,66.70401],[-171.30189,66.63091],[-170.88203,66.50645],[-170.66611,66.41902],[-170.5772,66.35088],[-170.21248,66.28502],[-170.11506,66.20698],[-169.72835,66.15343],[-169.67398,66.13086],[-169.66073,66.10441],[-169.65189,66.07829],[-169.72058,66.00561],[-169.82711,66.00902],[-169.89505,66.04453],[-170.18674,66.01102],[-170.17015,66.00154],[-170.23593,65.96236],[-170.41596,65.93499],[-170.37367,65.93114],[-170.53826,65.86001],[-170.52892,65.8458],[-170.59354,65.84674],[-170.59969,65.83355],[-170.50325,65.84712],[-170.47501,65.80506],[-170.52908,65.77094],[-170.51363,65.75715],[-170.52862,65.73634],[-170.50174,65.71926],[-170.51553,65.68651],[-170.49228,65.67555],[-170.51129,65.66511],[-170.50155,65.65213],[-170.5835,65.60487],[-170.84372,65.62119],[-170.85612,65.62868],[-170.84192,65.6375],[-170.87405,65.65073],[-171.17952,65.70355],[-171.16523,65.70844],[-171.21584,65.75653],[-171.4259,65.83528],[-171.47603,65.82674],[-171.45425,65.82237],[-171.53372,65.83465],[-171.54179,65.83589],[-171.53276,65.82942],[-171.53285,65.82991],[-171.28789,65.66591],[-171.14479,65.63778],[-171.02824,65.58094],[-171.04016,65.54002],[-171.03985,65.53985],[-171.04072,65.53812],[-171.05316,65.49543],[-171.07481,65.48307],[-171.39273,65.53799],[-171.73995,65.50485],[-171.96614,65.5207],[-172.04744,65.55594],[-172.15506,65.5333],[-172.19271,65.55078],[-172.25814,65.54436],[-172.20925,65.58535],[-172.3151,65.62628],[-172.3008,65.65007],[-172.25945,65.65588],[-172.31616,65.66713],[-172.31226,65.68118],[-172.32533,65.65657],[-172.39265,65.68334],[-172.52259,65.67345],[-172.53464,65.68838],[-172.59312,65.67327],[-172.55858,65.69045],[-172.58683,65.70056],[-172.625,65.68618],[-172.63003,65.65379],[-172.66091,65.63459],[-172.64676,65.61956],[-172.46418,65.60202],[-172.42043,65.57628],[-172.42504,65.48221],[-172.46189,65.47199],[-172.45868,65.45969],[-172.3418,65.41935],[-172.19976,65.4342],[-172.25499,65.35299],[-172.24812,65.24766],[-172.26109,65.25041],[-172.34884,65.269],[-172.67978,65.269],[-172.69889,65.24391],[-172.68299,65.22801],[-172.60418,65.213],[-172.33532,65.22299],[-172.3068,65.21693],[-172.25999,65.20204],[-172.25138,65.1993],[-172.1327,65.07937],[-172.46461,64.9202],[-172.54146,64.92494],[-172.78257,64.85122],[-172.9728,64.87599],[-173.04633,64.86296],[-173.19479,64.77801],[-173.06144,64.81213],[-173.05441,64.80211],[-173.09399,64.78342],[-173.18703,64.77263],[-173.18122,64.74902],[-173.11093,64.75709],[-172.91303,64.83753],[-172.89843,64.82823],[-172.92116,64.81451],[-172.87334,64.82107],[-172.7476,64.77151],[-172.77756,64.7275],[-172.83538,64.724],[-172.84303,64.69011]]],[[[55.11589,73.69174],[55.24791,73.69043],[55.27224,73.70773],[55.40632,73.70568],[55.30284,73.7229],[55.23933,73.70553],[55.09498,73.70983],[54.91068,73.68812],[54.86503,73.66613],[54.82738,73.68666],[54.90479,73.7147],[54.70633,73.68314],[54.56213,73.69094],[54.36681,73.61947],[54.23551,73.5956],[54.17046,73.61528],[54.08678,73.60608],[53.99593,73.62221],[54.0,73.64521],[53.68188,73.73038],[53.6729,73.75014],[53.70845,73.79087],[53.74859,73.76761],[53.84321,73.75898],[54.00911,73.77835],[54.08955,73.81385],[54.05577,73.82336],[54.08404,73.84606],[54.32211,73.91416],[54.61296,73.9322],[54.69036,73.9467],[54.67522,73.95907],[54.77521,73.95172],[54.81127,73.97293],[54.84616,73.95273],[54.8527,73.96527],[54.83186,73.97397],[54.5766,73.99703],[54.72913,74.06824],[55.03389,74.15766],[55.089,74.14304],[55.17748,74.16235],[55.38904,74.11866],[55.54827,74.1225],[55.62465,74.09153],[55.71781,74.10255],[55.82675,74.06234],[55.93265,74.05453],[55.95157,74.02877],[56.07767,74.03509],[55.85937,74.07574],[55.83835,74.08394],[55.85466,74.09999],[55.89632,74.10054],[55.80356,74.1102],[55.78837,74.12767],[55.60887,74.13966],[55.59633,74.14392],[55.62775,74.15169],[55.60468,74.15816],[55.60979,74.17551],[55.29732,74.22344],[55.11861,74.22576],[55.13673,74.23616],[55.10887,74.24898],[55.16828,74.26344],[55.16754,74.27639],[55.28052,74.29292],[55.24662,74.26095],[55.62091,74.27748],[55.64934,74.25001],[55.6887,74.24743],[55.75431,74.27599],[55.67238,74.31135],[55.66434,74.3207],[55.72347,74.32399],[55.67168,74.32427],[55.67661,74.34108],[55.59881,74.3272],[55.66768,74.31407],[55.63101,74.3042],[55.52999,74.33601],[55.29685,74.34954],[55.37762,74.41036],[55.50452,74.40251],[55.64341,74.43077],[56.04223,74.43559],[56.25903,74.46007],[56.02361,74.4671],[56.07231,74.48762],[56.04896,74.49343],[56.06972,74.50396],[56.03205,74.51236],[55.81431,74.51679],[55.69021,74.49269],[55.72744,74.52654],[55.56656,74.54395],[55.6201,74.57483],[55.60319,74.613],[55.82364,74.67065],[55.91316,74.66152],[55.88806,74.6466],[55.95003,74.6302],[56.40926,74.70239],[56.41782,74.68515],[56.48184,74.67456],[56.47496,74.66069],[56.50588,74.67272],[56.56755,74.64299],[56.65139,74.64825],[56.66991,74.66054],[56.65402,74.67098],[56.73608,74.64473],[56.94639,74.67182],[56.89916,74.69981],[56.73025,74.6683],[56.67172,74.67609],[56.59324,74.6719],[56.5036,74.72568],[56.42872,74.71967],[56.50331,74.75171],[56.46371,74.76891],[56.38295,74.75669],[56.29378,74.77807],[55.92218,74.75336],[55.83823,74.77491],[55.82603,74.78394],[55.8634,74.80857],[56.33716,74.88778],[56.41378,74.87554],[56.44885,74.89623],[56.36023,74.91453],[56.29428,74.89665],[56.35441,74.9282],[56.25622,74.92584],[56.39246,74.97139],[56.29422,75.00123],[56.07729,74.98883],[55.98846,74.957],[55.83212,74.96174],[55.93224,75.04705],[55.81742,75.06597],[55.74689,75.05431],[55.79741,75.11701],[55.95055,75.17748],[56.0161,75.18131],[55.9983,75.16594],[56.05007,75.1555],[56.13848,75.17029],[56.0884,75.14359],[56.1314,75.12666],[56.29235,75.15797],[56.38095,75.09766],[56.40616,75.05682],[56.37473,75.04033],[56.39418,75.03689],[56.50147,75.0697],[56.50646,75.05588],[56.58749,75.05838],[56.62281,75.08334],[56.55959,75.09444],[56.58714,75.12195],[56.72962,75.17073],[56.75014,75.19397],[56.98252,75.2288],[57.07642,75.21638],[57.05562,75.25052],[56.88391,75.24458],[56.83306,75.27054],[56.72102,75.27666],[56.70417,75.29796],[56.81894,75.33977],[57.03464,75.37991],[57.25495,75.35895],[57.39049,75.36592],[57.37948,75.3473],[57.55553,75.31076],[57.99636,75.29616],[57.95567,75.31032],[57.96973,75.31826],[57.93354,75.35316],[57.71916,75.3487],[57.70215,75.36537],[57.73026,75.42277],[57.65656,75.44534],[57.59558,75.4407],[57.59144,75.46745],[57.5544,75.47468],[57.65308,75.51273],[58.00543,75.56106],[58.35242,75.56276],[58.39156,75.57261],[58.34011,75.58984],[58.35562,75.59606],[58.49117,75.59459],[58.46278,75.62562],[58.42284,75.63003],[58.11116,75.61249],[57.98044,75.62551],[58.0939,75.6638],[58.29397,75.66457],[58.47016,75.70371],[58.83419,75.72218],[58.84357,75.7393],[58.79895,75.75983],[58.81901,75.77437],[58.73375,75.79986],[58.87632,75.84604],[59.02535,75.85716],[59.14712,75.8383],[59.19339,75.85027],[59.19331,75.86541],[59.37746,75.88625],[59.34804,75.90674],[59.55052,75.92275],[59.74418,75.89061],[59.81068,75.9127],[59.77782,75.91523],[59.90589,75.92506],[60.00378,75.89656],[60.07153,75.91343],[60.03461,75.93803],[59.99124,75.93702],[60.04814,75.96165],[60.42962,75.96458],[60.33326,75.97813],[60.36065,75.99021],[60.33573,76.00023],[60.05425,76.02026],[60.06402,76.03155],[60.03919,76.03442],[60.26305,76.08949],[60.52429,76.11615],[60.78229,76.10027],[60.467,76.00362],[60.5622,75.98811],[60.80953,75.99674],[60.93395,76.02582],[61.08126,76.01664],[61.11576,76.05374],[61.08169,76.08452],[61.22196,76.10579],[61.21042,76.11135],[61.22471,76.12505],[61.19257,76.13965],[60.90539,76.14559],[60.9437,76.176],[61.01676,76.19379],[60.95826,76.21005],[61.1,76.2662],[61.56699,76.28035],[61.66397,76.29903],[61.73649,76.27393],[61.85742,76.28709],[61.86491,76.26059],[61.89478,76.25453],[62.40264,76.25286],[62.41703,76.24621],[62.40921,76.22449],[62.34724,76.17637],[62.54445,76.15503],[62.59912,76.18186],[62.54742,76.19992],[62.57916,76.21021],[62.59707,76.19012],[62.6422,76.19026],[62.70247,76.21533],[62.6513,76.22404],[62.72004,76.22758],[62.69834,76.24235],[62.77032,76.26116],[62.83589,76.24657],[62.78795,76.22827],[62.80417,76.21926],[62.93733,76.21494],[62.87514,76.19931],[62.88688,76.19498],[63.12982,76.19104],[63.17396,76.20406],[63.18562,76.23022],[63.27112,76.25205],[63.37151,76.24191],[63.53149,76.26128],[63.57631,76.27081],[63.56831,76.29644],[63.71992,76.32948],[63.978,76.33271],[64.11919,76.25426],[64.20747,76.28359],[64.28062,76.28554],[64.28039,76.30444],[64.23803,76.30754],[64.28409,76.33214],[64.51,76.33413],[64.52774,76.34174],[64.49878,76.35795],[64.5352,76.37985],[64.84324,76.3391],[64.84821,76.35319],[64.81981,76.3677],[64.69923,76.39034],[64.78518,76.4283],[64.91635,76.42768],[64.87435,76.44593],[64.96934,76.47572],[65.10911,76.47756],[65.15526,76.45372],[65.13335,76.43725],[65.26117,76.43439],[65.30043,76.4815],[65.42753,76.50466],[65.44918,76.54134],[65.48554,76.55072],[65.5658,76.55779],[65.99563,76.49827],[65.97809,76.48011],[66.11787,76.48015],[66.12944,76.48568],[65.99605,76.55938],[66.02379,76.566],[66.00619,76.60293],[65.82219,76.65143],[66.04018,76.73844],[66.27981,76.6915],[66.37946,76.70641],[66.39636,76.71231],[66.2267,76.76253],[66.41246,76.77644],[66.47306,76.82161],[66.71857,76.81043],[66.72953,76.82082],[66.71605,76.82674],[66.75604,76.83448],[66.69931,76.85232],[66.72529,76.87445],[66.97463,76.8883],[67.01866,76.87426],[67.02624,76.88425],[66.94031,76.9131],[67.04817,76.93923],[67.26269,76.92806],[67.37568,76.96748],[67.57056,76.9907],[68.038,76.9948],[68.12632,76.98769],[68.18189,76.95966],[68.57984,76.95523],[68.50143,76.93018],[68.83308,76.86789],[68.75896,76.8412],[68.92879,76.7806],[68.88823,76.67125],[68.78911,76.58501],[68.84815,76.54834],[68.95684,76.53714],[68.72053,76.48591],[68.69635,76.45608],[68.71141,76.44037],[68.62116,76.40639],[68.42963,76.39051],[68.42429,76.37838],[68.45763,76.37387],[68.44066,76.36748],[68.44944,76.35301],[68.36745,76.34031],[68.34683,76.32346],[68.36064,76.31583],[68.19478,76.29366],[68.31905,76.26058],[68.30643,76.24911],[68.00033,76.23997],[67.38814,76.13947],[67.27087,76.10308],[66.50546,76.01615],[66.44377,75.98867],[66.27601,75.99938],[66.10291,75.96372],[65.9908,75.98439],[65.94664,75.96673],[65.96115,75.94745],[65.93797,75.93664],[65.5645,75.90577],[65.50948,75.87575],[65.1935,75.8221],[65.1665,75.79787],[64.90912,75.80229],[64.86914,75.77644],[64.72819,75.77051],[64.61763,75.74008],[64.19964,75.72207],[64.00345,75.65994],[63.85606,75.65239],[63.79192,75.61204],[63.74275,75.62098],[63.81116,75.65226],[63.71245,75.66883],[63.73626,75.68789],[63.70483,75.70398],[63.58682,75.7148],[63.68575,75.69031],[63.62769,75.66906],[63.63231,75.6512],[63.51246,75.62819],[63.52917,75.61628],[63.45614,75.59633],[63.17802,75.55915],[62.90573,75.56876],[62.8227,75.52522],[62.50968,75.475],[62.3112,75.41899],[61.98474,75.43406],[61.90394,75.46637],[61.85333,75.45075],[61.8541,75.43241],[61.94601,75.40266],[61.9494,75.38735],[61.83172,75.35702],[61.82117,75.34572],[61.83641,75.33357],[61.81726,75.32],[61.78974,75.3156],[61.82531,75.33619],[61.80903,75.35041],[61.73441,75.35976],[61.72435,75.33698],[61.66162,75.31442],[61.65656,75.30001],[61.68636,75.28539],[61.61449,75.27155],[61.64168,75.25892],[61.55343,75.25075],[61.46285,75.20706],[61.38175,75.2115],[61.37401,75.22758],[61.4122,75.27581],[61.38186,75.29245],[61.41175,75.31282],[61.2899,75.30915],[61.30085,75.29576],[61.28534,75.29195],[61.34945,75.28088],[61.26202,75.26618],[61.18977,75.2239],[61.0981,75.21556],[61.08151,75.19805],[61.10943,75.17978],[61.09052,75.17204],[60.96483,75.16167],[60.95787,75.14294],[60.78967,75.1414],[60.77395,75.12965],[60.81499,75.09905],[60.75049,75.0875],[60.81308,75.07227],[60.74131,75.0139],[60.58833,75.03546],[60.62097,75.08318],[60.59442,75.08897],[60.63895,75.09658],[60.62816,75.10226],[60.50286,75.10306],[60.52879,75.08531],[60.50731,75.07147],[60.51763,75.06338],[60.30742,75.08384],[60.48477,75.04837],[60.38586,75.0437],[60.44915,75.02399],[60.4483,75.00859],[60.41121,74.99969],[60.20216,74.97357],[60.22929,74.98076],[60.16076,74.99938],[60.17564,74.98037],[60.14761,74.96913],[59.96947,74.9997],[59.90836,74.98326],[60.17062,74.9394],[60.5574,74.94605],[60.62856,74.91291],[60.56325,74.85314],[60.52703,74.84295],[60.15461,74.84304],[60.20379,74.8198],[60.19632,74.79672],[60.30509,74.78019],[60.30087,74.75706],[60.24673,74.73393],[59.97754,74.70851],[59.65561,74.71862],[59.62641,74.74853],[59.49174,74.7876],[59.44994,74.78535],[59.57208,74.74814],[59.59405,74.73339],[59.5745,74.71883],[59.73541,74.70217],[59.75998,74.67316],[59.8374,74.66294],[59.86236,74.60652],[59.76159,74.57176],[59.53742,74.58477],[59.31542,74.67414],[59.16034,74.69661],[59.13995,74.73462],[59.08284,74.71396],[59.08952,74.699],[59.14895,74.6564],[59.21684,74.64675],[59.20659,74.62912],[59.2686,74.61767],[59.13832,74.61369],[59.17013,74.591],[59.12173,74.52592],[58.78481,74.58377],[59.11342,74.51973],[59.12491,74.50049],[59.06075,74.46804],[59.12291,74.4498],[59.11556,74.4376],[59.14931,74.42762],[59.13446,74.42375],[58.82273,74.44591],[58.70204,74.49123],[58.27972,74.55836],[58.21093,74.5541],[58.22303,74.52563],[58.47956,74.49931],[58.59139,74.44806],[58.5669,74.41868],[58.53143,74.41155],[58.41306,74.43896],[58.35444,74.43893],[58.3153,74.4273],[58.431,74.43278],[58.61073,74.38092],[58.69649,74.31999],[58.64151,74.29186],[58.67466,74.28716],[58.68137,74.25515],[58.72081,74.24942],[58.63429,74.23516],[58.73128,74.21439],[58.53122,74.2213],[58.52069,74.20755],[58.63808,74.20061],[58.47126,74.19939],[58.52938,74.17927],[58.53385,74.16171],[58.58398,74.16052],[58.50951,74.15713],[58.50622,74.14368],[58.48211,74.14589],[58.50354,74.15748],[58.41882,74.15985],[58.39473,74.18441],[58.35787,74.18068],[58.3525,74.16117],[58.26919,74.16385],[58.34516,74.18276],[58.27702,74.18401],[58.25463,74.16096],[58.27912,74.14967],[58.53685,74.1193],[58.51734,74.10513],[58.48003,74.12138],[58.33057,74.12337],[58.30511,74.1096],[58.33302,74.08143],[58.30195,74.0728],[58.25866,74.08122],[58.29266,74.10652],[58.26932,74.11838],[58.14051,74.11657],[58.19226,74.07725],[58.17664,74.05444],[58.13613,74.04813],[58.11542,74.03376],[58.16868,74.04086],[58.24865,74.00194],[58.16036,73.99956],[58.14434,73.97276],[57.99355,73.98247],[57.7104,74.04413],[57.64493,74.11966],[57.54641,74.17863],[57.33805,74.20447],[57.50115,74.13249],[57.54166,74.08027],[57.3449,74.08336],[57.25068,74.06692],[57.52129,74.06563],[57.86515,73.90631],[57.76018,73.88198],[57.84795,73.86433],[57.8324,73.85675],[57.84228,73.81843],[57.88394,73.76962],[57.72356,73.72258],[57.64842,73.71335],[57.63127,73.73892],[57.5931,73.7402],[57.59097,73.77368],[57.53634,73.77997],[57.53984,73.80467],[57.42969,73.8289],[56.98855,73.85496],[56.77802,73.8472],[56.70472,73.87838],[56.62473,73.86379],[56.6658,73.86703],[56.75179,73.83373],[56.93886,73.84306],[57.29288,73.81137],[57.4689,73.7569],[57.50485,73.70291],[57.6185,73.62899],[57.58159,73.59521],[57.38403,73.5767],[57.3465,73.5631],[57.35594,73.54845],[57.23414,73.55174],[56.95087,73.5912],[56.96531,73.60066],[56.85956,73.62891],[56.79219,73.67915],[56.68413,73.68763],[56.75506,73.67207],[56.74272,73.64251],[56.77971,73.62268],[56.88844,73.59932],[56.75357,73.59414],[56.74984,73.57918],[56.89864,73.58512],[57.21142,73.49555],[57.23961,73.45397],[57.16057,73.43652],[57.14509,73.40154],[56.90368,73.30051],[56.81412,73.33428],[56.81466,73.34844],[56.76507,73.34119],[56.74934,73.31602],[56.8066,73.30837],[56.74537,73.28833],[56.71288,73.25316],[56.72772,73.23376],[56.34571,73.269],[56.11996,73.25931],[56.04738,73.2898],[56.0485,73.31293],[56.0277,73.30369],[56.05721,73.3381],[56.04639,73.37409],[56.0,73.38662],[55.98504,73.42055],[55.88657,73.42028],[55.96412,73.40432],[55.98684,73.37491],[55.96904,73.35522],[55.98758,73.31367],[55.95563,73.29362],[55.73744,73.33856],[55.40539,73.32788],[55.31005,73.34903],[55.30267,73.3749],[55.25664,73.39424],[54.91678,73.44026],[54.74126,73.41895],[54.64512,73.38619],[54.54164,73.39031],[54.28685,73.31576],[54.06704,73.35735],[54.16188,73.39249],[54.31637,73.39655],[54.31397,73.41436],[54.38868,73.44438],[54.4867,73.46239],[54.4424,73.47231],[54.33685,73.45492],[54.23257,73.48232],[54.31769,73.50769],[54.38874,73.55712],[54.71161,73.60922],[54.69779,73.61203],[54.71097,73.62901],[54.75157,73.64311],[54.90751,73.64698],[55.11589,73.69174]]],[[[51.91722,72.10909],[51.97314,72.10108],[51.90624,72.09915],[51.94913,72.09116],[51.93141,72.08326],[51.9746,72.10096],[52.02142,72.09827],[52.00425,72.09615],[52.00985,72.09084],[52.02692,72.0972],[52.05849,72.09195],[52.02073,72.07946],[52.0531,72.07128],[52.04611,72.04882],[52.06895,72.08441],[52.09655,72.08756],[52.09552,72.0636],[52.12109,72.07529],[52.09949,72.07921],[52.12248,72.09536],[52.0938,72.09193],[52.05912,72.09263],[52.22391,72.12983],[52.23396,72.11592],[52.21373,72.10897],[52.24727,72.10187],[52.24811,72.09262],[52.21086,72.10592],[52.21055,72.07987],[52.17488,72.06907],[52.20885,72.07781],[52.21139,72.06197],[52.24185,72.08219],[52.25321,72.06969],[52.27541,72.09244],[52.29179,72.07639],[52.24683,72.05517],[52.29285,72.07286],[52.30835,72.07026],[52.29749,72.0532],[52.4432,72.05545],[52.43678,72.0434],[52.45933,72.03374],[52.5267,72.02573],[52.4632,72.0462],[52.45326,72.04562],[52.46699,72.07036],[52.39796,72.09849],[52.42579,72.0969],[52.44249,72.12283],[52.42466,72.13365],[52.44563,72.14225],[52.44149,72.16751],[52.48553,72.14764],[52.4871,72.13306],[52.4582,72.14463],[52.48474,72.12981],[52.46702,72.11812],[52.49343,72.13316],[52.52909,72.12249],[52.51354,72.13408],[52.53716,72.13724],[52.53247,72.12804],[52.54404,72.1177],[52.5382,72.11583],[52.53786,72.10966],[52.54156,72.10884],[52.56221,72.13085],[52.5051,72.14881],[52.54705,72.15141],[52.50498,72.16108],[52.52631,72.17465],[52.43114,72.21194],[52.55148,72.18574],[52.49105,72.21034],[52.55051,72.22698],[52.48911,72.23407],[52.53803,72.25075],[52.47148,72.24716],[52.45618,72.27468],[52.62794,72.2404],[52.64229,72.24494],[52.5991,72.28979],[52.70978,72.2936],[52.69107,72.30525],[52.72507,72.31429],[52.60805,72.35721],[52.58692,72.34314],[52.59747,72.35457],[52.57549,72.36367],[52.67198,72.35536],[52.76111,72.32533],[52.71446,72.35816],[52.71293,72.37735],[52.74922,72.38561],[52.70545,72.42665],[52.84868,72.4306],[52.76864,72.43436],[52.81638,72.4527],[52.79744,72.45739],[52.75208,72.44648],[52.73232,72.45941],[52.71,72.44306],[52.71882,72.47403],[52.77377,72.47211],[52.77769,72.49139],[52.80389,72.47198],[52.82591,72.49193],[52.90138,72.4956],[52.86964,72.51095],[52.98204,72.54671],[52.91232,72.56182],[52.9958,72.55506],[52.97992,72.57338],[53.10571,72.57982],[53.24582,72.55243],[53.32451,72.55305],[53.11723,72.59139],[52.97957,72.58774],[52.72684,72.53959],[52.74366,72.55234],[52.7361,72.56924],[52.77787,72.57219],[52.79873,72.60862],[52.84644,72.6111],[52.78509,72.61591],[52.75133,72.60413],[52.73751,72.61546],[52.74691,72.61583],[52.74782,72.62937],[52.84736,72.62969],[52.97617,72.66161],[52.84938,72.67118],[52.80756,72.64155],[52.77867,72.65065],[52.80269,72.65998],[52.7865,72.66596],[52.73891,72.64745],[52.71869,72.65924],[52.72566,72.65917],[52.7345,72.6621],[52.55887,72.65754],[52.47103,72.70788],[52.40401,72.71269],[52.42547,72.73593],[52.48407,72.74362],[52.50323,72.78874],[52.58244,72.8367],[52.95375,72.90775],[53.29781,72.86526],[53.52404,72.8538],[53.50939,72.86339],[53.62839,72.88916],[53.55833,72.90188],[53.52504,72.87946],[53.43249,72.87768],[53.31528,72.9008],[53.39617,72.91079],[53.40495,72.92217],[53.2063,72.91137],[53.0853,72.94853],[53.14835,72.99939],[53.41454,72.99555],[53.42229,73.00767],[53.317,73.018],[53.29695,73.0349],[53.31665,73.04304],[53.27072,73.04717],[53.28141,73.05991],[53.18553,73.05966],[53.20926,73.08487],[53.15354,73.08956],[53.20402,73.10808],[53.18576,73.12666],[53.22187,73.14737],[53.46452,73.23733],[53.60536,73.2286],[53.76768,73.28002],[53.93749,73.29477],[53.962,73.27661],[54.0486,73.28663],[54.02554,73.27042],[54.06792,73.26147],[54.24839,73.25772],[54.54151,73.36003],[54.7247,73.37727],[54.77769,73.40345],[54.91603,73.42383],[55.24452,73.37296],[55.25956,73.34517],[55.4355,73.31315],[55.80301,73.31914],[55.83693,73.30027],[55.81111,73.28302],[55.97908,73.26626],[55.95816,73.24878],[56.40943,73.22198],[56.54592,73.16472],[56.56556,73.13761],[56.54649,73.10905],[56.16384,73.06264],[55.81883,73.05725],[56.43394,73.03271],[56.31528,72.98632],[56.1618,72.99075],[55.8989,72.95949],[55.88222,72.94088],[55.803,72.95895],[55.54588,72.94211],[55.81917,72.94013],[55.88885,72.92352],[56.20005,72.95721],[56.27467,72.94703],[56.21629,72.90368],[56.24543,72.87385],[56.2273,72.86785],[56.23405,72.8537],[56.11987,72.77862],[55.91438,72.77322],[55.86622,72.79003],[55.72191,72.76081],[55.5914,72.77444],[55.57187,72.79143],[55.41085,72.80793],[55.55651,72.78114],[55.34237,72.76174],[55.58524,72.76604],[55.69578,72.74173],[55.84285,72.73806],[55.84039,72.72255],[55.92245,72.65017],[55.66787,72.65478],[55.65784,72.64465],[55.69229,72.63128],[55.69476,72.59496],[55.62132,72.58209],[55.64455,72.54116],[55.60583,72.54227],[55.61318,72.52534],[55.59777,72.52262],[55.51116,72.53146],[55.52756,72.54624],[55.49442,72.55918],[55.29789,72.56898],[55.46652,72.54767],[55.49005,72.53664],[55.43733,72.52974],[55.56326,72.50808],[55.55435,72.45893],[55.30205,72.44075],[55.42625,72.4175],[55.47883,72.43516],[55.49958,72.38126],[55.45873,72.34209],[55.46916,72.3335],[55.36246,72.28665],[55.55297,72.23303],[55.50125,72.23191],[55.57571,72.17336],[55.4588,72.13532],[55.43265,72.09978],[55.40781,72.09821],[55.43797,72.07418],[55.41777,72.06664],[55.4597,72.05579],[55.40248,72.02573],[55.41192,72.01348],[55.38553,72.00542],[55.39041,71.98065],[55.36272,71.97998],[55.43254,71.93419],[55.27489,71.94273],[55.37338,71.91567],[55.4571,71.91792],[55.52361,71.88238],[55.50778,71.87046],[55.55271,71.84579],[55.52425,71.83106],[55.52814,71.79036],[55.57525,71.76525],[55.55964,71.74187],[55.59032,71.73433],[55.57723,71.73011],[55.584,71.70066],[55.63561,71.68311],[55.62287,71.67426],[55.64444,71.66315],[55.63387,71.65342],[55.66605,71.64809],[55.65545,71.62579],[55.73935,71.57613],[55.72649,71.5645],[55.74066,71.55218],[55.8299,71.50765],[55.83521,71.48368],[55.87737,71.4668],[55.86426,71.45262],[56.04171,71.34104],[56.03113,71.31934],[56.04766,71.29621],[56.21425,71.18465],[56.41431,71.12104],[56.67967,70.9968],[56.89699,70.92866],[57.02213,70.86005],[57.30536,70.80036],[57.4267,70.79841],[57.61296,70.70839],[57.54216,70.71138],[57.51469,70.69444],[57.53534,70.68393],[57.52313,70.67199],[57.46802,70.65888],[57.49174,70.64186],[57.44978,70.63022],[57.46035,70.62247],[57.44259,70.60429],[57.47597,70.59166],[57.35794,70.60726],[57.43323,70.5866],[57.03744,70.65479],[56.94658,70.6462],[56.98724,70.63304],[56.76253,70.67195],[56.82938,70.62921],[57.07193,70.60145],[57.15182,70.61141],[57.30799,70.56077],[57.32094,70.55318],[57.30146,70.54883],[57.3208,70.54249],[56.89861,70.58227],[56.74537,70.6135],[56.62469,70.66063],[56.54736,70.65501],[56.69121,70.61163],[56.60824,70.61757],[56.50527,70.66023],[56.54158,70.65424],[56.52589,70.65809],[56.54175,70.66918],[56.52529,70.68667],[56.54177,70.69163],[56.51425,70.7037],[56.52718,70.71442],[56.62317,70.7181],[56.51635,70.74099],[56.45913,70.72661],[56.43831,70.69842],[56.41661,70.69622],[56.43622,70.70036],[56.35566,70.70145],[56.22037,70.73762],[56.19507,70.71803],[56.3245,70.6908],[56.19255,70.69877],[56.19043,70.67537],[56.32149,70.6522],[56.1587,70.65083],[56.22559,70.6331],[56.07571,70.64763],[56.14748,70.65562],[56.04719,70.65243],[56.03437,70.64963],[56.04656,70.64445],[56.05339,70.63881],[55.99802,70.6304],[55.89989,70.65877],[55.7936,70.66469],[55.86108,70.64484],[55.84041,70.63215],[56.0101,70.59258],[56.02293,70.58643],[55.98714,70.58034],[56.03185,70.55666],[55.92706,70.5824],[55.88358,70.56688],[55.82687,70.59101],[55.82998,70.60618],[55.74491,70.59252],[55.61109,70.63266],[55.74603,70.60008],[55.56805,70.67743],[55.7634,70.61131],[55.86075,70.61297],[55.76626,70.6473],[55.7461,70.67776],[55.61135,70.72412],[55.58545,70.71936],[55.5956,70.70103],[55.81024,70.61615],[55.57077,70.6874],[55.4777,70.69304],[55.45823,70.7018],[55.47247,70.71487],[55.43604,70.73265],[55.40516,70.73122],[55.42548,70.7274],[55.41076,70.71174],[55.35366,70.71603],[55.3431,70.70655],[55.37161,70.68686],[55.35369,70.68463],[55.30937,70.70228],[55.12927,70.73523],[55.09454,70.74908],[55.09925,70.76521],[55.04445,70.74965],[54.90623,70.76191],[55.35829,70.67934],[55.4014,70.6869],[55.48131,70.63313],[55.40529,70.6708],[55.38021,70.66892],[55.45947,70.63408],[55.4444,70.6179],[55.42057,70.64824],[55.26974,70.681],[55.272,70.65929],[55.20552,70.65662],[55.31799,70.60019],[55.28104,70.59715],[55.2869,70.58484],[55.26602,70.57692],[55.29325,70.56198],[55.21657,70.5734],[55.18952,70.56325],[55.20507,70.54753],[55.1675,70.54511],[54.96403,70.62919],[54.90969,70.62804],[54.86968,70.65171],[54.81893,70.64145],[54.74406,70.67168],[54.67933,70.72776],[54.72803,70.72602],[54.73468,70.73085],[54.54007,70.78227],[54.56718,70.74829],[54.5082,70.76877],[54.51774,70.77426],[54.51267,70.78315],[54.4654,70.77675],[54.4965,70.76468],[54.50491,70.73899],[54.43076,70.73542],[54.4717,70.72683],[54.44576,70.71551],[54.48768,70.72647],[54.66403,70.67189],[54.61151,70.68626],[54.57209,70.67928],[54.7909,70.63611],[54.61875,70.64729],[54.52532,70.67457],[54.56795,70.68374],[54.55667,70.69915],[54.46316,70.70446],[54.3059,70.76277],[54.24988,70.75421],[54.30516,70.72759],[54.24969,70.72522],[54.26051,70.71884],[54.10628,70.74188],[54.08609,70.73518],[54.12374,70.72187],[54.04733,70.72353],[53.9011,70.79198],[53.9059,70.81457],[53.88105,70.80255],[53.8513,70.80172],[53.84584,70.79687],[53.92519,70.77778],[53.89949,70.76013],[53.69081,70.79068],[53.68706,70.80802],[53.61449,70.83188],[53.64671,70.81019],[53.52223,70.82149],[53.58414,70.78837],[53.56069,70.78443],[53.55626,70.79949],[53.48577,70.80028],[53.34984,70.85986],[53.47006,70.86875],[53.53424,70.85427],[53.57451,70.88068],[53.63442,70.87487],[53.65246,70.86633],[53.65513,70.8626],[53.63123,70.87443],[53.62094,70.87319],[53.71148,70.81641],[53.7516,70.81133],[53.69435,70.84946],[53.68256,70.8777],[53.73823,70.8966],[53.77675,70.93529],[53.72385,70.97546],[53.52779,71.05287],[53.56043,71.0592],[53.50991,71.08685],[53.64025,71.04147],[53.63219,71.05872],[53.6722,71.06458],[53.66757,71.06544],[53.66136,71.06729],[53.6498,71.07138],[53.64679,71.0753],[53.75278,71.05804],[53.68768,71.08068],[53.70312,71.08394],[53.9625,71.01475],[53.98729,71.01958],[53.90586,71.07276],[54.17483,71.06966],[54.26577,71.09543],[54.21735,71.11287],[54.13698,71.0926],[54.01106,71.13683],[54.06461,71.14603],[54.07645,71.16838],[54.22521,71.14708],[54.12481,71.17383],[54.11681,71.19025],[54.13748,71.1938],[54.22596,71.16538],[54.10309,71.21156],[54.04183,71.21168],[54.03254,71.19918],[54.05272,71.1755],[54.0,71.18886],[53.96955,71.1537],[53.90162,71.16307],[53.87603,71.1866],[53.80537,71.18979],[53.84108,71.17104],[53.83798,71.13371],[53.72338,71.15539],[53.74882,71.16381],[53.74094,71.18349],[53.68097,71.17538],[53.63549,71.19885],[53.5965,71.18331],[53.51594,71.21671],[53.46409,71.25658],[53.54703,71.25403],[53.52937,71.26334],[53.54758,71.26929],[53.55166,71.27655],[53.5038,71.26252],[53.47432,71.28204],[53.44222,71.27207],[53.34092,71.32536],[53.36046,71.35563],[53.2994,71.42701],[53.3266,71.43414],[53.28749,71.43768],[53.3718,71.45486],[53.35579,71.4717],[53.38181,71.47218],[53.38128,71.49513],[53.49622,71.52785],[53.51195,71.54701],[53.45954,71.53706],[53.49257,71.55373],[53.47161,71.57286],[53.45317,71.57208],[53.48293,71.55203],[53.3938,71.55194],[53.31864,71.53452],[53.27382,71.49746],[53.23779,71.49904],[53.24872,71.48624],[53.21168,71.4687],[53.22299,71.45394],[53.16628,71.45603],[53.17932,71.41659],[53.16046,71.40842],[53.11905,71.42655],[53.1179,71.45026],[53.08072,71.4824],[53.09645,71.484],[53.04195,71.49066],[53.00852,71.50991],[52.99948,71.51064],[53.05549,71.4654],[52.99231,71.44976],[52.9528,71.46013],[53.00466,71.45692],[52.93493,71.47163],[52.94048,71.43945],[53.02863,71.40049],[52.92697,71.41077],[52.96852,71.37702],[52.9535,71.37134],[52.91016,71.38174],[52.92955,71.38792],[52.88683,71.42458],[52.93936,71.43605],[52.88238,71.46012],[52.78007,71.4644],[52.85551,71.41012],[52.75903,71.43454],[52.77537,71.43683],[52.72286,71.47111],[52.66625,71.47618],[52.68133,71.46087],[52.66737,71.44607],[52.62114,71.46129],[52.66748,71.49058],[52.71805,71.47408],[52.68422,71.49772],[52.72268,71.49604],[52.68798,71.51374],[52.71749,71.52381],[52.67281,71.55826],[52.67503,71.53488],[52.63808,71.54735],[52.58286,71.59822],[52.6349,71.59066],[52.55442,71.65239],[52.54629,71.70571],[52.57122,71.74009],[52.53141,71.76354],[52.54004,71.73905],[52.51833,71.73064],[52.50399,71.68001],[52.54072,71.5985],[52.51906,71.57881],[52.53597,71.56463],[52.50027,71.55455],[52.491,71.53089],[52.39871,71.53931],[52.40598,71.49708],[52.46729,71.46792],[52.33123,71.51392],[52.30904,71.53009],[52.30903,71.53276],[52.31311,71.53333],[52.31549,71.52887],[52.33044,71.52925],[52.31849,71.52947],[52.30074,71.56203],[52.31391,71.56328],[52.29716,71.57125],[52.2606,71.56775],[52.27394,71.56374],[52.19269,71.52874],[52.30146,71.46147],[52.18984,71.48168],[52.14209,71.47962],[52.21982,71.47337],[52.11511,71.45385],[51.91946,71.457],[51.77169,71.51324],[51.63175,71.53042],[51.57898,71.57633],[51.59709,71.59091],[51.58972,71.61488],[51.50485,71.68606],[51.52684,71.70722],[51.48862,71.71348],[51.46689,71.74439],[51.47654,71.76275],[51.44229,71.7783],[51.43436,71.84037],[51.47633,71.883],[51.56359,72.06099],[51.80458,72.1268],[51.82245,72.15131],[51.85927,72.15371],[51.91722,72.10909]]],[[[137.28924,75.58228],[137.24803,75.60188],[137.27626,75.61696],[137.17569,75.62407],[137.02632,75.588],[137.17236,75.5489],[137.14174,75.53773],[137.18608,75.52804],[137.21638,75.51755],[137.04524,75.56097],[136.98978,75.58557],[137.22557,75.65141],[137.21385,75.68558],[137.14886,75.7018],[137.16062,75.72954],[137.20645,75.74866],[137.34738,75.76732],[137.49724,75.75314],[137.597,75.78068],[137.6095,75.79403],[137.57286,75.82121],[137.49811,75.85085],[137.48762,75.84015],[137.43751,75.8868],[137.44725,75.91382],[137.50402,75.94498],[137.74646,75.9983],[137.99389,76.00797],[137.91496,75.99842],[138.02584,75.98629],[138.10349,75.99933],[138.16204,76.02672],[138.19914,76.07233],[138.17652,76.08378],[138.17651,76.07459],[138.10815,76.04035],[138.04677,76.02552],[138.22541,76.10836],[138.85412,76.20105],[139.13798,76.20293],[139.03087,76.17708],[139.04981,76.14907],[139.22815,76.0723],[139.42658,76.05161],[139.60278,75.98516],[140.00433,75.94593],[139.85084,75.9098],[139.83293,75.87731],[140.03569,75.8268],[139.97925,75.81812],[140.06875,75.82227],[140.18321,75.79084],[140.11119,75.76996],[140.27934,75.80271],[140.46784,75.78874],[140.48716,75.77408],[140.46956,75.76648],[140.49456,75.76312],[140.38018,75.75195],[140.43607,75.73998],[140.3845,75.69963],[140.37714,75.66338],[140.42965,75.66316],[140.39137,75.63553],[140.5699,75.61311],[140.66564,75.62775],[140.70439,75.59902],[140.81316,75.62097],[140.84503,75.61575],[140.80806,75.60636],[140.81939,75.60153],[140.88134,75.60507],[140.85071,75.58884],[140.9733,75.60194],[140.95083,75.62055],[141.0,75.61033],[141.15337,75.638],[141.14445,75.65962],[140.91906,75.71932],[140.92609,75.78105],[140.97107,75.85599],[140.93073,75.8932],[140.93262,75.93585],[141.0042,76.03168],[141.16951,76.04138],[141.20316,76.05892],[141.5724,76.01568],[141.72644,75.97263],[141.71447,75.97879],[141.74767,75.98787],[141.6184,76.02591],[141.64761,76.03298],[141.56845,76.03477],[141.55138,76.06099],[141.59298,76.06417],[141.4563,76.11931],[141.4476,76.14672],[141.34945,76.15603],[141.40688,76.17221],[141.5725,76.13216],[141.51955,76.11313],[141.52927,76.11005],[141.59817,76.12804],[141.57763,76.13151],[141.79698,76.1084],[142.08017,76.01194],[142.29475,75.96191],[142.44143,75.89343],[142.64474,75.84997],[143.08156,75.79949],[143.31469,75.81913],[143.26753,75.81042],[143.38321,75.8057],[143.33832,75.8211],[143.37373,75.83255],[143.31919,75.82425],[143.43748,75.84466],[143.56071,75.85273],[143.84363,75.82817],[143.82347,75.8289],[143.80535,75.80852],[143.83296,75.8275],[143.93538,75.81718],[144.35653,75.71364],[144.6729,75.69523],[144.80987,75.64411],[145.19344,75.58431],[145.39155,75.49772],[145.16548,75.50134],[144.84851,75.43162],[144.77425,75.39138],[144.7748,75.37209],[144.825,75.29724],[144.91852,75.27081],[144.77449,75.23682],[144.72316,75.14834],[144.38106,75.05103],[143.99677,75.00832],[143.93575,75.01577],[143.91019,75.05594],[143.80831,75.06525],[143.38795,75.0477],[143.1964,75.10402],[143.09482,75.10896],[143.06753,75.13697],[142.9294,75.14379],[142.95749,75.15344],[142.91709,75.16652],[142.88158,75.22126],[142.75594,75.22993],[142.79361,75.25044],[142.73848,75.26528],[142.75414,75.28914],[142.74294,75.30119],[142.52835,75.34283],[142.55816,75.36689],[142.54913,75.39234],[142.6127,75.43871],[142.56501,75.46081],[142.66634,75.4725],[142.69683,75.50301],[142.80954,75.54207],[142.93397,75.565],[143.0574,75.55744],[143.03568,75.56235],[142.98103,75.56818],[142.95683,75.56819],[142.95021,75.57137],[143.07022,75.6104],[143.09356,75.64939],[143.11974,75.64278],[143.12981,75.64326],[143.03731,75.69465],[143.05512,75.70521],[142.93427,75.72677],[142.7648,75.72201],[142.77277,75.73741],[142.73406,75.74703],[142.54263,75.71841],[142.54779,75.72278],[142.42141,75.73804],[142.27681,75.72664],[142.25663,75.70398],[142.28308,75.68924],[142.26308,75.68565],[142.35352,75.70129],[142.32385,75.70098],[142.34749,75.71695],[142.43976,75.69855],[142.41712,75.68458],[142.45776,75.68872],[142.33554,75.65849],[142.09665,75.67594],[141.97306,75.66123],[142.03816,75.64568],[142.11348,75.66089],[142.27956,75.64459],[142.15671,75.60805],[141.967,75.61902],[142.03022,75.59361],[142.10107,75.60487],[142.18742,75.5913],[142.08374,75.53692],[142.17527,75.47287],[142.17965,75.43657],[142.15227,75.41085],[142.23094,75.36112],[142.26868,75.3075],[142.40981,75.25773],[142.48733,75.19412],[142.62816,75.13781],[142.65537,75.10203],[142.74665,75.07448],[143.05208,75.06103],[143.41033,74.99725],[143.55741,75.00394],[143.69619,74.94501],[143.54801,74.89823],[143.436,74.88881],[143.04834,74.87463],[142.95599,74.89272],[142.92584,74.87003],[142.8691,74.86407],[142.81568,74.886],[142.71507,74.89131],[142.6994,74.85261],[142.64366,74.85124],[142.62833,74.82666],[142.76447,74.84347],[142.51701,74.79747],[142.34409,74.81662],[142.07969,74.88469],[141.8914,74.93824],[141.87865,74.94371],[142.02488,74.90295],[141.98902,74.91508],[141.98052,74.91899],[141.97968,74.92097],[142.0299,74.96045],[142.14759,74.96808],[142.25203,74.94359],[142.2999,74.91339],[142.37931,74.91254],[142.38785,74.89331],[142.44234,74.90671],[142.23029,74.96841],[142.2375,75.00937],[141.88911,75.00363],[141.61583,74.95457],[141.59935,74.94681],[141.60787,74.93609],[141.57566,74.93166],[140.84104,74.88324],[140.18675,74.80494],[140.04753,74.79519],[140.0,74.79372],[139.90102,74.79299],[139.83883,74.80186],[140.10416,74.80275],[140.03461,74.84115],[140.03479,74.87868],[140.01577,74.8882],[139.67995,74.96909],[139.51098,74.91438],[139.52685,74.90654],[139.51444,74.86406],[139.54096,74.84794],[139.61194,74.83485],[139.68078,74.85815],[139.66217,74.86389],[139.69618,74.85804],[139.58089,74.81875],[139.51212,74.73984],[139.3081,74.65836],[139.14099,74.63388],[138.65725,74.71743],[138.17532,74.7569],[137.99742,74.83579],[137.86509,74.94065],[137.35661,75.05527],[137.23919,75.10898],[136.95515,75.25982],[136.96954,75.29228],[136.93085,75.34423],[137.1774,75.3734],[137.12913,75.35406],[137.19819,75.32415],[137.29048,75.31628],[137.43192,75.3291],[137.47819,75.35217],[137.46536,75.38166],[137.35464,75.40657],[137.18463,75.37102],[137.21641,75.39434],[137.17094,75.43168],[137.29774,75.47051],[137.27782,75.49331],[137.20972,75.52175],[137.26604,75.52512],[137.28761,75.51874],[137.31331,75.52101],[137.18887,75.54873],[137.26106,75.57829],[137.32732,75.57311],[137.27395,75.57878],[137.28924,75.58228]]],[[[142.239,51.012],[142.25278,51.14352],[142.18488,51.22588],[142.16526,51.27433],[142.17964,51.28453],[142.17284,51.31422],[142.08251,51.39699],[142.0698,51.43004],[142.08846,51.44185],[142.0818,51.46836],[141.88775,51.59675],[141.95375,51.6035],[141.92825,51.606],[141.92881,51.62694],[141.8834,51.59995],[141.7986,51.68303],[141.82299,51.73201],[141.81615,51.79712],[141.74129,51.85234],[141.62696,51.88582],[141.66945,51.92485],[141.67599,51.98006],[141.63019,52.07328],[141.63461,52.10251],[141.69434,52.15846],[141.64256,52.22335],[141.66882,52.26369],[141.62959,52.32621],[141.6536,52.39247],[141.75046,52.44648],[141.82865,52.55454],[141.83314,52.58753],[141.80291,52.58976],[141.8368,52.64171],[141.81335,52.65626],[141.84451,52.70372],[141.81978,52.71905],[141.85244,52.77386],[141.85755,52.88365],[141.89024,52.92486],[141.92149,53.03315],[141.91953,53.06509],[141.83014,53.16145],[141.83041,53.1974],[141.79053,53.26218],[141.80183,53.33115],[141.76833,53.35245],[141.76524,53.3779],[141.8693,53.42788],[141.83925,53.41612],[141.85644,53.42994],[142.17751,53.52821],[142.25976,53.53817],[142.27166,53.53399],[142.21688,53.52676],[142.24515,53.49822],[142.22349,53.47919],[142.24112,53.38644],[142.28001,53.36369],[142.32314,53.36584],[142.34683,53.38745],[142.42693,53.37718],[142.59919,53.52765],[142.67063,53.50928],[142.66419,53.54585],[142.63493,53.54324],[142.56002,53.60045],[142.5365,53.59525],[142.53452,53.56168],[142.51429,53.54673],[142.48068,53.66229],[142.63529,53.68872],[142.67874,53.62501],[142.72905,53.63919],[142.78622,53.71419],[142.75791,53.81074],[142.69792,53.84691],[142.67085,53.72532],[142.61,53.693],[142.72089,53.9281],[142.48529,54.12479],[142.39468,54.23792],[142.40456,54.26597],[142.47787,54.2738],[142.52108,54.24076],[142.55356,54.23937],[142.56562,54.25252],[142.54156,54.28934],[142.60775,54.26696],[142.63319,54.28869],[142.60444,54.32147],[142.6695,54.35859],[142.66325,54.41064],[142.70527,54.42545],[142.72573,54.4197],[142.79325,54.30125],[142.98775,54.11452],[142.99696,54.07926],[142.97654,54.03265],[142.91522,53.99703],[142.88178,53.94713],[142.89247,53.87285],[142.85571,53.88431],[142.86322,53.89739],[142.82931,53.86886],[142.89381,53.87283],[142.91729,53.7972],[142.90325,53.82009],[142.86947,53.80068],[142.88733,53.7683],[142.92803,53.76742],[142.91606,53.74152],[142.95357,53.7218],[142.93275,53.70909],[142.9556,53.70184],[142.96513,53.70889],[142.92376,53.77596],[142.9177,53.79613],[142.97806,53.69189],[142.94994,53.68513],[142.95161,53.65416],[142.98973,53.66486],[142.97817,53.69135],[143.01357,53.63423],[142.94768,53.61965],[143.01963,53.60564],[143.01413,53.63339],[143.06156,53.5606],[143.02829,53.58909],[142.96758,53.55897],[143.0129,53.53194],[143.04988,53.5346],[143.06166,53.55965],[143.1052,53.4875],[143.09328,53.49355],[143.08038,53.48862],[143.09055,53.48649],[143.10169,53.48923],[143.10384,53.48716],[143.10573,53.48759],[143.12928,53.45161],[143.1045,53.47707],[143.05595,53.44782],[143.08613,53.43335],[143.13078,53.44852],[143.14793,53.42417],[143.11906,53.42975],[143.11126,53.40162],[143.08265,53.39084],[143.14829,53.3904],[143.15231,53.40636],[143.12159,53.40575],[143.14874,53.42168],[143.18906,53.35072],[143.26493,53.1541],[143.33115,52.84179],[143.28542,53.02329],[143.25562,53.07036],[143.26599,53.09634],[143.25358,53.08376],[143.24712,53.10057],[143.25423,53.14578],[143.13562,53.21061],[143.14831,53.24957],[143.12802,53.27728],[143.19825,53.28298],[143.17154,53.28893],[143.18539,53.33615],[143.1588,53.34493],[143.17382,53.35071],[143.18155,53.35833],[143.12813,53.36613],[143.08207,53.34212],[143.07052,53.2847],[143.03175,53.25925],[143.06412,53.24762],[143.06591,53.20992],[143.08427,53.23213],[143.07559,53.19077],[143.0996,53.15246],[143.08246,53.11949],[143.12589,53.06502],[143.09902,53.03681],[143.1274,53.02071],[143.11626,53.01135],[143.16758,52.9955],[143.18617,52.95623],[143.1622,52.94179],[143.22587,52.90242],[143.21053,52.88344],[143.24117,52.8457],[143.26703,52.865],[143.25828,52.88075],[143.28308,52.9049],[143.26689,52.93312],[143.28717,52.95842],[143.31196,52.8498],[143.31423,52.71299],[143.31583,52.83714],[143.33304,52.82144],[143.31599,52.58346],[143.27936,52.44535],[143.17473,52.31571],[143.20087,52.4014],[143.27403,52.45325],[143.27162,52.47933],[143.22903,52.47944],[143.30093,52.58786],[143.29123,52.6001],[143.26671,52.58975],[143.28931,52.64209],[143.26602,52.60111],[143.2262,52.59658],[143.25986,52.58424],[143.21511,52.54858],[143.23254,52.53218],[143.21222,52.5171],[143.24161,52.517],[143.19407,52.49515],[143.1996,52.48338],[143.16658,52.48738],[143.185,52.47483],[143.15982,52.46916],[143.19082,52.45001],[143.1479,52.42714],[143.16851,52.42356],[143.11777,52.36066],[143.1082,52.31155],[143.12764,52.30797],[143.11535,52.29078],[143.13112,52.28225],[143.15202,52.29085],[143.16996,52.36002],[143.17545,52.35613],[143.16625,52.32153],[143.17932,52.3068],[143.14364,52.22708],[143.14024,52.1121],[143.12556,52.15748],[143.13023,52.16337],[143.13892,52.23906],[143.14623,52.25125],[143.14738,52.25745],[143.14609,52.2605],[143.12964,52.2186],[143.12029,52.16089],[143.09795,52.18006],[143.07556,52.17073],[143.09615,52.16273],[143.09132,52.08832],[143.12426,52.05875],[143.08803,52.04854],[143.11391,52.04053],[143.15058,51.97419],[143.13513,51.96178],[143.11943,51.97768],[143.13023,51.95509],[143.09947,51.9293],[143.15407,51.90962],[143.14444,51.87399],[143.18447,51.87622],[143.21211,51.85042],[143.22947,51.87008],[143.18339,51.9691],[143.3286,51.69236],[143.28404,51.71489],[143.2544,51.68522],[143.24881,51.62501],[143.21973,51.61279],[143.24299,51.57974],[143.20834,51.51305],[143.22851,51.50234],[143.24994,51.51595],[143.25831,51.50108],[143.28599,51.51955],[143.31305,51.49557],[143.34958,51.51266],[143.335,51.61271],[143.34845,51.63313],[143.35731,51.63356],[143.38133,51.59784],[143.40098,51.52437],[143.41898,51.49521],[143.42445,51.46737],[143.43681,51.44033],[143.44118,51.43869],[143.41175,51.54625],[143.30432,51.7407],[143.31695,51.73876],[143.43454,51.50004],[143.47876,51.33128],[143.44083,51.37053],[143.3763,51.35366],[143.37568,51.33151],[143.42286,51.32791],[143.40888,51.29684],[143.45875,51.29822],[143.48154,51.27453],[143.46971,51.2641],[143.48797,51.26883],[143.47356,51.2483],[143.5009,51.23963],[143.46506,51.21413],[143.52328,51.22603],[143.49618,51.27786],[143.47432,51.28502],[143.49147,51.29139],[143.47795,51.32422],[143.48212,51.32118],[143.53475,51.20274],[143.67066,50.80363],[143.69754,50.5872],[143.7581,50.39678],[143.83262,50.23874],[143.99707,50.01924],[143.98761,49.98479],[144.02793,49.89698],[143.96432,49.89685],[142.20263,49.89314],[142.13782,49.893],[142.13074,49.95039],[142.15836,49.99259],[142.13737,50.02056],[142.17379,50.04763],[142.15761,50.25969],[142.1281,50.29737],[142.15723,50.31741],[142.153,50.36704],[142.09869,50.42837],[142.0443,50.55142],[142.09352,50.72237],[142.08609,50.82053],[142.1121,50.85139],[142.11595,50.89289],[142.19175,50.946],[142.239,51.012]]],[[[146.64302,75.43795],[146.73285,75.39667],[146.737,75.37143],[146.90706,75.32955],[147.10584,75.31888],[147.31385,75.35167],[147.44831,75.328],[147.36076,75.35564],[147.35473,75.37496],[147.12122,75.35055],[147.35429,75.40792],[147.38028,75.40077],[147.3744,75.38373],[147.43674,75.37597],[147.51317,75.38652],[147.44051,75.38708],[147.46538,75.39961],[147.32752,75.41343],[147.44972,75.42761],[147.51607,75.41447],[147.50374,75.41905],[147.61838,75.44086],[147.95629,75.39586],[148.37499,75.40169],[148.56844,75.37126],[148.57864,75.34666],[148.51089,75.31692],[148.50913,75.29878],[148.54548,75.27214],[148.52788,75.25219],[148.55046,75.21632],[148.62189,75.19961],[148.79387,75.18506],[148.8385,75.20326],[148.99872,75.2024],[148.98045,75.19278],[148.99119,75.19243],[149.00309,75.20275],[148.94251,75.20888],[149.051,75.22525],[149.16938,75.21775],[149.13046,75.23016],[149.39419,75.26188],[149.75531,75.22454],[149.70833,75.21671],[149.7417,75.21245],[150.12126,75.20612],[150.24841,75.18444],[150.31212,75.15031],[150.26904,75.1512],[150.24813,75.132],[150.32533,75.13854],[150.51323,75.09721],[150.63889,75.10857],[150.52518,75.08092],[150.5448,75.0778],[150.7238,75.10423],[150.76055,75.11923],[150.70766,75.12826],[150.79084,75.14234],[150.96237,75.12561],[150.8479,75.09069],[150.79532,75.04531],[150.66526,74.99235],[150.65675,74.97399],[150.69334,74.95842],[150.62456,74.87184],[150.63709,74.86359],[150.05559,74.81744],[149.56447,74.74596],[148.97953,74.72953],[148.77665,74.74106],[148.76207,74.74674],[148.77954,74.74543],[148.78585,74.74854],[148.78292,74.75156],[148.75016,74.74819],[148.76195,74.74119],[148.73073,74.73759],[148.37104,74.77351],[148.26172,74.77277],[148.11283,74.79584],[147.61817,74.9646],[147.12434,75.00759],[146.7447,75.1066],[146.31608,75.16807],[146.11703,75.24368],[146.2082,75.25124],[146.25922,75.28783],[146.24004,75.30548],[146.26943,75.33151],[146.23198,75.38793],[146.32451,75.39443],[146.24582,75.39859],[146.36065,75.4422],[146.42871,75.50617],[146.39003,75.51791],[146.389,75.54853],[146.43425,75.57993],[146.48945,75.58878],[146.68653,75.54698],[146.74322,75.5157],[146.75215,75.49991],[146.65241,75.46784],[146.64302,75.43795]]],[[[142.62534,73.80785],[143.40765,73.54655],[143.56427,73.45223],[143.53554,73.42044],[143.48282,73.40583],[143.47023,73.35716],[143.52859,73.24123],[143.60991,73.21069],[143.48088,73.21292],[143.25164,73.18086],[142.74244,73.22796],[142.48803,73.21928],[142.33355,73.24664],[141.65606,73.29076],[141.27466,73.34013],[140.92025,73.41004],[140.65562,73.42839],[140.36828,73.40864],[140.25403,73.37717],[139.90976,73.34283],[139.86321,73.34628],[139.77769,73.40282],[139.83507,73.43109],[140.32977,73.43771],[140.57294,73.4972],[140.80702,73.60287],[140.79525,73.61741],[140.86158,73.69361],[140.91272,73.67994],[140.89026,73.69936],[140.98285,73.70202],[140.87056,73.70642],[140.91371,73.71858],[140.8964,73.73772],[140.92715,73.74137],[140.92384,73.75023],[140.90745,73.75202],[140.93167,73.77679],[141.07922,73.84418],[141.17384,73.85894],[141.31156,73.83218],[141.64236,73.88273],[142.07061,73.908],[142.25774,73.85357],[142.62534,73.80785]]],[[[-179.20983,71.54019],[-179.18744,71.52717],[-179.11865,71.56914],[-179.07982,71.56613],[-179.0667,71.55196],[-179.05661,71.551],[-179.00314,71.57296],[-179.06902,71.59453],[-179.05136,71.59842],[-178.2466,71.52463],[-177.95972,71.4377],[-177.70939,71.2923],[-177.60423,71.26256],[-177.52045,71.27089],[-177.50578,71.24072],[-177.43408,71.22471],[-177.46053,71.2106],[-177.47806,71.15274],[-177.52097,71.1494],[-177.58546,71.10176],[-177.90406,71.02456],[-178.16107,71.01032],[-178.36184,70.97673],[-178.44726,70.96824],[-178.47953,70.96756],[-178.50023,70.97012],[-178.50129,70.973],[-178.29684,70.98854],[-178.71123,70.9604],[-178.94401,70.93022],[-179.12578,70.89873],[-179.23972,70.88327],[-179.278,70.88678],[-179.34349,70.87564],[-179.38909,70.87158],[-179.42947,70.87326],[-179.26992,70.88955],[-179.18109,70.8925],[-179.23396,70.90435],[-179.41133,70.88647],[-179.39683,70.89177],[-179.45461,70.90232],[-179.42363,70.89103],[-179.46306,70.88735],[-179.39812,70.88399],[-179.51025,70.86458],[-179.57778,70.86327],[-179.45346,70.88135],[-179.67122,70.94781],[-180.0,70.97546],[-180.0,71.53133],[-179.95743,71.53779],[-179.94462,71.53865],[-179.94129,71.53737],[-179.9903,71.52427],[-179.97784,71.51415],[-179.786,71.5196],[-179.86092,71.53941],[-179.83965,71.55339],[-179.75923,71.54544],[-179.72524,71.5689],[-179.76268,71.5652],[-179.68886,71.57532],[-179.65998,71.57703],[-179.69918,71.55961],[-179.66239,71.54518],[-179.57568,71.58337],[-179.58098,71.56508],[-179.54889,71.55383],[-179.47598,71.56148],[-179.50233,71.55204],[-179.49353,71.53727],[-179.42701,71.55661],[-179.34311,71.55111],[-179.30242,71.5226],[-179.24097,71.54331],[-179.24009,71.5289],[-179.20983,71.54019]]],[[[48.23629,68.80769],[48.34212,68.75149],[48.31253,68.75789],[48.39018,68.73414],[48.33063,68.74679],[48.42958,68.71856],[48.30078,68.74921],[48.24104,68.78951],[48.21827,68.84268],[48.21056,68.92021],[48.21448,68.95582],[48.2285,68.94229],[48.26326,68.93028],[48.23591,68.94438],[48.25225,68.95556],[48.22244,68.95935],[48.25824,68.97671],[48.21356,68.95646],[48.23658,69.09909],[48.35883,69.28463],[48.45874,69.34764],[48.73918,69.45886],[48.98843,69.49722],[49.33705,69.49057],[50.12966,69.25797],[50.17237,69.23789],[50.26931,69.17781],[50.29876,69.1472],[50.31094,69.11784],[50.30654,69.09646],[50.29547,69.08163],[50.27536,69.06627],[50.30803,69.12195],[50.27719,69.1637],[50.24505,69.19235],[50.27686,69.15305],[50.22393,69.19391],[50.24063,69.16907],[50.22951,69.15061],[50.15443,69.12098],[50.06165,69.12208],[50.06161,69.10187],[50.01268,69.06964],[49.93235,69.0604],[49.92196,69.03578],[49.88844,69.03831],[49.8419,69.00294],[49.75755,68.99393],[49.90207,68.99585],[49.79487,68.94198],[49.76776,68.9478],[49.78909,68.93892],[49.72517,68.90512],[49.7379,68.89839],[49.72382,68.86573],[49.60745,68.83016],[49.6476,68.8569],[49.57821,68.84083],[49.56865,68.8503],[49.55381,68.85219],[49.5778,68.83882],[49.52844,68.8325],[49.57705,68.83502],[49.36438,68.79216],[49.3101,68.80365],[49.34208,68.78707],[48.98005,68.72883],[48.99729,68.73451],[48.9349,68.72585],[48.94998,68.74192],[48.9448,68.74567],[48.93003,68.74707],[48.94503,68.74181],[48.92719,68.72582],[48.82589,68.71356],[48.81994,68.72648],[48.81536,68.72826],[48.81812,68.71329],[48.73709,68.70673],[48.73154,68.72486],[48.74819,68.7298],[48.76042,68.7232],[48.76917,68.72358],[48.75648,68.7322],[48.70505,68.73696],[48.74631,68.74989],[48.69149,68.75122],[48.70799,68.73008],[48.65006,68.72978],[48.71587,68.72692],[48.70078,68.71651],[48.71447,68.70659],[48.67896,68.69632],[48.72284,68.69211],[48.44378,68.71525],[48.4319,68.72229],[48.658,68.69752],[48.54261,68.74106],[48.57642,68.74957],[48.4632,68.77339],[48.49142,68.78052],[48.40756,68.79059],[48.45561,68.79877],[48.39312,68.79113],[48.31933,68.82481],[48.3536,68.82999],[48.36652,68.84322],[48.30575,68.8283],[48.26966,68.85044],[48.34409,68.84352],[48.25316,68.87804],[48.27993,68.87621],[48.25103,68.88051],[48.22818,68.87272],[48.22152,68.88558],[48.23999,68.88581],[48.2211,68.90093],[48.22054,68.85302],[48.22909,68.81759],[48.25542,68.8008],[48.23629,68.80769]]],[[[58.59352,70.14304],[58.64768,70.14703],[58.59485,70.15167],[58.6253,70.16522],[58.60391,70.18131],[58.60348,70.16759],[58.56571,70.16325],[58.59071,70.14948],[58.56107,70.14892],[58.53397,70.18038],[58.55091,70.18124],[58.55732,70.18653],[58.5179,70.17901],[58.5237,70.16893],[58.46842,70.18289],[58.57369,70.20231],[58.51927,70.21838],[58.50065,70.20744],[58.49258,70.22851],[58.4795,70.21359],[58.49689,70.20819],[58.49089,70.19677],[58.45209,70.21611],[58.46442,70.23292],[58.42761,70.22907],[58.40489,70.23619],[58.43609,70.23828],[58.42394,70.25915],[58.45252,70.24138],[58.47642,70.24462],[58.45731,70.25636],[58.49047,70.25515],[58.88378,70.18428],[58.84236,70.21117],[58.82799,70.19782],[58.83936,70.21183],[58.81576,70.23504],[58.74707,70.24008],[58.70255,70.27448],[58.5317,70.30975],[58.54867,70.31153],[58.51325,70.3341],[58.663,70.31284],[58.67581,70.32888],[58.66384,70.34214],[58.71406,70.33797],[58.77927,70.36229],[58.79754,70.38507],[58.76415,70.40506],[58.79646,70.42494],[58.93444,70.42573],[59.07326,70.46471],[59.06061,70.44926],[59.09171,70.45181],[59.09056,70.43166],[59.38748,70.3397],[59.3854,70.32133],[59.52685,70.25628],[59.58509,70.20539],[59.81289,70.13667],[59.773,70.11436],[60.04765,70.09132],[60.05754,70.06169],[60.33872,69.95322],[60.34829,69.93794],[60.33146,69.93011],[60.33445,69.92528],[60.39936,69.94604],[60.45397,69.92895],[60.48181,69.90335],[60.44702,69.88537],[60.56588,69.79691],[60.47468,69.7499],[60.51851,69.72035],[60.46849,69.71416],[60.49875,69.70507],[60.39481,69.72629],[60.3897,69.73611],[60.37908,69.74219],[60.37153,69.72354],[60.40573,69.70363],[60.31934,69.70046],[60.215,69.66528],[60.16697,69.69212],[60.01406,69.71692],[60.0028,69.71123],[60.05259,69.68141],[59.96301,69.69639],[59.99924,69.67008],[59.98547,69.65626],[59.93124,69.67165],[59.92253,69.69432],[59.7938,69.68481],[59.63705,69.71463],[59.61877,69.70877],[59.58572,69.70736],[59.63319,69.7398],[59.57349,69.75755],[59.59817,69.76776],[59.59544,69.79254],[59.61258,69.79373],[59.62186,69.78859],[59.60135,69.78181],[59.61225,69.77447],[59.74256,69.78061],[59.6955,69.79503],[59.70168,69.78263],[59.64737,69.82576],[59.65386,69.82801],[59.66885,69.82759],[59.6763,69.82963],[59.61148,69.829],[59.45106,69.88847],[59.41095,69.87866],[59.41594,69.88571],[59.40584,69.90157],[59.3884,69.89154],[59.41113,69.88224],[59.29855,69.8829],[59.16549,69.91118],[59.19368,69.91501],[59.19911,69.92064],[59.16415,69.91943],[59.15262,69.90661],[59.01626,69.93355],[59.01263,69.94276],[58.98643,69.95064],[58.95015,69.95587],[58.95568,69.96589],[58.94944,69.96651],[58.94895,69.9542],[58.98581,69.94713],[58.98079,69.93876],[58.98959,69.92021],[59.10904,69.90486],[59.18335,69.85329],[59.06751,69.85738],[58.97989,69.92235],[58.79793,69.96606],[58.60427,70.06872],[58.6339,70.09787],[58.65991,70.09774],[58.58777,70.11716],[58.59901,70.10101],[58.56629,70.1242],[58.66206,70.12641],[58.59352,70.14304]]],[[[179.77757,70.91475],[179.56462,70.86253],[179.44721,70.85097],[179.35714,70.87316],[179.18223,70.86559],[178.76114,70.78318],[178.78983,70.80259],[178.77524,70.85985],[178.65817,70.97192],[178.62809,71.02594],[178.62714,71.07174],[178.8419,71.15725],[178.90712,71.21694],[179.18548,71.27015],[179.49357,71.41057],[179.57788,71.42495],[179.67142,71.45216],[179.69335,71.45753],[179.71693,71.46088],[179.73665,71.45927],[179.55336,71.41905],[179.78681,71.44167],[179.81218,71.45848],[179.79297,71.46419],[179.78249,71.47314],[179.87926,71.47434],[179.89954,71.48453],[179.89495,71.50113],[179.934,71.50651],[179.83364,71.49664],[180.0,71.53133],[180.0,70.97546],[179.89561,70.96337],[179.77757,70.91475]]],[[[113.43824,74.39902],[113.35831,74.39475],[113.42914,74.37928],[113.38174,74.34949],[113.39897,74.32471],[113.3326,74.29788],[113.27363,74.30926],[113.21836,74.29575],[113.31119,74.28845],[113.231,74.22291],[113.24533,74.23603],[113.16948,74.22364],[113.21563,74.21283],[113.18602,74.19761],[113.17637,74.19502],[113.20461,74.2095],[112.98404,74.18438],[112.83438,74.0794],[112.20554,74.13572],[111.95613,74.21786],[111.66605,74.24315],[111.5601,74.28137],[111.64903,74.30027],[111.52981,74.28756],[111.50845,74.32533],[111.6649,74.3667],[111.72837,74.36686],[111.77967,74.35947],[111.74921,74.35322],[111.7799,74.35676],[111.84888,74.32386],[112.05744,74.36329],[112.01834,74.38371],[112.11031,74.42581],[112.07569,74.43863],[112.11338,74.4432],[112.04529,74.43912],[112.06029,74.43312],[112.01885,74.44691],[112.01974,74.54644],[112.55876,74.50489],[113.18684,74.4969],[113.40942,74.44791],[113.4688,74.38113],[113.43824,74.39902]]],[[[169.26705,69.75385],[169.3172,69.72605],[169.26717,69.71076],[169.29839,69.68875],[169.30174,69.65223],[169.24484,69.58872],[169.18055,69.55403],[168.82407,69.56566],[168.16888,69.67725],[168.1161,69.70353],[168.09935,69.7479],[167.77598,69.80619],[167.91899,69.90748],[168.02486,69.95216],[168.06687,69.94664],[168.08292,69.95638],[168.05666,69.96109],[168.07932,69.97032],[168.352,70.00733],[168.48616,69.98003],[168.54564,69.98817],[168.72408,69.95526],[168.80405,69.95878],[168.85102,69.92727],[169.40922,69.86237],[169.44956,69.8431],[169.45764,69.81561],[169.39605,69.75371],[169.26705,69.75385]]],[[[71.05865,73.33784],[71.03171,73.33187],[71.08445,73.33641],[71.14836,73.28849],[71.11962,73.26418],[71.0041,73.26919],[71.01012,73.25359],[70.96698,73.24602],[71.24683,73.25553],[71.29741,73.22038],[71.28209,73.21546],[71.28614,73.2091],[71.27856,73.20726],[71.28189,73.2056],[71.30509,73.21211],[71.2826,73.2151],[71.30088,73.22035],[71.27992,73.25342],[71.32136,73.2739],[71.4841,73.2924],[71.60581,73.23657],[71.67896,73.15626],[71.37178,73.15462],[71.25568,73.11732],[71.0842,73.09593],[70.94046,73.10556],[70.95278,73.11448],[70.4111,73.01157],[70.20118,73.02176],[70.1825,73.03016],[70.18251,73.06327],[70.08601,73.07955],[70.06896,73.06721],[70.09251,73.06098],[70.02531,73.05257],[70.02686,73.03732],[70.13921,73.00413],[69.97608,73.00589],[69.94377,73.04737],[70.03394,73.18383],[70.04335,73.32757],[70.08664,73.34801],[70.5936,73.44611],[70.52082,73.44921],[70.53503,73.45259],[70.76047,73.47286],[70.77573,73.47263],[70.75503,73.46743],[70.77892,73.45896],[70.75554,73.44344],[70.83156,73.45813],[70.79142,73.47497],[70.90971,73.47242],[71.26388,73.40914],[71.09803,73.42525],[71.09975,73.40002],[71.08887,73.39867],[71.07869,73.39172],[71.10664,73.39658],[71.1357,73.36384],[71.08812,73.36745],[71.10094,73.34003],[71.05865,73.33784]]],[[[21.97981,58.36844],[22.02265,58.36589],[21.95246,58.40476],[21.90266,58.46942],[21.83406,58.48202],[21.8379,58.50154],[21.89423,58.47893],[21.92312,58.48909],[21.91714,58.51695],[22.00886,58.50564],[22.07718,58.41918],[22.10893,58.41793],[22.11846,58.48244],[22.19947,58.51255],[22.20328,58.54603],[22.23938,58.5356],[22.24209,58.4913],[22.29292,58.48698],[22.31601,58.51923],[22.30201,58.53959],[22.28205,58.52975],[22.28723,58.57023],[22.47376,58.58104],[22.51607,58.60449],[22.53855,58.64229],[22.57136,58.63665],[22.63845,58.57875],[22.69236,58.60058],[22.75099,58.57439],[22.7888,58.62283],[22.87484,58.62657],[23.13814,58.55027],[23.16438,58.57143],[23.08391,58.58696],[23.06987,58.59961],[23.07758,58.61262],[23.06651,58.62025],[23.14395,58.62586],[23.1409,58.67262],[23.19132,58.68444],[23.35323,58.64578],[23.36247,58.62819],[23.34528,58.61054],[23.39652,58.57367],[23.40464,58.54515],[23.36575,58.5264],[23.39126,58.51165],[23.36257,58.50737],[23.35066,58.5148],[23.36292,58.53151],[23.3239,58.55372],[23.30552,58.53143],[23.30435,58.54472],[23.25879,58.5492],[23.27395,58.52894],[23.25484,58.51965],[23.24764,58.53825],[23.23516,58.52119],[23.16544,58.56879],[23.12918,58.54368],[23.13576,58.5221],[23.28951,58.48698],[23.32865,58.45337],[23.30998,58.42575],[23.29653,58.45406],[23.23783,58.4586],[23.22004,58.45254],[23.26043,58.43392],[23.21619,58.43139],[23.15815,58.47755],[23.14209,58.44905],[23.15886,58.44175],[23.13387,58.43999],[23.12857,58.41934],[23.09941,58.42824],[23.06459,58.42065],[23.06683,58.40297],[23.09209,58.39919],[23.08894,58.37857],[23.04583,58.39177],[23.03991,58.35797],[23.00689,58.35906],[22.95374,58.38445],[22.94555,58.36614],[22.97111,58.34975],[22.93212,58.33532],[22.92608,58.30176],[22.8907,58.29681],[22.85741,58.31702],[22.84722,58.30137],[22.86544,58.30068],[22.82807,58.28956],[22.83873,58.2655],[22.82261,58.25778],[22.70414,58.27481],[22.74931,58.2215],[22.7226,58.21061],[22.65651,58.2362],[22.64435,58.21649],[22.63542,58.23687],[22.65402,58.24749],[22.62082,58.25483],[22.61707,58.23223],[22.55395,58.21798],[22.54258,58.25335],[22.50815,58.21301],[22.47494,58.24761],[22.42854,58.21613],[22.3549,58.21942],[22.27093,58.1899],[22.25237,58.09005],[22.18452,58.01127],[22.1967,57.97775],[22.05177,57.90539],[22.0043,57.92953],[21.97814,57.97685],[22.01796,57.98103],[22.07889,58.07438],[22.11015,58.0889],[22.16562,58.06492],[22.18154,58.11164],[22.22496,58.13878],[22.20854,58.15895],[22.06487,58.17652],[22.0428,58.21913],[21.99891,58.24997],[21.95557,58.23785],[21.83124,58.28002],[21.84461,58.29079],[21.83453,58.31024],[21.90911,58.30734],[21.86146,58.35301],[21.94578,58.30737],[21.95968,58.32133],[21.93654,58.35646],[21.98696,58.33677],[22.0038,58.35293],[21.97981,58.36844]]],[[[164.18569,58.81429],[164.13939,58.80025],[163.94408,58.70364],[163.85979,58.69682],[163.67718,58.59576],[163.58785,58.57451],[163.57536,58.54634],[163.50888,58.50314],[163.48933,58.44842],[163.44044,58.48837],[163.44941,58.50705],[163.41323,58.55365],[163.57772,58.58316],[163.76538,58.80496],[163.77492,58.88641],[163.95104,59.01225],[163.92854,59.02493],[163.86191,59.01575],[163.78551,59.01707],[164.0281,59.04033],[164.31359,59.11447],[164.36236,59.13589],[164.39474,59.17601],[164.58938,59.23973],[164.59454,59.18954],[164.63912,59.18136],[164.64053,59.13069],[164.73335,59.04477],[164.68499,58.96902],[164.70513,58.92383],[164.63879,58.87024],[164.47088,58.86725],[164.33636,58.84053],[164.26253,58.80524],[164.18569,58.81429]]],[[[76.85885,72.30004],[76.95837,72.3638],[77.21166,72.42372],[77.34617,72.52055],[77.62045,72.60074],[78.19943,72.55354],[78.3056,72.51762],[78.35745,72.46456],[78.2401,72.44593],[78.1135,72.39028],[77.88974,72.35332],[77.80469,72.28814],[77.6302,72.2909],[77.6125,72.29243],[77.62377,72.29397],[77.62278,72.30271],[77.59644,72.29966],[77.61591,72.30562],[77.61395,72.30673],[77.59205,72.29895],[77.62914,72.2867],[77.45255,72.30006],[77.46213,72.28923],[77.26089,72.28991],[76.94424,72.27128],[76.85885,72.30004]]],[[[137.89012,54.75837],[137.85435,54.71258],[137.77889,54.68462],[137.71126,54.61626],[137.66333,54.64419],[137.61964,54.73136],[137.5502,54.77693],[137.49083,54.86805],[137.42026,54.85624],[137.37496,54.8126],[137.23533,54.76161],[137.30219,54.9056],[137.40777,54.99816],[137.47534,55.02887],[137.51862,55.10152],[137.5046,55.11162],[137.55538,55.158],[137.55876,55.18293],[137.6313,55.19675],[137.73429,55.14887],[137.86524,55.12744],[137.92155,55.14354],[137.95538,55.10541],[138.05132,55.05554],[138.22154,55.02439],[138.1799,54.99478],[138.12904,55.00234],[138.0769,54.98078],[138.05742,54.9408],[137.99773,54.92092],[137.99991,54.78589],[137.95105,54.75259],[137.89012,54.75837]]],[[[140.50179,74.26348],[140.89861,74.26594],[141.06055,74.23128],[141.10256,74.17532],[141.03481,74.11238],[141.06278,74.09962],[141.06832,74.05122],[141.04053,74.01134],[140.99111,73.98558],[140.47003,73.91412],[140.56745,73.89798],[140.68668,73.90791],[140.61018,73.89476],[140.50976,73.90229],[140.36083,73.93886],[140.30247,73.99262],[140.21868,74.0254],[140.17221,74.08265],[140.21127,74.20938],[140.44922,74.25905],[140.42017,74.24823],[140.50179,74.26348]]],[[[79.53835,72.71856],[79.38691,72.70093],[78.87355,72.74461],[78.83188,72.76876],[78.67319,72.79148],[78.62989,72.82473],[78.62464,72.79936],[78.60786,72.82447],[78.67183,72.8743],[79.16808,73.08334],[79.37889,73.01423],[79.51993,72.92354],[79.53256,72.90891],[79.47226,72.91282],[79.52454,72.89452],[79.49437,72.88452],[79.52037,72.85012],[79.50913,72.83807],[79.54229,72.81749],[79.505,72.79834],[79.5296,72.78646],[79.51046,72.77433],[79.57702,72.74516],[79.53822,72.74105],[79.53835,72.71856]]],[[[53.06567,71.25496],[53.05235,71.2637],[53.01255,71.26763],[52.99172,71.28104],[53.00712,71.28417],[52.89942,71.33705],[52.76738,71.36471],[52.90537,71.32778],[52.9282,71.31352],[52.88952,71.32078],[52.90872,71.30832],[52.88422,71.29824],[52.80796,71.31548],[52.84164,71.29651],[52.97028,71.2692],[52.93159,71.26692],[52.93519,71.26259],[53.00475,71.2646],[53.10096,71.21378],[53.11381,71.21669],[53.09082,71.23767],[53.20222,71.25193],[53.23654,71.2342],[53.1893,71.22634],[53.19485,71.21428],[53.26047,71.18784],[53.20462,71.17668],[53.24138,71.14008],[53.14971,71.10539],[53.17907,71.0781],[53.08444,71.05846],[53.05221,71.03209],[53.0987,70.97852],[53.18257,70.95156],[53.05929,70.93978],[53.03172,70.94909],[53.03663,70.98679],[52.98394,70.99487],[52.9737,71.03152],[52.80762,71.07023],[52.83149,71.07857],[52.79667,71.12875],[52.71028,71.15648],[52.72274,71.16651],[52.70517,71.17072],[52.70172,71.19814],[52.61494,71.22861],[52.35603,71.2254],[52.25082,71.26145],[52.24053,71.31284],[52.32081,71.3421],[52.56433,71.36106],[52.59665,71.37387],[52.58594,71.38566],[52.66967,71.37775],[52.74717,71.33167],[52.79012,71.33441],[52.70965,71.37583],[52.74967,71.37441],[52.71584,71.39594],[52.72787,71.39833],[52.90273,71.36854],[53.07757,71.27436],[53.08345,71.25293],[53.05824,71.24568],[53.06567,71.25496]]],[[[135.64841,75.74298],[135.71855,75.79997],[135.72156,75.82655],[135.67739,75.84107],[135.72098,75.87117],[135.89532,75.7132],[136.0,75.67176],[136.23703,75.62254],[136.10022,75.57941],[135.96156,75.48921],[135.98137,75.45927],[136.05668,75.44319],[135.87326,75.37554],[135.52923,75.37063],[135.51387,75.38512],[135.51694,75.43089],[135.49428,75.4427],[135.58918,75.49546],[135.64416,75.59782],[135.60228,75.67313],[135.64841,75.74298]]],[[[165.83388,55.30355],[165.93467,55.32928],[165.96642,55.36467],[166.12993,55.3209],[166.21204,55.31238],[166.25659,55.32865],[166.30025,55.2998],[166.2422,55.26531],[166.25853,55.2463],[166.24838,55.17898],[166.28907,55.11759],[166.35102,55.09138],[166.35039,55.07195],[166.4465,54.96207],[166.54842,54.91487],[166.59285,54.91352],[166.58709,54.89088],[166.64353,54.86508],[166.65082,54.84762],[166.63642,54.84287],[166.67754,54.74468],[166.67041,54.67878],[166.57647,54.72066],[166.56077,54.7543],[166.48683,54.78851],[166.50831,54.81883],[166.49537,54.83411],[166.41539,54.82404],[166.38958,54.83801],[166.37604,54.82153],[166.33201,54.85595],[166.33965,54.86976],[166.30737,54.86863],[166.28379,54.89229],[166.28876,54.91376],[166.24489,54.91513],[166.17847,54.95592],[166.154,55.01553],[166.07638,55.06292],[166.0828,55.12151],[166.04497,55.16662],[165.97596,55.19421],[166.00211,55.20038],[165.97848,55.22672],[165.83723,55.26928],[165.83388,55.30355]]],[[[22.65263,59.08731],[22.70281,59.06697],[22.68376,59.05241],[22.70722,59.00906],[22.94228,58.98235],[22.93126,58.97057],[22.95547,58.95685],[22.94145,58.9424],[23.00577,58.9132],[23.06864,58.83898],[23.02507,58.82415],[23.02047,58.84626],[22.96137,58.84895],[22.94345,58.84264],[22.9575,58.82586],[22.91891,58.84425],[22.91358,58.82054],[22.86465,58.83605],[22.76869,58.81935],[22.75455,58.81261],[22.7511,58.80044],[22.76572,58.80251],[22.78444,58.78963],[22.82557,58.82171],[22.88865,58.82007],[22.86643,58.80946],[22.88327,58.79003],[22.83036,58.7835],[22.8231,58.76518],[22.78669,58.75456],[22.81343,58.77665],[22.78728,58.77201],[22.73386,58.80597],[22.7085,58.77506],[22.7281,58.77226],[22.66642,58.69782],[22.63905,58.69255],[22.52137,58.69067],[22.46564,58.7157],[22.50286,58.72814],[22.46185,58.75116],[22.47676,58.77647],[22.44271,58.78959],[22.46324,58.80082],[22.43355,58.80674],[22.46103,58.81025],[22.4551,58.84075],[22.39834,58.88892],[22.17289,58.88172],[22.13543,58.90721],[22.04737,58.9217],[22.04219,58.94101],[22.3956,58.93723],[22.42191,58.95482],[22.41338,58.96857],[22.47074,58.96191],[22.43634,58.99418],[22.49396,58.99901],[22.47401,59.03084],[22.56863,59.03068],[22.58273,59.09346],[22.65263,59.08731]]],[[[128.16719,72.54984],[128.43996,72.51117],[128.37396,72.51269],[128.42198,72.50899],[128.5294,72.50985],[128.54733,72.49375],[128.51871,72.49255],[128.71912,72.45319],[128.88388,72.45223],[128.89267,72.42686],[128.90207,72.45241],[128.97119,72.45968],[128.98936,72.43256],[129.03425,72.38445],[128.83221,72.37529],[128.81551,72.38786],[128.75818,72.39266],[128.74071,72.40128],[128.72785,72.40455],[128.71322,72.4067],[128.59821,72.40797],[128.62909,72.3982],[128.59222,72.38981],[128.46863,72.40811],[128.30486,72.39659],[128.25195,72.42445],[128.03415,72.3885],[127.62667,72.4649],[127.79297,72.49299],[127.8105,72.50712],[127.79209,72.51892],[127.80426,72.52461],[128.06509,72.52698],[128.1329,72.54873],[128.18165,72.55302],[128.16719,72.54984]]],[[[95.61,76.25243],[95.56837,76.24827],[95.56173,76.22955],[95.65932,76.24603],[95.67372,76.27688],[95.88014,76.31716],[95.92757,76.3054],[95.89126,76.26824],[95.92291,76.25738],[95.99073,76.28777],[96.16422,76.28716],[96.12706,76.23673],[96.12949,76.22596],[96.13898,76.22277],[96.24698,76.24874],[96.23215,76.26377],[96.27838,76.27263],[96.25234,76.28116],[96.2773,76.29775],[96.41616,76.30917],[96.48547,76.28644],[96.39895,76.25668],[96.41713,76.24518],[96.40786,76.22254],[96.49161,76.2009],[96.23533,76.21693],[96.47679,76.17348],[96.43934,76.1538],[96.46976,76.15363],[96.45845,76.14458],[96.4736,76.13669],[96.38445,76.141],[96.40082,76.12031],[96.46169,76.11639],[96.35897,76.10119],[96.37144,76.12225],[96.28837,76.15471],[96.0849,76.14403],[96.07947,76.16026],[95.7941,76.1456],[95.82249,76.15678],[95.65454,76.16683],[95.70568,76.16788],[95.7333,76.18988],[95.59431,76.18511],[95.52304,76.21141],[95.43195,76.20542],[95.46137,76.2174],[95.38427,76.21496],[95.33086,76.23407],[95.3838,76.24065],[95.36865,76.24949],[95.3842,76.25462],[95.34885,76.25965],[95.37093,76.26302],[95.34985,76.27842],[95.36458,76.28276],[95.56044,76.2817],[95.50362,76.2589],[95.61,76.25243]]],[[[96.35206,77.02607],[96.33933,77.00422],[96.27445,77.00238],[96.22872,76.97323],[96.12869,76.99241],[95.82886,76.92939],[95.85675,76.92371],[95.69263,76.91299],[95.72882,76.92381],[95.71673,76.94022],[95.78346,76.94127],[95.82416,76.97028],[95.91131,76.96004],[96.02042,76.99283],[95.9901,77.0071],[95.60331,76.97654],[95.70615,76.96489],[95.74399,76.95137],[95.47072,76.9842],[95.50866,76.98793],[95.44544,77.00874],[95.42901,77.00324],[95.47796,76.99501],[95.34317,76.98299],[95.36866,76.97751],[95.35391,76.96827],[95.38296,76.97462],[95.40418,76.97648],[95.49623,76.9791],[95.29536,76.96311],[95.28832,76.96965],[95.55046,77.03652],[96.02823,77.08896],[96.46331,77.17816],[96.57624,77.12472],[96.47607,77.06589],[96.35206,77.02607]]],[[[74.62399,72.94242],[74.68911,72.88518],[74.66497,72.87768],[74.6757,72.8542],[74.6567,72.83081],[74.53586,72.87023],[74.55377,72.86903],[74.59207,72.88588],[74.53087,72.86891],[74.34634,72.91287],[74.38709,72.91593],[74.36384,72.91733],[74.3656,72.93266],[74.31757,72.92943],[74.34388,72.92323],[74.33136,72.91461],[74.14832,72.97485],[74.10952,72.99863],[74.18355,72.99341],[74.15689,72.97753],[74.18028,72.97409],[74.17868,72.98813],[74.20363,72.99543],[74.22755,73.00861],[74.15678,72.99557],[74.11907,73.00906],[74.14617,73.04521],[74.33923,73.10575],[74.74746,73.07719],[74.68238,73.03959],[74.70464,73.01979],[74.68892,72.98761],[74.62399,72.94242]]],[[[83.26421,70.51321],[83.28333,70.50638],[83.29044,70.49337],[83.30821,70.47999],[83.30949,70.44684],[83.30714,70.4422],[83.2582,70.41969],[83.1945,70.37908],[83.09137,70.3612],[83.0653,70.3653],[83.09749,70.39181],[83.07087,70.40774],[83.08029,70.4349],[83.10267,70.5661],[83.12609,70.66483],[83.14341,70.70469],[83.16709,70.72051],[83.16909,70.72548],[83.1482,70.7132],[83.1957,70.78614],[83.21446,70.80736],[83.26219,70.84601],[83.28757,70.85296],[83.36971,70.81741],[83.43971,70.76401],[83.45372,70.74591],[83.4658,70.73899],[83.4664,70.73231],[83.44261,70.69086],[83.37464,70.66372],[83.30481,70.64459],[83.301,70.60539],[83.25922,70.5488],[83.26421,70.51321]]],[[[135.60463,74.22217],[136.04353,74.08045],[136.11889,74.02471],[136.26892,73.98182],[136.25506,73.96167],[136.29133,73.94396],[136.29888,73.91659],[136.15884,73.88275],[136.06588,73.91228],[136.0761,73.92883],[136.02334,73.95992],[135.75962,74.03295],[135.67223,74.10801],[135.46645,74.14645],[135.44864,74.16228],[135.46726,74.20958],[135.44145,74.24173],[135.60463,74.22217]]],[[[137.63589,71.44212],[137.64381,71.46595],[137.61755,71.47499],[137.41396,71.49004],[137.44407,71.47786],[137.35707,71.5],[137.30947,71.50198],[137.25991,71.51437],[137.22982,71.51635],[137.23544,71.52306],[137.19321,71.55258],[137.17489,71.55428],[137.45542,71.59153],[137.59879,71.5904],[137.63598,71.57134],[137.68471,71.58466],[137.72416,71.57799],[137.70501,71.56968],[137.71526,71.56856],[137.76631,71.58395],[137.70527,71.58724],[137.79229,71.59335],[137.7784,71.59869],[137.9845,71.57268],[138.01019,71.55075],[137.96852,71.55328],[138.03169,71.53189],[138.01791,71.49895],[137.89988,71.43908],[137.76848,71.40864],[137.63589,71.44212]]],[[[81.71519,75.39876],[81.7261,75.39161],[81.74709,75.39263],[81.81127,75.37279],[81.81566,75.37014],[81.76231,75.36659],[81.77347,75.36117],[81.93646,75.36075],[81.99732,75.39461],[81.88746,75.44602],[82.00054,75.42716],[82.0265,75.4363],[82.01071,75.45247],[82.03916,75.47441],[82.10448,75.49134],[81.88535,75.46724],[82.06126,75.5009],[82.24889,75.51282],[82.29558,75.5045],[82.2173,75.5029],[82.16237,75.48092],[82.15971,75.45473],[82.20705,75.41684],[82.09551,75.44438],[82.04362,75.43593],[82.19396,75.39833],[82.21138,75.41486],[82.33566,75.33477],[82.32558,75.31091],[82.30124,75.29861],[82.27309,75.29359],[82.32391,75.31202],[82.24176,75.32772],[82.04736,75.3146],[82.09564,75.27868],[82.03169,75.26526],[82.10092,75.26256],[82.02195,75.23233],[82.0235,75.20472],[82.06143,75.18945],[82.04367,75.15225],[81.94119,75.20151],[81.97142,75.22885],[81.90136,75.28696],[81.94209,75.31031],[81.87497,75.2975],[81.83151,75.31098],[81.82102,75.29455],[81.86178,75.28703],[81.81883,75.27896],[81.73448,75.28935],[81.79047,75.26992],[81.77115,75.26127],[81.63908,75.30452],[81.70884,75.3152],[81.7197,75.33623],[81.60988,75.33493],[81.6174,75.29248],[81.59808,75.3132],[81.60649,75.34501],[81.66361,75.39023],[81.77433,75.43474],[81.86746,75.46258],[81.89136,75.46297],[81.773,75.43051],[81.74906,75.39374],[81.71519,75.39876]]],[[[86.69902,74.93401],[86.69862,74.94889],[87.0105,74.99104],[87.09158,74.96265],[87.08174,74.95278],[87.18329,74.94432],[87.11279,74.88793],[86.96704,74.86694],[86.91272,74.88112],[86.92089,74.89181],[86.8766,74.8825],[86.83744,74.91242],[86.70664,74.89738],[86.84447,74.83554],[86.9608,74.84776],[87.00194,74.83576],[86.96982,74.81373],[86.87557,74.8021],[86.84957,74.83177],[86.5766,74.83303],[86.53997,74.84842],[86.40654,74.83421],[86.41275,74.85055],[86.37615,74.83417],[86.22488,74.88667],[86.2925,74.90949],[86.26568,74.91983],[86.2742,74.92492],[86.47809,74.88416],[86.66631,74.89608],[86.52784,74.92424],[86.57107,74.94974],[86.50186,74.95912],[86.56335,74.96854],[86.52674,74.97699],[86.72586,74.96899],[86.62995,74.95266],[86.69902,74.93401]]],[[[70.82323,66.54897],[70.80996,66.54299],[70.79836,66.53353],[70.77331,66.54213],[70.75866,66.5437],[70.7182,66.54351],[70.69646,66.55397],[70.67687,66.55853],[70.66342,66.55906],[70.65365,66.55712],[70.6441,66.55837],[70.60858,66.5751],[70.61092,66.58633],[70.60088,66.6051],[70.56768,66.61938],[70.5399,66.61786],[70.59583,66.60669],[70.606,66.57487],[70.62833,66.56262],[70.64655,66.55655],[70.68249,66.55617],[70.65044,66.55378],[70.68369,66.55501],[70.7194,66.54209],[70.80278,66.53245],[70.82902,66.54903],[70.93995,66.54731],[70.8087,66.52574],[70.73224,66.53298],[70.63782,66.5312],[70.59037,66.51123],[70.58302,66.5168],[70.53941,66.52695],[70.46642,66.53993],[70.37177,66.56891],[70.38865,66.56058],[70.33343,66.56081],[70.28836,66.62691],[70.39792,66.64553],[70.41182,66.62942],[70.44513,66.61531],[70.46371,66.61386],[70.41674,66.63091],[70.42832,66.6401],[70.41565,66.65138],[70.45587,66.66661],[70.60291,66.67643],[70.71248,66.6547],[70.7493,66.65697],[70.99679,66.58369],[71.0139,66.56863],[70.89657,66.58467],[70.88494,66.57535],[70.90402,66.57282],[70.8938,66.57371],[70.88737,66.57353],[70.88812,66.57207],[71.01193,66.55229],[70.98407,66.5451],[70.91615,66.55502],[70.83422,66.54999],[70.82323,66.54897]]],[[[112.52727,76.50493],[112.63703,76.49778],[112.71548,76.51349],[112.73556,76.49637],[112.71798,76.47908],[112.7256,76.49981],[112.60866,76.49599],[112.61621,76.47487],[112.59064,76.45594],[112.64008,76.42255],[112.59907,76.4185],[112.3999,76.43663],[112.47305,76.43914],[112.298,76.51766],[112.06561,76.53008],[112.08808,76.54436],[112.05076,76.54994],[112.06606,76.56892],[111.96918,76.57946],[112.05104,76.57749],[112.08574,76.58695],[111.97417,76.59515],[112.17659,76.61952],[112.19549,76.61746],[112.15867,76.61614],[112.34984,76.58728],[112.47472,76.61145],[112.50122,76.59146],[112.4867,76.57838],[112.52511,76.57353],[112.49771,76.56403],[112.51763,76.55026],[112.60158,76.53856],[112.52347,76.53314],[112.54546,76.5177],[112.52727,76.50493]]],[[[89.24367,77.25611],[89.38599,77.2964],[89.59951,77.2993],[89.76247,77.26457],[89.74972,77.25315],[89.73021,77.24865],[89.65303,77.27247],[89.56613,77.27494],[89.55883,77.26398],[89.64292,77.26399],[89.6233,77.24662],[89.64136,77.23982],[89.73393,77.24061],[89.62202,77.18281],[89.5104,77.15772],[89.25072,77.16997],[89.28085,77.14227],[89.2008,77.19714],[89.24367,77.25611]]],[[[136.75971,54.91706],[136.7862,54.89363],[136.75915,54.88211],[136.67329,54.89764],[136.68182,54.95078],[136.78582,55.01302],[136.89346,55.03984],[137.01364,55.10635],[137.19641,55.11093],[137.14122,55.07101],[137.11002,55.0172],[137.07079,55.00717],[137.05528,54.97865],[137.09268,54.9454],[137.06228,54.91564],[136.941,54.91462],[136.92806,54.93449],[136.94457,54.94216],[136.90942,54.9612],[136.86044,54.95252],[136.87875,54.94095],[136.87864,54.94417],[136.88894,54.95352],[136.87789,54.93851],[136.82345,54.94347],[136.8266,54.92533],[136.76813,54.93421],[136.75971,54.91706]]],[[[71.36885,66.84379],[71.48826,66.82942],[71.50027,66.80505],[71.48583,66.80617],[71.47759,66.80512],[71.53574,66.76639],[71.42848,66.76157],[71.27243,66.72642],[71.22409,66.72822],[71.19731,66.73591],[71.17111,66.7543],[71.23881,66.75434],[71.23924,66.76557],[71.23001,66.75669],[71.19812,66.76225],[71.17265,66.75833],[71.16902,66.75501],[71.11238,66.76416],[71.00605,66.76434],[70.94369,66.76196],[70.84433,66.74626],[70.81028,66.73065],[70.72891,66.73418],[70.83946,66.78548],[70.86487,66.77879],[70.89249,66.78396],[70.9038,66.79611],[70.93135,66.80012],[71.07391,66.79857],[71.23791,66.86168],[71.41456,66.86587],[71.42048,66.85989],[71.45204,66.85045],[71.36885,66.84379]]],[[[35.76229,65.17203],[35.83966,65.13758],[35.82609,65.12403],[35.85337,65.10235],[35.82457,65.09619],[35.85734,65.05663],[35.83972,65.04852],[35.85044,65.04081],[35.86371,65.03922],[35.85582,65.03684],[35.81375,65.05165],[35.81246,65.08829],[35.78667,65.09856],[35.79853,65.09273],[35.76686,65.0872],[35.75579,65.06863],[35.76937,65.06469],[35.75092,65.06233],[35.74304,65.03925],[35.8121,65.04666],[35.88023,65.0188],[35.89883,65.02782],[35.88021,65.04264],[35.92594,65.05176],[36.02369,65.03957],[36.00564,65.01977],[35.94637,65.0256],[35.91291,65.01549],[35.85935,65.01798],[35.84464,65.00446],[35.87827,64.99],[35.82493,64.98899],[35.77033,64.9583],[35.73556,64.95666],[35.70685,65.00475],[35.72212,65.0095],[35.68708,65.02246],[35.70855,65.02517],[35.58371,65.04217],[35.51211,65.08521],[35.5048,65.12221],[35.53775,65.14548],[35.60058,65.15409],[35.56535,65.12686],[35.60644,65.12736],[35.64119,65.14177],[35.63839,65.13723],[35.64317,65.13879],[35.65883,65.13115],[35.64841,65.1352],[35.63885,65.1324],[35.6579,65.13001],[35.66315,65.13279],[35.64363,65.1435],[35.66772,65.16713],[35.76229,65.17203]]],[[[85.98277,74.53528],[85.93411,74.52228],[86.05495,74.49273],[85.91246,74.48484],[85.90227,74.47018],[85.82861,74.46566],[85.83914,74.45833],[85.73048,74.45372],[85.77665,74.47355],[85.6628,74.47874],[85.75979,74.50893],[85.77278,74.52618],[85.75722,74.55145],[85.79702,74.57741],[86.03617,74.58899],[86.26375,74.52456],[86.13655,74.48446],[86.11099,74.51861],[85.98277,74.53528]]],[[[85.48782,74.48368],[85.47305,74.46951],[85.36583,74.45034],[85.28886,74.46273],[85.27358,74.48045],[85.17369,74.48355],[85.16666,74.50095],[85.19477,74.50782],[85.15655,74.52464],[85.29067,74.57693],[85.478,74.57382],[85.56548,74.5407],[85.67001,74.53068],[85.54701,74.49679],[85.46709,74.50472],[85.48782,74.48368]]],[[[71.52762,66.6544],[71.55508,66.66641],[71.58735,66.65104],[71.34643,66.62643],[71.35909,66.62973],[71.31454,66.64353],[71.33706,66.64652],[71.24277,66.65173],[71.25907,66.64664],[71.20884,66.66168],[71.16931,66.68414],[71.07804,66.7017],[71.03686,66.69584],[70.842,66.74159],[70.97151,66.75977],[71.15641,66.75606],[71.18892,66.73438],[71.2196,66.72544],[71.45949,66.70759],[71.44867,66.70596],[71.43109,66.69805],[71.40743,66.67411],[71.35384,66.67833],[71.39629,66.67236],[71.36497,66.67552],[71.35482,66.67056],[71.35879,66.66487],[71.46091,66.67316],[71.49555,66.66468],[71.51925,66.66301],[71.54869,66.66703],[71.53354,66.66394],[71.52762,66.6544]]],[[[-172.44084,64.71809],[-172.61834,64.71024],[-172.50604,64.81085],[-172.39677,64.83724],[-172.28026,64.82729],[-172.17089,64.79298],[-172.16802,64.77782],[-172.44084,64.71809]]],[[[67.13636,69.44175],[67.02892,69.47483],[67.18445,69.5614],[67.33205,69.5823],[67.38131,69.52678],[67.37114,69.50189],[67.30513,69.46955],[67.32122,69.45002],[67.26578,69.43363],[67.13636,69.44175]]],[[[167.85581,54.62632],[167.75359,54.64868],[167.68152,54.70355],[167.52715,54.76895],[167.45211,54.81687],[167.43815,54.86713],[167.56311,54.82522],[167.53998,54.79915],[167.67993,54.78345],[167.68271,54.75484],[167.72912,54.763],[167.73338,54.73457],[167.75323,54.73729],[167.75541,54.69856],[167.78059,54.6842],[167.83259,54.69586],[167.88056,54.64444],[167.93438,54.65402],[167.92467,54.62558],[167.94194,54.60319],[168.10206,54.49982],[167.93579,54.57108],[167.85581,54.62632]]],[[[69.54447,66.68826],[69.51265,66.70984],[69.49399,66.74544],[69.47187,66.75624],[69.54298,66.76726],[69.54155,66.73096],[69.5184,66.73692],[69.54707,66.71842],[69.51848,66.71059],[69.59777,66.70366],[69.62365,66.69282],[69.55749,66.69307],[69.55333,66.68004],[69.73487,66.66652],[69.75386,66.6337],[69.82869,66.61811],[69.93533,66.61304],[69.97671,66.59361],[69.98747,66.5649],[69.91933,66.58053],[69.90927,66.5779],[70.03206,66.54058],[69.85099,66.55547],[69.70405,66.60312],[69.68911,66.59794],[69.6753,66.62204],[69.67404,66.62358],[69.67118,66.62448],[69.68589,66.5977],[69.72877,66.59086],[69.71338,66.58471],[69.7196,66.57403],[69.62832,66.58452],[69.62191,66.61075],[69.54842,66.66267],[69.54447,66.68826]]],[[[70.80511,66.72597],[70.86219,66.73666],[71.03334,66.69441],[71.0881,66.69927],[71.13106,66.67902],[71.16733,66.67829],[71.22527,66.6522],[71.25931,66.64496],[71.29608,66.64442],[71.3123,66.64033],[71.32067,66.63379],[71.30359,66.63922],[71.26907,66.63988],[71.23005,66.6342],[71.25726,66.62258],[71.19454,66.59791],[71.18033,66.61704],[71.16918,66.62058],[71.11266,66.61595],[71.037,66.64739],[70.94153,66.669],[70.79596,66.68437],[70.71615,66.72399],[70.80511,66.72597]]],[[[107.40364,77.33121],[107.42761,77.3395],[107.59294,77.30993],[107.67139,77.31733],[107.67097,77.27388],[107.73124,77.26405],[107.47486,77.23056],[107.46457,77.21371],[107.22013,77.21664],[107.42489,77.22822],[107.48792,77.25413],[107.29872,77.28113],[107.33835,77.30516],[107.38627,77.29635],[107.37824,77.32681],[107.41258,77.32218],[107.40364,77.33121]]],[[[69.86107,66.71165],[69.85942,66.69349],[69.924,66.65546],[69.98377,66.61632],[70.04758,66.60666],[69.75902,66.63881],[69.73945,66.67142],[69.61689,66.70319],[69.57373,66.73591],[69.58792,66.75538],[69.76132,66.74909],[69.8347,66.71717],[69.86107,66.71165]]],[[[129.1227,72.2653],[129.19687,72.26183],[129.24121,72.26493],[129.18332,72.25843],[129.19638,72.25425],[129.1398,72.24752],[129.20087,72.25103],[129.19928,72.23926],[129.2163,72.23431],[128.98231,72.20484],[128.90706,72.23513],[128.90978,72.27207],[128.88288,72.29461],[128.80319,72.30752],[128.86139,72.31073],[128.88668,72.31419],[129.01248,72.33686],[129.01308,72.33607],[129.01535,72.33558],[129.01612,72.33448],[129.04449,72.32849],[129.03958,72.31762],[129.04307,72.31259],[129.04804,72.30978],[129.04958,72.30616],[129.09604,72.28064],[129.07761,72.27883],[129.1227,72.2653]]],[[[60.28345,76.12334],[60.26658,76.091],[59.90856,76.09091],[60.08669,76.15513],[60.49607,76.17116],[60.47025,76.1509],[60.28345,76.12334]]],[[[34.86293,45.96711],[34.92923,45.83431],[35.04454,45.66618],[35.16741,45.53546],[35.00607,45.67995],[34.91024,45.84808],[34.86506,45.86302],[34.83235,45.93745],[34.8353,45.95551],[34.85534,45.94828],[34.84062,45.97685],[34.82571,45.97361],[34.83521,46.01578],[34.82422,45.9852],[34.8066,46.04333],[34.7783,46.05235],[34.75911,46.00629],[34.70791,46.04906],[34.71406,46.08152],[34.67385,46.10086],[34.75978,46.10569],[34.7884,46.07181],[34.80751,46.0971],[34.79588,46.13462],[34.8179,46.14723],[34.86293,45.96711]]],[[[119.97935,73.07632],[120.04576,73.08265],[120.05873,73.08706],[120.0778,73.10202],[120.1966,73.10653],[120.30713,73.11609],[120.35444,73.09012],[120.33682,73.07819],[120.31933,73.04797],[120.23139,73.05843],[120.05158,73.02932],[119.92896,73.03446],[119.98487,73.05307],[119.97935,73.07632]]],[[[128.38275,72.25088],[128.25229,72.25083],[128.10256,72.28156],[128.00763,72.33013],[128.08844,72.34391],[128.26266,72.31975],[128.36889,72.29375],[128.3649,72.26013],[128.38275,72.25088]]],[[[129.24801,72.42597],[129.26102,72.42934],[129.24698,72.42706],[129.2575,72.40967],[129.2743,72.40565],[129.22941,72.39727],[129.08978,72.39664],[129.03566,72.38842],[128.9781,72.46059],[129.236,72.47049],[129.27114,72.46353],[129.17302,72.46315],[129.34178,72.44185],[129.26398,72.4127],[129.26065,72.4222],[129.24801,72.42597]]],[[[106.70213,77.42557],[106.75979,77.45846],[106.82793,77.46296],[106.8728,77.44135],[106.96196,77.45093],[106.89733,77.4105],[106.7746,77.4042],[106.78872,77.39073],[106.75264,77.37034],[106.52343,77.3663],[106.61322,77.40147],[106.60617,77.41675],[106.70213,77.42557]]],[[[82.43405,74.08486],[82.43723,74.10459],[82.63809,74.14447],[82.74,74.1014],[82.62766,74.05436],[82.48939,74.05826],[82.43405,74.08486]]],[[[56.56923,70.58803],[56.64943,70.56363],[56.55259,70.56468],[56.58294,70.57613],[56.40462,70.56937],[56.41071,70.56538],[56.35601,70.57239],[56.40806,70.57208],[56.29465,70.58589],[56.24931,70.60313],[56.26389,70.60569],[56.24953,70.61808],[56.16225,70.63067],[56.38204,70.62321],[56.44524,70.63317],[56.34834,70.64376],[56.33898,70.65945],[56.43204,70.66615],[56.46682,70.63421],[56.53331,70.62315],[56.44805,70.61943],[56.4632,70.60758],[56.44727,70.60379],[56.53657,70.60168],[56.5629,70.59201],[56.47505,70.59879],[56.56923,70.58803]]],[[[150.53184,59.0615],[150.6526,59.08778],[150.70611,59.14533],[150.78076,59.09177],[150.60495,59.00481],[150.46763,59.0023],[150.53184,59.0615]]],[[[70.98582,66.647],[71.03328,66.64634],[71.0453,66.63512],[71.09105,66.62072],[71.10168,66.59803],[70.98996,66.59283],[70.75519,66.66208],[70.6184,66.68675],[70.70904,66.71204],[70.78667,66.68046],[70.98582,66.647]]],[[[160.55868,70.87994],[160.50343,70.89188],[160.4744,70.87907],[160.47596,70.89435],[160.43065,70.90057],[160.5186,70.9111],[160.67654,70.87802],[160.6731,70.84845],[160.76197,70.80863],[160.59113,70.79506],[160.50882,70.80721],[160.50279,70.83352],[160.54758,70.84772],[160.55868,70.87994]]],[[[56.81392,70.56204],[56.83225,70.5701],[56.80996,70.58801],[57.05428,70.54631],[57.04549,70.53595],[57.12048,70.5166],[57.05713,70.53926],[57.14212,70.52972],[57.21967,70.50032],[57.1931,70.48833],[57.03265,70.51564],[57.1331,70.47721],[57.12044,70.47024],[56.96766,70.49519],[56.86373,70.53971],[56.91495,70.53136],[56.86783,70.54517],[56.94453,70.55344],[56.81392,70.56204]]],[[[128.14796,72.65805],[128.20989,72.65249],[128.12367,72.63837],[127.87409,72.66373],[127.98759,72.69458],[128.13397,72.6923],[128.28165,72.70893],[128.32005,72.69455],[128.2788,72.6815],[128.24118,72.66559],[128.24075,72.65592],[128.14796,72.65805]]],[[[69.62359,66.80532],[69.41541,66.81381],[69.37698,66.80815],[69.39772,66.79301],[69.36661,66.7927],[69.05525,66.82264],[69.11478,66.85674],[69.30219,66.82518],[69.39406,66.84799],[69.55413,66.83089],[69.62359,66.80532]]],[[[23.18777,59.82773],[23.08715,59.83545],[23.03988,59.81688],[22.89019,59.81162],[22.93151,59.84153],[23.15623,59.88669],[23.16675,59.90666],[23.20696,59.91088],[23.19353,59.91566],[23.2643,59.91116],[23.22233,59.88991],[23.24481,59.85644],[23.21394,59.8472],[23.18777,59.82773]]],[[[88.81944,77.0],[88.72271,77.04278],[88.70269,77.08457],[88.74451,77.10851],[88.77582,77.11741],[88.94034,77.13456],[88.89885,77.11363],[88.76852,77.11213],[88.72533,77.09439],[88.80297,77.10105],[88.93741,77.07626],[88.91446,77.05689],[88.85817,77.03853],[88.87399,77.04795],[88.73025,77.05186],[88.82344,77.019],[88.8634,77.01896],[88.89615,77.00439],[88.82142,77.00397],[88.94839,76.97959],[89.18491,76.99563],[89.03632,76.97353],[88.95125,76.97702],[88.81944,77.0]]],[[[86.62587,74.74024],[86.5366,74.74834],[86.55838,74.7578],[86.53924,74.78071],[86.45609,74.7883],[86.50799,74.8023],[86.45583,74.82037],[86.58038,74.8269],[86.8239,74.78504],[86.73642,74.76283],[86.63209,74.78268],[86.63057,74.76407],[86.68691,74.75039],[86.62587,74.74024]]],[[[70.15573,66.71666],[70.33843,66.72518],[70.42376,66.73633],[70.47939,66.72559],[70.52215,66.7271],[70.53556,66.72442],[70.54248,66.72128],[70.4441,66.70816],[70.5799,66.68997],[70.34265,66.67209],[70.19274,66.69337],[70.15573,66.71666]]],[[[128.34756,72.32252],[128.41327,72.34807],[128.50991,72.3376],[128.57931,72.3422],[128.60718,72.33364],[128.50064,72.31234],[128.35151,72.3115],[128.18878,72.33253],[128.06046,72.37473],[128.24015,72.37707],[128.27693,72.34754],[128.37803,72.33707],[128.35155,72.32676],[128.34756,72.32252]]],[[[42.60893,66.75685],[42.65145,66.73748],[42.67329,66.67368],[42.65938,66.66136],[42.52917,66.69489],[42.4313,66.74982],[42.48399,66.77495],[42.60893,66.75685]]],[[[57.89128,68.75791],[57.91312,68.74931],[57.55727,68.74579],[57.41198,68.71162],[57.22917,68.7084],[57.93971,68.80091],[57.96631,68.78616],[57.91336,68.76813],[57.93962,68.76025],[57.89128,68.75791]]],[[[23.18833,59.0547],[23.26847,59.01854],[23.30405,59.03583],[23.31314,59.02603],[23.32916,59.03607],[23.38805,58.99209],[23.37162,58.97332],[23.32943,58.98517],[23.32473,58.97071],[23.28471,58.97195],[23.30978,58.95438],[23.22042,58.98424],[23.22071,58.96251],[23.18785,58.97228],[23.16945,58.95827],[23.15106,58.97543],[23.16919,58.98308],[23.12745,59.00738],[23.1289,59.03972],[23.19353,59.04201],[23.18833,59.0547]]],[[[128.62647,72.85593],[129.07833,72.83644],[129.17805,72.83756],[128.97797,72.83012],[128.92794,72.81616],[128.92383,72.81157],[128.8522,72.82273],[128.62979,72.82073],[128.5506,72.80015],[128.33894,72.79152],[128.53716,72.81359],[128.62647,72.85593]]],[[[152.8019,76.15717],[152.78365,76.11945],[152.68864,76.1066],[152.54108,76.14428],[152.625,76.1801],[152.78344,76.18306],[152.8019,76.15717]]],[[[69.88013,66.50814],[69.77031,66.51444],[69.67005,66.5589],[69.72098,66.5661],[69.72282,66.58501],[69.74017,66.58493],[69.82777,66.55202],[69.94981,66.53726],[69.9782,66.52507],[70.00204,66.4881],[69.97912,66.49975],[69.9872,66.50967],[69.92596,66.51669],[69.90652,66.51118],[69.96611,66.49446],[69.90631,66.48792],[69.94623,66.47694],[69.88536,66.47499],[69.87481,66.48426],[69.88742,66.47883],[69.8964,66.47928],[69.84406,66.50258],[69.92973,66.49801],[69.88013,66.50814]]],[[[96.63433,76.1539],[96.551,76.13334],[96.53224,76.15012],[96.56894,76.17857],[96.53801,76.18813],[96.57691,76.19758],[96.55293,76.20355],[96.57044,76.21662],[96.51738,76.23698],[96.48525,76.27881],[96.70902,76.25705],[96.66235,76.2479],[96.70548,76.23856],[96.66105,76.21775],[96.58405,76.20882],[96.63433,76.1539]]],[[[33.27016,66.60115],[33.40879,66.58323],[33.39354,66.57187],[33.45461,66.55712],[33.41261,66.54736],[33.53372,66.51526],[33.23404,66.55949],[33.08973,66.55846],[33.07382,66.57287],[33.24249,66.57279],[33.20681,66.58829],[33.2447,66.59674],[33.24613,66.62378],[33.28782,66.60826],[33.25999,66.60921],[33.27016,66.60115]]],[[[66.94971,69.44962],[66.97845,69.46147],[67.01952,69.43842],[67.19052,69.41624],[67.16718,69.36179],[67.05303,69.38177],[67.08125,69.36636],[67.0,69.3938],[66.93068,69.4471],[66.92829,69.45679],[66.9567,69.43744],[66.94971,69.44962]]],[[[97.46248,76.64674],[97.30984,76.68087],[97.42131,76.68024],[97.39814,76.68934],[97.44969,76.70074],[97.38581,76.71132],[97.45219,76.71504],[97.47864,76.70075],[97.4491,76.68539],[97.4537,76.66559],[97.50491,76.64932],[97.46241,76.6347],[97.48255,76.61181],[97.63988,76.58958],[97.54716,76.57353],[97.4712,76.59409],[97.3273,76.5825],[97.33341,76.59827],[97.42532,76.60923],[97.41753,76.63293],[97.46248,76.64674]]],[[[-172.73407,64.62275],[-172.69034,64.65427],[-172.57426,64.63543],[-172.48383,64.64373],[-172.44593,64.6131],[-172.5018,64.59049],[-172.67369,64.59871],[-172.67973,64.61798],[-172.73407,64.62275]]],[[[127.7819,72.53534],[127.94686,72.57217],[128.03982,72.57794],[128.06201,72.59662],[128.09874,72.59056],[128.06746,72.59411],[128.09372,72.57854],[128.03201,72.56013],[127.9809,72.56277],[127.88936,72.54788],[127.85983,72.53263],[127.88858,72.54608],[128.03402,72.55899],[128.10295,72.57665],[128.16256,72.57124],[128.19886,72.58183],[128.21908,72.56386],[128.18805,72.56271],[128.22354,72.55828],[128.10217,72.55804],[128.1284,72.55714],[128.05737,72.53717],[127.86249,72.52986],[127.7819,72.53534]]],[[[128.7837,72.64354],[128.78633,72.63908],[128.79051,72.63491],[128.80034,72.62905],[128.81778,72.62257],[128.82622,72.62037],[128.87517,72.61218],[128.86967,72.59161],[128.8833,72.58105],[128.89561,72.5795],[128.82897,72.58457],[128.79719,72.60018],[128.71172,72.6186],[128.66615,72.62469],[128.62568,72.62419],[128.57313,72.63462],[128.54188,72.66124],[128.76475,72.65569],[128.76613,72.65399],[128.7837,72.64354]]],[[[66.80488,70.99154],[66.68721,71.00495],[66.65529,71.02466],[66.66176,71.0077],[66.62397,71.00281],[66.73089,71.09478],[66.79567,71.08808],[66.80998,71.06575],[66.75514,71.0426],[66.8149,71.01442],[66.80488,70.99154]]],[[[137.55382,54.50883],[137.62355,54.55871],[137.66237,54.49027],[137.60514,54.43232],[137.65716,54.3793],[137.61625,54.40148],[137.57352,54.38312],[137.53914,54.40421],[137.59142,54.45219],[137.5658,54.46798],[137.56859,54.50151],[137.55382,54.50883]]],[[[68.80651,66.8032],[68.85228,66.80389],[68.92929,66.83921],[68.92293,66.85099],[68.92946,66.85845],[69.092,66.85537],[69.04992,66.82327],[69.06361,66.81569],[68.95376,66.78658],[68.80651,66.8032]]],[[[128.39301,72.84945],[128.53798,72.85096],[128.5733,72.87846],[128.76976,72.87779],[128.59137,72.85418],[128.52247,72.81897],[128.55099,72.82315],[128.53858,72.81815],[128.36655,72.81094],[128.32686,72.8293],[128.39301,72.84945]]],[[[127.24773,72.50052],[127.46364,72.46332],[127.37901,72.4461],[127.17632,72.4537],[127.14546,72.474],[127.24773,72.50052]]],[[[137.85505,54.44027],[137.82985,54.38259],[137.71245,54.35546],[137.70294,54.37306],[137.82482,54.4328],[137.84228,54.48584],[137.91566,54.49588],[137.95499,54.46133],[137.85505,54.44027]]],[[[128.90293,72.239],[128.85476,72.24707],[128.78594,72.25349],[128.65662,72.25081],[128.72713,72.29576],[128.79511,72.30622],[128.81011,72.29555],[128.77672,72.29056],[128.87969,72.29381],[128.87716,72.2892],[128.90139,72.27794],[128.89128,72.25567],[128.90293,72.239]]],[[[71.54332,66.72356],[71.49629,66.71033],[71.47355,66.71568],[71.39976,66.71478],[71.33107,66.72991],[71.52266,66.75967],[71.54248,66.74243],[71.58678,66.72884],[71.53349,66.71801],[71.58898,66.71894],[71.62699,66.69337],[71.60265,66.70145],[71.59967,66.67924],[71.5188,66.69028],[71.50861,66.70118],[71.53081,66.71925],[71.54332,66.72356]]],[[[128.65295,71.93669],[128.57579,71.98275],[128.58359,72.01141],[128.76108,71.95265],[128.85496,71.93159],[128.73162,71.92041],[128.65295,71.93669]]],[[[123.97226,73.75334],[123.88862,73.74363],[123.90707,73.77309],[123.94175,73.77843],[123.98522,73.77079],[123.99073,73.74548],[124.03119,73.7427],[124.00914,73.73473],[124.02067,73.71045],[124.12358,73.72804],[124.08249,73.69117],[124.09294,73.68215],[124.04174,73.68633],[124.05619,73.70935],[124.01556,73.69757],[124.03809,73.67488],[123.97638,73.66126],[124.01876,73.6439],[123.95041,73.64601],[123.93634,73.65932],[123.98638,73.68391],[123.95835,73.70591],[123.99646,73.72066],[123.97226,73.75334]]],[[[86.48283,73.91389],[86.5786,73.89411],[86.28791,73.90858],[86.33675,73.91902],[86.2796,73.92779],[86.27272,73.94446],[86.32499,73.97155],[86.48283,73.91389]]],[[[140.79872,75.66034],[140.78979,75.64239],[140.69283,75.6265],[140.61867,75.63681],[140.63616,75.67305],[140.57056,75.69328],[140.61243,75.70443],[140.79872,75.66034]]],[[[125.80028,73.51111],[125.74481,73.51568],[125.72198,73.55723],[125.68999,73.5402],[125.66402,73.55195],[125.77724,73.58481],[125.8262,73.64961],[125.88255,73.65136],[125.91395,73.63806],[125.88285,73.64702],[125.89813,73.63452],[125.80637,73.60577],[125.78303,73.58303],[125.79315,73.5439],[125.78674,73.54878],[125.77327,73.55058],[125.78581,73.54789],[125.75367,73.52992],[125.83478,73.51799],[125.82107,73.51541],[125.83493,73.50255],[125.86668,73.51653],[125.8895,73.51049],[125.85703,73.48975],[125.79798,73.48706],[125.80028,73.51111]]],[[[35.93318,65.14357],[35.93437,65.17989],[35.98977,65.19346],[35.95708,65.18066],[35.95681,65.17027],[35.97594,65.15983],[35.96907,65.18023],[36.00497,65.18625],[36.0625,65.15591],[36.274,65.15661],[36.07328,65.12466],[35.93318,65.14357]]],[[[127.86331,73.50232],[127.84442,73.4847],[127.68426,73.4721],[127.60895,73.49948],[127.65315,73.52508],[127.69594,73.52481],[127.86331,73.50232]]],[[[137.04388,71.53123],[137.18671,71.54592],[137.22797,71.51295],[137.24142,71.51015],[137.27717,71.5088],[137.34532,71.494],[137.30437,71.47235],[137.27684,71.48563],[137.17637,71.48926],[137.12375,71.51367],[137.05197,71.51552],[137.04388,71.53123]]],[[[85.41874,74.39871],[85.19522,74.41994],[85.54663,74.43771],[85.61695,74.41719],[85.41874,74.39871]]],[[[161.49546,70.77732],[161.52975,70.80423],[161.51779,70.81288],[161.54447,70.81716],[161.69444,70.79084],[161.65442,70.77192],[161.70985,70.71466],[161.69774,70.71413],[161.58836,70.76626],[161.49546,70.77732]]],[[[28.6191,60.33481],[28.72033,60.28485],[28.69381,60.27856],[28.69986,60.26224],[28.66473,60.26157],[28.55077,60.29539],[28.53642,60.35275],[28.6191,60.33481]]],[[[92.09313,77.6225],[91.94385,77.59814],[91.86677,77.61636],[91.85008,77.64856],[91.95717,77.65461],[92.09313,77.6225]]],[[[128.95138,72.12409],[128.9761,72.11579],[129.00848,72.11137],[128.90594,72.11075],[128.84255,72.14544],[128.77522,72.15847],[128.9807,72.15648],[129.00709,72.15026],[129.02915,72.14729],[129.03151,72.13216],[129.04133,72.12696],[129.07309,72.11666],[129.07891,72.11281],[128.97812,72.11588],[128.95107,72.12429],[128.91216,72.12863],[128.92284,72.13765],[128.92173,72.14023],[128.91523,72.14154],[128.92199,72.13796],[128.90975,72.13083],[128.9128,72.12798],[128.95138,72.12409]]],[[[128.3086,72.63005],[128.39326,72.60541],[128.33197,72.57673],[128.08973,72.62032],[128.3086,72.63005]]],[[[70.17427,73.3997],[70.13062,73.39899],[70.33028,73.44051],[70.53771,73.45387],[70.39159,73.41567],[70.19974,73.40058],[70.16578,73.38126],[70.12995,73.38769],[70.17427,73.3997]]],[[[128.58143,72.59754],[128.67605,72.59387],[128.6583,72.58183],[128.66571,72.57346],[128.68392,72.56885],[128.4977,72.56834],[128.41177,72.59611],[128.51759,72.59175],[128.49695,72.60072],[128.55871,72.62681],[128.62445,72.60597],[128.5869,72.61537],[128.60692,72.60704],[128.59656,72.60441],[128.58143,72.59754]]],[[[59.29284,75.94349],[59.00742,75.8958],[58.80305,75.88782],[59.273,75.95774],[59.26371,75.94555],[59.29284,75.94349]]],[[[107.0552,73.59918],[107.15928,73.59909],[107.15056,73.57956],[107.16714,73.57276],[107.04025,73.58948],[107.01887,73.57484],[106.92716,73.57848],[106.87225,73.59877],[106.96024,73.62686],[107.02527,73.60813],[107.0552,73.59918]]],[[[53.85936,68.31058],[53.85743,68.34812],[53.98566,68.36667],[53.99466,68.33834],[53.99642,68.31771],[53.96543,68.29327],[53.85936,68.31058]]],[[[127.88095,72.69983],[127.94253,72.73249],[128.02913,72.71383],[128.12196,72.71878],[127.83069,72.66799],[127.81151,72.66865],[127.837,72.68985],[127.8161,72.70191],[127.90691,72.72603],[127.87052,72.70102],[127.88095,72.69983]]],[[[129.01546,72.33562],[129.01329,72.33613],[129.01306,72.33686],[129.01104,72.33716],[129.08591,72.34011],[129.08747,72.33086],[129.25901,72.27392],[129.15477,72.27574],[129.19579,72.26385],[129.12001,72.26668],[129.07785,72.29507],[129.04999,72.30609],[129.04564,72.32813],[129.0409,72.32986],[129.01629,72.33458],[129.01546,72.33562]]],[[[66.0798,69.09028],[66.241,69.06024],[66.41684,68.9963],[66.55923,68.90948],[66.40416,68.98805],[66.1415,69.07243],[66.02721,69.08319],[65.99869,69.07204],[65.94985,69.08396],[66.0798,69.09028]]],[[[128.76492,72.65608],[128.91512,72.63385],[128.91113,72.61474],[128.91469,72.61199],[129.09283,72.5803],[128.88624,72.58157],[128.88246,72.60921],[128.87499,72.61276],[128.8586,72.61757],[128.79972,72.62959],[128.78311,72.64436],[128.76492,72.65608]]],[[[112.64212,76.44974],[112.73057,76.42539],[112.71515,76.38029],[112.64922,76.36585],[112.62477,76.39672],[112.51643,76.39667],[112.65995,76.42165],[112.64212,76.44974]]],[[[128.31199,72.63095],[128.49354,72.65372],[128.54426,72.62932],[128.49231,72.60658],[128.40344,72.60748],[128.31199,72.63095]]],[[[128.66891,72.76228],[128.58716,72.76789],[128.53403,72.76272],[128.50734,72.75675],[128.4709,72.75416],[128.46524,72.75171],[128.47017,72.74055],[128.48009,72.73742],[128.46288,72.72858],[128.22916,72.71774],[128.30834,72.7259],[128.45455,72.77815],[128.66891,72.76228]]],[[[71.17563,73.31802],[71.15559,73.32343],[71.15571,73.35142],[71.18387,73.35767],[71.21811,73.32219],[71.24533,73.31475],[71.21924,73.31018],[71.29371,73.30401],[71.21242,73.29897],[71.25914,73.26934],[71.13267,73.26596],[71.16017,73.29574],[71.15323,73.31521],[71.17563,73.31802]]],[[[86.78053,73.95645],[86.91312,73.93526],[86.68451,73.91812],[86.60834,73.93879],[86.59512,73.94045],[86.57415,73.9408],[86.57031,73.94506],[86.63775,73.94902],[86.67867,73.94395],[86.72728,73.94465],[86.74324,73.9467],[86.78053,73.95645]]],[[[126.63865,73.43733],[126.67709,73.42899],[126.66476,73.39334],[126.69851,73.38048],[126.53956,73.38799],[126.54353,73.41285],[126.62722,73.44566],[126.63865,73.43733]]],[[[53.54395,71.11048],[53.51711,71.09715],[53.46124,71.11958],[53.47303,71.13369],[53.61305,71.10633],[53.54684,71.14438],[53.56797,71.16683],[53.65612,71.11613],[53.6161,71.11903],[53.64435,71.10011],[53.58556,71.08138],[53.54395,71.11048]]],[[[69.86904,66.7594],[70.02794,66.73597],[70.08064,66.71362],[69.97724,66.71314],[69.94759,66.73159],[69.93819,66.7222],[69.89467,66.73447],[69.87321,66.73102],[69.91074,66.71418],[69.78599,66.76343],[69.89233,66.75903],[69.86904,66.7594]]],[[[129.26494,72.17324],[129.03099,72.19891],[129.09966,72.19615],[129.20377,72.20178],[129.27913,72.21118],[129.31848,72.206],[129.39515,72.19733],[129.41489,72.19726],[129.32391,72.18931],[129.26494,72.17324]]],[[[127.1622,72.55599],[127.22048,72.54822],[127.30519,72.54283],[127.15237,72.51118],[127.04595,72.52594],[127.1622,72.55599]]],[[[128.74959,71.98284],[128.69393,71.99078],[128.6881,72.00187],[128.65383,72.0144],[128.75298,72.01049],[128.92087,71.96318],[128.82116,71.9585],[128.74959,71.98284]]],[[[71.32801,73.32937],[71.2995,73.31518],[71.22286,73.32196],[71.20176,73.35989],[71.25781,73.37308],[71.26219,73.36685],[71.27099,73.36378],[71.33613,73.35339],[71.33186,73.33841],[71.37835,73.31355],[71.32801,73.32937]]],[[[151.34824,71.35178],[151.32555,71.35749],[151.28227,71.3663],[151.30202,71.35983],[151.18531,71.36946],[151.1422,71.38607],[151.33392,71.38147],[151.46276,71.34787],[151.37959,71.34576],[151.34824,71.35178]]],[[[69.45873,66.79732],[69.51793,66.77681],[69.38869,66.75481],[69.34836,66.7402],[69.35149,66.75579],[69.28503,66.77229],[69.45873,66.79732]]],[[[128.26602,72.76525],[128.28255,72.76345],[128.26409,72.76052],[128.26139,72.75417],[128.29074,72.74656],[128.1986,72.72184],[128.03647,72.74105],[128.26602,72.76525]]],[[[53.23166,71.35562],[53.40654,71.27772],[53.28847,71.29155],[53.22404,71.33178],[53.15701,71.35262],[53.23166,71.35562]]],[[[136.28792,54.64971],[136.25658,54.68163],[136.27648,54.70205],[136.3302,54.69748],[136.34898,54.67799],[136.32934,54.67231],[136.38646,54.63953],[136.4661,54.64153],[136.45503,54.6243],[136.28792,54.64971]]],[[[78.36398,72.3246],[78.29844,72.35345],[78.44736,72.37632],[78.48734,72.36573],[78.41655,72.33791],[78.42633,72.3219],[78.36398,72.3246]]],[[[128.3125,72.34394],[128.2701,72.3533],[128.25547,72.37595],[128.38014,72.37177],[128.58192,72.34466],[128.41601,72.35091],[128.3125,72.34394]]],[[[128.77032,72.3297],[128.63915,72.34927],[128.79242,72.37061],[128.87793,72.33942],[128.85951,72.33125],[128.81545,72.3376],[128.77032,72.3297]]],[[[70.98795,66.53751],[70.91841,66.52622],[70.68388,66.51038],[70.77748,66.51062],[70.70665,66.49659],[70.73974,66.4934],[70.71968,66.49042],[70.62051,66.51642],[70.64612,66.53073],[70.82056,66.52138],[70.93711,66.54389],[70.97874,66.54275],[70.98795,66.53751]]],[[[106.02095,77.27469],[105.90395,77.23684],[105.83548,77.24121],[105.81924,77.25787],[105.87664,77.27871],[106.02095,77.27469]]],[[[128.96524,72.71575],[128.99757,72.72254],[129.10245,72.70383],[128.72249,72.69777],[128.63698,72.71195],[129.0,72.71079],[128.96524,72.71575]]],[[[122.82549,72.93419],[122.87033,72.90182],[122.68546,72.92721],[122.64639,72.96071],[122.82549,72.93419]]],[[[129.52382,72.21651],[129.39925,72.19766],[129.3494,72.20917],[129.27926,72.21174],[129.39311,72.24621],[129.42194,72.2261],[129.52609,72.22393],[129.57016,72.21237],[129.49596,72.2218],[129.39537,72.216],[129.52382,72.21651]]],[[[123.78819,73.64916],[123.85462,73.64315],[123.85236,73.71673],[123.9108,73.68091],[123.87441,73.6569],[123.87578,73.6336],[123.74123,73.60615],[123.78819,73.64916]]],[[[156.49392,77.10013],[156.57675,77.11136],[156.61173,77.10987],[156.63105,77.10313],[156.62232,77.09678],[156.64184,77.07843],[156.61932,77.07507],[156.48348,77.07194],[156.4717,77.07342],[156.46933,77.07635],[156.49273,77.08426],[156.48802,77.08927],[156.49254,77.09113],[156.4904,77.09336],[156.49392,77.10013]]],[[[127.63135,72.66974],[127.5123,72.64096],[127.50106,72.6461],[127.41978,72.65882],[127.50114,72.68635],[127.63135,72.66974]]],[[[34.82522,64.70873],[34.84625,64.74655],[34.92639,64.76069],[35.02167,64.7437],[34.82522,64.70873]]],[[[120.0595,73.02867],[120.20028,73.05333],[120.2901,73.04513],[120.19582,73.01665],[120.01385,73.02559],[120.0595,73.02867]]],[[[59.04094,75.88082],[59.1265,75.90002],[59.21558,75.91328],[59.30846,75.88046],[59.04094,75.88082]]],[[[86.88752,74.03673],[86.88055,74.04004],[86.90366,74.03682],[86.96666,73.99639],[86.89257,73.99517],[86.80143,74.02869],[86.82323,74.0528],[86.88752,74.03673]]],[[[92.90503,75.84412],[92.99206,75.84103],[92.64945,75.82437],[92.85349,75.86653],[92.90503,75.84412]]],[[[123.83712,73.73906],[123.80279,73.74917],[123.84339,73.73076],[123.77487,73.72655],[123.79798,73.69779],[123.77043,73.69997],[123.74401,73.73344],[123.7173,73.7172],[123.71047,73.74449],[123.84317,73.76877],[123.8815,73.75903],[123.84849,73.7574],[123.83712,73.73906]]],[[[69.19248,66.77933],[69.25756,66.77706],[69.30458,66.7564],[69.32008,66.75343],[69.34985,66.754],[69.2791,66.73523],[69.3327,66.73001],[69.28612,66.72703],[69.16037,66.78802],[69.22342,66.79834],[69.2865,66.78788],[69.19248,66.77933]]],[[[118.82417,73.35893],[118.77642,73.31998],[118.6946,73.31147],[118.65721,73.32966],[118.77647,73.36344],[118.82417,73.35893]]],[[[128.55236,72.69609],[128.44869,72.72129],[128.50989,72.74279],[128.53951,72.72692],[128.62173,72.72135],[128.71119,72.72391],[128.73157,72.72193],[128.71771,72.72242],[128.70398,72.71867],[128.66235,72.71744],[128.64355,72.71561],[128.55236,72.69609]]],[[[128.33132,72.70895],[128.33981,72.71166],[128.49552,72.67468],[128.46034,72.67535],[128.40289,72.65613],[128.31043,72.66033],[128.35665,72.68552],[128.35593,72.69771],[128.34959,72.70262],[128.33132,72.70895]]],[[[123.9778,73.80621],[123.9878,73.80589],[123.99955,73.77628],[124.04964,73.77858],[124.05095,73.805],[124.11972,73.79915],[124.08131,73.78776],[124.10657,73.78143],[124.09914,73.76152],[124.04642,73.76478],[124.05462,73.7464],[124.00721,73.74888],[123.99824,73.76443],[124.02711,73.76959],[124.00558,73.76652],[123.97022,73.78384],[123.98071,73.79455],[123.92702,73.78833],[123.96166,73.80289],[123.9778,73.80621]]],[[[59.07304,74.37907],[59.09972,74.36508],[59.057,74.3497],[59.11176,74.34234],[59.081,74.32914],[58.96178,74.33695],[58.98716,74.36145],[59.05229,74.36832],[59.07682,74.3877],[59.05818,74.38826],[59.13329,74.39652],[59.07304,74.37907]]],[[[128.31377,73.25564],[128.33832,73.26792],[128.43515,73.24822],[128.37518,73.22267],[128.17957,73.21964],[128.25364,73.22628],[128.36389,73.25714],[128.31377,73.25564]]],[[[128.69153,72.30303],[128.70462,72.2987],[128.71715,72.29833],[128.75247,72.30646],[128.76955,72.30535],[128.68557,72.28707],[128.65746,72.3105],[128.4449,72.29031],[128.3549,72.30934],[128.57574,72.3094],[128.60956,72.31107],[128.66741,72.32181],[128.67827,72.31603],[128.69981,72.31213],[128.69153,72.30303]]],[[[83.09799,70.16779],[83.06663,70.17436],[83.03087,70.19692],[82.9953,70.2375],[83.08249,70.21862],[83.10668,70.20621],[83.11353,70.19271],[83.113,70.1481],[83.09799,70.16779]]],[[[128.55828,72.80019],[128.62829,72.81722],[128.72927,72.81242],[128.84583,72.81737],[128.89104,72.81095],[128.7941,72.81137],[128.75159,72.80296],[128.74191,72.79563],[128.71722,72.79281],[128.75464,72.79637],[128.71382,72.78891],[128.55828,72.80019]]],[[[127.43617,72.54833],[127.44827,72.54962],[127.33712,72.52455],[127.29906,72.53466],[127.33644,72.55949],[127.49848,72.57519],[127.43617,72.54833]]],[[[56.54825,70.54784],[56.58414,70.536],[56.51562,70.52136],[56.35432,70.5622],[56.55238,70.54045],[56.44598,70.56053],[56.63605,70.55645],[56.54825,70.54784]]],[[[66.62212,71.00165],[66.64191,70.98715],[66.70527,70.96859],[66.61245,70.95889],[66.6094,70.92198],[66.54664,70.93501],[66.62212,71.00165]]],[[[137.74645,71.22014],[137.66395,71.2486],[137.72605,71.28372],[137.79536,71.28619],[137.7351,71.24882],[137.77427,71.2558],[137.74645,71.22014]]],[[[129.11648,72.14792],[129.23713,72.11778],[129.08163,72.11359],[129.03035,72.14741],[129.11648,72.14792]]],[[[68.83851,66.82232],[68.8292,66.85529],[68.85673,66.87001],[68.92567,66.86201],[68.90555,66.85535],[68.91862,66.83439],[68.85064,66.80481],[68.81193,66.81999],[68.83107,66.82039],[68.83851,66.82232]]],[[[128.99812,72.0972],[128.9855,72.0868],[129.0,72.08254],[129.14015,72.07256],[128.93701,72.07007],[128.87036,72.09404],[128.85143,72.11897],[128.94456,72.09431],[128.99812,72.0972]]],[[[56.18288,70.59048],[56.15256,70.58038],[56.00365,70.6294],[56.09618,70.6323],[56.18624,70.60225],[56.16391,70.60318],[56.18288,70.59048]]],[[[128.79511,72.57435],[128.85315,72.57267],[128.95063,72.55537],[129.04498,72.55017],[128.95722,72.55224],[128.87396,72.56029],[128.85935,72.56859],[128.85409,72.5655],[128.88156,72.55649],[128.84199,72.55377],[128.66383,72.58112],[128.74309,72.59633],[128.79511,72.57435]]],[[[119.67081,73.07833],[119.73055,73.01495],[119.64115,73.03399],[119.61056,73.09945],[119.67081,73.07833]]],[[[127.32807,72.56033],[127.29421,72.54557],[127.21696,72.5509],[127.18932,72.57113],[127.2146,72.58363],[127.34867,72.56922],[127.41819,72.57854],[127.32807,72.56033]]],[[[127.70911,72.50314],[127.63053,72.50389],[127.65418,72.54593],[127.79499,72.54818],[127.71014,72.52446],[127.70911,72.50314]]],[[[69.97276,66.63898],[69.98034,66.64577],[69.97043,66.67902],[69.97663,66.67815],[69.97805,66.67102],[69.98258,66.66825],[70.07396,66.64954],[70.08229,66.61861],[70.03985,66.63488],[70.06378,66.62219],[70.01325,66.61434],[69.97276,66.63898]]],[[[128.62319,72.26555],[128.67385,72.26724],[128.62711,72.25074],[128.52004,72.2533],[128.45178,72.27906],[128.50307,72.28537],[128.62319,72.26555]]],[[[128.65209,72.30679],[128.66548,72.30161],[128.65076,72.29268],[128.69453,72.28484],[128.63574,72.26906],[128.50227,72.28935],[128.43511,72.28541],[128.65209,72.30679]]],[[[129.06916,72.91155],[129.28156,72.90162],[129.25684,72.89447],[129.18219,72.89799],[129.13853,72.89092],[128.9524,72.89665],[129.00634,72.90642],[129.02984,72.90592],[129.06916,72.91155]]],[[[128.89057,72.34408],[128.86495,72.35823],[128.94838,72.35009],[129.01237,72.36227],[128.97675,72.35822],[129.07339,72.39081],[129.13948,72.37176],[128.99846,72.3496],[128.89057,72.34408]]],[[[119.95191,73.04787],[119.83181,73.04076],[119.92959,73.08973],[119.97113,73.08778],[119.95985,73.07471],[119.97381,73.05933],[119.95191,73.04787]]],[[[33.6662,66.3106],[33.65431,66.32132],[33.78807,66.33912],[33.78859,66.32911],[33.80787,66.31587],[33.76375,66.31364],[33.77959,66.30102],[33.64478,66.30445],[33.6662,66.3106]]],[[[128.59531,72.76677],[128.78212,72.74349],[128.76337,72.73915],[128.71737,72.7455],[128.66467,72.74772],[128.6608,72.74634],[128.53862,72.74829],[128.47507,72.74026],[128.46871,72.7509],[128.59531,72.76677]]],[[[-179.16418,71.60488],[-179.10796,71.60143],[-179.0744,71.59747],[-179.07082,71.59308],[-179.12848,71.60239],[-179.33512,71.59824],[-179.126,71.59616],[-179.12282,71.58937],[-179.26136,71.57947],[-179.24616,71.58411],[-179.3849,71.59424],[-179.36895,71.59899],[-179.19907,71.60558],[-179.16418,71.60488]]],[[[127.61041,72.59878],[127.71606,72.58626],[127.66469,72.56691],[127.56329,72.57196],[127.47385,72.549],[127.61041,72.59878]]],[[[88.24568,75.19893],[88.2611,75.18872],[88.24025,75.17964],[88.29029,75.17485],[88.12658,75.16367],[88.16902,75.18297],[88.156,75.18598],[88.17983,75.2016],[88.16586,75.20635],[88.28268,75.20141],[88.24568,75.19893]]],[[[53.19812,71.37655],[53.16224,71.39813],[53.22623,71.39511],[53.31575,71.34691],[53.18121,71.36563],[53.15244,71.39296],[53.19812,71.37655]]],[[[127.35922,72.40212],[127.44235,72.41656],[127.56728,72.36809],[127.36725,72.39616],[127.35922,72.40212]]],[[[136.62302,71.59654],[136.73167,71.5675],[136.63409,71.54795],[136.58893,71.58269],[136.62302,71.59654]]],[[[129.37354,72.18116],[129.35902,72.17667],[129.35066,72.1769],[129.33896,72.17442],[129.3253,72.17394],[129.31786,72.17204],[129.31427,72.17254],[129.30917,72.17137],[129.41553,72.17079],[129.29247,72.15187],[129.16682,72.18167],[129.25896,72.17111],[129.2817,72.17273],[129.3717,72.19084],[129.41661,72.18874],[129.4273,72.18441],[129.39221,72.17966],[129.38771,72.18296],[129.38078,72.17848],[129.37354,72.18116]]],[[[150.11634,71.5958],[150.13871,71.60922],[150.14491,71.60121],[150.16671,71.58427],[150.07379,71.55706],[150.05586,71.56678],[150.05406,71.57017],[150.06771,71.57705],[150.06897,71.58238],[150.05492,71.59166],[150.12294,71.61408],[150.11634,71.5958]]],[[[129.38775,72.3108],[129.41264,72.31137],[129.42212,72.30537],[129.37406,72.29011],[129.22215,72.32589],[129.31962,72.329],[129.31878,72.32857],[129.32071,72.32701],[129.33063,72.324],[129.37968,72.31734],[129.38556,72.31572],[129.38478,72.3117],[129.38775,72.3108]]],[[[115.95038,74.29991],[115.96986,74.32712],[116.06227,74.36869],[116.14263,74.35797],[116.17944,74.33826],[116.19132,74.3147],[116.18229,74.30447],[116.16635,74.299],[116.18587,74.32017],[116.14755,74.35165],[116.07319,74.36331],[115.97513,74.32228],[115.96364,74.2992],[116.09082,74.27898],[115.98333,74.27856],[115.95038,74.29991]]],[[[118.71708,73.3762],[118.67418,73.40313],[118.72449,73.42316],[118.78884,73.40499],[118.77279,73.38391],[118.71708,73.3762]]],[[[128.46158,72.89049],[128.44333,72.89108],[128.4272,72.8892],[128.54742,72.87664],[128.48079,72.85694],[128.37466,72.87187],[128.41386,72.8901],[128.43548,72.89233],[128.49282,72.89057],[128.50206,72.88599],[128.46158,72.89049]]],[[[49.17922,39.00043],[49.16023,38.97114],[49.14861,38.96031],[49.12918,38.94572],[49.11911,38.94006],[49.09544,38.94285],[49.13067,38.94765],[49.17767,38.9985],[49.10457,38.95548],[49.08691,38.95899],[49.09226,38.97523],[49.16961,39.03314],[49.14885,39.03454],[49.17409,39.0343],[49.17922,39.00043]]],[[[128.32757,73.27274],[128.43817,73.3188],[128.49968,73.31103],[128.47171,73.28941],[128.32757,73.27274]]],[[[34.98572,65.77086],[34.95665,65.76792],[35.02056,65.75268],[34.9926,65.74401],[34.99906,65.73176],[34.9406,65.72994],[34.90068,65.74103],[34.94691,65.74291],[34.91535,65.76694],[34.99004,65.78789],[34.98572,65.77086]]],[[[132.45904,42.79468],[132.42403,42.83716],[132.395,42.82873],[132.41843,42.90461],[132.45788,42.8611],[132.43995,42.83001],[132.47398,42.80842],[132.45904,42.79468]]],[[[28.47768,60.36827],[28.52671,60.32792],[28.51129,60.30147],[28.41537,60.36337],[28.47768,60.36827]]],[[[128.1491,72.39705],[128.24332,72.41413],[128.29881,72.39355],[128.42245,72.38828],[128.27418,72.38242],[128.1491,72.39705]]],[[[70.08656,73.39336],[70.11307,73.384],[70.09378,73.37916],[70.162,73.37494],[70.06557,73.35676],[70.05179,73.3362],[70.0157,73.37842],[70.08656,73.39336]]],[[[129.19728,72.81464],[129.24266,72.81918],[129.28355,72.81209],[129.25285,72.81456],[129.26247,72.81291],[129.2952,72.81138],[129.21751,72.81067],[129.08416,72.79211],[128.90857,72.80817],[128.97405,72.80573],[129.0952,72.80827],[129.18006,72.81591],[129.19728,72.81464]]],[[[122.44821,72.98592],[122.43893,72.98989],[122.42585,73.00844],[122.46756,73.03939],[122.53007,73.02873],[122.50687,73.00807],[122.44821,72.98592]]],[[[83.17833,70.90513],[83.1863,70.8805],[83.08036,70.93122],[83.0698,70.9516],[83.11293,70.94581],[83.12933,70.94071],[83.16925,70.91765],[83.17833,70.90513]]],[[[129.203,72.83142],[129.26829,72.82221],[129.23771,72.82475],[128.93104,72.81398],[128.98709,72.82973],[129.203,72.83142]]],[[[119.97223,73.14274],[120.0032,73.14794],[120.04565,73.15405],[120.03572,73.15089],[120.02551,73.13633],[120.05244,73.11893],[119.94149,73.09688],[119.96796,73.12343],[119.97223,73.14274]]],[[[29.63413,60.03166],[29.7263,60.01865],[29.74425,60.02138],[29.7473,60.02708],[29.75279,60.02959],[29.75938,60.03036],[29.74527,60.02147],[29.77804,60.02083],[29.74934,60.01032],[29.80437,59.98464],[29.79138,59.9843],[29.79245,59.97304],[29.78442,59.97023],[29.78532,59.98346],[29.75254,59.98418],[29.75282,59.99089],[29.73843,59.99418],[29.6943,59.99223],[29.68258,60.0188],[29.63413,60.03166]]],[[[69.97876,66.6455],[69.92979,66.65411],[69.91877,66.67833],[69.86695,66.70931],[69.85267,66.71668],[69.83982,66.71866],[69.85336,66.71782],[69.94192,66.70172],[69.97876,66.6455]]],[[[80.72985,72.43508],[80.80392,72.43293],[80.80936,72.41084],[80.78704,72.40583],[80.86535,72.40302],[80.85746,72.38036],[80.75104,72.41036],[80.72985,72.43508]]],[[[119.93846,73.1526],[119.95717,73.12266],[119.93083,73.10744],[119.88509,73.11806],[119.87564,73.15936],[119.93846,73.1526]]],[[[28.61134,60.60513],[28.60713,60.60196],[28.61009,60.59919],[28.59995,60.59443],[28.61477,60.57975],[28.62253,60.57729],[28.64296,60.55997],[28.60927,60.57604],[28.60207,60.56885],[28.61007,60.55705],[28.57649,60.56768],[28.54569,60.59796],[28.56147,60.59963],[28.57293,60.63738],[28.59883,60.61106],[28.62705,60.61339],[28.62758,60.607],[28.61134,60.60513]]],[[[127.89476,72.58892],[127.85365,72.56641],[127.72456,72.56965],[127.74593,72.58776],[127.89476,72.58892]]],[[[99.67804,76.09463],[99.62686,76.10741],[99.74719,76.1062],[99.79354,76.06901],[99.70616,76.0787],[99.67804,76.09463]]],[[[119.83193,73.0835],[119.80945,73.07205],[119.76501,73.08518],[119.76401,73.08724],[119.78319,73.0957],[119.78278,73.09747],[119.77909,73.10187],[119.77168,73.10504],[119.7395,73.11289],[119.7337,73.12076],[119.76177,73.13789],[119.76319,73.1371],[119.77469,73.13492],[119.77642,73.12646],[119.78286,73.11998],[119.83223,73.09884],[119.83193,73.0835]]],[[[129.32301,72.67665],[129.44602,72.67076],[129.20348,72.68004],[129.12558,72.67916],[129.10839,72.67426],[128.98604,72.69064],[129.08852,72.68715],[129.22857,72.69235],[129.32301,72.67665]]],[[[112.39949,76.62998],[112.36589,76.62188],[112.41026,76.61832],[112.36224,76.59908],[112.38155,76.59696],[112.32435,76.60126],[112.34061,76.60537],[112.28388,76.61302],[112.32396,76.62095],[112.3025,76.63627],[112.26079,76.63593],[112.29242,76.6383],[112.354,76.6363],[112.47442,76.62063],[112.39949,76.62998]]],[[[128.36299,72.54868],[128.29516,72.5688],[128.39717,72.58414],[128.44116,72.56546],[128.36299,72.54868]]],[[[28.53447,60.37709],[28.50068,60.38283],[28.53024,60.34885],[28.50239,60.36044],[28.49567,60.39404],[28.43309,60.44922],[28.43748,60.4643],[28.49769,60.43241],[28.50246,60.40114],[28.53447,60.37709]]],[[[49.05344,45.91694],[49.02709,45.96613],[49.03765,46.01252],[49.02546,46.04053],[49.05061,46.03767],[49.05284,45.99828],[49.08554,46.00913],[49.05576,45.97484],[49.05344,45.91694]]],[[[53.92404,71.10735],[53.93816,71.08086],[53.88376,71.08178],[53.89671,71.07435],[53.85181,71.09143],[53.89702,71.11065],[54.02626,71.11469],[54.12397,71.08244],[54.03148,71.1081],[53.92404,71.10735]]],[[[128.74028,72.52542],[128.80908,72.51612],[128.64621,72.52803],[128.62154,72.541],[128.50923,72.54429],[128.59634,72.55694],[128.74028,72.52542]]],[[[123.31599,73.24451],[123.27827,73.3102],[123.28786,73.32987],[123.32892,73.27535],[123.35725,73.21048],[123.31599,73.24451]]],[[[128.7753,72.11939],[128.7202,72.14206],[128.67591,72.15581],[128.82465,72.14156],[128.83654,72.13927],[128.84285,72.13093],[128.80843,72.13939],[128.83697,72.11951],[128.7753,72.11939]]],[[[33.91181,66.28228],[33.97134,66.26618],[33.90232,66.26716],[33.91375,66.25387],[33.89086,66.25271],[33.78607,66.27612],[33.91181,66.28228]]],[[[119.83439,73.11748],[119.8043,73.12736],[119.81089,73.15719],[119.86137,73.15573],[119.84995,73.14796],[119.87269,73.1282],[119.83609,73.08472],[119.83439,73.11748]]],[[[129.40689,72.68416],[129.32333,72.67889],[129.23297,72.69403],[129.05998,72.69412],[129.11088,72.70278],[129.37539,72.69089],[129.40689,72.68416]]],[[[122.49163,72.8841],[122.64273,72.84759],[122.62079,72.84558],[122.4412,72.86926],[122.49163,72.8841]]],[[[129.44924,72.12153],[129.42043,72.12707],[129.39292,72.13077],[129.36095,72.13053],[129.42564,72.14463],[129.53658,72.13064],[129.4821,72.11064],[129.44924,72.12153]]],[[[128.88941,72.80958],[128.9398,72.79568],[129.00213,72.79143],[128.91259,72.79185],[128.84409,72.78721],[128.75187,72.80051],[128.88941,72.80958]]],[[[129.16151,72.64867],[129.30275,72.64647],[129.15025,72.63284],[129.01513,72.67327],[129.16151,72.64867]]],[[[128.7358,72.15136],[128.61907,72.1887],[128.84731,72.16045],[128.79092,72.16551],[128.76605,72.15715],[128.81697,72.14748],[128.7358,72.15136]]],[[[129.26515,72.99759],[129.18132,72.97422],[129.08995,72.97984],[129.15143,73.00088],[129.2307,72.99524],[129.26515,72.99759]]],[[[128.40252,72.3742],[128.42327,72.38512],[128.42436,72.38951],[128.41262,72.39201],[128.39136,72.39315],[128.42112,72.39499],[128.53668,72.3811],[128.55224,72.372],[128.44022,72.36741],[128.40252,72.3742]]],[[[53.06085,39.76092],[53.12984,39.6901],[53.1004,39.69467],[53.07464,39.74546],[53.00549,39.7802],[52.95627,39.85807],[53.03467,39.79077],[53.01044,39.79479],[53.01985,39.77644],[53.06085,39.76092]]],[[[150.052,71.58399],[150.01044,71.58109],[150.03184,71.6047],[150.02142,71.62567],[150.07673,71.63434],[150.09765,71.62053],[150.05329,71.59207],[150.052,71.58399]]],[[[129.36961,72.11421],[129.33764,72.10614],[129.25383,72.11995],[129.40131,72.12893],[129.42757,72.12421],[129.41948,72.12313],[129.4783,72.10892],[129.36961,72.11421]]],[[[126.99594,72.44315],[127.11388,72.45826],[127.16984,72.43859],[127.05019,72.43269],[126.99594,72.44315]]],[[[128.63209,72.72458],[128.53918,72.74764],[128.5866,72.74198],[128.64419,72.74024],[128.66913,72.74321],[128.66389,72.74708],[128.75178,72.73849],[128.76384,72.73863],[128.78526,72.74191],[128.84276,72.73197],[128.78268,72.7378],[128.63209,72.72458]]],[[[129.10571,72.86163],[129.16334,72.86117],[129.20673,72.8579],[129.33795,72.85856],[129.2584,72.84523],[129.23636,72.85049],[129.0882,72.85954],[129.20393,72.84964],[129.09923,72.85248],[128.949,72.87113],[129.04273,72.86329],[129.10571,72.86163]]],[[[69.31491,66.67865],[69.35187,66.71386],[69.38404,66.70535],[69.39122,66.66927],[69.37202,66.67917],[69.3454,66.6671],[69.40071,66.65775],[69.33955,66.66352],[69.31491,66.67865]]],[[[106.09551,77.30725],[106.06933,77.29672],[106.08167,77.29326],[106.04306,77.28359],[105.98637,77.29692],[106.04787,77.3248],[106.09551,77.30725]]],[[[56.76068,70.53261],[56.6412,70.51529],[56.68695,70.50847],[56.61977,70.49588],[56.58671,70.50567],[56.68794,70.53827],[56.76068,70.53261]]],[[[129.3085,72.23274],[129.32571,72.23568],[129.29992,72.22816],[129.23434,72.24996],[129.27636,72.27004],[129.34215,72.26683],[129.32715,72.2649],[129.31039,72.25276],[129.32228,72.24113],[129.3085,72.23274]]],[[[129.41907,72.78421],[129.32762,72.78243],[129.24314,72.76823],[129.08494,72.78641],[129.41907,72.78421]]],[[[86.71999,73.96963],[86.60352,73.97387],[86.58238,73.98403],[86.6899,73.99802],[86.71999,73.96963]]],[[[128.75929,72.32223],[128.71288,72.29935],[128.69402,72.30343],[128.70209,72.31294],[128.65758,72.32438],[128.50328,72.31182],[128.70174,72.33531],[128.75929,72.32223]]],[[[128.81438,72.3355],[128.84476,72.32963],[128.98581,72.34175],[128.77305,72.30858],[128.75758,72.31232],[128.76599,72.32886],[128.81438,72.3355]]],[[[111.82401,76.63428],[111.83878,76.63491],[111.85794,76.63323],[111.87194,76.63016],[111.89303,76.62136],[111.89741,76.61687],[111.86659,76.62837],[111.82694,76.60258],[111.72496,76.62279],[111.85336,76.63297],[111.82401,76.63428]]],[[[129.01052,71.99731],[128.73033,72.01917],[128.68381,72.03884],[128.8556,72.01859],[128.84268,72.01651],[129.01052,71.99731]]],[[[33.10704,69.41448],[33.10012,69.42091],[33.15159,69.43878],[33.11994,69.41473],[33.14338,69.40745],[33.09938,69.39171],[32.9782,69.37733],[33.10704,69.41448]]],[[[50.36938,40.4261],[50.35837,40.38894],[50.34915,40.42679],[50.30214,40.47734],[50.34283,40.48534],[50.36938,40.4261]]],[[[128.54171,72.24599],[128.45369,72.25556],[128.40147,72.2533],[128.38383,72.27875],[128.44314,72.27906],[128.49425,72.25657],[128.54171,72.24599]]],[[[129.16873,72.91943],[129.06964,72.91727],[128.82622,72.89393],[129.02254,72.92595],[129.16873,72.91943]]],[[[141.3872,53.34799],[141.47998,53.29916],[141.38368,53.3222],[141.36664,53.34284],[141.32546,53.32982],[141.31803,53.34581],[141.3872,53.34799]]],[[[70.05123,66.49327],[69.98877,66.53293],[70.15201,66.52593],[70.06864,66.52601],[70.08595,66.51106],[70.05123,66.49327]]],[[[128.23781,73.2187],[128.33849,73.21547],[128.31066,73.20029],[128.17657,73.19969],[128.23781,73.2187]]],[[[137.48456,71.45929],[137.46878,71.44247],[137.33485,71.45775],[137.39032,71.45909],[137.33468,71.47506],[137.48456,71.45929]]],[[[35.21837,64.38642],[35.28103,64.40082],[35.30592,64.37855],[35.27268,64.35449],[35.21837,64.38642]]],[[[123.31256,73.69282],[123.25639,73.64088],[123.25574,73.61661],[123.21408,73.60759],[123.28997,73.69412],[123.39544,73.71883],[123.31256,73.69282]]],[[[118.71254,73.4501],[118.73853,73.4608],[118.77892,73.45477],[118.81087,73.46357],[118.87516,73.44502],[118.77971,73.44725],[118.80041,73.43003],[118.71254,73.4501]]],[[[96.21997,76.33248],[96.12908,76.31803],[96.08902,76.33234],[96.17502,76.34891],[96.21997,76.33248]]],[[[151.5364,70.95927],[151.52453,70.95525],[151.50167,70.96411],[151.58421,70.98244],[151.68722,70.96844],[151.58215,70.96385],[151.5364,70.95927]]],[[[128.82307,72.72792],[128.90967,72.73661],[128.99201,72.72368],[128.73314,72.7228],[128.79116,72.73635],[128.82307,72.72792]]],[[[119.73214,73.08843],[119.67071,73.10612],[119.74651,73.13504],[119.72804,73.12122],[119.73124,73.11632],[119.74839,73.10791],[119.7765,73.10222],[119.78166,73.09595],[119.73214,73.08843]]],[[[128.98713,72.08731],[128.99979,72.09464],[129.11918,72.09563],[129.18763,72.08102],[129.12643,72.07588],[129.06065,72.08719],[128.98713,72.08731]]],[[[128.05089,73.45379],[127.9509,73.42287],[127.89073,73.42654],[127.93163,73.43082],[127.97287,73.45678],[128.05089,73.45379]]],[[[128.85229,72.54012],[128.74741,72.5449],[128.7117,72.54335],[128.65093,72.5551],[128.71612,72.56422],[128.85229,72.54012]]],[[[53.54153,39.54284],[53.53037,39.56349],[53.50651,39.5341],[53.51286,39.55727],[53.48745,39.60503],[53.51028,39.6168],[53.49878,39.60556],[53.53071,39.59934],[53.51852,39.58915],[53.53071,39.57698],[53.55818,39.57473],[53.54153,39.54284]]],[[[137.23088,71.46807],[137.17927,71.48651],[137.2777,71.48407],[137.27903,71.4786],[137.299,71.47075],[137.34464,71.46398],[137.33402,71.4575],[137.23088,71.46807]]],[[[141.2586,76.05766],[141.21672,76.08256],[141.22654,76.09725],[141.32036,76.07645],[141.2586,76.05766]]],[[[128.85542,72.36145],[128.77655,72.38776],[128.8398,72.37304],[128.95851,72.38045],[129.01179,72.3718],[128.85542,72.36145]]],[[[141.83357,53.4147],[141.7131,53.38012],[141.6945,53.39091],[141.77525,53.4187],[141.83357,53.4147]]],[[[127.81889,72.38054],[127.64234,72.42759],[127.78984,72.40655],[127.84756,72.37736],[127.81889,72.38054]]],[[[138.35317,71.5929],[138.41473,71.59224],[138.3419,71.59041],[138.25123,71.57804],[138.21433,71.58066],[138.57832,71.61708],[138.5569,71.61104],[138.55922,71.60049],[138.39066,71.59827],[138.35317,71.5929]]],[[[127.79134,73.39872],[127.91798,73.41807],[127.85642,73.39006],[127.74999,73.38107],[127.79134,73.39872]]],[[[128.321,72.67354],[128.29903,72.65951],[128.31606,72.65144],[128.24457,72.65413],[128.32181,72.68928],[128.32087,72.70646],[128.34769,72.70218],[128.35331,72.68464],[128.321,72.67354]]],[[[128.26401,72.75563],[128.4352,72.78333],[128.48979,72.78444],[128.39683,72.76962],[128.3446,72.75017],[128.26401,72.75563]]],[[[141.29979,53.38966],[141.32175,53.37894],[141.32636,53.37293],[141.11133,53.44634],[141.18489,53.43534],[141.29979,53.38966]]],[[[82.09551,75.24484],[82.11653,75.2598],[82.11216,75.31209],[82.1616,75.2127],[82.09551,75.24484]]],[[[127.84902,72.63676],[127.92081,72.62334],[127.85588,72.61194],[127.76911,72.61961],[127.84902,72.63676]]],[[[28.62444,60.47526],[28.56224,60.51708],[28.56834,60.52977],[28.62065,60.49839],[28.69719,60.46794],[28.62444,60.47526]]],[[[115.1538,73.63957],[115.08801,73.65421],[115.06187,73.6517],[115.25147,73.68276],[115.18538,73.66998],[115.1792,73.66276],[115.19465,73.64797],[115.1538,73.63957]]],[[[128.80195,72.18703],[128.80886,72.18503],[128.87654,72.19006],[128.78431,72.17612],[128.61355,72.20759],[128.70913,72.19938],[128.68496,72.19895],[128.72702,72.19553],[128.80384,72.19442],[128.80195,72.18703]]],[[[127.99229,73.3279],[127.96165,73.32757],[127.98918,73.35727],[128.15144,73.39901],[128.00641,73.34741],[127.99229,73.3279]]],[[[128.47485,73.26419],[128.48635,73.28164],[128.61737,73.28718],[128.53731,73.26394],[128.47485,73.26419]]],[[[128.68735,72.35913],[128.65312,72.35396],[128.62113,72.34328],[128.53149,72.35803],[128.55548,72.37061],[128.59637,72.36297],[128.64403,72.36167],[128.68735,72.35913]]],[[[127.98718,72.76873],[128.14254,72.76344],[128.07402,72.7487],[128.08816,72.74702],[128.0437,72.74556],[127.98718,72.76873]]],[[[129.34296,72.38688],[129.43171,72.36923],[129.36944,72.36541],[129.26215,72.37041],[129.34296,72.38688]]],[[[128.77397,72.21841],[128.84045,72.2127],[128.8945,72.22933],[128.91797,72.22975],[128.88068,72.22183],[128.99318,72.19699],[128.84888,72.20781],[128.88328,72.20117],[128.87089,72.20151],[128.77397,72.21841]]],[[[129.29672,72.86569],[129.20765,72.85885],[129.13437,72.86639],[129.00758,72.86767],[129.23621,72.87397],[129.29672,72.86569]]],[[[96.35713,76.33637],[96.46686,76.34431],[96.53539,76.33103],[96.48192,76.32409],[96.35713,76.33637]]],[[[128.36761,72.87284],[128.37797,72.86708],[128.39404,72.8654],[128.40016,72.8663],[128.42631,72.86296],[128.31252,72.84009],[128.28515,72.85341],[128.34534,72.86536],[128.30767,72.85349],[128.34717,72.86281],[128.36761,72.87284]]],[[[34.68082,46.01201],[34.76326,46.00044],[34.76028,45.98105],[34.75602,45.96855],[34.73366,45.98287],[34.73862,45.96497],[34.68082,46.01201]]],[[[128.6817,72.77295],[128.63042,72.78009],[128.65591,72.77923],[128.709,72.78356],[128.77976,72.7941],[128.84542,72.78373],[128.6817,72.77295]]],[[[120.41147,73.05939],[120.33405,73.05096],[120.34338,73.07772],[120.37454,73.09049],[120.41147,73.05939]]],[[[78.99139,67.56286],[78.94156,67.55853],[78.87221,67.58538],[78.95878,67.58394],[78.99139,67.56286]]],[[[127.83734,73.46017],[127.90524,73.46244],[127.84309,73.43249],[127.79065,73.42553],[127.83734,73.46017]]],[[[22.4775,58.13902],[22.50293,58.17767],[22.53728,58.14758],[22.50319,58.12114],[22.4775,58.13902]]],[[[95.95552,76.92593],[95.94064,76.90973],[95.80092,76.9054],[95.94815,76.93056],[95.94148,76.94293],[95.95315,76.94651],[95.95552,76.92593]]],[[[168.57604,69.98832],[168.53916,69.99595],[168.57358,69.99933],[168.57967,70.00172],[168.57727,70.00568],[168.58267,70.00626],[168.73206,69.97914],[168.57604,69.98832]]],[[[38.46775,68.34886],[38.43197,68.37676],[38.46037,68.39499],[38.50634,68.36562],[38.46775,68.34886]]],[[[127.80812,72.67871],[127.82528,72.69227],[127.80694,72.66831],[127.70984,72.65516],[127.63749,72.67223],[127.65324,72.67585],[127.70456,72.66666],[127.71877,72.66693],[127.80812,72.67871]]],[[[21.91863,58.38333],[21.83082,58.36691],[21.80769,58.38567],[21.90682,58.39523],[21.91863,58.38333]]],[[[23.95595,59.3626],[23.99765,59.34856],[24.0101,59.3162],[23.96466,59.33291],[23.93059,59.34655],[23.95595,59.3626]]],[[[70.36826,66.73106],[70.25498,66.73195],[70.30258,66.75548],[70.35817,66.74773],[70.34603,66.73788],[70.36826,66.73106]]],[[[128.72024,72.76535],[128.83637,72.77516],[128.95765,72.75589],[128.86216,72.76202],[128.75294,72.76193],[128.72024,72.76535]]],[[[23.94624,59.32244],[23.93702,59.30088],[23.86139,59.34873],[23.94707,59.3396],[23.94043,59.33134],[23.91223,59.34061],[23.94624,59.32244]]],[[[71.25685,66.87129],[71.26139,66.87772],[71.33242,66.89453],[71.37243,66.91401],[71.43575,66.91457],[71.40802,66.91231],[71.31524,66.87682],[71.25685,66.87129]]],[[[127.65409,72.66317],[127.69967,72.65491],[127.64714,72.64244],[127.53736,72.63711],[127.65409,72.66317]]],[[[93.33042,75.84707],[93.30239,75.85861],[93.32129,75.87386],[93.41748,75.86865],[93.33042,75.84707]]],[[[141.09292,76.08478],[141.06121,76.07005],[140.93978,76.08917],[140.99435,76.09259],[141.09292,76.08478]]],[[[128.9864,72.77883],[129.08768,72.78324],[129.2384,72.76459],[129.14154,72.77162],[129.07399,72.76834],[128.9864,72.77883]]],[[[70.0356,66.54081],[70.01883,66.578],[70.09508,66.55831],[70.10211,66.55033],[70.10555,66.5411],[70.03377,66.55872],[70.07125,66.54185],[70.0356,66.54081]]],[[[120.06563,73.11174],[120.16468,73.12669],[120.07267,73.10336],[120.04559,73.08363],[119.9791,73.08059],[120.06563,73.11174]]],[[[127.39806,73.44431],[127.36224,73.45271],[127.38942,73.48609],[127.43307,73.4699],[127.39806,73.44431]]],[[[127.59285,72.50851],[127.50951,72.53766],[127.57586,72.52993],[127.61247,72.54065],[127.6244,72.51699],[127.59285,72.50851]]],[[[128.42945,72.56041],[128.47305,72.54288],[128.51227,72.53609],[128.42889,72.535],[128.37584,72.54505],[128.42945,72.56041]]],[[[127.63053,72.46971],[127.56084,72.47782],[127.62041,72.49492],[127.6768,72.49274],[127.63053,72.46971]]],[[[70.50062,66.7557],[70.5354,66.74257],[70.467,66.74178],[70.52483,66.7391],[70.47519,66.731],[70.40464,66.74686],[70.47124,66.75162],[70.50062,66.7557]]],[[[129.33917,72.10047],[129.35459,72.09708],[129.36206,72.09232],[129.26973,72.09267],[129.20986,72.10543],[129.16753,72.10694],[129.21387,72.1106],[129.33917,72.10047]]],[[[128.6972,72.09356],[128.73887,72.0942],[128.76573,72.0983],[128.85061,72.06623],[128.69273,72.09059],[128.6972,72.09356]]],[[[127.45664,72.64801],[127.49896,72.64491],[127.50887,72.63996],[127.37987,72.63227],[127.41746,72.65795],[127.45664,72.64801]]],[[[150.5299,71.55809],[150.57167,71.54085],[150.50849,71.53019],[150.47164,71.54965],[150.5299,71.55809]]],[[[82.3742,70.8967],[82.3794,70.8795],[82.373,70.8808],[82.35478,70.90269],[82.31066,70.94031],[82.31029,70.94649],[82.31853,70.95598],[82.3264,70.95674],[82.34849,70.93652],[82.35662,70.91631],[82.3742,70.8967]]],[[[128.68016,72.40321],[128.74751,72.39206],[128.63617,72.3829],[128.5939,72.38807],[128.68016,72.40321]]],[[[128.85469,72.69343],[128.78886,72.67993],[128.73342,72.69193],[128.87903,72.69778],[128.95173,72.69183],[128.97542,72.68244],[128.9322,72.68985],[128.85469,72.69343]]],[[[86.86423,74.85183],[86.80983,74.86312],[86.8482,74.8784],[86.9214,74.86002],[86.86423,74.85183]]],[[[72.30381,66.31362],[72.27446,66.30693],[72.27068,66.32052],[72.32725,66.32707],[72.34038,66.34119],[72.3593,66.35166],[72.39201,66.34033],[72.36147,66.34291],[72.33703,66.33465],[72.33021,66.30265],[72.28982,66.30628],[72.30381,66.31362]]],[[[70.06494,66.44361],[70.10623,66.42909],[70.03101,66.41014],[70.02226,66.4306],[70.06494,66.44361]]],[[[129.38241,72.08148],[129.2702,72.08145],[129.31215,72.07561],[129.23801,72.07762],[129.17974,72.09635],[129.38241,72.08148]]],[[[129.29786,72.66155],[129.20019,72.66231],[129.21308,72.66498],[129.15828,72.67039],[129.09426,72.67026],[129.14462,72.67743],[129.27743,72.67001],[129.29786,72.66155]]],[[[53.01803,46.44896],[53.02601,46.42754],[52.95689,46.37326],[52.94523,46.37376],[53.01803,46.44896]]],[[[119.79612,73.05021],[119.87056,73.09806],[119.87893,73.11713],[119.9009,73.10991],[119.92002,73.10911],[119.92296,73.10611],[119.79612,73.05021]]],[[[71.01768,66.54403],[71.0597,66.55921],[71.11105,66.5589],[71.13148,66.55736],[71.06806,66.53621],[71.01768,66.54403]]],[[[128.44979,72.70777],[128.50652,72.69013],[128.49073,72.6799],[128.37512,72.71167],[128.44979,72.70777]]],[[[128.83821,72.73832],[128.71951,72.75924],[128.8377,72.75075],[128.94314,72.75035],[128.83821,72.73832]]],[[[127.36339,72.63719],[127.32888,72.64111],[127.4027,72.677],[127.43051,72.67432],[127.36339,72.63719]]],[[[127.95064,72.58742],[127.97047,72.61753],[128.01347,72.61251],[128.04651,72.60437],[127.95064,72.58742]]],[[[161.00994,69.65335],[160.96682,69.67156],[160.99736,69.67772],[161.08412,69.66054],[161.00994,69.65335]]],[[[129.40998,72.3125],[129.38865,72.31121],[129.38706,72.31568],[129.37676,72.31864],[129.33234,72.32415],[129.31964,72.3285],[129.38588,72.31934],[129.45264,72.31769],[129.48313,72.30014],[129.4112,72.29656],[129.42414,72.30597],[129.41873,72.31005],[129.40998,72.3125]]],[[[143.1665,51.97875],[143.14425,52.02525],[143.15012,52.07728],[143.178,51.98475],[143.1665,51.97875]]],[[[66.73957,70.97273],[66.66167,70.99622],[66.71491,71.00064],[66.75894,70.99327],[66.73957,70.97273]]],[[[78.6859,67.55138],[78.66198,67.55972],[78.73188,67.57427],[78.74577,67.54454],[78.6859,67.55138]]],[[[110.79636,76.78952],[110.84155,76.78212],[110.79873,76.76847],[110.7186,76.77176],[110.79636,76.78952]]],[[[86.03212,74.59527],[86.18302,74.60693],[86.1606,74.59784],[86.16705,74.58628],[86.03212,74.59527]]],[[[72.28991,66.34741],[72.31408,66.34536],[72.30667,66.32858],[72.22829,66.31814],[72.2583,66.305],[72.22655,66.31595],[72.22942,66.32422],[72.24082,66.33008],[72.28991,66.34741]]],[[[129.34032,72.88529],[129.36522,72.87791],[129.37894,72.87667],[129.4087,72.86664],[129.31996,72.86822],[129.29625,72.88012],[129.28796,72.88179],[129.26191,72.88409],[129.34032,72.88529]]],[[[32.32385,67.1011],[32.37377,67.11061],[32.43868,67.08732],[32.38539,67.07815],[32.37476,67.09839],[32.32385,67.1011]]],[[[40.46628,67.82518],[40.51424,67.81908],[40.50721,67.83272],[40.53425,67.835],[40.52962,67.81668],[40.54962,67.80954],[40.48628,67.80242],[40.46628,67.82518]]],[[[127.53406,72.5888],[127.39214,72.58497],[127.33648,72.58485],[127.40905,72.59829],[127.53406,72.5888]]],[[[127.80048,72.5075],[127.7764,72.49449],[127.72714,72.49984],[127.75872,72.52731],[127.80048,72.5075]]],[[[128.42447,72.22464],[128.54703,72.21727],[128.47498,72.21348],[128.35748,72.23216],[128.50064,72.23326],[128.42447,72.22464]]],[[[79.05594,67.52598],[79.04851,67.53987],[78.99197,67.55674],[79.07995,67.54799],[79.09534,67.51936],[79.05594,67.52598]]],[[[69.56182,66.80441],[69.65487,66.78679],[69.56594,66.78294],[69.53477,66.80291],[69.56182,66.80441]]],[[[71.45054,66.88092],[71.38275,66.86648],[71.34036,66.86877],[71.39548,66.8902],[71.45054,66.88092]]],[[[129.16093,73.00473],[129.12539,72.99903],[129.15858,73.00829],[129.16244,73.00831],[129.17203,73.00946],[129.18107,73.00929],[129.21484,73.01211],[129.26409,73.01918],[129.29096,73.01849],[129.24874,73.00111],[129.16093,73.00473]]],[[[160.41111,69.65888],[160.45873,69.66857],[160.49746,69.64913],[160.45699,69.63619],[160.45269,69.64702],[160.41111,69.65888]]],[[[70.06543,66.67549],[70.00192,66.69013],[70.10119,66.68177],[70.12843,66.65651],[70.11967,66.66233],[70.10296,66.65514],[70.06543,66.67549]]],[[[27.84513,60.48629],[27.81136,60.47012],[27.77708,60.48639],[27.77556,60.5049],[27.84513,60.48629]]],[[[68.02638,71.53202],[68.053,71.53066],[67.9886,71.50889],[67.95393,71.51716],[68.04344,71.54297],[68.02638,71.53202]]],[[[57.32645,70.5406],[57.33609,70.54295],[57.45509,70.51382],[57.46344,70.50937],[57.30389,70.53181],[57.35994,70.52956],[57.32645,70.5406]]],[[[107.16748,73.60463],[107.2365,73.59303],[107.32042,73.58549],[107.27109,73.57397],[107.16748,73.60463]]],[[[49.17335,45.97197],[49.13996,45.96332],[49.10734,45.99982],[49.1736,45.98325],[49.17335,45.97197]]],[[[107.18578,73.60531],[107.27636,73.61168],[107.32459,73.59397],[107.27328,73.59688],[107.25534,73.59536],[107.23682,73.59982],[107.18578,73.60531]]],[[[127.08092,72.47843],[126.92084,72.47009],[126.93943,72.48658],[127.03315,72.47948],[127.08092,72.47843]]],[[[126.37372,73.39175],[126.40243,73.38033],[126.35221,73.35625],[126.33213,73.36756],[126.37372,73.39175]]],[[[129.35184,72.50252],[129.3947,72.49508],[129.34656,72.49929],[129.30004,72.51173],[129.36706,72.50857],[129.42473,72.52097],[129.44782,72.51541],[129.45702,72.50943],[129.44516,72.51467],[129.45226,72.50974],[129.41244,72.50913],[129.35184,72.50252]]],[[[128.77696,71.91967],[128.73434,71.91284],[128.64108,71.92785],[128.57179,71.97301],[128.6414,71.93741],[128.72348,71.91894],[128.77696,71.91967]]],[[[137.47051,71.43836],[137.446,71.42176],[137.40341,71.42635],[137.35974,71.43912],[137.47051,71.43836]]],[[[128.60699,72.23047],[128.68724,72.21533],[128.59188,72.21776],[128.53734,72.23346],[128.60699,72.23047]]],[[[70.11062,66.54694],[70.14882,66.54028],[70.12078,66.53012],[70.1002,66.55801],[70.14463,66.56076],[70.1584,66.55299],[70.16496,66.54246],[70.11062,66.54694]]],[[[128.82204,72.20295],[128.84199,72.19072],[128.8144,72.18562],[128.8077,72.19559],[128.7544,72.19881],[128.80414,72.20797],[128.86306,72.19864],[128.90692,72.19605],[128.84963,72.19346],[128.82204,72.20295]]],[[[59.28455,74.48527],[59.18922,74.47875],[59.15578,74.49902],[59.1858,74.50614],[59.22872,74.48354],[59.28455,74.48527]]],[[[50.8908,68.37301],[50.8621,68.34838],[50.81365,68.35261],[50.86917,68.37791],[50.8908,68.37301]]],[[[129.36069,72.60862],[129.41554,72.60616],[129.34717,72.60073],[129.28294,72.61135],[129.29335,72.6112],[129.30481,72.61192],[129.33595,72.61564],[129.38345,72.61454],[129.41368,72.60733],[129.4089,72.60784],[129.39041,72.60849],[129.36069,72.60862]]],[[[33.8592,66.34115],[33.80621,66.33518],[33.79592,66.36004],[33.85935,66.35932],[33.83723,66.34774],[33.8592,66.34115]]],[[[129.33039,72.41825],[129.44933,72.41604],[129.42083,72.40637],[129.43367,72.39972],[129.39017,72.40333],[129.33039,72.41825]]],[[[128.97726,72.67943],[128.80916,72.67793],[128.85354,72.68444],[128.88774,72.69163],[128.97726,72.67943]]],[[[128.74994,72.88465],[129.15216,72.88736],[128.98366,72.88502],[128.94449,72.87813],[128.74994,72.88465]]],[[[86.76711,74.05122],[86.76762,74.04045],[86.80303,74.00697],[86.75598,74.01655],[86.75324,74.03263],[86.74105,74.04713],[86.76711,74.05122]]],[[[160.65433,69.65982],[160.61546,69.6503],[160.56974,69.65347],[160.57371,69.6715],[160.65433,69.65982]]],[[[78.4392,71.09503],[78.48092,71.08333],[78.42096,71.06576],[78.40829,71.07825],[78.4392,71.09503]]],[[[111.19861,76.76632],[111.2764,76.75341],[111.37369,76.7166],[111.20267,76.76536],[111.1042,76.76927],[111.04957,76.75238],[111.09495,76.7695],[111.13632,76.77031],[111.19861,76.76632]]],[[[71.35404,73.35739],[71.26893,73.36509],[71.25647,73.37908],[71.27817,73.38359],[71.35404,73.35739]]],[[[97.20784,76.02874],[97.20573,76.01166],[97.16028,76.00328],[97.10699,76.00078],[97.20784,76.02874]]],[[[122.86433,73.06149],[122.81872,73.05407],[122.81046,73.05174],[122.80927,73.04947],[122.72787,73.07074],[122.86433,73.06149]]],[[[70.9213,66.80024],[70.89924,66.7959],[70.88872,66.78964],[70.8669,66.77992],[70.83572,66.78745],[70.87214,66.80607],[70.9213,66.80024]]],[[[166.85752,69.48925],[166.91405,69.4831],[166.82922,69.47076],[166.81157,69.48636],[166.85752,69.48925]]],[[[129.30728,72.62796],[129.37519,72.63188],[129.38864,72.62979],[129.44498,72.61322],[129.2724,72.62924],[129.30728,72.62796]]],[[[129.18862,72.5525],[129.2181,72.55297],[129.15577,72.54715],[129.04807,72.55155],[129.07655,72.55556],[129.10398,72.5565],[129.14954,72.5589],[129.18862,72.5525]]],[[[127.69555,72.67101],[127.76791,72.69124],[127.80477,72.6833],[127.71207,72.66701],[127.69555,72.67101]]],[[[69.33619,66.65355],[69.29024,66.66515],[69.28502,66.6874],[69.3148,66.69475],[69.31102,66.67662],[69.3299,66.66533],[69.33619,66.65355]]],[[[129.24192,72.80035],[129.22329,72.79819],[129.21239,72.79928],[129.22542,72.79787],[129.2729,72.80034],[129.33435,72.79051],[129.18401,72.79406],[129.21422,72.80283],[129.24155,72.80467],[129.27044,72.80066],[129.24192,72.80035]]],[[[140.99787,75.66103],[141.0967,75.66642],[141.06596,75.66101],[141.08944,75.66035],[141.04907,75.64413],[140.99787,75.66103]]],[[[128.99893,72.60721],[128.91705,72.61279],[128.91619,72.6353],[128.90651,72.63941],[128.99893,72.60721]]],[[[123.76512,73.66994],[123.78074,73.68255],[123.82542,73.67109],[123.80032,73.65879],[123.78601,73.65051],[123.76512,73.66994]]],[[[101.27371,77.03645],[101.28689,77.04268],[101.29635,77.02634],[101.22286,76.98712],[101.27371,77.03645]]],[[[53.52247,39.64985],[53.48308,39.68579],[53.49071,39.70111],[53.51612,39.69239],[53.52247,39.64985]]],[[[128.7553,72.20375],[128.66767,72.22618],[128.77852,72.22118],[128.72801,72.21542],[128.79019,72.21013],[128.7553,72.20375]]],[[[71.02024,66.57162],[71.07111,66.57275],[71.00535,66.58614],[71.13063,66.5699],[71.05027,66.56164],[71.02024,66.57162]]],[[[86.78933,73.98387],[86.77225,73.99142],[86.79118,73.99818],[86.90144,73.98117],[86.78933,73.98387]]],[[[59.4477,69.87664],[59.48682,69.86203],[59.42157,69.85221],[59.43993,69.85176],[59.41518,69.85008],[59.40476,69.85285],[59.4477,69.87664]]],[[[127.74739,72.60594],[127.77949,72.61492],[127.86708,72.59564],[127.83181,72.59501],[127.74739,72.60594]]],[[[119.32593,73.11758],[119.38509,73.11939],[119.39824,73.10607],[119.35432,73.09893],[119.32593,73.11758]]],[[[72.24367,66.35932],[72.24628,66.34867],[72.21418,66.35868],[72.22908,66.33906],[72.1854,66.32979],[72.20698,66.36372],[72.24367,66.35932]]],[[[128.54386,72.53354],[128.61304,72.53892],[128.63943,72.52462],[128.57484,72.52379],[128.54386,72.53354]]],[[[129.30449,72.95131],[129.33737,72.9319],[129.27286,72.93742],[129.24127,72.94609],[129.30449,72.95131]]],[[[128.93271,72.67572],[129.01455,72.67184],[129.03558,72.65649],[129.06073,72.64916],[128.99747,72.65699],[128.96344,72.67249],[128.93271,72.67572]]],[[[69.74498,66.78817],[69.70619,66.80672],[69.76805,66.80428],[69.81513,66.8125],[69.83399,66.80435],[69.73443,66.79632],[69.74498,66.78817]]],[[[120.18824,73.13104],[120.17241,73.13125],[120.09134,73.12299],[120.1273,73.13473],[120.1343,73.13817],[120.13644,73.14083],[120.13485,73.15028],[120.19369,73.13239],[120.18824,73.13104]]],[[[69.67932,66.56909],[69.64388,66.5649],[69.66597,66.55023],[69.57597,66.59967],[69.67932,66.56909]]],[[[107.14748,73.6054],[107.07942,73.59985],[107.03534,73.6074],[107.10349,73.61489],[107.14748,73.6054]]],[[[128.93145,72.78894],[128.98756,72.78223],[128.97316,72.77586],[128.85587,72.78208],[128.93145,72.78894]]],[[[78.69208,67.54551],[78.72012,67.51768],[78.70177,67.51195],[78.70516,67.52449],[78.6844,67.53751],[78.6507,67.54173],[78.63093,67.55496],[78.60974,67.5599],[78.69208,67.54551]]],[[[52.77077,46.01225],[52.76802,46.0556],[52.7912,46.06463],[52.78656,46.01884],[52.77077,46.01225]]],[[[128.93666,72.86949],[129.0152,72.85928],[128.94947,72.86208],[128.90218,72.86014],[128.89679,72.85811],[128.84146,72.8651],[128.93666,72.86949]]],[[[129.48375,72.30349],[129.45392,72.31887],[129.34893,72.32794],[129.42461,72.32291],[129.524,72.31575],[129.53306,72.30951],[129.48375,72.30349]]],[[[129.18119,72.76192],[129.03286,72.76619],[128.97531,72.77551],[129.07167,72.76813],[129.146,72.77094],[129.18119,72.76192]]],[[[166.71605,69.48024],[166.76233,69.48552],[166.767,69.49123],[166.83046,69.46958],[166.84182,69.4674],[166.71605,69.48024]]],[[[149.99663,71.60206],[149.99515,71.63458],[150.0336,71.63185],[150.01967,71.62682],[150.0272,71.60618],[149.99663,71.60206]]],[[[-174.07824,66.25075],[-174.03296,66.24668],[-174.02685,66.22496],[-174.0344,66.22213],[-174.0453,66.22466],[-174.05082,66.2249],[-174.06129,66.23355],[-174.07824,66.25075]]],[[[120.07185,73.14861],[120.0811,73.13553],[120.07503,73.13221],[120.06151,73.11869],[120.03106,73.13673],[120.07379,73.15376],[120.07185,73.14861]]],[[[123.06559,72.98377],[122.97561,72.9818],[123.0,72.99744],[123.0479,72.99198],[123.06559,72.98377]]],[[[122.96521,72.96444],[123.04623,72.95945],[122.96649,72.95002],[122.93182,72.95849],[122.96521,72.96444]]],[[[53.07623,71.44013],[53.07982,71.42444],[52.99321,71.44635],[53.1053,71.44225],[53.07623,71.44013]]],[[[86.37955,74.95376],[86.33012,74.94319],[86.30355,74.95499],[86.31593,74.96446],[86.37955,74.95376]]],[[[-174.02088,66.24333],[-173.98979,66.26695],[-173.97078,66.26259],[-174.00232,66.23052],[-174.02088,66.24333]]],[[[53.3623,71.25099],[53.43526,71.20272],[53.37506,71.20605],[53.39905,71.20729],[53.3623,71.25099]]],[[[50.09088,68.94859],[49.98324,68.9199],[49.97393,68.92312],[50.12585,68.96432],[50.09088,68.94859]]],[[[86.68633,73.94432],[86.56338,73.95658],[86.70749,73.95166],[86.77423,73.95597],[86.68633,73.94432]]],[[[129.3502,72.44633],[129.43106,72.42855],[129.31861,72.43131],[129.33811,72.43332],[129.3502,72.44633]]],[[[53.12486,71.37353],[53.0569,71.39012],[53.06388,71.40335],[53.11859,71.38522],[53.12486,71.37353]]],[[[35.88639,64.33052],[35.89857,64.30539],[35.85455,64.31723],[35.84472,64.33088],[35.88639,64.33052]]],[[[122.70023,73.07639],[122.69025,73.06205],[122.63157,73.07649],[122.6629,73.08076],[122.67096,73.08387],[122.68331,73.08391],[122.70023,73.07639]]],[[[104.40358,77.66832],[104.41599,77.67399],[104.35467,77.68211],[104.47654,77.68808],[104.40358,77.66832]]],[[[150.19092,71.54483],[150.14104,71.54907],[150.17335,71.55991],[150.22839,71.55931],[150.19092,71.54483]]],[[[34.69726,65.19429],[34.72686,65.19063],[34.69544,65.17539],[34.64754,65.18794],[34.69726,65.19429]]],[[[50.88741,44.82271],[50.89351,44.84784],[50.928,44.83322],[50.93434,44.82208],[50.88741,44.82271]]],[[[54.0681,71.19598],[54.0888,71.20198],[54.1185,71.17547],[54.07693,71.17767],[54.0681,71.19598]]],[[[78.72919,67.52317],[78.70735,67.5401],[78.69091,67.54729],[78.662,67.55321],[78.64957,67.56006],[78.6748,67.55167],[78.71825,67.54486],[78.74427,67.54273],[78.75433,67.5358],[78.72919,67.52317]]],[[[23.3856,59.87708],[23.35641,59.8819],[23.4394,59.8815],[23.37338,59.86199],[23.3568,59.86703],[23.3856,59.87708]]],[[[77.2909,72.23839],[77.31131,72.23614],[77.28689,72.2253],[77.1981,72.2278],[77.2909,72.23839]]],[[[167.7696,69.80312],[167.78732,69.79642],[167.70986,69.76116],[167.70327,69.76128],[167.7696,69.80312]]],[[[128.32469,72.64659],[128.25345,72.63132],[128.26624,72.63929],[128.2083,72.64969],[128.32469,72.64659]]],[[[134.95708,71.39396],[135.0171,71.40286],[135.04005,71.38954],[134.99691,71.38706],[134.95708,71.39396]]],[[[126.8864,73.43558],[126.88602,73.4535],[126.91599,73.45366],[126.939,73.43864],[126.8864,73.43558]]],[[[126.96848,72.436],[126.93209,72.44506],[126.98856,72.45575],[126.9956,72.43794],[126.96848,72.436]]],[[[71.72409,73.07627],[71.7341,73.06014],[71.68244,73.05635],[71.66461,73.06029],[71.72409,73.07627]]],[[[86.66342,74.01016],[86.5975,74.01392],[86.689,74.02042],[86.72192,74.01031],[86.66342,74.01016]]],[[[52.58509,72.32971],[52.52522,72.33912],[52.57012,72.34997],[52.53782,72.35511],[52.54269,72.35846],[52.56569,72.35735],[52.57397,72.34798],[52.56804,72.34036],[52.58539,72.3364],[52.58509,72.32971]]],[[[58.56498,74.40778],[58.61328,74.41984],[58.64988,74.40425],[58.66935,74.40148],[58.56498,74.40778]]],[[[70.27892,66.59962],[70.30323,66.58484],[70.31033,66.57941],[70.31478,66.57247],[70.26849,66.59689],[70.28801,66.57653],[70.25901,66.58844],[70.26402,66.61022],[70.27692,66.61088],[70.27892,66.59962]]],[[[129.03374,72.54258],[129.11119,72.54114],[129.0,72.54069],[128.9384,72.54525],[128.88726,72.55596],[129.03374,72.54258]]],[[[128.25671,72.77566],[128.33902,72.79705],[128.31654,72.77634],[128.33087,72.77467],[128.25671,72.77566]]],[[[129.47963,72.83558],[129.48267,72.83671],[129.49594,72.83105],[129.47658,72.82116],[129.41542,72.83086],[129.43877,72.83467],[129.47963,72.83558]]],[[[28.70961,60.71736],[28.70533,60.74572],[28.74556,60.72969],[28.74695,60.72321],[28.70961,60.71736]]],[[[129.26984,72.02285],[129.30005,72.02459],[129.32588,72.02083],[129.30601,72.00082],[129.26984,72.02285]]],[[[128.93917,73.13332],[128.97374,73.14236],[128.95147,73.13257],[128.98254,73.1395],[129.02249,73.13467],[128.96012,73.12394],[128.93917,73.13332]]],[[[120.09812,73.12957],[120.09593,73.15357],[120.13134,73.15129],[120.13434,73.13991],[120.09812,73.12957]]],[[[161.69269,70.6851],[161.70885,70.66654],[161.66375,70.65963],[161.66322,70.67078],[161.69269,70.6851]]],[[[71.48586,66.83125],[71.42597,66.8454],[71.45332,66.85018],[71.50203,66.84021],[71.48586,66.83125]]],[[[129.02275,72.63734],[128.92962,72.64816],[128.99932,72.65033],[129.04181,72.63966],[129.02275,72.63734]]],[[[53.23844,72.89547],[53.29211,72.90157],[53.3184,72.88958],[53.27232,72.88732],[53.23844,72.89547]]],[[[137.60348,71.33746],[137.60235,71.36213],[137.63261,71.36293],[137.64458,71.35623],[137.60348,71.33746]]],[[[119.97573,73.14618],[119.96414,73.13509],[119.94616,73.15979],[120.00881,73.15671],[119.97573,73.14618]]],[[[150.0538,71.53965],[150.03067,71.53686],[150.02621,71.56374],[150.052,71.56334],[150.0538,71.53965]]],[[[129.32917,72.85652],[129.41408,72.85755],[129.38763,72.85607],[129.43185,72.85066],[129.29959,72.85001],[129.32917,72.85652]]],[[[129.22372,72.14697],[129.20201,72.14612],[129.21317,72.13541],[129.13628,72.14772],[129.19536,72.15243],[129.22372,72.14697]]],[[[129.16173,72.16859],[129.16789,72.16573],[128.96233,72.17135],[129.06562,72.17445],[129.10285,72.16982],[129.16173,72.16859]]],[[[53.20563,71.30413],[53.25443,71.28969],[53.25506,71.28442],[53.15964,71.30262],[53.20563,71.30413]]],[[[129.12141,72.60235],[128.9617,72.63052],[128.97357,72.63471],[129.02271,72.63009],[128.99537,72.63077],[129.12141,72.60235]]],[[[122.88453,72.91468],[122.97131,72.89034],[122.91665,72.89212],[122.91437,72.89599],[122.89353,72.90276],[122.90089,72.90148],[122.88453,72.91468]]],[[[127.60478,72.44902],[127.63229,72.44407],[127.51359,72.45247],[127.58165,72.4593],[127.60478,72.44902]]],[[[107.63255,77.35814],[107.66721,77.34598],[107.61613,77.33787],[107.60306,77.34038],[107.63255,77.35814]]],[[[67.16921,70.116],[67.15535,70.09455],[67.13672,70.088],[67.13048,70.11021],[67.16921,70.116]]],[[[128.96946,72.9286],[129.09938,72.93653],[129.19016,72.92672],[129.1569,72.93001],[129.01135,72.92965],[128.96946,72.9286]]],[[[166.74465,69.49723],[166.72603,69.48535],[166.6756,69.48273],[166.71959,69.50117],[166.74465,69.49723]]],[[[129.27578,72.76398],[129.33,72.76092],[129.21885,72.75539],[129.1675,72.75696],[129.27578,72.76398]]]]}}]}