{"type": "FeatureCollection", "features": [{"type": "Feature", "geometry": {"type": "Polygon", "coordinates": [[[116.716, 49.828], [116.617, 49.929], [116.246, 50.027], [115.73, 49.881], [115.415, 49.898], [114.847, 50.23], [114.322, 50.284], [113.557, 50.002], [113.187, 49.794], [113.096, 49.604], [112.831, 49.518], [112.492, 49.541], [111.327, 49.342], [110.789, 49.149], [109.553, 49.232], [109.198, 49.36], [108.563, 49.335], [107.95, 49.689], [107.984, 49.929], [107.176, 50.027], [107.007, 50.199], [106.663, 50.339], [106.245, 50.3], [105.989, 50.411], [105.336, 50.484], [104.418, 50.309], [104.112, 50.152], [103.826, 50.201], [103.706, 50.138], [103.317, 50.199], [103.224, 50.309], [102.919, 50.315], [102.312, 50.594], [102.355, 50.721], [102.236, 50.821], [102.255, 50.987], [102.168, 51.12], [102.224, 51.327], [101.601, 51.484], [101.386, 51.452], [100.557, 51.735], [99.947, 51.751], [99.729, 51.891], [99.345, 51.942], [98.934, 52.142], [98.708, 51.828], [98.338, 51.72], [98.236, 51.465], [98.058, 51.463], [97.831, 50.999], [98.009, 50.853], [97.967, 50.773], [98.066, 50.629], [98.318, 50.527], [98.293, 50.303], [98.102, 50.046], [97.719, 49.952], [97.348, 49.737], [97.171, 49.761], [97.007, 49.889], [96.718, 49.921], [96.614, 49.864], [96.107, 50.002], [95.957, 49.945], [95.826, 50.023], [95.524, 49.895], [95.064, 49.964], [94.98, 50.052], [94.629, 50.027], [94.387, 50.22], [94.284, 50.565], [93.113, 50.596], [92.971, 50.671], [92.968, 50.793], [92.813, 50.795], [92.67, 50.681], [92.323, 50.815], [92.221, 50.706], [91.78, 50.692], [91.458, 50.508], [91.002, 50.422], [90.699, 50.219], [90.049, 50.081], [90.006, 49.981], [89.644, 49.901], [89.722, 49.722], [89.373, 49.582], [89.223, 49.637], [89.189, 49.51], [89.008, 49.463], [88.925, 49.547], [88.852, 49.442], [88.221, 49.462], [88.134, 49.369], [88.157, 49.269], [87.839, 49.173], [87.899, 49.006], [87.761, 48.881], [88.059, 48.735], [87.992, 48.565], [88.517, 48.406], [88.66, 48.18], [88.937, 48.114], [89.078, 47.998], [89.549, 48.042], [89.786, 47.829], [90.071, 47.888], [90.1, 47.769], [90.459, 47.505], [90.544, 47.244], [90.711, 47.042], [90.914, 46.952], [91.043, 46.725], [91.061, 46.543], [90.922, 46.297], [91.027, 46.017], [90.719, 45.736], [90.682, 45.58], [90.897, 45.253], [91.561, 45.077], [93.555, 44.957], [94.717, 44.355], [95.029, 44.257], [95.411, 44.294], [95.341, 44.019], [95.533, 43.993], [95.879, 43.284], [96.357, 42.907], [96.39, 42.733], [97.165, 42.796], [99.51, 42.572], [100.313, 42.69], [100.842, 42.677], [101.815, 42.51], [102.077, 42.233], [102.712, 42.161], [103.416, 41.887], [103.849, 41.802], [104.527, 41.877], [104.524, 41.671], [104.931, 41.652], [105.007, 41.587], [105.222, 41.747], [105.855, 41.987], [107.476, 42.466], [108.847, 42.4], [109.517, 42.458], [110.441, 42.778], [110.992, 43.318], [111.958, 43.692], [111.879, 43.939], [111.677, 44.05], [111.421, 44.375], [111.78, 44.994], [111.981, 45.092], [112.427, 45.081], [112.853, 44.846], [113.638, 44.745], [114.454, 45.206], [114.545, 45.389], [115.475, 45.414], [116.19, 45.709], [116.39, 46.117], [116.586, 46.296], [116.842, 46.394], [117.371, 46.364], [117.425, 46.571], [117.602, 46.606], [117.717, 46.514], [118.315, 46.736], [118.776, 46.689], [118.867, 46.772], [119.301, 46.621], [119.706, 46.599], [119.904, 46.684], [119.922, 46.902], [119.725, 47.167], [119.149, 47.534], [119.117, 47.667], [118.767, 47.773], [118.539, 47.995], [117.805, 48.011], [117.383, 47.657], [116.875, 47.888], [116.262, 47.878], [115.923, 47.692], [115.594, 47.917], [115.55, 48.137], [115.836, 48.253], [115.811, 48.521], [116.084, 48.816], [116.716, 49.828]]]}, "properties": {"ep": "MNG-1924-11-26", "name": "Mongolia", "name_ru": "Монголия", "iso3": "MNG", "from": "1924-11-26", "to": "1966-01-14", "kind": "client_military", "kind_ru": "военное присутствие: база, советники", "event_from": "провозглашена Монгольская Народная Республика 26.11.1924; протокол о взаимопомощи 12.03.1936, советские войска на территории", "event_to": "договор о дружбе, сотрудничестве и взаимной помощи 15.01.1966", "source": "Протокол 12.03.1936; договор 1966 — International Legal Materials, март 1966 (cambridge.org/core, S0020782900047070a)", "confidence": "medium", "note": "Советские войска в Монголии с 1921 года, выведены в марте 1925. В 1932 году для подавления восстания СССР прислал самолёты, броневики и лётчиков, войска не вводил. Снова введены в 1936-1937 годах: мотоброневой полк (январь 1936), 7-я мотоброневая бригада (12.08.1937), затем 57-й особый корпус.", "gfrom": "1924-11-26", "gto": "1966-01-14", "geometry_source": "CShapes 2.0, gwcode 712 (1921-03-13..2019-12-31)"}}, {"type": "Feature", "geometry": {"type": "Polygon", "coordinates": [[[17.086, 47.97], [17.096, 47.962], [17.096, 47.956], [17.091, 47.949], [17.088, 47.941], [17.086, 47.939], [17.077, 47.935], [17.074, 47.932], [17.075, 47.928], [17.08, 47.926], [17.085, 47.925], [17.087, 47.923], [17.083, 47.905], [17.078, 47.892], [17.068, 47.882], [17.051, 47.873], [17.017, 47.868], [17.004, 47.863], [17.004, 47.852], [17.011, 47.848], [17.032, 47.841], [17.04, 47.837], [17.049, 47.819], [17.056, 47.812], [17.041, 47.801], [17.042, 47.784], [17.049, 47.764], [17.051, 47.731], [17.056, 47.721], [17.064, 47.713], [17.075, 47.708], [17.055, 47.702], [16.982, 47.695], [16.903, 47.682], [16.865, 47.687], [16.85, 47.713], [16.837, 47.705], [16.817, 47.684], [16.806, 47.677], [16.797, 47.675], [16.741, 47.681], [16.73, 47.686], [16.719, 47.694], [16.717, 47.697], [16.712, 47.704], [16.708, 47.715], [16.702, 47.724], [16.69, 47.73], [16.61, 47.751], [16.568, 47.754], [16.531, 47.743], [16.525, 47.733], [16.527, 47.72], [16.521, 47.712], [16.513, 47.706], [16.473, 47.692], [16.461, 47.685], [16.455, 47.682], [16.45, 47.682], [16.445, 47.686], [16.439, 47.69], [16.432, 47.685], [16.417, 47.669], [16.408, 47.661], [16.426, 47.654], [16.482, 47.639], [16.51, 47.643], [16.558, 47.63], [16.575, 47.625], [16.608, 47.629], [16.63, 47.622], [16.648, 47.606], [16.656, 47.586], [16.651, 47.567], [16.668, 47.56], [16.681, 47.551], [16.689, 47.538], [16.688, 47.523], [16.677, 47.51], [16.648, 47.502], [16.637, 47.493], [16.641, 47.453], [16.627, 47.446], [16.589, 47.426], [16.482, 47.392], [16.47, 47.406], [16.457, 47.412], [16.444, 47.41], [16.434, 47.397], [16.436, 47.359], [16.434, 47.356], [16.429, 47.354], [16.425, 47.351], [16.424, 47.345], [16.427, 47.341], [16.432, 47.34], [16.436, 47.339], [16.439, 47.337], [16.469, 47.293], [16.473, 47.277], [16.467, 47.263], [16.452, 47.255], [16.421, 47.243], [16.425, 47.226], [16.409, 47.204], [16.413, 47.187], [16.419, 47.184], [16.427, 47.184], [16.435, 47.184], [16.442, 47.177], [16.442, 47.168], [16.434, 47.151], [16.434, 47.146], [16.447, 47.14], [16.481, 47.151], [16.497, 47.15], [16.51, 47.138], [16.505, 47.126], [16.482, 47.105], [16.461, 47.096], [16.454, 47.082], [16.462, 47.068], [16.482, 47.064], [16.494, 47.06], [16.497, 47.055], [16.493, 47.049], [16.482, 47.044], [16.437, 47.032], [16.425, 47.024], [16.453, 47.022], [16.468, 47.018], [16.482, 47.009], [16.486, 46.999], [16.467, 46.995], [16.441, 46.995], [16.425, 46.993], [16.42, 46.99], [16.416, 46.989], [16.41, 46.99], [16.405, 46.993], [16.388, 47.002], [16.367, 47.004], [16.326, 47.0], [16.289, 47.006], [16.275, 47.004], [16.265, 46.993], [16.261, 46.978], [16.253, 46.974], [16.243, 46.972], [16.233, 46.966], [16.23, 46.96], [16.231, 46.954], [16.231, 46.948], [16.224, 46.941], [16.217, 46.937], [16.196, 46.931], [16.171, 46.919], [16.159, 46.91], [16.123, 46.876], [16.11, 46.868], [16.094, 46.863], [16.053, 46.846], [16.032, 46.838], [16.028, 46.837], [16.028, 46.842], [16.027, 46.853], [16.025, 46.855], [16.021, 46.859], [16.009, 46.866], [16.004, 46.871], [16.003, 46.877], [16.007, 46.894], [16.008, 46.904], [16.012, 46.913], [16.019, 46.923], [16.054, 46.944], [16.103, 46.988], [16.129, 47.014], [16.136, 47.025], [16.137, 47.032], [16.135, 47.04], [16.098, 47.072], [16.09, 47.083], [16.086, 47.097], [16.084, 47.107], [16.095, 47.138], [16.095, 47.165], [16.068, 47.238], [16.066, 47.253], [16.058, 47.291], [16.049, 47.319], [16.038, 47.344], [16.02, 47.372], [16.019, 47.381], [16.022, 47.389], [16.037, 47.404], [16.047, 47.411], [16.06, 47.412], [16.065, 47.406], [16.068, 47.399], [16.072, 47.395], [16.09, 47.402], [16.148, 47.443], [16.113, 47.463], [16.103, 47.478], [16.097, 47.489], [16.095, 47.493], [16.095, 47.5], [16.092, 47.508], [16.089, 47.512], [16.085, 47.515], [16.08, 47.517], [16.057, 47.508], [16.047, 47.506], [16.04, 47.506], [16.032, 47.509], [16.023, 47.515], [15.998, 47.524], [15.917, 47.533], [15.904, 47.556], [15.892, 47.572], [15.866, 47.585], [15.842, 47.585], [15.834, 47.586], [15.828, 47.589], [15.825, 47.595], [15.827, 47.6], [15.831, 47.609], [15.832, 47.617], [15.832, 47.623], [15.83, 47.629], [15.829, 47.632], [15.823, 47.64], [15.818, 47.644], [15.81, 47.647], [15.797, 47.645], [15.763, 47.633], [15.753, 47.632], [15.743, 47.637], [15.736, 47.65], [15.732, 47.661], [15.726, 47.69], [15.721, 47.697], [15.714, 47.702], [15.701, 47.704], [15.693, 47.702], [15.683, 47.702], [15.672, 47.704], [15.653, 47.711], [15.639, 47.717], [15.627, 47.729], [15.606, 47.743], [15.539, 47.747], [15.5, 47.766], [15.417, 47.793], [15.375, 47.82], [15.359, 47.824], [15.339, 47.825], [15.278, 47.815], [15.271, 47.815], [15.23, 47.819], [15.202, 47.796], [15.197, 47.788], [15.187, 47.78], [15.176, 47.776], [15.138, 47.77], [15.087, 47.757], [15.056, 47.751], [15.046, 47.751], [15.03, 47.753], [15.015, 47.752], [14.994, 47.749], [14.954, 47.737], [14.93, 47.727], [14.904, 47.723], [14.883, 47.725], [14.853, 47.742], [14.844, 47.748], [14.838, 47.751], [14.734, 47.75], [14.699, 47.769], [14.716, 47.794], [14.718, 47.806], [14.719, 47.829], [14.732, 47.866], [14.75, 47.883], [14.751, 47.902], [14.744, 47.91], [14.733, 47.918], [14.712, 47.929], [14.691, 47.937], [14.659, 47.944], [14.607, 47.961], [14.445, 48.043], [14.427, 48.057], [14.428, 48.062], [14.436, 48.063], [14.441, 48.065], [14.445, 48.069], [14.459, 48.086], [14.461, 48.089], [14.461, 48.094], [14.461, 48.097], [14.463, 48.099], [14.474, 48.108], [14.48, 48.114], [14.48, 48.118], [14.478, 48.121], [14.476, 48.124], [14.474, 48.128], [14.469, 48.156], [14.471, 48.162], [14.476, 48.17], [14.479, 48.178], [14.485, 48.218], [14.487, 48.225], [14.488, 48.227], [14.49, 48.229], [14.493, 48.231], [14.5, 48.235], [14.506, 48.237], [14.52, 48.245], [14.565, 48.244], [14.582, 48.24], [14.597, 48.233], [14.61, 48.223], [14.638, 48.197], [14.655, 48.187], [14.675, 48.182], [14.819, 48.206], [14.833, 48.213], [14.847, 48.227], [14.862, 48.237], [14.88, 48.242], [14.93, 48.244], [14.941, 48.242], [14.953, 48.237], [14.968, 48.225], [14.969, 48.247], [14.975, 48.334], [14.964, 48.383], [14.959, 48.392], [14.94, 48.402], [14.934, 48.434], [14.91, 48.44], [14.887, 48.461], [14.882, 48.471], [14.882, 48.48], [14.884, 48.486], [14.884, 48.495], [14.885, 48.499], [14.887, 48.5], [14.891, 48.501], [14.914, 48.5], [14.917, 48.502], [14.918, 48.506], [14.916, 48.516], [14.906, 48.527], [14.892, 48.535], [14.876, 48.539], [14.839, 48.542], [14.807, 48.553], [14.774, 48.563], [14.712, 48.572], [14.693, 48.584], [14.691, 48.587], [14.696, 48.59], [14.701, 48.616], [14.7, 48.646], [14.704, 48.673], [14.723, 48.693], [14.775, 48.724], [14.78, 48.743], [14.79, 48.755], [14.794, 48.767], [14.8, 48.777], [14.815, 48.78], [14.868, 48.776], [14.919, 48.762], [14.94, 48.763], [14.951, 48.78], [14.949, 48.782], [14.944, 48.789], [14.94, 48.797], [14.938, 48.803], [14.94, 48.81], [14.947, 48.822], [14.968, 48.885], [14.968, 48.913], [14.964, 48.943], [14.965, 48.972], [14.978, 48.993], [14.977, 48.998], [14.977, 49.003], [14.979, 49.006], [14.982, 49.008], [15.004, 49.01], [15.06, 48.997], [15.137, 48.993], [15.145, 48.979], [15.149, 48.965], [15.149, 48.952], [15.142, 48.937], [15.162, 48.937], [15.238, 48.951], [15.243, 48.953], [15.257, 48.964], [15.26, 48.969], [15.263, 48.983], [15.267, 48.987], [15.275, 48.987], [15.28, 48.983], [15.284, 48.978], [15.289, 48.975], [15.336, 48.975], [15.358, 48.971], [15.406, 48.955], [15.45, 48.945], [15.472, 48.937], [15.521, 48.908], [15.544, 48.903], [15.604, 48.887], [15.681, 48.858], [15.704, 48.855], [15.727, 48.855], [15.744, 48.858], [15.779, 48.871], [15.788, 48.872], [15.818, 48.872], [15.824, 48.869], [15.828, 48.857], [15.833, 48.852], [15.84, 48.85], [15.859, 48.849], [15.87, 48.844], [15.878, 48.842], [15.886, 48.842], [15.876, 48.833], [15.888, 48.835], [15.9, 48.835], [15.907, 48.83], [15.908, 48.82], [15.925, 48.823], [15.93, 48.818], [15.93, 48.811], [15.932, 48.806], [16.032, 48.758], [16.085, 48.743], [16.178, 48.747], [16.318, 48.733], [16.319, 48.734], [16.339, 48.736], [16.353, 48.728], [16.358, 48.727], [16.374, 48.73], [16.385, 48.737], [16.436, 48.795], [16.453, 48.802], [16.482, 48.799], [16.492, 48.8], [16.51, 48.805], [16.52, 48.806], [16.529, 48.804], [16.546, 48.796], [16.606, 48.785], [16.624, 48.783], [16.643, 48.778], [16.651, 48.766], [16.655, 48.752], [16.662, 48.74], [16.675, 48.734], [16.691, 48.732], [16.729, 48.733], [16.744, 48.73], [16.781, 48.714], [16.799, 48.709], [16.818, 48.711], [16.857, 48.72], [16.873, 48.719], [16.897, 48.697], [16.911, 48.631], [16.945, 48.604], [16.954, 48.557], [16.949, 48.545], [16.947, 48.54], [16.93, 48.528], [16.914, 48.519], [16.906, 48.51], [16.901, 48.497], [16.875, 48.472], [16.865, 48.458], [16.861, 48.444], [16.852, 48.39], [16.849, 48.384], [16.847, 48.381], [16.845, 48.377], [16.844, 48.366], [16.848, 48.36], [16.855, 48.356], [16.875, 48.355], [16.881, 48.353], [16.892, 48.347], [16.902, 48.339], [16.906, 48.331], [16.904, 48.327], [16.9, 48.321], [16.898, 48.316], [16.903, 48.314], [16.905, 48.312], [16.909, 48.307], [16.912, 48.301], [16.913, 48.297], [16.917, 48.291], [16.924, 48.288], [16.933, 48.285], [16.944, 48.278], [16.951, 48.277], [16.954, 48.273], [16.955, 48.269], [16.954, 48.257], [16.954, 48.253], [16.97, 48.217], [16.975, 48.199], [16.975, 48.177], [16.982, 48.161], [17.007, 48.143], [17.021, 48.137], [17.037, 48.136], [17.047, 48.131], [17.062, 48.113], [17.067, 48.107], [17.08, 48.098], [17.07, 48.089], [17.065, 48.079], [17.059, 48.06], [17.063, 48.059], [17.075, 48.052], [17.07, 48.036], [17.093, 48.027], [17.125, 48.02], [17.148, 48.005], [17.086, 47.97]]]}, "properties": {"ep": "AUT-SU-1946-01-01", "name": "Austria (Soviet zone)", "name_ru": "Австрия, советская зона", "iso3": "AUT-SU", "from": "1946-01-01", "to": "1955-10-25", "kind": "occupation", "kind_ru": "оккупационная зона", "event_from": "советская зона оккупации: Нижняя Австрия, Бургенланд и Вена", "event_to": "Государственный договор 15.05.1955 (в силе с 27.07.1955), войска выведены к концу октября; закон о нейтралитете 26.10.1955", "source": "Austrian State Treaty 15.05.1955: 2001-2009.state.gov/r/pa/ho/time/lw/107185.htm", "confidence": "high", "note": "Контур — Natural Earth admin-1: Нижняя Австрия, Бургенланд, Вена. Мюльфиртель (север Верхней Австрии за Дунаем) в советскую зону входил, но машиночитаемой линии по Дунаю у нас нет, и в контур он не вошёл. Занятую Европу до 31.12.1945 включительно ведёт слой Второй мировой, поэтому окно сферы открывается 01.01.1946.", "gfrom": "1946-01-01", "gto": "1955-10-25", "geometry_source": "Natural Earth admin-1, Austria: Burgenland, Niederösterreich, Wien"}}, {"type": "Feature", "geometry": {"type": "Polygon", "coordinates": [[[26.306, 44.031], [25.767, 43.703], [25.379, 43.623], [24.529, 43.761], [24.189, 43.685], [23.423, 43.856], [22.967, 43.817], [22.842, 43.897], [23.043, 44.073], [22.652, 44.213], [22.417, 44.002], [22.367, 43.827], [22.542, 43.476], [22.764, 43.387], [22.988, 43.131], [22.742, 42.892], [22.443, 42.82], [22.447, 42.599], [22.557, 42.48], [22.365, 42.324], [22.519, 42.15], [22.823, 42.027], [23.009, 41.766], [22.932, 41.343], [23.633, 41.378], [24.258, 41.57], [25.282, 41.243], [25.983, 41.32], [26.198, 41.439], [26.078, 41.714], [26.355, 41.713], [26.381, 41.822], [26.536, 41.828], [26.621, 41.973], [27.233, 42.11], [27.57, 41.909], [28.017, 41.988], [27.679, 42.418], [27.45, 42.473], [27.733, 42.711], [27.894, 42.703], [27.945, 43.167], [28.127, 43.395], [28.542, 43.438], [28.605, 43.534], [28.582, 43.753], [28.182, 43.785], [27.998, 43.86], [27.922, 44.004], [27.742, 43.959], [27.652, 44.042], [27.407, 44.022], [27.273, 44.132], [26.306, 44.031]]]}, "properties": {"ep": "BGR-1946-01-01", "name": "Bulgaria", "name_ru": "Болгария", "iso3": "BGR", "from": "1946-01-01", "to": "1947-12-15", "kind": "occupation", "kind_ru": "оккупационная зона", "event_from": "переворот 09.09.1944, перемирие 28.10.1944, Союзная контрольная комиссия, советские войска на территории", "event_to": "вывод войск по мирному договору 10.02.1947 — не позднее 15.12.1947", "source": "Парижские мирные договоры 1947; swiatsybiru.pl/en/the-red-army-in-bulgaria/", "confidence": "medium", "note": "Занятую Европу до 31.12.1945 включительно ведёт слой Второй мировой, поэтому окно сферы открывается 01.01.1946.", "gfrom": "1946-01-01", "gto": "1947-12-15", "geometry_source": "CShapes 2.0, gwcode 355 (1940-09-07..2019-12-31)"}}, {"type": "Feature", "geometry": {"type": "Polygon", "coordinates": [[[22.312, 48.676], [21.674, 48.735], [21.586, 48.672], [21.498, 48.705], [21.556, 48.826], [21.478, 48.93], [21.191, 48.97], [20.67, 48.735], [20.207, 48.748], [20.044, 48.631], [20.044, 48.552], [19.679, 48.422], [19.484, 48.513], [19.366, 48.357], [19.106, 48.305], [18.78, 48.357], [18.61, 48.227], [18.363, 48.37], [18.037, 48.24], [17.809, 48.24], [17.476, 48.383], [17.281, 48.357], [17.19, 48.266], [17.245, 48.025], [17.108, 47.971], [17.054, 47.709], [16.764, 47.685], [16.636, 47.76], [16.451, 47.698], [16.714, 47.544], [16.593, 47.425], [16.452, 47.413], [16.491, 47.282], [16.421, 47.21], [16.505, 47.007], [16.303, 47.011], [16.112, 46.87], [16.349, 46.842], [16.325, 46.756], [16.531, 46.509], [17.153, 46.18], [17.311, 45.975], [17.583, 45.938], [17.881, 45.784], [18.434, 45.751], [19.093, 46.022], [19.284, 45.989], [19.565, 46.173], [20.622, 46.131], [20.825, 46.276], [21.081, 46.247], [21.289, 46.461], [21.328, 46.621], [21.526, 46.726], [21.654, 47.024], [22.013, 47.39], [22.038, 47.534], [22.274, 47.726], [22.654, 47.776], [22.895, 47.954], [22.847, 48.083], [22.626, 48.1], [22.27, 48.402], [22.151, 48.411], [22.16, 48.578], [22.312, 48.676]]]}, "properties": {"ep": "HUN-1946-01-01", "name": "Hungary", "name_ru": "Венгрия", "iso3": "HUN", "from": "1946-01-01", "to": "1947-02-09", "kind": "occupation", "kind_ru": "оккупационная зона", "event_from": "Союзная контрольная комиссия во главе с Ворошиловым по перемирию 20.01.1945", "event_to": "Парижский мирный договор 10.02.1947", "source": "Парижские мирные договоры 1947: en.wikipedia.org/wiki/Paris_Peace_Treaties,_1947", "confidence": "high", "note": "Занятую Европу до 31.12.1945 включительно ведёт слой Второй мировой, поэтому окно сферы открывается 01.01.1946.", "gfrom": "1946-01-01", "gto": "1947-02-09", "geometry_source": "CShapes 2.0, gwcode 310 (1938-11-02..1947-02-09)"}}, {"type": "Feature", "geometry": {"type": "MultiPolygon", "coordinates": [[[[12.452, 54.25], [12.55, 54.361], [13.024, 54.4], [13.119, 54.276], [13.455, 54.097], [13.711, 54.171], [13.865, 53.904], [13.809, 53.855], [14.276, 53.699], [14.413, 53.339], [14.392, 53.144], [14.148, 52.959], [14.149, 52.863], [14.64, 52.573], [14.534, 52.396], [14.58, 52.288], [14.7, 52.25], [14.761, 52.07], [14.601, 51.82], [14.756, 51.667], [14.715, 51.555], [14.953, 51.47], [15.034, 51.287], [14.802, 50.82], [14.619, 50.858], [14.569, 51.006], [14.306, 51.052], [14.258, 50.995], [14.368, 50.935], [14.311, 50.882], [13.582, 50.709], [12.989, 50.42], [12.515, 50.392], [12.323, 50.207], [11.812, 50.414], [11.651, 50.667], [11.57, 50.614], [11.596, 50.334], [11.063, 50.555], [11.106, 50.351], [10.973, 50.337], [10.798, 50.594], [10.29, 50.898], [10.267, 51.172], [10.14, 51.258], [10.192, 51.973], [10.614, 52.062], [10.645, 52.176], [10.569, 52.268], [10.752, 52.684], [10.721, 52.939], [11.007, 53.024], [11.047, 53.123], [10.878, 53.214], [10.814, 53.436], [10.948, 53.621], [10.821, 53.718], [10.867, 53.909], [11.095, 54.014], [11.413, 53.92], [11.696, 54.154], [12.13, 54.191], [12.527, 54.474], [12.922, 54.427], [12.464, 54.395], [12.366, 54.305], [12.452, 54.25]]], [[[13.249, 54.558], [13.227, 54.641], [13.427, 54.682], [13.407, 54.589], [13.675, 54.567], [13.577, 54.457], [13.711, 54.381], [13.729, 54.275], [13.687, 54.349], [13.506, 54.342], [13.358, 54.273], [13.395, 54.222], [13.119, 54.337], [13.264, 54.38], [13.147, 54.546], [13.304, 54.55], [13.367, 54.58], [13.516, 54.512], [13.375, 54.61], [13.249, 54.558]]], [[[14.219, 53.869], [13.829, 53.86], [14.056, 53.985], [13.954, 54.061], [13.859, 53.999], [13.811, 54.104], [13.758, 54.147], [13.827, 54.143], [14.226, 53.929], [14.219, 53.869]]]]}, "properties": {"ep": "DDR-1946-01-01", "name": "Germany (Soviet zone)", "name_ru": "Германия, советская зона", "iso3": "DDR", "from": "1946-01-01", "to": "1949-10-06", "kind": "occupation", "kind_ru": "оккупационная зона", "event_from": "Советская военная администрация в Германии (СВАГ); группа советских оккупационных войск создана 09.06.1945", "event_to": "провозглашена ГДР 07.10.1949", "source": "Group of Soviet Forces in Germany, en.wikipedia.org/wiki/Group_of_Soviet_Forces_in_Germany; Потсдамское соглашение 02.08.1945", "confidence": "medium", "note": "Занятую Европу до 31.12.1945 включительно ведёт слой Второй мировой, поэтому окно сферы открывается 01.01.1946.", "gfrom": "1946-01-01", "gto": "1949-10-04", "geometry_source": "CShapes 2.0, gwcode 265 (1945-05-08..1949-10-04)"}}, {"type": "Feature", "geometry": {"type": "MultiPolygon", "coordinates": [[[[12.452, 54.25], [12.55, 54.361], [13.024, 54.4], [13.119, 54.276], [13.455, 54.097], [13.711, 54.171], [13.865, 53.904], [13.809, 53.855], [14.276, 53.699], [14.413, 53.339], [14.392, 53.144], [14.148, 52.959], [14.149, 52.863], [14.64, 52.573], [14.534, 52.396], [14.58, 52.288], [14.7, 52.25], [14.761, 52.07], [14.601, 51.82], [14.756, 51.667], [14.715, 51.555], [14.953, 51.47], [15.034, 51.287], [14.802, 50.82], [14.619, 50.858], [14.569, 51.006], [14.306, 51.052], [14.258, 50.995], [14.368, 50.935], [14.311, 50.882], [13.582, 50.709], [12.989, 50.42], [12.515, 50.392], [12.323, 50.207], [11.812, 50.414], [11.651, 50.667], [11.57, 50.614], [11.596, 50.334], [11.063, 50.555], [11.106, 50.351], [10.973, 50.337], [10.798, 50.594], [10.29, 50.898], [10.267, 51.172], [10.14, 51.258], [10.192, 51.973], [10.614, 52.062], [10.645, 52.176], [10.569, 52.268], [10.752, 52.684], [10.721, 52.939], [11.007, 53.024], [11.047, 53.123], [10.878, 53.214], [10.814, 53.436], [10.948, 53.621], [10.821, 53.718], [10.867, 53.909], [11.095, 54.014], [11.413, 53.92], [11.696, 54.154], [12.13, 54.191], [12.527, 54.474], [12.922, 54.427], [12.464, 54.395], [12.366, 54.305], [12.452, 54.25]]], [[[13.249, 54.558], [13.227, 54.641], [13.427, 54.682], [13.407, 54.589], [13.675, 54.567], [13.577, 54.457], [13.711, 54.381], [13.729, 54.275], [13.687, 54.349], [13.506, 54.342], [13.358, 54.273], [13.395, 54.222], [13.119, 54.337], [13.264, 54.38], [13.147, 54.546], [13.304, 54.55], [13.367, 54.58], [13.516, 54.512], [13.375, 54.61], [13.249, 54.558]]], [[[14.219, 53.869], [13.829, 53.86], [14.056, 53.985], [13.954, 54.061], [13.859, 53.999], [13.811, 54.104], [13.758, 54.147], [13.827, 54.143], [14.226, 53.929], [14.219, 53.869]]]]}, "properties": {"ep": "DDR-1946-01-01", "name": "Germany (Soviet zone)", "name_ru": "Германия, советская зона", "iso3": "DDR", "from": "1946-01-01", "to": "1949-10-06", "kind": "occupation", "kind_ru": "оккупационная зона", "event_from": "Советская военная администрация в Германии (СВАГ); группа советских оккупационных войск создана 09.06.1945", "event_to": "провозглашена ГДР 07.10.1949", "source": "Group of Soviet Forces in Germany, en.wikipedia.org/wiki/Group_of_Soviet_Forces_in_Germany; Потсдамское соглашение 02.08.1945", "confidence": "medium", "note": "Занятую Европу до 31.12.1945 включительно ведёт слой Второй мировой, поэтому окно сферы открывается 01.01.1946.", "gfrom": "1949-10-05", "gto": "1949-10-06", "geometry_source": "CShapes 2.0, gwcode 265 (1949-10-05..1990-10-02)"}}, {"type": "Feature", "geometry": {"type": "Polygon", "coordinates": [[[119.715, 46.718], [119.816, 46.843], [119.795, 46.966], [119.13, 47.637], [118.529, 47.952], [117.914, 48.046], [117.378, 47.692], [116.91, 47.949], [116.312, 47.914], [115.74, 47.716], [115.596, 48.105], [116.76, 49.93], [117.491, 49.586], [117.645, 49.594], [119.291, 50.125], [119.322, 50.368], [119.137, 50.59], [119.182, 50.702], [120.129, 51.733], [120.746, 52.007], [120.821, 52.364], [120.773, 52.476], [120.564, 52.614], [119.943, 52.591], [120.165, 52.831], [120.917, 53.259], [122.94, 53.488], [123.353, 53.51], [123.869, 53.413], [124.643, 53.112], [125.509, 53.157], [125.853, 52.947], [126.186, 52.518], [127.516, 49.874], [127.94, 49.609], [129.187, 49.342], [130.384, 48.964], [130.476, 48.9], [130.925, 47.732], [132.269, 47.778], [132.969, 48.016], [134.112, 48.249], [134.628, 48.213], [134.71, 47.921], [134.717, 47.694], [134.165, 47.335], [133.667, 46.135], [132.989, 45.144], [132.778, 44.988], [131.74, 45.259], [130.991, 44.817], [130.969, 44.567], [131.147, 43.868], [131.089, 43.361], [131.14, 43.227], [130.84, 42.885], [130.226, 42.651], [129.966, 42.957], [129.854, 42.957], [129.568, 42.737], [129.464, 42.417], [129.035, 42.177], [128.756, 42.061], [127.984, 42.108], [127.861, 41.998], [127.849, 41.845], [128.098, 41.449], [127.861, 41.378], [127.423, 41.356], [127.194, 41.425], [126.972, 41.539], [126.849, 41.718], [126.474, 41.652], [126.166, 41.189], [125.879, 40.945], [124.725, 40.428], [124.491, 40.28], [124.134, 39.843], [123.039, 39.672], [122.027, 39.256], [121.216, 38.757], [121.065, 38.75], [121.66, 39.332], [121.282, 39.35], [121.239, 39.554], [122.108, 40.354], [122.082, 40.488], [121.754, 40.737], [121.427, 40.864], [121.011, 40.851], [120.273, 40.152], [119.824, 40.042], [119.337, 39.786], [119.66, 41.054], [120.451, 41.581], [120.978, 42.504], [121.308, 42.636], [121.769, 44.152], [121.308, 44.416], [120.912, 44.218], [120.583, 44.482], [119.857, 44.152], [119.528, 44.614], [119.726, 45.075], [119.66, 45.207], [119.857, 45.602], [119.66, 45.8], [119.715, 46.718]]]}, "properties": {"ep": "MCH-1946-01-01", "name": "Manchuria", "name_ru": "Маньчжурия", "iso3": "MCH", "from": "1946-01-01", "to": "1946-05-03", "kind": "occupation", "kind_ru": "оккупационная зона", "event_from": "советские войска в Маньчжурии с 09.08.1945, вывоз промышленного оборудования", "event_to": "вывод завершён 03.05.1946", "source": "Soviet occupation of Manchuria, en.wikipedia.org/wiki/Soviet_occupation_of_Manchuria", "confidence": "medium", "note": "Отдельным государством Маньчжурию не знает ни CShapes, ни ISO — контур взят из historical-basemaps, срез 1945. Занятую Европу до 31.12.1945 включительно ведёт слой Второй мировой, поэтому окно сферы открывается 01.01.1946.", "gfrom": "1946-01-01", "gto": "1946-05-03", "geometry_source": "historical-basemaps, срез 1945, NAME=Manchuria"}}, {"type": "Feature", "geometry": {"type": "Polygon", "coordinates": [[[19.651, 54.456], [18.844, 54.352], [18.595, 54.428], [18.406, 54.738], [18.706, 54.694], [18.821, 54.594], [18.74, 54.685], [18.336, 54.836], [17.919, 54.827], [16.544, 54.545], [16.175, 54.259], [14.226, 53.929], [14.339, 53.805], [14.477, 53.865], [14.614, 53.816], [14.525, 53.661], [14.276, 53.699], [14.413, 53.339], [14.392, 53.144], [14.148, 52.959], [14.149, 52.863], [14.64, 52.573], [14.534, 52.396], [14.58, 52.288], [14.7, 52.25], [14.761, 52.07], [14.601, 51.82], [14.756, 51.667], [14.715, 51.555], [14.953, 51.47], [15.034, 51.287], [14.827, 50.861], [15.004, 50.867], [15.016, 50.974], [15.177, 51.015], [15.38, 50.779], [15.787, 50.744], [16.024, 50.63], [16.332, 50.664], [16.447, 50.579], [16.219, 50.41], [16.442, 50.316], [16.64, 50.109], [17.002, 50.217], [16.891, 50.439], [17.433, 50.27], [17.724, 50.319], [17.764, 50.209], [17.606, 50.163], [17.84, 49.99], [18.053, 50.056], [18.579, 49.91], [18.634, 49.738], [18.811, 49.673], [18.975, 49.402], [19.16, 49.4], [19.476, 49.6], [19.659, 49.407], [19.778, 49.407], [19.783, 49.2], [20.073, 49.178], [20.144, 49.315], [20.361, 49.393], [20.741, 49.389], [20.914, 49.296], [21.072, 49.422], [21.613, 49.437], [21.959, 49.34], [22.03, 49.22], [22.886, 49.003], [22.877, 49.087], [22.704, 49.17], [22.759, 49.286], [22.682, 49.573], [23.304, 50.101], [23.718, 50.384], [24.002, 50.414], [24.111, 50.567], [23.954, 50.792], [24.143, 50.86], [23.732, 51.215], [23.693, 51.402], [23.539, 51.593], [23.639, 52.079], [23.165, 52.282], [23.397, 52.514], [23.941, 52.75], [23.933, 53.012], [23.617, 53.614], [23.484, 54.138], [22.863, 54.408], [21.412, 54.326], [19.797, 54.438], [19.371, 54.269], [19.231, 54.334], [19.651, 54.456]]]}, "properties": {"ep": "POL-1946-01-01", "name": "Poland", "name_ru": "Польша", "iso3": "POL", "from": "1946-01-01", "to": "1947-01-18", "kind": "occupation", "kind_ru": "оккупационная зона", "event_from": "советская военная администрация и органы НКВД, Северная группа войск на территории", "event_to": "сфальсифицированные выборы 19.01.1947 — монополия ППР", "source": "Northern Group of Forces, en.wikipedia.org/wiki/Northern_Group_of_Forces; Ялтинские и Потсдамские решения", "confidence": "medium", "note": "Занятую Европу до 31.12.1945 включительно ведёт слой Второй мировой, поэтому окно сферы открывается 01.01.1946.", "gfrom": "1946-01-01", "gto": "1947-01-18", "geometry_source": "CShapes 2.0, gwcode 290 (1945-05-08..2019-12-31)"}}, {"type": "Feature", "geometry": {"type": "Polygon", "coordinates": [[[28.582, 43.753], [28.66, 43.976], [28.63, 44.297], [28.928, 44.617], [28.758, 44.52], [28.763, 44.626], [28.82, 44.617], [28.957, 44.69], [28.948, 44.631], [28.991, 44.686], [28.902, 44.707], [28.781, 44.661], [28.947, 44.827], [28.869, 44.941], [29.044, 45.003], [29.103, 44.963], [29.067, 44.823], [29.214, 44.793], [29.608, 44.845], [29.669, 45.295], [29.581, 45.389], [29.322, 45.439], [28.701, 45.22], [28.343, 45.316], [28.174, 45.472], [28.069, 45.583], [28.167, 45.668], [28.091, 46.076], [28.248, 46.427], [28.247, 46.608], [28.08, 46.981], [27.576, 47.366], [27.299, 47.659], [27.159, 47.986], [26.817, 48.247], [26.326, 48.179], [26.159, 47.985], [25.334, 47.917], [24.929, 47.713], [24.564, 47.951], [24.128, 47.912], [23.41, 48.001], [23.152, 48.106], [22.654, 47.776], [22.321, 47.747], [22.038, 47.534], [22.013, 47.39], [21.654, 47.024], [21.492, 46.686], [21.328, 46.621], [21.177, 46.297], [20.825, 46.276], [20.622, 46.131], [20.487, 46.181], [20.26, 46.116], [20.718, 45.744], [20.802, 45.759], [20.808, 45.479], [21.049, 45.316], [21.478, 45.186], [21.514, 45.143], [21.373, 45.014], [21.554, 44.892], [21.369, 44.861], [21.399, 44.783], [21.566, 44.772], [21.643, 44.661], [21.997, 44.633], [22.137, 44.48], [22.429, 44.712], [22.713, 44.605], [22.739, 44.533], [22.586, 44.548], [22.46, 44.461], [22.685, 44.221], [23.043, 44.073], [22.882, 43.985], [22.894, 43.836], [23.423, 43.856], [24.189, 43.685], [24.562, 43.759], [25.379, 43.623], [25.767, 43.703], [26.136, 43.983], [27.036, 44.147], [27.273, 44.132], [27.407, 44.022], [27.652, 44.042], [27.742, 43.959], [27.922, 44.004], [28.038, 43.835], [28.582, 43.753]]]}, "properties": {"ep": "ROU-1946-01-01", "name": "Romania", "name_ru": "Румыния", "iso3": "ROU", "from": "1946-01-01", "to": "1947-02-09", "kind": "occupation", "kind_ru": "оккупационная зона", "event_from": "Союзная контрольная комиссия по перемирию 12.09.1944", "event_to": "Парижский мирный договор 10.02.1947", "source": "ENRS, enrs.eu/news/romania-signs-the-armistice-with-the-allies; Парижские договоры 1947", "confidence": "high", "note": "Занятую Европу до 31.12.1945 включительно ведёт слой Второй мировой, поэтому окно сферы открывается 01.01.1946.", "gfrom": "1946-01-01", "gto": "1947-02-09", "geometry_source": "CShapes 2.0, gwcode 360 (1940-09-07..2019-12-31)"}}, {"type": "Feature", "geometry": {"type": "Polygon", "coordinates": [[[130.697, 42.292], [130.514, 42.568], [130.247, 42.714], [130.251, 42.888], [129.905, 43.005], [129.696, 42.436], [129.515, 42.387], [129.349, 42.446], [129.246, 42.376], [129.211, 42.221], [128.927, 42.027], [128.057, 42.001], [128.098, 41.803], [128.3, 41.583], [128.153, 41.381], [127.271, 41.472], [126.905, 41.792], [126.566, 41.612], [126.51, 41.39], [126.012, 40.897], [125.696, 40.856], [124.555, 40.242], [124.375, 40.097], [124.324, 39.916], [124.562, 39.8], [124.636, 39.598], [124.741, 39.629], [124.745, 39.773], [125.12, 39.559], [125.45, 39.572], [125.338, 39.435], [125.412, 39.28], [125.141, 38.798], [125.283, 38.697], [125.517, 38.718], [125.653, 38.625], [125.447, 38.701], [124.993, 38.586], [124.862, 38.229], [124.67, 38.12], [125.257, 38.077], [124.983, 37.933], [125.132, 37.868], [125.24, 37.927], [125.51, 37.886], [125.34, 37.676], [125.724, 37.911], [125.605, 38.026], [125.804, 37.985], [125.92, 37.836], [125.985, 37.829], [125.97, 37.906], [126.149, 37.734], [126.144, 37.818], [126.389, 37.887], [126.625, 37.789], [127.131, 38.298], [128.055, 38.307], [128.225, 38.382], [128.363, 38.677], [128.011, 38.858], [127.783, 39.088], [127.376, 39.235], [127.375, 39.372], [127.457, 39.42], [127.558, 39.319], [127.518, 39.74], [127.869, 39.886], [128.001, 40.037], [128.332, 40.054], [128.598, 40.174], [128.637, 40.273], [129.108, 40.478], [129.215, 40.679], [129.702, 40.831], [129.804, 41.377], [129.667, 41.48], [129.698, 41.646], [129.984, 41.98], [130.421, 42.312], [130.697, 42.292]]]}, "properties": {"ep": "PRK-1946-01-01", "name": "North Korea", "name_ru": "Северная Корея", "iso3": "PRK", "from": "1946-01-01", "to": "1948-12-25", "kind": "occupation", "kind_ru": "оккупационная зона", "event_from": "советская гражданская администрация севернее 38-й параллели с августа 1945", "event_to": "СССР объявил о завершении вывода войск 25.12.1948, около 3 тысяч советников остались", "source": "FRUS 1949, vol. VII, part 2, doc. 266 (history.state.gov/historicaldocuments/frus1949v07p2/d266)", "confidence": "medium", "note": "Занятую Европу до 31.12.1945 включительно ведёт слой Второй мировой, поэтому окно сферы открывается 01.01.1946.", "gfrom": "1946-01-01", "gto": "1948-09-08", "geometry_source": "CShapes 2.0, gwcode 731 (1945-08-15..1948-09-08)"}}, {"type": "Feature", "geometry": {"type": "Polygon", "coordinates": [[[130.697, 42.292], [130.514, 42.568], [130.247, 42.714], [130.251, 42.888], [129.905, 43.005], [129.696, 42.436], [129.515, 42.387], [129.349, 42.446], [129.246, 42.376], [129.211, 42.221], [128.927, 42.027], [128.057, 42.001], [128.098, 41.803], [128.3, 41.583], [128.153, 41.381], [127.271, 41.472], [126.905, 41.792], [126.566, 41.612], [126.51, 41.39], [126.012, 40.897], [125.696, 40.856], [124.555, 40.242], [124.375, 40.097], [124.324, 39.916], [124.562, 39.8], [124.636, 39.598], [124.741, 39.629], [124.745, 39.773], [125.12, 39.559], [125.45, 39.572], [125.338, 39.435], [125.412, 39.28], [125.141, 38.798], [125.283, 38.697], [125.517, 38.718], [125.653, 38.625], [125.447, 38.701], [124.993, 38.586], [124.862, 38.229], [124.67, 38.12], [125.257, 38.077], [124.983, 37.933], [125.132, 37.868], [125.24, 37.927], [125.51, 37.886], [125.34, 37.676], [125.724, 37.911], [125.605, 38.026], [125.804, 37.985], [125.92, 37.836], [125.985, 37.829], [125.97, 37.906], [126.149, 37.734], [126.144, 37.818], [126.389, 37.887], [126.625, 37.789], [127.131, 38.298], [128.055, 38.307], [128.225, 38.382], [128.363, 38.677], [128.011, 38.858], [127.783, 39.088], [127.376, 39.235], [127.375, 39.372], [127.457, 39.42], [127.558, 39.319], [127.518, 39.74], [127.869, 39.886], [128.001, 40.037], [128.332, 40.054], [128.598, 40.174], [128.637, 40.273], [129.108, 40.478], [129.215, 40.679], [129.702, 40.831], [129.804, 41.377], [129.667, 41.48], [129.698, 41.646], [129.984, 41.98], [130.421, 42.312], [130.697, 42.292]]]}, "properties": {"ep": "PRK-1946-01-01", "name": "North Korea", "name_ru": "Северная Корея", "iso3": "PRK", "from": "1946-01-01", "to": "1948-12-25", "kind": "occupation", "kind_ru": "оккупационная зона", "event_from": "советская гражданская администрация севернее 38-й параллели с августа 1945", "event_to": "СССР объявил о завершении вывода войск 25.12.1948, около 3 тысяч советников остались", "source": "FRUS 1949, vol. VII, part 2, doc. 266 (history.state.gov/historicaldocuments/frus1949v07p2/d266)", "confidence": "medium", "note": "Занятую Европу до 31.12.1945 включительно ведёт слой Второй мировой, поэтому окно сферы открывается 01.01.1946.", "gfrom": "1948-09-09", "gto": "1948-12-25", "geometry_source": "CShapes 2.0, gwcode 731 (1948-09-09..2019-12-31)"}}, {"type": "Feature", "geometry": {"type": "Polygon", "coordinates": [[[19.754, 42.641], [19.718, 42.66], [19.652, 42.623], [19.633, 42.603], [19.611, 42.571], [19.609, 42.543], [19.52, 42.449], [19.289, 42.183], [19.332, 42.153], [19.378, 42.123], [19.399, 42.104], [19.376, 42.073], [19.347, 41.956], [19.343, 41.913], [19.368, 41.849], [19.416, 41.861], [19.44, 41.861], [19.479, 41.852], [19.522, 41.836], [19.525, 41.835], [19.598, 41.806], [19.599, 41.78], [19.582, 41.696], [19.576, 41.69], [19.587, 41.639], [19.585, 41.606], [19.572, 41.592], [19.567, 41.585], [19.531, 41.574], [19.52, 41.57], [19.442, 41.407], [19.447, 41.358], [19.452, 41.31], [19.46, 41.309], [19.475, 41.309], [19.499, 41.294], [19.51, 41.276], [19.513, 41.259], [19.514, 41.254], [19.474, 41.133], [19.451, 41.06], [19.436, 41.021], [19.461, 41.007], [19.509, 40.973], [19.519, 40.947], [19.523, 40.937], [19.522, 40.91], [19.471, 40.883], [19.46, 40.884], [19.452, 40.884], [19.423, 40.871], [19.413, 40.866], [19.413, 40.862], [19.405, 40.82], [19.356, 40.696], [19.307, 40.645], [19.338, 40.619], [19.393, 40.581], [19.4, 40.58], [19.418, 40.577], [19.44, 40.569], [19.454, 40.564], [19.488, 40.439], [19.487, 40.435], [19.479, 40.355], [19.464, 40.337], [19.449, 40.332], [19.433, 40.327], [19.408, 40.349], [19.407, 40.35], [19.403, 40.37], [19.392, 40.388], [19.342, 40.431], [19.319, 40.439], [19.29, 40.421], [19.401, 40.28], [19.451, 40.227], [19.503, 40.197], [19.584, 40.163], [19.617, 40.149], [19.659, 40.132], [19.731, 40.103], [19.755, 40.083], [19.833, 40.053], [19.841, 40.051], [19.857, 40.043], [19.938, 39.937], [19.988, 39.867], [19.984, 39.765], [19.984, 39.764], [19.985, 39.695], [20.019, 39.692], [20.058, 39.684], [20.097, 39.676], [20.141, 39.656], [20.167, 39.65], [20.196, 39.645], [20.22, 39.647], [20.318, 39.734], [20.298, 39.772], [20.3, 39.81], [20.379, 39.788], [20.405, 39.802], [20.413, 39.82], [20.411, 39.845], [20.37, 39.891], [20.337, 39.923], [20.315, 39.992], [20.43, 40.063], [20.456, 40.073], [20.48, 40.066], [20.556, 40.066], [20.583, 40.071], [20.605, 40.075], [20.621, 40.085], [20.667, 40.096], [20.721, 40.225], [20.714, 40.27], [20.737, 40.307], [20.759, 40.312], [20.787, 40.395], [20.792, 40.432], [20.833, 40.462], [20.92, 40.464], [20.95, 40.47], [21.042, 40.564], [21.053, 40.621], [21.051, 40.674], [21.027, 40.709], [20.984, 40.793], [20.983, 40.856], [20.981, 40.897], [20.963, 40.911], [20.944, 40.919], [20.837, 40.927], [20.814, 40.905], [20.741, 40.91], [20.663, 41.089], [20.601, 41.093], [20.578, 41.163], [20.519, 41.246], [20.503, 41.304], [20.499, 41.342], [20.524, 41.35], [20.55, 41.373], [20.562, 41.409], [20.509, 41.46], [20.471, 41.499], [20.459, 41.521], [20.466, 41.556], [20.534, 41.635], [20.518, 41.744], [20.534, 41.777], [20.569, 41.875], [20.59, 41.882], [20.585, 41.91], [20.603, 41.935], [20.622, 41.957], [20.609, 41.997], [20.595, 42.044], [20.525, 42.213], [20.506, 42.233], [20.458, 42.274], [20.431, 42.285], [20.381, 42.306], [20.356, 42.312], [20.25, 42.327], [20.242, 42.353], [20.223, 42.428], [20.197, 42.463], [20.156, 42.513], [20.135, 42.521], [20.102, 42.533], [20.086, 42.548], [20.064, 42.562], [19.927, 42.516], [19.823, 42.472], [19.794, 42.484], [19.769, 42.501], [19.747, 42.545], [19.765, 42.588], [19.754, 42.641]]]}, "properties": {"ep": "ALB-1946-01-11", "name": "Albania", "name_ru": "Албания", "iso3": "ALB", "from": "1946-01-11", "to": "1961-12-03", "kind": "bloc", "kind_ru": "блок: ОВД или СЭВ, войска на территории", "event_from": "провозглашена Народная Республика Албания 11.01.1946; СЭВ с февраля 1949, ОВД с 14.05.1955; советская база подводных лодок во Влёре (Паша-Лиман)", "event_to": "разрыв дипломатических отношений 03.12.1961 — Тирана осталась со Сталиным против Хрущёва", "source": "Варшавский договор: UNTS т. 219, № I-2962; разрыв — gw2ru.com/history/61622-albania-remained-true-to-stalin; база — en.wikipedia.org/wiki/Vlora_incident", "confidence": "medium", "note": "Восемь советских подлодок выведены из Влёры 26.05.1961, четыре Албания удержала силой. Из ОВД формально вышла 13.09.1968 в ответ на вторжение в Чехословакию, но участия не принимала с 1961 года.", "gfrom": "1946-01-11", "gto": "1961-12-03", "geometry_source": "CShapes 2.0, gwcode 339 (1920-02-11..2019-12-31)"}}, {"type": "Feature", "geometry": {"type": "Polygon", "coordinates": [[[19.651, 54.456], [18.844, 54.352], [18.595, 54.428], [18.406, 54.738], [18.706, 54.694], [18.821, 54.594], [18.74, 54.685], [18.336, 54.836], [17.919, 54.827], [16.544, 54.545], [16.175, 54.259], [14.226, 53.929], [14.339, 53.805], [14.477, 53.865], [14.614, 53.816], [14.525, 53.661], [14.276, 53.699], [14.413, 53.339], [14.392, 53.144], [14.148, 52.959], [14.149, 52.863], [14.64, 52.573], [14.534, 52.396], [14.58, 52.288], [14.7, 52.25], [14.761, 52.07], [14.601, 51.82], [14.756, 51.667], [14.715, 51.555], [14.953, 51.47], [15.034, 51.287], [14.827, 50.861], [15.004, 50.867], [15.016, 50.974], [15.177, 51.015], [15.38, 50.779], [15.787, 50.744], [16.024, 50.63], [16.332, 50.664], [16.447, 50.579], [16.219, 50.41], [16.442, 50.316], [16.64, 50.109], [17.002, 50.217], [16.891, 50.439], [17.433, 50.27], [17.724, 50.319], [17.764, 50.209], [17.606, 50.163], [17.84, 49.99], [18.053, 50.056], [18.579, 49.91], [18.634, 49.738], [18.811, 49.673], [18.975, 49.402], [19.16, 49.4], [19.476, 49.6], [19.659, 49.407], [19.778, 49.407], [19.783, 49.2], [20.073, 49.178], [20.144, 49.315], [20.361, 49.393], [20.741, 49.389], [20.914, 49.296], [21.072, 49.422], [21.613, 49.437], [21.959, 49.34], [22.03, 49.22], [22.886, 49.003], [22.877, 49.087], [22.704, 49.17], [22.759, 49.286], [22.682, 49.573], [23.304, 50.101], [23.718, 50.384], [24.002, 50.414], [24.111, 50.567], [23.954, 50.792], [24.143, 50.86], [23.732, 51.215], [23.693, 51.402], [23.539, 51.593], [23.639, 52.079], [23.165, 52.282], [23.397, 52.514], [23.941, 52.75], [23.933, 53.012], [23.617, 53.614], [23.484, 54.138], [22.863, 54.408], [21.412, 54.326], [19.797, 54.438], [19.371, 54.269], [19.231, 54.334], [19.651, 54.456]]]}, "properties": {"ep": "POL-1947-01-19", "name": "Poland", "name_ru": "Польша", "iso3": "POL", "from": "1947-01-19", "to": "1989-09-11", "kind": "bloc", "kind_ru": "блок: ОВД или СЭВ, войска на территории", "event_from": "выборы 19.01.1947 закрепили монополию ППР/ПОРП; СЭВ с января 1949, ОВД с 14.05.1955, Северная группа войск", "event_to": "правительство Мазовецкого 12.09.1989 — первое некоммунистическое в блоке", "source": "Варшавский договор: UNTS т. 219, № I-2962; СЭВ — Oxford Public International Law, opil.ouplaw.com (law-9780199231690-e606)", "confidence": "high", "note": "", "gfrom": "1947-01-19", "gto": "1989-09-11", "geometry_source": "CShapes 2.0, gwcode 290 (1945-05-08..2019-12-31)"}}, {"type": "Feature", "geometry": {"type": "Polygon", "coordinates": [[[22.27, 48.402], [21.781, 48.341], [21.438, 48.575], [21.153, 48.511], [20.653, 48.562], [20.501, 48.504], [20.317, 48.27], [19.94, 48.136], [19.631, 48.234], [19.472, 48.089], [18.845, 48.049], [18.76, 47.915], [18.852, 47.825], [18.663, 47.76], [17.787, 47.746], [17.174, 48.017], [17.061, 47.877], [17.054, 47.709], [16.764, 47.685], [16.636, 47.76], [16.451, 47.698], [16.714, 47.544], [16.593, 47.425], [16.452, 47.413], [16.491, 47.282], [16.421, 47.21], [16.505, 47.007], [16.303, 47.011], [16.112, 46.87], [16.349, 46.842], [16.325, 46.756], [16.531, 46.509], [17.153, 46.18], [17.311, 45.975], [17.583, 45.938], [17.881, 45.784], [18.434, 45.751], [19.093, 46.022], [19.284, 45.989], [19.565, 46.173], [20.688, 46.146], [20.825, 46.276], [21.177, 46.297], [21.328, 46.621], [21.492, 46.686], [21.654, 47.024], [22.013, 47.39], [22.038, 47.534], [22.274, 47.726], [22.654, 47.776], [22.895, 47.954], [22.847, 48.083], [22.626, 48.1], [22.27, 48.402]]]}, "properties": {"ep": "HUN-1947-02-10", "name": "Hungary", "name_ru": "Венгрия", "iso3": "HUN", "from": "1947-02-10", "to": "1956-10-29", "kind": "bloc", "kind_ru": "блок: ОВД или СЭВ, войска на территории", "event_from": "мирный договор 10.02.1947 оставил советские войска для связи с зоной в Австрии; СЭВ с января 1949, ОВД с 14.05.1955", "event_to": "восстание 23.10.1956; 30.10 отменена однопартийность, к рассвету 31.10 советские войска ушли из Будапешта и из провинциальных городов в казармы, «the entire Communist-controlled Party apparatus had collapsed»; 30.10-03.11 восставшие «were virtually in control of the country» - сферы нет (фактаж 22.09.2026)", "source": "Варшавский договор: UNTS т. 219, № I-2962; доклад Специального комитета ООН по проблеме Венгрии A/3592 (1957), § 173-177, 487", "confidence": "high", "note": "", "gfrom": "1947-02-10", "gto": "1956-10-29", "geometry_source": "CShapes 2.0, gwcode 310 (1947-02-10..2019-12-31)"}}, {"type": "Feature", "geometry": {"type": "Polygon", "coordinates": [[[28.582, 43.753], [28.66, 43.976], [28.63, 44.297], [28.928, 44.617], [28.758, 44.52], [28.763, 44.626], [28.82, 44.617], [28.957, 44.69], [28.948, 44.631], [28.991, 44.686], [28.902, 44.707], [28.781, 44.661], [28.947, 44.827], [28.869, 44.941], [29.044, 45.003], [29.103, 44.963], [29.067, 44.823], [29.214, 44.793], [29.608, 44.845], [29.669, 45.295], [29.581, 45.389], [29.322, 45.439], [28.701, 45.22], [28.343, 45.316], [28.174, 45.472], [28.069, 45.583], [28.167, 45.668], [28.091, 46.076], [28.248, 46.427], [28.247, 46.608], [28.08, 46.981], [27.576, 47.366], [27.299, 47.659], [27.159, 47.986], [26.817, 48.247], [26.326, 48.179], [26.159, 47.985], [25.334, 47.917], [24.929, 47.713], [24.564, 47.951], [24.128, 47.912], [23.41, 48.001], [23.152, 48.106], [22.654, 47.776], [22.321, 47.747], [22.038, 47.534], [22.013, 47.39], [21.654, 47.024], [21.492, 46.686], [21.328, 46.621], [21.177, 46.297], [20.825, 46.276], [20.622, 46.131], [20.487, 46.181], [20.26, 46.116], [20.718, 45.744], [20.802, 45.759], [20.808, 45.479], [21.049, 45.316], [21.478, 45.186], [21.514, 45.143], [21.373, 45.014], [21.554, 44.892], [21.369, 44.861], [21.399, 44.783], [21.566, 44.772], [21.643, 44.661], [21.997, 44.633], [22.137, 44.48], [22.429, 44.712], [22.713, 44.605], [22.739, 44.533], [22.586, 44.548], [22.46, 44.461], [22.685, 44.221], [23.043, 44.073], [22.882, 43.985], [22.894, 43.836], [23.423, 43.856], [24.189, 43.685], [24.562, 43.759], [25.379, 43.623], [25.767, 43.703], [26.136, 43.983], [27.036, 44.147], [27.273, 44.132], [27.407, 44.022], [27.652, 44.042], [27.742, 43.959], [27.922, 44.004], [28.038, 43.835], [28.582, 43.753]]]}, "properties": {"ep": "ROU-1947-02-10", "name": "Romania", "name_ru": "Румыния", "iso3": "ROU", "from": "1947-02-10", "to": "1989-12-22", "kind": "bloc", "kind_ru": "блок: ОВД или СЭВ, войска на территории", "event_from": "мирный договор 10.02.1947; СЭВ с января 1949, ОВД с 14.05.1955", "event_to": "падение Чаушеску 22.12.1989", "source": "Варшавский договор: UNTS т. 219, № I-2962; вывод войск 1958 — muse.jhu.edu/article/434037", "confidence": "medium", "note": "Внутри окна два перелома, отдельными эпизодами не разложены: советские войска выведены к 25.07.1958 (уведомление 17.04.1958), а с 21.08.1968 Бухарест отказался участвовать в интервенции и не пускал манёвры ОВД на свою территорию.", "gfrom": "1947-02-10", "gto": "1989-12-22", "geometry_source": "CShapes 2.0, gwcode 360 (1940-09-07..2019-12-31)"}}, {"type": "Feature", "geometry": {"type": "Polygon", "coordinates": [[[26.306, 44.031], [25.767, 43.703], [25.379, 43.623], [24.529, 43.761], [24.189, 43.685], [23.423, 43.856], [22.967, 43.817], [22.842, 43.897], [23.043, 44.073], [22.652, 44.213], [22.417, 44.002], [22.367, 43.827], [22.542, 43.476], [22.764, 43.387], [22.988, 43.131], [22.742, 42.892], [22.443, 42.82], [22.447, 42.599], [22.557, 42.48], [22.365, 42.324], [22.519, 42.15], [22.823, 42.027], [23.009, 41.766], [22.932, 41.343], [23.633, 41.378], [24.258, 41.57], [25.282, 41.243], [25.983, 41.32], [26.198, 41.439], [26.078, 41.714], [26.355, 41.713], [26.381, 41.822], [26.536, 41.828], [26.621, 41.973], [27.233, 42.11], [27.57, 41.909], [28.017, 41.988], [27.679, 42.418], [27.45, 42.473], [27.733, 42.711], [27.894, 42.703], [27.945, 43.167], [28.127, 43.395], [28.542, 43.438], [28.605, 43.534], [28.582, 43.753], [28.182, 43.785], [27.998, 43.86], [27.922, 44.004], [27.742, 43.959], [27.652, 44.042], [27.407, 44.022], [27.273, 44.132], [26.306, 44.031]]]}, "properties": {"ep": "BGR-1947-12-16", "name": "Bulgaria", "name_ru": "Болгария", "iso3": "BGR", "from": "1947-12-16", "to": "1989-11-10", "kind": "bloc", "kind_ru": "блок: ОВД или СЭВ, войска на территории", "event_from": "СЭВ с января 1949, ОВД с 14.05.1955; самый лояльный член блока, советских войск на территории нет", "event_to": "смещение Живкова 10.11.1989", "source": "Варшавский договор: UNTS т. 219, № I-2962", "confidence": "medium", "note": "", "gfrom": "1947-12-16", "gto": "1989-11-10", "geometry_source": "CShapes 2.0, gwcode 355 (1940-09-07..2019-12-31)"}}, {"type": "Feature", "geometry": {"type": "Polygon", "coordinates": [[[15.004, 50.867], [14.619, 50.858], [14.569, 51.006], [14.306, 51.052], [14.258, 50.995], [14.368, 50.935], [14.311, 50.882], [13.582, 50.709], [12.989, 50.42], [12.515, 50.392], [12.323, 50.207], [12.099, 50.321], [12.206, 50.106], [12.546, 49.91], [12.457, 49.704], [12.674, 49.425], [12.959, 49.335], [13.403, 49.006], [13.626, 48.948], [14.184, 48.596], [14.703, 48.583], [14.824, 48.785], [14.959, 48.795], [15.029, 49.019], [16.103, 48.75], [16.659, 48.785], [16.918, 48.703], [16.943, 48.573], [16.845, 48.362], [17.117, 48.039], [17.342, 47.996], [17.787, 47.746], [18.663, 47.76], [18.852, 47.825], [18.76, 47.915], [18.845, 48.049], [19.472, 48.089], [19.631, 48.234], [19.94, 48.136], [20.317, 48.27], [20.501, 48.504], [20.653, 48.562], [21.153, 48.511], [21.438, 48.575], [21.722, 48.355], [22.099, 48.378], [22.16, 48.578], [22.329, 48.687], [22.563, 49.083], [22.03, 49.22], [21.838, 49.384], [21.282, 49.456], [21.072, 49.422], [20.956, 49.302], [20.741, 49.389], [20.361, 49.393], [20.144, 49.315], [20.073, 49.178], [19.783, 49.2], [19.778, 49.407], [19.659, 49.407], [19.476, 49.6], [19.16, 49.4], [18.975, 49.402], [18.811, 49.673], [18.634, 49.738], [18.579, 49.91], [18.053, 50.056], [17.84, 49.99], [17.606, 50.163], [17.764, 50.209], [17.724, 50.319], [17.433, 50.27], [16.891, 50.439], [17.002, 50.217], [16.64, 50.109], [16.442, 50.316], [16.219, 50.41], [16.447, 50.579], [16.332, 50.664], [16.024, 50.63], [15.787, 50.744], [15.38, 50.779], [15.177, 51.015], [15.016, 50.974], [15.004, 50.867]]]}, "properties": {"ep": "CSK-1948-02-25", "name": "Czechoslovakia", "name_ru": "Чехословакия", "iso3": "CSK", "from": "1948-02-25", "to": "1968-08-20", "kind": "bloc", "kind_ru": "блок: ОВД или СЭВ, войска на территории", "event_from": "февральский переворот 25.02.1948; СЭВ с января 1949, ОВД с 14.05.1955", "event_to": "вторжение пяти армий ОВД в ночь на 21.08.1968, операция «Дунай»", "source": "Варшавский договор: UNTS т. 219, № I-2962; вторжение — en.wikipedia.org/wiki/Warsaw_Pact_invasion_of_Czechoslovakia", "confidence": "high", "note": "", "gfrom": "1948-02-25", "gto": "1968-08-20", "geometry_source": "CShapes 2.0, gwcode 315 (1947-02-10..1992-12-31)"}}, {"type": "Feature", "geometry": {"type": "MultiPolygon", "coordinates": [[[[12.452, 54.25], [12.55, 54.361], [13.024, 54.4], [13.119, 54.276], [13.455, 54.097], [13.711, 54.171], [13.865, 53.904], [13.809, 53.855], [14.276, 53.699], [14.413, 53.339], [14.392, 53.144], [14.148, 52.959], [14.149, 52.863], [14.64, 52.573], [14.534, 52.396], [14.58, 52.288], [14.7, 52.25], [14.761, 52.07], [14.601, 51.82], [14.756, 51.667], [14.715, 51.555], [14.953, 51.47], [15.034, 51.287], [14.802, 50.82], [14.619, 50.858], [14.569, 51.006], [14.306, 51.052], [14.258, 50.995], [14.368, 50.935], [14.311, 50.882], [13.582, 50.709], [12.989, 50.42], [12.515, 50.392], [12.323, 50.207], [11.812, 50.414], [11.651, 50.667], [11.57, 50.614], [11.596, 50.334], [11.063, 50.555], [11.106, 50.351], [10.973, 50.337], [10.798, 50.594], [10.29, 50.898], [10.267, 51.172], [10.14, 51.258], [10.192, 51.973], [10.614, 52.062], [10.645, 52.176], [10.569, 52.268], [10.752, 52.684], [10.721, 52.939], [11.007, 53.024], [11.047, 53.123], [10.878, 53.214], [10.814, 53.436], [10.948, 53.621], [10.821, 53.718], [10.867, 53.909], [11.095, 54.014], [11.413, 53.92], [11.696, 54.154], [12.13, 54.191], [12.527, 54.474], [12.922, 54.427], [12.464, 54.395], [12.366, 54.305], [12.452, 54.25]]], [[[13.249, 54.558], [13.227, 54.641], [13.427, 54.682], [13.407, 54.589], [13.675, 54.567], [13.577, 54.457], [13.711, 54.381], [13.729, 54.275], [13.687, 54.349], [13.506, 54.342], [13.358, 54.273], [13.395, 54.222], [13.119, 54.337], [13.264, 54.38], [13.147, 54.546], [13.304, 54.55], [13.367, 54.58], [13.516, 54.512], [13.375, 54.61], [13.249, 54.558]]], [[[14.219, 53.869], [13.829, 53.86], [14.056, 53.985], [13.954, 54.061], [13.859, 53.999], [13.811, 54.104], [13.758, 54.147], [13.827, 54.143], [14.226, 53.929], [14.219, 53.869]]]]}, "properties": {"ep": "DDR-1949-10-07", "name": "East Germany", "name_ru": "ГДР", "iso3": "DDR", "from": "1949-10-07", "to": "1990-10-02", "kind": "bloc", "kind_ru": "блок: ОВД или СЭВ, войска на территории", "event_from": "провозглашена ГДР 07.10.1949; ОВД с 14.05.1955, СЭВ с сентября 1950, ГСВГ на территории", "event_to": "ГДР вышла из ОВД 24.09.1990, членство прекращено объединением Германии 03.10.1990", "source": "Варшавский договор: UNTS т. 219, № I-2962 (treaties.un.org/doc/Publication/UNTS/Volume%20219/volume-219-I-2962-English.pdf); выход ГДР — Washington Post 25.09.1990", "confidence": "high", "note": "", "gfrom": "1949-10-07", "gto": "1990-10-02", "geometry_source": "CShapes 2.0, gwcode 265 (1949-10-05..1990-10-02)"}}, {"type": "Feature", "geometry": {"type": "MultiPolygon", "coordinates": [[[[106.556, 16.944], [106.561, 16.997], [106.441, 16.992], [106.341, 17.169], [105.754, 17.67], [105.504, 18.168], [105.357, 18.168], [105.183, 18.334], [105.104, 18.47], [105.193, 18.637], [104.745, 18.796], [103.878, 19.31], [104.104, 19.479], [104.039, 19.694], [104.644, 19.617], [104.832, 19.787], [104.79, 19.892], [104.978, 20.004], [104.985, 20.098], [104.615, 20.416], [104.394, 20.435], [104.642, 20.652], [104.23, 20.929], [104.104, 20.976], [103.857, 20.852], [103.687, 20.66], [103.118, 20.894], [102.889, 21.252], [102.971, 21.745], [102.675, 21.659], [102.604, 21.928], [102.147, 22.391], [102.474, 22.772], [102.87, 22.593], [103.03, 22.437], [103.334, 22.795], [103.53, 22.586], [103.654, 22.783], [103.969, 22.504], [104.111, 22.798], [104.259, 22.828], [104.265, 22.735], [104.367, 22.687], [104.574, 22.83], [104.732, 22.818], [104.907, 23.18], [105.359, 23.324], [105.574, 23.063], [105.877, 22.913], [106.135, 22.989], [106.294, 22.857], [106.522, 22.933], [106.703, 22.867], [106.787, 22.764], [106.552, 22.457], [106.692, 22.216], [106.693, 22.031], [107.021, 21.939], [107.024, 21.821], [107.299, 21.729], [107.363, 21.605], [107.783, 21.667], [108.064, 21.487], [107.931, 21.439], [107.855, 21.526], [107.595, 21.293], [107.417, 21.326], [107.367, 21.265], [107.371, 21.026], [107.154, 20.925], [107.075, 20.95], [107.147, 21.036], [107.015, 20.951], [106.877, 20.988], [106.943, 20.905], [106.863, 20.871], [106.775, 20.936], [106.791, 21.026], [106.647, 21.022], [106.759, 20.934], [106.696, 20.877], [106.777, 20.699], [106.597, 20.633], [106.567, 20.287], [106.496, 20.3], [106.557, 20.271], [106.175, 19.986], [106.106, 19.971], [106.112, 20.029], [105.957, 19.923], [105.809, 19.601], [105.806, 19.274], [105.611, 19.004], [105.884, 18.499], [106.51, 17.956], [106.425, 17.742], [107.13, 17.012], [106.556, 16.944]]], [[[107.379, 21.048], [107.376, 21.081], [107.445, 21.235], [107.602, 21.211], [107.379, 21.048]]], [[[107.033, 20.856], [107.102, 20.799], [107.069, 20.729], [106.912, 20.833], [107.033, 20.856]]]]}, "properties": {"ep": "VDR-1954-07-21", "name": "North Vietnam", "name_ru": "Северный Вьетнам (ДРВ)", "iso3": "VDR", "from": "1954-07-21", "to": "1978-11-02", "kind": "client_military", "kind_ru": "военное присутствие: база, советники", "event_from": "Женевские соглашения 21.07.1954 разделили Вьетнам по 17-й параллели; ДРВ получает советское оружие, с 1965 года — зенитно-ракетные комплексы и расчёты", "event_to": "договор о дружбе и сотрудничестве 03.11.1978", "source": "Женевские соглашения 21.07.1954; советская помощь ДРВ — Odd Arne Westad, The Global Cold War (2005), гл. 5", "confidence": "medium", "note": "Контур — CShapes, gwcode 816: до 30.04.1975 это север, дальше страна целиком. Республика Вьетнам (юг, gwcode 817) в сферу не входила ни дня.", "gfrom": "1954-07-21", "gto": "1975-04-30", "geometry_source": "CShapes 2.0, gwcode 816 (1954-05-01..1975-04-30)"}}, {"type": "Feature", "geometry": {"type": "MultiPolygon", "coordinates": [[[[107.448, 16.638], [107.7, 16.514], [107.812, 16.312], [108.027, 16.324], [108.189, 16.199], [108.138, 16.128], [108.201, 15.999], [108.247, 16.154], [108.331, 16.15], [108.263, 16.098], [108.306, 15.948], [108.625, 15.482], [108.829, 15.422], [109.304, 13.864], [109.303, 13.752], [109.25, 13.885], [109.218, 13.816], [109.229, 13.409], [109.465, 12.901], [109.197, 12.632], [109.336, 12.373], [109.147, 12.432], [109.27, 11.893], [109.183, 12.117], [109.209, 11.979], [109.123, 11.848], [109.221, 11.756], [109.134, 11.567], [109.037, 11.578], [109.022, 11.362], [108.81, 11.317], [108.113, 10.916], [108.0, 10.704], [107.825, 10.695], [107.266, 10.376], [107.054, 10.495], [106.999, 10.655], [106.967, 10.475], [106.904, 10.631], [106.763, 10.681], [106.742, 10.661], [106.771, 10.589], [106.736, 10.551], [106.735, 10.512], [106.592, 10.43], [106.732, 10.47], [106.784, 10.28], [106.424, 10.311], [106.793, 10.157], [106.778, 10.082], [106.604, 9.974], [106.297, 10.255], [106.497, 10.003], [106.688, 9.894], [106.674, 9.842], [106.607, 9.811], [106.115, 10.234], [106.571, 9.741], [106.543, 9.584], [106.398, 9.532], [105.824, 10.004], [106.186, 9.558], [106.195, 9.368], [105.534, 9.129], [105.121, 8.625], [104.767, 8.586], [104.923, 8.745], [104.916, 8.802], [104.799, 8.792], [104.861, 9.692], [105.039, 9.927], [105.113, 9.855], [105.107, 9.945], [104.801, 10.207], [104.61, 10.169], [104.445, 10.423], [104.595, 10.533], [104.884, 10.535], [105.094, 10.713], [105.039, 10.882], [105.101, 10.954], [105.362, 10.881], [105.431, 10.966], [105.774, 11.021], [106.203, 10.771], [106.146, 10.919], [106.189, 11.054], [105.871, 11.297], [105.853, 11.662], [105.965, 11.65], [106.043, 11.776], [106.458, 11.666], [106.421, 11.968], [106.699, 11.963], [106.789, 12.073], [106.972, 12.082], [107.19, 12.287], [107.354, 12.332], [107.431, 12.254], [107.55, 12.359], [107.593, 12.604], [107.483, 13.021], [107.629, 13.538], [107.344, 14.128], [107.558, 14.657], [107.471, 15.03], [107.616, 15.064], [107.695, 15.271], [107.183, 15.765], [107.204, 15.859], [107.402, 15.918], [107.461, 16.08], [107.338, 16.056], [107.094, 16.301], [106.987, 16.3], [106.875, 16.537], [106.757, 16.42], [106.685, 16.459], [106.561, 16.677], [106.561, 16.997], [106.441, 16.992], [106.341, 17.169], [105.754, 17.67], [105.504, 18.168], [105.357, 18.168], [105.183, 18.334], [105.104, 18.47], [105.193, 18.637], [104.745, 18.796], [103.878, 19.31], [104.104, 19.479], [104.039, 19.694], [104.644, 19.617], [104.832, 19.787], [104.79, 19.892], [104.978, 20.004], [104.985, 20.098], [104.615, 20.416], [104.394, 20.435], [104.642, 20.652], [104.23, 20.929], [104.104, 20.976], [103.857, 20.852], [103.687, 20.66], [103.118, 20.894], [102.889, 21.252], [102.971, 21.745], [102.675, 21.659], [102.604, 21.928], [102.147, 22.391], [102.474, 22.772], [102.87, 22.593], [103.03, 22.437], [103.334, 22.795], [103.53, 22.586], [103.654, 22.783], [103.969, 22.504], [104.111, 22.798], [104.259, 22.828], [104.265, 22.735], [104.367, 22.687], [104.574, 22.83], [104.732, 22.818], [104.907, 23.18], [105.359, 23.324], [105.574, 23.063], [105.877, 22.913], [106.135, 22.989], [106.294, 22.857], [106.522, 22.933], [106.703, 22.867], [106.787, 22.764], [106.552, 22.457], [106.692, 22.216], [106.693, 22.031], [107.021, 21.939], [107.024, 21.821], [107.299, 21.729], [107.363, 21.605], [107.783, 21.667], [108.064, 21.487], [107.931, 21.439], [107.855, 21.526], [107.595, 21.293], [107.417, 21.326], [107.367, 21.265], [107.371, 21.026], [107.154, 20.925], [107.075, 20.95], [107.147, 21.036], [107.015, 20.951], [106.877, 20.988], [106.943, 20.905], [106.863, 20.871], [106.775, 20.936], [106.791, 21.026], [106.647, 21.022], [106.759, 20.934], [106.696, 20.877], [106.777, 20.699], [106.597, 20.633], [106.567, 20.287], [106.496, 20.3], [106.557, 20.271], [106.175, 19.986], [106.106, 19.971], [106.112, 20.029], [105.957, 19.923], [105.809, 19.601], [105.806, 19.274], [105.611, 19.004], [105.884, 18.499], [106.51, 17.956], [106.425, 17.742], [107.192, 16.875], [107.54, 16.629], [107.448, 16.638]]], [[[103.846, 10.371], [104.012, 10.439], [104.078, 10.222], [104.026, 10.08], [103.846, 10.371]]], [[[107.376, 21.081], [107.445, 21.235], [107.602, 21.211], [107.379, 21.048], [107.376, 21.081]]], [[[106.753, 10.494], [106.785, 10.575], [106.752, 10.659], [106.827, 10.621], [106.85, 10.404], [106.753, 10.494]]], [[[107.102, 20.799], [107.069, 20.729], [106.912, 20.833], [107.033, 20.856], [107.102, 20.799]]]]}, "properties": {"ep": "VDR-1954-07-21", "name": "North Vietnam", "name_ru": "Северный Вьетнам (ДРВ)", "iso3": "VDR", "from": "1954-07-21", "to": "1978-11-02", "kind": "client_military", "kind_ru": "военное присутствие: база, советники", "event_from": "Женевские соглашения 21.07.1954 разделили Вьетнам по 17-й параллели; ДРВ получает советское оружие, с 1965 года — зенитно-ракетные комплексы и расчёты", "event_to": "договор о дружбе и сотрудничестве 03.11.1978", "source": "Женевские соглашения 21.07.1954; советская помощь ДРВ — Odd Arne Westad, The Global Cold War (2005), гл. 5", "confidence": "medium", "note": "Контур — CShapes, gwcode 816: до 30.04.1975 это север, дальше страна целиком. Республика Вьетнам (юг, gwcode 817) в сферу не входила ни дня.", "gfrom": "1975-05-01", "gto": "1978-11-02", "geometry_source": "CShapes 2.0, gwcode 816 (1975-05-01..2019-12-31)"}}, {"type": "Feature", "geometry": {"type": "Polygon", "coordinates": [[[22.27, 48.402], [21.781, 48.341], [21.438, 48.575], [21.153, 48.511], [20.653, 48.562], [20.501, 48.504], [20.317, 48.27], [19.94, 48.136], [19.631, 48.234], [19.472, 48.089], [18.845, 48.049], [18.76, 47.915], [18.852, 47.825], [18.663, 47.76], [17.787, 47.746], [17.174, 48.017], [17.061, 47.877], [17.054, 47.709], [16.764, 47.685], [16.636, 47.76], [16.451, 47.698], [16.714, 47.544], [16.593, 47.425], [16.452, 47.413], [16.491, 47.282], [16.421, 47.21], [16.505, 47.007], [16.303, 47.011], [16.112, 46.87], [16.349, 46.842], [16.325, 46.756], [16.531, 46.509], [17.153, 46.18], [17.311, 45.975], [17.583, 45.938], [17.881, 45.784], [18.434, 45.751], [19.093, 46.022], [19.284, 45.989], [19.565, 46.173], [20.688, 46.146], [20.825, 46.276], [21.177, 46.297], [21.328, 46.621], [21.492, 46.686], [21.654, 47.024], [22.013, 47.39], [22.038, 47.534], [22.274, 47.726], [22.654, 47.776], [22.895, 47.954], [22.847, 48.083], [22.626, 48.1], [22.27, 48.402]]]}, "properties": {"ep": "HUN-1956-11-04", "name": "Hungary", "name_ru": "Венгрия", "iso3": "HUN", "from": "1956-11-04", "to": "1957-05-26", "kind": "intervention", "kind_ru": "прямая военная интервенция", "event_from": "операция «Вихрь»: советские танки в Будапеште на рассвете 04.11.1956; «the administration of the country was, in fact, in the hands of the Soviet Military Command» - на ядре это красное (правило оккупации, 22.09.2026)", "event_to": "соглашение о правовом статусе советских войск 27.05.1957; до того связь и дороги советское командование держало «for a number of months», аресты вело независимо от венгерских властей ещё в апреле 1957", "source": "ENRS, enrs.eu/article/the-hungarian-revolution-1956; доклад ООН A/3592, § 601, 607, 640, 761, приложение A", "confidence": "high", "note": "", "gfrom": "1956-11-04", "gto": "1957-05-26", "geometry_source": "CShapes 2.0, gwcode 310 (1947-02-10..2019-12-31)"}}, {"type": "Feature", "geometry": {"type": "Polygon", "coordinates": [[[22.27, 48.402], [21.781, 48.341], [21.438, 48.575], [21.153, 48.511], [20.653, 48.562], [20.501, 48.504], [20.317, 48.27], [19.94, 48.136], [19.631, 48.234], [19.472, 48.089], [18.845, 48.049], [18.76, 47.915], [18.852, 47.825], [18.663, 47.76], [17.787, 47.746], [17.174, 48.017], [17.061, 47.877], [17.054, 47.709], [16.764, 47.685], [16.636, 47.76], [16.451, 47.698], [16.714, 47.544], [16.593, 47.425], [16.452, 47.413], [16.491, 47.282], [16.421, 47.21], [16.505, 47.007], [16.303, 47.011], [16.112, 46.87], [16.349, 46.842], [16.325, 46.756], [16.531, 46.509], [17.153, 46.18], [17.311, 45.975], [17.583, 45.938], [17.881, 45.784], [18.434, 45.751], [19.093, 46.022], [19.284, 45.989], [19.565, 46.173], [20.688, 46.146], [20.825, 46.276], [21.177, 46.297], [21.328, 46.621], [21.492, 46.686], [21.654, 47.024], [22.013, 47.39], [22.038, 47.534], [22.274, 47.726], [22.654, 47.776], [22.895, 47.954], [22.847, 48.083], [22.626, 48.1], [22.27, 48.402]]]}, "properties": {"ep": "HUN-1957-05-27", "name": "Hungary", "name_ru": "Венгрия", "iso3": "HUN", "from": "1957-05-27", "to": "1989-10-22", "kind": "bloc", "kind_ru": "блок: ОВД или СЭВ, войска на территории", "event_from": "соглашение о правовом статусе советских войск 27.05.1957; правительство Кадара, Южная группа войск на территории", "event_to": "провозглашена Венгерская Республика 23.10.1989", "source": "Southern Group of Forces, en.wikipedia.org/wiki/Southern_Group_of_Forces", "confidence": "high", "note": "", "gfrom": "1957-05-27", "gto": "1989-10-22", "geometry_source": "CShapes 2.0, gwcode 310 (1947-02-10..2019-12-31)"}}, {"type": "Feature", "geometry": {"type": "MultiPolygon", "coordinates": [[[[-77.599, 21.909], [-77.14, 21.653], [-77.158, 21.577], [-77.364, 21.614], [-77.256, 21.473], [-77.062, 21.585], [-76.884, 21.42], [-76.899, 21.309], [-76.799, 21.384], [-76.661, 21.354], [-76.538, 21.183], [-76.457, 21.22], [-76.491, 21.283], [-76.364, 21.274], [-76.022, 21.084], [-75.814, 21.133], [-75.611, 21.064], [-75.634, 20.846], [-75.767, 20.826], [-75.737, 20.697], [-74.956, 20.685], [-74.499, 20.35], [-74.227, 20.315], [-74.132, 20.196], [-74.267, 20.064], [-74.762, 20.048], [-75.085, 19.893], [-75.14, 19.963], [-75.093, 20.056], [-75.224, 19.902], [-75.356, 19.876], [-76.249, 19.991], [-77.681, 19.822], [-77.742, 19.871], [-77.597, 20.047], [-77.115, 20.367], [-77.078, 20.467], [-77.236, 20.663], [-78.072, 20.714], [-78.495, 21.032], [-78.595, 21.464], [-78.74, 21.635], [-79.239, 21.542], [-79.988, 21.724], [-80.367, 21.971], [-80.492, 22.177], [-80.556, 22.063], [-80.884, 22.04], [-81.134, 22.148], [-81.349, 22.085], [-81.406, 22.178], [-81.823, 22.184], [-82.161, 22.402], [-81.649, 22.491], [-81.644, 22.573], [-81.885, 22.681], [-82.761, 22.701], [-83.368, 22.202], [-83.929, 22.163], [-84.035, 21.914], [-84.229, 21.909], [-84.494, 21.766], [-84.498, 21.935], [-84.81, 21.818], [-84.952, 21.858], [-84.514, 22.045], [-84.338, 22.012], [-84.44, 22.204], [-84.401, 22.333], [-84.07, 22.662], [-83.223, 23.0], [-82.973, 22.967], [-82.037, 23.194], [-81.58, 23.154], [-81.501, 23.056], [-81.256, 23.15], [-81.131, 23.023], [-80.627, 23.095], [-80.542, 22.99], [-80.279, 22.905], [-80.038, 22.951], [-79.677, 22.759], [-79.336, 22.407], [-78.573, 22.322], [-78.061, 22.081], [-77.747, 21.799], [-77.455, 21.776], [-77.431, 21.656], [-77.342, 21.637], [-77.446, 21.801], [-77.599, 21.909]]], [[[-83.191, 21.623], [-83.061, 21.541], [-82.935, 21.587], [-83.089, 21.786], [-82.974, 21.943], [-82.716, 21.89], [-82.544, 21.582], [-82.897, 21.433], [-83.073, 21.463], [-83.191, 21.623]]], [[[-77.943, 22.06], [-77.653, 22.069], [-77.638, 21.953], [-77.706, 21.909], [-77.943, 22.06]]], [[[-78.675, 22.557], [-78.346, 22.537], [-78.278, 22.443], [-78.694, 22.507], [-78.675, 22.557]]], [[[-77.861, 22.219], [-77.895, 22.098], [-78.044, 22.188], [-77.998, 22.285], [-77.861, 22.219]]], [[[-78.021, 22.269], [-78.309, 22.41], [-78.205, 22.437], [-78.021, 22.269]]], [[[-79.327, 22.616], [-79.632, 22.791], [-79.573, 22.807], [-79.327, 22.616]]]]}, "properties": {"ep": "CUB-1962-07-26", "name": "Cuba", "name_ru": "Куба", "iso3": "CUB", "from": "1962-07-26", "to": "1991-12-26", "kind": "client_military", "kind_ru": "военное присутствие: база, советники", "event_from": "первое судно операции «Анадырь» - теплоход «Мария Ульянова» - вошло в Кабаньяс 26.07.1962; 27-31.07 пришли ещё девять судов с личным составом и техникой мотострелковых полков, 29.07 на теплоходе «Латвия» прибыл штаб Группы войск. После кризиса на острове остаётся мотострелковая бригада, с 1964 года работает центр радиоэлектронной разведки в Лурдесе", "event_to": "распад СССР 26.12.1991, конец субсидий", "source": "Lourdes SIGINT station, en.wikipedia.org/wiki/Lourdes_SIGINT_station; Deseret News, 04.07.1993 (вывод бригады); Розин А. «Советские суда в операции „Анадырь“», alerozin.narod.ru/Cuba62/Cuba1962-4.htm", "confidence": "medium", "note": "Бригада выведена 04.07.1993, Лурдес закрыт в августе 2002 — это уже за пределами окна, вопрос «Куба после 1991» вынесен в data/sphere/disputed.csv. Окно слито 28.08.2026: прежняя отдельная строка 08.05.1960-28.10.1962 держалась на поставках оружия, а не на присутствии. Начало сдвинуто на приход первого судна «Анадыря».", "gfrom": "1962-07-26", "gto": "1991-12-26", "geometry_source": "CShapes 2.0, gwcode 40 (1902-05-20..2019-12-31)"}}, {"type": "Feature", "geometry": {"type": "MultiPolygon", "coordinates": [[[[46.333, 15.64], [45.704, 14.928], [45.112, 13.822], [45.084, 13.561], [44.821, 13.398], [44.743, 13.202], [44.408, 13.119], [44.288, 12.923], [44.04, 12.979], [43.483, 12.815], [43.231, 13.271], [43.279, 13.72], [43.233, 13.873], [43.087, 13.993], [42.936, 14.958], [42.871, 15.125], [42.681, 15.208], [42.724, 15.301], [42.81, 15.262], [42.694, 15.7], [42.835, 15.883], [42.794, 16.378], [43.06, 16.542], [43.102, 16.678], [43.206, 16.672], [43.124, 16.925], [43.192, 17.342], [43.445, 17.526], [43.761, 17.352], [44.461, 17.413], [46.333, 16.667], [46.333, 15.64]]], [[[42.69, 14.013], [42.767, 14.066], [42.8, 13.997], [42.785, 13.911], [42.69, 14.013]]], [[[42.652, 15.452], [42.634, 15.34], [42.591, 15.274], [42.568, 15.39], [42.652, 15.452]]]]}, "properties": {"ep": "YEM-1962-10-01", "name": "North Yemen", "name_ru": "Северный Йемен (ЙАР)", "iso3": "YEM", "from": "1962-10-01", "to": "1968-02-07", "kind": "client_military", "kind_ru": "военное присутствие: база, советники", "event_from": "СССР первым из неарабских государств признаёт ЙАР; советские лётчики выполняют боевые вылеты в 1963 году, когда египтяне ещё не были боеспособны; воздушный мост с 17.11.1967 — около 100 рейсов, разведка США фиксирует прямое участие советских лётчиков в боях", "event_to": "снятие осады Саны; боевые вылеты прекращены в начале декабря 1967", "source": "FRUS 1964–68, т. XXI, док. 464, 468, 469, 470", "confidence": "high", "note": "Дня октября 1962 нет — взят первый день месяца.", "gfrom": "1962-10-01", "gto": "1968-02-07", "geometry_source": "CShapes 2.0, gwcode 678 (1934-06-14..1990-05-21)"}}, {"type": "Feature", "geometry": {"type": "Polygon", "coordinates": [[[15.004, 50.867], [14.619, 50.858], [14.569, 51.006], [14.306, 51.052], [14.258, 50.995], [14.368, 50.935], [14.311, 50.882], [13.582, 50.709], [12.989, 50.42], [12.515, 50.392], [12.323, 50.207], [12.099, 50.321], [12.206, 50.106], [12.546, 49.91], [12.457, 49.704], [12.674, 49.425], [12.959, 49.335], [13.403, 49.006], [13.626, 48.948], [14.184, 48.596], [14.703, 48.583], [14.824, 48.785], [14.959, 48.795], [15.029, 49.019], [16.103, 48.75], [16.659, 48.785], [16.918, 48.703], [16.943, 48.573], [16.845, 48.362], [17.117, 48.039], [17.342, 47.996], [17.787, 47.746], [18.663, 47.76], [18.852, 47.825], [18.76, 47.915], [18.845, 48.049], [19.472, 48.089], [19.631, 48.234], [19.94, 48.136], [20.317, 48.27], [20.501, 48.504], [20.653, 48.562], [21.153, 48.511], [21.438, 48.575], [21.722, 48.355], [22.099, 48.378], [22.16, 48.578], [22.329, 48.687], [22.563, 49.083], [22.03, 49.22], [21.838, 49.384], [21.282, 49.456], [21.072, 49.422], [20.956, 49.302], [20.741, 49.389], [20.361, 49.393], [20.144, 49.315], [20.073, 49.178], [19.783, 49.2], [19.778, 49.407], [19.659, 49.407], [19.476, 49.6], [19.16, 49.4], [18.975, 49.402], [18.811, 49.673], [18.634, 49.738], [18.579, 49.91], [18.053, 50.056], [17.84, 49.99], [17.606, 50.163], [17.764, 50.209], [17.724, 50.319], [17.433, 50.27], [16.891, 50.439], [17.002, 50.217], [16.64, 50.109], [16.442, 50.316], [16.219, 50.41], [16.447, 50.579], [16.332, 50.664], [16.024, 50.63], [15.787, 50.744], [15.38, 50.779], [15.177, 51.015], [15.016, 50.974], [15.004, 50.867]]]}, "properties": {"ep": "CSK-1968-08-21", "name": "Czechoslovakia", "name_ru": "Чехословакия", "iso3": "CSK", "from": "1968-08-21", "to": "1968-10-15", "kind": "intervention", "kind_ru": "прямая военная интервенция", "event_from": "вторжение войск ОВД 21.08.1968, около 250 тысяч военных; Румыния и Албания участвовать отказались", "event_to": "договор о временном пребывании советских войск подписан 16.10.1968", "source": "Текст договора 16.10.1968: web.stanford.edu/group/tomzgroup/pmwiki/uploads/0346-1968-11-KS-a-EYJ.pdf", "confidence": "high", "note": "", "gfrom": "1968-08-21", "gto": "1968-10-15", "geometry_source": "CShapes 2.0, gwcode 315 (1947-02-10..1992-12-31)"}}, {"type": "Feature", "geometry": {"type": "Polygon", "coordinates": [[[15.004, 50.867], [14.619, 50.858], [14.569, 51.006], [14.306, 51.052], [14.258, 50.995], [14.368, 50.935], [14.311, 50.882], [13.582, 50.709], [12.989, 50.42], [12.515, 50.392], [12.323, 50.207], [12.099, 50.321], [12.206, 50.106], [12.546, 49.91], [12.457, 49.704], [12.674, 49.425], [12.959, 49.335], [13.403, 49.006], [13.626, 48.948], [14.184, 48.596], [14.703, 48.583], [14.824, 48.785], [14.959, 48.795], [15.029, 49.019], [16.103, 48.75], [16.659, 48.785], [16.918, 48.703], [16.943, 48.573], [16.845, 48.362], [17.117, 48.039], [17.342, 47.996], [17.787, 47.746], [18.663, 47.76], [18.852, 47.825], [18.76, 47.915], [18.845, 48.049], [19.472, 48.089], [19.631, 48.234], [19.94, 48.136], [20.317, 48.27], [20.501, 48.504], [20.653, 48.562], [21.153, 48.511], [21.438, 48.575], [21.722, 48.355], [22.099, 48.378], [22.16, 48.578], [22.329, 48.687], [22.563, 49.083], [22.03, 49.22], [21.838, 49.384], [21.282, 49.456], [21.072, 49.422], [20.956, 49.302], [20.741, 49.389], [20.361, 49.393], [20.144, 49.315], [20.073, 49.178], [19.783, 49.2], [19.778, 49.407], [19.659, 49.407], [19.476, 49.6], [19.16, 49.4], [18.975, 49.402], [18.811, 49.673], [18.634, 49.738], [18.579, 49.91], [18.053, 50.056], [17.84, 49.99], [17.606, 50.163], [17.764, 50.209], [17.724, 50.319], [17.433, 50.27], [16.891, 50.439], [17.002, 50.217], [16.64, 50.109], [16.442, 50.316], [16.219, 50.41], [16.447, 50.579], [16.332, 50.664], [16.024, 50.63], [15.787, 50.744], [15.38, 50.779], [15.177, 51.015], [15.016, 50.974], [15.004, 50.867]]]}, "properties": {"ep": "CSK-1968-10-16", "name": "Czechoslovakia", "name_ru": "Чехословакия", "iso3": "CSK", "from": "1968-10-16", "to": "1989-12-09", "kind": "bloc", "kind_ru": "блок: ОВД или СЭВ, войска на территории", "event_from": "договор о временном пребывании советских войск 16.10.1968, Центральная группа войск на территории", "event_to": "правительство национального согласия 10.12.1989 — конец монополии КПЧ", "source": "Текст договора 16.10.1968 (Stanford, Tomz collection)", "confidence": "high", "note": "", "gfrom": "1968-10-16", "gto": "1989-12-09", "geometry_source": "CShapes 2.0, gwcode 315 (1947-02-10..1992-12-31)"}}, {"type": "Feature", "geometry": {"type": "MultiPolygon", "coordinates": [[[[11.344, 1.987], [11.345, 1.919], [11.346, 1.831], [11.347, 1.741], [11.348, 1.694], [11.349, 1.606], [11.35, 1.449], [11.354, 1.002], [11.244, 1.002], [10.97, 1.004], [10.91, 1.003], [10.773, 1.002], [10.52, 1.002], [10.493, 1.002], [10.415, 1.002], [10.309, 1.002], [10.281, 1.002], [10.254, 1.002], [10.227, 1.002], [10.029, 1.002], [9.997, 1.002], [9.975, 0.946], [9.952, 0.93], [9.892, 0.952], [9.871, 0.976], [9.832, 1.002], [9.804, 1.003], [9.802, 1.028], [9.815, 1.042], [9.846, 1.075], [9.803, 1.089], [9.785, 1.094], [9.762, 1.098], [9.747, 1.101], [9.702, 1.097], [9.676, 1.089], [9.571, 1.074], [9.556, 1.104], [9.547, 1.121], [9.518, 1.133], [9.509, 1.133], [9.484, 1.133], [9.408, 1.106], [9.393, 1.121], [9.365, 1.149], [9.364, 1.151], [9.36, 1.175], [9.426, 1.292], [9.458, 1.39], [9.465, 1.397], [9.49, 1.427], [9.561, 1.492], [9.636, 1.588], [9.611, 1.633], [9.612, 1.66], [9.64, 1.701], [9.681, 1.741], [9.687, 1.745], [9.71, 1.76], [9.795, 1.889], [9.813, 1.93], [9.806, 1.963], [9.799, 1.997], [9.793, 2.035], [9.778, 2.118], [9.773, 2.319], [9.812, 2.344], [9.814, 2.346], [9.826, 2.279], [9.833, 2.259], [9.897, 2.21], [9.935, 2.191], [9.983, 2.173], [10.021, 2.168], [10.074, 2.168], [10.181, 2.168], [10.306, 2.167], [10.333, 2.167], [10.415, 2.168], [10.449, 2.167], [10.537, 2.167], [10.565, 2.167], [10.653, 2.167], [11.082, 2.168], [11.226, 2.168], [11.342, 2.167], [11.345, 2.008], [11.344, 1.987]]], [[[8.689, 3.198], [8.49, 3.246], [8.458, 3.259], [8.446, 3.274], [8.429, 3.319], [8.424, 3.342], [8.431, 3.382], [8.454, 3.441], [8.469, 3.46], [8.53, 3.46], [8.537, 3.459], [8.544, 3.456], [8.554, 3.454], [8.569, 3.456], [8.582, 3.467], [8.584, 3.472], [8.587, 3.476], [8.619, 3.553], [8.624, 3.595], [8.626, 3.643], [8.625, 3.647], [8.645, 3.683], [8.684, 3.739], [8.686, 3.742], [8.739, 3.763], [8.917, 3.748], [8.936, 3.737], [8.96, 3.702], [8.962, 3.674], [8.961, 3.655], [8.948, 3.622], [8.92, 3.593], [8.874, 3.529], [8.866, 3.517], [8.857, 3.499], [8.803, 3.396], [8.78, 3.333], [8.779, 3.327], [8.772, 3.307], [8.689, 3.198]]], [[[5.625, -1.458], [5.624, -1.458], [5.618, -1.458], [5.616, -1.458], [5.614, -1.46], [5.613, -1.454], [5.61, -1.45], [5.611, -1.445], [5.614, -1.442], [5.616, -1.439], [5.616, -1.437], [5.607, -1.422], [5.607, -1.418], [5.606, -1.415], [5.602, -1.413], [5.613, -1.401], [5.616, -1.402], [5.622, -1.405], [5.628, -1.412], [5.63, -1.416], [5.631, -1.42], [5.632, -1.422], [5.632, -1.426], [5.634, -1.429], [5.635, -1.432], [5.635, -1.434], [5.635, -1.438], [5.635, -1.446], [5.635, -1.45], [5.634, -1.455], [5.63, -1.457], [5.625, -1.458]]]]}, "properties": {"ep": "GNQ-1968-12-07", "name": "Equatorial Guinea", "name_ru": "Экваториальная Гвинея", "iso3": "GNQ", "from": "1968-12-07", "to": "1979-08-03", "kind": "client_military", "kind_ru": "военное присутствие: база, советники", "event_from": "дипотношения 07.12.1968, посольство СССР в Малабо с 1969; за 1968–1979 поставлены стрелковое оружие, восемь патрульных катеров и 20 БТР, около 200 военнослужащих обучены в СССР, советников соцлагеря до 330 к 1977 году; по рыболовному соглашению 1973 года Москва получила монополию лова и разрешение развернуть в порту Луба плавучий сухой док как ремонтную базу западноафриканского флота", "event_to": "переворот Обианга 03.08.1979, свергнувший режим Масиаса Нгемы", "source": "CIA, «Equatorial Guinea: Prospects for Soviet and Western Interests», 22.02.1985, CIA-RDP85T01058R000100110001-3; CIA, «Soviet Military Policy in the Third World», 21.10.1976", "confidence": "high", "note": "Военно-морского доступа Москва просила и не получила (ЦРУ, 1976). Окно атласа (поз. 42) 1968–1979 совпадает.", "gfrom": "1968-12-07", "gto": "1979-08-03", "geometry_source": "CShapes 2.0, gwcode 411 (1968-10-12..2019-12-31)"}}, {"type": "Feature", "geometry": {"type": "MultiPolygon", "coordinates": [[[[45.659, 13.339], [45.41, 13.068], [45.131, 12.971], [45.02, 12.77], [45.015, 12.839], [44.875, 12.804], [44.902, 12.732], [44.59, 12.817], [44.295, 12.636], [43.95, 12.595], [43.599, 12.749], [43.462, 12.687], [43.483, 12.815], [44.04, 12.979], [44.288, 12.923], [44.408, 13.119], [44.743, 13.202], [44.821, 13.398], [45.084, 13.561], [45.112, 13.822], [45.704, 14.928], [48.766, 18.266], [51.999, 18.999], [53.114, 16.643], [52.596, 16.477], [52.294, 16.267], [52.158, 15.985], [52.189, 15.605], [51.24, 15.188], [49.534, 14.71], [49.077, 14.503], [49.006, 14.325], [48.692, 14.039], [48.234, 13.989], [47.99, 14.047], [47.404, 13.652], [46.692, 13.428], [45.659, 13.339]]], [[[54.473, 12.549], [54.144, 12.353], [53.755, 12.309], [53.571, 12.346], [53.331, 12.546], [53.5, 12.717], [53.767, 12.622], [54.099, 12.703], [54.473, 12.549]]], [[[52.086, 12.224], [52.395, 12.197], [52.269, 12.148], [52.086, 12.224]]]]}, "properties": {"ep": "YMD-1969-06-22", "name": "South Yemen", "name_ru": "Южный Йемен (НДРЙ)", "iso3": "YMD", "from": "1969-06-22", "to": "1979-10-24", "kind": "client_military", "kind_ru": "военное присутствие: база, советники", "event_from": "«поправительное движение» 22.06.1969 развернуло НДРЙ к Москве; советские самолёты и корабли в Адене, объекты на Сокотре", "event_to": "договор о дружбе и сотрудничестве 25.10.1979", "source": "South Yemen–Soviet Union relations, en.wikipedia.org/wiki/South_Yemen–Soviet_Union_relations; Fred Halliday, Revolution and Foreign Policy: The Case of South Yemen", "confidence": "medium", "note": "Контур — CShapes, gwcode 680 (30.11.1967–21.05.1990): собственное государство со своими границами, а не часть объединённого Йемена.", "gfrom": "1969-06-22", "gto": "1979-10-24", "geometry_source": "CShapes 2.0, gwcode 680 (1967-11-30..1990-05-21)"}}, {"type": "Feature", "geometry": {"type": "Polygon", "coordinates": [[[41.973, -1.02], [43.489, 0.65], [44.344, 1.395], [46.026, 2.437], [48.001, 4.523], [49.041, 6.15], [49.219, 6.758], [49.733, 7.574], [49.829, 7.946], [50.109, 8.186], [50.425, 8.86], [50.839, 9.438], [50.896, 10.312], [51.093, 10.406], [51.391, 10.397], [51.377, 10.488], [51.189, 10.538], [51.135, 10.447], [51.017, 10.447], [51.146, 10.634], [51.165, 11.151], [51.083, 11.181], [51.076, 11.328], [51.273, 11.839], [50.769, 11.979], [50.579, 11.916], [50.486, 11.735], [50.281, 11.595], [49.56, 11.448], [49.424, 11.341], [48.957, 11.243], [48.521, 11.316], [48.126, 11.135], [47.692, 11.099], [47.397, 11.179], [46.453, 10.69], [45.759, 10.873], [44.892, 10.422], [44.278, 10.448], [43.814, 10.814], [43.455, 11.351], [43.249, 11.47], [42.665, 10.633], [42.851, 10.219], [43.084, 9.925], [43.204, 9.892], [43.442, 9.418], [43.627, 9.354], [44.011, 9.007], [46.995, 8.006], [47.988, 8.002], [46.561, 6.619], [44.951, 4.902], [43.982, 4.963], [43.686, 4.892], [43.158, 4.666], [42.856, 4.305], [42.074, 4.176], [41.337, 3.167], [40.991, 2.836], [40.998, -0.866], [41.558, -1.675], [41.973, -1.02]]]}, "properties": {"ep": "SOM-1969-10-21", "name": "Somalia", "name_ru": "Сомали", "iso3": "SOM", "from": "1969-10-21", "to": "1974-07-10", "kind": "client_military", "kind_ru": "военное присутствие: база, советники", "event_from": "переворот Сиада Барре 21.10.1969 и курс на «научный социализм»; с 1972 года советские военные в Бербере, порт и аэродром модернизируются", "event_to": "договор о дружбе и сотрудничестве 11.07.1974", "source": "globalsecurity.org/military/world/somalia/berbera.htm", "confidence": "medium", "note": "Точный день соглашения по Бербере не найден, известен только 1972 год и визит министра обороны Гречко.", "gfrom": "1969-10-21", "gto": "1974-07-10", "geometry_source": "CShapes 2.0, gwcode 520 (1960-07-01..2019-12-31)"}}, {"type": "Feature", "geometry": {"type": "Polygon", "coordinates": [[[32.202, 31.291], [31.951, 31.505], [31.894, 31.539], [31.557, 31.442], [31.098, 31.602], [30.978, 31.584], [31.126, 31.497], [30.902, 31.42], [30.544, 31.393], [30.956, 31.576], [30.5, 31.452], [30.355, 31.503], [30.29, 31.237], [30.143, 31.222], [30.064, 31.32], [29.483, 30.938], [29.121, 30.821], [28.43, 31.079], [27.921, 31.098], [27.844, 31.244], [27.655, 31.173], [27.439, 31.223], [27.323, 31.376], [25.986, 31.614], [25.314, 31.501], [25.174, 31.541], [25.151, 31.641], [24.868, 31.371], [24.869, 31.159], [25.017, 30.789], [24.707, 30.159], [24.998, 29.249], [25.001, 22.0], [31.274, 21.999], [31.448, 22.232], [31.514, 22.16], [31.46, 21.998], [36.891, 22.004], [36.466, 22.318], [36.229, 22.635], [35.845, 22.764], [35.669, 22.971], [35.492, 23.495], [35.486, 23.943], [35.811, 23.907], [35.139, 24.517], [34.55, 25.725], [33.938, 26.655], [33.943, 26.936], [33.837, 27.237], [33.495, 27.644], [33.475, 27.828], [33.58, 27.791], [33.559, 27.883], [33.126, 28.284], [32.619, 28.984], [32.663, 29.094], [32.596, 29.341], [32.341, 29.595], [32.478, 29.937], [32.6, 30.018], [32.601, 30.218], [32.353, 30.498], [32.29, 31.169], [32.078, 31.082], [32.028, 31.216], [31.927, 31.182], [31.777, 31.277], [31.861, 31.515], [31.933, 31.513], [32.017, 31.381], [32.202, 31.291]]]}, "properties": {"ep": "EGY-1970-03-01", "name": "Egypt", "name_ru": "Египет", "iso3": "EGY", "from": "1970-03-01", "to": "1972-07-18", "kind": "client_military", "kind_ru": "военное присутствие: база, советники", "event_from": "операция «Кавказ»: советские зенитчики и лётчики воюют в Египте после визита Насера в Москву 24–25.01.1970", "event_to": "Садат объявил о высылке советских военных советников 18.07.1972", "source": "FRUS 1969–1976, vol. XIII, doc. 241 (history.state.gov/historicaldocuments/frus1969-76v13/d241)", "confidence": "high", "note": "Часть технического состава осталась — «полная высылка» историками (Karsh) считается преувеличением.", "gfrom": "1970-03-01", "gto": "1972-07-18", "geometry_source": "CShapes 2.0, gwcode 651 (1967-06-10..1979-05-25)"}}, {"type": "Feature", "geometry": {"type": "Polygon", "coordinates": [[[42.356, 37.107], [42.352, 37.231], [42.181, 37.291], [41.995, 37.173], [41.548, 37.085], [40.771, 37.118], [39.818, 36.754], [39.222, 36.665], [38.725, 36.704], [38.514, 36.858], [38.243, 36.914], [37.374, 36.655], [37.127, 36.659], [36.663, 36.834], [36.55, 36.488], [36.683, 36.233], [36.392, 36.213], [36.375, 35.998], [36.224, 35.962], [36.162, 35.819], [35.922, 35.927], [35.734, 35.582], [35.919, 35.423], [35.957, 35.196], [35.875, 34.912], [35.973, 34.648], [36.459, 34.63], [36.351, 34.501], [36.526, 34.432], [36.624, 34.205], [36.283, 33.911], [36.374, 33.831], [36.071, 33.828], [35.971, 33.718], [35.94, 33.644], [36.059, 33.586], [35.79, 33.349], [35.884, 32.955], [35.77, 32.748], [35.931, 32.72], [36.08, 32.543], [36.4, 32.382], [36.838, 32.314], [38.697, 33.328], [41.004, 34.419], [41.225, 34.783], [41.215, 35.225], [41.384, 35.631], [41.378, 35.837], [41.255, 36.055], [41.29, 36.356], [41.403, 36.526], [41.835, 36.599], [42.356, 37.107]]]}, "properties": {"ep": "SYR-1971-01-01", "name": "Syria", "name_ru": "Сирия", "iso3": "SYR", "from": "1971-01-01", "to": "1980-10-07", "kind": "client_military", "kind_ru": "военное присутствие: база, советники", "event_from": "соглашение о пункте материально-технического обеспечения в Тартусе, 1971 год; советники с 1956 года, после войны 1967 года их больше двух тысяч", "event_to": "договор о дружбе и сотрудничестве 08.10.1980", "source": "Тартус — en.wikipedia.org/wiki/Tartus_naval_base; советники — Wilson Center, Syria’s 1956 Request for Soviet Military Intervention", "confidence": "medium", "note": "Точный день соглашения по Тартусу не найден, поэтому окно открывается первым днём 1971 года.", "gfrom": "1971-01-01", "gto": "1980-10-07", "geometry_source": "CShapes 2.0, gwcode 652 (1967-06-10..2019-12-31)"}}, {"type": "Feature", "geometry": {"type": "Polygon", "coordinates": [[[-11.373, 12.408], [-12.034, 12.401], [-12.345, 12.302], [-12.896, 12.545], [-13.046, 12.479], [-13.056, 12.634], [-13.713, 12.677], [-13.669, 12.319], [-13.859, 12.279], [-13.964, 12.153], [-13.714, 12.016], [-13.708, 11.718], [-14.002, 11.641], [-14.279, 11.675], [-14.511, 11.514], [-14.678, 11.513], [-15.073, 10.84], [-14.984, 10.769], [-14.866, 10.965], [-14.69, 11.029], [-14.819, 10.918], [-14.699, 10.64], [-14.517, 10.843], [-14.661, 10.473], [-14.536, 10.507], [-14.457, 10.294], [-13.822, 9.849], [-13.689, 9.952], [-13.747, 9.761], [-13.676, 9.744], [-13.655, 9.835], [-13.595, 9.76], [-13.68, 9.541], [-13.544, 9.501], [-13.493, 9.56], [-13.521, 9.457], [-13.273, 9.202], [-13.293, 9.037], [-13.093, 9.047], [-12.949, 9.277], [-12.798, 9.298], [-12.456, 9.888], [-12.231, 9.935], [-12.134, 9.875], [-11.898, 9.935], [-11.895, 9.996], [-11.214, 9.998], [-10.657, 9.303], [-10.74, 9.091], [-10.572, 9.06], [-10.593, 8.867], [-10.508, 8.718], [-10.696, 8.299], [-10.529, 8.322], [-10.323, 8.509], [-9.639, 8.471], [-9.484, 8.347], [-9.358, 7.743], [-9.486, 7.366], [-9.324, 7.427], [-9.105, 7.201], [-8.844, 7.272], [-8.661, 7.695], [-8.552, 7.692], [-8.47, 7.561], [-8.398, 7.618], [-8.219, 7.545], [-8.052, 8.026], [-7.947, 8.019], [-8.021, 8.18], [-8.229, 8.24], [-8.241, 8.447], [-7.949, 8.502], [-7.653, 8.384], [-7.673, 8.615], [-7.792, 8.756], [-7.956, 8.804], [-7.914, 9.003], [-7.736, 9.092], [-7.92, 9.204], [-7.877, 9.352], [-8.132, 9.497], [-8.148, 9.984], [-7.942, 10.243], [-8.27, 10.502], [-8.29, 11.008], [-8.458, 11.051], [-8.672, 10.959], [-8.61, 11.127], [-8.477, 11.288], [-8.369, 11.287], [-8.363, 11.375], [-8.638, 11.497], [-8.706, 11.656], [-8.832, 11.662], [-8.78, 11.926], [-8.98, 12.23], [-8.948, 12.355], [-9.312, 12.505], [-9.4, 12.452], [-9.295, 12.362], [-9.318, 12.268], [-9.628, 12.166], [-9.702, 12.029], [-10.327, 12.224], [-10.653, 11.893], [-10.929, 12.224], [-11.046, 12.205], [-11.174, 12.022], [-11.32, 12.026], [-11.494, 12.176], [-11.373, 12.408]]]}, "properties": {"ep": "GIN-1973-06-01", "name": "Guinea", "name_ru": "Гвинея", "iso3": "GIN", "from": "1973-06-01", "to": "1977-12-31", "kind": "client_military", "kind_ru": "военное присутствие: база, советники", "event_from": "аэродром Конакри — база разведывательных Ту-95РЦ, регулярные развёртывания с лета 1973 года", "event_to": "Секу Туре ограничил полёты и доступ к военно-морским объектам в 1977 году после спора о цене на бокситы", "source": "globalsecurity.org/wmd/world/russia/tu-95-west.htm; Christian Science Monitor, 27.05.1981", "confidence": "medium", "note": "Точных дней начала и конца нет, взяты границы известных периодов.", "gfrom": "1973-06-01", "gto": "1977-12-31", "geometry_source": "CShapes 2.0, gwcode 438 (1958-10-02..2019-12-31)"}}, {"type": "Feature", "geometry": {"type": "MultiPolygon", "coordinates": [[[[107.448, 16.638], [107.7, 16.514], [107.812, 16.312], [108.027, 16.324], [108.189, 16.199], [108.138, 16.128], [108.201, 15.999], [108.247, 16.154], [108.331, 16.15], [108.263, 16.098], [108.306, 15.948], [108.625, 15.482], [108.829, 15.422], [109.304, 13.864], [109.303, 13.752], [109.25, 13.885], [109.218, 13.816], [109.229, 13.409], [109.465, 12.901], [109.197, 12.632], [109.336, 12.373], [109.147, 12.432], [109.27, 11.893], [109.183, 12.117], [109.209, 11.979], [109.123, 11.848], [109.221, 11.756], [109.134, 11.567], [109.037, 11.578], [109.022, 11.362], [108.81, 11.317], [108.113, 10.916], [108.0, 10.704], [107.825, 10.695], [107.266, 10.376], [107.054, 10.495], [106.999, 10.655], [106.967, 10.475], [106.904, 10.631], [106.763, 10.681], [106.742, 10.661], [106.771, 10.589], [106.736, 10.551], [106.735, 10.512], [106.592, 10.43], [106.732, 10.47], [106.784, 10.28], [106.424, 10.311], [106.793, 10.157], [106.778, 10.082], [106.604, 9.974], [106.297, 10.255], [106.497, 10.003], [106.688, 9.894], [106.674, 9.842], [106.607, 9.811], [106.115, 10.234], [106.571, 9.741], [106.543, 9.584], [106.398, 9.532], [105.824, 10.004], [106.186, 9.558], [106.195, 9.368], [105.534, 9.129], [105.121, 8.625], [104.767, 8.586], [104.923, 8.745], [104.916, 8.802], [104.799, 8.792], [104.861, 9.692], [105.039, 9.927], [105.113, 9.855], [105.107, 9.945], [104.801, 10.207], [104.61, 10.169], [104.445, 10.423], [104.595, 10.533], [104.884, 10.535], [105.094, 10.713], [105.039, 10.882], [105.101, 10.954], [105.362, 10.881], [105.431, 10.966], [105.774, 11.021], [106.203, 10.771], [106.146, 10.919], [106.189, 11.054], [105.871, 11.297], [105.853, 11.662], [105.965, 11.65], [106.043, 11.776], [106.458, 11.666], [106.421, 11.968], [106.699, 11.963], [106.789, 12.073], [106.972, 12.082], [107.19, 12.287], [107.354, 12.332], [107.431, 12.254], [107.55, 12.359], [107.593, 12.604], [107.483, 13.021], [107.629, 13.538], [107.344, 14.128], [107.558, 14.657], [107.471, 15.03], [107.616, 15.064], [107.695, 15.271], [107.183, 15.765], [107.204, 15.859], [107.402, 15.918], [107.461, 16.08], [107.338, 16.056], [107.094, 16.301], [106.987, 16.3], [106.875, 16.537], [106.757, 16.42], [106.685, 16.459], [106.561, 16.677], [106.561, 16.997], [106.441, 16.992], [106.341, 17.169], [105.754, 17.67], [105.504, 18.168], [105.357, 18.168], [105.183, 18.334], [105.104, 18.47], [105.193, 18.637], [104.745, 18.796], [103.878, 19.31], [104.104, 19.479], [104.039, 19.694], [104.644, 19.617], [104.832, 19.787], [104.79, 19.892], [104.978, 20.004], [104.985, 20.098], [104.615, 20.416], [104.394, 20.435], [104.642, 20.652], [104.23, 20.929], [104.104, 20.976], [103.857, 20.852], [103.687, 20.66], [103.118, 20.894], [102.889, 21.252], [102.971, 21.745], [102.675, 21.659], [102.604, 21.928], [102.147, 22.391], [102.474, 22.772], [102.87, 22.593], [103.03, 22.437], [103.334, 22.795], [103.53, 22.586], [103.654, 22.783], [103.969, 22.504], [104.111, 22.798], [104.259, 22.828], [104.265, 22.735], [104.367, 22.687], [104.574, 22.83], [104.732, 22.818], [104.907, 23.18], [105.359, 23.324], [105.574, 23.063], [105.877, 22.913], [106.135, 22.989], [106.294, 22.857], [106.522, 22.933], [106.703, 22.867], [106.787, 22.764], [106.552, 22.457], [106.692, 22.216], [106.693, 22.031], [107.021, 21.939], [107.024, 21.821], [107.299, 21.729], [107.363, 21.605], [107.783, 21.667], [108.064, 21.487], [107.931, 21.439], [107.855, 21.526], [107.595, 21.293], [107.417, 21.326], [107.367, 21.265], [107.371, 21.026], [107.154, 20.925], [107.075, 20.95], [107.147, 21.036], [107.015, 20.951], [106.877, 20.988], [106.943, 20.905], [106.863, 20.871], [106.775, 20.936], [106.791, 21.026], [106.647, 21.022], [106.759, 20.934], [106.696, 20.877], [106.777, 20.699], [106.597, 20.633], [106.567, 20.287], [106.496, 20.3], [106.557, 20.271], [106.175, 19.986], [106.106, 19.971], [106.112, 20.029], [105.957, 19.923], [105.809, 19.601], [105.806, 19.274], [105.611, 19.004], [105.884, 18.499], [106.51, 17.956], [106.425, 17.742], [107.192, 16.875], [107.54, 16.629], [107.448, 16.638]]], [[[103.846, 10.371], [104.012, 10.439], [104.078, 10.222], [104.026, 10.08], [103.846, 10.371]]], [[[107.376, 21.081], [107.445, 21.235], [107.602, 21.211], [107.379, 21.048], [107.376, 21.081]]], [[[106.753, 10.494], [106.785, 10.575], [106.752, 10.659], [106.827, 10.621], [106.85, 10.404], [106.753, 10.494]]], [[[107.102, 20.799], [107.069, 20.729], [106.912, 20.833], [107.033, 20.856], [107.102, 20.799]]]]}, "properties": {"ep": "VNM-1979-05-02", "name": "Vietnam", "name_ru": "Вьетнам", "iso3": "VNM", "from": "1979-05-02", "to": "2002-05-02", "kind": "client_military", "kind_ru": "военное присутствие: база, советники", "event_from": "соглашение об использовании Камрани 02.05.1979 на 25 лет — крупнейшая зарубежная база советского флота", "event_to": "Россия ушла из Камрани 02.05.2002, за два года до истечения аренды", "source": "irp.fas.org/imint/vn_crb1.htm; globalsecurity.org, mil-020327-3d99487d", "confidence": "high", "note": "Единственный эпизод, который переживает СССР и тянется до 2002 года.", "gfrom": "1979-05-02", "gto": "2002-05-02", "geometry_source": "CShapes 2.0, gwcode 816 (1975-05-01..2019-12-31)"}}, {"type": "Feature", "geometry": {"type": "Polygon", "coordinates": [[[73.158, 37.403], [72.662, 37.025], [72.306, 36.978], [71.843, 36.692], [71.615, 36.698], [71.431, 37.067], [71.585, 37.912], [71.252, 37.928], [71.362, 38.248], [70.96, 38.472], [70.711, 38.41], [70.342, 38.019], [70.163, 37.929], [70.286, 37.7], [70.156, 37.536], [69.912, 37.613], [69.522, 37.582], [69.382, 37.453], [69.424, 37.202], [69.287, 37.104], [68.891, 37.338], [68.001, 36.936], [67.726, 37.229], [67.526, 37.269], [67.246, 37.185], [67.013, 37.38], [66.287, 37.327], [65.698, 37.533], [65.563, 37.261], [65.067, 37.243], [64.794, 37.122], [64.793, 36.919], [64.617, 36.636], [64.615, 36.424], [64.466, 36.251], [63.523, 35.903], [63.123, 35.863], [63.185, 35.674], [63.105, 35.634], [63.107, 35.457], [62.727, 35.258], [62.47, 35.288], [62.312, 35.146], [62.043, 35.441], [61.596, 35.444], [61.296, 35.629], [61.106, 35.282], [61.051, 34.789], [60.977, 34.651], [60.724, 34.528], [60.879, 34.32], [60.675, 34.314], [60.504, 34.122], [60.531, 33.64], [60.934, 33.511], [60.583, 33.15], [60.583, 33.066], [60.858, 32.226], [60.849, 31.496], [61.714, 31.383], [61.85, 31.024], [61.758, 30.79], [60.868, 29.865], [62.484, 29.406], [63.587, 29.504], [64.059, 29.414], [64.38, 29.554], [65.034, 29.541], [66.257, 29.852], [66.362, 29.96], [66.241, 30.065], [66.4, 30.943], [66.579, 30.987], [66.722, 31.207], [66.966, 31.32], [67.063, 31.241], [67.385, 31.215], [67.791, 31.343], [67.614, 31.43], [67.581, 31.529], [67.969, 31.634], [68.164, 31.829], [68.535, 31.727], [68.446, 31.78], [68.576, 31.823], [68.828, 31.606], [69.019, 31.651], [69.328, 31.94], [69.248, 32.441], [69.456, 32.674], [69.395, 32.767], [69.513, 32.872], [69.507, 33.036], [70.029, 33.136], [70.325, 33.333], [70.17, 33.52], [70.133, 33.734], [69.987, 33.753], [69.917, 33.852], [69.901, 34.029], [70.558, 33.944], [71.081, 34.056], [71.155, 34.356], [70.982, 34.538], [71.496, 34.962], [71.613, 35.231], [71.548, 35.318], [71.648, 35.428], [71.443, 35.867], [71.189, 36.046], [71.581, 36.346], [71.62, 36.453], [71.745, 36.416], [72.174, 36.709], [72.579, 36.825], [73.668, 36.91], [74.062, 36.821], [74.417, 37.0], [74.555, 36.965], [74.391, 37.17], [74.528, 37.241], [74.74, 37.301], [74.916, 37.237], [74.67, 37.392], [74.254, 37.409], [73.739, 37.222], [73.621, 37.264], [73.77, 37.343], [73.776, 37.433], [73.436, 37.476], [73.158, 37.403]]]}, "properties": {"ep": "AFG-1979-12-25", "name": "Afghanistan", "name_ru": "Афганистан", "iso3": "AFG", "from": "1979-12-25", "to": "1989-02-15", "kind": "intervention", "kind_ru": "прямая военная интервенция", "event_from": "ввод войск 25.12.1979, штурм дворца Амина 27.12.1979", "event_to": "вывод завершён 15.02.1989", "source": "Washington Post, «Soviets Complete Pullout From War in Afghanistan», 16.02.1989", "confidence": "high", "note": "", "gfrom": "1979-12-25", "gto": "1989-02-15", "geometry_source": "CShapes 2.0, gwcode 700 (1919-05-01..2019-12-31)"}}, {"type": "Feature", "geometry": {"type": "MultiPolygon", "coordinates": [[[[55.38, -4.649], [55.371, -4.647], [55.366, -4.643], [55.367, -4.639], [55.375, -4.64], [55.378, -4.638], [55.375, -4.633], [55.38, -4.627], [55.388, -4.62], [55.395, -4.617], [55.407, -4.616], [55.414, -4.613], [55.418, -4.611], [55.422, -4.603], [55.426, -4.595], [55.432, -4.592], [55.433, -4.587], [55.434, -4.58], [55.434, -4.563], [55.441, -4.561], [55.448, -4.561], [55.455, -4.562], [55.464, -4.571], [55.467, -4.583], [55.463, -4.588], [55.46, -4.599], [55.46, -4.606], [55.459, -4.618], [55.462, -4.623], [55.457, -4.624], [55.457, -4.626], [55.461, -4.626], [55.464, -4.625], [55.472, -4.635], [55.476, -4.64], [55.492, -4.651], [55.498, -4.655], [55.514, -4.666], [55.516, -4.668], [55.529, -4.68], [55.526, -4.689], [55.522, -4.708], [55.525, -4.714], [55.528, -4.737], [55.52, -4.739], [55.517, -4.75], [55.526, -4.77], [55.527, -4.784], [55.535, -4.79], [55.538, -4.804], [55.52, -4.804], [55.504, -4.796], [55.493, -4.777], [55.491, -4.773], [55.487, -4.762], [55.478, -4.759], [55.471, -4.764], [55.463, -4.76], [55.468, -4.742], [55.485, -4.742], [55.492, -4.736], [55.485, -4.727], [55.48, -4.721], [55.482, -4.713], [55.478, -4.706], [55.468, -4.705], [55.458, -4.691], [55.449, -4.678], [55.435, -4.676], [55.418, -4.666], [55.409, -4.661], [55.402, -4.661], [55.394, -4.658], [55.395, -4.654], [55.4, -4.653], [55.398, -4.65], [55.39, -4.647], [55.38, -4.649]]], [[[46.23, -9.414], [46.274, -9.426], [46.32, -9.424], [46.352, -9.406], [46.369, -9.407], [46.396, -9.398], [46.422, -9.387], [46.435, -9.378], [46.441, -9.386], [46.448, -9.378], [46.458, -9.383], [46.469, -9.386], [46.469, -9.378], [46.459, -9.372], [46.453, -9.362], [46.45, -9.351], [46.448, -9.338], [46.495, -9.358], [46.516, -9.372], [46.525, -9.381], [46.52, -9.386], [46.507, -9.391], [46.473, -9.416], [46.455, -9.426], [46.381, -9.425], [46.3, -9.449], [46.234, -9.452], [46.207, -9.386], [46.23, -9.414]]], [[[55.677, -4.296], [55.683, -4.294], [55.69, -4.292], [55.697, -4.291], [55.704, -4.29], [55.719, -4.303], [55.732, -4.309], [55.747, -4.311], [55.754, -4.321], [55.765, -4.317], [55.777, -4.318], [55.787, -4.331], [55.771, -4.331], [55.768, -4.34], [55.768, -4.35], [55.759, -4.358], [55.747, -4.358], [55.733, -4.352], [55.723, -4.343], [55.718, -4.33], [55.704, -4.328], [55.692, -4.326], [55.685, -4.319], [55.684, -4.312], [55.677, -4.296]]], [[[46.354, -9.329], [46.393, -9.336], [46.427, -9.338], [46.411, -9.353], [46.379, -9.357], [46.348, -9.353], [46.331, -9.344], [46.318, -9.351], [46.296, -9.348], [46.284, -9.351], [46.282, -9.348], [46.283, -9.346], [46.282, -9.344], [46.276, -9.344], [46.276, -9.339], [46.278, -9.338], [46.281, -9.339], [46.315, -9.326], [46.354, -9.329]]], [[[55.228, -4.487], [55.221, -4.463], [55.225, -4.445], [55.242, -4.45], [55.26, -4.463], [55.269, -4.48], [55.26, -4.5], [55.242, -4.504], [55.228, -4.487]]], [[[56.283, -7.132], [56.272, -7.154], [56.247, -7.193], [56.259, -7.14], [56.269, -7.12], [56.287, -7.11], [56.283, -7.132]]], [[[55.828, -4.347], [55.832, -4.337], [55.844, -4.343], [55.851, -4.355], [55.857, -4.365], [55.85, -4.368], [55.844, -4.374], [55.841, -4.383], [55.834, -4.381], [55.826, -4.372], [55.823, -4.36], [55.828, -4.347]]], [[[46.508, -9.732], [46.501, -9.747], [46.49, -9.756], [46.48, -9.751], [46.479, -9.74], [46.487, -9.73], [46.499, -9.723], [46.51, -9.72], [46.508, -9.732]]], [[[55.712, -4.28], [55.715, -4.277], [55.722, -4.277], [55.738, -4.278], [55.743, -4.278], [55.741, -4.283], [55.732, -4.283], [55.733, -4.289], [55.733, -4.292], [55.721, -4.288], [55.712, -4.28]]], [[[55.879, -4.338], [55.873, -4.333], [55.867, -4.323], [55.869, -4.317], [55.873, -4.318], [55.883, -4.329], [55.885, -4.337], [55.879, -4.338]]], [[[55.497, -4.615], [55.496, -4.612], [55.497, -4.607], [55.497, -4.603], [55.498, -4.601], [55.499, -4.6], [55.504, -4.598], [55.508, -4.599], [55.513, -4.599], [55.514, -4.601], [55.513, -4.605], [55.509, -4.609], [55.503, -4.612], [55.499, -4.614], [55.497, -4.615]]], [[[55.944, -4.58], [55.949, -4.586], [55.95, -4.591], [55.945, -4.593], [55.939, -4.592], [55.933, -4.586], [55.933, -4.582], [55.936, -4.58], [55.94, -4.579], [55.944, -4.58]]], [[[55.652, -3.801], [55.66, -3.791], [55.666, -3.812], [55.659, -3.812], [55.652, -3.801]]], [[[55.497, -4.628], [55.5, -4.63], [55.502, -4.629], [55.504, -4.63], [55.507, -4.637], [55.506, -4.64], [55.503, -4.64], [55.499, -4.638], [55.496, -4.636], [55.492, -4.634], [55.492, -4.63], [55.494, -4.628], [55.497, -4.628]]], [[[47.516, -9.7], [47.507, -9.713], [47.507, -9.698], [47.513, -9.694], [47.516, -9.7]]], [[[55.919, -4.348], [55.918, -4.34], [55.92, -4.334], [55.925, -4.337], [55.924, -4.343], [55.923, -4.35], [55.919, -4.348]]], [[[55.397, -4.668], [55.399, -4.669], [55.401, -4.67], [55.405, -4.672], [55.407, -4.675], [55.406, -4.678], [55.405, -4.68], [55.404, -4.68], [55.4, -4.676], [55.398, -4.673], [55.398, -4.671], [55.396, -4.67], [55.397, -4.668]]], [[[55.866, -4.289], [55.866, -4.283], [55.87, -4.284], [55.871, -4.29], [55.874, -4.296], [55.87, -4.297], [55.866, -4.289]]], [[[55.664, -4.214], [55.659, -4.213], [55.66, -4.21], [55.667, -4.21], [55.67, -4.211], [55.675, -4.212], [55.672, -4.215], [55.664, -4.214]]], [[[53.345, -5.441], [53.341, -5.436], [53.338, -5.431], [53.334, -5.42], [53.342, -5.43], [53.344, -5.435], [53.345, -5.441]]], [[[55.371, -4.664], [55.374, -4.666], [55.373, -4.668], [55.37, -4.667], [55.365, -4.666], [55.362, -4.664], [55.361, -4.661], [55.363, -4.659], [55.366, -4.661], [55.371, -4.664]]], [[[55.508, -4.624], [55.512, -4.625], [55.513, -4.627], [55.511, -4.63], [55.508, -4.628], [55.505, -4.626], [55.503, -4.624], [55.504, -4.621], [55.506, -4.622], [55.508, -4.624]]], [[[55.663, -4.328], [55.666, -4.329], [55.666, -4.334], [55.66, -4.335], [55.66, -4.33], [55.663, -4.328]]], [[[52.747, -7.005], [52.743, -7.004], [52.742, -7.002], [52.742, -6.998], [52.742, -6.994], [52.747, -7.005]]], [[[55.649, -4.349], [55.651, -4.353], [55.648, -4.353], [55.644, -4.349], [55.647, -4.347], [55.649, -4.349]]], [[[55.38, -5.865], [55.383, -5.854], [55.382, -5.865], [55.38, -5.869], [55.38, -5.865]]]]}, "properties": {"ep": "SYC-1981-11-28", "name": "Seychelles", "name_ru": "Сейшельские острова", "iso3": "SYC", "from": "1981-11-28", "to": "1982-01-31", "kind": "client_military", "kind_ru": "военное присутствие: база, советники", "event_from": "после провала налёта наёмников 25-26.11.1981 советские боевые корабли встали в Виктории 28.11.1981 как гарантия режима Рене", "event_to": "корабли ушли в январе 1982 года", "source": "Library of Congress country study, «Seychelles: Foreign Military Assistance», country-data.com/cgi-bin/query/r-11752.html; А. Розин, «Советский ВМФ на Сейшельских островах», alerozin.narod.ru/Seisel.htm", "confidence": "high", "note": "Базы и соглашения о доступе не было: Рене разрешал заходы по квоте шесть в год каждой сверхдержаве при условии безъядерного статуса, но формального соглашения не подписал. Охрану режима физически несли танзанийцы, не советские военные. Американская станция слежения за спутниками на Маэ при этом продолжала работать. Дня в декабре 1990 года нет — взят последний день года. Контур — современный, CShapes Сейшел не знает. Окно обрезано 28.08.2026 с 05.06.1977-31.12.1990 до двух месяцев реальной стоянки кораблей: соглашения о рыболовстве и судоходстве и поставки стрелкового оружия присутствием империи на земле не являются.", "gfrom": "1981-11-28", "gto": "1982-01-31", "geometry_source": "Natural Earth admin-1, Seychelles целиком (26 единиц, современный контур)"}}, {"type": "Feature", "geometry": {"type": "Polygon", "coordinates": [[[19.651, 54.456], [18.844, 54.352], [18.595, 54.428], [18.406, 54.738], [18.706, 54.694], [18.821, 54.594], [18.74, 54.685], [18.336, 54.836], [17.919, 54.827], [16.544, 54.545], [16.175, 54.259], [14.226, 53.929], [14.339, 53.805], [14.477, 53.865], [14.614, 53.816], [14.525, 53.661], [14.276, 53.699], [14.413, 53.339], [14.392, 53.144], [14.148, 52.959], [14.149, 52.863], [14.64, 52.573], [14.534, 52.396], [14.58, 52.288], [14.7, 52.25], [14.761, 52.07], [14.601, 51.82], [14.756, 51.667], [14.715, 51.555], [14.953, 51.47], [15.034, 51.287], [14.827, 50.861], [15.004, 50.867], [15.016, 50.974], [15.177, 51.015], [15.38, 50.779], [15.787, 50.744], [16.024, 50.63], [16.332, 50.664], [16.447, 50.579], [16.219, 50.41], [16.442, 50.316], [16.64, 50.109], [17.002, 50.217], [16.891, 50.439], [17.433, 50.27], [17.724, 50.319], [17.764, 50.209], [17.606, 50.163], [17.84, 49.99], [18.053, 50.056], [18.579, 49.91], [18.634, 49.738], [18.811, 49.673], [18.975, 49.402], [19.16, 49.4], [19.476, 49.6], [19.659, 49.407], [19.778, 49.407], [19.783, 49.2], [20.073, 49.178], [20.144, 49.315], [20.361, 49.393], [20.741, 49.389], [20.914, 49.296], [21.072, 49.422], [21.613, 49.437], [21.959, 49.34], [22.03, 49.22], [22.886, 49.003], [22.877, 49.087], [22.704, 49.17], [22.759, 49.286], [22.682, 49.573], [23.304, 50.101], [23.718, 50.384], [24.002, 50.414], [24.111, 50.567], [23.954, 50.792], [24.143, 50.86], [23.732, 51.215], [23.693, 51.402], [23.539, 51.593], [23.639, 52.079], [23.165, 52.282], [23.397, 52.514], [23.941, 52.75], [23.933, 53.012], [23.617, 53.614], [23.484, 54.138], [22.863, 54.408], [21.412, 54.326], [19.797, 54.438], [19.371, 54.269], [19.231, 54.334], [19.651, 54.456]]]}, "properties": {"ep": "POL-1989-09-12", "name": "Poland", "name_ru": "Польша", "iso3": "POL", "from": "1989-09-12", "to": "1993-09-18", "kind": "client_military", "kind_ru": "военное присутствие: база, советники", "event_from": "ОВД ещё существует (распущена 01.07.1991), Северная группа войск остаётся на территории", "event_to": "вывод завершён: церемония 17.09.1993, последние части ушли 18.09.1993", "source": "Washington Post «Last Russian Troops Leave Poland», 19.09.1993", "confidence": "medium", "note": "Дата 17.09.1993 выбрана символически — 54-я годовщина вторжения 1939 года; фактически последние эшелоны 18.09.", "gfrom": "1989-09-12", "gto": "1993-09-18", "geometry_source": "CShapes 2.0, gwcode 290 (1945-05-08..2019-12-31)"}}, {"type": "Feature", "geometry": {"type": "Polygon", "coordinates": [[[22.27, 48.402], [21.781, 48.341], [21.438, 48.575], [21.153, 48.511], [20.653, 48.562], [20.501, 48.504], [20.317, 48.27], [19.94, 48.136], [19.631, 48.234], [19.472, 48.089], [18.845, 48.049], [18.76, 47.915], [18.852, 47.825], [18.663, 47.76], [17.787, 47.746], [17.174, 48.017], [17.061, 47.877], [17.054, 47.709], [16.764, 47.685], [16.636, 47.76], [16.451, 47.698], [16.714, 47.544], [16.593, 47.425], [16.452, 47.413], [16.491, 47.282], [16.421, 47.21], [16.505, 47.007], [16.303, 47.011], [16.112, 46.87], [16.349, 46.842], [16.325, 46.756], [16.531, 46.509], [17.153, 46.18], [17.311, 45.975], [17.583, 45.938], [17.881, 45.784], [18.434, 45.751], [19.093, 46.022], [19.284, 45.989], [19.565, 46.173], [20.688, 46.146], [20.825, 46.276], [21.177, 46.297], [21.328, 46.621], [21.492, 46.686], [21.654, 47.024], [22.013, 47.39], [22.038, 47.534], [22.274, 47.726], [22.654, 47.776], [22.895, 47.954], [22.847, 48.083], [22.626, 48.1], [22.27, 48.402]]]}, "properties": {"ep": "HUN-1989-10-23", "name": "Hungary", "name_ru": "Венгрия", "iso3": "HUN", "from": "1989-10-23", "to": "1991-06-19", "kind": "client_military", "kind_ru": "военное присутствие: база, советники", "event_from": "соглашение о полном выводе советских войск подписано 10.03.1990", "event_to": "вывод завершён 19.06.1991 — последним границу пересёк генерал Силов", "source": "pestbuda.hu, обзор к тридцатилетию вывода (09.07.2021)", "confidence": "high", "note": "", "gfrom": "1989-10-23", "gto": "1991-06-19", "geometry_source": "CShapes 2.0, gwcode 310 (1947-02-10..2019-12-31)"}}, {"type": "Feature", "geometry": {"type": "Polygon", "coordinates": [[[15.004, 50.867], [14.619, 50.858], [14.569, 51.006], [14.306, 51.052], [14.258, 50.995], [14.368, 50.935], [14.311, 50.882], [13.582, 50.709], [12.989, 50.42], [12.515, 50.392], [12.323, 50.207], [12.099, 50.321], [12.206, 50.106], [12.546, 49.91], [12.457, 49.704], [12.674, 49.425], [12.959, 49.335], [13.403, 49.006], [13.626, 48.948], [14.184, 48.596], [14.703, 48.583], [14.824, 48.785], [14.959, 48.795], [15.029, 49.019], [16.103, 48.75], [16.659, 48.785], [16.918, 48.703], [16.943, 48.573], [16.845, 48.362], [17.117, 48.039], [17.342, 47.996], [17.787, 47.746], [18.663, 47.76], [18.852, 47.825], [18.76, 47.915], [18.845, 48.049], [19.472, 48.089], [19.631, 48.234], [19.94, 48.136], [20.317, 48.27], [20.501, 48.504], [20.653, 48.562], [21.153, 48.511], [21.438, 48.575], [21.722, 48.355], [22.099, 48.378], [22.16, 48.578], [22.329, 48.687], [22.563, 49.083], [22.03, 49.22], [21.838, 49.384], [21.282, 49.456], [21.072, 49.422], [20.956, 49.302], [20.741, 49.389], [20.361, 49.393], [20.144, 49.315], [20.073, 49.178], [19.783, 49.2], [19.778, 49.407], [19.659, 49.407], [19.476, 49.6], [19.16, 49.4], [18.975, 49.402], [18.811, 49.673], [18.634, 49.738], [18.579, 49.91], [18.053, 50.056], [17.84, 49.99], [17.606, 50.163], [17.764, 50.209], [17.724, 50.319], [17.433, 50.27], [16.891, 50.439], [17.002, 50.217], [16.64, 50.109], [16.442, 50.316], [16.219, 50.41], [16.447, 50.579], [16.332, 50.664], [16.024, 50.63], [15.787, 50.744], [15.38, 50.779], [15.177, 51.015], [15.016, 50.974], [15.004, 50.867]]]}, "properties": {"ep": "CSK-1989-12-10", "name": "Czechoslovakia", "name_ru": "Чехословакия", "iso3": "CSK", "from": "1989-12-10", "to": "1991-06-21", "kind": "client_military", "kind_ru": "военное присутствие: база, советники", "event_from": "Центральная группа войск ещё на территории", "event_to": "последний эшелон пересёк границу 21.06.1991, группа расформирована 19.06.1991", "source": "Radio Prague, english.radio.cz/departure-soviet-troops-officially-marked-first-time-8754176", "confidence": "high", "note": "", "gfrom": "1989-12-10", "gto": "1991-06-21", "geometry_source": "CShapes 2.0, gwcode 315 (1947-02-10..1992-12-31)"}}, {"type": "Feature", "geometry": {"type": "MultiPolygon", "coordinates": [[[[12.452, 54.25], [12.55, 54.361], [13.024, 54.4], [13.119, 54.276], [13.455, 54.097], [13.711, 54.171], [13.865, 53.904], [13.809, 53.855], [14.276, 53.699], [14.413, 53.339], [14.392, 53.144], [14.148, 52.959], [14.149, 52.863], [14.64, 52.573], [14.534, 52.396], [14.58, 52.288], [14.7, 52.25], [14.761, 52.07], [14.601, 51.82], [14.756, 51.667], [14.715, 51.555], [14.953, 51.47], [15.034, 51.287], [14.802, 50.82], [14.619, 50.858], [14.569, 51.006], [14.306, 51.052], [14.258, 50.995], [14.368, 50.935], [14.311, 50.882], [13.582, 50.709], [12.989, 50.42], [12.515, 50.392], [12.323, 50.207], [11.812, 50.414], [11.651, 50.667], [11.57, 50.614], [11.596, 50.334], [11.063, 50.555], [11.106, 50.351], [10.973, 50.337], [10.798, 50.594], [10.29, 50.898], [10.267, 51.172], [10.14, 51.258], [10.192, 51.973], [10.614, 52.062], [10.645, 52.176], [10.569, 52.268], [10.752, 52.684], [10.721, 52.939], [11.007, 53.024], [11.047, 53.123], [10.878, 53.214], [10.814, 53.436], [10.948, 53.621], [10.821, 53.718], [10.867, 53.909], [11.095, 54.014], [11.413, 53.92], [11.696, 54.154], [12.13, 54.191], [12.527, 54.474], [12.922, 54.427], [12.464, 54.395], [12.366, 54.305], [12.452, 54.25]]], [[[13.249, 54.558], [13.227, 54.641], [13.427, 54.682], [13.407, 54.589], [13.675, 54.567], [13.577, 54.457], [13.711, 54.381], [13.729, 54.275], [13.687, 54.349], [13.506, 54.342], [13.358, 54.273], [13.395, 54.222], [13.119, 54.337], [13.264, 54.38], [13.147, 54.546], [13.304, 54.55], [13.367, 54.58], [13.516, 54.512], [13.375, 54.61], [13.249, 54.558]]], [[[14.219, 53.869], [13.829, 53.86], [14.056, 53.985], [13.954, 54.061], [13.859, 53.999], [13.811, 54.104], [13.758, 54.147], [13.827, 54.143], [14.226, 53.929], [14.219, 53.869]]]]}, "properties": {"ep": "DDR-1990-10-03", "name": "Germany", "name_ru": "Германия (ЗГВ на востоке)", "iso3": "DDR", "from": "1990-10-03", "to": "1994-08-31", "kind": "client_military", "kind_ru": "военное присутствие: база, советники", "event_from": "ОВД распущена, ГДР исчезла, но Западная группа войск остаётся на территории объединённой Германии по договору 12.10.1990", "event_to": "вывод завершён 31.08.1994, церемония в Трептов-парке", "source": "Group of Soviet Forces in Germany, en.wikipedia.org/wiki/Group_of_Soviet_Forces_in_Germany", "confidence": "medium", "note": "ПЕРЕНЕСЕНО В ПОКАЗ 28.08.2026 (решение куратора). Прежний вопрос куратору: присутствие войск есть, зависимости уже нет — красить ли объединённую Германию сферой влияния четыре года. То же по Польше (до 18.09.1993), Венгрии и Чехословакии (до июня 1991) — там мы такие хвосты В ТАБЛИЦУ ЗАВЕЛИ, потому что ОВД ещё существовала часть времени; тут не завели.", "gfrom": "1990-10-03", "gto": "1994-08-31", "geometry_source": "CShapes 2.0, gwcode 265 (последний контур 1949-10-05..1990-10-02; государства с 1990-10-02 у источника больше нет, а присутствие продолжалось)"}}, {"type": "Feature", "geometry": {"type": "MultiPolygon", "coordinates": [[[[-77.599, 21.909], [-77.14, 21.653], [-77.158, 21.577], [-77.364, 21.614], [-77.256, 21.473], [-77.062, 21.585], [-76.884, 21.42], [-76.899, 21.309], [-76.799, 21.384], [-76.661, 21.354], [-76.538, 21.183], [-76.457, 21.22], [-76.491, 21.283], [-76.364, 21.274], [-76.022, 21.084], [-75.814, 21.133], [-75.611, 21.064], [-75.634, 20.846], [-75.767, 20.826], [-75.737, 20.697], [-74.956, 20.685], [-74.499, 20.35], [-74.227, 20.315], [-74.132, 20.196], [-74.267, 20.064], [-74.762, 20.048], [-75.085, 19.893], [-75.14, 19.963], [-75.093, 20.056], [-75.224, 19.902], [-75.356, 19.876], [-76.249, 19.991], [-77.681, 19.822], [-77.742, 19.871], [-77.597, 20.047], [-77.115, 20.367], [-77.078, 20.467], [-77.236, 20.663], [-78.072, 20.714], [-78.495, 21.032], [-78.595, 21.464], [-78.74, 21.635], [-79.239, 21.542], [-79.988, 21.724], [-80.367, 21.971], [-80.492, 22.177], [-80.556, 22.063], [-80.884, 22.04], [-81.134, 22.148], [-81.349, 22.085], [-81.406, 22.178], [-81.823, 22.184], [-82.161, 22.402], [-81.649, 22.491], [-81.644, 22.573], [-81.885, 22.681], [-82.761, 22.701], [-83.368, 22.202], [-83.929, 22.163], [-84.035, 21.914], [-84.229, 21.909], [-84.494, 21.766], [-84.498, 21.935], [-84.81, 21.818], [-84.952, 21.858], [-84.514, 22.045], [-84.338, 22.012], [-84.44, 22.204], [-84.401, 22.333], [-84.07, 22.662], [-83.223, 23.0], [-82.973, 22.967], [-82.037, 23.194], [-81.58, 23.154], [-81.501, 23.056], [-81.256, 23.15], [-81.131, 23.023], [-80.627, 23.095], [-80.542, 22.99], [-80.279, 22.905], [-80.038, 22.951], [-79.677, 22.759], [-79.336, 22.407], [-78.573, 22.322], [-78.061, 22.081], [-77.747, 21.799], [-77.455, 21.776], [-77.431, 21.656], [-77.342, 21.637], [-77.446, 21.801], [-77.599, 21.909]]], [[[-83.191, 21.623], [-83.061, 21.541], [-82.935, 21.587], [-83.089, 21.786], [-82.974, 21.943], [-82.716, 21.89], [-82.544, 21.582], [-82.897, 21.433], [-83.073, 21.463], [-83.191, 21.623]]], [[[-77.943, 22.06], [-77.653, 22.069], [-77.638, 21.953], [-77.706, 21.909], [-77.943, 22.06]]], [[[-78.675, 22.557], [-78.346, 22.537], [-78.278, 22.443], [-78.694, 22.507], [-78.675, 22.557]]], [[[-77.861, 22.219], [-77.895, 22.098], [-78.044, 22.188], [-77.998, 22.285], [-77.861, 22.219]]], [[[-78.021, 22.269], [-78.309, 22.41], [-78.205, 22.437], [-78.021, 22.269]]], [[[-79.327, 22.616], [-79.632, 22.791], [-79.573, 22.807], [-79.327, 22.616]]]]}, "properties": {"ep": "CUB-1991-12-27", "name": "Cuba", "name_ru": "Куба", "iso3": "CUB", "from": "1991-12-27", "to": "2002-08-31", "kind": "client_military", "kind_ru": "военное присутствие: база, советники", "event_from": "СССР распался, но советская мотострелковая бригада и центр радиоэлектронной разведки в Лурдесе остаются на острове", "event_to": "бригада выведена 04.07.1993, Лурдес закрыт в августе 2002 (решение объявлено Путиным 17.10.2001)", "source": "Deseret News, 04.07.1993; Lourdes SIGINT station, en.wikipedia.org", "confidence": "high", "note": "ПЕРЕНЕСЕНО В ПОКАЗ 28.08.2026 (решение куратора). Прежний вопрос куратору: «Куба после 1991» — продолжение сюжета в наши дни. Окно до 1991 года в основной таблице.", "gfrom": "1991-12-27", "gto": "2002-08-31", "geometry_source": "CShapes 2.0, gwcode 40 (1902-05-20..2019-12-31)"}}, {"type": "Feature", "geometry": {"type": "Polygon", "coordinates": [[[42.356, 37.107], [42.352, 37.231], [42.181, 37.291], [41.995, 37.173], [41.548, 37.085], [40.771, 37.118], [39.818, 36.754], [39.222, 36.665], [38.725, 36.704], [38.514, 36.858], [38.243, 36.914], [37.374, 36.655], [37.127, 36.659], [36.663, 36.834], [36.55, 36.488], [36.683, 36.233], [36.392, 36.213], [36.375, 35.998], [36.224, 35.962], [36.162, 35.819], [35.922, 35.927], [35.734, 35.582], [35.919, 35.423], [35.957, 35.196], [35.875, 34.912], [35.973, 34.648], [36.459, 34.63], [36.351, 34.501], [36.526, 34.432], [36.624, 34.205], [36.283, 33.911], [36.374, 33.831], [36.071, 33.828], [35.971, 33.718], [35.94, 33.644], [36.059, 33.586], [35.79, 33.349], [35.884, 32.955], [35.77, 32.748], [35.931, 32.72], [36.08, 32.543], [36.4, 32.382], [36.838, 32.314], [38.697, 33.328], [41.004, 34.419], [41.225, 34.783], [41.215, 35.225], [41.384, 35.631], [41.378, 35.837], [41.255, 36.055], [41.29, 36.356], [41.403, 36.526], [41.835, 36.599], [42.356, 37.107]]]}, "properties": {"ep": "SYR-2015-09-30", "name": "Syria", "name_ru": "Сирия", "iso3": "SYR", "from": "2015-09-30", "to": "2024-12-08", "kind": "intervention", "kind_ru": "прямая военная интервенция", "event_from": "российская военная операция начата 30.09.2015; соглашение о Хмеймиме 26.08.2015 (бессрочное), протокол по Тартусу 18.01.2017 на 49 лет", "event_to": "падение режима Асада 08.12.2024", "source": "Соглашение о Хмеймиме 26.08.2015; соглашение по Тартусу 18.01.2017 (english.aawsat.com, Russia to lease Syria’s Tartus port for 49 years)", "confidence": "high", "note": "Соглашение о Хмеймиме от 26.08.2015 бессрочное и безвозмездное; протокол по Тартусу от 18.01.2017 — на 49 лет с автопродлением по 25.", "gfrom": "2015-09-30", "gto": "2024-12-08", "geometry_source": "CShapes 2.0, gwcode 652 (1967-06-10..2019-12-31); продлён за 2019-12-31 — покрытие источника кончается там"}}, {"type": "Feature", "geometry": {"type": "Polygon", "coordinates": [[[24.24, 8.629], [24.174, 8.696], [23.53, 8.708], [23.582, 8.994], [23.448, 9.02], [23.5, 9.177], [23.649, 9.276], [23.669, 9.867], [23.309, 10.452], [22.866, 10.922], [22.463, 11.001], [22.245, 10.911], [21.719, 10.638], [21.747, 10.409], [21.667, 10.236], [21.52, 10.199], [21.363, 9.969], [21.266, 9.978], [20.809, 9.418], [20.498, 9.276], [20.372, 9.108], [19.109, 9.014], [18.929, 8.921], [18.876, 8.841], [19.126, 8.673], [18.589, 8.04], [17.649, 7.988], [16.824, 7.548], [16.534, 7.868], [16.407, 7.691], [15.975, 7.501], [15.783, 7.459], [15.5, 7.528], [15.231, 7.236], [14.805, 6.347], [14.419, 6.041], [14.493, 5.916], [14.617, 5.901], [14.622, 5.521], [14.533, 5.291], [14.672, 5.18], [14.723, 4.644], [15.087, 4.295], [15.145, 4.072], [15.044, 4.029], [15.264, 3.67], [16.103, 2.898], [16.095, 2.498], [16.205, 2.218], [16.502, 2.849], [16.483, 3.155], [16.664, 3.535], [17.349, 3.613], [17.464, 3.711], [17.829, 3.616], [17.858, 3.537], [18.111, 3.562], [18.194, 3.482], [18.48, 3.641], [18.625, 3.479], [18.647, 4.027], [18.544, 4.34], [18.752, 4.391], [19.085, 4.915], [19.416, 5.131], [19.841, 5.085], [20.339, 4.768], [20.572, 4.418], [20.97, 4.433], [21.209, 4.289], [21.737, 4.296], [22.347, 4.128], [22.538, 4.219], [22.599, 4.474], [22.684, 4.48], [22.893, 4.82], [23.425, 4.594], [23.58, 4.732], [24.367, 5.009], [24.387, 5.112], [24.734, 4.911], [25.29, 5.025], [25.362, 5.315], [25.54, 5.381], [25.911, 5.179], [26.198, 5.233], [26.495, 5.046], [26.716, 5.093], [26.869, 5.031], [27.09, 5.203], [27.455, 5.021], [27.275, 5.282], [27.279, 5.584], [27.143, 5.772], [26.853, 5.891], [26.813, 5.978], [26.442, 6.077], [26.525, 6.216], [26.298, 6.466], [26.405, 6.64], [26.119, 6.826], [25.984, 7.018], [25.37, 7.344], [25.183, 7.578], [25.294, 7.645], [25.256, 7.846], [25.085, 7.895], [24.87, 8.161], [24.185, 8.31], [24.14, 8.376], [24.24, 8.629]]]}, "properties": {"ep": "CAF-2018-01-01", "name": "Central African Republic", "name_ru": "Центральноафриканская Республика", "iso3": "CAF", "from": "2018-01-01", "to": "", "kind": "client_military", "kind_ru": "военное присутствие: база, советники", "event_from": "российские инструкторы по запросу президента Туадеры с января 2018 года; уведомление комитета Совета Безопасности ООН по санкциям", "event_to": "", "source": "Группа экспертов ООН по ЦАР (письмо 25.06.2021: 5 военных и 170 гражданских инструкторов); HRW, 03.05.2022", "confidence": "medium", "note": "Точного дня прибытия инструкторов нет — взят первый день января 2018. С 2025 года Москва переводит присутствие с Вагнера на «Африканский корпус».", "gfrom": "2018-01-01", "gto": "2026-12-31", "geometry_source": "CShapes 2.0, gwcode 482 (1960-08-13..2019-12-31); продлён за 2019-12-31 — покрытие источника кончается там"}}, {"type": "Feature", "geometry": {"type": "Polygon", "coordinates": [[[15.488, 31.66], [15.369, 32.155], [15.189, 32.387], [14.487, 32.511], [14.171, 32.714], [13.251, 32.919], [12.814, 32.799], [12.344, 32.828], [11.526, 33.171], [11.467, 32.651], [11.568, 32.442], [10.879, 32.132], [10.531, 31.761], [10.315, 31.719], [10.136, 31.502], [10.291, 30.91], [10.212, 30.728], [9.892, 30.356], [9.311, 30.127], [9.766, 29.431], [9.873, 28.85], [9.792, 28.25], [9.956, 27.846], [9.734, 27.316], [9.848, 26.909], [9.931, 26.86], [9.872, 26.514], [9.499, 26.358], [9.393, 26.177], [10.032, 25.329], [10.054, 24.838], [10.218, 24.751], [10.252, 24.606], [10.415, 24.483], [10.715, 24.567], [11.559, 24.302], [11.986, 23.522], [13.544, 23.169], [14.235, 22.614], [16.001, 23.451], [19.874, 21.612], [24.002, 19.507], [24.006, 19.999], [25.001, 19.999], [24.998, 29.249], [24.707, 30.159], [25.017, 30.789], [24.869, 31.159], [24.868, 31.371], [25.151, 31.641], [25.033, 31.927], [24.735, 32.025], [24.088, 32.003], [23.8, 32.155], [23.247, 32.216], [23.085, 32.332], [23.119, 32.62], [22.348, 32.878], [21.628, 32.935], [21.428, 32.797], [21.07, 32.775], [20.56, 32.557], [20.084, 32.185], [19.949, 31.977], [19.92, 31.748], [20.143, 31.21], [20.109, 30.943], [19.618, 30.417], [19.316, 30.286], [19.025, 30.265], [18.598, 30.464], [18.179, 30.782], [17.367, 31.082], [16.706, 31.228], [16.183, 31.241], [15.754, 31.39], [15.488, 31.66]]]}, "properties": {"ep": "LBY-2018-10-01", "name": "Libya", "name_ru": "Ливия", "iso3": "LBY", "from": "2018-10-01", "to": "", "kind": "client_military", "kind_ru": "военное присутствие: база, советники", "event_from": "«Вагнер» появляется в Ливии в октябре 2018 — сперва ремонт и обслуживание бронетехники, с начала 2019 боевое обеспечение: артиллерийские наблюдатели, авианаводчики, РЭБ, снайперские группы; на 01.07.2020 базирование в Джуфре, Брак-эш-Шати, Кардабии, Себхе, Ваддане и на объекте Шарара, численность около 2000; 18.05.2020 РФ передала более 9 МиГ-29А и более 4 Су-24", "event_to": "", "source": "Группа экспертов ООН по Ливии: S/2021/229 (08.03.2021) п. 93–97 и прил. 77; S/2023/673 п. 99; S/2024/914 п. 36–37 и прил. 36; S/2026/224 п. 40 и прил. 20", "confidence": "high", "note": "Окно живое, правая дата скользящая по последнему пруфу. После падения Асада в декабре 2024 Ливия стала узлом российской военной логистики в Африку: борты Латакия — Аль-Хадим с декабря 2024 по ноябрь 2025, авиабаза Маатан-ас-Сарра расширена. В отчётах ООН «Африканский корпус» не называется — только формула «ранее известная как ЧВК „Вагнер“».", "gfrom": "2018-10-01", "gto": "2026-12-31", "geometry_source": "CShapes 2.0, gwcode 620 (1951-12-24..2019-12-31); продлён за 2019-12-31 — покрытие источника кончается там"}}, {"type": "Feature", "geometry": {"type": "MultiPolygon", "coordinates": [[[[32.102, -26.155], [31.919, -25.814], [32.006, -25.616], [32.016, -24.459], [31.877, -23.957], [31.551, -23.477], [31.562, -23.187], [31.302, -22.419], [32.471, -21.323], [32.361, -21.136], [32.521, -20.914], [32.502, -20.599], [32.666, -20.557], [33.019, -19.943], [33.059, -19.78], [32.851, -19.618], [32.785, -19.467], [32.885, -19.105], [32.699, -18.948], [32.704, -18.833], [32.92, -18.777], [32.888, -18.531], [33.072, -18.35], [32.974, -18.25], [32.946, -17.975], [33.042, -17.629], [32.957, -17.505], [33.04, -17.349], [32.865, -16.919], [32.981, -16.709], [32.767, -16.718], [32.707, -16.612], [32.378, -16.47], [31.911, -16.413], [31.715, -16.211], [31.426, -16.162], [31.277, -16.019], [30.422, -16.006], [30.361, -15.337], [30.253, -15.216], [30.213, -14.982], [33.222, -14.013], [33.633, -14.54], [34.384, -14.393], [34.541, -14.616], [34.593, -15.253], [34.254, -15.889], [34.421, -16.05], [34.451, -16.281], [34.572, -16.32], [34.998, -16.794], [35.145, -16.836], [35.055, -17.024], [35.088, -17.127], [35.29, -17.134], [35.278, -16.705], [35.139, -16.55], [35.412, -16.126], [35.54, -16.164], [35.816, -16.014], [35.867, -15.419], [35.802, -15.187], [35.921, -14.894], [35.876, -14.661], [35.095, -13.686], [34.866, -13.506], [34.658, -13.496], [34.566, -13.34], [34.524, -12.715], [34.37, -12.186], [34.617, -11.757], [34.625, -11.579], [35.573, -11.607], [35.828, -11.417], [36.168, -11.586], [36.188, -11.705], [36.557, -11.74], [36.827, -11.572], [37.473, -11.719], [37.792, -11.561], [37.934, -11.288], [38.097, -11.256], [38.492, -11.415], [38.906, -11.17], [39.263, -11.169], [40.516, -10.482], [40.588, -10.687], [40.503, -10.791], [40.617, -10.842], [40.509, -10.93], [40.562, -11.066], [40.388, -11.318], [40.477, -11.404], [40.424, -11.65], [40.506, -11.957], [40.474, -12.505], [40.646, -12.755], [40.413, -12.969], [40.494, -13.025], [40.493, -12.955], [40.593, -12.971], [40.526, -13.515], [40.65, -14.022], [40.533, -14.168], [40.599, -14.246], [40.723, -14.202], [40.636, -14.485], [40.806, -14.406], [40.846, -14.698], [40.704, -15.082], [40.514, -15.184], [40.632, -15.158], [40.684, -15.255], [40.588, -15.48], [40.126, -15.94], [39.977, -16.236], [39.783, -16.306], [39.818, -16.413], [39.699, -16.537], [39.127, -16.87], [39.096, -16.984], [37.872, -17.376], [37.221, -17.75], [36.984, -18.001], [36.846, -17.876], [36.944, -18.109], [36.253, -18.891], [36.131, -18.9], [36.1, -18.813], [34.891, -19.86], [34.627, -19.619], [34.776, -19.826], [34.759, -20.181], [34.667, -20.391], [35.112, -20.933], [35.079, -21.324], [35.27, -21.649], [35.307, -22.407], [35.397, -22.46], [35.481, -22.096], [35.545, -22.233], [35.486, -22.629], [35.535, -22.95], [35.597, -22.92], [35.338, -23.906], [35.34, -23.969], [35.376, -23.858], [35.523, -23.795], [35.496, -24.102], [35.012, -24.654], [33.723, -25.109], [32.811, -25.612], [32.587, -25.972], [32.843, -26.291], [32.946, -26.088], [32.89, -26.847], [32.133, -26.84], [32.102, -26.155]]], [[[39.895, -16.415], [39.842, -16.411], [39.812, -16.336], [39.905, -16.276], [39.895, -16.415]]], [[[35.477, -21.529], [35.497, -21.546], [35.432, -21.78], [35.477, -21.529]]]]}, "properties": {"ep": "MOZ-2019-09-01", "name": "Mozambique", "name_ru": "Мозамбик", "iso3": "MOZ", "from": "2019-09-01", "to": "2019-11-30", "kind": "client_military", "kind_ru": "военное присутствие: база, советники", "event_from": "«Вагнер» развёрнут в провинции Кабо-Делгаду в сентябре 2019 года против мятежа «Ансар ас-Сунна»: около 200 человек, вертолёты Ми-24 и Ми-17, беспилотники", "event_to": "после потерь - семь убитых в октябре, к ноябрю одиннадцать убитых и 25 раненых - силы «Вагнера» покинули Кабо-Делгаду в ноябре 2019 года", "source": "The Moscow Times, «7 Kremlin-Linked Mercenaries Killed in Mozambique in October» (31.10.2019); Daily Maverick, «Wagner private military force licks wounds in northern Mozambique» (29.11.2019); атрибуция «Вагнера» государству - заявление Путина 27.06.2023 (kremlin.ru/events/president/news/71535): «Содержание полностью взяло на себя государство»", "confidence": "medium", "note": "Заведено 28.08.2026 (решение куратора). День начала условный: источники дают конец сентября без точной даты, взят первый день месяца. Окно короткое и на карте мигнёт - это соответствует делу: развёртывание провалилось за два месяца. Контур - вся страна по CShapes, хотя присутствие было только в Кабо-Делгаду; провинциальной геометрии в наших источниках нет, ограничение то же, что у остальных строк слоя.", "gfrom": "2019-09-01", "gto": "2019-11-30", "geometry_source": "CShapes 2.0, gwcode 541 (1975-06-25..2019-12-31)"}}, {"type": "Feature", "geometry": {"type": "Polygon", "coordinates": [[[4.245, 19.147], [3.332, 18.976], [3.117, 19.146], [3.278, 19.406], [3.233, 19.817], [2.902, 19.967], [2.422, 20.053], [2.204, 20.283], [2.091, 20.219], [1.79, 20.313], [1.627, 20.571], [1.176, 20.734], [1.171, 21.101], [-4.809, 25.003], [-6.577, 24.999], [-5.601, 16.508], [-5.335, 16.328], [-5.494, 15.507], [-9.334, 15.5], [-9.338, 15.705], [-9.443, 15.597], [-9.41, 15.444], [-10.033, 15.367], [-10.716, 15.439], [-10.897, 15.11], [-11.418, 15.633], [-11.712, 15.545], [-11.832, 15.195], [-11.841, 14.863], [-12.06, 14.726], [-12.245, 14.759], [-12.206, 14.395], [-11.982, 14.173], [-12.008, 13.966], [-11.943, 13.859], [-12.064, 13.696], [-12.034, 13.611], [-11.81, 13.309], [-11.741, 13.409], [-11.635, 13.392], [-11.376, 12.983], [-11.373, 12.408], [-11.494, 12.176], [-11.243, 11.995], [-11.046, 12.205], [-10.929, 12.224], [-10.653, 11.893], [-10.327, 12.224], [-9.702, 12.029], [-9.628, 12.166], [-9.318, 12.268], [-9.36, 12.488], [-9.153, 12.485], [-8.948, 12.355], [-8.98, 12.23], [-8.797, 12.006], [-8.832, 11.662], [-8.706, 11.656], [-8.638, 11.497], [-8.363, 11.375], [-8.369, 11.287], [-8.477, 11.288], [-8.61, 11.127], [-8.672, 10.959], [-8.458, 11.051], [-8.29, 11.008], [-8.27, 10.502], [-7.976, 10.329], [-7.969, 10.163], [-7.826, 10.202], [-7.638, 10.447], [-6.988, 10.148], [-6.941, 10.354], [-6.654, 10.358], [-6.646, 10.664], [-6.422, 10.552], [-6.414, 10.688], [-6.243, 10.735], [-6.193, 10.234], [-6.004, 10.191], [-5.79, 10.424], [-5.52, 10.433], [-5.411, 10.842], [-5.486, 11.077], [-5.299, 11.139], [-5.209, 11.462], [-5.273, 11.844], [-5.117, 11.964], [-4.633, 12.067], [-4.418, 12.301], [-4.371, 12.529], [-4.47, 12.719], [-4.263, 12.718], [-4.194, 12.829], [-4.336, 13.12], [-3.96, 13.503], [-3.589, 13.203], [-3.443, 13.169], [-3.426, 13.276], [-3.232, 13.288], [-3.257, 13.697], [-2.882, 13.664], [-2.84, 14.006], [-2.6, 14.212], [-2.465, 14.286], [-2.106, 14.152], [-2.007, 14.188], [-1.981, 14.475], [-1.678, 14.501], [-1.319, 14.729], [-1.074, 14.777], [-0.724, 15.083], [-0.444, 15.083], [-0.387, 15.005], [-0.246, 15.078], [0.235, 14.915], [0.238, 15.0], [0.695, 14.942], [0.975, 14.979], [1.312, 15.287], [3.012, 15.342], [3.033, 15.433], [3.518, 15.36], [3.567, 15.512], [3.883, 15.708], [4.072, 16.299], [4.201, 16.394], [4.245, 19.147]]]}, "properties": {"ep": "MLI-2021-12-23", "name": "Mali", "name_ru": "Мали", "iso3": "MLI", "from": "2021-12-23", "to": "", "kind": "client_military", "kind_ru": "военное присутствие: база, советники", "event_from": "Вагнер развёрнут в Мали в конце декабря 2021 — совместное заявление пятнадцати западных государств 23.12.2021 подтвердило развёртывание", "event_to": "", "source": "CSIS, Tracking the Arrival of Russia’s Wagner Group in Mali; France24, 08.06.2025", "confidence": "medium", "note": "Вагнер объявил об уходе в июне 2025, его сменил «Африканский корпус». Точного дня развёртывания нет — взят день совместного заявления пятнадцати западных государств.", "gfrom": "2021-12-23", "gto": "2026-12-31", "geometry_source": "CShapes 2.0, gwcode 432 (последний контур 1960-09-22..2019-12-31; покрытие источника кончается 2019-12-31)"}}, {"type": "Feature", "geometry": {"type": "Polygon", "coordinates": [[[0.235, 14.915], [-0.246, 15.078], [-0.387, 15.005], [-0.444, 15.083], [-0.724, 15.083], [-1.074, 14.777], [-1.319, 14.729], [-1.678, 14.501], [-1.981, 14.475], [-2.007, 14.188], [-2.106, 14.152], [-2.465, 14.286], [-2.816, 14.05], [-2.882, 13.664], [-3.257, 13.697], [-3.232, 13.288], [-3.426, 13.276], [-3.443, 13.169], [-3.589, 13.203], [-3.96, 13.503], [-4.336, 13.12], [-4.194, 12.829], [-4.263, 12.718], [-4.47, 12.719], [-4.371, 12.529], [-4.418, 12.301], [-4.633, 12.067], [-5.117, 11.964], [-5.273, 11.844], [-5.209, 11.462], [-5.299, 11.139], [-5.486, 11.077], [-5.411, 10.842], [-5.52, 10.433], [-5.47, 10.348], [-5.128, 10.303], [-4.95, 9.949], [-4.704, 9.698], [-4.311, 9.601], [-4.262, 9.743], [-4.124, 9.829], [-3.754, 9.935], [-3.209, 9.901], [-2.757, 9.396], [-2.687, 9.484], [-2.794, 9.732], [-2.771, 10.217], [-2.928, 10.708], [-2.834, 11.002], [-0.987, 11.014], [-0.679, 10.993], [-0.618, 10.914], [-0.287, 11.156], [0.506, 11.005], [0.504, 10.937], [0.918, 10.996], [1.424, 11.452], [1.612, 11.388], [2.017, 11.425], [2.309, 11.688], [2.395, 11.894], [2.058, 12.357], [2.236, 12.418], [2.221, 12.594], [1.989, 12.731], [1.872, 12.609], [1.578, 12.63], [0.989, 13.047], [0.992, 13.372], [1.277, 13.348], [1.032, 13.463], [0.997, 13.566], [0.608, 13.699], [0.355, 14.131], [0.409, 14.245], [0.167, 14.523], [0.235, 14.915]]]}, "properties": {"ep": "BFA-2023-12-01", "name": "Burkina Faso", "name_ru": "Буркина-Фасо", "iso3": "BFA", "from": "2023-12-01", "to": "", "kind": "client_military", "kind_ru": "военное присутствие: база, советники", "event_from": "около сотни инструкторов «Африканского корпуса» прибыли в конце 2023 года после переворота 30.09.2022", "event_to": "", "source": "ADF Magazine, Burkina Faso Opens Door for Russia’s Africa Corps (02.2024)", "confidence": "medium", "note": "ПЕРЕНЕСЕНО В ПОКАЗ 28.08.2026 (решение куратора). Прежний вопрос куратору: «африканские операции РФ сегодня». В показ слоя не заведено — Мали и ЦАР там были и раньше, Буркина-Фасо новая. Точного дня нет, взят первый день декабря 2023.", "gfrom": "2023-12-01", "gto": "2026-12-31", "geometry_source": "CShapes 2.0, gwcode 439 (последний контур 1960-08-05..2019-12-31; покрытие источника кончается 2019-12-31)"}}, {"type": "Feature", "geometry": {"type": "Polygon", "coordinates": [[[14.235, 22.614], [13.414, 23.215], [11.986, 23.522], [7.464, 20.857], [5.812, 19.446], [4.245, 19.147], [4.201, 16.394], [4.072, 16.299], [3.883, 15.708], [3.567, 15.512], [3.518, 15.36], [3.033, 15.433], [3.012, 15.342], [1.312, 15.287], [0.975, 14.979], [0.238, 15.0], [0.167, 14.523], [0.409, 14.245], [0.355, 14.131], [0.465, 13.914], [0.625, 13.684], [0.997, 13.566], [1.032, 13.463], [1.277, 13.348], [0.992, 13.372], [0.989, 13.047], [1.578, 12.63], [1.872, 12.609], [1.989, 12.731], [2.142, 12.694], [2.256, 12.481], [2.058, 12.357], [2.395, 11.894], [2.388, 12.247], [2.839, 12.397], [3.604, 11.693], [3.688, 11.75], [3.617, 11.92], [3.672, 11.976], [3.658, 12.529], [3.953, 12.749], [4.105, 12.996], [4.143, 13.473], [4.479, 13.689], [4.886, 13.781], [5.289, 13.753], [5.548, 13.892], [6.133, 13.661], [6.284, 13.684], [6.678, 13.345], [6.942, 12.997], [7.091, 12.995], [7.219, 13.126], [7.38, 13.1], [7.815, 13.353], [8.125, 13.299], [8.819, 12.897], [9.628, 12.803], [10.142, 13.256], [10.715, 13.385], [11.463, 13.373], [12.459, 13.066], [12.589, 13.264], [12.876, 13.473], [13.202, 13.527], [13.348, 13.72], [13.63, 13.711], [13.465, 14.451], [13.674, 14.552], [13.859, 15.038], [14.369, 15.734], [15.484, 16.896], [15.754, 19.933], [15.997, 20.353], [15.578, 20.766], [15.583, 21.019], [15.21, 21.492], [15.195, 21.999], [14.998, 23.001], [14.235, 22.614]]]}, "properties": {"ep": "NER-2024-04-10", "name": "Niger", "name_ru": "Нигер", "iso3": "NER", "from": "2024-04-10", "to": "", "kind": "client_military", "kind_ru": "военное присутствие: база, советники", "event_from": "российские инструкторы и система ПВО прибыли 10–11.04.2024 после переворота 26.07.2023; французы ушли 22.12.2023, американцы освободили Агадес к 15.09.2024", "event_to": "", "source": "Bloomberg, 11.04.2024; AFRICOM, US Withdrawal from Niger Completed (15.09.2024)", "confidence": "high", "note": "ПЕРЕНЕСЕНО В ПОКАЗ 28.08.2026 (решение куратора). Прежний вопрос куратору: «африканские операции РФ сегодня».", "gfrom": "2024-04-10", "gto": "2026-12-31", "geometry_source": "CShapes 2.0, gwcode 436 (последний контур 1960-08-03..2019-12-31; покрытие источника кончается 2019-12-31)"}}, {"type": "Feature", "geometry": {"type": "Polygon", "coordinates": [[[42.356, 37.107], [42.352, 37.231], [42.181, 37.291], [41.995, 37.173], [41.548, 37.085], [40.771, 37.118], [39.818, 36.754], [39.222, 36.665], [38.725, 36.704], [38.514, 36.858], [38.243, 36.914], [37.374, 36.655], [37.127, 36.659], [36.663, 36.834], [36.55, 36.488], [36.683, 36.233], [36.392, 36.213], [36.375, 35.998], [36.224, 35.962], [36.162, 35.819], [35.922, 35.927], [35.734, 35.582], [35.919, 35.423], [35.957, 35.196], [35.875, 34.912], [35.973, 34.648], [36.459, 34.63], [36.351, 34.501], [36.526, 34.432], [36.624, 34.205], [36.283, 33.911], [36.374, 33.831], [36.071, 33.828], [35.971, 33.718], [35.94, 33.644], [36.059, 33.586], [35.79, 33.349], [35.884, 32.955], [35.77, 32.748], [35.931, 32.72], [36.08, 32.543], [36.4, 32.382], [36.838, 32.314], [38.697, 33.328], [41.004, 34.419], [41.225, 34.783], [41.215, 35.225], [41.384, 35.631], [41.378, 35.837], [41.255, 36.055], [41.29, 36.356], [41.403, 36.526], [41.835, 36.599], [42.356, 37.107]]]}, "properties": {"ep": "SYR-2024-12-09", "name": "Syria", "name_ru": "Сирия", "iso3": "SYR", "from": "2024-12-09", "to": "", "kind": "client_military", "kind_ru": "военное присутствие: база, советники", "event_from": "режим Асада пал, но Хмеймим и Тартус остаются за Россией; переговоры о статусе идут с 2025 года", "event_to": "", "source": "Al Jazeera, 09.08.2026: Сирия объявила о соглашении с Москвой — обе базы становятся совместными учебными центрами, переход до трёх месяцев", "confidence": "medium", "note": "По соглашению, объявленному Дамаском 09.08.2026, обе базы становятся совместными учебными центрами, гражданская инфраструктура возвращается Сирии. Окно оставлено открытым: переформатирование не завершено.", "gfrom": "2024-12-09", "gto": "2026-12-31", "geometry_source": "CShapes 2.0, gwcode 652 (последний контур 1967-06-10..2019-12-31; покрытие источника кончается 2019-12-31)"}}, {"type": "Feature", "geometry": {"type": "MultiPolygon", "coordinates": [[[[55.516, 36.784], [55.654, 36.494], [55.362, 36.437], [55.321, 36.284], [55.502, 36.192], [55.812, 36.362], [55.97, 36.357], [56.445, 36.283], [56.443, 36.139], [56.759, 36.157], [56.754, 35.853], [57.05, 35.542], [56.981, 35.438], [57.052, 35.321], [57.011, 35.224], [56.454, 35.0], [56.255, 34.82], [55.906, 34.244], [53.519, 34.246], [53.448, 35.396], [53.325, 35.463], [53.337, 35.598], [53.063, 35.733], [53.14, 35.818], [52.479, 35.93], [52.237, 35.77], [52.073, 35.763], [51.553, 36.102], [51.377, 35.921], [51.152, 35.998], [51.091, 35.735], [50.966, 35.792], [50.761, 35.7], [50.887, 35.925], [51.249, 36.21], [51.004, 36.247], [50.881, 36.351], [50.531, 36.295], [50.408, 36.387], [50.156, 36.226], [50.002, 36.225], [50.016, 36.098], [49.864, 36.172], [49.823, 36.28], [49.11, 36.434], [48.977, 36.54], [48.99, 36.719], [48.566, 36.456], [48.254, 36.564], [48.054, 36.452], [47.953, 36.477], [47.966, 36.667], [47.684, 36.791], [47.622, 36.935], [47.428, 36.957], [46.998, 36.745], [46.873, 36.79], [46.828, 36.735], [46.651, 36.931], [46.141, 36.843], [45.618, 37.049], [45.688, 37.29], [45.556, 37.329], [45.388, 37.156], [45.067, 37.28], [44.907, 37.117], [44.788, 37.141], [44.799, 37.31], [44.58, 37.448], [44.621, 37.727], [44.223, 37.888], [44.513, 38.341], [44.3, 38.394], [44.322, 38.624], [44.254, 38.718], [44.315, 38.809], [44.211, 38.891], [44.214, 39.13], [44.032, 39.372], [44.422, 39.412], [44.467, 39.684], [44.615, 39.782], [44.897, 39.605], [45.15, 39.206], [45.32, 39.196], [45.455, 38.991], [46.148, 38.842], [46.346, 38.917], [46.534, 38.867], [47.395, 39.469], [47.986, 39.709], [48.369, 39.38], [48.13, 39.271], [48.333, 39.021], [48.01, 38.907], [48.021, 38.838], [48.249, 38.726], [48.31, 38.608], [48.459, 38.608], [48.629, 38.402], [49.137, 38.452], [49.19, 37.945], [49.288, 37.771], [50.295, 37.566], [50.609, 37.184], [51.128, 36.935], [51.897, 36.773], [53.73, 37.093], [53.662, 37.356], [54.245, 37.32], [54.674, 37.437], [54.799, 37.522], [54.84, 37.746], [55.443, 38.086], [56.307, 38.074], [56.356, 37.936], [56.07, 37.607], [55.995, 37.366], [55.745, 37.285], [55.516, 36.784]]], [[[59.067, 36.321], [59.278, 36.45], [59.257, 36.562], [59.368, 36.573], [59.399, 36.746], [59.301, 36.814], [59.271, 36.97], [59.504, 36.965], [60.41, 36.258], [60.316, 36.119], [60.578, 35.973], [60.585, 35.74], [60.239, 35.852], [60.004, 35.793], [59.804, 36.02], [59.673, 36.015], [59.486, 35.706], [59.236, 35.749], [59.069, 35.912], [59.309, 36.134], [59.067, 36.321]]]]}, "properties": {"ep": "IRN-SU-1946-01-01", "name": "Iran (Soviet zone)", "name_ru": "Иран, советская зона", "iso3": "IRN-SU", "from": "1946-01-01", "to": "1946-03-24", "kind": "occupation", "kind_ru": "оккупационная зона", "event_from": "советские войска в зоне с 25.08.1941; договорный срок вывода - 02.03.1946 (шесть месяцев после капитуляции Японии, Трёхсторонний договор 29.01.1942)", "event_to": "вывод из округов Мешхеда, Шахруда и Семнана начат 02.03.1946 и закончен к 25.03.1946 (ТАСС)", "source": "FRUS 1941 т. III, d427, d445, d446; FRUS 1946 т. VII, d242, d282, d334, d344, d356; розыск MAP-MATERIALS/peresmotr_resheniy_2026-09-18/rozysk/b5_iran_1941_1946_zona.md", "confidence": "high", "note": "до 31.12.1945 зона красная в слое Второй мировой (решение куратора 18.09.2026)", "gfrom": "1946-01-01", "gto": "1946-03-24", "geometry_source": "курируемый файл data/iran/soviet_zone_1941-1946.geojson"}}, {"type": "Feature", "geometry": {"type": "Polygon", "coordinates": [[[46.795, 36.776], [46.651, 36.931], [46.308, 36.91], [46.247, 36.884], [46.329, 36.829], [46.205, 36.834], [45.734, 36.986], [45.732, 37.055], [45.599, 37.068], [45.688, 37.29], [45.586, 37.324], [45.388, 37.156], [45.067, 37.28], [44.907, 37.117], [44.784, 37.144], [44.799, 37.31], [44.58, 37.448], [44.621, 37.727], [44.223, 37.888], [44.513, 38.341], [44.3, 38.394], [44.322, 38.624], [44.254, 38.718], [44.315, 38.809], [44.192, 38.932], [44.226, 39.096], [44.097, 39.204], [44.052, 39.405], [44.422, 39.412], [44.467, 39.684], [44.615, 39.782], [44.897, 39.605], [45.15, 39.206], [45.32, 39.196], [45.455, 38.991], [46.148, 38.842], [46.346, 38.917], [46.534, 38.867], [47.395, 39.469], [47.986, 39.709], [48.369, 39.38], [48.13, 39.271], [48.333, 39.021], [48.01, 38.907], [48.021, 38.838], [48.249, 38.726], [48.31, 38.608], [48.459, 38.608], [48.629, 38.402], [49.137, 38.452], [49.19, 37.945], [49.288, 37.771], [50.295, 37.566], [50.609, 37.184], [51.128, 36.935], [51.897, 36.773], [53.73, 37.093], [53.662, 37.356], [54.245, 37.32], [54.674, 37.437], [54.799, 37.522], [54.84, 37.746], [55.443, 38.086], [55.806, 38.123], [56.368, 38.021], [56.07, 37.607], [55.995, 37.366], [55.745, 37.285], [55.564, 36.929], [55.401, 36.817], [55.01, 36.767], [54.823, 36.61], [54.657, 36.623], [54.544, 36.518], [54.061, 36.469], [53.913, 36.403], [53.97, 36.283], [53.786, 36.149], [53.359, 36.057], [53.237, 35.907], [53.1, 35.916], [52.97, 35.819], [52.479, 35.93], [52.237, 35.77], [52.073, 35.763], [51.553, 36.102], [51.377, 35.921], [51.152, 35.998], [51.091, 35.735], [50.966, 35.792], [50.761, 35.7], [50.887, 35.925], [51.249, 36.21], [51.004, 36.247], [50.881, 36.351], [50.531, 36.295], [50.408, 36.387], [50.156, 36.226], [50.002, 36.225], [50.016, 36.098], [49.864, 36.172], [49.823, 36.28], [49.11, 36.434], [48.977, 36.54], [48.99, 36.719], [48.566, 36.456], [48.254, 36.564], [48.054, 36.452], [47.953, 36.477], [47.966, 36.667], [47.684, 36.791], [47.622, 36.935], [47.428, 36.957], [46.998, 36.745], [46.795, 36.776]]]}, "properties": {"ep": "IRN-SU-W-1946-03-25", "name": "Iran (Soviet zone)", "name_ru": "Иран, советская зона", "iso3": "IRN-SU-W", "from": "1946-03-25", "to": "1946-05-08", "kind": "occupation", "kind_ru": "оккупационная зона", "event_from": "Азербайджан, Гилян, Мазендеран, Горган, Казвин, Зенджан, Карадж: вместо вывода в марте - подкрепления в Тебриз", "event_to": "вывод завершён 09.05.1946 (ТАСС, Закавказский военный округ; посол США Аллен: «as late as May 9 or 10»); Иран называет 06.05", "source": "FRUS 1941 т. III, d427, d445, d446; FRUS 1946 т. VII, d242, d282, d334, d344, d356; розыск MAP-MATERIALS/peresmotr_resheniy_2026-09-18/rozysk/b5_iran_1941_1946_zona.md", "confidence": "high", "note": "", "gfrom": "1946-03-25", "gto": "1946-05-08", "geometry_source": "курируемый файл data/iran/soviet_zone_1941-1946.geojson, часть main"}}, {"type": "Feature", "geometry": {"type": "MultiPolygon", "coordinates": [[[[71.383, 39.549], [71.6, 39.494], [71.94, 39.243], [72.118, 39.031], [72.14, 38.818], [71.62, 38.648], [71.439, 38.475], [71.041, 38.602], [71.016, 38.802], [70.675, 38.79], [70.34, 38.406], [70.34, 38.125], [70.276, 37.973], [70.162, 37.929], [70.286, 37.7], [70.156, 37.536], [69.912, 37.613], [69.522, 37.582], [69.382, 37.453], [69.424, 37.202], [69.287, 37.104], [68.891, 37.339], [68.001, 36.936], [67.726, 37.229], [67.526, 37.269], [67.246, 37.185], [67.013, 37.38], [66.287, 37.327], [65.758, 37.561], [65.07, 37.622], [64.871, 37.834], [64.063, 38.201], [63.276, 38.866], [62.81, 39.065], [62.213, 39.609], [62.136, 39.843], [61.928, 40.068], [61.401, 40.474], [61.116, 40.647], [60.25, 40.755], [60.248, 41.001], [60.981, 41.003], [61.01, 41.237], [61.281, 41.157], [61.433, 41.3], [61.819, 41.157], [61.971, 41.015], [62.045, 40.715], [62.192, 40.499], [62.353, 40.43], [62.453, 40.009], [62.841, 39.754], [62.006, 41.027], [63.959, 41.347], [64.365, 41.355], [64.884, 41.252], [65.644, 40.914], [66.716, 40.733], [66.647, 40.361], [66.491, 40.353], [66.215, 40.482], [65.981, 40.413], [65.791, 39.385], [66.56, 39.428], [66.949, 39.264], [68.412, 38.978], [68.76, 39.003], [69.796, 39.293], [70.865, 39.31], [71.383, 39.549]]], [[[71.489, 37.406], [71.504, 37.609], [71.551, 37.732], [71.527, 37.48], [71.489, 37.406]]], [[[71.333, 38.273], [71.213, 38.32], [71.082, 38.419], [71.333, 38.305], [71.333, 38.273]]], [[[71.507, 37.313], [71.431, 37.075], [71.492, 37.328], [71.507, 37.313]]], [[[71.563, 36.764], [71.633, 36.691], [71.553, 36.764], [71.433, 37.055], [71.563, 36.764]]], [[[70.944, 38.469], [70.998, 38.488], [71.037, 38.441], [70.944, 38.469]]], [[[71.365, 38.2], [71.336, 38.271], [71.374, 38.256], [71.365, 38.2]]], [[[71.325, 37.892], [71.266, 37.921], [71.299, 37.932], [71.325, 37.892]]], [[[71.588, 37.9], [71.544, 37.942], [71.59, 37.922], [71.588, 37.9]]], [[[71.365, 38.193], [71.377, 38.161], [71.353, 38.15], [71.365, 38.193]]], [[[70.803, 38.446], [70.758, 38.432], [70.771, 38.456], [70.803, 38.446]]], [[[71.275, 37.965], [71.254, 37.935], [71.266, 37.982], [71.267, 37.985], [71.275, 37.965]]], [[[71.32, 38.094], [71.32, 38.067], [71.298, 38.043], [71.32, 38.094]]], [[[71.589, 37.823], [71.593, 37.8], [71.572, 37.79], [71.589, 37.823]]], [[[72.643, 37.023], [72.592, 37.014], [72.622, 37.029], [72.643, 37.023]]], [[[70.857, 38.455], [70.88, 38.47], [70.898, 38.462], [70.857, 38.455]]], [[[70.615, 38.325], [70.628, 38.353], [70.642, 38.349], [70.615, 38.325]]], [[[71.278, 38.007], [71.29, 38.032], [71.294, 38.017], [71.278, 38.007]]], [[[71.494, 37.944], [71.522, 37.953], [71.525, 37.946], [71.494, 37.944]]], [[[71.772, 36.677], [71.719, 36.673], [71.759, 36.679], [71.772, 36.677]]], [[[70.721, 38.414], [70.711, 38.41], [70.678, 38.409], [70.721, 38.414]]], [[[71.591, 37.883], [71.598, 37.874], [71.593, 37.865], [71.591, 37.883]]], [[[72.416, 37.003], [72.444, 37.006], [72.451, 37.003], [72.416, 37.003]]], [[[71.379, 37.908], [71.389, 37.907], [71.368, 37.901], [71.379, 37.908]]], [[[71.708, 36.672], [71.681, 36.675], [71.701, 36.675], [71.708, 36.672]]], [[[71.639, 36.69], [71.654, 36.687], [71.664, 36.681], [71.639, 36.69]]], [[[71.272, 37.994], [71.276, 38.003], [71.277, 37.994], [71.272, 37.994]]], [[[70.834, 38.451], [70.822, 38.449], [70.828, 38.453], [70.834, 38.451]]], [[[71.493, 37.372], [71.496, 37.369], [71.493, 37.364], [71.493, 37.372]]], [[[70.389, 38.064], [70.368, 38.043], [70.38, 38.056], [70.389, 38.064]]], [[[71.903, 36.734], [71.907, 36.734], [71.9, 36.729], [71.903, 36.734]]], [[[71.326, 38.103], [71.323, 38.101], [71.326, 38.106], [71.326, 38.103]]], [[[71.255, 37.926], [71.252, 37.928], [71.253, 37.93], [71.255, 37.926]]], [[[71.339, 38.131], [71.341, 38.134], [71.329, 38.112], [71.339, 38.131]]], [[[72.576, 37.011], [72.571, 37.01], [72.572, 37.011], [72.576, 37.011]]], [[[72.022, 36.813], [72.017, 36.809], [72.019, 36.811], [72.022, 36.813]]], [[[71.343, 38.136], [71.341, 38.134], [71.344, 38.138], [71.343, 38.136]]], [[[72.458, 37.003], [72.459, 37.002], [72.458, 37.002], [72.458, 37.003]]], [[[70.291, 37.987], [70.292, 37.987], [70.29, 37.986], [70.291, 37.987]]]]}, "properties": {"ep": "BKH-1868-07-05", "name": "Bukhara", "name_ru": "Бухарский эмират", "iso3": "BKH", "from": "1868-07-05", "to": "1917-12-24", "kind": "protectorate", "kind_ru": "протекторат: внутреннее управление у местного правителя, внешние сношения у империи", "event_from": "разгром у Зерабулака 02(14).06.1868; мирные условия Кауфмана 23.06(05.07).1868, эмир подписал их в Карши 18(30).07.1868 (Becker, с. 42); договор 1873", "event_to": "25.12.1917 карта переходит на слой зон 1917-1921: эмират вне империи до взятия Бухары РККА 02.09.1920", "source": "S. Becker, Russia's Protectorates in Central Asia (1968), даты ст. ст.; https://archive.org/details/dli.pahar.3354, с. 41-42, 77, 154; Д. Н. Логофет, Бухарское ханство под русским протекторатом, т. I (1911), с. 68-69, 231", "confidence": "high", "note": "Внутреннее управление у эмира и 25 бекств («Русское правительство во внутренние дела ханства не вмешивается», Логофет, с. 231). Красное внутри - только русские посёлки (точки: Новая Бухара, Чарджуй, Керки, Патта-Гиссар/Термез, Сарай) и Западный Памир с 1905. Контур - CShapes 2.0 «Bokhara» с бухарским левобережьем Лебапа", "gfrom": "1868-07-05", "gto": "1917-12-24", "geometry_source": "курируемый файл data/central_asia/bukhara_emirate.geojson, часть core"}}, {"type": "Feature", "geometry": {"type": "Polygon", "coordinates": [[[72.157, 38.672], [72.157, 38.636], [72.157, 38.561], [72.157, 38.522], [72.157, 38.477], [72.163, 38.438], [72.169, 38.394], [72.174, 38.371], [72.183, 38.322], [72.182, 38.321], [72.179, 38.321], [72.176, 38.321], [72.175, 38.32], [72.173, 38.32], [72.171, 38.32], [72.169, 38.319], [72.167, 38.318], [72.17, 38.316], [72.17, 38.314], [72.167, 38.312], [72.166, 38.31], [72.165, 38.309], [72.163, 38.307], [72.161, 38.303], [72.16, 38.302], [72.153, 38.301], [72.153, 38.299], [72.154, 38.298], [72.155, 38.296], [72.156, 38.294], [72.155, 38.292], [72.152, 38.29], [72.153, 38.288], [72.15, 38.286], [72.148, 38.285], [72.147, 38.283], [72.146, 38.281], [72.146, 38.28], [72.144, 38.28], [72.14, 38.281], [72.138, 38.28], [72.135, 38.279], [72.133, 38.278], [72.132, 38.275], [72.132, 38.271], [72.126, 38.268], [72.125, 38.267], [72.124, 38.265], [72.121, 38.263], [72.12, 38.263], [72.118, 38.261], [72.116, 38.259], [72.115, 38.256], [72.114, 38.254], [72.111, 38.253], [72.109, 38.251], [72.108, 38.251], [72.106, 38.25], [72.106, 38.248], [72.105, 38.248], [72.102, 38.247], [72.1, 38.245], [72.097, 38.242], [72.096, 38.241], [72.095, 38.24], [72.093, 38.238], [72.091, 38.237], [72.089, 38.234], [72.088, 38.234], [72.085, 38.236], [72.084, 38.236], [72.081, 38.236], [72.079, 38.238], [72.078, 38.239], [72.078, 38.241], [72.077, 38.245], [72.076, 38.247], [72.07, 38.248], [72.066, 38.25], [72.064, 38.251], [72.059, 38.257], [72.056, 38.255], [72.053, 38.253], [72.05, 38.252], [72.046, 38.252], [72.043, 38.251], [72.041, 38.25], [72.04, 38.25], [72.036, 38.249], [72.033, 38.249], [72.028, 38.249], [72.027, 38.249], [72.024, 38.25], [72.021, 38.25], [72.014, 38.252], [72.013, 38.253], [72.011, 38.254], [72.011, 38.26], [72.013, 38.262], [72.013, 38.263], [72.013, 38.27], [72.015, 38.276], [72.013, 38.276], [72.007, 38.274], [72.004, 38.274], [72.001, 38.272], [71.999, 38.271], [71.998, 38.27], [71.996, 38.27], [71.992, 38.27], [71.988, 38.27], [71.987, 38.271], [71.988, 38.272], [71.988, 38.273], [71.988, 38.275], [71.988, 38.276], [71.988, 38.278], [71.988, 38.28], [71.984, 38.282], [71.983, 38.283], [71.979, 38.286], [71.971, 38.287], [71.965, 38.291], [71.963, 38.291], [71.961, 38.29], [71.96, 38.29], [71.958, 38.291], [71.957, 38.292], [71.951, 38.29], [71.948, 38.29], [71.945, 38.29], [71.943, 38.29], [71.941, 38.291], [71.939, 38.29], [71.936, 38.289], [71.934, 38.291], [71.932, 38.293], [71.928, 38.295], [71.918, 38.303], [71.913, 38.299], [71.907, 38.296], [71.905, 38.296], [71.903, 38.296], [71.898, 38.295], [71.894, 38.294], [71.893, 38.292], [71.892, 38.291], [71.889, 38.289], [71.886, 38.29], [71.883, 38.289], [71.878, 38.29], [71.876, 38.289], [71.873, 38.289], [71.87, 38.288], [71.868, 38.286], [71.869, 38.285], [71.871, 38.282], [71.87, 38.281], [71.868, 38.28], [71.863, 38.28], [71.861, 38.279], [71.858, 38.279], [71.853, 38.276], [71.846, 38.276], [71.842, 38.277], [71.841, 38.276], [71.84, 38.276], [71.839, 38.275], [71.838, 38.275], [71.837, 38.276], [71.835, 38.276], [71.834, 38.275], [71.833, 38.274], [71.833, 38.272], [71.832, 38.271], [71.832, 38.27], [71.831, 38.269], [71.829, 38.267], [71.827, 38.267], [71.826, 38.266], [71.826, 38.265], [71.825, 38.265], [71.823, 38.264], [71.821, 38.264], [71.819, 38.263], [71.818, 38.261], [71.816, 38.259], [71.814, 38.257], [71.815, 38.254], [71.815, 38.253], [71.814, 38.253], [71.814, 38.252], [71.813, 38.251], [71.81, 38.248], [71.81, 38.246], [71.811, 38.245], [71.809, 38.24], [71.807, 38.237], [71.802, 38.235], [71.801, 38.233], [71.795, 38.23], [71.792, 38.225], [71.79, 38.223], [71.789, 38.221], [71.785, 38.22], [71.782, 38.22], [71.776, 38.217], [71.771, 38.217], [71.768, 38.217], [71.765, 38.214], [71.766, 38.212], [71.762, 38.208], [71.759, 38.206], [71.757, 38.203], [71.756, 38.199], [71.756, 38.196], [71.754, 38.194], [71.756, 38.188], [71.759, 38.185], [71.759, 38.183], [71.759, 38.182], [71.758, 38.182], [71.757, 38.182], [71.755, 38.182], [71.752, 38.182], [71.749, 38.18], [71.748, 38.18], [71.75, 38.177], [71.751, 38.173], [71.751, 38.171], [71.743, 38.169], [71.741, 38.167], [71.74, 38.167], [71.733, 38.164], [71.732, 38.162], [71.729, 38.155], [71.734, 38.151], [71.741, 38.149], [71.745, 38.148], [71.745, 38.145], [71.744, 38.143], [71.744, 38.142], [71.743, 38.14], [71.746, 38.138], [71.747, 38.135], [71.748, 38.133], [71.747, 38.133], [71.745, 38.13], [71.749, 38.128], [71.751, 38.127], [71.756, 38.125], [71.758, 38.123], [71.762, 38.122], [71.766, 38.119], [71.766, 38.117], [71.767, 38.115], [71.765, 38.114], [71.763, 38.112], [71.761, 38.111], [71.759, 38.11], [71.757, 38.107], [71.758, 38.105], [71.758, 38.104], [71.757, 38.103], [71.756, 38.102], [71.754, 38.102], [71.752, 38.101], [71.751, 38.101], [71.748, 38.101], [71.746, 38.101], [71.746, 38.099], [71.745, 38.097], [71.746, 38.094], [71.744, 38.091], [71.744, 38.09], [71.743, 38.089], [71.741, 38.087], [71.74, 38.087], [71.738, 38.085], [71.736, 38.083], [71.735, 38.082], [71.734, 38.081], [71.733, 38.078], [71.732, 38.077], [71.728, 38.075], [71.727, 38.074], [71.726, 38.072], [71.724, 38.071], [71.722, 38.069], [71.718, 38.07], [71.715, 38.071], [71.711, 38.074], [71.71, 38.076], [71.706, 38.08], [71.704, 38.081], [71.703, 38.081], [71.699, 38.081], [71.695, 38.08], [71.69, 38.081], [71.687, 38.081], [71.686, 38.081], [71.685, 38.08], [71.683, 38.08], [71.682, 38.08], [71.681, 38.08], [71.68, 38.08], [71.677, 38.08], [71.674, 38.08], [71.672, 38.08], [71.669, 38.077], [71.666, 38.078], [71.664, 38.077], [71.662, 38.076], [71.657, 38.076], [71.655, 38.076], [71.653, 38.076], [71.651, 38.076], [71.647, 38.075], [71.645, 38.076], [71.643, 38.077], [71.638, 38.077], [71.636, 38.078], [71.635, 38.078], [71.632, 38.08], [71.631, 38.08], [71.629, 38.081], [71.627, 38.081], [71.62, 38.08], [71.618, 38.081], [71.617, 38.081], [71.616, 38.081], [71.615, 38.081], [71.612, 38.077], [71.61, 38.075], [71.608, 38.073], [71.606, 38.071], [71.602, 38.068], [71.6, 38.067], [71.599, 38.067], [71.596, 38.065], [71.592, 38.064], [71.587, 38.059], [71.585, 38.058], [71.583, 38.057], [71.58, 38.056], [71.578, 38.054], [71.577, 38.052], [71.572, 38.05], [71.566, 38.052], [71.564, 38.054], [71.564, 38.055], [71.564, 38.056], [71.561, 38.056], [71.559, 38.056], [71.558, 38.058], [71.557, 38.058], [71.557, 38.064], [71.554, 38.064], [71.55, 38.065], [71.547, 38.062], [71.546, 38.06], [71.541, 38.057], [71.541, 38.056], [71.538, 38.056], [71.538, 38.055], [71.537, 38.054], [71.534, 38.054], [71.532, 38.052], [71.529, 38.052], [71.524, 38.053], [71.523, 38.053], [71.518, 38.053], [71.516, 38.053], [71.513, 38.053], [71.511, 38.055], [71.509, 38.057], [71.502, 38.06], [71.5, 38.061], [71.499, 38.061], [71.497, 38.061], [71.492, 38.061], [71.491, 38.059], [71.49, 38.058], [71.489, 38.057], [71.487, 38.053], [71.484, 38.051], [71.478, 38.051], [71.477, 38.051], [71.476, 38.051], [71.475, 38.052], [71.474, 38.052], [71.473, 38.055], [71.473, 38.059], [71.472, 38.059], [71.47, 38.061], [71.47, 38.062], [71.465, 38.064], [71.461, 38.066], [71.459, 38.067], [71.457, 38.07], [71.456, 38.07], [71.451, 38.076], [71.449, 38.079], [71.448, 38.08], [71.448, 38.081], [71.447, 38.084], [71.446, 38.085], [71.446, 38.087], [71.446, 38.088], [71.443, 38.092], [71.439, 38.092], [71.433, 38.092], [71.428, 38.093], [71.425, 38.095], [71.423, 38.097], [71.421, 38.099], [71.419, 38.101], [71.416, 38.103], [71.415, 38.104], [71.415, 38.106], [71.415, 38.108], [71.413, 38.109], [71.413, 38.11], [71.413, 38.113], [71.409, 38.115], [71.408, 38.12], [71.407, 38.122], [71.408, 38.124], [71.408, 38.126], [71.409, 38.128], [71.406, 38.13], [71.405, 38.132], [71.406, 38.134], [71.407, 38.136], [71.409, 38.137], [71.41, 38.138], [71.41, 38.139], [71.412, 38.139], [71.412, 38.142], [71.412, 38.144], [71.413, 38.146], [71.413, 38.147], [71.414, 38.149], [71.413, 38.151], [71.413, 38.154], [71.407, 38.155], [71.401, 38.154], [71.398, 38.154], [71.394, 38.153], [71.391, 38.153], [71.386, 38.153], [71.382, 38.155], [71.376, 38.159], [71.375, 38.159], [71.376, 38.16], [71.377, 38.161], [71.377, 38.162], [71.376, 38.163], [71.374, 38.163], [71.373, 38.164], [71.373, 38.165], [71.373, 38.167], [71.372, 38.169], [71.369, 38.172], [71.368, 38.173], [71.368, 38.175], [71.368, 38.176], [71.367, 38.177], [71.366, 38.178], [71.366, 38.179], [71.365, 38.182], [71.365, 38.183], [71.366, 38.186], [71.366, 38.187], [71.366, 38.188], [71.365, 38.193], [71.366, 38.195], [71.365, 38.2], [71.369, 38.203], [71.373, 38.206], [71.375, 38.207], [71.377, 38.208], [71.378, 38.209], [71.379, 38.21], [71.379, 38.211], [71.38, 38.212], [71.379, 38.213], [71.377, 38.215], [71.376, 38.216], [71.376, 38.217], [71.375, 38.218], [71.371, 38.221], [71.369, 38.221], [71.368, 38.222], [71.367, 38.224], [71.367, 38.225], [71.367, 38.227], [71.368, 38.228], [71.37, 38.231], [71.37, 38.232], [71.371, 38.233], [71.371, 38.234], [71.371, 38.235], [71.37, 38.236], [71.37, 38.237], [71.371, 38.239], [71.371, 38.241], [71.372, 38.242], [71.372, 38.243], [71.373, 38.244], [71.373, 38.245], [71.373, 38.247], [71.373, 38.248], [71.373, 38.249], [71.373, 38.251], [71.374, 38.253], [71.374, 38.255], [71.374, 38.256], [71.373, 38.257], [71.373, 38.258], [71.371, 38.26], [71.37, 38.261], [71.369, 38.262], [71.368, 38.263], [71.367, 38.264], [71.366, 38.266], [71.365, 38.267], [71.364, 38.268], [71.361, 38.269], [71.359, 38.27], [71.356, 38.271], [71.355, 38.271], [71.354, 38.271], [71.352, 38.271], [71.347, 38.272], [71.344, 38.272], [71.342, 38.272], [71.339, 38.272], [71.337, 38.271], [71.336, 38.271], [71.333, 38.273], [71.332, 38.275], [71.332, 38.276], [71.332, 38.277], [71.334, 38.279], [71.334, 38.281], [71.333, 38.282], [71.332, 38.282], [71.33, 38.284], [71.328, 38.285], [71.327, 38.286], [71.328, 38.287], [71.329, 38.288], [71.332, 38.291], [71.333, 38.292], [71.334, 38.293], [71.332, 38.296], [71.332, 38.298], [71.331, 38.299], [71.332, 38.302], [71.333, 38.304], [71.333, 38.305], [71.328, 38.307], [71.323, 38.306], [71.318, 38.305], [71.316, 38.303], [71.312, 38.303], [71.309, 38.304], [71.306, 38.308], [71.303, 38.311], [71.299, 38.313], [71.296, 38.314], [71.293, 38.314], [71.29, 38.313], [71.288, 38.314], [71.283, 38.314], [71.28, 38.315], [71.279, 38.315], [71.278, 38.314], [71.277, 38.313], [71.276, 38.312], [71.272, 38.312], [71.27, 38.312], [71.268, 38.313], [71.266, 38.313], [71.263, 38.312], [71.261, 38.311], [71.258, 38.31], [71.255, 38.31], [71.252, 38.31], [71.25, 38.312], [71.248, 38.312], [71.247, 38.313], [71.247, 38.314], [71.247, 38.315], [71.246, 38.317], [71.245, 38.318], [71.243, 38.319], [71.24, 38.32], [71.238, 38.32], [71.236, 38.321], [71.234, 38.321], [71.231, 38.321], [71.227, 38.321], [71.226, 38.321], [71.225, 38.322], [71.223, 38.324], [71.221, 38.325], [71.219, 38.327], [71.217, 38.328], [71.216, 38.328], [71.215, 38.329], [71.213, 38.329], [71.213, 38.33], [71.212, 38.331], [71.211, 38.331], [71.21, 38.332], [71.208, 38.333], [71.207, 38.334], [71.206, 38.336], [71.205, 38.337], [71.204, 38.339], [71.202, 38.342], [71.2, 38.342], [71.199, 38.343], [71.197, 38.344], [71.193, 38.343], [71.191, 38.344], [71.189, 38.344], [71.187, 38.344], [71.185, 38.345], [71.183, 38.347], [71.183, 38.35], [71.183, 38.352], [71.182, 38.353], [71.181, 38.354], [71.18, 38.356], [71.18, 38.358], [71.179, 38.36], [71.179, 38.362], [71.178, 38.363], [71.177, 38.363], [71.177, 38.364], [71.177, 38.365], [71.176, 38.369], [71.175, 38.371], [71.173, 38.373], [71.172, 38.375], [71.171, 38.378], [71.17, 38.379], [71.169, 38.382], [71.168, 38.383], [71.166, 38.385], [71.166, 38.386], [71.165, 38.387], [71.164, 38.387], [71.163, 38.388], [71.162, 38.388], [71.16, 38.388], [71.159, 38.389], [71.158, 38.389], [71.157, 38.389], [71.156, 38.389], [71.155, 38.389], [71.153, 38.389], [71.152, 38.389], [71.15, 38.389], [71.149, 38.39], [71.149, 38.391], [71.15, 38.394], [71.15, 38.397], [71.15, 38.398], [71.148, 38.399], [71.147, 38.4], [71.146, 38.401], [71.144, 38.403], [71.142, 38.403], [71.14, 38.403], [71.139, 38.402], [71.137, 38.399], [71.136, 38.398], [71.133, 38.397], [71.131, 38.397], [71.13, 38.398], [71.129, 38.398], [71.128, 38.399], [71.128, 38.4], [71.127, 38.401], [71.126, 38.402], [71.126, 38.403], [71.124, 38.404], [71.121, 38.406], [71.119, 38.407], [71.116, 38.406], [71.111, 38.406], [71.109, 38.406], [71.108, 38.406], [71.106, 38.408], [71.105, 38.409], [71.105, 38.41], [71.105, 38.411], [71.105, 38.412], [71.106, 38.413], [71.107, 38.415], [71.109, 38.418], [71.109, 38.419], [71.108, 38.419], [71.107, 38.42], [71.105, 38.422], [71.102, 38.423], [71.099, 38.424], [71.098, 38.424], [71.096, 38.424], [71.095, 38.424], [71.093, 38.423], [71.09, 38.423], [71.087, 38.422], [71.085, 38.421], [71.082, 38.419], [71.081, 38.418], [71.037, 38.441], [71.037, 38.442], [71.037, 38.443], [71.037, 38.444], [71.035, 38.446], [71.033, 38.447], [71.031, 38.449], [71.03, 38.451], [71.029, 38.452], [71.029, 38.453], [71.03, 38.456], [71.031, 38.459], [71.031, 38.461], [71.029, 38.462], [71.027, 38.464], [71.024, 38.467], [71.022, 38.468], [71.02, 38.469], [71.018, 38.469], [71.016, 38.469], [71.013, 38.469], [71.009, 38.471], [71.008, 38.472], [71.007, 38.472], [71.006, 38.474], [71.005, 38.475], [71.003, 38.476], [71.0, 38.478], [70.999, 38.479], [70.999, 38.48], [71.001, 38.481], [71.001, 38.482], [71.001, 38.483], [71.001, 38.484], [70.999, 38.485], [70.998, 38.487], [70.998, 38.488], [70.996, 38.488], [70.994, 38.489], [70.993, 38.49], [70.99, 38.491], [70.989, 38.491], [70.988, 38.491], [70.988, 38.489], [70.988, 38.488], [70.986, 38.487], [70.984, 38.486], [70.981, 38.482], [70.978, 38.48], [70.975, 38.478], [70.971, 38.477], [70.969, 38.476], [70.966, 38.475], [70.964, 38.475], [70.963, 38.476], [70.962, 38.477], [70.96, 38.477], [70.959, 38.477], [70.955, 38.478], [70.949, 38.477], [70.947, 38.477], [70.946, 38.476], [70.945, 38.475], [70.945, 38.472], [70.944, 38.469], [70.898, 38.462], [70.897, 38.463], [70.895, 38.465], [70.893, 38.466], [70.891, 38.467], [70.886, 38.468], [70.885, 38.469], [70.883, 38.469], [70.88, 38.47], [70.879, 38.47], [70.877, 38.469], [70.876, 38.469], [70.873, 38.469], [70.872, 38.469], [70.871, 38.468], [70.869, 38.467], [70.867, 38.465], [70.866, 38.463], [70.865, 38.461], [70.864, 38.46], [70.862, 38.46], [70.86, 38.46], [70.858, 38.46], [70.858, 38.459], [70.857, 38.458], [70.856, 38.457], [70.857, 38.456], [70.857, 38.455], [70.834, 38.451], [70.828, 38.453], [70.825, 38.454], [70.824, 38.453], [70.823, 38.452], [70.822, 38.451], [70.822, 38.45], [70.822, 38.449], [70.803, 38.446], [70.802, 38.446], [70.801, 38.447], [70.8, 38.448], [70.798, 38.449], [70.796, 38.449], [70.793, 38.449], [70.789, 38.45], [70.787, 38.451], [70.786, 38.452], [70.786, 38.454], [70.786, 38.456], [70.784, 38.456], [70.782, 38.456], [70.779, 38.455], [70.777, 38.455], [70.775, 38.456], [70.772, 38.456], [70.771, 38.456], [70.77, 38.456], [70.77, 38.455], [70.769, 38.454], [70.768, 38.453], [70.768, 38.452], [70.768, 38.451], [70.768, 38.45], [70.768, 38.449], [70.767, 38.448], [70.767, 38.446], [70.766, 38.445], [70.765, 38.444], [70.763, 38.443], [70.762, 38.442], [70.762, 38.441], [70.761, 38.44], [70.761, 38.438], [70.761, 38.436], [70.761, 38.434], [70.76, 38.433], [70.759, 38.433], [70.758, 38.432], [70.721, 38.414], [70.714, 38.414], [70.708, 38.415], [70.703, 38.417], [70.7, 38.419], [70.699, 38.42], [70.695, 38.419], [70.69, 38.416], [70.689, 38.416], [70.687, 38.415], [70.686, 38.413], [70.678, 38.409], [70.675, 38.407], [70.674, 38.405], [70.677, 38.397], [70.674, 38.393], [70.674, 38.392], [70.674, 38.391], [70.673, 38.39], [70.673, 38.389], [70.674, 38.389], [70.681, 38.387], [70.682, 38.386], [70.683, 38.388], [70.684, 38.388], [70.685, 38.389], [70.686, 38.39], [70.687, 38.389], [70.688, 38.389], [70.647, 38.354], [70.642, 38.349], [70.636, 38.352], [70.631, 38.353], [70.628, 38.353], [70.626, 38.352], [70.623, 38.351], [70.619, 38.35], [70.615, 38.348], [70.612, 38.347], [70.611, 38.346], [70.612, 38.341], [70.612, 38.334], [70.613, 38.331], [70.614, 38.33], [70.615, 38.329], [70.615, 38.325], [70.599, 38.311], [70.543, 38.253], [70.49, 38.162], [70.389, 38.064], [70.386, 38.063], [70.382, 38.061], [70.38, 38.056], [70.378, 38.055], [70.377, 38.055], [70.374, 38.055], [70.371, 38.055], [70.369, 38.056], [70.367, 38.055], [70.366, 38.055], [70.365, 38.055], [70.365, 38.054], [70.363, 38.052], [70.363, 38.051], [70.363, 38.05], [70.364, 38.049], [70.366, 38.048], [70.367, 38.048], [70.367, 38.047], [70.368, 38.043], [70.342, 38.019], [70.304, 37.999], [70.292, 37.987], [70.291, 37.987], [70.29, 37.986], [70.28, 37.976], [70.276, 37.973], [70.273, 37.972], [70.269, 37.974], [70.268, 37.977], [70.266, 37.977], [70.264, 37.979], [70.262, 37.979], [70.259, 37.982], [70.256, 37.995], [70.259, 37.997], [70.257, 37.999], [70.262, 38.005], [70.26, 38.006], [70.26, 38.009], [70.262, 38.011], [70.262, 38.018], [70.264, 38.022], [70.271, 38.026], [70.273, 38.036], [70.274, 38.039], [70.273, 38.042], [70.276, 38.048], [70.275, 38.052], [70.277, 38.054], [70.28, 38.057], [70.283, 38.061], [70.289, 38.063], [70.3, 38.066], [70.303, 38.068], [70.305, 38.068], [70.307, 38.068], [70.308, 38.069], [70.308, 38.07], [70.309, 38.075], [70.31, 38.075], [70.31, 38.082], [70.314, 38.089], [70.314, 38.091], [70.315, 38.098], [70.319, 38.102], [70.322, 38.104], [70.33, 38.107], [70.331, 38.109], [70.333, 38.11], [70.333, 38.113], [70.337, 38.119], [70.337, 38.123], [70.34, 38.125], [70.34, 38.126], [70.34, 38.128], [70.339, 38.135], [70.344, 38.142], [70.349, 38.155], [70.351, 38.158], [70.351, 38.164], [70.349, 38.168], [70.347, 38.169], [70.35, 38.171], [70.352, 38.173], [70.352, 38.174], [70.353, 38.175], [70.353, 38.178], [70.355, 38.18], [70.359, 38.184], [70.36, 38.187], [70.363, 38.189], [70.362, 38.191], [70.362, 38.194], [70.358, 38.198], [70.355, 38.199], [70.353, 38.2], [70.351, 38.2], [70.35, 38.202], [70.352, 38.203], [70.351, 38.206], [70.35, 38.208], [70.351, 38.209], [70.352, 38.212], [70.355, 38.214], [70.358, 38.217], [70.357, 38.22], [70.358, 38.223], [70.361, 38.225], [70.361, 38.227], [70.363, 38.23], [70.364, 38.231], [70.365, 38.235], [70.371, 38.239], [70.37, 38.241], [70.371, 38.243], [70.372, 38.243], [70.372, 38.245], [70.373, 38.245], [70.374, 38.246], [70.375, 38.248], [70.374, 38.249], [70.371, 38.25], [70.371, 38.252], [70.371, 38.253], [70.372, 38.255], [70.374, 38.257], [70.373, 38.258], [70.374, 38.261], [70.374, 38.264], [70.376, 38.268], [70.375, 38.269], [70.377, 38.278], [70.375, 38.285], [70.373, 38.289], [70.367, 38.303], [70.363, 38.308], [70.364, 38.311], [70.362, 38.316], [70.359, 38.321], [70.36, 38.325], [70.366, 38.332], [70.366, 38.337], [70.369, 38.339], [70.366, 38.343], [70.366, 38.346], [70.367, 38.347], [70.362, 38.349], [70.367, 38.354], [70.367, 38.358], [70.363, 38.358], [70.361, 38.357], [70.354, 38.352], [70.35, 38.351], [70.344, 38.353], [70.339, 38.355], [70.336, 38.354], [70.332, 38.358], [70.329, 38.363], [70.325, 38.366], [70.34, 38.379], [70.345, 38.382], [70.342, 38.385], [70.344, 38.388], [70.348, 38.393], [70.345, 38.397], [70.342, 38.397], [70.339, 38.397], [70.338, 38.399], [70.338, 38.401], [70.34, 38.402], [70.34, 38.406], [70.342, 38.407], [70.347, 38.415], [70.351, 38.417], [70.352, 38.421], [70.358, 38.424], [70.36, 38.431], [70.366, 38.434], [70.371, 38.442], [70.38, 38.445], [70.383, 38.448], [70.381, 38.45], [70.386, 38.454], [70.385, 38.456], [70.389, 38.462], [70.389, 38.464], [70.395, 38.468], [70.397, 38.471], [70.407, 38.472], [70.409, 38.474], [70.413, 38.481], [70.414, 38.486], [70.42, 38.486], [70.424, 38.489], [70.432, 38.493], [70.435, 38.496], [70.435, 38.5], [70.435, 38.502], [70.433, 38.505], [70.437, 38.504], [70.439, 38.505], [70.443, 38.506], [70.444, 38.506], [70.446, 38.509], [70.448, 38.51], [70.45, 38.51], [70.452, 38.51], [70.454, 38.51], [70.457, 38.511], [70.459, 38.513], [70.459, 38.517], [70.462, 38.52], [70.464, 38.522], [70.466, 38.523], [70.468, 38.524], [70.471, 38.526], [70.471, 38.529], [70.471, 38.531], [70.472, 38.533], [70.478, 38.535], [70.48, 38.535], [70.483, 38.535], [70.484, 38.536], [70.487, 38.537], [70.49, 38.538], [70.491, 38.537], [70.492, 38.537], [70.496, 38.538], [70.497, 38.538], [70.499, 38.541], [70.5, 38.543], [70.501, 38.544], [70.503, 38.545], [70.504, 38.546], [70.509, 38.547], [70.513, 38.551], [70.514, 38.553], [70.515, 38.554], [70.513, 38.557], [70.514, 38.559], [70.514, 38.561], [70.514, 38.563], [70.515, 38.566], [70.515, 38.569], [70.514, 38.571], [70.513, 38.574], [70.512, 38.576], [70.511, 38.577], [70.51, 38.578], [70.509, 38.579], [70.51, 38.581], [70.512, 38.583], [70.513, 38.584], [70.515, 38.586], [70.52, 38.59], [70.521, 38.591], [70.524, 38.596], [70.531, 38.596], [70.531, 38.597], [70.537, 38.6], [70.552, 38.603], [70.555, 38.606], [70.558, 38.606], [70.56, 38.609], [70.566, 38.61], [70.566, 38.613], [70.565, 38.614], [70.567, 38.616], [70.567, 38.618], [70.573, 38.619], [70.577, 38.621], [70.58, 38.623], [70.583, 38.624], [70.585, 38.628], [70.588, 38.63], [70.59, 38.632], [70.59, 38.634], [70.587, 38.638], [70.587, 38.64], [70.588, 38.641], [70.589, 38.641], [70.59, 38.641], [70.591, 38.642], [70.594, 38.642], [70.595, 38.642], [70.597, 38.642], [70.6, 38.643], [70.603, 38.645], [70.603, 38.647], [70.605, 38.648], [70.605, 38.649], [70.607, 38.65], [70.608, 38.651], [70.609, 38.653], [70.611, 38.656], [70.61, 38.659], [70.608, 38.659], [70.606, 38.659], [70.604, 38.659], [70.602, 38.661], [70.599, 38.662], [70.598, 38.663], [70.597, 38.664], [70.597, 38.667], [70.596, 38.669], [70.596, 38.67], [70.595, 38.671], [70.594, 38.673], [70.592, 38.673], [70.591, 38.676], [70.589, 38.678], [70.588, 38.679], [70.582, 38.682], [70.58, 38.686], [70.579, 38.689], [70.577, 38.691], [70.576, 38.691], [70.577, 38.693], [70.578, 38.694], [70.577, 38.696], [70.578, 38.698], [70.577, 38.699], [70.577, 38.7], [70.576, 38.702], [70.574, 38.703], [70.571, 38.705], [70.569, 38.708], [70.566, 38.709], [70.562, 38.71], [70.56, 38.711], [70.556, 38.712], [70.55, 38.714], [70.547, 38.717], [70.549, 38.718], [70.552, 38.722], [70.566, 38.726], [70.572, 38.726], [70.576, 38.726], [70.579, 38.73], [70.583, 38.729], [70.585, 38.727], [70.588, 38.728], [70.596, 38.736], [70.616, 38.748], [70.636, 38.761], [70.64, 38.764], [70.643, 38.769], [70.644, 38.77], [70.646, 38.77], [70.649, 38.77], [70.651, 38.772], [70.658, 38.773], [70.656, 38.777], [70.657, 38.78], [70.662, 38.782], [70.669, 38.782], [70.67, 38.783], [70.672, 38.784], [70.674, 38.789], [70.675, 38.79], [70.684, 38.79], [70.702, 38.792], [70.71, 38.796], [70.713, 38.797], [70.716, 38.803], [70.718, 38.804], [70.723, 38.803], [70.727, 38.798], [70.731, 38.796], [70.735, 38.795], [70.741, 38.794], [70.744, 38.791], [70.744, 38.79], [70.745, 38.788], [70.745, 38.787], [70.745, 38.785], [70.747, 38.783], [70.749, 38.781], [70.75, 38.779], [70.752, 38.778], [70.753, 38.776], [70.756, 38.776], [70.757, 38.774], [70.758, 38.773], [70.76, 38.772], [70.763, 38.769], [70.765, 38.767], [70.768, 38.766], [70.77, 38.766], [70.772, 38.765], [70.773, 38.763], [70.774, 38.762], [70.776, 38.761], [70.777, 38.76], [70.778, 38.759], [70.779, 38.758], [70.78, 38.756], [70.781, 38.756], [70.781, 38.755], [70.783, 38.754], [70.785, 38.753], [70.788, 38.753], [70.79, 38.754], [70.793, 38.755], [70.795, 38.755], [70.798, 38.756], [70.8, 38.758], [70.802, 38.758], [70.803, 38.759], [70.805, 38.758], [70.808, 38.759], [70.812, 38.759], [70.814, 38.76], [70.817, 38.76], [70.819, 38.761], [70.822, 38.761], [70.825, 38.76], [70.829, 38.76], [70.831, 38.76], [70.832, 38.758], [70.833, 38.757], [70.834, 38.756], [70.837, 38.756], [70.839, 38.756], [70.842, 38.756], [70.845, 38.754], [70.848, 38.754], [70.851, 38.753], [70.856, 38.753], [70.859, 38.752], [70.862, 38.753], [70.864, 38.754], [70.866, 38.755], [70.868, 38.759], [70.869, 38.758], [70.871, 38.758], [70.875, 38.757], [70.877, 38.757], [70.879, 38.758], [70.882, 38.757], [70.883, 38.758], [70.884, 38.759], [70.887, 38.759], [70.89, 38.761], [70.893, 38.764], [70.894, 38.766], [70.9, 38.772], [70.901, 38.773], [70.904, 38.775], [70.905, 38.776], [70.908, 38.776], [70.91, 38.777], [70.913, 38.779], [70.915, 38.78], [70.917, 38.782], [70.92, 38.782], [70.922, 38.782], [70.924, 38.784], [70.926, 38.784], [70.929, 38.786], [70.931, 38.787], [70.931, 38.789], [70.932, 38.79], [70.933, 38.792], [70.934, 38.793], [70.936, 38.794], [70.937, 38.794], [70.936, 38.795], [70.936, 38.796], [70.94, 38.797], [70.941, 38.797], [70.944, 38.797], [70.947, 38.797], [70.951, 38.797], [70.952, 38.797], [70.954, 38.796], [70.956, 38.796], [70.959, 38.797], [70.963, 38.798], [70.965, 38.799], [70.969, 38.8], [70.973, 38.802], [70.975, 38.802], [70.977, 38.802], [70.979, 38.802], [70.982, 38.803], [70.986, 38.804], [70.988, 38.803], [70.992, 38.802], [70.996, 38.801], [71.001, 38.8], [71.006, 38.801], [71.009, 38.802], [71.01, 38.802], [71.016, 38.802], [71.017, 38.8], [71.018, 38.798], [71.02, 38.797], [71.022, 38.796], [71.023, 38.797], [71.024, 38.796], [71.025, 38.796], [71.027, 38.794], [71.028, 38.793], [71.029, 38.792], [71.026, 38.791], [71.024, 38.791], [71.024, 38.789], [71.025, 38.788], [71.025, 38.787], [71.025, 38.786], [71.024, 38.785], [71.024, 38.784], [71.023, 38.782], [71.022, 38.781], [71.019, 38.78], [71.015, 38.777], [71.013, 38.777], [71.011, 38.777], [71.01, 38.775], [71.01, 38.773], [71.012, 38.77], [71.013, 38.768], [71.016, 38.766], [71.019, 38.764], [71.02, 38.762], [71.021, 38.761], [71.022, 38.759], [71.023, 38.756], [71.024, 38.755], [71.024, 38.754], [71.025, 38.752], [71.025, 38.751], [71.027, 38.749], [71.029, 38.748], [71.031, 38.746], [71.031, 38.744], [71.031, 38.742], [71.031, 38.74], [71.034, 38.738], [71.038, 38.733], [71.038, 38.73], [71.039, 38.727], [71.042, 38.725], [71.043, 38.724], [71.044, 38.722], [71.045, 38.72], [71.047, 38.719], [71.051, 38.718], [71.051, 38.716], [71.05, 38.713], [71.05, 38.712], [71.054, 38.711], [71.057, 38.71], [71.058, 38.708], [71.059, 38.706], [71.061, 38.706], [71.063, 38.704], [71.066, 38.703], [71.07, 38.703], [71.071, 38.7], [71.073, 38.698], [71.075, 38.695], [71.073, 38.694], [71.072, 38.691], [71.071, 38.689], [71.069, 38.689], [71.067, 38.688], [71.066, 38.687], [71.062, 38.687], [71.061, 38.685], [71.059, 38.683], [71.055, 38.68], [71.055, 38.672], [71.055, 38.67], [71.055, 38.669], [71.054, 38.668], [71.054, 38.666], [71.052, 38.664], [71.051, 38.663], [71.051, 38.661], [71.052, 38.66], [71.054, 38.66], [71.057, 38.66], [71.059, 38.658], [71.06, 38.654], [71.062, 38.649], [71.061, 38.647], [71.06, 38.646], [71.057, 38.645], [71.055, 38.641], [71.054, 38.64], [71.055, 38.637], [71.056, 38.636], [71.057, 38.635], [71.058, 38.634], [71.058, 38.631], [71.057, 38.629], [71.056, 38.627], [71.055, 38.626], [71.053, 38.625], [71.05, 38.625], [71.05, 38.624], [71.047, 38.623], [71.044, 38.623], [71.042, 38.621], [71.04, 38.621], [71.04, 38.619], [71.04, 38.618], [71.039, 38.616], [71.039, 38.614], [71.039, 38.612], [71.037, 38.611], [71.037, 38.608], [71.037, 38.606], [71.04, 38.604], [71.04, 38.603], [71.041, 38.602], [71.045, 38.602], [71.047, 38.602], [71.049, 38.602], [71.051, 38.603], [71.053, 38.602], [71.054, 38.6], [71.055, 38.6], [71.056, 38.599], [71.058, 38.597], [71.061, 38.597], [71.062, 38.597], [71.065, 38.597], [71.067, 38.596], [71.068, 38.595], [71.07, 38.595], [71.072, 38.595], [71.073, 38.595], [71.074, 38.593], [71.075, 38.593], [71.076, 38.593], [71.079, 38.592], [71.082, 38.591], [71.084, 38.592], [71.084, 38.593], [71.084, 38.594], [71.085, 38.595], [71.088, 38.596], [71.092, 38.597], [71.093, 38.597], [71.096, 38.597], [71.099, 38.6], [71.101, 38.603], [71.104, 38.604], [71.109, 38.603], [71.11, 38.602], [71.111, 38.6], [71.115, 38.598], [71.117, 38.598], [71.12, 38.599], [71.121, 38.599], [71.122, 38.599], [71.123, 38.597], [71.125, 38.596], [71.126, 38.595], [71.128, 38.596], [71.13, 38.597], [71.131, 38.597], [71.136, 38.597], [71.138, 38.598], [71.14, 38.599], [71.142, 38.599], [71.146, 38.599], [71.149, 38.599], [71.151, 38.599], [71.154, 38.6], [71.156, 38.601], [71.157, 38.601], [71.16, 38.602], [71.163, 38.603], [71.166, 38.603], [71.168, 38.604], [71.171, 38.604], [71.174, 38.605], [71.178, 38.605], [71.183, 38.603], [71.184, 38.603], [71.186, 38.601], [71.188, 38.599], [71.19, 38.599], [71.193, 38.599], [71.195, 38.598], [71.196, 38.598], [71.198, 38.595], [71.2, 38.593], [71.203, 38.593], [71.205, 38.593], [71.208, 38.592], [71.21, 38.591], [71.212, 38.59], [71.213, 38.59], [71.214, 38.589], [71.216, 38.588], [71.221, 38.587], [71.221, 38.586], [71.222, 38.584], [71.221, 38.583], [71.219, 38.58], [71.22, 38.577], [71.219, 38.575], [71.221, 38.573], [71.222, 38.571], [71.221, 38.569], [71.216, 38.568], [71.216, 38.566], [71.217, 38.564], [71.218, 38.562], [71.217, 38.561], [71.214, 38.559], [71.213, 38.556], [71.213, 38.554], [71.214, 38.553], [71.214, 38.551], [71.214, 38.548], [71.215, 38.547], [71.22, 38.545], [71.219, 38.543], [71.219, 38.542], [71.22, 38.54], [71.218, 38.538], [71.217, 38.536], [71.218, 38.534], [71.219, 38.533], [71.221, 38.53], [71.223, 38.528], [71.224, 38.527], [71.225, 38.526], [71.227, 38.525], [71.229, 38.525], [71.232, 38.524], [71.233, 38.523], [71.234, 38.523], [71.235, 38.522], [71.236, 38.522], [71.238, 38.52], [71.241, 38.519], [71.243, 38.518], [71.244, 38.518], [71.245, 38.516], [71.247, 38.515], [71.249, 38.514], [71.25, 38.514], [71.252, 38.513], [71.256, 38.514], [71.26, 38.514], [71.261, 38.515], [71.263, 38.515], [71.264, 38.516], [71.267, 38.517], [71.269, 38.514], [71.271, 38.511], [71.272, 38.51], [71.272, 38.508], [71.273, 38.506], [71.274, 38.505], [71.275, 38.504], [71.275, 38.503], [71.276, 38.502], [71.276, 38.501], [71.278, 38.5], [71.28, 38.498], [71.283, 38.498], [71.286, 38.497], [71.288, 38.496], [71.29, 38.495], [71.292, 38.493], [71.294, 38.492], [71.299, 38.489], [71.306, 38.489], [71.314, 38.488], [71.316, 38.488], [71.317, 38.489], [71.317, 38.49], [71.318, 38.49], [71.319, 38.49], [71.323, 38.49], [71.326, 38.49], [71.327, 38.489], [71.332, 38.49], [71.336, 38.489], [71.338, 38.491], [71.339, 38.493], [71.341, 38.494], [71.341, 38.497], [71.343, 38.501], [71.345, 38.503], [71.346, 38.503], [71.348, 38.504], [71.348, 38.505], [71.349, 38.508], [71.355, 38.508], [71.356, 38.509], [71.359, 38.509], [71.363, 38.509], [71.364, 38.513], [71.366, 38.512], [71.368, 38.512], [71.371, 38.509], [71.373, 38.508], [71.374, 38.507], [71.376, 38.507], [71.378, 38.506], [71.38, 38.507], [71.381, 38.508], [71.383, 38.507], [71.384, 38.506], [71.385, 38.504], [71.39, 38.503], [71.391, 38.503], [71.393, 38.503], [71.395, 38.503], [71.396, 38.503], [71.398, 38.502], [71.4, 38.5], [71.405, 38.499], [71.409, 38.499], [71.409, 38.496], [71.41, 38.494], [71.411, 38.493], [71.412, 38.492], [71.414, 38.491], [71.418, 38.491], [71.421, 38.488], [71.421, 38.486], [71.424, 38.482], [71.428, 38.481], [71.429, 38.478], [71.43, 38.478], [71.433, 38.478], [71.435, 38.478], [71.436, 38.477], [71.437, 38.476], [71.439, 38.475], [71.442, 38.475], [71.445, 38.476], [71.444, 38.479], [71.444, 38.481], [71.445, 38.484], [71.444, 38.486], [71.444, 38.488], [71.443, 38.49], [71.443, 38.492], [71.443, 38.493], [71.445, 38.497], [71.447, 38.499], [71.45, 38.502], [71.455, 38.504], [71.457, 38.505], [71.461, 38.508], [71.463, 38.508], [71.464, 38.51], [71.464, 38.512], [71.463, 38.514], [71.463, 38.516], [71.461, 38.516], [71.46, 38.517], [71.46, 38.519], [71.461, 38.522], [71.462, 38.523], [71.467, 38.525], [71.467, 38.526], [71.469, 38.526], [71.471, 38.526], [71.473, 38.526], [71.475, 38.526], [71.478, 38.527], [71.479, 38.526], [71.483, 38.524], [71.484, 38.523], [71.485, 38.523], [71.491, 38.519], [71.492, 38.519], [71.499, 38.517], [71.501, 38.515], [71.502, 38.513], [71.504, 38.516], [71.506, 38.517], [71.51, 38.517], [71.512, 38.517], [71.517, 38.515], [71.519, 38.516], [71.521, 38.516], [71.524, 38.52], [71.526, 38.521], [71.527, 38.522], [71.527, 38.526], [71.526, 38.528], [71.527, 38.531], [71.528, 38.533], [71.53, 38.535], [71.531, 38.538], [71.529, 38.541], [71.528, 38.542], [71.527, 38.545], [71.526, 38.547], [71.532, 38.551], [71.535, 38.552], [71.535, 38.553], [71.535, 38.554], [71.534, 38.556], [71.531, 38.559], [71.531, 38.561], [71.531, 38.563], [71.536, 38.563], [71.539, 38.563], [71.544, 38.569], [71.548, 38.573], [71.549, 38.575], [71.548, 38.577], [71.544, 38.58], [71.544, 38.582], [71.542, 38.585], [71.537, 38.588], [71.535, 38.591], [71.535, 38.595], [71.539, 38.594], [71.545, 38.592], [71.551, 38.591], [71.556, 38.59], [71.558, 38.586], [71.56, 38.584], [71.563, 38.582], [71.566, 38.58], [71.568, 38.581], [71.57, 38.581], [71.576, 38.578], [71.575, 38.582], [71.575, 38.583], [71.573, 38.584], [71.575, 38.591], [71.578, 38.594], [71.579, 38.596], [71.579, 38.597], [71.581, 38.602], [71.582, 38.604], [71.584, 38.606], [71.588, 38.609], [71.59, 38.611], [71.59, 38.612], [71.591, 38.614], [71.594, 38.615], [71.597, 38.615], [71.602, 38.615], [71.603, 38.616], [71.608, 38.619], [71.609, 38.62], [71.61, 38.623], [71.613, 38.625], [71.613, 38.627], [71.614, 38.629], [71.615, 38.63], [71.616, 38.633], [71.618, 38.634], [71.619, 38.636], [71.619, 38.639], [71.618, 38.642], [71.618, 38.643], [71.619, 38.646], [71.62, 38.648], [71.623, 38.646], [71.624, 38.644], [71.629, 38.642], [71.636, 38.639], [71.639, 38.639], [71.645, 38.639], [71.648, 38.639], [71.65, 38.639], [71.653, 38.64], [71.653, 38.641], [71.657, 38.643], [71.662, 38.641], [71.664, 38.64], [71.666, 38.636], [71.666, 38.635], [71.666, 38.633], [71.671, 38.632], [71.673, 38.633], [71.678, 38.635], [71.681, 38.636], [71.683, 38.636], [71.684, 38.638], [71.686, 38.641], [71.686, 38.644], [71.69, 38.646], [71.691, 38.647], [71.693, 38.647], [71.694, 38.647], [71.695, 38.647], [71.696, 38.647], [71.7, 38.648], [71.703, 38.648], [71.708, 38.65], [71.71, 38.65], [71.712, 38.65], [71.715, 38.649], [71.718, 38.651], [71.719, 38.654], [71.721, 38.66], [71.723, 38.661], [71.725, 38.66], [71.726, 38.659], [71.73, 38.658], [71.733, 38.658], [71.739, 38.655], [71.746, 38.655], [71.748, 38.654], [71.748, 38.653], [71.749, 38.651], [71.748, 38.648], [71.749, 38.648], [71.749, 38.647], [71.75, 38.644], [71.752, 38.645], [71.761, 38.643], [71.763, 38.647], [71.765, 38.65], [71.769, 38.65], [71.774, 38.65], [71.774, 38.652], [71.773, 38.655], [71.775, 38.655], [71.776, 38.656], [71.776, 38.657], [71.776, 38.658], [71.778, 38.661], [71.778, 38.663], [71.779, 38.664], [71.784, 38.666], [71.787, 38.666], [71.79, 38.667], [71.791, 38.669], [71.792, 38.673], [71.793, 38.674], [71.8, 38.674], [71.803, 38.675], [71.806, 38.676], [71.807, 38.676], [71.808, 38.676], [71.816, 38.675], [71.819, 38.677], [71.823, 38.677], [71.825, 38.676], [71.826, 38.682], [71.828, 38.685], [71.831, 38.687], [71.833, 38.689], [71.833, 38.691], [71.832, 38.692], [71.831, 38.694], [71.83, 38.7], [71.834, 38.702], [71.837, 38.704], [71.84, 38.705], [71.842, 38.705], [71.842, 38.706], [71.842, 38.707], [71.842, 38.71], [71.842, 38.713], [71.843, 38.716], [71.846, 38.717], [71.846, 38.72], [71.847, 38.723], [71.849, 38.724], [71.85, 38.724], [71.853, 38.724], [71.856, 38.724], [71.858, 38.723], [71.862, 38.721], [71.866, 38.722], [71.868, 38.724], [71.869, 38.725], [71.869, 38.726], [71.871, 38.728], [71.874, 38.73], [71.876, 38.731], [71.876, 38.732], [71.879, 38.733], [71.88, 38.733], [71.883, 38.733], [71.885, 38.736], [71.887, 38.736], [71.887, 38.737], [71.887, 38.739], [71.886, 38.741], [71.885, 38.742], [71.885, 38.743], [71.886, 38.744], [71.887, 38.746], [71.885, 38.748], [71.885, 38.749], [71.885, 38.75], [71.886, 38.75], [71.887, 38.751], [71.888, 38.751], [71.891, 38.75], [71.892, 38.75], [71.894, 38.75], [71.896, 38.75], [71.898, 38.751], [71.9, 38.751], [71.901, 38.75], [71.903, 38.749], [71.904, 38.749], [71.907, 38.749], [71.914, 38.751], [71.917, 38.751], [71.918, 38.75], [71.919, 38.748], [71.923, 38.746], [71.928, 38.746], [71.93, 38.745], [71.933, 38.743], [71.937, 38.742], [71.942, 38.744], [71.943, 38.745], [71.946, 38.747], [71.947, 38.75], [71.953, 38.751], [71.959, 38.75], [71.966, 38.75], [71.967, 38.75], [71.97, 38.749], [71.982, 38.743], [71.984, 38.742], [71.987, 38.74], [71.99, 38.74], [71.993, 38.741], [71.996, 38.743], [71.997, 38.744], [71.999, 38.746], [71.999, 38.748], [72.002, 38.751], [72.004, 38.753], [72.004, 38.755], [72.005, 38.758], [72.008, 38.759], [72.01, 38.76], [72.012, 38.761], [72.019, 38.764], [72.024, 38.764], [72.026, 38.765], [72.029, 38.766], [72.034, 38.769], [72.033, 38.771], [72.034, 38.773], [72.034, 38.776], [72.033, 38.78], [72.031, 38.782], [72.028, 38.785], [72.032, 38.789], [72.033, 38.79], [72.033, 38.791], [72.033, 38.795], [72.037, 38.795], [72.041, 38.797], [72.042, 38.798], [72.047, 38.798], [72.052, 38.797], [72.055, 38.798], [72.062, 38.805], [72.066, 38.806], [72.069, 38.807], [72.071, 38.809], [72.072, 38.811], [72.073, 38.812], [72.079, 38.813], [72.082, 38.814], [72.083, 38.814], [72.085, 38.815], [72.094, 38.819], [72.095, 38.82], [72.096, 38.82], [72.097, 38.821], [72.097, 38.822], [72.097, 38.823], [72.097, 38.824], [72.095, 38.826], [72.093, 38.827], [72.091, 38.829], [72.092, 38.832], [72.093, 38.833], [72.094, 38.835], [72.096, 38.836], [72.098, 38.837], [72.102, 38.836], [72.104, 38.837], [72.106, 38.837], [72.107, 38.836], [72.111, 38.836], [72.114, 38.836], [72.118, 38.835], [72.12, 38.835], [72.121, 38.835], [72.124, 38.834], [72.127, 38.834], [72.129, 38.831], [72.132, 38.83], [72.135, 38.827], [72.135, 38.824], [72.136, 38.821], [72.137, 38.819], [72.14, 38.818], [72.157, 38.672]]]}, "properties": {"ep": "BKH-DZ-1878-01-01", "name": "Bukhara: Darvaz", "name_ru": "Бухарский эмират: Дарваз", "iso3": "BKH-DZ", "from": "1878-01-01", "to": "1917-12-24", "kind": "protectorate", "kind_ru": "протекторат: внутреннее управление у местного правителя, внешние сношения у империи", "event_from": "Дарваз присоединён к Бухаре в 1878 (особое бекство, бек в Кала-и-Хумбе); ДЕНЬ НЕ УСТАНОВЛЕН, стоит 1 января", "event_to": "как у эмирата", "source": "ЭСБЕ «Дарваз», т. X (1893)", "confidence": "medium", "note": "Дарвазский и Ванчский районы OSM в пределах CShapes «Bokhara»", "gfrom": "1878-01-01", "gto": "1917-12-24", "geometry_source": "курируемый файл data/central_asia/bukhara_emirate.geojson, часть darvaz"}}, {"type": "Feature", "geometry": {"type": "Polygon", "coordinates": [[[72.185, 38.31], [72.191, 38.26], [72.191, 38.221], [72.191, 38.199], [72.197, 38.137], [72.208, 38.093], [72.208, 38.048], [72.208, 37.931], [72.213, 37.887], [72.224, 37.825], [72.23, 37.786], [72.236, 37.747], [72.252, 37.708], [72.269, 37.686], [72.297, 37.664], [72.314, 37.647], [72.33, 37.619], [72.358, 37.614], [72.386, 37.591], [72.408, 37.575], [72.436, 37.564], [72.481, 37.536], [72.514, 37.519], [72.547, 37.508], [72.581, 37.486], [72.625, 37.435], [72.648, 37.408], [72.659, 37.369], [72.659, 37.341], [72.664, 37.319], [72.673, 37.279], [72.687, 37.227], [72.687, 37.199], [72.734, 37.135], [72.722, 37.113], [72.708, 37.091], [72.662, 37.025], [72.643, 37.022], [72.643, 37.023], [72.643, 37.024], [72.641, 37.025], [72.637, 37.025], [72.632, 37.027], [72.628, 37.028], [72.627, 37.028], [72.625, 37.029], [72.622, 37.029], [72.62, 37.029], [72.619, 37.028], [72.618, 37.027], [72.617, 37.026], [72.615, 37.025], [72.613, 37.024], [72.611, 37.024], [72.61, 37.024], [72.609, 37.024], [72.607, 37.023], [72.606, 37.022], [72.606, 37.021], [72.605, 37.021], [72.604, 37.021], [72.602, 37.021], [72.601, 37.021], [72.6, 37.021], [72.599, 37.021], [72.596, 37.02], [72.594, 37.019], [72.593, 37.018], [72.592, 37.017], [72.592, 37.015], [72.592, 37.014], [72.576, 37.011], [72.575, 37.011], [72.574, 37.011], [72.573, 37.011], [72.572, 37.011], [72.571, 37.01], [72.537, 37.005], [72.536, 37.005], [72.535, 37.005], [72.518, 37.002], [72.459, 37.002], [72.458, 37.003], [72.458, 37.002], [72.451, 37.003], [72.446, 37.004], [72.445, 37.005], [72.444, 37.006], [72.441, 37.007], [72.434, 37.006], [72.427, 37.006], [72.423, 37.005], [72.418, 37.003], [72.416, 37.003], [72.41, 37.003], [72.347, 36.989], [72.306, 36.978], [72.28, 36.967], [72.224, 36.943], [72.048, 36.83], [72.022, 36.813], [72.019, 36.811], [72.017, 36.809], [71.931, 36.75], [71.907, 36.734], [71.903, 36.734], [71.9, 36.729], [71.843, 36.692], [71.82, 36.685], [71.782, 36.678], [71.772, 36.677], [71.77, 36.677], [71.766, 36.678], [71.765, 36.679], [71.762, 36.679], [71.759, 36.679], [71.758, 36.678], [71.755, 36.678], [71.751, 36.676], [71.749, 36.675], [71.745, 36.675], [71.738, 36.675], [71.734, 36.675], [71.732, 36.675], [71.731, 36.676], [71.728, 36.676], [71.727, 36.676], [71.725, 36.675], [71.72, 36.673], [71.719, 36.673], [71.708, 36.672], [71.708, 36.673], [71.705, 36.673], [71.703, 36.675], [71.701, 36.675], [71.699, 36.675], [71.695, 36.676], [71.692, 36.677], [71.69, 36.677], [71.688, 36.677], [71.687, 36.677], [71.685, 36.677], [71.684, 36.676], [71.682, 36.676], [71.681, 36.675], [71.677, 36.676], [71.664, 36.681], [71.663, 36.682], [71.66, 36.683], [71.658, 36.685], [71.654, 36.687], [71.652, 36.688], [71.651, 36.688], [71.65, 36.689], [71.648, 36.689], [71.647, 36.69], [71.644, 36.689], [71.643, 36.689], [71.642, 36.689], [71.639, 36.69], [71.633, 36.691], [71.632, 36.693], [71.631, 36.694], [71.629, 36.695], [71.629, 36.696], [71.628, 36.697], [71.628, 36.7], [71.628, 36.701], [71.626, 36.702], [71.625, 36.703], [71.624, 36.705], [71.622, 36.711], [71.62, 36.713], [71.618, 36.715], [71.615, 36.716], [71.613, 36.717], [71.611, 36.719], [71.609, 36.721], [71.606, 36.723], [71.601, 36.724], [71.6, 36.726], [71.599, 36.727], [71.598, 36.728], [71.598, 36.729], [71.597, 36.729], [71.593, 36.732], [71.59, 36.733], [71.588, 36.735], [71.586, 36.737], [71.584, 36.74], [71.581, 36.743], [71.579, 36.746], [71.577, 36.747], [71.574, 36.751], [71.57, 36.756], [71.566, 36.76], [71.563, 36.764], [71.564, 36.767], [71.564, 36.771], [71.563, 36.777], [71.562, 36.778], [71.562, 36.78], [71.563, 36.782], [71.563, 36.784], [71.561, 36.786], [71.561, 36.788], [71.56, 36.789], [71.559, 36.791], [71.558, 36.791], [71.556, 36.792], [71.555, 36.795], [71.555, 36.796], [71.555, 36.798], [71.555, 36.8], [71.553, 36.801], [71.552, 36.804], [71.551, 36.806], [71.554, 36.811], [71.554, 36.813], [71.553, 36.816], [71.55, 36.818], [71.548, 36.819], [71.544, 36.822], [71.543, 36.825], [71.543, 36.827], [71.543, 36.831], [71.543, 36.835], [71.543, 36.841], [71.543, 36.843], [71.542, 36.846], [71.538, 36.849], [71.535, 36.851], [71.534, 36.852], [71.531, 36.857], [71.529, 36.859], [71.527, 36.864], [71.527, 36.866], [71.527, 36.869], [71.526, 36.871], [71.523, 36.877], [71.521, 36.878], [71.519, 36.88], [71.517, 36.887], [71.515, 36.891], [71.514, 36.892], [71.513, 36.898], [71.51, 36.902], [71.502, 36.909], [71.501, 36.911], [71.499, 36.912], [71.492, 36.916], [71.491, 36.918], [71.491, 36.919], [71.491, 36.92], [71.491, 36.924], [71.488, 36.928], [71.487, 36.931], [71.485, 36.933], [71.477, 36.938], [71.475, 36.941], [71.473, 36.943], [71.471, 36.947], [71.468, 36.951], [71.467, 36.954], [71.466, 36.957], [71.465, 36.965], [71.464, 36.966], [71.463, 36.968], [71.463, 36.97], [71.465, 36.972], [71.468, 36.974], [71.468, 36.977], [71.469, 36.978], [71.47, 36.979], [71.471, 36.98], [71.471, 36.981], [71.47, 36.982], [71.47, 36.983], [71.471, 36.983], [71.471, 36.984], [71.472, 36.984], [71.472, 36.985], [71.471, 36.986], [71.47, 36.986], [71.47, 36.987], [71.469, 36.987], [71.469, 36.988], [71.47, 36.989], [71.47, 36.99], [71.47, 36.991], [71.47, 36.992], [71.469, 36.992], [71.469, 36.993], [71.469, 36.994], [71.468, 36.994], [71.468, 36.995], [71.468, 36.996], [71.469, 36.996], [71.469, 36.997], [71.469, 36.998], [71.47, 36.999], [71.469, 37.0], [71.468, 37.002], [71.468, 37.004], [71.467, 37.005], [71.466, 37.007], [71.466, 37.008], [71.465, 37.008], [71.464, 37.009], [71.463, 37.011], [71.462, 37.012], [71.461, 37.013], [71.461, 37.014], [71.461, 37.015], [71.461, 37.016], [71.461, 37.017], [71.46, 37.017], [71.46, 37.018], [71.461, 37.02], [71.462, 37.022], [71.462, 37.023], [71.462, 37.024], [71.462, 37.025], [71.461, 37.026], [71.46, 37.027], [71.46, 37.028], [71.459, 37.029], [71.458, 37.03], [71.457, 37.03], [71.456, 37.031], [71.455, 37.032], [71.454, 37.032], [71.453, 37.033], [71.452, 37.034], [71.451, 37.035], [71.45, 37.036], [71.449, 37.037], [71.448, 37.038], [71.447, 37.039], [71.445, 37.04], [71.444, 37.041], [71.443, 37.042], [71.442, 37.042], [71.442, 37.044], [71.441, 37.047], [71.44, 37.049], [71.439, 37.05], [71.438, 37.051], [71.436, 37.053], [71.435, 37.054], [71.434, 37.055], [71.433, 37.055], [71.431, 37.067], [71.431, 37.075], [71.432, 37.076], [71.432, 37.077], [71.433, 37.077], [71.433, 37.078], [71.433, 37.08], [71.433, 37.081], [71.433, 37.082], [71.434, 37.082], [71.434, 37.083], [71.435, 37.086], [71.435, 37.087], [71.435, 37.088], [71.435, 37.089], [71.436, 37.09], [71.438, 37.091], [71.441, 37.093], [71.443, 37.094], [71.443, 37.095], [71.444, 37.097], [71.444, 37.098], [71.445, 37.099], [71.445, 37.101], [71.445, 37.102], [71.444, 37.103], [71.443, 37.104], [71.443, 37.105], [71.444, 37.106], [71.444, 37.108], [71.444, 37.109], [71.445, 37.11], [71.444, 37.112], [71.444, 37.113], [71.444, 37.114], [71.444, 37.115], [71.443, 37.115], [71.442, 37.116], [71.442, 37.117], [71.441, 37.118], [71.442, 37.119], [71.442, 37.12], [71.442, 37.121], [71.443, 37.121], [71.444, 37.123], [71.444, 37.124], [71.444, 37.125], [71.443, 37.126], [71.442, 37.127], [71.442, 37.128], [71.442, 37.129], [71.442, 37.131], [71.443, 37.132], [71.445, 37.133], [71.446, 37.134], [71.446, 37.135], [71.445, 37.136], [71.446, 37.137], [71.446, 37.138], [71.446, 37.139], [71.446, 37.14], [71.445, 37.141], [71.445, 37.142], [71.445, 37.143], [71.445, 37.144], [71.446, 37.144], [71.447, 37.144], [71.448, 37.145], [71.448, 37.147], [71.448, 37.148], [71.448, 37.149], [71.448, 37.15], [71.45, 37.151], [71.451, 37.151], [71.452, 37.152], [71.452, 37.153], [71.452, 37.154], [71.451, 37.156], [71.451, 37.157], [71.451, 37.158], [71.45, 37.159], [71.448, 37.161], [71.448, 37.163], [71.447, 37.164], [71.447, 37.165], [71.446, 37.166], [71.446, 37.169], [71.445, 37.169], [71.445, 37.17], [71.446, 37.171], [71.447, 37.173], [71.447, 37.174], [71.447, 37.175], [71.448, 37.177], [71.449, 37.179], [71.45, 37.181], [71.45, 37.182], [71.452, 37.182], [71.454, 37.182], [71.455, 37.182], [71.456, 37.182], [71.457, 37.182], [71.458, 37.183], [71.459, 37.183], [71.461, 37.184], [71.462, 37.185], [71.462, 37.186], [71.463, 37.186], [71.463, 37.187], [71.463, 37.189], [71.463, 37.19], [71.463, 37.191], [71.463, 37.192], [71.462, 37.194], [71.461, 37.197], [71.46, 37.198], [71.458, 37.199], [71.457, 37.199], [71.457, 37.2], [71.456, 37.203], [71.455, 37.204], [71.454, 37.205], [71.454, 37.206], [71.454, 37.207], [71.454, 37.209], [71.455, 37.21], [71.456, 37.212], [71.456, 37.213], [71.455, 37.214], [71.456, 37.215], [71.457, 37.215], [71.459, 37.215], [71.46, 37.216], [71.46, 37.217], [71.46, 37.218], [71.459, 37.218], [71.458, 37.219], [71.459, 37.22], [71.46, 37.22], [71.462, 37.22], [71.463, 37.219], [71.464, 37.22], [71.465, 37.221], [71.466, 37.223], [71.467, 37.224], [71.467, 37.225], [71.468, 37.226], [71.471, 37.226], [71.474, 37.227], [71.476, 37.228], [71.477, 37.229], [71.478, 37.229], [71.479, 37.23], [71.48, 37.23], [71.481, 37.231], [71.481, 37.232], [71.481, 37.233], [71.479, 37.233], [71.479, 37.234], [71.479, 37.235], [71.48, 37.237], [71.482, 37.239], [71.483, 37.239], [71.484, 37.241], [71.484, 37.242], [71.484, 37.243], [71.484, 37.244], [71.485, 37.245], [71.485, 37.246], [71.485, 37.247], [71.484, 37.248], [71.483, 37.248], [71.483, 37.249], [71.483, 37.25], [71.483, 37.251], [71.484, 37.253], [71.484, 37.254], [71.485, 37.255], [71.485, 37.256], [71.485, 37.257], [71.485, 37.259], [71.485, 37.26], [71.486, 37.261], [71.487, 37.261], [71.487, 37.262], [71.487, 37.263], [71.488, 37.263], [71.489, 37.263], [71.49, 37.263], [71.491, 37.264], [71.491, 37.265], [71.491, 37.266], [71.49, 37.267], [71.49, 37.269], [71.489, 37.27], [71.489, 37.271], [71.488, 37.272], [71.488, 37.274], [71.488, 37.275], [71.491, 37.279], [71.492, 37.281], [71.493, 37.281], [71.494, 37.282], [71.495, 37.284], [71.495, 37.286], [71.495, 37.287], [71.495, 37.288], [71.494, 37.289], [71.494, 37.29], [71.492, 37.292], [71.492, 37.293], [71.492, 37.294], [71.492, 37.296], [71.492, 37.297], [71.493, 37.298], [71.493, 37.3], [71.494, 37.3], [71.494, 37.301], [71.495, 37.302], [71.496, 37.302], [71.497, 37.303], [71.5, 37.304], [71.501, 37.305], [71.502, 37.306], [71.503, 37.307], [71.504, 37.309], [71.505, 37.311], [71.506, 37.312], [71.507, 37.313], [71.507, 37.314], [71.507, 37.315], [71.506, 37.316], [71.506, 37.317], [71.505, 37.317], [71.504, 37.318], [71.503, 37.318], [71.502, 37.318], [71.499, 37.319], [71.498, 37.32], [71.497, 37.322], [71.495, 37.326], [71.494, 37.327], [71.492, 37.328], [71.493, 37.364], [71.495, 37.365], [71.495, 37.367], [71.495, 37.368], [71.496, 37.369], [71.493, 37.372], [71.489, 37.406], [71.49, 37.406], [71.493, 37.406], [71.495, 37.406], [71.496, 37.407], [71.498, 37.408], [71.499, 37.41], [71.499, 37.411], [71.499, 37.412], [71.497, 37.414], [71.495, 37.416], [71.496, 37.419], [71.496, 37.42], [71.495, 37.422], [71.496, 37.426], [71.496, 37.428], [71.497, 37.429], [71.498, 37.431], [71.5, 37.431], [71.501, 37.434], [71.502, 37.434], [71.502, 37.436], [71.501, 37.438], [71.502, 37.442], [71.504, 37.444], [71.503, 37.448], [71.504, 37.451], [71.504, 37.453], [71.507, 37.455], [71.509, 37.456], [71.512, 37.458], [71.514, 37.461], [71.517, 37.462], [71.52, 37.464], [71.522, 37.466], [71.522, 37.47], [71.523, 37.473], [71.523, 37.474], [71.525, 37.476], [71.526, 37.478], [71.527, 37.48], [71.526, 37.481], [71.526, 37.482], [71.523, 37.484], [71.522, 37.485], [71.521, 37.487], [71.517, 37.492], [71.517, 37.494], [71.512, 37.5], [71.51, 37.502], [71.508, 37.506], [71.507, 37.509], [71.505, 37.518], [71.505, 37.523], [71.504, 37.527], [71.502, 37.529], [71.495, 37.533], [71.495, 37.539], [71.498, 37.551], [71.502, 37.562], [71.504, 37.571], [71.505, 37.576], [71.506, 37.582], [71.507, 37.583], [71.508, 37.585], [71.509, 37.586], [71.51, 37.586], [71.511, 37.587], [71.511, 37.588], [71.511, 37.59], [71.51, 37.593], [71.51, 37.594], [71.51, 37.595], [71.509, 37.597], [71.509, 37.598], [71.509, 37.599], [71.508, 37.599], [71.507, 37.6], [71.506, 37.601], [71.505, 37.602], [71.505, 37.604], [71.504, 37.607], [71.506, 37.612], [71.508, 37.615], [71.513, 37.616], [71.516, 37.617], [71.518, 37.618], [71.52, 37.621], [71.521, 37.623], [71.521, 37.624], [71.522, 37.626], [71.524, 37.629], [71.526, 37.631], [71.527, 37.634], [71.527, 37.638], [71.527, 37.639], [71.526, 37.642], [71.527, 37.645], [71.527, 37.648], [71.528, 37.649], [71.528, 37.652], [71.528, 37.657], [71.528, 37.66], [71.53, 37.667], [71.529, 37.676], [71.531, 37.679], [71.537, 37.683], [71.538, 37.685], [71.54, 37.689], [71.542, 37.694], [71.542, 37.697], [71.545, 37.706], [71.546, 37.71], [71.547, 37.711], [71.549, 37.714], [71.548, 37.718], [71.548, 37.72], [71.549, 37.724], [71.551, 37.728], [71.551, 37.732], [71.551, 37.736], [71.549, 37.74], [71.572, 37.79], [71.573, 37.79], [71.575, 37.793], [71.582, 37.794], [71.591, 37.797], [71.593, 37.8], [71.595, 37.805], [71.596, 37.807], [71.596, 37.808], [71.595, 37.81], [71.594, 37.811], [71.593, 37.812], [71.593, 37.813], [71.593, 37.814], [71.593, 37.816], [71.593, 37.817], [71.593, 37.818], [71.592, 37.819], [71.591, 37.82], [71.59, 37.822], [71.59, 37.823], [71.589, 37.823], [71.591, 37.837], [71.593, 37.865], [71.595, 37.867], [71.597, 37.87], [71.598, 37.874], [71.593, 37.882], [71.591, 37.883], [71.59, 37.89], [71.588, 37.9], [71.588, 37.902], [71.588, 37.904], [71.59, 37.905], [71.591, 37.91], [71.592, 37.915], [71.591, 37.92], [71.59, 37.921], [71.59, 37.922], [71.59, 37.923], [71.589, 37.923], [71.588, 37.923], [71.588, 37.924], [71.587, 37.925], [71.586, 37.925], [71.586, 37.926], [71.585, 37.927], [71.584, 37.928], [71.582, 37.929], [71.581, 37.929], [71.58, 37.929], [71.578, 37.93], [71.573, 37.93], [71.57, 37.932], [71.569, 37.933], [71.567, 37.934], [71.564, 37.935], [71.561, 37.936], [71.558, 37.938], [71.556, 37.939], [71.553, 37.941], [71.55, 37.941], [71.547, 37.942], [71.544, 37.942], [71.54, 37.944], [71.525, 37.946], [71.525, 37.948], [71.525, 37.951], [71.524, 37.952], [71.522, 37.953], [71.52, 37.953], [71.517, 37.953], [71.516, 37.952], [71.513, 37.952], [71.51, 37.952], [71.508, 37.953], [71.505, 37.953], [71.503, 37.953], [71.499, 37.951], [71.498, 37.951], [71.497, 37.949], [71.496, 37.946], [71.494, 37.944], [71.436, 37.925], [71.39, 37.907], [71.389, 37.907], [71.385, 37.909], [71.383, 37.909], [71.379, 37.908], [71.372, 37.905], [71.368, 37.901], [71.329, 37.89], [71.325, 37.892], [71.322, 37.899], [71.321, 37.906], [71.318, 37.91], [71.316, 37.913], [71.314, 37.919], [71.31, 37.921], [71.307, 37.923], [71.304, 37.926], [71.301, 37.93], [71.299, 37.932], [71.295, 37.933], [71.29, 37.933], [71.289, 37.932], [71.289, 37.931], [71.289, 37.929], [71.289, 37.928], [71.288, 37.925], [71.286, 37.924], [71.284, 37.924], [71.283, 37.921], [71.282, 37.92], [71.281, 37.92], [71.274, 37.921], [71.269, 37.921], [71.267, 37.921], [71.266, 37.921], [71.255, 37.926], [71.255, 37.927], [71.254, 37.929], [71.253, 37.93], [71.254, 37.935], [71.255, 37.935], [71.257, 37.936], [71.259, 37.937], [71.261, 37.938], [71.265, 37.938], [71.266, 37.94], [71.267, 37.941], [71.266, 37.944], [71.264, 37.946], [71.263, 37.948], [71.263, 37.951], [71.263, 37.953], [71.264, 37.954], [71.265, 37.954], [71.266, 37.955], [71.27, 37.959], [71.271, 37.962], [71.273, 37.963], [71.275, 37.965], [71.275, 37.968], [71.275, 37.97], [71.274, 37.973], [71.274, 37.975], [71.274, 37.976], [71.273, 37.977], [71.271, 37.98], [71.27, 37.981], [71.269, 37.982], [71.267, 37.983], [71.267, 37.984], [71.267, 37.985], [71.272, 37.994], [71.273, 37.994], [71.274, 37.994], [71.275, 37.994], [71.277, 37.993], [71.277, 37.994], [71.278, 37.994], [71.279, 37.995], [71.28, 37.996], [71.279, 37.998], [71.279, 37.999], [71.278, 38.0], [71.277, 38.001], [71.276, 38.002], [71.276, 38.003], [71.278, 38.007], [71.281, 38.009], [71.282, 38.01], [71.285, 38.011], [71.286, 38.012], [71.287, 38.012], [71.289, 38.013], [71.291, 38.014], [71.294, 38.017], [71.295, 38.018], [71.295, 38.02], [71.294, 38.021], [71.293, 38.023], [71.293, 38.024], [71.293, 38.025], [71.294, 38.027], [71.294, 38.028], [71.295, 38.029], [71.296, 38.03], [71.296, 38.031], [71.296, 38.032], [71.295, 38.032], [71.294, 38.032], [71.291, 38.032], [71.29, 38.032], [71.296, 38.044], [71.298, 38.043], [71.3, 38.043], [71.303, 38.044], [71.305, 38.045], [71.306, 38.047], [71.307, 38.048], [71.308, 38.05], [71.308, 38.051], [71.309, 38.052], [71.31, 38.054], [71.311, 38.055], [71.31, 38.056], [71.31, 38.057], [71.31, 38.058], [71.311, 38.06], [71.311, 38.061], [71.312, 38.061], [71.313, 38.062], [71.314, 38.063], [71.315, 38.064], [71.316, 38.065], [71.317, 38.065], [71.319, 38.066], [71.32, 38.066], [71.32, 38.067], [71.321, 38.068], [71.321, 38.07], [71.321, 38.071], [71.321, 38.072], [71.32, 38.074], [71.32, 38.077], [71.321, 38.083], [71.321, 38.086], [71.322, 38.089], [71.322, 38.09], [71.322, 38.092], [71.321, 38.093], [71.32, 38.094], [71.323, 38.101], [71.324, 38.101], [71.325, 38.102], [71.326, 38.102], [71.326, 38.103], [71.326, 38.105], [71.326, 38.106], [71.329, 38.112], [71.332, 38.113], [71.333, 38.113], [71.334, 38.113], [71.335, 38.113], [71.336, 38.114], [71.337, 38.114], [71.337, 38.115], [71.337, 38.116], [71.337, 38.117], [71.338, 38.121], [71.339, 38.129], [71.34, 38.131], [71.341, 38.134], [71.343, 38.136], [71.344, 38.137], [71.344, 38.138], [71.353, 38.15], [71.355, 38.15], [71.356, 38.15], [71.358, 38.149], [71.36, 38.149], [71.362, 38.149], [71.364, 38.149], [71.367, 38.151], [71.37, 38.153], [71.37, 38.156], [71.372, 38.157], [71.374, 38.159], [71.375, 38.159], [71.376, 38.159], [71.382, 38.155], [71.386, 38.153], [71.391, 38.153], [71.394, 38.153], [71.398, 38.154], [71.401, 38.154], [71.407, 38.155], [71.413, 38.154], [71.413, 38.151], [71.414, 38.149], [71.413, 38.147], [71.413, 38.146], [71.412, 38.144], [71.412, 38.142], [71.412, 38.139], [71.41, 38.139], [71.41, 38.138], [71.409, 38.137], [71.407, 38.136], [71.406, 38.134], [71.405, 38.132], [71.406, 38.13], [71.409, 38.128], [71.408, 38.126], [71.408, 38.124], [71.407, 38.122], [71.408, 38.12], [71.409, 38.115], [71.413, 38.113], [71.413, 38.11], [71.413, 38.109], [71.415, 38.108], [71.415, 38.106], [71.415, 38.104], [71.416, 38.103], [71.419, 38.101], [71.421, 38.099], [71.423, 38.097], [71.425, 38.095], [71.428, 38.093], [71.433, 38.092], [71.439, 38.092], [71.443, 38.092], [71.446, 38.088], [71.446, 38.087], [71.446, 38.085], [71.447, 38.084], [71.448, 38.081], [71.448, 38.08], [71.449, 38.079], [71.451, 38.076], [71.456, 38.07], [71.457, 38.07], [71.459, 38.067], [71.461, 38.066], [71.465, 38.064], [71.47, 38.062], [71.47, 38.061], [71.472, 38.059], [71.473, 38.059], [71.473, 38.055], [71.474, 38.052], [71.475, 38.052], [71.476, 38.051], [71.477, 38.051], [71.478, 38.051], [71.484, 38.051], [71.487, 38.053], [71.489, 38.057], [71.49, 38.058], [71.491, 38.059], [71.492, 38.061], [71.497, 38.061], [71.499, 38.061], [71.5, 38.061], [71.502, 38.06], [71.509, 38.057], [71.511, 38.055], [71.513, 38.053], [71.516, 38.053], [71.518, 38.053], [71.523, 38.053], [71.524, 38.053], [71.529, 38.052], [71.532, 38.052], [71.534, 38.054], [71.537, 38.054], [71.538, 38.055], [71.538, 38.056], [71.541, 38.056], [71.541, 38.057], [71.546, 38.06], [71.547, 38.062], [71.55, 38.065], [71.554, 38.064], [71.557, 38.064], [71.557, 38.058], [71.558, 38.058], [71.559, 38.056], [71.561, 38.056], [71.564, 38.056], [71.564, 38.055], [71.564, 38.054], [71.566, 38.052], [71.572, 38.05], [71.577, 38.052], [71.578, 38.054], [71.58, 38.056], [71.583, 38.057], [71.585, 38.058], [71.587, 38.059], [71.592, 38.064], [71.596, 38.065], [71.599, 38.067], [71.6, 38.067], [71.602, 38.068], [71.606, 38.071], [71.608, 38.073], [71.61, 38.075], [71.612, 38.077], [71.615, 38.081], [71.616, 38.081], [71.617, 38.081], [71.618, 38.081], [71.62, 38.08], [71.627, 38.081], [71.629, 38.081], [71.631, 38.08], [71.632, 38.08], [71.635, 38.078], [71.636, 38.078], [71.638, 38.077], [71.643, 38.077], [71.645, 38.076], [71.647, 38.075], [71.651, 38.076], [71.653, 38.076], [71.655, 38.076], [71.657, 38.076], [71.662, 38.076], [71.664, 38.077], [71.666, 38.078], [71.669, 38.077], [71.672, 38.08], [71.674, 38.08], [71.677, 38.08], [71.68, 38.08], [71.681, 38.08], [71.682, 38.08], [71.683, 38.08], [71.685, 38.08], [71.686, 38.081], [71.687, 38.081], [71.69, 38.081], [71.695, 38.08], [71.699, 38.081], [71.703, 38.081], [71.704, 38.081], [71.706, 38.08], [71.71, 38.076], [71.711, 38.074], [71.715, 38.071], [71.718, 38.07], [71.722, 38.069], [71.724, 38.071], [71.726, 38.072], [71.727, 38.074], [71.728, 38.075], [71.732, 38.077], [71.733, 38.078], [71.734, 38.081], [71.735, 38.082], [71.736, 38.083], [71.738, 38.085], [71.74, 38.087], [71.741, 38.087], [71.743, 38.089], [71.744, 38.09], [71.744, 38.091], [71.746, 38.094], [71.745, 38.097], [71.746, 38.099], [71.746, 38.101], [71.748, 38.101], [71.751, 38.101], [71.752, 38.101], [71.754, 38.102], [71.756, 38.102], [71.757, 38.103], [71.758, 38.104], [71.758, 38.105], [71.757, 38.107], [71.759, 38.11], [71.761, 38.111], [71.763, 38.112], [71.765, 38.114], [71.767, 38.115], [71.766, 38.117], [71.766, 38.119], [71.762, 38.122], [71.758, 38.123], [71.756, 38.125], [71.751, 38.127], [71.749, 38.128], [71.745, 38.13], [71.747, 38.133], [71.748, 38.133], [71.747, 38.135], [71.746, 38.138], [71.743, 38.14], [71.744, 38.142], [71.744, 38.143], [71.745, 38.145], [71.745, 38.148], [71.741, 38.149], [71.734, 38.151], [71.729, 38.155], [71.732, 38.162], [71.733, 38.164], [71.74, 38.167], [71.741, 38.167], [71.743, 38.169], [71.751, 38.171], [71.751, 38.173], [71.75, 38.177], [71.748, 38.18], [71.749, 38.18], [71.752, 38.182], [71.755, 38.182], [71.757, 38.182], [71.758, 38.182], [71.759, 38.182], [71.759, 38.183], [71.759, 38.185], [71.756, 38.188], [71.754, 38.194], [71.756, 38.196], [71.756, 38.199], [71.757, 38.203], [71.759, 38.206], [71.762, 38.208], [71.766, 38.212], [71.765, 38.214], [71.768, 38.217], [71.771, 38.217], [71.776, 38.217], [71.782, 38.22], [71.785, 38.22], [71.789, 38.221], [71.79, 38.223], [71.792, 38.225], [71.795, 38.23], [71.801, 38.233], [71.802, 38.235], [71.807, 38.237], [71.809, 38.24], [71.811, 38.245], [71.81, 38.246], [71.81, 38.248], [71.813, 38.251], [71.814, 38.252], [71.814, 38.253], [71.815, 38.253], [71.815, 38.254], [71.814, 38.257], [71.816, 38.259], [71.818, 38.261], [71.819, 38.263], [71.821, 38.264], [71.823, 38.264], [71.825, 38.265], [71.826, 38.265], [71.826, 38.266], [71.827, 38.267], [71.829, 38.267], [71.831, 38.269], [71.832, 38.27], [71.832, 38.271], [71.833, 38.272], [71.833, 38.274], [71.834, 38.275], [71.835, 38.276], [71.837, 38.276], [71.838, 38.275], [71.839, 38.275], [71.84, 38.276], [71.841, 38.276], [71.842, 38.277], [71.846, 38.276], [71.853, 38.276], [71.858, 38.279], [71.861, 38.279], [71.863, 38.28], [71.868, 38.28], [71.87, 38.281], [71.871, 38.282], [71.869, 38.285], [71.868, 38.286], [71.87, 38.288], [71.873, 38.289], [71.876, 38.289], [71.878, 38.29], [71.883, 38.289], [71.886, 38.29], [71.889, 38.289], [71.892, 38.291], [71.893, 38.292], [71.894, 38.294], [71.898, 38.295], [71.903, 38.296], [71.905, 38.296], [71.907, 38.296], [71.913, 38.299], [71.918, 38.303], [71.928, 38.295], [71.932, 38.293], [71.934, 38.291], [71.936, 38.289], [71.939, 38.29], [71.941, 38.291], [71.943, 38.29], [71.945, 38.29], [71.948, 38.29], [71.951, 38.29], [71.957, 38.292], [71.958, 38.291], [71.96, 38.29], [71.961, 38.29], [71.963, 38.291], [71.965, 38.291], [71.971, 38.287], [71.979, 38.286], [71.983, 38.283], [71.984, 38.282], [71.988, 38.28], [71.988, 38.278], [71.988, 38.276], [71.988, 38.275], [71.988, 38.273], [71.988, 38.272], [71.987, 38.271], [71.988, 38.27], [71.992, 38.27], [71.996, 38.27], [71.998, 38.27], [71.999, 38.271], [72.001, 38.272], [72.004, 38.274], [72.007, 38.274], [72.013, 38.276], [72.015, 38.276], [72.013, 38.27], [72.013, 38.263], [72.013, 38.262], [72.011, 38.26], [72.011, 38.254], [72.013, 38.253], [72.014, 38.252], [72.021, 38.25], [72.024, 38.25], [72.027, 38.249], [72.028, 38.249], [72.033, 38.249], [72.036, 38.249], [72.04, 38.25], [72.041, 38.25], [72.043, 38.251], [72.046, 38.252], [72.05, 38.252], [72.053, 38.253], [72.056, 38.255], [72.059, 38.257], [72.064, 38.251], [72.066, 38.25], [72.07, 38.248], [72.076, 38.247], [72.077, 38.245], [72.078, 38.241], [72.078, 38.239], [72.079, 38.238], [72.081, 38.236], [72.084, 38.236], [72.085, 38.236], [72.088, 38.234], [72.089, 38.234], [72.091, 38.237], [72.093, 38.238], [72.095, 38.24], [72.096, 38.241], [72.097, 38.242], [72.1, 38.245], [72.102, 38.247], [72.105, 38.248], [72.106, 38.248], [72.106, 38.25], [72.108, 38.251], [72.109, 38.251], [72.111, 38.253], [72.114, 38.254], [72.115, 38.256], [72.116, 38.259], [72.118, 38.261], [72.12, 38.263], [72.121, 38.263], [72.124, 38.265], [72.125, 38.267], [72.126, 38.268], [72.132, 38.271], [72.132, 38.275], [72.133, 38.278], [72.135, 38.279], [72.138, 38.28], [72.14, 38.281], [72.144, 38.28], [72.146, 38.28], [72.146, 38.281], [72.147, 38.283], [72.148, 38.285], [72.15, 38.286], [72.153, 38.288], [72.152, 38.29], [72.155, 38.292], [72.156, 38.294], [72.155, 38.296], [72.154, 38.298], [72.153, 38.299], [72.153, 38.301], [72.16, 38.302], [72.161, 38.303], [72.163, 38.307], [72.165, 38.309], [72.166, 38.31], [72.167, 38.312], [72.17, 38.314], [72.17, 38.316], [72.167, 38.318], [72.169, 38.319], [72.171, 38.32], [72.173, 38.32], [72.175, 38.32], [72.176, 38.321], [72.179, 38.321], [72.182, 38.321], [72.183, 38.322], [72.185, 38.31]]]}, "properties": {"ep": "BKH-WP-1896-07-08", "name": "Bukhara: Western Pamir", "name_ru": "Бухарский эмират: Западный Памир", "iso3": "BKH-WP", "from": "1896-07-08", "to": "1905-01-24", "kind": "protectorate", "kind_ru": "протекторат: внутреннее управление у местного правителя, внешние сношения у империи", "event_from": "высочайшее повеление 26.06(08.07).1896 передать эмиру «восточные части Рошана, Шугнана и северную часть Вахана»; фактическая передача «в конце 1896» (ЭСБЕ)", "event_to": "с 12(25).01.1905 управление у начальника Памирского отряда - красное (adds WEST_PAMIR)", "source": "Халфин 1975, док. № 8; ЭСБЕ «Памир», «Шугнан»; розыск ~/tmp/WORKFILES/kb-steps/reserve_B_1914/agents/A_turkmenia_pamir.md", "confidence": "medium", "note": "до 1895 правобережный Шугнан и Рошан заняты афганцами (с 1883/1884); окно 11.03.1895-08.07.1896 (уход афганцев) не закрыто - дня нет", "gfrom": "1896-07-08", "gto": "1905-01-24", "geometry_source": "курируемый файл data/central_asia/bukhara_emirate.geojson, часть wpamir"}}, {"type": "Feature", "geometry": {"type": "MultiPolygon", "coordinates": [[[[60.582, 41.861], [60.65, 41.69], [61.473, 41.297], [61.281, 41.157], [61.01, 41.237], [60.981, 41.003], [60.248, 41.001], [60.25, 40.755], [58.921, 40.837], [57.875, 41.087], [57.209, 41.156], [57.089, 41.252], [57.106, 42.116], [57.166, 42.219], [57.503, 42.401], [57.866, 42.41], [57.91, 42.496], [57.616, 42.928], [57.616, 43.136], [57.91, 43.136], [58.221, 43.014], [58.532, 43.109], [58.532, 43.222], [58.203, 43.516], [58.186, 43.671], [58.347, 43.733], [58.426, 44.016], [58.562, 44.141], [58.937, 44.141], [59.152, 43.994], [59.538, 43.925], [59.379, 43.608], [59.13, 43.528], [59.096, 43.449], [59.198, 42.916], [59.549, 42.405], [60.287, 42.156], [60.582, 41.861]]], [[[62.516, 40.18], [62.841, 39.754], [62.453, 40.009], [62.353, 40.43], [62.134, 40.578], [61.971, 41.015], [61.819, 41.157], [62.084, 40.984], [62.516, 40.18]]], [[[64.625, 38.764], [64.634, 38.745], [64.487, 38.842], [64.625, 38.764]]], [[[65.772, 37.538], [65.753, 37.538], [65.758, 37.561], [65.772, 37.538]]]]}, "properties": {"ep": "KHV-1873-08-24", "name": "Khiva", "name_ru": "Хивинское ханство", "iso3": "KHV", "from": "1873-08-24", "to": "1916-02-27", "kind": "protectorate", "kind_ru": "протекторат: внутреннее управление у местного правителя, внешние сношения у империи", "event_from": "Гендемианский мир 12(24).08.1873: хан - «покорный слуга» императора, правобережье - империи", "event_to": "с 15(28).02.1916 ханство под войсками Галкина и военным положением - красное (adds KHIVA_KHANATE)", "source": "S. Becker, Russia's Protectorates in Central Asia (1968), даты ст. ст.; https://archive.org/details/dli.pahar.3354, с. 75, 227; R. Pierce, Russian Central Asia (1960), с. 58", "confidence": "high", "note": "Becker, с. 227: «there were no Russian enclaves, civil or military, no Russian extraterritorial courts, and no Russian customs and frontier posts». Контур - CShapes 2.0 «Khiva» без Лебапа", "gfrom": "1873-08-24", "gto": "1916-02-27", "geometry_source": "курируемый файл data/central_asia/khiva_khanate.geojson"}}, {"type": "Feature", "geometry": {"type": "Polygon", "coordinates": [[[98.938, 52.125], [98.856, 52.107], [98.683, 51.819], [98.332, 51.718], [98.22, 51.475], [98.051, 51.466], [97.916, 51.301], [97.809, 50.97], [97.985, 50.847], [97.944, 50.774], [98.038, 50.623], [98.293, 50.519], [98.262, 50.284], [98.048, 50.023], [97.83, 49.923], [97.567, 49.917], [97.543, 49.823], [97.302, 49.726], [96.969, 49.887], [96.585, 49.858], [96.056, 49.999], [95.946, 49.939], [95.828, 50.02], [95.501, 49.887], [95.076, 49.946], [94.922, 50.046], [94.603, 50.02], [94.354, 50.224], [94.259, 50.558], [93.105, 50.599], [93.011, 50.623], [92.962, 50.778], [92.796, 50.788], [92.65, 50.674], [92.361, 50.868], [92.159, 50.689], [91.75, 50.684], [91.416, 50.461], [90.975, 50.414], [90.684, 50.216], [90.475, 50.215], [90.021, 50.071], [89.969, 49.967], [89.633, 49.908], [89.513, 50.199], [89.345, 50.204], [89.349, 50.264], [89.517, 50.37], [89.514, 50.469], [89.633, 50.385], [89.844, 50.43], [89.866, 50.502], [89.06, 51.056], [88.944, 51.233], [88.967, 51.428], [88.736, 51.559], [89.206, 51.659], [89.259, 51.549], [89.73, 51.582], [89.965, 51.761], [90.101, 51.751], [90.028, 51.984], [90.129, 52.135], [90.35, 52.192], [90.736, 52.069], [90.849, 51.908], [91.558, 51.9], [92.105, 51.783], [92.853, 51.833], [93.36, 52.129], [93.678, 52.224], [93.765, 52.439], [94.071, 52.667], [94.149, 52.842], [94.512, 52.911], [94.604, 53.176], [94.701, 53.238], [94.594, 53.316], [95.247, 53.457], [95.396, 53.372], [95.757, 53.52], [96.092, 53.451], [96.252, 53.616], [96.444, 53.511], [96.653, 53.552], [96.718, 53.699], [96.875, 53.729], [97.334, 53.594], [97.606, 53.373], [97.958, 53.358], [98.031, 53.253], [98.289, 53.223], [98.303, 53.104], [98.938, 53.149], [99.064, 53.097], [98.989, 53.034], [99.25, 52.954], [99.207, 52.853], [98.929, 52.918], [98.851, 52.836], [98.938, 52.798], [98.934, 52.666], [98.629, 52.424], [98.646, 52.263], [98.799, 52.274], [98.938, 52.125]]]}, "properties": {"ep": "URY-1914-07-17", "name": "Uriankhai (Tuva)", "name_ru": "Урянхайский край (Тува)", "iso3": "URY", "from": "1914-07-17", "to": "1918-06-04", "kind": "protectorate", "kind_ru": "протекторат: внутреннее управление у местного правителя, внешние сношения у империи", "event_from": "объявление протектората амбын-нойону в Булуке, заверенная копия 04(17).07.1914; закон о комиссаре в силе с 01(14).07.1914", "event_to": "слой зон 1917-1921 выводит Урянхай из империи с 05.06.1918", "source": "К. А. Бичелдей, НИТ, 2014, № 3, с. 22-23; Н. М. Моллеров, НИТ, 2014, № 3, с. 49-54; А. А. Самдан, «Деятельность комиссара по делам Урянхайского края В. Ю. Григорьева (1914-1917)», Гуманитарные науки в Сибири, 2021, № 2, с. 63-71; https://www.sibran.ru/upload/iblock/061/061fea2f24ced9d83223b7b3223b5dc8.pdf", "confidence": "high", "note": "Резолюция «Согласен» 04(17).04.1914 - без указа и объявления. Нойоны правят, налогов нет, тувинцы не подданные. Север краснеет с 14.03.1915 (Хемчик) и 14.04.1915 (остальное), юг остаётся сферой; нойоны Салчакского и Тоджинского хошунов и Соянского сумона объявление протектората проигнорировали (Самдан 2021, с. 68)", "gfrom": "1914-07-17", "gto": "1918-06-04", "geometry_source": "Natural Earth admin-1, Russia: Tuva"}}]}