{"type": "FeatureCollection", "features": [{"type": "Feature", "geometry": {"type": "MultiLineString", "coordinates": [[[18.187, 51.464], [18.264, 51.486], [18.281, 51.559], [18.422, 51.692], [18.424, 51.85], [18.364, 51.918], [18.297, 51.928], [18.25, 51.974], [18.004, 51.976], [17.943, 52.025], [17.793, 52.024]], [[20.136, 53.173], [20.14, 53.17]], [[20.181, 53.154], [20.189, 53.153]], [[20.257, 53.145], [20.297, 53.15]], [[20.406, 53.206], [20.407, 53.206]], [[20.435, 53.24], [20.497, 53.327]], [[20.563, 53.345], [20.676, 53.328]], [[20.786, 53.311], [20.925, 53.298], [21.3, 53.456], [21.645, 53.487]], [[21.817, 53.478], [22.016, 53.531], [22.543, 53.774], [22.622, 53.925], [22.468, 54.04], [22.449, 54.099], [22.352, 54.178], [22.441, 54.256], [22.519, 54.263]], [[22.589, 54.273], [22.616, 54.278]], [[22.668, 54.283], [22.775, 54.328], [22.78, 54.362], [22.681, 54.454], [22.681, 54.561]], [[22.698, 54.611], [22.726, 54.721]], [[22.796, 54.761], [22.846, 54.796], [22.829, 54.873], [22.716, 54.951], [22.633, 54.96], [22.587, 55.046], [22.249, 55.064], [22.059, 55.029], [21.646, 55.178], [21.502, 55.195], [21.378, 55.278], [21.27, 55.252], [21.288, 55.292], [21.257, 55.369], [21.183, 55.346], [21.248, 55.442], [21.144, 55.678], [21.076, 55.736], [21.045, 55.874]], [[26.356, 48.529], [26.347, 48.548]], [[26.329, 48.586], [26.32, 48.599]], [[26.215, 48.712], [26.208, 48.762]], [[26.22, 48.833], [26.219, 48.834]], [[26.18, 48.938], [26.171, 48.974]], [[26.203, 49.264], [26.203, 49.406]], [[26.184, 49.449], [26.166, 49.483]], [[26.159, 49.534], [26.194, 49.562]], [[26.226, 49.642], [26.211, 49.689]], [[25.982, 49.709], [25.744, 49.706]], [[25.63, 49.758], [25.594, 49.777]], [[25.327, 50.012], [25.194, 50.103], [25.189, 50.189]], [[25.18, 50.26], [25.172, 50.279]], [[25.103, 50.28], [25.082, 50.283]], [[24.987, 50.352], [24.957, 50.351]], [[24.903, 50.344], [24.769, 50.338]], [[24.697, 50.359], [24.64, 50.396]], [[24.475, 50.454], [24.466, 50.46]], [[24.52, 50.516], [24.488, 50.535]], [[24.388, 50.569], [24.34, 50.58]], [[24.192, 50.6], [24.168, 50.609]], [[24.115, 50.603], [24.09, 50.589]], [[24.033, 50.522], [23.919, 50.483]], [[23.745, 50.466], [23.698, 50.455]], [[23.629, 50.379], [23.109, 50.337]], [[22.988, 50.292], [22.729, 50.297]], [[22.687, 50.294], [22.63, 50.305]], [[22.587, 50.32], [22.46, 50.313]], [[22.368, 50.472], [22.388, 50.518], [22.362, 50.563], [22.025, 50.669]], [[21.846, 50.754], [21.846, 50.751]], [[21.763, 50.671], [21.662, 50.544], [21.467, 50.478]], [[21.381, 50.433], [21.203, 50.34]], [[21.148, 50.332], [21.098, 50.331]], [[20.817, 50.282], [20.748, 50.245]], [[20.427, 50.134], [20.424, 50.133]], [[20.177, 50.115], [19.977, 50.125], [19.918, 50.314], [19.764, 50.468], [19.697, 50.478], [19.65, 50.524], [19.504, 50.526], [19.443, 50.575], [19.081, 50.575]], [[21.0, 55.357], [21.082, 55.497], [21.085, 55.723], [21.132, 55.641], [21.087, 55.441], [21.106, 55.422], [20.986, 55.275], [20.934, 55.282], [21.0, 55.357]]]}, "properties": {"date": "1914-07-19", "theatre": "Восточный фронт", "phase": "манёвренная война 1914 - весна 1915", "method": "голосование 8+8 ближайших якорей двух сторон, вес 1/d^3, сетка 0.05°; невзятый якорь голосует только за свою землю"}}, {"type": "Feature", "geometry": {"type": "LineString", "coordinates": [[44.44, 39.653], [44.224, 39.628], [43.886, 39.654], [43.868, 39.684], [43.715, 39.729], [43.631, 39.813], [43.532, 39.838], [43.397, 39.784], [43.349, 39.807], [43.318, 39.969], [43.265, 39.987], [43.064, 39.989], [42.758, 39.922], [42.567, 39.952], [42.485, 40.059], [42.349, 40.141], [42.231, 40.162], [42.152, 40.24], [42.183, 40.295], [42.538, 40.431], [42.514, 40.53], [42.537, 40.599], [42.3, 40.847], [42.279, 40.925], [42.024, 40.912], [41.959, 40.878], [41.952, 40.795], [41.821, 40.589], [41.657, 40.641], [41.401, 40.556], [41.334, 40.603], [41.365, 40.755], [41.13, 40.815], [41.386, 41.075], [41.255, 41.174], [41.209, 41.284]]}, "properties": {"date": "1914-07-19", "theatre": "Кавказский фронт", "phase": "манёвренная война 1914 - весна 1915", "method": "голосование 8+8 ближайших якорей двух сторон, вес 1/d^3, сетка 0.05°; невзятый якорь голосует только за свою землю"}}, {"type": "Feature", "geometry": {"type": "MultiLineString", "coordinates": [[[20.136, 53.173], [20.14, 53.17]], [[20.181, 53.154], [20.189, 53.153]], [[20.257, 53.145], [20.297, 53.15]], [[20.406, 53.206], [20.407, 53.206]], [[20.435, 53.24], [20.497, 53.327]], [[20.563, 53.345], [20.676, 53.328]], [[20.786, 53.311], [20.925, 53.298], [21.3, 53.456], [21.645, 53.487]], [[21.817, 53.478], [22.016, 53.531], [22.543, 53.774], [22.622, 53.925], [22.468, 54.04], [22.449, 54.099], [22.352, 54.178], [22.441, 54.256], [22.519, 54.263]], [[22.589, 54.273], [22.616, 54.278]], [[22.668, 54.283], [22.775, 54.328], [22.78, 54.362], [22.681, 54.454], [22.681, 54.561]], [[22.698, 54.611], [22.726, 54.721]], [[22.796, 54.761], [22.846, 54.796], [22.829, 54.873], [22.716, 54.951], [22.633, 54.96], [22.587, 55.046], [22.249, 55.064], [22.059, 55.029], [21.646, 55.178], [21.502, 55.195], [21.378, 55.278], [21.27, 55.252], [21.288, 55.292], [21.257, 55.369], [21.183, 55.346], [21.248, 55.442], [21.144, 55.678], [21.076, 55.736], [21.045, 55.874]], [[26.356, 48.529], [26.347, 48.548]], [[26.329, 48.586], [26.32, 48.599]], [[26.215, 48.712], [26.208, 48.762]], [[26.22, 48.833], [26.219, 48.834]], [[26.18, 48.938], [26.171, 48.974]], [[26.203, 49.264], [26.203, 49.406]], [[26.184, 49.449], [26.166, 49.483]], [[26.159, 49.534], [26.194, 49.562]], [[26.226, 49.642], [26.211, 49.689]], [[25.982, 49.709], [25.744, 49.706]], [[25.63, 49.758], [25.594, 49.777]], [[25.327, 50.012], [25.194, 50.103], [25.189, 50.189]], [[25.18, 50.26], [25.172, 50.279]], [[25.103, 50.28], [25.082, 50.283]], [[24.987, 50.352], [24.957, 50.351]], [[24.903, 50.344], [24.769, 50.338]], [[24.697, 50.359], [24.64, 50.396]], [[24.475, 50.454], [24.466, 50.46]], [[24.52, 50.516], [24.488, 50.535]], [[24.388, 50.569], [24.34, 50.58]], [[24.192, 50.6], [24.168, 50.609]], [[24.115, 50.603], [24.09, 50.589]], [[24.033, 50.522], [23.919, 50.483]], [[23.745, 50.466], [23.698, 50.455]], [[23.629, 50.379], [23.109, 50.337]], [[22.988, 50.292], [22.729, 50.297]], [[22.687, 50.294], [22.63, 50.305]], [[22.587, 50.32], [22.46, 50.313]], [[22.368, 50.472], [22.388, 50.518], [22.362, 50.563], [22.025, 50.669]], [[21.846, 50.754], [21.846, 50.751]], [[21.763, 50.671], [21.662, 50.544], [21.467, 50.478]], [[21.381, 50.433], [21.203, 50.34]], [[21.148, 50.332], [21.098, 50.331]], [[20.817, 50.282], [20.748, 50.245]], [[20.427, 50.134], [20.424, 50.133]], [[20.179, 50.119], [20.072, 50.358], [19.881, 50.591], [19.822, 50.758], [19.731, 50.841], [19.713, 50.92], [19.358, 51.122], [19.254, 51.126], [19.208, 51.172], [19.147, 51.178], [19.081, 51.241], [19.076, 51.396], [19.124, 51.45], [19.124, 51.6], [19.078, 51.647], [19.068, 51.714], [18.878, 51.897], [18.878, 52.053], [18.922, 52.092], [18.931, 52.159], [19.086, 52.314], [19.408, 52.428], [19.518, 52.536], [19.522, 52.608], [19.414, 52.718], [19.154, 52.726], [19.093, 52.775], [18.854, 52.776], [18.808, 52.822], [18.704, 52.826], [18.646, 52.873]], [[21.0, 55.357], [21.082, 55.497], [21.085, 55.723], [21.132, 55.641], [21.087, 55.441], [21.106, 55.422], [20.986, 55.275], [20.934, 55.282], [21.0, 55.357]]]}, "properties": {"date": "1914-08-01", "theatre": "Восточный фронт", "phase": "манёвренная война 1914 - весна 1915", "method": "голосование 8+8 ближайших якорей двух сторон, вес 1/d^3, сетка 0.05°; невзятый якорь голосует только за свою землю"}}, {"type": "Feature", "geometry": {"type": "LineString", "coordinates": [[44.44, 39.653], [44.224, 39.628], [43.886, 39.654], [43.868, 39.684], [43.715, 39.729], [43.631, 39.813], [43.532, 39.838], [43.397, 39.784], [43.349, 39.807], [43.318, 39.969], [43.265, 39.987], [43.064, 39.989], [42.758, 39.922], [42.567, 39.952], [42.485, 40.059], [42.349, 40.141], [42.231, 40.162], [42.152, 40.24], [42.183, 40.295], [42.538, 40.431], [42.514, 40.53], [42.537, 40.599], [42.3, 40.847], [42.279, 40.925], [42.024, 40.912], [41.959, 40.878], [41.952, 40.795], [41.821, 40.589], [41.657, 40.641], [41.401, 40.556], [41.334, 40.603], [41.365, 40.755], [41.13, 40.815], [41.386, 41.075], [41.255, 41.174], [41.209, 41.284]]}, "properties": {"date": "1914-08-01", "theatre": "Кавказский фронт", "phase": "манёвренная война 1914 - весна 1915", "method": "голосование 8+8 ближайших якорей двух сторон, вес 1/d^3, сетка 0.05°; невзятый якорь голосует только за свою землю"}}, {"type": "Feature", "geometry": {"type": "MultiLineString", "coordinates": [[[21.04, 55.414], [21.099, 55.599], [21.085, 55.723], [21.132, 55.641], [21.087, 55.441], [21.106, 55.422], [20.986, 55.275], [20.934, 55.282], [21.04, 55.414]], [[26.356, 48.529], [26.347, 48.548]], [[26.329, 48.586], [26.32, 48.599]], [[26.204, 48.675], [26.113, 48.675], [26.05, 48.626], [25.854, 48.624], [25.793, 48.575], [25.504, 48.574], [25.458, 48.528], [25.286, 48.582], [25.182, 48.686], [25.169, 48.759], [25.078, 48.842], [25.069, 48.909], [24.959, 49.019], [24.592, 49.028], [24.409, 49.219], [24.236, 49.286], [24.209, 49.369], [23.942, 49.478], [23.903, 49.522], [23.75, 49.526], [23.696, 49.574], [23.542, 49.578], [23.503, 49.622], [23.436, 49.632], [23.276, 49.8], [23.274, 50.046], [23.176, 50.2], [23.182, 50.35], [23.109, 50.337]], [[22.988, 50.292], [22.729, 50.297]], [[22.687, 50.294], [22.63, 50.305]], [[22.587, 50.32], [22.46, 50.313]], [[22.368, 50.472], [22.377, 50.494], [22.436, 50.432], [22.596, 50.391], [22.696, 50.424], [22.757, 50.375], [22.9, 50.376], [22.954, 50.424], [23.25, 50.426], [23.297, 50.472], [23.45, 50.476], [23.497, 50.522], [23.608, 50.528], [23.654, 50.574], [23.901, 50.577], [23.947, 50.622], [24.014, 50.632], [24.125, 50.757], [24.122, 50.808], [24.076, 50.854], [24.072, 50.958], [23.993, 51.025], [23.8, 51.024], [23.753, 50.978], [23.65, 50.974], [23.587, 50.925], [23.304, 50.926], [23.243, 50.975], [22.857, 50.975], [22.763, 50.925], [22.7, 50.974], [22.597, 50.978], [22.458, 51.072], [22.197, 51.128], [22.158, 51.172], [22.007, 51.175], [21.953, 51.128], [21.836, 51.114], [21.791, 51.004], [21.982, 50.787]], [[21.994, 50.781], [22.053, 50.772], [22.136, 50.682], [22.214, 50.664], [22.297, 50.577], [22.025, 50.669]], [[21.846, 50.754], [21.846, 50.751]], [[21.763, 50.671], [21.662, 50.544], [21.467, 50.478]], [[21.381, 50.433], [21.203, 50.34]], [[21.148, 50.332], [21.098, 50.331]], [[21.026, 50.333], [21.026, 50.446], [21.072, 50.492], [21.078, 50.603], [21.175, 50.757], [21.174, 50.95], [21.114, 51.018], [21.047, 51.028], [21.0, 51.074], [20.897, 51.078], [20.85, 51.124], [20.507, 51.125], [20.446, 51.076], [20.292, 51.072], [20.046, 50.926], [19.763, 50.925], [19.508, 51.072], [19.404, 51.076], [19.358, 51.122], [19.254, 51.126], [19.208, 51.172], [19.141, 51.181], [19.075, 51.263], [19.076, 51.396], [19.124, 51.45], [19.124, 51.6], [19.078, 51.647], [19.068, 51.714], [18.881, 51.891], [18.876, 52.046], [18.922, 52.092], [18.931, 52.159], [19.091, 52.319], [19.414, 52.432], [19.522, 52.542], [19.518, 52.614], [19.4, 52.724], [19.154, 52.726], [19.093, 52.775], [18.854, 52.776], [18.808, 52.822], [18.704, 52.826], [18.646, 52.873]], [[20.136, 53.173], [20.14, 53.17]], [[20.181, 53.154], [20.189, 53.153]], [[20.257, 53.145], [20.297, 53.15]], [[20.406, 53.206], [20.407, 53.206]], [[20.435, 53.24], [20.497, 53.327]], [[20.563, 53.345], [20.676, 53.328]], [[20.786, 53.311], [20.925, 53.298], [21.3, 53.456], [21.645, 53.487]], [[21.817, 53.478], [22.016, 53.531], [22.543, 53.774], [22.622, 53.925], [22.468, 54.04], [22.449, 54.099], [22.352, 54.178], [22.441, 54.256], [22.519, 54.263]], [[22.589, 54.273], [22.616, 54.278]], [[22.668, 54.283], [22.775, 54.328], [22.78, 54.362], [22.681, 54.454], [22.681, 54.561]], [[22.698, 54.611], [22.726, 54.721]], [[22.796, 54.761], [22.846, 54.796], [22.829, 54.873], [22.716, 54.951], [22.633, 54.96], [22.587, 55.046], [22.249, 55.064], [22.059, 55.029], [21.646, 55.178], [21.502, 55.195], [21.378, 55.278], [21.27, 55.252], [21.288, 55.292], [21.257, 55.369], [21.183, 55.346], [21.248, 55.442], [21.144, 55.678], [21.076, 55.736], [21.045, 55.874]]]}, "properties": {"date": "1914-09-01", "theatre": "Восточный фронт", "phase": "манёвренная война 1914 - весна 1915", "method": "голосование 8+8 ближайших якорей двух сторон, вес 1/d^3, сетка 0.05°; невзятый якорь голосует только за свою землю"}}, {"type": "Feature", "geometry": {"type": "LineString", "coordinates": [[44.44, 39.653], [44.224, 39.628], [43.886, 39.654], [43.868, 39.684], [43.715, 39.729], [43.631, 39.813], [43.532, 39.838], [43.397, 39.784], [43.349, 39.807], [43.318, 39.969], [43.265, 39.987], [43.064, 39.989], [42.758, 39.922], [42.567, 39.952], [42.485, 40.059], [42.349, 40.141], [42.231, 40.162], [42.152, 40.24], [42.183, 40.295], [42.538, 40.431], [42.514, 40.53], [42.537, 40.599], [42.3, 40.847], [42.279, 40.925], [42.024, 40.912], [41.959, 40.878], [41.952, 40.795], [41.821, 40.589], [41.657, 40.641], [41.401, 40.556], [41.334, 40.603], [41.365, 40.755], [41.13, 40.815], [41.386, 41.075], [41.255, 41.174], [41.209, 41.284]]}, "properties": {"date": "1914-09-01", "theatre": "Кавказский фронт", "phase": "манёвренная война 1914 - весна 1915", "method": "голосование 8+8 ближайших якорей двух сторон, вес 1/d^3, сетка 0.05°; невзятый якорь голосует только за свою землю"}}, {"type": "Feature", "geometry": {"type": "MultiLineString", "coordinates": [[[21.04, 55.414], [21.099, 55.599], [21.085, 55.723], [21.132, 55.641], [21.087, 55.441], [21.106, 55.422], [20.986, 55.275], [20.934, 55.282], [21.04, 55.414]], [[26.356, 48.529], [26.347, 48.548]], [[26.329, 48.586], [26.32, 48.599]], [[26.204, 48.675], [26.113, 48.675], [26.05, 48.626], [25.854, 48.624], [25.793, 48.575], [25.504, 48.574], [25.458, 48.528], [25.4, 48.526], [25.353, 48.572], [25.286, 48.582], [25.182, 48.686], [25.169, 48.759], [25.078, 48.842], [25.069, 48.909], [24.959, 49.019], [24.592, 49.028], [24.409, 49.219], [24.241, 49.281], [24.209, 49.369], [24.042, 49.428], [24.003, 49.472], [23.9, 49.476], [23.837, 49.525], [23.463, 49.525], [23.25, 49.376], [22.992, 49.378], [22.886, 49.436], [22.878, 49.508], [22.936, 49.614], [23.109, 49.681], [23.214, 49.786], [23.228, 49.908], [23.274, 49.954], [23.272, 50.003], [23.226, 50.05], [23.222, 50.153], [23.176, 50.2], [23.182, 50.35], [23.109, 50.337]], [[22.988, 50.292], [22.729, 50.297]], [[22.687, 50.294], [22.63, 50.305]], [[22.587, 50.32], [22.46, 50.313]], [[22.368, 50.472], [22.377, 50.494], [22.436, 50.432], [22.596, 50.391], [22.663, 50.425], [22.746, 50.391], [22.846, 50.424], [22.904, 50.391], [22.954, 50.424], [23.25, 50.426], [23.297, 50.472], [23.45, 50.476], [23.497, 50.522], [23.608, 50.528], [23.654, 50.574], [23.901, 50.577], [23.947, 50.622], [24.014, 50.632], [24.125, 50.757], [24.122, 50.808], [24.076, 50.854], [24.072, 50.958], [23.993, 51.025], [23.8, 51.024], [23.753, 50.978], [23.65, 50.974], [23.587, 50.925], [23.304, 50.926], [23.243, 50.975], [22.857, 50.975], [22.763, 50.925], [22.7, 50.974], [22.597, 50.978], [22.458, 51.072], [22.197, 51.128], [22.158, 51.172], [22.007, 51.175], [21.953, 51.128], [21.836, 51.114], [21.791, 51.004], [21.982, 50.787]], [[21.994, 50.781], [22.053, 50.772], [22.136, 50.682], [22.214, 50.664], [22.297, 50.577], [22.025, 50.669]], [[21.846, 50.754], [21.846, 50.751]], [[21.763, 50.671], [21.662, 50.544], [21.467, 50.478]], [[21.381, 50.433], [21.203, 50.34]], [[21.148, 50.332], [21.098, 50.331]], [[21.026, 50.333], [21.026, 50.446], [21.072, 50.492], [21.078, 50.603], [21.175, 50.757], [21.174, 50.95], [21.114, 51.018], [21.047, 51.028], [21.0, 51.074], [20.897, 51.078], [20.85, 51.124], [20.507, 51.125], [20.446, 51.076], [20.292, 51.072], [20.046, 50.926], [19.763, 50.925], [19.508, 51.072], [19.404, 51.076], [19.358, 51.122], [19.254, 51.126], [19.208, 51.172], [19.141, 51.181], [19.075, 51.263], [19.076, 51.396], [19.124, 51.45], [19.124, 51.6], [19.078, 51.647], [19.068, 51.714], [18.881, 51.891], [18.876, 52.046], [18.922, 52.092], [18.931, 52.159], [19.091, 52.319], [19.414, 52.432], [19.522, 52.542], [19.518, 52.614], [19.4, 52.724], [19.154, 52.726], [19.093, 52.775], [18.854, 52.776], [18.808, 52.822], [18.704, 52.826], [18.646, 52.873]], [[20.136, 53.173], [20.14, 53.17]], [[20.181, 53.154], [20.189, 53.153]], [[20.257, 53.145], [20.297, 53.15]], [[20.406, 53.206], [20.407, 53.206]], [[20.435, 53.24], [20.497, 53.327]], [[20.563, 53.345], [20.676, 53.328]], [[20.786, 53.311], [20.925, 53.298], [21.3, 53.456], [21.645, 53.487]], [[21.817, 53.478], [22.016, 53.531], [22.543, 53.774], [22.622, 53.925], [22.468, 54.04], [22.449, 54.099], [22.352, 54.178], [22.441, 54.256], [22.519, 54.263]], [[22.589, 54.273], [22.616, 54.278]], [[22.668, 54.283], [22.775, 54.328], [22.78, 54.362], [22.681, 54.454], [22.681, 54.561]], [[22.698, 54.611], [22.726, 54.721]], [[22.796, 54.761], [22.846, 54.796], [22.829, 54.873], [22.716, 54.951], [22.633, 54.96], [22.587, 55.046], [22.249, 55.064], [22.059, 55.029], [21.646, 55.178], [21.502, 55.195], [21.378, 55.278], [21.27, 55.252], [21.288, 55.292], [21.257, 55.369], [21.183, 55.346], [21.248, 55.442], [21.144, 55.678], [21.076, 55.736], [21.045, 55.874]]]}, "properties": {"date": "1914-09-03", "theatre": "Восточный фронт", "phase": "манёвренная война 1914 - весна 1915", "method": "голосование 8+8 ближайших якорей двух сторон, вес 1/d^3, сетка 0.05°; невзятый якорь голосует только за свою землю"}}, {"type": "Feature", "geometry": {"type": "LineString", "coordinates": [[44.44, 39.653], [44.224, 39.628], [43.886, 39.654], [43.868, 39.684], [43.715, 39.729], [43.631, 39.813], [43.532, 39.838], [43.397, 39.784], [43.349, 39.807], [43.318, 39.969], [43.265, 39.987], [43.064, 39.989], [42.758, 39.922], [42.567, 39.952], [42.485, 40.059], [42.349, 40.141], [42.231, 40.162], [42.152, 40.24], [42.183, 40.295], [42.538, 40.431], [42.514, 40.53], [42.537, 40.599], [42.3, 40.847], [42.279, 40.925], [42.024, 40.912], [41.959, 40.878], [41.952, 40.795], [41.821, 40.589], [41.657, 40.641], [41.401, 40.556], [41.334, 40.603], [41.365, 40.755], [41.13, 40.815], [41.386, 41.075], [41.255, 41.174], [41.209, 41.284]]}, "properties": {"date": "1914-09-03", "theatre": "Кавказский фронт", "phase": "манёвренная война 1914 - весна 1915", "method": "голосование 8+8 ближайших якорей двух сторон, вес 1/d^3, сетка 0.05°; невзятый якорь голосует только за свою землю"}}, {"type": "Feature", "geometry": {"type": "MultiLineString", "coordinates": [[[21.04, 55.414], [21.099, 55.599], [21.085, 55.723], [21.132, 55.641], [21.087, 55.441], [21.106, 55.422], [20.986, 55.275], [20.934, 55.282], [21.04, 55.414]], [[21.986, 49.882], [21.776, 50.1], [21.778, 50.253], [21.864, 50.286], [21.878, 50.358], [21.942, 50.422], [22.246, 50.426], [22.311, 50.453]], [[22.368, 50.472], [22.388, 50.518], [22.362, 50.563], [22.025, 50.669]], [[21.846, 50.754], [21.846, 50.751]], [[21.763, 50.671], [21.662, 50.544], [21.467, 50.478]], [[21.381, 50.433], [21.203, 50.34]], [[21.148, 50.332], [21.098, 50.331]], [[20.825, 50.291], [20.891, 50.369], [20.964, 50.386], [21.031, 50.559], [21.122, 50.642], [21.231, 50.959], [21.568, 51.236], [21.574, 51.3], [21.478, 51.447], [21.468, 51.514], [21.358, 51.622], [21.007, 51.625], [20.953, 51.578], [20.842, 51.572], [20.782, 51.514], [20.772, 51.397], [20.726, 51.35], [20.709, 51.181], [20.442, 51.122], [20.396, 51.076], [20.292, 51.072], [20.153, 50.978], [20.042, 50.972], [19.996, 50.926], [19.754, 50.926], [19.508, 51.072], [19.247, 51.128], [19.078, 51.247], [19.076, 51.396], [19.124, 51.45], [19.124, 51.6], [19.078, 51.647], [19.068, 51.714], [18.881, 51.891], [18.876, 52.046], [18.922, 52.092], [18.931, 52.159], [19.091, 52.319], [19.414, 52.432], [19.522, 52.542], [19.518, 52.614], [19.4, 52.724], [19.154, 52.726], [19.093, 52.775], [18.854, 52.776], [18.808, 52.822], [18.704, 52.826], [18.646, 52.873]], [[20.136, 53.173], [20.14, 53.17]], [[20.181, 53.154], [20.189, 53.153]], [[20.257, 53.145], [20.297, 53.15]], [[20.406, 53.206], [20.407, 53.206]], [[20.435, 53.24], [20.497, 53.327]], [[20.563, 53.345], [20.676, 53.328]], [[20.786, 53.311], [20.925, 53.298], [21.3, 53.456], [21.645, 53.487]], [[21.817, 53.478], [22.016, 53.531], [22.543, 53.774], [22.622, 53.925], [22.468, 54.04], [22.449, 54.099], [22.352, 54.178], [22.441, 54.256], [22.519, 54.263]], [[22.589, 54.273], [22.616, 54.278]], [[22.668, 54.283], [22.775, 54.328], [22.78, 54.362], [22.646, 54.474], [22.486, 54.482], [22.428, 54.542], [22.416, 54.665], [22.503, 54.678], [22.55, 54.724], [22.724, 54.725]], [[22.796, 54.761], [22.846, 54.796], [22.829, 54.873], [22.716, 54.951], [22.633, 54.96], [22.587, 55.046], [22.249, 55.064], [22.059, 55.029], [21.646, 55.178], [21.502, 55.195], [21.378, 55.278], [21.27, 55.252], [21.288, 55.292], [21.257, 55.369], [21.183, 55.346], [21.248, 55.442], [21.144, 55.678], [21.076, 55.736], [21.045, 55.874]], [[26.237, 47.724], [26.153, 47.772], [26.042, 47.778], [25.996, 47.824], [25.757, 47.825], [25.696, 47.874], [25.463, 47.875], [25.4, 47.826], [25.154, 47.824], [25.1, 47.776], [24.93, 47.753]], [[21.824, 49.411], [21.832, 49.464], [22.019, 49.641], [22.085, 49.796], [22.064, 49.864], [21.986, 49.882]], [[22.428, 50.297], [22.474, 50.25], [22.474, 50.1], [22.428, 50.053], [22.422, 49.942], [22.331, 49.859], [22.326, 49.804], [22.414, 49.768], [22.547, 49.628], [22.658, 49.622], [22.704, 49.576], [22.853, 49.578], [22.892, 49.622], [23.064, 49.686], [23.219, 49.841], [23.272, 50.003], [23.228, 50.042], [23.169, 50.209], [23.073, 50.298]], [[22.988, 50.292], [22.729, 50.297]], [[22.687, 50.294], [22.63, 50.305]], [[22.587, 50.32], [22.46, 50.313]], [[22.426, 50.309], [22.428, 50.297]]]}, "properties": {"date": "1914-10-01", "theatre": "Восточный фронт", "phase": "манёвренная война 1914 - весна 1915", "method": "голосование 8+8 ближайших якорей двух сторон, вес 1/d^3, сетка 0.05°; невзятый якорь голосует только за свою землю"}}, {"type": "Feature", "geometry": {"type": "LineString", "coordinates": [[44.44, 39.653], [44.224, 39.628], [43.886, 39.654], [43.868, 39.684], [43.715, 39.729], [43.631, 39.813], [43.532, 39.838], [43.397, 39.784], [43.349, 39.807], [43.318, 39.969], [43.265, 39.987], [43.064, 39.989], [42.758, 39.922], [42.567, 39.952], [42.485, 40.059], [42.349, 40.141], [42.231, 40.162], [42.152, 40.24], [42.183, 40.295], [42.538, 40.431], [42.514, 40.53], [42.537, 40.599], [42.3, 40.847], [42.279, 40.925], [42.024, 40.912], [41.959, 40.878], [41.952, 40.795], [41.821, 40.589], [41.657, 40.641], [41.401, 40.556], [41.334, 40.603], [41.365, 40.755], [41.13, 40.815], [41.386, 41.075], [41.255, 41.174], [41.209, 41.284]]}, "properties": {"date": "1914-10-01", "theatre": "Кавказский фронт", "phase": "манёвренная война 1914 - весна 1915", "method": "голосование 8+8 ближайших якорей двух сторон, вес 1/d^3, сетка 0.05°; невзятый якорь голосует только за свою землю"}}, {"type": "Feature", "geometry": {"type": "MultiLineString", "coordinates": [[[21.04, 55.414], [21.099, 55.599], [21.085, 55.723], [21.132, 55.641], [21.087, 55.441], [21.106, 55.422], [20.986, 55.275], [20.934, 55.282], [21.04, 55.414]], [[26.237, 47.724], [26.153, 47.772], [26.042, 47.778], [25.996, 47.824], [25.757, 47.825], [25.696, 47.874], [25.463, 47.875], [25.4, 47.826], [25.154, 47.824], [25.1, 47.776], [24.93, 47.753]], [[22.484, 49.113], [22.719, 49.341], [22.787, 49.52], [23.064, 49.736], [23.072, 49.803], [22.937, 49.875], [22.563, 49.875], [22.5, 49.826], [22.2, 49.826], [22.153, 49.872], [22.042, 49.878], [22.003, 49.922], [21.83, 49.987], [21.728, 50.142], [21.724, 50.296], [21.675, 50.357], [21.724, 50.454], [21.725, 50.622], [21.634, 50.529], [21.467, 50.478]], [[21.381, 50.433], [21.203, 50.34]], [[21.148, 50.332], [21.098, 50.331]], [[20.817, 50.282], [20.748, 50.245]], [[20.427, 50.134], [20.424, 50.133]], [[20.177, 50.115], [20.127, 50.116], [20.122, 50.208], [20.078, 50.247], [19.968, 50.514], [19.881, 50.591], [19.822, 50.758], [19.731, 50.841], [19.722, 50.908], [19.664, 50.968], [19.397, 51.078], [19.358, 51.122], [19.247, 51.128], [19.126, 51.254], [19.125, 51.643], [19.076, 51.704], [19.078, 51.803], [19.297, 51.922], [19.4, 51.926], [19.519, 51.991], [19.524, 52.2], [19.478, 52.247], [19.472, 52.308], [19.4, 52.374], [19.054, 52.376], [19.008, 52.422], [18.897, 52.428], [18.858, 52.472], [18.747, 52.478], [18.576, 52.654], [18.578, 52.735]], [[18.629, 52.775], [19.087, 52.775], [19.157, 52.725], [19.558, 52.728], [19.618, 52.786], [19.658, 52.89], [19.624, 53.05], [19.527, 53.151]], [[20.136, 53.173], [20.14, 53.17]], [[20.181, 53.154], [20.189, 53.153]], [[20.257, 53.145], [20.297, 53.15]], [[20.406, 53.206], [20.407, 53.206]], [[20.435, 53.24], [20.497, 53.327]], [[20.563, 53.345], [20.676, 53.328]], [[20.786, 53.311], [20.925, 53.298], [21.3, 53.456], [21.645, 53.487]], [[21.817, 53.478], [22.016, 53.531], [22.543, 53.774], [22.622, 53.925], [22.468, 54.04], [22.449, 54.099], [22.352, 54.178], [22.441, 54.256], [22.519, 54.263]], [[22.589, 54.273], [22.616, 54.278]], [[22.668, 54.283], [22.775, 54.328], [22.78, 54.362], [22.646, 54.474], [22.486, 54.482], [22.428, 54.542], [22.416, 54.665], [22.503, 54.678], [22.55, 54.724], [22.724, 54.725]], [[22.796, 54.761], [22.846, 54.796], [22.829, 54.873], [22.716, 54.951], [22.633, 54.96], [22.587, 55.046], [22.249, 55.064], [22.059, 55.029], [21.646, 55.178], [21.502, 55.195], [21.378, 55.278], [21.27, 55.252], [21.288, 55.292], [21.257, 55.369], [21.183, 55.346], [21.248, 55.442], [21.144, 55.678], [21.076, 55.736], [21.045, 55.874]]]}, "properties": {"date": "1914-11-01", "theatre": "Восточный фронт", "phase": "манёвренная война 1914 - весна 1915", "method": "голосование 8+8 ближайших якорей двух сторон, вес 1/d^3, сетка 0.05°; невзятый якорь голосует только за свою землю"}}, {"type": "Feature", "geometry": {"type": "MultiLineString", "coordinates": [[[42.332, 40.064], [42.379, 40.125], [42.231, 40.162], [42.153, 40.244], [42.183, 40.295], [42.538, 40.431], [42.514, 40.53], [42.537, 40.599], [42.3, 40.847], [42.279, 40.925], [42.024, 40.912], [41.959, 40.878], [41.952, 40.795], [41.821, 40.589], [41.657, 40.641], [41.401, 40.556], [41.334, 40.603], [41.365, 40.755], [41.13, 40.815], [41.386, 41.075], [41.255, 41.174], [41.209, 41.284]], [[44.122, 39.003], [43.992, 39.028], [43.703, 39.222], [43.442, 39.278], [43.303, 39.372], [43.192, 39.378], [43.146, 39.424], [42.807, 39.425], [42.746, 39.474], [42.492, 39.478], [42.453, 39.522], [42.386, 39.532], [42.278, 39.642], [42.275, 39.943], [42.332, 40.064]]]}, "properties": {"date": "1914-11-01", "theatre": "Кавказский фронт", "phase": "манёвренная война 1914 - весна 1915", "method": "голосование 8+8 ближайших якорей двух сторон, вес 1/d^3, сетка 0.05°; невзятый якорь голосует только за свою землю"}}, {"type": "Feature", "geometry": {"type": "MultiLineString", "coordinates": [[[21.04, 55.414], [21.099, 55.599], [21.085, 55.723], [21.132, 55.641], [21.087, 55.441], [21.106, 55.422], [20.986, 55.275], [20.934, 55.282], [21.04, 55.414]], [[20.542, 49.878], [20.482, 49.936], [20.477, 50.118]], [[20.427, 50.134], [20.424, 50.133]], [[20.177, 50.115], [19.907, 50.133], [19.928, 50.253], [19.974, 50.3], [19.975, 50.393], [19.926, 50.454], [19.924, 50.6], [19.876, 50.654], [19.874, 50.85], [19.825, 50.913], [19.828, 51.053], [19.924, 51.2], [19.924, 51.4], [19.778, 51.547], [19.772, 51.858], [19.575, 52.063], [19.578, 52.353], [19.668, 52.436], [19.678, 52.553], [19.774, 52.65], [19.774, 52.95], [19.671, 53.141]], [[20.136, 53.173], [20.14, 53.17]], [[20.181, 53.154], [20.189, 53.153]], [[20.257, 53.145], [20.297, 53.15]], [[20.406, 53.206], [20.407, 53.206]], [[20.435, 53.24], [20.497, 53.327]], [[20.563, 53.345], [20.676, 53.328]], [[20.786, 53.311], [20.925, 53.298], [21.3, 53.456], [21.645, 53.487]], [[21.817, 53.478], [22.016, 53.531], [22.543, 53.774], [22.622, 53.925], [22.468, 54.04], [22.449, 54.099], [22.352, 54.178], [22.441, 54.256], [22.519, 54.263]], [[22.589, 54.273], [22.616, 54.278]], [[22.668, 54.283], [22.775, 54.328], [22.78, 54.362], [22.646, 54.474], [22.486, 54.482], [22.428, 54.542], [22.416, 54.665], [22.503, 54.678], [22.55, 54.724], [22.724, 54.725]], [[22.796, 54.761], [22.846, 54.796], [22.829, 54.873], [22.716, 54.951], [22.633, 54.96], [22.587, 55.046], [22.249, 55.064], [22.059, 55.029], [21.646, 55.178], [21.502, 55.195], [21.378, 55.278], [21.27, 55.252], [21.288, 55.292], [21.257, 55.369], [21.183, 55.346], [21.248, 55.442], [21.144, 55.678], [21.076, 55.736], [21.045, 55.874]], [[26.237, 47.724], [26.153, 47.772], [26.042, 47.778], [25.996, 47.824], [25.757, 47.825], [25.696, 47.874], [25.463, 47.875], [25.4, 47.826], [25.154, 47.824], [25.1, 47.776], [24.93, 47.753]], [[20.882, 49.36], [20.924, 49.404], [20.919, 49.709], [20.803, 49.822], [20.542, 49.878]], [[23.022, 49.803], [22.953, 49.872], [22.613, 49.875], [22.528, 49.803], [22.525, 49.713], [22.597, 49.628], [22.896, 49.626], [23.022, 49.697], [23.022, 49.803]], [[21.172, 53.158], [21.05, 53.274], [20.792, 53.272], [20.676, 53.15], [20.676, 53.004], [20.759, 52.969], [20.85, 52.876], [21.058, 52.878], [21.172, 52.947], [21.172, 53.158]]]}, "properties": {"date": "1914-12-01", "theatre": "Восточный фронт", "phase": "манёвренная война 1914 - весна 1915", "method": "голосование 8+8 ближайших якорей двух сторон, вес 1/d^3, сетка 0.05°; невзятый якорь голосует только за свою землю"}}, {"type": "Feature", "geometry": {"type": "MultiLineString", "coordinates": [[[42.332, 40.064], [42.379, 40.125], [42.231, 40.162], [42.153, 40.245], [42.183, 40.295], [42.538, 40.431], [42.514, 40.53], [42.537, 40.599], [42.291, 40.879], [42.374, 40.95], [42.374, 41.4], [42.258, 41.522], [42.057, 41.525], [42.003, 41.478], [41.892, 41.472], [41.853, 41.428], [41.742, 41.422], [41.696, 41.376], [41.5, 41.374], [41.446, 41.326], [41.3, 41.324], [41.253, 41.278], [41.209, 41.284]], [[44.122, 39.003], [43.992, 39.028], [43.703, 39.222], [43.442, 39.278], [43.303, 39.372], [43.192, 39.378], [43.146, 39.424], [42.807, 39.425], [42.746, 39.474], [42.492, 39.478], [42.453, 39.522], [42.386, 39.532], [42.278, 39.642], [42.275, 39.943], [42.332, 40.064]], [[41.952, 40.798], [41.821, 40.589], [41.657, 40.641], [41.403, 40.556], [41.334, 40.603], [41.365, 40.755], [41.235, 40.776], [41.643, 40.775], [41.713, 40.825], [41.948, 40.825], [41.952, 40.798]]]}, "properties": {"date": "1914-12-01", "theatre": "Кавказский фронт", "phase": "манёвренная война 1914 - весна 1915", "method": "голосование 8+8 ближайших якорей двух сторон, вес 1/d^3, сетка 0.05°; невзятый якорь голосует только за свою землю"}}, {"type": "Feature", "geometry": {"type": "MultiLineString", "coordinates": [[[21.04, 55.414], [21.099, 55.599], [21.085, 55.723], [21.132, 55.641], [21.087, 55.441], [21.106, 55.422], [20.986, 55.275], [20.934, 55.282], [21.04, 55.414]], [[20.542, 49.878], [20.482, 49.936], [20.48, 50.116]], [[20.427, 50.134], [20.424, 50.133]], [[20.177, 50.115], [19.924, 50.131], [19.928, 50.203], [19.975, 50.257], [19.974, 50.55], [19.925, 50.613], [19.926, 50.996], [19.972, 51.042], [19.978, 51.153], [20.024, 51.2], [20.031, 51.359], [20.141, 51.469], [20.214, 51.482], [20.259, 51.554], [20.208, 51.622], [19.928, 51.747], [19.931, 51.859], [20.12, 51.937], [20.172, 51.992], [20.174, 52.1], [20.114, 52.168], [20.036, 52.186], [19.828, 52.397], [19.825, 52.743], [19.776, 52.804], [19.772, 52.958], [19.681, 53.041], [19.668, 53.114], [19.619, 53.157]], [[20.136, 53.173], [20.14, 53.17]], [[20.181, 53.154], [20.189, 53.153]], [[20.257, 53.145], [20.297, 53.15]], [[20.406, 53.206], [20.407, 53.206]], [[20.435, 53.24], [20.497, 53.327]], [[20.563, 53.345], [20.676, 53.328]], [[20.786, 53.311], [20.925, 53.298], [21.3, 53.456], [21.645, 53.487]], [[21.817, 53.478], [22.016, 53.531], [22.543, 53.774], [22.622, 53.925], [22.468, 54.04], [22.449, 54.099], [22.352, 54.178], [22.441, 54.256], [22.519, 54.263]], [[22.589, 54.273], [22.616, 54.278]], [[22.668, 54.283], [22.775, 54.328], [22.78, 54.362], [22.646, 54.474], [22.486, 54.482], [22.428, 54.542], [22.416, 54.665], [22.503, 54.678], [22.55, 54.724], [22.724, 54.725]], [[22.796, 54.761], [22.846, 54.796], [22.829, 54.873], [22.716, 54.951], [22.633, 54.96], [22.587, 55.046], [22.249, 55.064], [22.059, 55.029], [21.646, 55.178], [21.502, 55.195], [21.378, 55.278], [21.27, 55.252], [21.288, 55.292], [21.257, 55.369], [21.183, 55.346], [21.248, 55.442], [21.144, 55.678], [21.076, 55.736], [21.045, 55.874]], [[26.237, 47.724], [26.153, 47.772], [26.042, 47.778], [25.996, 47.824], [25.757, 47.825], [25.696, 47.874], [25.463, 47.875], [25.4, 47.826], [25.154, 47.824], [25.1, 47.776], [24.93, 47.753]], [[20.879, 49.363], [20.925, 49.413], [20.919, 49.709], [20.803, 49.822], [20.542, 49.878]], [[23.022, 49.803], [22.953, 49.872], [22.613, 49.875], [22.528, 49.803], [22.525, 49.713], [22.597, 49.628], [22.896, 49.626], [23.022, 49.697], [23.022, 49.803]]]}, "properties": {"date": "1915-01-01", "theatre": "Восточный фронт", "phase": "манёвренная война 1914 - весна 1915", "method": "голосование 8+8 ближайших якорей двух сторон, вес 1/d^3, сетка 0.05°; невзятый якорь голосует только за свою землю"}}, {"type": "Feature", "geometry": {"type": "MultiLineString", "coordinates": [[[42.332, 40.064], [42.379, 40.125], [42.231, 40.162], [42.153, 40.245], [42.183, 40.295], [42.538, 40.431], [42.514, 40.53], [42.537, 40.599], [42.291, 40.879], [42.374, 40.95], [42.374, 41.4], [42.258, 41.522], [42.057, 41.525], [42.003, 41.478], [41.892, 41.472], [41.853, 41.428], [41.742, 41.422], [41.696, 41.376], [41.5, 41.374], [41.446, 41.326], [41.3, 41.324], [41.253, 41.278], [41.209, 41.284]], [[44.122, 39.003], [43.992, 39.028], [43.703, 39.222], [43.442, 39.278], [43.303, 39.372], [43.192, 39.378], [43.146, 39.424], [42.807, 39.425], [42.746, 39.474], [42.492, 39.478], [42.453, 39.522], [42.386, 39.532], [42.278, 39.642], [42.275, 39.943], [42.332, 40.064]], [[41.952, 40.798], [41.821, 40.589], [41.657, 40.641], [41.403, 40.556], [41.334, 40.603], [41.365, 40.755], [41.235, 40.776], [41.643, 40.775], [41.713, 40.825], [41.948, 40.825], [41.952, 40.798]]]}, "properties": {"date": "1915-01-01", "theatre": "Кавказский фронт", "phase": "манёвренная война 1914 - весна 1915", "method": "голосование 8+8 ближайших якорей двух сторон, вес 1/d^3, сетка 0.05°; невзятый якорь голосует только за свою землю"}}, {"type": "Feature", "geometry": {"type": "MultiLineString", "coordinates": [[[21.04, 55.414], [21.099, 55.599], [21.085, 55.723], [21.132, 55.641], [21.087, 55.441], [21.106, 55.422], [20.986, 55.275], [20.934, 55.282], [21.04, 55.414]], [[20.542, 49.878], [20.482, 49.936], [20.48, 50.116]], [[20.427, 50.134], [20.424, 50.133]], [[20.177, 50.115], [19.924, 50.131], [19.928, 50.203], [19.975, 50.257], [19.974, 50.55], [19.925, 50.613], [19.926, 50.996], [19.972, 51.042], [19.978, 51.153], [20.024, 51.2], [20.031, 51.359], [20.141, 51.469], [20.214, 51.482], [20.259, 51.554], [20.208, 51.622], [19.928, 51.747], [19.931, 51.859], [20.12, 51.937], [20.172, 51.992], [20.174, 52.1], [20.114, 52.168], [20.036, 52.186], [19.828, 52.397], [19.825, 52.743], [19.776, 52.804], [19.772, 52.958], [19.681, 53.041], [19.668, 53.114], [19.619, 53.157]], [[20.136, 53.173], [20.14, 53.17]], [[20.181, 53.154], [20.189, 53.153]], [[20.257, 53.145], [20.297, 53.15]], [[20.406, 53.206], [20.407, 53.206]], [[20.435, 53.24], [20.497, 53.327]], [[20.563, 53.345], [20.676, 53.328]], [[20.786, 53.311], [20.925, 53.298], [21.3, 53.456], [21.645, 53.487]], [[21.817, 53.478], [22.016, 53.531], [22.543, 53.774], [22.619, 53.878], [22.622, 53.925], [22.56, 53.976], [23.193, 53.975], [23.254, 54.024], [23.408, 54.028], [23.647, 54.172], [23.75, 54.176], [23.797, 54.222], [23.864, 54.232], [23.972, 54.342], [23.975, 54.443], [23.814, 54.618], [23.741, 54.631], [23.664, 54.718], [23.591, 54.731], [23.514, 54.818], [23.447, 54.828], [23.408, 54.872], [23.254, 54.876], [23.2, 54.924], [23.007, 54.925], [22.946, 54.876], [22.827, 54.876], [22.716, 54.951], [22.633, 54.96], [22.587, 55.046], [22.535, 55.062], [22.249, 55.064], [22.059, 55.029], [21.646, 55.178], [21.502, 55.195], [21.378, 55.278], [21.27, 55.252], [21.288, 55.292], [21.257, 55.369], [21.183, 55.346], [21.248, 55.442], [21.144, 55.678], [21.076, 55.736], [21.045, 55.874]], [[26.225, 47.75], [26.092, 47.778], [26.046, 47.824], [25.85, 47.826], [25.787, 47.875], [25.313, 47.875], [25.243, 47.825], [24.846, 47.828]], [[24.739, 47.863], [24.694, 47.893]], [[24.626, 47.972], [24.612, 48.017]], [[20.879, 49.363], [20.925, 49.413], [20.919, 49.709], [20.803, 49.822], [20.542, 49.878]], [[24.85, 48.374], [25.103, 48.378], [25.142, 48.422], [25.209, 48.431], [25.275, 48.513], [25.214, 48.664], [25.087, 48.725], [24.897, 48.722], [24.858, 48.678], [24.691, 48.619], [24.576, 48.496], [24.581, 48.391], [24.708, 48.372], [24.763, 48.325], [24.85, 48.374]], [[23.022, 49.697], [23.022, 49.803], [22.953, 49.872], [22.613, 49.875], [22.528, 49.803], [22.525, 49.713], [22.597, 49.628], [22.896, 49.626], [23.022, 49.697]]]}, "properties": {"date": "1915-02-01", "theatre": "Восточный фронт", "phase": "манёвренная война 1914 - весна 1915", "method": "голосование 8+8 ближайших якорей двух сторон, вес 1/d^3, сетка 0.05°; невзятый якорь голосует только за свою землю"}}, {"type": "Feature", "geometry": {"type": "MultiLineString", "coordinates": [[[42.385, 40.119], [42.231, 40.162], [42.152, 40.241], [42.183, 40.295], [42.538, 40.431], [42.514, 40.53], [42.537, 40.599], [42.3, 40.847], [42.279, 40.925], [42.024, 40.912], [41.959, 40.878], [41.952, 40.795], [41.819, 40.589], [41.657, 40.641], [41.401, 40.556], [41.334, 40.603], [41.365, 40.755], [41.13, 40.815], [41.326, 41.012], [41.45, 40.926], [41.808, 40.928], [41.868, 40.986], [41.928, 41.153], [41.972, 41.192], [41.972, 41.358], [41.893, 41.425], [41.792, 41.422], [41.746, 41.376], [41.592, 41.372], [41.559, 41.331], [41.392, 41.272], [41.282, 41.157], [41.209, 41.284]], [[44.122, 39.003], [43.992, 39.028], [43.703, 39.222], [43.442, 39.278], [43.303, 39.372], [43.192, 39.378], [43.146, 39.424], [42.807, 39.425], [42.746, 39.474], [42.492, 39.478], [42.453, 39.522], [42.386, 39.532], [42.278, 39.642], [42.275, 39.943], [42.385, 40.119]]]}, "properties": {"date": "1915-02-01", "theatre": "Кавказский фронт", "phase": "манёвренная война 1914 - весна 1915", "method": "голосование 8+8 ближайших якорей двух сторон, вес 1/d^3, сетка 0.05°; невзятый якорь голосует только за свою землю"}}, {"type": "Feature", "geometry": {"type": "MultiLineString", "coordinates": [[[21.04, 55.414], [21.099, 55.599], [21.085, 55.723], [21.132, 55.641], [21.087, 55.441], [21.106, 55.422], [20.986, 55.275], [20.934, 55.282], [21.04, 55.414]], [[20.542, 49.878], [20.482, 49.936], [20.48, 50.116]], [[20.427, 50.134], [20.424, 50.133]], [[20.177, 50.115], [19.924, 50.131], [19.928, 50.203], [19.975, 50.257], [19.974, 50.55], [19.925, 50.613], [19.926, 50.996], [19.972, 51.042], [19.978, 51.153], [20.024, 51.2], [20.031, 51.359], [20.141, 51.469], [20.214, 51.482], [20.259, 51.554], [20.208, 51.622], [19.928, 51.747], [19.931, 51.859], [20.12, 51.937], [20.172, 51.992], [20.174, 52.1], [20.114, 52.168], [20.036, 52.186], [19.828, 52.397], [19.825, 52.743], [19.776, 52.804], [19.772, 52.958], [19.681, 53.041], [19.668, 53.114], [19.619, 53.157]], [[20.136, 53.173], [20.14, 53.17]], [[20.181, 53.154], [20.189, 53.153]], [[20.257, 53.145], [20.297, 53.15]], [[20.406, 53.206], [20.407, 53.206]], [[20.435, 53.24], [20.497, 53.327]], [[20.563, 53.345], [20.676, 53.328]], [[20.786, 53.311], [20.925, 53.298], [21.3, 53.456], [21.645, 53.487]], [[21.817, 53.478], [22.016, 53.531], [22.486, 53.738], [22.573, 53.824], [22.642, 53.778], [22.753, 53.772], [23.007, 53.625], [23.314, 53.632], [23.536, 53.964], [23.614, 53.982], [23.697, 54.072], [23.964, 54.182], [24.075, 54.307], [24.068, 54.414], [23.914, 54.568], [23.841, 54.581], [23.758, 54.672], [23.591, 54.731], [23.508, 54.822], [23.447, 54.828], [23.4, 54.874], [23.297, 54.878], [23.243, 54.925], [22.85, 54.924], [22.81, 54.893], [22.716, 54.951], [22.633, 54.96], [22.587, 55.046], [22.535, 55.062], [22.249, 55.064], [22.059, 55.029], [21.646, 55.178], [21.502, 55.195], [21.378, 55.278], [21.27, 55.252], [21.288, 55.292], [21.257, 55.369], [21.183, 55.346], [21.248, 55.442], [21.144, 55.678], [21.076, 55.736], [21.045, 55.874]], [[26.356, 48.529], [26.347, 48.548]], [[26.329, 48.586], [26.32, 48.599]], [[26.215, 48.712], [26.208, 48.762]], [[26.194, 48.775], [25.807, 48.775], [25.746, 48.824], [25.592, 48.828], [25.546, 48.874], [25.363, 48.875], [25.3, 48.826], [25.154, 48.824], [25.108, 48.778], [24.997, 48.772], [24.958, 48.728], [24.847, 48.722], [24.808, 48.678], [24.697, 48.672], [24.658, 48.628], [24.391, 48.519], [24.308, 48.428], [24.164, 48.424]], [[20.879, 49.363], [20.925, 49.413], [20.919, 49.709], [20.803, 49.822], [20.542, 49.878]], [[23.022, 49.697], [23.022, 49.803], [22.953, 49.872], [22.613, 49.875], [22.528, 49.803], [22.525, 49.713], [22.597, 49.628], [22.896, 49.626], [23.022, 49.697]]]}, "properties": {"date": "1915-03-01", "theatre": "Восточный фронт", "phase": "манёвренная война 1914 - весна 1915", "method": "голосование 8+8 ближайших якорей двух сторон, вес 1/d^3, сетка 0.05°; невзятый якорь голосует только за свою землю"}}, {"type": "Feature", "geometry": {"type": "MultiLineString", "coordinates": [[[44.122, 39.003], [43.992, 39.028], [43.703, 39.222], [43.442, 39.278], [43.303, 39.372], [43.192, 39.378], [43.146, 39.424], [42.807, 39.425], [42.746, 39.474], [42.492, 39.478], [42.453, 39.522], [42.386, 39.532], [42.278, 39.642], [42.275, 39.943], [42.385, 40.119], [42.231, 40.162], [42.152, 40.243], [42.183, 40.295], [42.538, 40.431], [42.514, 40.53], [42.537, 40.599], [42.3, 40.847], [42.279, 40.925], [42.024, 40.912], [41.959, 40.878], [41.952, 40.795], [41.821, 40.589], [41.657, 40.641], [41.399, 40.558], [41.334, 40.603], [41.365, 40.755], [41.13, 40.815], [41.386, 41.075], [41.255, 41.174], [41.209, 41.284]], [[41.6, 40.926], [41.75, 40.926], [41.797, 40.972], [41.853, 40.978], [41.974, 41.2], [41.972, 41.353], [41.757, 41.375], [41.642, 41.322], [41.532, 41.214], [41.475, 41.093], [41.482, 41.036], [41.6, 40.926]]]}, "properties": {"date": "1915-03-01", "theatre": "Кавказский фронт", "phase": "манёвренная война 1914 - весна 1915", "method": "голосование 8+8 ближайших якорей двух сторон, вес 1/d^3, сетка 0.05°; невзятый якорь голосует только за свою землю"}}, {"type": "Feature", "geometry": {"type": "MultiLineString", "coordinates": [[[21.04, 55.414], [21.099, 55.599], [21.085, 55.723], [21.132, 55.641], [21.087, 55.441], [21.106, 55.422], [20.986, 55.275], [20.934, 55.282], [21.04, 55.414]], [[20.542, 49.878], [20.482, 49.936], [20.48, 50.116]], [[20.427, 50.134], [20.424, 50.133]], [[20.177, 50.115], [19.924, 50.131], [19.928, 50.203], [19.975, 50.257], [19.974, 50.55], [19.925, 50.613], [19.926, 50.996], [19.972, 51.042], [19.978, 51.153], [20.024, 51.2], [20.031, 51.359], [20.141, 51.469], [20.214, 51.482], [20.259, 51.554], [20.208, 51.622], [19.928, 51.747], [19.931, 51.859], [20.12, 51.937], [20.172, 51.992], [20.174, 52.1], [20.114, 52.168], [20.036, 52.186], [19.828, 52.397], [19.825, 52.743], [19.776, 52.804], [19.772, 52.958], [19.681, 53.041], [19.668, 53.114], [19.619, 53.157]], [[20.136, 53.173], [20.14, 53.17]], [[20.181, 53.154], [20.189, 53.153]], [[20.257, 53.145], [20.297, 53.15]], [[20.406, 53.206], [20.407, 53.206]], [[20.435, 53.24], [20.497, 53.327]], [[20.563, 53.345], [20.676, 53.328]], [[20.786, 53.311], [20.925, 53.298], [21.3, 53.456], [21.645, 53.487]], [[21.817, 53.478], [22.016, 53.531], [22.486, 53.738], [22.573, 53.824], [22.642, 53.778], [22.753, 53.772], [23.007, 53.625], [23.314, 53.632], [23.536, 53.964], [23.614, 53.982], [23.697, 54.072], [23.964, 54.182], [24.075, 54.307], [24.068, 54.414], [23.914, 54.568], [23.841, 54.581], [23.758, 54.672], [23.591, 54.731], [23.508, 54.822], [23.447, 54.828], [23.4, 54.874], [23.297, 54.878], [23.243, 54.925], [22.85, 54.924], [22.81, 54.893], [22.716, 54.951], [22.633, 54.96], [22.587, 55.046], [22.535, 55.062], [22.249, 55.064], [22.059, 55.029], [21.646, 55.178], [21.502, 55.195], [21.378, 55.278], [21.27, 55.252], [21.288, 55.292], [21.257, 55.369], [21.183, 55.346], [21.248, 55.442], [21.144, 55.678], [21.076, 55.736], [21.045, 55.874]], [[26.356, 48.529], [26.347, 48.548]], [[26.329, 48.586], [26.32, 48.599]], [[26.215, 48.712], [26.208, 48.762]], [[26.194, 48.775], [25.807, 48.775], [25.746, 48.824], [25.592, 48.828], [25.546, 48.874], [25.363, 48.875], [25.3, 48.826], [25.154, 48.824], [25.108, 48.778], [24.997, 48.772], [24.958, 48.728], [24.847, 48.722], [24.808, 48.678], [24.697, 48.672], [24.658, 48.628], [24.391, 48.519], [24.308, 48.428], [24.164, 48.424]], [[20.879, 49.363], [20.925, 49.413], [20.919, 49.709], [20.803, 49.822], [20.542, 49.878]]]}, "properties": {"date": "1915-04-01", "theatre": "Восточный фронт", "phase": "манёвренная война 1914 - весна 1915", "method": "голосование 8+8 ближайших якорей двух сторон, вес 1/d^3, сетка 0.05°; невзятый якорь голосует только за свою землю"}}, {"type": "Feature", "geometry": {"type": "LineString", "coordinates": [[44.122, 39.003], [43.992, 39.028], [43.703, 39.222], [43.442, 39.278], [43.303, 39.372], [43.192, 39.378], [43.146, 39.424], [42.807, 39.425], [42.746, 39.474], [42.5, 39.476], [42.453, 39.522], [42.386, 39.532], [42.275, 39.657], [42.276, 39.95], [42.389, 40.114], [42.231, 40.162], [42.152, 40.242], [42.183, 40.295], [42.538, 40.431], [42.514, 40.53], [42.537, 40.599], [42.416, 40.742], [42.328, 40.815], [41.949, 40.821], [41.822, 40.59], [41.657, 40.641], [41.401, 40.556], [41.334, 40.603], [41.365, 40.755], [41.131, 40.812], [41.224, 40.925], [41.092, 40.978], [40.9, 41.168]]}, "properties": {"date": "1915-04-01", "theatre": "Кавказский фронт", "phase": "манёвренная война 1914 - весна 1915", "method": "голосование 8+8 ближайших якорей двух сторон, вес 1/d^3, сетка 0.05°; невзятый якорь голосует только за свою землю"}}, {"type": "Feature", "geometry": {"type": "MultiLineString", "coordinates": [[[21.763, 50.671], [21.662, 50.544], [21.467, 50.478]], [[21.381, 50.433], [21.203, 50.34]], [[21.148, 50.332], [21.098, 50.331]], [[20.833, 50.303], [20.968, 50.436], [21.031, 50.609], [21.122, 50.692], [21.126, 50.796], [21.159, 50.846], [21.118, 50.964], [21.014, 51.068], [20.897, 51.078], [20.85, 51.124], [20.307, 51.125], [20.213, 51.075], [20.031, 51.191], [20.031, 51.359], [20.141, 51.469], [20.214, 51.482], [20.259, 51.554], [20.208, 51.622], [19.936, 51.736], [19.926, 51.846], [20.163, 51.98], [20.172, 52.108], [20.108, 52.172], [20.036, 52.186], [19.831, 52.391], [19.825, 52.743], [19.776, 52.804], [19.772, 52.958], [19.681, 53.041], [19.668, 53.114], [19.619, 53.157]], [[20.136, 53.173], [20.14, 53.17]], [[20.181, 53.154], [20.189, 53.153]], [[20.257, 53.145], [20.297, 53.15]], [[20.406, 53.206], [20.407, 53.206]], [[20.435, 53.24], [20.497, 53.327]], [[20.563, 53.345], [20.676, 53.328]], [[20.786, 53.311], [20.925, 53.298], [21.3, 53.456], [21.645, 53.487]], [[21.817, 53.478], [22.016, 53.531], [22.486, 53.738], [22.572, 53.823], [22.642, 53.778], [22.753, 53.772], [23.0, 53.626], [23.314, 53.632], [23.536, 53.964], [23.608, 53.978], [23.691, 54.069], [23.958, 54.178], [24.02, 54.235], [24.074, 54.3], [24.074, 54.4], [23.914, 54.568], [23.841, 54.581], [23.758, 54.672], [23.591, 54.731], [23.464, 54.868], [23.378, 54.897], [23.381, 55.009], [23.591, 55.219], [23.664, 55.236], [23.722, 55.342], [23.722, 55.408], [23.659, 55.519], [23.497, 55.578], [23.458, 55.622], [23.254, 55.626], [23.2, 55.674], [22.804, 55.676], [22.743, 55.725], [22.004, 55.726], [21.858, 55.822], [21.797, 55.828], [21.775, 55.937], [21.824, 56.0], [21.825, 56.343], [21.763, 56.47], [21.514, 56.718], [21.441, 56.731], [21.358, 56.822], [21.214, 56.883]], [[26.356, 48.529], [26.347, 48.548]], [[26.329, 48.586], [26.32, 48.599]], [[26.215, 48.712], [26.208, 48.762]], [[26.194, 48.775], [25.807, 48.775], [25.746, 48.824], [25.592, 48.828], [25.546, 48.874], [25.363, 48.875], [25.3, 48.826], [25.154, 48.824], [25.108, 48.778], [24.997, 48.772], [24.958, 48.728], [24.847, 48.722], [24.808, 48.678], [24.697, 48.672], [24.658, 48.628], [24.391, 48.519], [24.3, 48.426], [24.164, 48.424]], [[21.778, 49.397], [22.019, 49.641], [22.035, 49.754], [22.014, 49.864], [21.936, 49.882], [21.728, 50.092], [21.722, 50.153], [21.676, 50.2], [21.675, 50.443], [21.782, 50.661]], [[21.859, 50.736], [21.869, 50.761]], [[21.846, 50.754], [21.846, 50.751]]]}, "properties": {"date": "1915-05-01", "theatre": "Восточный фронт", "phase": "Горлицкий прорыв и Великое отступление 1915", "method": "голосование 8+8 ближайших якорей двух сторон, вес 1/d^3, сетка 0.05°; невзятый якорь голосует только за свою землю"}}, {"type": "Feature", "geometry": {"type": "MultiLineString", "coordinates": [[[43.669, 37.309], [43.582, 37.386], [43.572, 37.453], [43.528, 37.492], [43.526, 37.95], [43.622, 38.097], [43.632, 38.164], [43.786, 38.318], [43.859, 38.331], [43.992, 38.472], [44.264, 38.586], [44.272, 38.628]], [[43.679, 37.25], [43.669, 37.309]], [[43.953, 39.072], [43.786, 39.132], [43.703, 39.222], [43.442, 39.278], [43.303, 39.372], [43.192, 39.378], [43.146, 39.424], [42.8, 39.426], [42.746, 39.474], [42.5, 39.476], [42.453, 39.522], [42.386, 39.532], [42.276, 39.65], [42.276, 39.95], [42.389, 40.115], [42.231, 40.162], [42.152, 40.244], [42.183, 40.295], [42.538, 40.431], [42.514, 40.53], [42.537, 40.599], [42.328, 40.815], [41.949, 40.821], [41.822, 40.59], [41.657, 40.641], [41.401, 40.556], [41.334, 40.603], [41.365, 40.755], [41.131, 40.812], [41.224, 40.925], [41.092, 40.978], [40.9, 41.168]], [[44.259, 38.819], [44.244, 38.834]], [[44.156, 38.922], [44.109, 38.969], [44.036, 38.982], [43.953, 39.072]]]}, "properties": {"date": "1915-05-01", "theatre": "Кавказский фронт", "phase": "Горлицкий прорыв и Великое отступление 1915", "method": "голосование 8+8 ближайших якорей двух сторон, вес 1/d^3, сетка 0.05°; невзятый якорь голосует только за свою землю"}}, {"type": "Feature", "geometry": {"type": "MultiLineString", "coordinates": [[[26.356, 48.529], [26.347, 48.548]], [[26.329, 48.586], [26.32, 48.599]], [[26.215, 48.712], [26.208, 48.762]], [[26.194, 48.776], [25.8, 48.776], [25.753, 48.822], [25.6, 48.826], [25.537, 48.875], [25.354, 48.874], [25.3, 48.826], [25.154, 48.824], [25.108, 48.778], [24.997, 48.772], [24.958, 48.728], [24.847, 48.722], [24.8, 48.676], [24.654, 48.674], [24.6, 48.626], [24.354, 48.624], [24.308, 48.578], [24.247, 48.578], [24.175, 48.707], [24.224, 48.804], [24.222, 48.903], [24.178, 48.942], [24.169, 49.009], [24.059, 49.119], [23.707, 49.125], [23.646, 49.174], [23.4, 49.176], [23.153, 49.322], [23.05, 49.326], [23.003, 49.372], [22.942, 49.378], [22.878, 49.442], [22.882, 49.564], [22.986, 49.668], [23.064, 49.686], [23.219, 49.841], [23.228, 49.908], [23.274, 49.954], [23.272, 50.003], [23.226, 50.05], [23.222, 50.153], [23.132, 50.236], [23.109, 50.337]], [[22.988, 50.292], [22.729, 50.297]], [[22.687, 50.294], [22.63, 50.305]], [[22.587, 50.32], [22.46, 50.313]], [[22.368, 50.472], [22.388, 50.518], [22.362, 50.563], [22.215, 50.61], [22.064, 50.768], [21.995, 50.781]], [[21.987, 50.785], [21.914, 50.868], [21.847, 50.878], [21.7, 50.974], [21.254, 50.976], [21.208, 51.022], [21.097, 51.028], [21.058, 51.072], [20.947, 51.078], [20.908, 51.122], [20.797, 51.128], [20.743, 51.175], [20.6, 51.174], [20.546, 51.126], [20.3, 51.124], [20.253, 51.078], [20.204, 51.076], [20.036, 51.186], [20.031, 51.359], [20.141, 51.469], [20.214, 51.482], [20.259, 51.554], [20.208, 51.622], [19.936, 51.736], [19.926, 51.846], [20.163, 51.98], [20.172, 52.108], [20.108, 52.172], [20.036, 52.186], [19.831, 52.391], [19.825, 52.743], [19.776, 52.804], [19.772, 52.958], [19.681, 53.041], [19.668, 53.114], [19.619, 53.157]], [[20.136, 53.173], [20.14, 53.17]], [[20.181, 53.154], [20.189, 53.153]], [[20.257, 53.145], [20.297, 53.15]], [[20.406, 53.206], [20.407, 53.206]], [[20.435, 53.24], [20.497, 53.327]], [[20.563, 53.345], [20.676, 53.328]], [[20.786, 53.311], [20.925, 53.298], [21.3, 53.456], [21.645, 53.487]], [[21.817, 53.478], [22.016, 53.531], [22.486, 53.738], [22.572, 53.823], [22.642, 53.778], [22.753, 53.772], [23.007, 53.625], [23.314, 53.632], [23.536, 53.964], [23.614, 53.982], [23.697, 54.072], [23.964, 54.182], [24.072, 54.292], [24.072, 54.408], [23.914, 54.568], [23.841, 54.581], [23.758, 54.672], [23.591, 54.731], [23.464, 54.868], [23.378, 54.897], [23.381, 55.009], [23.591, 55.219], [23.664, 55.236], [23.722, 55.342], [23.669, 55.509], [23.497, 55.578], [23.458, 55.622], [23.254, 55.626], [23.2, 55.674], [22.804, 55.676], [22.743, 55.725], [21.997, 55.728], [21.958, 55.772], [21.897, 55.778], [21.778, 55.847], [21.776, 55.946], [21.825, 56.007], [21.825, 56.343], [21.772, 56.458], [21.514, 56.718], [21.441, 56.731], [21.364, 56.818], [21.214, 56.883]]]}, "properties": {"date": "1915-06-01", "theatre": "Восточный фронт", "phase": "Горлицкий прорыв и Великое отступление 1915", "method": "голосование 8+8 ближайших якорей двух сторон, вес 1/d^3, сетка 0.05°; невзятый якорь голосует только за свою землю"}}, {"type": "Feature", "geometry": {"type": "MultiLineString", "coordinates": [[[43.422, 37.897], [43.428, 38.008], [43.472, 38.047], [43.474, 38.196], [43.264, 38.414], [43.186, 38.432], [43.082, 38.536], [43.075, 38.643], [43.142, 38.722], [43.296, 38.726], [43.35, 38.774], [43.746, 38.776], [43.792, 38.822], [43.853, 38.828], [43.925, 38.913], [43.869, 39.059], [43.759, 39.169], [43.592, 39.228], [43.553, 39.272], [43.45, 39.276], [43.403, 39.322], [43.292, 39.328], [43.253, 39.372], [43.142, 39.378], [43.103, 39.422], [42.8, 39.426], [42.746, 39.474], [42.5, 39.476], [42.453, 39.522], [42.386, 39.532], [42.276, 39.65], [42.276, 39.95], [42.389, 40.115], [42.231, 40.162], [42.152, 40.244], [42.183, 40.295], [42.538, 40.431], [42.514, 40.53], [42.537, 40.599], [42.328, 40.815], [41.949, 40.821], [41.822, 40.59], [41.657, 40.641], [41.401, 40.556], [41.334, 40.603], [41.365, 40.755], [41.131, 40.812], [41.224, 40.925], [41.092, 40.978], [40.9, 41.168]], [[43.328, 37.748], [43.422, 37.897]]]}, "properties": {"date": "1915-06-01", "theatre": "Кавказский фронт", "phase": "Горлицкий прорыв и Великое отступление 1915", "method": "голосование 8+8 ближайших якорей двух сторон, вес 1/d^3, сетка 0.05°; невзятый якорь голосует только за свою землю"}}, {"type": "Feature", "geometry": {"type": "MultiLineString", "coordinates": [[[24.814, 50.332], [24.769, 50.338]], [[24.697, 50.359], [24.64, 50.396]], [[24.475, 50.454], [24.466, 50.46]], [[24.52, 50.516], [24.488, 50.535]], [[24.388, 50.569], [24.34, 50.58]], [[24.192, 50.6], [24.168, 50.609]], [[24.115, 50.603], [24.09, 50.589]], [[24.033, 50.522], [23.919, 50.483]], [[23.745, 50.466], [23.698, 50.455]], [[23.629, 50.379], [23.109, 50.337]], [[22.988, 50.292], [22.729, 50.297]], [[22.687, 50.294], [22.63, 50.305]], [[22.587, 50.32], [22.46, 50.313]], [[22.368, 50.472], [22.388, 50.518], [22.362, 50.563], [22.219, 50.608], [22.064, 50.768], [21.995, 50.781]], [[21.987, 50.785], [21.914, 50.868], [21.847, 50.878], [21.7, 50.974], [21.254, 50.976], [21.208, 51.022], [21.097, 51.028], [21.058, 51.072], [20.947, 51.078], [20.908, 51.122], [20.797, 51.128], [20.743, 51.175], [20.6, 51.174], [20.546, 51.126], [20.3, 51.124], [20.253, 51.078], [20.204, 51.076], [20.036, 51.186], [20.031, 51.359], [20.141, 51.469], [20.214, 51.482], [20.259, 51.554], [20.208, 51.622], [19.936, 51.736], [19.926, 51.846], [20.163, 51.98], [20.172, 52.108], [20.108, 52.172], [20.036, 52.186], [19.831, 52.391], [19.825, 52.743], [19.776, 52.804], [19.772, 52.958], [19.681, 53.041], [19.668, 53.114], [19.619, 53.157]], [[20.136, 53.173], [20.14, 53.17]], [[20.181, 53.154], [20.189, 53.153]], [[20.257, 53.145], [20.297, 53.15]], [[20.406, 53.206], [20.407, 53.206]], [[20.435, 53.24], [20.497, 53.327]], [[20.563, 53.345], [20.676, 53.328]], [[20.786, 53.311], [20.925, 53.298], [21.3, 53.456], [21.645, 53.487]], [[21.817, 53.478], [22.016, 53.531], [22.486, 53.738], [22.572, 53.823], [22.642, 53.778], [22.753, 53.772], [23.007, 53.625], [23.314, 53.632], [23.536, 53.964], [23.614, 53.982], [23.697, 54.072], [23.964, 54.182], [24.072, 54.292], [24.072, 54.408], [23.914, 54.568], [23.841, 54.581], [23.758, 54.672], [23.591, 54.731], [23.464, 54.868], [23.378, 54.897], [23.381, 55.009], [23.591, 55.219], [23.664, 55.236], [23.722, 55.342], [23.669, 55.509], [23.497, 55.578], [23.458, 55.622], [23.254, 55.626], [23.2, 55.674], [22.804, 55.676], [22.743, 55.725], [21.997, 55.728], [21.958, 55.772], [21.897, 55.778], [21.778, 55.847], [21.776, 55.946], [21.825, 56.007], [21.825, 56.343], [21.772, 56.458], [21.514, 56.718], [21.441, 56.731], [21.364, 56.818], [21.214, 56.883]], [[26.356, 48.529], [26.347, 48.548]], [[26.329, 48.586], [26.32, 48.599]], [[26.215, 48.712], [26.208, 48.762]], [[26.194, 48.775], [25.807, 48.775], [25.746, 48.824], [25.592, 48.828], [25.546, 48.874], [25.2, 48.876], [25.132, 48.936], [25.091, 49.054], [25.132, 49.214], [25.272, 49.347], [25.272, 49.503], [25.228, 49.542], [25.164, 49.714], [25.059, 49.819], [24.986, 49.832], [24.776, 50.05], [24.776, 50.15], [24.905, 50.337]], [[24.903, 50.344], [24.814, 50.332]]]}, "properties": {"date": "1915-06-22", "theatre": "Восточный фронт", "phase": "Горлицкий прорыв и Великое отступление 1915", "method": "голосование 8+8 ближайших якорей двух сторон, вес 1/d^3, сетка 0.05°; невзятый якорь голосует только за свою землю"}}, {"type": "Feature", "geometry": {"type": "MultiLineString", "coordinates": [[[43.378, 37.958], [43.472, 38.097], [43.472, 38.153], [43.428, 38.192], [43.414, 38.264], [43.259, 38.419], [43.186, 38.432], [43.059, 38.569], [42.942, 38.578], [42.896, 38.624], [42.75, 38.626], [42.703, 38.672], [42.442, 38.728], [42.403, 38.772], [42.236, 38.832], [42.132, 38.936], [42.075, 39.057], [42.124, 39.154], [42.128, 39.258], [42.224, 39.404], [42.226, 39.85], [42.272, 39.897], [42.276, 40.0], [42.357, 40.137], [42.231, 40.162], [42.152, 40.244], [42.183, 40.295], [42.538, 40.431], [42.514, 40.53], [42.537, 40.599], [42.507, 40.64], [42.32, 40.824], [41.948, 40.825], [41.822, 40.59], [41.657, 40.641], [41.401, 40.556], [41.334, 40.603], [41.365, 40.755], [41.131, 40.812], [41.224, 40.925], [41.092, 40.978], [40.9, 41.168]], [[43.275, 37.75], [43.319, 37.791], [43.378, 37.958]]]}, "properties": {"date": "1915-06-22", "theatre": "Кавказский фронт", "phase": "Горлицкий прорыв и Великое отступление 1915", "method": "голосование 8+8 ближайших якорей двух сторон, вес 1/d^3, сетка 0.05°; невзятый якорь голосует только за свою землю"}}, {"type": "Feature", "geometry": {"type": "MultiLineString", "coordinates": [[[24.814, 50.332], [24.769, 50.338]], [[24.697, 50.359], [24.64, 50.396]], [[24.475, 50.454], [24.466, 50.46]], [[24.52, 50.516], [24.488, 50.535]], [[24.388, 50.569], [24.34, 50.58]], [[24.192, 50.6], [24.168, 50.609]], [[24.115, 50.603], [24.09, 50.589]], [[24.033, 50.522], [23.919, 50.483]], [[23.745, 50.466], [23.698, 50.455]], [[23.629, 50.379], [23.109, 50.337]], [[22.988, 50.292], [22.729, 50.297]], [[22.687, 50.294], [22.63, 50.305]], [[22.587, 50.32], [22.46, 50.313]], [[22.368, 50.472], [22.388, 50.518], [22.362, 50.563], [22.219, 50.608], [22.064, 50.768], [21.995, 50.781]], [[21.987, 50.785], [21.914, 50.868], [21.847, 50.878], [21.7, 50.974], [21.254, 50.976], [21.208, 51.022], [21.097, 51.028], [21.058, 51.072], [20.947, 51.078], [20.908, 51.122], [20.797, 51.128], [20.743, 51.175], [20.6, 51.174], [20.546, 51.126], [20.3, 51.124], [20.253, 51.078], [20.204, 51.076], [20.036, 51.186], [20.031, 51.359], [20.141, 51.469], [20.214, 51.482], [20.259, 51.554], [20.208, 51.622], [19.936, 51.736], [19.926, 51.846], [20.163, 51.98], [20.172, 52.108], [20.108, 52.172], [20.036, 52.186], [19.831, 52.391], [19.825, 52.743], [19.776, 52.804], [19.772, 52.958], [19.681, 53.041], [19.668, 53.114], [19.619, 53.157]], [[20.136, 53.173], [20.14, 53.17]], [[20.181, 53.154], [20.189, 53.153]], [[20.257, 53.145], [20.297, 53.15]], [[20.406, 53.206], [20.407, 53.206]], [[20.435, 53.24], [20.497, 53.327]], [[20.563, 53.345], [20.676, 53.328]], [[20.786, 53.311], [20.925, 53.298], [21.3, 53.456], [21.645, 53.487]], [[21.817, 53.478], [22.016, 53.531], [22.486, 53.738], [22.572, 53.823], [22.642, 53.778], [22.753, 53.772], [23.007, 53.625], [23.314, 53.632], [23.536, 53.964], [23.614, 53.982], [23.697, 54.072], [23.964, 54.182], [24.072, 54.292], [24.072, 54.408], [23.914, 54.568], [23.841, 54.581], [23.758, 54.672], [23.591, 54.731], [23.464, 54.868], [23.378, 54.897], [23.381, 55.009], [23.591, 55.219], [23.664, 55.236], [23.722, 55.342], [23.669, 55.509], [23.497, 55.578], [23.458, 55.622], [23.254, 55.626], [23.2, 55.674], [22.804, 55.676], [22.743, 55.725], [21.997, 55.728], [21.958, 55.772], [21.897, 55.778], [21.778, 55.847], [21.776, 55.946], [21.825, 56.007], [21.825, 56.343], [21.772, 56.458], [21.514, 56.718], [21.441, 56.731], [21.364, 56.818], [21.214, 56.883]], [[26.356, 48.529], [26.347, 48.548]], [[26.329, 48.586], [26.32, 48.599]], [[26.215, 48.712], [26.208, 48.762]], [[26.194, 48.775], [25.807, 48.775], [25.746, 48.824], [25.592, 48.828], [25.546, 48.874], [25.2, 48.876], [25.132, 48.936], [25.091, 49.054], [25.132, 49.214], [25.272, 49.347], [25.272, 49.503], [25.228, 49.542], [25.164, 49.714], [25.059, 49.819], [24.986, 49.832], [24.776, 50.05], [24.776, 50.15], [24.905, 50.337]], [[24.903, 50.344], [24.814, 50.332]]]}, "properties": {"date": "1915-07-01", "theatre": "Восточный фронт", "phase": "Горлицкий прорыв и Великое отступление 1915", "method": "голосование 8+8 ближайших якорей двух сторон, вес 1/d^3, сетка 0.05°; невзятый якорь голосует только за свою землю"}}, {"type": "Feature", "geometry": {"type": "MultiLineString", "coordinates": [[[43.378, 37.958], [43.472, 38.097], [43.472, 38.153], [43.428, 38.192], [43.414, 38.264], [43.259, 38.419], [43.186, 38.432], [43.059, 38.569], [42.942, 38.578], [42.896, 38.624], [42.75, 38.626], [42.703, 38.672], [42.442, 38.728], [42.403, 38.772], [42.236, 38.832], [42.132, 38.936], [42.075, 39.057], [42.124, 39.154], [42.128, 39.258], [42.224, 39.404], [42.226, 39.85], [42.272, 39.897], [42.276, 40.0], [42.357, 40.137], [42.231, 40.162], [42.152, 40.244], [42.183, 40.295], [42.538, 40.431], [42.514, 40.53], [42.537, 40.599], [42.507, 40.64], [42.32, 40.824], [41.948, 40.825], [41.822, 40.59], [41.657, 40.641], [41.401, 40.556], [41.334, 40.603], [41.365, 40.755], [41.131, 40.812], [41.224, 40.925], [41.092, 40.978], [40.9, 41.168]], [[43.275, 37.75], [43.319, 37.791], [43.378, 37.958]]]}, "properties": {"date": "1915-07-01", "theatre": "Кавказский фронт", "phase": "Горлицкий прорыв и Великое отступление 1915", "method": "голосование 8+8 ближайших якорей двух сторон, вес 1/d^3, сетка 0.05°; невзятый якорь голосует только за свою землю"}}, {"type": "Feature", "geometry": {"type": "MultiLineString", "coordinates": [[[20.919, 52.509], [20.925, 52.463], [20.803, 52.328], [20.742, 52.322], [20.696, 52.276], [20.563, 52.275], [20.436, 52.336], [20.319, 52.483], [20.331, 52.559], [20.397, 52.622], [20.737, 52.625], [20.919, 52.509]], [[25.225, 49.557], [25.241, 49.769], [25.309, 49.781], [25.429, 49.885]], [[25.327, 50.012], [25.194, 50.103], [25.189, 50.189]], [[25.18, 50.26], [25.172, 50.279]], [[25.103, 50.28], [25.082, 50.283]], [[24.987, 50.352], [24.957, 50.351]], [[24.903, 50.344], [24.769, 50.338]], [[24.697, 50.359], [24.64, 50.396]], [[24.475, 50.454], [24.466, 50.46]], [[24.52, 50.516], [24.488, 50.535]], [[24.388, 50.569], [24.34, 50.58]], [[24.192, 50.6], [24.168, 50.609]], [[24.125, 50.629], [24.125, 50.793], [24.076, 50.854], [24.074, 51.3], [23.958, 51.472], [23.804, 51.476], [23.758, 51.522], [23.604, 51.526], [23.543, 51.575], [23.4, 51.574], [23.337, 51.525], [22.354, 51.526], [22.214, 51.668], [22.141, 51.681], [22.058, 51.772], [21.741, 51.881], [21.586, 52.036], [21.572, 52.158], [21.475, 52.313], [21.476, 52.496], [21.525, 52.557], [21.526, 52.796], [21.641, 52.919], [21.708, 52.928], [21.825, 53.011], [21.824, 53.1], [21.778, 53.147], [21.772, 53.258], [21.678, 53.397], [21.674, 53.468]], [[21.817, 53.478], [22.016, 53.531], [22.486, 53.738], [22.573, 53.824], [22.642, 53.778], [22.753, 53.772], [23.0, 53.626], [23.3, 53.626], [23.368, 53.686], [23.381, 53.759], [23.468, 53.836], [23.478, 53.903], [23.536, 53.964], [23.608, 53.978], [23.691, 54.069], [23.858, 54.128], [24.074, 54.3], [24.068, 54.414], [23.914, 54.568], [23.841, 54.581], [23.764, 54.668], [23.586, 54.736], [23.381, 54.941], [23.376, 54.996], [23.491, 55.119], [23.564, 55.132], [23.818, 55.336], [23.824, 55.5], [23.776, 55.554], [23.776, 55.696], [23.872, 55.842], [23.881, 55.909], [23.986, 56.014], [24.108, 56.028], [24.154, 56.074], [24.4, 56.076], [24.454, 56.124], [24.6, 56.126], [24.668, 56.186], [24.674, 56.4], [24.628, 56.447], [24.618, 56.514], [24.508, 56.622], [24.397, 56.628], [24.35, 56.674], [24.257, 56.675], [24.203, 56.628], [24.1, 56.624], [24.053, 56.578], [23.992, 56.572], [23.859, 56.431], [23.792, 56.422], [23.646, 56.326], [23.404, 56.326], [23.258, 56.422], [23.191, 56.431], [23.128, 56.497], [23.131, 56.559], [23.341, 56.769], [23.408, 56.778], [23.465, 56.83], [23.572, 56.964]], [[26.356, 48.529], [26.347, 48.548]], [[26.329, 48.586], [26.32, 48.599]], [[26.215, 48.712], [26.208, 48.762]], [[26.194, 48.776], [25.8, 48.776], [25.753, 48.822], [25.6, 48.826], [25.546, 48.874], [25.192, 48.878], [25.132, 48.936], [25.091, 49.054], [25.124, 49.104], [25.128, 49.208], [25.274, 49.354], [25.274, 49.496], [25.225, 49.557]]]}, "properties": {"date": "1915-07-23", "theatre": "Восточный фронт", "phase": "Горлицкий прорыв и Великое отступление 1915", "method": "голосование 8+8 ближайших якорей двух сторон, вес 1/d^3, сетка 0.05°; невзятый якорь голосует только за свою землю"}}, {"type": "Feature", "geometry": {"type": "MultiLineString", "coordinates": [[[43.528, 37.292], [43.522, 37.403], [43.475, 37.457], [43.475, 37.843], [43.522, 37.897], [43.528, 38.008], [43.619, 38.091], [43.632, 38.164], [44.019, 38.541], [44.022, 38.653], [43.846, 38.774], [43.107, 38.775], [42.976, 38.854], [42.976, 39.25], [43.022, 39.297], [43.028, 39.408], [43.172, 39.647], [43.178, 39.758], [43.272, 39.897], [43.277, 39.983], [43.064, 39.989], [42.758, 39.922], [42.569, 39.951], [42.485, 40.059], [42.349, 40.141], [42.229, 40.163], [42.153, 40.24], [42.182, 40.294], [42.538, 40.431], [42.514, 40.53], [42.537, 40.599], [42.3, 40.847], [42.279, 40.925], [42.138, 40.913], [42.1, 40.876], [41.958, 40.875], [41.952, 40.795], [41.821, 40.589], [41.657, 40.641], [41.402, 40.556], [41.334, 40.603], [41.365, 40.755], [41.131, 40.812], [41.224, 40.925], [41.086, 40.982], [40.9, 41.168]], [[43.554, 37.269], [43.528, 37.292]]]}, "properties": {"date": "1915-07-23", "theatre": "Кавказский фронт", "phase": "Горлицкий прорыв и Великое отступление 1915", "method": "голосование 8+8 ближайших якорей двух сторон, вес 1/d^3, сетка 0.05°; невзятый якорь голосует только за свою землю"}}, {"type": "Feature", "geometry": {"type": "MultiLineString", "coordinates": [[[20.919, 52.509], [20.925, 52.463], [20.803, 52.328], [20.742, 52.322], [20.696, 52.276], [20.563, 52.275], [20.436, 52.336], [20.319, 52.483], [20.331, 52.559], [20.397, 52.622], [20.737, 52.625], [20.919, 52.509]], [[25.225, 49.557], [25.241, 49.769], [25.309, 49.781], [25.429, 49.885]], [[25.327, 50.012], [25.194, 50.103], [25.189, 50.189]], [[25.18, 50.26], [25.172, 50.279]], [[25.103, 50.28], [25.082, 50.283]], [[24.987, 50.352], [24.957, 50.351]], [[24.903, 50.344], [24.769, 50.338]], [[24.697, 50.359], [24.64, 50.396]], [[24.475, 50.454], [24.466, 50.46]], [[24.52, 50.516], [24.488, 50.535]], [[24.388, 50.569], [24.34, 50.58]], [[24.192, 50.6], [24.168, 50.609]], [[24.125, 50.629], [24.125, 50.793], [24.076, 50.854], [24.074, 51.3], [23.958, 51.472], [23.804, 51.476], [23.758, 51.522], [23.604, 51.526], [23.543, 51.575], [23.4, 51.574], [23.337, 51.525], [22.354, 51.526], [22.214, 51.668], [22.141, 51.681], [22.058, 51.772], [21.741, 51.881], [21.581, 52.041], [21.572, 52.158], [21.476, 52.304], [21.476, 52.496], [21.525, 52.557], [21.526, 52.796], [21.591, 52.869], [21.658, 52.878], [21.804, 52.974], [22.187, 52.975], [22.25, 52.926], [22.343, 52.925], [22.397, 52.972], [22.519, 52.991], [22.574, 53.1], [22.572, 53.208], [22.364, 53.418], [22.291, 53.431], [22.135, 53.587], [22.486, 53.738], [22.563, 53.807], [22.592, 53.778], [22.703, 53.772], [22.742, 53.728], [22.853, 53.722], [23.0, 53.626], [23.3, 53.626], [23.368, 53.686], [23.381, 53.759], [23.468, 53.836], [23.478, 53.903], [23.536, 53.964], [23.614, 53.982], [23.697, 54.072], [23.964, 54.182], [24.068, 54.286], [24.074, 54.4], [24.02, 54.465], [23.914, 54.568], [23.841, 54.581], [23.764, 54.668], [23.586, 54.736], [23.381, 54.941], [23.376, 54.996], [23.491, 55.119], [23.564, 55.132], [23.818, 55.336], [23.824, 55.5], [23.776, 55.554], [23.776, 55.696], [23.872, 55.842], [23.881, 55.909], [23.986, 56.014], [24.108, 56.028], [24.154, 56.074], [24.4, 56.076], [24.454, 56.124], [24.6, 56.126], [24.668, 56.186], [24.674, 56.4], [24.628, 56.447], [24.618, 56.514], [24.508, 56.622], [24.397, 56.628], [24.35, 56.674], [24.257, 56.675], [24.203, 56.628], [24.1, 56.624], [24.053, 56.578], [23.992, 56.572], [23.859, 56.431], [23.792, 56.422], [23.646, 56.326], [23.404, 56.326], [23.258, 56.422], [23.191, 56.431], [23.128, 56.497], [23.131, 56.559], [23.341, 56.769], [23.408, 56.778], [23.465, 56.83], [23.572, 56.964]], [[26.356, 48.529], [26.347, 48.548]], [[26.329, 48.586], [26.32, 48.599]], [[26.215, 48.712], [26.208, 48.762]], [[26.194, 48.776], [25.8, 48.776], [25.753, 48.822], [25.6, 48.826], [25.546, 48.874], [25.192, 48.878], [25.132, 48.936], [25.091, 49.054], [25.124, 49.104], [25.128, 49.208], [25.274, 49.354], [25.274, 49.496], [25.225, 49.557]]]}, "properties": {"date": "1915-08-01", "theatre": "Восточный фронт", "phase": "Горлицкий прорыв и Великое отступление 1915", "method": "голосование 8+8 ближайших якорей двух сторон, вес 1/d^3, сетка 0.05°; невзятый якорь голосует только за свою землю"}}, {"type": "Feature", "geometry": {"type": "MultiLineString", "coordinates": [[[42.574, 38.154], [42.576, 38.3], [42.624, 38.354], [42.626, 38.55], [42.924, 39.004], [42.914, 39.364], [42.842, 39.378], [42.796, 39.424], [42.692, 39.428], [42.646, 39.474], [42.492, 39.478], [42.453, 39.522], [42.386, 39.532], [42.276, 39.65], [42.278, 39.958], [42.389, 40.115], [42.231, 40.162], [42.152, 40.242], [42.183, 40.295], [42.538, 40.431], [42.514, 40.53], [42.537, 40.599], [42.322, 40.822], [41.948, 40.824], [41.822, 40.59], [41.657, 40.641], [41.401, 40.556], [41.334, 40.603], [41.365, 40.755], [41.131, 40.812], [41.224, 40.925], [41.086, 40.982], [40.9, 41.168]], [[42.525, 38.038], [42.526, 38.1], [42.574, 38.154]]]}, "properties": {"date": "1915-08-01", "theatre": "Кавказский фронт", "phase": "Горлицкий прорыв и Великое отступление 1915", "method": "голосование 8+8 ближайших якорей двух сторон, вес 1/d^3, сетка 0.05°; невзятый якорь голосует только за свою землю"}}, {"type": "Feature", "geometry": {"type": "MultiLineString", "coordinates": [[[25.226, 49.55], [25.228, 49.708], [25.429, 49.885]], [[25.327, 50.012], [25.194, 50.103], [25.189, 50.189]], [[25.18, 50.26], [25.172, 50.279]], [[25.172, 50.3], [25.391, 50.519], [25.664, 50.632], [25.768, 50.736], [25.778, 50.803], [25.824, 50.85], [25.824, 51.1], [25.628, 51.447], [25.622, 51.558], [25.531, 51.641], [25.518, 51.714], [25.331, 51.891], [25.322, 51.958], [25.278, 51.997], [25.276, 52.146], [25.325, 52.207], [25.325, 52.443], [25.272, 52.558], [25.208, 52.622], [25.141, 52.631], [25.014, 52.768], [24.941, 52.781], [24.864, 52.868], [24.691, 52.931], [24.475, 53.163], [24.476, 53.296], [24.522, 53.342], [24.528, 53.453], [24.575, 53.507], [24.574, 53.75], [24.528, 53.797], [24.524, 54.0], [24.475, 54.063], [24.525, 54.157], [24.526, 54.596], [24.572, 54.642], [24.576, 54.746], [24.622, 54.792], [24.631, 54.859], [24.718, 54.936], [24.728, 55.003], [24.786, 55.064], [24.959, 55.131], [24.986, 55.214], [25.058, 55.228], [25.097, 55.272], [25.287, 55.275], [25.409, 55.219], [25.586, 55.032], [25.659, 55.019], [25.736, 54.932], [25.803, 54.922], [25.85, 54.876], [25.953, 54.872], [26.0, 54.826], [26.35, 54.826], [26.474, 54.95], [26.476, 55.146], [26.522, 55.192], [26.525, 55.293], [26.459, 55.419], [26.35, 55.474], [26.197, 55.478], [26.15, 55.524], [25.804, 55.526], [25.758, 55.572], [25.641, 55.581], [25.528, 55.697], [25.522, 55.758], [25.428, 55.897], [25.424, 56.1], [25.375, 56.163], [25.378, 56.353], [25.422, 56.392], [25.428, 56.503], [25.524, 56.65], [25.518, 56.814], [25.35, 56.924], [25.154, 56.926], [25.093, 56.975], [24.857, 56.975], [24.703, 56.878], [24.636, 56.868], [24.559, 56.781], [24.492, 56.772], [24.453, 56.728], [24.054, 56.726], [23.908, 56.822], [23.841, 56.831], [23.722, 56.95]], [[26.356, 48.529], [26.347, 48.548]], [[26.329, 48.586], [26.32, 48.599]], [[26.215, 48.712], [26.208, 48.762]], [[26.194, 48.776], [25.8, 48.776], [25.753, 48.822], [25.642, 48.828], [25.596, 48.874], [25.192, 48.878], [25.132, 48.936], [25.091, 49.054], [25.124, 49.104], [25.128, 49.208], [25.274, 49.354], [25.274, 49.496], [25.226, 49.55]], [[26.897, 53.972], [27.008, 53.978], [27.497, 54.272], [27.608, 54.278], [27.647, 54.322], [27.814, 54.382], [27.968, 54.536], [27.974, 54.6], [27.909, 54.719], [27.747, 54.778], [27.7, 54.824], [26.957, 54.825], [26.896, 54.776], [26.7, 54.774], [26.625, 54.693], [26.626, 54.6], [26.672, 54.553], [26.672, 54.497], [26.628, 54.458], [26.619, 54.391], [26.475, 54.243], [26.486, 54.036], [26.7, 53.926], [26.85, 53.926], [26.897, 53.972]]]}, "properties": {"date": "1915-09-01", "theatre": "Восточный фронт", "phase": "Горлицкий прорыв и Великое отступление 1915", "method": "голосование 8+8 ближайших якорей двух сторон, вес 1/d^3, сетка 0.05°; невзятый якорь голосует только за свою землю"}}, {"type": "Feature", "geometry": {"type": "MultiLineString", "coordinates": [[[42.574, 38.154], [42.576, 38.3], [42.624, 38.354], [42.626, 38.55], [42.924, 39.004], [42.914, 39.364], [42.842, 39.378], [42.796, 39.424], [42.692, 39.428], [42.646, 39.474], [42.492, 39.478], [42.453, 39.522], [42.386, 39.532], [42.276, 39.65], [42.278, 39.958], [42.389, 40.115], [42.231, 40.162], [42.152, 40.242], [42.183, 40.295], [42.538, 40.431], [42.514, 40.53], [42.537, 40.599], [42.322, 40.822], [41.948, 40.824], [41.822, 40.59], [41.657, 40.641], [41.401, 40.556], [41.334, 40.603], [41.365, 40.755], [41.131, 40.812], [41.224, 40.925], [41.086, 40.982], [40.9, 41.168]], [[42.525, 38.038], [42.526, 38.1], [42.574, 38.154]]]}, "properties": {"date": "1915-09-01", "theatre": "Кавказский фронт", "phase": "Горлицкий прорыв и Великое отступление 1915", "method": "голосование 8+8 ближайших якорей двух сторон, вес 1/d^3, сетка 0.05°; невзятый якорь голосует только за свою землю"}}, {"type": "Feature", "geometry": {"type": "MultiLineString", "coordinates": [[[25.232, 49.714], [25.392, 49.872], [25.441, 49.877]], [[25.327, 50.012], [25.276, 50.046], [25.313, 50.075], [25.95, 50.076], [25.997, 50.122], [26.1, 50.126], [26.214, 50.186], [26.218, 50.314], [25.876, 50.654], [25.876, 50.796], [25.922, 50.842], [25.959, 51.004], [25.926, 51.054], [25.922, 51.158], [25.826, 51.304], [25.831, 51.459], [25.997, 51.622], [26.1, 51.626], [26.147, 51.672], [26.258, 51.678], [26.304, 51.724], [26.45, 51.726], [26.497, 51.772], [26.608, 51.778], [26.647, 51.822], [26.8, 51.826], [26.847, 51.872], [26.958, 51.878], [26.997, 51.922], [27.108, 51.928], [27.147, 51.972], [27.214, 51.982], [27.309, 52.096], [27.275, 52.163], [27.308, 52.31], [27.208, 52.422], [27.097, 52.428], [27.058, 52.472], [26.947, 52.478], [26.908, 52.522], [26.797, 52.528], [26.75, 52.574], [26.597, 52.578], [26.55, 52.624], [26.213, 52.625], [26.15, 52.674], [25.954, 52.676], [25.908, 52.722], [25.841, 52.731], [25.728, 52.847], [25.722, 52.958], [25.676, 53.004], [25.686, 53.264], [25.747, 53.322], [25.858, 53.328], [25.904, 53.374], [26.1, 53.376], [26.247, 53.472], [26.308, 53.478], [26.418, 53.586], [26.428, 53.653], [26.474, 53.7], [26.468, 53.764], [26.228, 53.997], [26.224, 54.35], [26.178, 54.397], [26.172, 54.508], [26.126, 54.554], [26.125, 54.687], [26.241, 54.819], [26.408, 54.878], [26.468, 54.936], [26.476, 55.146], [26.522, 55.192], [26.525, 55.293], [26.464, 55.414], [26.358, 55.472], [26.247, 55.478], [26.2, 55.524], [26.054, 55.526], [26.008, 55.572], [25.897, 55.578], [25.858, 55.622], [25.747, 55.628], [25.708, 55.672], [25.641, 55.681], [25.531, 55.791], [25.472, 55.958], [25.428, 55.997], [25.422, 56.108], [25.375, 56.163], [25.378, 56.353], [25.422, 56.392], [25.428, 56.503], [25.524, 56.65], [25.518, 56.814], [25.35, 56.924], [25.154, 56.926], [25.093, 56.975], [24.857, 56.975], [24.703, 56.878], [24.636, 56.868], [24.559, 56.781], [24.492, 56.772], [24.453, 56.728], [24.054, 56.726], [23.908, 56.822], [23.841, 56.831], [23.722, 56.95]], [[26.356, 48.529], [26.347, 48.548]], [[26.329, 48.586], [26.32, 48.599]], [[26.215, 48.712], [26.208, 48.762]], [[26.194, 48.776], [25.8, 48.776], [25.753, 48.822], [25.642, 48.828], [25.596, 48.874], [25.192, 48.878], [25.132, 48.936], [25.091, 49.054], [25.124, 49.104], [25.128, 49.208], [25.274, 49.354], [25.274, 49.496], [25.226, 49.55], [25.232, 49.714]]]}, "properties": {"date": "1915-10-01", "theatre": "Восточный фронт", "phase": "позиционный фронт 1915-1916", "method": "голосование 8+8 ближайших якорей двух сторон, вес 1/d^3, сетка 0.05°; невзятый якорь голосует только за свою землю"}}, {"type": "Feature", "geometry": {"type": "MultiLineString", "coordinates": [[[42.574, 38.154], [42.576, 38.3], [42.624, 38.354], [42.626, 38.55], [42.924, 39.004], [42.914, 39.364], [42.842, 39.378], [42.796, 39.424], [42.692, 39.428], [42.646, 39.474], [42.492, 39.478], [42.453, 39.522], [42.386, 39.532], [42.276, 39.65], [42.278, 39.958], [42.389, 40.115], [42.231, 40.162], [42.152, 40.242], [42.183, 40.295], [42.538, 40.431], [42.514, 40.53], [42.537, 40.599], [42.322, 40.822], [41.948, 40.824], [41.822, 40.59], [41.657, 40.641], [41.401, 40.556], [41.334, 40.603], [41.365, 40.755], [41.131, 40.812], [41.224, 40.925], [41.086, 40.982], [40.9, 41.168]], [[42.525, 38.038], [42.526, 38.1], [42.574, 38.154]]]}, "properties": {"date": "1915-10-01", "theatre": "Кавказский фронт", "phase": "позиционный фронт 1915-1916", "method": "голосование 8+8 ближайших якорей двух сторон, вес 1/d^3, сетка 0.05°; невзятый якорь голосует только за свою землю"}}, {"type": "Feature", "geometry": {"type": "MultiLineString", "coordinates": [[[25.232, 49.714], [25.392, 49.872], [25.441, 49.877]], [[25.327, 50.012], [25.276, 50.046], [25.313, 50.075], [25.95, 50.076], [25.997, 50.122], [26.1, 50.126], [26.214, 50.186], [26.218, 50.314], [25.876, 50.654], [25.876, 50.796], [25.922, 50.842], [25.959, 51.004], [25.926, 51.054], [25.922, 51.158], [25.826, 51.304], [25.831, 51.459], [25.997, 51.622], [26.1, 51.626], [26.147, 51.672], [26.258, 51.678], [26.304, 51.724], [26.45, 51.726], [26.497, 51.772], [26.608, 51.778], [26.647, 51.822], [26.8, 51.826], [26.847, 51.872], [26.958, 51.878], [26.997, 51.922], [27.108, 51.928], [27.147, 51.972], [27.214, 51.982], [27.309, 52.096], [27.275, 52.163], [27.308, 52.31], [27.208, 52.422], [27.097, 52.428], [27.058, 52.472], [26.947, 52.478], [26.908, 52.522], [26.797, 52.528], [26.75, 52.574], [26.597, 52.578], [26.55, 52.624], [26.213, 52.625], [26.15, 52.674], [25.954, 52.676], [25.908, 52.722], [25.841, 52.731], [25.728, 52.847], [25.722, 52.958], [25.676, 53.004], [25.686, 53.264], [25.747, 53.322], [25.858, 53.328], [25.904, 53.374], [26.1, 53.376], [26.247, 53.472], [26.308, 53.478], [26.418, 53.586], [26.428, 53.653], [26.474, 53.7], [26.468, 53.764], [26.228, 53.997], [26.224, 54.35], [26.178, 54.397], [26.172, 54.508], [26.126, 54.554], [26.125, 54.687], [26.241, 54.819], [26.408, 54.878], [26.468, 54.936], [26.476, 55.146], [26.522, 55.192], [26.525, 55.293], [26.464, 55.414], [26.358, 55.472], [26.247, 55.478], [26.2, 55.524], [26.054, 55.526], [26.008, 55.572], [25.897, 55.578], [25.858, 55.622], [25.747, 55.628], [25.708, 55.672], [25.641, 55.681], [25.531, 55.791], [25.472, 55.958], [25.428, 55.997], [25.422, 56.108], [25.375, 56.163], [25.378, 56.353], [25.422, 56.392], [25.428, 56.503], [25.524, 56.65], [25.518, 56.814], [25.35, 56.924], [25.154, 56.926], [25.093, 56.975], [24.857, 56.975], [24.703, 56.878], [24.636, 56.868], [24.559, 56.781], [24.492, 56.772], [24.453, 56.728], [24.054, 56.726], [23.908, 56.822], [23.841, 56.831], [23.722, 56.95]], [[26.356, 48.529], [26.347, 48.548]], [[26.329, 48.586], [26.32, 48.599]], [[26.215, 48.712], [26.208, 48.762]], [[26.194, 48.776], [25.8, 48.776], [25.753, 48.822], [25.642, 48.828], [25.596, 48.874], [25.192, 48.878], [25.132, 48.936], [25.091, 49.054], [25.124, 49.104], [25.128, 49.208], [25.274, 49.354], [25.274, 49.496], [25.226, 49.55], [25.232, 49.714]]]}, "properties": {"date": "1915-11-01", "theatre": "Восточный фронт", "phase": "позиционный фронт 1915-1916", "method": "голосование 8+8 ближайших якорей двух сторон, вес 1/d^3, сетка 0.05°; невзятый якорь голосует только за свою землю"}}, {"type": "Feature", "geometry": {"type": "MultiLineString", "coordinates": [[[42.574, 38.154], [42.576, 38.3], [42.624, 38.354], [42.626, 38.55], [42.924, 39.004], [42.914, 39.364], [42.842, 39.378], [42.796, 39.424], [42.692, 39.428], [42.646, 39.474], [42.492, 39.478], [42.453, 39.522], [42.386, 39.532], [42.276, 39.65], [42.278, 39.958], [42.389, 40.115], [42.231, 40.162], [42.152, 40.242], [42.183, 40.295], [42.538, 40.431], [42.514, 40.53], [42.537, 40.599], [42.322, 40.822], [41.948, 40.824], [41.822, 40.59], [41.657, 40.641], [41.401, 40.556], [41.334, 40.603], [41.365, 40.755], [41.131, 40.812], [41.224, 40.925], [41.086, 40.982], [40.9, 41.168]], [[42.525, 38.038], [42.526, 38.1], [42.574, 38.154]]]}, "properties": {"date": "1915-11-01", "theatre": "Кавказский фронт", "phase": "позиционный фронт 1915-1916", "method": "голосование 8+8 ближайших якорей двух сторон, вес 1/d^3, сетка 0.05°; невзятый якорь голосует только за свою землю"}}, {"type": "Feature", "geometry": {"type": "MultiLineString", "coordinates": [[[25.232, 49.714], [25.392, 49.872], [25.441, 49.877]], [[25.327, 50.012], [25.276, 50.046], [25.313, 50.075], [25.95, 50.076], [25.997, 50.122], [26.1, 50.126], [26.214, 50.186], [26.218, 50.314], [25.876, 50.654], [25.876, 50.796], [25.922, 50.842], [25.959, 51.004], [25.926, 51.054], [25.922, 51.158], [25.826, 51.304], [25.831, 51.459], [25.997, 51.622], [26.1, 51.626], [26.147, 51.672], [26.258, 51.678], [26.304, 51.724], [26.45, 51.726], [26.497, 51.772], [26.608, 51.778], [26.647, 51.822], [26.8, 51.826], [26.847, 51.872], [26.958, 51.878], [26.997, 51.922], [27.108, 51.928], [27.147, 51.972], [27.214, 51.982], [27.309, 52.096], [27.275, 52.163], [27.308, 52.31], [27.208, 52.422], [27.097, 52.428], [27.058, 52.472], [26.947, 52.478], [26.908, 52.522], [26.797, 52.528], [26.75, 52.574], [26.597, 52.578], [26.55, 52.624], [26.213, 52.625], [26.15, 52.674], [25.954, 52.676], [25.908, 52.722], [25.841, 52.731], [25.728, 52.847], [25.722, 52.958], [25.676, 53.004], [25.686, 53.264], [25.747, 53.322], [25.858, 53.328], [25.904, 53.374], [26.1, 53.376], [26.247, 53.472], [26.308, 53.478], [26.418, 53.586], [26.428, 53.653], [26.474, 53.7], [26.468, 53.764], [26.228, 53.997], [26.224, 54.35], [26.178, 54.397], [26.172, 54.508], [26.126, 54.554], [26.125, 54.687], [26.241, 54.819], [26.408, 54.878], [26.468, 54.936], [26.476, 55.146], [26.522, 55.192], [26.525, 55.293], [26.464, 55.414], [26.358, 55.472], [26.247, 55.478], [26.2, 55.524], [26.054, 55.526], [26.008, 55.572], [25.897, 55.578], [25.858, 55.622], [25.747, 55.628], [25.708, 55.672], [25.641, 55.681], [25.531, 55.791], [25.472, 55.958], [25.428, 55.997], [25.422, 56.108], [25.375, 56.163], [25.378, 56.353], [25.422, 56.392], [25.428, 56.503], [25.524, 56.65], [25.518, 56.814], [25.35, 56.924], [25.154, 56.926], [25.093, 56.975], [24.857, 56.975], [24.703, 56.878], [24.636, 56.868], [24.559, 56.781], [24.492, 56.772], [24.453, 56.728], [24.054, 56.726], [23.908, 56.822], [23.841, 56.831], [23.722, 56.95]], [[26.356, 48.529], [26.347, 48.548]], [[26.329, 48.586], [26.32, 48.599]], [[26.215, 48.712], [26.208, 48.762]], [[26.194, 48.776], [25.8, 48.776], [25.753, 48.822], [25.642, 48.828], [25.596, 48.874], [25.192, 48.878], [25.132, 48.936], [25.091, 49.054], [25.124, 49.104], [25.128, 49.208], [25.274, 49.354], [25.274, 49.496], [25.226, 49.55], [25.232, 49.714]]]}, "properties": {"date": "1915-12-01", "theatre": "Восточный фронт", "phase": "позиционный фронт 1915-1916", "method": "голосование 8+8 ближайших якорей двух сторон, вес 1/d^3, сетка 0.05°; невзятый якорь голосует только за свою землю"}}, {"type": "Feature", "geometry": {"type": "MultiLineString", "coordinates": [[[42.574, 38.154], [42.576, 38.3], [42.624, 38.354], [42.626, 38.55], [42.924, 39.004], [42.914, 39.364], [42.842, 39.378], [42.796, 39.424], [42.692, 39.428], [42.646, 39.474], [42.492, 39.478], [42.453, 39.522], [42.386, 39.532], [42.276, 39.65], [42.278, 39.958], [42.389, 40.115], [42.231, 40.162], [42.152, 40.242], [42.183, 40.295], [42.538, 40.431], [42.514, 40.53], [42.537, 40.599], [42.322, 40.822], [41.948, 40.824], [41.822, 40.59], [41.657, 40.641], [41.401, 40.556], [41.334, 40.603], [41.365, 40.755], [41.131, 40.812], [41.224, 40.925], [41.086, 40.982], [40.9, 41.168]], [[42.525, 38.038], [42.526, 38.1], [42.574, 38.154]]]}, "properties": {"date": "1915-12-01", "theatre": "Кавказский фронт", "phase": "позиционный фронт 1915-1916", "method": "голосование 8+8 ближайших якорей двух сторон, вес 1/d^3, сетка 0.05°; невзятый якорь голосует только за свою землю"}}, {"type": "Feature", "geometry": {"type": "MultiLineString", "coordinates": [[[25.232, 49.714], [25.392, 49.872], [25.441, 49.877]], [[25.327, 50.012], [25.276, 50.046], [25.313, 50.075], [25.95, 50.076], [25.997, 50.122], [26.1, 50.126], [26.214, 50.186], [26.218, 50.314], [25.876, 50.654], [25.876, 50.796], [25.922, 50.842], [25.959, 51.004], [25.926, 51.054], [25.922, 51.158], [25.826, 51.304], [25.831, 51.459], [25.997, 51.622], [26.1, 51.626], [26.147, 51.672], [26.258, 51.678], [26.304, 51.724], [26.45, 51.726], [26.497, 51.772], [26.608, 51.778], [26.647, 51.822], [26.8, 51.826], [26.847, 51.872], [26.958, 51.878], [26.997, 51.922], [27.108, 51.928], [27.147, 51.972], [27.214, 51.982], [27.309, 52.096], [27.275, 52.163], [27.308, 52.31], [27.208, 52.422], [27.097, 52.428], [27.058, 52.472], [26.947, 52.478], [26.908, 52.522], [26.797, 52.528], [26.75, 52.574], [26.597, 52.578], [26.55, 52.624], [26.213, 52.625], [26.15, 52.674], [25.954, 52.676], [25.908, 52.722], [25.841, 52.731], [25.728, 52.847], [25.722, 52.958], [25.676, 53.004], [25.686, 53.264], [25.747, 53.322], [25.858, 53.328], [25.904, 53.374], [26.1, 53.376], [26.247, 53.472], [26.308, 53.478], [26.418, 53.586], [26.428, 53.653], [26.474, 53.7], [26.468, 53.764], [26.228, 53.997], [26.224, 54.35], [26.178, 54.397], [26.172, 54.508], [26.126, 54.554], [26.125, 54.687], [26.241, 54.819], [26.408, 54.878], [26.468, 54.936], [26.476, 55.146], [26.522, 55.192], [26.525, 55.293], [26.464, 55.414], [26.358, 55.472], [26.247, 55.478], [26.2, 55.524], [26.054, 55.526], [26.008, 55.572], [25.897, 55.578], [25.858, 55.622], [25.747, 55.628], [25.708, 55.672], [25.641, 55.681], [25.531, 55.791], [25.472, 55.958], [25.428, 55.997], [25.422, 56.108], [25.375, 56.163], [25.378, 56.353], [25.422, 56.392], [25.428, 56.503], [25.524, 56.65], [25.518, 56.814], [25.35, 56.924], [25.154, 56.926], [25.093, 56.975], [24.857, 56.975], [24.703, 56.878], [24.636, 56.868], [24.559, 56.781], [24.492, 56.772], [24.453, 56.728], [24.054, 56.726], [23.908, 56.822], [23.841, 56.831], [23.722, 56.95]], [[26.356, 48.529], [26.347, 48.548]], [[26.329, 48.586], [26.32, 48.599]], [[26.215, 48.712], [26.208, 48.762]], [[26.194, 48.776], [25.8, 48.776], [25.753, 48.822], [25.642, 48.828], [25.596, 48.874], [25.192, 48.878], [25.132, 48.936], [25.091, 49.054], [25.124, 49.104], [25.128, 49.208], [25.274, 49.354], [25.274, 49.496], [25.226, 49.55], [25.232, 49.714]]]}, "properties": {"date": "1916-01-01", "theatre": "Восточный фронт", "phase": "позиционный фронт 1915-1916", "method": "голосование 8+8 ближайших якорей двух сторон, вес 1/d^3, сетка 0.05°; невзятый якорь голосует только за свою землю"}}, {"type": "Feature", "geometry": {"type": "MultiLineString", "coordinates": [[[42.528, 38.158], [42.572, 38.197], [42.574, 38.546], [42.409, 38.719], [42.142, 38.828], [42.053, 38.922], [41.892, 38.978], [41.853, 39.022], [41.742, 39.028], [41.696, 39.074], [41.55, 39.076], [41.503, 39.122], [41.436, 39.132], [41.376, 39.2], [41.376, 39.45], [41.436, 39.518], [41.503, 39.528], [41.55, 39.574], [42.046, 39.576], [42.092, 39.622], [42.164, 39.636], [42.228, 39.908], [42.274, 39.954], [42.278, 40.058], [42.339, 40.144], [42.231, 40.162], [42.153, 40.244], [42.183, 40.295], [42.523, 40.423], [42.537, 40.599], [42.32, 40.824], [41.948, 40.825], [41.822, 40.59], [41.657, 40.641], [41.401, 40.556], [41.334, 40.603], [41.365, 40.755], [41.131, 40.812], [41.224, 40.925], [41.092, 40.978], [40.9, 41.168]], [[42.516, 38.042], [42.528, 38.158]]]}, "properties": {"date": "1916-01-01", "theatre": "Кавказский фронт", "phase": "позиционный фронт 1915-1916", "method": "голосование 8+8 ближайших якорей двух сторон, вес 1/d^3, сетка 0.05°; невзятый якорь голосует только за свою землю"}}, {"type": "Feature", "geometry": {"type": "MultiLineString", "coordinates": [[[25.232, 49.714], [25.392, 49.872], [25.441, 49.877]], [[25.327, 50.012], [25.276, 50.046], [25.313, 50.075], [25.95, 50.076], [25.997, 50.122], [26.1, 50.126], [26.214, 50.186], [26.218, 50.314], [25.876, 50.654], [25.876, 50.796], [25.922, 50.842], [25.959, 51.004], [25.926, 51.054], [25.922, 51.158], [25.826, 51.304], [25.831, 51.459], [25.997, 51.622], [26.1, 51.626], [26.147, 51.672], [26.258, 51.678], [26.304, 51.724], [26.45, 51.726], [26.497, 51.772], [26.608, 51.778], [26.647, 51.822], [26.8, 51.826], [26.847, 51.872], [26.958, 51.878], [26.997, 51.922], [27.108, 51.928], [27.147, 51.972], [27.214, 51.982], [27.309, 52.096], [27.275, 52.163], [27.308, 52.31], [27.208, 52.422], [27.097, 52.428], [27.058, 52.472], [26.947, 52.478], [26.908, 52.522], [26.797, 52.528], [26.75, 52.574], [26.597, 52.578], [26.55, 52.624], [26.213, 52.625], [26.15, 52.674], [25.954, 52.676], [25.908, 52.722], [25.841, 52.731], [25.728, 52.847], [25.722, 52.958], [25.676, 53.004], [25.686, 53.264], [25.747, 53.322], [25.858, 53.328], [25.904, 53.374], [26.1, 53.376], [26.247, 53.472], [26.308, 53.478], [26.418, 53.586], [26.428, 53.653], [26.474, 53.7], [26.468, 53.764], [26.228, 53.997], [26.224, 54.35], [26.178, 54.397], [26.172, 54.508], [26.126, 54.554], [26.125, 54.687], [26.241, 54.819], [26.408, 54.878], [26.468, 54.936], [26.476, 55.146], [26.522, 55.192], [26.525, 55.293], [26.464, 55.414], [26.358, 55.472], [26.247, 55.478], [26.2, 55.524], [26.054, 55.526], [26.008, 55.572], [25.897, 55.578], [25.858, 55.622], [25.747, 55.628], [25.708, 55.672], [25.641, 55.681], [25.531, 55.791], [25.472, 55.958], [25.428, 55.997], [25.422, 56.108], [25.375, 56.163], [25.378, 56.353], [25.422, 56.392], [25.428, 56.503], [25.524, 56.65], [25.518, 56.814], [25.35, 56.924], [25.154, 56.926], [25.093, 56.975], [24.857, 56.975], [24.703, 56.878], [24.636, 56.868], [24.559, 56.781], [24.492, 56.772], [24.453, 56.728], [24.054, 56.726], [23.908, 56.822], [23.841, 56.831], [23.722, 56.95]], [[26.356, 48.529], [26.347, 48.548]], [[26.329, 48.586], [26.32, 48.599]], [[26.215, 48.712], [26.208, 48.762]], [[26.194, 48.776], [25.8, 48.776], [25.753, 48.822], [25.642, 48.828], [25.596, 48.874], [25.192, 48.878], [25.132, 48.936], [25.091, 49.054], [25.124, 49.104], [25.128, 49.208], [25.274, 49.354], [25.274, 49.496], [25.226, 49.55], [25.232, 49.714]]]}, "properties": {"date": "1916-02-01", "theatre": "Восточный фронт", "phase": "позиционный фронт 1915-1916", "method": "голосование 8+8 ближайших якорей двух сторон, вес 1/d^3, сетка 0.05°; невзятый якорь голосует только за свою землю"}}, {"type": "Feature", "geometry": {"type": "MultiLineString", "coordinates": [[[42.522, 38.147], [42.528, 38.258], [42.574, 38.304], [42.574, 38.496], [42.459, 38.669], [42.392, 38.678], [42.346, 38.724], [42.2, 38.726], [42.153, 38.772], [42.104, 38.774], [42.058, 38.728], [41.886, 38.664], [41.66, 38.439]], [[40.775, 38.625], [40.776, 38.7], [40.822, 38.747], [40.832, 38.814], [40.892, 38.872], [40.959, 38.881], [41.036, 38.968], [41.109, 38.981], [41.186, 39.068], [41.259, 39.081], [41.322, 39.197], [41.326, 39.6], [41.475, 39.863], [41.472, 39.953], [41.426, 40.0], [41.426, 40.25], [41.569, 40.391], [41.628, 40.558], [41.672, 40.597], [41.657, 40.641], [41.404, 40.556], [41.337, 40.599], [41.365, 40.755], [41.131, 40.812], [41.223, 40.924], [41.035, 41.03], [40.9, 41.168]], [[42.465, 38.072], [42.522, 38.147]]]}, "properties": {"date": "1916-02-01", "theatre": "Кавказский фронт", "phase": "позиционный фронт 1915-1916", "method": "голосование 8+8 ближайших якорей двух сторон, вес 1/d^3, сетка 0.05°; невзятый якорь голосует только за свою землю"}}, {"type": "Feature", "geometry": {"type": "MultiLineString", "coordinates": [[[25.232, 49.714], [25.392, 49.872], [25.441, 49.877]], [[25.327, 50.012], [25.276, 50.046], [25.313, 50.075], [25.95, 50.076], [25.997, 50.122], [26.1, 50.126], [26.214, 50.186], [26.218, 50.314], [25.876, 50.654], [25.876, 50.796], [25.922, 50.842], [25.959, 51.004], [25.926, 51.054], [25.922, 51.158], [25.826, 51.304], [25.831, 51.459], [25.997, 51.622], [26.1, 51.626], [26.147, 51.672], [26.258, 51.678], [26.304, 51.724], [26.45, 51.726], [26.497, 51.772], [26.608, 51.778], [26.647, 51.822], [26.8, 51.826], [26.847, 51.872], [26.958, 51.878], [26.997, 51.922], [27.108, 51.928], [27.147, 51.972], [27.214, 51.982], [27.309, 52.096], [27.275, 52.163], [27.308, 52.31], [27.208, 52.422], [27.097, 52.428], [27.058, 52.472], [26.947, 52.478], [26.908, 52.522], [26.797, 52.528], [26.75, 52.574], [26.597, 52.578], [26.55, 52.624], [26.213, 52.625], [26.15, 52.674], [25.954, 52.676], [25.908, 52.722], [25.841, 52.731], [25.728, 52.847], [25.722, 52.958], [25.676, 53.004], [25.686, 53.264], [25.747, 53.322], [25.858, 53.328], [25.904, 53.374], [26.1, 53.376], [26.247, 53.472], [26.308, 53.478], [26.418, 53.586], [26.428, 53.653], [26.474, 53.7], [26.468, 53.764], [26.228, 53.997], [26.224, 54.35], [26.178, 54.397], [26.172, 54.508], [26.126, 54.554], [26.125, 54.687], [26.241, 54.819], [26.408, 54.878], [26.468, 54.936], [26.476, 55.146], [26.522, 55.192], [26.525, 55.293], [26.464, 55.414], [26.358, 55.472], [26.247, 55.478], [26.2, 55.524], [26.054, 55.526], [26.008, 55.572], [25.897, 55.578], [25.858, 55.622], [25.747, 55.628], [25.708, 55.672], [25.641, 55.681], [25.531, 55.791], [25.472, 55.958], [25.428, 55.997], [25.422, 56.108], [25.375, 56.163], [25.378, 56.353], [25.422, 56.392], [25.428, 56.503], [25.524, 56.65], [25.518, 56.814], [25.35, 56.924], [25.154, 56.926], [25.093, 56.975], [24.857, 56.975], [24.703, 56.878], [24.636, 56.868], [24.559, 56.781], [24.492, 56.772], [24.453, 56.728], [24.054, 56.726], [23.908, 56.822], [23.841, 56.831], [23.722, 56.95]], [[26.356, 48.529], [26.347, 48.548]], [[26.329, 48.586], [26.32, 48.599]], [[26.215, 48.712], [26.208, 48.762]], [[26.194, 48.776], [25.8, 48.776], [25.753, 48.822], [25.642, 48.828], [25.596, 48.874], [25.192, 48.878], [25.132, 48.936], [25.091, 49.054], [25.124, 49.104], [25.128, 49.208], [25.274, 49.354], [25.274, 49.496], [25.226, 49.55], [25.232, 49.714]]]}, "properties": {"date": "1916-03-01", "theatre": "Восточный фронт", "phase": "позиционный фронт 1915-1916", "method": "голосование 8+8 ближайших якорей двух сторон, вес 1/d^3, сетка 0.05°; невзятый якорь голосует только за свою землю"}}, {"type": "Feature", "geometry": {"type": "MultiLineString", "coordinates": [[[40.769, 38.791], [40.791, 38.869], [41.159, 39.031], [41.314, 39.186], [41.324, 39.396], [41.209, 39.569], [40.942, 39.678], [40.882, 39.736], [40.822, 39.903], [40.778, 39.942], [40.772, 40.053], [40.728, 40.092], [40.569, 40.459], [40.409, 40.619], [40.336, 40.632], [40.128, 40.842], [40.128, 40.901]], [[40.678, 38.637], [40.675, 38.693], [40.769, 38.791]]]}, "properties": {"date": "1916-03-01", "theatre": "Кавказский фронт", "phase": "позиционный фронт 1915-1916", "method": "голосование 8+8 ближайших якорей двух сторон, вес 1/d^3, сетка 0.05°; невзятый якорь голосует только за свою землю"}}, {"type": "Feature", "geometry": {"type": "MultiLineString", "coordinates": [[[25.232, 49.714], [25.392, 49.872], [25.441, 49.877]], [[25.327, 50.012], [25.276, 50.046], [25.313, 50.075], [25.95, 50.076], [25.997, 50.122], [26.1, 50.126], [26.214, 50.186], [26.218, 50.314], [25.876, 50.654], [25.876, 50.796], [25.922, 50.842], [25.959, 51.004], [25.926, 51.054], [25.922, 51.158], [25.826, 51.304], [25.831, 51.459], [25.997, 51.622], [26.1, 51.626], [26.147, 51.672], [26.258, 51.678], [26.304, 51.724], [26.45, 51.726], [26.497, 51.772], [26.608, 51.778], [26.647, 51.822], [26.8, 51.826], [26.847, 51.872], [26.958, 51.878], [26.997, 51.922], [27.108, 51.928], [27.147, 51.972], [27.214, 51.982], [27.309, 52.096], [27.275, 52.163], [27.308, 52.31], [27.208, 52.422], [27.097, 52.428], [27.058, 52.472], [26.947, 52.478], [26.908, 52.522], [26.797, 52.528], [26.75, 52.574], [26.597, 52.578], [26.55, 52.624], [26.213, 52.625], [26.15, 52.674], [25.954, 52.676], [25.908, 52.722], [25.841, 52.731], [25.728, 52.847], [25.722, 52.958], [25.676, 53.004], [25.686, 53.264], [25.747, 53.322], [25.858, 53.328], [25.904, 53.374], [26.1, 53.376], [26.247, 53.472], [26.308, 53.478], [26.418, 53.586], [26.428, 53.653], [26.474, 53.7], [26.468, 53.764], [26.228, 53.997], [26.224, 54.35], [26.178, 54.397], [26.172, 54.508], [26.126, 54.554], [26.125, 54.687], [26.241, 54.819], [26.408, 54.878], [26.468, 54.936], [26.476, 55.146], [26.522, 55.192], [26.525, 55.293], [26.464, 55.414], [26.358, 55.472], [26.247, 55.478], [26.2, 55.524], [26.054, 55.526], [26.008, 55.572], [25.897, 55.578], [25.858, 55.622], [25.747, 55.628], [25.708, 55.672], [25.641, 55.681], [25.531, 55.791], [25.472, 55.958], [25.428, 55.997], [25.422, 56.108], [25.375, 56.163], [25.378, 56.353], [25.422, 56.392], [25.428, 56.503], [25.524, 56.65], [25.518, 56.814], [25.35, 56.924], [25.154, 56.926], [25.093, 56.975], [24.857, 56.975], [24.703, 56.878], [24.636, 56.868], [24.559, 56.781], [24.492, 56.772], [24.453, 56.728], [24.054, 56.726], [23.908, 56.822], [23.841, 56.831], [23.722, 56.95]], [[26.356, 48.529], [26.347, 48.548]], [[26.329, 48.586], [26.32, 48.599]], [[26.215, 48.712], [26.208, 48.762]], [[26.194, 48.776], [25.8, 48.776], [25.753, 48.822], [25.642, 48.828], [25.596, 48.874], [25.192, 48.878], [25.132, 48.936], [25.091, 49.054], [25.124, 49.104], [25.128, 49.208], [25.274, 49.354], [25.274, 49.496], [25.226, 49.55], [25.232, 49.714]]]}, "properties": {"date": "1916-04-01", "theatre": "Восточный фронт", "phase": "позиционный фронт 1915-1916", "method": "голосование 8+8 ближайших якорей двух сторон, вес 1/d^3, сетка 0.05°; невзятый якорь голосует только за свою землю"}}, {"type": "Feature", "geometry": {"type": "MultiLineString", "coordinates": [[[40.575, 38.743], [40.792, 38.922], [41.046, 38.976], [41.092, 39.022], [41.164, 39.036], [41.269, 39.141], [41.278, 39.208], [41.322, 39.247], [41.324, 39.396], [41.259, 39.519], [41.192, 39.528], [41.037, 39.625], [40.797, 39.622], [40.758, 39.578], [40.686, 39.564], [40.514, 39.382], [40.447, 39.372], [40.3, 39.276], [40.141, 39.281], [40.122, 39.349]], [[39.976, 39.555], [39.982, 39.864], [40.092, 39.972], [40.446, 40.026], [40.622, 40.147], [40.624, 40.296], [40.578, 40.342], [40.514, 40.514], [40.453, 40.572], [40.386, 40.582], [40.309, 40.669], [40.236, 40.682], [40.128, 40.842], [40.128, 40.901]], [[40.592, 38.634], [40.575, 38.743]]]}, "properties": {"date": "1916-04-01", "theatre": "Кавказский фронт", "phase": "позиционный фронт 1915-1916", "method": "голосование 8+8 ближайших якорей двух сторон, вес 1/d^3, сетка 0.05°; невзятый якорь голосует только за свою землю"}}, {"type": "Feature", "geometry": {"type": "MultiLineString", "coordinates": [[[25.232, 49.714], [25.392, 49.872], [25.441, 49.877]], [[25.327, 50.012], [25.276, 50.046], [25.313, 50.075], [25.95, 50.076], [25.997, 50.122], [26.1, 50.126], [26.214, 50.186], [26.218, 50.314], [25.876, 50.654], [25.876, 50.796], [25.922, 50.842], [25.959, 51.004], [25.926, 51.054], [25.922, 51.158], [25.826, 51.304], [25.831, 51.459], [25.997, 51.622], [26.1, 51.626], [26.147, 51.672], [26.258, 51.678], [26.304, 51.724], [26.45, 51.726], [26.497, 51.772], [26.608, 51.778], [26.647, 51.822], [26.8, 51.826], [26.847, 51.872], [26.958, 51.878], [26.997, 51.922], [27.108, 51.928], [27.147, 51.972], [27.214, 51.982], [27.309, 52.096], [27.275, 52.163], [27.308, 52.31], [27.208, 52.422], [27.097, 52.428], [27.058, 52.472], [26.947, 52.478], [26.908, 52.522], [26.797, 52.528], [26.75, 52.574], [26.597, 52.578], [26.55, 52.624], [26.213, 52.625], [26.15, 52.674], [25.954, 52.676], [25.908, 52.722], [25.841, 52.731], [25.728, 52.847], [25.722, 52.958], [25.676, 53.004], [25.686, 53.264], [25.747, 53.322], [25.858, 53.328], [25.904, 53.374], [26.1, 53.376], [26.247, 53.472], [26.308, 53.478], [26.418, 53.586], [26.428, 53.653], [26.474, 53.7], [26.468, 53.764], [26.228, 53.997], [26.224, 54.35], [26.178, 54.397], [26.172, 54.508], [26.126, 54.554], [26.125, 54.687], [26.241, 54.819], [26.408, 54.878], [26.468, 54.936], [26.476, 55.146], [26.522, 55.192], [26.525, 55.293], [26.464, 55.414], [26.358, 55.472], [26.247, 55.478], [26.2, 55.524], [26.054, 55.526], [26.008, 55.572], [25.897, 55.578], [25.858, 55.622], [25.747, 55.628], [25.708, 55.672], [25.641, 55.681], [25.531, 55.791], [25.472, 55.958], [25.428, 55.997], [25.422, 56.108], [25.375, 56.163], [25.378, 56.353], [25.422, 56.392], [25.428, 56.503], [25.524, 56.65], [25.518, 56.814], [25.35, 56.924], [25.154, 56.926], [25.093, 56.975], [24.857, 56.975], [24.703, 56.878], [24.636, 56.868], [24.559, 56.781], [24.492, 56.772], [24.453, 56.728], [24.054, 56.726], [23.908, 56.822], [23.841, 56.831], [23.722, 56.95]], [[26.356, 48.529], [26.347, 48.548]], [[26.329, 48.586], [26.32, 48.599]], [[26.215, 48.712], [26.208, 48.762]], [[26.194, 48.776], [25.8, 48.776], [25.753, 48.822], [25.642, 48.828], [25.596, 48.874], [25.192, 48.878], [25.132, 48.936], [25.091, 49.054], [25.124, 49.104], [25.128, 49.208], [25.274, 49.354], [25.274, 49.496], [25.226, 49.55], [25.232, 49.714]]]}, "properties": {"date": "1916-05-01", "theatre": "Восточный фронт", "phase": "позиционный фронт 1915-1916", "method": "голосование 8+8 ближайших якорей двух сторон, вес 1/d^3, сетка 0.05°; невзятый якорь голосует только за свою землю"}}, {"type": "Feature", "geometry": {"type": "MultiLineString", "coordinates": [[[40.575, 38.743], [40.792, 38.922], [41.046, 38.976], [41.092, 39.022], [41.164, 39.036], [41.269, 39.141], [41.278, 39.208], [41.322, 39.247], [41.322, 39.403], [41.259, 39.519], [41.092, 39.578], [41.053, 39.622], [40.804, 39.624], [40.758, 39.578], [40.686, 39.564], [40.508, 39.378], [40.447, 39.372], [40.3, 39.276], [40.136, 39.286], [40.121, 39.349]], [[39.976, 39.555], [39.978, 39.858], [40.092, 39.972], [40.446, 40.026], [40.492, 40.072], [40.564, 40.086], [40.625, 40.163], [40.624, 40.296], [40.578, 40.342], [40.569, 40.409], [40.409, 40.569], [40.342, 40.578], [40.303, 40.622], [40.1, 40.626], [40.037, 40.675], [39.7, 40.676], [39.653, 40.722], [39.5, 40.726], [39.453, 40.772], [39.35, 40.776], [39.303, 40.822], [39.236, 40.832], [39.132, 40.936], [39.09, 41.031]], [[40.592, 38.634], [40.575, 38.743]]]}, "properties": {"date": "1916-05-01", "theatre": "Кавказский фронт", "phase": "позиционный фронт 1915-1916", "method": "голосование 8+8 ближайших якорей двух сторон, вес 1/d^3, сетка 0.05°; невзятый якорь голосует только за свою землю"}}, {"type": "Feature", "geometry": {"type": "MultiLineString", "coordinates": [[[25.225, 49.557], [25.236, 49.764], [25.309, 49.781], [25.43, 49.884]], [[25.327, 50.012], [25.194, 50.103], [25.189, 50.189]], [[25.18, 50.26], [25.172, 50.279]], [[25.103, 50.28], [25.082, 50.283]], [[24.987, 50.352], [24.957, 50.351]], [[24.903, 50.344], [24.769, 50.338]], [[24.697, 50.359], [24.64, 50.396]], [[24.475, 50.454], [24.475, 50.461]], [[24.52, 50.516], [24.488, 50.535]], [[24.487, 50.552], [24.524, 50.6], [24.531, 50.709], [24.618, 50.786], [24.631, 50.859], [24.691, 50.919], [24.758, 50.928], [24.804, 50.974], [24.908, 50.978], [24.954, 51.024], [25.058, 51.028], [25.097, 51.072], [25.264, 51.132], [25.418, 51.286], [25.436, 51.364], [25.697, 51.572], [25.758, 51.578], [25.804, 51.624], [26.15, 51.676], [26.204, 51.724], [26.4, 51.726], [26.454, 51.774], [26.608, 51.778], [26.647, 51.822], [26.908, 51.878], [27.294, 52.1], [27.275, 52.237], [27.308, 52.31], [27.208, 52.422], [27.097, 52.428], [27.058, 52.472], [26.947, 52.478], [26.908, 52.522], [26.797, 52.528], [26.75, 52.574], [26.597, 52.578], [26.55, 52.624], [26.213, 52.625], [26.15, 52.674], [25.954, 52.676], [25.908, 52.722], [25.841, 52.731], [25.728, 52.847], [25.722, 52.958], [25.676, 53.004], [25.686, 53.264], [25.747, 53.322], [25.858, 53.328], [25.904, 53.374], [26.1, 53.376], [26.247, 53.472], [26.308, 53.478], [26.418, 53.586], [26.428, 53.653], [26.474, 53.7], [26.468, 53.764], [26.228, 53.997], [26.224, 54.35], [26.178, 54.397], [26.172, 54.508], [26.126, 54.554], [26.125, 54.687], [26.241, 54.819], [26.408, 54.878], [26.468, 54.936], [26.476, 55.146], [26.522, 55.192], [26.525, 55.293], [26.464, 55.414], [26.358, 55.472], [26.247, 55.478], [26.2, 55.524], [26.054, 55.526], [26.008, 55.572], [25.897, 55.578], [25.858, 55.622], [25.747, 55.628], [25.708, 55.672], [25.641, 55.681], [25.531, 55.791], [25.472, 55.958], [25.428, 55.997], [25.422, 56.108], [25.375, 56.163], [25.378, 56.353], [25.422, 56.392], [25.428, 56.503], [25.524, 56.65], [25.518, 56.814], [25.35, 56.924], [25.154, 56.926], [25.093, 56.975], [24.857, 56.975], [24.703, 56.878], [24.636, 56.868], [24.559, 56.781], [24.492, 56.772], [24.453, 56.728], [24.054, 56.726], [23.908, 56.822], [23.841, 56.831], [23.722, 56.95]], [[26.356, 48.529], [26.347, 48.548]], [[26.329, 48.586], [26.32, 48.599]], [[26.204, 48.675], [26.113, 48.675], [26.05, 48.626], [25.854, 48.624], [25.793, 48.575], [25.504, 48.574], [25.458, 48.528], [25.4, 48.526], [25.232, 48.636], [25.172, 48.803], [25.128, 48.842], [25.124, 48.946], [25.076, 49.0], [25.078, 49.108], [25.122, 49.147], [25.132, 49.214], [25.274, 49.354], [25.274, 49.496], [25.225, 49.557]]]}, "properties": {"date": "1916-06-01", "theatre": "Восточный фронт", "phase": "Брусиловский прорыв и позиционный фронт 1916-1917", "method": "голосование 8+8 ближайших якорей двух сторон, вес 1/d^3, сетка 0.05°; невзятый якорь голосует только за свою землю"}}, {"type": "Feature", "geometry": {"type": "MultiLineString", "coordinates": [[[40.769, 38.791], [40.791, 38.869], [41.159, 39.031], [41.314, 39.186], [41.322, 39.403], [41.209, 39.569], [40.942, 39.678], [40.882, 39.736], [40.822, 39.903], [40.778, 39.942], [40.772, 40.053], [40.628, 40.292], [40.572, 40.453], [40.459, 40.569], [40.392, 40.578], [40.346, 40.624], [40.192, 40.628], [40.146, 40.674], [39.75, 40.676], [39.696, 40.724], [39.55, 40.726], [39.496, 40.774], [39.342, 40.778], [39.18, 40.885], [39.088, 41.031]], [[40.678, 38.637], [40.675, 38.693], [40.769, 38.791]]]}, "properties": {"date": "1916-06-01", "theatre": "Кавказский фронт", "phase": "Брусиловский прорыв и позиционный фронт 1916-1917", "method": "голосование 8+8 ближайших якорей двух сторон, вес 1/d^3, сетка 0.05°; невзятый якорь голосует только за свою землю"}}, {"type": "Feature", "geometry": {"type": "MultiLineString", "coordinates": [[[25.687, 47.875], [25.454, 47.874], [25.393, 47.825], [25.154, 47.824], [25.093, 47.775], [24.879, 47.776]], [[24.367, 48.393], [24.486, 48.568], [24.753, 48.678], [24.792, 48.722], [24.903, 48.728], [25.069, 48.841], [25.078, 49.108], [25.122, 49.147], [25.132, 49.214], [25.274, 49.354], [25.274, 49.496], [25.225, 49.557], [25.236, 49.764], [25.309, 49.781], [25.43, 49.884]], [[25.327, 50.012], [25.194, 50.103], [25.189, 50.189]], [[25.18, 50.26], [25.172, 50.279]], [[25.103, 50.28], [25.082, 50.283]], [[24.987, 50.352], [24.957, 50.351]], [[24.903, 50.344], [24.769, 50.338]], [[24.697, 50.359], [24.64, 50.396]], [[24.476, 50.455], [24.476, 50.461]], [[24.52, 50.516], [24.488, 50.535]], [[24.485, 50.555], [24.522, 50.592], [24.528, 50.703], [24.618, 50.786], [24.636, 50.864], [24.797, 50.972], [25.058, 51.028], [25.097, 51.072], [25.264, 51.132], [25.418, 51.286], [25.431, 51.359], [25.691, 51.569], [25.758, 51.578], [25.797, 51.622], [25.95, 51.626], [26.004, 51.674], [26.15, 51.676], [26.204, 51.724], [26.4, 51.726], [26.454, 51.774], [26.6, 51.776], [26.647, 51.822], [26.758, 51.828], [26.797, 51.872], [26.908, 51.878], [27.294, 52.1], [27.275, 52.237], [27.308, 52.31], [27.208, 52.422], [27.097, 52.428], [27.058, 52.472], [26.947, 52.478], [26.908, 52.522], [26.797, 52.528], [26.75, 52.574], [26.597, 52.578], [26.55, 52.624], [26.213, 52.625], [26.15, 52.674], [25.954, 52.676], [25.908, 52.722], [25.841, 52.731], [25.728, 52.847], [25.722, 52.958], [25.676, 53.004], [25.686, 53.264], [25.747, 53.322], [25.858, 53.328], [25.904, 53.374], [26.1, 53.376], [26.247, 53.472], [26.308, 53.478], [26.418, 53.586], [26.428, 53.653], [26.474, 53.7], [26.468, 53.764], [26.228, 53.997], [26.224, 54.35], [26.178, 54.397], [26.172, 54.508], [26.126, 54.554], [26.125, 54.687], [26.241, 54.819], [26.408, 54.878], [26.468, 54.936], [26.476, 55.146], [26.522, 55.192], [26.525, 55.293], [26.464, 55.414], [26.358, 55.472], [26.247, 55.478], [26.2, 55.524], [26.054, 55.526], [26.008, 55.572], [25.897, 55.578], [25.858, 55.622], [25.747, 55.628], [25.708, 55.672], [25.641, 55.681], [25.531, 55.791], [25.472, 55.958], [25.428, 55.997], [25.422, 56.108], [25.375, 56.163], [25.378, 56.353], [25.422, 56.392], [25.428, 56.503], [25.524, 56.65], [25.524, 56.8], [25.464, 56.868], [25.397, 56.878], [25.35, 56.924], [25.154, 56.926], [25.1, 56.974], [24.857, 56.975], [24.703, 56.878], [24.636, 56.868], [24.559, 56.781], [24.492, 56.772], [24.453, 56.728], [24.054, 56.726], [23.908, 56.822], [23.841, 56.831], [23.722, 56.95]], [[26.239, 47.712], [26.153, 47.772], [26.042, 47.778], [26.003, 47.822], [25.75, 47.826], [25.687, 47.875]]]}, "properties": {"date": "1916-07-01", "theatre": "Восточный фронт", "phase": "Брусиловский прорыв и позиционный фронт 1916-1917", "method": "голосование 8+8 ближайших якорей двух сторон, вес 1/d^3, сетка 0.05°; невзятый якорь голосует только за свою землю"}}, {"type": "Feature", "geometry": {"type": "MultiLineString", "coordinates": [[[40.769, 38.791], [40.791, 38.869], [41.159, 39.031], [41.319, 39.191], [41.324, 39.396], [41.209, 39.569], [40.942, 39.678], [40.882, 39.736], [40.822, 39.903], [40.778, 39.942], [40.772, 40.053], [40.728, 40.092], [40.619, 40.359], [40.409, 40.569], [40.154, 40.624], [40.108, 40.578], [40.036, 40.564], [39.881, 40.409], [39.818, 40.236], [39.7, 40.126], [38.957, 40.125], [38.836, 40.182], [38.776, 40.25], [38.776, 40.45], [38.972, 40.747], [38.976, 40.9], [39.025, 40.963], [39.023, 41.023]], [[40.678, 38.637], [40.675, 38.693], [40.769, 38.791]]]}, "properties": {"date": "1916-07-01", "theatre": "Кавказский фронт", "phase": "Брусиловский прорыв и позиционный фронт 1916-1917", "method": "голосование 8+8 ближайших якорей двух сторон, вес 1/d^3, сетка 0.05°; невзятый якорь голосует только за свою землю"}}, {"type": "Feature", "geometry": {"type": "MultiLineString", "coordinates": [[[24.472, 48.797], [24.478, 48.908], [24.6, 49.024], [25.009, 49.031], [25.069, 49.091], [25.082, 49.164], [25.272, 49.347], [25.274, 49.496], [25.178, 49.642], [25.169, 49.709], [25.059, 49.819], [24.986, 49.832], [24.778, 50.042], [24.778, 50.158], [24.88, 50.313], [24.935, 50.326]], [[24.947, 50.328], [24.98, 50.354], [24.957, 50.351]], [[24.903, 50.344], [24.769, 50.338]], [[24.697, 50.359], [24.64, 50.396]], [[24.475, 50.454], [24.466, 50.46]], [[24.52, 50.516], [24.488, 50.535]], [[24.489, 50.544], [24.522, 50.592], [24.528, 50.703], [24.618, 50.786], [24.636, 50.864], [24.797, 50.972], [25.058, 51.028], [25.097, 51.072], [25.264, 51.132], [25.586, 51.514], [25.758, 51.578], [25.797, 51.622], [25.908, 51.628], [25.954, 51.674], [26.15, 51.676], [26.204, 51.724], [26.4, 51.726], [26.447, 51.772], [26.558, 51.778], [26.604, 51.824], [26.75, 51.826], [26.797, 51.872], [26.908, 51.878], [27.047, 51.972], [27.108, 51.978], [27.191, 52.069], [27.294, 52.102], [27.275, 52.237], [27.305, 52.317], [27.264, 52.368], [27.097, 52.428], [27.058, 52.472], [26.947, 52.478], [26.908, 52.522], [26.797, 52.528], [26.75, 52.574], [26.604, 52.576], [26.55, 52.624], [26.213, 52.625], [26.15, 52.674], [25.954, 52.676], [25.908, 52.722], [25.841, 52.731], [25.728, 52.847], [25.722, 52.958], [25.676, 53.004], [25.686, 53.264], [25.747, 53.322], [25.858, 53.328], [25.904, 53.374], [26.1, 53.376], [26.247, 53.472], [26.308, 53.478], [26.418, 53.586], [26.428, 53.653], [26.474, 53.7], [26.468, 53.764], [26.228, 53.997], [26.224, 54.35], [26.178, 54.397], [26.172, 54.508], [26.126, 54.554], [26.125, 54.687], [26.241, 54.819], [26.408, 54.878], [26.468, 54.936], [26.476, 55.146], [26.522, 55.192], [26.525, 55.293], [26.464, 55.414], [26.358, 55.472], [26.247, 55.478], [26.2, 55.524], [26.054, 55.526], [26.008, 55.572], [25.897, 55.578], [25.858, 55.622], [25.747, 55.628], [25.708, 55.672], [25.641, 55.681], [25.531, 55.791], [25.472, 55.958], [25.428, 55.997], [25.422, 56.108], [25.375, 56.163], [25.378, 56.353], [25.422, 56.392], [25.428, 56.503], [25.524, 56.65], [25.524, 56.8], [25.464, 56.868], [25.397, 56.878], [25.35, 56.924], [25.154, 56.926], [25.1, 56.974], [24.857, 56.975], [24.703, 56.878], [24.636, 56.868], [24.559, 56.781], [24.492, 56.772], [24.453, 56.728], [24.054, 56.726], [23.908, 56.822], [23.841, 56.831], [23.722, 56.95]], [[24.276, 48.414], [24.322, 48.497], [24.328, 48.608], [24.419, 48.691], [24.428, 48.758], [24.472, 48.797]]]}, "properties": {"date": "1916-08-01", "theatre": "Восточный фронт", "phase": "Брусиловский прорыв и позиционный фронт 1916-1917", "method": "голосование 8+8 ближайших якорей двух сторон, вес 1/d^3, сетка 0.05°; невзятый якорь голосует только за свою землю"}}, {"type": "Feature", "geometry": {"type": "MultiLineString", "coordinates": [[[42.528, 38.158], [42.574, 38.204], [42.572, 38.553], [42.414, 38.714], [41.942, 38.928], [41.903, 38.972], [41.792, 38.978], [41.746, 39.024], [41.247, 39.022], [40.908, 38.828], [40.797, 38.822], [40.75, 38.776], [40.383, 38.75]], [[38.749, 39.227], [38.696, 39.274], [38.5, 39.276], [38.453, 39.322], [38.395, 39.328]], [[38.346, 40.179], [38.492, 40.322], [38.564, 40.336], [38.864, 40.636], [38.928, 40.808], [38.972, 40.847], [38.973, 41.023]], [[42.516, 38.042], [42.528, 38.158]]]}, "properties": {"date": "1916-08-01", "theatre": "Кавказский фронт", "phase": "Брусиловский прорыв и позиционный фронт 1916-1917", "method": "голосование 8+8 ближайших якорей двух сторон, вес 1/d^3, сетка 0.05°; невзятый якорь голосует только за свою землю"}}, {"type": "Feature", "geometry": {"type": "MultiLineString", "coordinates": [[[24.472, 48.797], [24.478, 48.908], [24.6, 49.024], [25.009, 49.031], [25.069, 49.091], [25.082, 49.164], [25.272, 49.347], [25.274, 49.496], [25.178, 49.642], [25.169, 49.709], [25.059, 49.819], [24.986, 49.832], [24.778, 50.042], [24.778, 50.158], [24.88, 50.313], [24.935, 50.326]], [[24.947, 50.328], [24.98, 50.354], [24.957, 50.351]], [[24.903, 50.344], [24.769, 50.338]], [[24.697, 50.359], [24.64, 50.396]], [[24.475, 50.454], [24.466, 50.46]], [[24.52, 50.516], [24.488, 50.535]], [[24.489, 50.544], [24.522, 50.592], [24.528, 50.703], [24.618, 50.786], [24.636, 50.864], [24.797, 50.972], [25.058, 51.028], [25.097, 51.072], [25.264, 51.132], [25.586, 51.514], [25.758, 51.578], [25.797, 51.622], [25.908, 51.628], [25.954, 51.674], [26.15, 51.676], [26.204, 51.724], [26.4, 51.726], [26.447, 51.772], [26.558, 51.778], [26.604, 51.824], [26.75, 51.826], [26.797, 51.872], [26.908, 51.878], [27.047, 51.972], [27.108, 51.978], [27.191, 52.069], [27.294, 52.102], [27.275, 52.237], [27.305, 52.317], [27.264, 52.368], [27.097, 52.428], [27.058, 52.472], [26.947, 52.478], [26.908, 52.522], [26.797, 52.528], [26.75, 52.574], [26.604, 52.576], [26.55, 52.624], [26.213, 52.625], [26.15, 52.674], [25.954, 52.676], [25.908, 52.722], [25.841, 52.731], [25.728, 52.847], [25.722, 52.958], [25.676, 53.004], [25.686, 53.264], [25.747, 53.322], [25.858, 53.328], [25.904, 53.374], [26.1, 53.376], [26.247, 53.472], [26.308, 53.478], [26.418, 53.586], [26.428, 53.653], [26.474, 53.7], [26.468, 53.764], [26.228, 53.997], [26.224, 54.35], [26.178, 54.397], [26.172, 54.508], [26.126, 54.554], [26.125, 54.687], [26.241, 54.819], [26.408, 54.878], [26.468, 54.936], [26.476, 55.146], [26.522, 55.192], [26.525, 55.293], [26.464, 55.414], [26.358, 55.472], [26.247, 55.478], [26.2, 55.524], [26.054, 55.526], [26.008, 55.572], [25.897, 55.578], [25.858, 55.622], [25.747, 55.628], [25.708, 55.672], [25.641, 55.681], [25.531, 55.791], [25.472, 55.958], [25.428, 55.997], [25.422, 56.108], [25.375, 56.163], [25.378, 56.353], [25.422, 56.392], [25.428, 56.503], [25.524, 56.65], [25.524, 56.8], [25.464, 56.868], [25.397, 56.878], [25.35, 56.924], [25.154, 56.926], [25.1, 56.974], [24.857, 56.975], [24.703, 56.878], [24.636, 56.868], [24.559, 56.781], [24.492, 56.772], [24.453, 56.728], [24.054, 56.726], [23.908, 56.822], [23.841, 56.831], [23.722, 56.95]], [[24.276, 48.414], [24.322, 48.497], [24.328, 48.608], [24.419, 48.691], [24.428, 48.758], [24.472, 48.797]]]}, "properties": {"date": "1916-09-01", "theatre": "Восточный фронт", "phase": "Брусиловский прорыв и позиционный фронт 1916-1917", "method": "голосование 8+8 ближайших якорей двух сторон, вес 1/d^3, сетка 0.05°; невзятый якорь голосует только за свою землю"}}, {"type": "Feature", "geometry": {"type": "MultiLineString", "coordinates": [[[42.522, 38.147], [42.528, 38.258], [42.574, 38.304], [42.574, 38.496], [42.528, 38.542], [42.514, 38.614], [42.346, 38.724], [41.997, 38.722], [41.958, 38.678], [41.886, 38.664], [41.686, 38.464], [41.671, 38.398]], [[40.468, 38.575], [40.278, 38.681]], [[38.749, 39.227], [38.696, 39.274], [38.5, 39.276], [38.453, 39.322], [38.395, 39.328]], [[38.346, 40.179], [38.492, 40.322], [38.564, 40.336], [38.864, 40.636], [38.928, 40.808], [38.972, 40.847], [38.973, 41.023]], [[42.465, 38.071], [42.522, 38.147]]]}, "properties": {"date": "1916-09-01", "theatre": "Кавказский фронт", "phase": "Брусиловский прорыв и позиционный фронт 1916-1917", "method": "голосование 8+8 ближайших якорей двух сторон, вес 1/d^3, сетка 0.05°; невзятый якорь голосует только за свою землю"}}, {"type": "Feature", "geometry": {"type": "MultiLineString", "coordinates": [[[24.472, 48.797], [24.478, 48.908], [24.6, 49.024], [25.009, 49.031], [25.069, 49.091], [25.082, 49.164], [25.272, 49.347], [25.274, 49.496], [25.178, 49.642], [25.169, 49.709], [25.059, 49.819], [24.986, 49.832], [24.778, 50.042], [24.778, 50.158], [24.88, 50.313], [24.935, 50.326]], [[24.947, 50.328], [24.98, 50.354], [24.957, 50.351]], [[24.903, 50.344], [24.769, 50.338]], [[24.697, 50.359], [24.64, 50.396]], [[24.475, 50.454], [24.466, 50.46]], [[24.52, 50.516], [24.488, 50.535]], [[24.489, 50.544], [24.522, 50.592], [24.528, 50.703], [24.618, 50.786], [24.636, 50.864], [24.797, 50.972], [25.058, 51.028], [25.097, 51.072], [25.264, 51.132], [25.586, 51.514], [25.758, 51.578], [25.797, 51.622], [25.908, 51.628], [25.954, 51.674], [26.15, 51.676], [26.204, 51.724], [26.4, 51.726], [26.447, 51.772], [26.558, 51.778], [26.604, 51.824], [26.75, 51.826], [26.797, 51.872], [26.908, 51.878], [27.047, 51.972], [27.108, 51.978], [27.191, 52.069], [27.294, 52.102], [27.275, 52.237], [27.305, 52.317], [27.264, 52.368], [27.097, 52.428], [27.058, 52.472], [26.947, 52.478], [26.908, 52.522], [26.797, 52.528], [26.75, 52.574], [26.604, 52.576], [26.55, 52.624], [26.213, 52.625], [26.15, 52.674], [25.954, 52.676], [25.908, 52.722], [25.841, 52.731], [25.728, 52.847], [25.722, 52.958], [25.676, 53.004], [25.686, 53.264], [25.747, 53.322], [25.858, 53.328], [25.904, 53.374], [26.1, 53.376], [26.247, 53.472], [26.308, 53.478], [26.418, 53.586], [26.428, 53.653], [26.474, 53.7], [26.468, 53.764], [26.228, 53.997], [26.224, 54.35], [26.178, 54.397], [26.172, 54.508], [26.126, 54.554], [26.125, 54.687], [26.241, 54.819], [26.408, 54.878], [26.468, 54.936], [26.476, 55.146], [26.522, 55.192], [26.525, 55.293], [26.464, 55.414], [26.358, 55.472], [26.247, 55.478], [26.2, 55.524], [26.054, 55.526], [26.008, 55.572], [25.897, 55.578], [25.858, 55.622], [25.747, 55.628], [25.708, 55.672], [25.641, 55.681], [25.531, 55.791], [25.472, 55.958], [25.428, 55.997], [25.422, 56.108], [25.375, 56.163], [25.378, 56.353], [25.422, 56.392], [25.428, 56.503], [25.524, 56.65], [25.524, 56.8], [25.464, 56.868], [25.397, 56.878], [25.35, 56.924], [25.154, 56.926], [25.1, 56.974], [24.857, 56.975], [24.703, 56.878], [24.636, 56.868], [24.559, 56.781], [24.492, 56.772], [24.453, 56.728], [24.054, 56.726], [23.908, 56.822], [23.841, 56.831], [23.722, 56.95]], [[24.276, 48.414], [24.322, 48.497], [24.328, 48.608], [24.419, 48.691], [24.428, 48.758], [24.472, 48.797]]]}, "properties": {"date": "1916-10-01", "theatre": "Восточный фронт", "phase": "Брусиловский прорыв и позиционный фронт 1916-1917", "method": "голосование 8+8 ближайших якорей двух сторон, вес 1/d^3, сетка 0.05°; невзятый якорь голосует только за свою землю"}}, {"type": "Feature", "geometry": {"type": "MultiLineString", "coordinates": [[[42.522, 38.147], [42.528, 38.258], [42.574, 38.304], [42.574, 38.496], [42.528, 38.542], [42.514, 38.614], [42.346, 38.724], [41.997, 38.722], [41.958, 38.678], [41.886, 38.664], [41.686, 38.464], [41.671, 38.398]], [[40.468, 38.575], [40.278, 38.681]], [[38.749, 39.227], [38.696, 39.274], [38.5, 39.276], [38.453, 39.322], [38.395, 39.328]], [[38.346, 40.179], [38.492, 40.322], [38.564, 40.336], [38.864, 40.636], [38.928, 40.808], [38.972, 40.847], [38.973, 41.023]], [[42.465, 38.071], [42.522, 38.147]]]}, "properties": {"date": "1916-10-01", "theatre": "Кавказский фронт", "phase": "Брусиловский прорыв и позиционный фронт 1916-1917", "method": "голосование 8+8 ближайших якорей двух сторон, вес 1/d^3, сетка 0.05°; невзятый якорь голосует только за свою землю"}}, {"type": "Feature", "geometry": {"type": "MultiLineString", "coordinates": [[[24.472, 48.797], [24.478, 48.908], [24.6, 49.024], [25.009, 49.031], [25.069, 49.091], [25.082, 49.164], [25.272, 49.347], [25.274, 49.496], [25.178, 49.642], [25.169, 49.709], [25.059, 49.819], [24.986, 49.832], [24.778, 50.042], [24.778, 50.158], [24.88, 50.313], [24.935, 50.326]], [[24.947, 50.328], [24.98, 50.354], [24.957, 50.351]], [[24.903, 50.344], [24.769, 50.338]], [[24.697, 50.359], [24.64, 50.396]], [[24.475, 50.454], [24.466, 50.46]], [[24.52, 50.516], [24.488, 50.535]], [[24.489, 50.544], [24.522, 50.592], [24.528, 50.703], [24.618, 50.786], [24.636, 50.864], [24.797, 50.972], [25.058, 51.028], [25.097, 51.072], [25.264, 51.132], [25.586, 51.514], [25.758, 51.578], [25.797, 51.622], [25.908, 51.628], [25.954, 51.674], [26.15, 51.676], [26.204, 51.724], [26.4, 51.726], [26.447, 51.772], [26.558, 51.778], [26.604, 51.824], [26.75, 51.826], [26.797, 51.872], [26.908, 51.878], [27.047, 51.972], [27.108, 51.978], [27.191, 52.069], [27.294, 52.102], [27.275, 52.237], [27.305, 52.317], [27.264, 52.368], [27.097, 52.428], [27.058, 52.472], [26.947, 52.478], [26.908, 52.522], [26.797, 52.528], [26.75, 52.574], [26.604, 52.576], [26.55, 52.624], [26.213, 52.625], [26.15, 52.674], [25.954, 52.676], [25.908, 52.722], [25.841, 52.731], [25.728, 52.847], [25.722, 52.958], [25.676, 53.004], [25.686, 53.264], [25.747, 53.322], [25.858, 53.328], [25.904, 53.374], [26.1, 53.376], [26.247, 53.472], [26.308, 53.478], [26.418, 53.586], [26.428, 53.653], [26.474, 53.7], [26.468, 53.764], [26.228, 53.997], [26.224, 54.35], [26.178, 54.397], [26.172, 54.508], [26.126, 54.554], [26.125, 54.687], [26.241, 54.819], [26.408, 54.878], [26.468, 54.936], [26.476, 55.146], [26.522, 55.192], [26.525, 55.293], [26.464, 55.414], [26.358, 55.472], [26.247, 55.478], [26.2, 55.524], [26.054, 55.526], [26.008, 55.572], [25.897, 55.578], [25.858, 55.622], [25.747, 55.628], [25.708, 55.672], [25.641, 55.681], [25.531, 55.791], [25.472, 55.958], [25.428, 55.997], [25.422, 56.108], [25.375, 56.163], [25.378, 56.353], [25.422, 56.392], [25.428, 56.503], [25.524, 56.65], [25.524, 56.8], [25.464, 56.868], [25.397, 56.878], [25.35, 56.924], [25.154, 56.926], [25.1, 56.974], [24.857, 56.975], [24.703, 56.878], [24.636, 56.868], [24.559, 56.781], [24.492, 56.772], [24.453, 56.728], [24.054, 56.726], [23.908, 56.822], [23.841, 56.831], [23.722, 56.95]], [[24.276, 48.414], [24.322, 48.497], [24.328, 48.608], [24.419, 48.691], [24.428, 48.758], [24.472, 48.797]]]}, "properties": {"date": "1916-11-01", "theatre": "Восточный фронт", "phase": "Брусиловский прорыв и позиционный фронт 1916-1917", "method": "голосование 8+8 ближайших якорей двух сторон, вес 1/d^3, сетка 0.05°; невзятый якорь голосует только за свою землю"}}, {"type": "Feature", "geometry": {"type": "MultiLineString", "coordinates": [[[42.522, 38.147], [42.528, 38.258], [42.574, 38.304], [42.574, 38.496], [42.528, 38.542], [42.514, 38.614], [42.346, 38.724], [41.997, 38.722], [41.958, 38.678], [41.886, 38.664], [41.686, 38.464], [41.671, 38.398]], [[40.468, 38.575], [40.278, 38.681]], [[38.749, 39.227], [38.696, 39.274], [38.5, 39.276], [38.453, 39.322], [38.395, 39.328]], [[38.346, 40.179], [38.492, 40.322], [38.564, 40.336], [38.864, 40.636], [38.928, 40.808], [38.972, 40.847], [38.973, 41.023]], [[42.465, 38.071], [42.522, 38.147]]]}, "properties": {"date": "1916-11-01", "theatre": "Кавказский фронт", "phase": "Брусиловский прорыв и позиционный фронт 1916-1917", "method": "голосование 8+8 ближайших якорей двух сторон, вес 1/d^3, сетка 0.05°; невзятый якорь голосует только за свою землю"}}, {"type": "Feature", "geometry": {"type": "MultiLineString", "coordinates": [[[24.472, 48.797], [24.478, 48.908], [24.6, 49.024], [25.009, 49.031], [25.069, 49.091], [25.082, 49.164], [25.272, 49.347], [25.274, 49.496], [25.178, 49.642], [25.169, 49.709], [25.059, 49.819], [24.986, 49.832], [24.778, 50.042], [24.778, 50.158], [24.88, 50.313], [24.935, 50.326]], [[24.947, 50.328], [24.98, 50.354], [24.957, 50.351]], [[24.903, 50.344], [24.769, 50.338]], [[24.697, 50.359], [24.64, 50.396]], [[24.475, 50.454], [24.466, 50.46]], [[24.52, 50.516], [24.488, 50.535]], [[24.489, 50.544], [24.522, 50.592], [24.528, 50.703], [24.618, 50.786], [24.636, 50.864], [24.797, 50.972], [25.058, 51.028], [25.097, 51.072], [25.264, 51.132], [25.586, 51.514], [25.758, 51.578], [25.797, 51.622], [25.908, 51.628], [25.954, 51.674], [26.15, 51.676], [26.204, 51.724], [26.4, 51.726], [26.447, 51.772], [26.558, 51.778], [26.604, 51.824], [26.75, 51.826], [26.797, 51.872], [26.908, 51.878], [27.047, 51.972], [27.108, 51.978], [27.191, 52.069], [27.294, 52.102], [27.275, 52.237], [27.305, 52.317], [27.264, 52.368], [27.097, 52.428], [27.058, 52.472], [26.947, 52.478], [26.908, 52.522], [26.797, 52.528], [26.75, 52.574], [26.604, 52.576], [26.55, 52.624], [26.213, 52.625], [26.15, 52.674], [25.954, 52.676], [25.908, 52.722], [25.841, 52.731], [25.728, 52.847], [25.722, 52.958], [25.676, 53.004], [25.686, 53.264], [25.747, 53.322], [25.858, 53.328], [25.904, 53.374], [26.1, 53.376], [26.247, 53.472], [26.308, 53.478], [26.418, 53.586], [26.428, 53.653], [26.474, 53.7], [26.468, 53.764], [26.228, 53.997], [26.224, 54.35], [26.178, 54.397], [26.172, 54.508], [26.126, 54.554], [26.125, 54.687], [26.241, 54.819], [26.408, 54.878], [26.468, 54.936], [26.476, 55.146], [26.522, 55.192], [26.525, 55.293], [26.464, 55.414], [26.358, 55.472], [26.247, 55.478], [26.2, 55.524], [26.054, 55.526], [26.008, 55.572], [25.897, 55.578], [25.858, 55.622], [25.747, 55.628], [25.708, 55.672], [25.641, 55.681], [25.531, 55.791], [25.472, 55.958], [25.428, 55.997], [25.422, 56.108], [25.375, 56.163], [25.378, 56.353], [25.422, 56.392], [25.428, 56.503], [25.524, 56.65], [25.524, 56.8], [25.464, 56.868], [25.397, 56.878], [25.35, 56.924], [25.154, 56.926], [25.1, 56.974], [24.857, 56.975], [24.703, 56.878], [24.636, 56.868], [24.559, 56.781], [24.492, 56.772], [24.453, 56.728], [24.054, 56.726], [23.908, 56.822], [23.841, 56.831], [23.722, 56.95]], [[24.276, 48.414], [24.322, 48.497], [24.328, 48.608], [24.419, 48.691], [24.428, 48.758], [24.472, 48.797]]]}, "properties": {"date": "1916-12-01", "theatre": "Восточный фронт", "phase": "Брусиловский прорыв и позиционный фронт 1916-1917", "method": "голосование 8+8 ближайших якорей двух сторон, вес 1/d^3, сетка 0.05°; невзятый якорь голосует только за свою землю"}}, {"type": "Feature", "geometry": {"type": "MultiLineString", "coordinates": [[[42.522, 38.147], [42.528, 38.258], [42.574, 38.304], [42.574, 38.496], [42.528, 38.542], [42.514, 38.614], [42.346, 38.724], [41.997, 38.722], [41.958, 38.678], [41.886, 38.664], [41.686, 38.464], [41.671, 38.398]], [[40.468, 38.575], [40.278, 38.681]], [[38.749, 39.227], [38.696, 39.274], [38.5, 39.276], [38.453, 39.322], [38.395, 39.328]], [[38.346, 40.179], [38.492, 40.322], [38.564, 40.336], [38.864, 40.636], [38.928, 40.808], [38.972, 40.847], [38.973, 41.023]], [[42.465, 38.071], [42.522, 38.147]]]}, "properties": {"date": "1916-12-01", "theatre": "Кавказский фронт", "phase": "Брусиловский прорыв и позиционный фронт 1916-1917", "method": "голосование 8+8 ближайших якорей двух сторон, вес 1/d^3, сетка 0.05°; невзятый якорь голосует только за свою землю"}}, {"type": "Feature", "geometry": {"type": "MultiLineString", "coordinates": [[[24.472, 48.797], [24.478, 48.908], [24.6, 49.024], [25.009, 49.031], [25.069, 49.091], [25.082, 49.164], [25.272, 49.347], [25.274, 49.496], [25.178, 49.642], [25.169, 49.709], [25.059, 49.819], [24.986, 49.832], [24.778, 50.042], [24.778, 50.158], [24.88, 50.313], [24.935, 50.326]], [[24.947, 50.328], [24.98, 50.354], [24.957, 50.351]], [[24.903, 50.344], [24.769, 50.338]], [[24.697, 50.359], [24.64, 50.396]], [[24.475, 50.454], [24.466, 50.46]], [[24.52, 50.516], [24.488, 50.535]], [[24.489, 50.544], [24.522, 50.592], [24.528, 50.703], [24.618, 50.786], [24.636, 50.864], [24.797, 50.972], [25.058, 51.028], [25.097, 51.072], [25.264, 51.132], [25.586, 51.514], [25.758, 51.578], [25.797, 51.622], [25.908, 51.628], [25.954, 51.674], [26.15, 51.676], [26.204, 51.724], [26.4, 51.726], [26.447, 51.772], [26.558, 51.778], [26.604, 51.824], [26.75, 51.826], [26.797, 51.872], [26.908, 51.878], [27.047, 51.972], [27.108, 51.978], [27.191, 52.069], [27.294, 52.102], [27.275, 52.237], [27.305, 52.317], [27.264, 52.368], [27.097, 52.428], [27.058, 52.472], [26.947, 52.478], [26.908, 52.522], [26.797, 52.528], [26.75, 52.574], [26.604, 52.576], [26.55, 52.624], [26.213, 52.625], [26.15, 52.674], [25.954, 52.676], [25.908, 52.722], [25.841, 52.731], [25.728, 52.847], [25.722, 52.958], [25.676, 53.004], [25.686, 53.264], [25.747, 53.322], [25.858, 53.328], [25.904, 53.374], [26.1, 53.376], [26.247, 53.472], [26.308, 53.478], [26.418, 53.586], [26.428, 53.653], [26.474, 53.7], [26.468, 53.764], [26.228, 53.997], [26.224, 54.35], [26.178, 54.397], [26.172, 54.508], [26.126, 54.554], [26.125, 54.687], [26.241, 54.819], [26.408, 54.878], [26.468, 54.936], [26.476, 55.146], [26.522, 55.192], [26.525, 55.293], [26.464, 55.414], [26.358, 55.472], [26.247, 55.478], [26.2, 55.524], [26.054, 55.526], [26.008, 55.572], [25.897, 55.578], [25.858, 55.622], [25.747, 55.628], [25.708, 55.672], [25.641, 55.681], [25.531, 55.791], [25.472, 55.958], [25.428, 55.997], [25.422, 56.108], [25.375, 56.163], [25.378, 56.353], [25.422, 56.392], [25.428, 56.503], [25.524, 56.65], [25.524, 56.8], [25.464, 56.868], [25.397, 56.878], [25.35, 56.924], [25.154, 56.926], [25.1, 56.974], [24.857, 56.975], [24.703, 56.878], [24.636, 56.868], [24.559, 56.781], [24.492, 56.772], [24.453, 56.728], [24.054, 56.726], [23.908, 56.822], [23.841, 56.831], [23.722, 56.95]], [[24.276, 48.414], [24.322, 48.497], [24.328, 48.608], [24.419, 48.691], [24.428, 48.758], [24.472, 48.797]]]}, "properties": {"date": "1917-01-01", "theatre": "Восточный фронт", "phase": "Брусиловский прорыв и позиционный фронт 1916-1917", "method": "голосование 8+8 ближайших якорей двух сторон, вес 1/d^3, сетка 0.05°; невзятый якорь голосует только за свою землю"}}, {"type": "Feature", "geometry": {"type": "MultiLineString", "coordinates": [[[42.522, 38.147], [42.528, 38.258], [42.574, 38.304], [42.574, 38.496], [42.528, 38.542], [42.514, 38.614], [42.346, 38.724], [41.997, 38.722], [41.958, 38.678], [41.886, 38.664], [41.686, 38.464], [41.671, 38.398]], [[40.468, 38.575], [40.278, 38.681]], [[38.749, 39.227], [38.696, 39.274], [38.5, 39.276], [38.453, 39.322], [38.395, 39.328]], [[38.346, 40.179], [38.492, 40.322], [38.564, 40.336], [38.864, 40.636], [38.928, 40.808], [38.972, 40.847], [38.973, 41.023]], [[42.465, 38.071], [42.522, 38.147]]]}, "properties": {"date": "1917-01-01", "theatre": "Кавказский фронт", "phase": "Брусиловский прорыв и позиционный фронт 1916-1917", "method": "голосование 8+8 ближайших якорей двух сторон, вес 1/d^3, сетка 0.05°; невзятый якорь голосует только за свою землю"}}, {"type": "Feature", "geometry": {"type": "MultiLineString", "coordinates": [[[24.472, 48.797], [24.478, 48.908], [24.6, 49.024], [25.009, 49.031], [25.069, 49.091], [25.082, 49.164], [25.272, 49.347], [25.274, 49.496], [25.178, 49.642], [25.169, 49.709], [25.059, 49.819], [24.986, 49.832], [24.778, 50.042], [24.778, 50.158], [24.88, 50.313], [24.935, 50.326]], [[24.947, 50.328], [24.98, 50.354], [24.957, 50.351]], [[24.903, 50.344], [24.769, 50.338]], [[24.697, 50.359], [24.64, 50.396]], [[24.475, 50.454], [24.466, 50.46]], [[24.52, 50.516], [24.488, 50.535]], [[24.489, 50.544], [24.522, 50.592], [24.528, 50.703], [24.618, 50.786], [24.636, 50.864], [24.797, 50.972], [25.058, 51.028], [25.097, 51.072], [25.264, 51.132], [25.586, 51.514], [25.758, 51.578], [25.797, 51.622], [25.908, 51.628], [25.954, 51.674], [26.15, 51.676], [26.204, 51.724], [26.4, 51.726], [26.447, 51.772], [26.558, 51.778], [26.604, 51.824], [26.75, 51.826], [26.797, 51.872], [26.908, 51.878], [27.047, 51.972], [27.108, 51.978], [27.191, 52.069], [27.294, 52.102], [27.275, 52.237], [27.305, 52.317], [27.264, 52.368], [27.097, 52.428], [27.058, 52.472], [26.947, 52.478], [26.908, 52.522], [26.797, 52.528], [26.75, 52.574], [26.604, 52.576], [26.55, 52.624], [26.213, 52.625], [26.15, 52.674], [25.954, 52.676], [25.908, 52.722], [25.841, 52.731], [25.728, 52.847], [25.722, 52.958], [25.676, 53.004], [25.686, 53.264], [25.747, 53.322], [25.858, 53.328], [25.904, 53.374], [26.1, 53.376], [26.247, 53.472], [26.308, 53.478], [26.418, 53.586], [26.428, 53.653], [26.474, 53.7], [26.468, 53.764], [26.228, 53.997], [26.224, 54.35], [26.178, 54.397], [26.172, 54.508], [26.126, 54.554], [26.125, 54.687], [26.241, 54.819], [26.408, 54.878], [26.468, 54.936], [26.476, 55.146], [26.522, 55.192], [26.525, 55.293], [26.464, 55.414], [26.358, 55.472], [26.247, 55.478], [26.2, 55.524], [26.054, 55.526], [26.008, 55.572], [25.897, 55.578], [25.858, 55.622], [25.747, 55.628], [25.708, 55.672], [25.641, 55.681], [25.531, 55.791], [25.472, 55.958], [25.428, 55.997], [25.422, 56.108], [25.375, 56.163], [25.378, 56.353], [25.422, 56.392], [25.428, 56.503], [25.524, 56.65], [25.524, 56.8], [25.464, 56.868], [25.397, 56.878], [25.35, 56.924], [25.154, 56.926], [25.1, 56.974], [24.857, 56.975], [24.703, 56.878], [24.636, 56.868], [24.559, 56.781], [24.492, 56.772], [24.453, 56.728], [24.054, 56.726], [23.908, 56.822], [23.841, 56.831], [23.722, 56.95]], [[24.276, 48.414], [24.322, 48.497], [24.328, 48.608], [24.419, 48.691], [24.428, 48.758], [24.472, 48.797]]]}, "properties": {"date": "1917-02-01", "theatre": "Восточный фронт", "phase": "Брусиловский прорыв и позиционный фронт 1916-1917", "method": "голосование 8+8 ближайших якорей двух сторон, вес 1/d^3, сетка 0.05°; невзятый якорь голосует только за свою землю"}}, {"type": "Feature", "geometry": {"type": "MultiLineString", "coordinates": [[[42.522, 38.147], [42.528, 38.258], [42.574, 38.304], [42.574, 38.496], [42.528, 38.542], [42.514, 38.614], [42.346, 38.724], [41.997, 38.722], [41.958, 38.678], [41.886, 38.664], [41.686, 38.464], [41.671, 38.398]], [[40.468, 38.575], [40.278, 38.681]], [[38.749, 39.227], [38.696, 39.274], [38.5, 39.276], [38.453, 39.322], [38.395, 39.328]], [[38.346, 40.179], [38.492, 40.322], [38.564, 40.336], [38.864, 40.636], [38.928, 40.808], [38.972, 40.847], [38.973, 41.023]], [[42.465, 38.071], [42.522, 38.147]]]}, "properties": {"date": "1917-02-01", "theatre": "Кавказский фронт", "phase": "Брусиловский прорыв и позиционный фронт 1916-1917", "method": "голосование 8+8 ближайших якорей двух сторон, вес 1/d^3, сетка 0.05°; невзятый якорь голосует только за свою землю"}}, {"type": "Feature", "geometry": {"type": "MultiLineString", "coordinates": [[[24.472, 48.797], [24.478, 48.908], [24.6, 49.024], [25.009, 49.031], [25.069, 49.091], [25.082, 49.164], [25.272, 49.347], [25.274, 49.496], [25.178, 49.642], [25.169, 49.709], [25.059, 49.819], [24.986, 49.832], [24.778, 50.042], [24.778, 50.158], [24.88, 50.313], [24.935, 50.326]], [[24.947, 50.328], [24.98, 50.354], [24.957, 50.351]], [[24.903, 50.344], [24.769, 50.338]], [[24.697, 50.359], [24.64, 50.396]], [[24.475, 50.454], [24.466, 50.46]], [[24.52, 50.516], [24.488, 50.535]], [[24.489, 50.544], [24.522, 50.592], [24.528, 50.703], [24.618, 50.786], [24.636, 50.864], [24.797, 50.972], [25.058, 51.028], [25.097, 51.072], [25.264, 51.132], [25.586, 51.514], [25.758, 51.578], [25.797, 51.622], [25.908, 51.628], [25.954, 51.674], [26.15, 51.676], [26.204, 51.724], [26.4, 51.726], [26.447, 51.772], [26.558, 51.778], [26.604, 51.824], [26.75, 51.826], [26.797, 51.872], [26.908, 51.878], [27.047, 51.972], [27.108, 51.978], [27.191, 52.069], [27.294, 52.102], [27.275, 52.237], [27.305, 52.317], [27.264, 52.368], [27.097, 52.428], [27.058, 52.472], [26.947, 52.478], [26.908, 52.522], [26.797, 52.528], [26.75, 52.574], [26.604, 52.576], [26.55, 52.624], [26.213, 52.625], [26.15, 52.674], [25.954, 52.676], [25.908, 52.722], [25.841, 52.731], [25.728, 52.847], [25.722, 52.958], [25.676, 53.004], [25.686, 53.264], [25.747, 53.322], [25.858, 53.328], [25.904, 53.374], [26.1, 53.376], [26.247, 53.472], [26.308, 53.478], [26.418, 53.586], [26.428, 53.653], [26.474, 53.7], [26.468, 53.764], [26.228, 53.997], [26.224, 54.35], [26.178, 54.397], [26.172, 54.508], [26.126, 54.554], [26.125, 54.687], [26.241, 54.819], [26.408, 54.878], [26.468, 54.936], [26.476, 55.146], [26.522, 55.192], [26.525, 55.293], [26.464, 55.414], [26.358, 55.472], [26.247, 55.478], [26.2, 55.524], [26.054, 55.526], [26.008, 55.572], [25.897, 55.578], [25.858, 55.622], [25.747, 55.628], [25.708, 55.672], [25.641, 55.681], [25.531, 55.791], [25.472, 55.958], [25.428, 55.997], [25.422, 56.108], [25.375, 56.163], [25.378, 56.353], [25.422, 56.392], [25.428, 56.503], [25.524, 56.65], [25.524, 56.8], [25.464, 56.868], [25.397, 56.878], [25.35, 56.924], [25.154, 56.926], [25.1, 56.974], [24.857, 56.975], [24.703, 56.878], [24.636, 56.868], [24.559, 56.781], [24.492, 56.772], [24.453, 56.728], [24.054, 56.726], [23.908, 56.822], [23.841, 56.831], [23.722, 56.95]], [[24.276, 48.414], [24.322, 48.497], [24.328, 48.608], [24.419, 48.691], [24.428, 48.758], [24.472, 48.797]]]}, "properties": {"date": "1917-03-01", "theatre": "Восточный фронт", "phase": "Брусиловский прорыв и позиционный фронт 1916-1917", "method": "голосование 8+8 ближайших якорей двух сторон, вес 1/d^3, сетка 0.05°; невзятый якорь голосует только за свою землю"}}, {"type": "Feature", "geometry": {"type": "MultiLineString", "coordinates": [[[42.522, 38.147], [42.528, 38.258], [42.574, 38.304], [42.574, 38.496], [42.528, 38.542], [42.514, 38.614], [42.346, 38.724], [41.997, 38.722], [41.958, 38.678], [41.886, 38.664], [41.686, 38.464], [41.671, 38.398]], [[40.468, 38.575], [40.278, 38.681]], [[38.749, 39.227], [38.696, 39.274], [38.5, 39.276], [38.453, 39.322], [38.395, 39.328]], [[38.346, 40.179], [38.492, 40.322], [38.564, 40.336], [38.864, 40.636], [38.928, 40.808], [38.972, 40.847], [38.973, 41.023]], [[42.465, 38.071], [42.522, 38.147]]]}, "properties": {"date": "1917-03-01", "theatre": "Кавказский фронт", "phase": "Брусиловский прорыв и позиционный фронт 1916-1917", "method": "голосование 8+8 ближайших якорей двух сторон, вес 1/d^3, сетка 0.05°; невзятый якорь голосует только за свою землю"}}, {"type": "Feature", "geometry": {"type": "MultiLineString", "coordinates": [[[24.472, 48.797], [24.478, 48.908], [24.6, 49.024], [25.009, 49.031], [25.069, 49.091], [25.082, 49.164], [25.272, 49.347], [25.274, 49.496], [25.178, 49.642], [25.169, 49.709], [25.059, 49.819], [24.986, 49.832], [24.778, 50.042], [24.778, 50.158], [24.88, 50.313], [24.935, 50.326]], [[24.947, 50.328], [24.98, 50.354], [24.957, 50.351]], [[24.903, 50.344], [24.769, 50.338]], [[24.697, 50.359], [24.64, 50.396]], [[24.475, 50.454], [24.466, 50.46]], [[24.52, 50.516], [24.488, 50.535]], [[24.489, 50.544], [24.522, 50.592], [24.528, 50.703], [24.618, 50.786], [24.636, 50.864], [24.797, 50.972], [25.058, 51.028], [25.097, 51.072], [25.264, 51.132], [25.586, 51.514], [25.758, 51.578], [25.797, 51.622], [25.908, 51.628], [25.954, 51.674], [26.15, 51.676], [26.204, 51.724], [26.4, 51.726], [26.447, 51.772], [26.558, 51.778], [26.604, 51.824], [26.75, 51.826], [26.797, 51.872], [26.908, 51.878], [27.047, 51.972], [27.108, 51.978], [27.191, 52.069], [27.294, 52.102], [27.275, 52.237], [27.305, 52.317], [27.264, 52.368], [27.097, 52.428], [27.058, 52.472], [26.947, 52.478], [26.908, 52.522], [26.797, 52.528], [26.75, 52.574], [26.604, 52.576], [26.55, 52.624], [26.213, 52.625], [26.15, 52.674], [25.954, 52.676], [25.908, 52.722], [25.841, 52.731], [25.728, 52.847], [25.722, 52.958], [25.676, 53.004], [25.686, 53.264], [25.747, 53.322], [25.858, 53.328], [25.904, 53.374], [26.1, 53.376], [26.247, 53.472], [26.308, 53.478], [26.418, 53.586], [26.428, 53.653], [26.474, 53.7], [26.468, 53.764], [26.228, 53.997], [26.224, 54.35], [26.178, 54.397], [26.172, 54.508], [26.126, 54.554], [26.125, 54.687], [26.241, 54.819], [26.408, 54.878], [26.468, 54.936], [26.476, 55.146], [26.522, 55.192], [26.525, 55.293], [26.464, 55.414], [26.358, 55.472], [26.247, 55.478], [26.2, 55.524], [26.054, 55.526], [26.008, 55.572], [25.897, 55.578], [25.858, 55.622], [25.747, 55.628], [25.708, 55.672], [25.641, 55.681], [25.531, 55.791], [25.472, 55.958], [25.428, 55.997], [25.422, 56.108], [25.375, 56.163], [25.378, 56.353], [25.422, 56.392], [25.428, 56.503], [25.524, 56.65], [25.524, 56.8], [25.464, 56.868], [25.397, 56.878], [25.35, 56.924], [25.154, 56.926], [25.1, 56.974], [24.857, 56.975], [24.703, 56.878], [24.636, 56.868], [24.559, 56.781], [24.492, 56.772], [24.453, 56.728], [24.054, 56.726], [23.908, 56.822], [23.841, 56.831], [23.722, 56.95]], [[24.276, 48.414], [24.322, 48.497], [24.328, 48.608], [24.419, 48.691], [24.428, 48.758], [24.472, 48.797]]]}, "properties": {"date": "1917-04-01", "theatre": "Восточный фронт", "phase": "Брусиловский прорыв и позиционный фронт 1916-1917", "method": "голосование 8+8 ближайших якорей двух сторон, вес 1/d^3, сетка 0.05°; невзятый якорь голосует только за свою землю"}}, {"type": "Feature", "geometry": {"type": "MultiLineString", "coordinates": [[[42.522, 38.147], [42.528, 38.258], [42.574, 38.304], [42.574, 38.496], [42.528, 38.542], [42.514, 38.614], [42.346, 38.724], [41.997, 38.722], [41.958, 38.678], [41.886, 38.664], [41.686, 38.464], [41.671, 38.398]], [[40.468, 38.575], [40.278, 38.681]], [[38.749, 39.227], [38.696, 39.274], [38.5, 39.276], [38.453, 39.322], [38.395, 39.328]], [[38.346, 40.179], [38.492, 40.322], [38.564, 40.336], [38.864, 40.636], [38.928, 40.808], [38.972, 40.847], [38.973, 41.023]], [[42.465, 38.071], [42.522, 38.147]]]}, "properties": {"date": "1917-04-01", "theatre": "Кавказский фронт", "phase": "Брусиловский прорыв и позиционный фронт 1916-1917", "method": "голосование 8+8 ближайших якорей двух сторон, вес 1/d^3, сетка 0.05°; невзятый якорь голосует только за свою землю"}}, {"type": "Feature", "geometry": {"type": "MultiLineString", "coordinates": [[[24.472, 48.797], [24.478, 48.908], [24.6, 49.024], [25.009, 49.031], [25.069, 49.091], [25.082, 49.164], [25.272, 49.347], [25.274, 49.496], [25.178, 49.642], [25.169, 49.709], [25.059, 49.819], [24.986, 49.832], [24.778, 50.042], [24.778, 50.158], [24.88, 50.313], [24.935, 50.326]], [[24.947, 50.328], [24.98, 50.354], [24.957, 50.351]], [[24.903, 50.344], [24.769, 50.338]], [[24.697, 50.359], [24.64, 50.396]], [[24.475, 50.454], [24.466, 50.46]], [[24.52, 50.516], [24.488, 50.535]], [[24.489, 50.544], [24.522, 50.592], [24.528, 50.703], [24.618, 50.786], [24.636, 50.864], [24.797, 50.972], [25.058, 51.028], [25.097, 51.072], [25.264, 51.132], [25.586, 51.514], [25.758, 51.578], [25.797, 51.622], [25.908, 51.628], [25.954, 51.674], [26.15, 51.676], [26.204, 51.724], [26.4, 51.726], [26.447, 51.772], [26.558, 51.778], [26.604, 51.824], [26.75, 51.826], [26.797, 51.872], [26.908, 51.878], [27.047, 51.972], [27.108, 51.978], [27.191, 52.069], [27.294, 52.102], [27.275, 52.237], [27.305, 52.317], [27.264, 52.368], [27.097, 52.428], [27.058, 52.472], [26.947, 52.478], [26.908, 52.522], [26.797, 52.528], [26.75, 52.574], [26.604, 52.576], [26.55, 52.624], [26.213, 52.625], [26.15, 52.674], [25.954, 52.676], [25.908, 52.722], [25.841, 52.731], [25.728, 52.847], [25.722, 52.958], [25.676, 53.004], [25.686, 53.264], [25.747, 53.322], [25.858, 53.328], [25.904, 53.374], [26.1, 53.376], [26.247, 53.472], [26.308, 53.478], [26.418, 53.586], [26.428, 53.653], [26.474, 53.7], [26.468, 53.764], [26.228, 53.997], [26.224, 54.35], [26.178, 54.397], [26.172, 54.508], [26.126, 54.554], [26.125, 54.687], [26.241, 54.819], [26.408, 54.878], [26.468, 54.936], [26.476, 55.146], [26.522, 55.192], [26.525, 55.293], [26.464, 55.414], [26.358, 55.472], [26.247, 55.478], [26.2, 55.524], [26.054, 55.526], [26.008, 55.572], [25.897, 55.578], [25.858, 55.622], [25.747, 55.628], [25.708, 55.672], [25.641, 55.681], [25.531, 55.791], [25.472, 55.958], [25.428, 55.997], [25.422, 56.108], [25.375, 56.163], [25.378, 56.353], [25.422, 56.392], [25.428, 56.503], [25.524, 56.65], [25.524, 56.8], [25.464, 56.868], [25.397, 56.878], [25.35, 56.924], [25.154, 56.926], [25.1, 56.974], [24.857, 56.975], [24.703, 56.878], [24.636, 56.868], [24.559, 56.781], [24.492, 56.772], [24.453, 56.728], [24.054, 56.726], [23.908, 56.822], [23.841, 56.831], [23.722, 56.95]], [[24.276, 48.414], [24.322, 48.497], [24.328, 48.608], [24.419, 48.691], [24.428, 48.758], [24.472, 48.797]]]}, "properties": {"date": "1917-05-01", "theatre": "Восточный фронт", "phase": "Брусиловский прорыв и позиционный фронт 1916-1917", "method": "голосование 8+8 ближайших якорей двух сторон, вес 1/d^3, сетка 0.05°; невзятый якорь голосует только за свою землю"}}, {"type": "Feature", "geometry": {"type": "MultiLineString", "coordinates": [[[42.522, 38.147], [42.528, 38.258], [42.574, 38.304], [42.574, 38.496], [42.528, 38.542], [42.514, 38.614], [42.346, 38.724], [41.997, 38.722], [41.958, 38.678], [41.886, 38.664], [41.686, 38.464], [41.671, 38.398]], [[40.468, 38.575], [40.278, 38.681]], [[38.749, 39.227], [38.696, 39.274], [38.5, 39.276], [38.453, 39.322], [38.395, 39.328]], [[38.346, 40.179], [38.492, 40.322], [38.564, 40.336], [38.864, 40.636], [38.928, 40.808], [38.972, 40.847], [38.973, 41.023]], [[42.465, 38.071], [42.522, 38.147]]]}, "properties": {"date": "1917-05-01", "theatre": "Кавказский фронт", "phase": "Брусиловский прорыв и позиционный фронт 1916-1917", "method": "голосование 8+8 ближайших якорей двух сторон, вес 1/d^3, сетка 0.05°; невзятый якорь голосует только за свою землю"}}, {"type": "Feature", "geometry": {"type": "MultiLineString", "coordinates": [[[24.472, 48.797], [24.478, 48.908], [24.6, 49.024], [25.009, 49.031], [25.069, 49.091], [25.082, 49.164], [25.272, 49.347], [25.274, 49.496], [25.178, 49.642], [25.169, 49.709], [25.059, 49.819], [24.986, 49.832], [24.778, 50.042], [24.778, 50.158], [24.88, 50.313], [24.935, 50.326]], [[24.947, 50.328], [24.98, 50.354], [24.957, 50.351]], [[24.903, 50.344], [24.769, 50.338]], [[24.697, 50.359], [24.64, 50.396]], [[24.475, 50.454], [24.466, 50.46]], [[24.52, 50.516], [24.488, 50.535]], [[24.489, 50.544], [24.522, 50.592], [24.528, 50.703], [24.618, 50.786], [24.636, 50.864], [24.797, 50.972], [25.058, 51.028], [25.097, 51.072], [25.264, 51.132], [25.586, 51.514], [25.758, 51.578], [25.797, 51.622], [25.908, 51.628], [25.954, 51.674], [26.15, 51.676], [26.204, 51.724], [26.4, 51.726], [26.447, 51.772], [26.558, 51.778], [26.604, 51.824], [26.75, 51.826], [26.797, 51.872], [26.908, 51.878], [27.047, 51.972], [27.108, 51.978], [27.191, 52.069], [27.294, 52.102], [27.275, 52.237], [27.305, 52.317], [27.264, 52.368], [27.097, 52.428], [27.058, 52.472], [26.947, 52.478], [26.908, 52.522], [26.797, 52.528], [26.75, 52.574], [26.604, 52.576], [26.55, 52.624], [26.213, 52.625], [26.15, 52.674], [25.954, 52.676], [25.908, 52.722], [25.841, 52.731], [25.728, 52.847], [25.722, 52.958], [25.676, 53.004], [25.686, 53.264], [25.747, 53.322], [25.858, 53.328], [25.904, 53.374], [26.1, 53.376], [26.247, 53.472], [26.308, 53.478], [26.418, 53.586], [26.428, 53.653], [26.474, 53.7], [26.468, 53.764], [26.228, 53.997], [26.224, 54.35], [26.178, 54.397], [26.172, 54.508], [26.126, 54.554], [26.125, 54.687], [26.241, 54.819], [26.408, 54.878], [26.468, 54.936], [26.476, 55.146], [26.522, 55.192], [26.525, 55.293], [26.464, 55.414], [26.358, 55.472], [26.247, 55.478], [26.2, 55.524], [26.054, 55.526], [26.008, 55.572], [25.897, 55.578], [25.858, 55.622], [25.747, 55.628], [25.708, 55.672], [25.641, 55.681], [25.531, 55.791], [25.472, 55.958], [25.428, 55.997], [25.422, 56.108], [25.375, 56.163], [25.378, 56.353], [25.422, 56.392], [25.428, 56.503], [25.524, 56.65], [25.524, 56.8], [25.464, 56.868], [25.397, 56.878], [25.35, 56.924], [25.154, 56.926], [25.1, 56.974], [24.857, 56.975], [24.703, 56.878], [24.636, 56.868], [24.559, 56.781], [24.492, 56.772], [24.453, 56.728], [24.054, 56.726], [23.908, 56.822], [23.841, 56.831], [23.722, 56.95]], [[24.276, 48.414], [24.322, 48.497], [24.328, 48.608], [24.419, 48.691], [24.428, 48.758], [24.472, 48.797]]]}, "properties": {"date": "1917-06-01", "theatre": "Восточный фронт", "phase": "Брусиловский прорыв и позиционный фронт 1916-1917", "method": "голосование 8+8 ближайших якорей двух сторон, вес 1/d^3, сетка 0.05°; невзятый якорь голосует только за свою землю"}}, {"type": "Feature", "geometry": {"type": "MultiLineString", "coordinates": [[[42.522, 38.147], [42.528, 38.258], [42.574, 38.304], [42.574, 38.496], [42.528, 38.542], [42.514, 38.614], [42.346, 38.724], [41.997, 38.722], [41.958, 38.678], [41.886, 38.664], [41.686, 38.464], [41.671, 38.398]], [[40.468, 38.575], [40.278, 38.681]], [[38.749, 39.227], [38.696, 39.274], [38.5, 39.276], [38.453, 39.322], [38.395, 39.328]], [[38.346, 40.179], [38.492, 40.322], [38.564, 40.336], [38.864, 40.636], [38.928, 40.808], [38.972, 40.847], [38.973, 41.023]], [[42.465, 38.071], [42.522, 38.147]]]}, "properties": {"date": "1917-06-01", "theatre": "Кавказский фронт", "phase": "Брусиловский прорыв и позиционный фронт 1916-1917", "method": "голосование 8+8 ближайших якорей двух сторон, вес 1/d^3, сетка 0.05°; невзятый якорь голосует только за свою землю"}}, {"type": "Feature", "geometry": {"type": "MultiLineString", "coordinates": [[[24.224, 48.896], [24.178, 48.942], [24.145, 49.117], [24.25, 49.224], [24.596, 49.226], [24.657, 49.275], [25.146, 49.276], [25.272, 49.397], [25.272, 49.503], [25.228, 49.542], [25.169, 49.709], [25.059, 49.819], [24.986, 49.832], [24.778, 50.042], [24.778, 50.158], [24.88, 50.313], [24.935, 50.326]], [[24.947, 50.328], [24.98, 50.354], [24.957, 50.351]], [[24.903, 50.344], [24.769, 50.338]], [[24.697, 50.359], [24.64, 50.396]], [[24.475, 50.454], [24.466, 50.46]], [[24.52, 50.516], [24.488, 50.535]], [[24.489, 50.544], [24.522, 50.592], [24.528, 50.703], [24.618, 50.786], [24.636, 50.864], [24.797, 50.972], [25.058, 51.028], [25.097, 51.072], [25.264, 51.132], [25.586, 51.514], [25.758, 51.578], [25.797, 51.622], [25.908, 51.628], [25.954, 51.674], [26.15, 51.676], [26.204, 51.724], [26.4, 51.726], [26.447, 51.772], [26.558, 51.778], [26.604, 51.824], [26.75, 51.826], [26.797, 51.872], [26.908, 51.878], [27.047, 51.972], [27.108, 51.978], [27.191, 52.069], [27.294, 52.102], [27.275, 52.237], [27.305, 52.317], [27.264, 52.368], [27.097, 52.428], [27.058, 52.472], [26.947, 52.478], [26.908, 52.522], [26.797, 52.528], [26.75, 52.574], [26.604, 52.576], [26.55, 52.624], [26.213, 52.625], [26.15, 52.674], [25.954, 52.676], [25.908, 52.722], [25.841, 52.731], [25.728, 52.847], [25.722, 52.958], [25.676, 53.004], [25.686, 53.264], [25.747, 53.322], [25.858, 53.328], [25.904, 53.374], [26.1, 53.376], [26.247, 53.472], [26.308, 53.478], [26.418, 53.586], [26.428, 53.653], [26.474, 53.7], [26.468, 53.764], [26.228, 53.997], [26.224, 54.35], [26.178, 54.397], [26.172, 54.508], [26.126, 54.554], [26.125, 54.687], [26.241, 54.819], [26.408, 54.878], [26.468, 54.936], [26.476, 55.146], [26.522, 55.192], [26.525, 55.293], [26.464, 55.414], [26.358, 55.472], [26.247, 55.478], [26.2, 55.524], [26.054, 55.526], [26.008, 55.572], [25.897, 55.578], [25.858, 55.622], [25.747, 55.628], [25.708, 55.672], [25.641, 55.681], [25.531, 55.791], [25.472, 55.958], [25.428, 55.997], [25.422, 56.108], [25.375, 56.163], [25.378, 56.353], [25.422, 56.392], [25.428, 56.503], [25.524, 56.65], [25.524, 56.8], [25.464, 56.868], [25.397, 56.878], [25.35, 56.924], [25.154, 56.926], [25.1, 56.974], [24.857, 56.975], [24.703, 56.878], [24.636, 56.868], [24.559, 56.781], [24.492, 56.772], [24.453, 56.728], [24.054, 56.726], [23.908, 56.822], [23.841, 56.831], [23.722, 56.95]], [[24.121, 48.554], [24.225, 48.763], [24.224, 48.896]]]}, "properties": {"date": "1917-07-01", "theatre": "Восточный фронт", "phase": "отступление 1917", "method": "голосование 8+8 ближайших якорей двух сторон, вес 1/d^3, сетка 0.05°; невзятый якорь голосует только за свою землю"}}, {"type": "Feature", "geometry": {"type": "MultiLineString", "coordinates": [[[42.522, 38.147], [42.528, 38.258], [42.574, 38.304], [42.574, 38.496], [42.528, 38.542], [42.514, 38.614], [42.346, 38.724], [41.997, 38.722], [41.958, 38.678], [41.886, 38.664], [41.686, 38.464], [41.671, 38.398]], [[40.468, 38.575], [40.278, 38.681]], [[38.749, 39.227], [38.696, 39.274], [38.5, 39.276], [38.453, 39.322], [38.395, 39.328]], [[38.346, 40.179], [38.492, 40.322], [38.564, 40.336], [38.864, 40.636], [38.928, 40.808], [38.972, 40.847], [38.973, 41.023]], [[42.465, 38.071], [42.522, 38.147]]]}, "properties": {"date": "1917-07-01", "theatre": "Кавказский фронт", "phase": "отступление 1917", "method": "голосование 8+8 ближайших якорей двух сторон, вес 1/d^3, сетка 0.05°; невзятый якорь голосует только за свою землю"}}, {"type": "Feature", "geometry": {"type": "MultiLineString", "coordinates": [[[24.953, 50.328], [24.986, 50.35]], [[24.987, 50.352], [24.957, 50.351]], [[24.903, 50.344], [24.769, 50.338]], [[24.697, 50.359], [24.64, 50.396]], [[24.475, 50.454], [24.466, 50.46]], [[24.52, 50.516], [24.488, 50.535]], [[24.489, 50.544], [24.531, 50.709], [24.618, 50.786], [24.631, 50.859], [24.691, 50.919], [24.758, 50.928], [24.804, 50.974], [24.908, 50.978], [24.954, 51.024], [25.058, 51.028], [25.097, 51.072], [25.264, 51.132], [25.418, 51.286], [25.431, 51.359], [25.691, 51.569], [25.758, 51.578], [25.797, 51.622], [25.95, 51.626], [26.004, 51.674], [26.15, 51.676], [26.204, 51.724], [26.4, 51.726], [26.454, 51.774], [26.6, 51.776], [26.647, 51.822], [26.758, 51.828], [26.797, 51.872], [26.908, 51.878], [26.947, 51.922], [27.058, 51.928], [27.324, 52.104], [27.339, 52.306], [27.214, 52.418], [27.147, 52.428], [27.108, 52.472], [26.997, 52.478], [26.95, 52.524], [26.604, 52.576], [26.55, 52.624], [26.213, 52.625], [26.15, 52.674], [25.954, 52.676], [25.908, 52.722], [25.841, 52.731], [25.728, 52.847], [25.722, 52.958], [25.676, 53.004], [25.686, 53.264], [25.747, 53.322], [25.858, 53.328], [25.904, 53.374], [26.1, 53.376], [26.247, 53.472], [26.308, 53.478], [26.418, 53.586], [26.428, 53.653], [26.474, 53.7], [26.468, 53.764], [26.228, 53.997], [26.224, 54.35], [26.178, 54.397], [26.172, 54.508], [26.126, 54.554], [26.125, 54.687], [26.241, 54.819], [26.408, 54.878], [26.468, 54.936], [26.476, 55.146], [26.522, 55.192], [26.525, 55.293], [26.464, 55.414], [26.358, 55.472], [26.247, 55.478], [26.2, 55.524], [26.054, 55.526], [26.008, 55.572], [25.897, 55.578], [25.858, 55.622], [25.747, 55.628], [25.708, 55.672], [25.641, 55.681], [25.531, 55.791], [25.472, 55.958], [25.428, 55.997], [25.422, 56.108], [25.375, 56.163], [25.378, 56.353], [25.422, 56.392], [25.428, 56.503], [25.524, 56.65], [25.518, 56.814], [25.35, 56.924], [25.154, 56.926], [25.093, 56.975], [24.857, 56.975], [24.703, 56.878], [24.636, 56.868], [24.559, 56.781], [24.492, 56.772], [24.453, 56.728], [24.054, 56.726], [23.908, 56.822], [23.841, 56.831], [23.722, 56.95]], [[26.356, 48.529], [26.347, 48.548]], [[26.329, 48.586], [26.32, 48.599]], [[26.215, 48.712], [26.208, 48.762]], [[26.22, 48.833], [26.219, 48.834]], [[26.18, 48.938], [26.171, 48.974]], [[26.203, 49.264], [26.203, 49.406]], [[26.184, 49.449], [26.166, 49.483]], [[26.159, 49.534], [26.194, 49.562]], [[26.226, 49.642], [26.211, 49.689]], [[25.982, 49.709], [25.744, 49.706]], [[25.63, 49.758], [25.594, 49.777]], [[25.417, 49.893], [25.254, 49.874], [25.208, 49.828], [25.15, 49.826], [25.096, 49.874], [24.942, 49.878], [24.776, 50.05], [24.776, 50.15], [24.822, 50.197], [24.832, 50.264], [24.937, 50.325]], [[24.942, 50.326], [24.953, 50.328]]]}, "properties": {"date": "1917-08-01", "theatre": "Восточный фронт", "phase": "отступление 1917", "method": "голосование 8+8 ближайших якорей двух сторон, вес 1/d^3, сетка 0.05°; невзятый якорь голосует только за свою землю"}}, {"type": "Feature", "geometry": {"type": "MultiLineString", "coordinates": [[[42.522, 38.147], [42.528, 38.258], [42.574, 38.304], [42.574, 38.496], [42.528, 38.542], [42.514, 38.614], [42.346, 38.724], [41.997, 38.722], [41.958, 38.678], [41.886, 38.664], [41.686, 38.464], [41.671, 38.398]], [[40.468, 38.575], [40.278, 38.681]], [[38.749, 39.227], [38.696, 39.274], [38.5, 39.276], [38.453, 39.322], [38.395, 39.328]], [[38.346, 40.179], [38.492, 40.322], [38.564, 40.336], [38.864, 40.636], [38.928, 40.808], [38.972, 40.847], [38.973, 41.023]], [[42.465, 38.071], [42.522, 38.147]]]}, "properties": {"date": "1917-08-01", "theatre": "Кавказский фронт", "phase": "отступление 1917", "method": "голосование 8+8 ближайших якорей двух сторон, вес 1/d^3, сетка 0.05°; невзятый якорь голосует только за свою землю"}}, {"type": "Feature", "geometry": {"type": "MultiLineString", "coordinates": [[[24.953, 50.328], [24.986, 50.35]], [[24.987, 50.352], [24.957, 50.351]], [[24.903, 50.344], [24.769, 50.338]], [[24.697, 50.359], [24.64, 50.396]], [[24.475, 50.454], [24.466, 50.46]], [[24.52, 50.516], [24.488, 50.535]], [[24.489, 50.544], [24.531, 50.709], [24.618, 50.786], [24.631, 50.859], [24.691, 50.919], [24.758, 50.928], [24.804, 50.974], [24.908, 50.978], [24.954, 51.024], [25.058, 51.028], [25.097, 51.072], [25.264, 51.132], [25.418, 51.286], [25.431, 51.359], [25.691, 51.569], [25.758, 51.578], [25.797, 51.622], [25.95, 51.626], [26.004, 51.674], [26.15, 51.676], [26.204, 51.724], [26.4, 51.726], [26.454, 51.774], [26.6, 51.776], [26.647, 51.822], [26.758, 51.828], [26.797, 51.872], [26.908, 51.878], [26.947, 51.922], [27.058, 51.928], [27.324, 52.104], [27.339, 52.306], [27.214, 52.418], [27.147, 52.428], [27.108, 52.472], [26.997, 52.478], [26.95, 52.524], [26.604, 52.576], [26.55, 52.624], [26.213, 52.625], [26.15, 52.674], [25.954, 52.676], [25.908, 52.722], [25.841, 52.731], [25.728, 52.847], [25.722, 52.958], [25.676, 53.004], [25.686, 53.264], [25.747, 53.322], [25.858, 53.328], [25.904, 53.374], [26.1, 53.376], [26.247, 53.472], [26.308, 53.478], [26.418, 53.586], [26.428, 53.653], [26.474, 53.7], [26.468, 53.764], [26.228, 53.997], [26.224, 54.35], [26.178, 54.397], [26.172, 54.508], [26.126, 54.554], [26.125, 54.687], [26.241, 54.819], [26.408, 54.878], [26.468, 54.936], [26.476, 55.146], [26.522, 55.192], [26.525, 55.293], [26.464, 55.414], [26.358, 55.472], [26.247, 55.478], [26.2, 55.524], [26.054, 55.526], [26.008, 55.572], [25.897, 55.578], [25.858, 55.622], [25.747, 55.628], [25.708, 55.672], [25.641, 55.681], [25.531, 55.791], [25.522, 55.858], [25.476, 55.904], [25.472, 56.058], [25.375, 56.213], [25.428, 56.453], [25.474, 56.5], [25.478, 56.603], [25.524, 56.65], [25.519, 56.859], [25.4, 56.924], [25.254, 56.926], [25.2, 56.974], [25.004, 56.976], [24.958, 57.022], [24.841, 57.031], [24.403, 57.479]], [[26.356, 48.529], [26.347, 48.548]], [[26.329, 48.586], [26.32, 48.599]], [[26.215, 48.712], [26.208, 48.762]], [[26.22, 48.833], [26.219, 48.834]], [[26.18, 48.938], [26.171, 48.974]], [[26.203, 49.264], [26.203, 49.406]], [[26.184, 49.449], [26.166, 49.483]], [[26.159, 49.534], [26.194, 49.562]], [[26.226, 49.642], [26.211, 49.689]], [[25.982, 49.709], [25.744, 49.706]], [[25.63, 49.758], [25.594, 49.777]], [[25.417, 49.893], [25.254, 49.874], [25.208, 49.828], [25.15, 49.826], [25.096, 49.874], [24.942, 49.878], [24.776, 50.05], [24.776, 50.15], [24.822, 50.197], [24.832, 50.264], [24.937, 50.325]], [[24.942, 50.326], [24.953, 50.328]]]}, "properties": {"date": "1917-08-21", "theatre": "Восточный фронт", "phase": "отступление 1917", "method": "голосование 8+8 ближайших якорей двух сторон, вес 1/d^3, сетка 0.05°; невзятый якорь голосует только за свою землю"}}, {"type": "Feature", "geometry": {"type": "MultiLineString", "coordinates": [[[42.522, 38.147], [42.528, 38.258], [42.574, 38.304], [42.574, 38.496], [42.528, 38.542], [42.514, 38.614], [42.346, 38.724], [41.997, 38.722], [41.958, 38.678], [41.886, 38.664], [41.686, 38.464], [41.671, 38.398]], [[40.468, 38.575], [40.278, 38.681]], [[38.749, 39.227], [38.696, 39.274], [38.5, 39.276], [38.453, 39.322], [38.395, 39.328]], [[38.346, 40.179], [38.492, 40.322], [38.564, 40.336], [38.864, 40.636], [38.928, 40.808], [38.972, 40.847], [38.973, 41.023]], [[42.465, 38.071], [42.522, 38.147]]]}, "properties": {"date": "1917-08-21", "theatre": "Кавказский фронт", "phase": "отступление 1917", "method": "голосование 8+8 ближайших якорей двух сторон, вес 1/d^3, сетка 0.05°; невзятый якорь голосует только за свою землю"}}, {"type": "Feature", "geometry": {"type": "MultiLineString", "coordinates": [[[24.953, 50.328], [24.986, 50.35]], [[24.987, 50.352], [24.957, 50.351]], [[24.903, 50.344], [24.769, 50.338]], [[24.697, 50.359], [24.64, 50.396]], [[24.475, 50.454], [24.466, 50.46]], [[24.52, 50.516], [24.488, 50.535]], [[24.489, 50.544], [24.531, 50.709], [24.618, 50.786], [24.631, 50.859], [24.691, 50.919], [24.758, 50.928], [24.804, 50.974], [24.908, 50.978], [24.954, 51.024], [25.058, 51.028], [25.097, 51.072], [25.264, 51.132], [25.418, 51.286], [25.431, 51.359], [25.691, 51.569], [25.758, 51.578], [25.797, 51.622], [25.95, 51.626], [26.004, 51.674], [26.15, 51.676], [26.204, 51.724], [26.4, 51.726], [26.454, 51.774], [26.6, 51.776], [26.647, 51.822], [26.758, 51.828], [26.797, 51.872], [26.908, 51.878], [26.947, 51.922], [27.058, 51.928], [27.324, 52.104], [27.339, 52.306], [27.214, 52.418], [27.147, 52.428], [27.108, 52.472], [26.997, 52.478], [26.95, 52.524], [26.604, 52.576], [26.55, 52.624], [26.213, 52.625], [26.15, 52.674], [25.954, 52.676], [25.908, 52.722], [25.841, 52.731], [25.728, 52.847], [25.722, 52.958], [25.676, 53.004], [25.686, 53.264], [25.747, 53.322], [25.858, 53.328], [25.904, 53.374], [26.1, 53.376], [26.247, 53.472], [26.308, 53.478], [26.418, 53.586], [26.428, 53.653], [26.474, 53.7], [26.468, 53.764], [26.228, 53.997], [26.224, 54.35], [26.178, 54.397], [26.172, 54.508], [26.126, 54.554], [26.125, 54.687], [26.241, 54.819], [26.408, 54.878], [26.468, 54.936], [26.476, 55.146], [26.522, 55.192], [26.525, 55.293], [26.464, 55.414], [26.358, 55.472], [26.247, 55.478], [26.2, 55.524], [26.054, 55.526], [26.008, 55.572], [25.897, 55.578], [25.858, 55.622], [25.747, 55.628], [25.708, 55.672], [25.641, 55.681], [25.531, 55.791], [25.522, 55.858], [25.476, 55.904], [25.472, 56.058], [25.375, 56.213], [25.428, 56.453], [25.474, 56.5], [25.478, 56.603], [25.524, 56.65], [25.519, 56.859], [25.4, 56.924], [25.254, 56.926], [25.2, 56.974], [25.004, 56.976], [24.958, 57.022], [24.841, 57.031], [24.403, 57.479]], [[26.356, 48.529], [26.347, 48.548]], [[26.329, 48.586], [26.32, 48.599]], [[26.215, 48.712], [26.208, 48.762]], [[26.22, 48.833], [26.219, 48.834]], [[26.18, 48.938], [26.171, 48.974]], [[26.203, 49.264], [26.203, 49.406]], [[26.184, 49.449], [26.166, 49.483]], [[26.159, 49.534], [26.194, 49.562]], [[26.226, 49.642], [26.211, 49.689]], [[25.982, 49.709], [25.744, 49.706]], [[25.63, 49.758], [25.594, 49.777]], [[25.417, 49.893], [25.254, 49.874], [25.208, 49.828], [25.15, 49.826], [25.096, 49.874], [24.942, 49.878], [24.776, 50.05], [24.776, 50.15], [24.822, 50.197], [24.832, 50.264], [24.937, 50.325]], [[24.942, 50.326], [24.953, 50.328]]]}, "properties": {"date": "1917-09-01", "theatre": "Восточный фронт", "phase": "отступление 1917", "method": "голосование 8+8 ближайших якорей двух сторон, вес 1/d^3, сетка 0.05°; невзятый якорь голосует только за свою землю"}}, {"type": "Feature", "geometry": {"type": "MultiLineString", "coordinates": [[[42.522, 38.147], [42.528, 38.258], [42.574, 38.304], [42.574, 38.496], [42.528, 38.542], [42.514, 38.614], [42.346, 38.724], [41.997, 38.722], [41.958, 38.678], [41.886, 38.664], [41.686, 38.464], [41.671, 38.398]], [[40.468, 38.575], [40.278, 38.681]], [[38.749, 39.227], [38.696, 39.274], [38.5, 39.276], [38.453, 39.322], [38.395, 39.328]], [[38.346, 40.179], [38.492, 40.322], [38.564, 40.336], [38.864, 40.636], [38.928, 40.808], [38.972, 40.847], [38.973, 41.023]], [[42.465, 38.071], [42.522, 38.147]]]}, "properties": {"date": "1917-09-01", "theatre": "Кавказский фронт", "phase": "отступление 1917", "method": "голосование 8+8 ближайших якорей двух сторон, вес 1/d^3, сетка 0.05°; невзятый якорь голосует только за свою землю"}}, {"type": "Feature", "geometry": {"type": "MultiLineString", "coordinates": [[[24.953, 50.328], [24.986, 50.35]], [[24.987, 50.352], [24.957, 50.351]], [[24.903, 50.344], [24.769, 50.338]], [[24.697, 50.359], [24.64, 50.396]], [[24.475, 50.454], [24.466, 50.46]], [[24.52, 50.516], [24.488, 50.535]], [[24.489, 50.544], [24.531, 50.709], [24.618, 50.786], [24.631, 50.859], [24.691, 50.919], [24.758, 50.928], [24.804, 50.974], [24.908, 50.978], [24.954, 51.024], [25.058, 51.028], [25.097, 51.072], [25.264, 51.132], [25.418, 51.286], [25.431, 51.359], [25.691, 51.569], [25.758, 51.578], [25.797, 51.622], [25.95, 51.626], [26.004, 51.674], [26.15, 51.676], [26.204, 51.724], [26.4, 51.726], [26.454, 51.774], [26.6, 51.776], [26.647, 51.822], [26.758, 51.828], [26.797, 51.872], [26.908, 51.878], [26.947, 51.922], [27.058, 51.928], [27.322, 52.097], [27.342, 52.299], [27.208, 52.422], [27.147, 52.428], [27.1, 52.474], [26.997, 52.478], [26.95, 52.524], [26.804, 52.526], [26.75, 52.574], [26.597, 52.578], [26.55, 52.624], [26.213, 52.625], [26.15, 52.674], [25.947, 52.678], [25.908, 52.722], [25.841, 52.731], [25.736, 52.836], [25.722, 52.958], [25.676, 53.004], [25.676, 53.246], [25.736, 53.314], [25.858, 53.328], [25.904, 53.374], [26.1, 53.376], [26.247, 53.472], [26.308, 53.478], [26.418, 53.586], [26.428, 53.653], [26.474, 53.7], [26.468, 53.764], [26.228, 53.997], [26.224, 54.35], [26.178, 54.397], [26.172, 54.508], [26.126, 54.554], [26.125, 54.687], [26.241, 54.819], [26.408, 54.878], [26.468, 54.936], [26.476, 55.146], [26.524, 55.2], [26.524, 55.3], [26.464, 55.414], [26.358, 55.472], [26.247, 55.478], [26.208, 55.522], [26.104, 55.526], [26.058, 55.572], [25.954, 55.576], [25.908, 55.622], [25.841, 55.631], [25.778, 55.697], [25.765, 55.854], [25.791, 55.969], [25.864, 55.982], [25.947, 56.072], [26.408, 56.278], [26.518, 56.386], [26.528, 56.453], [26.574, 56.5], [26.575, 56.793], [26.518, 56.914], [26.458, 56.972], [26.347, 56.978], [26.293, 57.025], [26.0, 57.024], [25.937, 56.975], [25.063, 56.975], [25.0, 57.024], [24.897, 57.028], [24.858, 57.072], [24.786, 57.086], [24.403, 57.475]], [[26.356, 48.529], [26.347, 48.548]], [[26.329, 48.586], [26.32, 48.599]], [[26.215, 48.712], [26.208, 48.762]], [[26.22, 48.833], [26.219, 48.834]], [[26.18, 48.938], [26.171, 48.974]], [[26.203, 49.264], [26.203, 49.406]], [[26.184, 49.449], [26.166, 49.483]], [[26.159, 49.534], [26.194, 49.562]], [[26.226, 49.642], [26.211, 49.689]], [[25.982, 49.709], [25.744, 49.706]], [[25.63, 49.758], [25.594, 49.777]], [[25.417, 49.893], [25.254, 49.874], [25.208, 49.828], [25.15, 49.826], [25.096, 49.874], [24.942, 49.878], [24.776, 50.05], [24.776, 50.15], [24.822, 50.197], [24.832, 50.264], [24.937, 50.325]], [[24.942, 50.326], [24.953, 50.328]], [[22.936, 58.34], [22.714, 58.568], [22.669, 58.576]]]}, "properties": {"date": "1917-10-01", "theatre": "Восточный фронт", "phase": "отступление 1917", "method": "голосование 8+8 ближайших якорей двух сторон, вес 1/d^3, сетка 0.05°; невзятый якорь голосует только за свою землю"}}, {"type": "Feature", "geometry": {"type": "MultiLineString", "coordinates": [[[42.522, 38.147], [42.528, 38.258], [42.574, 38.304], [42.574, 38.496], [42.528, 38.542], [42.514, 38.614], [42.346, 38.724], [41.997, 38.722], [41.958, 38.678], [41.886, 38.664], [41.686, 38.464], [41.671, 38.398]], [[40.468, 38.575], [40.278, 38.681]], [[38.749, 39.227], [38.696, 39.274], [38.5, 39.276], [38.453, 39.322], [38.395, 39.328]], [[38.346, 40.179], [38.492, 40.322], [38.564, 40.336], [38.864, 40.636], [38.928, 40.808], [38.972, 40.847], [38.973, 41.023]], [[42.465, 38.071], [42.522, 38.147]]]}, "properties": {"date": "1917-10-01", "theatre": "Кавказский фронт", "phase": "отступление 1917", "method": "голосование 8+8 ближайших якорей двух сторон, вес 1/d^3, сетка 0.05°; невзятый якорь голосует только за свою землю"}}, {"type": "Feature", "geometry": {"type": "MultiLineString", "coordinates": [[[24.953, 50.328], [24.986, 50.35]], [[24.987, 50.352], [24.957, 50.351]], [[24.903, 50.344], [24.769, 50.338]], [[24.697, 50.359], [24.64, 50.396]], [[24.475, 50.454], [24.466, 50.46]], [[24.52, 50.516], [24.488, 50.535]], [[24.489, 50.544], [24.531, 50.709], [24.618, 50.786], [24.631, 50.859], [24.691, 50.919], [24.758, 50.928], [24.804, 50.974], [24.908, 50.978], [24.954, 51.024], [25.058, 51.028], [25.097, 51.072], [25.264, 51.132], [25.418, 51.286], [25.431, 51.359], [25.691, 51.569], [25.758, 51.578], [25.797, 51.622], [25.95, 51.626], [26.004, 51.674], [26.15, 51.676], [26.204, 51.724], [26.4, 51.726], [26.454, 51.774], [26.6, 51.776], [26.647, 51.822], [26.758, 51.828], [26.797, 51.872], [26.908, 51.878], [26.947, 51.922], [27.058, 51.928], [27.322, 52.097], [27.342, 52.299], [27.208, 52.422], [27.147, 52.428], [27.1, 52.474], [26.997, 52.478], [26.95, 52.524], [26.804, 52.526], [26.75, 52.574], [26.597, 52.578], [26.55, 52.624], [26.213, 52.625], [26.15, 52.674], [25.947, 52.678], [25.908, 52.722], [25.841, 52.731], [25.736, 52.836], [25.722, 52.958], [25.676, 53.004], [25.676, 53.246], [25.736, 53.314], [25.858, 53.328], [25.904, 53.374], [26.1, 53.376], [26.247, 53.472], [26.308, 53.478], [26.418, 53.586], [26.428, 53.653], [26.474, 53.7], [26.468, 53.764], [26.228, 53.997], [26.224, 54.35], [26.178, 54.397], [26.172, 54.508], [26.126, 54.554], [26.125, 54.687], [26.241, 54.819], [26.408, 54.878], [26.468, 54.936], [26.476, 55.146], [26.524, 55.2], [26.524, 55.3], [26.464, 55.414], [26.358, 55.472], [26.247, 55.478], [26.208, 55.522], [26.104, 55.526], [26.058, 55.572], [25.954, 55.576], [25.908, 55.622], [25.841, 55.631], [25.778, 55.697], [25.765, 55.854], [25.791, 55.969], [25.864, 55.982], [25.947, 56.072], [26.408, 56.278], [26.518, 56.386], [26.528, 56.453], [26.574, 56.5], [26.575, 56.793], [26.518, 56.914], [26.458, 56.972], [26.347, 56.978], [26.293, 57.025], [26.0, 57.024], [25.937, 56.975], [25.047, 56.978], [25.008, 57.022], [24.904, 57.026], [24.858, 57.072], [24.791, 57.081], [24.403, 57.479]], [[26.356, 48.529], [26.347, 48.548]], [[26.329, 48.586], [26.32, 48.599]], [[26.215, 48.712], [26.208, 48.762]], [[26.22, 48.833], [26.219, 48.834]], [[26.18, 48.938], [26.171, 48.974]], [[26.203, 49.264], [26.203, 49.406]], [[26.184, 49.449], [26.166, 49.483]], [[26.159, 49.534], [26.194, 49.562]], [[26.226, 49.642], [26.211, 49.689]], [[25.982, 49.709], [25.744, 49.706]], [[25.63, 49.758], [25.594, 49.777]], [[25.417, 49.893], [25.254, 49.874], [25.208, 49.828], [25.15, 49.826], [25.096, 49.874], [24.942, 49.878], [24.776, 50.05], [24.776, 50.15], [24.822, 50.197], [24.832, 50.264], [24.937, 50.325]], [[24.942, 50.326], [24.953, 50.328]]]}, "properties": {"date": "1917-11-01", "theatre": "Восточный фронт", "phase": "отступление 1917", "method": "голосование 8+8 ближайших якорей двух сторон, вес 1/d^3, сетка 0.05°; невзятый якорь голосует только за свою землю"}}, {"type": "Feature", "geometry": {"type": "MultiLineString", "coordinates": [[[42.522, 38.147], [42.528, 38.258], [42.574, 38.304], [42.574, 38.496], [42.528, 38.542], [42.514, 38.614], [42.346, 38.724], [41.997, 38.722], [41.958, 38.678], [41.886, 38.664], [41.686, 38.464], [41.671, 38.398]], [[40.468, 38.575], [40.278, 38.681]], [[38.749, 39.227], [38.696, 39.274], [38.5, 39.276], [38.453, 39.322], [38.395, 39.328]], [[38.346, 40.179], [38.492, 40.322], [38.564, 40.336], [38.864, 40.636], [38.928, 40.808], [38.972, 40.847], [38.973, 41.023]], [[42.465, 38.071], [42.522, 38.147]]]}, "properties": {"date": "1917-11-01", "theatre": "Кавказский фронт", "phase": "отступление 1917", "method": "голосование 8+8 ближайших якорей двух сторон, вес 1/d^3, сетка 0.05°; невзятый якорь голосует только за свою землю"}}, {"type": "Feature", "geometry": {"type": "MultiLineString", "coordinates": [[[24.953, 50.328], [24.986, 50.35]], [[24.987, 50.352], [24.957, 50.351]], [[24.903, 50.344], [24.769, 50.338]], [[24.697, 50.359], [24.64, 50.396]], [[24.475, 50.454], [24.466, 50.46]], [[24.52, 50.516], [24.488, 50.535]], [[24.489, 50.544], [24.531, 50.709], [24.618, 50.786], [24.631, 50.859], [24.691, 50.919], [24.758, 50.928], [24.804, 50.974], [24.908, 50.978], [24.954, 51.024], [25.058, 51.028], [25.097, 51.072], [25.264, 51.132], [25.418, 51.286], [25.431, 51.359], [25.691, 51.569], [25.758, 51.578], [25.797, 51.622], [25.95, 51.626], [26.004, 51.674], [26.15, 51.676], [26.204, 51.724], [26.4, 51.726], [26.454, 51.774], [26.6, 51.776], [26.647, 51.822], [26.758, 51.828], [26.797, 51.872], [26.908, 51.878], [26.947, 51.922], [27.058, 51.928], [27.322, 52.097], [27.342, 52.299], [27.208, 52.422], [27.147, 52.428], [27.1, 52.474], [26.997, 52.478], [26.95, 52.524], [26.804, 52.526], [26.75, 52.574], [26.597, 52.578], [26.55, 52.624], [26.213, 52.625], [26.15, 52.674], [25.947, 52.678], [25.908, 52.722], [25.841, 52.731], [25.736, 52.836], [25.722, 52.958], [25.676, 53.004], [25.676, 53.246], [25.736, 53.314], [25.858, 53.328], [25.904, 53.374], [26.1, 53.376], [26.247, 53.472], [26.308, 53.478], [26.418, 53.586], [26.428, 53.653], [26.474, 53.7], [26.468, 53.764], [26.228, 53.997], [26.224, 54.35], [26.178, 54.397], [26.172, 54.508], [26.126, 54.554], [26.125, 54.687], [26.241, 54.819], [26.408, 54.878], [26.468, 54.936], [26.476, 55.146], [26.524, 55.2], [26.524, 55.3], [26.464, 55.414], [26.358, 55.472], [26.247, 55.478], [26.208, 55.522], [26.104, 55.526], [26.058, 55.572], [25.954, 55.576], [25.908, 55.622], [25.841, 55.631], [25.778, 55.697], [25.765, 55.854], [25.791, 55.969], [25.864, 55.982], [25.947, 56.072], [26.408, 56.278], [26.518, 56.386], [26.528, 56.453], [26.574, 56.5], [26.575, 56.793], [26.518, 56.914], [26.458, 56.972], [26.347, 56.978], [26.293, 57.025], [26.0, 57.024], [25.937, 56.975], [25.047, 56.978], [25.008, 57.022], [24.904, 57.026], [24.858, 57.072], [24.791, 57.081], [24.403, 57.479]], [[26.356, 48.529], [26.347, 48.548]], [[26.329, 48.586], [26.32, 48.599]], [[26.215, 48.712], [26.208, 48.762]], [[26.22, 48.833], [26.219, 48.834]], [[26.18, 48.938], [26.171, 48.974]], [[26.203, 49.264], [26.203, 49.406]], [[26.184, 49.449], [26.166, 49.483]], [[26.159, 49.534], [26.194, 49.562]], [[26.226, 49.642], [26.211, 49.689]], [[25.982, 49.709], [25.744, 49.706]], [[25.63, 49.758], [25.594, 49.777]], [[25.417, 49.893], [25.254, 49.874], [25.208, 49.828], [25.15, 49.826], [25.096, 49.874], [24.942, 49.878], [24.776, 50.05], [24.776, 50.15], [24.822, 50.197], [24.832, 50.264], [24.937, 50.325]], [[24.942, 50.326], [24.953, 50.328]]]}, "properties": {"date": "1917-12-01", "theatre": "Восточный фронт", "phase": "отступление 1917", "method": "голосование 8+8 ближайших якорей двух сторон, вес 1/d^3, сетка 0.05°; невзятый якорь голосует только за свою землю"}}, {"type": "Feature", "geometry": {"type": "MultiLineString", "coordinates": [[[42.522, 38.147], [42.528, 38.258], [42.574, 38.304], [42.574, 38.496], [42.528, 38.542], [42.514, 38.614], [42.346, 38.724], [41.997, 38.722], [41.958, 38.678], [41.886, 38.664], [41.686, 38.464], [41.671, 38.398]], [[40.468, 38.575], [40.278, 38.681]], [[38.749, 39.227], [38.696, 39.274], [38.5, 39.276], [38.453, 39.322], [38.395, 39.328]], [[38.346, 40.179], [38.492, 40.322], [38.564, 40.336], [38.864, 40.636], [38.928, 40.808], [38.972, 40.847], [38.973, 41.023]], [[42.465, 38.071], [42.522, 38.147]]]}, "properties": {"date": "1917-12-01", "theatre": "Кавказский фронт", "phase": "отступление 1917", "method": "голосование 8+8 ближайших якорей двух сторон, вес 1/d^3, сетка 0.05°; невзятый якорь голосует только за свою землю"}}]}