{"type": "FeatureCollection", "note": "антиколониальное сопротивление, tools/build_uprisings.py; в отрисовку слой не идёт, нужен попапу истории точки", "features": [{"type": "Feature", "properties": {"name": "kolomna_1546", "name_ru": "Коломна 1546", "people": "русские", "from": "1546-01-01", "to": "1546-01-01", "from_raw": "1546", "to_raw": "1546", "territory": "Коломна", "kind": "military", "kind_ru": "выступление войск", "event": "выступление стрельцов, причина не установлена", "source": "Атлас російського імперіалізму та колоніалізму (УІФ, 2026), розд. 18, п. 12", "confidence": "низкая", "note": "", "paint": "none", "hold_from": "", "hold_to": "", "hold_note": "", "geometry_source": "city:Коломна", "approximate": true}, "geometry": {"type": "Polygon", "coordinates": [[[39.135, 55.08], [39.032, 54.833], [38.785, 54.73], [38.538, 54.833], [38.435, 55.08], [38.538, 55.327], [38.785, 55.43], [39.032, 55.327], [39.135, 55.08]]]}}, {"type": "Feature", "properties": {"name": "moscow_1547", "name_ru": "Москва 1547", "people": "русские", "from": "1547-06-26", "to": "1547-07-03", "from_raw": "1547-06-26", "to_raw": "1547-07-03", "territory": "Москва", "kind": "urban", "kind_ru": "выступление горожан", "event": "городское выступление после пожара против рода Глинских; повстанцы без боя заняли Кремль 26 июня, через неделю сложили оружие", "source": "Атлас російського імперіалізму та колоніалізму (УІФ, 2026), розд. 18, п. 13", "confidence": "средняя", "note": "выступление против знати, но за царя: политической программы не было", "paint": "none", "hold_from": "", "hold_to": "", "hold_note": "", "geometry_source": "city:Москва", "approximate": true}, "geometry": {"type": "Polygon", "coordinates": [[[37.964, 55.754], [37.861, 55.507], [37.614, 55.404], [37.367, 55.507], [37.264, 55.754], [37.367, 56.001], [37.614, 56.104], [37.861, 56.001], [37.964, 55.754]]]}}, {"type": "Feature", "properties": {"name": "ustyug_1549", "name_ru": "Устюг 1549", "people": "русские", "from": "1549-01-01", "to": "1549-01-01", "from_raw": "1549", "to_raw": "1549", "territory": "Устюг", "kind": "urban", "kind_ru": "выступление горожан", "event": "выступление городских низов", "source": "Атлас російського імперіалізму та колоніалізму (УІФ, 2026), розд. 18, п. 14", "confidence": "низкая", "note": "", "paint": "none", "hold_from": "", "hold_to": "", "hold_note": "", "geometry_source": "city:Великий Устюг", "approximate": true}, "geometry": {"type": "Polygon", "coordinates": [[[46.649, 60.769], [46.546, 60.522], [46.299, 60.419], [46.052, 60.522], [45.949, 60.769], [46.052, 61.016], [46.299, 61.119], [46.546, 61.016], [46.649, 60.769]]]}}, {"type": "Feature", "properties": {"name": "pskov_1550", "name_ru": "Псков 1550", "people": "русские", "from": "1550-01-01", "to": "1550-01-01", "from_raw": "1550", "to_raw": "1550", "territory": "Псков", "kind": "urban", "kind_ru": "выступление горожан", "event": "выступление городских низов", "source": "Атлас російського імперіалізму та колоніалізму (УІФ, 2026), розд. 18, п. 15", "confidence": "низкая", "note": "", "paint": "none", "hold_from": "", "hold_to": "", "hold_note": "", "geometry_source": "city:Псков", "approximate": true}, "geometry": {"type": "Polygon", "coordinates": [[[28.68, 57.83], [28.577, 57.583], [28.33, 57.48], [28.083, 57.583], [27.98, 57.83], [28.083, 58.077], [28.33, 58.18], [28.577, 58.077], [28.68, 57.83]]]}}, {"type": "Feature", "properties": {"name": "cheremis_1_1552", "name_ru": "Первая черемисская война 1552-1557", "people": "марийцы, татары, удмурты", "from": "1552-01-01", "to": "1557-01-01", "from_raw": "1552", "to_raw": "1557", "territory": "левобережье Волги, бывшее Казанское ханство", "kind": "national", "kind_ru": "антиколониальное национальное выступление", "event": "война марийцев и татар против московской администрации и сбора ясака; к выступлению присоединились удмурты, повстанцы захватили Арск, построили свою крепость-столицу и осадили Казань", "source": "Атлас російського імперіалізму та колоніалізму (УІФ, 2026), розд. 18, п. 16", "confidence": "высокая", "note": "чуваши и мордва воевали по обе стороны; отдельные выступления - 1567 г.", "paint": "none", "hold_from": "", "hold_to": "", "hold_note": "", "geometry_source": "ne:Russia:Mariy-El|Tatarstan|Chuvash|Udmurt", "approximate": true}, "geometry": {"type": "Polygon", "coordinates": [[[53.632, 55.907], [53.986, 55.851], [53.966, 55.782], [54.04, 55.802], [54.026, 55.764], [54.095, 55.773], [54.231, 55.692], [54.003, 55.554], [53.907, 55.393], [53.714, 55.333], [53.591, 55.212], [53.418, 55.222], [53.147, 55.147], [53.141, 55.099], [53.264, 55.014], [53.414, 54.989], [53.499, 54.891], [53.643, 54.9], [53.579, 54.822], [53.606, 54.714], [53.417, 54.559], [53.426, 54.499], [53.349, 54.391], [53.43, 54.266], [53.47, 54.046], [53.372, 53.969], [53.258, 54.071], [53.073, 54.07], [53.088, 54.115], [52.942, 54.204], [53.107, 54.247], [53.053, 54.337], [53.013, 54.274], [52.898, 54.275], [52.933, 54.306], [52.539, 54.377], [52.44, 54.478], [52.369, 54.419], [52.353, 54.458], [52.211, 54.442], [52.078, 54.343], [52.034, 54.424], [51.933, 54.436], [51.932, 54.532], [51.696, 54.557], [51.513, 54.639], [51.492, 54.597], [51.409, 54.595], [51.386, 54.676], [51.187, 54.648], [51.093, 54.554], [51.008, 54.545], [50.943, 54.343], [50.697, 54.427], [50.512, 54.33], [50.384, 54.486], [50.276, 54.444], [50.216, 54.504], [49.559, 54.569], [49.581, 54.599], [49.521, 54.638], [49.558, 54.668], [49.476, 54.775], [49.284, 54.885], [49.118, 54.795], [48.997, 54.786], [48.828, 54.648], [48.475, 54.632], [48.357, 54.698], [48.295, 54.678], [48.304, 54.736], [48.08, 54.768], [47.84, 54.644], [47.842, 54.725], [47.761, 54.735], [47.637, 54.565], [47.475, 54.554], [47.41, 54.5], [47.242, 54.678], [47.063, 54.69], [46.861, 54.63], [46.676, 54.685], [46.412, 54.793], [46.415, 54.895], [46.287, 54.963], [46.262, 55.054], [46.2, 55.071], [46.16, 54.972], [46.056, 55.042], [46.098, 55.204], [46.221, 55.257], [46.22, 55.357], [46.384, 55.463], [46.119, 55.53], [46.048, 55.617], [45.957, 55.633], [45.92, 55.688], [46.01, 55.743], [45.988, 55.777], [46.094, 55.808], [46.135, 55.896], [46.099, 55.941], [46.214, 56.05], [46.092, 56.056], [46.068, 56.182], [45.874, 56.259], [45.874, 56.305], [45.946, 56.325], [45.943, 56.439], [45.781, 56.426], [45.663, 56.461], [45.629, 56.522], [45.659, 56.595], [45.922, 56.652], [45.909, 56.78], [45.967, 56.874], [46.303, 56.901], [46.336, 56.952], [46.611, 56.921], [46.687, 56.968], [47.149, 56.911], [47.159, 56.816], [47.428, 56.877], [47.499, 56.853], [47.615, 56.973], [47.76, 57.013], [47.735, 57.055], [47.915, 56.982], [48.131, 57.0], [48.202, 57.028], [48.168, 57.074], [48.244, 57.1], [48.195, 57.12], [48.301, 57.165], [48.435, 57.127], [48.759, 57.172], [48.831, 57.161], [48.846, 57.094], [48.954, 57.086], [49.046, 57.212], [49.013, 57.277], [49.185, 57.33], [49.213, 57.291], [49.144, 57.16], [49.228, 57.125], [49.264, 57.048], [49.411, 57.025], [49.708, 57.072], [49.759, 56.97], [49.742, 56.9], [50.017, 56.864], [50.101, 56.792], [50.072, 56.623], [50.325, 56.676], [50.419, 56.593], [50.484, 56.617], [50.452, 56.55], [50.547, 56.421], [50.624, 56.399], [50.583, 56.359], [50.73, 56.33], [50.779, 56.358], [50.767, 56.404], [50.851, 56.39], [50.908, 56.296], [50.845, 56.237], [51.313, 56.073], [51.436, 56.144], [51.462, 56.217], [51.375, 56.234], [51.42, 56.284], [51.32, 56.329], [51.296, 56.431], [51.202, 56.439], [51.139, 56.505], [51.195, 56.53], [51.197, 56.667], [51.379, 56.68], [51.4, 56.767], [51.54, 56.883], [51.325, 56.947], [51.116, 57.305], [51.195, 57.454], [51.397, 57.478], [51.593, 57.442], [51.624, 57.535], [51.742, 57.543], [51.858, 57.639], [51.872, 57.724], [51.926, 57.759], [51.921, 57.825], [51.837, 57.852], [51.889, 57.979], [51.794, 58.036], [51.792, 58.127], [51.673, 58.166], [51.791, 58.281], [51.796, 58.361], [51.971, 58.464], [52.167, 58.49], [52.87, 58.411], [52.921, 58.534], [53.118, 58.544], [53.165, 58.456], [53.321, 58.389], [53.498, 58.45], [53.785, 58.44], [53.886, 58.319], [53.81, 58.228], [54.092, 57.99], [54.136, 57.829], [54.156, 57.706], [54.076, 57.666], [54.117, 57.616], [53.99, 57.573], [54.092, 57.522], [54.176, 57.556], [54.181, 57.466], [54.264, 57.464], [54.271, 57.427], [54.157, 57.392], [54.119, 57.309], [54.319, 57.286], [54.323, 57.138], [54.277, 57.104], [54.4, 57.043], [54.099, 56.966], [54.088, 56.771], [53.996, 56.736], [53.872, 56.807], [53.82, 56.783], [53.872, 56.705], [53.861, 56.621], [54.076, 56.669], [54.041, 56.593], [54.179, 56.527], [54.245, 56.432], [54.329, 56.443], [54.352, 56.359], [54.32, 56.339], [54.364, 56.275], [54.117, 56.158], [54.006, 56.029], [53.857, 56.043], [53.786, 55.974], [53.661, 55.953], [53.632, 55.907]], [[48.029, 54.961], [48.112, 55.001], [48.11, 55.01], [48.029, 54.961]]]}}, {"type": "Feature", "properties": {"name": "cheremis_2_1571", "name_ru": "Вторая черемисская война 1571-1574", "people": "марийцы, татары, башкиры", "from": "1571-01-01", "to": "1574-01-01", "from_raw": "1571", "to_raw": "1574", "territory": "левобережье Волги", "kind": "national", "kind_ru": "антиколониальное национальное выступление", "event": "война за восстановление Казанского ханства и против крещения; с 1572 г. присоединились камские башкиры", "source": "Атлас російського імперіалізму та колоніалізму (УІФ, 2026), розд. 18, п. 17", "confidence": "высокая", "note": "", "paint": "none", "hold_from": "", "hold_to": "", "hold_note": "", "geometry_source": "ne:Russia:Mariy-El|Tatarstan|Chuvash|Udmurt|Bashkortostan", "approximate": true}, "geometry": {"type": "Polygon", "coordinates": [[[57.422, 56.314], [57.408, 56.243], [57.478, 56.179], [57.452, 56.136], [57.537, 56.1], [57.802, 56.151], [57.907, 56.115], [58.079, 56.141], [58.3, 56.114], [58.352, 56.059], [58.455, 56.147], [58.565, 56.162], [58.824, 56.054], [58.953, 56.07], [59.026, 56.169], [59.289, 56.135], [59.281, 56.055], [59.173, 56.005], [59.23, 55.906], [59.154, 55.805], [59.317, 55.768], [59.28, 55.694], [59.344, 55.644], [59.24, 55.584], [59.437, 55.633], [59.498, 55.58], [59.641, 55.565], [59.475, 55.468], [59.201, 55.45], [59.159, 55.332], [58.997, 55.244], [58.925, 55.326], [58.847, 55.304], [58.9, 55.268], [58.735, 55.265], [58.73, 55.226], [58.803, 55.214], [58.756, 55.163], [58.659, 55.189], [58.575, 55.144], [58.756, 55.112], [58.82, 55.032], [58.62, 54.95], [58.533, 54.958], [58.523, 55.022], [58.387, 55.0], [58.433, 55.057], [58.364, 55.084], [58.372, 55.155], [58.299, 55.174], [58.141, 55.114], [58.193, 55.084], [58.089, 55.02], [58.106, 54.957], [58.001, 54.917], [57.962, 54.946], [58.031, 55.075], [57.964, 55.167], [58.135, 55.215], [57.917, 55.293], [57.425, 55.326], [57.257, 55.258], [57.215, 55.223], [57.24, 55.158], [57.137, 55.092], [57.244, 54.951], [57.154, 54.863], [57.187, 54.802], [57.581, 54.673], [57.58, 54.635], [57.747, 54.579], [57.743, 54.501], [57.961, 54.392], [58.354, 54.547], [58.614, 54.47], [59.061, 54.632], [59.228, 54.611], [59.412, 54.707], [59.632, 54.911], [59.806, 54.846], [59.944, 54.857], [59.919, 54.832], [59.975, 54.801], [59.87, 54.613], [59.679, 54.498], [59.746, 54.447], [59.667, 54.34], [59.803, 54.254], [59.727, 54.194], [59.729, 54.139], [59.535, 54.198], [59.322, 54.182], [59.154, 53.984], [58.956, 53.975], [58.923, 53.935], [58.948, 53.9], [58.872, 53.751], [58.907, 53.654], [58.821, 53.596], [58.902, 53.549], [58.823, 53.211], [58.891, 53.188], [58.907, 53.055], [59.028, 53.015], [58.836, 53.001], [58.747, 52.854], [58.784, 52.725], [58.724, 52.645], [58.839, 52.541], [58.766, 52.517], [58.828, 52.433], [58.813, 52.363], [58.941, 52.299], [58.691, 52.265], [58.599, 52.171], [58.695, 52.058], [58.64, 52.022], [58.572, 51.788], [58.16, 51.739], [57.942, 51.834], [57.664, 51.867], [57.633, 51.765], [57.422, 51.725], [57.387, 51.644], [57.185, 51.572], [57.02, 51.665], [56.996, 51.731], [56.822, 51.756], [56.793, 51.738], [56.881, 51.695], [56.888, 51.618], [56.75, 51.605], [56.715, 51.721], [56.757, 51.764], [56.608, 51.822], [56.62, 51.888], [56.737, 51.905], [56.651, 51.96], [56.683, 52.052], [56.588, 52.061], [56.622, 52.124], [56.42, 52.161], [56.456, 52.197], [56.325, 52.123], [56.205, 52.144], [56.199, 52.193], [56.451, 52.309], [56.443, 52.426], [56.36, 52.502], [56.428, 52.595], [56.271, 52.554], [56.054, 52.645], [56.078, 52.604], [55.931, 52.515], [55.861, 52.373], [55.769, 52.344], [55.71, 52.391], [55.536, 52.389], [55.495, 52.525], [55.543, 52.537], [55.545, 52.594], [55.455, 52.59], [55.412, 52.658], [55.249, 52.648], [55.285, 52.733], [55.352, 52.688], [55.42, 52.713], [55.354, 52.765], [55.422, 52.787], [55.407, 52.837], [55.264, 52.862], [55.162, 52.823], [54.962, 53.097], [54.927, 53.22], [54.822, 53.273], [54.64, 53.237], [54.564, 53.264], [54.568, 53.328], [54.52, 53.36], [54.094, 53.424], [53.878, 53.658], [53.66, 53.746], [53.47, 54.046], [53.372, 53.969], [53.258, 54.071], [53.067, 54.073], [53.088, 54.115], [52.938, 54.214], [53.107, 54.247], [53.053, 54.337], [53.013, 54.274], [52.898, 54.275], [52.933, 54.306], [52.539, 54.377], [52.44, 54.478], [52.369, 54.419], [52.353, 54.458], [52.211, 54.442], [52.078, 54.343], [52.034, 54.424], [51.933, 54.436], [51.932, 54.532], [51.696, 54.557], [51.513, 54.639], [51.492, 54.597], [51.409, 54.595], [51.386, 54.676], [51.187, 54.648], [51.093, 54.554], [51.008, 54.545], [50.943, 54.343], [50.697, 54.427], [50.512, 54.33], [50.384, 54.486], [50.276, 54.444], [50.216, 54.504], [49.559, 54.569], [49.581, 54.599], [49.521, 54.638], [49.558, 54.668], [49.476, 54.775], [49.284, 54.885], [49.118, 54.795], [48.997, 54.786], [48.828, 54.648], [48.475, 54.632], [48.357, 54.698], [48.295, 54.678], [48.304, 54.736], [48.08, 54.768], [47.84, 54.644], [47.842, 54.725], [47.761, 54.735], [47.637, 54.565], [47.475, 54.554], [47.41, 54.5], [47.242, 54.678], [47.063, 54.69], [46.851, 54.631], [46.441, 54.772], [46.394, 54.818], [46.415, 54.895], [46.287, 54.963], [46.285, 55.038], [46.2, 55.071], [46.16, 54.972], [46.056, 55.042], [46.098, 55.204], [46.221, 55.257], [46.22, 55.357], [46.384, 55.463], [46.119, 55.53], [45.92, 55.688], [46.01, 55.743], [45.988, 55.777], [46.094, 55.808], [46.135, 55.896], [46.099, 55.941], [46.214, 56.05], [46.092, 56.056], [46.068, 56.182], [45.874, 56.259], [45.874, 56.305], [45.946, 56.325], [45.943, 56.439], [45.781, 56.426], [45.663, 56.461], [45.629, 56.522], [45.659, 56.595], [45.922, 56.652], [45.909, 56.78], [45.967, 56.874], [46.303, 56.901], [46.336, 56.952], [46.611, 56.921], [46.687, 56.968], [47.149, 56.911], [47.159, 56.816], [47.428, 56.877], [47.499, 56.853], [47.615, 56.973], [47.76, 57.013], [47.735, 57.055], [47.915, 56.982], [48.131, 57.0], [48.202, 57.028], [48.168, 57.074], [48.244, 57.1], [48.195, 57.12], [48.301, 57.165], [48.435, 57.127], [48.759, 57.172], [48.831, 57.161], [48.846, 57.094], [48.954, 57.086], [49.046, 57.212], [49.013, 57.277], [49.185, 57.33], [49.213, 57.291], [49.144, 57.16], [49.228, 57.125], [49.264, 57.048], [49.411, 57.025], [49.708, 57.072], [49.759, 56.97], [49.742, 56.9], [50.017, 56.864], [50.101, 56.792], [50.072, 56.623], [50.325, 56.676], [50.419, 56.593], [50.484, 56.617], [50.452, 56.55], [50.547, 56.421], [50.624, 56.399], [50.583, 56.359], [50.73, 56.33], [50.779, 56.358], [50.767, 56.404], [50.851, 56.39], [50.908, 56.296], [50.845, 56.237], [51.313, 56.073], [51.436, 56.144], [51.462, 56.217], [51.375, 56.234], [51.42, 56.284], [51.32, 56.329], [51.296, 56.431], [51.202, 56.439], [51.139, 56.505], [51.195, 56.53], [51.197, 56.667], [51.379, 56.68], [51.4, 56.767], [51.54, 56.883], [51.325, 56.947], [51.116, 57.305], [51.195, 57.454], [51.397, 57.478], [51.593, 57.442], [51.624, 57.535], [51.742, 57.543], [51.858, 57.639], [51.872, 57.724], [51.926, 57.759], [51.921, 57.825], [51.837, 57.852], [51.889, 57.979], [51.794, 58.036], [51.792, 58.127], [51.673, 58.166], [51.791, 58.281], [51.796, 58.361], [51.971, 58.464], [52.167, 58.49], [52.87, 58.411], [52.921, 58.534], [53.118, 58.544], [53.165, 58.456], [53.321, 58.389], [53.498, 58.45], [53.785, 58.44], [53.886, 58.319], [53.81, 58.228], [54.092, 57.99], [54.156, 57.706], [54.079, 57.675], [54.117, 57.616], [53.99, 57.573], [54.092, 57.522], [54.176, 57.556], [54.181, 57.466], [54.264, 57.464], [54.271, 57.427], [54.157, 57.392], [54.119, 57.309], [54.319, 57.286], [54.323, 57.138], [54.277, 57.104], [54.4, 57.043], [54.099, 56.966], [54.088, 56.771], [53.996, 56.736], [53.872, 56.807], [53.82, 56.783], [53.872, 56.705], [53.849, 56.628], [54.076, 56.669], [54.041, 56.593], [54.179, 56.527], [54.245, 56.432], [54.318, 56.451], [54.352, 56.359], [54.43, 56.343], [54.559, 56.538], [54.93, 56.387], [54.968, 56.32], [55.172, 56.318], [55.224, 56.364], [55.412, 56.335], [55.914, 56.466], [56.073, 56.289], [56.267, 56.301], [56.393, 56.388], [56.528, 56.383], [56.558, 56.36], [56.501, 56.322], [56.574, 56.263], [56.738, 56.223], [56.915, 56.1], [57.219, 56.185], [57.185, 56.197], [57.274, 56.305], [57.422, 56.314]], [[48.029, 54.961], [48.112, 55.001], [48.11, 55.01], [48.029, 54.961]]]}}, {"type": "Feature", "properties": {"name": "cheremis_3_1581", "name_ru": "Третья черемисская война 1581-1585", "people": "марийцы, татары, чуваши, удмурты, башкиры", "from": "1581-01-01", "to": "1585-01-01", "from_raw": "1581", "to_raw": "1585", "territory": "среднее Поволжье", "kind": "national", "kind_ru": "антиколониальное национальное выступление", "event": "война всех народов среднего Поволжья против роста дани и давления московской администрации; повстанцы осадили Казань, Чебоксары и Свияжск", "source": "Атлас російського імперіалізму та колоніалізму (УІФ, 2026), розд. 18, п. 18", "confidence": "высокая", "note": "после поражения марийцам запретили жить в городах и на берегах больших рек и заниматься кузнечным делом; регион застроен русскими городами и крепостями", "paint": "none", "hold_from": "", "hold_to": "", "hold_note": "", "geometry_source": "ne:Russia:Mariy-El|Tatarstan|Chuvash|Udmurt|Bashkortostan|Kirov", "approximate": true}, "geometry": {"type": "Polygon", "coordinates": [[[57.422, 56.314], [57.408, 56.243], [57.478, 56.179], [57.452, 56.136], [57.537, 56.1], [57.802, 56.151], [57.907, 56.115], [58.079, 56.141], [58.3, 56.114], [58.352, 56.059], [58.455, 56.147], [58.565, 56.162], [58.824, 56.054], [58.953, 56.07], [59.026, 56.169], [59.289, 56.135], [59.281, 56.055], [59.173, 56.005], [59.23, 55.906], [59.154, 55.805], [59.317, 55.768], [59.28, 55.694], [59.344, 55.644], [59.24, 55.584], [59.437, 55.633], [59.498, 55.58], [59.641, 55.565], [59.475, 55.468], [59.201, 55.45], [59.159, 55.332], [58.997, 55.244], [58.925, 55.326], [58.847, 55.304], [58.9, 55.268], [58.735, 55.265], [58.73, 55.226], [58.803, 55.214], [58.756, 55.163], [58.659, 55.189], [58.575, 55.144], [58.756, 55.112], [58.82, 55.032], [58.62, 54.95], [58.533, 54.958], [58.523, 55.022], [58.387, 55.0], [58.433, 55.057], [58.364, 55.084], [58.372, 55.155], [58.299, 55.174], [58.141, 55.114], [58.193, 55.084], [58.089, 55.02], [58.106, 54.957], [58.001, 54.917], [57.962, 54.946], [58.031, 55.075], [57.964, 55.167], [58.135, 55.215], [57.917, 55.293], [57.425, 55.326], [57.257, 55.258], [57.215, 55.223], [57.24, 55.158], [57.137, 55.092], [57.244, 54.951], [57.154, 54.863], [57.187, 54.802], [57.581, 54.673], [57.58, 54.635], [57.747, 54.579], [57.743, 54.501], [57.961, 54.392], [58.354, 54.547], [58.614, 54.47], [59.061, 54.632], [59.228, 54.611], [59.412, 54.707], [59.632, 54.911], [59.806, 54.846], [59.944, 54.857], [59.919, 54.832], [59.975, 54.801], [59.87, 54.613], [59.679, 54.498], [59.746, 54.447], [59.667, 54.34], [59.803, 54.254], [59.727, 54.194], [59.729, 54.139], [59.535, 54.198], [59.322, 54.182], [59.154, 53.984], [58.956, 53.975], [58.923, 53.935], [58.948, 53.9], [58.872, 53.751], [58.907, 53.654], [58.821, 53.596], [58.902, 53.549], [58.823, 53.211], [58.891, 53.188], [58.907, 53.055], [59.028, 53.015], [58.836, 53.001], [58.747, 52.854], [58.784, 52.725], [58.724, 52.645], [58.839, 52.541], [58.766, 52.517], [58.828, 52.433], [58.813, 52.363], [58.941, 52.299], [58.691, 52.265], [58.606, 52.181], [58.694, 52.049], [58.64, 52.022], [58.576, 51.793], [58.522, 51.764], [58.16, 51.739], [58.092, 51.795], [57.678, 51.868], [57.633, 51.765], [57.422, 51.725], [57.393, 51.648], [57.198, 51.572], [57.02, 51.665], [56.996, 51.731], [56.822, 51.756], [56.793, 51.738], [56.881, 51.695], [56.888, 51.618], [56.75, 51.605], [56.715, 51.721], [56.757, 51.764], [56.608, 51.822], [56.62, 51.888], [56.737, 51.905], [56.651, 51.96], [56.683, 52.052], [56.588, 52.061], [56.622, 52.124], [56.42, 52.161], [56.456, 52.197], [56.325, 52.123], [56.239, 52.122], [56.191, 52.173], [56.451, 52.309], [56.443, 52.426], [56.36, 52.502], [56.428, 52.595], [56.271, 52.554], [56.054, 52.645], [56.078, 52.604], [55.931, 52.515], [55.861, 52.373], [55.769, 52.344], [55.71, 52.391], [55.536, 52.389], [55.495, 52.525], [55.543, 52.537], [55.545, 52.594], [55.455, 52.59], [55.412, 52.658], [55.249, 52.648], [55.285, 52.733], [55.352, 52.688], [55.42, 52.713], [55.354, 52.765], [55.422, 52.787], [55.407, 52.837], [55.264, 52.862], [55.162, 52.823], [54.962, 53.097], [54.927, 53.22], [54.822, 53.273], [54.64, 53.237], [54.564, 53.264], [54.568, 53.328], [54.52, 53.36], [54.094, 53.424], [53.878, 53.658], [53.66, 53.746], [53.47, 54.046], [53.372, 53.969], [53.258, 54.071], [53.067, 54.073], [53.088, 54.115], [52.938, 54.214], [53.107, 54.247], [53.053, 54.337], [53.013, 54.274], [52.898, 54.275], [52.933, 54.306], [52.539, 54.377], [52.44, 54.478], [52.369, 54.419], [52.353, 54.458], [52.211, 54.442], [52.078, 54.343], [52.034, 54.424], [51.933, 54.436], [51.932, 54.532], [51.696, 54.557], [51.513, 54.639], [51.492, 54.597], [51.409, 54.595], [51.386, 54.676], [51.187, 54.648], [51.093, 54.554], [51.008, 54.545], [50.943, 54.343], [50.697, 54.427], [50.512, 54.33], [50.384, 54.486], [50.276, 54.444], [50.216, 54.504], [49.559, 54.569], [49.581, 54.599], [49.521, 54.638], [49.558, 54.668], [49.476, 54.775], [49.284, 54.885], [49.118, 54.795], [48.997, 54.786], [48.828, 54.648], [48.475, 54.632], [48.357, 54.698], [48.295, 54.678], [48.304, 54.736], [48.08, 54.768], [47.84, 54.644], [47.842, 54.725], [47.761, 54.735], [47.637, 54.565], [47.475, 54.554], [47.41, 54.5], [47.242, 54.678], [47.063, 54.69], [46.861, 54.63], [46.676, 54.685], [46.412, 54.793], [46.415, 54.895], [46.287, 54.963], [46.262, 55.054], [46.2, 55.071], [46.16, 54.972], [46.056, 55.042], [46.098, 55.204], [46.221, 55.257], [46.22, 55.357], [46.384, 55.463], [46.119, 55.53], [46.048, 55.617], [45.957, 55.633], [45.92, 55.688], [46.01, 55.743], [45.988, 55.777], [46.094, 55.808], [46.135, 55.896], [46.099, 55.941], [46.214, 56.05], [46.092, 56.056], [46.068, 56.182], [45.874, 56.259], [45.874, 56.305], [45.943, 56.318], [45.949, 56.433], [45.663, 56.461], [45.638, 56.571], [45.922, 56.652], [45.909, 56.78], [45.959, 56.872], [46.303, 56.901], [46.336, 56.952], [46.601, 56.92], [46.746, 56.97], [46.713, 57.012], [46.765, 57.035], [46.734, 57.2], [46.845, 57.229], [46.68, 57.351], [46.75, 57.385], [46.701, 57.419], [46.798, 57.462], [46.749, 57.522], [47.037, 57.495], [47.261, 57.569], [47.471, 57.529], [47.535, 57.616], [47.572, 57.81], [47.768, 57.891], [47.703, 57.958], [47.354, 58.026], [46.43, 58.02], [46.313, 58.111], [46.413, 58.214], [46.414, 58.308], [46.48, 58.338], [46.416, 58.361], [46.591, 58.438], [46.552, 58.483], [46.593, 58.561], [47.0, 58.62], [47.008, 58.693], [47.107, 58.769], [47.222, 58.75], [47.317, 58.798], [47.3, 58.913], [47.604, 58.913], [47.55, 58.998], [47.571, 59.06], [47.442, 59.164], [47.239, 59.22], [47.252, 59.355], [47.056, 59.379], [47.134, 59.725], [46.922, 59.818], [47.035, 60.117], [46.599, 60.069], [46.376, 60.116], [46.3, 60.247], [46.75, 60.261], [46.81, 60.323], [46.862, 60.513], [47.049, 60.575], [46.96, 60.666], [47.084, 60.819], [47.043, 60.854], [47.104, 60.956], [47.194, 61.0], [47.196, 61.048], [47.568, 61.059], [47.958, 61.007], [47.984, 60.896], [48.419, 60.854], [48.538, 60.598], [48.486, 60.525], [48.612, 60.436], [48.547, 60.415], [48.754, 60.367], [48.457, 60.187], [48.508, 59.715], [49.073, 59.66], [49.043, 59.488], [49.137, 59.508], [49.535, 59.395], [49.51, 59.247], [49.664, 59.208], [49.795, 59.233], [49.825, 59.477], [49.79, 59.513], [49.845, 59.654], [50.047, 59.685], [49.958, 59.744], [49.983, 59.772], [50.236, 59.756], [50.386, 59.84], [50.811, 59.863], [51.075, 60.061], [51.307, 60.028], [51.421, 59.943], [51.533, 59.949], [52.042, 60.314], [52.454, 60.201], [53.358, 60.166], [53.484, 60.196], [53.608, 60.143], [53.703, 60.011], [53.658, 59.824], [53.592, 59.709], [53.423, 59.684], [53.354, 59.501], [53.206, 59.364], [53.217, 59.319], [53.403, 59.15], [53.716, 59.094], [53.693, 59.122], [53.754, 59.141], [53.877, 59.093], [53.761, 59.017], [53.725, 58.926], [53.807, 58.829], [53.922, 58.783], [53.771, 58.716], [53.705, 58.595], [53.786, 58.402], [53.886, 58.319], [53.81, 58.228], [54.099, 57.972], [54.156, 57.706], [54.079, 57.675], [54.117, 57.616], [53.99, 57.573], [54.092, 57.522], [54.176, 57.556], [54.181, 57.466], [54.264, 57.464], [54.271, 57.427], [54.157, 57.392], [54.119, 57.309], [54.319, 57.286], [54.323, 57.138], [54.277, 57.104], [54.4, 57.043], [54.099, 56.966], [54.095, 56.798], [54.046, 56.753], [53.95, 56.74], [53.822, 56.799], [53.873, 56.698], [53.849, 56.628], [54.076, 56.669], [54.041, 56.593], [54.179, 56.527], [54.245, 56.432], [54.318, 56.451], [54.352, 56.359], [54.42, 56.338], [54.559, 56.538], [54.93, 56.387], [54.968, 56.32], [55.172, 56.318], [55.224, 56.364], [55.412, 56.335], [55.914, 56.466], [56.073, 56.289], [56.267, 56.301], [56.393, 56.388], [56.528, 56.383], [56.558, 56.36], [56.501, 56.322], [56.574, 56.263], [56.738, 56.223], [56.897, 56.101], [57.213, 56.182], [57.185, 56.197], [57.274, 56.305], [57.422, 56.314]], [[48.029, 54.961], [48.112, 55.001], [48.11, 55.01], [48.029, 54.961]]]}}, {"type": "Feature", "properties": {"name": "berezov_1595", "name_ru": "Осада Берёзова 1595", "people": "ханты, манси", "from": "1595-01-01", "to": "1596-01-01", "from_raw": "1595", "to_raw": "1596", "territory": "Берёзовский уезд, Нижняя Обь", "kind": "national", "kind_ru": "антиколониальное национальное выступление", "event": "выступление местного населения во главе с правителем Ляпинского княжества против московской администрации, полугодовая осада Берёзовского острога", "source": "Атлас російського імперіалізму та колоніалізму (УІФ, 2026), розд. 18, п. 19", "confidence": "средняя", "note": "осада не удалась, волнения в уезде шли до лета 1596 г.", "paint": "none", "hold_from": "", "hold_to": "", "hold_note": "", "geometry_source": "ne:Russia:Khanty-Mansiy", "approximate": true}, "geometry": {"type": "Polygon", "coordinates": [[[59.984, 61.903], [59.512, 61.974], [59.404, 62.108], [59.507, 62.307], [59.603, 62.376], [59.644, 62.51], [59.511, 62.548], [59.399, 62.718], [59.477, 62.907], [59.285, 62.965], [59.223, 63.072], [59.292, 63.124], [59.262, 63.199], [59.334, 63.286], [59.287, 63.337], [59.349, 63.364], [59.319, 63.398], [59.494, 63.611], [59.573, 63.927], [59.77, 64.0], [59.856, 64.131], [59.588, 64.233], [59.634, 64.336], [59.606, 64.454], [59.482, 64.487], [59.704, 64.668], [59.641, 64.719], [59.651, 64.778], [60.147, 65.065], [60.42, 65.053], [60.645, 64.891], [60.808, 65.044], [60.979, 65.048], [61.107, 65.161], [61.241, 65.192], [61.331, 65.282], [61.254, 65.319], [61.583, 65.549], [61.871, 65.699], [62.018, 65.717], [62.278, 65.623], [62.325, 65.541], [62.411, 65.515], [62.374, 65.449], [62.481, 65.349], [62.817, 65.292], [62.801, 65.051], [62.678, 64.891], [62.81, 64.836], [62.806, 64.735], [62.593, 64.64], [62.536, 64.555], [62.9, 64.477], [63.237, 64.524], [63.463, 64.455], [63.505, 64.375], [63.413, 64.328], [63.488, 64.289], [63.878, 64.283], [64.002, 64.356], [64.477, 64.36], [64.601, 64.437], [65.176, 64.446], [65.4, 64.571], [66.019, 64.595], [66.466, 64.512], [66.682, 64.557], [66.936, 64.487], [66.887, 64.378], [66.796, 64.326], [66.819, 64.226], [67.171, 64.163], [67.166, 64.125], [67.281, 64.081], [67.679, 64.079], [67.799, 64.032], [68.425, 64.296], [68.882, 64.223], [68.99, 64.33], [68.859, 64.436], [69.015, 64.472], [69.231, 64.47], [69.39, 64.389], [69.733, 64.394], [70.0, 64.316], [70.307, 64.344], [70.473, 64.252], [70.769, 64.194], [70.776, 64.114], [70.559, 64.0], [70.644, 63.897], [70.819, 63.816], [70.914, 63.692], [71.388, 63.675], [71.551, 63.59], [71.608, 63.185], [71.988, 63.202], [72.161, 63.299], [72.655, 63.28], [73.104, 63.436], [73.368, 63.207], [74.241, 63.172], [74.507, 63.043], [74.915, 63.032], [75.364, 63.108], [75.861, 63.111], [76.24, 63.019], [76.297, 62.95], [76.688, 63.039], [77.026, 62.975], [77.158, 62.791], [77.889, 62.557], [78.015, 62.461], [78.379, 62.568], [78.793, 62.615], [79.82, 62.604], [79.915, 62.792], [80.553, 63.001], [80.584, 63.083], [81.115, 63.116], [81.175, 62.972], [81.321, 62.885], [81.339, 62.826], [81.784, 62.688], [82.165, 62.809], [82.749, 62.754], [82.758, 62.67], [83.283, 62.461], [83.798, 62.56], [84.019, 62.397], [84.243, 62.373], [84.289, 62.276], [84.404, 62.23], [84.551, 62.001], [84.538, 61.912], [84.69, 61.81], [85.001, 61.785], [85.273, 61.683], [85.376, 61.701], [85.48, 61.628], [85.722, 61.575], [85.854, 61.595], [85.974, 61.508], [85.95, 61.465], [85.644, 61.388], [85.702, 61.306], [85.671, 61.289], [84.623, 61.0], [84.26, 60.856], [83.989, 60.827], [83.504, 61.047], [83.144, 61.028], [82.407, 60.723], [82.381, 60.612], [82.165, 60.526], [81.83, 60.645], [81.141, 60.637], [81.028, 60.755], [80.723, 60.797], [80.428, 60.765], [80.186, 60.665], [79.374, 60.662], [79.285, 60.721], [79.312, 60.801], [79.185, 60.838], [78.806, 60.78], [78.688, 60.829], [78.474, 60.777], [78.121, 60.802], [77.92, 60.747], [77.702, 60.825], [77.105, 60.852], [77.068, 60.726], [76.971, 60.71], [77.047, 60.559], [76.806, 60.471], [76.753, 60.377], [76.848, 60.266], [76.694, 60.113], [76.757, 60.066], [76.741, 59.758], [76.656, 59.693], [76.645, 59.585], [76.172, 59.543], [75.996, 59.422], [75.895, 59.426], [75.819, 59.295], [75.628, 59.238], [75.687, 59.04], [75.642, 58.982], [75.159, 58.65], [75.009, 58.717], [74.899, 58.696], [74.743, 58.748], [74.1, 58.739], [73.979, 58.806], [73.633, 58.854], [73.444, 58.818], [73.032, 58.863], [73.093, 58.952], [72.95, 59.017], [72.976, 59.099], [72.926, 59.144], [72.647, 59.106], [72.524, 59.155], [72.444, 59.226], [72.437, 59.303], [72.016, 59.559], [71.296, 59.799], [71.188, 59.909], [70.986, 59.819], [70.798, 59.863], [70.399, 59.817], [70.155, 59.9], [69.616, 59.905], [69.535, 59.985], [69.306, 59.989], [69.071, 59.897], [69.295, 59.783], [68.844, 59.621], [68.571, 59.574], [68.358, 59.283], [67.742, 59.212], [67.564, 59.093], [67.071, 58.925], [66.966, 58.975], [66.779, 58.932], [66.773, 58.683], [66.38, 58.589], [65.669, 58.663], [65.382, 58.919], [65.2, 59.215], [65.099, 59.237], [65.019, 59.333], [64.324, 59.411], [64.029, 59.395], [63.841, 59.463], [63.796, 59.792], [63.638, 60.123], [63.198, 60.231], [63.22, 60.301], [62.881, 60.64], [62.76, 60.859], [62.86, 61.001], [62.62, 61.211], [61.165, 61.683], [60.431, 61.747], [60.057, 61.721], [59.978, 61.757], [59.984, 61.903]]]}}, {"type": "Feature", "properties": {"name": "tara_1627", "name_ru": "«Тарская смута» 1627-1635", "people": "сибирские татары", "from": "1627-01-01", "to": "1635-01-01", "from_raw": "1627", "to_raw": "1635", "territory": "Тарский уезд, Прииртышье", "kind": "national", "kind_ru": "антиколониальное национальное выступление", "event": "выступления против сбора ясака и борьба потомков Кучума за восстановление Сибирского ханства; помогали калмыки и телеуты", "source": "Атлас російського імперіалізму та колоніалізму (УІФ, 2026), розд. 31, п. 1", "confidence": "средняя", "note": "на стороне московских войск бились отряды вассального Кодского княжества", "paint": "none", "hold_from": "", "hold_to": "", "hold_note": "", "geometry_source": "ne:Russia:Omsk|Tyumen'", "approximate": true}, "geometry": {"type": "Polygon", "coordinates": [[[71.047, 54.749], [70.946, 54.888], [70.977, 55.078], [70.793, 55.233], [70.82, 55.294], [70.778, 55.307], [70.441, 55.283], [70.382, 55.206], [70.214, 55.132], [69.94, 55.2], [69.674, 55.334], [69.335, 55.385], [69.186, 55.326], [69.123, 55.398], [68.927, 55.434], [68.918, 55.371], [68.983, 55.309], [68.946, 55.27], [68.606, 55.423], [68.466, 55.407], [68.436, 55.467], [68.335, 55.492], [68.311, 55.561], [68.175, 55.586], [68.176, 55.71], [67.941, 55.664], [67.825, 55.721], [67.447, 55.735], [67.299, 55.897], [67.297, 55.959], [66.821, 55.961], [66.738, 56.049], [66.435, 55.953], [66.298, 56.058], [66.186, 56.068], [66.015, 55.991], [65.794, 56.113], [65.667, 56.274], [65.157, 56.293], [65.115, 56.329], [65.208, 56.368], [64.967, 56.501], [65.024, 56.64], [64.981, 56.747], [65.174, 56.779], [65.237, 56.924], [65.068, 56.908], [64.991, 57.054], [64.99, 57.237], [64.829, 57.305], [64.884, 57.35], [64.843, 57.451], [65.002, 57.593], [64.839, 57.641], [65.428, 57.834], [65.473, 57.777], [65.54, 57.78], [65.655, 57.836], [65.663, 57.887], [66.197, 58.033], [65.99, 58.32], [65.935, 58.614], [66.38, 58.589], [66.741, 58.67], [66.783, 58.7], [66.779, 58.932], [66.966, 58.975], [67.071, 58.925], [67.564, 59.093], [67.742, 59.212], [68.358, 59.283], [68.571, 59.574], [68.844, 59.621], [69.295, 59.783], [69.071, 59.897], [69.306, 59.989], [69.535, 59.985], [69.616, 59.905], [70.155, 59.9], [70.399, 59.817], [70.798, 59.863], [70.986, 59.819], [71.188, 59.909], [71.296, 59.799], [72.016, 59.559], [72.437, 59.303], [72.444, 59.226], [72.524, 59.155], [72.647, 59.106], [72.926, 59.144], [72.976, 59.099], [72.95, 59.017], [73.093, 58.952], [73.032, 58.863], [73.444, 58.818], [73.633, 58.854], [73.979, 58.806], [74.1, 58.739], [74.743, 58.748], [74.899, 58.696], [75.009, 58.717], [75.159, 58.65], [75.105, 58.581], [75.304, 58.451], [75.069, 58.343], [75.222, 58.222], [75.08, 58.119], [75.557, 57.931], [75.584, 57.662], [75.727, 57.599], [75.859, 57.399], [75.992, 57.385], [76.109, 57.25], [76.285, 56.737], [75.846, 56.462], [76.139, 56.447], [76.081, 56.414], [76.111, 56.324], [76.299, 56.237], [76.314, 56.185], [75.763, 56.141], [75.7, 56.071], [75.55, 56.048], [75.311, 55.89], [75.3, 55.842], [75.375, 55.808], [75.352, 55.768], [75.087, 55.754], [75.234, 55.66], [75.136, 55.597], [75.321, 55.54], [75.097, 55.382], [75.257, 55.266], [75.255, 55.137], [75.394, 55.037], [75.337, 54.919], [75.535, 54.9], [75.5, 54.837], [75.65, 54.809], [75.703, 54.694], [75.794, 54.699], [75.83, 54.615], [75.793, 54.555], [75.685, 54.531], [75.691, 54.113], [75.361, 54.06], [75.434, 53.987], [75.028, 53.808], [74.772, 53.831], [74.616, 53.681], [74.453, 53.685], [74.421, 53.603], [74.457, 53.57], [74.388, 53.462], [74.27, 53.515], [74.223, 53.595], [74.077, 53.566], [74.058, 53.625], [73.904, 53.639], [73.653, 53.609], [73.411, 53.43], [73.347, 53.459], [73.391, 53.52], [73.231, 53.572], [73.23, 53.662], [73.307, 53.686], [73.347, 53.788], [73.438, 53.809], [73.391, 53.828], [73.432, 53.865], [73.683, 53.874], [73.741, 54.058], [73.602, 54.071], [73.518, 53.956], [73.393, 53.974], [73.36, 53.938], [73.063, 53.979], [72.942, 54.122], [72.624, 54.135], [72.503, 54.051], [72.656, 54.043], [72.7, 53.958], [72.557, 53.977], [72.392, 53.908], [72.419, 54.016], [72.358, 54.093], [72.483, 54.136], [72.299, 54.178], [72.324, 54.253], [72.185, 54.357], [72.043, 54.378], [72.103, 54.312], [72.067, 54.222], [72.17, 54.197], [72.178, 54.136], [72.1, 54.132], [71.984, 54.232], [71.762, 54.248], [71.709, 54.132], [71.647, 54.109], [71.477, 54.11], [71.453, 54.181], [71.321, 54.201], [71.161, 54.102], [71.044, 54.186], [71.052, 54.263], [70.971, 54.305], [71.191, 54.318], [71.141, 54.564], [71.265, 54.662], [71.201, 54.724], [71.047, 54.749]]]}}, {"type": "Feature", "properties": {"name": "yakut_tungus_1631", "name_ru": "Тунгусские и якутские восстания 1631-1686", "people": "якуты, эвенки", "from": "1631-01-01", "to": "1686-01-01", "from_raw": "1631", "to_raw": "1686", "territory": "Якутия, Охотское побережье", "kind": "national", "kind_ru": "антиколониальное национальное выступление", "event": "непрерывная череда выступлений против сбора ясака: осады Якутского острога 1634, 1641-1642, осады Охотского острога 1646, 1650-1651, 1677-1678; в 1682 г. якуты во главе с Дженником вместе с эвенками несколько раз пытались захватить Якутск; в 1684 г. последнее выступление во главе с Орюканом Секуевым", "source": "Атлас російського імперіалізму та колоніалізму (УІФ, 2026), розд. 31, п. 16", "confidence": "высокая", "note": "повстанцев в 1650-1678 гг. возглавлял Зелемей Ковырин, в 1675-1676 гг. - Балтуга Тимирев", "paint": "none", "hold_from": "", "hold_to": "", "hold_note": "", "geometry_source": "ne:Russia:Sakha (Yakutia)", "approximate": true}, "geometry": {"type": "MultiPolygon", "coordinates": [[[[113.131, 73.882], [113.396, 73.686], [113.431, 73.61], [113.131, 73.45], [113.272, 73.375], [113.495, 73.34], [113.521, 73.104], [113.455, 72.993], [113.487, 72.964], [113.118, 72.861], [113.105, 72.822], [113.189, 72.722], [113.368, 72.665], [114.09, 72.601], [113.391, 72.681], [113.238, 72.735], [113.158, 72.823], [113.542, 72.977], [113.531, 73.048], [113.601, 73.104], [113.529, 73.183], [113.562, 73.253], [113.724, 73.321], [114.036, 73.347], [113.775, 73.356], [113.467, 73.505], [113.915, 73.536], [114.109, 73.6], [114.854, 73.609], [115.413, 73.71], [116.603, 73.675], [117.444, 73.589], [118.45, 73.589], [118.998, 73.491], [118.707, 73.444], [118.467, 73.478], [118.346, 73.403], [118.428, 73.375], [118.353, 73.282], [118.394, 73.238], [118.918, 73.12], [119.535, 73.055], [119.723, 72.959], [120.534, 72.874], [120.573, 72.889], [119.842, 72.957], [119.764, 73.008], [121.055, 72.932], [121.791, 72.977], [121.964, 72.964], [121.924, 72.926], [122.043, 72.892], [122.732, 72.827], [122.308, 72.941], [122.873, 72.873], [122.953, 72.892], [122.43, 72.985], [122.614, 73.031], [123.138, 72.918], [123.338, 72.981], [123.323, 73.035], [123.4, 73.093], [123.47, 73.085], [123.397, 73.122], [123.401, 73.174], [123.547, 73.197], [123.513, 73.176], [123.585, 73.16], [123.671, 73.203], [123.539, 73.22], [123.332, 73.351], [123.413, 73.391], [123.218, 73.409], [123.307, 73.426], [123.282, 73.464], [123.417, 73.444], [123.246, 73.546], [123.37, 73.56], [123.314, 73.594], [123.424, 73.581], [123.37, 73.663], [123.569, 73.716], [123.629, 73.697], [123.562, 73.643], [123.657, 73.635], [123.602, 73.615], [123.646, 73.603], [124.0, 73.642], [123.921, 73.669], [123.931, 73.745], [123.877, 73.773], [123.986, 73.759], [124.055, 73.724], [123.993, 73.691], [124.06, 73.685], [124.383, 73.806], [124.726, 73.708], [124.856, 73.724], [124.98, 73.676], [124.987, 73.628], [125.137, 73.704], [125.151, 73.656], [125.212, 73.649], [125.178, 73.622], [125.214, 73.616], [125.172, 73.577], [125.198, 73.551], [125.365, 73.583], [125.652, 73.525], [125.521, 73.457], [125.563, 73.409], [125.639, 73.458], [125.877, 73.461], [125.816, 73.491], [125.918, 73.54], [125.973, 73.532], [125.912, 73.436], [125.941, 73.428], [126.014, 73.509], [126.288, 73.557], [126.405, 73.512], [126.391, 73.464], [126.329, 73.43], [126.171, 73.459], [126.152, 73.436], [126.255, 73.403], [126.158, 73.381], [126.42, 73.409], [126.549, 73.347], [126.59, 73.296], [126.565, 73.233], [126.659, 73.303], [126.563, 73.381], [126.73, 73.444], [126.806, 73.383], [126.833, 73.44], [126.932, 73.43], [126.918, 73.504], [126.83, 73.519], [126.858, 73.533], [127.988, 73.471], [127.899, 73.436], [128.077, 73.406], [127.96, 73.347], [128.34, 73.361], [128.235, 73.265], [128.659, 73.261], [128.969, 73.177], [128.851, 73.156], [128.864, 73.116], [128.777, 73.071], [129.114, 73.122], [129.444, 73.029], [129.479, 72.979], [129.36, 72.94], [128.771, 72.972], [128.291, 72.909], [128.214, 72.861], [128.228, 72.819], [128.129, 72.786], [129.358, 72.703], [129.198, 72.655], [128.479, 72.725], [128.396, 72.673], [127.905, 72.667], [128.611, 72.483], [129.258, 72.464], [129.242, 72.416], [129.501, 72.332], [129.34, 72.305], [129.358, 72.263], [129.564, 72.231], [129.242, 72.134], [129.489, 72.128], [128.934, 72.073], [128.494, 72.203], [128.57, 72.244], [128.529, 72.259], [128.15, 72.317], [127.859, 72.429], [127.666, 72.43], [127.864, 72.332], [127.747, 72.326], [128.249, 72.205], [128.453, 72.093], [128.453, 72.024], [128.624, 71.963], [128.664, 71.863], [128.927, 71.739], [129.184, 71.809], [129.041, 72.019], [129.287, 71.883], [129.31, 71.804], [129.544, 71.723], [129.305, 71.761], [128.908, 71.708], [128.82, 71.658], [128.875, 71.597], [129.146, 71.613], [129.249, 71.55], [129.236, 71.497], [129.314, 71.466], [129.392, 71.347], [129.653, 71.261], [129.763, 71.148], [129.626, 71.086], [130.08, 71.083], [130.222, 70.994], [130.167, 70.969], [130.62, 70.866], [130.699, 70.888], [130.769, 70.978], [130.891, 70.845], [130.888, 70.763], [131.042, 70.739], [131.226, 70.75], [131.546, 70.887], [131.771, 71.1], [131.761, 71.135], [131.866, 71.149], [131.827, 71.182], [131.851, 71.208], [132.188, 71.216], [131.942, 71.267], [132.264, 71.682], [132.539, 71.884], [132.718, 71.946], [133.066, 71.971], [133.341, 71.886], [133.354, 71.834], [133.031, 71.955], [132.796, 71.911], [132.813, 71.831], [132.715, 71.811], [132.73, 71.769], [132.985, 71.72], [133.152, 71.579], [133.909, 71.399], [134.168, 71.371], [134.585, 71.406], [134.739, 71.368], [134.651, 71.297], [134.669, 71.264], [134.77, 71.367], [134.697, 71.421], [134.778, 71.429], [134.81, 71.482], [135.033, 71.539], [135.423, 71.531], [135.341, 71.566], [135.622, 71.623], [135.985, 71.635], [136.444, 71.576], [136.516, 71.558], [136.547, 71.477], [136.775, 71.523], [137.275, 71.385], [137.239, 71.367], [137.492, 71.347], [137.445, 71.313], [137.485, 71.298], [137.403, 71.285], [137.532, 71.246], [137.705, 71.285], [137.671, 71.251], [137.739, 71.251], [137.692, 71.221], [137.526, 71.22], [137.766, 71.168], [137.813, 71.12], [138.074, 71.134], [137.994, 71.191], [137.842, 71.182], [137.739, 71.229], [138.067, 71.225], [138.24, 71.278], [137.996, 71.302], [138.363, 71.319], [137.829, 71.387], [138.015, 71.474], [138.039, 71.559], [138.099, 71.581], [138.5, 71.613], [138.404, 71.58], [138.438, 71.539], [138.577, 71.552], [138.555, 71.607], [138.756, 71.643], [139.045, 71.569], [139.158, 71.449], [139.116, 71.429], [139.192, 71.415], [139.346, 71.422], [139.443, 71.495], [140.033, 71.472], [139.735, 71.672], [139.692, 71.792], [139.809, 71.861], [139.336, 71.95], [139.635, 71.955], [139.712, 71.998], [139.716, 72.083], [139.874, 72.178], [140.132, 72.154], [140.219, 72.186], [140.197, 72.214], [139.561, 72.232], [139.432, 72.183], [139.533, 72.164], [139.257, 72.179], [139.35, 72.134], [139.192, 72.163], [139.089, 72.237], [139.329, 72.423], [139.542, 72.498], [140.577, 72.496], [141.111, 72.587], [140.933, 72.601], [141.011, 72.668], [140.992, 72.709], [140.664, 72.809], [140.594, 72.893], [141.273, 72.866], [141.551, 72.774], [142.232, 72.702], [143.487, 72.7], [145.41, 72.556], [146.854, 72.354], [145.353, 72.347], [145.17, 72.421], [144.943, 72.438], [144.708, 72.374], [144.521, 72.225], [144.342, 72.294], [144.105, 72.278], [144.416, 72.175], [145.069, 72.264], [146.929, 72.313], [146.495, 72.066], [145.973, 71.856], [145.942, 71.888], [145.999, 71.939], [145.993, 72.03], [146.347, 72.128], [146.079, 72.17], [145.968, 72.071], [145.942, 72.155], [145.849, 72.162], [145.907, 72.203], [145.88, 72.219], [145.613, 72.244], [145.75, 72.21], [145.621, 72.08], [145.791, 72.028], [145.806, 71.929], [145.329, 71.871], [144.971, 71.98], [144.974, 71.914], [145.216, 71.843], [145.029, 71.771], [144.886, 71.771], [144.921, 71.743], [144.893, 71.675], [145.333, 71.661], [145.57, 71.741], [146.036, 71.786], [146.365, 71.906], [146.619, 72.075], [147.196, 72.33], [148.402, 72.311], [149.725, 72.121], [150.074, 71.894], [149.709, 71.773], [149.369, 71.904], [149.149, 71.771], [148.834, 71.812], [149.039, 71.758], [149.005, 71.703], [148.827, 71.675], [149.953, 71.67], [150.102, 71.595], [149.952, 71.592], [149.965, 71.529], [149.868, 71.462], [150.117, 71.516], [150.671, 71.49], [150.515, 71.346], [150.027, 71.223], [150.047, 71.21], [150.409, 71.285], [150.657, 71.39], [150.739, 71.394], [150.595, 71.278], [151.033, 71.394], [151.492, 71.333], [152.137, 71.017], [151.681, 70.976], [152.505, 70.848], [152.541, 70.791], [152.613, 70.835], [153.664, 70.861], [154.239, 70.965], [155.48, 71.062], [155.53, 70.976], [155.605, 71.066], [155.936, 71.099], [157.989, 71.048], [159.238, 70.829], [159.843, 70.582], [160.094, 70.31], [160.088, 70.238], [159.938, 70.128], [159.689, 70.134], [159.915, 70.099], [159.851, 70.055], [159.863, 69.993], [159.692, 69.911], [159.801, 69.807], [159.769, 69.762], [159.862, 69.79], [160.169, 69.703], [160.141, 69.729], [160.256, 69.719], [160.319, 69.654], [160.516, 69.687], [160.926, 69.642], [161.006, 69.577], [160.921, 69.462], [161.039, 69.195], [160.963, 69.106], [161.415, 68.982], [161.219, 68.792], [161.21, 68.692], [161.107, 68.605], [161.032, 68.56], [160.758, 68.564], [160.779, 68.539], [161.134, 68.561], [161.347, 68.701], [161.29, 68.754], [161.319, 68.79], [161.574, 68.921], [161.559, 69.03], [161.399, 69.221], [161.463, 69.287], [161.415, 69.331], [161.484, 69.345], [161.436, 69.38], [161.6, 69.428], [161.804, 69.53], [162.026, 69.551], [162.19, 69.65], [162.299, 69.652], [162.327, 69.702], [162.446, 69.64], [162.349, 69.618], [162.379, 69.573], [162.311, 69.54], [162.412, 69.464], [162.368, 69.417], [162.495, 69.388], [162.54, 69.307], [162.78, 69.194], [162.51, 69.109], [162.532, 69.005], [162.847, 68.869], [162.742, 68.798], [162.596, 68.801], [162.61, 68.704], [162.723, 68.605], [162.582, 68.506], [162.535, 68.358], [162.418, 68.309], [161.406, 68.412], [160.997, 68.301], [159.85, 68.277], [159.781, 68.209], [159.553, 68.239], [158.256, 68.069], [158.198, 67.961], [158.066, 67.921], [158.053, 67.863], [158.258, 67.832], [158.325, 67.749], [157.806, 67.705], [157.691, 67.539], [157.885, 67.438], [157.783, 67.346], [157.86, 67.272], [158.703, 67.055], [158.903, 66.808], [158.716, 66.731], [158.47, 66.488], [158.361, 66.454], [158.529, 66.359], [158.391, 66.249], [158.477, 66.115], [158.124, 66.156], [157.718, 66.112], [157.373, 65.996], [157.39, 65.93], [157.124, 65.915], [156.927, 65.965], [156.973, 66.033], [156.631, 66.203], [156.336, 66.063], [155.958, 66.096], [155.773, 66.177], [155.32, 66.142], [155.17, 66.209], [154.885, 66.134], [154.548, 66.238], [154.395, 66.205], [154.216, 66.065], [154.354, 66.038], [154.382, 65.944], [154.26, 65.834], [154.083, 65.797], [154.019, 65.876], [153.698, 65.886], [153.483, 65.826], [153.456, 65.766], [153.531, 65.706], [153.399, 65.497], [153.524, 65.419], [153.462, 65.363], [153.116, 65.27], [152.688, 65.233], [152.609, 65.152], [152.654, 65.034], [152.5, 64.938], [152.564, 64.864], [152.55, 64.818], [152.675, 64.78], [152.748, 64.686], [152.347, 64.524], [152.414, 64.407], [152.204, 64.357], [152.097, 64.366], [152.134, 64.446], [152.016, 64.504], [151.48, 64.436], [151.392, 64.296], [151.315, 64.36], [151.175, 64.376], [150.631, 64.331], [150.609, 64.166], [150.193, 64.224], [150.026, 64.359], [150.086, 64.489], [149.816, 64.567], [149.219, 64.408], [149.098, 64.441], [148.613, 64.421], [148.303, 64.554], [148.161, 64.458], [148.023, 64.431], [148.056, 64.395], [148.001, 64.363], [148.259, 64.24], [148.129, 64.119], [148.121, 64.056], [147.938, 63.944], [147.876, 63.976], [147.796, 63.947], [147.767, 64.014], [147.61, 64.037], [147.663, 64.116], [147.623, 64.168], [147.298, 64.129], [147.338, 64.082], [147.267, 64.053], [146.996, 64.147], [146.39, 64.207], [146.316, 64.074], [146.109, 63.942], [145.553, 63.824], [145.622, 63.78], [145.641, 63.667], [145.451, 63.528], [145.252, 63.19], [145.3, 63.104], [145.271, 63.023], [145.366, 62.91], [145.326, 62.754], [145.429, 62.651], [145.389, 62.612], [145.48, 62.548], [145.124, 62.49], [145.176, 62.442], [145.179, 62.337], [145.126, 62.309], [145.174, 62.276], [144.98, 62.244], [144.991, 62.171], [144.755, 62.116], [144.719, 62.088], [144.745, 62.047], [144.586, 61.978], [144.546, 61.86], [144.222, 61.733], [143.934, 61.757], [143.927, 61.989], [143.762, 61.952], [143.754, 61.907], [143.647, 61.87], [143.561, 61.94], [143.619, 61.972], [143.609, 62.025], [143.362, 62.024], [143.213, 62.116], [143.121, 62.097], [142.981, 61.906], [142.681, 61.966], [142.413, 61.871], [142.394, 61.947], [142.264, 61.974], [142.177, 62.085], [141.861, 62.027], [141.871, 62.089], [141.74, 62.08], [141.545, 62.179], [141.518, 62.263], [141.41, 62.297], [141.295, 62.435], [141.089, 62.409], [141.048, 62.486], [140.705, 62.573], [140.649, 62.535], [140.684, 62.488], [140.628, 62.42], [140.347, 62.387], [140.294, 62.274], [140.305, 62.125], [140.254, 62.094], [140.28, 62.053], [140.127, 61.972], [139.994, 61.978], [139.953, 61.833], [139.673, 61.652], [139.548, 61.482], [139.098, 61.448], [138.92, 61.317], [138.735, 61.343], [138.644, 61.269], [138.703, 61.193], [138.395, 61.1], [138.292, 61.11], [138.346, 61.0], [138.215, 60.963], [138.183, 60.889], [138.284, 60.755], [138.437, 60.68], [138.404, 60.611], [138.316, 60.588], [138.329, 60.53], [138.243, 60.493], [138.329, 60.391], [138.315, 60.318], [138.201, 60.237], [138.273, 59.955], [138.174, 59.831], [138.253, 59.713], [138.035, 59.686], [138.0, 59.797], [137.949, 59.753], [137.616, 59.74], [137.447, 59.636], [137.466, 59.555], [136.759, 59.355], [136.313, 59.434], [136.075, 59.427], [136.005, 59.484], [135.757, 59.529], [135.422, 59.387], [135.187, 59.116], [134.855, 59.127], [134.752, 59.153], [134.779, 59.192], [134.725, 59.211], [134.522, 59.147], [134.047, 59.256], [133.767, 59.223], [133.615, 59.234], [133.57, 59.292], [133.429, 59.276], [133.104, 59.2], [132.936, 59.093], [132.836, 59.103], [132.864, 59.054], [132.816, 59.014], [132.873, 58.983], [132.808, 58.88], [132.599, 58.891], [132.521, 58.785], [132.571, 58.756], [132.567, 58.646], [132.372, 58.524], [132.417, 58.482], [132.124, 58.487], [132.21, 58.345], [132.195, 58.243], [132.109, 58.251], [132.022, 58.195], [132.009, 58.115], [132.12, 58.046], [132.047, 58.017], [131.714, 58.173], [131.469, 58.165], [131.633, 58.059], [131.605, 58.0], [131.799, 57.92], [131.76, 57.842], [131.888, 57.809], [132.047, 57.661], [131.964, 57.628], [131.97, 57.583], [131.693, 57.561], [131.736, 57.509], [131.585, 57.426], [131.599, 57.296], [131.51, 57.284], [131.506, 57.246], [131.345, 57.251], [131.261, 57.305], [131.183, 57.235], [131.102, 57.231], [131.193, 57.131], [131.275, 57.164], [131.482, 57.076], [131.439, 57.042], [131.751, 56.843], [131.8, 56.722], [131.674, 56.654], [131.65, 56.514], [131.701, 56.459], [131.604, 56.452], [131.619, 56.501], [131.497, 56.55], [131.398, 56.486], [131.402, 56.422], [131.307, 56.497], [131.126, 56.411], [131.093, 56.206], [130.964, 56.129], [130.924, 55.942], [130.865, 55.899], [130.923, 55.679], [130.696, 55.725], [130.018, 55.688], [129.892, 55.734], [129.474, 55.727], [129.04, 55.652], [129.087, 55.528], [128.957, 55.465], [128.496, 55.517], [128.222, 55.664], [127.911, 55.624], [127.675, 55.683], [127.478, 55.552], [127.313, 55.668], [127.188, 55.691], [126.943, 55.687], [126.886, 55.615], [126.724, 55.596], [126.683, 55.655], [126.612, 55.653], [126.423, 55.554], [126.062, 55.585], [126.065, 55.637], [126.128, 55.638], [126.059, 55.714], [125.825, 55.795], [125.546, 55.736], [125.427, 55.845], [125.248, 55.88], [124.958, 55.826], [124.676, 55.905], [124.501, 55.876], [124.369, 56.053], [124.25, 56.075], [124.206, 56.165], [123.886, 56.387], [123.289, 56.423], [123.043, 56.493], [122.888, 56.595], [122.803, 56.577], [122.781, 56.498], [122.589, 56.49], [122.467, 56.602], [122.283, 56.651], [122.16, 56.738], [121.599, 56.744], [121.599, 56.817], [121.42, 56.973], [120.656, 57.032], [120.303, 57.004], [119.898, 56.889], [119.78, 56.98], [119.645, 57.002], [119.617, 57.09], [119.686, 57.168], [119.405, 57.432], [119.495, 57.586], [119.321, 57.61], [119.179, 57.506], [119.141, 57.539], [119.156, 57.694], [119.045, 57.733], [119.16, 58.042], [119.124, 58.289], [119.069, 58.357], [119.132, 58.472], [118.776, 58.604], [118.876, 58.689], [118.893, 58.805], [118.786, 58.9], [118.85, 59.009], [118.707, 59.064], [118.689, 59.191], [118.846, 59.291], [118.758, 59.333], [118.755, 59.408], [118.398, 59.516], [118.283, 59.609], [118.058, 59.583], [117.883, 59.442], [117.758, 59.539], [117.598, 59.472], [117.338, 59.5], [117.089, 59.588], [117.195, 59.651], [117.23, 59.804], [117.065, 59.919], [117.302, 60.014], [117.054, 60.035], [116.977, 60.154], [116.582, 60.36], [116.075, 60.407], [115.709, 60.525], [115.238, 60.447], [114.836, 60.19], [114.697, 60.219], [114.543, 60.108], [114.523, 60.046], [114.569, 60.001], [114.309, 59.879], [114.175, 59.753], [114.043, 59.737], [114.038, 59.682], [113.854, 59.684], [113.779, 59.609], [113.592, 59.565], [113.605, 59.499], [113.424, 59.383], [113.472, 59.339], [113.461, 59.262], [113.264, 59.157], [112.916, 59.152], [112.644, 59.034], [112.569, 59.067], [112.616, 58.962], [112.503, 58.87], [112.448, 58.928], [112.451, 59.125], [112.526, 59.228], [112.636, 59.27], [112.631, 59.31], [112.293, 59.301], [112.275, 59.365], [112.333, 59.417], [112.271, 59.5], [111.942, 59.274], [111.764, 59.274], [111.637, 59.208], [111.47, 59.267], [111.297, 59.253], [111.175, 59.188], [111.091, 59.237], [111.001, 59.208], [110.685, 59.255], [110.576, 59.186], [110.589, 59.131], [110.531, 59.059], [110.278, 58.984], [109.822, 58.981], [109.742, 59.066], [109.636, 59.066], [109.634, 59.142], [109.532, 59.184], [109.505, 59.293], [109.261, 59.321], [109.252, 59.367], [109.348, 59.41], [109.268, 59.461], [109.523, 59.636], [109.501, 59.759], [109.645, 59.861], [109.625, 59.908], [109.764, 60.027], [109.694, 60.115], [109.732, 60.225], [109.946, 60.402], [109.923, 60.463], [110.116, 60.587], [110.046, 60.668], [110.267, 60.697], [110.288, 60.77], [110.235, 60.825], [110.447, 60.977], [110.517, 61.085], [110.481, 61.159], [110.19, 61.155], [110.081, 61.27], [109.8, 61.316], [109.87, 61.533], [109.62, 61.718], [109.604, 61.884], [110.0, 62.164], [109.936, 62.239], [109.997, 62.288], [109.895, 62.354], [109.902, 62.414], [109.487, 62.411], [109.267, 62.524], [109.249, 62.57], [109.37, 62.577], [109.473, 62.746], [109.647, 62.826], [109.472, 62.932], [109.453, 63.149], [109.408, 63.182], [109.452, 63.223], [109.381, 63.257], [109.365, 63.354], [109.279, 63.349], [109.223, 63.437], [109.042, 63.552], [108.857, 63.537], [108.571, 63.598], [108.125, 63.58], [108.117, 63.622], [108.265, 63.673], [108.298, 63.811], [108.648, 63.787], [108.766, 63.86], [108.688, 63.914], [108.731, 63.984], [108.495, 64.116], [108.54, 64.178], [108.485, 64.2], [108.534, 64.235], [108.468, 64.282], [108.042, 64.239], [107.968, 64.17], [107.607, 64.294], [107.328, 64.249], [107.222, 64.33], [106.735, 64.419], [106.622, 64.51], [106.569, 64.502], [106.584, 64.445], [106.17, 64.401], [106.069, 64.422], [106.144, 64.468], [106.042, 64.513], [105.791, 64.489], [105.707, 64.658], [105.875, 64.659], [105.848, 64.791], [106.007, 64.819], [105.951, 64.894], [106.22, 64.857], [105.983, 65.028], [106.374, 65.204], [106.498, 65.205], [106.426, 65.266], [106.443, 65.308], [106.624, 65.393], [106.829, 65.375], [106.958, 65.502], [106.42, 65.671], [106.482, 65.855], [106.471, 66.007], [106.342, 66.152], [106.117, 66.199], [106.103, 66.378], [106.322, 66.479], [106.244, 66.592], [106.254, 66.697], [106.143, 66.74], [106.184, 66.801], [106.009, 66.792], [106.057, 66.896], [105.687, 66.939], [105.54, 67.023], [105.894, 67.044], [105.993, 67.078], [106.055, 67.167], [106.492, 67.284], [106.667, 67.245], [106.802, 67.348], [106.894, 68.109], [106.89, 68.86], [106.145, 69.423], [106.455, 69.571], [106.59, 69.519], [106.839, 69.518], [107.925, 69.681], [108.015, 69.708], [108.054, 69.78], [108.291, 69.857], [108.871, 69.84], [108.941, 69.789], [109.237, 69.776], [109.367, 69.844], [109.415, 69.892], [109.385, 69.929], [109.509, 70.033], [109.352, 70.073], [109.282, 70.212], [109.535, 70.264], [109.602, 70.378], [110.263, 70.427], [110.111, 70.482], [110.064, 70.549], [110.135, 70.56], [110.103, 70.632], [110.474, 70.716], [110.539, 70.801], [111.335, 70.855], [111.522, 70.939], [111.98, 70.989], [112.076, 71.061], [112.249, 71.003], [112.556, 71.097], [112.519, 71.162], [112.695, 71.217], [112.628, 71.288], [112.501, 71.267], [112.0, 71.408], [111.996, 72.133], [111.764, 72.144], [111.714, 72.206], [111.618, 72.213], [111.647, 72.27], [111.555, 72.316], [111.057, 72.381], [111.295, 72.503], [110.702, 72.65], [110.609, 72.786], [110.695, 72.826], [110.627, 72.895], [110.837, 72.945], [110.754, 72.999], [110.901, 73.05], [110.77, 73.171], [110.397, 73.194], [110.593, 73.263], [110.536, 73.317], [110.158, 73.395], [110.538, 73.406], [110.827, 73.563], [111.085, 73.588], [111.12, 73.636], [110.907, 73.692], [110.876, 73.735], [110.918, 73.766], [110.878, 73.768], [111.295, 73.869], [111.804, 73.744], [112.372, 73.705], [112.945, 73.79], [112.935, 73.882], [112.823, 73.998], [113.131, 73.882]]], [[[137.218, 71.576], [137.706, 71.596], [137.87, 71.58], [137.966, 71.511], [137.719, 71.421], [137.267, 71.49], [137.411, 71.456], [137.344, 71.428], [136.992, 71.518], [137.218, 71.576]]], [[[128.974, 72.594], [128.653, 72.527], [128.104, 72.635], [128.653, 72.676], [128.87, 72.652], [128.974, 72.594]]], [[[129.207, 72.762], [128.317, 72.812], [128.419, 72.869], [129.22, 72.926], [129.399, 72.866], [129.417, 72.813], [129.207, 72.762]]], [[[120.279, 73.101], [120.23, 73.039], [119.721, 73.034], [119.765, 73.073], [119.634, 73.128], [120.022, 73.168], [120.279, 73.101]]], [[[128.063, 73.491], [127.618, 73.5], [127.392, 73.525], [127.691, 73.543], [128.063, 73.491]]], [[[124.576, 73.95], [124.459, 73.923], [124.657, 73.903], [124.507, 73.841], [124.288, 73.881], [124.381, 73.939], [124.576, 73.95]]], [[[135.59, 74.235], [136.263, 73.989], [136.27, 73.932], [136.168, 73.889], [135.733, 74.041], [135.553, 74.151], [135.439, 74.161], [135.354, 74.259], [135.59, 74.235]]], [[[112.775, 74.088], [112.163, 74.139], [111.459, 74.314], [111.648, 74.38], [111.951, 74.371], [112.007, 74.538], [112.11, 74.551], [113.314, 74.48], [113.406, 74.444], [113.409, 74.388], [113.241, 74.3], [113.282, 74.28], [113.22, 74.245], [112.967, 74.194], [112.775, 74.088]]], [[[116.053, 74.285], [115.89, 74.304], [115.886, 74.324], [116.063, 74.371], [116.125, 74.323], [116.053, 74.285]]], [[[137.081, 75.568], [136.997, 75.579], [136.992, 75.588], [137.081, 75.568]]], [[[135.539, 75.678], [135.693, 75.869], [135.865, 75.705], [136.184, 75.616], [135.959, 75.502], [136.013, 75.429], [135.844, 75.383], [135.45, 75.376], [135.462, 75.462], [135.594, 75.568], [135.539, 75.678]]], [[[137.14, 75.653], [136.981, 75.617], [136.97, 75.61], [136.985, 75.622], [137.013, 75.63], [137.14, 75.653]]], [[[161.073, 69.445], [161.278, 69.538], [161.375, 69.546], [161.389, 69.462], [161.292, 69.414], [161.374, 69.296], [161.319, 69.243], [161.518, 68.98], [161.482, 68.902], [161.422, 68.893], [161.456, 69.001], [161.135, 69.092], [161.169, 69.325], [161.073, 69.445]]], [[[161.475, 69.638], [161.617, 69.596], [161.589, 69.436], [161.361, 69.414], [161.426, 69.465], [161.395, 69.592], [161.475, 69.638]]], [[[161.752, 69.553], [161.667, 69.637], [161.894, 69.654], [161.899, 69.574], [161.752, 69.553]]], [[[162.351, 70.641], [162.238, 70.661], [162.484, 70.654], [162.351, 70.641]]], [[[161.695, 70.75], [161.571, 70.788], [161.463, 70.805], [161.484, 70.84], [161.656, 70.813], [161.695, 70.75]]], [[[160.764, 70.804], [160.504, 70.805], [160.553, 70.885], [160.451, 70.872], [160.425, 70.928], [160.674, 70.914], [160.764, 70.804]]], [[[139.965, 73.327], [139.817, 73.339], [139.767, 73.418], [139.907, 73.471], [140.493, 73.485], [140.899, 73.801], [141.127, 73.882], [142.045, 73.917], [142.583, 73.825], [143.407, 73.543], [143.537, 73.444], [143.441, 73.409], [143.565, 73.231], [143.175, 73.177], [142.538, 73.214], [140.789, 73.41], [139.965, 73.327]]], [[[140.165, 74.071], [140.222, 74.22], [140.891, 74.277], [141.058, 74.234], [141.113, 74.166], [141.049, 74.012], [140.988, 73.985], [140.438, 73.908], [140.327, 73.939], [140.165, 74.071]]], [[[149.209, 74.758], [148.172, 74.804], [147.664, 74.953], [147.088, 75.005], [146.072, 75.24], [146.173, 75.291], [146.169, 75.396], [146.264, 75.391], [146.264, 75.437], [146.407, 75.471], [146.341, 75.523], [146.436, 75.597], [146.771, 75.507], [146.634, 75.438], [146.797, 75.366], [147.325, 75.35], [147.168, 75.362], [147.272, 75.406], [147.436, 75.389], [147.333, 75.43], [147.374, 75.44], [148.408, 75.421], [148.58, 75.383], [148.445, 75.287], [148.61, 75.216], [149.127, 75.269], [150.129, 75.226], [150.215, 75.187], [150.163, 75.157], [150.561, 75.129], [150.5, 75.094], [150.71, 75.167], [150.958, 75.142], [150.646, 75.002], [150.691, 74.96], [150.609, 74.894], [149.718, 74.766], [149.209, 74.758]]], [[[144.688, 75.16], [144.376, 75.053], [143.999, 75.025], [143.751, 75.082], [143.361, 75.071], [142.898, 75.142], [142.838, 75.226], [142.708, 75.239], [142.642, 75.32], [142.494, 75.376], [142.535, 75.477], [143.014, 75.602], [143.043, 75.647], [143.001, 75.708], [142.338, 75.726], [142.29, 75.711], [142.434, 75.678], [142.008, 75.664], [142.207, 75.636], [142.008, 75.623], [142.14, 75.595], [142.081, 75.535], [142.187, 75.471], [142.163, 75.379], [142.41, 75.267], [142.439, 75.203], [142.669, 75.088], [143.615, 75.011], [143.708, 74.947], [143.465, 74.9], [142.715, 74.895], [142.625, 74.848], [142.714, 74.848], [142.678, 74.834], [142.514, 74.817], [141.974, 74.934], [142.081, 74.965], [142.365, 74.931], [142.199, 75.004], [141.844, 74.999], [141.371, 74.92], [140.069, 74.828], [139.85, 74.965], [139.652, 74.981], [139.459, 74.931], [139.517, 74.856], [139.645, 74.889], [139.496, 74.768], [139.343, 74.687], [139.127, 74.652], [137.895, 74.846], [137.794, 74.975], [137.134, 75.142], [136.91, 75.273], [136.924, 75.321], [136.862, 75.362], [137.039, 75.388], [137.254, 75.336], [137.422, 75.37], [137.397, 75.417], [137.143, 75.41], [137.149, 75.465], [137.301, 75.471], [137.181, 75.551], [137.294, 75.602], [137.068, 75.726], [137.198, 75.79], [137.743, 75.749], [137.432, 75.887], [137.433, 75.953], [138.028, 76.032], [138.116, 76.075], [137.973, 76.054], [138.377, 76.157], [138.328, 76.136], [138.432, 76.063], [138.533, 76.186], [139.049, 76.239], [138.897, 76.219], [139.11, 76.097], [139.825, 75.97], [139.912, 75.937], [139.799, 75.886], [139.956, 75.836], [140.51, 75.79], [140.546, 75.756], [140.433, 75.657], [140.476, 75.64], [140.902, 75.616], [141.062, 75.65], [140.864, 75.739], [140.909, 75.984], [141.001, 76.047], [141.625, 76.013], [141.31, 76.184], [142.146, 76.012], [142.547, 75.863], [143.059, 75.807], [143.386, 75.807], [143.359, 75.834], [143.585, 75.87], [143.947, 75.835], [144.724, 75.695], [144.81, 75.644], [145.174, 75.608], [145.39, 75.517], [144.712, 75.42], [144.678, 75.328], [144.941, 75.273], [144.721, 75.246], [144.688, 75.16]]], [[[152.704, 76.094], [152.555, 76.139], [152.878, 76.191], [152.884, 76.116], [152.704, 76.094]]], [[[149.263, 76.711], [149.262, 76.645], [149.2, 76.627], [148.432, 76.629], [148.867, 76.734], [149.453, 76.769], [149.263, 76.711]]], [[[156.516, 77.088], [156.492, 77.098], [156.589, 77.126], [156.653, 77.084], [156.516, 77.088]]]]}}, {"type": "Feature", "properties": {"name": "yukaghir_1635", "name_ru": "Юкагирские восстания 1635-1715", "people": "юкагиры", "from": "1635-01-01", "to": "1715-01-01", "from_raw": "1635", "to_raw": "1715", "territory": "Колыма, Индигирка, Анадырь", "kind": "national", "kind_ru": "антиколониальное национальное выступление", "event": "юкагиры признали московское верховенство после боёв 1635-1644 гг., но оружия не сложили: столкновения 1645, 1647, 1649-1652, 1656, 1661, 1663 (уничтожено Нижнеянское зимовье), 1666, 1669, 1672, 1697 гг.; в 1681-1684 гг. Канива осадил Анадырский острог", "source": "Атлас російського імперіалізму та колоніалізму (УІФ, 2026), розд. 31, п. 17", "confidence": "высокая", "note": "после выступления 1714-1715 гг. юкагиры окончательно признали власть Москвы", "paint": "none", "hold_from": "", "hold_to": "", "hold_note": "", "geometry_source": "ne:Russia:Sakha (Yakutia)|Maga Buryatdan|Chukchi Autonomous Okrug", "approximate": true}, "geometry": {"type": "MultiPolygon", "coordinates": [[[[113.396, 73.686], [113.431, 73.61], [113.131, 73.45], [113.272, 73.375], [113.495, 73.34], [113.521, 73.104], [113.455, 72.993], [113.487, 72.964], [113.118, 72.861], [113.105, 72.822], [113.189, 72.722], [113.368, 72.665], [114.09, 72.601], [113.391, 72.681], [113.238, 72.735], [113.158, 72.823], [113.542, 72.977], [113.531, 73.048], [113.601, 73.104], [113.529, 73.183], [113.562, 73.253], [113.724, 73.321], [114.036, 73.347], [113.775, 73.356], [113.467, 73.505], [113.915, 73.536], [114.109, 73.6], [114.854, 73.609], [115.413, 73.71], [116.603, 73.675], [117.444, 73.589], [118.45, 73.589], [118.998, 73.491], [118.707, 73.444], [118.467, 73.478], [118.346, 73.403], [118.428, 73.375], [118.353, 73.282], [118.394, 73.238], [118.918, 73.12], [119.535, 73.055], [119.723, 72.959], [120.534, 72.874], [120.573, 72.889], [119.842, 72.957], [119.764, 73.008], [121.055, 72.932], [121.791, 72.977], [121.964, 72.964], [121.924, 72.926], [122.043, 72.892], [122.732, 72.827], [122.308, 72.941], [122.873, 72.873], [122.953, 72.892], [122.43, 72.985], [122.614, 73.031], [123.138, 72.918], [123.338, 72.981], [123.323, 73.035], [123.4, 73.093], [123.47, 73.085], [123.397, 73.122], [123.401, 73.174], [123.547, 73.197], [123.513, 73.176], [123.585, 73.16], [123.671, 73.203], [123.539, 73.22], [123.332, 73.351], [123.413, 73.391], [123.218, 73.409], [123.307, 73.426], [123.282, 73.464], [123.417, 73.444], [123.246, 73.546], [123.37, 73.56], [123.314, 73.594], [123.424, 73.581], [123.37, 73.663], [123.569, 73.716], [123.629, 73.697], [123.562, 73.643], [123.657, 73.635], [123.602, 73.615], [123.646, 73.603], [124.0, 73.642], [123.921, 73.669], [123.931, 73.745], [123.877, 73.773], [123.986, 73.759], [124.055, 73.724], [123.993, 73.691], [124.06, 73.685], [124.383, 73.806], [124.726, 73.708], [124.856, 73.724], [124.98, 73.676], [124.987, 73.628], [125.137, 73.704], [125.151, 73.656], [125.212, 73.649], [125.178, 73.622], [125.214, 73.616], [125.172, 73.577], [125.198, 73.551], [125.365, 73.583], [125.652, 73.525], [125.521, 73.457], [125.563, 73.409], [125.639, 73.458], [125.877, 73.461], [125.816, 73.491], [125.918, 73.54], [125.973, 73.532], [125.912, 73.436], [125.941, 73.428], [126.014, 73.509], [126.288, 73.557], [126.405, 73.512], [126.391, 73.464], [126.329, 73.43], [126.171, 73.459], [126.152, 73.436], [126.255, 73.403], [126.158, 73.381], [126.42, 73.409], [126.549, 73.347], [126.59, 73.296], [126.565, 73.233], [126.659, 73.303], [126.563, 73.381], [126.73, 73.444], [126.806, 73.383], [126.833, 73.44], [126.932, 73.43], [126.918, 73.504], [126.83, 73.519], [126.858, 73.533], [127.988, 73.471], [127.899, 73.436], [128.077, 73.406], [127.96, 73.347], [128.34, 73.361], [128.235, 73.265], [128.659, 73.261], [128.969, 73.177], [128.851, 73.156], [128.864, 73.116], [128.777, 73.071], [129.114, 73.122], [129.444, 73.029], [129.479, 72.979], [129.36, 72.94], [128.771, 72.972], [128.291, 72.909], [128.214, 72.861], [128.228, 72.819], [128.129, 72.786], [129.358, 72.703], [129.198, 72.655], [128.479, 72.725], [128.396, 72.673], [127.905, 72.667], [128.611, 72.483], [129.258, 72.464], [129.242, 72.416], [129.501, 72.332], [129.34, 72.305], [129.358, 72.263], [129.564, 72.231], [129.242, 72.134], [129.489, 72.128], [128.934, 72.073], [128.494, 72.203], [128.57, 72.244], [128.529, 72.259], [128.15, 72.317], [127.859, 72.429], [127.666, 72.43], [127.864, 72.332], [127.747, 72.326], [128.249, 72.205], [128.453, 72.093], [128.453, 72.024], [128.624, 71.963], [128.664, 71.863], [128.927, 71.739], [129.184, 71.809], [129.041, 72.019], [129.287, 71.883], [129.31, 71.804], [129.544, 71.723], [129.305, 71.761], [128.908, 71.708], [128.82, 71.658], [128.875, 71.597], [129.146, 71.613], [129.249, 71.55], [129.236, 71.497], [129.314, 71.466], [129.392, 71.347], [129.653, 71.261], [129.763, 71.148], [129.626, 71.086], [130.08, 71.083], [130.222, 70.994], [130.167, 70.969], [130.62, 70.866], [130.699, 70.888], [130.769, 70.978], [130.891, 70.845], [130.888, 70.763], [131.042, 70.739], [131.226, 70.75], [131.546, 70.887], [131.771, 71.1], [131.761, 71.135], [131.866, 71.149], [131.827, 71.182], [131.851, 71.208], [132.188, 71.216], [131.942, 71.267], [132.264, 71.682], [132.539, 71.884], [132.718, 71.946], [133.066, 71.971], [133.341, 71.886], [133.354, 71.834], [133.031, 71.955], [132.796, 71.911], [132.813, 71.831], [132.715, 71.811], [132.73, 71.769], [132.985, 71.72], [133.152, 71.579], [133.909, 71.399], [134.168, 71.371], [134.585, 71.406], [134.739, 71.368], [134.651, 71.297], [134.669, 71.264], [134.77, 71.367], [134.697, 71.421], [134.778, 71.429], [134.81, 71.482], [135.033, 71.539], [135.423, 71.531], [135.341, 71.566], [135.622, 71.623], [135.985, 71.635], [136.444, 71.576], [136.516, 71.558], [136.547, 71.477], [136.775, 71.523], [137.275, 71.385], [137.239, 71.367], [137.492, 71.347], [137.445, 71.313], [137.485, 71.298], [137.403, 71.285], [137.532, 71.246], [137.705, 71.285], [137.671, 71.251], [137.739, 71.251], [137.692, 71.221], [137.526, 71.22], [137.766, 71.168], [137.813, 71.12], [138.074, 71.134], [137.994, 71.191], [137.842, 71.182], [137.739, 71.229], [138.067, 71.225], [138.24, 71.278], [137.996, 71.302], [138.363, 71.319], [137.829, 71.387], [138.015, 71.474], [138.039, 71.559], [138.099, 71.581], [138.5, 71.613], [138.404, 71.58], [138.438, 71.539], [138.577, 71.552], [138.555, 71.607], [138.756, 71.643], [139.045, 71.569], [139.158, 71.449], [139.116, 71.429], [139.192, 71.415], [139.346, 71.422], [139.443, 71.495], [140.033, 71.472], [139.735, 71.672], [139.692, 71.792], [139.809, 71.861], [139.336, 71.95], [139.635, 71.955], [139.712, 71.998], [139.716, 72.083], [139.874, 72.178], [140.132, 72.154], [140.219, 72.186], [140.197, 72.214], [139.561, 72.232], [139.432, 72.183], [139.533, 72.164], [139.257, 72.179], [139.35, 72.134], [139.192, 72.163], [139.089, 72.237], [139.329, 72.423], [139.542, 72.498], [140.577, 72.496], [141.111, 72.587], [140.933, 72.601], [141.011, 72.668], [140.992, 72.709], [140.664, 72.809], [140.594, 72.893], [141.273, 72.866], [141.551, 72.774], [142.232, 72.702], [143.487, 72.7], [145.41, 72.556], [146.854, 72.354], [145.353, 72.347], [145.17, 72.421], [144.943, 72.438], [144.708, 72.374], [144.521, 72.225], [144.342, 72.294], [144.105, 72.278], [144.416, 72.175], [145.069, 72.264], [146.929, 72.313], [146.495, 72.066], [145.973, 71.856], [145.942, 71.888], [145.999, 71.939], [145.993, 72.03], [146.347, 72.128], [146.079, 72.17], [145.968, 72.071], [145.942, 72.155], [145.849, 72.162], [145.907, 72.203], [145.88, 72.219], [145.613, 72.244], [145.75, 72.21], [145.621, 72.08], [145.791, 72.028], [145.806, 71.929], [145.329, 71.871], [144.971, 71.98], [144.974, 71.914], [145.216, 71.843], [145.029, 71.771], [144.886, 71.771], [144.921, 71.743], [144.893, 71.675], [145.333, 71.661], [145.57, 71.741], [146.036, 71.786], [146.365, 71.906], [146.619, 72.075], [147.196, 72.33], [148.124, 72.324], [148.965, 72.251], [149.725, 72.121], [150.074, 71.894], [149.709, 71.773], [149.369, 71.904], [149.149, 71.771], [148.834, 71.812], [149.039, 71.758], [149.005, 71.703], [148.827, 71.675], [149.953, 71.67], [150.102, 71.595], [149.952, 71.592], [149.965, 71.529], [149.868, 71.462], [150.117, 71.516], [150.671, 71.49], [150.515, 71.346], [150.027, 71.223], [150.047, 71.21], [150.409, 71.285], [150.657, 71.39], [150.739, 71.394], [150.595, 71.278], [151.033, 71.394], [151.591, 71.31], [152.137, 71.017], [151.681, 70.976], [152.505, 70.848], [152.541, 70.791], [152.613, 70.835], [153.664, 70.861], [154.239, 70.965], [155.48, 71.062], [155.53, 70.976], [155.605, 71.066], [155.936, 71.099], [157.989, 71.048], [159.238, 70.829], [159.843, 70.582], [160.094, 70.31], [160.088, 70.238], [159.938, 70.128], [159.689, 70.134], [159.915, 70.099], [159.851, 70.055], [159.863, 69.993], [159.692, 69.911], [159.801, 69.807], [159.769, 69.762], [159.862, 69.79], [160.169, 69.703], [160.141, 69.729], [160.256, 69.719], [160.319, 69.654], [160.516, 69.687], [160.915, 69.647], [161.006, 69.577], [160.921, 69.462], [161.039, 69.195], [160.963, 69.106], [161.415, 68.982], [161.219, 68.792], [161.21, 68.692], [161.107, 68.605], [161.032, 68.56], [160.758, 68.564], [160.821, 68.527], [161.134, 68.561], [161.347, 68.701], [161.29, 68.754], [161.319, 68.79], [161.574, 68.921], [161.559, 69.03], [161.399, 69.221], [161.463, 69.287], [161.415, 69.331], [161.484, 69.345], [161.436, 69.38], [161.6, 69.428], [161.804, 69.53], [162.026, 69.551], [162.19, 69.65], [162.299, 69.652], [162.327, 69.702], [162.769, 69.654], [163.165, 69.721], [163.585, 69.684], [164.027, 69.774], [164.439, 69.621], [164.834, 69.567], [165.675, 69.596], [166.075, 69.523], [166.894, 69.496], [167.674, 69.772], [167.802, 69.775], [168.083, 69.709], [167.926, 69.654], [168.254, 69.544], [168.192, 69.38], [168.288, 69.243], [168.851, 69.188], [169.371, 69.077], [169.454, 68.845], [169.625, 68.777], [170.351, 68.828], [170.625, 68.749], [170.549, 68.793], [170.564, 68.825], [170.449, 68.863], [170.633, 68.918], [170.728, 68.822], [170.68, 68.94], [170.979, 69.056], [171.05, 69.028], [171.159, 69.044], [171.028, 69.055], [170.98, 69.144], [170.9, 69.171], [170.913, 69.304], [170.749, 69.391], [170.606, 69.59], [170.161, 69.613], [170.232, 69.689], [170.592, 69.765], [170.523, 69.938], [170.557, 70.092], [170.407, 70.113], [170.432, 70.134], [171.994, 69.993], [172.725, 69.981], [172.861, 69.903], [173.236, 69.819], [173.198, 69.783], [173.479, 69.836], [173.254, 69.919], [173.164, 69.887], [173.279, 69.942], [173.461, 69.949], [173.738, 69.852], [173.788, 69.884], [173.928, 69.845], [174.071, 69.887], [175.088, 69.846], [175.716, 69.881], [175.53, 69.856], [175.997, 69.769], [176.143, 69.782], [176.158, 69.821], [175.782, 69.885], [176.128, 69.894], [176.272, 69.819], [176.242, 69.774], [176.504, 69.754], [176.735, 69.675], [177.358, 69.617], [178.212, 69.443], [178.365, 69.487], [178.773, 69.415], [179.068, 69.325], [178.666, 69.383], [178.654, 69.317], [179.261, 69.272], [179.959, 68.996], [179.548, 69.113], [179.692, 69.016], [180.0, 68.981], [180.0, 65.066], [179.78, 65.018], [179.479, 64.823], [179.171, 64.793], [178.562, 64.592], [178.486, 64.611], [178.756, 64.682], [178.218, 64.658], [178.273, 64.669], [177.625, 64.72], [177.643, 64.748], [177.389, 64.836], [177.492, 64.85], [177.433, 64.929], [177.238, 64.946], [177.17, 65.028], [176.937, 65.083], [176.608, 65.032], [176.419, 65.09], [176.306, 65.055], [176.546, 65.001], [176.959, 65.047], [177.222, 64.915], [177.224, 64.864], [177.3, 64.823], [177.04, 64.773], [176.886, 64.842], [176.626, 64.868], [176.436, 64.811], [176.397, 64.86], [176.046, 64.963], [175.715, 64.794], [175.041, 64.778], [174.75, 64.689], [174.442, 64.692], [174.772, 64.681], [175.107, 64.765], [175.712, 64.775], [176.082, 64.919], [176.424, 64.71], [176.145, 64.628], [176.115, 64.59], [176.114, 64.542], [176.21, 64.62], [176.368, 64.634], [176.458, 64.692], [176.582, 64.674], [176.743, 64.571], [176.986, 64.711], [177.338, 64.781], [177.492, 64.768], [177.362, 64.548], [177.454, 64.421], [177.813, 64.254], [178.184, 64.206], [178.075, 64.254], [178.283, 64.354], [178.218, 64.427], [178.184, 64.411], [178.2, 64.44], [178.222, 64.429], [178.4, 64.243], [178.441, 64.165], [178.589, 64.035], [178.484, 64.071], [178.383, 64.001], [178.492, 63.987], [178.383, 63.973], [178.639, 63.946], [178.643, 64.001], [178.759, 63.623], [178.609, 63.676], [178.733, 63.608], [178.355, 63.63], [178.269, 63.565], [178.372, 63.522], [178.51, 63.579], [178.711, 63.57], [178.72, 63.476], [178.595, 63.411], [178.699, 63.386], [178.838, 63.435], [178.754, 63.538], [178.777, 63.595], [178.816, 63.491], [179.006, 63.321], [178.848, 63.404], [178.809, 63.35], [179.233, 63.239], [179.407, 63.141], [179.418, 63.068], [179.274, 63.044], [179.25, 62.985], [179.316, 62.906], [179.512, 62.873], [179.609, 62.706], [179.563, 62.625], [179.433, 62.616], [179.384, 62.521], [179.116, 62.472], [179.15, 62.342], [179.074, 62.287], [178.938, 62.366], [178.061, 62.541], [177.307, 62.582], [177.341, 62.588], [177.266, 62.616], [177.334, 62.688], [177.32, 62.746], [177.458, 62.815], [177.333, 62.807], [177.266, 62.712], [177.189, 62.71], [177.128, 62.746], [177.148, 62.796], [176.992, 62.869], [177.042, 62.769], [176.928, 62.673], [177.05, 62.584], [177.266, 62.588], [176.709, 62.499], [176.724, 62.541], [176.662, 62.535], [176.594, 62.486], [176.642, 62.472], [176.279, 62.317], [175.633, 62.191], [175.306, 62.075], [175.395, 62.123], [175.318, 62.11], [175.258, 62.169], [175.251, 62.066], [175.174, 62.022], [174.765, 61.917], [174.805, 61.944], [174.6, 61.985], [174.727, 61.886], [174.49, 61.815], [174.445, 61.849], [174.512, 61.872], [174.45, 61.913], [174.468, 61.984], [174.329, 62.093], [174.107, 62.078], [174.112, 62.189], [174.01, 62.278], [174.093, 62.34], [174.08, 62.447], [173.872, 62.441], [173.806, 62.514], [173.688, 62.535], [173.504, 62.534], [173.171, 62.395], [172.903, 62.393], [172.853, 62.331], [172.487, 62.44], [172.294, 62.403], [172.055, 62.467], [171.857, 62.381], [171.486, 62.312], [171.358, 62.357], [171.26, 62.326], [171.218, 62.369], [171.032, 62.336], [171.078, 62.289], [170.848, 62.248], [170.423, 62.314], [170.262, 62.285], [170.041, 62.447], [170.091, 62.487], [169.986, 62.545], [170.078, 62.661], [169.842, 62.655], [169.127, 62.973], [168.926, 62.944], [168.464, 63.078], [168.605, 63.189], [168.722, 63.192], [168.687, 63.24], [168.778, 63.241], [168.788, 63.3], [169.205, 63.516], [169.492, 63.568], [169.513, 63.629], [169.598, 63.656], [169.547, 63.816], [169.37, 63.874], [169.354, 63.946], [169.112, 63.952], [168.86, 64.027], [168.778, 64.185], [168.625, 64.214], [168.499, 64.317], [168.223, 64.346], [168.152, 64.291], [168.026, 64.286], [167.714, 64.341], [167.508, 64.478], [167.373, 64.494], [167.237, 64.624], [166.807, 64.533], [166.176, 64.609], [165.886, 64.553], [165.818, 64.584], [165.89, 64.617], [165.743, 64.679], [165.684, 64.754], [165.359, 64.761], [165.263, 64.851], [165.028, 64.842], [165.019, 64.694], [164.882, 64.686], [164.798, 64.772], [164.188, 64.934], [163.873, 64.865], [163.503, 64.928], [163.356, 64.822], [163.103, 64.785], [163.259, 64.718], [163.159, 64.631], [163.17, 64.552], [163.352, 64.483], [163.461, 64.386], [163.256, 64.321], [163.15, 64.182], [162.942, 64.2], [162.783, 64.138], [162.829, 64.024], [162.895, 64.018], [162.929, 63.945], [162.868, 63.908], [162.894, 63.879], [162.726, 63.837], [162.724, 63.791], [162.868, 63.657], [162.979, 63.621], [162.957, 63.491], [162.674, 63.381], [162.806, 63.246], [162.756, 63.184], [162.597, 63.179], [162.591, 63.131], [162.38, 63.119], [162.294, 63.067], [162.322, 63.032], [162.277, 62.917], [162.548, 62.845], [162.68, 62.707], [162.819, 62.708], [162.695, 62.584], [162.771, 62.497], [162.729, 62.29], [162.163, 62.186], [162.275, 62.125], [162.532, 62.092], [162.506, 61.972], [162.311, 61.934], [162.464, 61.827], [162.424, 61.767], [162.478, 61.751], [162.51, 61.658], [162.417, 61.676], [162.292, 61.618], [162.328, 61.59], [162.216, 61.558], [162.215, 61.513], [161.986, 61.373], [161.888, 61.431], [161.89, 61.336], [161.807, 61.372], [161.802, 61.317], [161.596, 61.255], [161.567, 61.184], [161.471, 61.196], [161.412, 61.152], [161.446, 61.121], [160.915, 60.9], [160.792, 60.718], [160.687, 60.76], [160.636, 60.716], [160.41, 60.706], [160.431, 60.749], [160.282, 60.609], [160.154, 60.576], [160.147, 60.662], [160.22, 60.665], [160.251, 60.735], [160.17, 60.825], [160.254, 60.825], [160.241, 60.875], [160.358, 60.911], [160.444, 61.036], [160.202, 61.038], [159.899, 60.916], [159.798, 60.931], [160.0, 61.106], [159.918, 61.214], [159.943, 61.244], [159.776, 61.242], [159.819, 61.289], [159.996, 61.284], [159.91, 61.314], [160.107, 61.43], [160.035, 61.459], [160.285, 61.554], [160.26, 61.625], [160.319, 61.667], [160.259, 61.69], [160.414, 61.765], [160.362, 61.814], [160.4, 61.831], [160.346, 61.945], [160.039, 61.846], [159.881, 61.705], [159.708, 61.721], [159.708, 61.685], [159.577, 61.653], [159.512, 61.7], [159.566, 61.817], [159.478, 61.764], [159.356, 61.817], [159.394, 61.876], [159.212, 61.912], [158.921, 61.903], [158.837, 61.821], [158.548, 61.83], [158.485, 61.79], [158.26, 61.826], [158.08, 61.734], [157.465, 61.782], [157.365, 61.685], [157.028, 61.651], [156.924, 61.552], [156.679, 61.524], [156.624, 61.371], [156.655, 61.197], [156.547, 61.209], [156.374, 61.149], [155.943, 60.923], [155.973, 60.905], [155.917, 60.859], [155.914, 60.704], [155.83, 60.729], [155.492, 60.582], [155.48, 60.534], [155.3, 60.511], [154.821, 60.3], [154.536, 60.053], [154.488, 59.946], [154.499, 60.029], [154.564, 60.094], [154.408, 60.063], [154.473, 59.879], [154.221, 59.87], [154.229, 59.73], [154.368, 59.575], [154.22, 59.664], [154.197, 59.583], [154.075, 59.509], [154.138, 59.457], [154.298, 59.443], [154.402, 59.535], [154.38, 59.47], [154.427, 59.421], [154.537, 59.423], [154.436, 59.484], [154.429, 59.547], [154.554, 59.513], [154.644, 59.543], [154.878, 59.461], [154.963, 59.496], [155.21, 59.344], [155.216, 59.305], [155.158, 59.296], [155.197, 59.237], [155.15, 59.222], [155.194, 59.176], [154.813, 59.194], [154.791, 59.131], [154.438, 59.216], [154.333, 59.192], [154.358, 59.111], [154.049, 59.053], [153.692, 59.185], [153.769, 59.247], [153.648, 59.191], [153.369, 59.241], [153.348, 59.154], [153.284, 59.149], [153.35, 59.134], [153.337, 59.09], [153.007, 59.061], [152.9, 58.904], [152.557, 58.95], [152.363, 59.06], [152.02, 58.875], [151.354, 58.833], [151.236, 58.998], [151.088, 59.102], [151.217, 59.092], [151.438, 59.17], [151.924, 59.138], [152.322, 59.207], [152.137, 59.296], [151.979, 59.265], [151.734, 59.307], [151.77, 59.35], [151.666, 59.459], [151.396, 59.604], [151.322, 59.556], [150.907, 59.559], [150.942, 59.461], [150.78, 59.432], [150.74, 59.44], [150.766, 59.484], [150.504, 59.489], [150.774, 59.562], [150.601, 59.541], [150.306, 59.646], [149.598, 59.758], [149.438, 59.736], [149.375, 59.772], [149.327, 59.759], [149.379, 59.725], [149.041, 59.643], [149.104, 59.592], [149.081, 59.56], [149.201, 59.525], [149.212, 59.469], [149.115, 59.493], [148.968, 59.452], [148.849, 59.487], [148.888, 59.546], [148.815, 59.534], [148.723, 59.388], [148.99, 59.375], [148.934, 59.317], [148.964, 59.273], [148.935, 59.233], [148.842, 59.277], [148.788, 59.236], [148.437, 59.262], [148.394, 59.379], [148.219, 59.409], [147.845, 59.377], [147.789, 59.344], [147.847, 59.297], [147.826, 59.27], [147.591, 59.304], [147.546, 59.238], [147.271, 59.332], [146.887, 59.365], [147.102, 59.424], [147.159, 59.641], [147.087, 59.691], [147.148, 59.752], [147.103, 59.807], [147.117, 59.88], [146.998, 59.948], [146.776, 59.906], [146.645, 59.99], [146.676, 60.102], [146.454, 60.132], [146.46, 60.187], [146.374, 60.271], [145.793, 60.198], [145.594, 60.307], [145.568, 60.345], [145.637, 60.382], [145.53, 60.415], [145.51, 60.464], [145.62, 60.557], [145.875, 60.614], [146.06, 60.737], [146.404, 60.666], [146.476, 60.728], [146.486, 60.933], [146.687, 60.951], [146.731, 61.004], [146.666, 61.066], [146.747, 61.115], [146.75, 61.216], [146.682, 61.304], [146.768, 61.403], [146.625, 61.424], [146.58, 61.641], [146.212, 61.907], [145.733, 62.06], [145.468, 61.956], [145.294, 61.992], [145.168, 61.965], [144.847, 62.068], [144.591, 61.982], [144.54, 61.856], [144.222, 61.733], [144.002, 61.727], [143.91, 61.816], [143.954, 61.878], [143.927, 61.989], [143.762, 61.952], [143.754, 61.907], [143.647, 61.87], [143.561, 61.94], [143.619, 61.972], [143.609, 62.025], [143.362, 62.024], [143.213, 62.116], [143.121, 62.097], [142.981, 61.906], [142.664, 61.965], [142.426, 61.869], [142.394, 61.947], [142.264, 61.974], [142.177, 62.085], [141.861, 62.027], [141.871, 62.089], [141.74, 62.08], [141.545, 62.179], [141.518, 62.263], [141.41, 62.297], [141.295, 62.435], [141.089, 62.409], [141.048, 62.486], [140.705, 62.573], [140.649, 62.535], [140.684, 62.488], [140.628, 62.42], [140.347, 62.387], [140.294, 62.274], [140.305, 62.125], [140.254, 62.094], [140.28, 62.053], [140.127, 61.972], [139.994, 61.978], [139.953, 61.833], [139.673, 61.652], [139.548, 61.482], [139.098, 61.448], [138.92, 61.317], [138.735, 61.343], [138.644, 61.269], [138.703, 61.193], [138.395, 61.1], [138.292, 61.11], [138.346, 61.0], [138.215, 60.963], [138.183, 60.889], [138.284, 60.755], [138.437, 60.68], [138.404, 60.611], [138.316, 60.588], [138.329, 60.53], [138.243, 60.493], [138.329, 60.391], [138.315, 60.318], [138.201, 60.237], [138.273, 59.955], [138.174, 59.831], [138.253, 59.713], [138.035, 59.686], [138.0, 59.797], [137.949, 59.753], [137.616, 59.74], [137.447, 59.636], [137.466, 59.555], [136.759, 59.355], [136.313, 59.434], [136.075, 59.427], [136.005, 59.484], [135.757, 59.529], [135.422, 59.387], [135.187, 59.116], [134.855, 59.127], [134.752, 59.153], [134.779, 59.192], [134.725, 59.211], [134.522, 59.147], [134.047, 59.256], [133.767, 59.223], [133.615, 59.234], [133.57, 59.292], [133.429, 59.276], [133.104, 59.2], [132.936, 59.093], [132.836, 59.103], [132.864, 59.054], [132.816, 59.014], [132.873, 58.983], [132.808, 58.88], [132.599, 58.891], [132.521, 58.785], [132.571, 58.756], [132.567, 58.646], [132.372, 58.524], [132.417, 58.482], [132.124, 58.487], [132.21, 58.345], [132.195, 58.243], [132.109, 58.251], [132.022, 58.195], [132.009, 58.115], [132.12, 58.046], [132.047, 58.017], [131.714, 58.173], [131.469, 58.165], [131.633, 58.059], [131.605, 58.0], [131.799, 57.92], [131.76, 57.842], [131.888, 57.809], [132.047, 57.661], [131.964, 57.628], [131.97, 57.583], [131.693, 57.561], [131.736, 57.509], [131.585, 57.426], [131.599, 57.296], [131.51, 57.284], [131.506, 57.246], [131.345, 57.251], [131.261, 57.305], [131.183, 57.235], [131.102, 57.231], [131.193, 57.131], [131.275, 57.164], [131.482, 57.076], [131.439, 57.042], [131.751, 56.843], [131.8, 56.722], [131.674, 56.654], [131.65, 56.514], [131.701, 56.459], [131.604, 56.452], [131.619, 56.501], [131.497, 56.55], [131.398, 56.486], [131.402, 56.422], [131.307, 56.497], [131.126, 56.411], [131.093, 56.206], [130.964, 56.129], [130.924, 55.942], [130.865, 55.899], [130.923, 55.679], [130.696, 55.725], [130.018, 55.688], [129.892, 55.734], [129.474, 55.727], [129.04, 55.652], [129.087, 55.528], [128.957, 55.465], [128.496, 55.517], [128.222, 55.664], [127.911, 55.624], [127.675, 55.683], [127.478, 55.552], [127.313, 55.668], [127.188, 55.691], [126.943, 55.687], [126.886, 55.615], [126.724, 55.596], [126.683, 55.655], [126.612, 55.653], [126.423, 55.554], [126.062, 55.585], [126.065, 55.637], [126.128, 55.638], [126.059, 55.714], [125.825, 55.795], [125.546, 55.736], [125.427, 55.845], [125.248, 55.88], [124.958, 55.826], [124.676, 55.905], [124.501, 55.876], [124.369, 56.053], [124.25, 56.075], [124.206, 56.165], [123.886, 56.387], [123.289, 56.423], [123.043, 56.493], [122.888, 56.595], [122.803, 56.577], [122.781, 56.498], [122.589, 56.49], [122.467, 56.602], [122.283, 56.651], [122.16, 56.738], [121.599, 56.744], [121.599, 56.817], [121.42, 56.973], [120.656, 57.032], [120.303, 57.004], [119.898, 56.889], [119.78, 56.98], [119.645, 57.002], [119.617, 57.09], [119.686, 57.168], [119.405, 57.432], [119.495, 57.586], [119.321, 57.61], [119.179, 57.506], [119.141, 57.539], [119.156, 57.694], [119.045, 57.733], [119.16, 58.042], [119.124, 58.289], [119.069, 58.357], [119.132, 58.472], [118.776, 58.604], [118.876, 58.689], [118.893, 58.805], [118.786, 58.9], [118.85, 59.009], [118.707, 59.064], [118.689, 59.191], [118.846, 59.291], [118.758, 59.333], [118.755, 59.408], [118.398, 59.516], [118.283, 59.609], [118.058, 59.583], [117.883, 59.442], [117.758, 59.539], [117.598, 59.472], [117.338, 59.5], [117.089, 59.588], [117.195, 59.651], [117.23, 59.804], [117.065, 59.919], [117.302, 60.014], [117.054, 60.035], [116.977, 60.154], [116.582, 60.36], [116.075, 60.407], [115.709, 60.525], [115.238, 60.447], [114.836, 60.19], [114.697, 60.219], [114.543, 60.108], [114.523, 60.046], [114.569, 60.001], [114.309, 59.879], [114.175, 59.753], [114.043, 59.737], [114.038, 59.682], [113.854, 59.684], [113.779, 59.609], [113.592, 59.565], [113.605, 59.499], [113.424, 59.383], [113.472, 59.339], [113.461, 59.262], [113.264, 59.157], [112.916, 59.152], [112.644, 59.034], [112.569, 59.067], [112.616, 58.962], [112.503, 58.87], [112.448, 58.928], [112.451, 59.125], [112.526, 59.228], [112.636, 59.27], [112.631, 59.31], [112.293, 59.301], [112.275, 59.365], [112.333, 59.417], [112.271, 59.5], [111.942, 59.274], [111.764, 59.274], [111.637, 59.208], [111.47, 59.267], [111.297, 59.253], [111.175, 59.188], [111.091, 59.237], [111.001, 59.208], [110.685, 59.255], [110.576, 59.186], [110.589, 59.131], [110.531, 59.059], [110.278, 58.984], [109.822, 58.981], [109.742, 59.066], [109.636, 59.066], [109.634, 59.142], [109.532, 59.184], [109.505, 59.293], [109.261, 59.321], [109.252, 59.367], [109.348, 59.41], [109.268, 59.461], [109.523, 59.636], [109.501, 59.759], [109.645, 59.861], [109.625, 59.908], [109.764, 60.027], [109.694, 60.115], [109.732, 60.225], [109.946, 60.402], [109.923, 60.463], [110.116, 60.587], [110.046, 60.668], [110.267, 60.697], [110.288, 60.77], [110.235, 60.825], [110.447, 60.977], [110.517, 61.085], [110.481, 61.159], [110.19, 61.155], [110.081, 61.27], [109.8, 61.316], [109.87, 61.533], [109.62, 61.718], [109.604, 61.884], [110.0, 62.164], [109.936, 62.239], [109.997, 62.288], [109.895, 62.354], [109.902, 62.414], [109.487, 62.411], [109.267, 62.524], [109.249, 62.57], [109.37, 62.577], [109.473, 62.746], [109.647, 62.826], [109.472, 62.932], [109.453, 63.149], [109.408, 63.182], [109.452, 63.223], [109.381, 63.257], [109.365, 63.354], [109.279, 63.349], [109.223, 63.437], [109.042, 63.552], [108.857, 63.537], [108.571, 63.598], [108.125, 63.58], [108.117, 63.622], [108.265, 63.673], [108.298, 63.811], [108.648, 63.787], [108.766, 63.86], [108.688, 63.914], [108.731, 63.984], [108.495, 64.116], [108.54, 64.178], [108.485, 64.2], [108.534, 64.235], [108.468, 64.282], [108.042, 64.239], [107.968, 64.17], [107.607, 64.294], [107.328, 64.249], [107.222, 64.33], [106.735, 64.419], [106.622, 64.51], [106.569, 64.502], [106.584, 64.445], [106.17, 64.401], [106.069, 64.422], [106.144, 64.468], [106.042, 64.513], [105.791, 64.489], [105.707, 64.658], [105.875, 64.659], [105.848, 64.791], [106.007, 64.819], [105.951, 64.894], [106.22, 64.857], [105.983, 65.028], [106.374, 65.204], [106.498, 65.205], [106.426, 65.266], [106.443, 65.308], [106.624, 65.393], [106.829, 65.375], [106.958, 65.502], [106.42, 65.671], [106.482, 65.855], [106.471, 66.007], [106.342, 66.152], [106.117, 66.199], [106.103, 66.378], [106.322, 66.479], [106.244, 66.592], [106.254, 66.697], [106.143, 66.74], [106.184, 66.801], [106.009, 66.792], [106.057, 66.896], [105.687, 66.939], [105.54, 67.023], [105.894, 67.044], [105.993, 67.078], [106.055, 67.167], [106.492, 67.284], [106.667, 67.245], [106.802, 67.348], [106.894, 68.109], [106.89, 68.86], [106.145, 69.423], [106.455, 69.571], [106.59, 69.519], [106.839, 69.518], [107.925, 69.681], [108.015, 69.708], [108.054, 69.78], [108.291, 69.857], [108.871, 69.84], [108.941, 69.789], [109.237, 69.776], [109.367, 69.844], [109.415, 69.892], [109.385, 69.929], [109.509, 70.033], [109.352, 70.073], [109.282, 70.212], [109.535, 70.264], [109.602, 70.378], [110.263, 70.427], [110.111, 70.482], [110.064, 70.549], [110.135, 70.56], [110.103, 70.632], [110.474, 70.716], [110.539, 70.801], [111.335, 70.855], [111.522, 70.939], [111.98, 70.989], [112.076, 71.061], [112.249, 71.003], [112.556, 71.097], [112.519, 71.162], [112.695, 71.217], [112.628, 71.288], [112.501, 71.267], [112.0, 71.408], [111.996, 72.133], [111.764, 72.144], [111.714, 72.206], [111.618, 72.213], [111.647, 72.27], [111.555, 72.316], [111.057, 72.381], [111.295, 72.503], [110.702, 72.65], [110.609, 72.786], [110.695, 72.826], [110.627, 72.895], [110.837, 72.945], [110.754, 72.999], [110.901, 73.05], [110.77, 73.171], [110.397, 73.194], [110.593, 73.263], [110.536, 73.317], [110.158, 73.395], [110.538, 73.406], [110.827, 73.563], [111.085, 73.588], [111.12, 73.636], [110.907, 73.692], [110.876, 73.735], [110.918, 73.766], [110.878, 73.768], [111.295, 73.869], [111.804, 73.744], [112.485, 73.724], [112.945, 73.79], [112.935, 73.882], [112.823, 73.998], [113.131, 73.882], [113.396, 73.686]]], [[[-178.725, 68.676], [-178.7, 68.543], [-178.042, 68.428], [-177.951, 68.338], [-178.074, 68.259], [-177.705, 68.345], [-178.375, 68.557], [-177.492, 68.292], [-177.766, 68.263], [-177.635, 68.195], [-177.338, 68.245], [-177.174, 68.199], [-177.259, 68.211], [-177.219, 68.14], [-177.075, 68.164], [-176.565, 68.01], [-176.725, 68.038], [-176.789, 67.979], [-176.539, 67.895], [-176.209, 67.902], [-176.533, 68.003], [-175.921, 67.851], [-176.116, 67.807], [-176.137, 67.777], [-176.07, 67.727], [-176.341, 67.696], [-176.206, 67.645], [-175.682, 67.59], [-175.767, 67.652], [-175.897, 67.65], [-175.849, 67.705], [-176.012, 67.727], [-175.824, 67.813], [-175.266, 67.659], [-175.312, 67.635], [-175.291, 67.606], [-175.127, 67.5], [-175.227, 67.533], [-175.172, 67.435], [-175.367, 67.358], [-175.16, 67.337], [-174.969, 67.425], [-175.08, 67.481], [-174.806, 67.365], [-174.756, 67.303], [-174.86, 67.275], [-174.908, 67.037], [-174.7, 66.917], [-174.763, 66.899], [-174.688, 66.732], [-174.764, 66.754], [-174.971, 66.665], [-174.806, 66.593], [-174.436, 66.532], [-174.395, 66.475], [-174.461, 66.459], [-174.466, 66.401], [-174.389, 66.338], [-174.438, 66.344], [-174.464, 66.28], [-174.354, 66.277], [-174.296, 66.343], [-174.368, 66.337], [-174.166, 66.399], [-174.206, 66.473], [-174.016, 66.472], [-173.953, 66.446], [-173.979, 66.406], [-173.929, 66.341], [-174.019, 66.305], [-173.999, 66.219], [-173.797, 66.308], [-173.895, 66.336], [-173.705, 66.371], [-173.691, 66.439], [-173.833, 66.506], [-174.264, 66.566], [-173.931, 66.668], [-173.935, 66.78], [-174.026, 66.961], [-174.239, 66.972], [-174.191, 67.027], [-174.282, 67.047], [-174.496, 67.021], [-174.356, 67.061], [-174.612, 67.061], [-173.751, 67.073], [-173.646, 67.116], [-173.447, 67.075], [-173.495, 67.063], [-173.464, 67.029], [-173.389, 67.078], [-173.071, 67.044], [-173.272, 67.052], [-173.143, 67.0], [-173.295, 66.981], [-173.307, 66.904], [-173.267, 66.878], [-173.32, 66.862], [-173.303, 66.822], [-173.087, 66.847], [-173.226, 66.911], [-173.074, 66.993], [-173.051, 66.934], [-172.782, 66.894], [-172.362, 66.933], [-173.035, 67.023], [-172.986, 67.039], [-171.719, 66.951], [-171.64, 66.93], [-171.694, 66.88], [-171.63, 66.83], [-171.353, 66.772], [-171.363, 66.675], [-170.385, 66.317], [-170.514, 66.283], [-170.538, 66.234], [-170.653, 66.248], [-170.626, 66.235], [-170.511, 66.225], [-170.274, 66.29], [-170.106, 66.193], [-170.338, 66.186], [-170.136, 66.139], [-169.923, 66.15], [-170.044, 66.193], [-169.952, 66.184], [-169.707, 66.131], [-169.641, 66.068], [-169.719, 66.006], [-169.982, 66.039], [-170.606, 65.861], [-170.516, 65.83], [-170.571, 65.761], [-170.489, 65.671], [-170.588, 65.605], [-170.875, 65.623], [-171.463, 65.833], [-171.264, 65.656], [-170.982, 65.592], [-170.975, 65.511], [-171.039, 65.467], [-171.251, 65.522], [-172.034, 65.474], [-171.744, 65.5], [-172.093, 65.568], [-172.26, 65.545], [-172.206, 65.581], [-172.322, 65.622], [-172.29, 65.666], [-172.86, 65.7], [-172.39, 65.582], [-172.398, 65.527], [-172.32, 65.465], [-172.428, 65.47], [-172.389, 65.432], [-172.264, 65.418], [-172.093, 65.484], [-172.203, 65.325], [-172.189, 65.242], [-172.377, 65.275], [-172.702, 65.248], [-172.551, 65.206], [-172.202, 65.217], [-172.171, 65.152], [-172.256, 65.137], [-172.227, 65.1], [-172.08, 65.076], [-172.323, 64.948], [-172.558, 64.925], [-172.763, 64.838], [-173.0, 64.855], [-173.164, 64.765], [-172.922, 64.821], [-172.806, 64.803], [-172.755, 64.733], [-173.043, 64.66], [-172.845, 64.649], [-172.967, 64.561], [-172.816, 64.612], [-172.465, 64.558], [-172.411, 64.489], [-172.22, 64.407], [-172.59, 64.37], [-172.712, 64.4], [-172.815, 64.504], [-172.883, 64.495], [-173.013, 64.462], [-172.788, 64.438], [-172.822, 64.32], [-172.951, 64.339], [-172.924, 64.264], [-173.106, 64.241], [-173.368, 64.285], [-173.363, 64.366], [-173.264, 64.446], [-173.312, 64.452], [-173.284, 64.521], [-173.415, 64.617], [-173.353, 64.507], [-173.385, 64.395], [-173.635, 64.332], [-173.989, 64.412], [-174.042, 64.528], [-174.347, 64.644], [-174.306, 64.666], [-174.652, 64.725], [-174.592, 64.817], [-174.653, 64.898], [-174.723, 64.807], [-174.898, 64.798], [-174.952, 64.861], [-174.988, 64.766], [-175.411, 64.771], [-175.457, 64.797], [-175.368, 64.847], [-175.482, 64.844], [-175.865, 64.999], [-175.767, 65.038], [-175.81, 65.087], [-175.735, 65.147], [-175.882, 65.258], [-175.909, 65.403], [-176.044, 65.452], [-176.977, 65.608], [-177.246, 65.539], [-177.416, 65.441], [-178.461, 65.473], [-178.532, 65.523], [-178.424, 65.713], [-178.514, 65.763], [-178.628, 65.73], [-178.636, 65.775], [-178.903, 65.92], [-178.869, 65.938], [-178.978, 66.049], [-178.799, 65.994], [-178.684, 66.013], [-178.682, 66.102], [-178.496, 66.14], [-178.54, 66.268], [-178.477, 66.383], [-178.604, 66.361], [-178.622, 66.296], [-178.785, 66.167], [-178.982, 66.159], [-179.118, 66.243], [-179.082, 66.306], [-179.164, 66.414], [-179.198, 66.399], [-179.171, 66.289], [-179.424, 66.344], [-179.218, 66.182], [-179.252, 66.145], [-179.575, 66.111], [-179.691, 66.142], [-179.582, 66.159], [-179.693, 66.184], [-179.829, 65.947], [-179.767, 65.82], [-179.277, 65.63], [-179.321, 65.575], [-179.261, 65.532], [-179.499, 65.396], [-179.524, 65.235], [-179.663, 65.141], [-180.0, 65.066], [-180.0, 68.982], [-179.713, 68.918], [-179.514, 68.921], [-179.543, 68.939], [-179.486, 68.951], [-179.32, 68.812], [-178.845, 68.752], [-178.485, 68.592], [-178.725, 68.676]]], [[[144.688, 75.16], [144.376, 75.053], [143.999, 75.025], [143.751, 75.082], [143.361, 75.071], [142.898, 75.142], [142.838, 75.226], [142.708, 75.239], [142.642, 75.32], [142.494, 75.376], [142.535, 75.477], [143.014, 75.602], [143.043, 75.647], [143.001, 75.708], [142.338, 75.726], [142.29, 75.711], [142.434, 75.678], [142.008, 75.664], [142.207, 75.636], [142.008, 75.623], [142.14, 75.595], [142.081, 75.535], [142.187, 75.471], [142.163, 75.379], [142.41, 75.267], [142.439, 75.203], [142.669, 75.088], [143.615, 75.011], [143.708, 74.947], [143.465, 74.9], [142.715, 74.895], [142.625, 74.848], [142.714, 74.848], [142.678, 74.834], [142.514, 74.817], [141.974, 74.934], [142.081, 74.965], [142.365, 74.931], [142.199, 75.004], [141.844, 74.999], [141.371, 74.92], [140.069, 74.828], [139.85, 74.965], [139.652, 74.981], [139.459, 74.931], [139.517, 74.856], [139.645, 74.889], [139.496, 74.768], [139.343, 74.687], [139.127, 74.652], [137.895, 74.846], [137.794, 74.975], [137.134, 75.142], [136.91, 75.273], [136.924, 75.321], [136.862, 75.362], [137.039, 75.388], [137.254, 75.336], [137.422, 75.37], [137.397, 75.417], [137.143, 75.41], [137.149, 75.465], [137.301, 75.471], [137.181, 75.551], [137.294, 75.602], [137.068, 75.726], [137.198, 75.79], [137.743, 75.749], [137.432, 75.887], [137.433, 75.953], [138.028, 76.032], [138.116, 76.075], [137.973, 76.054], [138.377, 76.157], [138.328, 76.136], [138.432, 76.063], [138.533, 76.186], [139.049, 76.239], [138.897, 76.219], [139.11, 76.097], [139.825, 75.97], [139.912, 75.937], [139.799, 75.886], [139.956, 75.836], [140.51, 75.79], [140.546, 75.756], [140.433, 75.657], [140.476, 75.64], [140.902, 75.616], [141.062, 75.65], [140.864, 75.739], [140.909, 75.984], [141.001, 76.047], [141.625, 76.013], [141.31, 76.184], [142.146, 76.012], [142.547, 75.863], [143.059, 75.807], [143.386, 75.807], [143.359, 75.834], [143.585, 75.87], [143.947, 75.835], [144.724, 75.695], [144.81, 75.644], [145.174, 75.608], [145.39, 75.517], [144.712, 75.42], [144.678, 75.328], [144.941, 75.273], [144.721, 75.246], [144.688, 75.16]]], [[[149.209, 74.758], [148.172, 74.804], [147.664, 74.953], [147.088, 75.005], [146.072, 75.24], [146.173, 75.291], [146.169, 75.396], [146.264, 75.391], [146.264, 75.437], [146.407, 75.471], [146.341, 75.523], [146.436, 75.597], [146.771, 75.507], [146.634, 75.438], [146.797, 75.366], [147.325, 75.35], [147.168, 75.362], [147.272, 75.406], [147.436, 75.389], [147.333, 75.43], [147.374, 75.44], [148.408, 75.421], [148.58, 75.383], [148.445, 75.287], [148.61, 75.216], [149.127, 75.269], [150.129, 75.226], [150.215, 75.187], [150.163, 75.157], [150.561, 75.129], [150.5, 75.094], [150.71, 75.167], [150.958, 75.142], [150.646, 75.002], [150.691, 74.96], [150.609, 74.894], [149.718, 74.766], [149.209, 74.758]]], [[[139.907, 73.471], [140.493, 73.485], [140.899, 73.801], [141.127, 73.882], [142.045, 73.917], [142.583, 73.825], [143.407, 73.543], [143.537, 73.444], [143.441, 73.409], [143.565, 73.231], [143.175, 73.177], [141.512, 73.299], [140.789, 73.41], [139.965, 73.327], [139.817, 73.339], [139.767, 73.418], [139.907, 73.471]]], [[[-178.04, 71.408], [-177.718, 71.305], [-177.514, 71.293], [-177.443, 71.237], [-177.638, 71.117], [-177.93, 71.041], [-179.342, 70.908], [-180.0, 70.992], [-180.0, 71.537], [-179.757, 71.583], [-179.327, 71.555], [-179.075, 71.6], [-178.395, 71.541], [-178.006, 71.449], [-178.04, 71.408]]], [[[180.0, 70.992], [179.667, 70.875], [179.306, 70.879], [178.793, 70.805], [178.622, 71.051], [178.905, 71.237], [179.563, 71.451], [180.0, 71.536], [180.0, 70.992]]], [[[112.775, 74.088], [112.163, 74.139], [111.459, 74.314], [111.648, 74.38], [111.951, 74.371], [112.007, 74.538], [112.11, 74.551], [113.314, 74.48], [113.406, 74.444], [113.409, 74.388], [113.241, 74.3], [113.282, 74.28], [113.22, 74.245], [112.967, 74.194], [112.775, 74.088]]], [[[167.754, 69.832], [167.991, 69.957], [168.265, 70.024], [169.372, 69.885], [169.446, 69.849], [169.415, 69.792], [169.278, 69.76], [169.31, 69.664], [169.235, 69.592], [168.875, 69.568], [168.173, 69.695], [167.754, 69.832]]], [[[140.222, 74.22], [140.891, 74.277], [141.058, 74.234], [141.113, 74.166], [141.049, 74.012], [140.988, 73.985], [140.438, 73.908], [140.327, 73.939], [140.165, 74.071], [140.222, 74.22]]], [[[135.865, 75.705], [136.184, 75.616], [135.959, 75.502], [136.033, 75.444], [135.45, 75.376], [135.462, 75.462], [135.594, 75.568], [135.539, 75.678], [135.678, 75.86], [135.865, 75.705]]], [[[161.066, 69.417], [161.119, 69.478], [161.358, 69.55], [161.389, 69.462], [161.292, 69.414], [161.374, 69.296], [161.319, 69.243], [161.518, 68.98], [161.482, 68.902], [161.409, 68.893], [161.477, 68.975], [161.456, 69.001], [161.135, 69.092], [161.169, 69.325], [161.066, 69.417]]], [[[128.419, 72.869], [129.22, 72.926], [129.399, 72.866], [129.417, 72.813], [129.207, 72.762], [128.317, 72.812], [128.419, 72.869]]], [[[137.218, 71.576], [137.706, 71.596], [137.87, 71.58], [137.966, 71.511], [137.719, 71.421], [137.267, 71.49], [137.411, 71.456], [137.344, 71.428], [136.992, 71.518], [137.218, 71.576]]], [[[136.263, 73.989], [136.27, 73.932], [136.163, 73.884], [135.733, 74.041], [135.66, 74.11], [135.439, 74.161], [135.354, 74.259], [135.59, 74.235], [136.263, 73.989]]], [[[149.256, 76.634], [148.594, 76.622], [148.432, 76.629], [148.867, 76.734], [149.453, 76.769], [149.263, 76.711], [149.256, 76.634]]], [[[128.653, 72.527], [128.104, 72.635], [128.653, 72.676], [128.87, 72.652], [128.974, 72.594], [128.653, 72.527]]], [[[120.279, 73.101], [120.23, 73.039], [119.721, 73.034], [119.765, 73.073], [119.634, 73.128], [120.022, 73.168], [120.279, 73.101]]], [[[-172.633, 64.684], [-172.577, 64.76], [-172.401, 64.837], [-172.043, 64.751], [-172.633, 64.684]]], [[[161.475, 69.638], [161.617, 69.596], [161.589, 69.436], [161.361, 69.414], [161.426, 69.465], [161.395, 69.592], [161.475, 69.638]]], [[[160.764, 70.804], [160.504, 70.805], [160.553, 70.885], [160.451, 70.872], [160.425, 70.928], [160.674, 70.914], [160.764, 70.804]]], [[[124.459, 73.923], [124.657, 73.903], [124.514, 73.841], [124.39, 73.847], [124.288, 73.881], [124.381, 73.939], [124.576, 73.95], [124.459, 73.923]]], [[[152.704, 76.094], [152.555, 76.139], [152.878, 76.191], [152.884, 76.116], [152.704, 76.094]]], [[[161.752, 69.553], [161.667, 69.637], [161.894, 69.654], [161.899, 69.574], [161.752, 69.553]]], [[[150.611, 59.006], [150.472, 59.004], [150.699, 59.14], [150.779, 59.11], [150.611, 59.006]]], [[[128.063, 73.491], [127.618, 73.5], [127.392, 73.525], [127.691, 73.543], [128.063, 73.491]]], [[[116.053, 74.285], [115.89, 74.304], [115.886, 74.324], [116.063, 74.371], [116.125, 74.323], [116.053, 74.285]]], [[[170.275, 69.773], [170.224, 69.739], [170.101, 69.687], [169.955, 69.727], [170.275, 69.773]]], [[[161.695, 70.75], [161.571, 70.788], [161.463, 70.805], [161.484, 70.84], [161.656, 70.813], [161.695, 70.75]]], [[[156.673, 77.095], [156.653, 77.084], [156.516, 77.088], [156.55, 77.126], [156.673, 77.095]]], [[[-175.811, 71.412], [-175.574, 71.374], [-175.65, 71.357], [-175.811, 71.412]]], [[[-172.725, 64.626], [-172.453, 64.624], [-172.67, 64.601], [-172.725, 64.626]]], [[[149.103, 59.162], [149.034, 59.169], [149.04, 59.203], [149.118, 59.21], [149.103, 59.162]]], [[[-169.083, 65.816], [-168.995, 65.816], [-169.094, 65.762], [-169.083, 65.816]]], [[[136.985, 75.622], [137.013, 75.63], [137.14, 75.653], [136.97, 75.61], [136.985, 75.622]]], [[[155.508, 59.328], [155.6, 59.335], [155.509, 59.32], [155.508, 59.328]]], [[[137.081, 75.568], [136.997, 75.579], [136.992, 75.588], [137.081, 75.568]]], [[[162.484, 70.654], [162.451, 70.654], [162.238, 70.661], [162.484, 70.654]]]]}}, {"type": "Feature", "properties": {"name": "bashkir_1645", "name_ru": "Башкирское выступление 1645", "people": "башкиры", "from": "1645-01-01", "to": "1645-01-01", "from_raw": "1645", "to_raw": "1645", "territory": "Башкортостан", "kind": "national", "kind_ru": "антиколониальное национальное выступление", "event": "выступление против основания Мензелинского острога, разбито войсками", "source": "Атлас російського імперіалізму та колоніалізму (УІФ, 2026), розд. 31, п. 2", "confidence": "средняя", "note": "", "paint": "none", "hold_from": "", "hold_to": "", "hold_note": "", "geometry_source": "ne:Russia:Bashkortostan", "approximate": true}, "geometry": {"type": "Polygon", "coordinates": [[[57.408, 56.329], [57.411, 56.235], [57.478, 56.179], [57.455, 56.13], [57.537, 56.1], [57.802, 56.151], [57.907, 56.115], [58.079, 56.141], [58.3, 56.114], [58.352, 56.059], [58.455, 56.147], [58.565, 56.162], [58.824, 56.054], [58.953, 56.07], [59.026, 56.169], [59.289, 56.135], [59.281, 56.055], [59.173, 56.005], [59.23, 55.906], [59.154, 55.805], [59.317, 55.768], [59.28, 55.694], [59.344, 55.644], [59.24, 55.584], [59.437, 55.633], [59.498, 55.58], [59.641, 55.565], [59.475, 55.468], [59.201, 55.45], [59.159, 55.332], [58.997, 55.244], [58.925, 55.326], [58.847, 55.304], [58.9, 55.268], [58.735, 55.265], [58.73, 55.226], [58.803, 55.214], [58.756, 55.163], [58.659, 55.189], [58.575, 55.144], [58.756, 55.112], [58.82, 55.032], [58.62, 54.95], [58.533, 54.958], [58.523, 55.022], [58.387, 55.0], [58.433, 55.057], [58.364, 55.084], [58.372, 55.155], [58.299, 55.174], [58.141, 55.114], [58.193, 55.084], [58.089, 55.02], [58.106, 54.957], [58.001, 54.917], [57.962, 54.946], [58.031, 55.075], [57.964, 55.167], [58.135, 55.215], [57.917, 55.293], [57.425, 55.326], [57.257, 55.258], [57.215, 55.223], [57.24, 55.158], [57.137, 55.092], [57.244, 54.951], [57.154, 54.863], [57.187, 54.802], [57.581, 54.673], [57.58, 54.635], [57.747, 54.579], [57.743, 54.501], [57.961, 54.392], [58.354, 54.547], [58.614, 54.47], [59.061, 54.632], [59.228, 54.611], [59.412, 54.707], [59.632, 54.911], [59.806, 54.846], [59.944, 54.857], [59.919, 54.832], [59.974, 54.796], [59.87, 54.613], [59.679, 54.498], [59.746, 54.447], [59.667, 54.34], [59.803, 54.254], [59.727, 54.194], [59.729, 54.139], [59.535, 54.198], [59.322, 54.182], [59.154, 53.984], [58.956, 53.975], [58.923, 53.935], [58.948, 53.9], [58.872, 53.751], [58.907, 53.654], [58.821, 53.596], [58.902, 53.549], [58.823, 53.211], [58.891, 53.188], [58.907, 53.055], [59.028, 53.015], [58.836, 53.001], [58.747, 52.854], [58.784, 52.725], [58.724, 52.645], [58.839, 52.541], [58.766, 52.517], [58.828, 52.433], [58.813, 52.363], [58.941, 52.299], [58.691, 52.265], [58.599, 52.171], [58.695, 52.058], [58.64, 52.022], [58.572, 51.788], [58.16, 51.739], [58.092, 51.795], [57.678, 51.868], [57.633, 51.765], [57.422, 51.725], [57.393, 51.648], [57.198, 51.572], [57.02, 51.665], [56.996, 51.731], [56.799, 51.752], [56.884, 51.691], [56.89, 51.625], [56.78, 51.592], [56.715, 51.721], [56.754, 51.769], [56.608, 51.822], [56.62, 51.888], [56.737, 51.905], [56.651, 51.96], [56.683, 52.052], [56.588, 52.061], [56.622, 52.124], [56.42, 52.161], [56.456, 52.197], [56.325, 52.123], [56.239, 52.122], [56.191, 52.173], [56.451, 52.309], [56.443, 52.426], [56.36, 52.502], [56.428, 52.595], [56.271, 52.554], [56.054, 52.645], [56.078, 52.604], [55.931, 52.515], [55.861, 52.373], [55.769, 52.344], [55.71, 52.391], [55.536, 52.389], [55.495, 52.525], [55.543, 52.537], [55.545, 52.594], [55.455, 52.59], [55.412, 52.658], [55.249, 52.648], [55.285, 52.733], [55.352, 52.688], [55.42, 52.713], [55.354, 52.765], [55.422, 52.787], [55.407, 52.837], [55.264, 52.862], [55.162, 52.823], [54.962, 53.097], [54.927, 53.22], [54.822, 53.273], [54.64, 53.237], [54.564, 53.264], [54.568, 53.328], [54.52, 53.36], [54.108, 53.417], [53.878, 53.658], [53.66, 53.746], [53.457, 54.066], [53.43, 54.266], [53.348, 54.382], [53.426, 54.499], [53.417, 54.559], [53.606, 54.714], [53.579, 54.822], [53.643, 54.9], [53.499, 54.891], [53.414, 54.989], [53.264, 55.014], [53.144, 55.132], [53.418, 55.222], [53.591, 55.212], [53.714, 55.333], [53.907, 55.393], [54.003, 55.554], [54.181, 55.628], [54.231, 55.692], [54.095, 55.773], [54.026, 55.764], [54.04, 55.802], [53.966, 55.782], [53.994, 55.848], [53.632, 55.907], [53.838, 56.039], [54.006, 56.029], [54.117, 56.158], [54.346, 56.253], [54.371, 56.299], [54.321, 56.345], [54.43, 56.343], [54.559, 56.538], [54.93, 56.387], [54.968, 56.32], [55.172, 56.318], [55.224, 56.364], [55.412, 56.335], [55.914, 56.466], [56.073, 56.289], [56.267, 56.301], [56.393, 56.388], [56.528, 56.383], [56.558, 56.36], [56.501, 56.322], [56.574, 56.263], [56.738, 56.223], [56.897, 56.101], [57.166, 56.16], [57.267, 56.302], [57.408, 56.329]]]}}, {"type": "Feature", "properties": {"name": "salt_riot_1648", "name_ru": "«Соляной бунт» 1648-1649", "people": "русские", "from": "1648-01-01", "to": "1650-01-01", "from_raw": "1648", "to_raw": "1650", "territory": "Москва и ещё 25 городов", "kind": "urban", "kind_ru": "выступление горожан", "event": "городское выступление против налогов и роста цены соли; в том же году поднялись Олонец, Великий Устюг, Воронеж, Курск, Томск и другие города", "source": "Атлас російського імперіалізму та колоніалізму (УІФ, 2026), розд. 31, п. 3", "confidence": "высокая", "note": "в большинстве случаев Москва пошла на уступки и сняла местных воевод; к 1650 г. положение выправлено силой", "paint": "none", "hold_from": "", "hold_to": "", "hold_note": "", "geometry_source": "city:Москва", "approximate": true}, "geometry": {"type": "Polygon", "coordinates": [[[37.964, 55.754], [37.861, 55.507], [37.614, 55.404], [37.367, 55.507], [37.264, 55.754], [37.367, 56.001], [37.614, 56.104], [37.861, 56.001], [37.964, 55.754]]]}}, {"type": "Feature", "properties": {"name": "pskov_novgorod_1650", "name_ru": "Псковско-Новгородское выступление 1650", "people": "русские", "from": "1650-01-01", "to": "1650-01-01", "from_raw": "1650", "to_raw": "1650", "territory": "Псков, Новгород, Гдов, Изборск", "kind": "urban", "kind_ru": "выступление горожан", "event": "выступления против роста цен на хлеб", "source": "Атлас російського імперіалізму та колоніалізму (УІФ, 2026), розд. 31, п. 4", "confidence": "средняя", "note": "", "paint": "none", "hold_from": "", "hold_to": "", "hold_note": "", "geometry_source": "ne:Russia:Pskov|Novgorod", "approximate": true}, "geometry": {"type": "Polygon", "coordinates": [[[27.846, 57.267], [27.511, 57.43], [27.528, 57.528], [27.353, 57.528], [27.329, 57.571], [27.385, 57.607], [27.391, 57.68], [27.508, 57.715], [27.502, 57.773], [27.554, 57.795], [27.525, 57.807], [27.799, 57.861], [27.665, 57.918], [27.63, 58.088], [27.495, 58.221], [27.494, 58.32], [27.555, 58.395], [27.411, 58.755], [27.478, 58.875], [27.873, 59.014], [28.131, 58.99], [28.28, 58.852], [28.979, 58.812], [28.965, 58.783], [29.257, 58.695], [29.303, 58.645], [29.248, 58.623], [29.457, 58.592], [29.564, 58.53], [29.528, 58.488], [29.619, 58.456], [30.041, 58.443], [30.167, 58.533], [30.09, 58.631], [30.111, 58.739], [30.185, 58.767], [30.39, 58.71], [30.706, 58.749], [30.728, 58.829], [30.962, 58.975], [31.023, 59.081], [31.155, 59.077], [31.306, 58.985], [31.557, 59.215], [31.542, 59.366], [31.807, 59.312], [31.915, 59.392], [32.124, 59.394], [32.31, 59.258], [32.302, 59.2], [32.584, 59.181], [32.653, 59.125], [32.76, 59.201], [32.737, 59.272], [32.978, 59.432], [33.256, 59.323], [33.34, 59.321], [33.354, 59.378], [33.52, 59.373], [34.0, 59.149], [34.253, 59.199], [34.73, 59.103], [34.754, 59.059], [34.878, 59.049], [34.831, 58.987], [35.039, 58.918], [35.168, 58.933], [35.125, 58.815], [35.216, 58.828], [35.266, 58.765], [35.398, 58.844], [35.734, 58.832], [35.821, 58.787], [35.775, 58.754], [36.11, 58.703], [36.139, 58.617], [36.237, 58.595], [36.163, 58.511], [35.957, 58.467], [35.951, 58.426], [35.386, 58.431], [35.257, 58.384], [35.264, 58.266], [35.053, 58.199], [34.765, 58.24], [34.684, 58.197], [34.713, 58.095], [34.679, 58.078], [34.004, 58.22], [33.878, 58.146], [33.677, 58.153], [33.538, 58.056], [33.686, 58.003], [33.702, 57.915], [33.576, 57.853], [33.537, 57.72], [33.325, 57.655], [33.309, 57.566], [33.235, 57.543], [33.295, 57.432], [32.812, 57.462], [32.689, 57.405], [32.655, 57.333], [32.395, 57.236], [32.257, 57.276], [32.277, 57.198], [32.125, 57.182], [31.937, 57.084], [31.715, 57.104], [31.677, 57.009], [31.538, 56.938], [31.0, 56.965], [30.896, 56.897], [30.887, 56.805], [30.783, 56.766], [30.879, 56.655], [31.061, 56.678], [31.02, 56.477], [31.203, 56.446], [31.236, 56.343], [31.492, 56.301], [31.474, 56.125], [31.511, 56.052], [31.345, 55.964], [31.467, 55.729], [31.206, 55.718], [31.047, 55.769], [30.907, 55.578], [30.742, 55.594], [30.469, 55.794], [30.218, 55.855], [29.908, 55.843], [29.806, 55.771], [29.684, 55.771], [29.481, 55.681], [29.351, 55.766], [29.384, 55.88], [29.444, 55.907], [29.377, 55.954], [29.031, 56.024], [28.831, 55.938], [28.732, 55.947], [28.621, 56.083], [28.538, 56.098], [28.29, 56.047], [28.149, 56.142], [28.217, 56.271], [28.164, 56.438], [28.093, 56.502], [28.132, 56.536], [28.011, 56.588], [27.981, 56.687], [27.865, 56.743], [27.914, 56.82], [27.786, 56.871], [27.628, 56.844], [27.751, 57.042], [27.682, 57.104], [27.824, 57.159], [27.846, 57.267]]]}}, {"type": "Feature", "properties": {"name": "buryat_1658", "name_ru": "Бурятское восстание 1658", "people": "буряты", "from": "1658-01-01", "to": "1661-01-01", "from_raw": "1658", "to_raw": "1661", "territory": "Прибайкалье", "kind": "national", "kind_ru": "антиколониальное национальное выступление", "event": "выступление против злоупотреблений сборщиков ясака; большая часть повстанцев откочевала в Монголию", "source": "Атлас російського імперіалізму та колоніалізму (УІФ, 2026), розд. 31, п. 5", "confidence": "высокая", "note": "до того буряты осаждали остроги в 1636, 1643-1644 и 1651 гг., уничтожили Братский острог 1634, Осинский 1648, Удинский 1654, Иргенский 1655; следующая волна - 1693-1696 гг.", "paint": "none", "hold_from": "", "hold_to": "", "hold_note": "", "geometry_source": "ne:Russia:Buryat|Irkutsk", "approximate": true}, "geometry": {"type": "Polygon", "coordinates": [[[99.918, 51.749], [99.71, 51.881], [99.324, 51.934], [98.995, 52.058], [98.932, 52.192], [98.809, 52.196], [98.799, 52.274], [98.646, 52.263], [98.677, 52.37], [98.629, 52.424], [98.806, 52.514], [98.8, 52.606], [98.937, 52.673], [98.938, 52.798], [98.866, 52.793], [98.856, 52.847], [98.948, 52.928], [99.22, 52.861], [99.25, 52.954], [98.984, 53.039], [99.056, 53.104], [98.687, 53.155], [98.608, 53.105], [98.348, 53.093], [98.288, 53.125], [98.289, 53.223], [98.031, 53.253], [97.958, 53.358], [97.606, 53.373], [97.586, 53.438], [97.448, 53.461], [97.328, 53.596], [97.128, 53.613], [96.875, 53.729], [96.727, 53.705], [96.684, 53.639], [96.568, 53.65], [96.05, 54.0], [96.055, 54.088], [95.671, 54.239], [95.667, 54.335], [95.797, 54.418], [95.922, 54.4], [96.065, 54.573], [96.573, 54.518], [96.565, 54.697], [96.714, 54.919], [96.585, 55.023], [96.682, 55.078], [96.707, 55.259], [96.918, 55.33], [96.843, 55.441], [96.82, 55.558], [96.855, 55.594], [96.753, 55.651], [96.818, 55.701], [96.768, 55.769], [96.96, 55.861], [96.986, 56.018], [97.125, 56.102], [97.352, 56.051], [97.44, 56.147], [97.58, 56.195], [97.568, 56.383], [97.878, 56.411], [97.877, 56.545], [97.751, 56.56], [97.775, 56.78], [97.486, 56.811], [97.485, 56.893], [97.62, 56.954], [97.482, 56.966], [97.349, 57.048], [97.934, 57.811], [98.745, 57.793], [98.962, 57.723], [99.422, 57.799], [99.498, 57.929], [99.703, 58.086], [100.043, 58.079], [100.129, 57.867], [100.365, 57.732], [100.331, 57.689], [100.405, 57.55], [100.749, 57.403], [100.958, 57.498], [100.952, 57.561], [100.801, 57.673], [100.885, 57.77], [100.813, 57.884], [101.03, 57.898], [101.154, 58.017], [101.118, 58.119], [101.298, 58.219], [101.531, 58.225], [101.701, 58.424], [102.186, 58.523], [102.318, 58.647], [102.513, 58.721], [102.565, 58.797], [102.537, 58.897], [102.439, 58.944], [102.406, 59.073], [102.522, 59.186], [102.831, 59.215], [103.011, 59.318], [103.083, 59.264], [103.324, 59.26], [103.335, 59.229], [103.24, 59.227], [103.246, 59.18], [103.375, 59.034], [103.549, 58.978], [103.604, 58.913], [103.901, 58.897], [103.952, 58.785], [103.869, 58.735], [104.22, 58.758], [104.393, 58.704], [104.458, 58.602], [104.794, 58.669], [104.872, 58.719], [104.76, 58.814], [104.798, 58.863], [105.145, 59.045], [105.347, 59.092], [105.294, 59.26], [105.191, 59.308], [105.241, 59.353], [105.225, 59.429], [105.172, 59.474], [104.978, 59.464], [104.863, 59.543], [104.799, 59.691], [105.012, 59.77], [105.024, 59.835], [105.491, 59.845], [105.433, 59.896], [105.489, 60.001], [105.424, 60.11], [105.479, 60.249], [105.297, 60.298], [104.889, 60.302], [104.665, 60.403], [104.522, 60.639], [104.596, 60.753], [104.46, 60.839], [104.629, 60.89], [104.565, 60.945], [104.635, 61.036], [104.615, 61.074], [104.837, 61.176], [105.007, 61.182], [104.926, 61.319], [104.789, 61.348], [105.272, 61.425], [105.367, 61.53], [105.696, 61.645], [105.809, 61.622], [105.947, 61.689], [105.902, 61.835], [106.209, 62.0], [106.407, 62.035], [106.375, 62.103], [106.446, 62.235], [106.327, 62.266], [106.478, 62.324], [106.428, 62.383], [106.533, 62.377], [106.703, 62.474], [106.669, 62.549], [106.797, 62.602], [106.504, 62.675], [106.525, 62.747], [106.443, 62.843], [106.218, 62.897], [106.123, 63.06], [106.403, 63.113], [106.425, 63.197], [106.362, 63.221], [106.365, 63.263], [106.438, 63.32], [106.673, 63.298], [106.731, 63.367], [106.51, 63.495], [106.686, 63.62], [106.629, 63.697], [106.793, 63.842], [106.681, 63.925], [106.719, 63.992], [107.06, 63.889], [107.202, 63.957], [107.308, 63.944], [107.372, 63.866], [107.563, 63.859], [107.68, 63.989], [108.263, 63.996], [108.32, 64.039], [108.22, 64.208], [108.031, 64.232], [108.451, 64.288], [108.534, 64.235], [108.485, 64.2], [108.54, 64.178], [108.495, 64.116], [108.731, 63.984], [108.688, 63.914], [108.766, 63.86], [108.648, 63.787], [108.298, 63.811], [108.265, 63.673], [108.117, 63.622], [108.125, 63.58], [108.571, 63.598], [108.857, 63.537], [109.042, 63.552], [109.223, 63.437], [109.279, 63.349], [109.365, 63.354], [109.381, 63.257], [109.452, 63.223], [109.408, 63.182], [109.453, 63.149], [109.468, 62.938], [109.614, 62.874], [109.645, 62.816], [109.506, 62.774], [109.455, 62.667], [109.383, 62.646], [109.377, 62.582], [109.249, 62.57], [109.267, 62.524], [109.487, 62.411], [109.912, 62.41], [109.895, 62.354], [109.998, 62.285], [109.936, 62.239], [110.0, 62.164], [109.598, 61.87], [109.62, 61.718], [109.87, 61.533], [109.792, 61.325], [110.081, 61.27], [110.19, 61.155], [110.481, 61.159], [110.517, 61.091], [110.447, 60.977], [110.235, 60.825], [110.288, 60.77], [110.267, 60.697], [110.046, 60.668], [110.116, 60.587], [109.923, 60.463], [109.946, 60.402], [109.732, 60.225], [109.694, 60.115], [109.764, 60.027], [109.625, 59.908], [109.645, 59.861], [109.501, 59.759], [109.528, 59.643], [109.268, 59.461], [109.348, 59.41], [109.252, 59.367], [109.261, 59.321], [109.505, 59.293], [109.532, 59.184], [109.634, 59.142], [109.636, 59.066], [109.742, 59.066], [109.815, 58.984], [110.278, 58.984], [110.493, 59.038], [110.589, 59.131], [110.58, 59.191], [110.697, 59.257], [111.001, 59.208], [111.091, 59.237], [111.175, 59.188], [111.297, 59.253], [111.47, 59.267], [111.651, 59.21], [111.764, 59.274], [111.942, 59.274], [112.271, 59.5], [112.333, 59.417], [112.275, 59.365], [112.293, 59.301], [112.631, 59.31], [112.636, 59.27], [112.526, 59.228], [112.451, 59.125], [112.448, 58.928], [112.511, 58.872], [112.616, 58.962], [112.569, 59.067], [112.644, 59.034], [112.916, 59.152], [113.264, 59.157], [113.461, 59.262], [113.472, 59.339], [113.424, 59.383], [113.605, 59.499], [113.592, 59.565], [113.779, 59.609], [113.854, 59.684], [114.038, 59.682], [114.043, 59.737], [114.175, 59.753], [114.309, 59.879], [114.569, 60.001], [114.523, 60.046], [114.543, 60.108], [114.697, 60.219], [114.825, 60.187], [115.238, 60.447], [115.686, 60.526], [116.075, 60.407], [116.599, 60.355], [116.977, 60.154], [117.054, 60.035], [117.296, 60.019], [117.064, 59.913], [117.226, 59.821], [117.198, 59.655], [117.087, 59.591], [117.234, 59.531], [117.598, 59.472], [117.758, 59.539], [117.883, 59.442], [118.058, 59.583], [118.283, 59.609], [118.398, 59.516], [118.749, 59.413], [118.758, 59.333], [118.844, 59.296], [118.687, 59.186], [118.739, 59.028], [118.85, 59.009], [118.787, 58.893], [118.893, 58.816], [118.876, 58.689], [118.774, 58.612], [119.129, 58.48], [119.069, 58.357], [119.124, 58.289], [119.108, 58.223], [118.63, 58.175], [118.398, 58.265], [118.317, 58.353], [117.669, 58.395], [117.468, 58.299], [117.587, 58.18], [117.569, 58.141], [117.408, 58.127], [117.366, 57.995], [117.409, 57.906], [117.086, 57.81], [117.173, 57.736], [117.142, 57.641], [117.287, 57.613], [117.254, 57.514], [117.326, 57.453], [117.366, 57.328], [117.444, 57.329], [117.432, 57.255], [117.541, 57.261], [117.597, 57.321], [117.794, 57.293], [117.743, 57.196], [117.601, 57.15], [117.685, 57.014], [117.572, 56.93], [117.571, 56.851], [117.411, 56.827], [117.328, 56.943], [117.131, 56.804], [117.031, 56.812], [117.031, 56.775], [116.797, 56.724], [116.569, 56.757], [116.362, 56.847], [116.122, 56.813], [115.711, 56.964], [115.589, 56.902], [115.587, 56.747], [115.434, 56.69], [115.49, 56.62], [115.688, 56.595], [115.681, 56.525], [115.801, 56.466], [115.694, 56.439], [115.688, 56.327], [115.838, 56.179], [115.778, 56.154], [115.762, 56.076], [115.897, 55.948], [115.844, 55.857], [115.845, 55.705], [115.913, 55.675], [115.887, 55.545], [115.968, 55.476], [115.945, 55.414], [116.131, 55.374], [116.393, 55.402], [116.469, 55.258], [116.782, 55.144], [116.824, 55.014], [116.893, 54.977], [116.927, 54.826], [116.866, 54.791], [116.884, 54.738], [116.774, 54.69], [116.723, 54.565], [116.538, 54.542], [116.508, 54.498], [116.19, 54.538], [115.629, 54.442], [115.514, 54.397], [115.491, 54.329], [115.179, 54.211], [114.958, 54.019], [114.606, 53.939], [114.501, 53.845], [114.378, 53.844], [114.326, 53.79], [113.983, 53.744], [113.982, 53.681], [113.814, 53.649], [113.889, 53.535], [113.83, 53.455], [113.842, 53.382], [113.946, 53.352], [113.983, 53.236], [114.198, 53.193], [114.129, 53.076], [114.325, 53.068], [114.285, 53.018], [114.313, 52.972], [114.228, 52.955], [114.238, 52.825], [114.103, 52.705], [113.744, 52.574], [113.581, 52.454], [113.266, 52.475], [112.931, 52.337], [112.545, 52.347], [112.405, 52.208], [112.206, 52.245], [112.167, 52.3], [112.07, 52.28], [111.595, 51.926], [111.055, 51.794], [111.002, 51.725], [110.845, 51.665], [110.862, 51.595], [110.677, 51.504], [110.545, 51.496], [110.423, 51.523], [110.389, 51.577], [110.049, 51.616], [109.449, 51.42], [109.367, 51.353], [109.332, 51.389], [109.247, 51.366], [109.074, 51.507], [108.942, 51.44], [108.592, 51.506], [108.354, 51.267], [108.57, 51.111], [108.497, 51.059], [108.336, 51.046], [108.25, 50.844], [108.067, 50.753], [108.18, 50.66], [108.417, 50.61], [108.546, 50.529], [108.66, 50.534], [108.676, 50.495], [108.201, 50.408], [108.132, 50.318], [107.99, 50.335], [107.926, 50.215], [107.772, 50.152], [107.797, 50.034], [107.745, 49.967], [107.192, 50.006], [107.057, 50.074], [106.974, 50.196], [106.657, 50.327], [106.222, 50.292], [106.056, 50.334], [105.985, 50.4], [105.329, 50.476], [105.106, 50.39], [104.406, 50.301], [104.122, 50.148], [103.785, 50.186], [103.601, 50.134], [103.307, 50.19], [103.202, 50.297], [102.927, 50.303], [102.618, 50.399], [102.513, 50.504], [102.303, 50.564], [102.276, 50.65], [102.329, 50.719], [102.217, 50.799], [102.23, 50.979], [102.147, 51.098], [102.135, 51.24], [102.193, 51.307], [102.075, 51.375], [101.526, 51.476], [101.35, 51.45], [100.511, 51.727], [99.918, 51.749]]]}}, {"type": "Feature", "properties": {"name": "west_siberia_1661", "name_ru": "Западносибирское восстание 1661-1665", "people": "ненцы, ханты, сибирские татары", "from": "1661-01-01", "to": "1665-01-01", "from_raw": "1661", "to_raw": "1665", "territory": "средняя Обь, нижний Иртыш, Пустозерск, Мангазея", "kind": "national", "kind_ru": "антиколониальное национальное выступление", "event": "серия выступлений против московского господства: в 1662 г. ненцы атаковали Пустозерск и Мангазею, в 1662-1663 гг. поднялось население средней Оби и нижнего Иртыша", "source": "Атлас російського імперіалізму та колоніалізму (УІФ, 2026), розд. 31, п. 6", "confidence": "средняя", "note": "", "paint": "none", "hold_from": "", "hold_to": "", "hold_note": "", "geometry_source": "ne:Russia:Khanty-Mansiy|Yamal-Nenets|Tyumen'|Nenets", "approximate": true}, "geometry": {"type": "MultiPolygon", "coordinates": [[[[44.466, 66.82], [44.522, 66.919], [44.303, 67.056], [44.378, 67.104], [44.287, 67.088], [43.761, 67.221], [43.793, 67.343], [44.003, 67.576], [44.033, 67.671], [44.152, 67.694], [44.07, 67.714], [44.131, 67.792], [44.087, 67.885], [44.268, 67.927], [44.125, 67.934], [44.214, 67.989], [44.138, 67.995], [44.412, 68.063], [44.181, 68.036], [44.228, 68.297], [43.274, 68.658], [43.477, 68.669], [43.985, 68.551], [45.582, 68.514], [45.944, 68.446], [46.029, 68.324], [46.535, 68.133], [46.461, 68.112], [46.54, 68.108], [46.558, 68.016], [46.703, 67.892], [46.698, 67.816], [45.35, 67.73], [45.303, 67.694], [45.351, 67.663], [45.315, 67.592], [45.028, 67.532], [44.919, 67.441], [44.912, 67.372], [45.055, 67.284], [45.594, 67.158], [45.824, 66.899], [46.025, 66.833], [46.598, 66.858], [46.407, 66.746], [46.583, 66.815], [47.41, 66.929], [47.581, 66.87], [47.607, 66.946], [47.742, 67.031], [47.75, 67.121], [47.689, 67.196], [47.787, 67.252], [47.77, 67.338], [47.948, 67.444], [47.825, 67.56], [47.846, 67.601], [48.052, 67.652], [48.099, 67.639], [48.093, 67.592], [48.256, 67.683], [48.487, 67.664], [48.7, 67.716], [49.107, 67.639], [48.778, 67.727], [48.794, 67.831], [48.586, 67.934], [48.843, 67.865], [49.133, 67.863], [50.018, 68.091], [49.847, 68.016], [50.001, 68.058], [50.779, 68.379], [51.059, 68.351], [52.177, 68.582], [52.217, 68.585], [52.052, 68.492], [52.361, 68.475], [52.136, 68.379], [52.249, 68.318], [52.402, 68.338], [52.731, 68.474], [52.491, 68.592], [52.634, 68.659], [52.411, 68.586], [52.279, 68.598], [52.328, 68.633], [53.25, 68.878], [53.879, 68.974], [54.561, 69.0], [53.595, 68.907], [53.666, 68.866], [53.732, 68.866], [53.691, 68.886], [53.728, 68.897], [54.026, 68.845], [53.865, 68.798], [53.818, 68.689], [53.72, 68.657], [53.904, 68.507], [53.944, 68.406], [53.804, 68.345], [53.609, 68.413], [53.574, 68.4], [53.691, 68.345], [53.44, 68.373], [53.211, 68.269], [53.993, 68.221], [54.185, 68.321], [54.219, 68.318], [54.173, 68.262], [54.203, 68.21], [54.504, 68.312], [54.691, 68.176], [54.832, 68.173], [54.924, 68.253], [54.856, 68.324], [54.908, 68.329], [54.937, 68.398], [55.393, 68.564], [55.7, 68.577], [55.997, 68.66], [56.504, 68.628], [56.493, 68.585], [56.63, 68.642], [56.848, 68.572], [57.33, 68.565], [57.604, 68.742], [57.93, 68.751], [57.981, 68.794], [57.957, 68.846], [58.171, 68.889], [58.245, 68.888], [58.204, 68.832], [58.264, 68.781], [58.378, 68.756], [58.337, 68.736], [58.424, 68.743], [58.285, 68.8], [58.271, 68.894], [58.879, 69.003], [59.224, 69.0], [58.892, 68.934], [59.105, 68.903], [59.423, 68.757], [59.398, 68.701], [59.202, 68.706], [59.056, 68.62], [59.119, 68.532], [59.087, 68.417], [59.675, 68.336], [59.857, 68.381], [59.964, 68.466], [59.929, 68.538], [59.763, 68.639], [59.811, 68.688], [60.467, 68.722], [60.819, 68.894], [60.969, 68.907], [60.907, 68.927], [60.948, 69.003], [60.903, 69.122], [60.777, 69.177], [60.722, 69.174], [60.711, 69.106], [60.591, 69.133], [60.59, 69.256], [60.542, 69.316], [60.139, 69.578], [60.233, 69.665], [60.654, 69.673], [60.633, 69.725], [60.722, 69.743], [60.706, 69.824], [60.927, 69.867], [61.771, 69.762], [63.41, 69.671], [64.128, 69.55], [65.004, 69.304], [64.831, 69.294], [64.786, 69.147], [64.932, 69.197], [64.923, 69.261], [65.068, 69.268], [65.903, 69.113], [65.635, 69.127], [65.69, 69.085], [67.09, 68.856], [67.129, 68.839], [67.04, 68.797], [67.196, 68.707], [67.584, 68.603], [67.793, 68.479], [68.135, 68.423], [68.259, 68.334], [68.184, 68.242], [68.263, 68.249], [68.288, 68.188], [68.651, 68.318], [68.561, 68.373], [68.924, 68.637], [69.013, 68.806], [69.109, 68.879], [68.951, 68.903], [69.219, 68.962], [68.686, 68.918], [68.458, 68.985], [68.026, 69.319], [68.105, 69.397], [68.107, 69.549], [68.031, 69.541], [68.04, 69.49], [67.824, 69.511], [67.629, 69.591], [67.017, 69.703], [66.971, 69.688], [67.0, 69.653], [66.855, 69.637], [66.958, 69.537], [66.796, 69.586], [66.769, 69.762], [66.885, 70.013], [66.978, 70.058], [66.985, 69.97], [67.143, 69.983], [67.328, 70.106], [67.279, 70.106], [67.272, 70.189], [67.243, 70.145], [67.094, 70.221], [67.193, 70.382], [67.266, 70.415], [67.293, 70.477], [67.215, 70.524], [67.334, 70.758], [67.257, 70.826], [67.138, 70.842], [66.689, 70.77], [66.608, 70.881], [66.889, 71.079], [66.82, 71.101], [66.738, 71.052], [66.772, 71.024], [66.69, 71.001], [66.62, 71.058], [66.811, 71.161], [66.912, 71.295], [67.588, 71.415], [67.947, 71.528], [68.255, 71.688], [68.349, 71.675], [68.308, 71.717], [68.469, 71.826], [68.644, 72.033], [68.822, 72.326], [68.852, 72.467], [68.917, 72.484], [68.869, 72.532], [68.977, 72.656], [69.054, 72.662], [68.976, 72.696], [69.232, 72.805], [69.302, 72.93], [69.465, 72.975], [69.795, 72.964], [69.557, 72.914], [69.588, 72.878], [71.563, 72.916], [72.008, 72.834], [71.817, 72.812], [71.886, 72.797], [72.131, 72.832], [72.837, 72.71], [72.721, 72.703], [72.81, 72.655], [72.731, 72.597], [72.845, 72.52], [72.799, 72.413], [72.874, 72.281], [72.577, 72.045], [72.522, 71.922], [72.351, 71.864], [72.345, 71.708], [72.234, 71.685], [72.167, 71.599], [71.838, 71.532], [71.803, 71.48], [72.106, 71.29], [72.636, 71.132], [72.676, 71.09], [72.632, 71.011], [72.837, 70.86], [72.775, 70.695], [72.683, 70.617], [72.775, 70.538], [72.771, 70.425], [72.436, 70.286], [72.622, 70.162], [72.492, 70.041], [72.692, 69.837], [72.65, 69.748], [72.502, 69.647], [72.638, 69.441], [72.488, 69.414], [72.613, 69.359], [72.648, 69.292], [72.478, 69.177], [72.577, 68.94], [72.852, 68.798], [73.539, 68.581], [73.635, 68.517], [73.646, 68.458], [73.605, 68.432], [73.605, 68.482], [73.534, 68.482], [73.398, 68.361], [73.091, 68.214], [73.137, 68.166], [73.073, 68.09], [73.204, 67.957], [73.195, 67.85], [73.072, 67.816], [73.151, 67.732], [73.114, 67.69], [73.039, 67.729], [72.852, 67.635], [72.581, 67.62], [72.533, 67.52], [72.392, 67.467], [72.454, 67.401], [72.403, 67.328], [72.048, 67.303], [72.052, 67.268], [72.214, 67.224], [72.226, 67.159], [72.128, 67.207], [72.139, 67.16], [71.913, 67.132], [72.015, 67.111], [71.995, 67.056], [71.748, 66.916], [71.302, 66.954], [71.515, 66.878], [71.481, 66.827], [71.584, 66.732], [71.577, 66.659], [71.165, 66.659], [71.234, 66.625], [71.057, 66.625], [71.124, 66.584], [71.08, 66.569], [70.939, 66.584], [70.98, 66.536], [70.689, 66.515], [70.413, 66.563], [70.295, 66.638], [70.68, 66.716], [70.723, 66.762], [70.316, 66.68], [70.173, 66.707], [70.178, 66.742], [70.067, 66.76], [69.898, 66.872], [69.837, 66.816], [69.603, 66.838], [69.637, 66.797], [69.598, 66.789], [69.398, 66.83], [68.965, 66.81], [69.104, 66.771], [69.132, 66.605], [69.386, 66.513], [69.729, 66.484], [70.363, 66.334], [71.429, 66.356], [71.679, 66.324], [71.833, 66.235], [71.99, 66.231], [72.306, 66.289], [72.376, 66.341], [72.367, 66.471], [72.412, 66.509], [72.289, 66.501], [72.318, 66.528], [72.494, 66.619], [72.942, 66.657], [73.003, 66.739], [73.492, 66.823], [73.657, 66.942], [73.797, 66.964], [73.92, 67.078], [73.892, 67.119], [73.953, 67.231], [73.9, 67.296], [74.098, 67.432], [74.749, 67.707], [74.825, 67.94], [74.725, 68.152], [74.332, 68.386], [74.458, 68.506], [74.413, 68.62], [74.481, 68.721], [75.191, 68.875], [76.113, 68.978], [76.609, 68.966], [76.696, 68.858], [76.619, 68.805], [76.663, 68.763], [77.007, 68.653], [77.114, 68.567], [77.127, 68.606], [77.326, 68.523], [77.248, 68.457], [77.295, 68.382], [77.162, 68.294], [77.357, 68.233], [77.217, 68.105], [77.241, 68.044], [77.193, 67.985], [77.305, 67.91], [77.217, 67.831], [77.083, 67.833], [77.12, 67.769], [77.676, 67.617], [77.693, 67.545], [79.053, 67.571], [78.806, 67.625], [78.868, 67.653], [78.565, 67.604], [78.463, 67.633], [78.61, 67.663], [78.438, 67.703], [78.4, 67.637], [78.327, 67.68], [77.874, 67.685], [77.949, 67.728], [77.776, 67.778], [77.738, 67.74], [77.494, 67.751], [77.459, 67.786], [77.479, 67.907], [77.586, 67.948], [77.47, 67.995], [77.537, 68.129], [77.709, 68.222], [78.173, 68.274], [78.09, 68.36], [77.959, 68.398], [77.909, 68.469], [77.956, 68.495], [77.928, 68.519], [77.787, 68.515], [77.715, 68.621], [77.744, 68.715], [77.647, 68.911], [76.929, 69.009], [76.731, 69.131], [76.428, 69.144], [76.042, 69.239], [75.509, 69.261], [75.129, 69.157], [75.092, 69.133], [75.154, 69.119], [75.107, 69.104], [74.773, 69.081], [74.314, 69.146], [73.961, 69.084], [73.759, 69.169], [73.9, 69.421], [73.516, 69.746], [73.66, 69.86], [73.765, 70.079], [73.708, 70.161], [74.316, 70.52], [74.318, 70.668], [73.928, 70.855], [73.896, 70.973], [73.704, 71.071], [73.556, 71.255], [73.022, 71.429], [73.499, 71.665], [73.525, 71.706], [73.47, 71.773], [73.526, 71.822], [74.332, 71.956], [74.995, 72.138], [75.076, 72.21], [75.111, 72.346], [75.059, 72.595], [75.0, 72.674], [74.742, 72.814], [75.037, 72.882], [75.522, 72.76], [75.338, 72.683], [75.421, 72.697], [75.708, 72.566], [75.556, 72.498], [75.667, 72.333], [75.755, 72.306], [75.742, 72.266], [75.518, 72.153], [75.517, 72.076], [75.414, 72.031], [75.439, 71.985], [75.254, 71.942], [75.284, 71.894], [75.224, 71.842], [75.228, 71.777], [75.492, 71.666], [75.392, 71.618], [75.533, 71.542], [75.434, 71.502], [75.442, 71.462], [75.242, 71.454], [75.228, 71.405], [75.343, 71.335], [76.108, 71.204], [76.889, 71.19], [76.914, 71.072], [76.963, 71.113], [76.929, 71.161], [77.005, 71.184], [77.783, 71.142], [77.865, 71.11], [77.949, 70.976], [78.411, 70.895], [78.965, 70.929], [79.115, 71.004], [78.845, 71.013], [78.786, 70.991], [78.902, 70.976], [78.758, 70.935], [78.565, 70.963], [78.442, 70.914], [78.463, 71.024], [78.56, 71.045], [78.498, 71.079], [78.525, 71.093], [78.346, 71.1], [78.498, 71.045], [78.43, 71.045], [78.238, 71.11], [78.311, 71.208], [78.279, 71.259], [77.928, 71.257], [77.901, 71.313], [77.988, 71.375], [77.712, 71.281], [77.436, 71.333], [77.525, 71.305], [77.492, 71.301], [77.104, 71.424], [76.713, 71.463], [76.581, 71.529], [76.272, 71.573], [76.264, 71.653], [75.997, 71.908], [76.354, 71.999], [76.878, 72.05], [77.585, 71.831], [78.11, 71.88], [78.226, 71.983], [77.986, 72.11], [77.713, 72.115], [77.511, 72.062], [77.377, 72.11], [77.491, 72.175], [77.442, 72.21], [77.474, 72.222], [77.668, 72.193], [78.125, 72.385], [78.426, 72.393], [78.503, 72.382], [78.454, 72.341], [78.656, 72.258], [78.665, 72.22], [78.61, 72.208], [78.914, 72.116], [79.436, 72.04], [79.695, 72.058], [80.344, 71.885], [80.036, 71.831], [80.119, 71.779], [80.076, 71.765], [80.102, 71.665], [79.868, 71.602], [79.371, 71.612], [79.338, 71.598], [79.389, 71.543], [79.358, 71.494], [79.143, 71.415], [79.227, 71.321], [79.565, 71.277], [79.954, 71.134], [80.538, 71.059], [80.565, 70.86], [80.686, 70.801], [80.593, 70.722], [80.757, 70.656], [80.61, 70.501], [80.793, 70.423], [80.722, 70.391], [80.569, 70.461], [80.181, 70.434], [80.183, 70.393], [80.095, 70.395], [80.095, 70.353], [79.88, 70.278], [79.717, 70.28], [79.496, 70.112], [79.333, 70.148], [79.355, 70.05], [79.197, 70.05], [79.193, 70.01], [79.134, 70.008], [79.172, 69.963], [78.88, 69.876], [79.13, 69.739], [79.017, 69.699], [79.491, 69.654], [79.65, 69.484], [79.814, 69.423], [79.865, 69.349], [80.734, 69.308], [80.967, 69.209], [81.324, 69.286], [81.571, 69.273], [81.636, 69.306], [81.631, 69.42], [81.758, 69.436], [81.93, 69.341], [81.772, 69.233], [81.893, 69.183], [82.443, 69.167], [82.494, 69.105], [82.329, 69.046], [82.493, 68.987], [82.552, 68.827], [82.787, 68.795], [82.803, 68.742], [83.036, 68.672], [82.469, 68.577], [82.679, 68.492], [82.703, 68.298], [82.574, 68.255], [82.533, 68.17], [82.395, 68.177], [82.365, 67.946], [81.988, 67.962], [81.726, 67.916], [81.895, 67.789], [82.1, 67.724], [82.112, 67.686], [82.049, 67.655], [82.11, 67.609], [82.389, 67.534], [82.374, 67.481], [82.251, 67.419], [82.358, 67.331], [82.117, 67.244], [83.042, 66.891], [83.035, 66.857], [83.162, 66.818], [83.187, 66.747], [83.29, 66.687], [83.089, 66.61], [83.083, 66.486], [83.124, 66.424], [83.27, 66.386], [83.535, 66.193], [83.293, 66.066], [83.521, 65.908], [83.511, 65.829], [83.592, 65.775], [84.031, 65.793], [84.168, 65.703], [84.319, 65.684], [84.297, 65.617], [84.196, 65.595], [84.43, 65.551], [84.506, 65.495], [84.55, 65.433], [84.507, 65.395], [84.584, 65.291], [84.313, 65.098], [84.387, 64.994], [84.283, 64.909], [84.92, 64.928], [84.967, 64.899], [84.939, 64.823], [85.093, 64.811], [85.149, 64.752], [85.559, 64.83], [85.856, 64.763], [85.81, 64.648], [85.916, 64.588], [85.842, 64.459], [86.03, 64.275], [85.934, 64.123], [85.963, 64.066], [85.534, 63.937], [85.373, 63.808], [85.269, 63.651], [85.032, 63.586], [85.097, 63.534], [85.299, 63.517], [85.378, 63.467], [85.365, 63.405], [85.419, 63.349], [85.672, 63.36], [85.531, 63.263], [85.469, 63.149], [85.586, 63.074], [85.496, 62.986], [85.518, 62.933], [85.225, 62.801], [85.09, 62.638], [84.894, 62.541], [84.872, 62.459], [84.436, 62.178], [84.553, 61.999], [84.523, 61.93], [84.69, 61.81], [85.001, 61.785], [85.273, 61.683], [85.376, 61.701], [85.48, 61.628], [85.722, 61.575], [85.854, 61.595], [85.974, 61.508], [85.95, 61.465], [85.644, 61.388], [85.702, 61.306], [85.671, 61.289], [84.623, 61.0], [84.26, 60.856], [83.989, 60.827], [83.504, 61.047], [83.144, 61.028], [82.407, 60.723], [82.381, 60.612], [82.165, 60.526], [81.83, 60.645], [81.141, 60.637], [81.028, 60.755], [80.723, 60.797], [80.428, 60.765], [80.186, 60.665], [79.374, 60.662], [79.285, 60.721], [79.312, 60.801], [79.185, 60.838], [78.806, 60.78], [78.688, 60.829], [78.474, 60.777], [78.121, 60.802], [77.92, 60.747], [77.702, 60.825], [77.105, 60.852], [77.068, 60.726], [76.971, 60.71], [77.047, 60.559], [76.806, 60.471], [76.753, 60.377], [76.848, 60.266], [76.694, 60.113], [76.757, 60.066], [76.741, 59.758], [76.656, 59.693], [76.645, 59.585], [76.172, 59.543], [75.996, 59.422], [75.895, 59.426], [75.819, 59.295], [75.628, 59.238], [75.687, 59.04], [75.642, 58.982], [75.161, 58.678], [75.158, 58.618], [74.881, 58.432], [74.206, 58.134], [73.087, 58.146], [72.861, 58.011], [72.149, 58.026], [71.989, 58.123], [71.249, 58.076], [71.245, 58.341], [71.302, 58.385], [71.128, 58.448], [71.077, 58.522], [70.865, 58.535], [70.436, 57.934], [70.384, 57.922], [70.433, 57.779], [70.573, 57.697], [70.58, 57.584], [70.69, 57.568], [70.686, 57.519], [70.432, 57.384], [70.498, 57.298], [70.655, 57.258], [70.612, 57.201], [70.777, 57.209], [70.754, 57.271], [70.8, 57.319], [71.098, 57.339], [71.144, 57.258], [71.092, 57.224], [71.224, 57.202], [71.371, 57.064], [71.618, 56.953], [71.672, 56.832], [71.557, 56.732], [71.415, 56.733], [71.357, 56.671], [71.06, 56.702], [71.107, 56.639], [71.053, 56.544], [70.78, 56.472], [70.939, 56.404], [70.927, 56.347], [70.768, 56.289], [70.849, 56.242], [70.828, 56.16], [70.91, 56.132], [70.861, 55.984], [70.762, 55.904], [70.476, 55.876], [70.754, 55.853], [70.589, 55.799], [70.544, 55.71], [70.747, 55.59], [70.692, 55.509], [70.487, 55.437], [70.5, 55.333], [70.373, 55.201], [70.197, 55.133], [69.674, 55.334], [69.335, 55.385], [69.186, 55.326], [69.123, 55.398], [68.927, 55.434], [68.918, 55.371], [68.983, 55.309], [68.946, 55.27], [68.606, 55.423], [68.466, 55.407], [68.436, 55.467], [68.335, 55.492], [68.311, 55.561], [68.175, 55.586], [68.176, 55.71], [67.941, 55.664], [67.825, 55.721], [67.447, 55.735], [67.299, 55.897], [67.297, 55.959], [66.821, 55.961], [66.738, 56.049], [66.435, 55.953], [66.298, 56.058], [66.186, 56.068], [66.015, 55.991], [65.794, 56.113], [65.667, 56.274], [65.157, 56.293], [65.115, 56.329], [65.208, 56.368], [64.967, 56.501], [65.024, 56.64], [64.981, 56.747], [65.174, 56.779], [65.237, 56.924], [65.068, 56.908], [64.991, 57.054], [64.99, 57.237], [64.829, 57.305], [64.884, 57.35], [64.843, 57.451], [65.002, 57.593], [64.839, 57.641], [65.428, 57.834], [65.473, 57.777], [65.54, 57.78], [65.655, 57.836], [65.663, 57.887], [66.197, 58.033], [65.99, 58.32], [65.935, 58.614], [65.669, 58.663], [65.382, 58.919], [65.2, 59.215], [65.099, 59.237], [65.038, 59.327], [64.324, 59.411], [64.029, 59.395], [63.841, 59.463], [63.796, 59.792], [63.638, 60.123], [63.198, 60.231], [63.22, 60.301], [62.881, 60.64], [62.76, 60.859], [62.86, 61.001], [62.62, 61.211], [61.165, 61.683], [60.431, 61.747], [60.044, 61.724], [59.978, 61.757], [59.984, 61.903], [59.54, 61.96], [59.401, 62.118], [59.507, 62.307], [59.603, 62.376], [59.644, 62.51], [59.511, 62.548], [59.399, 62.718], [59.477, 62.907], [59.285, 62.965], [59.223, 63.072], [59.292, 63.124], [59.262, 63.199], [59.334, 63.286], [59.287, 63.337], [59.349, 63.364], [59.319, 63.398], [59.494, 63.611], [59.573, 63.927], [59.77, 64.0], [59.856, 64.131], [59.588, 64.233], [59.634, 64.336], [59.606, 64.454], [59.482, 64.487], [59.704, 64.668], [59.641, 64.719], [59.655, 64.783], [60.147, 65.065], [60.42, 65.053], [60.645, 64.891], [60.808, 65.044], [60.979, 65.048], [61.107, 65.161], [61.241, 65.192], [61.331, 65.282], [61.254, 65.319], [61.871, 65.699], [62.851, 65.873], [62.803, 65.931], [62.884, 65.98], [62.821, 66.012], [62.862, 66.075], [63.105, 66.25], [63.295, 66.239], [63.242, 66.328], [63.415, 66.48], [63.541, 66.471], [63.809, 66.547], [63.981, 66.651], [64.295, 66.663], [64.534, 66.728], [64.576, 66.798], [65.105, 66.895], [65.078, 67.042], [65.216, 67.076], [65.19, 67.145], [65.662, 67.311], [65.713, 67.34], [65.702, 67.389], [66.008, 67.416], [66.11, 67.489], [66.041, 67.572], [65.796, 67.568], [65.859, 67.606], [65.824, 67.63], [65.852, 67.654], [66.105, 67.647], [66.206, 67.693], [66.198, 67.74], [66.02, 67.798], [66.09, 67.93], [65.911, 67.961], [65.437, 67.92], [65.29, 68.012], [65.331, 68.091], [65.274, 68.23], [65.48, 68.43], [64.761, 68.406], [64.556, 68.358], [64.494, 68.315], [64.53, 68.2], [63.834, 68.028], [63.947, 67.894], [63.871, 67.836], [63.709, 67.81], [63.69, 67.762], [63.422, 67.768], [63.105, 67.675], [62.871, 67.58], [62.821, 67.388], [61.851, 67.126], [61.625, 67.012], [60.082, 66.99], [59.919, 66.954], [59.872, 66.971], [59.918, 67.002], [53.772, 66.999], [52.155, 67.086], [51.847, 67.002], [51.811, 66.954], [51.525, 66.928], [51.482, 66.828], [51.549, 66.798], [51.51, 66.783], [49.006, 66.119], [48.139, 66.127], [47.753, 65.941], [47.76, 65.844], [47.661, 65.808], [47.11, 65.821], [46.347, 66.028], [45.741, 66.068], [44.214, 66.408], [44.348, 66.5], [44.395, 66.622], [44.563, 66.666], [44.364, 66.782], [44.466, 66.82]], [[70.81, 56.033], [70.778, 56.04], [70.739, 56.001], [70.78, 55.996], [70.81, 56.033]], [[70.722, 55.961], [70.701, 55.954], [70.77, 55.95], [70.722, 55.961]]], [[[49.892, 68.984], [49.685, 68.879], [48.798, 68.729], [48.592, 68.731], [48.291, 68.866], [48.332, 68.886], [48.236, 68.882], [48.266, 68.983], [48.212, 69.002], [48.256, 69.044], [48.217, 69.064], [48.288, 69.256], [48.431, 69.363], [48.806, 69.493], [49.085, 69.517], [49.272, 69.508], [50.164, 69.261], [50.323, 69.151], [50.248, 69.057], [50.121, 69.007], [50.223, 69.154], [49.955, 69.075], [49.854, 69.009], [49.911, 69.01], [49.892, 68.984]]], [[[59.934, 69.668], [59.563, 69.715], [59.547, 69.779], [59.624, 69.804], [59.431, 69.889], [58.94, 69.942], [59.132, 69.873], [59.016, 69.86], [58.696, 70.003], [58.57, 70.079], [58.605, 70.113], [58.549, 70.134], [58.611, 70.14], [58.591, 70.181], [58.453, 70.195], [58.501, 70.23], [58.412, 70.26], [58.824, 70.216], [58.495, 70.332], [58.639, 70.332], [58.755, 70.387], [58.741, 70.428], [59.024, 70.48], [59.533, 70.265], [59.554, 70.2], [60.036, 70.099], [60.328, 69.957], [60.414, 69.963], [60.548, 69.815], [60.448, 69.766], [60.476, 69.722], [60.254, 69.689], [60.033, 69.722], [59.934, 69.668]]], [[[69.999, 73.061], [70.101, 73.018], [69.875, 73.038], [70.065, 73.237], [69.959, 73.399], [70.47, 73.499], [70.949, 73.517], [71.268, 73.444], [71.112, 73.447], [71.136, 73.393], [71.096, 73.313], [70.98, 73.265], [71.289, 73.252], [71.296, 73.296], [71.459, 73.348], [71.669, 73.227], [71.75, 73.042], [71.375, 73.179], [70.462, 73.051], [70.257, 73.038], [70.11, 73.101], [69.999, 73.061]]], [[[77.61, 72.635], [78.231, 72.569], [78.395, 72.491], [77.586, 72.285], [77.127, 72.278], [76.853, 72.333], [77.61, 72.635]]], [[[69.575, 66.638], [69.425, 66.768], [69.257, 66.746], [69.131, 66.797], [69.473, 66.798], [69.517, 66.739], [69.636, 66.694], [69.54, 66.764], [70.05, 66.709], [70.08, 66.639], [70.027, 66.625], [70.131, 66.556], [70.066, 66.552], [70.097, 66.539], [70.055, 66.505], [69.871, 66.478], [69.545, 66.591], [69.575, 66.638]]], [[[74.093, 73.028], [74.185, 73.107], [74.475, 73.134], [74.845, 73.094], [74.962, 73.06], [74.685, 73.055], [74.639, 72.96], [74.708, 72.902], [74.656, 72.859], [74.093, 73.028]]], [[[75.304, 73.409], [75.421, 73.498], [75.619, 73.553], [76.079, 73.56], [75.873, 73.51], [75.893, 73.48], [75.496, 73.45], [75.544, 73.498], [75.38, 73.45], [75.36, 73.397], [75.304, 73.409]]], [[[67.345, 69.522], [67.214, 69.433], [67.022, 69.477], [67.155, 69.56], [67.318, 69.583], [67.345, 69.522]]], [[[76.072, 73.525], [76.251, 73.554], [76.731, 73.47], [76.754, 73.43], [76.072, 73.525]]], [[[51.172, 68.501], [51.498, 68.489], [50.792, 68.379], [51.172, 68.501]]], [[[76.318, 73.148], [76.133, 73.208], [76.656, 73.197], [76.732, 73.166], [76.318, 73.148]]], [[[66.389, 70.668], [66.428, 70.8], [66.583, 70.502], [66.478, 70.535], [66.389, 70.668]]], [[[71.343, 73.402], [71.35, 73.347], [71.214, 73.285], [71.137, 73.293], [71.144, 73.347], [71.25, 73.418], [71.343, 73.402]]], [[[66.668, 70.538], [66.868, 70.381], [66.764, 70.403], [66.607, 70.462], [66.668, 70.538]]], [[[67.308, 69.438], [67.096, 69.366], [66.939, 69.439], [66.968, 69.459], [67.165, 69.42], [67.308, 69.438]]], [[[59.06, 69.243], [58.762, 69.339], [59.151, 69.255], [59.245, 69.146], [59.06, 69.243]]], [[[66.606, 71.003], [66.6, 70.914], [66.434, 70.827], [66.606, 71.003]]], [[[54.317, 68.259], [54.221, 68.245], [54.197, 68.262], [54.33, 68.331], [54.317, 68.259]]], [[[55.369, 68.948], [55.507, 68.914], [55.225, 68.914], [55.369, 68.948]]], [[[53.991, 68.346], [53.958, 68.293], [53.858, 68.346], [53.991, 68.346]]], [[[54.603, 68.955], [54.571, 68.964], [54.643, 69.009], [54.686, 68.969], [54.603, 68.955]]], [[[49.124, 68.668], [48.766, 68.69], [49.049, 68.678], [49.124, 68.668]]], [[[49.57, 68.817], [49.598, 68.815], [49.55, 68.795], [49.499, 68.786], [49.57, 68.817]]], [[[50.083, 68.961], [50.108, 68.964], [50.07, 68.943], [50.004, 68.931], [50.083, 68.961]]], [[[54.914, 68.938], [55.022, 68.928], [55.02, 68.915], [54.914, 68.938]]], [[[54.395, 68.783], [54.387, 68.778], [54.193, 68.814], [54.395, 68.783]]], [[[49.842, 68.906], [49.84, 68.901], [49.752, 68.877], [49.842, 68.906]]]]}}, {"type": "Feature", "properties": {"name": "bashkir_1662", "name_ru": "Башкирское восстание 1662-1664", "people": "башкиры", "from": "1662-01-01", "to": "1664-01-01", "from_raw": "1662", "to_raw": "1664", "territory": "Башкортостан", "kind": "national", "kind_ru": "антиколониальное национальное выступление", "event": "полномасштабное выступление против наступления на башкирское землевладение и налоговых злоупотреблений; закончилось переговорами и фактической победой повстанцев - уфимский воевода отстранён, захват земель переселенцами прекращён, рост ясака отменён", "source": "Атлас російського імперіалізму та колоніалізму (УІФ, 2026), розд. 31, п. 8", "confidence": "высокая", "note": "территорию повстанцы не удерживали как отдельное образование: победа выражена уступками, а не своей администрацией", "paint": "none", "hold_from": "", "hold_to": "", "hold_note": "", "geometry_source": "ne:Russia:Bashkortostan", "approximate": true}, "geometry": {"type": "Polygon", "coordinates": [[[57.408, 56.329], [57.411, 56.235], [57.478, 56.179], [57.455, 56.13], [57.537, 56.1], [57.802, 56.151], [57.907, 56.115], [58.079, 56.141], [58.3, 56.114], [58.352, 56.059], [58.455, 56.147], [58.565, 56.162], [58.824, 56.054], [58.953, 56.07], [59.026, 56.169], [59.289, 56.135], [59.281, 56.055], [59.173, 56.005], [59.23, 55.906], [59.154, 55.805], [59.317, 55.768], [59.28, 55.694], [59.344, 55.644], [59.24, 55.584], [59.437, 55.633], [59.498, 55.58], [59.641, 55.565], [59.475, 55.468], [59.201, 55.45], [59.159, 55.332], [58.997, 55.244], [58.925, 55.326], [58.847, 55.304], [58.9, 55.268], [58.735, 55.265], [58.73, 55.226], [58.803, 55.214], [58.756, 55.163], [58.659, 55.189], [58.575, 55.144], [58.756, 55.112], [58.82, 55.032], [58.62, 54.95], [58.533, 54.958], [58.523, 55.022], [58.387, 55.0], [58.433, 55.057], [58.364, 55.084], [58.372, 55.155], [58.299, 55.174], [58.141, 55.114], [58.193, 55.084], [58.089, 55.02], [58.106, 54.957], [58.001, 54.917], [57.962, 54.946], [58.031, 55.075], [57.964, 55.167], [58.135, 55.215], [57.917, 55.293], [57.425, 55.326], [57.257, 55.258], [57.215, 55.223], [57.24, 55.158], [57.137, 55.092], [57.244, 54.951], [57.154, 54.863], [57.187, 54.802], [57.581, 54.673], [57.58, 54.635], [57.747, 54.579], [57.743, 54.501], [57.961, 54.392], [58.354, 54.547], [58.614, 54.47], [59.061, 54.632], [59.228, 54.611], [59.412, 54.707], [59.632, 54.911], [59.806, 54.846], [59.944, 54.857], [59.919, 54.832], [59.974, 54.796], [59.87, 54.613], [59.679, 54.498], [59.746, 54.447], [59.667, 54.34], [59.803, 54.254], [59.727, 54.194], [59.729, 54.139], [59.535, 54.198], [59.322, 54.182], [59.154, 53.984], [58.956, 53.975], [58.923, 53.935], [58.948, 53.9], [58.872, 53.751], [58.907, 53.654], [58.821, 53.596], [58.902, 53.549], [58.823, 53.211], [58.891, 53.188], [58.907, 53.055], [59.028, 53.015], [58.836, 53.001], [58.747, 52.854], [58.784, 52.725], [58.724, 52.645], [58.839, 52.541], [58.766, 52.517], [58.828, 52.433], [58.813, 52.363], [58.941, 52.299], [58.691, 52.265], [58.599, 52.171], [58.695, 52.058], [58.64, 52.022], [58.572, 51.788], [58.16, 51.739], [58.092, 51.795], [57.678, 51.868], [57.633, 51.765], [57.422, 51.725], [57.393, 51.648], [57.198, 51.572], [57.02, 51.665], [56.996, 51.731], [56.799, 51.752], [56.884, 51.691], [56.89, 51.625], [56.78, 51.592], [56.715, 51.721], [56.754, 51.769], [56.608, 51.822], [56.62, 51.888], [56.737, 51.905], [56.651, 51.96], [56.683, 52.052], [56.588, 52.061], [56.622, 52.124], [56.42, 52.161], [56.456, 52.197], [56.325, 52.123], [56.239, 52.122], [56.191, 52.173], [56.451, 52.309], [56.443, 52.426], [56.36, 52.502], [56.428, 52.595], [56.271, 52.554], [56.054, 52.645], [56.078, 52.604], [55.931, 52.515], [55.861, 52.373], [55.769, 52.344], [55.71, 52.391], [55.536, 52.389], [55.495, 52.525], [55.543, 52.537], [55.545, 52.594], [55.455, 52.59], [55.412, 52.658], [55.249, 52.648], [55.285, 52.733], [55.352, 52.688], [55.42, 52.713], [55.354, 52.765], [55.422, 52.787], [55.407, 52.837], [55.264, 52.862], [55.162, 52.823], [54.962, 53.097], [54.927, 53.22], [54.822, 53.273], [54.64, 53.237], [54.564, 53.264], [54.568, 53.328], [54.52, 53.36], [54.108, 53.417], [53.878, 53.658], [53.66, 53.746], [53.457, 54.066], [53.43, 54.266], [53.348, 54.382], [53.426, 54.499], [53.417, 54.559], [53.606, 54.714], [53.579, 54.822], [53.643, 54.9], [53.499, 54.891], [53.414, 54.989], [53.264, 55.014], [53.144, 55.132], [53.418, 55.222], [53.591, 55.212], [53.714, 55.333], [53.907, 55.393], [54.003, 55.554], [54.181, 55.628], [54.231, 55.692], [54.095, 55.773], [54.026, 55.764], [54.04, 55.802], [53.966, 55.782], [53.994, 55.848], [53.632, 55.907], [53.838, 56.039], [54.006, 56.029], [54.117, 56.158], [54.346, 56.253], [54.371, 56.299], [54.321, 56.345], [54.43, 56.343], [54.559, 56.538], [54.93, 56.387], [54.968, 56.32], [55.172, 56.318], [55.224, 56.364], [55.412, 56.335], [55.914, 56.466], [56.073, 56.289], [56.267, 56.301], [56.393, 56.388], [56.528, 56.383], [56.558, 56.36], [56.501, 56.322], [56.574, 56.263], [56.738, 56.223], [56.897, 56.101], [57.166, 56.16], [57.267, 56.302], [57.408, 56.329]]]}}, {"type": "Feature", "properties": {"name": "copper_riot_1662", "name_ru": "«Медный бунт» 1662", "people": "русские", "from": "1662-07-25", "to": "1662-07-25", "from_raw": "1662-07-25", "to_raw": "1662-07-25", "territory": "Москва", "kind": "urban", "kind_ru": "выступление горожан", "event": "выступление против выпуска медной монеты и её обесценивания; разбито войсками, но через год выпуск медных денег прекращён", "source": "Атлас російського імперіалізму та колоніалізму (УІФ, 2026), розд. 31, п. 7", "confidence": "высокая", "note": "", "paint": "none", "hold_from": "", "hold_to": "", "hold_note": "", "geometry_source": "city:Москва", "approximate": true}, "geometry": {"type": "Polygon", "coordinates": [[[37.964, 55.754], [37.861, 55.507], [37.614, 55.404], [37.367, 55.507], [37.264, 55.754], [37.367, 56.001], [37.614, 56.104], [37.861, 56.001], [37.964, 55.754]]]}}, {"type": "Feature", "properties": {"name": "nganasan_1666", "name_ru": "Восстание авамских нганасан 1666", "people": "нганасаны", "from": "1666-01-01", "to": "1666-01-01", "from_raw": "1666", "to_raw": "1666", "territory": "Таймыр", "kind": "national", "kind_ru": "антиколониальное национальное выступление", "event": "самое крупное выступление этого народа против уплаты ясака", "source": "Атлас російського імперіалізму та колоніалізму (УІФ, 2026), розд. 31, п. 9", "confidence": "низкая", "note": "", "paint": "none", "hold_from": "", "hold_to": "", "hold_note": "", "geometry_source": "ne:Russia:Krasnoyarsk", "approximate": true}, "geometry": {"type": "MultiPolygon", "coordinates": [[[[80.814, 72.08], [80.632, 72.046], [81.25, 71.859], [81.342, 71.764], [81.737, 71.7], [82.867, 71.786], [83.296, 71.703], [83.29, 71.648], [83.027, 71.55], [82.985, 71.463], [83.048, 71.415], [82.273, 71.279], [82.279, 71.188], [82.353, 71.096], [82.208, 70.987], [82.417, 70.777], [82.082, 70.565], [82.153, 70.518], [82.24, 70.277], [82.349, 70.202], [82.252, 70.376], [82.24, 70.497], [82.157, 70.572], [82.465, 70.613], [82.431, 70.695], [82.554, 70.762], [82.479, 70.805], [82.569, 70.853], [82.579, 70.911], [82.735, 70.966], [82.877, 70.917], [82.902, 71.001], [82.967, 70.934], [83.134, 70.882], [83.137, 70.764], [83.065, 70.693], [83.057, 70.597], [82.993, 70.572], [83.053, 70.5], [83.011, 70.427], [82.664, 70.26], [82.644, 70.181], [82.919, 70.081], [83.149, 70.076], [83.189, 70.123], [83.13, 70.209], [82.952, 70.325], [83.534, 70.332], [83.775, 70.477], [83.757, 70.569], [83.603, 70.703], [83.602, 70.77], [83.383, 70.976], [83.382, 71.033], [83.116, 71.113], [83.257, 71.117], [83.148, 71.245], [83.376, 71.37], [83.382, 71.465], [83.563, 71.51], [83.631, 71.576], [83.619, 71.631], [83.411, 71.751], [83.416, 71.808], [83.361, 71.841], [82.97, 71.898], [82.678, 71.879], [82.471, 72.021], [82.185, 72.093], [82.3, 72.134], [82.307, 72.183], [82.198, 72.282], [81.208, 72.355], [80.704, 72.545], [80.834, 72.621], [80.686, 72.646], [80.632, 72.734], [80.773, 72.806], [80.842, 72.922], [80.814, 72.974], [80.75, 73.038], [80.437, 73.101], [80.595, 73.115], [80.569, 73.142], [80.231, 73.176], [80.563, 73.222], [80.528, 73.281], [80.255, 73.33], [80.677, 73.505], [80.506, 73.498], [80.513, 73.567], [81.957, 73.663], [83.484, 73.655], [84.793, 73.765], [85.008, 73.71], [85.427, 73.712], [85.585, 73.819], [86.016, 73.867], [86.783, 73.902], [87.08, 73.872], [87.104, 73.845], [87.011, 73.779], [85.787, 73.481], [85.833, 73.332], [86.663, 73.122], [86.782, 73.001], [86.765, 73.084], [86.66, 73.152], [85.934, 73.324], [85.852, 73.375], [85.844, 73.44], [85.882, 73.496], [86.204, 73.558], [87.165, 73.611], [87.344, 73.704], [87.249, 73.691], [87.281, 73.73], [87.617, 73.824], [87.664, 73.891], [87.545, 73.914], [87.454, 73.825], [87.296, 73.841], [86.94, 74.033], [87.42, 74.012], [87.362, 74.048], [86.896, 74.07], [86.724, 74.132], [86.803, 74.184], [86.711, 74.224], [86.02, 74.263], [85.906, 74.355], [86.297, 74.313], [86.255, 74.389], [86.049, 74.416], [86.475, 74.458], [86.591, 74.437], [86.624, 74.388], [86.954, 74.389], [86.716, 74.302], [86.949, 74.343], [86.993, 74.27], [87.05, 74.306], [87.016, 74.367], [87.262, 74.355], [87.08, 74.39], [87.079, 74.442], [86.796, 74.424], [86.535, 74.512], [86.782, 74.561], [85.74, 74.636], [85.9, 74.723], [86.101, 74.736], [86.125, 74.773], [86.028, 74.814], [86.091, 74.821], [86.367, 74.775], [86.213, 74.766], [86.321, 74.708], [86.474, 74.725], [86.639, 74.697], [86.605, 74.663], [86.692, 74.622], [86.958, 74.609], [86.903, 74.654], [86.954, 74.684], [86.762, 74.704], [86.914, 74.758], [87.064, 74.725], [87.061, 74.84], [87.386, 74.944], [87.173, 74.985], [87.426, 75.006], [87.48, 74.987], [87.445, 74.953], [87.574, 74.93], [87.564, 74.965], [87.79, 75.026], [86.899, 75.088], [87.025, 75.164], [87.953, 75.1], [88.307, 75.176], [88.371, 75.255], [88.626, 75.267], [88.55, 75.314], [88.612, 75.344], [89.085, 75.403], [88.757, 75.417], [89.132, 75.453], [89.246, 75.507], [89.395, 75.449], [89.704, 75.444], [89.613, 75.492], [90.058, 75.52], [89.915, 75.561], [89.954, 75.578], [90.887, 75.671], [90.978, 75.62], [91.128, 75.666], [91.58, 75.638], [91.7, 75.736], [92.371, 75.74], [93.55, 75.853], [94.163, 75.944], [93.74, 75.9], [93.546, 75.953], [93.419, 75.873], [93.258, 75.952], [93.32, 75.972], [93.277, 75.982], [92.964, 75.931], [93.108, 75.911], [93.007, 75.887], [92.888, 75.896], [92.827, 75.965], [92.929, 75.993], [92.952, 76.067], [93.101, 76.024], [93.231, 76.054], [93.121, 76.096], [93.43, 76.107], [93.334, 76.068], [93.427, 76.012], [93.999, 76.054], [93.636, 76.123], [93.686, 76.132], [94.374, 76.121], [94.459, 76.052], [94.739, 76.116], [94.54, 76.15], [94.573, 76.16], [95.055, 76.112], [95.39, 76.164], [96.196, 76.088], [96.038, 76.081], [95.993, 76.062], [96.075, 76.047], [95.979, 76.034], [96.005, 75.993], [95.575, 75.889], [95.74, 75.856], [95.937, 75.949], [96.342, 75.972], [96.266, 75.993], [96.301, 75.999], [96.519, 76.016], [96.548, 76.006], [96.5, 75.978], [96.665, 75.965], [96.461, 75.872], [96.835, 75.889], [97.251, 76.043], [97.397, 76.047], [97.199, 75.993], [97.247, 75.958], [97.185, 75.931], [97.312, 75.935], [97.394, 75.989], [97.824, 75.988], [97.701, 76.052], [97.548, 76.054], [97.712, 76.096], [97.913, 76.059], [98.161, 76.091], [98.22, 76.103], [97.918, 76.123], [98.816, 76.267], [98.713, 76.205], [99.235, 76.224], [99.296, 76.205], [99.09, 76.164], [99.214, 76.13], [99.574, 76.155], [99.6, 76.131], [99.468, 76.109], [99.755, 76.049], [99.682, 75.966], [99.679, 75.876], [99.424, 75.793], [99.571, 75.78], [99.902, 75.927], [99.825, 76.024], [99.866, 76.108], [99.643, 76.196], [99.591, 76.272], [99.02, 76.362], [99.02, 76.399], [98.818, 76.494], [100.304, 76.462], [100.851, 76.54], [101.057, 76.486], [101.016, 76.459], [101.316, 76.484], [102.25, 76.383], [100.878, 76.555], [101.105, 76.616], [101.126, 76.733], [101.235, 76.767], [100.981, 76.787], [100.858, 76.873], [100.919, 76.976], [101.206, 76.986], [101.238, 77.051], [101.166, 77.061], [101.207, 77.099], [102.043, 77.381], [102.271, 77.381], [103.197, 77.659], [103.593, 77.632], [104.061, 77.736], [104.326, 77.73], [104.257, 77.685], [104.324, 77.669], [104.752, 77.706], [104.867, 77.613], [105.334, 77.541], [105.874, 77.569], [105.833, 77.541], [105.977, 77.425], [106.292, 77.37], [105.758, 77.369], [105.435, 77.274], [105.538, 77.267], [105.456, 77.24], [104.142, 77.089], [104.772, 77.122], [105.341, 77.089], [105.928, 77.144], [105.737, 77.061], [105.785, 77.041], [105.435, 77.0], [105.895, 76.995], [106.206, 77.062], [106.755, 77.001], [106.649, 77.034], [106.83, 77.055], [107.003, 77.003], [107.286, 77.021], [107.238, 77.006], [107.5, 76.925], [107.266, 76.891], [107.355, 76.869], [107.225, 76.858], [107.19, 76.842], [107.286, 76.836], [107.19, 76.801], [107.08, 76.808], [106.926, 76.713], [106.724, 76.719], [106.799, 76.675], [106.612, 76.56], [106.397, 76.604], [106.367, 76.575], [106.417, 76.509], [106.82, 76.469], [107.27, 76.535], [107.845, 76.535], [107.985, 76.623], [107.902, 76.671], [107.946, 76.737], [108.32, 76.725], [108.286, 76.705], [109.398, 76.76], [110.061, 76.692], [110.359, 76.756], [110.705, 76.727], [111.09, 76.762], [111.137, 76.747], [111.069, 76.719], [111.119, 76.682], [111.555, 76.684], [111.446, 76.63], [111.826, 76.596], [112.199, 76.472], [111.829, 76.341], [112.257, 76.454], [112.748, 76.335], [112.658, 76.322], [112.74, 76.267], [112.693, 76.232], [112.501, 76.239], [112.858, 76.144], [112.761, 76.075], [112.57, 76.047], [112.962, 76.065], [113.042, 76.116], [112.987, 76.144], [113.059, 76.164], [113.303, 76.116], [113.256, 76.159], [113.289, 76.171], [112.932, 76.26], [113.259, 76.266], [113.296, 76.246], [113.241, 76.205], [113.359, 76.211], [113.46, 76.148], [113.453, 76.041], [113.549, 76.021], [113.501, 75.986], [113.556, 75.972], [113.532, 75.954], [113.44, 75.944], [113.563, 75.896], [113.481, 75.856], [113.781, 75.939], [113.89, 75.854], [113.72, 75.671], [113.72, 75.619], [113.556, 75.54], [113.43237037037031, 75.54], [113.638, 75.524], [113.72, 75.41], [113.549, 75.406], [113.671, 75.369], [113.605, 75.285], [112.88, 74.993], [112.147, 74.878], [112.056, 74.789], [111.772, 74.669], [111.403, 74.691], [110.986, 74.594], [111.052, 74.579], [110.96, 74.548], [110.557, 74.481], [110.332, 74.496], [110.281, 74.478], [110.39, 74.451], [110.363, 74.418], [110.212, 74.372], [109.561, 74.314], [109.98, 74.296], [109.797, 74.162], [108.996, 74.016], [108.551, 73.812], [108.438, 73.82], [108.492, 73.773], [108.067, 73.635], [108.094, 73.663], [108.037, 73.677], [107.749, 73.612], [107.147, 73.618], [107.101, 73.574], [107.17, 73.553], [106.882, 73.444], [106.785, 73.341], [106.232, 73.323], [106.063, 73.273], [106.009, 73.155], [105.874, 73.115], [105.834, 73.002], [105.651, 72.911], [105.29, 72.8], [105.067, 72.786], [105.483, 72.768], [106.036, 72.953], [106.657, 72.832], [107.103, 72.856], [106.255, 72.967], [106.176, 73.094], [106.36, 73.194], [106.776, 73.141], [107.036, 73.182], [107.722, 73.169], [108.092, 73.246], [108.317, 73.222], [108.396, 73.258], [108.198, 73.279], [109.221, 73.387], [109.255, 73.42], [109.209, 73.469], [109.435, 73.427], [109.18, 73.51], [109.194, 73.552], [109.512, 73.458], [109.714, 73.453], [110.104, 73.516], [110.157, 73.546], [110.089, 73.56], [110.124, 73.58], [110.425, 73.607], [110.471, 73.649], [110.932, 73.688], [111.123, 73.62], [111.019, 73.569], [110.827, 73.563], [110.538, 73.406], [110.158, 73.395], [110.536, 73.317], [110.593, 73.263], [110.397, 73.194], [110.77, 73.171], [110.901, 73.05], [110.754, 72.999], [110.837, 72.945], [110.627, 72.895], [110.695, 72.826], [110.609, 72.786], [110.702, 72.65], [111.295, 72.503], [111.057, 72.381], [111.555, 72.316], [111.647, 72.27], [111.618, 72.213], [111.714, 72.206], [111.764, 72.144], [111.996, 72.133], [112.0, 71.408], [112.709, 71.243], [112.519, 71.162], [112.556, 71.097], [112.249, 71.003], [112.076, 71.061], [111.98, 70.989], [111.522, 70.939], [111.335, 70.855], [110.539, 70.801], [110.474, 70.716], [110.103, 70.632], [110.135, 70.56], [110.064, 70.549], [110.111, 70.482], [110.263, 70.427], [109.602, 70.378], [109.535, 70.264], [109.282, 70.212], [109.352, 70.073], [109.509, 70.033], [109.385, 69.929], [109.415, 69.892], [109.367, 69.844], [109.237, 69.776], [108.941, 69.789], [108.871, 69.84], [108.291, 69.857], [108.054, 69.78], [108.015, 69.708], [107.925, 69.681], [106.839, 69.518], [106.59, 69.519], [106.455, 69.571], [106.14, 69.416], [106.89, 68.86], [106.894, 68.109], [106.802, 67.348], [106.667, 67.245], [106.492, 67.284], [106.055, 67.167], [105.993, 67.078], [105.894, 67.044], [105.54, 67.023], [105.687, 66.939], [106.057, 66.896], [106.009, 66.792], [106.184, 66.801], [106.143, 66.74], [106.254, 66.697], [106.244, 66.592], [106.322, 66.479], [106.103, 66.378], [106.117, 66.199], [106.342, 66.152], [106.471, 66.007], [106.482, 65.855], [106.42, 65.671], [106.958, 65.502], [106.829, 65.375], [106.624, 65.393], [106.443, 65.308], [106.426, 65.266], [106.498, 65.205], [106.393, 65.211], [105.99, 65.033], [106.22, 64.857], [105.951, 64.894], [106.007, 64.819], [105.853, 64.797], [105.83, 64.742], [105.875, 64.659], [105.711, 64.664], [105.723, 64.582], [105.806, 64.48], [106.028, 64.514], [106.132, 64.481], [106.067, 64.427], [106.134, 64.404], [106.584, 64.445], [106.567, 64.496], [106.605, 64.513], [106.735, 64.419], [107.222, 64.33], [107.328, 64.249], [107.607, 64.294], [107.968, 64.17], [108.027, 64.224], [108.161, 64.238], [108.32, 64.039], [108.252, 63.992], [107.68, 63.989], [107.55, 63.857], [107.372, 63.866], [107.29, 63.95], [107.19, 63.955], [107.071, 63.887], [106.71, 63.987], [106.681, 63.925], [106.793, 63.842], [106.629, 63.697], [106.686, 63.62], [106.51, 63.495], [106.731, 63.367], [106.673, 63.298], [106.438, 63.32], [106.365, 63.263], [106.362, 63.221], [106.425, 63.197], [106.403, 63.113], [106.123, 63.06], [106.218, 62.897], [106.443, 62.843], [106.525, 62.747], [106.504, 62.675], [106.797, 62.602], [106.669, 62.549], [106.703, 62.474], [106.533, 62.377], [106.428, 62.383], [106.478, 62.324], [106.327, 62.266], [106.446, 62.235], [106.375, 62.103], [106.407, 62.035], [106.209, 62.0], [105.902, 61.835], [105.947, 61.689], [105.809, 61.622], [105.696, 61.645], [105.367, 61.53], [105.272, 61.425], [104.789, 61.348], [104.926, 61.319], [105.007, 61.182], [104.837, 61.176], [104.615, 61.074], [104.635, 61.036], [104.565, 60.945], [104.629, 60.89], [104.463, 60.844], [104.596, 60.753], [104.522, 60.639], [104.665, 60.403], [104.889, 60.302], [105.297, 60.298], [105.479, 60.249], [105.424, 60.11], [105.489, 60.001], [105.433, 59.896], [105.491, 59.845], [105.024, 59.835], [105.012, 59.77], [104.799, 59.691], [104.863, 59.543], [104.978, 59.464], [105.172, 59.474], [105.225, 59.429], [105.241, 59.353], [105.191, 59.308], [105.294, 59.26], [105.347, 59.092], [105.145, 59.045], [104.798, 58.863], [104.76, 58.814], [104.872, 58.719], [104.794, 58.669], [104.458, 58.602], [104.393, 58.704], [104.22, 58.758], [103.869, 58.735], [103.952, 58.785], [103.901, 58.897], [103.604, 58.913], [103.549, 58.978], [103.375, 59.034], [103.246, 59.18], [103.24, 59.227], [103.335, 59.229], [103.324, 59.26], [103.083, 59.264], [103.011, 59.318], [102.831, 59.215], [102.522, 59.186], [102.406, 59.073], [102.439, 58.944], [102.537, 58.897], [102.565, 58.797], [102.513, 58.721], [102.318, 58.647], [102.186, 58.523], [101.701, 58.424], [101.531, 58.225], [101.298, 58.219], [101.118, 58.119], [101.154, 58.017], [101.03, 57.898], [100.813, 57.884], [100.885, 57.77], [100.801, 57.673], [100.952, 57.561], [100.958, 57.498], [100.749, 57.403], [100.405, 57.55], [100.331, 57.689], [100.365, 57.732], [100.129, 57.867], [100.043, 58.079], [99.703, 58.086], [99.498, 57.929], [99.422, 57.799], [98.962, 57.723], [98.745, 57.793], [97.934, 57.811], [97.349, 57.048], [97.482, 56.966], [97.62, 56.954], [97.485, 56.893], [97.486, 56.811], [97.775, 56.78], [97.751, 56.56], [97.877, 56.545], [97.878, 56.411], [97.568, 56.383], [97.58, 56.195], [97.44, 56.147], [97.352, 56.051], [97.125, 56.102], [96.986, 56.018], [96.96, 55.861], [96.768, 55.769], [96.818, 55.701], [96.753, 55.651], [96.855, 55.594], [96.82, 55.558], [96.843, 55.441], [96.918, 55.33], [96.707, 55.259], [96.682, 55.078], [96.585, 55.023], [96.714, 54.919], [96.565, 54.697], [96.573, 54.518], [96.065, 54.573], [95.922, 54.4], [95.797, 54.418], [95.667, 54.335], [95.671, 54.239], [96.055, 54.088], [96.059, 53.994], [96.505, 53.684], [96.684, 53.639], [96.658, 53.556], [96.444, 53.511], [96.355, 53.561], [96.372, 53.599], [96.288, 53.581], [96.252, 53.616], [96.092, 53.451], [95.757, 53.52], [95.396, 53.372], [95.26, 53.456], [95.053, 53.377], [94.74, 53.383], [94.586, 53.307], [94.701, 53.238], [94.604, 53.176], [94.604, 53.049], [94.512, 52.911], [94.305, 52.904], [94.149, 52.842], [94.071, 52.667], [93.765, 52.439], [93.766, 52.366], [93.667, 52.216], [93.36, 52.129], [93.075, 51.945], [92.901, 51.895], [92.86, 51.836], [92.673, 51.84], [92.505, 51.781], [91.987, 51.794], [91.884, 51.856], [91.543, 51.901], [91.239, 51.882], [91.101, 51.943], [90.849, 51.908], [90.736, 52.069], [90.477, 52.183], [90.7, 52.458], [91.396, 52.868], [91.351, 53.077], [91.66, 53.158], [91.841, 53.288], [91.846, 53.352], [91.744, 53.447], [91.47, 53.514], [91.327, 53.817], [91.465, 53.966], [91.464, 54.057], [91.252, 54.275], [91.159, 54.488], [90.855, 54.627], [90.915, 54.791], [90.84, 54.839], [90.715, 54.831], [90.685, 54.905], [90.458, 54.871], [90.483, 54.928], [90.436, 55.016], [90.229, 55.066], [90.196, 55.151], [89.658, 55.003], [89.567, 55.058], [89.447, 55.039], [89.392, 54.974], [89.201, 54.99], [89.147, 55.076], [89.038, 55.084], [89.067, 55.132], [88.966, 55.185], [88.95, 55.289], [88.609, 55.446], [88.878, 55.621], [89.37, 55.775], [89.382, 55.833], [89.449, 55.862], [89.311, 55.914], [89.243, 56.044], [89.272, 56.069], [89.056, 56.21], [89.057, 56.302], [88.905, 56.312], [88.915, 56.346], [88.592, 56.444], [88.618, 56.529], [88.503, 56.59], [88.51, 56.625], [88.676, 56.642], [88.741, 56.714], [88.652, 56.742], [88.624, 56.833], [88.722, 57.086], [88.526, 57.122], [88.733, 57.227], [88.872, 57.444], [89.071, 57.51], [89.147, 57.614], [89.38, 57.637], [89.377, 57.917], [88.851, 57.961], [88.687, 58.037], [88.13, 58.114], [88.018, 58.243], [87.918, 58.5], [88.392, 58.914], [88.827, 59.024], [88.608, 59.215], [88.621, 59.293], [87.911, 59.268], [87.522, 59.667], [87.191, 59.69], [87.084, 59.883], [86.625, 59.95], [85.968, 59.956], [85.496, 59.892], [84.692, 59.905], [84.531, 59.975], [84.606, 60.046], [84.632, 60.206], [84.784, 60.371], [84.26, 60.856], [84.623, 61.0], [85.671, 61.289], [85.702, 61.306], [85.644, 61.388], [85.968, 61.475], [85.963, 61.545], [85.854, 61.595], [85.722, 61.575], [85.48, 61.628], [85.376, 61.701], [85.273, 61.683], [85.001, 61.785], [84.69, 61.81], [84.523, 61.93], [84.553, 61.999], [84.436, 62.178], [84.872, 62.459], [84.894, 62.541], [85.09, 62.638], [85.225, 62.801], [85.518, 62.933], [85.496, 62.986], [85.586, 63.074], [85.469, 63.149], [85.531, 63.263], [85.672, 63.36], [85.419, 63.349], [85.365, 63.405], [85.378, 63.467], [85.299, 63.517], [85.097, 63.534], [85.032, 63.586], [85.269, 63.651], [85.373, 63.808], [85.534, 63.937], [85.963, 64.066], [85.934, 64.123], [86.03, 64.275], [85.842, 64.459], [85.916, 64.588], [85.81, 64.648], [85.859, 64.756], [85.559, 64.83], [85.149, 64.752], [85.093, 64.811], [84.939, 64.823], [84.967, 64.899], [84.92, 64.928], [84.292, 64.903], [84.279, 64.94], [84.389, 65.008], [84.313, 65.098], [84.584, 65.291], [84.507, 65.395], [84.55, 65.433], [84.498, 65.504], [84.196, 65.595], [84.297, 65.617], [84.319, 65.684], [84.168, 65.703], [84.031, 65.793], [83.592, 65.775], [83.518, 65.822], [83.521, 65.908], [83.293, 66.066], [83.535, 66.193], [83.091, 66.459], [83.089, 66.61], [83.297, 66.673], [83.187, 66.747], [83.162, 66.818], [82.117, 67.244], [82.358, 67.331], [82.251, 67.419], [82.374, 67.481], [82.389, 67.534], [82.11, 67.609], [82.049, 67.655], [82.112, 67.686], [82.1, 67.724], [81.895, 67.789], [81.726, 67.924], [82.365, 67.946], [82.395, 68.177], [82.533, 68.17], [82.574, 68.255], [82.703, 68.298], [82.679, 68.492], [82.469, 68.577], [83.039, 68.667], [82.803, 68.742], [82.787, 68.795], [82.552, 68.827], [82.493, 68.987], [82.329, 69.046], [82.494, 69.105], [82.453, 69.162], [81.841, 69.196], [81.761, 69.252], [81.929, 69.349], [81.685, 69.447], [81.626, 69.415], [81.636, 69.306], [81.571, 69.273], [81.324, 69.286], [80.967, 69.209], [80.734, 69.308], [79.865, 69.349], [79.814, 69.423], [79.65, 69.484], [79.491, 69.654], [79.012, 69.703], [79.13, 69.739], [78.88, 69.88], [79.172, 69.963], [79.134, 70.008], [79.193, 70.01], [79.197, 70.05], [79.355, 70.05], [79.333, 70.148], [79.496, 70.112], [79.717, 70.28], [79.88, 70.278], [80.095, 70.353], [80.095, 70.395], [80.183, 70.393], [80.181, 70.434], [80.569, 70.461], [80.722, 70.391], [80.796, 70.434], [80.61, 70.501], [80.757, 70.656], [80.593, 70.722], [80.686, 70.801], [80.565, 70.86], [80.538, 71.059], [79.954, 71.134], [79.565, 71.277], [79.227, 71.321], [79.143, 71.415], [79.358, 71.494], [79.389, 71.543], [79.338, 71.598], [79.371, 71.612], [79.868, 71.602], [80.102, 71.665], [80.076, 71.765], [80.119, 71.779], [80.036, 71.831], [80.344, 71.885], [79.695, 72.058], [79.436, 72.04], [78.914, 72.116], [78.61, 72.208], [78.665, 72.22], [78.656, 72.258], [78.445, 72.354], [78.498, 72.408], [79.391, 72.386], [80.01, 72.208], [80.835, 72.083], [80.821, 72.025], [80.732, 72.045], [80.814, 72.08]], [[112.871, 75.711], [112.748, 75.698], [112.878, 75.647], [112.789, 75.589], [112.814, 75.557], [113.035, 75.553], [112.993, 75.61], [113.267, 75.651], [113.309, 75.616], [113.255, 75.574], [113.291, 75.551], [113.42672346891585, 75.54043938426304], [113.617, 75.656], [113.068, 75.683], [113.138, 75.711], [112.559, 75.851], [112.337, 75.848], [112.871, 75.711]]], [[[97.603, 78.843], [97.264, 78.853], [96.799, 78.989], [95.673, 79.001], [95.67, 79.069], [95.524, 79.109], [95.018, 79.039], [94.632, 79.127], [94.617, 79.201], [94.334, 79.249], [94.355, 79.316], [94.313, 79.35], [94.362, 79.44], [94.312, 79.479], [94.053, 79.474], [94.081, 79.447], [93.988, 79.427], [93.697, 79.46], [93.991, 79.494], [93.69, 79.542], [93.882, 79.604], [93.721, 79.595], [93.443, 79.501], [93.539, 79.487], [93.236, 79.439], [93.114, 79.467], [93.32, 79.501], [92.854, 79.556], [93.28, 79.552], [94.169, 79.775], [94.69, 79.816], [94.225, 79.899], [94.382, 79.933], [94.321, 79.967], [94.351, 79.977], [94.75, 80.007], [94.952, 80.104], [95.242, 80.022], [95.502, 80.111], [96.174, 80.091], [97.592, 80.175], [98.09, 80.056], [97.848, 79.997], [97.768, 79.946], [97.814, 79.916], [97.521, 79.809], [97.609, 79.777], [97.192, 79.707], [97.247, 79.7], [97.706, 79.763], [97.723, 79.805], [97.918, 79.857], [97.884, 79.877], [97.926, 79.902], [98.377, 79.878], [98.582, 79.976], [98.439, 80.015], [98.515, 80.052], [99.199, 80.05], [99.248, 80.036], [99.158, 80.015], [99.563, 79.967], [99.502, 79.953], [99.803, 79.906], [100.077, 79.783], [99.817, 79.742], [99.886, 79.693], [99.707, 79.569], [99.789, 79.522], [99.686, 79.474], [99.734, 79.42], [99.696, 79.388], [99.748, 79.364], [99.667, 79.312], [99.46, 79.248], [99.035, 79.296], [99.611, 79.159], [99.488, 79.145], [99.527, 79.124], [99.855, 79.09], [99.863, 79.024], [99.947, 78.97], [99.406, 78.822], [98.327, 78.785], [98.083, 78.824], [97.442, 78.817], [97.404, 78.83], [97.603, 78.843]]], [[[97.209, 80.431], [97.206, 80.356], [97.423, 80.327], [97.188, 80.234], [94.53, 80.131], [93.75, 79.997], [92.965, 80.111], [92.066, 80.172], [92.195, 80.208], [92.888, 80.172], [92.281, 80.23], [92.107, 80.29], [93.32, 80.276], [93.244, 80.31], [91.422, 80.31], [91.662, 80.385], [92.628, 80.392], [91.888, 80.46], [92.769, 80.517], [92.825, 80.651], [93.27, 80.797], [92.497, 80.776], [92.731, 80.851], [92.677, 80.879], [93.163, 80.947], [93.053, 80.995], [95.547, 81.221], [95.034, 81.249], [95.104, 81.271], [95.777, 81.289], [96.02, 81.234], [95.968, 81.205], [96.135, 81.202], [96.555, 81.077], [96.544, 81.03], [96.733, 81.008], [96.644, 80.988], [96.766, 80.95], [97.411, 80.837], [97.755, 80.829], [97.789, 80.817], [97.747, 80.796], [97.884, 80.769], [97.747, 80.742], [97.973, 80.721], [97.131, 80.666], [97.192, 80.645], [97.047, 80.584], [97.021, 80.526], [97.149, 80.487], [97.209, 80.431]]], [[[102.681, 78.213], [102.607, 78.226], [101.21, 78.194], [100.037, 77.962], [99.515, 77.944], [99.371, 77.96], [99.426, 77.987], [99.268, 78.042], [99.426, 78.076], [99.543, 78.18], [99.755, 78.265], [100.05, 78.343], [100.001, 78.418], [100.276, 78.58], [100.255, 78.665], [100.385, 78.752], [100.602, 78.798], [101.166, 78.761], [100.824, 78.809], [100.785, 78.895], [100.907, 78.985], [101.07, 79.035], [101.592, 78.977], [101.626, 78.987], [100.988, 79.063], [101.043, 79.133], [101.196, 79.147], [101.126, 79.165], [101.194, 79.203], [101.557, 79.254], [101.544, 79.341], [101.818, 79.371], [101.961, 79.261], [102.246, 79.242], [102.14, 79.357], [102.303, 79.433], [102.894, 79.381], [103.153, 79.31], [102.825, 79.227], [102.86, 79.22], [102.743, 79.159], [102.798, 79.138], [102.674, 79.077], [102.691, 79.032], [102.379, 78.822], [102.666, 78.892], [102.921, 79.058], [103.144, 79.058], [103.573, 79.17], [103.808, 79.154], [104.001, 79.128], [104.023, 79.097], [103.976, 79.063], [104.073, 79.005], [104.455, 78.967], [104.525, 78.885], [104.367, 78.857], [104.655, 78.83], [104.579, 78.775], [104.725, 78.791], [104.759, 78.853], [105.175, 78.809], [105.344, 78.642], [105.334, 78.605], [105.416, 78.583], [105.357, 78.506], [104.787, 78.336], [104.353, 78.341], [103.713, 78.256], [103.016, 78.256], [102.66, 78.164], [102.681, 78.213]]], [[[92.353, 79.734], [92.099, 79.81], [91.073, 79.851], [91.299, 79.919], [91.018, 79.967], [91.182, 79.995], [91.114, 80.049], [90.867, 80.063], [92.424, 80.031], [93.814, 79.899], [93.67, 79.832], [92.625, 79.673], [91.922, 79.679], [91.97, 79.693], [91.916, 79.707], [91.945, 79.716], [92.353, 79.734]]], [[[110.021, 74.014], [110.581, 73.991], [110.959, 73.909], [111.103, 73.95], [111.076, 73.998], [111.159, 74.037], [111.582, 74.026], [111.223, 73.993], [111.281, 73.86], [110.878, 73.768], [110.664, 73.787], [110.287, 73.706], [109.752, 73.683], [109.787, 73.669], [109.613, 73.708], [109.536, 73.821], [109.82, 73.877], [109.887, 73.961], [110.021, 74.014]]], [[[79.537, 72.726], [78.883, 72.747], [78.585, 72.842], [79.173, 73.101], [79.56, 72.908], [79.491, 72.908], [79.572, 72.741], [79.537, 72.726]]], [[[91.333, 81.081], [89.996, 81.105], [89.894, 81.174], [90.072, 81.215], [91.455, 81.193], [91.574, 81.136], [91.333, 81.081]]], [[[79.128, 80.807], [78.975, 80.843], [79.211, 80.961], [80.437, 80.94], [80.326, 80.861], [79.128, 80.807]]], [[[96.589, 77.144], [96.235, 76.99], [95.684, 76.952], [95.951, 77.014], [95.232, 77.006], [96.462, 77.21], [96.589, 77.144]]], [[[96.424, 76.212], [96.246, 76.205], [96.396, 76.178], [96.321, 76.136], [96.345, 76.105], [96.181, 76.155], [95.266, 76.219], [95.35, 76.289], [95.57, 76.238], [95.812, 76.303], [96.068, 76.28], [96.104, 76.232], [96.283, 76.309], [96.644, 76.267], [96.578, 76.195], [96.596, 76.157], [96.52, 76.191], [96.562, 76.232], [96.363, 76.264], [96.424, 76.212]]], [[[76.14, 79.639], [76.269, 79.604], [76.482, 79.644], [77.614, 79.522], [76.641, 79.487], [76.699, 79.518], [76.174, 79.569], [76.051, 79.649], [76.224, 79.657], [76.277, 79.645], [76.14, 79.639]]], [[[81.688, 75.277], [81.492, 75.362], [81.752, 75.463], [81.793, 75.465], [81.739, 75.383], [81.94, 75.394], [81.869, 75.444], [81.951, 75.465], [81.897, 75.492], [82.171, 75.52], [82.13, 75.457], [82.165, 75.438], [82.013, 75.444], [82.204, 75.415], [82.294, 75.334], [82.041, 75.338], [82.045, 75.256], [81.985, 75.177], [81.907, 75.208], [81.871, 75.316], [81.712, 75.314], [81.688, 75.277]]], [[[86.598, 74.917], [86.501, 74.931], [86.524, 74.987], [86.619, 74.951], [87.029, 74.992], [87.139, 74.937], [86.994, 74.884], [86.687, 74.896], [86.947, 74.841], [86.872, 74.82], [86.32, 74.851], [86.213, 74.903], [86.598, 74.917]]], [[[89.493, 77.141], [89.135, 77.218], [89.304, 77.308], [89.604, 77.313], [89.817, 77.211], [89.747, 77.164], [89.493, 77.141]]], [[[107.391, 78.102], [106.395, 78.131], [107.338, 78.191], [107.704, 78.137], [107.574, 78.068], [107.391, 78.102]]], [[[83.147, 70.65], [83.257, 70.801], [83.469, 70.738], [83.305, 70.645], [83.259, 70.549], [83.31, 70.443], [83.065, 70.365], [83.132, 70.434], [83.147, 70.65]]], [[[112.508, 76.541], [112.714, 76.52], [112.576, 76.5], [112.601, 76.445], [112.463, 76.455], [112.31, 76.534], [111.959, 76.602], [112.021, 76.61], [111.985, 76.618], [112.272, 76.616], [112.367, 76.658], [112.528, 76.623], [112.487, 76.602], [112.57, 76.555], [112.508, 76.541]]], [[[83.62, 74.091], [83.396, 74.075], [83.466, 74.047], [83.392, 74.036], [82.814, 74.094], [83.18, 74.155], [83.62, 74.091]]], [[[106.621, 78.286], [106.194, 78.193], [105.991, 78.219], [106.069, 78.271], [106.338, 78.266], [106.47, 78.343], [106.766, 78.308], [106.733, 78.266], [106.621, 78.286]]], [[[85.803, 74.574], [85.939, 74.582], [86.202, 74.534], [86.113, 74.487], [85.968, 74.512], [86.009, 74.492], [85.858, 74.444], [85.658, 74.471], [85.803, 74.574]]], [[[89.019, 77.013], [88.816, 76.985], [88.664, 77.08], [88.786, 77.124], [89.136, 77.127], [88.969, 77.039], [89.019, 77.013]]], [[[107.73, 77.337], [107.72, 77.277], [107.345, 77.233], [107.205, 77.234], [107.457, 77.281], [107.28, 77.302], [107.395, 77.36], [107.73, 77.337]]], [[[85.501, 74.465], [85.248, 74.476], [85.148, 74.537], [85.237, 74.575], [85.645, 74.546], [85.495, 74.499], [85.501, 74.465]]], [[[82.259, 75.972], [82.657, 75.999], [83.297, 75.943], [82.316, 75.947], [82.259, 75.972]]], [[[79.614, 74.602], [79.532, 74.526], [79.191, 74.588], [79.149, 74.608], [79.317, 74.591], [79.183, 74.629], [79.244, 74.659], [79.614, 74.602]]], [[[95.89, 76.651], [96.468, 76.708], [96.253, 76.616], [95.944, 76.61], [95.89, 76.651]]], [[[96.787, 76.212], [96.93, 76.262], [97.041, 76.239], [96.761, 76.176], [96.726, 76.26], [96.877, 76.322], [96.854, 76.356], [97.075, 76.308], [96.86, 76.272], [96.787, 76.212]]], [[[83.912, 73.994], [83.885, 74.019], [84.418, 74.04], [84.328, 74.013], [84.418, 73.97], [83.912, 73.994]]], [[[85.097, 74.756], [85.635, 74.803], [85.706, 74.731], [85.097, 74.756]]], [[[106.701, 77.384], [106.525, 77.39], [106.56, 77.438], [106.73, 77.47], [106.943, 77.459], [106.701, 77.384]]], [[[96.699, 75.996], [97.335, 76.109], [97.047, 76.006], [96.748, 75.981], [96.699, 75.996]]], [[[82.318, 74.117], [82.568, 74.163], [82.74, 74.101], [82.353, 74.081], [82.318, 74.117]]], [[[86.906, 73.704], [86.762, 73.604], [86.399, 73.594], [86.906, 73.704]]], [[[100.31, 79.666], [99.906, 79.604], [99.983, 79.698], [100.31, 79.666]]], [[[95.327, 76.664], [94.818, 76.654], [95.122, 76.719], [95.327, 76.664]]], [[[94.855, 76.239], [94.904, 76.212], [94.781, 76.181], [94.41, 76.212], [94.779, 76.211], [94.745, 76.26], [94.999, 76.273], [94.855, 76.239]]], [[[84.542, 74.457], [84.768, 74.41], [84.387, 74.458], [84.592, 74.499], [84.935, 74.482], [84.542, 74.457]]], [[[97.596, 76.602], [97.315, 76.61], [97.387, 76.654], [97.288, 76.692], [97.446, 76.715], [97.485, 76.63], [97.596, 76.602]]], [[[97.161, 76.754], [97.639, 76.773], [97.648, 76.749], [97.46, 76.718], [97.161, 76.754]]], [[[91.785, 79.42], [92.471, 79.433], [92.272, 79.405], [92.305, 79.392], [91.785, 79.42]]], [[[95.835, 76.692], [95.529, 76.649], [95.417, 76.705], [95.835, 76.692]]], [[[93.994, 79.965], [93.93, 79.974], [93.984, 80.015], [94.328, 80.029], [93.994, 79.965]]], [[[93.921, 78.157], [93.629, 78.157], [93.6, 78.188], [93.793, 78.203], [93.921, 78.157]]], [[[113.264, 76.444], [113.309, 76.423], [113.262, 76.397], [113.447, 76.369], [113.118, 76.377], [113.264, 76.444]]], [[[92.724, 79.077], [92.517, 79.08], [92.182, 79.131], [92.213, 79.14], [92.724, 79.077]]], [[[96.767, 76.335], [96.685, 76.294], [96.383, 76.335], [96.767, 76.335]]], [[[92.792, 79.383], [92.587, 79.42], [92.991, 79.42], [92.792, 79.383]]], [[[93.944, 76.616], [94.362, 76.575], [93.868, 76.589], [93.944, 76.616]]], [[[95.197, 76.164], [95.102, 76.155], [95.006, 76.178], [95.102, 76.225], [95.197, 76.164]]], [[[82.259, 75.876], [82.223, 75.86], [81.554, 75.931], [82.259, 75.876]]], [[[90.794, 79.564], [91.144, 79.537], [91.531, 79.449], [91.195, 79.515], [90.794, 79.564]]], [[[82.15, 75.095], [82.057, 75.118], [82.027, 75.129], [82.113, 75.159], [82.15, 75.095]]], [[[91.866, 77.629], [92.11, 77.622], [91.911, 77.6], [91.866, 77.629]]], [[[105.912, 77.276], [105.785, 77.281], [106.011, 77.287], [105.912, 77.276]]], [[[106.333, 77.322], [106.457, 77.322], [106.354, 77.307], [106.333, 77.322]]]]}}, {"type": "Feature", "properties": {"name": "razin_1667", "name_ru": "Восстание Степана Разина 1667-1671", "people": "донские казаки, русские, народы Поволжья", "from": "1667-01-01", "to": "1671-01-01", "from_raw": "1667", "to_raw": "1671", "territory": "нижняя Волга, Яик, Прикаспий", "kind": "cossack", "kind_ru": "казацкое выступление", "event": "самое крупное антиправительственное выступление XVII в.: в 1667-1669 гг. Разин подчинил нижнюю Волгу и захватил Яицкий городок, в 1670 г. повстанцы захватили Астрахань и Царицын и двинулись на Москву; программа - отмена крепостного права и казацкое самоуправление", "source": "Атлас російського імперіалізму та колоніалізму (УІФ, 2026), розд. 31, п. 10", "confidence": "высокая", "note": "Астрахань после ухода Разина полтора года жила своим казацким кругом; войска царя вернули город 27.11.1671. К повстанцам массово присоединялись крестьяне, старообрядцы и народы Поволжья; соратница Разина Алёна Арзамасская, вероятно, была эрзянкой", "paint": "cut", "hold_from": "1670-06-24", "hold_to": "1671-11-27", "hold_note": "Астрахань захвачена 24.06.1670 и полтора года управлялась казацким кругом во главе с Василием Усом и Фёдором Шелудяком; царские войска Милославского вернули город 27.11.1671. Полтора года подряд империя нижней Волгой не распоряжалась - на карте это чёрное окно", "geometry_source": "ne:Russia:Astrakhan'|Volgograd|Saratov", "approximate": true}, "geometry": {"type": "MultiPolygon", "coordinates": [[[[47.099, 48.265], [47.104, 48.101], [47.192, 48.072], [47.044, 47.986], [47.159, 47.872], [47.124, 47.808], [47.36, 47.683], [47.412, 47.836], [47.65, 47.766], [48.044, 47.77], [48.174, 47.713], [48.411, 47.446], [48.525, 47.41], [48.697, 47.101], [49.006, 46.769], [48.917, 46.703], [48.764, 46.683], [48.677, 46.758], [48.557, 46.762], [48.455, 46.661], [48.53, 46.638], [48.539, 46.568], [48.918, 46.474], [49.299, 46.252], [49.16, 46.292], [49.15, 46.336], [49.059, 46.252], [49.105, 46.241], [49.115, 46.151], [49.042, 46.196], [48.935, 46.142], [48.932, 46.085], [48.899, 46.148], [48.887, 46.108], [48.839, 46.149], [48.874, 46.078], [48.791, 46.128], [48.818, 46.056], [48.714, 46.13], [48.627, 46.087], [48.729, 46.02], [48.655, 45.957], [48.752, 45.966], [48.791, 45.841], [48.716, 45.814], [48.71, 45.882], [48.573, 45.971], [48.357, 45.869], [48.399, 45.835], [48.289, 45.837], [48.221, 45.765], [48.243, 45.71], [48.079, 45.752], [48.007, 45.701], [47.859, 45.724], [47.818, 45.608], [47.752, 45.691], [47.56, 45.772], [47.626, 45.709], [47.654, 45.559], [47.541, 45.666], [47.433, 45.694], [47.503, 45.717], [47.397, 45.753], [47.428, 45.676], [47.551, 45.628], [47.568, 45.554], [47.365, 45.685], [46.889, 45.578], [47.04, 45.966], [47.174, 46.105], [46.84, 46.076], [46.87, 46.239], [46.493, 46.286], [46.664, 46.429], [46.954, 46.434], [46.939, 46.571], [47.213, 46.742], [47.126, 46.851], [47.0, 46.855], [46.925, 46.974], [46.801, 47.004], [46.516, 47.393], [46.806, 47.578], [46.673, 47.626], [46.388, 47.445], [46.297, 47.437], [46.116, 47.502], [45.925, 47.645], [45.907, 47.71], [45.829, 47.728], [45.713, 47.886], [45.717, 48.033], [45.547, 47.997], [45.405, 48.092], [45.137, 48.112], [44.963, 48.209], [44.83, 48.072], [44.569, 48.057], [44.535, 48.205], [44.319, 48.259], [44.328, 48.064], [44.465, 48.039], [44.389, 47.868], [44.059, 47.9], [43.974, 47.767], [43.705, 47.683], [43.634, 47.57], [43.732, 47.477], [43.226, 47.45], [43.156, 47.495], [43.153, 47.567], [43.081, 47.578], [42.955, 47.51], [42.731, 47.852], [42.509, 48.004], [42.021, 48.037], [42.099, 48.161], [42.049, 48.26], [42.147, 48.287], [42.078, 48.411], [42.277, 48.498], [42.629, 48.548], [42.701, 48.618], [42.653, 48.71], [42.745, 48.805], [42.66, 48.9], [42.663, 48.967], [42.393, 49.053], [42.344, 49.152], [42.071, 49.152], [42.034, 49.261], [42.092, 49.289], [42.072, 49.502], [42.179, 49.686], [41.876, 49.9], [41.617, 49.962], [41.591, 50.051], [41.492, 50.084], [41.362, 50.226], [41.509, 50.392], [41.419, 50.502], [41.526, 50.599], [41.409, 50.619], [41.33, 50.717], [41.166, 50.778], [41.37, 50.831], [41.444, 50.917], [41.737, 51.026], [41.855, 51.189], [41.977, 51.203], [42.283, 51.133], [42.573, 51.169], [42.715, 51.239], [42.904, 51.241], [42.845, 51.317], [42.861, 51.381], [42.53, 51.575], [42.48, 51.677], [42.651, 51.813], [42.703, 51.982], [42.806, 52.012], [42.751, 52.078], [42.752, 52.174], [42.922, 52.305], [42.92, 52.37], [43.003, 52.366], [43.175, 52.462], [43.353, 52.393], [43.772, 52.432], [44.347, 52.316], [44.422, 52.416], [44.537, 52.426], [44.5, 52.521], [44.548, 52.552], [44.849, 52.45], [45.045, 52.321], [45.14, 52.421], [45.431, 52.4], [45.644, 52.519], [45.732, 52.523], [45.726, 52.462], [45.981, 52.407], [46.013, 52.462], [45.975, 52.492], [46.132, 52.547], [46.15, 52.598], [46.276, 52.619], [46.3, 52.676], [46.582, 52.731], [46.615, 52.666], [46.713, 52.628], [46.942, 52.635], [47.062, 52.57], [47.154, 52.607], [47.207, 52.567], [47.435, 52.57], [47.573, 52.616], [47.708, 52.581], [47.843, 52.723], [47.927, 52.668], [48.02, 52.68], [48.085, 52.72], [47.99, 52.748], [48.098, 52.795], [48.345, 52.806], [48.437, 52.78], [48.356, 52.664], [48.691, 52.645], [48.737, 52.559], [48.83, 52.546], [48.891, 52.411], [48.962, 52.487], [49.287, 52.494], [49.353, 52.459], [49.32, 52.39], [49.413, 52.405], [49.499, 52.328], [49.521, 52.394], [49.584, 52.398], [49.65, 52.267], [49.704, 52.29], [49.812, 52.193], [50.006, 52.202], [50.221, 52.13], [50.168, 52.024], [50.331, 52.058], [50.37, 52.005], [50.728, 51.923], [50.717, 51.823], [50.791, 51.597], [50.671, 51.568], [50.694, 51.611], [50.582, 51.635], [50.525, 51.566], [50.527, 51.47], [50.36, 51.413], [50.342, 51.313], [49.987, 51.23], [49.779, 51.102], [49.437, 51.112], [49.347, 50.964], [49.424, 50.882], [49.369, 50.827], [49.144, 50.782], [48.83, 50.596], [48.568, 50.637], [48.673, 50.58], [48.783, 50.111], [48.874, 50.07], [48.886, 50.02], [48.785, 49.933], [48.43, 49.81], [48.239, 49.865], [47.993, 50.182], [47.599, 50.453], [47.306, 50.295], [47.322, 50.237], [47.265, 50.186], [47.329, 50.073], [47.177, 49.947], [46.923, 49.861], [46.775, 49.333], [47.029, 49.201], [47.021, 49.097], [46.754, 48.914], [46.479, 48.411], [47.099, 48.265]]], [[[47.918, 45.57], [47.957, 45.65], [47.997, 45.52], [47.999, 45.451], [47.918, 45.57]]]]}}, {"type": "Feature", "properties": {"name": "solovki_1668", "name_ru": "«Соловецкое сидение» 1668-1676", "people": "русские", "from": "1668-01-01", "to": "1676-01-22", "from_raw": "1668", "to_raw": "1676-01-22", "territory": "Соловецкий монастырь", "kind": "religious", "kind_ru": "религиозное выступление", "event": "самое крупное выступление старообрядцев: осада и захват войсками монастыря, отказавшегося принять церковную реформу", "source": "Атлас російського імперіалізму та колоніалізму (УІФ, 2026), розд. 31, п. 12", "confidence": "высокая", "note": "", "paint": "none", "hold_from": "", "hold_to": "", "hold_note": "", "geometry_source": "ne:Russia:Arkhangel'sk", "approximate": true}, "geometry": {"type": "MultiPolygon", "coordinates": [[[[37.985, 63.946], [38.088, 64.035], [38.046, 64.148], [37.902, 64.24], [38.026, 64.295], [37.909, 64.343], [37.957, 64.364], [37.833, 64.358], [37.749, 64.442], [37.63, 64.377], [37.286, 64.352], [37.122, 64.395], [36.695, 64.708], [36.56, 64.717], [36.504, 64.836], [36.573, 64.83], [36.44, 64.917], [36.631, 64.904], [36.807, 64.959], [36.867, 65.076], [36.82, 65.147], [37.217, 65.14], [37.673, 65.036], [37.795, 64.921], [38.046, 64.854], [38.385, 64.845], [38.403, 64.774], [38.067, 64.781], [38.045, 64.744], [38.126, 64.696], [38.048, 64.646], [38.339, 64.758], [38.473, 64.743], [38.492, 64.768], [38.416, 64.802], [38.448, 64.818], [39.331, 64.64], [39.567, 64.545], [39.924, 64.603], [39.786, 64.597], [39.85, 64.676], [40.182, 64.559], [40.517, 64.541], [40.411, 64.737], [40.517, 64.774], [40.437, 64.809], [40.273, 65.021], [40.114, 65.075], [39.741, 65.357], [39.709, 65.448], [39.749, 65.552], [40.472, 65.813], [40.71, 65.972], [41.343, 66.063], [41.644, 66.173], [42.201, 66.532], [42.661, 66.443], [42.549, 66.385], [43.302, 66.426], [43.367, 66.347], [43.555, 66.324], [43.693, 66.237], [43.288, 66.09], [43.353, 66.041], [43.451, 66.037], [43.515, 65.974], [43.501, 66.053], [43.382, 66.072], [43.48, 66.131], [43.836, 66.186], [44.046, 66.081], [44.041, 65.994], [44.18, 65.864], [44.125, 65.988], [44.159, 66.087], [44.079, 66.207], [44.166, 66.373], [44.303, 66.413], [44.86, 66.236], [45.741, 66.068], [46.347, 66.028], [47.154, 65.816], [47.726, 65.819], [47.764, 65.85], [47.753, 65.941], [48.156, 66.13], [49.006, 66.119], [48.999, 65.24], [49.606, 65.289], [50.063, 64.89], [50.467, 64.792], [50.315, 64.512], [49.595, 64.591], [49.45, 64.463], [48.95, 64.491], [48.84, 64.357], [48.518, 64.356], [48.408, 64.224], [48.196, 64.239], [48.116, 64.348], [46.611, 64.327], [46.323, 64.265], [45.825, 64.284], [45.427, 64.172], [45.884, 63.964], [46.436, 63.888], [46.819, 63.747], [47.021, 63.559], [46.947, 63.342], [47.091, 63.246], [47.555, 63.148], [47.516, 63.037], [47.436, 62.973], [47.083, 62.84], [47.238, 62.636], [47.235, 62.351], [47.386, 62.32], [47.413, 62.193], [47.621, 62.185], [47.65, 62.297], [47.751, 62.322], [48.291, 62.322], [48.302, 62.403], [48.235, 62.464], [48.366, 62.729], [48.657, 62.707], [48.714, 62.816], [48.875, 62.829], [49.609, 62.77], [49.369, 62.149], [49.216, 62.097], [49.052, 61.691], [49.461, 61.586], [49.314, 61.188], [48.509, 61.048], [48.446, 60.984], [48.419, 60.854], [47.984, 60.896], [47.958, 61.007], [47.568, 61.059], [47.196, 61.048], [47.073, 60.86], [46.947, 60.857], [46.762, 60.902], [46.746, 60.983], [46.582, 61.0], [46.509, 61.064], [46.285, 60.968], [45.878, 61.016], [45.767, 61.055], [45.787, 61.167], [45.379, 61.205], [45.332, 61.189], [45.229, 60.904], [44.206, 60.972], [44.158, 60.995], [44.167, 61.08], [44.053, 61.079], [43.776, 61.021], [43.747, 60.895], [43.525, 60.847], [43.511, 60.767], [43.15, 60.806], [42.98, 60.737], [42.823, 60.855], [42.65, 60.863], [42.558, 60.832], [42.551, 60.783], [42.395, 60.769], [41.947, 60.835], [41.923, 60.917], [41.719, 60.84], [41.536, 60.9], [41.394, 60.858], [41.412, 60.791], [41.343, 60.646], [41.059, 60.65], [40.8, 60.717], [40.746, 60.78], [40.555, 60.72], [40.408, 60.784], [40.351, 60.708], [39.954, 60.65], [39.637, 60.746], [39.359, 60.682], [39.177, 60.714], [39.191, 60.653], [38.957, 60.807], [38.811, 60.718], [38.661, 60.711], [38.586, 60.797], [38.421, 60.811], [38.372, 60.951], [38.329, 60.91], [38.213, 60.924], [38.145, 61.073], [38.179, 61.126], [37.969, 61.144], [37.973, 61.205], [37.857, 61.285], [37.762, 61.648], [37.882, 61.718], [37.929, 61.962], [37.808, 61.998], [37.729, 62.2], [37.429, 62.213], [37.569, 62.354], [37.59, 62.454], [37.505, 62.645], [37.352, 62.684], [37.098, 62.652], [36.76, 62.718], [36.501, 62.826], [36.259, 63.032], [36.315, 63.156], [36.412, 63.206], [36.262, 63.236], [36.22, 63.416], [36.028, 63.474], [35.857, 63.599], [36.45, 63.666], [36.557, 63.77], [36.523, 63.971], [37.194, 63.891], [37.279, 63.822], [37.438, 63.792], [37.608, 63.816], [37.657, 63.899], [37.985, 63.946]]], [[[56.678, 74.949], [56.295, 74.965], [56.466, 75.013], [56.421, 75.037], [55.903, 74.991], [55.865, 75.004], [55.946, 75.074], [55.726, 75.081], [55.808, 75.157], [56.071, 75.219], [56.234, 75.198], [56.137, 75.157], [56.174, 75.15], [56.371, 75.188], [56.453, 75.119], [56.446, 75.067], [56.53, 75.078], [56.907, 75.24], [56.892, 75.28], [56.733, 75.297], [56.758, 75.318], [57.046, 75.398], [57.741, 75.328], [57.64, 75.439], [57.501, 75.499], [58.165, 75.578], [58.196, 75.603], [58.147, 75.629], [57.926, 75.629], [58.019, 75.681], [58.605, 75.733], [58.536, 75.76], [58.931, 75.868], [60.348, 76.006], [60.043, 76.054], [60.268, 76.11], [60.838, 76.123], [60.468, 76.013], [60.735, 76.005], [60.818, 76.06], [61.146, 76.116], [61.119, 76.151], [60.9, 76.157], [61.077, 76.28], [61.675, 76.315], [62.094, 76.253], [62.382, 76.271], [62.389, 76.197], [62.504, 76.178], [62.779, 76.271], [62.957, 76.207], [63.719, 76.35], [63.956, 76.363], [64.091, 76.313], [64.475, 76.399], [64.676, 76.383], [64.67, 76.419], [64.826, 76.484], [65.169, 76.475], [65.485, 76.575], [65.999, 76.533], [66.033, 76.548], [65.753, 76.683], [66.654, 76.901], [67.588, 77.013], [68.463, 76.967], [68.513, 76.952], [68.488, 76.926], [68.809, 76.869], [68.759, 76.827], [68.931, 76.787], [68.894, 76.748], [68.931, 76.719], [69.034, 76.712], [68.894, 76.679], [68.788, 76.589], [68.938, 76.568], [68.178, 76.315], [68.327, 76.294], [68.288, 76.281], [63.762, 75.642], [63.71, 75.636], [63.726, 75.667], [63.648, 75.72], [63.552, 75.711], [63.62, 75.691], [63.304, 75.589], [63.03, 75.588], [62.273, 75.44], [62.029, 75.449], [61.846, 75.362], [61.694, 75.376], [61.654, 75.28], [61.482, 75.223], [61.38, 75.26], [61.38, 75.334], [61.277, 75.328], [61.272, 75.263], [61.107, 75.198], [60.813, 75.146], [60.725, 75.028], [60.591, 75.034], [60.612, 75.101], [60.571, 75.118], [60.494, 75.11], [60.416, 75.011], [59.927, 75.006], [60.621, 74.968], [60.688, 74.924], [60.561, 74.866], [60.194, 74.855], [60.372, 74.794], [60.276, 74.75], [59.934, 74.725], [59.509, 74.8], [59.873, 74.677], [59.875, 74.628], [59.755, 74.587], [59.091, 74.738], [59.29, 74.643], [59.084, 74.649], [59.221, 74.615], [59.091, 74.495], [59.146, 74.444], [58.187, 74.581], [58.639, 74.424], [58.57, 74.389], [58.728, 74.3], [58.68, 74.252], [58.728, 74.239], [58.536, 74.239], [58.659, 74.217], [58.508, 74.217], [58.591, 74.184], [58.529, 74.172], [58.292, 74.222], [58.248, 74.19], [58.301, 74.161], [58.522, 74.149], [58.308, 74.088], [58.162, 74.15], [58.173, 74.101], [58.097, 74.06], [58.213, 74.008], [58.123, 73.987], [57.739, 74.051], [57.532, 74.192], [57.412, 74.184], [57.536, 74.094], [57.261, 74.08], [57.548, 74.061], [57.912, 73.916], [57.809, 73.895], [57.905, 73.875], [57.946, 73.807], [57.749, 73.726], [57.395, 73.846], [56.556, 73.889], [57.35, 73.828], [57.618, 73.669], [57.586, 73.614], [57.35, 73.553], [57.02, 73.584], [56.735, 73.68], [56.85, 73.615], [56.747, 73.607], [57.238, 73.51], [57.254, 73.457], [56.908, 73.315], [56.749, 73.362], [56.795, 73.321], [56.73, 73.245], [56.121, 73.29], [56.046, 73.33], [56.016, 73.412], [55.917, 73.448], [55.87, 73.436], [55.987, 73.385], [55.98, 73.33], [55.924, 73.312], [55.772, 73.348], [55.435, 73.332], [54.9, 73.448], [54.25, 73.328], [54.033, 73.375], [54.294, 73.418], [54.417, 73.478], [54.185, 73.491], [54.542, 73.611], [55.35, 73.717], [54.53, 73.704], [54.281, 73.601], [53.966, 73.627], [53.631, 73.76], [53.654, 73.812], [53.869, 73.779], [54.316, 73.931], [54.802, 73.97], [54.589, 74.019], [55.019, 74.173], [55.864, 74.106], [55.623, 74.19], [55.076, 74.266], [55.228, 74.307], [55.286, 74.274], [55.747, 74.296], [55.233, 74.376], [55.388, 74.445], [56.287, 74.492], [56.014, 74.492], [56.082, 74.52], [55.867, 74.553], [55.657, 74.52], [55.706, 74.55], [55.5, 74.567], [55.561, 74.614], [55.53, 74.655], [56.387, 74.721], [56.556, 74.684], [56.987, 74.69], [56.417, 74.753], [56.501, 74.794], [56.466, 74.799], [55.833, 74.8], [55.885, 74.846], [56.678, 74.949]]], [[[52.409, 72.086], [52.368, 72.162], [52.49, 72.164], [52.402, 72.223], [52.485, 72.21], [52.417, 72.289], [52.588, 72.264], [52.684, 72.323], [52.581, 72.374], [52.723, 72.345], [52.868, 72.347], [52.69, 72.367], [52.684, 72.447], [52.82, 72.45], [52.68, 72.479], [53.102, 72.601], [52.724, 72.559], [52.812, 72.614], [52.755, 72.638], [52.98, 72.676], [53.218, 72.648], [53.006, 72.683], [52.575, 72.671], [52.375, 72.73], [52.617, 72.863], [53.027, 72.925], [53.382, 72.889], [53.293, 72.908], [53.396, 72.93], [53.142, 72.962], [53.153, 73.014], [53.382, 73.012], [53.122, 73.101], [53.323, 73.221], [53.753, 73.299], [54.191, 73.272], [54.532, 73.376], [54.935, 73.425], [55.304, 73.339], [55.49, 73.321], [55.758, 73.328], [56.435, 73.23], [56.582, 73.13], [55.808, 73.066], [56.466, 73.052], [56.377, 73.007], [55.616, 72.964], [56.252, 72.972], [56.22, 72.827], [56.063, 72.778], [55.481, 72.806], [55.432, 72.786], [55.811, 72.758], [55.946, 72.669], [55.616, 72.697], [55.723, 72.638], [55.623, 72.621], [55.685, 72.573], [55.618, 72.542], [55.267, 72.587], [55.543, 72.527], [55.536, 72.472], [55.116, 72.45], [55.466, 72.436], [55.476, 72.371], [55.377, 72.303], [55.575, 72.2], [55.343, 72.066], [55.453, 72.059], [55.35, 71.976], [55.39, 71.943], [55.225, 71.929], [55.506, 71.898], [55.529, 71.785], [55.672, 71.611], [56.014, 71.387], [56.106, 71.259], [57.039, 70.87], [57.467, 70.818], [57.639, 70.73], [57.433, 70.744], [57.539, 70.705], [57.398, 70.626], [57.452, 70.606], [56.74, 70.703], [57.343, 70.572], [57.296, 70.565], [56.597, 70.675], [56.699, 70.634], [56.585, 70.642], [56.493, 70.695], [56.581, 70.738], [56.552, 70.754], [56.199, 70.709], [56.302, 70.681], [56.238, 70.653], [56.434, 70.676], [56.528, 70.641], [56.453, 70.626], [56.655, 70.59], [56.514, 70.545], [56.401, 70.564], [56.563, 70.579], [56.041, 70.648], [56.178, 70.61], [56.132, 70.596], [55.808, 70.695], [56.048, 70.585], [55.719, 70.611], [55.625, 70.634], [55.603, 70.648], [55.792, 70.634], [55.738, 70.708], [55.599, 70.721], [55.694, 70.699], [55.747, 70.648], [55.405, 70.75], [55.35, 70.703], [55.421, 70.696], [55.473, 70.654], [55.25, 70.679], [55.296, 70.606], [55.163, 70.553], [54.761, 70.681], [54.712, 70.758], [54.513, 70.825], [54.568, 70.777], [54.492, 70.784], [54.479, 70.736], [54.767, 70.648], [54.287, 70.777], [54.294, 70.744], [54.225, 70.73], [53.855, 70.822], [53.89, 70.784], [53.545, 70.854], [53.54, 70.805], [53.3, 70.866], [53.577, 70.889], [53.705, 70.846], [53.674, 70.89], [53.725, 70.969], [53.502, 71.094], [53.904, 71.055], [53.937, 71.059], [53.807, 71.134], [54.244, 71.123], [53.992, 71.161], [54.164, 71.21], [54.064, 71.237], [53.943, 71.176], [53.801, 71.21], [53.832, 71.17], [53.796, 71.155], [53.451, 71.264], [53.595, 71.302], [53.682, 71.398], [53.951, 71.462], [53.576, 71.391], [53.544, 71.317], [53.413, 71.312], [53.252, 71.456], [53.444, 71.545], [53.348, 71.568], [53.113, 71.422], [53.03, 71.5], [53.039, 71.443], [52.882, 71.394], [52.821, 71.47], [52.82, 71.429], [52.718, 71.49], [52.61, 71.469], [52.644, 71.546], [52.547, 71.635], [52.499, 71.566], [52.368, 71.535], [52.416, 71.477], [52.28, 71.514], [52.269, 71.588], [52.142, 71.545], [52.279, 71.477], [51.822, 71.461], [51.532, 71.566], [51.55, 71.614], [51.411, 71.765], [51.44, 71.942], [51.61, 72.092], [51.866, 72.159], [52.067, 72.074], [52.188, 72.129], [52.2, 72.083], [52.368, 72.075], [52.409, 72.086]]], [[[49.83, 80.409], [49.49, 80.364], [48.84, 80.388], [48.627, 80.295], [48.943, 80.273], [49.038, 80.241], [48.976, 80.213], [49.107, 80.19], [48.734, 80.159], [48.528, 80.209], [48.497, 80.193], [48.552, 80.159], [48.511, 80.124], [48.372, 80.092], [48.116, 80.137], [48.019, 80.089], [47.628, 80.072], [47.633, 80.118], [47.737, 80.162], [48.085, 80.207], [47.845, 80.213], [47.969, 80.235], [47.929, 80.247], [47.451, 80.24], [47.338, 80.213], [47.387, 80.187], [47.102, 80.17], [46.895, 80.192], [46.89, 80.237], [46.618, 80.295], [47.089, 80.372], [47.224, 80.309], [48.133, 80.326], [48.189, 80.338], [47.619, 80.405], [48.236, 80.427], [48.1, 80.476], [47.379, 80.454], [48.375, 80.571], [48.565, 80.543], [48.531, 80.515], [48.569, 80.506], [49.188, 80.521], [49.23, 80.537], [49.175, 80.556], [49.407, 80.617], [49.285, 80.645], [49.631, 80.64], [49.668, 80.653], [49.613, 80.687], [49.682, 80.721], [49.203, 80.694], [49.34, 80.735], [48.955, 80.735], [49.114, 80.769], [49.004, 80.776], [50.237, 80.933], [50.443, 80.906], [49.997, 80.865], [50.856, 80.919], [51.045, 80.851], [50.47, 80.81], [50.545, 80.79], [50.251, 80.742], [50.372, 80.713], [51.313, 80.79], [51.732, 80.706], [51.175, 80.618], [50.95, 80.537], [49.728, 80.494], [49.675, 80.482], [49.83, 80.409]]], [[[61.606, 80.529], [61.311, 80.511], [61.277, 80.501], [61.383, 80.491], [61.045, 80.405], [60.307, 80.496], [59.636, 80.431], [59.242, 80.529], [59.372, 80.57], [59.286, 80.582], [59.221, 80.653], [59.571, 80.79], [59.509, 80.804], [59.694, 80.837], [60.171, 80.854], [60.256, 80.831], [59.968, 80.81], [60.362, 80.79], [61.603, 80.896], [62.068, 80.88], [62.275, 80.784], [62.231, 80.728], [62.037, 80.666], [62.147, 80.639], [62.116, 80.622], [61.706, 80.597], [61.588, 80.556], [61.606, 80.529]]], [[[64.705, 81.205], [65.23, 81.137], [65.436, 81.037], [65.306, 80.995], [65.466, 80.935], [65.0, 80.809], [64.587, 80.755], [63.131, 80.683], [62.504, 80.824], [63.142, 80.971], [64.169, 81.01], [64.217, 81.057], [64.12, 81.094], [64.275, 81.169], [64.705, 81.205]]], [[[45.515, 80.52], [45.271, 80.59], [44.857, 80.617], [46.921, 80.749], [47.201, 80.81], [47.092, 80.831], [47.138, 80.842], [47.536, 80.857], [48.496, 80.798], [48.655, 80.755], [48.456, 80.727], [48.764, 80.66], [48.727, 80.611], [48.064, 80.662], [47.716, 80.768], [47.476, 80.735], [47.572, 80.68], [47.304, 80.653], [47.431, 80.594], [47.2, 80.626], [46.992, 80.553], [46.667, 80.566], [46.633, 80.556], [46.668, 80.517], [46.495, 80.508], [46.53, 80.474], [46.084, 80.44], [46.021, 80.489], [46.084, 80.556], [46.044, 80.574], [45.515, 80.52]]], [[[58.452, 80.468], [59.193, 80.378], [59.276, 80.33], [58.591, 80.338], [58.138, 80.282], [58.077, 80.262], [58.475, 80.222], [58.407, 80.166], [57.913, 80.184], [58.015, 80.111], [57.97, 80.099], [57.426, 80.128], [57.22, 80.241], [57.259, 80.326], [57.192, 80.364], [57.274, 80.392], [56.946, 80.482], [58.452, 80.468]]], [[[56.668, 80.809], [55.799, 80.854], [55.377, 80.933], [55.381, 80.969], [54.998, 80.951], [54.86, 81.002], [54.417, 81.008], [54.671, 81.125], [55.52, 81.008], [56.019, 81.044], [57.716, 80.793], [57.059, 80.692], [56.668, 80.809]]], [[[57.084, 80.258], [57.154, 80.199], [57.047, 80.154], [57.118, 80.096], [56.957, 80.066], [55.712, 80.103], [56.048, 80.2], [55.952, 80.262], [55.989, 80.337], [57.022, 80.364], [57.131, 80.306], [57.084, 80.258]]], [[[55.712, 81.331], [56.545, 81.255], [56.603, 81.269], [56.391, 81.324], [56.418, 81.338], [56.336, 81.385], [56.726, 81.397], [57.905, 81.297], [57.048, 81.253], [56.615, 81.179], [56.24, 81.228], [55.824, 81.186], [55.581, 81.24], [55.609, 81.276], [55.432, 81.283], [55.541, 81.297], [55.466, 81.324], [55.712, 81.331]]], [[[53.59, 80.242], [53.49, 80.172], [52.645, 80.172], [52.183, 80.276], [52.569, 80.289], [52.86, 80.405], [53.15, 80.413], [53.869, 80.271], [53.733, 80.218], [53.59, 80.242]]], [[[56.703, 81.113], [58.282, 80.927], [57.838, 80.853], [57.199, 80.906], [57.234, 80.933], [56.958, 80.968], [56.897, 81.016], [56.096, 81.091], [56.147, 81.123], [56.703, 81.113]]], [[[61.6, 81.031], [60.988, 80.922], [60.023, 80.995], [60.613, 81.092], [61.68, 81.114], [61.6, 81.031]]], [[[55.987, 80.804], [54.877, 80.721], [54.664, 80.742], [54.69, 80.769], [53.98, 80.816], [54.323, 80.864], [54.722, 80.872], [54.823, 80.836], [55.097, 80.903], [55.987, 80.804]]], [[[57.798, 81.379], [57.439, 81.438], [56.74, 81.454], [57.013, 81.537], [57.784, 81.565], [57.889, 81.486], [58.4, 81.474], [58.57, 81.413], [57.798, 81.379]]], [[[59.331, 81.79], [59.356, 81.753], [57.989, 81.69], [57.891, 81.708], [58.145, 81.777], [57.94, 81.804], [58.156, 81.83], [59.215, 81.859], [59.44, 81.818], [59.331, 81.79]]], [[[52.956, 71.057], [52.8, 71.093], [52.756, 71.177], [52.212, 71.308], [52.53, 71.388], [52.721, 71.349], [52.687, 71.398], [52.741, 71.406], [52.91, 71.367], [53.02, 71.281], [52.862, 71.354], [52.803, 71.372], [52.745, 71.374], [52.875, 71.333], [52.779, 71.319], [53.061, 71.238], [53.211, 71.257], [53.205, 71.152], [53.047, 71.072], [53.041, 71.034], [53.139, 70.994], [53.01, 70.968], [52.956, 71.057]]], [[[55.603, 80.666], [55.706, 80.7], [55.432, 80.714], [56.53, 80.787], [56.946, 80.694], [56.329, 80.625], [55.603, 80.666]]], [[[59.529, 80.121], [59.81, 80.089], [59.836, 80.027], [59.927, 79.995], [59.372, 79.92], [58.769, 80.021], [59.529, 80.121]]], [[[58.746, 80.903], [59.029, 80.824], [58.896, 80.774], [58.421, 80.749], [57.816, 80.81], [58.746, 80.903]]], [[[62.805, 81.722], [62.766, 81.707], [63.806, 81.66], [63.467, 81.589], [62.106, 81.673], [62.805, 81.722]]], [[[51.201, 80.011], [51.505, 79.933], [50.504, 79.955], [50.045, 79.974], [50.553, 79.988], [51.001, 80.103], [51.265, 80.056], [51.201, 80.011]]], [[[54.41, 80.543], [54.465, 80.482], [54.288, 80.42], [53.798, 80.473], [53.973, 80.529], [53.841, 80.574], [53.883, 80.611], [54.269, 80.589], [54.315, 80.577], [54.136, 80.556], [54.41, 80.543]]], [[[57.841, 81.048], [58.07, 81.112], [58.697, 81.025], [58.561, 80.957], [58.254, 80.955], [57.841, 81.048]]], [[[50.126, 80.142], [50.041, 80.059], [49.531, 80.159], [49.899, 80.234], [50.229, 80.226], [50.336, 80.182], [50.126, 80.142]]], [[[59.385, 81.331], [59.054, 81.287], [58.464, 81.335], [59.018, 81.403], [59.385, 81.331]]], [[[57.7, 81.137], [56.994, 81.166], [57.958, 81.244], [58.084, 81.215], [57.7, 81.137]]], [[[50.477, 81.07], [50.347, 81.091], [50.367, 81.125], [50.778, 81.17], [50.977, 81.106], [50.409, 81.013], [50.374, 81.023], [50.477, 81.07]]], [[[40.461, 64.574], [40.195, 64.574], [40.055, 64.653], [39.824, 64.68], [40.188, 64.708], [40.302, 64.635], [40.431, 64.613], [40.461, 64.574]]], [[[55.076, 80.219], [54.93, 80.26], [55.296, 80.332], [55.516, 80.313], [55.498, 80.277], [55.076, 80.219]]], [[[54.428, 80.272], [54.382, 80.21], [54.158, 80.189], [54.168, 80.237], [54.101, 80.273], [54.243, 80.309], [54.428, 80.272]]], [[[54.39, 80.387], [54.627, 80.477], [54.851, 80.426], [54.526, 80.375], [54.39, 80.387]]], [[[54.622, 80.511], [54.886, 80.533], [55.056, 80.503], [54.982, 80.449], [54.622, 80.511]]], [[[40.364, 64.758], [40.396, 64.629], [40.202, 64.72], [40.035, 64.761], [40.364, 64.758]]], [[[58.248, 79.933], [58.614, 79.979], [58.87, 79.901], [58.529, 79.933], [58.248, 79.933]]], [[[61.654, 81.605], [62.011, 81.603], [62.186, 81.559], [61.828, 81.564], [61.654, 81.605]]], [[[59.237, 75.948], [58.693, 75.903], [59.2, 75.989], [59.26, 75.984], [59.237, 75.948]]], [[[57.138, 70.497], [56.929, 70.532], [56.843, 70.606], [57.222, 70.526], [57.057, 70.539], [57.138, 70.497]]], [[[42.426, 66.752], [42.585, 66.77], [42.681, 66.682], [42.483, 66.707], [42.426, 66.752]]], [[[55.263, 80.391], [55.221, 80.381], [54.973, 80.408], [55.245, 80.438], [55.263, 80.391]]], [[[59.73, 81.165], [58.995, 81.198], [59.759, 81.179], [59.73, 81.165]]], [[[58.702, 81.613], [58.276, 81.593], [58.612, 81.634], [58.702, 81.613]]], [[[60.21, 80.149], [60.173, 80.139], [59.891, 80.175], [60.21, 80.149]]], [[[59.841, 81.292], [60.571, 81.268], [59.842, 81.287], [59.841, 81.292]]], [[[53.355, 71.28], [53.161, 71.355], [53.395, 71.281], [53.355, 71.28]]], [[[38.045, 61.018], [38.023, 61.042], [38.065, 61.047], [38.121, 61.025], [38.045, 61.018]]], [[[39.98, 64.729], [39.944, 64.728], [40.002, 64.737], [39.98, 64.729]]]]}}, {"type": "Feature", "properties": {"name": "ukraine_1668", "name_ru": "Украинское восстание 1668-1669", "people": "украинцы", "from": "1668-01-01", "to": "1669-01-01", "from_raw": "1668", "to_raw": "1669", "territory": "Левобережье, частично Слобожанщина", "kind": "national", "kind_ru": "антиколониальное национальное выступление", "event": "вооружённое выступление против раздела Гетманщины по Андрусовскому перемирию 1667 г. и против московского господства; закончилось переговорами и возвращением Левобережья под московский протекторат на более мягких условиях («Глуховские статьи»)", "source": "Атлас російського імперіалізму та колоніалізму (УІФ, 2026), розд. 31, п. 11", "confidence": "высокая", "note": "", "paint": "none", "hold_from": "", "hold_to": "", "hold_note": "", "geometry_source": "ne:Ukraine:Chernihiv|Poltava|Sumy|Kharkiv", "approximate": true}, "geometry": {"type": "Polygon", "coordinates": [[[37.45, 50.399], [37.48, 50.34], [37.599, 50.291], [37.59, 50.204], [37.728, 50.079], [37.916, 50.003], [38.081, 49.846], [38.0, 49.823], [38.045, 49.785], [37.94, 49.727], [37.998, 49.716], [38.0, 49.657], [37.944, 49.597], [37.963, 49.52], [37.861, 49.423], [37.926, 49.284], [37.834, 49.208], [37.541, 49.225], [37.505, 49.184], [37.61, 49.15], [37.369, 49.049], [37.292, 48.98], [37.314, 48.927], [37.221, 48.898], [37.177, 48.828], [37.019, 48.814], [37.024, 48.759], [36.702, 48.788], [36.725, 48.626], [36.595, 48.602], [36.471, 48.646], [36.375, 48.542], [36.289, 48.527], [36.286, 48.634], [36.133, 48.724], [36.164, 48.767], [35.962, 48.855], [36.022, 48.9], [35.94, 48.975], [35.794, 48.934], [35.462, 48.975], [35.17, 49.147], [34.926, 49.183], [34.867, 49.145], [34.831, 49.181], [34.408, 49.077], [34.276, 48.918], [34.295, 48.781], [34.224, 48.748], [33.778, 48.923], [33.669, 48.869], [33.597, 48.922], [33.379, 48.94], [33.299, 48.995], [33.342, 49.044], [32.789, 49.262], [32.789, 49.334], [32.676, 49.477], [32.752, 49.594], [32.693, 49.672], [32.571, 49.706], [32.562, 49.767], [32.373, 49.864], [32.416, 49.967], [32.255, 50.063], [32.231, 50.119], [32.27, 50.157], [32.069, 50.239], [32.139, 50.35], [31.974, 50.475], [32.028, 50.545], [31.847, 50.624], [31.613, 50.518], [31.328, 50.508], [31.18, 50.588], [31.213, 50.659], [31.089, 50.767], [30.741, 50.757], [30.78, 50.844], [30.655, 50.892], [30.649, 50.986], [30.512, 51.017], [30.516, 51.225], [30.646, 51.367], [30.588, 51.427], [30.618, 51.467], [30.584, 51.542], [30.515, 51.604], [30.742, 51.898], [30.941, 51.994], [30.934, 52.07], [31.229, 52.038], [31.304, 52.097], [31.475, 52.118], [31.859, 52.1], [31.91, 52.029], [32.096, 52.041], [32.278, 52.103], [32.367, 52.247], [32.354, 52.322], [32.909, 52.241], [33.183, 52.367], [33.481, 52.358], [33.51, 52.288], [33.779, 52.36], [34.065, 52.159], [34.096, 51.952], [34.413, 51.778], [34.376, 51.709], [34.089, 51.667], [34.224, 51.515], [34.186, 51.394], [34.309, 51.335], [34.186, 51.249], [34.608, 51.234], [34.675, 51.168], [35.079, 51.208], [35.144, 51.058], [35.355, 51.026], [35.278, 50.993], [35.285, 50.944], [35.342, 50.916], [35.469, 50.669], [35.378, 50.622], [35.425, 50.5], [35.541, 50.45], [35.592, 50.36], [35.697, 50.345], [35.837, 50.423], [36.106, 50.421], [36.269, 50.281], [36.41, 50.305], [36.594, 50.204], [36.914, 50.339], [37.197, 50.362], [37.315, 50.423], [37.45, 50.399]]]}}, {"type": "Feature", "properties": {"name": "bashkir_1681", "name_ru": "Башкирское восстание 1681-1684", "people": "башкиры", "from": "1681-01-01", "to": "1684-01-01", "from_raw": "1681", "to_raw": "1684", "territory": "Башкортостан", "kind": "national", "kind_ru": "антиколониальное национальное выступление", "event": "полномасштабное выступление против попытки насильственного крещения башкир и произвола местной администрации; повстанцы осадили Уфу, вторжение калмыков вынудило их пойти на примирение", "source": "Атлас російського імперіалізму та колоніалізму (УІФ, 2026), розд. 31, п. 13", "confidence": "высокая", "note": "планы крещения Башкортостана после этого отменены", "paint": "none", "hold_from": "", "hold_to": "", "hold_note": "", "geometry_source": "ne:Russia:Bashkortostan", "approximate": true}, "geometry": {"type": "Polygon", "coordinates": [[[57.408, 56.329], [57.411, 56.235], [57.478, 56.179], [57.455, 56.13], [57.537, 56.1], [57.802, 56.151], [57.907, 56.115], [58.079, 56.141], [58.3, 56.114], [58.352, 56.059], [58.455, 56.147], [58.565, 56.162], [58.824, 56.054], [58.953, 56.07], [59.026, 56.169], [59.289, 56.135], [59.281, 56.055], [59.173, 56.005], [59.23, 55.906], [59.154, 55.805], [59.317, 55.768], [59.28, 55.694], [59.344, 55.644], [59.24, 55.584], [59.437, 55.633], [59.498, 55.58], [59.641, 55.565], [59.475, 55.468], [59.201, 55.45], [59.159, 55.332], [58.997, 55.244], [58.925, 55.326], [58.847, 55.304], [58.9, 55.268], [58.735, 55.265], [58.73, 55.226], [58.803, 55.214], [58.756, 55.163], [58.659, 55.189], [58.575, 55.144], [58.756, 55.112], [58.82, 55.032], [58.62, 54.95], [58.533, 54.958], [58.523, 55.022], [58.387, 55.0], [58.433, 55.057], [58.364, 55.084], [58.372, 55.155], [58.299, 55.174], [58.141, 55.114], [58.193, 55.084], [58.089, 55.02], [58.106, 54.957], [58.001, 54.917], [57.962, 54.946], [58.031, 55.075], [57.964, 55.167], [58.135, 55.215], [57.917, 55.293], [57.425, 55.326], [57.257, 55.258], [57.215, 55.223], [57.24, 55.158], [57.137, 55.092], [57.244, 54.951], [57.154, 54.863], [57.187, 54.802], [57.581, 54.673], [57.58, 54.635], [57.747, 54.579], [57.743, 54.501], [57.961, 54.392], [58.354, 54.547], [58.614, 54.47], [59.061, 54.632], [59.228, 54.611], [59.412, 54.707], [59.632, 54.911], [59.806, 54.846], [59.944, 54.857], [59.919, 54.832], [59.974, 54.796], [59.87, 54.613], [59.679, 54.498], [59.746, 54.447], [59.667, 54.34], [59.803, 54.254], [59.727, 54.194], [59.729, 54.139], [59.535, 54.198], [59.322, 54.182], [59.154, 53.984], [58.956, 53.975], [58.923, 53.935], [58.948, 53.9], [58.872, 53.751], [58.907, 53.654], [58.821, 53.596], [58.902, 53.549], [58.823, 53.211], [58.891, 53.188], [58.907, 53.055], [59.028, 53.015], [58.836, 53.001], [58.747, 52.854], [58.784, 52.725], [58.724, 52.645], [58.839, 52.541], [58.766, 52.517], [58.828, 52.433], [58.813, 52.363], [58.941, 52.299], [58.691, 52.265], [58.599, 52.171], [58.695, 52.058], [58.64, 52.022], [58.572, 51.788], [58.16, 51.739], [58.092, 51.795], [57.678, 51.868], [57.633, 51.765], [57.422, 51.725], [57.393, 51.648], [57.198, 51.572], [57.02, 51.665], [56.996, 51.731], [56.799, 51.752], [56.884, 51.691], [56.89, 51.625], [56.78, 51.592], [56.715, 51.721], [56.754, 51.769], [56.608, 51.822], [56.62, 51.888], [56.737, 51.905], [56.651, 51.96], [56.683, 52.052], [56.588, 52.061], [56.622, 52.124], [56.42, 52.161], [56.456, 52.197], [56.325, 52.123], [56.239, 52.122], [56.191, 52.173], [56.451, 52.309], [56.443, 52.426], [56.36, 52.502], [56.428, 52.595], [56.271, 52.554], [56.054, 52.645], [56.078, 52.604], [55.931, 52.515], [55.861, 52.373], [55.769, 52.344], [55.71, 52.391], [55.536, 52.389], [55.495, 52.525], [55.543, 52.537], [55.545, 52.594], [55.455, 52.59], [55.412, 52.658], [55.249, 52.648], [55.285, 52.733], [55.352, 52.688], [55.42, 52.713], [55.354, 52.765], [55.422, 52.787], [55.407, 52.837], [55.264, 52.862], [55.162, 52.823], [54.962, 53.097], [54.927, 53.22], [54.822, 53.273], [54.64, 53.237], [54.564, 53.264], [54.568, 53.328], [54.52, 53.36], [54.108, 53.417], [53.878, 53.658], [53.66, 53.746], [53.457, 54.066], [53.43, 54.266], [53.348, 54.382], [53.426, 54.499], [53.417, 54.559], [53.606, 54.714], [53.579, 54.822], [53.643, 54.9], [53.499, 54.891], [53.414, 54.989], [53.264, 55.014], [53.144, 55.132], [53.418, 55.222], [53.591, 55.212], [53.714, 55.333], [53.907, 55.393], [54.003, 55.554], [54.181, 55.628], [54.231, 55.692], [54.095, 55.773], [54.026, 55.764], [54.04, 55.802], [53.966, 55.782], [53.994, 55.848], [53.632, 55.907], [53.838, 56.039], [54.006, 56.029], [54.117, 56.158], [54.346, 56.253], [54.371, 56.299], [54.321, 56.345], [54.43, 56.343], [54.559, 56.538], [54.93, 56.387], [54.968, 56.32], [55.172, 56.318], [55.224, 56.364], [55.412, 56.335], [55.914, 56.466], [56.073, 56.289], [56.267, 56.301], [56.393, 56.388], [56.528, 56.383], [56.558, 56.36], [56.501, 56.322], [56.574, 56.263], [56.738, 56.223], [56.897, 56.101], [57.166, 56.16], [57.267, 56.302], [57.408, 56.329]]]}}, {"type": "Feature", "properties": {"name": "khovanshchina_1682", "name_ru": "«Хованщина» 1682", "people": "русские", "from": "1682-05-01", "to": "1682-09-01", "from_raw": "1682-05", "to_raw": "1682-09", "territory": "Москва", "kind": "military", "kind_ru": "выступление войск", "event": "выступление стрельцов в мае, после которого царевна Софья объявлена регентшей; единственное выступление периода, сменившее власть в Москве", "source": "Атлас російського імперіалізму та колоніалізму (УІФ, 2026), розд. 31, п. 14", "confidence": "высокая", "note": "", "paint": "none", "hold_from": "", "hold_to": "", "hold_note": "", "geometry_source": "city:Москва", "approximate": true}, "geometry": {"type": "Polygon", "coordinates": [[[37.964, 55.754], [37.861, 55.507], [37.614, 55.404], [37.367, 55.507], [37.264, 55.754], [37.367, 56.001], [37.614, 56.104], [37.861, 56.001], [37.964, 55.754]]]}}, {"type": "Feature", "properties": {"name": "vanyady_1683", "name_ru": "Восстание ванядов 1683", "people": "нганасаны (вадеевские)", "from": "1683-01-01", "to": "1683-01-01", "from_raw": "1683", "to_raw": "1683", "territory": "Таймыр, Эвенкия", "kind": "national", "kind_ru": "антиколониальное национальное выступление", "event": "самое крупное выступление этого народа против уплаты ясака: уничтожено Есейское зимовье, население массово ушло в Якутию", "source": "Атлас російського імперіалізму та колоніалізму (УІФ, 2026), розд. 31, п. 15", "confidence": "средняя", "note": "", "paint": "none", "hold_from": "", "hold_to": "", "hold_note": "", "geometry_source": "ne:Russia:Krasnoyarsk", "approximate": true}, "geometry": {"type": "MultiPolygon", "coordinates": [[[[80.814, 72.08], [80.632, 72.046], [81.25, 71.859], [81.342, 71.764], [81.737, 71.7], [82.867, 71.786], [83.296, 71.703], [83.29, 71.648], [83.027, 71.55], [82.985, 71.463], [83.048, 71.415], [82.273, 71.279], [82.279, 71.188], [82.353, 71.096], [82.208, 70.987], [82.417, 70.777], [82.082, 70.565], [82.153, 70.518], [82.24, 70.277], [82.349, 70.202], [82.252, 70.376], [82.24, 70.497], [82.157, 70.572], [82.465, 70.613], [82.431, 70.695], [82.554, 70.762], [82.479, 70.805], [82.569, 70.853], [82.579, 70.911], [82.735, 70.966], [82.877, 70.917], [82.902, 71.001], [82.967, 70.934], [83.134, 70.882], [83.137, 70.764], [83.065, 70.693], [83.057, 70.597], [82.993, 70.572], [83.053, 70.5], [83.011, 70.427], [82.664, 70.26], [82.644, 70.181], [82.919, 70.081], [83.149, 70.076], [83.189, 70.123], [83.13, 70.209], [82.952, 70.325], [83.534, 70.332], [83.775, 70.477], [83.757, 70.569], [83.603, 70.703], [83.602, 70.77], [83.383, 70.976], [83.382, 71.033], [83.116, 71.113], [83.257, 71.117], [83.148, 71.245], [83.376, 71.37], [83.382, 71.465], [83.563, 71.51], [83.631, 71.576], [83.619, 71.631], [83.411, 71.751], [83.416, 71.808], [83.361, 71.841], [82.97, 71.898], [82.678, 71.879], [82.471, 72.021], [82.185, 72.093], [82.3, 72.134], [82.307, 72.183], [82.198, 72.282], [81.208, 72.355], [80.704, 72.545], [80.834, 72.621], [80.686, 72.646], [80.632, 72.734], [80.773, 72.806], [80.842, 72.922], [80.814, 72.974], [80.75, 73.038], [80.437, 73.101], [80.595, 73.115], [80.569, 73.142], [80.231, 73.176], [80.563, 73.222], [80.528, 73.281], [80.255, 73.33], [80.677, 73.505], [80.506, 73.498], [80.513, 73.567], [81.957, 73.663], [83.484, 73.655], [84.793, 73.765], [85.008, 73.71], [85.427, 73.712], [85.585, 73.819], [86.016, 73.867], [86.783, 73.902], [87.08, 73.872], [87.104, 73.845], [87.011, 73.779], [85.787, 73.481], [85.833, 73.332], [86.663, 73.122], [86.782, 73.001], [86.765, 73.084], [86.66, 73.152], [85.934, 73.324], [85.852, 73.375], [85.844, 73.44], [85.882, 73.496], [86.204, 73.558], [87.165, 73.611], [87.344, 73.704], [87.249, 73.691], [87.281, 73.73], [87.617, 73.824], [87.664, 73.891], [87.545, 73.914], [87.454, 73.825], [87.296, 73.841], [86.94, 74.033], [87.42, 74.012], [87.362, 74.048], [86.896, 74.07], [86.724, 74.132], [86.803, 74.184], [86.711, 74.224], [86.02, 74.263], [85.906, 74.355], [86.297, 74.313], [86.255, 74.389], [86.049, 74.416], [86.475, 74.458], [86.591, 74.437], [86.624, 74.388], [86.954, 74.389], [86.716, 74.302], [86.949, 74.343], [86.993, 74.27], [87.05, 74.306], [87.016, 74.367], [87.262, 74.355], [87.08, 74.39], [87.079, 74.442], [86.796, 74.424], [86.535, 74.512], [86.782, 74.561], [85.74, 74.636], [85.9, 74.723], [86.101, 74.736], [86.125, 74.773], [86.028, 74.814], [86.091, 74.821], [86.367, 74.775], [86.213, 74.766], [86.321, 74.708], [86.474, 74.725], [86.639, 74.697], [86.605, 74.663], [86.692, 74.622], [86.958, 74.609], [86.903, 74.654], [86.954, 74.684], [86.762, 74.704], [86.914, 74.758], [87.064, 74.725], [87.061, 74.84], [87.386, 74.944], [87.173, 74.985], [87.426, 75.006], [87.48, 74.987], [87.445, 74.953], [87.574, 74.93], [87.564, 74.965], [87.79, 75.026], [86.899, 75.088], [87.025, 75.164], [87.953, 75.1], [88.307, 75.176], [88.371, 75.255], [88.626, 75.267], [88.55, 75.314], [88.612, 75.344], [89.085, 75.403], [88.757, 75.417], [89.132, 75.453], [89.246, 75.507], [89.395, 75.449], [89.704, 75.444], [89.613, 75.492], [90.058, 75.52], [89.915, 75.561], [89.954, 75.578], [90.887, 75.671], [90.978, 75.62], [91.128, 75.666], [91.58, 75.638], [91.7, 75.736], [92.371, 75.74], [93.55, 75.853], [94.163, 75.944], [93.74, 75.9], [93.546, 75.953], [93.419, 75.873], [93.258, 75.952], [93.32, 75.972], [93.277, 75.982], [92.964, 75.931], [93.108, 75.911], [93.007, 75.887], [92.888, 75.896], [92.827, 75.965], [92.929, 75.993], [92.952, 76.067], [93.101, 76.024], [93.231, 76.054], [93.121, 76.096], [93.43, 76.107], [93.334, 76.068], [93.427, 76.012], [93.999, 76.054], [93.636, 76.123], [93.686, 76.132], [94.374, 76.121], [94.459, 76.052], [94.739, 76.116], [94.54, 76.15], [94.573, 76.16], [95.055, 76.112], [95.39, 76.164], [96.196, 76.088], [96.038, 76.081], [95.993, 76.062], [96.075, 76.047], [95.979, 76.034], [96.005, 75.993], [95.575, 75.889], [95.74, 75.856], [95.937, 75.949], [96.342, 75.972], [96.266, 75.993], [96.301, 75.999], [96.519, 76.016], [96.548, 76.006], [96.5, 75.978], [96.665, 75.965], [96.461, 75.872], [96.835, 75.889], [97.251, 76.043], [97.397, 76.047], [97.199, 75.993], [97.247, 75.958], [97.185, 75.931], [97.312, 75.935], [97.394, 75.989], [97.824, 75.988], [97.701, 76.052], [97.548, 76.054], [97.712, 76.096], [97.913, 76.059], [98.161, 76.091], [98.22, 76.103], [97.918, 76.123], [98.816, 76.267], [98.713, 76.205], [99.235, 76.224], [99.296, 76.205], [99.09, 76.164], [99.214, 76.13], [99.574, 76.155], [99.6, 76.131], [99.468, 76.109], [99.755, 76.049], [99.682, 75.966], [99.679, 75.876], [99.424, 75.793], [99.571, 75.78], [99.902, 75.927], [99.825, 76.024], [99.866, 76.108], [99.643, 76.196], [99.591, 76.272], [99.02, 76.362], [99.02, 76.399], [98.818, 76.494], [100.304, 76.462], [100.851, 76.54], [101.057, 76.486], [101.016, 76.459], [101.316, 76.484], [102.25, 76.383], [100.878, 76.555], [101.105, 76.616], [101.126, 76.733], [101.235, 76.767], [100.981, 76.787], [100.858, 76.873], [100.919, 76.976], [101.206, 76.986], [101.238, 77.051], [101.166, 77.061], [101.207, 77.099], [102.043, 77.381], [102.271, 77.381], [103.197, 77.659], [103.593, 77.632], [104.061, 77.736], [104.326, 77.73], [104.257, 77.685], [104.324, 77.669], [104.752, 77.706], [104.867, 77.613], [105.334, 77.541], [105.874, 77.569], [105.833, 77.541], [105.977, 77.425], [106.292, 77.37], [105.758, 77.369], [105.435, 77.274], [105.538, 77.267], [105.456, 77.24], [104.142, 77.089], [104.772, 77.122], [105.341, 77.089], [105.928, 77.144], [105.737, 77.061], [105.785, 77.041], [105.435, 77.0], [105.895, 76.995], [106.206, 77.062], [106.755, 77.001], [106.649, 77.034], [106.83, 77.055], [107.003, 77.003], [107.286, 77.021], [107.238, 77.006], [107.5, 76.925], [107.266, 76.891], [107.355, 76.869], [107.225, 76.858], [107.19, 76.842], [107.286, 76.836], [107.19, 76.801], [107.08, 76.808], [106.926, 76.713], [106.724, 76.719], [106.799, 76.675], [106.612, 76.56], [106.397, 76.604], [106.367, 76.575], [106.417, 76.509], [106.82, 76.469], [107.27, 76.535], [107.845, 76.535], [107.985, 76.623], [107.902, 76.671], [107.946, 76.737], [108.32, 76.725], [108.286, 76.705], [109.398, 76.76], [110.061, 76.692], [110.359, 76.756], [110.705, 76.727], [111.09, 76.762], [111.137, 76.747], [111.069, 76.719], [111.119, 76.682], [111.555, 76.684], [111.446, 76.63], [111.826, 76.596], [112.199, 76.472], [111.829, 76.341], [112.257, 76.454], [112.748, 76.335], [112.658, 76.322], [112.74, 76.267], [112.693, 76.232], [112.501, 76.239], [112.858, 76.144], [112.761, 76.075], [112.57, 76.047], [112.962, 76.065], [113.042, 76.116], [112.987, 76.144], [113.059, 76.164], [113.303, 76.116], [113.256, 76.159], [113.289, 76.171], [112.932, 76.26], [113.259, 76.266], [113.296, 76.246], [113.241, 76.205], [113.359, 76.211], [113.46, 76.148], [113.453, 76.041], [113.549, 76.021], [113.501, 75.986], [113.556, 75.972], [113.532, 75.954], [113.44, 75.944], [113.563, 75.896], [113.481, 75.856], [113.781, 75.939], [113.89, 75.854], [113.72, 75.671], [113.72, 75.619], [113.556, 75.54], [113.43237037037031, 75.54], [113.638, 75.524], [113.72, 75.41], [113.549, 75.406], [113.671, 75.369], [113.605, 75.285], [112.88, 74.993], [112.147, 74.878], [112.056, 74.789], [111.772, 74.669], [111.403, 74.691], [110.986, 74.594], [111.052, 74.579], [110.96, 74.548], [110.557, 74.481], [110.332, 74.496], [110.281, 74.478], [110.39, 74.451], [110.363, 74.418], [110.212, 74.372], [109.561, 74.314], [109.98, 74.296], [109.797, 74.162], [108.996, 74.016], [108.551, 73.812], [108.438, 73.82], [108.492, 73.773], [108.067, 73.635], [108.094, 73.663], [108.037, 73.677], [107.749, 73.612], [107.147, 73.618], [107.101, 73.574], [107.17, 73.553], [106.882, 73.444], [106.785, 73.341], [106.232, 73.323], [106.063, 73.273], [106.009, 73.155], [105.874, 73.115], [105.834, 73.002], [105.651, 72.911], [105.29, 72.8], [105.067, 72.786], [105.483, 72.768], [106.036, 72.953], [106.657, 72.832], [107.103, 72.856], [106.255, 72.967], [106.176, 73.094], [106.36, 73.194], [106.776, 73.141], [107.036, 73.182], [107.722, 73.169], [108.092, 73.246], [108.317, 73.222], [108.396, 73.258], [108.198, 73.279], [109.221, 73.387], [109.255, 73.42], [109.209, 73.469], [109.435, 73.427], [109.18, 73.51], [109.194, 73.552], [109.512, 73.458], [109.714, 73.453], [110.104, 73.516], [110.157, 73.546], [110.089, 73.56], [110.124, 73.58], [110.425, 73.607], [110.471, 73.649], [110.932, 73.688], [111.123, 73.62], [111.019, 73.569], [110.827, 73.563], [110.538, 73.406], [110.158, 73.395], [110.536, 73.317], [110.593, 73.263], [110.397, 73.194], [110.77, 73.171], [110.901, 73.05], [110.754, 72.999], [110.837, 72.945], [110.627, 72.895], [110.695, 72.826], [110.609, 72.786], [110.702, 72.65], [111.295, 72.503], [111.057, 72.381], [111.555, 72.316], [111.647, 72.27], [111.618, 72.213], [111.714, 72.206], [111.764, 72.144], [111.996, 72.133], [112.0, 71.408], [112.709, 71.243], [112.519, 71.162], [112.556, 71.097], [112.249, 71.003], [112.076, 71.061], [111.98, 70.989], [111.522, 70.939], [111.335, 70.855], [110.539, 70.801], [110.474, 70.716], [110.103, 70.632], [110.135, 70.56], [110.064, 70.549], [110.111, 70.482], [110.263, 70.427], [109.602, 70.378], [109.535, 70.264], [109.282, 70.212], [109.352, 70.073], [109.509, 70.033], [109.385, 69.929], [109.415, 69.892], [109.367, 69.844], [109.237, 69.776], [108.941, 69.789], [108.871, 69.84], [108.291, 69.857], [108.054, 69.78], [108.015, 69.708], [107.925, 69.681], [106.839, 69.518], [106.59, 69.519], [106.455, 69.571], [106.14, 69.416], [106.89, 68.86], [106.894, 68.109], [106.802, 67.348], [106.667, 67.245], [106.492, 67.284], [106.055, 67.167], [105.993, 67.078], [105.894, 67.044], [105.54, 67.023], [105.687, 66.939], [106.057, 66.896], [106.009, 66.792], [106.184, 66.801], [106.143, 66.74], [106.254, 66.697], [106.244, 66.592], [106.322, 66.479], [106.103, 66.378], [106.117, 66.199], [106.342, 66.152], [106.471, 66.007], [106.482, 65.855], [106.42, 65.671], [106.958, 65.502], [106.829, 65.375], [106.624, 65.393], [106.443, 65.308], [106.426, 65.266], [106.498, 65.205], [106.393, 65.211], [105.99, 65.033], [106.22, 64.857], [105.951, 64.894], [106.007, 64.819], [105.853, 64.797], [105.83, 64.742], [105.875, 64.659], [105.711, 64.664], [105.723, 64.582], [105.806, 64.48], [106.028, 64.514], [106.132, 64.481], [106.067, 64.427], [106.134, 64.404], [106.584, 64.445], [106.567, 64.496], [106.605, 64.513], [106.735, 64.419], [107.222, 64.33], [107.328, 64.249], [107.607, 64.294], [107.968, 64.17], [108.027, 64.224], [108.161, 64.238], [108.32, 64.039], [108.252, 63.992], [107.68, 63.989], [107.55, 63.857], [107.372, 63.866], [107.29, 63.95], [107.19, 63.955], [107.071, 63.887], [106.71, 63.987], [106.681, 63.925], [106.793, 63.842], [106.629, 63.697], [106.686, 63.62], [106.51, 63.495], [106.731, 63.367], [106.673, 63.298], [106.438, 63.32], [106.365, 63.263], [106.362, 63.221], [106.425, 63.197], [106.403, 63.113], [106.123, 63.06], [106.218, 62.897], [106.443, 62.843], [106.525, 62.747], [106.504, 62.675], [106.797, 62.602], [106.669, 62.549], [106.703, 62.474], [106.533, 62.377], [106.428, 62.383], [106.478, 62.324], [106.327, 62.266], [106.446, 62.235], [106.375, 62.103], [106.407, 62.035], [106.209, 62.0], [105.902, 61.835], [105.947, 61.689], [105.809, 61.622], [105.696, 61.645], [105.367, 61.53], [105.272, 61.425], [104.789, 61.348], [104.926, 61.319], [105.007, 61.182], [104.837, 61.176], [104.615, 61.074], [104.635, 61.036], [104.565, 60.945], [104.629, 60.89], [104.463, 60.844], [104.596, 60.753], [104.522, 60.639], [104.665, 60.403], [104.889, 60.302], [105.297, 60.298], [105.479, 60.249], [105.424, 60.11], [105.489, 60.001], [105.433, 59.896], [105.491, 59.845], [105.024, 59.835], [105.012, 59.77], [104.799, 59.691], [104.863, 59.543], [104.978, 59.464], [105.172, 59.474], [105.225, 59.429], [105.241, 59.353], [105.191, 59.308], [105.294, 59.26], [105.347, 59.092], [105.145, 59.045], [104.798, 58.863], [104.76, 58.814], [104.872, 58.719], [104.794, 58.669], [104.458, 58.602], [104.393, 58.704], [104.22, 58.758], [103.869, 58.735], [103.952, 58.785], [103.901, 58.897], [103.604, 58.913], [103.549, 58.978], [103.375, 59.034], [103.246, 59.18], [103.24, 59.227], [103.335, 59.229], [103.324, 59.26], [103.083, 59.264], [103.011, 59.318], [102.831, 59.215], [102.522, 59.186], [102.406, 59.073], [102.439, 58.944], [102.537, 58.897], [102.565, 58.797], [102.513, 58.721], [102.318, 58.647], [102.186, 58.523], [101.701, 58.424], [101.531, 58.225], [101.298, 58.219], [101.118, 58.119], [101.154, 58.017], [101.03, 57.898], [100.813, 57.884], [100.885, 57.77], [100.801, 57.673], [100.952, 57.561], [100.958, 57.498], [100.749, 57.403], [100.405, 57.55], [100.331, 57.689], [100.365, 57.732], [100.129, 57.867], [100.043, 58.079], [99.703, 58.086], [99.498, 57.929], [99.422, 57.799], [98.962, 57.723], [98.745, 57.793], [97.934, 57.811], [97.349, 57.048], [97.482, 56.966], [97.62, 56.954], [97.485, 56.893], [97.486, 56.811], [97.775, 56.78], [97.751, 56.56], [97.877, 56.545], [97.878, 56.411], [97.568, 56.383], [97.58, 56.195], [97.44, 56.147], [97.352, 56.051], [97.125, 56.102], [96.986, 56.018], [96.96, 55.861], [96.768, 55.769], [96.818, 55.701], [96.753, 55.651], [96.855, 55.594], [96.82, 55.558], [96.843, 55.441], [96.918, 55.33], [96.707, 55.259], [96.682, 55.078], [96.585, 55.023], [96.714, 54.919], [96.565, 54.697], [96.573, 54.518], [96.065, 54.573], [95.922, 54.4], [95.797, 54.418], [95.667, 54.335], [95.671, 54.239], [96.055, 54.088], [96.059, 53.994], [96.505, 53.684], [96.684, 53.639], [96.658, 53.556], [96.444, 53.511], [96.355, 53.561], [96.372, 53.599], [96.288, 53.581], [96.252, 53.616], [96.092, 53.451], [95.757, 53.52], [95.396, 53.372], [95.26, 53.456], [95.053, 53.377], [94.74, 53.383], [94.586, 53.307], [94.701, 53.238], [94.604, 53.176], [94.604, 53.049], [94.512, 52.911], [94.305, 52.904], [94.149, 52.842], [94.071, 52.667], [93.765, 52.439], [93.766, 52.366], [93.667, 52.216], [93.36, 52.129], [93.075, 51.945], [92.901, 51.895], [92.86, 51.836], [92.673, 51.84], [92.505, 51.781], [91.987, 51.794], [91.884, 51.856], [91.543, 51.901], [91.239, 51.882], [91.101, 51.943], [90.849, 51.908], [90.736, 52.069], [90.477, 52.183], [90.7, 52.458], [91.396, 52.868], [91.351, 53.077], [91.66, 53.158], [91.841, 53.288], [91.846, 53.352], [91.744, 53.447], [91.47, 53.514], [91.327, 53.817], [91.465, 53.966], [91.464, 54.057], [91.252, 54.275], [91.159, 54.488], [90.855, 54.627], [90.915, 54.791], [90.84, 54.839], [90.715, 54.831], [90.685, 54.905], [90.458, 54.871], [90.483, 54.928], [90.436, 55.016], [90.229, 55.066], [90.196, 55.151], [89.658, 55.003], [89.567, 55.058], [89.447, 55.039], [89.392, 54.974], [89.201, 54.99], [89.147, 55.076], [89.038, 55.084], [89.067, 55.132], [88.966, 55.185], [88.95, 55.289], [88.609, 55.446], [88.878, 55.621], [89.37, 55.775], [89.382, 55.833], [89.449, 55.862], [89.311, 55.914], [89.243, 56.044], [89.272, 56.069], [89.056, 56.21], [89.057, 56.302], [88.905, 56.312], [88.915, 56.346], [88.592, 56.444], [88.618, 56.529], [88.503, 56.59], [88.51, 56.625], [88.676, 56.642], [88.741, 56.714], [88.652, 56.742], [88.624, 56.833], [88.722, 57.086], [88.526, 57.122], [88.733, 57.227], [88.872, 57.444], [89.071, 57.51], [89.147, 57.614], [89.38, 57.637], [89.377, 57.917], [88.851, 57.961], [88.687, 58.037], [88.13, 58.114], [88.018, 58.243], [87.918, 58.5], [88.392, 58.914], [88.827, 59.024], [88.608, 59.215], [88.621, 59.293], [87.911, 59.268], [87.522, 59.667], [87.191, 59.69], [87.084, 59.883], [86.625, 59.95], [85.968, 59.956], [85.496, 59.892], [84.692, 59.905], [84.531, 59.975], [84.606, 60.046], [84.632, 60.206], [84.784, 60.371], [84.26, 60.856], [84.623, 61.0], [85.671, 61.289], [85.702, 61.306], [85.644, 61.388], [85.968, 61.475], [85.963, 61.545], [85.854, 61.595], [85.722, 61.575], [85.48, 61.628], [85.376, 61.701], [85.273, 61.683], [85.001, 61.785], [84.69, 61.81], [84.523, 61.93], [84.553, 61.999], [84.436, 62.178], [84.872, 62.459], [84.894, 62.541], [85.09, 62.638], [85.225, 62.801], [85.518, 62.933], [85.496, 62.986], [85.586, 63.074], [85.469, 63.149], [85.531, 63.263], [85.672, 63.36], [85.419, 63.349], [85.365, 63.405], [85.378, 63.467], [85.299, 63.517], [85.097, 63.534], [85.032, 63.586], [85.269, 63.651], [85.373, 63.808], [85.534, 63.937], [85.963, 64.066], [85.934, 64.123], [86.03, 64.275], [85.842, 64.459], [85.916, 64.588], [85.81, 64.648], [85.859, 64.756], [85.559, 64.83], [85.149, 64.752], [85.093, 64.811], [84.939, 64.823], [84.967, 64.899], [84.92, 64.928], [84.292, 64.903], [84.279, 64.94], [84.389, 65.008], [84.313, 65.098], [84.584, 65.291], [84.507, 65.395], [84.55, 65.433], [84.498, 65.504], [84.196, 65.595], [84.297, 65.617], [84.319, 65.684], [84.168, 65.703], [84.031, 65.793], [83.592, 65.775], [83.518, 65.822], [83.521, 65.908], [83.293, 66.066], [83.535, 66.193], [83.091, 66.459], [83.089, 66.61], [83.297, 66.673], [83.187, 66.747], [83.162, 66.818], [82.117, 67.244], [82.358, 67.331], [82.251, 67.419], [82.374, 67.481], [82.389, 67.534], [82.11, 67.609], [82.049, 67.655], [82.112, 67.686], [82.1, 67.724], [81.895, 67.789], [81.726, 67.924], [82.365, 67.946], [82.395, 68.177], [82.533, 68.17], [82.574, 68.255], [82.703, 68.298], [82.679, 68.492], [82.469, 68.577], [83.039, 68.667], [82.803, 68.742], [82.787, 68.795], [82.552, 68.827], [82.493, 68.987], [82.329, 69.046], [82.494, 69.105], [82.453, 69.162], [81.841, 69.196], [81.761, 69.252], [81.929, 69.349], [81.685, 69.447], [81.626, 69.415], [81.636, 69.306], [81.571, 69.273], [81.324, 69.286], [80.967, 69.209], [80.734, 69.308], [79.865, 69.349], [79.814, 69.423], [79.65, 69.484], [79.491, 69.654], [79.012, 69.703], [79.13, 69.739], [78.88, 69.88], [79.172, 69.963], [79.134, 70.008], [79.193, 70.01], [79.197, 70.05], [79.355, 70.05], [79.333, 70.148], [79.496, 70.112], [79.717, 70.28], [79.88, 70.278], [80.095, 70.353], [80.095, 70.395], [80.183, 70.393], [80.181, 70.434], [80.569, 70.461], [80.722, 70.391], [80.796, 70.434], [80.61, 70.501], [80.757, 70.656], [80.593, 70.722], [80.686, 70.801], [80.565, 70.86], [80.538, 71.059], [79.954, 71.134], [79.565, 71.277], [79.227, 71.321], [79.143, 71.415], [79.358, 71.494], [79.389, 71.543], [79.338, 71.598], [79.371, 71.612], [79.868, 71.602], [80.102, 71.665], [80.076, 71.765], [80.119, 71.779], [80.036, 71.831], [80.344, 71.885], [79.695, 72.058], [79.436, 72.04], [78.914, 72.116], [78.61, 72.208], [78.665, 72.22], [78.656, 72.258], [78.445, 72.354], [78.498, 72.408], [79.391, 72.386], [80.01, 72.208], [80.835, 72.083], [80.821, 72.025], [80.732, 72.045], [80.814, 72.08]], [[112.871, 75.711], [112.748, 75.698], [112.878, 75.647], [112.789, 75.589], [112.814, 75.557], [113.035, 75.553], [112.993, 75.61], [113.267, 75.651], [113.309, 75.616], [113.255, 75.574], [113.291, 75.551], [113.42672346891585, 75.54043938426304], [113.617, 75.656], [113.068, 75.683], [113.138, 75.711], [112.559, 75.851], [112.337, 75.848], [112.871, 75.711]]], [[[97.603, 78.843], [97.264, 78.853], [96.799, 78.989], [95.673, 79.001], [95.67, 79.069], [95.524, 79.109], [95.018, 79.039], [94.632, 79.127], [94.617, 79.201], [94.334, 79.249], [94.355, 79.316], [94.313, 79.35], [94.362, 79.44], [94.312, 79.479], [94.053, 79.474], [94.081, 79.447], [93.988, 79.427], [93.697, 79.46], [93.991, 79.494], [93.69, 79.542], [93.882, 79.604], [93.721, 79.595], [93.443, 79.501], [93.539, 79.487], [93.236, 79.439], [93.114, 79.467], [93.32, 79.501], [92.854, 79.556], [93.28, 79.552], [94.169, 79.775], [94.69, 79.816], [94.225, 79.899], [94.382, 79.933], [94.321, 79.967], [94.351, 79.977], [94.75, 80.007], [94.952, 80.104], [95.242, 80.022], [95.502, 80.111], [96.174, 80.091], [97.592, 80.175], [98.09, 80.056], [97.848, 79.997], [97.768, 79.946], [97.814, 79.916], [97.521, 79.809], [97.609, 79.777], [97.192, 79.707], [97.247, 79.7], [97.706, 79.763], [97.723, 79.805], [97.918, 79.857], [97.884, 79.877], [97.926, 79.902], [98.377, 79.878], [98.582, 79.976], [98.439, 80.015], [98.515, 80.052], [99.199, 80.05], [99.248, 80.036], [99.158, 80.015], [99.563, 79.967], [99.502, 79.953], [99.803, 79.906], [100.077, 79.783], [99.817, 79.742], [99.886, 79.693], [99.707, 79.569], [99.789, 79.522], [99.686, 79.474], [99.734, 79.42], [99.696, 79.388], [99.748, 79.364], [99.667, 79.312], [99.46, 79.248], [99.035, 79.296], [99.611, 79.159], [99.488, 79.145], [99.527, 79.124], [99.855, 79.09], [99.863, 79.024], [99.947, 78.97], [99.406, 78.822], [98.327, 78.785], [98.083, 78.824], [97.442, 78.817], [97.404, 78.83], [97.603, 78.843]]], [[[97.209, 80.431], [97.206, 80.356], [97.423, 80.327], [97.188, 80.234], [94.53, 80.131], [93.75, 79.997], [92.965, 80.111], [92.066, 80.172], [92.195, 80.208], [92.888, 80.172], [92.281, 80.23], [92.107, 80.29], [93.32, 80.276], [93.244, 80.31], [91.422, 80.31], [91.662, 80.385], [92.628, 80.392], [91.888, 80.46], [92.769, 80.517], [92.825, 80.651], [93.27, 80.797], [92.497, 80.776], [92.731, 80.851], [92.677, 80.879], [93.163, 80.947], [93.053, 80.995], [95.547, 81.221], [95.034, 81.249], [95.104, 81.271], [95.777, 81.289], [96.02, 81.234], [95.968, 81.205], [96.135, 81.202], [96.555, 81.077], [96.544, 81.03], [96.733, 81.008], [96.644, 80.988], [96.766, 80.95], [97.411, 80.837], [97.755, 80.829], [97.789, 80.817], [97.747, 80.796], [97.884, 80.769], [97.747, 80.742], [97.973, 80.721], [97.131, 80.666], [97.192, 80.645], [97.047, 80.584], [97.021, 80.526], [97.149, 80.487], [97.209, 80.431]]], [[[102.681, 78.213], [102.607, 78.226], [101.21, 78.194], [100.037, 77.962], [99.515, 77.944], [99.371, 77.96], [99.426, 77.987], [99.268, 78.042], [99.426, 78.076], [99.543, 78.18], [99.755, 78.265], [100.05, 78.343], [100.001, 78.418], [100.276, 78.58], [100.255, 78.665], [100.385, 78.752], [100.602, 78.798], [101.166, 78.761], [100.824, 78.809], [100.785, 78.895], [100.907, 78.985], [101.07, 79.035], [101.592, 78.977], [101.626, 78.987], [100.988, 79.063], [101.043, 79.133], [101.196, 79.147], [101.126, 79.165], [101.194, 79.203], [101.557, 79.254], [101.544, 79.341], [101.818, 79.371], [101.961, 79.261], [102.246, 79.242], [102.14, 79.357], [102.303, 79.433], [102.894, 79.381], [103.153, 79.31], [102.825, 79.227], [102.86, 79.22], [102.743, 79.159], [102.798, 79.138], [102.674, 79.077], [102.691, 79.032], [102.379, 78.822], [102.666, 78.892], [102.921, 79.058], [103.144, 79.058], [103.573, 79.17], [103.808, 79.154], [104.001, 79.128], [104.023, 79.097], [103.976, 79.063], [104.073, 79.005], [104.455, 78.967], [104.525, 78.885], [104.367, 78.857], [104.655, 78.83], [104.579, 78.775], [104.725, 78.791], [104.759, 78.853], [105.175, 78.809], [105.344, 78.642], [105.334, 78.605], [105.416, 78.583], [105.357, 78.506], [104.787, 78.336], [104.353, 78.341], [103.713, 78.256], [103.016, 78.256], [102.66, 78.164], [102.681, 78.213]]], [[[92.353, 79.734], [92.099, 79.81], [91.073, 79.851], [91.299, 79.919], [91.018, 79.967], [91.182, 79.995], [91.114, 80.049], [90.867, 80.063], [92.424, 80.031], [93.814, 79.899], [93.67, 79.832], [92.625, 79.673], [91.922, 79.679], [91.97, 79.693], [91.916, 79.707], [91.945, 79.716], [92.353, 79.734]]], [[[110.021, 74.014], [110.581, 73.991], [110.959, 73.909], [111.103, 73.95], [111.076, 73.998], [111.159, 74.037], [111.582, 74.026], [111.223, 73.993], [111.281, 73.86], [110.878, 73.768], [110.664, 73.787], [110.287, 73.706], [109.752, 73.683], [109.787, 73.669], [109.613, 73.708], [109.536, 73.821], [109.82, 73.877], [109.887, 73.961], [110.021, 74.014]]], [[[79.537, 72.726], [78.883, 72.747], [78.585, 72.842], [79.173, 73.101], [79.56, 72.908], [79.491, 72.908], [79.572, 72.741], [79.537, 72.726]]], [[[91.333, 81.081], [89.996, 81.105], [89.894, 81.174], [90.072, 81.215], [91.455, 81.193], [91.574, 81.136], [91.333, 81.081]]], [[[79.128, 80.807], [78.975, 80.843], [79.211, 80.961], [80.437, 80.94], [80.326, 80.861], [79.128, 80.807]]], [[[96.589, 77.144], [96.235, 76.99], [95.684, 76.952], [95.951, 77.014], [95.232, 77.006], [96.462, 77.21], [96.589, 77.144]]], [[[96.424, 76.212], [96.246, 76.205], [96.396, 76.178], [96.321, 76.136], [96.345, 76.105], [96.181, 76.155], [95.266, 76.219], [95.35, 76.289], [95.57, 76.238], [95.812, 76.303], [96.068, 76.28], [96.104, 76.232], [96.283, 76.309], [96.644, 76.267], [96.578, 76.195], [96.596, 76.157], [96.52, 76.191], [96.562, 76.232], [96.363, 76.264], [96.424, 76.212]]], [[[76.14, 79.639], [76.269, 79.604], [76.482, 79.644], [77.614, 79.522], [76.641, 79.487], [76.699, 79.518], [76.174, 79.569], [76.051, 79.649], [76.224, 79.657], [76.277, 79.645], [76.14, 79.639]]], [[[81.688, 75.277], [81.492, 75.362], [81.752, 75.463], [81.793, 75.465], [81.739, 75.383], [81.94, 75.394], [81.869, 75.444], [81.951, 75.465], [81.897, 75.492], [82.171, 75.52], [82.13, 75.457], [82.165, 75.438], [82.013, 75.444], [82.204, 75.415], [82.294, 75.334], [82.041, 75.338], [82.045, 75.256], [81.985, 75.177], [81.907, 75.208], [81.871, 75.316], [81.712, 75.314], [81.688, 75.277]]], [[[86.598, 74.917], [86.501, 74.931], [86.524, 74.987], [86.619, 74.951], [87.029, 74.992], [87.139, 74.937], [86.994, 74.884], [86.687, 74.896], [86.947, 74.841], [86.872, 74.82], [86.32, 74.851], [86.213, 74.903], [86.598, 74.917]]], [[[89.493, 77.141], [89.135, 77.218], [89.304, 77.308], [89.604, 77.313], [89.817, 77.211], [89.747, 77.164], [89.493, 77.141]]], [[[107.391, 78.102], [106.395, 78.131], [107.338, 78.191], [107.704, 78.137], [107.574, 78.068], [107.391, 78.102]]], [[[83.147, 70.65], [83.257, 70.801], [83.469, 70.738], [83.305, 70.645], [83.259, 70.549], [83.31, 70.443], [83.065, 70.365], [83.132, 70.434], [83.147, 70.65]]], [[[112.508, 76.541], [112.714, 76.52], [112.576, 76.5], [112.601, 76.445], [112.463, 76.455], [112.31, 76.534], [111.959, 76.602], [112.021, 76.61], [111.985, 76.618], [112.272, 76.616], [112.367, 76.658], [112.528, 76.623], [112.487, 76.602], [112.57, 76.555], [112.508, 76.541]]], [[[83.62, 74.091], [83.396, 74.075], [83.466, 74.047], [83.392, 74.036], [82.814, 74.094], [83.18, 74.155], [83.62, 74.091]]], [[[106.621, 78.286], [106.194, 78.193], [105.991, 78.219], [106.069, 78.271], [106.338, 78.266], [106.47, 78.343], [106.766, 78.308], [106.733, 78.266], [106.621, 78.286]]], [[[85.803, 74.574], [85.939, 74.582], [86.202, 74.534], [86.113, 74.487], [85.968, 74.512], [86.009, 74.492], [85.858, 74.444], [85.658, 74.471], [85.803, 74.574]]], [[[89.019, 77.013], [88.816, 76.985], [88.664, 77.08], [88.786, 77.124], [89.136, 77.127], [88.969, 77.039], [89.019, 77.013]]], [[[107.73, 77.337], [107.72, 77.277], [107.345, 77.233], [107.205, 77.234], [107.457, 77.281], [107.28, 77.302], [107.395, 77.36], [107.73, 77.337]]], [[[85.501, 74.465], [85.248, 74.476], [85.148, 74.537], [85.237, 74.575], [85.645, 74.546], [85.495, 74.499], [85.501, 74.465]]], [[[82.259, 75.972], [82.657, 75.999], [83.297, 75.943], [82.316, 75.947], [82.259, 75.972]]], [[[79.614, 74.602], [79.532, 74.526], [79.191, 74.588], [79.149, 74.608], [79.317, 74.591], [79.183, 74.629], [79.244, 74.659], [79.614, 74.602]]], [[[95.89, 76.651], [96.468, 76.708], [96.253, 76.616], [95.944, 76.61], [95.89, 76.651]]], [[[96.787, 76.212], [96.93, 76.262], [97.041, 76.239], [96.761, 76.176], [96.726, 76.26], [96.877, 76.322], [96.854, 76.356], [97.075, 76.308], [96.86, 76.272], [96.787, 76.212]]], [[[83.912, 73.994], [83.885, 74.019], [84.418, 74.04], [84.328, 74.013], [84.418, 73.97], [83.912, 73.994]]], [[[85.097, 74.756], [85.635, 74.803], [85.706, 74.731], [85.097, 74.756]]], [[[106.701, 77.384], [106.525, 77.39], [106.56, 77.438], [106.73, 77.47], [106.943, 77.459], [106.701, 77.384]]], [[[96.699, 75.996], [97.335, 76.109], [97.047, 76.006], [96.748, 75.981], [96.699, 75.996]]], [[[82.318, 74.117], [82.568, 74.163], [82.74, 74.101], [82.353, 74.081], [82.318, 74.117]]], [[[86.906, 73.704], [86.762, 73.604], [86.399, 73.594], [86.906, 73.704]]], [[[100.31, 79.666], [99.906, 79.604], [99.983, 79.698], [100.31, 79.666]]], [[[95.327, 76.664], [94.818, 76.654], [95.122, 76.719], [95.327, 76.664]]], [[[94.855, 76.239], [94.904, 76.212], [94.781, 76.181], [94.41, 76.212], [94.779, 76.211], [94.745, 76.26], [94.999, 76.273], [94.855, 76.239]]], [[[84.542, 74.457], [84.768, 74.41], [84.387, 74.458], [84.592, 74.499], [84.935, 74.482], [84.542, 74.457]]], [[[97.596, 76.602], [97.315, 76.61], [97.387, 76.654], [97.288, 76.692], [97.446, 76.715], [97.485, 76.63], [97.596, 76.602]]], [[[97.161, 76.754], [97.639, 76.773], [97.648, 76.749], [97.46, 76.718], [97.161, 76.754]]], [[[91.785, 79.42], [92.471, 79.433], [92.272, 79.405], [92.305, 79.392], [91.785, 79.42]]], [[[95.835, 76.692], [95.529, 76.649], [95.417, 76.705], [95.835, 76.692]]], [[[93.994, 79.965], [93.93, 79.974], [93.984, 80.015], [94.328, 80.029], [93.994, 79.965]]], [[[93.921, 78.157], [93.629, 78.157], [93.6, 78.188], [93.793, 78.203], [93.921, 78.157]]], [[[113.264, 76.444], [113.309, 76.423], [113.262, 76.397], [113.447, 76.369], [113.118, 76.377], [113.264, 76.444]]], [[[92.724, 79.077], [92.517, 79.08], [92.182, 79.131], [92.213, 79.14], [92.724, 79.077]]], [[[96.767, 76.335], [96.685, 76.294], [96.383, 76.335], [96.767, 76.335]]], [[[92.792, 79.383], [92.587, 79.42], [92.991, 79.42], [92.792, 79.383]]], [[[93.944, 76.616], [94.362, 76.575], [93.868, 76.589], [93.944, 76.616]]], [[[95.197, 76.164], [95.102, 76.155], [95.006, 76.178], [95.102, 76.225], [95.197, 76.164]]], [[[82.259, 75.876], [82.223, 75.86], [81.554, 75.931], [82.259, 75.876]]], [[[90.794, 79.564], [91.144, 79.537], [91.531, 79.449], [91.195, 79.515], [90.794, 79.564]]], [[[82.15, 75.095], [82.057, 75.118], [82.027, 75.129], [82.113, 75.159], [82.15, 75.095]]], [[[91.866, 77.629], [92.11, 77.622], [91.911, 77.6], [91.866, 77.629]]], [[[105.912, 77.276], [105.785, 77.281], [106.011, 77.287], [105.912, 77.276]]], [[[106.333, 77.322], [106.457, 77.322], [106.354, 77.307], [106.333, 77.322]]]]}}, {"type": "Feature", "properties": {"name": "baikal_1695", "name_ru": "Байкальское восстание 1695-1700", "people": "русские служилые, буряты", "from": "1695-01-01", "to": "1700-01-01", "from_raw": "1695", "to_raw": "1700", "territory": "Прибайкалье и Забайкалье", "kind": "urban", "kind_ru": "выступление горожан", "event": "выступления служилых людей против злоупотреблений местной администрации, к которым присоединялись крестьяне и ясачное население; впервые повстанцы разных городов координировали действия, забайкальские казаки заключили союз", "source": "Атлас російського імперіалізму та колоніалізму (УІФ, 2026), розд. 31, п. 18", "confidence": "средняя", "note": "очаги: Красноярск и Нерчинск (1695), остроги Баргузинский, Братский, Ильинский, Кабанский, Селенгинский, Удинский и Илимск (1696), Иркутск (1697); большинство выступлений заканчивалось компромиссом за 2-3 года", "paint": "none", "hold_from": "", "hold_to": "", "hold_note": "", "geometry_source": "ne:Russia:Irkutsk|Buryat|Chita|Krasnoyarsk", "approximate": true}, "geometry": {"type": "MultiPolygon", "coordinates": [[[[80.814, 72.08], [80.632, 72.046], [81.25, 71.859], [81.342, 71.764], [81.737, 71.7], [82.867, 71.786], [83.296, 71.703], [83.29, 71.648], [83.027, 71.55], [82.985, 71.463], [83.048, 71.415], [82.273, 71.279], [82.279, 71.188], [82.353, 71.096], [82.208, 70.987], [82.417, 70.777], [82.082, 70.565], [82.153, 70.518], [82.24, 70.277], [82.349, 70.202], [82.252, 70.376], [82.24, 70.497], [82.157, 70.572], [82.465, 70.613], [82.431, 70.695], [82.554, 70.762], [82.479, 70.805], [82.569, 70.853], [82.579, 70.911], [82.735, 70.966], [82.877, 70.917], [82.902, 71.001], [82.967, 70.934], [83.134, 70.882], [83.137, 70.764], [83.065, 70.693], [83.057, 70.597], [82.993, 70.572], [83.053, 70.5], [83.011, 70.427], [82.664, 70.26], [82.644, 70.181], [82.883, 70.089], [83.111, 70.069], [83.177, 70.083], [83.183, 70.139], [82.952, 70.325], [83.534, 70.332], [83.775, 70.477], [83.757, 70.569], [83.603, 70.703], [83.602, 70.77], [83.383, 70.976], [83.382, 71.033], [83.116, 71.113], [83.257, 71.117], [83.148, 71.245], [83.376, 71.37], [83.382, 71.465], [83.563, 71.51], [83.631, 71.576], [83.619, 71.631], [83.411, 71.751], [83.416, 71.808], [83.361, 71.841], [82.97, 71.898], [82.678, 71.879], [82.471, 72.021], [82.185, 72.093], [82.3, 72.134], [82.307, 72.183], [82.198, 72.282], [81.208, 72.355], [80.704, 72.545], [80.834, 72.621], [80.686, 72.646], [80.632, 72.734], [80.773, 72.806], [80.842, 72.922], [80.814, 72.974], [80.75, 73.038], [80.437, 73.101], [80.595, 73.115], [80.569, 73.142], [80.231, 73.176], [80.563, 73.222], [80.528, 73.281], [80.255, 73.33], [80.677, 73.505], [80.506, 73.498], [80.513, 73.567], [81.957, 73.663], [83.484, 73.655], [84.793, 73.765], [85.008, 73.71], [85.427, 73.712], [85.585, 73.819], [86.016, 73.867], [86.783, 73.902], [87.08, 73.872], [87.104, 73.845], [87.011, 73.779], [85.787, 73.481], [85.833, 73.332], [86.663, 73.122], [86.782, 73.001], [86.765, 73.084], [86.66, 73.152], [85.934, 73.324], [85.852, 73.375], [85.844, 73.44], [85.882, 73.496], [86.204, 73.558], [87.165, 73.611], [87.344, 73.704], [87.249, 73.691], [87.281, 73.73], [87.617, 73.824], [87.664, 73.891], [87.545, 73.914], [87.454, 73.825], [87.296, 73.841], [86.94, 74.033], [87.42, 74.012], [87.362, 74.048], [86.896, 74.07], [86.724, 74.132], [86.803, 74.184], [86.711, 74.224], [86.02, 74.263], [85.906, 74.355], [86.297, 74.313], [86.255, 74.389], [86.049, 74.416], [86.475, 74.458], [86.591, 74.437], [86.624, 74.388], [86.954, 74.389], [86.716, 74.302], [86.949, 74.343], [86.993, 74.27], [87.05, 74.306], [87.016, 74.367], [87.262, 74.355], [87.08, 74.39], [87.079, 74.442], [86.796, 74.424], [86.535, 74.512], [86.782, 74.561], [85.74, 74.636], [85.9, 74.723], [86.101, 74.736], [86.125, 74.773], [86.028, 74.814], [86.091, 74.821], [86.367, 74.775], [86.213, 74.766], [86.321, 74.708], [86.474, 74.725], [86.639, 74.697], [86.605, 74.663], [86.692, 74.622], [86.958, 74.609], [86.903, 74.654], [86.954, 74.684], [86.762, 74.704], [86.914, 74.758], [87.064, 74.725], [87.061, 74.84], [87.386, 74.944], [87.173, 74.985], [87.426, 75.006], [87.48, 74.987], [87.445, 74.953], [87.574, 74.93], [87.564, 74.965], [87.79, 75.026], [86.899, 75.088], [87.025, 75.164], [87.953, 75.1], [88.307, 75.176], [88.371, 75.255], [88.626, 75.267], [88.55, 75.314], [88.612, 75.344], [89.085, 75.403], [88.757, 75.417], [89.132, 75.453], [89.246, 75.507], [89.395, 75.449], [89.704, 75.444], [89.613, 75.492], [90.058, 75.52], [89.915, 75.561], [89.954, 75.578], [90.887, 75.671], [90.978, 75.62], [91.128, 75.666], [91.58, 75.638], [91.7, 75.736], [92.371, 75.74], [93.55, 75.853], [94.163, 75.944], [93.74, 75.9], [93.546, 75.953], [93.419, 75.873], [93.258, 75.952], [93.32, 75.972], [93.277, 75.982], [92.964, 75.931], [93.108, 75.911], [93.007, 75.887], [92.888, 75.896], [92.827, 75.965], [92.929, 75.993], [92.952, 76.067], [93.101, 76.024], [93.231, 76.054], [93.121, 76.096], [93.43, 76.107], [93.334, 76.068], [93.427, 76.012], [93.999, 76.054], [93.636, 76.123], [93.686, 76.132], [94.374, 76.121], [94.459, 76.052], [94.739, 76.116], [94.54, 76.15], [94.573, 76.16], [95.055, 76.112], [95.39, 76.164], [96.196, 76.088], [96.038, 76.081], [95.993, 76.062], [96.075, 76.047], [95.979, 76.034], [96.005, 75.993], [95.575, 75.889], [95.74, 75.856], [95.937, 75.949], [96.342, 75.972], [96.266, 75.993], [96.301, 75.999], [96.519, 76.016], [96.548, 76.006], [96.5, 75.978], [96.665, 75.965], [96.461, 75.872], [96.835, 75.889], [97.251, 76.043], [97.397, 76.047], [97.199, 75.993], [97.247, 75.958], [97.185, 75.931], [97.312, 75.935], [97.394, 75.989], [97.824, 75.988], [97.701, 76.052], [97.548, 76.054], [97.712, 76.096], [97.913, 76.059], [98.161, 76.091], [98.22, 76.103], [97.918, 76.123], [98.816, 76.267], [98.713, 76.205], [99.235, 76.224], [99.296, 76.205], [99.09, 76.164], [99.214, 76.13], [99.574, 76.155], [99.6, 76.131], [99.468, 76.109], [99.755, 76.049], [99.682, 75.966], [99.679, 75.876], [99.424, 75.793], [99.571, 75.78], [99.902, 75.927], [99.825, 76.024], [99.866, 76.108], [99.643, 76.196], [99.591, 76.272], [99.02, 76.362], [99.02, 76.399], [98.818, 76.494], [100.304, 76.462], [100.851, 76.54], [101.057, 76.486], [101.016, 76.459], [101.316, 76.484], [102.25, 76.383], [100.878, 76.555], [101.105, 76.616], [101.126, 76.733], [101.235, 76.767], [100.981, 76.787], [100.858, 76.873], [100.919, 76.976], [101.206, 76.986], [101.238, 77.051], [101.166, 77.061], [101.207, 77.099], [102.076, 77.391], [102.271, 77.381], [103.197, 77.659], [103.593, 77.632], [104.023, 77.733], [104.326, 77.73], [104.257, 77.685], [104.324, 77.669], [104.752, 77.706], [104.867, 77.613], [105.334, 77.541], [105.874, 77.569], [105.833, 77.541], [105.977, 77.425], [106.292, 77.37], [105.758, 77.369], [105.435, 77.274], [105.538, 77.267], [105.456, 77.24], [104.142, 77.089], [104.772, 77.122], [105.341, 77.089], [105.928, 77.144], [105.737, 77.061], [105.785, 77.041], [105.435, 77.0], [105.895, 76.995], [106.206, 77.062], [106.755, 77.001], [106.649, 77.034], [106.83, 77.055], [107.003, 77.003], [107.286, 77.021], [107.238, 77.006], [107.5, 76.925], [107.266, 76.891], [107.355, 76.869], [107.225, 76.858], [107.19, 76.842], [107.286, 76.836], [107.19, 76.801], [107.08, 76.808], [106.926, 76.713], [106.724, 76.719], [106.799, 76.675], [106.612, 76.56], [106.397, 76.604], [106.389, 76.52], [106.449, 76.504], [106.82, 76.469], [107.27, 76.535], [107.845, 76.535], [107.985, 76.623], [107.902, 76.671], [107.946, 76.737], [108.32, 76.725], [108.286, 76.705], [109.398, 76.76], [110.061, 76.692], [110.359, 76.756], [110.906, 76.73], [111.018, 76.768], [111.137, 76.747], [111.069, 76.719], [111.119, 76.682], [111.555, 76.684], [111.446, 76.63], [111.826, 76.596], [112.199, 76.472], [111.829, 76.341], [112.257, 76.454], [112.748, 76.335], [112.658, 76.322], [112.74, 76.267], [112.693, 76.232], [112.501, 76.239], [112.858, 76.144], [112.761, 76.075], [112.57, 76.047], [112.962, 76.065], [113.042, 76.116], [112.987, 76.144], [113.059, 76.164], [113.303, 76.116], [113.256, 76.159], [113.289, 76.171], [112.932, 76.26], [113.259, 76.266], [113.296, 76.246], [113.241, 76.205], [113.359, 76.211], [113.46, 76.148], [113.453, 76.041], [113.549, 76.021], [113.501, 75.986], [113.556, 75.972], [113.532, 75.954], [113.44, 75.944], [113.563, 75.896], [113.481, 75.856], [113.652, 75.876], [113.617, 75.924], [113.858, 75.911], [113.828, 75.895], [113.89, 75.854], [113.692, 75.593], [113.4277890744144, 75.54035646971415], [113.638, 75.524], [113.72, 75.41], [113.549, 75.406], [113.671, 75.369], [113.605, 75.285], [112.88, 74.993], [112.147, 74.878], [112.056, 74.789], [111.772, 74.669], [111.403, 74.691], [110.986, 74.594], [111.052, 74.579], [110.96, 74.548], [110.557, 74.481], [110.332, 74.496], [110.281, 74.478], [110.39, 74.451], [110.363, 74.418], [110.212, 74.372], [109.561, 74.314], [109.98, 74.296], [109.797, 74.162], [108.996, 74.016], [108.551, 73.812], [108.438, 73.82], [108.492, 73.773], [108.067, 73.635], [108.094, 73.663], [108.037, 73.677], [107.749, 73.612], [107.147, 73.618], [107.101, 73.574], [107.17, 73.553], [106.882, 73.444], [106.785, 73.341], [106.232, 73.323], [106.063, 73.273], [106.009, 73.155], [105.874, 73.115], [105.834, 73.002], [105.651, 72.911], [105.29, 72.8], [105.067, 72.786], [105.483, 72.768], [106.036, 72.953], [106.657, 72.832], [107.103, 72.856], [106.255, 72.967], [106.176, 73.094], [106.36, 73.194], [106.776, 73.141], [107.036, 73.182], [107.722, 73.169], [108.092, 73.246], [108.317, 73.222], [108.396, 73.258], [108.198, 73.279], [109.221, 73.387], [109.255, 73.42], [109.209, 73.469], [109.435, 73.427], [109.18, 73.51], [109.194, 73.552], [109.512, 73.458], [109.714, 73.453], [110.104, 73.516], [110.157, 73.546], [110.089, 73.56], [110.124, 73.58], [110.425, 73.607], [110.471, 73.649], [110.932, 73.688], [111.123, 73.62], [111.019, 73.569], [110.827, 73.563], [110.538, 73.406], [110.158, 73.395], [110.536, 73.317], [110.593, 73.263], [110.397, 73.194], [110.77, 73.171], [110.901, 73.05], [110.754, 72.999], [110.837, 72.945], [110.627, 72.895], [110.695, 72.826], [110.609, 72.786], [110.702, 72.65], [111.295, 72.503], [111.057, 72.381], [111.555, 72.316], [111.647, 72.27], [111.618, 72.213], [111.714, 72.206], [111.764, 72.144], [111.996, 72.133], [112.0, 71.408], [112.709, 71.243], [112.519, 71.162], [112.556, 71.097], [112.249, 71.003], [112.076, 71.061], [111.98, 70.989], [111.522, 70.939], [111.335, 70.855], [110.539, 70.801], [110.474, 70.716], [110.103, 70.632], [110.135, 70.56], [110.064, 70.549], [110.111, 70.482], [110.263, 70.427], [109.602, 70.378], [109.535, 70.264], [109.282, 70.212], [109.352, 70.073], [109.509, 70.033], [109.385, 69.929], [109.415, 69.892], [109.367, 69.844], [109.237, 69.776], [108.941, 69.789], [108.871, 69.84], [108.291, 69.857], [108.054, 69.78], [108.015, 69.708], [107.925, 69.681], [106.839, 69.518], [106.59, 69.519], [106.455, 69.571], [106.145, 69.423], [106.89, 68.86], [106.894, 68.109], [106.802, 67.348], [106.667, 67.245], [106.492, 67.284], [106.055, 67.167], [105.993, 67.078], [105.894, 67.044], [105.54, 67.023], [105.687, 66.939], [106.057, 66.896], [106.009, 66.792], [106.184, 66.801], [106.143, 66.74], [106.254, 66.697], [106.244, 66.592], [106.322, 66.479], [106.103, 66.378], [106.117, 66.199], [106.342, 66.152], [106.471, 66.007], [106.482, 65.855], [106.42, 65.671], [106.958, 65.502], [106.829, 65.375], [106.624, 65.393], [106.443, 65.308], [106.426, 65.266], [106.498, 65.205], [106.393, 65.211], [105.99, 65.033], [106.22, 64.857], [105.951, 64.894], [106.007, 64.819], [105.853, 64.797], [105.83, 64.742], [105.875, 64.659], [105.711, 64.664], [105.723, 64.582], [105.806, 64.48], [106.028, 64.514], [106.132, 64.481], [106.067, 64.427], [106.134, 64.404], [106.584, 64.445], [106.567, 64.496], [106.605, 64.513], [106.735, 64.419], [107.222, 64.33], [107.318, 64.251], [107.607, 64.294], [107.856, 64.182], [107.968, 64.17], [108.042, 64.239], [108.306, 64.25], [108.348, 64.298], [108.46, 64.285], [108.534, 64.235], [108.485, 64.2], [108.54, 64.178], [108.495, 64.116], [108.731, 63.984], [108.688, 63.914], [108.766, 63.86], [108.648, 63.787], [108.298, 63.811], [108.265, 63.673], [108.117, 63.622], [108.125, 63.58], [108.571, 63.598], [108.857, 63.537], [109.042, 63.552], [109.223, 63.437], [109.279, 63.349], [109.378, 63.339], [109.381, 63.257], [109.452, 63.223], [109.408, 63.182], [109.453, 63.149], [109.472, 62.932], [109.647, 62.826], [109.473, 62.746], [109.37, 62.577], [109.249, 62.57], [109.267, 62.524], [109.487, 62.411], [109.912, 62.41], [109.895, 62.354], [109.998, 62.285], [109.936, 62.239], [110.0, 62.164], [109.598, 61.87], [109.62, 61.718], [109.87, 61.533], [109.792, 61.325], [110.081, 61.27], [110.19, 61.155], [110.481, 61.159], [110.517, 61.091], [110.447, 60.977], [110.235, 60.825], [110.288, 60.77], [110.267, 60.697], [110.046, 60.668], [110.116, 60.587], [109.923, 60.463], [109.946, 60.402], [109.732, 60.225], [109.694, 60.115], [109.764, 60.027], [109.625, 59.908], [109.645, 59.861], [109.501, 59.759], [109.528, 59.643], [109.268, 59.461], [109.348, 59.41], [109.252, 59.367], [109.261, 59.321], [109.505, 59.293], [109.532, 59.184], [109.634, 59.142], [109.636, 59.066], [109.742, 59.066], [109.815, 58.984], [110.278, 58.984], [110.493, 59.038], [110.589, 59.131], [110.58, 59.191], [110.697, 59.257], [111.001, 59.208], [111.091, 59.237], [111.175, 59.188], [111.297, 59.253], [111.47, 59.267], [111.651, 59.21], [111.764, 59.274], [111.942, 59.274], [112.271, 59.5], [112.333, 59.417], [112.275, 59.365], [112.293, 59.301], [112.631, 59.31], [112.636, 59.27], [112.526, 59.228], [112.451, 59.125], [112.448, 58.928], [112.511, 58.872], [112.616, 58.962], [112.569, 59.067], [112.644, 59.034], [112.916, 59.152], [113.264, 59.157], [113.461, 59.262], [113.472, 59.339], [113.424, 59.383], [113.605, 59.499], [113.592, 59.565], [113.779, 59.609], [113.854, 59.684], [114.038, 59.682], [114.043, 59.737], [114.175, 59.753], [114.309, 59.879], [114.569, 60.001], [114.523, 60.046], [114.543, 60.108], [114.697, 60.219], [114.825, 60.187], [115.238, 60.447], [115.686, 60.526], [116.075, 60.407], [116.599, 60.355], [116.977, 60.154], [117.054, 60.035], [117.296, 60.019], [117.064, 59.913], [117.226, 59.821], [117.198, 59.655], [117.087, 59.591], [117.234, 59.531], [117.598, 59.472], [117.758, 59.539], [117.883, 59.442], [118.058, 59.583], [118.283, 59.609], [118.398, 59.516], [118.749, 59.413], [118.758, 59.333], [118.846, 59.291], [118.689, 59.191], [118.707, 59.064], [118.85, 59.009], [118.786, 58.9], [118.893, 58.805], [118.876, 58.689], [118.776, 58.604], [119.132, 58.472], [119.069, 58.357], [119.124, 58.289], [119.16, 58.042], [119.044, 57.741], [119.156, 57.694], [119.142, 57.533], [119.201, 57.505], [119.321, 57.61], [119.495, 57.586], [119.405, 57.432], [119.686, 57.168], [119.619, 57.095], [119.621, 57.021], [119.78, 56.98], [119.898, 56.889], [119.673, 56.76], [119.866, 56.685], [119.809, 56.598], [119.96, 56.493], [120.266, 56.458], [120.26, 56.395], [120.541, 56.275], [120.527, 56.232], [120.062, 56.138], [120.055, 56.078], [120.163, 55.984], [120.134, 55.909], [120.18, 55.874], [120.319, 55.911], [120.402, 55.865], [120.888, 56.01], [121.207, 56.016], [121.276, 55.946], [121.278, 55.862], [121.354, 55.809], [121.302, 55.732], [121.363, 55.507], [121.548, 55.503], [121.686, 55.597], [121.798, 55.614], [121.891, 55.601], [121.984, 55.476], [121.939, 55.214], [122.024, 55.181], [121.933, 55.121], [121.947, 54.994], [121.67, 54.826], [121.652, 54.741], [121.897, 54.801], [121.924, 54.575], [122.135, 54.428], [121.902, 54.369], [121.814, 54.436], [121.713, 54.415], [121.655, 54.355], [121.753, 54.276], [121.753, 54.144], [121.654, 54.129], [121.634, 54.082], [121.643, 54.012], [121.803, 53.963], [121.926, 53.823], [121.926, 53.723], [121.971, 53.696], [121.947, 53.605], [122.018, 53.521], [122.025, 53.43], [121.203, 53.277], [120.846, 53.273], [120.28, 52.866], [120.033, 52.761], [120.034, 52.625], [120.079, 52.59], [120.454, 52.639], [120.724, 52.542], [120.626, 52.347], [120.758, 52.237], [120.779, 52.118], [120.697, 52.049], [120.711, 51.988], [120.648, 51.911], [120.493, 51.876], [120.1, 51.66], [119.953, 51.398], [119.895, 51.384], [119.916, 51.331], [119.82, 51.275], [119.815, 51.216], [119.762, 51.215], [119.741, 51.072], [119.518, 50.905], [119.497, 50.737], [119.294, 50.599], [119.244, 50.446], [119.133, 50.381], [119.366, 50.311], [119.329, 50.108], [119.19, 50.007], [118.644, 49.955], [117.874, 49.513], [117.769, 49.511], [117.473, 49.614], [117.058, 49.673], [116.722, 49.802], [116.575, 49.922], [116.218, 50.014], [115.716, 49.878], [115.388, 49.891], [114.997, 50.144], [114.754, 50.236], [114.286, 50.277], [113.85, 50.081], [113.58, 50.02], [113.183, 49.802], [113.061, 49.596], [112.777, 49.501], [112.473, 49.534], [112.03, 49.412], [111.661, 49.396], [111.479, 49.343], [111.338, 49.365], [110.688, 49.135], [110.371, 49.242], [110.181, 49.162], [109.729, 49.266], [109.516, 49.256], [109.287, 49.339], [108.538, 49.327], [108.236, 49.532], [108.106, 49.554], [108.016, 49.602], [108.016, 49.656], [107.927, 49.67], [107.947, 49.933], [107.192, 50.006], [107.057, 50.074], [106.974, 50.196], [106.657, 50.327], [106.222, 50.292], [106.056, 50.334], [105.985, 50.4], [105.329, 50.476], [105.106, 50.39], [104.406, 50.301], [104.122, 50.148], [103.785, 50.186], [103.668, 50.131], [103.277, 50.198], [103.202, 50.297], [102.927, 50.303], [102.618, 50.399], [102.513, 50.504], [102.282, 50.591], [102.329, 50.719], [102.217, 50.799], [102.23, 50.979], [102.147, 51.098], [102.135, 51.24], [102.184, 51.324], [101.724, 51.451], [101.35, 51.45], [100.511, 51.727], [99.918, 51.749], [99.71, 51.881], [99.324, 51.934], [98.995, 52.058], [98.932, 52.192], [98.809, 52.196], [98.799, 52.274], [98.646, 52.263], [98.677, 52.37], [98.629, 52.424], [98.806, 52.514], [98.8, 52.606], [98.934, 52.666], [98.938, 52.798], [98.866, 52.793], [98.851, 52.836], [98.929, 52.918], [99.207, 52.853], [99.25, 52.954], [98.989, 53.034], [99.064, 53.097], [98.938, 53.149], [98.303, 53.104], [98.289, 53.223], [98.031, 53.253], [97.958, 53.358], [97.606, 53.373], [97.586, 53.438], [97.448, 53.461], [97.334, 53.594], [97.128, 53.613], [96.885, 53.728], [96.727, 53.705], [96.653, 53.552], [96.444, 53.511], [96.355, 53.561], [96.372, 53.599], [96.288, 53.581], [96.252, 53.616], [96.092, 53.451], [95.757, 53.52], [95.396, 53.372], [95.247, 53.457], [95.053, 53.377], [94.74, 53.383], [94.594, 53.316], [94.701, 53.238], [94.604, 53.176], [94.604, 53.049], [94.512, 52.911], [94.305, 52.904], [94.149, 52.842], [94.071, 52.667], [93.765, 52.439], [93.678, 52.224], [93.36, 52.129], [92.853, 51.833], [92.105, 51.783], [91.558, 51.9], [91.239, 51.882], [91.101, 51.943], [90.849, 51.908], [90.744, 52.063], [90.56, 52.121], [90.488, 52.203], [90.7, 52.458], [91.396, 52.868], [91.351, 53.077], [91.66, 53.158], [91.841, 53.288], [91.846, 53.352], [91.744, 53.447], [91.47, 53.514], [91.327, 53.817], [91.465, 53.966], [91.464, 54.057], [91.252, 54.275], [91.159, 54.488], [90.855, 54.627], [90.915, 54.791], [90.84, 54.839], [90.715, 54.831], [90.685, 54.905], [90.458, 54.871], [90.483, 54.928], [90.436, 55.016], [90.229, 55.066], [90.196, 55.151], [89.658, 55.003], [89.567, 55.058], [89.447, 55.039], [89.392, 54.974], [89.201, 54.99], [89.147, 55.076], [89.038, 55.084], [89.067, 55.132], [88.966, 55.185], [88.95, 55.289], [88.609, 55.446], [88.878, 55.621], [89.37, 55.775], [89.382, 55.833], [89.449, 55.862], [89.311, 55.914], [89.243, 56.044], [89.272, 56.069], [89.056, 56.21], [89.057, 56.302], [88.905, 56.312], [88.915, 56.346], [88.592, 56.444], [88.618, 56.529], [88.503, 56.59], [88.51, 56.625], [88.676, 56.642], [88.741, 56.714], [88.652, 56.742], [88.624, 56.833], [88.722, 57.086], [88.526, 57.122], [88.733, 57.227], [88.872, 57.444], [89.071, 57.51], [89.147, 57.614], [89.38, 57.637], [89.354, 57.796], [89.391, 57.878], [89.328, 57.95], [88.851, 57.961], [88.687, 58.037], [88.13, 58.114], [88.018, 58.243], [87.918, 58.5], [88.392, 58.914], [88.826, 59.035], [88.62, 59.199], [88.61, 59.297], [87.911, 59.268], [87.522, 59.667], [87.191, 59.69], [87.084, 59.883], [86.625, 59.95], [85.968, 59.956], [85.496, 59.892], [84.692, 59.905], [84.529, 59.98], [84.606, 60.046], [84.632, 60.206], [84.784, 60.371], [84.26, 60.856], [84.623, 61.0], [85.671, 61.289], [85.702, 61.306], [85.644, 61.388], [85.968, 61.475], [85.963, 61.545], [85.854, 61.595], [85.722, 61.575], [85.48, 61.628], [85.376, 61.701], [85.273, 61.683], [85.001, 61.785], [84.69, 61.81], [84.523, 61.93], [84.553, 61.999], [84.436, 62.178], [84.872, 62.459], [84.894, 62.541], [85.09, 62.638], [85.225, 62.801], [85.518, 62.933], [85.496, 62.986], [85.586, 63.074], [85.469, 63.149], [85.531, 63.263], [85.672, 63.36], [85.419, 63.349], [85.365, 63.405], [85.378, 63.467], [85.299, 63.517], [85.097, 63.534], [85.032, 63.586], [85.269, 63.651], [85.373, 63.808], [85.534, 63.937], [85.963, 64.066], [85.934, 64.123], [86.03, 64.275], [85.842, 64.459], [85.916, 64.588], [85.81, 64.648], [85.856, 64.763], [85.559, 64.83], [85.149, 64.752], [85.093, 64.811], [84.939, 64.823], [84.967, 64.899], [84.92, 64.928], [84.292, 64.903], [84.279, 64.94], [84.389, 65.008], [84.313, 65.098], [84.584, 65.291], [84.507, 65.395], [84.55, 65.433], [84.498, 65.504], [84.196, 65.595], [84.297, 65.617], [84.319, 65.684], [84.168, 65.703], [84.031, 65.793], [83.592, 65.775], [83.518, 65.822], [83.521, 65.908], [83.293, 66.066], [83.535, 66.193], [83.091, 66.459], [83.089, 66.61], [83.297, 66.673], [83.187, 66.747], [83.162, 66.818], [82.117, 67.244], [82.358, 67.331], [82.251, 67.419], [82.374, 67.481], [82.389, 67.534], [82.11, 67.609], [82.049, 67.655], [82.112, 67.686], [82.1, 67.724], [81.895, 67.789], [81.726, 67.924], [82.365, 67.946], [82.395, 68.177], [82.533, 68.17], [82.574, 68.255], [82.703, 68.298], [82.679, 68.492], [82.469, 68.577], [83.039, 68.667], [82.803, 68.742], [82.787, 68.795], [82.552, 68.827], [82.493, 68.987], [82.329, 69.046], [82.494, 69.105], [82.453, 69.162], [81.841, 69.196], [81.761, 69.252], [81.929, 69.349], [81.685, 69.447], [81.626, 69.415], [81.636, 69.306], [81.571, 69.273], [81.324, 69.286], [80.967, 69.209], [80.734, 69.308], [79.865, 69.349], [79.814, 69.423], [79.65, 69.484], [79.491, 69.654], [79.012, 69.703], [79.13, 69.739], [78.88, 69.88], [79.172, 69.963], [79.134, 70.008], [79.193, 70.01], [79.197, 70.05], [79.355, 70.05], [79.333, 70.148], [79.496, 70.112], [79.717, 70.28], [79.88, 70.278], [80.095, 70.353], [80.095, 70.395], [80.183, 70.393], [80.181, 70.434], [80.569, 70.461], [80.722, 70.391], [80.796, 70.434], [80.61, 70.501], [80.757, 70.656], [80.593, 70.722], [80.686, 70.801], [80.565, 70.86], [80.538, 71.059], [79.954, 71.134], [79.565, 71.277], [79.227, 71.321], [79.143, 71.415], [79.358, 71.494], [79.389, 71.543], [79.338, 71.598], [79.371, 71.612], [79.868, 71.602], [80.102, 71.665], [80.076, 71.765], [80.119, 71.779], [80.036, 71.831], [80.344, 71.885], [79.695, 72.058], [79.436, 72.04], [78.914, 72.116], [78.61, 72.208], [78.665, 72.22], [78.656, 72.258], [78.445, 72.354], [78.498, 72.408], [79.391, 72.386], [80.01, 72.208], [80.835, 72.083], [80.821, 72.025], [80.732, 72.045], [80.814, 72.08]], [[112.871, 75.711], [112.748, 75.698], [112.878, 75.647], [112.789, 75.589], [112.814, 75.557], [113.035, 75.553], [112.993, 75.61], [113.267, 75.651], [113.309, 75.616], [113.255, 75.574], [113.291, 75.551], [113.42672346891585, 75.54043938426304], [113.617, 75.656], [113.068, 75.683], [113.138, 75.711], [112.559, 75.851], [112.337, 75.848], [112.871, 75.711]]], [[[97.603, 78.843], [97.264, 78.853], [96.799, 78.989], [95.673, 79.001], [95.67, 79.069], [95.524, 79.109], [95.018, 79.039], [94.632, 79.127], [94.617, 79.201], [94.334, 79.249], [94.355, 79.316], [94.313, 79.35], [94.362, 79.44], [94.312, 79.479], [94.053, 79.474], [94.081, 79.447], [93.988, 79.427], [93.697, 79.46], [93.991, 79.494], [93.69, 79.542], [93.882, 79.604], [93.721, 79.595], [93.443, 79.501], [93.539, 79.487], [93.236, 79.439], [93.114, 79.467], [93.32, 79.501], [92.854, 79.556], [93.28, 79.552], [94.169, 79.775], [94.69, 79.816], [94.225, 79.899], [94.382, 79.933], [94.321, 79.967], [94.351, 79.977], [94.75, 80.007], [94.952, 80.104], [95.242, 80.022], [95.502, 80.111], [96.174, 80.091], [97.592, 80.175], [98.09, 80.056], [97.848, 79.997], [97.768, 79.946], [97.814, 79.916], [97.521, 79.809], [97.609, 79.777], [97.192, 79.707], [97.247, 79.7], [97.706, 79.763], [97.723, 79.805], [97.918, 79.857], [97.884, 79.877], [97.926, 79.902], [98.377, 79.878], [98.582, 79.976], [98.439, 80.015], [98.515, 80.052], [99.199, 80.05], [99.248, 80.036], [99.158, 80.015], [99.563, 79.967], [99.502, 79.953], [99.803, 79.906], [100.077, 79.783], [99.817, 79.742], [99.886, 79.693], [99.707, 79.569], [99.789, 79.522], [99.686, 79.474], [99.734, 79.42], [99.696, 79.388], [99.748, 79.364], [99.667, 79.312], [99.46, 79.248], [99.035, 79.296], [99.611, 79.159], [99.488, 79.145], [99.527, 79.124], [99.855, 79.09], [99.863, 79.024], [99.947, 78.97], [99.406, 78.822], [98.327, 78.785], [98.083, 78.824], [97.442, 78.817], [97.404, 78.83], [97.603, 78.843]]], [[[97.209, 80.431], [97.206, 80.356], [97.423, 80.327], [97.188, 80.234], [94.53, 80.131], [93.75, 79.997], [92.965, 80.111], [92.066, 80.172], [92.195, 80.208], [92.888, 80.172], [92.281, 80.23], [92.107, 80.29], [93.32, 80.276], [93.244, 80.31], [91.422, 80.31], [91.662, 80.385], [92.628, 80.392], [91.888, 80.46], [92.769, 80.517], [92.825, 80.651], [93.27, 80.797], [92.497, 80.776], [92.731, 80.851], [92.677, 80.879], [93.163, 80.947], [93.053, 80.995], [95.547, 81.221], [95.034, 81.249], [95.104, 81.271], [95.777, 81.289], [96.02, 81.234], [95.968, 81.205], [96.135, 81.202], [96.555, 81.077], [96.544, 81.03], [96.733, 81.008], [96.644, 80.988], [96.766, 80.95], [97.411, 80.837], [97.755, 80.829], [97.789, 80.817], [97.747, 80.796], [97.884, 80.769], [97.747, 80.742], [97.973, 80.721], [97.131, 80.666], [97.192, 80.645], [97.047, 80.584], [97.021, 80.526], [97.149, 80.487], [97.209, 80.431]]], [[[102.681, 78.213], [102.607, 78.226], [101.21, 78.194], [100.037, 77.962], [99.515, 77.944], [99.371, 77.96], [99.426, 77.987], [99.268, 78.042], [99.426, 78.076], [99.543, 78.18], [99.755, 78.265], [100.05, 78.343], [100.001, 78.418], [100.276, 78.58], [100.255, 78.665], [100.385, 78.752], [100.602, 78.798], [101.166, 78.761], [100.824, 78.809], [100.785, 78.895], [100.907, 78.985], [101.07, 79.035], [101.592, 78.977], [101.626, 78.987], [100.988, 79.063], [101.043, 79.133], [101.196, 79.147], [101.126, 79.165], [101.194, 79.203], [101.557, 79.254], [101.544, 79.341], [101.818, 79.371], [101.961, 79.261], [102.246, 79.242], [102.14, 79.357], [102.303, 79.433], [102.894, 79.381], [103.153, 79.31], [102.825, 79.227], [102.86, 79.22], [102.743, 79.159], [102.798, 79.138], [102.674, 79.077], [102.691, 79.032], [102.379, 78.822], [102.666, 78.892], [102.921, 79.058], [103.144, 79.058], [103.573, 79.17], [103.808, 79.154], [104.001, 79.128], [104.023, 79.097], [103.976, 79.063], [104.073, 79.005], [104.455, 78.967], [104.525, 78.885], [104.367, 78.857], [104.655, 78.83], [104.579, 78.775], [104.725, 78.791], [104.759, 78.853], [105.175, 78.809], [105.344, 78.642], [105.334, 78.605], [105.416, 78.583], [105.357, 78.506], [104.787, 78.336], [104.353, 78.341], [103.713, 78.256], [103.016, 78.256], [102.66, 78.164], [102.681, 78.213]]], [[[92.353, 79.734], [92.099, 79.81], [91.073, 79.851], [91.299, 79.919], [91.018, 79.967], [91.182, 79.995], [91.114, 80.049], [90.867, 80.063], [92.424, 80.031], [93.814, 79.899], [93.67, 79.832], [92.625, 79.673], [91.922, 79.679], [91.97, 79.693], [91.916, 79.707], [91.945, 79.716], [92.353, 79.734]]], [[[110.021, 74.014], [110.581, 73.991], [110.959, 73.909], [111.103, 73.95], [111.076, 73.998], [111.159, 74.037], [111.582, 74.026], [111.223, 73.993], [111.281, 73.86], [110.878, 73.768], [110.664, 73.787], [110.287, 73.706], [109.752, 73.683], [109.787, 73.669], [109.613, 73.708], [109.536, 73.821], [109.82, 73.877], [109.887, 73.961], [110.021, 74.014]]], [[[79.537, 72.726], [78.883, 72.747], [78.585, 72.842], [79.173, 73.101], [79.56, 72.908], [79.491, 72.908], [79.572, 72.741], [79.537, 72.726]]], [[[91.333, 81.081], [89.996, 81.105], [89.894, 81.174], [90.072, 81.215], [91.455, 81.193], [91.574, 81.136], [91.333, 81.081]]], [[[79.128, 80.807], [78.975, 80.843], [79.211, 80.961], [80.437, 80.94], [80.326, 80.861], [79.128, 80.807]]], [[[96.589, 77.144], [96.235, 76.99], [95.684, 76.952], [95.951, 77.014], [95.232, 77.006], [96.462, 77.21], [96.589, 77.144]]], [[[96.363, 76.264], [96.424, 76.212], [96.246, 76.205], [96.396, 76.178], [96.321, 76.136], [96.345, 76.105], [96.181, 76.155], [95.266, 76.219], [95.35, 76.289], [95.57, 76.238], [95.812, 76.303], [96.068, 76.28], [96.104, 76.232], [96.283, 76.309], [96.644, 76.267], [96.596, 76.157], [96.549, 76.163], [96.52, 76.191], [96.562, 76.232], [96.467, 76.267], [96.363, 76.264]]], [[[76.14, 79.639], [76.269, 79.604], [76.482, 79.644], [77.614, 79.522], [76.641, 79.487], [76.699, 79.518], [76.174, 79.569], [76.051, 79.649], [76.224, 79.657], [76.277, 79.645], [76.14, 79.639]]], [[[81.688, 75.277], [81.492, 75.362], [81.752, 75.463], [81.793, 75.465], [81.739, 75.383], [81.94, 75.394], [81.869, 75.444], [81.951, 75.465], [81.897, 75.492], [82.171, 75.52], [82.13, 75.457], [82.165, 75.438], [82.013, 75.444], [82.204, 75.415], [82.294, 75.334], [82.041, 75.338], [82.045, 75.256], [81.985, 75.177], [81.907, 75.208], [81.871, 75.316], [81.712, 75.314], [81.688, 75.277]]], [[[86.598, 74.917], [86.501, 74.931], [86.524, 74.987], [86.619, 74.951], [87.029, 74.992], [87.139, 74.937], [86.994, 74.884], [86.687, 74.896], [86.947, 74.841], [86.872, 74.82], [86.32, 74.851], [86.213, 74.903], [86.598, 74.917]]], [[[89.493, 77.141], [89.135, 77.218], [89.304, 77.308], [89.604, 77.313], [89.817, 77.211], [89.747, 77.164], [89.493, 77.141]]], [[[107.391, 78.102], [106.395, 78.131], [107.338, 78.191], [107.704, 78.137], [107.574, 78.068], [107.391, 78.102]]], [[[83.147, 70.65], [83.257, 70.801], [83.469, 70.738], [83.305, 70.645], [83.259, 70.549], [83.31, 70.443], [83.065, 70.365], [83.132, 70.434], [83.147, 70.65]]], [[[112.508, 76.541], [112.714, 76.52], [112.576, 76.5], [112.601, 76.445], [112.463, 76.455], [112.31, 76.534], [111.959, 76.602], [112.021, 76.61], [111.985, 76.618], [112.272, 76.616], [112.367, 76.658], [112.528, 76.623], [112.487, 76.602], [112.57, 76.555], [112.508, 76.541]]], [[[83.62, 74.091], [83.396, 74.075], [83.466, 74.047], [83.392, 74.036], [82.814, 74.094], [83.18, 74.155], [83.62, 74.091]]], [[[106.621, 78.286], [106.194, 78.193], [105.991, 78.219], [106.069, 78.271], [106.338, 78.266], [106.47, 78.343], [106.766, 78.308], [106.733, 78.266], [106.621, 78.286]]], [[[85.803, 74.574], [85.939, 74.582], [86.202, 74.534], [86.113, 74.487], [85.968, 74.512], [86.009, 74.492], [85.858, 74.444], [85.658, 74.471], [85.803, 74.574]]], [[[89.019, 77.013], [88.816, 76.985], [88.664, 77.08], [88.786, 77.124], [89.136, 77.127], [88.969, 77.039], [89.019, 77.013]]], [[[107.73, 77.337], [107.72, 77.277], [107.345, 77.233], [107.205, 77.234], [107.457, 77.281], [107.28, 77.302], [107.395, 77.36], [107.73, 77.337]]], [[[85.501, 74.465], [85.248, 74.476], [85.148, 74.537], [85.237, 74.575], [85.645, 74.546], [85.495, 74.499], [85.501, 74.465]]], [[[82.259, 75.972], [82.657, 75.999], [83.297, 75.943], [82.316, 75.947], [82.259, 75.972]]], [[[79.614, 74.602], [79.532, 74.526], [79.191, 74.588], [79.149, 74.608], [79.317, 74.591], [79.183, 74.629], [79.244, 74.659], [79.614, 74.602]]], [[[95.89, 76.651], [96.468, 76.708], [96.253, 76.616], [95.944, 76.61], [95.89, 76.651]]], [[[96.787, 76.212], [96.93, 76.262], [97.041, 76.239], [96.761, 76.176], [96.726, 76.26], [96.877, 76.322], [96.854, 76.356], [97.075, 76.308], [96.86, 76.272], [96.787, 76.212]]], [[[83.912, 73.994], [83.885, 74.019], [84.418, 74.04], [84.328, 74.013], [84.418, 73.97], [83.912, 73.994]]], [[[85.097, 74.756], [85.635, 74.803], [85.706, 74.731], [85.097, 74.756]]], [[[106.701, 77.384], [106.525, 77.39], [106.56, 77.438], [106.73, 77.47], [106.943, 77.459], [106.701, 77.384]]], [[[82.318, 74.117], [82.568, 74.163], [82.74, 74.101], [82.353, 74.081], [82.318, 74.117]]], [[[86.906, 73.704], [86.762, 73.604], [86.399, 73.594], [86.906, 73.704]]], [[[100.31, 79.666], [99.906, 79.604], [99.983, 79.698], [100.31, 79.666]]], [[[97.335, 76.109], [97.047, 76.006], [96.699, 75.996], [97.335, 76.109]]], [[[95.327, 76.664], [94.818, 76.654], [95.122, 76.719], [95.327, 76.664]]], [[[94.999, 76.273], [94.855, 76.239], [94.904, 76.212], [94.781, 76.181], [94.41, 76.212], [94.779, 76.211], [94.745, 76.26], [94.999, 76.273]]], [[[84.542, 74.457], [84.768, 74.41], [84.387, 74.458], [84.592, 74.499], [84.935, 74.482], [84.542, 74.457]]], [[[97.596, 76.602], [97.315, 76.61], [97.387, 76.654], [97.288, 76.692], [97.446, 76.715], [97.485, 76.63], [97.596, 76.602]]], [[[97.161, 76.754], [97.639, 76.773], [97.648, 76.749], [97.46, 76.718], [97.161, 76.754]]], [[[91.785, 79.42], [92.471, 79.433], [92.272, 79.405], [92.305, 79.392], [91.785, 79.42]]], [[[95.835, 76.692], [95.529, 76.649], [95.417, 76.705], [95.835, 76.692]]], [[[93.994, 79.965], [93.93, 79.974], [93.984, 80.015], [94.328, 80.029], [93.994, 79.965]]], [[[93.921, 78.157], [93.629, 78.157], [93.6, 78.188], [93.793, 78.203], [93.921, 78.157]]], [[[113.262, 76.397], [113.447, 76.369], [113.118, 76.377], [113.208, 76.433], [113.309, 76.423], [113.262, 76.397]]], [[[92.724, 79.077], [92.517, 79.08], [92.182, 79.131], [92.213, 79.14], [92.724, 79.077]]], [[[96.383, 76.335], [96.767, 76.335], [96.685, 76.294], [96.383, 76.335]]], [[[92.792, 79.383], [92.587, 79.42], [92.991, 79.42], [92.792, 79.383]]], [[[93.944, 76.616], [94.362, 76.575], [93.868, 76.589], [93.944, 76.616]]], [[[95.197, 76.164], [95.102, 76.155], [95.006, 76.178], [95.102, 76.225], [95.197, 76.164]]], [[[82.259, 75.876], [82.223, 75.86], [81.554, 75.931], [82.259, 75.876]]], [[[90.794, 79.564], [91.144, 79.537], [91.531, 79.449], [91.195, 79.515], [90.794, 79.564]]], [[[82.15, 75.095], [82.057, 75.118], [82.027, 75.129], [82.113, 75.159], [82.15, 75.095]]], [[[91.866, 77.629], [92.11, 77.622], [91.911, 77.6], [91.866, 77.629]]], [[[105.912, 77.276], [105.785, 77.281], [106.011, 77.287], [105.912, 77.276]]], [[[106.457, 77.322], [106.429, 77.311], [106.333, 77.322], [106.457, 77.322]]]]}}, {"type": "Feature", "properties": {"name": "strelets_1698", "name_ru": "Стрелецкое выступление 1698", "people": "русские", "from": "1698-06-01", "to": "1698-06-01", "from_raw": "1698-06", "to_raw": "1698-06", "territory": "Подмосковье", "kind": "military", "kind_ru": "выступление войск", "event": "выступление четырёх старых полков против реформ Петра I, разбито новой регулярной армией", "source": "Атлас російського імперіалізму та колоніалізму (УІФ, 2026), розд. 31, п. 19", "confidence": "высокая", "note": "", "paint": "none", "hold_from": "", "hold_to": "", "hold_note": "", "geometry_source": "city:Москва", "approximate": true}, "geometry": {"type": "Polygon", "coordinates": [[[37.964, 55.754], [37.861, 55.507], [37.614, 55.404], [37.367, 55.507], [37.264, 55.754], [37.367, 56.001], [37.614, 56.104], [37.861, 56.001], [37.964, 55.754]]]}}, {"type": "Feature", "properties": {"name": "koryak_itelmen_1699", "name_ru": "Сопротивление коряков и ительменов 1699-1757", "people": "коряки, ительмены, чукчи, юкагиры", "from": "1699-01-01", "to": "1757-01-01", "from_raw": "1699", "to_raw": "1757", "territory": "Камчатка, северное побережье Охотского моря", "kind": "national", "kind_ru": "антиколониальное национальное выступление", "event": "освободительная борьба началась сразу после захвата полуострова: в 1699, 1700, 1705 и 1708 гг. коряки и ительмены уничтожали русские отряды, в 1706 г. сожгли Большерецкий острог; за 1700-1716 гг. зафиксировано 31 вооружённое столкновение (15 выиграли русские, 10 - коряки, 6 вничью)", "source": "Атлас російського імперіалізму та колоніалізму (УІФ, 2026), розд. 37, п. 1", "confidence": "высокая", "note": "захват крепости «Великий Посад» в 1714 г. после полугодовой осады переломил борьбу; вторая волна - 1731-1733 гг.; выступление 1745-1757 гг. во главе с Евонтой Косинским освободило от русского господства всё северное побережье Охотского моря, и только после его разгрома силой Камчатка окончательно вошла в состав империи", "paint": "none", "hold_from": "", "hold_to": "", "hold_note": "", "geometry_source": "ne:Russia:Kamchatka|Maga Buryatdan", "approximate": true}, "geometry": {"type": "MultiPolygon", "coordinates": [[[[174.073, 61.842], [174.021, 61.797], [174.107, 61.78], [173.805, 61.65], [173.802, 61.692], [173.545, 61.749], [173.474, 61.643], [173.481, 61.555], [173.331, 61.547], [173.286, 61.465], [173.128, 61.397], [172.897, 61.472], [172.716, 61.431], [172.931, 61.352], [172.955, 61.314], [172.895, 61.278], [172.668, 61.334], [172.767, 61.263], [172.647, 61.191], [172.386, 61.227], [172.338, 61.211], [172.434, 61.143], [172.243, 61.143], [172.476, 61.056], [172.263, 61.015], [172.009, 61.101], [172.201, 60.976], [172.047, 60.861], [172.007, 60.855], [172.004, 60.936], [171.958, 60.953], [171.949, 60.848], [171.537, 60.807], [171.633, 60.745], [171.413, 60.69], [171.468, 60.731], [171.396, 60.783], [171.372, 60.643], [171.179, 60.559], [170.751, 60.529], [170.811, 60.498], [170.717, 60.428], [170.516, 60.451], [170.662, 60.332], [170.502, 60.273], [170.401, 59.966], [170.265, 59.92], [170.119, 59.968], [170.119, 60.019], [169.956, 60.059], [169.849, 60.182], [169.975, 60.232], [169.755, 60.276], [169.693, 60.416], [169.264, 60.55], [169.371, 60.567], [169.214, 60.629], [169.133, 60.587], [169.167, 60.567], [168.65, 60.553], [168.28, 60.596], [167.838, 60.511], [167.768, 60.553], [167.772, 60.497], [167.592, 60.445], [167.48, 60.468], [167.434, 60.42], [167.336, 60.471], [167.374, 60.406], [167.282, 60.416], [167.306, 60.393], [167.192, 60.355], [167.025, 60.428], [167.048, 60.328], [166.898, 60.3], [166.932, 60.259], [166.245, 59.831], [166.11, 59.827], [166.103, 59.909], [166.175, 60.12], [166.285, 60.197], [166.233, 60.396], [166.313, 60.393], [166.373, 60.499], [166.013, 60.44], [165.924, 60.382], [165.98, 60.376], [166.041, 60.423], [166.081, 60.437], [166.212, 60.457], [165.671, 60.252], [165.461, 60.219], [165.445, 60.259], [165.445, 60.197], [165.229, 60.097], [165.16, 60.129], [165.192, 60.17], [165.082, 60.113], [164.999, 60.135], [165.024, 60.072], [165.13, 60.084], [165.212, 59.991], [165.014, 59.848], [164.839, 59.787], [164.702, 59.981], [164.489, 60.111], [164.321, 60.089], [164.369, 60.025], [164.339, 59.992], [164.118, 59.941], [164.109, 59.903], [164.19, 59.854], [164.042, 59.908], [164.205, 59.998], [163.629, 60.047], [163.683, 59.974], [163.794, 59.991], [163.688, 59.898], [163.535, 59.905], [163.362, 59.827], [163.39, 59.632], [163.18, 59.558], [163.21, 59.56], [163.171, 59.506], [163.321, 59.411], [163.313, 59.288], [163.244, 59.238], [163.286, 59.299], [163.133, 59.291], [163.067, 59.234], [163.262, 59.081], [163.164, 59.034], [163.165, 59.097], [163.074, 59.142], [162.883, 59.133], [163.078, 59.008], [163.069, 58.968], [162.878, 58.906], [162.92, 58.972], [162.89, 58.979], [162.816, 58.887], [162.677, 58.874], [162.786, 58.874], [162.788, 58.832], [162.405, 58.654], [162.17, 58.406], [161.993, 58.087], [162.026, 57.929], [162.082, 57.882], [162.456, 57.784], [162.355, 57.689], [162.522, 57.754], [162.491, 57.887], [162.53, 57.937], [162.69, 57.97], [163.004, 57.838], [163.219, 57.813], [163.33, 57.709], [163.242, 57.67], [163.243, 57.595], [163.075, 57.461], [162.8, 57.346], [162.786, 57.145], [162.86, 57.051], [162.79, 56.922], [162.784, 56.763], [162.967, 56.704], [163.239, 56.733], [163.281, 56.688], [163.239, 56.623], [163.278, 56.564], [163.25, 56.451], [163.353, 56.322], [163.366, 56.181], [163.118, 56.106], [163.051, 56.005], [162.822, 56.056], [162.638, 56.221], [162.557, 56.229], [163.116, 56.501], [163.02, 56.538], [162.91, 56.426], [162.683, 56.484], [162.414, 56.384], [162.593, 56.268], [162.057, 56.069], [162.077, 56.022], [161.764, 55.555], [161.748, 55.376], [161.813, 55.179], [161.875, 55.079], [162.152, 54.863], [162.107, 54.825], [162.128, 54.76], [161.724, 54.509], [161.312, 54.49], [161.151, 54.597], [160.741, 54.535], [160.053, 54.176], [159.902, 53.982], [159.844, 53.797], [159.867, 53.694], [159.818, 53.66], [159.915, 53.591], [159.873, 53.666], [159.931, 53.645], [159.96, 53.497], [159.791, 53.516], [159.975, 53.332], [159.915, 53.269], [159.969, 53.215], [160.018, 53.265], [160.059, 53.097], [159.771, 53.204], [159.825, 53.283], [159.164, 53.135], [158.709, 52.892], [158.592, 53.062], [158.438, 53.025], [158.436, 52.92], [158.53, 52.906], [158.506, 52.947], [158.647, 52.899], [158.5, 52.779], [158.599, 52.714], [158.565, 52.647], [158.5, 52.621], [158.421, 52.659], [158.427, 52.594], [158.524, 52.57], [158.53, 52.488], [158.421, 52.412], [158.543, 52.421], [158.571, 52.392], [158.503, 52.358], [158.558, 52.313], [158.39, 52.226], [158.427, 52.184], [158.319, 52.13], [158.287, 51.968], [158.015, 51.766], [157.913, 51.631], [157.537, 51.486], [157.476, 51.361], [157.352, 51.33], [156.67, 50.864], [156.762, 50.984], [156.762, 51.078], [156.708, 51.088], [156.722, 51.195], [156.524, 51.312], [156.439, 52.216], [156.282, 52.529], [156.371, 52.49], [156.372, 52.447], [156.447, 52.511], [156.266, 52.598], [156.111, 52.935], [155.955, 53.786], [155.728, 54.427], [155.551, 55.284], [155.686, 56.039], [155.762, 56.119], [155.947, 56.622], [156.125, 56.832], [156.174, 56.846], [156.083, 56.767], [156.064, 56.716], [156.206, 56.854], [156.461, 56.948], [156.552, 57.109], [156.684, 57.048], [157.001, 57.426], [156.931, 57.658], [156.82, 57.736], [156.749, 57.73], [156.981, 57.857], [157.242, 57.77], [157.47, 57.804], [157.64, 58.025], [157.947, 57.983], [158.225, 58.025], [158.338, 57.953], [158.295, 58.025], [158.229, 58.039], [159.153, 58.508], [159.237, 58.468], [159.194, 58.542], [159.504, 58.697], [159.728, 58.883], [159.73, 59.011], [159.803, 59.096], [160.336, 59.361], [160.497, 59.552], [160.847, 59.618], [161.284, 59.871], [161.467, 60.032], [161.897, 60.203], [161.948, 60.27], [161.893, 60.303], [161.939, 60.417], [162.206, 60.538], [162.754, 60.646], [162.917, 60.76], [163.325, 60.805], [163.315, 60.722], [163.436, 60.832], [163.751, 60.883], [163.774, 60.919], [163.734, 60.939], [163.487, 61.002], [163.618, 61.059], [163.666, 61.145], [163.933, 61.235], [164.029, 61.347], [163.952, 61.435], [163.751, 61.443], [163.866, 61.647], [164.045, 61.683], [164.127, 62.262], [164.418, 62.353], [164.538, 62.451], [165.225, 62.383], [165.297, 62.323], [165.287, 62.366], [165.124, 62.451], [165.651, 62.459], [165.11, 62.485], [164.766, 62.558], [164.598, 62.673], [164.447, 62.689], [164.055, 62.656], [163.908, 62.584], [163.764, 62.602], [163.476, 62.545], [163.399, 62.576], [163.168, 62.432], [163.369, 62.328], [163.232, 62.311], [163.091, 62.227], [163.15, 62.113], [163.105, 62.08], [163.193, 62.067], [163.026, 61.921], [163.058, 61.898], [162.977, 61.8], [163.343, 61.706], [163.327, 61.658], [163.112, 61.616], [163.076, 61.585], [163.112, 61.548], [163.017, 61.517], [162.86, 61.603], [162.943, 61.65], [162.839, 61.708], [162.623, 61.659], [162.775, 61.594], [162.417, 61.676], [161.986, 61.373], [161.888, 61.431], [161.89, 61.336], [161.807, 61.372], [161.802, 61.317], [161.596, 61.255], [161.567, 61.184], [161.471, 61.196], [161.412, 61.152], [161.446, 61.121], [160.915, 60.9], [160.792, 60.718], [160.687, 60.76], [160.636, 60.716], [160.41, 60.706], [160.431, 60.749], [160.358, 60.659], [160.186, 60.578], [160.136, 60.602], [160.147, 60.662], [160.22, 60.665], [160.252, 60.772], [160.17, 60.825], [160.254, 60.825], [160.241, 60.875], [160.358, 60.911], [160.444, 61.036], [160.202, 61.038], [159.899, 60.916], [159.798, 60.931], [160.0, 61.106], [159.918, 61.214], [159.943, 61.244], [159.776, 61.242], [159.819, 61.289], [159.996, 61.284], [159.91, 61.314], [160.107, 61.43], [160.035, 61.459], [160.285, 61.554], [160.26, 61.625], [160.319, 61.667], [160.259, 61.69], [160.414, 61.765], [160.362, 61.814], [160.4, 61.831], [160.346, 61.945], [160.039, 61.846], [159.881, 61.705], [159.708, 61.721], [159.708, 61.685], [159.577, 61.653], [159.512, 61.7], [159.566, 61.817], [159.478, 61.764], [159.356, 61.817], [159.394, 61.876], [159.212, 61.912], [158.921, 61.903], [158.837, 61.821], [158.548, 61.83], [158.485, 61.79], [158.26, 61.826], [158.08, 61.734], [157.465, 61.782], [157.365, 61.685], [157.028, 61.651], [156.924, 61.552], [156.679, 61.524], [156.624, 61.371], [156.655, 61.197], [156.547, 61.209], [156.374, 61.149], [155.943, 60.923], [155.973, 60.905], [155.917, 60.859], [155.914, 60.704], [155.83, 60.729], [155.492, 60.582], [155.48, 60.534], [155.3, 60.511], [154.821, 60.3], [154.536, 60.053], [154.488, 59.946], [154.499, 60.029], [154.564, 60.094], [154.408, 60.063], [154.473, 59.879], [154.221, 59.87], [154.229, 59.73], [154.368, 59.575], [154.22, 59.664], [154.197, 59.583], [154.075, 59.509], [154.138, 59.457], [154.298, 59.443], [154.402, 59.535], [154.38, 59.47], [154.427, 59.421], [154.537, 59.423], [154.436, 59.484], [154.429, 59.547], [154.554, 59.513], [154.644, 59.543], [154.878, 59.461], [154.963, 59.496], [155.21, 59.344], [155.216, 59.305], [155.158, 59.296], [155.197, 59.237], [155.15, 59.222], [155.194, 59.176], [154.813, 59.194], [154.791, 59.131], [154.438, 59.216], [154.333, 59.192], [154.358, 59.111], [154.049, 59.053], [153.692, 59.185], [153.769, 59.247], [153.648, 59.191], [153.369, 59.241], [153.348, 59.154], [153.284, 59.149], [153.35, 59.134], [153.337, 59.09], [153.007, 59.061], [152.9, 58.904], [152.557, 58.95], [152.363, 59.06], [152.02, 58.875], [151.354, 58.833], [151.236, 58.998], [151.088, 59.102], [151.217, 59.092], [151.438, 59.17], [151.924, 59.138], [152.322, 59.207], [152.137, 59.296], [151.979, 59.265], [151.734, 59.307], [151.77, 59.35], [151.666, 59.459], [151.396, 59.604], [151.322, 59.556], [150.907, 59.559], [150.942, 59.461], [150.78, 59.432], [150.74, 59.44], [150.766, 59.484], [150.504, 59.489], [150.774, 59.562], [150.601, 59.541], [150.306, 59.646], [149.375, 59.772], [149.327, 59.759], [149.379, 59.725], [149.041, 59.643], [149.104, 59.592], [149.081, 59.56], [149.201, 59.525], [149.212, 59.469], [148.892, 59.467], [148.84, 59.501], [148.888, 59.546], [148.846, 59.553], [148.743, 59.472], [148.736, 59.368], [148.865, 59.405], [148.861, 59.354], [148.916, 59.395], [148.99, 59.375], [148.934, 59.317], [148.964, 59.273], [148.935, 59.233], [148.842, 59.277], [148.788, 59.236], [148.437, 59.262], [148.394, 59.379], [148.219, 59.409], [147.845, 59.377], [147.789, 59.344], [147.847, 59.297], [147.826, 59.27], [147.591, 59.304], [147.546, 59.238], [147.271, 59.332], [146.887, 59.365], [147.102, 59.424], [147.159, 59.641], [147.087, 59.691], [147.148, 59.752], [147.103, 59.807], [147.117, 59.88], [146.998, 59.948], [146.776, 59.906], [146.645, 59.99], [146.676, 60.102], [146.454, 60.132], [146.46, 60.187], [146.374, 60.271], [145.793, 60.198], [145.594, 60.307], [145.568, 60.345], [145.637, 60.382], [145.53, 60.415], [145.51, 60.464], [145.62, 60.557], [145.875, 60.614], [146.06, 60.737], [146.404, 60.666], [146.476, 60.728], [146.486, 60.933], [146.701, 60.959], [146.732, 61.007], [146.666, 61.066], [146.741, 61.097], [146.75, 61.216], [146.683, 61.313], [146.768, 61.403], [146.615, 61.434], [146.58, 61.641], [146.365, 61.771], [146.348, 61.831], [145.891, 62.025], [145.801, 62.009], [145.722, 62.06], [145.484, 61.956], [145.168, 61.965], [144.945, 62.063], [144.745, 62.047], [144.719, 62.082], [144.991, 62.171], [144.98, 62.244], [145.174, 62.276], [145.126, 62.309], [145.179, 62.337], [145.176, 62.442], [145.124, 62.49], [145.482, 62.553], [145.389, 62.612], [145.429, 62.651], [145.326, 62.754], [145.366, 62.91], [145.271, 63.023], [145.3, 63.104], [145.252, 63.19], [145.451, 63.528], [145.641, 63.667], [145.622, 63.78], [145.556, 63.828], [146.109, 63.942], [146.316, 64.074], [146.39, 64.207], [146.996, 64.147], [147.267, 64.053], [147.338, 64.082], [147.298, 64.129], [147.623, 64.168], [147.663, 64.116], [147.61, 64.037], [147.767, 64.014], [147.796, 63.947], [147.876, 63.976], [147.938, 63.944], [148.121, 64.056], [148.129, 64.119], [148.259, 64.24], [148.001, 64.363], [148.056, 64.395], [148.023, 64.431], [148.161, 64.458], [148.303, 64.554], [148.613, 64.421], [149.098, 64.441], [149.219, 64.408], [149.816, 64.567], [150.086, 64.489], [150.026, 64.359], [150.193, 64.224], [150.609, 64.166], [150.631, 64.331], [151.175, 64.376], [151.315, 64.36], [151.392, 64.296], [151.48, 64.436], [152.016, 64.504], [152.134, 64.446], [152.097, 64.366], [152.232, 64.362], [152.414, 64.407], [152.335, 64.516], [152.748, 64.686], [152.675, 64.78], [152.55, 64.818], [152.564, 64.864], [152.5, 64.938], [152.654, 65.034], [152.609, 65.152], [152.688, 65.233], [153.116, 65.27], [153.462, 65.363], [153.524, 65.419], [153.399, 65.497], [153.531, 65.706], [153.456, 65.766], [153.483, 65.826], [153.698, 65.886], [154.019, 65.876], [154.083, 65.797], [154.26, 65.834], [154.382, 65.944], [154.354, 66.038], [154.216, 66.065], [154.395, 66.205], [154.548, 66.238], [154.885, 66.134], [155.17, 66.209], [155.32, 66.142], [155.773, 66.177], [155.958, 66.096], [156.336, 66.063], [156.631, 66.203], [156.973, 66.033], [156.927, 65.965], [157.124, 65.915], [157.39, 65.93], [157.373, 65.996], [157.718, 66.112], [158.124, 66.156], [158.477, 66.115], [158.391, 66.249], [158.529, 66.359], [159.198, 66.211], [159.195, 66.152], [158.929, 65.896], [158.939, 65.814], [158.89, 65.785], [158.922, 65.743], [160.027, 65.515], [160.17, 65.451], [160.209, 65.348], [160.52, 65.166], [161.348, 65.123], [161.69, 64.994], [161.784, 64.838], [161.867, 64.813], [162.554, 64.747], [162.736, 64.661], [162.997, 64.649], [163.117, 64.693], [163.116, 64.801], [163.345, 64.818], [163.503, 64.928], [163.873, 64.865], [164.188, 64.934], [164.798, 64.772], [164.882, 64.686], [165.019, 64.694], [165.028, 64.842], [165.263, 64.851], [165.359, 64.761], [165.684, 64.754], [165.743, 64.679], [165.89, 64.617], [165.82, 64.59], [165.871, 64.555], [166.199, 64.609], [166.807, 64.533], [167.237, 64.624], [167.373, 64.494], [167.508, 64.478], [167.714, 64.341], [168.026, 64.286], [168.152, 64.291], [168.223, 64.346], [168.499, 64.317], [168.625, 64.214], [168.778, 64.185], [168.86, 64.027], [169.112, 63.952], [169.354, 63.946], [169.37, 63.874], [169.547, 63.816], [169.598, 63.656], [169.513, 63.629], [169.492, 63.568], [169.205, 63.516], [168.788, 63.3], [168.778, 63.241], [168.687, 63.24], [168.722, 63.192], [168.605, 63.189], [168.464, 63.078], [168.926, 62.944], [169.127, 62.973], [169.842, 62.655], [170.078, 62.661], [169.986, 62.545], [170.091, 62.487], [170.041, 62.447], [170.262, 62.285], [170.423, 62.314], [170.848, 62.248], [171.078, 62.289], [171.032, 62.336], [171.218, 62.369], [171.26, 62.326], [171.358, 62.357], [171.486, 62.312], [171.857, 62.381], [172.055, 62.467], [172.294, 62.403], [172.487, 62.44], [172.853, 62.331], [172.903, 62.393], [173.171, 62.395], [173.504, 62.534], [173.688, 62.535], [173.806, 62.514], [173.872, 62.441], [174.08, 62.447], [174.093, 62.34], [174.01, 62.278], [174.112, 62.189], [174.107, 62.078], [174.319, 62.097], [174.468, 61.984], [174.45, 61.913], [174.511, 61.867], [174.155, 61.801], [174.193, 61.817], [174.073, 61.842]]], [[[164.256, 58.799], [164.161, 58.822], [163.585, 58.558], [163.49, 58.445], [163.413, 58.535], [163.611, 58.607], [163.78, 58.81], [163.782, 58.894], [163.913, 58.994], [163.696, 58.992], [163.749, 59.019], [164.283, 59.114], [164.558, 59.24], [164.734, 59.023], [164.632, 58.865], [164.408, 58.865], [164.256, 58.799]]], [[[166.356, 54.84], [166.195, 54.945], [165.993, 55.222], [165.746, 55.297], [165.94, 55.365], [166.254, 55.332], [166.288, 55.304], [166.226, 55.25], [166.25, 55.152], [166.448, 54.961], [166.65, 54.845], [166.655, 54.702], [166.502, 54.78], [166.5, 54.825], [166.356, 54.84]]], [[[167.439, 54.866], [167.734, 54.763], [168.111, 54.516], [167.501, 54.785], [167.439, 54.866]]], [[[150.699, 59.14], [150.779, 59.11], [150.611, 59.006], [150.472, 59.004], [150.699, 59.14]]], [[[149.103, 59.162], [149.034, 59.169], [149.118, 59.21], [149.141, 59.208], [149.103, 59.162]]], [[[155.567, 59.34], [155.6, 59.319], [155.508, 59.328], [155.567, 59.34]]]]}}, {"type": "Feature", "properties": {"name": "bashkir_1704", "name_ru": "Башкирское восстание 1704-1711", "people": "башкиры", "from": "1704-01-01", "to": "1711-01-01", "from_raw": "1704", "to_raw": "1711", "territory": "Башкортостан, Зауралье, Прикамье", "kind": "national", "kind_ru": "антиколониальное национальное выступление", "event": "выступление во главе с Алдаром Исекеевым против новых налогов, религиозного давления и рекрутчины; в 1708 г. повстанцы объявили о создании Башкирской орды во главе с ханом, башкирские войска держали территорию от Казани до Зауралья и нанесли империи ряд поражений", "source": "Атлас російського імперіалізму та колоніалізму (УІФ, 2026), розд. 37, п. 2", "confidence": "высокая", "note": "на стороне повстанцев выступили каракалпаки, на стороне войск империи - калмыки; юридически довоенное положение восстановлено только в 1722 г.", "paint": "shown_elsewhere", "hold_from": "1708-01-01", "hold_to": "1711-12-31", "hold_note": "атлас прямо пишет: «На певний час башкири здобули фактичну незалежність». Своя государственность - Башкирская орда со своим ханом, объявлена в 1708 г.; территорию держали до поражений 1711 г. Вычитаем современный Башкортостан, обрезанный контуром империи: остальная захваченная полоса до Казани и Зауралья машиночитаемого контура не имеет. С 28.08.2026 вся башкирская земля вычтена из красного до 1740 года (аудит «акт против контроля»: подданство 1554-1557 было словами, война 1735-1740 решила дело), поэтому отдельный вырез 1708-1711 больше не нужен - paint=shown_elsewhere, чтобы не вычитать дважды", "geometry_source": "ne:Russia:Bashkortostan|Chelyabinsk|Kurgan", "approximate": true}, "geometry": {"type": "Polygon", "coordinates": [[[57.42, 56.32], [57.408, 56.243], [57.478, 56.179], [57.452, 56.136], [57.537, 56.1], [57.802, 56.151], [57.907, 56.115], [58.079, 56.141], [58.3, 56.114], [58.339, 56.059], [58.543, 56.163], [58.747, 56.063], [58.944, 56.066], [59.007, 56.11], [59.003, 56.215], [59.135, 56.206], [59.165, 56.255], [59.115, 56.312], [59.209, 56.354], [59.701, 56.306], [59.661, 56.252], [59.789, 56.233], [59.921, 56.265], [60.199, 56.208], [60.751, 56.237], [60.909, 56.188], [61.157, 56.222], [61.084, 56.326], [61.15, 56.376], [61.267, 56.331], [61.373, 56.369], [61.529, 56.299], [61.642, 56.319], [61.852, 56.186], [62.072, 56.134], [62.075, 56.288], [62.253, 56.363], [62.333, 56.469], [62.542, 56.578], [62.603, 56.567], [62.624, 56.498], [63.001, 56.598], [63.306, 56.578], [63.357, 56.515], [63.408, 56.624], [63.846, 56.49], [64.173, 56.468], [64.236, 56.511], [64.212, 56.594], [64.361, 56.658], [64.323, 56.747], [64.838, 56.842], [64.995, 56.768], [64.986, 56.665], [65.024, 56.64], [64.967, 56.501], [65.208, 56.368], [65.115, 56.329], [65.157, 56.293], [65.667, 56.274], [65.794, 56.113], [66.015, 55.991], [66.186, 56.068], [66.298, 56.058], [66.435, 55.953], [66.738, 56.049], [66.821, 55.961], [67.297, 55.959], [67.299, 55.897], [67.447, 55.735], [67.825, 55.721], [67.941, 55.664], [68.176, 55.71], [68.175, 55.586], [68.311, 55.561], [68.335, 55.492], [68.436, 55.467], [68.466, 55.407], [68.599, 55.425], [68.734, 55.352], [68.701, 55.36], [68.605, 55.196], [68.177, 55.171], [68.308, 55.073], [68.166, 54.956], [67.882, 54.97], [67.698, 54.868], [67.311, 54.86], [67.213, 54.797], [65.977, 54.612], [65.933, 54.703], [65.744, 54.601], [65.45, 54.627], [65.449, 54.557], [65.198, 54.516], [65.184, 54.31], [65.085, 54.309], [64.911, 54.403], [64.72, 54.334], [64.579, 54.386], [64.004, 54.32], [64.008, 54.229], [63.897, 54.194], [63.709, 54.25], [63.368, 54.163], [63.157, 54.18], [63.085, 54.086], [62.581, 54.054], [62.525, 53.872], [62.39, 53.942], [62.433, 54.025], [62.003, 54.017], [62.004, 53.932], [61.856, 53.943], [61.791, 54.001], [61.62, 53.993], [61.582, 53.948], [61.418, 54.056], [61.312, 54.06], [61.194, 54.018], [61.211, 53.908], [61.096, 53.956], [60.978, 53.927], [60.978, 53.883], [61.085, 53.875], [61.199, 53.797], [61.008, 53.636], [60.88, 53.633], [61.281, 53.542], [61.517, 53.586], [61.555, 53.506], [61.412, 53.436], [61.218, 53.493], [61.143, 53.323], [61.514, 53.209], [61.664, 53.239], [61.764, 53.169], [62.083, 53.113], [62.114, 53.042], [62.073, 52.97], [61.959, 52.935], [61.82, 52.978], [61.606, 52.948], [61.448, 53.021], [60.975, 52.971], [61.058, 52.922], [60.696, 52.735], [60.673, 52.672], [60.803, 52.628], [60.815, 52.522], [60.936, 52.489], [61.04, 52.335], [61.009, 52.315], [60.672, 52.144], [60.507, 52.152], [60.203, 51.993], [60.03, 51.993], [59.914, 52.1], [59.963, 52.176], [60.15, 52.278], [60.137, 52.429], [59.937, 52.43], [59.81, 52.497], [59.685, 52.428], [59.273, 52.494], [59.175, 52.277], [58.979, 52.372], [58.976, 52.43], [58.867, 52.452], [58.813, 52.363], [58.94, 52.293], [58.691, 52.265], [58.606, 52.181], [58.694, 52.049], [58.64, 52.022], [58.545, 51.771], [58.16, 51.739], [58.092, 51.795], [57.678, 51.868], [57.633, 51.765], [57.422, 51.725], [57.393, 51.648], [57.198, 51.572], [57.02, 51.665], [56.996, 51.731], [56.799, 51.752], [56.884, 51.691], [56.89, 51.625], [56.78, 51.592], [56.715, 51.721], [56.754, 51.769], [56.608, 51.822], [56.62, 51.888], [56.737, 51.905], [56.651, 51.96], [56.683, 52.052], [56.588, 52.061], [56.622, 52.124], [56.42, 52.161], [56.456, 52.197], [56.325, 52.123], [56.239, 52.122], [56.191, 52.173], [56.451, 52.309], [56.443, 52.426], [56.36, 52.502], [56.428, 52.595], [56.271, 52.554], [56.054, 52.645], [56.078, 52.604], [55.931, 52.515], [55.861, 52.373], [55.769, 52.344], [55.71, 52.391], [55.536, 52.389], [55.495, 52.525], [55.543, 52.537], [55.545, 52.594], [55.455, 52.59], [55.412, 52.658], [55.249, 52.648], [55.285, 52.733], [55.352, 52.688], [55.42, 52.713], [55.354, 52.765], [55.422, 52.787], [55.407, 52.837], [55.264, 52.862], [55.162, 52.823], [54.962, 53.097], [54.927, 53.22], [54.822, 53.273], [54.64, 53.237], [54.564, 53.264], [54.568, 53.328], [54.52, 53.36], [54.108, 53.417], [53.878, 53.658], [53.66, 53.746], [53.457, 54.066], [53.43, 54.266], [53.348, 54.382], [53.426, 54.499], [53.417, 54.559], [53.606, 54.714], [53.579, 54.822], [53.643, 54.9], [53.499, 54.891], [53.414, 54.989], [53.264, 55.014], [53.144, 55.132], [53.418, 55.222], [53.591, 55.212], [53.714, 55.333], [53.907, 55.393], [54.003, 55.554], [54.181, 55.628], [54.231, 55.692], [54.095, 55.773], [54.026, 55.764], [54.04, 55.802], [53.966, 55.782], [53.994, 55.848], [53.632, 55.907], [53.838, 56.039], [54.006, 56.029], [54.117, 56.158], [54.346, 56.253], [54.371, 56.299], [54.321, 56.345], [54.43, 56.343], [54.559, 56.538], [54.93, 56.387], [54.968, 56.32], [55.172, 56.318], [55.224, 56.364], [55.412, 56.335], [55.914, 56.466], [56.073, 56.289], [56.267, 56.301], [56.393, 56.388], [56.528, 56.383], [56.558, 56.36], [56.501, 56.322], [56.574, 56.263], [56.738, 56.223], [56.897, 56.101], [57.166, 56.16], [57.267, 56.302], [57.42, 56.32]]]}}, {"type": "Feature", "properties": {"name": "astrakhan_1705", "name_ru": "Астраханское восстание 1705-1706", "people": "русские, казаки", "from": "1705-07-30", "to": "1706-03-13", "from_raw": "1705-07-30", "to_raw": "1706-03-13", "territory": "Астрахань, Гурьев, Терки", "kind": "urban", "kind_ru": "выступление горожан", "event": "вооружённое выступление казаков, стрельцов и горожан против роста налогов и коррупции; новым правительством города стал казацкий круг, к Астрахани присоединились Гурьев и Терки", "source": "Атлас російського імперіалізму та колоніалізму (УІФ, 2026), розд. 37, п. 3", "confidence": "высокая", "note": "разбито войсками империи при поддержке калмыцких отрядов; восемь месяцев - меньше нашего порога удержания в год, поэтому вычитанием не показываем", "paint": "none", "hold_from": "", "hold_to": "", "hold_note": "", "geometry_source": "city:Астрахань", "approximate": true}, "geometry": {"type": "Polygon", "coordinates": [[[48.405, 46.349], [48.302, 46.102], [48.055, 45.999], [47.808, 46.102], [47.705, 46.349], [47.808, 46.596], [48.055, 46.699], [48.302, 46.596], [48.405, 46.349]]]}}, {"type": "Feature", "properties": {"name": "bulavin_1707", "name_ru": "Булавинское восстание 1707-1708", "people": "донские казаки", "from": "1707-10-01", "to": "1708-07-07", "from_raw": "1707-10", "to_raw": "1708-07-07", "territory": "Дон", "kind": "cossack", "kind_ru": "казацкое выступление", "event": "война во главе с Кондратием Булавиным против попыток Петра I ограничить казацкое самоуправление, отобрать соляные промыслы и силой вернуть с Дона беглых крестьян", "source": "Атлас російського імперіалізму та колоніалізму (УІФ, 2026), розд. 37, п. 4", "confidence": "высокая", "note": "выступление раскололо и донских, и запорожских, и слободских казаков - представители каждой общности бились по обе стороны; Черкасск занят 1 мая 1708 г., Булавин погиб 7 июля 1708 г. - два месяца, порога удержания нет", "paint": "none", "hold_from": "", "hold_to": "", "hold_note": "", "geometry_source": "ne:Russia:Rostov|Volgograd", "approximate": true}, "geometry": {"type": "Polygon", "coordinates": [[[39.907, 49.043], [39.952, 49.125], [40.142, 49.246], [40.16, 49.334], [40.035, 49.487], [40.154, 49.615], [40.49, 49.595], [40.885, 49.69], [41.029, 49.794], [41.11, 49.972], [41.35, 50.084], [41.281, 50.165], [41.509, 50.392], [41.419, 50.502], [41.526, 50.599], [41.409, 50.619], [41.33, 50.717], [41.166, 50.778], [41.37, 50.831], [41.444, 50.917], [41.737, 51.026], [41.855, 51.189], [41.977, 51.203], [42.283, 51.133], [42.844, 51.236], [43.36, 51.015], [43.99, 51.174], [44.016, 51.082], [44.168, 51.095], [44.21, 51.194], [44.446, 51.212], [44.586, 51.133], [44.631, 51.173], [44.872, 51.153], [45.188, 51.051], [45.211, 50.946], [45.303, 50.887], [45.286, 50.771], [45.17, 50.715], [45.255, 50.679], [45.228, 50.588], [45.495, 50.613], [45.52, 50.556], [45.668, 50.594], [45.678, 50.729], [45.811, 50.774], [46.065, 50.663], [46.094, 50.526], [46.321, 50.572], [46.47, 50.548], [46.472, 50.609], [46.561, 50.632], [46.576, 50.699], [46.708, 50.691], [46.832, 50.64], [46.804, 50.587], [46.929, 50.493], [47.194, 50.51], [47.24, 50.379], [47.434, 50.377], [47.295, 50.275], [47.322, 50.237], [47.265, 50.186], [47.328, 50.109], [47.309, 50.045], [46.9, 49.82], [46.775, 49.333], [46.979, 49.244], [47.04, 49.15], [46.93, 49.004], [46.754, 48.914], [46.62, 48.67], [46.298, 48.84], [46.002, 48.864], [45.618, 48.596], [45.21, 48.536], [45.374, 48.474], [45.347, 48.435], [45.194, 48.484], [45.034, 48.389], [44.987, 48.268], [45.156, 48.236], [45.165, 48.185], [45.261, 48.162], [45.301, 48.098], [45.129, 48.114], [44.955, 48.208], [44.941, 48.144], [44.83, 48.072], [44.569, 48.057], [44.535, 48.205], [44.311, 48.258], [44.328, 48.064], [44.465, 48.039], [44.389, 47.868], [44.072, 47.907], [43.974, 47.767], [43.71, 47.688], [43.634, 47.57], [43.784, 47.404], [43.802, 47.283], [43.939, 47.269], [43.974, 47.393], [44.116, 47.418], [44.121, 47.542], [44.245, 47.569], [44.251, 47.509], [44.334, 47.475], [44.328, 47.111], [44.262, 46.9], [44.073, 46.828], [43.817, 46.589], [43.926, 46.528], [43.918, 46.416], [43.966, 46.34], [43.862, 46.292], [43.773, 46.408], [43.646, 46.216], [43.545, 46.164], [43.34, 46.177], [42.928, 46.436], [42.777, 46.388], [42.61, 46.408], [42.409, 46.525], [42.169, 46.579], [42.034, 46.543], [42.088, 46.418], [42.173, 46.386], [42.206, 46.317], [41.963, 46.289], [41.857, 46.155], [41.737, 46.213], [41.659, 46.178], [41.713, 45.996], [41.162, 45.954], [41.126, 46.068], [40.955, 46.193], [40.998, 46.294], [40.913, 46.235], [40.757, 46.233], [40.728, 46.281], [40.339, 46.28], [40.237, 46.346], [40.282, 46.443], [40.206, 46.53], [40.046, 46.548], [40.047, 46.623], [40.132, 46.722], [40.023, 46.765], [39.444, 46.809], [39.238, 46.769], [39.242, 46.7], [39.176, 46.684], [39.168, 46.619], [38.884, 46.635], [38.86, 46.588], [38.849, 46.713], [38.911, 46.815], [38.69, 46.821], [38.674, 46.863], [39.075, 47.033], [39.28, 47.013], [39.304, 47.085], [39.389, 47.115], [39.28, 47.088], [39.264, 47.261], [39.088, 47.286], [38.945, 47.253], [38.938, 47.19], [38.847, 47.164], [38.568, 47.115], [38.478, 47.142], [38.56, 47.218], [38.776, 47.246], [38.81, 47.288], [38.553, 47.23], [38.428, 47.134], [38.217, 47.103], [38.203, 47.192], [38.301, 47.276], [38.189, 47.301], [38.258, 47.393], [38.274, 47.528], [38.353, 47.607], [38.735, 47.677], [38.796, 47.82], [38.877, 47.861], [39.759, 47.833], [39.796, 47.961], [39.76, 48.015], [39.843, 48.036], [39.843, 48.12], [39.993, 48.273], [39.816, 48.308], [39.924, 48.376], [39.835, 48.573], [39.632, 48.587], [39.779, 48.808], [39.975, 48.79], [40.054, 48.869], [39.782, 48.888], [39.674, 48.97], [39.698, 49.028], [39.907, 49.043]]]}}, {"type": "Feature", "properties": {"name": "kuchukov_1708", "name_ru": "Восстание Мурата Кучукова 1708", "people": "чеченцы", "from": "1708-01-01", "to": "1708-01-01", "from_raw": "1708", "to_raw": "1708", "territory": "равнинная Чечня", "kind": "national", "kind_ru": "антиколониальное национальное выступление", "event": "вооружённое выступление против имперского присутствия на равнине; после поражения начался террор против коренного населения", "source": "наша база: кампания C1126 (домен нохчи, data/campaigns/nohchi.json)", "confidence": "высокая", "note": "выступления нет в пяти разделах атласа - строка заведена из нашей базы", "paint": "none", "hold_from": "", "hold_to": "", "hold_note": "", "geometry_source": "ne:Russia:Chechnya", "approximate": true}, "geometry": {"type": "Polygon", "coordinates": [[[45.356, 42.52], [45.155, 42.693], [45.076, 42.691], [45.179, 42.804], [45.137, 42.835], [45.167, 43.138], [45.047, 43.494], [44.839, 43.584], [44.839, 43.661], [44.961, 43.671], [45.004, 43.758], [45.077, 43.781], [45.069, 43.945], [45.198, 43.95], [45.221, 43.883], [45.432, 43.879], [45.453, 43.994], [45.509, 44.015], [45.729, 43.952], [45.832, 43.979], [46.05, 43.931], [46.015, 43.881], [46.057, 43.82], [46.089, 43.858], [46.2, 43.848], [46.246, 43.943], [46.419, 44.0], [46.462, 43.962], [46.455, 43.881], [46.676, 43.815], [46.486, 43.676], [46.439, 43.541], [46.327, 43.435], [46.428, 43.306], [46.409, 43.217], [46.448, 43.181], [46.403, 43.114], [46.535, 43.08], [46.489, 43.008], [46.537, 42.941], [46.393, 42.872], [46.196, 42.904], [46.121, 42.838], [46.17, 42.73], [46.047, 42.69], [46.013, 42.592], [45.962, 42.616], [45.821, 42.487], [45.74, 42.471], [45.537, 42.541], [45.356, 42.52]]]}}, {"type": "Feature", "properties": {"name": "yaik_1721", "name_ru": "Яицкие выступления 1721 и 1772", "people": "яицкие казаки", "from": "1721-01-01", "to": "1772-01-01", "from_raw": "1721", "to_raw": "1772", "territory": "Яик", "kind": "cossack", "kind_ru": "казацкое выступление", "event": "выступления Яицкого казацкого войска против подчинения Военной коллегии (1721) и против насилия столичных чиновников (1772)", "source": "Атлас російського імперіалізму та колоніалізму (УІФ, 2026), розд. 37, п. 5", "confidence": "средняя", "note": "второе выступление перешло в «Пугачёвщину»", "paint": "none", "hold_from": "", "hold_to": "", "hold_note": "", "geometry_source": "ne:Kazakhstan:West Kazakhstan|Atyrau", "approximate": true}, "geometry": {"type": "MultiPolygon", "coordinates": [[[[47.159, 47.872], [47.044, 47.986], [47.192, 48.072], [47.104, 48.101], [47.099, 48.265], [46.478, 48.411], [46.754, 48.914], [47.021, 49.097], [47.029, 49.201], [46.775, 49.333], [46.923, 49.861], [47.177, 49.947], [47.329, 50.073], [47.265, 50.186], [47.322, 50.237], [47.306, 50.295], [47.599, 50.453], [47.993, 50.182], [48.239, 49.865], [48.43, 49.81], [48.785, 49.933], [48.886, 50.02], [48.866, 50.086], [48.783, 50.111], [48.673, 50.58], [48.568, 50.637], [48.83, 50.596], [49.144, 50.782], [49.369, 50.827], [49.424, 50.882], [49.347, 50.964], [49.437, 51.112], [49.779, 51.102], [49.987, 51.23], [50.325, 51.303], [50.36, 51.413], [50.527, 51.47], [50.525, 51.566], [50.582, 51.635], [50.694, 51.611], [50.671, 51.568], [50.791, 51.597], [50.767, 51.759], [50.925, 51.68], [51.234, 51.685], [51.372, 51.63], [51.359, 51.561], [51.237, 51.536], [51.304, 51.472], [51.462, 51.475], [51.584, 51.535], [51.647, 51.451], [51.782, 51.493], [51.765, 51.593], [51.869, 51.673], [52.092, 51.659], [52.308, 51.775], [52.525, 51.468], [52.669, 51.455], [52.78, 51.508], [52.944, 51.453], [53.166, 51.515], [53.407, 51.484], [53.61, 51.388], [53.594, 51.289], [53.674, 51.22], [53.936, 51.186], [54.112, 51.096], [54.145, 50.993], [54.276, 50.904], [54.486, 50.845], [54.38, 50.619], [54.456, 50.536], [54.546, 50.531], [54.392, 50.358], [54.424, 50.15], [54.551, 50.031], [54.514, 49.932], [54.293, 49.65], [54.006, 49.617], [53.713, 49.463], [53.673, 49.184], [53.905, 49.058], [53.979, 49.128], [54.082, 48.895], [54.072, 48.717], [54.443, 48.658], [54.578, 48.813], [54.801, 48.741], [54.849, 48.629], [54.794, 48.428], [54.873, 48.091], [54.973, 48.012], [55.061, 47.763], [54.998, 47.152], [55.291, 46.791], [55.494, 46.66], [56.271, 46.457], [56.473, 46.084], [55.832, 46.235], [55.827, 46.332], [55.744, 46.388], [55.675, 46.358], [55.477, 46.48], [55.247, 46.346], [53.949, 46.188], [53.694, 45.972], [53.758, 45.921], [53.536, 45.826], [53.039, 45.738], [52.862, 45.767], [53.082, 46.005], [53.157, 46.272], [53.128, 46.394], [53.033, 46.471], [53.102, 46.444], [53.082, 46.512], [52.998, 46.485], [53.04, 46.574], [53.072, 46.545], [53.108, 46.622], [53.205, 46.656], [53.188, 46.718], [53.106, 46.737], [53.06, 46.892], [52.92, 46.957], [52.615, 46.95], [52.456, 47.001], [52.357, 46.894], [52.189, 46.884], [52.245, 46.81], [52.113, 46.813], [52.0, 46.891], [52.019, 46.937], [51.941, 46.88], [51.854, 46.895], [51.896, 46.931], [51.744, 46.927], [51.676, 46.979], [51.68, 47.057], [51.592, 46.987], [51.527, 47.053], [51.213, 47.121], [50.905, 47.019], [50.847, 47.037], [50.741, 46.906], [50.752, 46.975], [50.616, 46.936], [50.569, 46.829], [50.578, 46.878], [50.43, 46.897], [50.231, 46.726], [50.213, 46.766], [50.169, 46.749], [49.817, 46.54], [49.703, 46.56], [49.703, 46.519], [49.623, 46.583], [49.627, 46.519], [49.579, 46.499], [49.469, 46.594], [49.493, 46.5], [49.305, 46.588], [49.394, 46.478], [49.278, 46.519], [49.371, 46.399], [49.223, 46.471], [49.292, 46.396], [49.168, 46.409], [49.227, 46.328], [48.705, 46.55], [48.539, 46.568], [48.53, 46.638], [48.455, 46.661], [48.557, 46.762], [48.677, 46.758], [48.764, 46.683], [48.917, 46.703], [49.006, 46.769], [48.697, 47.101], [48.525, 47.41], [48.411, 47.446], [48.174, 47.713], [48.044, 47.77], [47.65, 47.766], [47.412, 47.836], [47.36, 47.683], [47.141, 47.793], [47.159, 47.872]]], [[[49.805, 46.211], [49.72, 46.357], [49.792, 46.339], [49.838, 46.286], [49.805, 46.211]]]]}}, {"type": "Feature", "properties": {"name": "tara_1722", "name_ru": "Тарское выступление 1722", "people": "русские старообрядцы, казаки", "from": "1722-01-01", "to": "1722-01-01", "from_raw": "1722", "to_raw": "1722", "territory": "Тара", "kind": "religious", "kind_ru": "религиозное выступление", "event": "вооружённое выступление старообрядцев и казаков против присяги преемнику Петра I", "source": "Атлас російського імперіалізму та колоніалізму (УІФ, 2026), розд. 37, п. 6", "confidence": "средняя", "note": "", "paint": "none", "hold_from": "", "hold_to": "", "hold_note": "", "geometry_source": "city:Тара", "approximate": true}, "geometry": {"type": "Polygon", "coordinates": [[[74.728, 56.898], [74.625, 56.651], [74.378, 56.548], [74.131, 56.651], [74.028, 56.898], [74.131, 57.145], [74.378, 57.248], [74.625, 57.145], [74.728, 56.898]]]}}, {"type": "Feature", "properties": {"name": "chechnya_1732", "name_ru": "Вооружённое восстание на равнинной Чечне 1732", "people": "чеченцы", "from": "1732-01-01", "to": "1732-01-01", "from_raw": "1732", "to_raw": "1732", "territory": "равнинная Чечня", "kind": "national", "kind_ru": "антиколониальное национальное выступление", "event": "вооружённое выступление, в ходе которого чеченцы разбили карательный отряд полковника Коха; против них шла экспедиция генерала Дугласа", "source": "наша база: кампания C1132 (домен нохчи)", "confidence": "высокая", "note": "выступления нет в пяти разделах атласа - строка заведена из нашей базы", "paint": "none", "hold_from": "", "hold_to": "", "hold_note": "", "geometry_source": "ne:Russia:Chechnya", "approximate": true}, "geometry": {"type": "Polygon", "coordinates": [[[45.356, 42.52], [45.155, 42.693], [45.076, 42.691], [45.179, 42.804], [45.137, 42.835], [45.167, 43.138], [45.047, 43.494], [44.839, 43.584], [44.839, 43.661], [44.961, 43.671], [45.004, 43.758], [45.077, 43.781], [45.069, 43.945], [45.198, 43.95], [45.221, 43.883], [45.432, 43.879], [45.453, 43.994], [45.509, 44.015], [45.729, 43.952], [45.832, 43.979], [46.05, 43.931], [46.015, 43.881], [46.057, 43.82], [46.089, 43.858], [46.2, 43.848], [46.246, 43.943], [46.419, 44.0], [46.462, 43.962], [46.455, 43.881], [46.676, 43.815], [46.486, 43.676], [46.439, 43.541], [46.327, 43.435], [46.428, 43.306], [46.409, 43.217], [46.448, 43.181], [46.403, 43.114], [46.535, 43.08], [46.489, 43.008], [46.537, 42.941], [46.393, 42.872], [46.196, 42.904], [46.121, 42.838], [46.17, 42.73], [46.047, 42.69], [46.013, 42.592], [45.962, 42.616], [45.821, 42.487], [45.74, 42.471], [45.537, 42.541], [45.356, 42.52]]]}}, {"type": "Feature", "properties": {"name": "bashkir_1735", "name_ru": "Башкирские восстания 1735-1740", "people": "башкиры", "from": "1735-01-01", "to": "1740-01-01", "from_raw": "1735", "to_raw": "1740", "territory": "Башкортостан", "kind": "national", "kind_ru": "антиколониальное национальное выступление", "event": "серия выступлений против строительства крепостей (Орск, Челябинск), наступления на землевладение и переписи населения; в последний год повстанцы снова избрали себе хана", "source": "Атлас російського імперіалізму та колоніалізму (УІФ, 2026), розд. 37, п. 7", "confidence": "высокая", "note": "после поражения территорию Башкортостана обнесли линиями крепостей", "paint": "none", "hold_from": "", "hold_to": "", "hold_note": "", "geometry_source": "ne:Russia:Bashkortostan|Chelyabinsk|Orenburg", "approximate": true}, "geometry": {"type": "Polygon", "coordinates": [[[60.003, 51.993], [59.986, 51.952], [60.061, 51.859], [60.138, 51.889], [60.48, 51.784], [60.356, 51.692], [60.376, 51.663], [60.515, 51.618], [60.937, 51.611], [60.945, 51.544], [61.029, 51.483], [61.474, 51.426], [61.563, 51.296], [61.664, 51.258], [61.534, 51.206], [61.404, 50.803], [60.718, 50.653], [60.3, 50.685], [60.177, 50.742], [60.136, 50.844], [60.021, 50.854], [59.962, 50.83], [59.915, 50.674], [59.816, 50.563], [59.523, 50.475], [59.452, 50.537], [59.563, 50.58], [59.438, 50.631], [59.273, 50.616], [59.197, 50.663], [58.926, 50.678], [58.748, 50.795], [58.664, 50.79], [58.641, 50.863], [58.55, 50.893], [58.595, 51.023], [58.378, 51.071], [58.308, 51.15], [58.168, 51.055], [57.769, 51.12], [57.722, 50.909], [57.556, 50.919], [57.468, 50.858], [57.334, 50.897], [57.154, 51.1], [56.716, 51.072], [56.688, 50.969], [56.478, 51.073], [56.315, 50.884], [56.158, 50.906], [56.079, 50.725], [55.66, 50.53], [55.468, 50.657], [55.305, 50.665], [55.084, 50.797], [55.048, 50.884], [54.638, 51.028], [54.534, 51.003], [54.546, 50.953], [54.503, 50.928], [54.638, 50.886], [54.676, 50.603], [54.499, 50.523], [54.38, 50.619], [54.479, 50.853], [54.276, 50.904], [54.145, 50.993], [54.112, 51.096], [53.936, 51.186], [53.674, 51.22], [53.594, 51.289], [53.61, 51.388], [53.407, 51.484], [53.166, 51.515], [52.944, 51.453], [52.78, 51.508], [52.546, 51.46], [52.308, 51.775], [52.092, 51.659], [51.869, 51.673], [51.765, 51.593], [51.782, 51.493], [51.693, 51.454], [51.584, 51.535], [51.462, 51.475], [51.304, 51.472], [51.237, 51.536], [51.359, 51.561], [51.372, 51.63], [51.234, 51.685], [50.925, 51.68], [50.767, 51.759], [51.415, 52.103], [51.453, 52.219], [51.407, 52.257], [51.413, 52.35], [51.563, 52.447], [51.471, 52.527], [51.475, 52.576], [51.546, 52.574], [51.51, 52.631], [51.54, 52.677], [51.727, 52.664], [51.772, 52.796], [51.717, 52.826], [51.728, 52.869], [52.052, 52.993], [52.064, 53.075], [52.158, 53.103], [52.059, 53.139], [52.128, 53.174], [52.193, 53.375], [52.08, 53.514], [52.253, 53.654], [52.413, 53.927], [52.376, 53.98], [52.485, 54.059], [52.397, 54.128], [52.271, 54.118], [52.349, 54.217], [52.208, 54.303], [52.506, 54.322], [52.539, 54.377], [53.001, 54.271], [53.046, 54.339], [53.107, 54.247], [52.938, 54.214], [53.088, 54.115], [53.067, 54.073], [53.258, 54.071], [53.372, 53.969], [53.47, 54.046], [53.43, 54.266], [53.349, 54.391], [53.426, 54.499], [53.417, 54.559], [53.606, 54.714], [53.579, 54.822], [53.643, 54.9], [53.499, 54.891], [53.414, 54.989], [53.264, 55.014], [53.141, 55.099], [53.147, 55.147], [53.418, 55.222], [53.591, 55.212], [53.714, 55.333], [53.907, 55.393], [54.003, 55.554], [54.181, 55.628], [54.231, 55.692], [54.095, 55.773], [54.026, 55.764], [54.04, 55.802], [53.966, 55.782], [53.994, 55.848], [53.632, 55.907], [53.838, 56.039], [54.006, 56.029], [54.117, 56.158], [54.346, 56.253], [54.371, 56.299], [54.321, 56.345], [54.43, 56.343], [54.559, 56.538], [54.93, 56.387], [54.968, 56.32], [55.172, 56.318], [55.224, 56.364], [55.412, 56.335], [55.914, 56.466], [56.073, 56.289], [56.267, 56.301], [56.393, 56.388], [56.528, 56.383], [56.558, 56.36], [56.502, 56.32], [56.646, 56.222], [56.738, 56.223], [56.881, 56.103], [57.166, 56.16], [57.267, 56.302], [57.408, 56.329], [57.411, 56.235], [57.478, 56.179], [57.455, 56.13], [57.537, 56.1], [57.802, 56.151], [57.907, 56.115], [58.079, 56.141], [58.3, 56.114], [58.339, 56.059], [58.543, 56.163], [58.747, 56.063], [58.944, 56.066], [59.007, 56.11], [59.003, 56.215], [59.135, 56.206], [59.165, 56.255], [59.115, 56.312], [59.209, 56.354], [59.701, 56.306], [59.661, 56.252], [59.789, 56.233], [59.921, 56.265], [60.199, 56.208], [60.751, 56.237], [60.909, 56.188], [61.157, 56.222], [61.084, 56.326], [61.15, 56.376], [61.267, 56.331], [61.373, 56.369], [61.529, 56.299], [61.642, 56.319], [61.864, 56.181], [62.126, 56.127], [62.106, 56.087], [62.218, 56.026], [62.225, 55.935], [62.305, 55.979], [62.346, 55.913], [62.268, 55.89], [62.256, 55.841], [62.42, 55.821], [62.513, 55.742], [62.549, 55.639], [62.457, 55.568], [62.587, 55.509], [62.45, 55.477], [62.465, 55.424], [62.298, 55.402], [62.205, 55.442], [62.167, 55.401], [62.241, 55.346], [62.04, 55.304], [62.036, 55.267], [62.226, 55.214], [62.189, 55.158], [62.27, 55.131], [62.198, 54.997], [62.109, 55.047], [61.97, 55.021], [61.98, 54.934], [62.123, 54.815], [62.021, 54.722], [62.147, 54.644], [62.552, 54.728], [62.529, 54.677], [62.589, 54.624], [62.915, 54.696], [63.192, 54.686], [63.298, 54.526], [63.194, 54.456], [63.134, 54.479], [63.186, 54.409], [63.119, 54.392], [63.092, 54.319], [63.326, 54.254], [63.329, 54.163], [63.124, 54.174], [63.085, 54.086], [62.629, 54.071], [62.551, 54.027], [62.587, 53.97], [62.525, 53.872], [62.39, 53.942], [62.444, 53.992], [62.413, 54.027], [62.003, 54.017], [62.004, 53.932], [61.856, 53.943], [61.791, 54.001], [61.62, 53.993], [61.582, 53.948], [61.338, 54.063], [61.194, 54.018], [61.211, 53.908], [61.145, 53.95], [60.996, 53.941], [60.978, 53.883], [61.085, 53.875], [61.199, 53.797], [61.008, 53.636], [60.88, 53.633], [61.281, 53.542], [61.503, 53.589], [61.555, 53.506], [61.412, 53.436], [61.235, 53.503], [61.137, 53.373], [61.163, 53.299], [61.514, 53.209], [61.643, 53.243], [61.764, 53.169], [62.051, 53.125], [62.116, 53.065], [62.094, 52.992], [61.959, 52.935], [61.82, 52.978], [61.606, 52.948], [61.448, 53.021], [60.975, 52.971], [61.058, 52.922], [60.696, 52.735], [60.673, 52.672], [60.803, 52.628], [60.815, 52.522], [60.936, 52.489], [61.04, 52.335], [60.672, 52.144], [60.426, 52.13], [60.203, 51.993], [60.003, 51.993]], [[52.284, 53.347], [52.296, 53.387], [52.25, 53.395], [52.229, 53.355], [52.284, 53.347]]]}}, {"type": "Feature", "properties": {"name": "teryushevo_1743", "name_ru": "Терюшевское восстание 1743-1745", "people": "эрзя", "from": "1743-01-01", "to": "1745-01-01", "from_raw": "1743", "to_raw": "1745", "territory": "Терюшевская волость, Поволжье", "kind": "national", "kind_ru": "антиколониальное национальное выступление", "event": "вооружённое сопротивление эрзян насильственному крещению", "source": "Атлас російського імперіалізму та колоніалізму (УІФ, 2026), розд. 37, п. 8", "confidence": "средняя", "note": "", "paint": "none", "hold_from": "", "hold_to": "", "hold_note": "", "geometry_source": "ne:Russia:Nizhegorod", "approximate": true}, "geometry": {"type": "Polygon", "coordinates": [[[46.034, 55.025], [45.687, 54.994], [45.77, 55.038], [45.74, 55.077], [45.782, 55.117], [45.735, 55.172], [45.605, 55.164], [45.571, 55.085], [45.49, 55.093], [45.439, 55.033], [45.424, 54.882], [45.259, 54.87], [45.196, 54.751], [45.152, 54.797], [45.055, 54.752], [45.091, 54.659], [45.021, 54.577], [45.132, 54.504], [44.93, 54.475], [44.763, 54.519], [44.607, 54.471], [44.67, 54.538], [44.638, 54.579], [44.438, 54.538], [44.101, 54.649], [44.11, 54.726], [43.946, 54.738], [43.949, 54.807], [43.725, 54.82], [43.588, 54.908], [43.249, 54.935], [43.15, 54.899], [43.08, 54.786], [42.694, 54.819], [42.617, 54.786], [42.467, 54.871], [42.472, 55.005], [42.167, 54.949], [41.965, 55.002], [42.006, 55.022], [41.987, 55.087], [41.854, 55.061], [41.782, 55.112], [41.886, 55.17], [41.859, 55.241], [41.954, 55.278], [41.933, 55.33], [42.134, 55.442], [42.068, 55.481], [42.04, 55.609], [42.117, 55.613], [42.107, 55.664], [42.263, 55.765], [42.392, 55.783], [42.575, 55.976], [42.645, 55.952], [42.694, 56.003], [42.698, 56.13], [42.948, 56.169], [42.755, 56.22], [42.761, 56.306], [42.588, 56.42], [42.639, 56.479], [42.882, 56.472], [42.888, 56.514], [42.83, 56.533], [42.906, 56.583], [42.904, 56.642], [42.787, 56.669], [42.83, 56.802], [43.501, 56.906], [43.68, 57.058], [43.501, 57.122], [43.539, 57.262], [43.677, 57.268], [43.698, 57.337], [43.862, 57.366], [43.707, 57.425], [43.727, 57.466], [43.846, 57.431], [44.063, 57.453], [44.413, 57.565], [44.567, 57.696], [44.738, 57.706], [44.865, 57.88], [44.792, 57.961], [44.863, 58.075], [45.462, 58.035], [45.563, 57.935], [45.828, 58.049], [46.341, 58.075], [46.443, 58.02], [47.354, 58.026], [47.739, 57.936], [47.762, 57.876], [47.566, 57.803], [47.535, 57.616], [47.471, 57.529], [47.261, 57.569], [47.037, 57.495], [46.749, 57.522], [46.798, 57.462], [46.701, 57.419], [46.75, 57.385], [46.68, 57.351], [46.845, 57.229], [46.734, 57.2], [46.765, 57.035], [46.713, 57.012], [46.746, 56.97], [46.601, 56.92], [46.336, 56.952], [46.303, 56.901], [45.959, 56.872], [45.909, 56.78], [45.922, 56.652], [45.644, 56.584], [45.663, 56.461], [45.949, 56.433], [45.943, 56.318], [45.874, 56.305], [45.874, 56.259], [46.068, 56.182], [46.092, 56.056], [46.214, 56.05], [46.099, 55.941], [46.135, 55.896], [46.094, 55.808], [45.988, 55.777], [46.01, 55.743], [45.92, 55.688], [46.119, 55.53], [46.387, 55.452], [46.22, 55.357], [46.227, 55.265], [46.098, 55.204], [46.082, 55.065], [46.034, 55.025]]]}}, {"type": "Feature", "properties": {"name": "osa_1747", "name_ru": "Осинско-сибирское выступление 1747", "people": "башкиры, коренное население Приуралья", "from": "1747-01-01", "to": "1747-01-01", "from_raw": "1747", "to_raw": "1747", "territory": "Осинская и Сибирская дороги Оренбургской губернии", "kind": "national", "kind_ru": "антиколониальное национальное выступление", "event": "выступление против замены ясака подушной податью", "source": "Атлас російського імперіалізму та колоніалізму (УІФ, 2026), розд. 37, п. 9", "confidence": "средняя", "note": "", "paint": "none", "hold_from": "", "hold_to": "", "hold_note": "", "geometry_source": "ne:Russia:Perm'|Bashkortostan", "approximate": true}, "geometry": {"type": "Polygon", "coordinates": [[[57.42, 56.32], [57.408, 56.243], [57.478, 56.179], [57.452, 56.136], [57.537, 56.1], [57.802, 56.151], [57.907, 56.115], [58.079, 56.141], [58.3, 56.114], [58.352, 56.059], [58.455, 56.147], [58.565, 56.162], [58.824, 56.054], [58.953, 56.07], [59.026, 56.169], [59.289, 56.135], [59.281, 56.055], [59.173, 56.005], [59.23, 55.906], [59.154, 55.805], [59.317, 55.768], [59.28, 55.694], [59.344, 55.644], [59.24, 55.584], [59.437, 55.633], [59.498, 55.58], [59.641, 55.565], [59.475, 55.468], [59.201, 55.45], [59.159, 55.332], [58.997, 55.244], [58.925, 55.326], [58.847, 55.304], [58.9, 55.268], [58.735, 55.265], [58.73, 55.226], [58.803, 55.214], [58.756, 55.163], [58.659, 55.189], [58.575, 55.144], [58.756, 55.112], [58.82, 55.032], [58.62, 54.95], [58.533, 54.958], [58.523, 55.022], [58.387, 55.0], [58.433, 55.057], [58.364, 55.084], [58.372, 55.155], [58.299, 55.174], [58.141, 55.114], [58.193, 55.084], [58.089, 55.02], [58.106, 54.957], [58.001, 54.917], [57.962, 54.946], [58.031, 55.075], [57.964, 55.167], [58.135, 55.215], [57.917, 55.293], [57.425, 55.326], [57.257, 55.258], [57.215, 55.223], [57.24, 55.158], [57.137, 55.092], [57.244, 54.951], [57.154, 54.863], [57.187, 54.802], [57.581, 54.673], [57.58, 54.635], [57.747, 54.579], [57.743, 54.501], [57.961, 54.392], [58.354, 54.547], [58.614, 54.47], [59.061, 54.632], [59.228, 54.611], [59.412, 54.707], [59.632, 54.911], [59.806, 54.846], [59.944, 54.857], [59.919, 54.832], [59.974, 54.796], [59.87, 54.613], [59.679, 54.498], [59.746, 54.447], [59.667, 54.34], [59.803, 54.254], [59.727, 54.194], [59.729, 54.139], [59.535, 54.198], [59.322, 54.182], [59.154, 53.984], [58.956, 53.975], [58.923, 53.935], [58.948, 53.9], [58.872, 53.751], [58.907, 53.654], [58.821, 53.596], [58.902, 53.549], [58.823, 53.211], [58.891, 53.188], [58.907, 53.055], [59.028, 53.015], [58.836, 53.001], [58.747, 52.854], [58.784, 52.725], [58.724, 52.645], [58.839, 52.541], [58.766, 52.517], [58.828, 52.433], [58.813, 52.363], [58.941, 52.299], [58.691, 52.265], [58.599, 52.171], [58.695, 52.058], [58.64, 52.022], [58.572, 51.788], [58.16, 51.739], [58.092, 51.795], [57.678, 51.868], [57.633, 51.765], [57.422, 51.725], [57.393, 51.648], [57.198, 51.572], [57.02, 51.665], [56.996, 51.731], [56.799, 51.752], [56.884, 51.691], [56.89, 51.625], [56.78, 51.592], [56.715, 51.721], [56.754, 51.769], [56.608, 51.822], [56.62, 51.888], [56.737, 51.905], [56.651, 51.96], [56.683, 52.052], [56.588, 52.061], [56.622, 52.124], [56.42, 52.161], [56.456, 52.197], [56.325, 52.123], [56.239, 52.122], [56.191, 52.173], [56.451, 52.309], [56.443, 52.426], [56.36, 52.502], [56.428, 52.595], [56.271, 52.554], [56.054, 52.645], [56.078, 52.604], [55.931, 52.515], [55.861, 52.373], [55.769, 52.344], [55.71, 52.391], [55.536, 52.389], [55.495, 52.525], [55.543, 52.537], [55.545, 52.594], [55.455, 52.59], [55.412, 52.658], [55.249, 52.648], [55.285, 52.733], [55.352, 52.688], [55.42, 52.713], [55.354, 52.765], [55.422, 52.787], [55.401, 52.842], [55.264, 52.862], [55.162, 52.823], [54.962, 53.097], [54.927, 53.22], [54.834, 53.272], [54.64, 53.237], [54.564, 53.264], [54.568, 53.328], [54.52, 53.36], [54.094, 53.424], [53.878, 53.658], [53.66, 53.746], [53.457, 54.066], [53.43, 54.266], [53.349, 54.391], [53.426, 54.499], [53.417, 54.559], [53.606, 54.714], [53.579, 54.822], [53.643, 54.9], [53.499, 54.891], [53.414, 54.989], [53.264, 55.014], [53.141, 55.099], [53.147, 55.147], [53.418, 55.222], [53.591, 55.212], [53.714, 55.333], [53.891, 55.381], [54.003, 55.554], [54.23, 55.686], [54.095, 55.773], [54.026, 55.764], [54.04, 55.802], [53.966, 55.782], [53.986, 55.851], [53.632, 55.907], [53.838, 56.039], [54.006, 56.029], [54.117, 56.158], [54.364, 56.275], [54.32, 56.339], [54.352, 56.359], [54.329, 56.443], [54.245, 56.432], [54.179, 56.527], [54.041, 56.593], [54.076, 56.669], [53.861, 56.621], [53.872, 56.705], [53.82, 56.783], [53.872, 56.807], [53.996, 56.736], [54.088, 56.771], [54.099, 56.966], [54.4, 57.043], [54.277, 57.104], [54.323, 57.138], [54.319, 57.286], [54.119, 57.309], [54.157, 57.392], [54.271, 57.427], [54.264, 57.464], [54.181, 57.466], [54.176, 57.556], [54.092, 57.522], [53.99, 57.573], [54.117, 57.616], [54.079, 57.675], [54.156, 57.706], [54.099, 57.972], [53.81, 58.228], [53.886, 58.319], [53.786, 58.402], [53.705, 58.595], [53.771, 58.716], [53.922, 58.783], [53.807, 58.829], [53.725, 58.926], [53.761, 59.017], [53.877, 59.093], [53.754, 59.141], [53.693, 59.122], [53.716, 59.094], [53.403, 59.15], [53.206, 59.364], [53.354, 59.501], [53.423, 59.684], [53.592, 59.709], [53.703, 60.011], [53.608, 60.143], [53.457, 60.205], [53.358, 60.166], [52.298, 60.242], [52.324, 60.432], [52.138, 60.473], [52.134, 60.547], [51.777, 60.601], [51.89, 60.876], [52.355, 60.844], [52.431, 60.978], [52.79, 60.949], [52.876, 61.094], [53.372, 61.029], [53.354, 60.893], [53.804, 60.85], [53.853, 60.98], [54.98, 60.864], [55.062, 61.009], [55.199, 61.009], [55.288, 61.121], [55.716, 61.088], [55.83, 61.249], [56.287, 61.209], [56.391, 61.42], [56.538, 61.431], [56.676, 61.522], [57.086, 61.488], [58.811, 61.509], [59.349, 61.682], [59.428, 61.513], [59.418, 61.429], [59.307, 61.368], [59.257, 61.244], [59.357, 61.151], [59.373, 60.97], [59.469, 60.941], [59.39, 60.583], [59.234, 60.475], [59.164, 60.367], [59.187, 60.271], [59.046, 60.113], [59.051, 60.043], [58.951, 59.995], [59.0, 59.931], [58.856, 59.932], [58.805, 59.863], [58.675, 59.859], [58.582, 59.716], [58.451, 59.705], [58.4, 59.547], [58.311, 59.463], [58.519, 59.437], [58.67, 59.293], [59.174, 59.168], [59.091, 59.022], [59.181, 58.953], [59.067, 58.89], [59.083, 58.769], [59.173, 58.755], [59.196, 58.707], [59.422, 58.68], [59.389, 58.59], [59.456, 58.493], [59.286, 58.417], [59.203, 58.305], [58.997, 58.203], [58.839, 58.201], [58.672, 58.101], [58.605, 57.996], [58.764, 57.843], [58.86, 57.834], [58.83, 57.726], [58.523, 57.576], [58.445, 57.597], [58.436, 57.676], [58.171, 57.686], [58.122, 57.561], [58.053, 57.605], [57.975, 57.541], [57.997, 57.486], [57.938, 57.332], [58.039, 57.237], [57.989, 57.193], [58.105, 57.127], [58.023, 57.114], [58.072, 57.051], [57.971, 57.058], [57.996, 57.089], [57.882, 57.068], [57.749, 56.935], [57.56, 56.888], [57.338, 56.925], [57.219, 56.853], [57.311, 56.724], [57.426, 56.659], [57.354, 56.607], [57.381, 56.567], [57.317, 56.373], [57.42, 56.32]]]}}, {"type": "Feature", "properties": {"name": "bashkir_1755", "name_ru": "Башкирское восстание 1755-1756", "people": "башкиры", "from": "1755-01-01", "to": "1756-01-01", "from_raw": "1755", "to_raw": "1756", "territory": "Башкортостан", "kind": "national", "kind_ru": "антиколониальное национальное выступление", "event": "выступление во главе с Батыршой против замены ясака налогом на соль и запрета огнестрельного оружия", "source": "Атлас російського імперіалізму та колоніалізму (УІФ, 2026), розд. 37, п. 10", "confidence": "высокая", "note": "после поражения началась массовая эмиграция башкир в Казахстан, но самые жёсткие нововведения отменены", "paint": "none", "hold_from": "", "hold_to": "", "hold_note": "", "geometry_source": "ne:Russia:Bashkortostan", "approximate": true}, "geometry": {"type": "Polygon", "coordinates": [[[57.408, 56.329], [57.411, 56.235], [57.478, 56.179], [57.455, 56.13], [57.537, 56.1], [57.802, 56.151], [57.907, 56.115], [58.079, 56.141], [58.3, 56.114], [58.352, 56.059], [58.455, 56.147], [58.565, 56.162], [58.824, 56.054], [58.953, 56.07], [59.026, 56.169], [59.289, 56.135], [59.281, 56.055], [59.173, 56.005], [59.23, 55.906], [59.154, 55.805], [59.317, 55.768], [59.28, 55.694], [59.344, 55.644], [59.24, 55.584], [59.437, 55.633], [59.498, 55.58], [59.641, 55.565], [59.475, 55.468], [59.201, 55.45], [59.159, 55.332], [58.997, 55.244], [58.925, 55.326], [58.847, 55.304], [58.9, 55.268], [58.735, 55.265], [58.73, 55.226], [58.803, 55.214], [58.756, 55.163], [58.659, 55.189], [58.575, 55.144], [58.756, 55.112], [58.82, 55.032], [58.62, 54.95], [58.533, 54.958], [58.523, 55.022], [58.387, 55.0], [58.433, 55.057], [58.364, 55.084], [58.372, 55.155], [58.299, 55.174], [58.141, 55.114], [58.193, 55.084], [58.089, 55.02], [58.106, 54.957], [58.001, 54.917], [57.962, 54.946], [58.031, 55.075], [57.964, 55.167], [58.135, 55.215], [57.917, 55.293], [57.425, 55.326], [57.257, 55.258], [57.215, 55.223], [57.24, 55.158], [57.137, 55.092], [57.244, 54.951], [57.154, 54.863], [57.187, 54.802], [57.581, 54.673], [57.58, 54.635], [57.747, 54.579], [57.743, 54.501], [57.961, 54.392], [58.354, 54.547], [58.614, 54.47], [59.061, 54.632], [59.228, 54.611], [59.412, 54.707], [59.632, 54.911], [59.806, 54.846], [59.944, 54.857], [59.919, 54.832], [59.974, 54.796], [59.87, 54.613], [59.679, 54.498], [59.746, 54.447], [59.667, 54.34], [59.803, 54.254], [59.727, 54.194], [59.729, 54.139], [59.535, 54.198], [59.322, 54.182], [59.154, 53.984], [58.956, 53.975], [58.923, 53.935], [58.948, 53.9], [58.872, 53.751], [58.907, 53.654], [58.821, 53.596], [58.902, 53.549], [58.823, 53.211], [58.891, 53.188], [58.907, 53.055], [59.028, 53.015], [58.836, 53.001], [58.747, 52.854], [58.784, 52.725], [58.724, 52.645], [58.839, 52.541], [58.766, 52.517], [58.828, 52.433], [58.813, 52.363], [58.941, 52.299], [58.691, 52.265], [58.599, 52.171], [58.695, 52.058], [58.64, 52.022], [58.572, 51.788], [58.16, 51.739], [58.092, 51.795], [57.678, 51.868], [57.633, 51.765], [57.422, 51.725], [57.393, 51.648], [57.198, 51.572], [57.02, 51.665], [56.996, 51.731], [56.799, 51.752], [56.884, 51.691], [56.89, 51.625], [56.78, 51.592], [56.715, 51.721], [56.754, 51.769], [56.608, 51.822], [56.62, 51.888], [56.737, 51.905], [56.651, 51.96], [56.683, 52.052], [56.588, 52.061], [56.622, 52.124], [56.42, 52.161], [56.456, 52.197], [56.325, 52.123], [56.239, 52.122], [56.191, 52.173], [56.451, 52.309], [56.443, 52.426], [56.36, 52.502], [56.428, 52.595], [56.271, 52.554], [56.054, 52.645], [56.078, 52.604], [55.931, 52.515], [55.861, 52.373], [55.769, 52.344], [55.71, 52.391], [55.536, 52.389], [55.495, 52.525], [55.543, 52.537], [55.545, 52.594], [55.455, 52.59], [55.412, 52.658], [55.249, 52.648], [55.285, 52.733], [55.352, 52.688], [55.42, 52.713], [55.354, 52.765], [55.422, 52.787], [55.407, 52.837], [55.264, 52.862], [55.162, 52.823], [54.962, 53.097], [54.927, 53.22], [54.822, 53.273], [54.64, 53.237], [54.564, 53.264], [54.568, 53.328], [54.52, 53.36], [54.108, 53.417], [53.878, 53.658], [53.66, 53.746], [53.457, 54.066], [53.43, 54.266], [53.348, 54.382], [53.426, 54.499], [53.417, 54.559], [53.606, 54.714], [53.579, 54.822], [53.643, 54.9], [53.499, 54.891], [53.414, 54.989], [53.264, 55.014], [53.144, 55.132], [53.418, 55.222], [53.591, 55.212], [53.714, 55.333], [53.907, 55.393], [54.003, 55.554], [54.181, 55.628], [54.231, 55.692], [54.095, 55.773], [54.026, 55.764], [54.04, 55.802], [53.966, 55.782], [53.994, 55.848], [53.632, 55.907], [53.838, 56.039], [54.006, 56.029], [54.117, 56.158], [54.346, 56.253], [54.371, 56.299], [54.321, 56.345], [54.43, 56.343], [54.559, 56.538], [54.93, 56.387], [54.968, 56.32], [55.172, 56.318], [55.224, 56.364], [55.412, 56.335], [55.914, 56.466], [56.073, 56.289], [56.267, 56.301], [56.393, 56.388], [56.528, 56.383], [56.558, 56.36], [56.501, 56.322], [56.574, 56.263], [56.738, 56.223], [56.897, 56.101], [57.166, 56.16], [57.267, 56.302], [57.408, 56.329]]]}}, {"type": "Feature", "properties": {"name": "kuril_1771", "name_ru": "Южнокурильское выступление 1771-1772", "people": "айны", "from": "1771-01-01", "to": "1772-01-01", "from_raw": "1771", "to_raw": "1772", "territory": "южные Курильские острова", "kind": "national", "kind_ru": "антиколониальное национальное выступление", "event": "выступление против жестокого сбора ясака; закончилось победой повстанцев - с 1779 г. обложение айнов ясаком запрещено", "source": "Атлас російського імперіалізму та колоніалізму (УІФ, 2026), розд. 37, п. 13", "confidence": "высокая", "note": "один из немногих случаев, когда выступление добилось своей цели", "paint": "none", "hold_from": "", "hold_to": "", "hold_note": "", "geometry_source": "ne:Russia:Sakhalin", "approximate": true}, "geometry": {"type": "MultiPolygon", "coordinates": [[[[142.723, 54.426], [143.013, 54.119], [142.852, 53.872], [142.934, 53.858], [143.002, 53.701], [142.927, 53.83], [142.907, 53.767], [143.029, 53.646], [142.996, 53.626], [143.071, 53.598], [142.988, 53.563], [143.121, 53.518], [143.125, 53.468], [143.071, 53.461], [143.094, 53.382], [143.183, 53.399], [143.211, 53.363], [143.361, 52.871], [143.297, 52.454], [143.194, 52.337], [143.198, 52.426], [143.272, 52.463], [143.235, 52.481], [143.293, 52.592], [143.261, 52.598], [143.119, 52.338], [143.178, 52.314], [143.151, 52.12], [143.116, 52.153], [143.098, 52.104], [143.159, 51.996], [143.125, 51.967], [143.163, 51.874], [143.213, 51.855], [143.238, 51.892], [143.318, 51.706], [143.261, 51.678], [143.224, 51.522], [143.338, 51.508], [143.365, 51.645], [143.448, 51.508], [143.475, 51.343], [143.379, 51.35], [143.475, 51.289], [143.483, 51.214], [143.521, 51.247], [143.495, 51.309], [143.522, 51.285], [143.79, 50.309], [144.003, 50.013], [144.385, 49.073], [144.685, 48.873], [144.703, 48.689], [144.757, 48.643], [144.677, 48.656], [144.633, 48.808], [144.504, 48.949], [144.058, 49.253], [143.403, 49.4], [143.259, 49.393], [143.331, 49.314], [143.667, 49.315], [143.174, 49.246], [143.009, 49.123], [142.988, 48.917], [142.537, 48.01], [142.545, 47.767], [142.748, 47.445], [142.714, 47.437], [142.879, 47.389], [143.016, 47.254], [143.098, 46.876], [143.174, 46.863], [143.084, 46.813], [143.173, 46.708], [143.39, 46.708], [143.194, 46.78], [143.197, 46.841], [143.321, 46.796], [143.478, 46.828], [143.558, 46.396], [143.626, 46.375], [143.476, 46.19], [143.431, 46.025], [143.421, 46.223], [143.338, 46.409], [143.369, 46.555], [143.276, 46.56], [143.303, 46.514], [143.16, 46.598], [142.797, 46.594], [142.725, 46.741], [142.618, 46.719], [142.407, 46.554], [142.282, 46.327], [142.202, 46.031], [142.12, 45.992], [142.085, 45.901], [141.933, 46.036], [141.814, 46.538], [142.057, 47.054], [142.057, 47.17], [141.975, 47.298], [141.966, 47.612], [142.191, 47.967], [142.133, 48.334], [141.92, 48.609], [141.857, 48.774], [141.967, 48.862], [142.125, 49.462], [142.16, 49.678], [142.125, 49.898], [142.174, 50.086], [142.146, 50.364], [142.041, 50.551], [142.097, 50.822], [142.269, 51.112], [142.079, 51.471], [141.943, 51.559], [141.939, 51.612], [141.867, 51.612], [141.687, 51.747], [141.823, 51.744], [141.81, 51.806], [141.639, 51.885], [141.676, 51.912], [141.645, 52.085], [141.7, 52.166], [141.642, 52.318], [141.844, 52.591], [141.81, 52.604], [141.928, 53.021], [141.769, 53.372], [142.241, 53.529], [142.264, 53.38], [142.455, 53.38], [142.577, 53.5], [142.687, 53.529], [142.586, 53.576], [142.514, 53.546], [142.498, 53.658], [142.641, 53.682], [142.719, 53.64], [142.804, 53.707], [142.739, 53.846], [142.673, 53.714], [142.604, 53.698], [142.706, 53.864], [142.708, 53.948], [142.283, 54.304], [142.443, 54.269], [142.537, 54.297], [142.57, 54.235], [142.57, 54.277], [142.635, 54.266], [142.625, 54.327], [142.723, 54.426]]], [[[147.701, 45.008], [147.654, 44.995], [147.645, 44.908], [147.226, 44.581], [147.055, 44.537], [146.958, 44.421], [146.862, 44.445], [146.95, 44.549], [146.937, 44.625], [147.001, 44.566], [147.038, 44.599], [146.999, 44.663], [147.091, 44.637], [147.197, 44.714], [147.204, 44.755], [147.122, 44.776], [147.109, 44.827], [147.217, 44.799], [147.264, 44.868], [147.467, 44.967], [147.511, 45.087], [147.62, 45.065], [147.757, 45.186], [147.895, 45.224], [147.861, 45.354], [147.951, 45.431], [148.04, 45.255], [148.312, 45.275], [148.621, 45.498], [148.764, 45.528], [148.856, 45.464], [148.797, 45.429], [148.843, 45.352], [148.584, 45.315], [148.278, 45.223], [147.913, 44.963], [147.768, 44.943], [147.701, 45.008]]], [[[155.782, 50.19], [155.501, 50.137], [155.396, 49.996], [155.377, 50.047], [155.217, 50.067], [155.255, 50.155], [155.202, 50.294], [155.32, 50.289], [155.442, 50.371], [155.69, 50.404], [155.878, 50.679], [155.978, 50.747], [156.105, 50.767], [156.153, 50.519], [156.057, 50.486], [156.038, 50.41], [155.782, 50.19]]], [[[145.931, 44.121], [145.778, 43.933], [145.589, 43.848], [145.556, 43.653], [145.552, 43.716], [145.443, 43.725], [145.411, 43.836], [145.729, 44.044], [146.119, 44.506], [146.363, 44.422], [146.572, 44.45], [146.548, 44.398], [146.402, 44.362], [146.304, 44.282], [146.139, 44.266], [145.931, 44.121]]], [[[149.638, 45.611], [149.577, 45.637], [149.55, 45.59], [149.437, 45.587], [149.667, 45.853], [149.811, 45.88], [150.02, 46.073], [150.195, 46.114], [150.211, 46.179], [150.569, 46.232], [150.245, 46.037], [150.198, 45.93], [150.023, 45.824], [149.923, 45.811], [149.638, 45.611]]], [[[154.608, 49.375], [154.751, 49.596], [154.837, 49.65], [154.902, 49.612], [154.803, 49.479], [154.815, 49.31], [154.72, 49.267], [154.606, 49.293], [154.608, 49.375]]], [[[156.396, 50.868], [156.484, 50.857], [156.502, 50.781], [156.406, 50.63], [156.272, 50.633], [156.166, 50.713], [156.199, 50.781], [156.396, 50.868]]], [[[152.225, 47.177], [152.199, 47.129], [152.295, 47.142], [151.851, 46.79], [151.712, 46.807], [151.705, 46.848], [151.873, 46.872], [152.225, 47.177]]], [[[146.861, 43.877], [146.935, 43.83], [146.682, 43.711], [146.602, 43.736], [146.605, 43.809], [146.769, 43.861], [146.861, 43.877]]], [[[155.474, 50.922], [155.631, 50.912], [155.67, 50.812], [155.492, 50.828], [155.447, 50.885], [155.474, 50.922]]], [[[154.056, 48.738], [153.973, 48.739], [154.119, 48.9], [154.231, 48.897], [154.056, 48.738]]], [[[152.482, 47.301], [152.413, 47.341], [152.426, 47.383], [152.521, 47.373], [152.54, 47.325], [152.482, 47.301]]], [[[154.58, 49.103], [154.488, 49.088], [154.439, 49.157], [154.563, 49.157], [154.58, 49.103]]], [[[146.227, 43.521], [146.152, 43.463], [146.079, 43.518], [146.157, 43.546], [146.227, 43.521]]], [[[153.028, 47.697], [152.966, 47.695], [153.021, 47.8], [153.069, 47.743], [153.028, 47.697]]], [[[153.275, 48.033], [153.201, 48.053], [153.165, 48.121], [153.259, 48.104], [153.275, 48.033]]], [[[154.379, 49.765], [154.395, 49.804], [154.48, 49.811], [154.448, 49.73], [154.379, 49.765]]], [[[153.905, 48.969], [154.012, 48.953], [153.919, 48.931], [153.905, 48.969]]], [[[145.896, 43.417], [145.865, 43.456], [145.938, 43.455], [145.896, 43.417]]], [[[146.357, 43.622], [146.27, 43.628], [146.318, 43.651], [146.357, 43.622]]], [[[150.808, 46.486], [150.846, 46.442], [150.809, 46.446], [150.808, 46.486]]], [[[146.045, 43.403], [146.026, 43.411], [146.092, 43.448], [146.045, 43.403]]], [[[142.541, 54.298], [142.604, 54.31], [142.588, 54.304], [142.541, 54.298]]]]}}, {"type": "Feature", "properties": {"name": "plague_riot_1771", "name_ru": "«Чумной бунт» 1771", "people": "русские", "from": "1771-09-15", "to": "1771-09-17", "from_raw": "1771-09-15", "to_raw": "1771-09-17", "territory": "Москва", "kind": "urban", "kind_ru": "выступление горожан", "event": "выступление городских низов против карантинных мер", "source": "Атлас російського імперіалізму та колоніалізму (УІФ, 2026), розд. 37, п. 12", "confidence": "средняя", "note": "", "paint": "none", "hold_from": "", "hold_to": "", "hold_note": "", "geometry_source": "city:Москва", "approximate": true}, "geometry": {"type": "Polygon", "coordinates": [[[37.964, 55.754], [37.861, 55.507], [37.614, 55.404], [37.367, 55.507], [37.264, 55.754], [37.367, 56.001], [37.614, 56.104], [37.861, 56.001], [37.964, 55.754]]]}}, {"type": "Feature", "properties": {"name": "pugachev_1773", "name_ru": "«Пугачёвщина» (Народная война) 1773-1775", "people": "яицкие казаки, башкиры, татары, финно-угры Поволжья, казахи", "from": "1773-09-17", "to": "1775-01-01", "from_raw": "1773-09-17", "to_raw": "1775", "territory": "Яик, Оренбургский край, Башкортостан, Прикамье, Поволжье", "kind": "cossack", "kind_ru": "казацкое выступление", "event": "самое крупное казацко-крестьянское выступление в истории империи: началось с яицких казаков, после того как Емельян Пугачёв объявил себя императором Петром III и отменил крепостное право, переросло в войну по всему краю; на стороне повстанцев выступили поволжские финно-угры против крещения, татары против налогов и рекрутчины, башкиры во главе с Салаватом Юлаевым против переселенческой колонизации, частично калмыки и казахи; повстанцы впервые в истории империи захватили Казань", "source": "Атлас російського імперіалізму та колоніалізму (УІФ, 2026), розд. 37, п. 14", "confidence": "высокая", "note": "УДЕРЖАНИЯ НЕТ, вычитанием не показываем: Оренбург, Уфа и Яицкая крепость выдержали осаду и не сдались, Казань захвачена 12.07.1774 и оставлена через сутки, своей администрации на удержанной территории повстанцы не выстроили. Осада Оренбурга шла с 5 октября 1773 г. по 23 марта 1774 г. - меньше полугода, и город остался за империей. После поражения права дворян и национальных элит расширены, вольности рядовых казаков урезаны, Запорожская Сечь ликвидирована", "paint": "none", "hold_from": "", "hold_to": "", "hold_note": "", "geometry_source": "ne:Russia:Orenburg|Bashkortostan|Chelyabinsk|Samara|Ul'yanovsk|Tatarstan|Perm'|Saratov;ne:Kazakhstan:West Kazakhstan", "approximate": true}, "geometry": {"type": "Polygon", "coordinates": [[[54.676, 50.603], [54.392, 50.358], [54.424, 50.15], [54.551, 50.031], [54.453, 49.815], [54.293, 49.65], [54.006, 49.617], [53.713, 49.463], [53.673, 49.184], [53.48, 49.061], [53.466, 49.009], [52.913, 48.985], [52.764, 48.862], [52.771, 48.743], [52.622, 48.588], [52.589, 48.426], [52.175, 48.483], [51.968, 48.465], [51.811, 48.505], [51.83, 48.615], [51.755, 48.631], [51.37, 48.663], [51.156, 48.63], [50.948, 48.482], [50.726, 48.421], [49.911, 48.041], [49.457, 48.014], [49.432, 47.938], [48.908, 48.06], [47.112, 48.242], [46.478, 48.411], [46.754, 48.914], [46.93, 49.004], [47.04, 49.15], [46.979, 49.244], [46.775, 49.333], [46.923, 49.861], [47.177, 49.947], [47.329, 50.073], [47.265, 50.186], [47.322, 50.237], [47.295, 50.275], [47.434, 50.377], [47.24, 50.379], [47.202, 50.508], [46.938, 50.489], [46.804, 50.587], [46.826, 50.644], [46.583, 50.701], [46.561, 50.632], [46.472, 50.609], [46.47, 50.548], [46.321, 50.572], [46.265, 50.531], [46.083, 50.527], [46.065, 50.663], [45.811, 50.774], [45.678, 50.729], [45.668, 50.594], [45.52, 50.556], [45.495, 50.613], [45.228, 50.588], [45.255, 50.679], [45.17, 50.715], [45.262, 50.744], [45.313, 50.848], [45.211, 50.946], [45.188, 51.051], [44.872, 51.153], [44.631, 51.173], [44.577, 51.135], [44.446, 51.212], [44.21, 51.194], [44.162, 51.093], [44.008, 51.083], [43.99, 51.174], [43.864, 51.113], [43.682, 51.113], [43.653, 51.067], [43.33, 51.018], [42.873, 51.231], [42.905, 51.249], [42.845, 51.317], [42.861, 51.381], [42.53, 51.575], [42.48, 51.677], [42.651, 51.813], [42.703, 51.982], [42.806, 52.012], [42.751, 52.078], [42.752, 52.174], [42.922, 52.305], [42.92, 52.37], [43.003, 52.366], [43.175, 52.462], [43.353, 52.393], [43.772, 52.432], [44.347, 52.316], [44.422, 52.416], [44.537, 52.426], [44.5, 52.521], [44.548, 52.552], [44.849, 52.45], [45.045, 52.321], [45.14, 52.421], [45.431, 52.4], [45.644, 52.519], [45.732, 52.523], [45.726, 52.462], [45.981, 52.407], [46.013, 52.462], [45.975, 52.492], [46.132, 52.547], [46.15, 52.598], [46.276, 52.619], [46.3, 52.676], [46.582, 52.731], [46.615, 52.666], [46.831, 52.616], [46.836, 52.713], [46.983, 52.771], [46.972, 52.838], [46.902, 52.882], [46.935, 52.91], [46.913, 53.079], [46.97, 53.178], [46.874, 53.187], [46.879, 53.242], [46.943, 53.263], [46.906, 53.335], [46.68, 53.476], [46.494, 53.511], [46.464, 53.605], [46.499, 53.624], [46.338, 53.757], [46.271, 53.757], [46.283, 53.801], [46.193, 53.85], [46.2, 53.923], [46.007, 53.998], [45.854, 53.967], [45.792, 54.004], [45.879, 54.031], [46.018, 54.189], [46.272, 54.206], [46.738, 54.345], [46.734, 54.384], [46.555, 54.401], [46.515, 54.444], [46.59, 54.501], [46.482, 54.497], [46.537, 54.584], [46.439, 54.578], [46.519, 54.646], [46.444, 54.688], [46.441, 54.772], [46.861, 54.63], [47.063, 54.69], [47.204, 54.658], [47.37, 54.753], [47.432, 54.892], [47.748, 54.829], [47.758, 54.903], [47.801, 54.819], [47.847, 54.816], [47.788, 54.939], [47.996, 54.968], [48.029, 55.019], [47.918, 55.06], [48.069, 55.099], [48.085, 55.151], [48.013, 55.281], [47.923, 55.314], [47.872, 55.285], [47.893, 55.242], [47.819, 55.276], [47.785, 55.22], [47.699, 55.223], [47.696, 55.323], [47.834, 55.342], [47.974, 55.5], [48.092, 55.536], [48.025, 55.63], [48.383, 55.789], [48.415, 55.902], [48.685, 55.952], [48.698, 56.076], [48.828, 56.067], [48.995, 56.209], [49.051, 56.207], [48.933, 56.262], [49.092, 56.392], [49.329, 56.351], [49.405, 56.38], [49.417, 56.48], [49.464, 56.43], [49.544, 56.432], [49.572, 56.501], [49.651, 56.53], [49.788, 56.533], [49.812, 56.5], [49.749, 56.47], [49.854, 56.441], [49.965, 56.501], [49.981, 56.438], [50.198, 56.583], [50.072, 56.623], [50.325, 56.676], [50.419, 56.593], [50.489, 56.613], [50.452, 56.55], [50.547, 56.421], [50.624, 56.399], [50.583, 56.359], [50.73, 56.33], [50.779, 56.358], [50.767, 56.404], [50.851, 56.39], [50.908, 56.296], [50.84, 56.241], [51.073, 56.131], [51.193, 56.141], [51.313, 56.073], [51.373, 56.131], [51.643, 56.148], [51.484, 56.069], [51.405, 55.961], [51.442, 55.925], [51.736, 55.957], [51.782, 55.888], [51.957, 55.977], [52.042, 55.955], [52.058, 55.897], [52.168, 55.898], [52.248, 55.952], [52.205, 56.02], [52.245, 56.066], [52.188, 56.065], [52.225, 56.086], [52.655, 56.018], [52.721, 56.058], [52.717, 56.136], [52.834, 56.094], [52.813, 56.201], [52.562, 56.259], [52.731, 56.394], [52.949, 56.445], [52.828, 56.517], [52.924, 56.506], [52.939, 56.541], [53.09, 56.522], [52.943, 56.372], [52.993, 56.193], [53.064, 56.192], [53.049, 56.136], [53.145, 56.161], [53.325, 56.084], [53.338, 56.15], [53.26, 56.254], [53.417, 56.277], [53.551, 56.241], [53.552, 56.152], [53.405, 56.023], [53.287, 55.938], [53.194, 55.935], [53.289, 55.858], [53.632, 55.907], [53.838, 56.039], [54.006, 56.029], [54.117, 56.158], [54.346, 56.253], [54.329, 56.443], [54.245, 56.432], [54.179, 56.527], [54.041, 56.593], [54.076, 56.669], [53.861, 56.621], [53.872, 56.705], [53.82, 56.783], [53.872, 56.807], [53.996, 56.736], [54.088, 56.771], [54.099, 56.966], [54.4, 57.043], [54.277, 57.104], [54.323, 57.138], [54.319, 57.286], [54.119, 57.309], [54.157, 57.392], [54.271, 57.427], [54.264, 57.464], [54.181, 57.466], [54.176, 57.556], [54.092, 57.522], [53.99, 57.573], [54.117, 57.616], [54.079, 57.675], [54.156, 57.706], [54.099, 57.972], [53.81, 58.228], [53.886, 58.319], [53.786, 58.402], [53.705, 58.595], [53.771, 58.716], [53.922, 58.783], [53.807, 58.829], [53.725, 58.926], [53.761, 59.017], [53.877, 59.093], [53.754, 59.141], [53.693, 59.122], [53.716, 59.094], [53.403, 59.15], [53.206, 59.364], [53.354, 59.501], [53.423, 59.684], [53.592, 59.709], [53.703, 60.011], [53.608, 60.143], [53.457, 60.205], [53.358, 60.166], [52.298, 60.242], [52.324, 60.432], [52.138, 60.473], [52.134, 60.547], [51.777, 60.601], [51.895, 60.88], [52.355, 60.844], [52.431, 60.978], [52.79, 60.949], [52.876, 61.094], [53.372, 61.029], [53.354, 60.893], [53.804, 60.85], [53.853, 60.98], [54.98, 60.864], [55.062, 61.009], [55.199, 61.009], [55.288, 61.121], [55.716, 61.088], [55.83, 61.249], [56.287, 61.209], [56.391, 61.42], [56.538, 61.431], [56.676, 61.522], [57.086, 61.488], [58.811, 61.509], [59.349, 61.682], [59.428, 61.513], [59.418, 61.429], [59.307, 61.368], [59.257, 61.244], [59.357, 61.151], [59.373, 60.97], [59.469, 60.941], [59.39, 60.583], [59.234, 60.475], [59.164, 60.367], [59.187, 60.271], [59.046, 60.113], [59.051, 60.043], [58.951, 59.995], [59.0, 59.931], [58.856, 59.932], [58.805, 59.863], [58.675, 59.859], [58.582, 59.716], [58.451, 59.705], [58.4, 59.547], [58.311, 59.463], [58.519, 59.437], [58.67, 59.293], [59.174, 59.168], [59.091, 59.022], [59.181, 58.953], [59.067, 58.89], [59.083, 58.769], [59.173, 58.755], [59.196, 58.707], [59.422, 58.68], [59.389, 58.59], [59.456, 58.493], [59.286, 58.417], [59.203, 58.305], [58.997, 58.203], [58.839, 58.201], [58.672, 58.101], [58.605, 57.996], [58.764, 57.843], [58.86, 57.834], [58.83, 57.726], [58.523, 57.576], [58.445, 57.597], [58.436, 57.676], [58.171, 57.686], [58.122, 57.561], [58.053, 57.605], [57.975, 57.541], [57.997, 57.486], [57.938, 57.332], [58.039, 57.237], [57.989, 57.193], [58.105, 57.127], [58.023, 57.114], [58.072, 57.051], [57.971, 57.058], [57.996, 57.089], [57.882, 57.068], [57.749, 56.935], [57.56, 56.888], [57.338, 56.925], [57.219, 56.853], [57.311, 56.724], [57.426, 56.659], [57.354, 56.607], [57.381, 56.567], [57.317, 56.373], [57.42, 56.32], [57.408, 56.243], [57.478, 56.179], [57.474, 56.119], [58.079, 56.141], [58.3, 56.114], [58.339, 56.059], [58.543, 56.163], [58.747, 56.063], [58.944, 56.066], [59.007, 56.11], [59.003, 56.215], [59.135, 56.206], [59.165, 56.255], [59.115, 56.312], [59.209, 56.354], [59.701, 56.306], [59.661, 56.252], [59.789, 56.233], [59.921, 56.265], [60.199, 56.208], [60.751, 56.237], [60.909, 56.188], [61.157, 56.222], [61.084, 56.326], [61.15, 56.376], [61.267, 56.331], [61.385, 56.367], [61.537, 56.297], [61.642, 56.319], [61.864, 56.181], [62.126, 56.127], [62.106, 56.087], [62.218, 56.026], [62.225, 55.935], [62.315, 55.971], [62.343, 55.905], [62.268, 55.89], [62.256, 55.841], [62.42, 55.821], [62.513, 55.742], [62.549, 55.639], [62.457, 55.568], [62.587, 55.509], [62.45, 55.477], [62.465, 55.424], [62.298, 55.402], [62.205, 55.442], [62.167, 55.401], [62.241, 55.346], [62.04, 55.304], [62.036, 55.267], [62.226, 55.214], [62.189, 55.158], [62.27, 55.131], [62.198, 54.997], [62.109, 55.047], [61.97, 55.021], [61.98, 54.934], [62.123, 54.815], [62.038, 54.775], [62.025, 54.717], [62.147, 54.644], [62.552, 54.728], [62.529, 54.677], [62.589, 54.624], [62.915, 54.696], [63.192, 54.686], [63.298, 54.526], [63.194, 54.456], [63.134, 54.479], [63.186, 54.409], [63.119, 54.392], [63.092, 54.319], [63.326, 54.254], [63.329, 54.163], [63.124, 54.174], [63.085, 54.086], [62.629, 54.071], [62.551, 54.027], [62.587, 53.97], [62.525, 53.872], [62.39, 53.942], [62.444, 53.992], [62.413, 54.027], [62.003, 54.017], [62.004, 53.932], [61.856, 53.943], [61.791, 54.001], [61.62, 53.993], [61.582, 53.948], [61.338, 54.063], [61.194, 54.018], [61.211, 53.908], [61.096, 53.956], [60.978, 53.927], [60.978, 53.883], [61.085, 53.875], [61.199, 53.797], [61.008, 53.636], [60.88, 53.633], [61.281, 53.542], [61.503, 53.589], [61.555, 53.506], [61.412, 53.436], [61.235, 53.503], [61.137, 53.373], [61.163, 53.299], [61.514, 53.209], [61.643, 53.243], [61.764, 53.169], [62.051, 53.125], [62.116, 53.065], [62.094, 52.992], [61.959, 52.935], [61.82, 52.978], [61.606, 52.948], [61.448, 53.021], [60.975, 52.971], [61.058, 52.922], [60.696, 52.735], [60.673, 52.672], [60.803, 52.628], [60.815, 52.522], [60.936, 52.489], [61.04, 52.335], [60.672, 52.144], [60.426, 52.13], [60.203, 51.993], [60.003, 51.993], [59.986, 51.952], [60.061, 51.859], [60.138, 51.889], [60.452, 51.805], [60.476, 51.776], [60.356, 51.692], [60.376, 51.663], [60.515, 51.618], [60.937, 51.611], [60.945, 51.544], [61.029, 51.483], [61.474, 51.426], [61.563, 51.296], [61.664, 51.258], [61.534, 51.206], [61.427, 50.833], [61.372, 50.782], [60.718, 50.653], [60.3, 50.685], [60.177, 50.742], [60.136, 50.844], [60.021, 50.854], [59.962, 50.83], [59.915, 50.674], [59.816, 50.563], [59.523, 50.475], [59.452, 50.537], [59.563, 50.58], [59.438, 50.631], [59.273, 50.616], [59.197, 50.663], [58.926, 50.678], [58.748, 50.795], [58.664, 50.79], [58.641, 50.863], [58.55, 50.893], [58.595, 51.023], [58.378, 51.071], [58.308, 51.15], [58.168, 51.055], [57.769, 51.12], [57.722, 50.909], [57.556, 50.919], [57.468, 50.858], [57.334, 50.897], [57.154, 51.1], [56.716, 51.072], [56.688, 50.969], [56.478, 51.073], [56.315, 50.884], [56.158, 50.906], [56.079, 50.725], [55.66, 50.53], [55.468, 50.657], [55.305, 50.665], [55.084, 50.797], [55.048, 50.884], [54.638, 51.028], [54.534, 51.003], [54.546, 50.953], [54.503, 50.928], [54.638, 50.886], [54.676, 50.603]]]}}, {"type": "Feature", "properties": {"name": "koktemir_1775", "name_ru": "Восстание Коктемир 1775-1776", "people": "казахи", "from": "1775-01-01", "to": "1776-01-01", "from_raw": "1775", "to_raw": "1776", "territory": "Младший жуз", "kind": "national", "kind_ru": "антиколониальное национальное выступление", "event": "выступления казахов Младшего жуза против жестокости, с которой войска империи расправлялись с участниками «Пугачёвщины»; после раскола среди повстанцев самые непримиримые откочевали с подконтрольной империи территории", "source": "Атлас російського імперіалізму та колоніалізму (УІФ, 2026), розд. 37, п. 15", "confidence": "средняя", "note": "", "paint": "none", "hold_from": "", "hold_to": "", "hold_note": "", "geometry_source": "ne:Kazakhstan:West Kazakhstan|Atyrau|Aqtöbe", "approximate": true}, "geometry": {"type": "MultiPolygon", "coordinates": [[[[47.159, 47.872], [47.044, 47.986], [47.192, 48.072], [47.104, 48.101], [47.099, 48.265], [46.478, 48.411], [46.754, 48.914], [47.021, 49.097], [47.029, 49.201], [46.775, 49.333], [46.923, 49.861], [47.177, 49.947], [47.329, 50.073], [47.265, 50.186], [47.322, 50.237], [47.306, 50.295], [47.599, 50.453], [47.993, 50.182], [48.239, 49.865], [48.43, 49.81], [48.785, 49.933], [48.886, 50.02], [48.866, 50.086], [48.783, 50.111], [48.673, 50.58], [48.568, 50.637], [48.83, 50.596], [49.144, 50.782], [49.369, 50.827], [49.424, 50.882], [49.347, 50.964], [49.437, 51.112], [49.779, 51.102], [49.987, 51.23], [50.325, 51.303], [50.36, 51.413], [50.527, 51.47], [50.525, 51.566], [50.582, 51.635], [50.694, 51.611], [50.671, 51.568], [50.791, 51.597], [50.767, 51.759], [50.925, 51.68], [51.234, 51.685], [51.372, 51.63], [51.359, 51.561], [51.237, 51.536], [51.304, 51.472], [51.462, 51.475], [51.584, 51.535], [51.647, 51.451], [51.782, 51.493], [51.765, 51.593], [51.869, 51.673], [52.092, 51.659], [52.308, 51.775], [52.546, 51.46], [52.78, 51.508], [52.944, 51.453], [53.181, 51.514], [53.346, 51.503], [53.597, 51.397], [53.594, 51.289], [53.674, 51.22], [53.936, 51.186], [54.112, 51.096], [54.145, 50.993], [54.276, 50.904], [54.479, 50.853], [54.38, 50.619], [54.499, 50.523], [54.676, 50.603], [54.638, 50.886], [54.503, 50.928], [54.546, 50.953], [54.534, 51.003], [54.638, 51.028], [55.048, 50.884], [55.084, 50.797], [55.305, 50.665], [55.468, 50.657], [55.66, 50.53], [56.079, 50.725], [56.158, 50.906], [56.315, 50.884], [56.478, 51.073], [56.688, 50.969], [56.716, 51.072], [57.154, 51.1], [57.334, 50.897], [57.468, 50.858], [57.556, 50.919], [57.722, 50.909], [57.769, 51.12], [58.168, 51.055], [58.308, 51.15], [58.378, 51.071], [58.595, 51.023], [58.55, 50.893], [58.641, 50.863], [58.664, 50.79], [58.748, 50.795], [58.926, 50.678], [59.197, 50.663], [59.273, 50.616], [59.438, 50.631], [59.563, 50.58], [59.452, 50.537], [59.523, 50.475], [59.816, 50.563], [59.915, 50.674], [59.962, 50.83], [60.021, 50.854], [60.136, 50.844], [60.177, 50.742], [60.3, 50.685], [60.718, 50.653], [61.372, 50.782], [61.427, 50.833], [61.534, 51.206], [61.873, 51.296], [62.03, 51.065], [62.154, 51.11], [62.294, 51.04], [62.239, 50.946], [62.375, 50.851], [62.304, 50.754], [62.314, 50.696], [62.446, 50.675], [62.534, 50.439], [62.89, 50.024], [62.913, 49.897], [62.714, 49.908], [62.611, 49.855], [62.413, 49.601], [62.453, 49.52], [62.279, 49.488], [62.485, 49.228], [62.278, 49.186], [62.373, 49.167], [62.447, 49.051], [62.665, 48.878], [63.031, 48.863], [63.03, 48.692], [63.661, 48.47], [64.204, 47.879], [62.842, 47.184], [62.45, 47.248], [62.467, 47.292], [62.32, 47.446], [62.048, 47.571], [61.859, 47.776], [61.327, 47.733], [60.765, 47.1], [60.538, 47.112], [60.441, 47.046], [60.411, 46.924], [60.169, 46.885], [59.921, 46.76], [59.113, 46.066], [59.027, 45.818], [59.055, 45.324], [58.531, 45.559], [56.708, 45.162], [56.541, 45.954], [56.473, 46.084], [55.832, 46.235], [55.827, 46.332], [55.744, 46.388], [55.675, 46.358], [55.477, 46.48], [55.247, 46.346], [53.949, 46.188], [53.694, 45.972], [53.758, 45.921], [53.536, 45.826], [53.039, 45.738], [52.862, 45.767], [53.082, 46.005], [53.157, 46.272], [53.128, 46.394], [53.033, 46.471], [53.102, 46.444], [53.082, 46.512], [52.998, 46.485], [53.04, 46.574], [53.072, 46.545], [53.108, 46.622], [53.205, 46.656], [53.188, 46.718], [53.106, 46.737], [53.06, 46.892], [52.92, 46.957], [52.615, 46.95], [52.456, 47.001], [52.357, 46.894], [52.189, 46.884], [52.245, 46.81], [52.113, 46.813], [52.0, 46.891], [52.019, 46.937], [51.941, 46.88], [51.854, 46.895], [51.896, 46.931], [51.744, 46.927], [51.676, 46.979], [51.68, 47.057], [51.592, 46.987], [51.527, 47.053], [51.213, 47.121], [50.905, 47.019], [50.847, 47.037], [50.741, 46.906], [50.752, 46.975], [50.616, 46.936], [50.569, 46.829], [50.578, 46.878], [50.43, 46.897], [50.231, 46.726], [50.213, 46.766], [50.169, 46.749], [49.817, 46.54], [49.703, 46.56], [49.703, 46.519], [49.623, 46.583], [49.627, 46.519], [49.579, 46.499], [49.469, 46.594], [49.493, 46.5], [49.305, 46.588], [49.394, 46.478], [49.278, 46.519], [49.371, 46.399], [49.223, 46.471], [49.292, 46.396], [49.168, 46.409], [49.227, 46.328], [48.705, 46.55], [48.539, 46.568], [48.53, 46.638], [48.455, 46.661], [48.557, 46.762], [48.677, 46.758], [48.764, 46.683], [48.917, 46.703], [49.006, 46.769], [48.697, 47.101], [48.525, 47.41], [48.411, 47.446], [48.174, 47.713], [48.044, 47.77], [47.65, 47.766], [47.412, 47.836], [47.36, 47.683], [47.141, 47.793], [47.159, 47.872]]], [[[49.782, 46.224], [49.72, 46.357], [49.812, 46.326], [49.841, 46.263], [49.782, 46.224]]]]}}, {"type": "Feature", "properties": {"name": "nogai_1783", "name_ru": "Ногайское восстание 1783", "people": "ногайцы", "from": "1783-01-01", "to": "1783-01-01", "from_raw": "1783", "to_raw": "1783", "territory": "Кубань", "kind": "national", "kind_ru": "антиколониальное национальное выступление", "event": "вооружённое выступление ногайцев Кубани против присоединения к империи и планов переселить их за Урал и на Тамбовщину", "source": "Атлас російського імперіалізму та колоніалізму (УІФ, 2026), розд. 37, п. 16", "confidence": "высокая", "note": "после разгрома ногайцев переселили на Каспий и в Приазовье, их ординскую организацию отменили", "paint": "none", "hold_from": "", "hold_to": "", "hold_note": "", "geometry_source": "ne:Russia:Krasnodar|Stavropol'", "approximate": true}, "geometry": {"type": "Polygon", "coordinates": [[[41.658, 45.976], [42.111, 45.929], [42.157, 45.96], [42.177, 46.099], [42.325, 46.126], [42.32, 45.976], [42.517, 45.99], [42.916, 46.241], [43.393, 46.016], [43.878, 45.945], [44.08, 45.796], [44.148, 45.653], [44.277, 45.58], [44.738, 45.497], [45.586, 45.158], [45.717, 45.0], [45.622, 44.903], [45.646, 44.8], [45.43, 44.615], [45.271, 44.591], [45.228, 44.487], [45.405, 44.442], [45.441, 44.376], [45.404, 44.318], [45.131, 44.268], [45.105, 44.216], [45.517, 44.185], [45.453, 43.889], [45.221, 43.883], [45.204, 43.948], [45.076, 43.95], [45.077, 43.781], [44.893, 43.652], [44.829, 43.668], [44.803, 43.802], [44.285, 43.819], [44.299, 43.89], [44.417, 43.946], [44.42, 43.999], [44.259, 43.925], [43.906, 43.994], [43.797, 43.936], [43.739, 43.841], [43.459, 43.868], [43.327, 43.805], [43.195, 43.951], [42.852, 43.817], [42.683, 43.807], [42.664, 43.911], [42.612, 43.934], [42.65, 43.965], [42.56, 43.982], [42.591, 44.04], [42.487, 44.026], [42.5, 43.973], [42.391, 43.968], [42.295, 44.091], [42.308, 44.135], [42.561, 44.249], [42.557, 44.289], [42.352, 44.27], [42.287, 44.328], [41.972, 44.385], [41.914, 44.49], [41.849, 44.491], [41.627, 44.407], [41.602, 44.367], [41.691, 44.329], [41.709, 44.233], [41.629, 44.118], [41.449, 43.994], [41.288, 44.002], [41.274, 44.077], [40.851, 44.117], [40.953, 43.981], [40.777, 43.923], [40.69, 43.523], [40.48, 43.509], [40.164, 43.576], [40.073, 43.551], [39.986, 43.389], [38.758, 44.274], [38.217, 44.387], [38.056, 44.559], [37.985, 44.564], [37.778, 44.73], [37.8, 44.635], [37.499, 44.668], [37.371, 44.748], [37.306, 44.91], [37.192, 44.991], [36.84, 45.109], [36.702, 45.104], [36.578, 45.187], [36.962, 45.283], [36.947, 45.32], [36.789, 45.292], [36.758, 45.354], [36.803, 45.313], [36.848, 45.367], [36.782, 45.388], [36.668, 45.326], [36.705, 45.391], [36.833, 45.443], [37.139, 45.336], [37.078, 45.239], [37.319, 45.272], [37.159, 45.326], [37.381, 45.306], [37.519, 45.369], [37.505, 45.334], [37.601, 45.331], [37.591, 45.289], [37.635, 45.334], [37.729, 45.302], [37.7, 45.339], [37.758, 45.402], [37.717, 45.389], [37.703, 45.457], [37.744, 45.45], [37.635, 45.608], [37.641, 45.456], [37.586, 45.432], [37.595, 45.635], [37.626, 45.668], [37.703, 45.622], [37.667, 45.669], [37.829, 45.753], [37.94, 46.02], [38.098, 46.058], [38.032, 46.025], [38.074, 46.025], [38.042, 45.961], [38.08, 45.946], [38.001, 45.833], [38.04, 45.816], [38.167, 46.121], [38.249, 46.142], [38.427, 46.038], [38.56, 46.033], [38.571, 46.105], [38.3, 46.219], [38.123, 46.378], [37.981, 46.4], [37.995, 46.354], [37.905, 46.411], [37.731, 46.663], [37.982, 46.617], [38.272, 46.732], [38.314, 46.676], [38.592, 46.659], [38.471, 46.743], [38.378, 46.708], [38.403, 46.821], [38.475, 46.862], [38.907, 46.818], [38.849, 46.713], [38.86, 46.588], [38.884, 46.635], [39.168, 46.619], [39.176, 46.684], [39.242, 46.7], [39.238, 46.769], [39.444, 46.809], [40.023, 46.765], [40.132, 46.722], [40.047, 46.623], [40.046, 46.548], [40.214, 46.525], [40.286, 46.432], [40.234, 46.351], [40.339, 46.28], [40.728, 46.281], [40.757, 46.233], [40.913, 46.235], [40.998, 46.294], [40.955, 46.193], [41.126, 46.068], [41.162, 45.954], [41.658, 45.976]], [[39.903, 45.079], [39.612, 45.193], [39.315, 44.999], [39.042, 44.966], [38.9, 45.051], [38.807, 45.005], [38.686, 45.037], [38.672, 44.962], [39.064, 44.81], [39.47, 44.795], [39.637, 44.871], [39.496, 44.954], [39.5, 45.037], [39.639, 45.034], [39.667, 45.01], [39.603, 44.959], [39.681, 44.981], [39.74, 44.932], [39.884, 45.007], [40.027, 44.736], [39.915, 44.699], [39.92, 44.593], [39.794, 44.35], [40.079, 44.237], [39.96, 44.065], [39.813, 44.185], [39.737, 44.187], [39.724, 43.932], [40.32, 43.76], [40.457, 43.966], [40.383, 44.033], [40.366, 44.198], [40.438, 44.292], [40.406, 44.499], [40.324, 44.608], [40.405, 44.737], [40.539, 44.733], [40.677, 44.536], [40.641, 44.458], [40.754, 44.475], [40.728, 44.608], [40.528, 44.915], [40.256, 45.088], [39.903, 45.079]]]}}, {"type": "Feature", "properties": {"name": "syrym_1783", "name_ru": "Восстание Сырыма Датова 1783-1797", "people": "казахи", "from": "1783-01-01", "to": "1797-01-01", "from_raw": "1783", "to_raw": "1797", "territory": "Младший жуз", "kind": "national", "kind_ru": "антиколониальное национальное выступление", "event": "началось как выступление против запрета переправляться через Урал, переросло в борьбу главы съезда казахской знати Датова против ханской власти и царского протектората; сопровождалось нападениями на пограничные крепости", "source": "Атлас російського імперіалізму та колоніалізму (УІФ, 2026), розд. 37, п. 17", "confidence": "высокая", "note": "Датов откочевал в Хиву", "paint": "none", "hold_from": "", "hold_to": "", "hold_note": "", "geometry_source": "ne:Kazakhstan:West Kazakhstan|Atyrau|Aqtöbe", "approximate": true}, "geometry": {"type": "MultiPolygon", "coordinates": [[[[47.159, 47.872], [47.044, 47.986], [47.192, 48.072], [47.104, 48.101], [47.099, 48.265], [46.478, 48.411], [46.754, 48.914], [47.021, 49.097], [47.029, 49.201], [46.775, 49.333], [46.923, 49.861], [47.177, 49.947], [47.329, 50.073], [47.265, 50.186], [47.322, 50.237], [47.306, 50.295], [47.599, 50.453], [47.993, 50.182], [48.239, 49.865], [48.43, 49.81], [48.785, 49.933], [48.886, 50.02], [48.866, 50.086], [48.783, 50.111], [48.673, 50.58], [48.568, 50.637], [48.83, 50.596], [49.144, 50.782], [49.369, 50.827], [49.424, 50.882], [49.347, 50.964], [49.437, 51.112], [49.779, 51.102], [49.987, 51.23], [50.325, 51.303], [50.36, 51.413], [50.527, 51.47], [50.525, 51.566], [50.582, 51.635], [50.694, 51.611], [50.671, 51.568], [50.791, 51.597], [50.767, 51.759], [50.925, 51.68], [51.234, 51.685], [51.372, 51.63], [51.359, 51.561], [51.237, 51.536], [51.304, 51.472], [51.462, 51.475], [51.584, 51.535], [51.647, 51.451], [51.782, 51.493], [51.765, 51.593], [51.869, 51.673], [52.092, 51.659], [52.308, 51.775], [52.546, 51.46], [52.78, 51.508], [52.944, 51.453], [53.181, 51.514], [53.346, 51.503], [53.597, 51.397], [53.594, 51.289], [53.674, 51.22], [53.936, 51.186], [54.112, 51.096], [54.145, 50.993], [54.276, 50.904], [54.479, 50.853], [54.38, 50.619], [54.499, 50.523], [54.676, 50.603], [54.638, 50.886], [54.503, 50.928], [54.546, 50.953], [54.534, 51.003], [54.638, 51.028], [55.048, 50.884], [55.084, 50.797], [55.305, 50.665], [55.468, 50.657], [55.66, 50.53], [56.079, 50.725], [56.158, 50.906], [56.315, 50.884], [56.478, 51.073], [56.688, 50.969], [56.716, 51.072], [57.154, 51.1], [57.334, 50.897], [57.468, 50.858], [57.556, 50.919], [57.722, 50.909], [57.769, 51.12], [58.168, 51.055], [58.308, 51.15], [58.378, 51.071], [58.595, 51.023], [58.55, 50.893], [58.641, 50.863], [58.664, 50.79], [58.748, 50.795], [58.926, 50.678], [59.197, 50.663], [59.273, 50.616], [59.438, 50.631], [59.563, 50.58], [59.452, 50.537], [59.523, 50.475], [59.816, 50.563], [59.915, 50.674], [59.962, 50.83], [60.021, 50.854], [60.136, 50.844], [60.177, 50.742], [60.3, 50.685], [60.718, 50.653], [61.372, 50.782], [61.427, 50.833], [61.534, 51.206], [61.873, 51.296], [62.03, 51.065], [62.154, 51.11], [62.294, 51.04], [62.239, 50.946], [62.375, 50.851], [62.304, 50.754], [62.314, 50.696], [62.446, 50.675], [62.534, 50.439], [62.89, 50.024], [62.913, 49.897], [62.714, 49.908], [62.611, 49.855], [62.413, 49.601], [62.453, 49.52], [62.279, 49.488], [62.485, 49.228], [62.278, 49.186], [62.373, 49.167], [62.447, 49.051], [62.665, 48.878], [63.031, 48.863], [63.03, 48.692], [63.661, 48.47], [64.204, 47.879], [62.842, 47.184], [62.45, 47.248], [62.467, 47.292], [62.32, 47.446], [62.048, 47.571], [61.859, 47.776], [61.327, 47.733], [60.765, 47.1], [60.538, 47.112], [60.441, 47.046], [60.411, 46.924], [60.169, 46.885], [59.921, 46.76], [59.113, 46.066], [59.027, 45.818], [59.055, 45.324], [58.531, 45.559], [56.708, 45.162], [56.541, 45.954], [56.473, 46.084], [55.832, 46.235], [55.827, 46.332], [55.744, 46.388], [55.675, 46.358], [55.477, 46.48], [55.247, 46.346], [53.949, 46.188], [53.694, 45.972], [53.758, 45.921], [53.536, 45.826], [53.039, 45.738], [52.862, 45.767], [53.082, 46.005], [53.157, 46.272], [53.128, 46.394], [53.033, 46.471], [53.102, 46.444], [53.082, 46.512], [52.998, 46.485], [53.04, 46.574], [53.072, 46.545], [53.108, 46.622], [53.205, 46.656], [53.188, 46.718], [53.106, 46.737], [53.06, 46.892], [52.92, 46.957], [52.615, 46.95], [52.456, 47.001], [52.357, 46.894], [52.189, 46.884], [52.245, 46.81], [52.113, 46.813], [52.0, 46.891], [52.019, 46.937], [51.941, 46.88], [51.854, 46.895], [51.896, 46.931], [51.744, 46.927], [51.676, 46.979], [51.68, 47.057], [51.592, 46.987], [51.527, 47.053], [51.213, 47.121], [50.905, 47.019], [50.847, 47.037], [50.741, 46.906], [50.752, 46.975], [50.616, 46.936], [50.569, 46.829], [50.578, 46.878], [50.43, 46.897], [50.231, 46.726], [50.213, 46.766], [50.169, 46.749], [49.817, 46.54], [49.703, 46.56], [49.703, 46.519], [49.623, 46.583], [49.627, 46.519], [49.579, 46.499], [49.469, 46.594], [49.493, 46.5], [49.305, 46.588], [49.394, 46.478], [49.278, 46.519], [49.371, 46.399], [49.223, 46.471], [49.292, 46.396], [49.168, 46.409], [49.227, 46.328], [48.705, 46.55], [48.539, 46.568], [48.53, 46.638], [48.455, 46.661], [48.557, 46.762], [48.677, 46.758], [48.764, 46.683], [48.917, 46.703], [49.006, 46.769], [48.697, 47.101], [48.525, 47.41], [48.411, 47.446], [48.174, 47.713], [48.044, 47.77], [47.65, 47.766], [47.412, 47.836], [47.36, 47.683], [47.141, 47.793], [47.159, 47.872]]], [[[49.782, 46.224], [49.72, 46.357], [49.812, 46.326], [49.841, 46.263], [49.782, 46.224]]]]}}, {"type": "Feature", "properties": {"name": "turbai_1789", "name_ru": "Турбаевское восстание 1789-1793", "people": "украинцы", "from": "1789-01-01", "to": "1793-01-01", "from_raw": "1789", "to_raw": "1793", "territory": "Турбаи, Полтавщина", "kind": "peasant", "kind_ru": "крестьянское выступление", "event": "самое крупное крестьянское выступление против крепостного права в Украине: крестьяне, чьи казацкие привилегии не признал суд, отказались от барщины и создали своё самоуправление в Турбаях и окрестных сёлах", "source": "Атлас російського імперіалізму та колоніалізму (УІФ, 2026), розд. 37, п. 18", "confidence": "высокая", "note": "", "paint": "none", "hold_from": "", "hold_to": "", "hold_note": "", "geometry_source": "ne:Ukraine:Poltava", "approximate": true}, "geometry": {"type": "Polygon", "coordinates": [[[32.727, 50.358], [32.878, 50.397], [33.062, 50.538], [33.285, 50.546], [33.731, 50.462], [33.898, 50.533], [34.055, 50.471], [34.246, 50.535], [34.259, 50.436], [34.377, 50.346], [34.369, 50.273], [34.506, 50.197], [34.459, 50.16], [34.474, 50.108], [34.908, 50.146], [34.913, 50.056], [34.841, 50.0], [34.869, 49.936], [35.166, 49.851], [35.202, 49.747], [35.286, 49.681], [35.424, 49.684], [35.475, 49.56], [35.392, 49.544], [35.469, 49.498], [35.323, 49.483], [35.361, 49.392], [35.263, 49.312], [35.025, 49.317], [34.954, 49.253], [34.984, 49.164], [34.784, 49.175], [34.408, 49.077], [34.278, 48.922], [34.316, 48.84], [34.237, 48.746], [33.778, 48.923], [33.669, 48.869], [33.597, 48.922], [33.379, 48.94], [33.299, 48.995], [33.342, 49.044], [32.789, 49.262], [32.789, 49.334], [32.676, 49.477], [32.752, 49.594], [32.693, 49.672], [32.571, 49.706], [32.562, 49.767], [32.373, 49.864], [32.416, 49.967], [32.255, 50.063], [32.231, 50.119], [32.27, 50.157], [32.069, 50.239], [32.139, 50.35], [32.35, 50.408], [32.727, 50.358]]]}}, {"type": "Feature", "properties": {"name": "esaulov_1792", "name_ru": "Есауловское выступление 1792-1794", "people": "донские казаки", "from": "1792-01-01", "to": "1794-01-01", "from_raw": "1792", "to_raw": "1794", "territory": "Второй донской округ", "kind": "cossack", "kind_ru": "казацкое выступление", "event": "выступление казаков против царского указа о переселении на Кубань", "source": "Атлас російського імперіалізму та колоніалізму (УІФ, 2026), розд. 37, п. 19", "confidence": "средняя", "note": "", "paint": "none", "hold_from": "", "hold_to": "", "hold_note": "", "geometry_source": "ne:Russia:Rostov|Volgograd", "approximate": true}, "geometry": {"type": "Polygon", "coordinates": [[[39.907, 49.043], [39.952, 49.125], [40.142, 49.246], [40.16, 49.334], [40.035, 49.487], [40.154, 49.615], [40.49, 49.595], [40.885, 49.69], [41.029, 49.794], [41.11, 49.972], [41.35, 50.084], [41.281, 50.165], [41.509, 50.392], [41.419, 50.502], [41.526, 50.599], [41.409, 50.619], [41.33, 50.717], [41.166, 50.778], [41.37, 50.831], [41.444, 50.917], [41.737, 51.026], [41.855, 51.189], [41.977, 51.203], [42.283, 51.133], [42.844, 51.236], [43.36, 51.015], [43.99, 51.174], [44.016, 51.082], [44.168, 51.095], [44.21, 51.194], [44.446, 51.212], [44.586, 51.133], [44.631, 51.173], [44.872, 51.153], [45.188, 51.051], [45.211, 50.946], [45.303, 50.887], [45.286, 50.771], [45.17, 50.715], [45.255, 50.679], [45.228, 50.588], [45.495, 50.613], [45.52, 50.556], [45.668, 50.594], [45.678, 50.729], [45.811, 50.774], [46.065, 50.663], [46.094, 50.526], [46.321, 50.572], [46.47, 50.548], [46.472, 50.609], [46.561, 50.632], [46.576, 50.699], [46.708, 50.691], [46.832, 50.64], [46.804, 50.587], [46.929, 50.493], [47.194, 50.51], [47.24, 50.379], [47.434, 50.377], [47.295, 50.275], [47.322, 50.237], [47.265, 50.186], [47.328, 50.109], [47.309, 50.045], [46.9, 49.82], [46.775, 49.333], [46.979, 49.244], [47.04, 49.15], [46.93, 49.004], [46.754, 48.914], [46.62, 48.67], [46.298, 48.84], [46.002, 48.864], [45.618, 48.596], [45.21, 48.536], [45.374, 48.474], [45.347, 48.435], [45.194, 48.484], [45.034, 48.389], [44.987, 48.268], [45.156, 48.236], [45.165, 48.185], [45.261, 48.162], [45.301, 48.098], [45.129, 48.114], [44.955, 48.208], [44.941, 48.144], [44.83, 48.072], [44.569, 48.057], [44.535, 48.205], [44.311, 48.258], [44.328, 48.064], [44.465, 48.039], [44.389, 47.868], [44.072, 47.907], [43.974, 47.767], [43.71, 47.688], [43.634, 47.57], [43.784, 47.404], [43.802, 47.283], [43.939, 47.269], [43.974, 47.393], [44.116, 47.418], [44.121, 47.542], [44.245, 47.569], [44.251, 47.509], [44.334, 47.475], [44.328, 47.111], [44.262, 46.9], [44.073, 46.828], [43.817, 46.589], [43.926, 46.528], [43.918, 46.416], [43.966, 46.34], [43.862, 46.292], [43.773, 46.408], [43.646, 46.216], [43.545, 46.164], [43.34, 46.177], [42.928, 46.436], [42.777, 46.388], [42.61, 46.408], [42.409, 46.525], [42.169, 46.579], [42.034, 46.543], [42.088, 46.418], [42.173, 46.386], [42.206, 46.317], [41.963, 46.289], [41.857, 46.155], [41.737, 46.213], [41.659, 46.178], [41.713, 45.996], [41.162, 45.954], [41.126, 46.068], [40.955, 46.193], [40.998, 46.294], [40.913, 46.235], [40.757, 46.233], [40.728, 46.281], [40.339, 46.28], [40.237, 46.346], [40.282, 46.443], [40.206, 46.53], [40.046, 46.548], [40.047, 46.623], [40.132, 46.722], [40.023, 46.765], [39.444, 46.809], [39.238, 46.769], [39.242, 46.7], [39.176, 46.684], [39.168, 46.619], [38.884, 46.635], [38.86, 46.588], [38.849, 46.713], [38.911, 46.815], [38.69, 46.821], [38.674, 46.863], [39.075, 47.033], [39.28, 47.013], [39.304, 47.085], [39.389, 47.115], [39.28, 47.088], [39.264, 47.261], [39.088, 47.286], [38.945, 47.253], [38.938, 47.19], [38.847, 47.164], [38.568, 47.115], [38.478, 47.142], [38.56, 47.218], [38.776, 47.246], [38.81, 47.288], [38.553, 47.23], [38.428, 47.134], [38.217, 47.103], [38.203, 47.192], [38.301, 47.276], [38.189, 47.301], [38.258, 47.393], [38.274, 47.528], [38.353, 47.607], [38.735, 47.677], [38.796, 47.82], [38.877, 47.861], [39.759, 47.833], [39.796, 47.961], [39.76, 48.015], [39.843, 48.036], [39.843, 48.12], [39.993, 48.273], [39.816, 48.308], [39.924, 48.376], [39.835, 48.573], [39.632, 48.587], [39.779, 48.808], [39.975, 48.79], [40.054, 48.869], [39.782, 48.888], [39.674, 48.97], [39.698, 49.028], [39.907, 49.043]]]}}, {"type": "Feature", "properties": {"name": "kabarda_1794", "name_ru": "Восстания в Кабарде 1794-1825", "people": "кабардинцы", "from": "1794-01-01", "to": "1825-01-01", "from_raw": "1794", "to_raw": "1825", "territory": "Кабарда", "kind": "national", "kind_ru": "антиколониальное национальное выступление", "event": "вооружённые выступления кабардинской знати против новых порядков - родовых судов вместо шариатских и строительства российских крепостей", "source": "Атлас російського імперіалізму та колоніалізму (УІФ, 2026), розд. 42, п. 1", "confidence": "высокая", "note": "за 1763-1825 гг. число кабардинцев сократилось с 300 до 30 тыс. человек - следствие боёв, эмиграции и эпидемии чумы 1805-1811 гг.; при разгроме выступлений уничтожались десятки и сотни аулов, в 1818-1822 гг. Кабарду заняли войска, границы страны сузили, должность старшего князя отменили; десятки тысяч беженцев основали за Кубанью «Хажретову» («Беглую») Кабарду или присоединились к мюридам Чечни и Дагестана", "paint": "none", "hold_from": "", "hold_to": "", "hold_note": "", "geometry_source": "ne:Russia:Kabardin-Balkar", "approximate": true}, "geometry": {"type": "Polygon", "coordinates": [[[42.615, 43.137], [42.363, 43.235], [42.479, 43.5], [42.457, 43.611], [42.662, 43.681], [42.697, 43.818], [42.852, 43.817], [43.195, 43.951], [43.316, 43.807], [43.459, 43.868], [43.729, 43.839], [43.906, 43.994], [44.259, 43.925], [44.422, 43.995], [44.417, 43.946], [44.299, 43.89], [44.28, 43.751], [44.328, 43.664], [44.433, 43.654], [44.399, 43.424], [44.32, 43.431], [44.177, 43.356], [44.108, 43.431], [44.036, 43.365], [44.084, 43.274], [44.023, 43.209], [44.014, 43.253], [43.898, 43.254], [43.848, 43.31], [43.735, 43.11], [43.561, 42.935], [43.459, 42.96], [43.386, 42.887], [43.194, 42.927], [42.999, 43.042], [43.0, 43.099], [42.83, 43.169], [42.615, 43.137]]]}}, {"type": "Feature", "properties": {"name": "kosciuszko_1794", "name_ru": "Восстание Костюшко 1794", "people": "поляки, литовцы", "from": "1794-03-24", "to": "1794-11-16", "from_raw": "1794-03-24", "to_raw": "1794-11-16", "territory": "Речь Посполитая, включая аннексированные Пруссией земли", "kind": "national", "kind_ru": "антиколониальное национальное выступление", "event": "освободительная война поляков и литовцев во главе с Тадеушем Костюшко против второго раздела Речи Посполитой 1793 г., отмены Конституции 3 мая и оккупации страны российскими войсками; одновременно революция - превращение Польши в республику и распространение гражданских прав на крестьян", "source": "Атлас російського імперіалізму та колоніалізму (УІФ, 2026), розд. 37, п. 20", "confidence": "высокая", "note": "разбито совместно российскими и прусскими войсками при поддержке австрийских; в следующем году третий раздел прекратил существование Речи Посполитой", "paint": "none", "hold_from": "", "hold_to": "", "hold_note": "", "geometry_source": "ne:Poland:*;ne:Lithuania:*;ne:Belarus:Grodno|Brest", "approximate": true}, "geometry": {"type": "MultiPolygon", "coordinates": [[[[19.234, 49.507], [19.173, 49.402], [18.962, 49.389], [18.961, 49.493], [18.833, 49.51], [18.788, 49.669], [18.618, 49.714], [18.559, 49.907], [18.292, 49.908], [18.002, 50.047], [18.032, 50.003], [17.839, 49.974], [17.732, 50.095], [17.633, 50.106], [17.589, 50.163], [17.748, 50.218], [17.708, 50.311], [17.424, 50.241], [17.188, 50.378], [16.893, 50.433], [16.866, 50.408], [17.015, 50.218], [16.818, 50.187], [16.661, 50.093], [16.344, 50.37], [16.2, 50.406], [16.426, 50.568], [16.332, 50.644], [16.086, 50.647], [15.982, 50.604], [15.971, 50.679], [15.848, 50.675], [15.792, 50.743], [15.442, 50.8], [15.356, 50.775], [15.256, 50.9], [15.27, 50.953], [15.144, 51.012], [14.961, 50.993], [14.997, 50.959], [14.982, 50.859], [14.81, 50.858], [14.955, 51.064], [15.019, 51.272], [14.945, 51.449], [14.71, 51.53], [14.732, 51.658], [14.586, 51.804], [14.761, 52.077], [14.686, 52.121], [14.712, 52.236], [14.584, 52.291], [14.545, 52.382], [14.645, 52.577], [14.124, 52.851], [14.165, 52.896], [14.144, 52.96], [14.343, 53.049], [14.442, 53.252], [14.304, 53.509], [14.264, 53.7], [14.294, 53.749], [14.591, 53.598], [14.624, 53.653], [14.545, 53.704], [14.576, 53.77], [14.624, 53.77], [14.631, 53.852], [14.587, 53.813], [14.576, 53.855], [14.441, 53.87], [14.432, 53.906], [14.363, 53.879], [14.405, 53.844], [14.319, 53.818], [14.175, 53.906], [14.407, 53.922], [15.86, 54.25], [16.179, 54.263], [16.215, 54.3], [16.138, 54.29], [16.324, 54.35], [16.282, 54.359], [16.57, 54.557], [16.94, 54.606], [17.337, 54.749], [18.152, 54.838], [18.34, 54.833], [18.752, 54.69], [18.835, 54.603], [18.708, 54.701], [18.456, 54.788], [18.413, 54.747], [18.476, 54.64], [18.523, 54.647], [18.588, 54.434], [18.886, 54.35], [19.377, 54.378], [19.61, 54.457], [22.767, 54.356], [22.68, 54.453], [22.682, 54.57], [22.725, 54.723], [22.833, 54.779], [22.844, 54.832], [22.752, 54.931], [22.633, 54.958], [22.565, 55.068], [22.05, 55.034], [22.003, 55.093], [21.504, 55.194], [21.375, 55.29], [21.268, 55.249], [21.257, 55.369], [21.183, 55.346], [21.248, 55.442], [21.147, 55.678], [21.061, 55.789], [21.053, 56.073], [21.19, 56.084], [21.328, 56.224], [22.094, 56.417], [22.666, 56.349], [22.925, 56.412], [23.062, 56.304], [23.288, 56.373], [23.482, 56.33], [23.707, 56.354], [24.139, 56.257], [24.319, 56.299], [24.481, 56.269], [24.871, 56.443], [25.073, 56.198], [25.662, 56.141], [26.179, 55.85], [26.28, 55.743], [26.595, 55.667], [26.605, 55.59], [26.45, 55.327], [26.801, 55.273], [26.657, 55.215], [26.601, 55.121], [26.264, 55.14], [26.17, 54.993], [26.27, 54.93], [26.348, 54.943], [26.316, 54.928], [26.344, 54.855], [26.539, 54.75], [26.586, 54.643], [26.675, 54.634], [26.683, 54.584], [26.638, 54.531], [26.585, 54.544], [26.61, 54.458], [26.469, 54.279], [26.108, 54.199], [26.076, 54.14], [26.179, 54.129], [26.195, 54.037], [26.334, 54.057], [26.433, 53.999], [26.214, 53.835], [26.31, 53.798], [26.257, 53.774], [26.262, 53.725], [26.474, 53.62], [26.568, 53.405], [26.377, 53.365], [26.397, 53.258], [26.266, 53.185], [26.515, 53.064], [26.372, 52.991], [26.44, 52.829], [26.586, 52.885], [27.168, 52.666], [27.185, 52.612], [27.038, 52.584], [27.046, 52.531], [27.154, 52.459], [27.128, 52.416], [27.539, 52.224], [27.528, 52.066], [27.6, 52.014], [27.503, 51.848], [27.559, 51.791], [27.512, 51.623], [27.267, 51.587], [27.277, 51.651], [27.189, 51.664], [27.151, 51.757], [26.855, 51.749], [26.051, 51.905], [25.183, 51.95], [24.37, 51.875], [24.244, 51.718], [23.981, 51.586], [23.75, 51.644], [23.617, 51.625], [23.608, 51.511], [23.698, 51.404], [23.635, 51.305], [23.864, 51.148], [23.979, 50.938], [24.143, 50.856], [23.958, 50.808], [24.081, 50.713], [24.108, 50.541], [24.011, 50.493], [23.981, 50.405], [23.682, 50.368], [23.101, 49.957], [22.666, 49.567], [22.641, 49.529], [22.738, 49.275], [22.682, 49.161], [22.853, 49.085], [22.855, 48.994], [22.041, 49.197], [21.964, 49.309], [21.82, 49.377], [21.758, 49.349], [21.62, 49.423], [21.261, 49.449], [21.194, 49.401], [21.054, 49.414], [21.073, 49.357], [20.919, 49.29], [20.69, 49.401], [20.318, 49.392], [20.284, 49.339], [20.136, 49.309], [20.05, 49.173], [19.938, 49.225], [19.786, 49.188], [19.748, 49.206], [19.809, 49.271], [19.769, 49.393], [19.627, 49.402], [19.635, 49.441], [19.557, 49.454], [19.457, 49.598], [19.234, 49.507]]], [[[21.085, 55.723], [21.132, 55.656], [21.106, 55.421], [20.989, 55.273], [20.925, 55.283], [21.082, 55.498], [21.085, 55.723]]]]}}, {"type": "Feature", "properties": {"name": "imereti_1810", "name_ru": "Имеретинское восстание 1810", "people": "грузины", "from": "1810-01-01", "to": "1810-01-01", "from_raw": "1810", "to_raw": "1810", "territory": "Имеретия", "kind": "national", "kind_ru": "антиколониальное национальное выступление", "event": "вооружённое выступление против аннексии и ликвидации Имеретинского царства во главе с царём Соломоном II, бежавшим из-под ареста", "source": "Атлас російського імперіалізму та колоніалізму (УІФ, 2026), розд. 42, п. 2", "confidence": "высокая", "note": "", "paint": "none", "hold_from": "", "hold_to": "", "hold_note": "", "geometry_source": "ne:Georgia:Imereti", "approximate": true}, "geometry": {"type": "Polygon", "coordinates": [[[43.75, 42.394], [43.76, 42.309], [43.616, 42.258], [43.608, 42.17], [43.489, 42.057], [43.426, 41.917], [43.127, 41.825], [42.711, 41.806], [42.65, 41.833], [42.632, 41.927], [42.413, 41.993], [42.381, 42.046], [42.206, 42.071], [42.269, 42.101], [42.298, 42.226], [42.527, 42.517], [42.614, 42.524], [42.632, 42.435], [42.837, 42.47], [43.05, 42.34], [43.294, 42.42], [43.75, 42.394]]]}}, {"type": "Feature", "properties": {"name": "karmalyuk_1813", "name_ru": "Восстание Устима Кармалюка 1813-1835", "people": "украинцы", "from": "1813-01-01", "to": "1835-01-01", "from_raw": "1813", "to_raw": "1835", "territory": "Подолье", "kind": "peasant", "kind_ru": "крестьянское выступление", "event": "многолетнее вооружённое выступление подольских крестьян во главе с Устимом Кармалюком против крепостного права и имперской администрации", "source": "наша база: кампания C0058 (домен украина, data/campaigns/ukraina.json)", "confidence": "высокая", "note": "выступления нет в пяти разделах атласа - строка заведена из нашей базы", "paint": "none", "hold_from": "", "hold_to": "", "hold_note": "", "geometry_source": "ne:Ukraine:Vinnytsya|Khmel'nyts'kyy", "approximate": true}, "geometry": {"type": "Polygon", "coordinates": [[[27.752, 48.452], [27.504, 48.472], [27.438, 48.603], [27.37, 48.63], [27.234, 48.618], [27.248, 48.57], [26.945, 48.581], [26.859, 48.54], [26.819, 48.607], [26.773, 48.551], [26.717, 48.595], [26.722, 48.535], [26.613, 48.551], [26.709, 48.497], [26.616, 48.507], [26.622, 48.458], [26.583, 48.453], [26.471, 48.538], [26.381, 48.517], [26.316, 48.643], [26.237, 48.68], [26.264, 48.808], [26.189, 48.957], [26.231, 49.075], [26.205, 49.218], [26.258, 49.29], [26.148, 49.517], [26.254, 49.658], [26.206, 49.696], [26.233, 49.779], [26.151, 49.965], [26.231, 49.994], [26.205, 50.086], [26.273, 50.108], [26.208, 50.143], [26.48, 50.254], [26.807, 50.501], [27.121, 50.585], [27.305, 50.478], [27.235, 50.38], [27.495, 50.222], [27.604, 50.254], [27.664, 50.033], [27.544, 50.007], [27.581, 49.951], [27.541, 49.915], [27.661, 49.799], [27.868, 49.76], [28.72, 49.794], [28.835, 49.881], [28.91, 49.872], [29.005, 49.734], [28.947, 49.678], [28.993, 49.593], [29.264, 49.585], [29.422, 49.651], [29.511, 49.64], [29.496, 49.573], [29.565, 49.532], [29.57, 49.431], [29.5, 49.366], [29.688, 49.241], [29.712, 49.178], [29.595, 49.027], [29.671, 49.001], [29.636, 48.947], [29.716, 48.914], [29.772, 48.769], [29.884, 48.743], [29.859, 48.698], [29.958, 48.655], [30.022, 48.534], [29.958, 48.459], [30.076, 48.455], [29.94, 48.376], [29.883, 48.433], [29.783, 48.357], [29.738, 48.27], [29.787, 48.228], [29.667, 48.173], [29.675, 48.09], [29.246, 48.085], [29.086, 48.146], [29.046, 48.083], [28.862, 48.001], [28.771, 48.124], [28.542, 48.156], [28.48, 48.065], [28.412, 48.171], [28.317, 48.135], [28.358, 48.239], [28.093, 48.237], [28.076, 48.315], [27.926, 48.339], [27.752, 48.452]]]}}, {"type": "Feature", "properties": {"name": "bug_cossacks_1817", "name_ru": "Восстание Бугского казацкого войска 1817-1818", "people": "украинцы", "from": "1817-01-01", "to": "1818-01-01", "from_raw": "1817", "to_raw": "1818", "territory": "Побужье", "kind": "cossack", "kind_ru": "казацкое выступление", "event": "выступление казаков против ликвидации войска и превращения их в военных поселенцев", "source": "Атлас російського імперіалізму та колоніалізму (УІФ, 2026), розд. 42, п. 3", "confidence": "средняя", "note": "", "paint": "none", "hold_from": "", "hold_to": "", "hold_note": "", "geometry_source": "ne:Ukraine:Mykolayiv|Kirovohrad", "approximate": true}, "geometry": {"type": "MultiPolygon", "coordinates": [[[[31.936, 46.8], [32.007, 46.915], [31.996, 46.94], [31.936, 46.955], [31.977, 47.009], [31.865, 47.026], [31.897, 47.093], [31.831, 47.187], [31.758, 47.216], [31.742, 47.259], [31.727, 47.221], [31.806, 47.193], [31.816, 47.123], [31.874, 47.094], [31.837, 47.008], [31.947, 46.999], [31.899, 46.944], [31.968, 46.937], [31.945, 46.86], [31.865, 46.807], [31.899, 46.65], [31.485, 46.632], [31.606, 46.826], [31.508, 46.745], [31.441, 46.8], [31.506, 46.72], [31.416, 46.629], [31.338, 46.601], [31.187, 46.629], [31.162, 46.825], [31.032, 46.948], [31.224, 46.977], [31.304, 47.102], [31.116, 47.182], [31.154, 47.272], [30.915, 47.277], [30.834, 47.43], [30.868, 47.543], [30.78, 47.634], [30.695, 47.588], [30.666, 47.626], [30.42, 47.648], [30.395, 47.792], [30.216, 47.999], [30.211, 48.068], [30.315, 48.093], [30.293, 48.136], [30.083, 48.144], [29.997, 48.221], [29.882, 48.18], [29.775, 48.203], [29.786, 48.251], [29.738, 48.27], [29.779, 48.353], [29.883, 48.433], [29.94, 48.376], [30.409, 48.57], [30.568, 48.562], [30.541, 48.619], [30.702, 48.765], [31.333, 48.724], [31.462, 48.761], [31.544, 48.924], [31.732, 48.943], [31.887, 48.86], [32.026, 48.928], [32.129, 48.913], [32.143, 48.976], [32.332, 49.09], [32.369, 49.046], [32.453, 49.056], [32.52, 48.929], [32.689, 48.987], [32.782, 48.964], [32.855, 49.018], [32.753, 49.181], [32.789, 49.262], [33.342, 49.044], [33.299, 48.995], [33.379, 48.94], [33.597, 48.922], [33.669, 48.869], [33.778, 48.923], [33.9, 48.886], [33.826, 48.759], [33.754, 48.808], [33.558, 48.772], [33.599, 48.722], [33.821, 48.668], [33.445, 48.525], [33.513, 48.239], [33.348, 48.186], [33.269, 48.103], [33.242, 48.174], [33.222, 48.09], [33.057, 48.026], [33.032, 47.92], [33.083, 47.896], [33.087, 47.732], [32.984, 47.71], [33.021, 47.643], [32.992, 47.603], [33.089, 47.583], [33.118, 47.527], [33.128, 47.419], [33.059, 47.452], [33.026, 47.409], [33.121, 47.349], [33.137, 47.227], [32.976, 47.187], [32.916, 47.107], [33.061, 47.019], [33.025, 46.97], [32.951, 46.986], [33.015, 46.94], [32.812, 46.887], [32.941, 46.862], [32.828, 46.828], [32.543, 46.874], [32.523, 46.833], [32.389, 46.84], [32.351, 46.796], [32.229, 46.808], [32.155, 46.742], [31.95, 46.742], [31.936, 46.8]]], [[[31.696, 46.484], [31.687, 46.43], [31.508, 46.588], [31.852, 46.522], [31.696, 46.484]]]]}}, {"type": "Feature", "properties": {"name": "dagestan_1818", "name_ru": "Дагестанское восстание 1818-1819", "people": "дагестанцы", "from": "1818-01-01", "to": "1822-01-01", "from_raw": "1818", "to_raw": "1822", "territory": "Дагестан", "kind": "national", "kind_ru": "антиколониальное национальное выступление", "event": "вооружённые выступления местной знати против действий армии Ермолова; ядро сопротивления - Кайтагское уцмийство - ликвидировано в 1820 г.", "source": "Атлас російського імперіалізму та колоніалізму (УІФ, 2026), розд. 42, п. 5", "confidence": "высокая", "note": "отдельные выступления вспыхивали и в 1822 г.", "paint": "none", "hold_from": "", "hold_to": "", "hold_note": "", "geometry_source": "ne:Russia:Dagestan", "approximate": true}, "geometry": {"type": "MultiPolygon", "coordinates": [[[[45.881, 42.102], [45.621, 42.224], [45.74, 42.471], [45.829, 42.491], [45.968, 42.619], [46.013, 42.592], [46.047, 42.69], [46.17, 42.73], [46.121, 42.838], [46.196, 42.904], [46.393, 42.872], [46.537, 42.941], [46.489, 43.008], [46.535, 43.08], [46.403, 43.114], [46.448, 43.181], [46.409, 43.217], [46.428, 43.306], [46.327, 43.435], [46.439, 43.541], [46.486, 43.676], [46.676, 43.815], [46.455, 43.881], [46.462, 43.962], [46.419, 44.0], [46.246, 43.943], [46.2, 43.848], [46.049, 43.821], [46.015, 43.881], [46.045, 43.934], [45.509, 44.015], [45.512, 44.189], [45.106, 44.21], [45.131, 44.268], [45.404, 44.318], [45.447, 44.392], [45.41, 44.439], [45.226, 44.466], [45.266, 44.585], [45.435, 44.617], [45.646, 44.8], [45.622, 44.903], [45.706, 44.976], [45.854, 45.001], [46.434, 44.937], [46.772, 44.811], [46.793, 44.765], [46.89, 44.781], [46.831, 44.696], [46.722, 44.655], [46.701, 44.446], [46.773, 44.395], [47.026, 44.36], [47.122, 44.223], [47.246, 44.212], [47.462, 43.86], [47.441, 43.819], [47.503, 43.781], [47.394, 43.606], [47.366, 43.621], [47.404, 43.511], [47.465, 43.552], [47.544, 43.865], [47.596, 43.901], [47.702, 43.874], [47.602, 43.766], [47.491, 43.463], [47.493, 43.296], [47.57, 43.334], [47.586, 43.3], [47.486, 43.213], [47.462, 43.021], [47.698, 42.867], [47.727, 42.663], [47.868, 42.585], [48.096, 42.35], [48.387, 41.937], [48.579, 41.845], [48.37, 41.58], [48.054, 41.461], [47.892, 41.283], [47.895, 41.219], [47.547, 41.206], [47.251, 41.316], [47.239, 41.416], [47.141, 41.552], [47.027, 41.557], [46.902, 41.713], [46.769, 41.776], [46.741, 41.851], [46.568, 41.787], [46.526, 41.882], [46.224, 41.993], [45.948, 42.023], [45.881, 42.102]]], [[[47.763, 43.928], [47.628, 43.963], [47.666, 43.996], [47.862, 43.994], [47.763, 43.928]]]]}}, {"type": "Feature", "properties": {"name": "chuguev_1819", "name_ru": "Чугуевское восстание 1819", "people": "украинцы, русские", "from": "1819-01-01", "to": "1820-01-01", "from_raw": "1819", "to_raw": "1820", "territory": "Чугуев, юг Украины", "kind": "military", "kind_ru": "выступление войск", "event": "выступление военных поселян Чугуевского полка против тяжёлых условий службы; на следующий год волнения охватили 200 поселений юга Украины", "source": "Атлас російського імперіалізму та колоніалізму (УІФ, 2026), розд. 42, п. 6", "confidence": "средняя", "note": "", "paint": "none", "hold_from": "", "hold_to": "", "hold_note": "", "geometry_source": "ne:Ukraine:Kharkiv", "approximate": true}, "geometry": {"type": "Polygon", "coordinates": [[[37.415, 50.432], [37.48, 50.34], [37.599, 50.291], [37.59, 50.204], [37.728, 50.079], [37.916, 50.003], [38.081, 49.846], [38.0, 49.823], [38.045, 49.785], [37.94, 49.727], [37.998, 49.716], [38.0, 49.657], [37.944, 49.597], [37.963, 49.52], [37.861, 49.423], [37.926, 49.284], [37.834, 49.208], [37.541, 49.225], [37.505, 49.184], [37.61, 49.15], [37.369, 49.049], [37.292, 48.98], [37.314, 48.927], [37.221, 48.898], [37.177, 48.828], [37.019, 48.814], [37.024, 48.759], [36.702, 48.788], [36.725, 48.626], [36.595, 48.602], [36.471, 48.646], [36.375, 48.542], [36.289, 48.527], [36.286, 48.634], [36.133, 48.724], [36.164, 48.767], [35.962, 48.855], [36.022, 48.9], [35.953, 48.969], [35.794, 48.934], [35.462, 48.975], [35.17, 49.147], [34.984, 49.164], [34.973, 49.281], [35.033, 49.32], [35.279, 49.32], [35.361, 49.392], [35.32, 49.481], [35.465, 49.494], [35.391, 49.551], [35.475, 49.56], [35.424, 49.684], [35.239, 49.705], [35.166, 49.851], [34.864, 49.942], [34.841, 50.0], [34.97, 50.189], [35.25, 50.238], [35.403, 50.334], [35.671, 50.32], [35.837, 50.423], [36.106, 50.421], [36.269, 50.281], [36.41, 50.305], [36.594, 50.204], [36.849, 50.324], [37.415, 50.432]]]}}, {"type": "Feature", "properties": {"name": "imereti_guria_1819", "name_ru": "Имеретинско-гурийское восстание 1819-1820", "people": "грузины", "from": "1819-01-01", "to": "1820-01-01", "from_raw": "1819", "to_raw": "1820", "territory": "Имеретия, Гурия", "kind": "national", "kind_ru": "антиколониальное национальное выступление", "event": "выступления против реформы Грузинской православной церкви - перевода её крестьян и земель в казну", "source": "Атлас російського імперіалізму та колоніалізму (УІФ, 2026), розд. 42, п. 4", "confidence": "высокая", "note": "", "paint": "none", "hold_from": "", "hold_to": "", "hold_note": "", "geometry_source": "ne:Georgia:Imereti|Guria", "approximate": true}, "geometry": {"type": "Polygon", "coordinates": [[[42.456, 41.801], [42.383, 41.839], [42.063, 41.811], [41.905, 41.898], [41.774, 41.903], [41.715, 42.059], [41.755, 42.133], [42.006, 42.159], [42.269, 42.101], [42.298, 42.226], [42.527, 42.517], [42.614, 42.524], [42.632, 42.435], [42.837, 42.47], [43.05, 42.34], [43.294, 42.42], [43.773, 42.374], [43.76, 42.309], [43.616, 42.258], [43.608, 42.17], [43.489, 42.057], [43.426, 41.917], [43.127, 41.825], [42.456, 41.801]]]}}, {"type": "Feature", "properties": {"name": "taymiev_1821", "name_ru": "Восстания Бейбулата Таймиева 1821-1826", "people": "чеченцы", "from": "1821-01-01", "to": "1826-01-01", "from_raw": "1821", "to_raw": "1826", "territory": "Чечня, северный Дагестан", "kind": "national", "kind_ru": "антиколониальное национальное выступление", "event": "выступление против выселения (1821-1822) и общее выступление против российского господства в Чечне и северном Дагестане (1825-1826)", "source": "Атлас російського імперіалізму та колоніалізму (УІФ, 2026), розд. 42, п. 7", "confidence": "высокая", "note": "в нашей базе домена нохчи этот сюжет разложен на отдельные записи (кампания C1146, кампания C1153)", "paint": "none", "hold_from": "", "hold_to": "", "hold_note": "", "geometry_source": "ne:Russia:Chechnya|Ingush", "approximate": true}, "geometry": {"type": "Polygon", "coordinates": [[[45.03, 42.689], [44.859, 42.76], [44.773, 42.61], [44.616, 42.779], [44.628, 42.883], [44.852, 42.836], [44.944, 42.954], [44.923, 43.061], [44.809, 43.172], [44.672, 43.252], [44.66, 43.209], [44.575, 43.24], [44.572, 43.392], [44.498, 43.397], [44.537, 43.593], [44.621, 43.61], [44.622, 43.548], [44.696, 43.562], [44.711, 43.615], [44.839, 43.584], [44.839, 43.661], [44.961, 43.671], [45.004, 43.758], [45.077, 43.781], [45.076, 43.95], [45.204, 43.948], [45.221, 43.883], [45.443, 43.88], [45.453, 43.994], [45.509, 44.015], [46.045, 43.934], [46.015, 43.881], [46.057, 43.82], [46.089, 43.858], [46.2, 43.848], [46.246, 43.943], [46.419, 44.0], [46.462, 43.962], [46.455, 43.881], [46.676, 43.815], [46.486, 43.676], [46.439, 43.541], [46.327, 43.435], [46.428, 43.306], [46.409, 43.217], [46.448, 43.181], [46.403, 43.114], [46.54, 43.071], [46.489, 43.008], [46.531, 42.935], [46.393, 42.872], [46.196, 42.904], [46.121, 42.838], [46.163, 42.723], [46.047, 42.69], [46.013, 42.592], [45.968, 42.619], [45.795, 42.479], [45.537, 42.541], [45.356, 42.52], [45.155, 42.693], [45.03, 42.689]]]}}, {"type": "Feature", "properties": {"name": "zholaman_1_1822", "name_ru": "Первое восстание Жоламана Тленшиулы 1822-1825", "people": "казахи", "from": "1822-01-01", "to": "1825-01-01", "from_raw": "1822", "to_raw": "1825", "territory": "берега реки Илек", "kind": "national", "kind_ru": "антиколониальное национальное выступление", "event": "вооружённые выступления против выселения казахов ради строительства Новоилецкой укреплённой линии", "source": "Атлас російського імперіалізму та колоніалізму (УІФ, 2026), розд. 42, п. 8", "confidence": "высокая", "note": "продолжилось в восстании Саржана Касымова", "paint": "none", "hold_from": "", "hold_to": "", "hold_note": "", "geometry_source": "ne:Kazakhstan:Aqtöbe|West Kazakhstan", "approximate": true}, "geometry": {"type": "Polygon", "coordinates": [[[59.055, 45.324], [58.531, 45.559], [56.708, 45.162], [56.541, 45.954], [56.271, 46.457], [55.494, 46.66], [55.291, 46.791], [54.998, 47.152], [55.061, 47.763], [54.973, 48.012], [54.873, 48.091], [54.794, 48.428], [54.849, 48.629], [54.801, 48.741], [54.578, 48.813], [54.443, 48.658], [54.072, 48.717], [54.082, 48.895], [53.979, 49.128], [53.905, 49.058], [53.673, 49.184], [53.434, 48.995], [52.913, 48.985], [52.764, 48.862], [52.771, 48.743], [52.622, 48.588], [52.589, 48.426], [52.525, 48.406], [52.175, 48.483], [51.968, 48.465], [51.811, 48.505], [51.83, 48.615], [51.37, 48.663], [51.156, 48.63], [50.948, 48.482], [50.726, 48.421], [49.911, 48.041], [49.457, 48.014], [49.432, 47.938], [48.908, 48.06], [47.112, 48.242], [46.479, 48.41], [46.754, 48.914], [46.93, 49.004], [47.04, 49.15], [46.979, 49.244], [46.775, 49.333], [46.9, 49.82], [47.309, 50.045], [47.328, 50.109], [47.265, 50.186], [47.322, 50.237], [47.306, 50.295], [47.557, 50.453], [47.993, 50.182], [48.239, 49.865], [48.43, 49.81], [48.785, 49.933], [48.886, 50.02], [48.874, 50.07], [48.783, 50.111], [48.673, 50.58], [48.568, 50.637], [48.83, 50.596], [49.144, 50.782], [49.369, 50.827], [49.424, 50.882], [49.347, 50.964], [49.437, 51.112], [49.779, 51.102], [49.987, 51.23], [50.325, 51.303], [50.36, 51.413], [50.527, 51.47], [50.525, 51.566], [50.582, 51.635], [50.694, 51.611], [50.671, 51.568], [50.791, 51.597], [50.767, 51.759], [50.925, 51.68], [51.234, 51.685], [51.372, 51.63], [51.359, 51.561], [51.237, 51.536], [51.304, 51.472], [51.462, 51.475], [51.584, 51.535], [51.693, 51.454], [51.782, 51.493], [51.765, 51.593], [51.869, 51.673], [52.092, 51.659], [52.308, 51.775], [52.546, 51.46], [52.78, 51.508], [52.944, 51.453], [53.166, 51.515], [53.407, 51.484], [53.61, 51.388], [53.594, 51.289], [53.674, 51.22], [53.936, 51.186], [54.112, 51.096], [54.145, 50.993], [54.276, 50.904], [54.479, 50.853], [54.38, 50.619], [54.499, 50.523], [54.676, 50.603], [54.638, 50.886], [54.503, 50.928], [54.546, 50.953], [54.534, 51.003], [54.638, 51.028], [55.048, 50.884], [55.084, 50.797], [55.305, 50.665], [55.468, 50.657], [55.66, 50.53], [56.079, 50.725], [56.158, 50.906], [56.315, 50.884], [56.478, 51.073], [56.688, 50.969], [56.716, 51.072], [57.154, 51.1], [57.334, 50.897], [57.468, 50.858], [57.556, 50.919], [57.722, 50.909], [57.769, 51.12], [58.168, 51.055], [58.308, 51.15], [58.378, 51.071], [58.595, 51.023], [58.55, 50.893], [58.641, 50.863], [58.664, 50.79], [58.748, 50.795], [58.926, 50.678], [59.197, 50.663], [59.273, 50.616], [59.438, 50.631], [59.563, 50.58], [59.452, 50.537], [59.523, 50.475], [59.816, 50.563], [59.915, 50.674], [59.962, 50.83], [60.021, 50.854], [60.136, 50.844], [60.177, 50.742], [60.3, 50.685], [60.718, 50.653], [61.372, 50.782], [61.427, 50.833], [61.534, 51.206], [61.873, 51.296], [62.03, 51.065], [62.154, 51.11], [62.294, 51.04], [62.239, 50.946], [62.375, 50.851], [62.304, 50.754], [62.314, 50.696], [62.446, 50.675], [62.534, 50.439], [62.89, 50.024], [62.913, 49.897], [62.714, 49.908], [62.611, 49.855], [62.413, 49.601], [62.453, 49.52], [62.279, 49.488], [62.485, 49.228], [62.278, 49.186], [62.373, 49.167], [62.447, 49.051], [62.665, 48.878], [63.031, 48.863], [63.03, 48.692], [63.661, 48.47], [64.204, 47.879], [62.842, 47.184], [62.45, 47.248], [62.467, 47.292], [62.32, 47.446], [62.048, 47.571], [61.859, 47.776], [61.327, 47.733], [60.765, 47.1], [60.538, 47.112], [60.441, 47.046], [60.411, 46.924], [60.169, 46.885], [59.921, 46.76], [59.113, 46.066], [59.027, 45.818], [59.055, 45.324]]]}}, {"type": "Feature", "properties": {"name": "shamkhal_1823", "name_ru": "Шамхальские восстания 1823, 1831, 1843", "people": "дагестанцы", "from": "1823-01-01", "to": "1843-01-01", "from_raw": "1823", "to_raw": "1843", "territory": "Шамхальство Тарковское, Мехтулинское ханство", "kind": "national", "kind_ru": "антиколониальное национальное выступление", "event": "выступления против российского господства, против своих пророссийских правителей и в поддержку Имамата", "source": "Атлас російського імперіалізму та колоніалізму (УІФ, 2026), розд. 42, п. 9", "confidence": "высокая", "note": "", "paint": "none", "hold_from": "", "hold_to": "", "hold_note": "", "geometry_source": "ne:Russia:Dagestan", "approximate": true}, "geometry": {"type": "MultiPolygon", "coordinates": [[[[45.881, 42.102], [45.621, 42.224], [45.74, 42.471], [45.829, 42.491], [45.968, 42.619], [46.013, 42.592], [46.047, 42.69], [46.17, 42.73], [46.121, 42.838], [46.196, 42.904], [46.393, 42.872], [46.537, 42.941], [46.489, 43.008], [46.535, 43.08], [46.403, 43.114], [46.448, 43.181], [46.409, 43.217], [46.428, 43.306], [46.327, 43.435], [46.439, 43.541], [46.486, 43.676], [46.676, 43.815], [46.455, 43.881], [46.462, 43.962], [46.419, 44.0], [46.246, 43.943], [46.2, 43.848], [46.049, 43.821], [46.015, 43.881], [46.045, 43.934], [45.509, 44.015], [45.512, 44.189], [45.106, 44.21], [45.131, 44.268], [45.404, 44.318], [45.447, 44.392], [45.41, 44.439], [45.226, 44.466], [45.266, 44.585], [45.435, 44.617], [45.646, 44.8], [45.622, 44.903], [45.706, 44.976], [45.854, 45.001], [46.434, 44.937], [46.772, 44.811], [46.793, 44.765], [46.89, 44.781], [46.831, 44.696], [46.722, 44.655], [46.701, 44.446], [46.773, 44.395], [47.026, 44.36], [47.122, 44.223], [47.246, 44.212], [47.462, 43.86], [47.441, 43.819], [47.503, 43.781], [47.394, 43.606], [47.366, 43.621], [47.404, 43.511], [47.465, 43.552], [47.544, 43.865], [47.596, 43.901], [47.702, 43.874], [47.602, 43.766], [47.491, 43.463], [47.493, 43.296], [47.57, 43.334], [47.586, 43.3], [47.486, 43.213], [47.462, 43.021], [47.698, 42.867], [47.727, 42.663], [47.868, 42.585], [48.096, 42.35], [48.387, 41.937], [48.579, 41.845], [48.37, 41.58], [48.054, 41.461], [47.892, 41.283], [47.895, 41.219], [47.547, 41.206], [47.251, 41.316], [47.239, 41.416], [47.141, 41.552], [47.027, 41.557], [46.902, 41.713], [46.769, 41.776], [46.741, 41.851], [46.568, 41.787], [46.526, 41.882], [46.224, 41.993], [45.948, 42.023], [45.881, 42.102]]], [[[47.763, 43.928], [47.628, 43.963], [47.666, 43.996], [47.862, 43.994], [47.763, 43.928]]]]}}, {"type": "Feature", "properties": {"name": "sarzhan_1825", "name_ru": "Восстание Саржана Касымова 1825-1836", "people": "казахи", "from": "1825-01-01", "to": "1836-01-01", "from_raw": "1825", "to_raw": "1836", "territory": "Средний жуз", "kind": "national", "kind_ru": "антиколониальное национальное выступление", "event": "борьба казахов Среднего жуза во главе с ханским сыном против российской экспансии - отмены ханской власти, строительства крепостей в степи, выселения кочевников и вмешательства в их хозяйство", "source": "Атлас російського імперіалізму та колоніалізму (УІФ, 2026), розд. 42, п. 11", "confidence": "высокая", "note": "регулярные бои закончились к 1832 г., дальше шли партизанские вылазки; в 1834 г. на стороне повстанцев неудачно выступило Кокандское ханство, через два года Саржан убит", "paint": "none", "hold_from": "", "hold_to": "", "hold_note": "", "geometry_source": "ne:Kazakhstan:Qaraghandy|Aqmola|Pavlodar", "approximate": true}, "geometry": {"type": "Polygon", "coordinates": [[[65.735, 48.862], [65.962, 48.985], [66.159, 49.002], [66.506, 49.211], [66.62, 49.234], [66.67, 49.332], [66.784, 49.362], [67.525, 49.834], [67.762, 50.03], [67.756, 50.189], [68.109, 50.265], [68.273, 50.412], [68.097, 50.506], [67.334, 50.332], [67.188, 50.432], [67.233, 50.563], [67.125, 50.618], [66.835, 50.587], [66.477, 50.664], [66.314, 50.773], [66.176, 50.791], [66.155, 50.854], [66.06, 50.897], [65.941, 50.885], [65.85, 50.8], [65.721, 50.794], [65.708, 50.974], [65.533, 51.166], [65.503, 51.262], [65.62, 51.353], [65.592, 51.373], [65.644, 51.557], [65.43, 51.694], [65.444, 51.755], [65.708, 51.789], [65.861, 51.894], [65.957, 52.12], [66.037, 52.178], [66.053, 52.402], [66.235, 52.369], [66.31, 52.296], [66.641, 52.321], [66.691, 52.251], [67.148, 52.208], [67.453, 52.235], [67.466, 52.383], [67.573, 52.396], [68.026, 52.264], [68.047, 52.32], [68.225, 52.406], [68.147, 52.512], [68.46, 52.577], [68.575, 52.696], [68.854, 52.799], [68.815, 52.962], [68.892, 53.003], [68.923, 53.111], [68.822, 53.243], [68.718, 53.271], [68.582, 53.401], [68.775, 53.484], [68.735, 53.534], [68.899, 53.556], [68.861, 53.624], [69.122, 53.617], [69.23, 53.668], [69.403, 53.575], [69.437, 53.499], [69.496, 53.502], [69.456, 53.566], [69.502, 53.623], [69.838, 53.688], [69.929, 53.634], [69.97, 53.486], [70.201, 53.479], [70.113, 53.363], [70.305, 53.366], [70.536, 53.239], [70.672, 53.395], [71.06, 53.413], [71.098, 53.328], [71.313, 53.29], [71.608, 53.38], [71.825, 53.197], [71.731, 53.011], [71.787, 52.942], [72.239, 52.907], [72.443, 52.993], [72.84, 53.041], [72.895, 52.995], [72.963, 52.762], [73.476, 52.668], [73.657, 52.582], [73.968, 52.568], [73.763, 52.636], [73.736, 52.719], [73.908, 52.639], [74.032, 52.855], [73.955, 52.912], [73.841, 52.895], [73.767, 52.811], [73.645, 52.828], [73.684, 52.954], [73.541, 52.941], [73.769, 53.193], [73.654, 53.222], [73.486, 53.129], [73.446, 53.182], [73.453, 53.259], [73.576, 53.293], [73.451, 53.449], [73.653, 53.609], [73.937, 53.64], [74.058, 53.625], [74.077, 53.566], [74.214, 53.597], [74.27, 53.515], [74.388, 53.462], [74.457, 53.57], [74.438, 53.673], [74.616, 53.681], [74.772, 53.831], [75.028, 53.808], [75.434, 53.987], [75.361, 54.06], [75.429, 54.09], [75.64, 54.099], [76.184, 54.252], [76.177, 54.307], [76.234, 54.347], [76.476, 54.323], [76.623, 54.356], [76.673, 54.436], [76.896, 54.464], [76.904, 54.433], [76.753, 54.377], [76.834, 54.346], [76.838, 54.297], [76.665, 54.134], [76.377, 54.154], [76.495, 53.992], [77.613, 53.443], [77.867, 53.272], [79.304, 51.686], [79.25, 51.603], [79.108, 51.562], [79.041, 51.46], [78.817, 51.438], [78.772, 51.378], [78.817, 51.369], [78.807, 51.326], [78.758, 51.297], [78.494, 51.208], [78.362, 51.215], [78.107, 51.09], [78.282, 50.888], [78.688, 50.701], [78.718, 50.464], [78.82, 50.351], [78.671, 50.156], [78.473, 50.027], [77.733, 50.203], [77.448, 49.986], [77.194, 49.9], [77.169, 49.645], [76.769, 49.492], [76.63, 49.352], [77.047, 49.053], [76.885, 48.983], [76.888, 48.863], [76.972, 48.805], [77.361, 48.817], [77.347, 48.613], [77.127, 48.49], [77.021, 48.486], [76.927, 48.383], [77.056, 48.281], [77.248, 48.25], [77.149, 48.223], [77.171, 48.148], [77.409, 48.071], [77.271, 48.02], [77.072, 47.626], [77.16, 47.429], [76.982, 47.394], [76.964, 47.301], [76.876, 47.245], [77.058, 47.127], [77.264, 47.089], [77.316, 47.164], [77.581, 47.175], [77.6, 46.676], [77.284, 46.612], [77.228, 46.559], [77.148, 46.547], [77.063, 46.636], [76.92, 46.637], [76.84, 46.691], [76.935, 46.56], [76.73, 46.631], [76.722, 46.684], [76.548, 46.661], [76.52, 46.614], [76.161, 46.681], [75.403, 46.679], [74.762, 46.4], [74.184, 45.956], [67.276, 45.958], [67.248, 46.057], [66.979, 46.056], [65.553, 46.291], [65.1, 46.511], [63.788, 46.869], [63.601, 46.866], [63.21, 46.961], [62.95, 47.08], [62.652, 47.048], [62.67, 47.092], [64.204, 47.879], [63.97, 48.151], [64.209, 48.299], [64.217, 48.402], [64.547, 48.502], [64.506, 48.654], [64.625, 48.657], [64.741, 48.841], [65.735, 48.862]], [[71.575, 51.037], [71.607, 51.16], [71.503, 51.26], [71.378, 51.306], [71.252, 51.236], [71.25, 51.156], [71.426, 50.995], [71.47, 50.975], [71.575, 51.037]]]}}, {"type": "Feature", "properties": {"name": "chernigov_regiment_1825", "name_ru": "Восстание Черниговского полка 1825", "people": "русские, украинцы", "from": "1825-12-29", "to": "1826-01-03", "from_raw": "1825-12-29", "to_raw": "1826-01-03", "territory": "Киевщина", "kind": "military", "kind_ru": "выступление войск", "event": "выступление военных в поддержку декабристов", "source": "Атлас російського імперіалізму та колоніалізму (УІФ, 2026), розд. 42, п. 10", "confidence": "высокая", "note": "", "paint": "none", "hold_from": "", "hold_to": "", "hold_note": "", "geometry_source": "ne:Ukraine:Kiev|Cherkasy", "approximate": true}, "geometry": {"type": "Polygon", "coordinates": [[[32.079, 50.237], [32.27, 50.157], [32.231, 50.119], [32.255, 50.063], [32.416, 49.967], [32.373, 49.864], [32.562, 49.767], [32.571, 49.706], [32.693, 49.672], [32.752, 49.594], [32.676, 49.477], [32.789, 49.334], [32.753, 49.181], [32.851, 49.006], [32.527, 48.928], [32.453, 49.056], [32.369, 49.046], [32.332, 49.09], [32.143, 48.976], [32.121, 48.91], [32.026, 48.928], [31.887, 48.86], [31.732, 48.943], [31.544, 48.924], [31.462, 48.761], [31.333, 48.724], [30.702, 48.765], [30.541, 48.619], [30.568, 48.562], [30.415, 48.572], [30.247, 48.478], [29.961, 48.457], [30.022, 48.534], [29.958, 48.655], [29.859, 48.698], [29.884, 48.743], [29.772, 48.769], [29.716, 48.914], [29.636, 48.947], [29.671, 49.001], [29.593, 49.031], [29.707, 49.132], [29.697, 49.227], [29.5, 49.366], [29.569, 49.422], [29.567, 49.528], [29.496, 49.573], [29.511, 49.64], [29.447, 49.651], [29.483, 49.703], [29.419, 49.708], [29.437, 49.791], [29.727, 49.929], [29.669, 50.09], [29.734, 50.126], [29.695, 50.267], [29.567, 50.407], [29.426, 50.422], [29.499, 50.492], [29.481, 50.602], [29.592, 50.711], [29.567, 50.772], [29.49, 50.781], [29.505, 50.87], [29.393, 50.97], [29.462, 50.97], [29.488, 51.067], [29.363, 51.142], [29.311, 51.119], [29.272, 51.241], [29.385, 51.298], [29.353, 51.377], [29.466, 51.385], [29.638, 51.491], [29.829, 51.43], [30.177, 51.479], [30.32, 51.402], [30.355, 51.305], [30.555, 51.243], [30.515, 51.22], [30.514, 51.013], [30.649, 50.986], [30.655, 50.892], [30.78, 50.844], [30.741, 50.757], [31.089, 50.767], [31.213, 50.659], [31.18, 50.588], [31.328, 50.508], [31.613, 50.518], [31.856, 50.621], [32.033, 50.539], [31.974, 50.475], [32.139, 50.35], [32.079, 50.237]], [[30.792, 50.293], [30.846, 50.353], [30.751, 50.506], [30.842, 50.584], [30.835, 50.639], [30.739, 50.668], [30.647, 50.575], [30.548, 50.549], [30.433, 50.662], [30.334, 50.663], [30.217, 50.542], [30.186, 50.387], [30.319, 50.408], [30.411, 50.262], [30.521, 50.19], [30.586, 50.014], [30.648, 50.034], [30.606, 50.267], [30.792, 50.293]]]}}, {"type": "Feature", "properties": {"name": "imamate_1828", "name_ru": "Имамат 1828-1859", "people": "чеченцы, дагестанцы", "from": "1828-01-01", "to": "1859-08-25", "from_raw": "1828", "to_raw": "1859-08-25", "territory": "горная Чечня и горный Дагестан", "kind": "national", "kind_ru": "антиколониальное национальное выступление", "event": "на первом этапе (до 1839 г.) - выступления Гази-Мухаммада, Гамзат-бека и Шамиля против российского господства и пророссийской знати Кавказа; с 1840 г. - полноценное государство, Имамат, воевавшее с империей до 1859 г.", "source": "Атлас російського імперіалізму та колоніалізму (УІФ, 2026), розд. 42, п. 12", "confidence": "высокая", "note": "УЖЕ ПОКАЗАН на карте вычитанием из контура (RESIST в tools/build_expansion.py): горная Чечня чёрная до 19.08.1859, горный Дагестан до 25.08.1859, левобережье Кубани до 21.05.1864. Даты - из нашей базы домена нохчи (кампания C1168, кампания C1169), не из атласа. Второй раз то же самое не вычитаем", "paint": "shown_elsewhere", "hold_from": "1840-01-01", "hold_to": "1859-08-25", "hold_note": "удержание УЖЕ показано другим механизмом - RESIST в tools/build_expansion.py; строка нужна как учёт, геометрии в нашем слое у неё нет", "geometry_source": "ne:Russia:Chechnya|Dagestan", "approximate": true}, "geometry": {"type": "MultiPolygon", "coordinates": [[[[45.881, 42.102], [45.631, 42.201], [45.736, 42.448], [45.699, 42.508], [45.356, 42.52], [45.155, 42.693], [45.076, 42.691], [45.179, 42.804], [45.137, 42.835], [45.167, 43.138], [45.047, 43.494], [44.839, 43.584], [44.839, 43.661], [44.961, 43.671], [45.004, 43.758], [45.077, 43.781], [45.076, 43.95], [45.204, 43.948], [45.221, 43.883], [45.449, 43.883], [45.517, 44.185], [45.105, 44.216], [45.131, 44.268], [45.404, 44.318], [45.447, 44.392], [45.41, 44.439], [45.226, 44.466], [45.266, 44.585], [45.435, 44.617], [45.646, 44.8], [45.622, 44.903], [45.706, 44.976], [45.854, 45.001], [46.434, 44.937], [46.772, 44.811], [46.793, 44.765], [46.89, 44.781], [46.831, 44.696], [46.722, 44.655], [46.701, 44.446], [46.773, 44.395], [47.026, 44.36], [47.122, 44.223], [47.246, 44.212], [47.462, 43.86], [47.441, 43.819], [47.503, 43.781], [47.394, 43.606], [47.366, 43.621], [47.404, 43.511], [47.465, 43.552], [47.544, 43.865], [47.596, 43.901], [47.702, 43.874], [47.602, 43.766], [47.491, 43.463], [47.493, 43.296], [47.57, 43.334], [47.586, 43.3], [47.486, 43.213], [47.462, 43.021], [47.698, 42.867], [47.727, 42.663], [47.868, 42.585], [48.096, 42.35], [48.387, 41.937], [48.579, 41.845], [48.37, 41.58], [48.054, 41.461], [47.892, 41.283], [47.895, 41.219], [47.547, 41.206], [47.251, 41.316], [47.239, 41.416], [47.141, 41.552], [47.027, 41.557], [46.902, 41.713], [46.769, 41.776], [46.741, 41.851], [46.568, 41.787], [46.526, 41.882], [46.224, 41.993], [45.948, 42.023], [45.881, 42.102]]], [[[47.763, 43.928], [47.628, 43.963], [47.666, 43.996], [47.867, 43.991], [47.763, 43.928]]]]}}, {"type": "Feature", "properties": {"name": "shebelinka_1829", "name_ru": "Шебелинское восстание 1829", "people": "украинцы", "from": "1829-01-01", "to": "1829-01-01", "from_raw": "1829", "to_raw": "1829", "territory": "Шебелинка, Слобожанщина", "kind": "peasant", "kind_ru": "крестьянское выступление", "event": "выступление государственных крестьян против превращения их в военных поселенцев", "source": "Атлас російського імперіалізму та колоніалізму (УІФ, 2026), розд. 42, п. 13", "confidence": "средняя", "note": "", "paint": "none", "hold_from": "", "hold_to": "", "hold_note": "", "geometry_source": "ne:Ukraine:Kharkiv", "approximate": true}, "geometry": {"type": "Polygon", "coordinates": [[[37.415, 50.432], [37.48, 50.34], [37.599, 50.291], [37.59, 50.204], [37.728, 50.079], [37.916, 50.003], [38.081, 49.846], [38.0, 49.823], [38.045, 49.785], [37.94, 49.727], [37.998, 49.716], [38.0, 49.657], [37.944, 49.597], [37.963, 49.52], [37.861, 49.423], [37.926, 49.284], [37.834, 49.208], [37.541, 49.225], [37.505, 49.184], [37.61, 49.15], [37.369, 49.049], [37.292, 48.98], [37.314, 48.927], [37.221, 48.898], [37.177, 48.828], [37.019, 48.814], [37.024, 48.759], [36.702, 48.788], [36.725, 48.626], [36.595, 48.602], [36.471, 48.646], [36.375, 48.542], [36.289, 48.527], [36.286, 48.634], [36.133, 48.724], [36.164, 48.767], [35.962, 48.855], [36.022, 48.9], [35.953, 48.969], [35.794, 48.934], [35.462, 48.975], [35.17, 49.147], [34.984, 49.164], [34.973, 49.281], [35.033, 49.32], [35.279, 49.32], [35.361, 49.392], [35.32, 49.481], [35.465, 49.494], [35.391, 49.551], [35.475, 49.56], [35.424, 49.684], [35.239, 49.705], [35.166, 49.851], [34.864, 49.942], [34.841, 50.0], [34.97, 50.189], [35.25, 50.238], [35.403, 50.334], [35.671, 50.32], [35.837, 50.423], [36.106, 50.421], [36.269, 50.281], [36.41, 50.305], [36.594, 50.204], [36.849, 50.324], [37.415, 50.432]]]}}, {"type": "Feature", "properties": {"name": "cholera_riots_1830", "name_ru": "«Холерные бунты» 1830-1831", "people": "русские, украинцы", "from": "1830-06-01", "to": "1831-07-01", "from_raw": "1830-06", "to_raw": "1831-07", "territory": "Севастополь, Тамбов, Старая Русса, Петербург", "kind": "urban", "kind_ru": "выступление горожан", "event": "городские выступления и сельские волнения на фоне карантинных мер и чиновничьих злоупотреблений; в июне 1830 г. вооружённые матросы и горожане пять дней держали Севастополь", "source": "Атлас російського імперіалізму та колоніалізму (УІФ, 2026), розд. 42, п. 14", "confidence": "высокая", "note": "", "paint": "none", "hold_from": "", "hold_to": "", "hold_note": "", "geometry_source": "city:Севастополь;city:Тамбов;city:Санкт-Петербург", "approximate": true}, "geometry": {"type": "MultiPolygon", "coordinates": [[[[33.687, 44.329], [33.431, 44.252], [33.194, 44.378], [33.117, 44.634], [33.243, 44.871], [33.499, 44.948], [33.736, 44.822], [33.813, 44.566], [33.687, 44.329]]], [[[41.362, 52.387], [41.139, 52.536], [41.087, 52.798], [41.236, 53.021], [41.498, 53.073], [41.721, 52.924], [41.773, 52.662], [41.624, 52.439], [41.362, 52.387]]], [[[30.246, 59.598], [30.023, 59.747], [29.971, 60.009], [30.12, 60.232], [30.382, 60.284], [30.605, 60.135], [30.657, 59.873], [30.508, 59.65], [30.246, 59.598]]]]}}, {"type": "Feature", "properties": {"name": "poland_1830", "name_ru": "Польское («Ноябрьское») восстание 1830-1831", "people": "поляки", "from": "1830-11-29", "to": "1831-10-21", "from_raw": "1830-11-29", "to_raw": "1831-10-21", "territory": "Царство Польское, Литва, Волынь, Подолье", "kind": "national", "kind_ru": "антиколониальное национальное выступление", "event": "фактически российско-польская война из-за нарушения Петербургом польской конституции; на первом этапе независимость Польши восстановлена", "source": "Атлас російського імперіалізму та колоніалізму (УІФ, 2026), розд. 42, п. 15", "confidence": "высокая", "note": "после поражения польскую автономию в составе империи существенно урезали", "paint": "none", "hold_from": "", "hold_to": "", "hold_note": "", "geometry_source": "ne:Poland:*;ne:Lithuania:*", "approximate": true}, "geometry": {"type": "MultiPolygon", "coordinates": [[[[19.234, 49.507], [19.173, 49.402], [18.962, 49.389], [18.961, 49.493], [18.833, 49.51], [18.788, 49.669], [18.618, 49.714], [18.559, 49.907], [18.292, 49.908], [18.002, 50.047], [18.032, 50.003], [17.839, 49.974], [17.732, 50.095], [17.633, 50.106], [17.589, 50.163], [17.748, 50.218], [17.708, 50.311], [17.424, 50.241], [17.188, 50.378], [16.893, 50.433], [16.866, 50.408], [17.015, 50.218], [16.818, 50.187], [16.661, 50.093], [16.344, 50.37], [16.2, 50.406], [16.426, 50.568], [16.332, 50.644], [16.086, 50.647], [15.982, 50.604], [15.971, 50.679], [15.848, 50.675], [15.792, 50.743], [15.442, 50.8], [15.356, 50.775], [15.256, 50.9], [15.27, 50.953], [15.144, 51.012], [14.961, 50.993], [14.997, 50.959], [14.982, 50.859], [14.81, 50.858], [14.955, 51.064], [15.019, 51.272], [14.945, 51.449], [14.71, 51.53], [14.732, 51.658], [14.586, 51.804], [14.761, 52.077], [14.686, 52.121], [14.712, 52.236], [14.584, 52.291], [14.545, 52.382], [14.645, 52.577], [14.124, 52.851], [14.165, 52.896], [14.144, 52.96], [14.343, 53.049], [14.442, 53.252], [14.304, 53.509], [14.264, 53.7], [14.294, 53.749], [14.591, 53.598], [14.624, 53.653], [14.545, 53.704], [14.576, 53.77], [14.624, 53.77], [14.631, 53.852], [14.587, 53.813], [14.576, 53.855], [14.441, 53.87], [14.432, 53.906], [14.363, 53.879], [14.405, 53.844], [14.319, 53.818], [14.175, 53.906], [14.407, 53.922], [15.86, 54.25], [16.179, 54.263], [16.215, 54.3], [16.138, 54.29], [16.324, 54.35], [16.282, 54.359], [16.57, 54.557], [16.94, 54.606], [17.337, 54.749], [18.152, 54.838], [18.34, 54.833], [18.752, 54.69], [18.835, 54.603], [18.708, 54.701], [18.456, 54.788], [18.413, 54.747], [18.476, 54.64], [18.523, 54.647], [18.588, 54.434], [18.886, 54.35], [19.377, 54.378], [19.61, 54.457], [22.767, 54.356], [22.68, 54.453], [22.682, 54.57], [22.725, 54.723], [22.833, 54.779], [22.844, 54.832], [22.752, 54.931], [22.633, 54.958], [22.565, 55.068], [22.05, 55.034], [22.003, 55.093], [21.504, 55.194], [21.375, 55.29], [21.268, 55.249], [21.257, 55.369], [21.183, 55.346], [21.248, 55.442], [21.147, 55.678], [21.061, 55.789], [21.053, 56.073], [21.19, 56.084], [21.328, 56.224], [22.094, 56.417], [22.666, 56.349], [22.925, 56.412], [23.062, 56.304], [23.288, 56.373], [23.482, 56.33], [23.707, 56.354], [24.139, 56.257], [24.319, 56.299], [24.481, 56.269], [24.871, 56.443], [25.073, 56.198], [25.662, 56.141], [26.179, 55.85], [26.28, 55.743], [26.595, 55.667], [26.605, 55.59], [26.45, 55.327], [26.801, 55.273], [26.657, 55.215], [26.601, 55.121], [26.264, 55.14], [26.139, 54.969], [25.87, 54.939], [25.783, 54.87], [25.721, 54.767], [25.74, 54.569], [25.631, 54.508], [25.529, 54.321], [25.696, 54.321], [25.789, 54.236], [25.763, 54.156], [25.516, 54.145], [25.502, 54.222], [25.554, 54.231], [25.459, 54.299], [25.37, 54.248], [25.206, 54.257], [25.072, 54.132], [24.822, 54.135], [24.782, 54.093], [24.806, 53.975], [24.667, 53.994], [24.378, 53.887], [24.257, 53.894], [24.17, 53.959], [23.627, 53.898], [23.486, 53.939], [23.591, 53.611], [23.894, 53.152], [23.859, 53.068], [23.911, 53.005], [23.922, 52.743], [23.869, 52.67], [23.392, 52.51], [23.166, 52.289], [23.19, 52.241], [23.488, 52.182], [23.512, 52.124], [23.637, 52.084], [23.676, 51.994], [23.595, 51.843], [23.618, 51.787], [23.552, 51.737], [23.543, 51.593], [23.698, 51.404], [23.635, 51.305], [23.864, 51.148], [23.979, 50.938], [24.143, 50.856], [23.958, 50.808], [24.081, 50.713], [24.108, 50.541], [24.011, 50.493], [23.981, 50.405], [23.682, 50.368], [23.101, 49.957], [22.666, 49.567], [22.641, 49.529], [22.738, 49.275], [22.682, 49.161], [22.853, 49.085], [22.855, 48.994], [22.041, 49.197], [21.964, 49.309], [21.82, 49.377], [21.758, 49.349], [21.62, 49.423], [21.261, 49.449], [21.194, 49.401], [21.054, 49.414], [21.073, 49.357], [20.919, 49.29], [20.69, 49.401], [20.318, 49.392], [20.284, 49.339], [20.136, 49.309], [20.05, 49.173], [19.938, 49.225], [19.786, 49.188], [19.748, 49.206], [19.809, 49.271], [19.769, 49.393], [19.627, 49.402], [19.635, 49.441], [19.557, 49.454], [19.457, 49.598], [19.234, 49.507]]], [[[21.085, 55.723], [21.132, 55.656], [21.106, 55.421], [20.989, 55.273], [20.925, 55.283], [21.082, 55.498], [21.085, 55.723]]]]}}, {"type": "Feature", "properties": {"name": "kaitag_1831", "name_ru": "Кайтаго-Табасаранское восстание 1831", "people": "дагестанцы", "from": "1831-01-01", "to": "1831-01-01", "from_raw": "1831", "to_raw": "1831", "territory": "Кайтаг, Табасаран", "kind": "national", "kind_ru": "антиколониальное национальное выступление", "event": "вооружённое выступление в поддержку выступления Гази-Мухаммада (Имамата)", "source": "Атлас російського імперіалізму та колоніалізму (УІФ, 2026), розд. 42, п. 16", "confidence": "средняя", "note": "", "paint": "none", "hold_from": "", "hold_to": "", "hold_note": "", "geometry_source": "ne:Russia:Dagestan", "approximate": true}, "geometry": {"type": "MultiPolygon", "coordinates": [[[[45.881, 42.102], [45.621, 42.224], [45.74, 42.471], [45.829, 42.491], [45.968, 42.619], [46.013, 42.592], [46.047, 42.69], [46.17, 42.73], [46.121, 42.838], [46.196, 42.904], [46.393, 42.872], [46.537, 42.941], [46.489, 43.008], [46.535, 43.08], [46.403, 43.114], [46.448, 43.181], [46.409, 43.217], [46.428, 43.306], [46.327, 43.435], [46.439, 43.541], [46.486, 43.676], [46.676, 43.815], [46.455, 43.881], [46.462, 43.962], [46.419, 44.0], [46.246, 43.943], [46.2, 43.848], [46.049, 43.821], [46.015, 43.881], [46.045, 43.934], [45.509, 44.015], [45.512, 44.189], [45.106, 44.21], [45.131, 44.268], [45.404, 44.318], [45.447, 44.392], [45.41, 44.439], [45.226, 44.466], [45.266, 44.585], [45.435, 44.617], [45.646, 44.8], [45.622, 44.903], [45.706, 44.976], [45.854, 45.001], [46.434, 44.937], [46.772, 44.811], [46.793, 44.765], [46.89, 44.781], [46.831, 44.696], [46.722, 44.655], [46.701, 44.446], [46.773, 44.395], [47.026, 44.36], [47.122, 44.223], [47.246, 44.212], [47.462, 43.86], [47.441, 43.819], [47.503, 43.781], [47.394, 43.606], [47.366, 43.621], [47.404, 43.511], [47.465, 43.552], [47.544, 43.865], [47.596, 43.901], [47.702, 43.874], [47.602, 43.766], [47.491, 43.463], [47.493, 43.296], [47.57, 43.334], [47.586, 43.3], [47.486, 43.213], [47.462, 43.021], [47.698, 42.867], [47.727, 42.663], [47.868, 42.585], [48.096, 42.35], [48.387, 41.937], [48.579, 41.845], [48.37, 41.58], [48.054, 41.461], [47.892, 41.283], [47.895, 41.219], [47.547, 41.206], [47.251, 41.316], [47.239, 41.416], [47.141, 41.552], [47.027, 41.557], [46.902, 41.713], [46.769, 41.776], [46.741, 41.851], [46.568, 41.787], [46.526, 41.882], [46.224, 41.993], [45.948, 42.023], [45.881, 42.102]]], [[[47.763, 43.928], [47.628, 43.963], [47.666, 43.996], [47.862, 43.994], [47.763, 43.928]]]]}}, {"type": "Feature", "properties": {"name": "bashkir_1834", "name_ru": "Башкирское восстание 1834-1835", "people": "башкиры, мишари, тептяри", "from": "1834-01-01", "to": "1835-01-01", "from_raw": "1834", "to_raw": "1835", "territory": "Башкортостан", "kind": "national", "kind_ru": "антиколониальное национальное выступление", "event": "выступления против планов перевести местных казённых крестьян в удельные и против слухов о крещении башкир; присоединились русские крестьяне и часть оренбургских казаков", "source": "Атлас російського імперіалізму та колоніалізму (УІФ, 2026), розд. 42, п. 17", "confidence": "высокая", "note": "план смены положения местного крестьянства отменён", "paint": "none", "hold_from": "", "hold_to": "", "hold_note": "", "geometry_source": "ne:Russia:Bashkortostan|Orenburg", "approximate": true}, "geometry": {"type": "Polygon", "coordinates": [[[60.003, 51.993], [59.986, 51.952], [60.061, 51.859], [60.138, 51.889], [60.48, 51.784], [60.356, 51.692], [60.376, 51.663], [60.515, 51.618], [60.937, 51.611], [60.945, 51.544], [61.029, 51.483], [61.474, 51.426], [61.563, 51.296], [61.664, 51.258], [61.534, 51.206], [61.404, 50.803], [60.718, 50.653], [60.3, 50.685], [60.177, 50.742], [60.136, 50.844], [60.021, 50.854], [59.962, 50.83], [59.915, 50.674], [59.816, 50.563], [59.523, 50.475], [59.452, 50.537], [59.563, 50.58], [59.438, 50.631], [59.273, 50.616], [59.197, 50.663], [58.926, 50.678], [58.748, 50.795], [58.664, 50.79], [58.641, 50.863], [58.55, 50.893], [58.595, 51.023], [58.378, 51.071], [58.308, 51.15], [58.168, 51.055], [57.769, 51.12], [57.722, 50.909], [57.556, 50.919], [57.468, 50.858], [57.334, 50.897], [57.154, 51.1], [56.716, 51.072], [56.688, 50.969], [56.478, 51.073], [56.315, 50.884], [56.158, 50.906], [56.079, 50.725], [55.66, 50.53], [55.468, 50.657], [55.305, 50.665], [55.084, 50.797], [55.048, 50.884], [54.638, 51.028], [54.534, 51.003], [54.546, 50.953], [54.503, 50.928], [54.638, 50.886], [54.676, 50.603], [54.499, 50.523], [54.38, 50.619], [54.479, 50.853], [54.276, 50.904], [54.145, 50.993], [54.112, 51.096], [53.936, 51.186], [53.674, 51.22], [53.594, 51.289], [53.61, 51.388], [53.407, 51.484], [53.166, 51.515], [52.944, 51.453], [52.78, 51.508], [52.546, 51.46], [52.308, 51.775], [52.092, 51.659], [51.869, 51.673], [51.765, 51.593], [51.782, 51.493], [51.693, 51.454], [51.584, 51.535], [51.462, 51.475], [51.304, 51.472], [51.237, 51.536], [51.359, 51.561], [51.372, 51.63], [51.234, 51.685], [50.925, 51.68], [50.767, 51.759], [51.415, 52.103], [51.453, 52.219], [51.407, 52.257], [51.413, 52.35], [51.563, 52.447], [51.471, 52.527], [51.475, 52.576], [51.546, 52.574], [51.51, 52.631], [51.54, 52.677], [51.727, 52.664], [51.772, 52.796], [51.717, 52.826], [51.728, 52.869], [52.052, 52.993], [52.064, 53.075], [52.158, 53.103], [52.059, 53.139], [52.128, 53.174], [52.193, 53.375], [52.08, 53.514], [52.253, 53.654], [52.413, 53.927], [52.376, 53.98], [52.485, 54.059], [52.397, 54.128], [52.271, 54.118], [52.349, 54.217], [52.208, 54.303], [52.506, 54.322], [52.539, 54.377], [53.001, 54.271], [53.046, 54.339], [53.107, 54.247], [52.938, 54.214], [53.088, 54.115], [53.067, 54.073], [53.258, 54.071], [53.372, 53.969], [53.47, 54.046], [53.43, 54.266], [53.349, 54.391], [53.426, 54.499], [53.417, 54.559], [53.606, 54.714], [53.579, 54.822], [53.643, 54.9], [53.499, 54.891], [53.414, 54.989], [53.264, 55.014], [53.141, 55.099], [53.147, 55.147], [53.418, 55.222], [53.591, 55.212], [53.714, 55.333], [53.907, 55.393], [54.003, 55.554], [54.181, 55.628], [54.231, 55.692], [54.095, 55.773], [54.026, 55.764], [54.04, 55.802], [53.966, 55.782], [53.994, 55.848], [53.632, 55.907], [53.838, 56.039], [54.006, 56.029], [54.117, 56.158], [54.346, 56.253], [54.371, 56.299], [54.321, 56.345], [54.43, 56.343], [54.559, 56.538], [54.93, 56.387], [54.968, 56.32], [55.172, 56.318], [55.224, 56.364], [55.412, 56.335], [55.914, 56.466], [56.073, 56.289], [56.267, 56.301], [56.393, 56.388], [56.528, 56.383], [56.558, 56.36], [56.501, 56.322], [56.574, 56.263], [56.738, 56.223], [56.897, 56.101], [57.166, 56.16], [57.267, 56.302], [57.408, 56.329], [57.411, 56.235], [57.478, 56.179], [57.455, 56.13], [57.537, 56.1], [57.802, 56.151], [57.907, 56.115], [58.079, 56.141], [58.3, 56.114], [58.352, 56.059], [58.455, 56.147], [58.565, 56.162], [58.824, 56.054], [58.953, 56.07], [59.026, 56.169], [59.296, 56.131], [59.281, 56.055], [59.173, 56.005], [59.23, 55.906], [59.154, 55.8], [59.313, 55.775], [59.28, 55.694], [59.344, 55.644], [59.24, 55.584], [59.437, 55.633], [59.498, 55.58], [59.641, 55.565], [59.475, 55.468], [59.201, 55.45], [59.159, 55.332], [58.997, 55.244], [58.97, 55.311], [58.872, 55.323], [58.848, 55.298], [58.921, 55.279], [58.727, 55.257], [58.803, 55.214], [58.745, 55.156], [58.665, 55.19], [58.578, 55.162], [58.756, 55.112], [58.816, 55.025], [58.551, 54.953], [58.523, 55.022], [58.387, 55.0], [58.433, 55.057], [58.364, 55.084], [58.372, 55.155], [58.299, 55.174], [58.141, 55.114], [58.193, 55.084], [58.089, 55.02], [58.106, 54.957], [58.001, 54.917], [57.962, 54.946], [58.031, 55.075], [57.964, 55.167], [58.135, 55.215], [57.917, 55.293], [57.434, 55.327], [57.257, 55.258], [57.215, 55.223], [57.24, 55.158], [57.14, 55.099], [57.244, 54.951], [57.153, 54.847], [57.225, 54.782], [57.742, 54.583], [57.743, 54.501], [57.961, 54.392], [58.354, 54.547], [58.614, 54.47], [59.061, 54.632], [59.228, 54.611], [59.412, 54.707], [59.632, 54.911], [59.806, 54.846], [59.944, 54.857], [59.919, 54.832], [59.974, 54.796], [59.87, 54.613], [59.679, 54.498], [59.746, 54.447], [59.667, 54.34], [59.803, 54.254], [59.727, 54.194], [59.729, 54.139], [59.535, 54.198], [59.322, 54.182], [59.154, 53.984], [58.956, 53.975], [58.923, 53.935], [58.948, 53.9], [58.872, 53.751], [58.907, 53.654], [58.821, 53.596], [58.902, 53.549], [58.823, 53.211], [58.891, 53.188], [58.907, 53.055], [59.028, 53.015], [58.836, 53.001], [58.747, 52.854], [58.784, 52.725], [58.724, 52.645], [58.839, 52.541], [58.766, 52.517], [58.8, 52.439], [58.976, 52.43], [58.979, 52.372], [59.175, 52.277], [59.273, 52.494], [59.685, 52.428], [59.81, 52.497], [59.937, 52.43], [60.144, 52.426], [60.15, 52.278], [59.963, 52.176], [59.914, 52.1], [60.003, 51.993]], [[52.284, 53.347], [52.296, 53.387], [52.25, 53.395], [52.229, 53.355], [52.284, 53.347]]]}}, {"type": "Feature", "properties": {"name": "taimanov_1836", "name_ru": "Восстание Исатая Тайманова 1836-1838", "people": "казахи", "from": "1836-01-01", "to": "1838-01-01", "from_raw": "1836", "to_raw": "1838", "territory": "Букеевская орда", "kind": "national", "kind_ru": "антиколониальное национальное выступление", "event": "борьба зависимого населения против ханской власти и вспомогательных российских отрядов из-за обезземеливания и высоких налогов", "source": "Атлас російського імперіалізму та колоніалізму (УІФ, 2026), розд. 42, п. 18", "confidence": "высокая", "note": "рост налогов после этого приостановлен", "paint": "none", "hold_from": "", "hold_to": "", "hold_note": "", "geometry_source": "ne:Kazakhstan:West Kazakhstan|Atyrau", "approximate": true}, "geometry": {"type": "MultiPolygon", "coordinates": [[[[47.159, 47.872], [47.044, 47.986], [47.192, 48.072], [47.104, 48.101], [47.099, 48.265], [46.478, 48.411], [46.754, 48.914], [47.021, 49.097], [47.029, 49.201], [46.775, 49.333], [46.923, 49.861], [47.177, 49.947], [47.329, 50.073], [47.265, 50.186], [47.322, 50.237], [47.306, 50.295], [47.599, 50.453], [47.993, 50.182], [48.239, 49.865], [48.43, 49.81], [48.785, 49.933], [48.886, 50.02], [48.866, 50.086], [48.783, 50.111], [48.673, 50.58], [48.568, 50.637], [48.83, 50.596], [49.144, 50.782], [49.369, 50.827], [49.424, 50.882], [49.347, 50.964], [49.437, 51.112], [49.779, 51.102], [49.987, 51.23], [50.325, 51.303], [50.36, 51.413], [50.527, 51.47], [50.525, 51.566], [50.582, 51.635], [50.694, 51.611], [50.671, 51.568], [50.791, 51.597], [50.767, 51.759], [50.925, 51.68], [51.234, 51.685], [51.372, 51.63], [51.359, 51.561], [51.237, 51.536], [51.304, 51.472], [51.462, 51.475], [51.584, 51.535], [51.647, 51.451], [51.782, 51.493], [51.765, 51.593], [51.869, 51.673], [52.092, 51.659], [52.308, 51.775], [52.525, 51.468], [52.669, 51.455], [52.78, 51.508], [52.944, 51.453], [53.166, 51.515], [53.407, 51.484], [53.61, 51.388], [53.594, 51.289], [53.674, 51.22], [53.936, 51.186], [54.112, 51.096], [54.145, 50.993], [54.276, 50.904], [54.486, 50.845], [54.38, 50.619], [54.456, 50.536], [54.546, 50.531], [54.392, 50.358], [54.424, 50.15], [54.551, 50.031], [54.514, 49.932], [54.293, 49.65], [54.006, 49.617], [53.713, 49.463], [53.673, 49.184], [53.905, 49.058], [53.979, 49.128], [54.082, 48.895], [54.072, 48.717], [54.443, 48.658], [54.578, 48.813], [54.801, 48.741], [54.849, 48.629], [54.794, 48.428], [54.873, 48.091], [54.973, 48.012], [55.061, 47.763], [54.998, 47.152], [55.291, 46.791], [55.494, 46.66], [56.271, 46.457], [56.473, 46.084], [55.832, 46.235], [55.827, 46.332], [55.744, 46.388], [55.675, 46.358], [55.477, 46.48], [55.247, 46.346], [53.949, 46.188], [53.694, 45.972], [53.758, 45.921], [53.536, 45.826], [53.039, 45.738], [52.862, 45.767], [53.082, 46.005], [53.157, 46.272], [53.128, 46.394], [53.033, 46.471], [53.102, 46.444], [53.082, 46.512], [52.998, 46.485], [53.04, 46.574], [53.072, 46.545], [53.108, 46.622], [53.205, 46.656], [53.188, 46.718], [53.106, 46.737], [53.06, 46.892], [52.92, 46.957], [52.615, 46.95], [52.456, 47.001], [52.357, 46.894], [52.189, 46.884], [52.245, 46.81], [52.113, 46.813], [52.0, 46.891], [52.019, 46.937], [51.941, 46.88], [51.854, 46.895], [51.896, 46.931], [51.744, 46.927], [51.676, 46.979], [51.68, 47.057], [51.592, 46.987], [51.527, 47.053], [51.213, 47.121], [50.905, 47.019], [50.847, 47.037], [50.741, 46.906], [50.752, 46.975], [50.616, 46.936], [50.569, 46.829], [50.578, 46.878], [50.43, 46.897], [50.231, 46.726], [50.213, 46.766], [50.169, 46.749], [49.817, 46.54], [49.703, 46.56], [49.703, 46.519], [49.623, 46.583], [49.627, 46.519], [49.579, 46.499], [49.469, 46.594], [49.493, 46.5], [49.305, 46.588], [49.394, 46.478], [49.278, 46.519], [49.371, 46.399], [49.223, 46.471], [49.292, 46.396], [49.168, 46.409], [49.227, 46.328], [48.705, 46.55], [48.539, 46.568], [48.53, 46.638], [48.455, 46.661], [48.557, 46.762], [48.677, 46.758], [48.764, 46.683], [48.917, 46.703], [49.006, 46.769], [48.697, 47.101], [48.525, 47.41], [48.411, 47.446], [48.174, 47.713], [48.044, 47.77], [47.65, 47.766], [47.412, 47.836], [47.36, 47.683], [47.141, 47.793], [47.159, 47.872]]], [[[49.805, 46.211], [49.72, 46.357], [49.792, 46.339], [49.838, 46.286], [49.805, 46.211]]]]}}, {"type": "Feature", "properties": {"name": "zholaman_2_1836", "name_ru": "Второе восстание Жоламана Тленшиулы 1836-1838", "people": "казахи", "from": "1836-01-01", "to": "1838-01-01", "from_raw": "1836", "to_raw": "1838", "territory": "верховья Яика", "kind": "national", "kind_ru": "антиколониальное национальное выступление", "event": "выступления против выселения казахов ради строительства Новой укреплённой линии", "source": "Атлас російського імперіалізму та колоніалізму (УІФ, 2026), розд. 42, п. 19", "confidence": "высокая", "note": "продолжилось в восстании Кенесары Касымова", "paint": "none", "hold_from": "", "hold_to": "", "hold_note": "", "geometry_source": "ne:Kazakhstan:Aqtöbe|West Kazakhstan", "approximate": true}, "geometry": {"type": "Polygon", "coordinates": [[[59.055, 45.324], [58.531, 45.559], [56.708, 45.162], [56.541, 45.954], [56.271, 46.457], [55.494, 46.66], [55.291, 46.791], [54.998, 47.152], [55.061, 47.763], [54.973, 48.012], [54.873, 48.091], [54.794, 48.428], [54.849, 48.629], [54.801, 48.741], [54.578, 48.813], [54.443, 48.658], [54.072, 48.717], [54.082, 48.895], [53.979, 49.128], [53.905, 49.058], [53.673, 49.184], [53.434, 48.995], [52.913, 48.985], [52.764, 48.862], [52.771, 48.743], [52.622, 48.588], [52.589, 48.426], [52.525, 48.406], [52.175, 48.483], [51.968, 48.465], [51.811, 48.505], [51.83, 48.615], [51.37, 48.663], [51.156, 48.63], [50.948, 48.482], [50.726, 48.421], [49.911, 48.041], [49.457, 48.014], [49.432, 47.938], [48.908, 48.06], [47.112, 48.242], [46.479, 48.41], [46.754, 48.914], [46.93, 49.004], [47.04, 49.15], [46.979, 49.244], [46.775, 49.333], [46.9, 49.82], [47.309, 50.045], [47.328, 50.109], [47.265, 50.186], [47.322, 50.237], [47.306, 50.295], [47.557, 50.453], [47.993, 50.182], [48.239, 49.865], [48.43, 49.81], [48.785, 49.933], [48.886, 50.02], [48.874, 50.07], [48.783, 50.111], [48.673, 50.58], [48.568, 50.637], [48.83, 50.596], [49.144, 50.782], [49.369, 50.827], [49.424, 50.882], [49.347, 50.964], [49.437, 51.112], [49.779, 51.102], [49.987, 51.23], [50.325, 51.303], [50.36, 51.413], [50.527, 51.47], [50.525, 51.566], [50.582, 51.635], [50.694, 51.611], [50.671, 51.568], [50.791, 51.597], [50.767, 51.759], [50.925, 51.68], [51.234, 51.685], [51.372, 51.63], [51.359, 51.561], [51.237, 51.536], [51.304, 51.472], [51.462, 51.475], [51.584, 51.535], [51.693, 51.454], [51.782, 51.493], [51.765, 51.593], [51.869, 51.673], [52.092, 51.659], [52.308, 51.775], [52.546, 51.46], [52.78, 51.508], [52.944, 51.453], [53.166, 51.515], [53.407, 51.484], [53.61, 51.388], [53.594, 51.289], [53.674, 51.22], [53.936, 51.186], [54.112, 51.096], [54.145, 50.993], [54.276, 50.904], [54.479, 50.853], [54.38, 50.619], [54.499, 50.523], [54.676, 50.603], [54.638, 50.886], [54.503, 50.928], [54.546, 50.953], [54.534, 51.003], [54.638, 51.028], [55.048, 50.884], [55.084, 50.797], [55.305, 50.665], [55.468, 50.657], [55.66, 50.53], [56.079, 50.725], [56.158, 50.906], [56.315, 50.884], [56.478, 51.073], [56.688, 50.969], [56.716, 51.072], [57.154, 51.1], [57.334, 50.897], [57.468, 50.858], [57.556, 50.919], [57.722, 50.909], [57.769, 51.12], [58.168, 51.055], [58.308, 51.15], [58.378, 51.071], [58.595, 51.023], [58.55, 50.893], [58.641, 50.863], [58.664, 50.79], [58.748, 50.795], [58.926, 50.678], [59.197, 50.663], [59.273, 50.616], [59.438, 50.631], [59.563, 50.58], [59.452, 50.537], [59.523, 50.475], [59.816, 50.563], [59.915, 50.674], [59.962, 50.83], [60.021, 50.854], [60.136, 50.844], [60.177, 50.742], [60.3, 50.685], [60.718, 50.653], [61.372, 50.782], [61.427, 50.833], [61.534, 51.206], [61.873, 51.296], [62.03, 51.065], [62.154, 51.11], [62.294, 51.04], [62.239, 50.946], [62.375, 50.851], [62.304, 50.754], [62.314, 50.696], [62.446, 50.675], [62.534, 50.439], [62.89, 50.024], [62.913, 49.897], [62.714, 49.908], [62.611, 49.855], [62.413, 49.601], [62.453, 49.52], [62.279, 49.488], [62.485, 49.228], [62.278, 49.186], [62.373, 49.167], [62.447, 49.051], [62.665, 48.878], [63.031, 48.863], [63.03, 48.692], [63.661, 48.47], [64.204, 47.879], [62.842, 47.184], [62.45, 47.248], [62.467, 47.292], [62.32, 47.446], [62.048, 47.571], [61.859, 47.776], [61.327, 47.733], [60.765, 47.1], [60.538, 47.112], [60.441, 47.046], [60.411, 46.924], [60.169, 46.885], [59.921, 46.76], [59.113, 46.066], [59.027, 45.818], [59.055, 45.324]]]}}, {"type": "Feature", "properties": {"name": "kenesary_1837", "name_ru": "Восстание Кенесары Касымова 1837-1847", "people": "казахи", "from": "1837-01-01", "to": "1847-01-01", "from_raw": "1837", "to_raw": "1847", "territory": "Средний жуз, степи от Тургая до Каркаралинска", "kind": "national", "kind_ru": "антиколониальное национальное выступление", "event": "вооружённое сопротивление казахов всех трёх жузов российской экспансии; после ряда успешных боёв в 1841 г. Кенесары, брат Саржана, избран ханом всех казахов, и Казахстан фактически вышел из-под власти Петербурга", "source": "Атлас російського імперіалізму та колоніалізму (УІФ, 2026), розд. 42, п. 21", "confidence": "высокая", "note": "в 1846 г. полное подданство Петербургу признали султаны Старшего жуза; вытесненный в земли киргизов, Кенесары разбит, захвачен и казнён в 1847 г.", "paint": "cut", "hold_from": "1841-09-01", "hold_to": "1845-01-01", "hold_note": "атлас прямо пишет: «Казахстан фактично вийшов з-під влади Петербурга» после избрания Кенесары ханом всех казахов в 1841 г., и там же: «лише після будівництва у 1845-1847 рр. шести фортів в степах росіяни відновили контроль над країною». Своя государственность - ханская власть, признанная тремя жузами. Вычитаем степные области Среднего жуза, обрезанные контуром империи; окно закрываем 1845 годом, когда в степи ставят укрепления", "geometry_source": "ne:Kazakhstan:Aqmola|Astana|Qaraghandy|Qostanay|North Kazakhstan|Pavlodar", "approximate": true}, "geometry": {"type": "Polygon", "coordinates": [[[77.733, 50.203], [77.448, 49.986], [77.194, 49.9], [77.169, 49.645], [76.769, 49.492], [76.63, 49.352], [77.047, 49.053], [76.885, 48.983], [76.888, 48.863], [76.972, 48.805], [77.361, 48.817], [77.347, 48.613], [77.127, 48.49], [77.021, 48.486], [76.927, 48.383], [77.056, 48.281], [77.248, 48.25], [77.149, 48.223], [77.171, 48.148], [77.409, 48.071], [77.271, 48.02], [77.072, 47.626], [77.16, 47.429], [76.982, 47.394], [76.964, 47.301], [76.876, 47.245], [77.058, 47.127], [77.264, 47.089], [77.316, 47.164], [77.581, 47.175], [77.6, 46.676], [77.16, 46.547], [77.063, 46.636], [76.92, 46.637], [76.84, 46.691], [76.935, 46.56], [76.73, 46.631], [76.722, 46.684], [76.548, 46.661], [76.52, 46.614], [76.161, 46.681], [75.403, 46.679], [74.762, 46.4], [74.184, 45.956], [67.276, 45.958], [67.248, 46.057], [66.979, 46.056], [65.553, 46.291], [65.1, 46.511], [63.788, 46.869], [63.601, 46.866], [63.21, 46.961], [62.95, 47.08], [62.652, 47.048], [62.67, 47.092], [64.204, 47.879], [63.661, 48.47], [63.03, 48.692], [63.031, 48.863], [62.665, 48.878], [62.447, 49.051], [62.373, 49.167], [62.278, 49.186], [62.485, 49.228], [62.279, 49.488], [62.453, 49.52], [62.413, 49.601], [62.611, 49.855], [62.714, 49.908], [62.913, 49.897], [62.89, 50.024], [62.534, 50.439], [62.446, 50.675], [62.314, 50.696], [62.304, 50.754], [62.375, 50.851], [62.239, 50.946], [62.294, 51.04], [62.154, 51.11], [62.03, 51.065], [61.873, 51.296], [61.646, 51.263], [61.563, 51.296], [61.474, 51.426], [61.029, 51.483], [60.945, 51.544], [60.937, 51.611], [60.515, 51.618], [60.376, 51.663], [60.356, 51.692], [60.48, 51.784], [60.138, 51.889], [60.061, 51.859], [59.987, 51.969], [60.203, 51.993], [60.507, 52.152], [60.672, 52.144], [61.04, 52.335], [60.936, 52.489], [60.815, 52.522], [60.803, 52.628], [60.673, 52.672], [60.696, 52.735], [61.058, 52.922], [60.975, 52.971], [61.448, 53.021], [61.606, 52.948], [61.82, 52.978], [61.959, 52.935], [62.094, 52.992], [62.116, 53.065], [62.051, 53.125], [61.764, 53.169], [61.643, 53.243], [61.478, 53.215], [61.143, 53.323], [61.218, 53.493], [61.412, 53.436], [61.555, 53.506], [61.517, 53.586], [61.281, 53.542], [60.88, 53.633], [61.008, 53.636], [61.199, 53.797], [61.085, 53.875], [60.978, 53.883], [60.978, 53.927], [61.096, 53.956], [61.211, 53.908], [61.194, 54.018], [61.312, 54.06], [61.418, 54.056], [61.582, 53.948], [61.62, 53.993], [61.791, 54.001], [61.856, 53.943], [62.004, 53.932], [62.003, 54.017], [62.433, 54.025], [62.39, 53.942], [62.525, 53.872], [62.581, 54.054], [63.085, 54.086], [63.157, 54.18], [63.368, 54.163], [63.709, 54.25], [63.897, 54.194], [64.008, 54.229], [64.004, 54.32], [64.579, 54.386], [64.72, 54.334], [64.911, 54.403], [65.085, 54.309], [65.184, 54.31], [65.198, 54.516], [65.449, 54.557], [65.45, 54.627], [65.744, 54.601], [65.933, 54.703], [65.977, 54.612], [67.213, 54.797], [67.311, 54.86], [67.698, 54.868], [67.882, 54.97], [68.166, 54.956], [68.308, 55.073], [68.177, 55.171], [68.605, 55.196], [68.701, 55.36], [68.971, 55.279], [68.927, 55.434], [69.123, 55.398], [69.186, 55.326], [69.335, 55.385], [69.674, 55.334], [69.94, 55.2], [70.214, 55.132], [70.382, 55.206], [70.441, 55.283], [70.721, 55.313], [70.82, 55.294], [70.793, 55.233], [70.977, 55.078], [70.946, 54.888], [71.006, 54.774], [71.201, 54.724], [71.265, 54.662], [71.141, 54.564], [71.191, 54.318], [70.971, 54.305], [71.052, 54.263], [71.044, 54.186], [71.144, 54.114], [71.218, 54.116], [71.321, 54.201], [71.453, 54.181], [71.477, 54.11], [71.647, 54.109], [71.709, 54.132], [71.762, 54.248], [71.984, 54.232], [72.1, 54.132], [72.178, 54.136], [72.17, 54.197], [72.067, 54.222], [72.103, 54.312], [72.043, 54.378], [72.185, 54.357], [72.324, 54.253], [72.299, 54.178], [72.483, 54.136], [72.358, 54.093], [72.419, 54.016], [72.392, 53.908], [72.557, 53.977], [72.7, 53.958], [72.656, 54.043], [72.503, 54.051], [72.624, 54.135], [72.942, 54.122], [73.063, 53.979], [73.36, 53.938], [73.393, 53.974], [73.518, 53.956], [73.602, 54.071], [73.741, 54.058], [73.683, 53.874], [73.432, 53.865], [73.391, 53.828], [73.438, 53.809], [73.347, 53.788], [73.307, 53.686], [73.23, 53.662], [73.231, 53.572], [73.391, 53.52], [73.347, 53.459], [73.411, 53.43], [73.653, 53.609], [73.904, 53.639], [74.058, 53.625], [74.077, 53.566], [74.223, 53.595], [74.27, 53.515], [74.388, 53.462], [74.457, 53.57], [74.421, 53.603], [74.453, 53.685], [74.616, 53.681], [74.772, 53.831], [75.028, 53.808], [75.434, 53.987], [75.361, 54.06], [75.429, 54.09], [75.64, 54.099], [76.184, 54.252], [76.177, 54.307], [76.234, 54.347], [76.476, 54.323], [76.623, 54.356], [76.673, 54.436], [76.91, 54.455], [76.753, 54.377], [76.834, 54.346], [76.838, 54.297], [76.665, 54.134], [76.374, 54.148], [76.526, 53.961], [77.613, 53.443], [77.867, 53.272], [79.304, 51.686], [79.25, 51.603], [79.108, 51.562], [79.041, 51.46], [78.817, 51.438], [78.772, 51.378], [78.817, 51.369], [78.807, 51.326], [78.758, 51.297], [78.494, 51.208], [78.362, 51.215], [78.107, 51.09], [78.282, 50.888], [78.688, 50.701], [78.718, 50.464], [78.82, 50.351], [78.671, 50.156], [78.473, 50.027], [77.946, 50.138], [77.816, 50.209], [77.733, 50.203]]]}}, {"type": "Feature", "properties": {"name": "quba_1837", "name_ru": "Кубинское восстание 1837-1839", "people": "лезгины, азербайджанцы", "from": "1837-01-01", "to": "1839-01-01", "from_raw": "1837", "to_raw": "1839", "territory": "Кубинское и Кюринское ханства, Самурская долина", "kind": "national", "kind_ru": "антиколониальное национальное выступление", "event": "масштабная борьба во главе с Хаджи-Мухаммадом Хулухским против российской колонизации и в поддержку Шамиля", "source": "Атлас російського імперіалізму та колоніалізму (УІФ, 2026), розд. 42, п. 20", "confidence": "высокая", "note": "после поражения вольные общества Самурской долины ликвидированы", "paint": "none", "hold_from": "", "hold_to": "", "hold_note": "", "geometry_source": "ne:Azerbaijan:Quba|Qusar|Xaçmaz;ne:Russia:Dagestan", "approximate": true}, "geometry": {"type": "MultiPolygon", "coordinates": [[[[48.031, 41.063], [47.813, 41.197], [47.547, 41.206], [47.344, 41.268], [47.251, 41.316], [47.239, 41.416], [47.141, 41.552], [47.027, 41.557], [46.902, 41.713], [46.769, 41.776], [46.741, 41.851], [46.568, 41.787], [46.526, 41.882], [46.224, 41.993], [45.948, 42.023], [45.881, 42.102], [45.631, 42.201], [45.74, 42.471], [45.829, 42.491], [45.968, 42.619], [46.013, 42.592], [46.047, 42.69], [46.17, 42.73], [46.121, 42.838], [46.196, 42.904], [46.393, 42.872], [46.537, 42.941], [46.489, 43.008], [46.535, 43.08], [46.403, 43.114], [46.448, 43.181], [46.409, 43.217], [46.428, 43.306], [46.327, 43.435], [46.439, 43.541], [46.486, 43.676], [46.676, 43.815], [46.455, 43.881], [46.462, 43.962], [46.419, 44.0], [46.246, 43.943], [46.2, 43.848], [46.049, 43.821], [46.015, 43.881], [46.045, 43.934], [45.509, 44.015], [45.512, 44.189], [45.106, 44.21], [45.131, 44.268], [45.404, 44.318], [45.447, 44.392], [45.41, 44.439], [45.226, 44.466], [45.262, 44.577], [45.43, 44.615], [45.614, 44.766], [45.65, 44.817], [45.622, 44.903], [45.706, 44.976], [45.854, 45.001], [46.434, 44.937], [46.772, 44.811], [46.793, 44.765], [46.89, 44.781], [46.831, 44.696], [46.722, 44.655], [46.701, 44.446], [46.773, 44.395], [47.026, 44.36], [47.122, 44.223], [47.246, 44.212], [47.462, 43.86], [47.441, 43.819], [47.503, 43.781], [47.394, 43.606], [47.366, 43.621], [47.404, 43.511], [47.465, 43.552], [47.544, 43.865], [47.596, 43.901], [47.702, 43.874], [47.602, 43.766], [47.491, 43.463], [47.493, 43.296], [47.57, 43.334], [47.586, 43.3], [47.486, 43.213], [47.462, 43.021], [47.698, 42.867], [47.727, 42.663], [47.868, 42.585], [48.096, 42.35], [48.387, 41.937], [48.655, 41.801], [49.079, 41.357], [48.744, 41.349], [48.747, 41.24], [48.643, 41.132], [48.721, 41.064], [48.663, 41.002], [48.68, 40.895], [48.031, 41.063]]], [[[47.763, 43.928], [47.628, 43.963], [47.666, 43.996], [47.867, 43.984], [47.763, 43.928]]]]}}, {"type": "Feature", "properties": {"name": "vauli_1839", "name_ru": "Выступление Ваули Пиеттомина 1839-1841", "people": "ненцы", "from": "1839-01-01", "to": "1841-01-01", "from_raw": "1839", "to_raw": "1841", "territory": "Обдорский край", "kind": "national", "kind_ru": "антиколониальное национальное выступление", "event": "движение ненцев, лидер которого объявил себя старшиной над всеми коренными жителями и отстранил от власти обдорского правителя Ивана Тайшина; требовали уменьшить ясак вдвое", "source": "Атлас російського імперіалізму та колоніалізму (УІФ, 2026), розд. 42, п. 22", "confidence": "средняя", "note": "Ваули схвачен казаками", "paint": "none", "hold_from": "", "hold_to": "", "hold_note": "", "geometry_source": "ne:Russia:Yamal-Nenets", "approximate": true}, "geometry": {"type": "MultiPolygon", "coordinates": [[[[66.678, 68.896], [67.09, 68.856], [67.129, 68.839], [67.04, 68.797], [67.196, 68.707], [67.584, 68.603], [67.793, 68.479], [68.135, 68.423], [68.259, 68.334], [68.184, 68.242], [68.263, 68.249], [68.288, 68.188], [68.651, 68.318], [68.561, 68.373], [68.924, 68.637], [69.013, 68.806], [69.109, 68.879], [68.951, 68.903], [69.219, 68.962], [68.686, 68.918], [68.458, 68.985], [68.026, 69.319], [68.105, 69.397], [68.107, 69.549], [68.031, 69.541], [68.04, 69.49], [67.824, 69.511], [67.629, 69.591], [67.017, 69.703], [66.971, 69.688], [67.0, 69.653], [66.855, 69.637], [66.958, 69.537], [66.796, 69.586], [66.769, 69.762], [66.885, 70.013], [66.978, 70.058], [66.985, 69.97], [67.143, 69.983], [67.328, 70.106], [67.279, 70.106], [67.272, 70.189], [67.243, 70.145], [67.094, 70.221], [67.193, 70.382], [67.266, 70.415], [67.293, 70.477], [67.215, 70.524], [67.334, 70.758], [67.257, 70.826], [67.138, 70.842], [66.689, 70.77], [66.608, 70.881], [66.889, 71.079], [66.82, 71.101], [66.738, 71.052], [66.772, 71.024], [66.69, 71.001], [66.62, 71.058], [66.811, 71.161], [66.912, 71.295], [67.588, 71.415], [67.947, 71.528], [68.255, 71.688], [68.349, 71.675], [68.308, 71.717], [68.469, 71.826], [68.644, 72.033], [68.822, 72.326], [68.852, 72.467], [68.917, 72.484], [68.869, 72.532], [68.977, 72.656], [69.054, 72.662], [68.976, 72.696], [69.232, 72.805], [69.354, 72.953], [69.795, 72.964], [69.557, 72.914], [69.588, 72.878], [71.563, 72.916], [72.008, 72.834], [71.817, 72.812], [71.886, 72.797], [72.131, 72.832], [72.837, 72.71], [72.721, 72.703], [72.81, 72.655], [72.731, 72.597], [72.845, 72.52], [72.799, 72.413], [72.874, 72.281], [72.577, 72.045], [72.522, 71.922], [72.351, 71.864], [72.345, 71.708], [72.234, 71.685], [72.167, 71.599], [71.838, 71.532], [71.803, 71.48], [72.106, 71.29], [72.636, 71.132], [72.676, 71.09], [72.632, 71.011], [72.837, 70.86], [72.775, 70.695], [72.683, 70.617], [72.775, 70.538], [72.771, 70.425], [72.436, 70.286], [72.622, 70.162], [72.492, 70.041], [72.692, 69.837], [72.65, 69.748], [72.502, 69.647], [72.638, 69.441], [72.488, 69.414], [72.613, 69.359], [72.648, 69.292], [72.478, 69.177], [72.577, 68.94], [72.852, 68.798], [73.539, 68.581], [73.635, 68.517], [73.646, 68.458], [73.605, 68.432], [73.605, 68.482], [73.534, 68.482], [73.398, 68.361], [73.091, 68.214], [73.137, 68.166], [73.073, 68.09], [73.204, 67.957], [73.195, 67.85], [73.072, 67.816], [73.151, 67.732], [73.114, 67.69], [73.039, 67.729], [72.852, 67.635], [72.581, 67.62], [72.533, 67.52], [72.392, 67.467], [72.454, 67.401], [72.403, 67.328], [72.048, 67.303], [72.052, 67.268], [72.214, 67.224], [72.226, 67.159], [72.128, 67.207], [72.139, 67.16], [71.913, 67.132], [72.015, 67.111], [71.995, 67.056], [71.748, 66.916], [71.302, 66.954], [71.515, 66.878], [71.481, 66.827], [71.584, 66.732], [71.577, 66.659], [71.165, 66.659], [71.234, 66.625], [71.057, 66.625], [71.124, 66.584], [71.08, 66.569], [70.939, 66.584], [70.98, 66.536], [70.689, 66.515], [70.413, 66.563], [70.295, 66.638], [70.68, 66.716], [70.723, 66.762], [70.316, 66.68], [70.173, 66.707], [70.178, 66.742], [70.067, 66.76], [69.898, 66.872], [69.837, 66.816], [69.603, 66.838], [69.637, 66.797], [69.598, 66.789], [69.398, 66.83], [68.965, 66.81], [69.104, 66.771], [69.113, 66.619], [69.386, 66.513], [69.729, 66.484], [70.363, 66.334], [71.429, 66.356], [71.679, 66.324], [71.833, 66.235], [71.99, 66.231], [72.306, 66.289], [72.376, 66.341], [72.367, 66.471], [72.412, 66.509], [72.289, 66.501], [72.318, 66.528], [72.494, 66.619], [72.942, 66.657], [73.003, 66.739], [73.492, 66.823], [73.657, 66.942], [73.797, 66.964], [73.92, 67.078], [73.892, 67.119], [73.953, 67.231], [73.9, 67.296], [74.098, 67.432], [74.749, 67.707], [74.825, 67.94], [74.725, 68.152], [74.332, 68.386], [74.458, 68.506], [74.413, 68.62], [74.481, 68.721], [75.191, 68.875], [76.113, 68.978], [76.609, 68.966], [76.696, 68.858], [76.619, 68.805], [76.663, 68.763], [77.007, 68.653], [77.114, 68.567], [77.127, 68.606], [77.326, 68.523], [77.248, 68.457], [77.295, 68.382], [77.162, 68.294], [77.357, 68.233], [77.217, 68.105], [77.241, 68.044], [77.193, 67.985], [77.305, 67.91], [77.217, 67.831], [77.083, 67.833], [77.12, 67.769], [77.676, 67.617], [77.693, 67.545], [79.053, 67.571], [78.806, 67.625], [78.868, 67.653], [78.565, 67.604], [78.463, 67.633], [78.61, 67.663], [78.438, 67.703], [78.4, 67.637], [78.327, 67.68], [77.874, 67.685], [77.949, 67.728], [77.776, 67.778], [77.738, 67.74], [77.494, 67.751], [77.459, 67.786], [77.479, 67.907], [77.586, 67.948], [77.47, 67.995], [77.537, 68.129], [77.709, 68.222], [78.173, 68.274], [78.09, 68.36], [77.959, 68.398], [77.909, 68.469], [77.956, 68.495], [77.928, 68.519], [77.787, 68.515], [77.715, 68.621], [77.744, 68.715], [77.647, 68.911], [76.929, 69.009], [76.731, 69.131], [76.428, 69.144], [76.042, 69.239], [75.509, 69.261], [75.129, 69.157], [75.092, 69.133], [75.154, 69.119], [75.107, 69.104], [74.773, 69.081], [74.314, 69.146], [73.961, 69.084], [73.777, 69.154], [73.757, 69.199], [73.9, 69.421], [73.516, 69.746], [73.66, 69.86], [73.765, 70.079], [73.708, 70.161], [74.316, 70.52], [74.318, 70.668], [73.928, 70.855], [73.896, 70.973], [73.704, 71.071], [73.556, 71.255], [73.022, 71.429], [73.499, 71.665], [73.525, 71.706], [73.47, 71.773], [73.526, 71.822], [74.332, 71.956], [74.995, 72.138], [75.076, 72.21], [75.111, 72.346], [75.059, 72.595], [75.0, 72.674], [74.742, 72.814], [75.037, 72.882], [75.522, 72.76], [75.338, 72.683], [75.421, 72.697], [75.687, 72.585], [75.702, 72.547], [75.597, 72.547], [75.556, 72.498], [75.667, 72.333], [75.755, 72.306], [75.736, 72.257], [75.518, 72.153], [75.517, 72.076], [75.414, 72.031], [75.439, 71.985], [75.254, 71.942], [75.284, 71.894], [75.224, 71.842], [75.228, 71.777], [75.492, 71.666], [75.392, 71.618], [75.533, 71.542], [75.434, 71.502], [75.442, 71.462], [75.242, 71.454], [75.263, 71.366], [76.108, 71.204], [76.889, 71.19], [76.914, 71.072], [76.963, 71.113], [76.929, 71.161], [77.005, 71.184], [77.783, 71.142], [77.865, 71.11], [77.949, 70.976], [78.411, 70.895], [79.053, 70.942], [79.018, 70.969], [79.103, 71.02], [78.845, 71.013], [78.786, 70.991], [78.902, 70.976], [78.758, 70.935], [78.565, 70.963], [78.442, 70.914], [78.463, 71.024], [78.56, 71.045], [78.498, 71.079], [78.525, 71.093], [78.346, 71.1], [78.498, 71.045], [78.43, 71.045], [78.238, 71.11], [78.311, 71.208], [78.279, 71.259], [77.928, 71.257], [77.901, 71.313], [77.988, 71.375], [77.712, 71.281], [77.436, 71.333], [77.525, 71.305], [77.492, 71.301], [77.104, 71.424], [76.713, 71.463], [76.581, 71.529], [76.272, 71.573], [76.264, 71.653], [75.997, 71.908], [76.354, 71.999], [76.878, 72.05], [77.585, 71.831], [78.11, 71.88], [78.226, 71.983], [77.986, 72.11], [77.713, 72.115], [77.511, 72.062], [77.377, 72.11], [77.491, 72.175], [77.442, 72.21], [77.474, 72.222], [77.668, 72.193], [78.125, 72.385], [78.503, 72.382], [78.447, 72.348], [78.656, 72.258], [78.665, 72.22], [78.61, 72.208], [78.914, 72.116], [79.436, 72.04], [79.695, 72.058], [80.339, 71.89], [80.036, 71.831], [80.119, 71.779], [80.076, 71.765], [80.102, 71.665], [79.868, 71.602], [79.371, 71.612], [79.338, 71.598], [79.389, 71.543], [79.358, 71.494], [79.143, 71.415], [79.227, 71.321], [79.565, 71.277], [79.954, 71.134], [80.538, 71.059], [80.565, 70.86], [80.686, 70.801], [80.593, 70.722], [80.757, 70.656], [80.61, 70.501], [80.795, 70.438], [80.747, 70.394], [80.569, 70.461], [80.181, 70.434], [80.183, 70.393], [80.095, 70.395], [80.095, 70.353], [79.88, 70.278], [79.717, 70.28], [79.496, 70.112], [79.333, 70.148], [79.355, 70.05], [79.197, 70.05], [79.193, 70.01], [79.134, 70.008], [79.172, 69.963], [78.88, 69.88], [79.13, 69.739], [79.012, 69.703], [79.491, 69.654], [79.65, 69.484], [79.814, 69.423], [79.865, 69.349], [80.734, 69.308], [80.967, 69.209], [81.324, 69.286], [81.571, 69.273], [81.636, 69.306], [81.626, 69.415], [81.685, 69.447], [81.929, 69.349], [81.761, 69.252], [81.841, 69.196], [82.453, 69.162], [82.494, 69.105], [82.329, 69.046], [82.493, 68.987], [82.552, 68.827], [82.787, 68.795], [82.803, 68.742], [83.039, 68.667], [82.469, 68.577], [82.679, 68.492], [82.703, 68.298], [82.574, 68.255], [82.533, 68.17], [82.395, 68.177], [82.365, 67.946], [81.726, 67.924], [81.895, 67.789], [82.1, 67.724], [82.112, 67.686], [82.049, 67.655], [82.11, 67.609], [82.389, 67.534], [82.374, 67.481], [82.251, 67.419], [82.358, 67.331], [82.117, 67.244], [83.162, 66.818], [83.187, 66.747], [83.297, 66.673], [83.089, 66.61], [83.091, 66.459], [83.535, 66.193], [83.293, 66.066], [83.521, 65.908], [83.518, 65.822], [83.592, 65.775], [84.031, 65.793], [84.168, 65.703], [84.319, 65.684], [84.297, 65.617], [84.196, 65.595], [84.498, 65.504], [84.55, 65.433], [84.507, 65.395], [84.584, 65.291], [84.313, 65.098], [84.387, 64.994], [84.283, 64.909], [84.92, 64.928], [84.967, 64.899], [84.939, 64.823], [85.093, 64.811], [85.161, 64.751], [85.559, 64.83], [85.838, 64.777], [85.81, 64.648], [85.916, 64.588], [85.842, 64.459], [86.03, 64.265], [85.934, 64.123], [85.958, 64.06], [85.534, 63.937], [85.373, 63.808], [85.269, 63.651], [85.032, 63.586], [85.097, 63.534], [85.299, 63.517], [85.378, 63.467], [85.365, 63.405], [85.419, 63.349], [85.672, 63.36], [85.531, 63.263], [85.469, 63.149], [85.586, 63.074], [85.496, 62.986], [85.518, 62.933], [85.225, 62.801], [85.09, 62.638], [84.894, 62.541], [84.872, 62.459], [84.436, 62.178], [84.289, 62.276], [84.237, 62.377], [84.019, 62.397], [83.789, 62.563], [83.283, 62.461], [82.758, 62.67], [82.749, 62.754], [82.165, 62.809], [81.784, 62.688], [81.339, 62.826], [81.321, 62.885], [81.175, 62.972], [81.115, 63.116], [80.584, 63.083], [80.553, 63.001], [79.915, 62.792], [79.82, 62.604], [78.793, 62.615], [78.379, 62.568], [78.026, 62.461], [77.889, 62.557], [77.158, 62.791], [77.026, 62.975], [76.688, 63.039], [76.297, 62.95], [76.24, 63.019], [75.861, 63.111], [75.364, 63.108], [74.915, 63.032], [74.507, 63.043], [74.241, 63.172], [73.368, 63.207], [73.104, 63.436], [72.655, 63.28], [72.161, 63.299], [71.988, 63.202], [71.608, 63.185], [71.551, 63.59], [71.388, 63.675], [70.923, 63.687], [70.813, 63.822], [70.638, 63.903], [70.558, 64.002], [70.776, 64.114], [70.769, 64.194], [70.473, 64.252], [70.307, 64.344], [70.0, 64.316], [69.693, 64.4], [69.379, 64.39], [69.231, 64.47], [68.859, 64.436], [68.99, 64.33], [68.882, 64.223], [68.425, 64.296], [67.799, 64.032], [67.679, 64.079], [67.281, 64.081], [67.166, 64.125], [67.171, 64.163], [66.819, 64.226], [66.796, 64.326], [66.887, 64.378], [66.936, 64.487], [66.682, 64.557], [66.466, 64.512], [66.019, 64.595], [65.4, 64.571], [65.176, 64.446], [64.601, 64.437], [64.477, 64.36], [64.016, 64.357], [63.888, 64.284], [63.611, 64.268], [63.413, 64.328], [63.505, 64.375], [63.458, 64.459], [63.237, 64.524], [62.9, 64.477], [62.536, 64.555], [62.593, 64.64], [62.806, 64.735], [62.81, 64.836], [62.678, 64.891], [62.801, 65.051], [62.817, 65.292], [62.481, 65.349], [62.374, 65.449], [62.411, 65.515], [62.325, 65.541], [62.278, 65.623], [62.018, 65.717], [62.851, 65.873], [62.803, 65.931], [62.884, 65.98], [62.821, 66.012], [62.862, 66.075], [63.105, 66.25], [63.295, 66.239], [63.242, 66.328], [63.415, 66.48], [63.541, 66.471], [63.809, 66.547], [63.981, 66.651], [64.295, 66.663], [64.534, 66.728], [64.576, 66.798], [65.105, 66.895], [65.078, 67.042], [65.216, 67.076], [65.19, 67.145], [65.662, 67.311], [65.713, 67.34], [65.691, 67.385], [65.974, 67.402], [66.11, 67.489], [66.036, 67.575], [65.796, 67.568], [65.859, 67.606], [65.824, 67.63], [65.852, 67.654], [66.105, 67.647], [66.206, 67.693], [66.198, 67.74], [66.02, 67.798], [66.09, 67.93], [65.911, 67.961], [65.437, 67.92], [65.29, 68.012], [65.331, 68.091], [65.277, 68.236], [65.654, 68.556], [65.408, 68.661], [65.411, 68.723], [65.33, 68.726], [65.315, 68.803], [65.08, 68.81], [64.79, 68.892], [64.579, 68.865], [64.526, 68.907], [64.58, 68.952], [64.512, 69.001], [64.99, 69.205], [65.038, 69.271], [65.419, 69.177], [65.903, 69.113], [65.635, 69.127], [66.678, 68.896]]], [[[70.257, 73.038], [70.11, 73.101], [69.999, 73.061], [70.101, 73.018], [69.875, 73.038], [70.065, 73.237], [69.959, 73.399], [70.47, 73.499], [70.949, 73.517], [71.229, 73.465], [71.268, 73.444], [71.112, 73.447], [71.136, 73.393], [71.096, 73.313], [70.98, 73.265], [71.289, 73.252], [71.296, 73.296], [71.436, 73.353], [71.669, 73.227], [71.73, 73.034], [71.375, 73.179], [70.462, 73.051], [70.257, 73.038]]], [[[77.61, 72.635], [78.231, 72.569], [78.395, 72.491], [77.586, 72.285], [77.127, 72.278], [76.853, 72.333], [77.61, 72.635]]], [[[69.871, 66.478], [69.545, 66.591], [69.575, 66.638], [69.425, 66.768], [69.257, 66.746], [69.131, 66.797], [69.473, 66.798], [69.517, 66.739], [69.636, 66.694], [69.54, 66.764], [70.05, 66.709], [70.08, 66.639], [70.027, 66.625], [70.131, 66.556], [70.062, 66.562], [70.097, 66.539], [70.055, 66.505], [69.871, 66.478]]], [[[74.656, 72.859], [74.093, 73.028], [74.185, 73.107], [74.475, 73.134], [74.845, 73.094], [74.962, 73.06], [74.703, 73.079], [74.639, 72.96], [74.708, 72.902], [74.656, 72.859]]], [[[75.38, 73.45], [75.36, 73.397], [75.304, 73.409], [75.421, 73.498], [75.619, 73.553], [76.079, 73.56], [75.87, 73.493], [75.901, 73.471], [75.496, 73.45], [75.544, 73.498], [75.38, 73.45]]], [[[76.729, 73.144], [76.318, 73.148], [76.133, 73.208], [76.656, 73.197], [76.729, 73.144]]], [[[67.345, 69.549], [67.214, 69.433], [67.022, 69.477], [67.3, 69.584], [67.345, 69.549]]], [[[76.731, 73.47], [76.754, 73.43], [76.277, 73.519], [76.072, 73.525], [76.251, 73.554], [76.731, 73.47]]], [[[71.25, 73.418], [71.343, 73.402], [71.347, 73.352], [71.214, 73.285], [71.137, 73.293], [71.144, 73.347], [71.25, 73.418]]], [[[66.397, 70.63], [66.428, 70.8], [66.583, 70.502], [66.397, 70.63]]], [[[66.868, 70.381], [66.607, 70.462], [66.596, 70.489], [66.676, 70.535], [66.868, 70.381]]], [[[67.165, 69.42], [67.308, 69.438], [67.096, 69.366], [66.939, 69.439], [66.968, 69.459], [67.165, 69.42]]], [[[66.508, 70.828], [66.434, 70.827], [66.606, 71.003], [66.508, 70.828]]]]}}, {"type": "Feature", "properties": {"name": "chechnya_1840", "name_ru": "Всеобщее восстание в Чечне 1840", "people": "чеченцы", "from": "1840-02-01", "to": "1840-11-01", "from_raw": "1840-02", "to_raw": "1840-11", "territory": "Чечня", "kind": "national", "kind_ru": "антиколониальное национальное выступление", "event": "всеобщее выступление чеченцев, после которого Чечня вошла в Имамат Шамиля", "source": "наша база: кампания C1164 (домен нохчи); атлас розд. 42, п. 12 датирует превращение выступления в государство 1840 годом", "confidence": "высокая", "note": "внутри окна удержания Имамата, отдельного вычитания не требует", "paint": "none", "hold_from": "", "hold_to": "", "hold_note": "", "geometry_source": "ne:Russia:Chechnya", "approximate": true}, "geometry": {"type": "Polygon", "coordinates": [[[45.356, 42.52], [45.155, 42.693], [45.076, 42.691], [45.179, 42.804], [45.137, 42.835], [45.167, 43.138], [45.047, 43.494], [44.839, 43.584], [44.839, 43.661], [44.961, 43.671], [45.004, 43.758], [45.077, 43.781], [45.069, 43.945], [45.198, 43.95], [45.221, 43.883], [45.432, 43.879], [45.453, 43.994], [45.509, 44.015], [45.729, 43.952], [45.832, 43.979], [46.05, 43.931], [46.015, 43.881], [46.057, 43.82], [46.089, 43.858], [46.2, 43.848], [46.246, 43.943], [46.419, 44.0], [46.462, 43.962], [46.455, 43.881], [46.676, 43.815], [46.486, 43.676], [46.439, 43.541], [46.327, 43.435], [46.428, 43.306], [46.409, 43.217], [46.448, 43.181], [46.403, 43.114], [46.535, 43.08], [46.489, 43.008], [46.537, 42.941], [46.393, 42.872], [46.196, 42.904], [46.121, 42.838], [46.17, 42.73], [46.047, 42.69], [46.013, 42.592], [45.962, 42.616], [45.821, 42.487], [45.74, 42.471], [45.537, 42.541], [45.356, 42.52]]]}}, {"type": "Feature", "properties": {"name": "akramovo_1842", "name_ru": "Акрамовское восстание 1842", "people": "чуваши, марийцы, татары", "from": "1842-01-01", "to": "1842-01-01", "from_raw": "1842", "to_raw": "1842", "territory": "Поволжье", "kind": "peasant", "kind_ru": "крестьянское выступление", "event": "выступление казённых крестьян против коллективных запашек и роста налогов; стало кульминацией «картофельных бунтов» 1841-1842 гг. в Поволжье", "source": "Атлас російського імперіалізму та колоніалізму (УІФ, 2026), розд. 42, п. 23", "confidence": "высокая", "note": "", "paint": "none", "hold_from": "", "hold_to": "", "hold_note": "", "geometry_source": "ne:Russia:Chuvash|Mariy-El|Tatarstan", "approximate": true}, "geometry": {"type": "Polygon", "coordinates": [[[53.652, 55.903], [53.986, 55.851], [53.966, 55.782], [54.04, 55.802], [54.026, 55.764], [54.095, 55.773], [54.231, 55.692], [54.003, 55.554], [53.907, 55.393], [53.714, 55.333], [53.591, 55.212], [53.418, 55.222], [53.147, 55.147], [53.141, 55.099], [53.264, 55.014], [53.414, 54.989], [53.499, 54.891], [53.643, 54.9], [53.579, 54.822], [53.606, 54.714], [53.417, 54.559], [53.426, 54.499], [53.349, 54.391], [53.43, 54.266], [53.47, 54.046], [53.372, 53.969], [53.258, 54.071], [53.073, 54.07], [53.088, 54.115], [52.942, 54.204], [53.107, 54.247], [53.053, 54.337], [53.013, 54.274], [52.898, 54.275], [52.933, 54.306], [52.539, 54.377], [52.44, 54.478], [52.369, 54.419], [52.353, 54.458], [52.211, 54.442], [52.078, 54.343], [52.034, 54.424], [51.933, 54.436], [51.932, 54.532], [51.696, 54.557], [51.513, 54.639], [51.492, 54.597], [51.409, 54.595], [51.386, 54.676], [51.187, 54.648], [51.093, 54.554], [51.008, 54.545], [50.943, 54.343], [50.697, 54.427], [50.512, 54.33], [50.384, 54.486], [50.276, 54.444], [50.216, 54.504], [49.559, 54.569], [49.581, 54.599], [49.521, 54.638], [49.558, 54.668], [49.476, 54.775], [49.284, 54.885], [49.118, 54.795], [48.997, 54.786], [48.828, 54.648], [48.475, 54.632], [48.357, 54.698], [48.295, 54.678], [48.304, 54.736], [48.08, 54.768], [47.84, 54.644], [47.842, 54.725], [47.761, 54.735], [47.637, 54.565], [47.475, 54.554], [47.41, 54.5], [47.242, 54.678], [47.063, 54.69], [46.861, 54.63], [46.676, 54.685], [46.412, 54.793], [46.415, 54.895], [46.287, 54.963], [46.262, 55.054], [46.2, 55.071], [46.16, 54.972], [46.056, 55.042], [46.098, 55.204], [46.221, 55.257], [46.22, 55.357], [46.384, 55.463], [46.119, 55.53], [46.048, 55.617], [45.957, 55.633], [45.92, 55.688], [46.01, 55.743], [45.988, 55.777], [46.094, 55.808], [46.135, 55.896], [46.099, 55.941], [46.214, 56.05], [46.092, 56.056], [46.068, 56.182], [45.874, 56.259], [45.874, 56.305], [45.946, 56.325], [45.943, 56.439], [45.781, 56.426], [45.663, 56.461], [45.629, 56.522], [45.659, 56.595], [45.922, 56.652], [45.909, 56.78], [45.967, 56.874], [46.303, 56.901], [46.336, 56.952], [46.611, 56.921], [46.687, 56.968], [47.149, 56.911], [47.159, 56.816], [47.428, 56.877], [47.499, 56.853], [47.615, 56.973], [47.76, 57.013], [47.735, 57.055], [47.915, 56.982], [48.131, 57.0], [48.202, 57.028], [48.168, 57.074], [48.244, 57.1], [48.195, 57.12], [48.301, 57.165], [48.435, 57.127], [48.759, 57.172], [48.831, 57.161], [48.846, 57.094], [48.954, 57.086], [49.046, 57.212], [49.013, 57.277], [49.185, 57.33], [49.213, 57.291], [49.144, 57.16], [49.228, 57.125], [49.264, 57.048], [49.411, 57.025], [49.708, 57.072], [49.759, 56.97], [49.742, 56.9], [50.017, 56.864], [50.101, 56.792], [50.072, 56.623], [50.325, 56.676], [50.419, 56.593], [50.489, 56.613], [50.452, 56.55], [50.547, 56.421], [50.624, 56.399], [50.583, 56.359], [50.73, 56.33], [50.779, 56.358], [50.767, 56.404], [50.851, 56.39], [50.908, 56.296], [50.845, 56.237], [51.309, 56.074], [51.436, 56.144], [51.648, 56.144], [51.399, 55.994], [51.442, 55.925], [51.727, 55.958], [51.782, 55.888], [51.957, 55.977], [52.042, 55.955], [52.058, 55.897], [52.157, 55.896], [52.248, 55.952], [52.205, 56.02], [52.245, 56.066], [52.188, 56.065], [52.225, 56.086], [52.67, 56.022], [52.725, 56.068], [52.717, 56.136], [52.834, 56.094], [52.842, 56.158], [52.813, 56.201], [52.562, 56.259], [52.731, 56.394], [52.949, 56.445], [52.828, 56.517], [52.924, 56.506], [52.949, 56.543], [53.09, 56.522], [52.943, 56.372], [52.993, 56.193], [53.064, 56.192], [53.049, 56.136], [53.145, 56.161], [53.325, 56.084], [53.338, 56.15], [53.26, 56.254], [53.417, 56.277], [53.551, 56.241], [53.546, 56.146], [53.296, 55.943], [53.198, 55.921], [53.311, 55.857], [53.652, 55.903]], [[48.044, 54.965], [48.076, 54.973], [48.113, 55.006], [48.079, 55.008], [48.044, 54.965]]]}}, {"type": "Feature", "properties": {"name": "akusha_dargo_1843", "name_ru": "Восстание в Акуша-Дарго 1843", "people": "дагестанцы", "from": "1843-01-01", "to": "1843-01-01", "from_raw": "1843", "to_raw": "1843", "territory": "Акуша-Дарго", "kind": "national", "kind_ru": "антиколониальное национальное выступление", "event": "выступление в вольном обществе Акуша-Дарго во главе с Мухаммадом-кади, после которого эта территория присоединилась к Имамату Шамиля", "source": "Атлас російського імперіалізму та колоніалізму (УІФ, 2026), розд. 42, п. 26", "confidence": "высокая", "note": "", "paint": "none", "hold_from": "", "hold_to": "", "hold_note": "", "geometry_source": "ne:Russia:Dagestan", "approximate": true}, "geometry": {"type": "MultiPolygon", "coordinates": [[[[45.881, 42.102], [45.621, 42.224], [45.74, 42.471], [45.829, 42.491], [45.968, 42.619], [46.013, 42.592], [46.047, 42.69], [46.17, 42.73], [46.121, 42.838], [46.196, 42.904], [46.393, 42.872], [46.537, 42.941], [46.489, 43.008], [46.535, 43.08], [46.403, 43.114], [46.448, 43.181], [46.409, 43.217], [46.428, 43.306], [46.327, 43.435], [46.439, 43.541], [46.486, 43.676], [46.676, 43.815], [46.455, 43.881], [46.462, 43.962], [46.419, 44.0], [46.246, 43.943], [46.2, 43.848], [46.049, 43.821], [46.015, 43.881], [46.045, 43.934], [45.509, 44.015], [45.512, 44.189], [45.106, 44.21], [45.131, 44.268], [45.404, 44.318], [45.447, 44.392], [45.41, 44.439], [45.226, 44.466], [45.266, 44.585], [45.435, 44.617], [45.646, 44.8], [45.622, 44.903], [45.706, 44.976], [45.854, 45.001], [46.434, 44.937], [46.772, 44.811], [46.793, 44.765], [46.89, 44.781], [46.831, 44.696], [46.722, 44.655], [46.701, 44.446], [46.773, 44.395], [47.026, 44.36], [47.122, 44.223], [47.246, 44.212], [47.462, 43.86], [47.441, 43.819], [47.503, 43.781], [47.394, 43.606], [47.366, 43.621], [47.404, 43.511], [47.465, 43.552], [47.544, 43.865], [47.596, 43.901], [47.702, 43.874], [47.602, 43.766], [47.491, 43.463], [47.493, 43.296], [47.57, 43.334], [47.586, 43.3], [47.486, 43.213], [47.462, 43.021], [47.698, 42.867], [47.727, 42.663], [47.868, 42.585], [48.096, 42.35], [48.387, 41.937], [48.579, 41.845], [48.37, 41.58], [48.054, 41.461], [47.892, 41.283], [47.895, 41.219], [47.547, 41.206], [47.251, 41.316], [47.239, 41.416], [47.141, 41.552], [47.027, 41.557], [46.902, 41.713], [46.769, 41.776], [46.741, 41.851], [46.568, 41.787], [46.526, 41.882], [46.224, 41.993], [45.948, 42.023], [45.881, 42.102]]], [[[47.763, 43.928], [47.628, 43.963], [47.666, 43.996], [47.862, 43.994], [47.763, 43.928]]]]}}, {"type": "Feature", "properties": {"name": "kotibarov_1853", "name_ru": "Восстание Есета Котибарова 1853-1858", "people": "казахи", "from": "1853-01-01", "to": "1858-01-01", "from_raw": "1853", "to_raw": "1858", "territory": "Младший жуз", "kind": "national", "kind_ru": "антиколониальное национальное выступление", "event": "нападения повстанцев на российские и пророссийские казахские отряды с требованиями отменить налоги, прекратить репрессии и разрешить свободную кочёвку", "source": "Атлас російського імперіалізму та колоніалізму (УІФ, 2026), розд. 42, п. 24", "confidence": "высокая", "note": "Котибаров заключил соглашение с империей после поражения 1857 года", "paint": "none", "hold_from": "", "hold_to": "", "hold_note": "", "geometry_source": "ne:Kazakhstan:Aqtöbe|West Kazakhstan", "approximate": true}, "geometry": {"type": "Polygon", "coordinates": [[[59.055, 45.324], [58.531, 45.559], [56.708, 45.162], [56.541, 45.954], [56.271, 46.457], [55.494, 46.66], [55.291, 46.791], [54.998, 47.152], [55.061, 47.763], [54.973, 48.012], [54.873, 48.091], [54.794, 48.428], [54.849, 48.629], [54.801, 48.741], [54.578, 48.813], [54.443, 48.658], [54.072, 48.717], [54.082, 48.895], [53.979, 49.128], [53.905, 49.058], [53.673, 49.184], [53.434, 48.995], [52.913, 48.985], [52.764, 48.862], [52.771, 48.743], [52.622, 48.588], [52.589, 48.426], [52.525, 48.406], [52.175, 48.483], [51.968, 48.465], [51.811, 48.505], [51.83, 48.615], [51.37, 48.663], [51.156, 48.63], [50.948, 48.482], [50.726, 48.421], [49.911, 48.041], [49.457, 48.014], [49.432, 47.938], [48.908, 48.06], [47.112, 48.242], [46.479, 48.41], [46.754, 48.914], [46.93, 49.004], [47.04, 49.15], [46.979, 49.244], [46.775, 49.333], [46.9, 49.82], [47.309, 50.045], [47.328, 50.109], [47.265, 50.186], [47.322, 50.237], [47.306, 50.295], [47.557, 50.453], [47.993, 50.182], [48.239, 49.865], [48.43, 49.81], [48.785, 49.933], [48.886, 50.02], [48.874, 50.07], [48.783, 50.111], [48.673, 50.58], [48.568, 50.637], [48.83, 50.596], [49.144, 50.782], [49.369, 50.827], [49.424, 50.882], [49.347, 50.964], [49.437, 51.112], [49.779, 51.102], [49.987, 51.23], [50.325, 51.303], [50.36, 51.413], [50.527, 51.47], [50.525, 51.566], [50.582, 51.635], [50.694, 51.611], [50.671, 51.568], [50.791, 51.597], [50.767, 51.759], [50.925, 51.68], [51.234, 51.685], [51.372, 51.63], [51.359, 51.561], [51.237, 51.536], [51.304, 51.472], [51.462, 51.475], [51.584, 51.535], [51.693, 51.454], [51.782, 51.493], [51.765, 51.593], [51.869, 51.673], [52.092, 51.659], [52.308, 51.775], [52.546, 51.46], [52.78, 51.508], [52.944, 51.453], [53.166, 51.515], [53.407, 51.484], [53.61, 51.388], [53.594, 51.289], [53.674, 51.22], [53.936, 51.186], [54.112, 51.096], [54.145, 50.993], [54.276, 50.904], [54.479, 50.853], [54.38, 50.619], [54.499, 50.523], [54.676, 50.603], [54.638, 50.886], [54.503, 50.928], [54.546, 50.953], [54.534, 51.003], [54.638, 51.028], [55.048, 50.884], [55.084, 50.797], [55.305, 50.665], [55.468, 50.657], [55.66, 50.53], [56.079, 50.725], [56.158, 50.906], [56.315, 50.884], [56.478, 51.073], [56.688, 50.969], [56.716, 51.072], [57.154, 51.1], [57.334, 50.897], [57.468, 50.858], [57.556, 50.919], [57.722, 50.909], [57.769, 51.12], [58.168, 51.055], [58.308, 51.15], [58.378, 51.071], [58.595, 51.023], [58.55, 50.893], [58.641, 50.863], [58.664, 50.79], [58.748, 50.795], [58.926, 50.678], [59.197, 50.663], [59.273, 50.616], [59.438, 50.631], [59.563, 50.58], [59.452, 50.537], [59.523, 50.475], [59.816, 50.563], [59.915, 50.674], [59.962, 50.83], [60.021, 50.854], [60.136, 50.844], [60.177, 50.742], [60.3, 50.685], [60.718, 50.653], [61.372, 50.782], [61.427, 50.833], [61.534, 51.206], [61.873, 51.296], [62.03, 51.065], [62.154, 51.11], [62.294, 51.04], [62.239, 50.946], [62.375, 50.851], [62.304, 50.754], [62.314, 50.696], [62.446, 50.675], [62.534, 50.439], [62.89, 50.024], [62.913, 49.897], [62.714, 49.908], [62.611, 49.855], [62.413, 49.601], [62.453, 49.52], [62.279, 49.488], [62.485, 49.228], [62.278, 49.186], [62.373, 49.167], [62.447, 49.051], [62.665, 48.878], [63.031, 48.863], [63.03, 48.692], [63.661, 48.47], [64.204, 47.879], [62.842, 47.184], [62.45, 47.248], [62.467, 47.292], [62.32, 47.446], [62.048, 47.571], [61.859, 47.776], [61.327, 47.733], [60.765, 47.1], [60.538, 47.112], [60.441, 47.046], [60.411, 46.924], [60.169, 46.885], [59.921, 46.76], [59.113, 46.066], [59.027, 45.818], [59.055, 45.324]]]}}, {"type": "Feature", "properties": {"name": "kyiv_cossacks_1855", "name_ru": "«Киевская казаччина» 1855", "people": "украинцы", "from": "1855-01-01", "to": "1855-01-01", "from_raw": "1855", "to_raw": "1855", "territory": "Киевщина", "kind": "peasant", "kind_ru": "крестьянское выступление", "event": "массовое движение украинских крестьян за статус вольных казаков", "source": "Атлас російського імперіалізму та колоніалізму (УІФ, 2026), розд. 42, п. 27", "confidence": "высокая", "note": "", "paint": "none", "hold_from": "", "hold_to": "", "hold_note": "", "geometry_source": "ne:Ukraine:Kiev", "approximate": true}, "geometry": {"type": "Polygon", "coordinates": [[[29.661, 51.493], [29.829, 51.43], [30.177, 51.479], [30.32, 51.402], [30.355, 51.305], [30.555, 51.243], [30.515, 51.22], [30.514, 51.013], [30.649, 50.986], [30.655, 50.892], [30.78, 50.844], [30.741, 50.757], [31.089, 50.767], [31.213, 50.659], [31.18, 50.588], [31.328, 50.508], [31.613, 50.518], [31.847, 50.624], [32.028, 50.545], [31.974, 50.475], [32.139, 50.35], [32.069, 50.239], [31.999, 50.247], [31.988, 50.169], [31.853, 50.1], [31.872, 50.023], [31.81, 50.006], [31.717, 49.849], [31.613, 49.858], [31.597, 49.898], [31.497, 49.84], [31.43, 49.906], [31.212, 49.854], [31.128, 49.614], [31.156, 49.556], [30.908, 49.346], [30.438, 49.349], [30.382, 49.233], [30.169, 49.284], [30.152, 49.33], [30.112, 49.275], [29.92, 49.246], [29.869, 49.176], [29.761, 49.175], [29.5, 49.366], [29.569, 49.422], [29.567, 49.528], [29.496, 49.573], [29.511, 49.64], [29.447, 49.651], [29.483, 49.703], [29.419, 49.708], [29.437, 49.791], [29.727, 49.929], [29.669, 50.09], [29.734, 50.126], [29.695, 50.267], [29.567, 50.407], [29.426, 50.422], [29.499, 50.492], [29.481, 50.602], [29.592, 50.711], [29.567, 50.772], [29.49, 50.781], [29.505, 50.87], [29.393, 50.97], [29.462, 50.97], [29.488, 51.067], [29.363, 51.142], [29.311, 51.119], [29.27, 51.237], [29.385, 51.298], [29.353, 51.377], [29.466, 51.385], [29.661, 51.493]], [[30.606, 50.267], [30.846, 50.353], [30.751, 50.506], [30.842, 50.584], [30.835, 50.639], [30.739, 50.668], [30.647, 50.575], [30.548, 50.549], [30.433, 50.662], [30.27, 50.633], [30.186, 50.387], [30.319, 50.408], [30.411, 50.262], [30.521, 50.19], [30.586, 50.014], [30.648, 50.034], [30.606, 50.267]]]}}, {"type": "Feature", "properties": {"name": "nurmuhamedov_1856", "name_ru": "Восстание Жаконжи Нурмухамедова 1856-1857", "people": "казахи", "from": "1856-01-01", "to": "1857-01-01", "from_raw": "1856", "to_raw": "1857", "territory": "Сырдарьинская линия", "kind": "national", "kind_ru": "антиколониальное национальное выступление", "event": "сопротивление строительству Сырдарьинской линии, изъятию земель и строительно-дорожным повинностям", "source": "Атлас російського імперіалізму та колоніалізму (УІФ, 2026), розд. 42, п. 25", "confidence": "средняя", "note": "после поражения повстанцы отступили в Хивинское ханство", "paint": "none", "hold_from": "", "hold_to": "", "hold_note": "", "geometry_source": "ne:Kazakhstan:Qyzylorda", "approximate": true}, "geometry": {"type": "Polygon", "coordinates": [[[62.026, 43.481], [61.162, 44.168], [61.036, 44.383], [59.055, 45.324], [59.027, 45.818], [59.113, 46.066], [59.921, 46.76], [60.169, 46.885], [60.411, 46.924], [60.441, 47.046], [60.538, 47.112], [60.765, 47.1], [61.327, 47.733], [61.574, 47.776], [61.859, 47.776], [62.048, 47.571], [62.32, 47.446], [62.467, 47.292], [62.45, 47.248], [62.842, 47.184], [62.652, 47.048], [62.95, 47.08], [63.21, 46.961], [63.601, 46.866], [63.788, 46.869], [65.1, 46.511], [65.553, 46.291], [66.979, 46.056], [67.248, 46.057], [67.289, 45.861], [67.397, 45.801], [67.436, 45.698], [67.359, 45.608], [67.292, 45.253], [67.594, 45.072], [67.607, 44.31], [67.864, 44.214], [67.968, 44.1], [68.202, 43.973], [68.203, 43.908], [68.112, 43.908], [68.045, 43.85], [68.08, 43.743], [68.041, 43.665], [67.939, 43.707], [67.835, 43.423], [67.748, 43.362], [67.763, 43.265], [67.829, 43.36], [67.874, 43.252], [67.971, 43.196], [67.435, 42.985], [66.736, 42.609], [66.648, 42.635], [66.497, 42.579], [66.184, 42.353], [66.013, 42.373], [66.053, 42.441], [66.101, 42.99], [65.795, 42.877], [65.517, 43.297], [65.271, 43.417], [64.923, 43.719], [64.427, 43.547], [63.208, 43.627], [62.026, 43.481]], [[63.384, 45.566], [63.611, 45.598], [63.834, 45.716], [63.941, 45.856], [63.964, 46.02], [63.897, 46.175], [63.71, 46.32], [63.501, 46.382], [63.266, 46.382], [63.058, 46.32], [62.9, 46.209], [62.813, 46.061], [62.804, 45.936], [62.871, 45.782], [63.013, 45.66], [63.384, 45.566]]]}}, {"type": "Feature", "properties": {"name": "nazran_1858", "name_ru": "Назрановское восстание 1858", "people": "ингуши", "from": "1858-01-01", "to": "1858-01-01", "from_raw": "1858", "to_raw": "1858", "territory": "Назрань", "kind": "national", "kind_ru": "антиколониальное национальное выступление", "event": "выступление ингушей против запрета холодного оружия и принудительного слияния мелких поселений", "source": "Атлас російського імперіалізму та колоніалізму (УІФ, 2026), розд. 42, п. 28", "confidence": "высокая", "note": "", "paint": "none", "hold_from": "", "hold_to": "", "hold_note": "", "geometry_source": "ne:Russia:Ingush", "approximate": true}, "geometry": {"type": "Polygon", "coordinates": [[[45.048, 42.686], [44.859, 42.76], [44.773, 42.61], [44.616, 42.779], [44.628, 42.883], [44.852, 42.836], [44.944, 42.954], [44.923, 43.061], [44.809, 43.172], [44.672, 43.252], [44.66, 43.209], [44.575, 43.24], [44.572, 43.392], [44.498, 43.397], [44.543, 43.597], [44.621, 43.61], [44.622, 43.548], [44.774, 43.619], [45.065, 43.467], [45.169, 43.127], [45.137, 42.835], [45.18, 42.81], [45.048, 42.686]]]}}, {"type": "Feature", "properties": {"name": "chechnya_1860", "name_ru": "Восстания 1860-1861 годов", "people": "чеченцы", "from": "1860-06-01", "to": "1864-02-29", "from_raw": "1860-06-01", "to_raw": "1864-02-29", "territory": "южная Чечня, Ичкерия", "kind": "national", "kind_ru": "антиколониальное национальное выступление", "event": "выступления после падения Имамата, вызванные массовыми выселениями горцев; после разгрома казнён Байсангур, у Шали расстреляны зикристы", "source": "наша база: кампания C1169 (домен нохчи); атлас розд. 42, п. 12", "confidence": "высокая", "note": "империя контроль уже держала - вычитанием не показываем", "paint": "none", "hold_from": "", "hold_to": "", "hold_note": "", "geometry_source": "ne:Russia:Chechnya", "approximate": true}, "geometry": {"type": "Polygon", "coordinates": [[[45.356, 42.52], [45.155, 42.693], [45.076, 42.691], [45.179, 42.804], [45.137, 42.835], [45.167, 43.138], [45.047, 43.494], [44.839, 43.584], [44.839, 43.661], [44.961, 43.671], [45.004, 43.758], [45.077, 43.781], [45.069, 43.945], [45.198, 43.95], [45.221, 43.883], [45.432, 43.879], [45.453, 43.994], [45.509, 44.015], [45.729, 43.952], [45.832, 43.979], [46.05, 43.931], [46.015, 43.881], [46.057, 43.82], [46.089, 43.858], [46.2, 43.848], [46.246, 43.943], [46.419, 44.0], [46.462, 43.962], [46.455, 43.881], [46.676, 43.815], [46.486, 43.676], [46.439, 43.541], [46.327, 43.435], [46.428, 43.306], [46.409, 43.217], [46.448, 43.181], [46.403, 43.114], [46.535, 43.08], [46.489, 43.008], [46.537, 42.941], [46.393, 42.872], [46.196, 42.904], [46.121, 42.838], [46.17, 42.73], [46.047, 42.69], [46.013, 42.592], [45.962, 42.616], [45.821, 42.487], [45.74, 42.471], [45.537, 42.541], [45.356, 42.52]]]}}, {"type": "Feature", "properties": {"name": "peasants_1861", "name_ru": "Крестьянские восстания 1861", "people": "русские", "from": "1861-01-01", "to": "1861-01-01", "from_raw": "1861", "to_raw": "1861", "territory": "Пензенская и Казанская губернии", "kind": "peasant", "kind_ru": "крестьянское выступление", "event": "выступления крестьян против условий освобождения от крепостного права; самые крупные - Кандиевское в Пензенской и Бездненское в Казанской губернии", "source": "Атлас російського імперіалізму та колоніалізму (УІФ, 2026), розд. 42, п. 29", "confidence": "высокая", "note": "", "paint": "none", "hold_from": "", "hold_to": "", "hold_note": "", "geometry_source": "ne:Russia:Penza|Tatarstan", "approximate": true}, "geometry": {"type": "MultiPolygon", "coordinates": [[[[53.986, 55.851], [53.966, 55.782], [54.04, 55.802], [54.026, 55.764], [54.095, 55.773], [54.231, 55.692], [54.003, 55.554], [53.907, 55.393], [53.714, 55.333], [53.591, 55.212], [53.418, 55.222], [53.147, 55.147], [53.141, 55.099], [53.264, 55.014], [53.414, 54.989], [53.499, 54.891], [53.643, 54.9], [53.579, 54.822], [53.606, 54.714], [53.417, 54.559], [53.426, 54.499], [53.349, 54.391], [53.43, 54.266], [53.47, 54.046], [53.379, 53.97], [53.258, 54.071], [53.073, 54.07], [53.088, 54.115], [52.942, 54.204], [53.107, 54.247], [53.053, 54.337], [53.013, 54.274], [52.898, 54.275], [52.933, 54.306], [52.539, 54.377], [52.44, 54.478], [52.369, 54.419], [52.353, 54.458], [52.211, 54.442], [52.078, 54.343], [52.034, 54.424], [51.933, 54.436], [51.932, 54.532], [51.696, 54.557], [51.513, 54.639], [51.492, 54.597], [51.409, 54.595], [51.386, 54.676], [51.187, 54.648], [51.093, 54.554], [51.008, 54.545], [50.943, 54.343], [50.697, 54.427], [50.512, 54.33], [50.384, 54.486], [50.276, 54.444], [50.216, 54.504], [49.559, 54.569], [49.581, 54.599], [49.521, 54.638], [49.558, 54.668], [49.476, 54.775], [49.284, 54.885], [49.118, 54.795], [48.997, 54.786], [48.828, 54.648], [48.475, 54.632], [48.357, 54.698], [48.295, 54.678], [48.304, 54.736], [48.08, 54.768], [47.84, 54.644], [47.842, 54.725], [47.761, 54.735], [47.637, 54.565], [47.475, 54.554], [47.41, 54.5], [47.242, 54.678], [47.37, 54.753], [47.432, 54.892], [47.748, 54.829], [47.758, 54.903], [47.801, 54.819], [47.847, 54.816], [47.788, 54.939], [47.996, 54.968], [48.029, 55.019], [47.918, 55.06], [48.069, 55.099], [48.085, 55.151], [48.013, 55.281], [47.923, 55.314], [47.872, 55.285], [47.893, 55.242], [47.819, 55.276], [47.785, 55.22], [47.699, 55.223], [47.696, 55.323], [47.834, 55.342], [47.974, 55.5], [48.092, 55.536], [48.025, 55.63], [48.383, 55.789], [48.415, 55.902], [48.685, 55.952], [48.698, 56.076], [48.828, 56.067], [48.995, 56.209], [49.051, 56.207], [48.933, 56.262], [49.037, 56.358], [49.117, 56.397], [49.138, 56.363], [49.226, 56.395], [49.343, 56.355], [49.405, 56.38], [49.417, 56.48], [49.464, 56.43], [49.544, 56.432], [49.572, 56.501], [49.651, 56.53], [49.788, 56.533], [49.812, 56.5], [49.749, 56.47], [49.854, 56.441], [49.965, 56.501], [49.981, 56.438], [50.174, 56.543], [50.194, 56.588], [50.072, 56.623], [50.193, 56.657], [50.297, 56.641], [50.325, 56.676], [50.419, 56.593], [50.484, 56.617], [50.452, 56.55], [50.547, 56.421], [50.624, 56.399], [50.583, 56.359], [50.73, 56.33], [50.779, 56.358], [50.767, 56.404], [50.851, 56.39], [50.908, 56.296], [50.84, 56.241], [51.073, 56.131], [51.193, 56.141], [51.313, 56.073], [51.373, 56.131], [51.643, 56.148], [51.484, 56.069], [51.405, 55.961], [51.442, 55.925], [51.736, 55.957], [51.782, 55.888], [51.957, 55.977], [52.042, 55.955], [52.058, 55.897], [52.168, 55.898], [52.248, 55.952], [52.205, 56.02], [52.245, 56.066], [52.188, 56.065], [52.225, 56.086], [52.655, 56.018], [52.721, 56.058], [52.717, 56.136], [52.834, 56.094], [52.813, 56.201], [52.562, 56.259], [52.731, 56.394], [52.957, 56.456], [52.83, 56.52], [53.087, 56.526], [52.943, 56.372], [52.993, 56.193], [53.064, 56.192], [53.049, 56.136], [53.145, 56.161], [53.335, 56.086], [53.336, 56.157], [53.257, 56.249], [53.32, 56.27], [53.538, 56.248], [53.564, 56.181], [53.376, 55.998], [53.198, 55.921], [53.311, 55.857], [53.652, 55.903], [53.986, 55.851]], [[48.076, 54.973], [48.113, 55.006], [48.079, 55.008], [48.044, 54.965], [48.076, 54.973]]], [[[42.121, 53.689], [42.087, 53.736], [42.134, 53.812], [42.308, 53.847], [42.535, 53.731], [42.51, 53.801], [42.574, 53.831], [42.573, 53.76], [42.72, 53.811], [42.738, 53.756], [42.771, 53.828], [42.918, 53.797], [43.076, 53.865], [43.161, 53.831], [43.16, 53.898], [43.106, 53.909], [43.128, 53.973], [43.297, 54.016], [43.752, 53.963], [43.91, 53.894], [43.933, 53.862], [43.868, 53.847], [43.877, 53.81], [43.989, 53.755], [44.199, 53.763], [44.556, 53.661], [44.736, 53.705], [44.646, 53.775], [44.617, 53.892], [44.871, 53.967], [45.176, 53.979], [45.339, 53.885], [45.714, 53.919], [45.792, 54.004], [45.854, 53.967], [45.971, 54.005], [46.207, 53.919], [46.193, 53.85], [46.283, 53.801], [46.271, 53.757], [46.338, 53.757], [46.499, 53.624], [46.464, 53.605], [46.494, 53.511], [46.68, 53.476], [46.902, 53.341], [46.944, 53.269], [46.879, 53.242], [46.874, 53.187], [46.97, 53.178], [46.913, 53.079], [46.935, 52.91], [46.902, 52.882], [46.972, 52.838], [46.983, 52.771], [46.836, 52.713], [46.831, 52.616], [46.615, 52.666], [46.59, 52.731], [46.289, 52.672], [46.276, 52.619], [46.156, 52.601], [46.132, 52.547], [45.975, 52.492], [46.013, 52.462], [45.981, 52.407], [45.726, 52.462], [45.732, 52.523], [45.644, 52.519], [45.431, 52.4], [45.14, 52.421], [45.033, 52.321], [44.849, 52.45], [44.548, 52.552], [44.5, 52.521], [44.537, 52.426], [44.422, 52.416], [44.347, 52.316], [43.747, 52.433], [43.353, 52.393], [43.175, 52.462], [43.08, 52.403], [43.001, 52.503], [43.087, 52.509], [43.042, 52.561], [43.237, 52.651], [43.179, 52.735], [42.92, 52.963], [42.545, 53.12], [42.512, 53.166], [42.555, 53.207], [42.354, 53.368], [42.253, 53.371], [42.312, 53.44], [42.101, 53.528], [42.121, 53.689]]]]}}, {"type": "Feature", "properties": {"name": "poland_1863", "name_ru": "Польское («Январское») восстание 1863-1864", "people": "поляки, литовцы, белорусы", "from": "1863-01-22", "to": "1864-04-01", "from_raw": "1863-01-22", "to_raw": "1864-04", "territory": "Царство Польское, Литва, Беларусь, Правобережная Украина", "kind": "national", "kind_ru": "антиколониальное национальное выступление", "event": "масштабная вооружённая борьба поляков за восстановление независимости своего государства", "source": "Атлас російського імперіалізму та колоніалізму (УІФ, 2026), розд. 42, п. 30", "confidence": "высокая", "note": "после поражения польскую автономию урезали ещё сильнее", "paint": "none", "hold_from": "", "hold_to": "", "hold_note": "", "geometry_source": "ne:Poland:*;ne:Lithuania:*;ne:Belarus:*", "approximate": true}, "geometry": {"type": "MultiPolygon", "coordinates": [[[[19.234, 49.507], [19.173, 49.402], [18.962, 49.389], [18.961, 49.493], [18.833, 49.51], [18.788, 49.669], [18.618, 49.714], [18.559, 49.907], [18.292, 49.908], [18.002, 50.047], [18.032, 50.003], [17.839, 49.974], [17.732, 50.095], [17.633, 50.106], [17.589, 50.163], [17.748, 50.218], [17.708, 50.311], [17.424, 50.241], [17.188, 50.378], [16.893, 50.433], [16.866, 50.408], [17.015, 50.218], [16.818, 50.187], [16.661, 50.093], [16.344, 50.37], [16.2, 50.406], [16.426, 50.568], [16.332, 50.644], [16.086, 50.647], [15.982, 50.604], [15.971, 50.679], [15.848, 50.675], [15.792, 50.743], [15.442, 50.8], [15.356, 50.775], [15.256, 50.9], [15.27, 50.953], [15.144, 51.012], [14.961, 50.993], [14.997, 50.959], [14.982, 50.859], [14.81, 50.858], [14.955, 51.064], [15.019, 51.272], [14.945, 51.449], [14.71, 51.53], [14.732, 51.658], [14.586, 51.804], [14.761, 52.077], [14.686, 52.121], [14.712, 52.236], [14.584, 52.291], [14.545, 52.382], [14.645, 52.577], [14.124, 52.851], [14.165, 52.896], [14.144, 52.96], [14.343, 53.049], [14.442, 53.252], [14.304, 53.509], [14.264, 53.7], [14.294, 53.749], [14.591, 53.598], [14.624, 53.653], [14.545, 53.704], [14.576, 53.77], [14.624, 53.77], [14.631, 53.852], [14.587, 53.813], [14.576, 53.855], [14.441, 53.87], [14.432, 53.906], [14.363, 53.879], [14.405, 53.844], [14.319, 53.818], [14.175, 53.906], [14.407, 53.922], [15.86, 54.25], [16.179, 54.263], [16.215, 54.3], [16.138, 54.29], [16.324, 54.35], [16.282, 54.359], [16.57, 54.557], [16.94, 54.606], [17.337, 54.749], [18.152, 54.838], [18.34, 54.833], [18.752, 54.69], [18.835, 54.603], [18.708, 54.701], [18.456, 54.788], [18.413, 54.747], [18.476, 54.64], [18.523, 54.647], [18.588, 54.434], [18.886, 54.35], [19.377, 54.378], [19.61, 54.457], [22.767, 54.356], [22.68, 54.453], [22.682, 54.57], [22.725, 54.723], [22.833, 54.779], [22.844, 54.832], [22.752, 54.931], [22.633, 54.958], [22.565, 55.068], [22.077, 55.029], [22.003, 55.093], [21.504, 55.194], [21.375, 55.29], [21.268, 55.249], [21.257, 55.369], [21.183, 55.346], [21.248, 55.418], [21.223, 55.52], [21.147, 55.678], [21.061, 55.789], [21.053, 56.073], [21.19, 56.084], [21.328, 56.224], [22.094, 56.417], [22.666, 56.349], [22.925, 56.412], [23.062, 56.304], [23.288, 56.373], [23.482, 56.33], [23.707, 56.354], [24.139, 56.257], [24.319, 56.299], [24.481, 56.269], [24.871, 56.443], [25.073, 56.198], [25.662, 56.141], [26.179, 55.85], [26.28, 55.743], [26.537, 55.67], [26.823, 55.706], [26.981, 55.827], [27.593, 55.794], [27.645, 55.923], [27.927, 56.109], [28.111, 56.157], [28.311, 56.043], [28.39, 56.089], [28.611, 56.088], [28.732, 55.947], [28.831, 55.938], [29.031, 56.024], [29.396, 55.948], [29.444, 55.907], [29.344, 55.787], [29.481, 55.681], [29.948, 55.848], [30.106, 55.822], [30.2, 55.858], [30.469, 55.794], [30.587, 55.718], [30.596, 55.665], [30.913, 55.572], [30.881, 55.451], [30.918, 55.388], [30.794, 55.286], [30.96, 55.163], [31.006, 55.023], [30.913, 55.025], [30.917, 54.954], [30.815, 54.928], [30.771, 54.786], [31.168, 54.622], [31.065, 54.492], [31.209, 54.448], [31.325, 54.229], [31.823, 54.053], [31.838, 53.962], [31.745, 53.795], [32.084, 53.81], [32.442, 53.714], [32.49, 53.677], [32.399, 53.635], [32.429, 53.562], [32.72, 53.439], [32.717, 53.335], [32.455, 53.3], [32.479, 53.275], [32.424, 53.204], [32.117, 53.081], [31.796, 53.112], [31.756, 53.187], [31.614, 53.21], [31.379, 53.182], [31.364, 53.089], [31.247, 53.014], [31.561, 52.787], [31.57, 52.725], [31.481, 52.683], [31.629, 52.548], [31.551, 52.512], [31.608, 52.372], [31.567, 52.311], [31.699, 52.251], [31.682, 52.202], [31.764, 52.101], [31.383, 52.117], [31.229, 52.038], [31.096, 52.08], [30.919, 52.059], [30.941, 51.994], [30.742, 51.898], [30.515, 51.604], [30.584, 51.542], [30.618, 51.467], [30.588, 51.427], [30.646, 51.367], [30.551, 51.237], [30.355, 51.305], [30.32, 51.402], [30.149, 51.484], [29.829, 51.43], [29.638, 51.491], [29.466, 51.385], [29.32, 51.366], [29.16, 51.603], [29.084, 51.631], [28.8, 51.533], [28.729, 51.401], [28.637, 51.45], [28.604, 51.554], [28.461, 51.572], [28.334, 51.528], [28.23, 51.651], [28.071, 51.558], [27.831, 51.613], [27.714, 51.464], [27.664, 51.493], [27.693, 51.589], [27.477, 51.624], [27.267, 51.587], [27.277, 51.651], [27.189, 51.664], [27.151, 51.757], [26.855, 51.749], [26.051, 51.905], [25.183, 51.95], [24.391, 51.88], [24.244, 51.718], [23.981, 51.586], [23.75, 51.644], [23.594, 51.605], [23.615, 51.497], [23.698, 51.404], [23.635, 51.305], [23.864, 51.148], [23.979, 50.938], [24.143, 50.856], [23.958, 50.808], [24.081, 50.713], [24.108, 50.541], [24.011, 50.493], [23.981, 50.405], [23.682, 50.368], [23.101, 49.957], [22.666, 49.567], [22.641, 49.529], [22.738, 49.275], [22.682, 49.161], [22.853, 49.085], [22.855, 48.994], [22.041, 49.197], [21.964, 49.309], [21.82, 49.377], [21.758, 49.349], [21.62, 49.423], [21.261, 49.449], [21.194, 49.401], [21.054, 49.414], [21.073, 49.357], [20.919, 49.29], [20.69, 49.401], [20.318, 49.392], [20.284, 49.339], [20.136, 49.309], [20.05, 49.173], [19.938, 49.225], [19.786, 49.188], [19.748, 49.206], [19.809, 49.271], [19.769, 49.393], [19.627, 49.402], [19.635, 49.441], [19.557, 49.454], [19.457, 49.598], [19.234, 49.507]]], [[[21.085, 55.723], [21.132, 55.656], [21.106, 55.421], [20.989, 55.273], [20.925, 55.283], [21.082, 55.498], [21.085, 55.723]]]]}}, {"type": "Feature", "properties": {"name": "kaitag_1866", "name_ru": "Кайтаго-Табасаранское восстание 1866", "people": "дагестанцы", "from": "1866-01-01", "to": "1866-01-01", "from_raw": "1866", "to_raw": "1866", "territory": "Кайтаг, Табасаран", "kind": "national", "kind_ru": "антиколониальное национальное выступление", "event": "выступление против налоговых и административных реформ", "source": "Атлас російського імперіалізму та колоніалізму (УІФ, 2026), розд. 42, п. 32", "confidence": "средняя", "note": "", "paint": "none", "hold_from": "", "hold_to": "", "hold_note": "", "geometry_source": "ne:Russia:Dagestan", "approximate": true}, "geometry": {"type": "MultiPolygon", "coordinates": [[[[45.881, 42.102], [45.621, 42.224], [45.74, 42.471], [45.829, 42.491], [45.968, 42.619], [46.013, 42.592], [46.047, 42.69], [46.17, 42.73], [46.121, 42.838], [46.196, 42.904], [46.393, 42.872], [46.537, 42.941], [46.489, 43.008], [46.535, 43.08], [46.403, 43.114], [46.448, 43.181], [46.409, 43.217], [46.428, 43.306], [46.327, 43.435], [46.439, 43.541], [46.486, 43.676], [46.676, 43.815], [46.455, 43.881], [46.462, 43.962], [46.419, 44.0], [46.246, 43.943], [46.2, 43.848], [46.049, 43.821], [46.015, 43.881], [46.045, 43.934], [45.509, 44.015], [45.512, 44.189], [45.106, 44.21], [45.131, 44.268], [45.404, 44.318], [45.447, 44.392], [45.41, 44.439], [45.226, 44.466], [45.266, 44.585], [45.435, 44.617], [45.646, 44.8], [45.622, 44.903], [45.706, 44.976], [45.854, 45.001], [46.434, 44.937], [46.772, 44.811], [46.793, 44.765], [46.89, 44.781], [46.831, 44.696], [46.722, 44.655], [46.701, 44.446], [46.773, 44.395], [47.026, 44.36], [47.122, 44.223], [47.246, 44.212], [47.462, 43.86], [47.441, 43.819], [47.503, 43.781], [47.394, 43.606], [47.366, 43.621], [47.404, 43.511], [47.465, 43.552], [47.544, 43.865], [47.596, 43.901], [47.702, 43.874], [47.602, 43.766], [47.491, 43.463], [47.493, 43.296], [47.57, 43.334], [47.586, 43.3], [47.486, 43.213], [47.462, 43.021], [47.698, 42.867], [47.727, 42.663], [47.868, 42.585], [48.096, 42.35], [48.387, 41.937], [48.579, 41.845], [48.37, 41.58], [48.054, 41.461], [47.892, 41.283], [47.895, 41.219], [47.547, 41.206], [47.251, 41.316], [47.239, 41.416], [47.141, 41.552], [47.027, 41.557], [46.902, 41.713], [46.769, 41.776], [46.741, 41.851], [46.568, 41.787], [46.526, 41.882], [46.224, 41.993], [45.948, 42.023], [45.881, 42.102]]], [[[47.763, 43.928], [47.628, 43.963], [47.666, 43.996], [47.862, 43.994], [47.763, 43.928]]]]}}, {"type": "Feature", "properties": {"name": "krugobaikal_1866", "name_ru": "Кругобайкальское восстание 1866", "people": "поляки", "from": "1866-06-01", "to": "1866-07-01", "from_raw": "1866-06", "to_raw": "1866-07", "territory": "Прибайкалье", "kind": "national", "kind_ru": "антиколониальное национальное выступление", "event": "вооружённое выступление сосланных в Сибирь польских повстанцев", "source": "Атлас російського імперіалізму та колоніалізму (УІФ, 2026), розд. 42, п. 33", "confidence": "высокая", "note": "после поражения положение поляков улучшилось", "paint": "none", "hold_from": "", "hold_to": "", "hold_note": "", "geometry_source": "ne:Russia:Irkutsk|Buryat", "approximate": true}, "geometry": {"type": "Polygon", "coordinates": [[[99.918, 51.749], [99.71, 51.881], [99.324, 51.934], [98.995, 52.058], [98.932, 52.192], [98.809, 52.196], [98.799, 52.274], [98.646, 52.263], [98.677, 52.37], [98.629, 52.424], [98.806, 52.514], [98.8, 52.606], [98.937, 52.673], [98.938, 52.798], [98.866, 52.793], [98.856, 52.847], [98.948, 52.928], [99.22, 52.861], [99.25, 52.954], [98.984, 53.039], [99.056, 53.104], [98.687, 53.155], [98.608, 53.105], [98.348, 53.093], [98.288, 53.125], [98.289, 53.223], [98.031, 53.253], [97.958, 53.358], [97.606, 53.373], [97.586, 53.438], [97.448, 53.461], [97.328, 53.596], [97.128, 53.613], [96.875, 53.729], [96.727, 53.705], [96.684, 53.639], [96.568, 53.65], [96.05, 54.0], [96.055, 54.088], [95.671, 54.239], [95.667, 54.335], [95.797, 54.418], [95.922, 54.4], [96.065, 54.573], [96.573, 54.518], [96.565, 54.697], [96.714, 54.919], [96.585, 55.023], [96.682, 55.078], [96.707, 55.259], [96.918, 55.33], [96.843, 55.441], [96.82, 55.558], [96.855, 55.594], [96.753, 55.651], [96.818, 55.701], [96.768, 55.769], [96.96, 55.861], [96.986, 56.018], [97.125, 56.102], [97.352, 56.051], [97.44, 56.147], [97.58, 56.195], [97.568, 56.383], [97.878, 56.411], [97.877, 56.545], [97.751, 56.56], [97.775, 56.78], [97.486, 56.811], [97.485, 56.893], [97.62, 56.954], [97.482, 56.966], [97.349, 57.048], [97.934, 57.811], [98.745, 57.793], [98.962, 57.723], [99.422, 57.799], [99.498, 57.929], [99.703, 58.086], [100.043, 58.079], [100.129, 57.867], [100.365, 57.732], [100.331, 57.689], [100.405, 57.55], [100.749, 57.403], [100.958, 57.498], [100.952, 57.561], [100.801, 57.673], [100.885, 57.77], [100.813, 57.884], [101.03, 57.898], [101.154, 58.017], [101.118, 58.119], [101.298, 58.219], [101.531, 58.225], [101.701, 58.424], [102.186, 58.523], [102.318, 58.647], [102.513, 58.721], [102.565, 58.797], [102.537, 58.897], [102.439, 58.944], [102.406, 59.073], [102.522, 59.186], [102.831, 59.215], [103.011, 59.318], [103.083, 59.264], [103.324, 59.26], [103.335, 59.229], [103.24, 59.227], [103.246, 59.18], [103.375, 59.034], [103.549, 58.978], [103.604, 58.913], [103.901, 58.897], [103.952, 58.785], [103.869, 58.735], [104.22, 58.758], [104.393, 58.704], [104.458, 58.602], [104.794, 58.669], [104.872, 58.719], [104.76, 58.814], [104.798, 58.863], [105.145, 59.045], [105.347, 59.092], [105.294, 59.26], [105.191, 59.308], [105.241, 59.353], [105.225, 59.429], [105.172, 59.474], [104.978, 59.464], [104.863, 59.543], [104.799, 59.691], [105.012, 59.77], [105.024, 59.835], [105.491, 59.845], [105.433, 59.896], [105.489, 60.001], [105.424, 60.11], [105.479, 60.249], [105.297, 60.298], [104.889, 60.302], [104.665, 60.403], [104.522, 60.639], [104.596, 60.753], [104.46, 60.839], [104.629, 60.89], [104.565, 60.945], [104.635, 61.036], [104.615, 61.074], [104.837, 61.176], [105.007, 61.182], [104.926, 61.319], [104.789, 61.348], [105.272, 61.425], [105.367, 61.53], [105.696, 61.645], [105.809, 61.622], [105.947, 61.689], [105.902, 61.835], [106.209, 62.0], [106.407, 62.035], [106.375, 62.103], [106.446, 62.235], [106.327, 62.266], [106.478, 62.324], [106.428, 62.383], [106.533, 62.377], [106.703, 62.474], [106.669, 62.549], [106.797, 62.602], [106.504, 62.675], [106.525, 62.747], [106.443, 62.843], [106.218, 62.897], [106.123, 63.06], [106.403, 63.113], [106.425, 63.197], [106.362, 63.221], [106.365, 63.263], [106.438, 63.32], [106.673, 63.298], [106.731, 63.367], [106.51, 63.495], [106.686, 63.62], [106.629, 63.697], [106.793, 63.842], [106.681, 63.925], [106.719, 63.992], [107.06, 63.889], [107.202, 63.957], [107.308, 63.944], [107.372, 63.866], [107.563, 63.859], [107.68, 63.989], [108.263, 63.996], [108.32, 64.039], [108.22, 64.208], [108.031, 64.232], [108.451, 64.288], [108.534, 64.235], [108.485, 64.2], [108.54, 64.178], [108.495, 64.116], [108.731, 63.984], [108.688, 63.914], [108.766, 63.86], [108.648, 63.787], [108.298, 63.811], [108.265, 63.673], [108.117, 63.622], [108.125, 63.58], [108.571, 63.598], [108.857, 63.537], [109.042, 63.552], [109.223, 63.437], [109.279, 63.349], [109.365, 63.354], [109.381, 63.257], [109.452, 63.223], [109.408, 63.182], [109.453, 63.149], [109.468, 62.938], [109.614, 62.874], [109.645, 62.816], [109.506, 62.774], [109.455, 62.667], [109.383, 62.646], [109.377, 62.582], [109.249, 62.57], [109.267, 62.524], [109.487, 62.411], [109.912, 62.41], [109.895, 62.354], [109.998, 62.285], [109.936, 62.239], [110.0, 62.164], [109.598, 61.87], [109.62, 61.718], [109.87, 61.533], [109.792, 61.325], [110.081, 61.27], [110.19, 61.155], [110.481, 61.159], [110.517, 61.091], [110.447, 60.977], [110.235, 60.825], [110.288, 60.77], [110.267, 60.697], [110.046, 60.668], [110.116, 60.587], [109.923, 60.463], [109.946, 60.402], [109.732, 60.225], [109.694, 60.115], [109.764, 60.027], [109.625, 59.908], [109.645, 59.861], [109.501, 59.759], [109.528, 59.643], [109.268, 59.461], [109.348, 59.41], [109.252, 59.367], [109.261, 59.321], [109.505, 59.293], [109.532, 59.184], [109.634, 59.142], [109.636, 59.066], [109.742, 59.066], [109.815, 58.984], [110.278, 58.984], [110.493, 59.038], [110.589, 59.131], [110.58, 59.191], [110.697, 59.257], [111.001, 59.208], [111.091, 59.237], [111.175, 59.188], [111.297, 59.253], [111.47, 59.267], [111.651, 59.21], [111.764, 59.274], [111.942, 59.274], [112.271, 59.5], [112.333, 59.417], [112.275, 59.365], [112.293, 59.301], [112.631, 59.31], [112.636, 59.27], [112.526, 59.228], [112.451, 59.125], [112.448, 58.928], [112.511, 58.872], [112.616, 58.962], [112.569, 59.067], [112.644, 59.034], [112.916, 59.152], [113.264, 59.157], [113.461, 59.262], [113.472, 59.339], [113.424, 59.383], [113.605, 59.499], [113.592, 59.565], [113.779, 59.609], [113.854, 59.684], [114.038, 59.682], [114.043, 59.737], [114.175, 59.753], [114.309, 59.879], [114.569, 60.001], [114.523, 60.046], [114.543, 60.108], [114.697, 60.219], [114.825, 60.187], [115.238, 60.447], [115.686, 60.526], [116.075, 60.407], [116.599, 60.355], [116.977, 60.154], [117.054, 60.035], [117.296, 60.019], [117.064, 59.913], [117.226, 59.821], [117.198, 59.655], [117.087, 59.591], [117.234, 59.531], [117.598, 59.472], [117.758, 59.539], [117.883, 59.442], [118.058, 59.583], [118.283, 59.609], [118.398, 59.516], [118.749, 59.413], [118.758, 59.333], [118.844, 59.296], [118.687, 59.186], [118.739, 59.028], [118.85, 59.009], [118.787, 58.893], [118.893, 58.816], [118.876, 58.689], [118.774, 58.612], [119.129, 58.48], [119.069, 58.357], [119.124, 58.289], [119.108, 58.223], [118.63, 58.175], [118.398, 58.265], [118.317, 58.353], [117.669, 58.395], [117.468, 58.299], [117.587, 58.18], [117.569, 58.141], [117.408, 58.127], [117.366, 57.995], [117.409, 57.906], [117.086, 57.81], [117.173, 57.736], [117.142, 57.641], [117.287, 57.613], [117.254, 57.514], [117.326, 57.453], [117.366, 57.328], [117.444, 57.329], [117.432, 57.255], [117.541, 57.261], [117.597, 57.321], [117.794, 57.293], [117.743, 57.196], [117.601, 57.15], [117.685, 57.014], [117.572, 56.93], [117.571, 56.851], [117.411, 56.827], [117.328, 56.943], [117.131, 56.804], [117.031, 56.812], [117.031, 56.775], [116.797, 56.724], [116.569, 56.757], [116.362, 56.847], [116.122, 56.813], [115.711, 56.964], [115.589, 56.902], [115.587, 56.747], [115.434, 56.69], [115.49, 56.62], [115.688, 56.595], [115.681, 56.525], [115.801, 56.466], [115.694, 56.439], [115.688, 56.327], [115.838, 56.179], [115.778, 56.154], [115.762, 56.076], [115.897, 55.948], [115.844, 55.857], [115.845, 55.705], [115.913, 55.675], [115.887, 55.545], [115.968, 55.476], [115.945, 55.414], [116.131, 55.374], [116.393, 55.402], [116.469, 55.258], [116.782, 55.144], [116.824, 55.014], [116.893, 54.977], [116.927, 54.826], [116.866, 54.791], [116.884, 54.738], [116.774, 54.69], [116.723, 54.565], [116.538, 54.542], [116.508, 54.498], [116.19, 54.538], [115.629, 54.442], [115.514, 54.397], [115.491, 54.329], [115.179, 54.211], [114.958, 54.019], [114.606, 53.939], [114.501, 53.845], [114.378, 53.844], [114.326, 53.79], [113.983, 53.744], [113.982, 53.681], [113.814, 53.649], [113.889, 53.535], [113.83, 53.455], [113.842, 53.382], [113.946, 53.352], [113.983, 53.236], [114.198, 53.193], [114.129, 53.076], [114.325, 53.068], [114.285, 53.018], [114.313, 52.972], [114.228, 52.955], [114.238, 52.825], [114.103, 52.705], [113.744, 52.574], [113.581, 52.454], [113.266, 52.475], [112.931, 52.337], [112.545, 52.347], [112.405, 52.208], [112.206, 52.245], [112.167, 52.3], [112.07, 52.28], [111.595, 51.926], [111.055, 51.794], [111.002, 51.725], [110.845, 51.665], [110.862, 51.595], [110.677, 51.504], [110.545, 51.496], [110.423, 51.523], [110.389, 51.577], [110.049, 51.616], [109.449, 51.42], [109.367, 51.353], [109.332, 51.389], [109.247, 51.366], [109.074, 51.507], [108.942, 51.44], [108.592, 51.506], [108.354, 51.267], [108.57, 51.111], [108.497, 51.059], [108.336, 51.046], [108.25, 50.844], [108.067, 50.753], [108.18, 50.66], [108.417, 50.61], [108.546, 50.529], [108.66, 50.534], [108.676, 50.495], [108.201, 50.408], [108.132, 50.318], [107.99, 50.335], [107.926, 50.215], [107.772, 50.152], [107.797, 50.034], [107.745, 49.967], [107.192, 50.006], [107.057, 50.074], [106.974, 50.196], [106.657, 50.327], [106.222, 50.292], [106.056, 50.334], [105.985, 50.4], [105.329, 50.476], [105.106, 50.39], [104.406, 50.301], [104.122, 50.148], [103.785, 50.186], [103.601, 50.134], [103.307, 50.19], [103.202, 50.297], [102.927, 50.303], [102.618, 50.399], [102.513, 50.504], [102.303, 50.564], [102.276, 50.65], [102.329, 50.719], [102.217, 50.799], [102.23, 50.979], [102.147, 51.098], [102.135, 51.24], [102.193, 51.307], [102.075, 51.375], [101.526, 51.476], [101.35, 51.45], [100.511, 51.727], [99.918, 51.749]]]}}, {"type": "Feature", "properties": {"name": "abkhazia_1866", "name_ru": "Восстание в Абхазии 1866", "people": "абхазы", "from": "1866-07-26", "to": "1866-08-01", "from_raw": "1866-07-26", "to_raw": "1866-08", "territory": "Абхазия", "kind": "national", "kind_ru": "антиколониальное национальное выступление", "event": "вооружённое выступление против аннексии и ликвидации Абхазского княжества в 1864 г.", "source": "Атлас російського імперіалізму та колоніалізму (УІФ, 2026), розд. 42, п. 31", "confidence": "высокая", "note": "", "paint": "none", "hold_from": "", "hold_to": "", "hold_note": "", "geometry_source": "ne:Georgia:Abkhazia", "approximate": true}, "geometry": {"type": "Polygon", "coordinates": [[[40.164, 43.576], [40.52, 43.505], [40.652, 43.539], [41.012, 43.375], [41.381, 43.335], [41.578, 43.215], [42.043, 43.181], [42.154, 43.217], [42.133, 43.111], [42.057, 43.017], [41.885, 42.965], [41.938, 42.618], [41.551, 42.406], [41.5, 42.641], [41.424, 42.74], [41.15, 42.796], [41.023, 42.99], [40.934, 42.983], [40.856, 43.063], [40.592, 43.086], [40.398, 43.162], [40.335, 43.141], [40.219, 43.319], [39.986, 43.389], [40.073, 43.551], [40.164, 43.576]]]}}, {"type": "Feature", "properties": {"name": "ural_turgai_1868", "name_ru": "Уральско-Тургайское восстание 1868-1869", "people": "казахи", "from": "1868-01-01", "to": "1869-01-01", "from_raw": "1868", "to_raw": "1869", "territory": "Уральская и Тургайская области", "kind": "national", "kind_ru": "антиколониальное национальное выступление", "event": "борьба казахов против акта 1868 года: «Временное положение об управлении Степным краем», которым империя покончила с внутренней автономией кочевников", "source": "Атлас російського імперіалізму та колоніалізму (УІФ, 2026), розд. 42, п. 34", "confidence": "высокая", "note": "", "paint": "none", "hold_from": "", "hold_to": "", "hold_note": "", "geometry_source": "ne:Kazakhstan:Qostanay|West Kazakhstan|Aqtöbe", "approximate": true}, "geometry": {"type": "Polygon", "coordinates": [[[59.055, 45.324], [58.531, 45.559], [56.708, 45.162], [56.541, 45.954], [56.271, 46.457], [55.494, 46.66], [55.291, 46.791], [54.998, 47.152], [55.061, 47.763], [54.973, 48.012], [54.873, 48.091], [54.794, 48.428], [54.849, 48.629], [54.801, 48.741], [54.578, 48.813], [54.443, 48.658], [54.072, 48.717], [54.082, 48.895], [53.979, 49.128], [53.905, 49.058], [53.673, 49.184], [53.434, 48.995], [52.913, 48.985], [52.764, 48.862], [52.771, 48.743], [52.622, 48.588], [52.589, 48.426], [52.525, 48.406], [52.175, 48.483], [51.968, 48.465], [51.811, 48.505], [51.83, 48.615], [51.37, 48.663], [51.156, 48.63], [50.948, 48.482], [50.726, 48.421], [49.911, 48.041], [49.457, 48.014], [49.432, 47.938], [48.908, 48.06], [47.112, 48.242], [46.479, 48.41], [46.754, 48.914], [46.93, 49.004], [47.04, 49.15], [46.979, 49.244], [46.775, 49.333], [46.9, 49.82], [47.309, 50.045], [47.328, 50.109], [47.265, 50.186], [47.322, 50.237], [47.306, 50.295], [47.557, 50.453], [47.993, 50.182], [48.239, 49.865], [48.43, 49.81], [48.785, 49.933], [48.886, 50.02], [48.874, 50.07], [48.783, 50.111], [48.673, 50.58], [48.568, 50.637], [48.83, 50.596], [49.144, 50.782], [49.369, 50.827], [49.424, 50.882], [49.347, 50.964], [49.437, 51.112], [49.779, 51.102], [49.987, 51.23], [50.325, 51.303], [50.36, 51.413], [50.527, 51.47], [50.525, 51.566], [50.582, 51.635], [50.694, 51.611], [50.671, 51.568], [50.791, 51.597], [50.767, 51.759], [50.925, 51.68], [51.234, 51.685], [51.372, 51.63], [51.359, 51.561], [51.237, 51.536], [51.304, 51.472], [51.462, 51.475], [51.584, 51.535], [51.693, 51.454], [51.782, 51.493], [51.765, 51.593], [51.869, 51.673], [52.092, 51.659], [52.308, 51.775], [52.546, 51.46], [52.78, 51.508], [52.944, 51.453], [53.166, 51.515], [53.407, 51.484], [53.61, 51.388], [53.594, 51.289], [53.674, 51.22], [53.936, 51.186], [54.112, 51.096], [54.145, 50.993], [54.276, 50.904], [54.479, 50.853], [54.38, 50.619], [54.499, 50.523], [54.676, 50.603], [54.638, 50.886], [54.503, 50.928], [54.546, 50.953], [54.534, 51.003], [54.638, 51.028], [55.048, 50.884], [55.084, 50.797], [55.305, 50.665], [55.468, 50.657], [55.66, 50.53], [56.079, 50.725], [56.158, 50.906], [56.315, 50.884], [56.478, 51.073], [56.688, 50.969], [56.716, 51.072], [57.154, 51.1], [57.334, 50.897], [57.468, 50.858], [57.556, 50.919], [57.722, 50.909], [57.769, 51.12], [58.168, 51.055], [58.308, 51.15], [58.378, 51.071], [58.595, 51.023], [58.55, 50.893], [58.641, 50.863], [58.664, 50.79], [58.748, 50.795], [58.926, 50.678], [59.197, 50.663], [59.273, 50.616], [59.438, 50.631], [59.563, 50.58], [59.452, 50.537], [59.523, 50.475], [59.816, 50.563], [59.915, 50.674], [59.962, 50.83], [60.021, 50.854], [60.136, 50.844], [60.177, 50.742], [60.3, 50.685], [60.718, 50.653], [61.372, 50.782], [61.427, 50.833], [61.534, 51.206], [61.664, 51.258], [61.563, 51.296], [61.474, 51.426], [61.029, 51.483], [60.945, 51.544], [60.937, 51.611], [60.515, 51.618], [60.376, 51.663], [60.356, 51.692], [60.476, 51.776], [60.452, 51.805], [60.138, 51.889], [60.061, 51.859], [59.986, 51.952], [60.003, 51.993], [60.203, 51.993], [60.426, 52.13], [60.672, 52.144], [61.04, 52.335], [60.936, 52.489], [60.815, 52.522], [60.803, 52.628], [60.673, 52.672], [60.696, 52.735], [61.058, 52.922], [60.975, 52.971], [61.448, 53.021], [61.606, 52.948], [61.82, 52.978], [61.959, 52.935], [62.094, 52.992], [62.116, 53.065], [62.051, 53.125], [61.764, 53.169], [61.643, 53.243], [61.514, 53.209], [61.163, 53.299], [61.137, 53.373], [61.235, 53.503], [61.412, 53.436], [61.555, 53.506], [61.503, 53.589], [61.281, 53.542], [60.88, 53.633], [61.008, 53.636], [61.199, 53.797], [61.085, 53.875], [60.978, 53.883], [60.978, 53.927], [61.096, 53.956], [61.211, 53.908], [61.194, 54.018], [61.338, 54.063], [61.582, 53.948], [61.62, 53.993], [61.791, 54.001], [61.856, 53.943], [62.004, 53.932], [62.003, 54.017], [62.413, 54.027], [62.444, 53.992], [62.39, 53.942], [62.525, 53.872], [62.587, 53.97], [62.551, 54.027], [62.629, 54.071], [63.085, 54.086], [63.124, 54.174], [63.368, 54.163], [63.709, 54.25], [63.897, 54.194], [64.008, 54.229], [64.004, 54.32], [64.579, 54.386], [64.72, 54.334], [64.911, 54.403], [65.085, 54.309], [65.184, 54.31], [65.198, 54.516], [65.449, 54.557], [65.45, 54.627], [65.744, 54.601], [65.933, 54.703], [65.977, 54.612], [66.098, 54.637], [66.229, 54.297], [66.112, 54.266], [66.372, 54.102], [66.02, 53.994], [66.095, 53.811], [66.231, 53.744], [66.212, 53.64], [66.12, 53.58], [66.159, 53.495], [66.288, 53.48], [66.325, 53.256], [66.474, 53.139], [66.163, 53.079], [66.106, 53.01], [66.182, 52.901], [66.17, 52.779], [66.092, 52.728], [66.037, 52.178], [65.957, 52.12], [65.861, 51.894], [65.708, 51.789], [65.444, 51.755], [65.43, 51.694], [65.644, 51.557], [65.592, 51.373], [65.62, 51.353], [65.503, 51.262], [65.533, 51.166], [65.708, 50.974], [65.721, 50.794], [65.85, 50.8], [65.941, 50.885], [66.06, 50.897], [66.155, 50.854], [66.176, 50.791], [66.314, 50.773], [66.477, 50.664], [66.835, 50.587], [67.125, 50.618], [67.233, 50.563], [67.188, 50.432], [67.334, 50.332], [68.097, 50.506], [68.273, 50.412], [68.109, 50.265], [67.756, 50.189], [67.762, 50.03], [67.525, 49.834], [66.784, 49.362], [66.67, 49.332], [66.62, 49.234], [66.506, 49.211], [66.159, 49.002], [65.962, 48.985], [65.735, 48.862], [65.524, 48.833], [65.071, 48.877], [64.741, 48.841], [64.625, 48.657], [64.506, 48.654], [64.547, 48.502], [64.217, 48.402], [64.209, 48.299], [63.97, 48.151], [64.204, 47.879], [62.842, 47.184], [62.45, 47.248], [62.467, 47.292], [62.32, 47.446], [62.048, 47.571], [61.859, 47.776], [61.327, 47.733], [60.765, 47.1], [60.538, 47.112], [60.441, 47.046], [60.411, 46.924], [60.169, 46.885], [59.921, 46.76], [59.113, 46.066], [59.027, 45.818], [59.055, 45.324]]]}}, {"type": "Feature", "properties": {"name": "aday_1870", "name_ru": "Адаевское восстание 1870-1871", "people": "казахи, туркмены", "from": "1870-01-01", "to": "1871-01-01", "from_raw": "1870", "to_raw": "1871", "territory": "Мангышлак", "kind": "national", "kind_ru": "антиколониальное национальное выступление", "event": "масштабное выступление против российских административных и налоговых реформ", "source": "Атлас російського імперіалізму та колоніалізму (УІФ, 2026), розд. 42, п. 35", "confidence": "высокая", "note": "после поражения реформы смягчили", "paint": "none", "hold_from": "", "hold_to": "", "hold_note": "", "geometry_source": "ne:Kazakhstan:Mangghystau", "approximate": true}, "geometry": {"type": "MultiPolygon", "coordinates": [[[[54.907, 41.932], [54.123, 42.338], [53.412, 42.258], [52.979, 42.127], [52.438, 41.749], [52.491, 41.902], [52.402, 42.093], [52.594, 42.335], [52.676, 42.538], [52.564, 42.742], [52.71, 42.585], [52.736, 42.701], [52.471, 42.826], [52.273, 42.799], [52.169, 42.887], [51.912, 42.842], [51.676, 43.1], [51.651, 43.191], [51.276, 43.154], [51.315, 43.462], [51.207, 43.624], [51.115, 43.661], [50.991, 43.908], [50.861, 44.025], [50.847, 44.189], [50.696, 44.264], [50.278, 44.336], [50.23, 44.391], [50.225, 44.568], [50.268, 44.571], [50.311, 44.662], [50.757, 44.605], [50.873, 44.629], [51.143, 44.485], [51.366, 44.56], [51.56, 44.511], [51.439, 44.61], [51.319, 44.596], [51.234, 44.719], [50.962, 44.864], [50.994, 44.936], [50.959, 44.979], [51.197, 45.066], [51.273, 45.025], [51.244, 45.162], [51.416, 45.39], [51.544, 45.335], [51.758, 45.457], [51.792, 45.405], [51.94, 45.367], [52.519, 45.409], [52.91, 45.313], [53.245, 45.334], [53.248, 45.37], [52.738, 45.526], [52.746, 45.639], [52.862, 45.767], [53.039, 45.738], [53.536, 45.826], [53.758, 45.921], [53.694, 45.972], [53.949, 46.188], [55.247, 46.346], [55.477, 46.48], [55.675, 46.358], [55.744, 46.388], [55.827, 46.332], [55.832, 46.235], [56.473, 46.084], [56.541, 45.954], [56.708, 45.162], [55.976, 44.994], [55.978, 41.322], [55.45, 41.279], [54.951, 41.796], [54.907, 41.932]]], [[[50.628, 44.967], [50.714, 44.954], [50.761, 44.865], [50.698, 44.858], [50.628, 44.967]]], [[[49.986, 44.968], [50.042, 45.058], [50.113, 45.08], [50.018, 44.96], [50.073, 44.862], [50.189, 44.861], [50.112, 44.82], [50.064, 44.844], [49.986, 44.968]]], [[[50.257, 44.986], [50.277, 45.072], [50.354, 45.073], [50.282, 44.956], [50.257, 44.986]]], [[[52.655, 45.521], [52.702, 45.405], [52.628, 45.41], [52.552, 45.478], [52.655, 45.521]]]]}}, {"type": "Feature", "properties": {"name": "svaneti_1875", "name_ru": "Восстание в Сванетии 1875-1876", "people": "сваны", "from": "1875-01-01", "to": "1876-01-01", "from_raw": "1875", "to_raw": "1876", "territory": "вольная Сванетия", "kind": "national", "kind_ru": "антиколониальное национальное выступление", "event": "выступления в сёлах вольной Сванетии против учёта пашни", "source": "Атлас російського імперіалізму та колоніалізму (УІФ, 2026), розд. 42, п. 36", "confidence": "средняя", "note": "", "paint": "none", "hold_from": "", "hold_to": "", "hold_note": "", "geometry_source": "ne:Georgia:Samegrelo-Zemo Svaneti|Racha-Lechkhumi-Kvemo Svaneti", "approximate": true}, "geometry": {"type": "Polygon", "coordinates": [[[43.156, 42.942], [43.801, 42.746], [43.723, 42.625], [43.908, 42.566], [43.902, 42.516], [43.587, 42.395], [43.294, 42.42], [43.05, 42.34], [42.837, 42.47], [42.632, 42.435], [42.614, 42.524], [42.527, 42.517], [42.298, 42.226], [42.269, 42.101], [42.006, 42.159], [41.755, 42.133], [41.715, 42.059], [41.555, 42.39], [41.938, 42.618], [41.885, 42.965], [42.057, 43.017], [42.16, 43.22], [42.423, 43.229], [42.615, 43.137], [42.83, 43.169], [43.0, 43.099], [42.999, 43.042], [43.156, 42.942]]]}}, {"type": "Feature", "properties": {"name": "chechen_dagestan_1877", "name_ru": "Чеченско-дагестанское восстание 1877", "people": "чеченцы, дагестанцы", "from": "1877-04-01", "to": "1877-11-01", "from_raw": "1877-04", "to_raw": "1877-11", "territory": "Чечня, Дагестан", "kind": "national", "kind_ru": "антиколониальное национальное выступление", "event": "масштабное вооружённое выступление во главе с Алибеком-Хаджи Алдамовым за восстановление Имамата", "source": "Атлас російського імперіалізму та колоніалізму (УІФ, 2026), розд. 42, п. 37", "confidence": "высокая", "note": "в нашей базе домена нохчи этот сюжет разложен на отдельную запись (кампания C1172)", "paint": "none", "hold_from": "", "hold_to": "", "hold_note": "", "geometry_source": "ne:Russia:Chechnya|Dagestan", "approximate": true}, "geometry": {"type": "MultiPolygon", "coordinates": [[[[45.881, 42.102], [45.631, 42.201], [45.736, 42.448], [45.699, 42.508], [45.356, 42.52], [45.155, 42.693], [45.076, 42.691], [45.179, 42.804], [45.137, 42.835], [45.167, 43.138], [45.047, 43.494], [44.839, 43.584], [44.839, 43.661], [44.961, 43.671], [45.004, 43.758], [45.077, 43.781], [45.076, 43.95], [45.204, 43.948], [45.221, 43.883], [45.449, 43.883], [45.517, 44.185], [45.105, 44.216], [45.131, 44.268], [45.404, 44.318], [45.447, 44.392], [45.41, 44.439], [45.226, 44.466], [45.266, 44.585], [45.435, 44.617], [45.646, 44.8], [45.622, 44.903], [45.706, 44.976], [45.854, 45.001], [46.434, 44.937], [46.772, 44.811], [46.793, 44.765], [46.89, 44.781], [46.831, 44.696], [46.722, 44.655], [46.701, 44.446], [46.773, 44.395], [47.026, 44.36], [47.122, 44.223], [47.246, 44.212], [47.462, 43.86], [47.441, 43.819], [47.503, 43.781], [47.394, 43.606], [47.366, 43.621], [47.404, 43.511], [47.465, 43.552], [47.544, 43.865], [47.596, 43.901], [47.702, 43.874], [47.602, 43.766], [47.491, 43.463], [47.493, 43.296], [47.57, 43.334], [47.586, 43.3], [47.486, 43.213], [47.462, 43.021], [47.698, 42.867], [47.727, 42.663], [47.868, 42.585], [48.096, 42.35], [48.387, 41.937], [48.579, 41.845], [48.37, 41.58], [48.054, 41.461], [47.892, 41.283], [47.895, 41.219], [47.547, 41.206], [47.251, 41.316], [47.239, 41.416], [47.141, 41.552], [47.027, 41.557], [46.902, 41.713], [46.769, 41.776], [46.741, 41.851], [46.568, 41.787], [46.526, 41.882], [46.224, 41.993], [45.948, 42.023], [45.881, 42.102]]], [[[47.763, 43.928], [47.628, 43.963], [47.666, 43.996], [47.867, 43.991], [47.763, 43.928]]]]}}, {"type": "Feature", "properties": {"name": "cholera_riots_1892", "name_ru": "«Холерные бунты» 1892", "people": "русские, украинцы", "from": "1892-01-01", "to": "1892-01-01", "from_raw": "1892", "to_raw": "1892", "territory": "Ташкент, Юзовка (Донецк)", "kind": "urban", "kind_ru": "выступление горожан", "event": "массовые волнения горожан из-за карантинных мер", "source": "Атлас російського імперіалізму та колоніалізму (УІФ, 2026), розд. 42, п. 38", "confidence": "средняя", "note": "", "paint": "none", "hold_from": "", "hold_to": "", "hold_note": "", "geometry_source": "city:Ташкент;city:Донецк", "approximate": true}, "geometry": {"type": "MultiPolygon", "coordinates": [[[[38.05, 47.731], [37.794, 47.654], [37.557, 47.78], [37.48, 48.036], [37.606, 48.273], [37.862, 48.35], [38.099, 48.224], [38.176, 47.968], [38.05, 47.731]]], [[[69.515, 41.043], [69.259, 40.966], [69.022, 41.092], [68.945, 41.348], [69.071, 41.585], [69.327, 41.662], [69.564, 41.536], [69.641, 41.28], [69.515, 41.043]]]]}}, {"type": "Feature", "properties": {"name": "andijan_1898", "name_ru": "Андижанское восстание 1898", "people": "узбеки, киргизы", "from": "1898-05-17", "to": "1898-05-18", "from_raw": "1898-05-17", "to_raw": "1898-05-18", "territory": "Андижан, Ферганская долина", "kind": "religious", "kind_ru": "религиозное выступление", "event": "вооружённое выступление религиозного характера во главе с Мухаммедом Али за восстановление Кокандского ханства и освобождение Туркестана из-под власти Петербурга", "source": "Атлас російського імперіалізму та колоніалізму (УІФ, 2026), розд. 42, п. 39", "confidence": "высокая", "note": "УДЕРЖАНИЯ НЕТ: выступление проиграло в первом же бою с российским гарнизоном Андижана - одни сутки, вычитать нечего", "paint": "none", "hold_from": "", "hold_to": "", "hold_note": "", "geometry_source": "city:Андижан", "approximate": true}, "geometry": {"type": "Polygon", "coordinates": [[[72.69, 40.79], [72.587, 40.543], [72.34, 40.44], [72.093, 40.543], [71.99, 40.79], [72.093, 41.037], [72.34, 41.14], [72.587, 41.037], [72.69, 40.79]]]}}, {"type": "Feature", "properties": {"name": "central_asia_1916", "name_ru": "Среднеазиатское восстание 1916", "people": "казахи, киргизы, узбеки, туркмены", "from": "1916-07-04", "to": "1917-02-01", "from_raw": "1916-07-04", "to_raw": "1917-02", "territory": "Туркестан, Семиречье, Тургайская область", "kind": "national", "kind_ru": "антиколониальное национальное выступление", "event": "выступление против указа о мобилизации коренного населения на тыловые работы; по атласу погибли 150-270 тыс. казахов и киргизов, сотни тысяч бежали в Китай", "source": "Атлас російського імперіалізму та колоніалізму (УІФ, 2026), розд. 41 и розд. 43", "confidence": "высокая", "note": "УДЕРЖАНИЯ НЕТ: тургайская группа Амангельды Иманова осаждала Тургай зимой 1916/1917 г., но города не захватила и своей администрации на удержанной территории не создала; в пяти разделах антиколониальных выступлений атласа этого сюжета нет, он проходит по разделам экспансии", "paint": "none", "hold_from": "", "hold_to": "", "hold_note": "", "geometry_source": "ne:Kazakhstan:Almaty|Qostanay|Aqtöbe;ne:Kyrgyzstan:*;ne:Uzbekistan:Ferghana|Andijon|Namangan", "approximate": true}, "geometry": {"type": "MultiPolygon", "coordinates": [[[[58.531, 45.559], [56.708, 45.162], [56.541, 45.954], [56.271, 46.457], [55.494, 46.66], [55.167, 46.917], [54.998, 47.152], [55.061, 47.763], [54.973, 48.012], [54.873, 48.091], [54.794, 48.428], [54.849, 48.629], [54.801, 48.741], [54.578, 48.813], [54.443, 48.658], [54.072, 48.717], [54.082, 48.895], [53.979, 49.128], [53.905, 49.058], [53.673, 49.184], [53.713, 49.463], [54.006, 49.617], [54.293, 49.65], [54.514, 49.932], [54.551, 50.031], [54.424, 50.15], [54.392, 50.358], [54.546, 50.531], [54.676, 50.603], [54.638, 50.886], [54.503, 50.928], [54.546, 50.953], [54.534, 51.003], [54.686, 51.024], [55.048, 50.884], [55.084, 50.797], [55.305, 50.665], [55.468, 50.657], [55.66, 50.53], [56.079, 50.725], [56.158, 50.906], [56.315, 50.884], [56.478, 51.073], [56.688, 50.969], [56.716, 51.072], [57.154, 51.1], [57.334, 50.897], [57.468, 50.858], [57.556, 50.919], [57.722, 50.909], [57.769, 51.12], [58.168, 51.055], [58.308, 51.15], [58.378, 51.071], [58.595, 51.023], [58.55, 50.893], [58.641, 50.863], [58.664, 50.79], [58.748, 50.795], [58.926, 50.678], [59.197, 50.663], [59.273, 50.616], [59.438, 50.631], [59.563, 50.58], [59.452, 50.537], [59.523, 50.475], [59.816, 50.563], [59.915, 50.674], [59.962, 50.83], [60.021, 50.854], [60.136, 50.844], [60.177, 50.742], [60.3, 50.685], [60.718, 50.653], [61.372, 50.782], [61.427, 50.833], [61.534, 51.206], [61.664, 51.258], [61.563, 51.296], [61.474, 51.426], [61.029, 51.483], [60.945, 51.544], [60.937, 51.611], [60.515, 51.618], [60.376, 51.663], [60.356, 51.692], [60.476, 51.776], [60.452, 51.805], [60.138, 51.889], [60.061, 51.859], [59.986, 51.952], [60.003, 51.993], [60.203, 51.993], [60.426, 52.13], [60.672, 52.144], [61.04, 52.335], [60.936, 52.489], [60.815, 52.522], [60.803, 52.628], [60.673, 52.672], [60.696, 52.735], [61.058, 52.922], [60.975, 52.971], [61.448, 53.021], [61.606, 52.948], [61.82, 52.978], [61.959, 52.935], [62.094, 52.992], [62.116, 53.065], [62.051, 53.125], [61.764, 53.169], [61.643, 53.243], [61.514, 53.209], [61.163, 53.299], [61.137, 53.373], [61.235, 53.503], [61.412, 53.436], [61.555, 53.506], [61.503, 53.589], [61.281, 53.542], [60.88, 53.633], [61.008, 53.636], [61.199, 53.797], [61.085, 53.875], [60.978, 53.883], [60.978, 53.927], [61.096, 53.956], [61.211, 53.908], [61.194, 54.018], [61.338, 54.063], [61.582, 53.948], [61.62, 53.993], [61.791, 54.001], [61.856, 53.943], [62.004, 53.932], [62.003, 54.017], [62.413, 54.027], [62.444, 53.992], [62.39, 53.942], [62.525, 53.872], [62.587, 53.97], [62.551, 54.027], [62.629, 54.071], [63.085, 54.086], [63.124, 54.174], [63.368, 54.163], [63.709, 54.25], [63.897, 54.194], [64.008, 54.229], [64.004, 54.32], [64.579, 54.386], [64.72, 54.334], [64.911, 54.403], [65.085, 54.309], [65.184, 54.31], [65.198, 54.516], [65.449, 54.557], [65.45, 54.627], [65.744, 54.601], [65.933, 54.703], [65.977, 54.612], [66.098, 54.637], [66.229, 54.297], [66.112, 54.266], [66.372, 54.102], [66.02, 53.994], [66.095, 53.811], [66.231, 53.744], [66.212, 53.64], [66.12, 53.58], [66.159, 53.495], [66.288, 53.48], [66.325, 53.256], [66.474, 53.139], [66.163, 53.079], [66.106, 53.01], [66.182, 52.901], [66.17, 52.779], [66.092, 52.728], [66.037, 52.178], [65.957, 52.12], [65.861, 51.894], [65.708, 51.789], [65.444, 51.755], [65.43, 51.694], [65.644, 51.557], [65.592, 51.373], [65.62, 51.353], [65.503, 51.262], [65.533, 51.166], [65.708, 50.974], [65.721, 50.794], [65.85, 50.8], [65.941, 50.885], [66.06, 50.897], [66.155, 50.854], [66.176, 50.791], [66.314, 50.773], [66.477, 50.664], [66.835, 50.587], [67.125, 50.618], [67.233, 50.563], [67.188, 50.432], [67.334, 50.332], [68.097, 50.506], [68.273, 50.412], [68.21, 50.331], [68.109, 50.265], [67.756, 50.189], [67.762, 50.03], [67.525, 49.834], [66.784, 49.362], [66.67, 49.332], [66.62, 49.234], [66.506, 49.211], [66.159, 49.002], [65.962, 48.985], [65.735, 48.862], [65.524, 48.833], [65.071, 48.877], [64.741, 48.841], [64.625, 48.657], [64.506, 48.654], [64.547, 48.502], [64.217, 48.402], [64.209, 48.299], [63.97, 48.151], [64.204, 47.879], [62.842, 47.184], [62.45, 47.248], [62.467, 47.292], [62.32, 47.446], [62.048, 47.571], [61.859, 47.776], [61.327, 47.733], [60.765, 47.1], [60.538, 47.112], [60.441, 47.046], [60.411, 46.924], [60.169, 46.885], [59.921, 46.76], [59.113, 46.066], [59.027, 45.818], [59.055, 45.324], [58.531, 45.559]]], [[[70.622, 40.2], [70.524, 40.344], [70.371, 40.365], [70.37, 40.476], [70.478, 40.505], [70.767, 40.738], [70.637, 40.771], [70.629, 40.816], [70.705, 40.807], [70.458, 41.016], [70.459, 41.135], [70.41, 41.196], [70.438, 41.26], [70.397, 41.306], [70.471, 41.405], [70.148, 41.552], [70.454, 41.712], [70.649, 41.887], [70.814, 41.92], [70.845, 42.03], [71.238, 42.16], [71.253, 42.198], [71.078, 42.281], [70.948, 42.248], [70.853, 42.306], [70.962, 42.468], [71.064, 42.47], [71.003, 42.564], [71.143, 42.603], [71.149, 42.678], [71.245, 42.747], [71.33, 42.737], [71.405, 42.795], [71.584, 42.76], [71.848, 42.834], [72.105, 42.75], [72.292, 42.761], [72.477, 42.683], [72.726, 42.653], [72.875, 42.544], [73.278, 42.513], [73.326, 42.429], [73.477, 42.399], [73.506, 42.421], [73.413, 42.627], [73.56, 43.017], [73.902, 43.131], [73.965, 43.217], [74.04, 43.182], [74.214, 43.203], [74.179, 43.262], [74.558, 43.115], [74.714, 43.0], [75.205, 42.845], [75.646, 42.806], [75.807, 42.937], [75.583, 42.98], [75.651, 43.017], [75.336, 43.195], [75.297, 43.298], [75.428, 43.468], [75.018, 43.563], [75.273, 43.877], [75.326, 44.078], [75.149, 44.221], [74.759, 44.313], [74.611, 44.413], [74.54, 44.655], [74.156, 44.908], [74.095, 45.06], [73.9, 45.078], [73.813, 45.172], [73.847, 45.258], [74.094, 45.269], [74.03, 45.536], [74.056, 45.777], [74.184, 45.956], [74.762, 46.4], [75.403, 46.679], [76.161, 46.681], [76.52, 46.614], [76.548, 46.661], [76.722, 46.684], [76.73, 46.631], [76.935, 46.56], [76.84, 46.691], [76.92, 46.637], [77.063, 46.636], [77.148, 46.547], [77.228, 46.559], [77.284, 46.612], [77.6, 46.676], [77.581, 47.175], [77.851, 47.18], [78.046, 47.26], [78.11, 47.214], [78.275, 47.304], [78.737, 47.135], [78.805, 47.069], [79.308, 47.031], [79.491, 46.862], [80.019, 46.88], [80.779, 46.592], [81.373, 46.494], [81.605, 46.39], [81.913, 46.063], [82.14, 45.689], [82.125, 45.588], [82.632, 45.416], [82.615, 45.249], [82.54, 45.124], [82.245, 45.232], [81.95, 45.144], [81.794, 45.196], [81.765, 45.308], [81.665, 45.348], [80.854, 45.126], [80.697, 45.144], [80.445, 45.104], [80.39, 45.046], [80.103, 45.032], [79.858, 44.904], [79.869, 44.849], [79.992, 44.794], [80.245, 44.816], [80.492, 44.728], [80.356, 44.653], [80.384, 44.603], [80.33, 44.453], [80.373, 44.231], [80.339, 44.121], [80.713, 43.459], [80.643, 43.326], [80.748, 43.275], [80.788, 43.128], [80.618, 43.134], [80.368, 43.028], [80.374, 42.975], [80.543, 42.917], [80.549, 42.878], [80.248, 42.816], [80.144, 42.645], [80.268, 42.238], [80.21, 42.19], [80.257, 42.084], [80.231, 42.034], [79.843, 42.002], [79.748, 41.88], [79.391, 41.773], [79.282, 41.783], [78.658, 41.532], [78.619, 41.478], [78.36, 41.378], [78.349, 41.27], [78.075, 41.04], [77.831, 41.063], [77.504, 40.981], [77.008, 41.044], [76.861, 41.013], [76.767, 40.945], [76.762, 40.847], [76.648, 40.765], [76.609, 40.597], [76.476, 40.436], [76.314, 40.343], [76.244, 40.441], [76.151, 40.368], [76.052, 40.39], [75.902, 40.299], [75.682, 40.292], [75.638, 40.386], [75.667, 40.45], [75.56, 40.633], [75.194, 40.441], [75.002, 40.447], [74.835, 40.512], [74.787, 40.421], [74.862, 40.326], [74.706, 40.331], [74.334, 40.094], [74.168, 40.106], [73.966, 40.033], [73.823, 39.806], [73.927, 39.593], [73.838, 39.476], [73.477, 39.465], [73.168, 39.355], [72.519, 39.376], [72.316, 39.329], [72.24, 39.19], [72.095, 39.275], [72.05, 39.369], [71.751, 39.274], [71.711, 39.321], [71.74, 39.448], [71.513, 39.459], [71.531, 39.553], [71.46, 39.612], [71.249, 39.514], [71.096, 39.512], [70.977, 39.395], [70.903, 39.421], [70.77, 39.382], [70.713, 39.398], [70.622, 39.564], [70.477, 39.601], [70.223, 39.519], [70.201, 39.619], [70.149, 39.554], [70.04, 39.574], [69.979, 39.534], [69.669, 39.578], [69.286, 39.54], [69.241, 39.829], [69.314, 39.987], [69.405, 39.896], [69.502, 39.922], [69.463, 40.025], [69.518, 40.125], [69.575, 40.104], [70.005, 40.209], [70.525, 40.034], [70.451, 39.937], [70.477, 39.901], [70.614, 39.976], [70.666, 40.104], [70.963, 40.19], [70.938, 40.24], [70.622, 40.2]], [[76.902, 43.365], [76.809, 43.223], [76.962, 43.192], [77.002, 43.223], [77.034, 43.379], [76.902, 43.365]], [[70.582, 39.767], [70.706, 39.84], [70.484, 39.882], [70.582, 39.767]], [[70.608, 40.951], [70.645, 40.935], [70.617, 40.994], [70.55, 41.015], [70.608, 40.951]]]]}}, {"type": "Feature", "properties": {"name": "basmachi_1918", "name_ru": "Басмачество 1918-1930-е", "people": "узбеки, таджики, туркмены, киргизы", "from": "1918-02-01", "to": "1934-01-01", "from_raw": "1918-02", "to_raw": "1934", "territory": "Ферганская долина, Восточная Бухара, Хорезм, Туркмения", "kind": "underground", "kind_ru": "вооружённое подполье", "event": "вооружённое сопротивление установлению советской власти в Средней Азии; началось после того, как войска РСФСР уничтожили Кокандскую автономию в феврале 1918 года", "source": "Атлас російського імперіалізму та колоніалізму (УІФ, 2026), розд. 44; наша база: окна слоя реконструкции 1917-1921 (tools/build_zones_1917_1921.py)", "confidence": "средняя", "note": "ОТДЕЛЬНОГО ВЫЧИТАНИЯ НЕ ДЕЛАЕМ: Восточная Бухара и Хорезм уже вычтены окнами слоя реконструкции 1917-1921, а ферганские отряды держали кишлаки, но не города и не железные дороги - бинарной заливкой это не рисуется", "paint": "none", "hold_from": "", "hold_to": "", "hold_note": "", "geometry_source": "ne:Uzbekistan:Ferghana|Andijon|Namangan|Bukhoro|Khorezm;ne:Tajikistan:Khatlon|Gorno-Badakhshan;ne:Turkmenistan:*", "approximate": true}, "geometry": {"type": "MultiPolygon", "coordinates": [[[[64.304, 36.212], [64.266, 36.152], [64.159, 36.16], [64.057, 36.105], [64.045, 35.999], [63.89, 36.03], [63.582, 35.959], [63.43, 35.871], [63.104, 35.856], [63.112, 35.77], [63.214, 35.699], [63.077, 35.625], [63.08, 35.437], [62.621, 35.223], [62.432, 35.281], [62.286, 35.141], [62.234, 35.294], [62.007, 35.439], [61.605, 35.431], [61.393, 35.554], [61.352, 35.628], [61.245, 35.649], [61.241, 35.894], [61.13, 35.971], [61.225, 36.124], [61.147, 36.357], [61.166, 36.636], [60.342, 36.637], [60.019, 37.026], [59.653, 37.15], [59.605, 37.124], [59.556, 37.198], [59.462, 37.208], [59.37, 37.319], [59.312, 37.53], [59.212, 37.516], [58.801, 37.695], [58.682, 37.643], [58.53, 37.7], [58.48, 37.644], [58.358, 37.633], [58.207, 37.679], [58.157, 37.788], [57.352, 37.968], [57.344, 38.081], [57.186, 38.276], [57.038, 38.187], [56.729, 38.271], [56.436, 38.255], [56.303, 38.179], [56.315, 38.089], [56.214, 38.069], [55.738, 38.119], [55.447, 38.084], [55.13, 37.952], [54.857, 37.761], [54.787, 37.652], [54.788, 37.525], [54.654, 37.439], [54.533, 37.441], [54.206, 37.325], [53.914, 37.343], [53.825, 37.745], [53.807, 38.032], [53.868, 38.308], [53.827, 38.525], [53.983, 38.916], [53.86, 39.035], [53.767, 39.031], [53.722, 39.111], [53.732, 39.057], [53.702, 39.079], [53.725, 39.242], [53.66, 39.2], [53.684, 39.083], [53.609, 39.236], [53.568, 39.193], [53.562, 39.353], [53.389, 39.311], [53.403, 39.338], [53.239, 39.365], [53.15, 39.344], [53.198, 39.324], [53.161, 39.18], [53.085, 39.4], [53.276, 39.665], [53.314, 39.659], [53.217, 39.525], [53.427, 39.536], [53.568, 39.468], [53.574, 39.527], [53.615, 39.495], [53.733, 39.528], [53.533, 39.68], [53.54, 39.632], [53.444, 39.701], [53.451, 39.632], [53.417, 39.65], [53.43, 39.763], [53.382, 39.769], [53.574, 39.968], [53.402, 40.007], [53.283, 39.94], [53.172, 39.997], [52.975, 39.974], [52.914, 40.022], [52.93, 39.896], [53.054, 39.763], [53.008, 39.766], [52.884, 39.945], [52.738, 40.054], [52.768, 40.154], [52.699, 40.274], [52.737, 40.485], [52.863, 40.658], [52.828, 40.711], [52.923, 40.941], [52.917, 41.085], [53.04, 40.886], [53.122, 40.872], [53.065, 40.844], [53.119, 40.77], [53.266, 40.817], [53.245, 40.775], [53.331, 40.776], [53.37, 40.835], [53.399, 40.763], [53.483, 40.737], [53.555, 40.774], [53.587, 40.892], [53.625, 40.887], [53.721, 40.626], [54.011, 40.658], [54.088, 40.682], [54.054, 40.715], [54.171, 40.73], [54.232, 40.728], [54.253, 40.677], [54.404, 40.674], [54.363, 40.688], [54.43, 40.721], [54.318, 40.722], [54.25, 40.891], [54.361, 40.917], [54.466, 40.866], [54.438, 40.817], [54.475, 40.81], [54.64, 40.839], [54.76, 40.965], [54.678, 41.071], [54.767, 41.037], [54.6, 41.192], [54.074, 41.488], [54.009, 41.765], [53.899, 41.905], [53.907, 42.063], [53.819, 42.124], [53.164, 42.104], [52.96, 41.984], [52.769, 41.676], [52.917, 41.674], [52.813, 41.379], [52.91, 41.123], [52.882, 41.05], [52.761, 41.378], [52.562, 41.519], [52.593, 41.646], [52.438, 41.749], [52.979, 42.127], [53.412, 42.258], [54.123, 42.338], [54.907, 41.932], [54.951, 41.796], [55.228, 41.473], [55.478, 41.267], [55.91, 41.327], [57.01, 41.254], [57.161, 41.368], [57.02, 41.466], [56.96, 41.647], [56.978, 41.895], [57.382, 42.164], [57.85, 42.191], [57.827, 42.227], [57.937, 42.354], [57.909, 42.43], [58.016, 42.5], [58.325, 42.432], [58.385, 42.388], [58.398, 42.288], [58.491, 42.298], [58.306, 42.529], [58.121, 42.624], [58.258, 42.69], [58.535, 42.655], [58.588, 42.791], [58.894, 42.548], [59.146, 42.527], [59.287, 42.336], [59.426, 42.287], [59.866, 42.304], [60.04, 42.186], [59.984, 42.146], [59.997, 42.011], [59.918, 41.952], [60.141, 41.874], [60.151, 41.948], [60.297, 42.003], [60.445, 41.975], [60.55, 41.777], [60.652, 41.757], [60.738, 41.64], [61.191, 41.39], [61.269, 41.302], [61.34, 41.288], [61.466, 41.39], [61.76, 41.339], [62.172, 40.99], [62.465, 41.081], [62.18, 41.392], [62.619, 41.492], [62.979, 41.075], [63.376, 40.945], [63.677, 40.804], [63.735, 40.726], [63.854, 40.758], [64.043, 40.97], [64.165, 40.797], [64.435, 40.773], [64.488, 40.878], [64.781, 40.952], [64.847, 40.77], [64.916, 40.733], [65.365, 40.71], [65.34, 40.528], [65.248, 40.53], [65.134, 40.336], [64.85, 40.351], [64.844, 40.237], [64.905, 40.171], [64.83, 40.15], [64.59, 39.908], [64.763, 39.748], [64.983, 39.7], [65.138, 39.464], [64.845, 39.267], [64.885, 39.164], [64.521, 39.056], [64.368, 38.94], [64.635, 38.744], [64.978, 38.612], [65.604, 38.237], [65.74, 38.224], [65.877, 38.273], [66.408, 38.043], [66.59, 38.013], [66.646, 37.946], [66.519, 37.783], [66.493, 37.522], [66.547, 37.451], [66.47, 37.33], [66.163, 37.377], [65.761, 37.578], [65.659, 37.51], [65.624, 37.345], [65.537, 37.257], [65.063, 37.233], [64.779, 37.118], [64.779, 36.938], [64.589, 36.58], [64.594, 36.424], [64.498, 36.291], [64.304, 36.212]]], [[[68.05, 37.76], [68.122, 37.908], [68.238, 37.943], [68.454, 37.907], [68.541, 38.012], [68.519, 38.102], [68.609, 38.328], [68.822, 38.327], [68.927, 38.393], [69.181, 38.437], [69.374, 38.325], [69.713, 38.616], [69.797, 38.595], [69.987, 38.734], [70.16, 38.632], [70.164, 38.546], [70.229, 38.6], [70.353, 38.607], [70.439, 38.516], [70.594, 38.658], [70.549, 38.721], [70.733, 38.804], [70.781, 38.759], [71.006, 38.803], [71.042, 38.607], [71.178, 38.608], [71.278, 38.489], [71.372, 38.514], [71.427, 38.475], [71.605, 38.637], [71.751, 38.646], [72.063, 38.808], [72.007, 38.885], [72.027, 38.957], [72.22, 39.128], [72.316, 39.329], [72.634, 39.394], [73.168, 39.355], [73.512, 39.467], [73.633, 39.448], [73.608, 39.207], [73.826, 38.977], [73.681, 38.873], [73.816, 38.587], [74.029, 38.527], [74.037, 38.598], [74.123, 38.669], [74.334, 38.667], [74.833, 38.464], [74.838, 38.379], [74.771, 38.292], [74.791, 38.081], [74.88, 38.022], [74.886, 37.831], [74.965, 37.767], [74.892, 37.599], [75.164, 37.401], [74.892, 37.231], [74.66, 37.394], [74.521, 37.376], [74.316, 37.427], [74.224, 37.403], [74.188, 37.338], [73.709, 37.217], [73.597, 37.262], [73.739, 37.338], [73.753, 37.428], [73.485, 37.481], [73.296, 37.465], [73.068, 37.315], [72.791, 37.22], [72.658, 37.029], [72.26, 36.967], [71.837, 36.699], [71.653, 36.687], [71.553, 36.77], [71.431, 37.067], [71.53, 37.761], [71.59, 37.816], [71.598, 37.898], [71.537, 37.944], [71.341, 37.893], [71.258, 37.926], [71.358, 38.251], [70.974, 38.474], [70.936, 38.433], [70.665, 38.405], [70.47, 38.121], [70.254, 37.973], [70.262, 37.939], [70.172, 37.946], [70.283, 37.705], [70.158, 37.541], [70.008, 37.549], [69.919, 37.617], [69.509, 37.579], [69.378, 37.437], [69.442, 37.224], [69.324, 37.121], [69.246, 37.104], [68.985, 37.32], [68.888, 37.338], [68.916, 37.279], [68.836, 37.329], [68.82, 37.251], [68.669, 37.278], [68.627, 37.206], [68.288, 37.103], [68.278, 37.01], [68.186, 37.018], [68.02, 36.926], [67.773, 37.11], [67.829, 37.528], [68.05, 37.76]]], [[[71.628, 40.259], [71.593, 40.198], [71.521, 40.204], [71.254, 40.324], [71.201, 40.264], [70.622, 40.2], [70.524, 40.344], [70.371, 40.365], [70.37, 40.476], [70.478, 40.505], [70.767, 40.738], [70.637, 40.771], [70.629, 40.816], [70.705, 40.807], [70.458, 41.016], [70.401, 41.319], [70.471, 41.405], [70.668, 41.471], [70.769, 41.352], [70.77, 41.239], [71.025, 41.19], [71.18, 41.108], [71.206, 41.189], [71.276, 41.113], [71.325, 41.157], [71.394, 41.113], [71.419, 41.347], [71.524, 41.297], [71.586, 41.324], [71.637, 41.431], [71.595, 41.494], [71.671, 41.547], [71.672, 41.425], [71.745, 41.453], [71.847, 41.342], [71.872, 41.194], [72.034, 41.157], [72.158, 41.188], [72.165, 40.999], [72.332, 41.073], [72.658, 40.867], [72.869, 40.864], [72.87, 40.818], [73.003, 40.87], [73.143, 40.834], [73.118, 40.783], [72.784, 40.67], [72.748, 40.575], [72.664, 40.578], [72.625, 40.511], [72.352, 40.602], [72.363, 40.512], [72.426, 40.459], [72.394, 40.389], [72.166, 40.454], [71.957, 40.316], [72.025, 40.251], [71.836, 40.249], [71.693, 40.141], [71.628, 40.259]], [[70.617, 40.994], [70.55, 41.015], [70.608, 40.951], [70.645, 40.935], [70.617, 40.994]]], [[[71.208, 39.889], [71.009, 39.886], [71.05, 39.963], [70.958, 40.063], [70.977, 40.145], [71.244, 40.047], [71.175, 39.994], [71.208, 39.889]]], [[[53.026, 39.039], [53.088, 39.083], [53.054, 39.027], [53.102, 38.755], [53.026, 39.039]]], [[[71.757, 39.903], [71.666, 39.94], [71.786, 39.99], [71.757, 39.903]]], [[[53.463, 39.574], [53.513, 39.591], [53.54, 39.54], [53.492, 39.509], [53.463, 39.574]]]]}}, {"type": "Feature", "properties": {"name": "tambov_1920", "name_ru": "Тамбовское восстание 1920-1921", "people": "русские крестьяне", "from": "1920-08-19", "to": "1921-07-01", "from_raw": "1920-08-19", "to_raw": "1921-07", "territory": "Тамбовская губерния", "kind": "peasant", "kind_ru": "крестьянское выступление", "event": "крестьянская война против продразвёрстки - повстанческие армии и «Союз трудового крестьянства» со своим самоуправлением в сёлах", "source": "Атлас російського імперіалізму та колоніалізму (УІФ, 2026), розд. 44; справочная литература по 1921 году", "confidence": "высокая", "note": "УДЕРЖАНИЯ НЕТ в нашем смысле: повстанцы держали сёла, а города, железные дороги и уездные центры оставались за империей. Бинарной заливкой село без города не рисуется - вычитать целую губернию значило бы соврать", "paint": "none", "hold_from": "", "hold_to": "", "hold_note": "", "geometry_source": "ne:Russia:Tambov", "approximate": true}, "geometry": {"type": "Polygon", "coordinates": [[[40.08, 52.804], [40.145, 53.088], [40.116, 53.298], [40.305, 53.375], [40.389, 53.345], [40.423, 53.494], [40.481, 53.454], [40.687, 53.565], [40.852, 53.482], [40.927, 53.505], [41.167, 53.431], [41.349, 53.549], [41.351, 53.753], [41.4, 53.783], [42.134, 53.812], [42.087, 53.736], [42.121, 53.689], [42.101, 53.528], [42.278, 53.468], [42.313, 53.436], [42.253, 53.371], [42.354, 53.368], [42.555, 53.207], [42.512, 53.166], [42.545, 53.12], [42.92, 52.963], [43.238, 52.656], [43.042, 52.561], [43.096, 52.515], [43.001, 52.503], [43.08, 52.403], [42.92, 52.37], [42.922, 52.305], [42.752, 52.174], [42.751, 52.078], [42.806, 52.012], [42.703, 51.982], [42.651, 51.813], [42.483, 51.684], [42.489, 51.608], [42.421, 51.636], [42.274, 51.6], [42.192, 51.726], [42.119, 51.714], [42.117, 51.643], [41.952, 51.656], [41.5, 51.801], [41.436, 51.764], [41.299, 51.795], [41.278, 51.737], [41.066, 51.71], [40.888, 51.747], [40.938, 51.89], [40.504, 51.954], [40.512, 52.035], [40.632, 52.066], [40.616, 52.129], [40.702, 52.226], [40.684, 52.289], [40.336, 52.399], [39.953, 52.654], [39.984, 52.71], [39.953, 52.743], [40.08, 52.804]]]}}, {"type": "Feature", "properties": {"name": "west_siberia_1921", "name_ru": "Западно-Сибирское восстание 1921", "people": "русские и сибирские крестьяне, казахи", "from": "1921-01-31", "to": "1921-12-01", "from_raw": "1921-01-31", "to_raw": "1921-12", "territory": "Тюменская, Омская, Челябинская, Екатеринбургская губернии", "kind": "peasant", "kind_ru": "крестьянское выступление", "event": "крестьянская война против продразвёрстки; повстанцы захватили Тобольск 21.02.1921 и удерживали его до 08.04.1921, перерезали железную дорогу на Москву", "source": "Атлас російського імперіалізму та колоніалізму (УІФ, 2026), розд. 44; справочная литература по 1921 году", "confidence": "высокая", "note": "УДЕРЖАНИЯ НЕТ: Тобольск удерживался шесть с половиной недель, порога в год нет", "paint": "none", "hold_from": "", "hold_to": "", "hold_note": "", "geometry_source": "ne:Russia:Tyumen'|Omsk|Kurgan|Chelyabinsk", "approximate": true}, "geometry": {"type": "Polygon", "coordinates": [[[63.157, 54.18], [63.085, 54.086], [62.581, 54.054], [62.525, 53.872], [62.39, 53.942], [62.444, 53.992], [62.413, 54.027], [62.003, 54.017], [62.004, 53.932], [61.856, 53.943], [61.791, 54.001], [61.62, 53.993], [61.582, 53.948], [61.338, 54.063], [61.194, 54.018], [61.211, 53.908], [61.145, 53.95], [60.996, 53.941], [60.978, 53.883], [61.085, 53.875], [61.199, 53.797], [61.008, 53.636], [60.88, 53.633], [61.281, 53.542], [61.503, 53.589], [61.555, 53.506], [61.412, 53.436], [61.235, 53.503], [61.137, 53.373], [61.163, 53.299], [61.514, 53.209], [61.643, 53.243], [61.764, 53.169], [62.051, 53.125], [62.116, 53.065], [62.094, 52.992], [61.959, 52.935], [61.82, 52.978], [61.606, 52.948], [61.448, 53.021], [60.975, 52.971], [61.058, 52.922], [60.696, 52.735], [60.673, 52.672], [60.803, 52.628], [60.815, 52.522], [60.936, 52.489], [61.04, 52.335], [60.672, 52.144], [60.507, 52.152], [60.203, 51.993], [60.03, 51.993], [59.914, 52.1], [59.963, 52.176], [60.15, 52.278], [60.144, 52.426], [59.937, 52.43], [59.81, 52.497], [59.685, 52.428], [59.273, 52.494], [59.175, 52.277], [58.979, 52.372], [58.976, 52.43], [58.8, 52.439], [58.766, 52.517], [58.839, 52.541], [58.724, 52.645], [58.784, 52.725], [58.747, 52.854], [58.836, 53.001], [59.028, 53.015], [58.907, 53.055], [58.891, 53.188], [58.823, 53.211], [58.902, 53.549], [58.821, 53.596], [58.907, 53.654], [58.872, 53.751], [58.948, 53.9], [58.923, 53.935], [58.956, 53.975], [59.154, 53.984], [59.322, 54.182], [59.535, 54.198], [59.729, 54.139], [59.727, 54.194], [59.803, 54.254], [59.667, 54.34], [59.746, 54.447], [59.679, 54.498], [59.87, 54.613], [59.974, 54.796], [59.919, 54.832], [59.944, 54.857], [59.806, 54.846], [59.632, 54.911], [59.412, 54.707], [59.228, 54.611], [59.061, 54.632], [58.614, 54.47], [58.354, 54.547], [57.961, 54.392], [57.743, 54.501], [57.747, 54.579], [57.58, 54.635], [57.581, 54.673], [57.165, 54.819], [57.156, 54.867], [57.244, 54.951], [57.137, 55.092], [57.24, 55.158], [57.215, 55.223], [57.257, 55.258], [57.518, 55.334], [58.03, 55.275], [58.144, 55.209], [57.964, 55.167], [58.031, 55.075], [57.962, 54.946], [58.001, 54.917], [58.106, 54.957], [58.089, 55.02], [58.193, 55.084], [58.141, 55.114], [58.299, 55.174], [58.372, 55.155], [58.364, 55.084], [58.433, 55.057], [58.387, 55.0], [58.523, 55.022], [58.551, 54.953], [58.816, 55.025], [58.756, 55.112], [58.578, 55.162], [58.665, 55.19], [58.745, 55.156], [58.803, 55.214], [58.727, 55.257], [58.921, 55.279], [58.848, 55.298], [58.872, 55.323], [58.97, 55.311], [58.997, 55.244], [59.159, 55.332], [59.201, 55.45], [59.475, 55.468], [59.641, 55.565], [59.498, 55.58], [59.437, 55.633], [59.24, 55.584], [59.344, 55.644], [59.28, 55.694], [59.313, 55.775], [59.154, 55.8], [59.23, 55.906], [59.173, 56.005], [59.281, 56.055], [59.296, 56.131], [59.064, 56.156], [58.997, 56.209], [59.135, 56.206], [59.165, 56.255], [59.115, 56.312], [59.194, 56.352], [59.701, 56.306], [59.661, 56.252], [59.789, 56.233], [59.921, 56.265], [60.199, 56.208], [60.751, 56.237], [60.909, 56.188], [61.157, 56.222], [61.084, 56.326], [61.15, 56.376], [61.267, 56.331], [61.373, 56.369], [61.529, 56.299], [61.642, 56.319], [61.852, 56.186], [62.072, 56.134], [62.075, 56.288], [62.253, 56.363], [62.333, 56.469], [62.542, 56.578], [62.603, 56.567], [62.624, 56.498], [63.001, 56.598], [63.306, 56.578], [63.357, 56.515], [63.408, 56.624], [63.846, 56.49], [64.173, 56.468], [64.236, 56.511], [64.212, 56.594], [64.361, 56.658], [64.337, 56.753], [64.838, 56.842], [64.955, 56.773], [65.174, 56.779], [65.237, 56.924], [65.068, 56.908], [64.991, 57.054], [64.99, 57.237], [64.827, 57.31], [64.884, 57.35], [64.843, 57.451], [65.001, 57.598], [64.839, 57.641], [65.428, 57.834], [65.473, 57.777], [65.54, 57.78], [65.655, 57.836], [65.663, 57.887], [66.197, 58.033], [65.99, 58.32], [65.935, 58.614], [66.38, 58.589], [66.741, 58.67], [66.783, 58.7], [66.779, 58.932], [66.966, 58.975], [67.071, 58.925], [67.564, 59.093], [67.742, 59.212], [68.358, 59.283], [68.571, 59.574], [68.844, 59.621], [69.295, 59.783], [69.071, 59.897], [69.306, 59.989], [69.535, 59.985], [69.616, 59.905], [70.155, 59.9], [70.399, 59.817], [70.798, 59.863], [70.986, 59.819], [71.188, 59.909], [71.296, 59.799], [72.016, 59.559], [72.437, 59.303], [72.444, 59.226], [72.524, 59.155], [72.647, 59.106], [72.926, 59.144], [72.976, 59.099], [72.95, 59.017], [73.093, 58.952], [73.032, 58.863], [73.444, 58.818], [73.633, 58.854], [73.979, 58.806], [74.1, 58.739], [74.743, 58.748], [74.899, 58.696], [75.009, 58.717], [75.159, 58.65], [75.105, 58.581], [75.304, 58.451], [75.069, 58.343], [75.222, 58.222], [75.08, 58.119], [75.557, 57.931], [75.584, 57.662], [75.727, 57.599], [75.859, 57.399], [75.992, 57.385], [76.109, 57.25], [76.285, 56.737], [75.846, 56.462], [76.139, 56.447], [76.081, 56.414], [76.111, 56.324], [76.299, 56.237], [76.314, 56.185], [75.763, 56.141], [75.7, 56.071], [75.55, 56.048], [75.311, 55.89], [75.3, 55.842], [75.375, 55.808], [75.352, 55.768], [75.087, 55.754], [75.234, 55.66], [75.136, 55.597], [75.321, 55.54], [75.097, 55.382], [75.257, 55.266], [75.255, 55.137], [75.394, 55.037], [75.337, 54.919], [75.535, 54.9], [75.5, 54.837], [75.65, 54.809], [75.703, 54.694], [75.794, 54.699], [75.83, 54.615], [75.793, 54.555], [75.685, 54.531], [75.691, 54.113], [75.361, 54.06], [75.434, 53.987], [75.028, 53.808], [74.772, 53.831], [74.616, 53.681], [74.453, 53.685], [74.421, 53.603], [74.457, 53.57], [74.388, 53.462], [74.27, 53.515], [74.223, 53.595], [74.077, 53.566], [74.058, 53.625], [73.937, 53.64], [73.66, 53.612], [73.424, 53.433], [73.347, 53.459], [73.391, 53.52], [73.231, 53.572], [73.23, 53.662], [73.307, 53.686], [73.347, 53.788], [73.438, 53.809], [73.391, 53.828], [73.432, 53.865], [73.683, 53.874], [73.741, 54.058], [73.67, 54.076], [73.589, 54.066], [73.604, 54.035], [73.528, 54.011], [73.506, 53.95], [73.393, 53.974], [73.36, 53.938], [73.063, 53.979], [72.942, 54.122], [72.573, 54.129], [72.503, 54.051], [72.656, 54.043], [72.7, 53.958], [72.557, 53.977], [72.392, 53.908], [72.419, 54.016], [72.358, 54.093], [72.483, 54.136], [72.299, 54.178], [72.324, 54.253], [72.185, 54.357], [72.043, 54.378], [72.103, 54.312], [72.067, 54.222], [72.17, 54.197], [72.178, 54.136], [72.1, 54.132], [71.984, 54.232], [71.762, 54.248], [71.709, 54.132], [71.647, 54.109], [71.477, 54.11], [71.453, 54.181], [71.321, 54.201], [71.161, 54.102], [71.044, 54.186], [71.052, 54.263], [70.971, 54.305], [71.191, 54.318], [71.141, 54.564], [71.265, 54.662], [71.201, 54.724], [71.006, 54.774], [70.946, 54.888], [70.977, 55.078], [70.793, 55.233], [70.82, 55.294], [70.441, 55.283], [70.382, 55.206], [70.214, 55.132], [69.94, 55.2], [69.674, 55.334], [69.335, 55.385], [69.186, 55.326], [69.123, 55.398], [68.943, 55.435], [68.902, 55.412], [68.977, 55.347], [68.971, 55.279], [68.701, 55.36], [68.605, 55.196], [68.177, 55.171], [68.308, 55.073], [68.166, 54.956], [67.882, 54.97], [67.698, 54.868], [67.311, 54.86], [67.213, 54.797], [65.977, 54.612], [65.933, 54.703], [65.744, 54.601], [65.45, 54.627], [65.449, 54.557], [65.198, 54.516], [65.184, 54.31], [65.085, 54.309], [64.911, 54.403], [64.72, 54.334], [64.579, 54.386], [64.004, 54.32], [64.008, 54.229], [63.897, 54.194], [63.709, 54.25], [63.368, 54.163], [63.157, 54.18]]]}}, {"type": "Feature", "properties": {"name": "kronstadt_1921", "name_ru": "Кронштадт 1921", "people": "моряки и рабочие Кронштадта", "from": "1921-02-28", "to": "1921-03-18", "from_raw": "1921-02-28", "to_raw": "1921-03-18", "territory": "Кронштадт", "kind": "military", "kind_ru": "выступление войск", "event": "выступление гарнизона и рабочих под лозунгом «Советы без коммунистов»; разбито штурмом по льду", "source": "Атлас російського імперіалізму та колоніалізму (УІФ, 2026), розд. 44; справочная литература по 1921 году", "confidence": "высокая", "note": "УДЕРЖАНИЯ НЕТ: восемнадцать дней на острове - меньше порога в год", "paint": "none", "hold_from": "", "hold_to": "", "hold_note": "", "geometry_source": "ne:Russia:City of St. Petersburg", "approximate": true}, "geometry": {"type": "MultiPolygon", "coordinates": [[[[30.162, 59.868], [30.246, 59.975], [29.948, 60.03], [29.849, 60.167], [29.421, 60.183], [29.633, 60.266], [30.39, 60.123], [30.35, 60.063], [30.527, 59.97], [30.512, 59.862], [30.756, 59.777], [30.748, 59.726], [30.556, 59.686], [30.469, 59.62], [30.259, 59.61], [29.85, 59.828], [29.68, 59.869], [29.697, 59.95], [30.162, 59.868]]], [[[29.787, 59.975], [29.657, 60.025], [29.714, 60.022], [29.787, 59.975]]]]}}, {"type": "Feature", "properties": {"name": "tungus_1924", "name_ru": "Тунгусское восстание 1924-1925", "people": "эвенки (тунгусы), якуты", "from": "1924-05-10", "to": "1925-07-18", "from_raw": "1924-05-10", "to_raw": "1925-07-18", "territory": "Аяно-Нельканская земля, Охотское побережье, восток Якутии", "kind": "national", "kind_ru": "антиколониальное национальное выступление", "event": "отряд Михаила Артемьева занял Нелькан 10.05.1924, 06.06.1924 после восемнадцатичасового боя взят порт Аян; съезд аяно-нельканских, охотско-аянских и маймаканских тунгусов и якутов избрал Временное центральное тунгусское национальное управление во главе с К. Стручковым, объявил полную независимость тунгусской нации и принял бело-зелёно-чёрный флаг; 09.05.1925 подписан мирный договор с СССР и управление самораспустилось, отряд Павла Карамзина сложил оружие 18.07.1925", "source": "Тунгусское национальное восстание 1924-1925 гг. (КиберЛенинка); Тунгусское восстание и Временное центральное тунгусское национальное управление (ru.wikipedia, fccland.ru); опись - data/sources/registry.json", "confidence": "средняя", "note": "около 600 участников из 13 тысяч тунгусов края; взятых в плен солдат и сотрудников ОГПУ повстанцы отпускали живыми; требования мирной делегации - отделить Охотское побережье от Дальнего Востока и присоединить к Якутии, право самим решать свои дела, устранить от власти коммунистов, проводивших политику террора; с 1927 года участников репрессировали", "paint": "shown_elsewhere", "hold_from": "1924-05-10", "hold_to": "1925-05-09", "hold_note": "землю держали год: советской администрации в Аяно-Нельканском краю не было. Вырез из красного делает слой потерь контроля (эпизод tungus-1924 в tools/build_losses.py) - здесь paint=shown_elsewhere, чтобы не вычитать дважды", "geometry_source": "file:data/khabarovsk/ayano_maysky.geojson", "approximate": true}, "geometry": {"type": "MultiPolygon", "coordinates": [[[[137.113, 59.213], [137.441, 59.142], [137.592, 59.227], [137.651, 59.161], [137.767, 59.138], [137.931, 59.162], [138.064, 59.239], [138.282, 59.201], [138.291, 59.139], [138.164, 59.055], [138.103, 58.917], [138.189, 58.856], [138.129, 58.787], [138.196, 58.691], [138.373, 58.622], [138.362, 58.513], [138.656, 58.39], [138.82, 58.405], [138.975, 58.324], [139.191, 58.322], [139.233, 58.265], [139.213, 58.21], [139.524, 58.171], [139.65, 58.098], [139.687, 57.975], [139.787, 57.954], [139.808, 57.905], [139.921, 57.926], [139.937, 57.979], [140.053, 57.973], [140.061, 58.043], [140.203, 57.981], [140.329, 58.014], [140.402, 57.951], [140.55, 58.017], [140.495, 57.85], [140.307, 57.747], [140.009, 57.706], [139.793, 57.486], [139.61, 57.464], [139.494, 57.335], [139.183, 57.271], [139.027, 57.137], [138.927, 57.143], [138.929, 57.064], [138.873, 57.014], [138.796, 57.03], [138.627, 56.967], [138.556, 56.827], [138.579, 56.785], [138.545, 56.8], [138.562, 56.866], [138.455, 56.848], [138.393, 56.733], [138.257, 56.664], [138.272, 56.62], [138.113, 56.579], [138.134, 56.493], [138.256, 56.468], [138.23, 56.423], [138.155, 56.459], [138.065, 56.439], [138.042, 56.379], [137.918, 56.365], [137.724, 56.136], [137.436, 56.043], [137.395, 55.947], [137.303, 55.967], [137.093, 55.857], [137.053, 55.787], [136.852, 55.74], [136.757, 55.644], [136.716, 55.668], [136.255, 55.505], [136.11, 55.526], [135.902, 55.44], [135.787, 55.462], [135.607, 55.51], [135.538, 55.593], [135.584, 55.665], [135.435, 55.698], [135.315, 55.634], [135.102, 55.666], [134.873, 55.63], [134.852, 55.583], [134.745, 55.607], [134.752, 55.552], [134.686, 55.531], [134.588, 55.627], [134.262, 55.752], [134.091, 55.707], [134.005, 55.748], [133.918, 55.704], [133.81, 55.738], [133.829, 55.666], [133.661, 55.634], [133.244, 55.663], [133.035, 55.569], [132.678, 55.591], [132.558, 55.71], [132.415, 55.746], [132.264, 55.743], [132.156, 55.679], [131.971, 55.714], [131.94, 55.659], [131.827, 55.648], [131.638, 55.709], [131.578, 55.655], [131.493, 55.697], [131.335, 55.651], [131.227, 55.695], [131.143, 55.644], [130.953, 55.712], [130.963, 55.81], [130.86, 55.917], [130.936, 55.961], [130.895, 56.014], [130.978, 56.087], [130.991, 56.168], [131.132, 56.268], [131.104, 56.41], [131.222, 56.521], [131.341, 56.528], [131.428, 56.453], [131.408, 56.509], [131.492, 56.566], [131.634, 56.527], [131.648, 56.455], [131.682, 56.496], [131.731, 56.474], [131.644, 56.539], [131.703, 56.572], [131.665, 56.62], [131.72, 56.666], [131.68, 56.681], [131.837, 56.77], [131.773, 56.865], [131.5, 57.024], [131.498, 57.109], [131.313, 57.192], [131.192, 57.168], [131.201, 57.207], [131.122, 57.259], [131.208, 57.262], [131.281, 57.336], [131.347, 57.277], [131.488, 57.264], [131.612, 57.31], [131.606, 57.427], [131.781, 57.538], [131.724, 57.578], [132.071, 57.687], [131.878, 57.848], [131.754, 57.875], [131.798, 57.935], [131.582, 58.021], [131.644, 58.08], [131.445, 58.182], [131.668, 58.209], [131.831, 58.166], [131.985, 58.052], [132.137, 58.08], [131.984, 58.158], [132.111, 58.278], [132.198, 58.255], [132.225, 58.385], [132.14, 58.515], [132.431, 58.511], [132.385, 58.56], [132.546, 58.659], [132.502, 58.679], [132.536, 58.782], [132.489, 58.796], [132.592, 58.893], [132.774, 58.884], [132.846, 58.99], [132.749, 59.019], [132.822, 59.045], [132.827, 59.118], [132.934, 59.105], [133.171, 59.241], [133.284, 59.228], [133.513, 59.312], [133.634, 59.229], [134.032, 59.262], [134.486, 59.139], [134.565, 59.204], [134.721, 59.219], [134.749, 59.153], [134.953, 59.169], [135.182, 59.112], [135.304, 59.196], [135.261, 59.236], [135.349, 59.335], [135.688, 59.509], [135.826, 59.526], [136.085, 59.42], [136.317, 59.424], [136.758, 59.337], [137.005, 59.435], [137.157, 59.424], [137.181, 59.357], [137.113, 59.213]]], [[[139.846, 57.452], [139.854, 57.446], [139.842, 57.452], [139.846, 57.452]]], [[[138.386, 56.698], [138.39, 56.701], [138.391, 56.701], [138.386, 56.698]]], [[[138.479, 56.813], [138.479, 56.815], [138.48, 56.815], [138.479, 56.813]]], [[[138.389, 56.696], [138.387, 56.694], [138.388, 56.696], [138.389, 56.696]]], [[[138.4, 56.7], [138.399, 56.701], [138.4, 56.701], [138.4, 56.7]]], [[[138.816, 57.007], [138.817, 57.006], [138.816, 57.006], [138.816, 57.007]]]]}}, {"type": "Feature", "properties": {"name": "forest_brothers_1944", "name_ru": "«Лесные братья» 1944-1956", "people": "литовцы, латыши, эстонцы", "from": "1944-01-01", "to": "1956-01-01", "from_raw": "1944", "to_raw": "1956", "territory": "Литва, Латвия, Эстония", "kind": "underground", "kind_ru": "вооружённое подполье", "event": "партизанские отряды прибалтийских республик: нападения на советские гарнизоны и карательные органы, распространение антикоммунистической информации", "source": "Атлас російського імперіалізму та колоніалізму (УІФ, 2026), розд. 51, п. 2", "confidence": "высокая", "note": "литовские партизаны в 1948 г. создали «Союз борцов за свободу Литвы» во главе с Йонасом Жямайтисом-Витаутасом; последний командир Адольфас Раманаускас арестован в 1956 г. и казнён в следующем году", "paint": "none", "hold_from": "", "hold_to": "", "hold_note": "", "geometry_source": "ne:Lithuania:*;ne:Latvia:*;ne:Estonia:*", "approximate": true}, "geometry": {"type": "MultiPolygon", "coordinates": [[[[22.725, 54.723], [22.833, 54.779], [22.844, 54.832], [22.752, 54.931], [22.633, 54.958], [22.565, 55.068], [22.05, 55.034], [22.003, 55.093], [21.504, 55.194], [21.375, 55.29], [21.268, 55.249], [21.257, 55.369], [21.189, 55.339], [21.248, 55.442], [21.147, 55.678], [21.061, 55.789], [21.053, 56.078], [20.969, 56.253], [21.006, 56.52], [21.031, 56.408], [21.08, 56.403], [21.058, 56.504], [20.992, 56.549], [21.058, 56.689], [21.053, 56.829], [21.382, 57.009], [21.421, 57.289], [21.699, 57.555], [22.484, 57.742], [22.61, 57.755], [22.591, 57.645], [22.656, 57.586], [23.13, 57.371], [23.261, 57.099], [23.585, 56.979], [23.953, 57.013], [24.379, 57.23], [24.409, 57.298], [24.375, 57.613], [24.286, 57.833], [24.464, 58.072], [24.471, 58.251], [24.551, 58.334], [24.362, 58.397], [24.243, 58.28], [24.112, 58.241], [23.98, 58.318], [23.741, 58.343], [23.677, 58.435], [23.679, 58.524], [23.561, 58.583], [23.501, 58.562], [23.498, 58.697], [23.547, 58.71], [23.533, 58.747], [23.803, 58.731], [23.785, 58.778], [23.874, 58.772], [23.784, 58.801], [23.429, 58.765], [23.526, 58.82], [23.422, 58.929], [23.628, 58.979], [23.622, 59.015], [23.56, 59.053], [23.614, 59.011], [23.553, 58.971], [23.408, 59.026], [23.518, 59.073], [23.471, 59.212], [23.642, 59.257], [23.73, 59.23], [23.757, 59.284], [24.081, 59.271], [24.035, 59.389], [24.222, 59.355], [24.163, 59.402], [24.306, 59.419], [24.334, 59.471], [24.643, 59.436], [24.622, 59.471], [24.675, 59.496], [24.773, 59.45], [24.816, 59.489], [24.773, 59.56], [24.803, 59.571], [24.934, 59.508], [25.098, 59.498], [25.146, 59.539], [25.409, 59.491], [25.416, 59.527], [25.544, 59.535], [25.485, 59.67], [25.677, 59.566], [25.719, 59.588], [25.695, 59.671], [25.826, 59.575], [25.883, 59.631], [25.945, 59.595], [25.989, 59.634], [26.091, 59.586], [26.665, 59.552], [26.938, 59.45], [27.873, 59.408], [28.019, 59.482], [28.186, 59.375], [28.001, 59.334], [28.077, 59.305], [27.882, 59.276], [27.713, 58.992], [27.478, 58.875], [27.411, 58.755], [27.555, 58.395], [27.494, 58.32], [27.495, 58.221], [27.63, 58.088], [27.665, 57.918], [27.799, 57.861], [27.525, 57.807], [27.554, 57.795], [27.502, 57.773], [27.508, 57.715], [27.391, 57.68], [27.382, 57.603], [27.328, 57.583], [27.353, 57.528], [27.528, 57.528], [27.511, 57.43], [27.84, 57.291], [27.824, 57.159], [27.682, 57.104], [27.751, 57.042], [27.628, 56.844], [27.786, 56.871], [27.914, 56.82], [27.865, 56.743], [27.981, 56.687], [28.011, 56.588], [28.126, 56.548], [28.093, 56.502], [28.164, 56.438], [28.217, 56.271], [28.149, 56.142], [27.911, 56.1], [27.645, 55.923], [27.593, 55.794], [26.981, 55.827], [26.823, 55.706], [26.616, 55.688], [26.596, 55.568], [26.45, 55.327], [26.801, 55.273], [26.657, 55.215], [26.601, 55.121], [26.264, 55.14], [26.139, 54.969], [25.87, 54.939], [25.783, 54.87], [25.721, 54.767], [25.74, 54.569], [25.631, 54.508], [25.613, 54.422], [25.53, 54.346], [25.564, 54.303], [25.696, 54.321], [25.787, 54.242], [25.74, 54.146], [25.516, 54.145], [25.502, 54.222], [25.554, 54.231], [25.459, 54.299], [25.37, 54.248], [25.206, 54.257], [25.072, 54.132], [24.822, 54.135], [24.782, 54.093], [24.821, 54.02], [24.789, 53.97], [24.667, 53.994], [24.378, 53.887], [24.257, 53.894], [24.17, 53.959], [23.627, 53.898], [23.486, 53.939], [23.474, 54.113], [23.354, 54.217], [23.05, 54.295], [22.963, 54.382], [22.838, 54.401], [22.767, 54.356], [22.68, 54.453], [22.682, 54.57], [22.725, 54.723]]], [[[23.042, 58.371], [22.955, 58.381], [22.903, 58.312], [22.721, 58.27], [22.757, 58.242], [22.723, 58.225], [22.535, 58.254], [22.323, 58.207], [22.203, 57.994], [22.017, 57.914], [21.963, 57.984], [22.203, 58.148], [21.868, 58.265], [21.843, 58.302], [21.908, 58.299], [21.873, 58.342], [22.011, 58.354], [21.832, 58.511], [21.996, 58.513], [22.089, 58.422], [22.104, 58.487], [22.195, 58.546], [22.273, 58.502], [22.322, 58.585], [22.583, 58.635], [22.648, 58.587], [22.99, 58.602], [23.333, 58.456], [23.238, 58.456], [23.278, 58.437], [23.157, 58.478], [23.042, 58.371]]], [[[22.737, 59.005], [22.934, 58.984], [23.041, 58.841], [22.88, 58.833], [22.845, 58.777], [22.778, 58.824], [22.655, 58.703], [22.556, 58.687], [22.463, 58.716], [22.497, 58.738], [22.382, 58.882], [22.045, 58.936], [22.463, 58.971], [22.587, 59.087], [22.697, 59.079], [22.737, 59.005]]], [[[23.176, 58.681], [23.288, 58.666], [23.4, 58.555], [23.224, 58.535], [23.063, 58.625], [23.176, 58.681]]], [[[21.106, 55.421], [20.989, 55.273], [20.925, 55.283], [21.042, 55.416], [21.085, 55.723], [21.132, 55.656], [21.106, 55.421]]], [[[23.394, 58.996], [23.163, 58.969], [23.114, 59.022], [23.344, 59.039], [23.394, 58.996]]], [[[24.022, 58.13], [23.971, 58.1], [23.938, 58.137], [24.013, 58.154], [24.022, 58.13]]], [[[24.543, 59.548], [24.489, 59.56], [24.5, 59.596], [24.543, 59.548]]], [[[23.25, 57.784], [23.24, 57.823], [23.275, 57.799], [23.25, 57.784]]]]}}, {"type": "Feature", "properties": {"name": "upa_1944", "name_ru": "Украинская повстанческая армия 1944-1960", "people": "украинцы", "from": "1944-01-01", "to": "1960-01-01", "from_raw": "1944", "to_raw": "1960", "territory": "западные области УССР", "kind": "underground", "kind_ru": "вооружённое подполье", "event": "вооружённая борьба за восстановление независимости Украины, против коллективизации, советизации и массовых депортаций; с 1949 г. по решению главнокомандующего Романа Шухевича - подполье, последний бой отряда 1960 г., последний бой одиночки 1967 г., последний подпольщик легализовался в 1991 г.", "source": "Атлас російського імперіалізму та колоніалізму (УІФ, 2026), розд. 51, п. 1", "confidence": "высокая", "note": "против УПА действовали НКВД - МГБ - КГБ: войсковые операции, агентурно-боевые группы из переодетых чекистов и перевербованных повстанцев, депортации семей, массовые аресты. Последний главный командир Василь Кук арестован в мае 1954 г.", "paint": "none", "hold_from": "", "hold_to": "", "hold_note": "", "geometry_source": "ne:Ukraine:L'viv|Ternopil'|Ivano-Frankivs'k|Volyn|Rivne|Transcarpathia", "approximate": true}, "geometry": {"type": "Polygon", "coordinates": [[[22.133, 48.405], [22.139, 48.57], [22.31, 48.682], [22.369, 48.856], [22.449, 48.971], [22.521, 48.993], [22.54, 49.072], [22.867, 49.01], [22.841, 49.095], [22.682, 49.161], [22.738, 49.275], [22.641, 49.529], [22.766, 49.674], [23.682, 50.368], [23.981, 50.405], [24.011, 50.493], [24.108, 50.541], [24.081, 50.713], [23.958, 50.808], [24.143, 50.856], [23.979, 50.938], [23.864, 51.148], [23.635, 51.305], [23.698, 51.404], [23.608, 51.511], [23.617, 51.625], [23.75, 51.644], [23.981, 51.586], [24.244, 51.718], [24.37, 51.875], [25.183, 51.95], [26.051, 51.905], [26.855, 51.749], [27.151, 51.757], [27.189, 51.664], [27.277, 51.651], [27.267, 51.587], [27.512, 51.623], [27.705, 51.568], [27.666, 51.49], [27.586, 51.472], [27.6, 51.392], [27.502, 51.44], [27.509, 51.342], [27.417, 51.302], [27.449, 51.228], [27.3, 51.047], [27.199, 50.994], [27.272, 50.737], [27.192, 50.618], [27.228, 50.568], [27.192, 50.541], [27.098, 50.587], [26.976, 50.519], [26.807, 50.501], [26.48, 50.254], [26.207, 50.141], [26.273, 50.113], [26.205, 50.086], [26.231, 49.994], [26.151, 49.965], [26.233, 49.779], [26.206, 49.696], [26.254, 49.658], [26.148, 49.517], [26.258, 49.29], [26.198, 49.185], [26.232, 49.079], [26.192, 48.906], [26.264, 48.808], [26.237, 48.68], [26.316, 48.643], [26.381, 48.517], [26.181, 48.527], [26.133, 48.609], [26.102, 48.607], [26.13, 48.555], [26.08, 48.547], [26.049, 48.648], [25.928, 48.587], [25.794, 48.67], [25.742, 48.63], [25.599, 48.658], [25.565, 48.621], [25.606, 48.522], [25.585, 48.393], [25.37, 48.38], [24.989, 48.1], [24.928, 47.997], [24.985, 47.84], [24.929, 47.714], [24.542, 47.944], [24.231, 47.897], [24.009, 47.961], [23.855, 47.934], [23.78, 47.988], [23.461, 47.971], [23.139, 48.098], [23.063, 48.007], [22.924, 48.005], [22.878, 47.947], [22.801, 48.091], [22.605, 48.097], [22.481, 48.243], [22.357, 48.243], [22.257, 48.357], [22.272, 48.403], [22.133, 48.405]]]}}, {"type": "Feature", "properties": {"name": "cursed_soldiers_1947", "name_ru": "Польские «проклятые солдаты» 1947", "people": "поляки", "from": "1947-01-01", "to": "1947-01-01", "from_raw": "1947", "to_raw": "1947", "territory": "Польша", "kind": "underground", "kind_ru": "вооружённое подполье", "event": "вооружённое подполье «Вольность и независимость» и другие отряды", "source": "Атлас російського імперіалізму та колоніалізму (УІФ, 2026), розд. 51, п. 3", "confidence": "средняя", "note": "", "paint": "none", "hold_from": "", "hold_to": "", "hold_note": "", "geometry_source": "ne:Poland:*", "approximate": true}, "geometry": {"type": "Polygon", "coordinates": [[[19.457, 49.598], [19.234, 49.507], [19.173, 49.402], [18.962, 49.389], [18.961, 49.493], [18.833, 49.51], [18.788, 49.669], [18.618, 49.714], [18.559, 49.907], [18.292, 49.908], [18.002, 50.047], [18.032, 50.003], [17.839, 49.974], [17.732, 50.095], [17.633, 50.106], [17.589, 50.163], [17.748, 50.218], [17.708, 50.311], [17.424, 50.241], [17.188, 50.378], [16.893, 50.433], [16.866, 50.408], [17.015, 50.218], [16.818, 50.187], [16.661, 50.093], [16.344, 50.37], [16.2, 50.406], [16.426, 50.568], [16.332, 50.644], [16.086, 50.647], [15.982, 50.604], [15.971, 50.679], [15.848, 50.675], [15.792, 50.743], [15.442, 50.8], [15.356, 50.775], [15.256, 50.9], [15.27, 50.953], [15.144, 51.012], [14.961, 50.993], [14.997, 50.959], [14.982, 50.859], [14.81, 50.858], [14.955, 51.064], [15.019, 51.272], [14.945, 51.449], [14.71, 51.53], [14.732, 51.658], [14.586, 51.804], [14.761, 52.077], [14.686, 52.121], [14.712, 52.236], [14.584, 52.291], [14.545, 52.382], [14.645, 52.577], [14.124, 52.851], [14.165, 52.896], [14.144, 52.96], [14.343, 53.049], [14.442, 53.252], [14.304, 53.509], [14.264, 53.7], [14.294, 53.749], [14.591, 53.598], [14.624, 53.653], [14.545, 53.704], [14.576, 53.77], [14.624, 53.77], [14.631, 53.852], [14.587, 53.813], [14.576, 53.855], [14.441, 53.87], [14.432, 53.906], [14.363, 53.879], [14.405, 53.844], [14.319, 53.818], [14.175, 53.906], [14.407, 53.922], [15.86, 54.25], [16.179, 54.263], [16.215, 54.3], [16.138, 54.29], [16.324, 54.35], [16.282, 54.359], [16.57, 54.557], [16.94, 54.606], [17.337, 54.749], [18.152, 54.838], [18.34, 54.833], [18.752, 54.69], [18.835, 54.603], [18.708, 54.701], [18.456, 54.788], [18.413, 54.747], [18.476, 54.64], [18.523, 54.647], [18.588, 54.434], [18.886, 54.35], [19.377, 54.378], [19.61, 54.457], [22.698, 54.343], [22.838, 54.401], [23.449, 54.155], [23.496, 54.045], [23.459, 53.982], [23.591, 53.611], [23.894, 53.152], [23.859, 53.068], [23.911, 53.005], [23.922, 52.743], [23.869, 52.67], [23.392, 52.51], [23.166, 52.289], [23.19, 52.241], [23.488, 52.182], [23.512, 52.124], [23.637, 52.084], [23.676, 51.994], [23.595, 51.843], [23.618, 51.787], [23.552, 51.737], [23.543, 51.593], [23.698, 51.404], [23.635, 51.305], [23.864, 51.148], [23.979, 50.938], [24.143, 50.856], [23.958, 50.808], [24.081, 50.713], [24.108, 50.541], [24.011, 50.493], [23.981, 50.405], [23.682, 50.368], [23.101, 49.957], [22.666, 49.567], [22.641, 49.529], [22.738, 49.275], [22.682, 49.161], [22.853, 49.085], [22.855, 48.994], [22.041, 49.197], [21.964, 49.309], [21.82, 49.377], [21.758, 49.349], [21.62, 49.423], [21.261, 49.449], [21.194, 49.401], [21.054, 49.414], [21.073, 49.357], [20.919, 49.29], [20.69, 49.401], [20.318, 49.392], [20.284, 49.339], [20.136, 49.309], [20.05, 49.173], [19.938, 49.225], [19.786, 49.188], [19.748, 49.206], [19.809, 49.271], [19.769, 49.393], [19.627, 49.402], [19.635, 49.441], [19.557, 49.454], [19.457, 49.598]]]}}, {"type": "Feature", "properties": {"name": "gorlag_1953", "name_ru": "Норильск, лагерь «Горлаг» 1953", "people": "узники более 80 национальностей", "from": "1953-05-26", "to": "1953-08-04", "from_raw": "1953-05-26", "to_raw": "1953-08-04", "territory": "Норильск", "kind": "camp", "kind_ru": "восстание в лагере", "event": "около 17 тыс. узников требовали пересмотра дел; большинство повстанцев - украинцы, бывшие участники вооружённого подполья; первое масштабное выступление после смерти Сталина, длилось больше двух месяцев", "source": "Атлас російського імперіалізму та колоніалізму (УІФ, 2026), розд. 51, п. 4", "confidence": "высокая", "note": "погибло до 150 человек, почти 3 тыс. активистов отправлены на усиленный режим", "paint": "none", "hold_from": "", "hold_to": "", "hold_note": "", "geometry_source": "city:Норильск", "approximate": true}, "geometry": {"type": "Polygon", "coordinates": [[[88.575, 69.34], [88.472, 69.093], [88.225, 68.99], [87.978, 69.093], [87.875, 69.34], [87.978, 69.587], [88.225, 69.69], [88.472, 69.587], [88.575, 69.34]]]}}, {"type": "Feature", "properties": {"name": "plzen_1953", "name_ru": "Пльзень 1953", "people": "чехи", "from": "1953-06-01", "to": "1953-06-02", "from_raw": "1953-06-01", "to_raw": "1953-06-02", "territory": "Чехословакия", "kind": "satellite", "kind_ru": "выступление в стране под контролем империи", "event": "выступление рабочих против денежной реформы", "source": "Атлас російського імперіалізму та колоніалізму (УІФ, 2026), розд. 51, п. 5", "confidence": "средняя", "note": "", "paint": "none", "hold_from": "", "hold_to": "", "hold_note": "", "geometry_source": "ne:Czech Republic:Plzeňský", "approximate": true}, "geometry": {"type": "Polygon", "coordinates": [[[12.384, 49.743], [12.524, 49.905], [12.925, 49.929], [13.077, 50.035], [13.218, 49.999], [13.213, 50.05], [13.29, 50.108], [13.406, 50.087], [13.41, 50.033], [13.812, 49.924], [13.806, 49.741], [13.689, 49.682], [13.784, 49.428], [13.782, 49.344], [13.704, 49.26], [13.718, 49.193], [13.609, 49.125], [13.522, 48.969], [13.427, 48.96], [13.0, 49.295], [12.778, 49.333], [12.644, 49.429], [12.496, 49.67], [12.384, 49.743]]]}}, {"type": "Feature", "properties": {"name": "berlin_1953", "name_ru": "Берлин, Дрезден, Лейпциг, Магдебург 1953", "people": "немцы", "from": "1953-06-16", "to": "1953-06-17", "from_raw": "1953-06-16", "to_raw": "1953-06-17", "territory": "ГДР", "kind": "satellite", "kind_ru": "выступление в стране под контролем империи", "event": "забастовка рабочих переросла в демонстрации с требованиями отменить решения правительства о повышении норм выработки на 10 % без роста зарплаты, расширить политические свободы и провести свободные выборы", "source": "Атлас російського імперіалізму та колоніалізму (УІФ, 2026), розд. 51, п. 6", "confidence": "высокая", "note": "выступление разбито советскими войсками: погибли более 50 человек, сотни ранены, около 15 тыс. арестованы", "paint": "none", "hold_from": "", "hold_to": "", "hold_note": "", "geometry_source": "ne:Germany:Berlin|Brandenburg|Sachsen|Sachsen-Anhalt", "approximate": true}, "geometry": {"type": "Polygon", "coordinates": [[[14.482, 51.037], [14.288, 51.037], [14.238, 50.982], [14.382, 50.921], [14.347, 50.88], [13.96, 50.802], [13.835, 50.724], [13.557, 50.707], [13.448, 50.597], [13.369, 50.628], [13.232, 50.582], [13.16, 50.497], [13.01, 50.493], [12.953, 50.404], [12.817, 50.443], [12.51, 50.389], [12.336, 50.259], [12.283, 50.162], [12.24, 50.257], [11.905, 50.415], [11.928, 50.497], [12.302, 50.652], [12.322, 50.674], [12.241, 50.722], [12.289, 50.763], [12.258, 50.793], [12.647, 50.9], [12.484, 51.058], [12.329, 51.088], [12.265, 51.084], [12.275, 51.01], [12.201, 50.928], [11.998, 50.949], [11.861, 51.023], [11.739, 51.015], [11.668, 51.101], [11.433, 51.096], [11.42, 51.16], [11.333, 51.216], [11.452, 51.271], [11.367, 51.357], [10.973, 51.418], [10.912, 51.565], [10.942, 51.599], [10.698, 51.637], [10.584, 51.78], [10.645, 51.957], [10.57, 52.007], [10.963, 52.06], [10.949, 52.1], [11.048, 52.14], [11.021, 52.194], [11.085, 52.231], [10.999, 52.34], [11.073, 52.372], [10.939, 52.462], [11.002, 52.498], [10.946, 52.563], [10.977, 52.616], [10.801, 52.722], [10.759, 52.835], [11.015, 52.912], [11.253, 52.876], [11.412, 52.906], [11.581, 53.043], [11.344, 53.066], [11.274, 53.118], [11.528, 53.121], [11.53, 53.195], [11.58, 53.23], [11.839, 53.226], [11.816, 53.25], [12.095, 53.364], [12.975, 53.165], [13.146, 53.258], [13.23, 53.233], [13.282, 53.288], [13.469, 53.302], [13.553, 53.405], [13.809, 53.485], [13.781, 53.544], [13.921, 53.427], [14.243, 53.427], [14.224, 53.36], [14.103, 53.273], [14.249, 53.259], [14.391, 53.334], [14.442, 53.252], [14.343, 53.049], [14.144, 52.96], [14.165, 52.896], [14.124, 52.851], [14.645, 52.577], [14.545, 52.382], [14.584, 52.291], [14.712, 52.236], [14.686, 52.121], [14.761, 52.077], [14.586, 51.804], [14.732, 51.658], [14.71, 51.53], [14.945, 51.449], [15.022, 51.237], [14.775, 50.813], [14.613, 50.846], [14.629, 50.921], [14.55, 50.912], [14.574, 50.975], [14.482, 51.037]]]}}, {"type": "Feature", "properties": {"name": "rechlag_1953", "name_ru": "Воркута, лагерь «Речлаг» 1953", "people": "узники ГУЛАГа", "from": "1953-07-19", "to": "1953-08-01", "from_raw": "1953-07-19", "to_raw": "1953-08-01", "territory": "Воркута", "kind": "camp", "kind_ru": "восстание в лагере", "event": "19 июля чуть больше трёхсот узников отказались выходить на работу, 22 июля их стало 1,5 тыс., назавтра - 3 тыс.; всего в отказе участвовали 12 тыс. человек, требовавших отмены каторжных работ, сокращения сроков и встречи с представителем ЦК КПСС", "source": "Атлас російського імперіалізму та колоніалізму (УІФ, 2026), розд. 51, п. 7", "confidence": "высокая", "note": "29 июля в Воркуту прибыла комиссия во главе с заместителем министра внутренних дел; при разгроме выступления погибли 53 человека, 138 ранены", "paint": "none", "hold_from": "", "hold_to": "", "hold_note": "", "geometry_source": "city:Воркута", "approximate": true}, "geometry": {"type": "Polygon", "coordinates": [[[64.36, 67.5], [64.257, 67.253], [64.01, 67.15], [63.763, 67.253], [63.66, 67.5], [63.763, 67.747], [64.01, 67.85], [64.257, 67.747], [64.36, 67.5]]]}}, {"type": "Feature", "properties": {"name": "kengir_1954", "name_ru": "Кенгир, лагерь «Степлаг» 1954", "people": "украинцы, прибалты, кавказцы, узники ГУЛАГа", "from": "1954-05-16", "to": "1954-06-26", "from_raw": "1954-05-16", "to_raw": "1954-06-26", "territory": "Кенгир, Казахская ССР", "kind": "camp", "kind_ru": "восстание в лагере", "event": "около 20 тыс. узников сорок дней держали лагерь, создав своё самоуправление; поводом стал расстрел конвоиром колонны узников - погибли 13 человек, ещё пятеро умерли позже от ран, 33 ранены", "source": "Атлас російського імперіалізму та колоніалізму (УІФ, 2026), розд. 51, п. 8", "confidence": "высокая", "note": "выступление разбито танками; по официальным данным погибли сотни, участники событий говорят о большем числе убитых и раненых", "paint": "none", "hold_from": "", "hold_to": "", "hold_note": "", "geometry_source": "city:Жезказган", "approximate": true}, "geometry": {"type": "Polygon", "coordinates": [[[68.12, 47.78], [68.017, 47.533], [67.77, 47.43], [67.523, 47.533], [67.42, 47.78], [67.523, 48.027], [67.77, 48.13], [68.017, 48.027], [68.12, 47.78]]]}}, {"type": "Feature", "properties": {"name": "klimovsk_1955", "name_ru": "Климовск 1955", "people": "русские", "from": "1955-05-02", "to": "1955-05-02", "from_raw": "1955-05-02", "to_raw": "1955-05-02", "territory": "Московская область", "kind": "worker", "kind_ru": "выступление рабочих", "event": "протест около 2 тыс. человек", "source": "Атлас російського імперіалізму та колоніалізму (УІФ, 2026), розд. 51, п. 9", "confidence": "средняя", "note": "", "paint": "none", "hold_from": "", "hold_to": "", "hold_note": "", "geometry_source": "city:Подольск", "approximate": true}, "geometry": {"type": "Polygon", "coordinates": [[[37.88, 55.38], [37.777, 55.133], [37.53, 55.03], [37.283, 55.133], [37.18, 55.38], [37.283, 55.627], [37.53, 55.73], [37.777, 55.627], [37.88, 55.38]]]}}, {"type": "Feature", "properties": {"name": "novorossiysk_1956", "name_ru": "Новороссийск 1956", "people": "русские", "from": "1956-01-01", "to": "1956-01-01", "from_raw": "1956-01", "to_raw": "1956-01", "territory": "Новороссийск", "kind": "worker", "kind_ru": "выступление рабочих", "event": "массовое выступление", "source": "Атлас російського імперіалізму та колоніалізму (УІФ, 2026), розд. 51, п. 10", "confidence": "низкая", "note": "", "paint": "none", "hold_from": "", "hold_to": "", "hold_note": "", "geometry_source": "city:Новороссийск", "approximate": true}, "geometry": {"type": "Polygon", "coordinates": [[[38.12, 44.73], [38.017, 44.483], [37.77, 44.38], [37.523, 44.483], [37.42, 44.73], [37.523, 44.977], [37.77, 45.08], [38.017, 44.977], [38.12, 44.73]]]}}, {"type": "Feature", "properties": {"name": "tbilisi_1956", "name_ru": "Тбилиси 1956", "people": "грузины", "from": "1956-03-05", "to": "1956-03-10", "from_raw": "1956-03-05", "to_raw": "1956-03-10", "territory": "Тбилиси", "kind": "national", "kind_ru": "антиколониальное национальное выступление", "event": "массовые выступления, расстрелянные войсками", "source": "Атлас російського імперіалізму та колоніалізму (УІФ, 2026), розд. 51, п. 11", "confidence": "средняя", "note": "", "paint": "none", "hold_from": "", "hold_to": "", "hold_note": "", "geometry_source": "city:Тбилиси", "approximate": true}, "geometry": {"type": "Polygon", "coordinates": [[[45.139, 41.727], [45.036, 41.48], [44.789, 41.377], [44.542, 41.48], [44.439, 41.727], [44.542, 41.974], [44.789, 42.077], [45.036, 41.974], [45.139, 41.727]]]}}, {"type": "Feature", "properties": {"name": "poznan_1956", "name_ru": "Познань 1956", "people": "поляки", "from": "1956-06-28", "to": "1956-06-30", "from_raw": "1956-06-28", "to_raw": "1956-06-30", "territory": "Польша", "kind": "satellite", "kind_ru": "выступление в стране под контролем империи", "event": "рабочее восстание, разбитое армией и службами безопасности", "source": "Атлас російського імперіалізму та колоніалізму (УІФ, 2026), розд. 51, п. 12", "confidence": "высокая", "note": "", "paint": "none", "hold_from": "", "hold_to": "", "hold_note": "", "geometry_source": "city:Познань", "approximate": true}, "geometry": {"type": "Polygon", "coordinates": [[[17.25, 52.406], [17.147, 52.159], [16.9, 52.056], [16.653, 52.159], [16.55, 52.406], [16.653, 52.653], [16.9, 52.756], [17.147, 52.653], [17.25, 52.406]]]}}, {"type": "Feature", "properties": {"name": "orenburg_1956", "name_ru": "Оренбург 1956", "people": "русские", "from": "1956-07-01", "to": "1956-07-01", "from_raw": "1956-07", "to_raw": "1956-07", "territory": "Оренбург", "kind": "worker", "kind_ru": "выступление рабочих", "event": "массовое выступление", "source": "Атлас російського імперіалізму та колоніалізму (УІФ, 2026), розд. 51, п. 13", "confidence": "низкая", "note": "", "paint": "none", "hold_from": "", "hold_to": "", "hold_note": "", "geometry_source": "city:Оренбург", "approximate": true}, "geometry": {"type": "Polygon", "coordinates": [[[55.46, 51.78], [55.357, 51.533], [55.11, 51.43], [54.863, 51.533], [54.76, 51.78], [54.863, 52.027], [55.11, 52.13], [55.357, 52.027], [55.46, 51.78]]]}}, {"type": "Feature", "properties": {"name": "budapest_1956", "name_ru": "Будапешт 1956", "people": "венгры", "from": "1956-10-23", "to": "1956-11-11", "from_raw": "1956-10-23", "to_raw": "1956-11-11", "territory": "Венгрия", "kind": "satellite", "kind_ru": "выступление в стране под контролем империи", "event": "протесты 23 октября переросли в общенациональное выступление под лозунгом «Росіяни, забирайтеся додому»; 25 октября у здания парламента войска открыли огонь по демонстрации и убили около сотни человек; глава правительства Имре Надь обещал демократические реформы и выход страны из Варшавского договора", "source": "Атлас російського імперіалізму та колоніалізму (УІФ, 2026), розд. 51, п. 14", "confidence": "высокая", "note": "в ночь с 3 на 4 ноября более 60 тыс. советских солдат вошли в Венгрию, 11 ноября захвачен Будапешт; погибли или стали жертвами репрессий более 20 тыс. человек, включая Надя, эмигрировали около 200 тыс.", "paint": "none", "hold_from": "", "hold_to": "", "hold_note": "", "geometry_source": "city:Будапешт", "approximate": true}, "geometry": {"type": "Polygon", "coordinates": [[[19.431, 47.502], [19.328, 47.255], [19.081, 47.152], [18.834, 47.255], [18.731, 47.502], [18.834, 47.749], [19.081, 47.852], [19.328, 47.749], [19.431, 47.502]]]}}, {"type": "Feature", "properties": {"name": "bydgoszcz_1956", "name_ru": "Быдгощ 1956", "people": "поляки", "from": "1956-11-01", "to": "1956-11-01", "from_raw": "1956-11", "to_raw": "1956-11", "territory": "Польша", "kind": "satellite", "kind_ru": "выступление в стране под контролем империи", "event": "массовое выступление", "source": "Атлас російського імперіалізму та колоніалізму (УІФ, 2026), розд. 51, п. 15", "confidence": "низкая", "note": "", "paint": "none", "hold_from": "", "hold_to": "", "hold_note": "", "geometry_source": "city:Быдгощ", "approximate": true}, "geometry": {"type": "Polygon", "coordinates": [[[18.36, 53.12], [18.257, 52.873], [18.01, 52.77], [17.763, 52.873], [17.66, 53.12], [17.763, 53.367], [18.01, 53.47], [18.257, 53.367], [18.36, 53.12]]]}}, {"type": "Feature", "properties": {"name": "szczecin_1956", "name_ru": "Щецин 1956", "people": "поляки", "from": "1956-12-01", "to": "1956-12-01", "from_raw": "1956-12", "to_raw": "1956-12", "territory": "Польша", "kind": "satellite", "kind_ru": "выступление в стране под контролем империи", "event": "массовое выступление", "source": "Атлас російського імперіалізму та колоніалізму (УІФ, 2026), розд. 51, п. 16", "confidence": "низкая", "note": "", "paint": "none", "hold_from": "", "hold_to": "", "hold_note": "", "geometry_source": "ne:Poland:West Pomeranian", "approximate": true}, "geometry": {"type": "Polygon", "coordinates": [[[14.608, 52.596], [14.124, 52.851], [14.165, 52.896], [14.144, 52.96], [14.343, 53.049], [14.442, 53.252], [14.297, 53.529], [14.261, 53.656], [14.289, 53.742], [14.591, 53.598], [14.624, 53.639], [14.545, 53.704], [14.576, 53.77], [14.624, 53.77], [14.631, 53.852], [14.587, 53.813], [14.576, 53.855], [14.441, 53.87], [14.432, 53.906], [14.363, 53.879], [14.405, 53.844], [14.319, 53.818], [14.201, 53.878], [14.21, 53.938], [14.407, 53.922], [15.86, 54.25], [16.179, 54.263], [16.215, 54.3], [16.138, 54.29], [16.324, 54.35], [16.282, 54.359], [16.57, 54.557], [16.785, 54.577], [16.97, 54.387], [16.933, 54.278], [16.967, 54.223], [16.811, 54.189], [16.883, 53.965], [17.058, 53.826], [16.952, 53.817], [17.002, 53.753], [16.93, 53.697], [16.948, 53.588], [16.837, 53.585], [16.765, 53.461], [16.529, 53.442], [16.545, 53.366], [16.752, 53.282], [16.704, 53.206], [16.456, 53.125], [16.217, 52.979], [16.039, 53.007], [16.03, 53.103], [15.926, 53.105], [15.733, 52.989], [15.301, 52.952], [15.348, 52.933], [15.249, 52.846], [15.03, 52.875], [14.932, 52.843], [14.79, 52.691], [14.654, 52.67], [14.608, 52.596]]]}}, {"type": "Feature", "properties": {"name": "podolsk_1957", "name_ru": "Подольск 1957", "people": "русские", "from": "1957-06-01", "to": "1957-06-01", "from_raw": "1957-06", "to_raw": "1957-06", "territory": "Московская область", "kind": "worker", "kind_ru": "выступление рабочих", "event": "протест более 3 тыс. рабочих", "source": "Атлас російського імперіалізму та колоніалізму (УІФ, 2026), розд. 51, п. 17", "confidence": "средняя", "note": "", "paint": "none", "hold_from": "", "hold_to": "", "hold_note": "", "geometry_source": "city:Подольск", "approximate": true}, "geometry": {"type": "Polygon", "coordinates": [[[37.88, 55.38], [37.777, 55.133], [37.53, 55.03], [37.283, 55.133], [37.18, 55.38], [37.283, 55.627], [37.53, 55.73], [37.777, 55.627], [37.88, 55.38]]]}}, {"type": "Feature", "properties": {"name": "grozny_1958", "name_ru": "Грозный 1958", "people": "русские", "from": "1958-08-26", "to": "1958-08-28", "from_raw": "1958-08-26", "to_raw": "1958-08-28", "territory": "Грозный", "kind": "worker", "kind_ru": "выступление рабочих", "event": "массовые волнения после возвращения депортированных чеченцев и ингушей", "source": "Атлас російського імперіалізму та колоніалізму (УІФ, 2026), розд. 51, п. 18", "confidence": "средняя", "note": "выступление направлено против вернувшихся из ссылки - это не антиколониальное сопротивление, а реакция переселенцев на возвращение депортированного народа; в реестре стоит как позиция атласа", "paint": "none", "hold_from": "", "hold_to": "", "hold_note": "", "geometry_source": "city:Грозный", "approximate": true}, "geometry": {"type": "Polygon", "coordinates": [[[46.049, 43.319], [45.946, 43.072], [45.699, 42.969], [45.452, 43.072], [45.349, 43.319], [45.452, 43.566], [45.699, 43.669], [45.946, 43.566], [46.049, 43.319]]]}}, {"type": "Feature", "properties": {"name": "temirtau_1959", "name_ru": "Темиртау 1959", "people": "рабочие Казахской ССР", "from": "1959-08-01", "to": "1959-08-03", "from_raw": "1959-08-01", "to_raw": "1959-08-03", "territory": "Темиртау, Казахская ССР", "kind": "worker", "kind_ru": "выступление рабочих", "event": "волнения с участием 5 тыс. человек переросли в вооружённое противостояние с силовыми структурами", "source": "Атлас російського імперіалізму та колоніалізму (УІФ, 2026), розд. 51, п. 19", "confidence": "высокая", "note": "", "paint": "none", "hold_from": "", "hold_to": "", "hold_note": "", "geometry_source": "city:Темиртау", "approximate": true}, "geometry": {"type": "Polygon", "coordinates": [[[73.315, 50.065], [73.212, 49.818], [72.965, 49.715], [72.718, 49.818], [72.615, 50.065], [72.718, 50.312], [72.965, 50.415], [73.212, 50.312], [73.315, 50.065]]]}}, {"type": "Feature", "properties": {"name": "krasnodar_1961", "name_ru": "Краснодар 1961", "people": "русские", "from": "1961-01-01", "to": "1961-01-01", "from_raw": "1961-01", "to_raw": "1961-01", "territory": "Краснодар", "kind": "worker", "kind_ru": "выступление рабочих", "event": "массовое выступление", "source": "Атлас російського імперіалізму та колоніалізму (УІФ, 2026), розд. 51, п. 20", "confidence": "низкая", "note": "", "paint": "none", "hold_from": "", "hold_to": "", "hold_note": "", "geometry_source": "city:Краснодар", "approximate": true}, "geometry": {"type": "Polygon", "coordinates": [[[39.35, 45.02], [39.247, 44.773], [39.0, 44.67], [38.753, 44.773], [38.65, 45.02], [38.753, 45.267], [39.0, 45.37], [39.247, 45.267], [39.35, 45.02]]]}}, {"type": "Feature", "properties": {"name": "biysk_1961", "name_ru": "Бийск 1961", "people": "русские", "from": "1961-06-01", "to": "1961-06-01", "from_raw": "1961-06", "to_raw": "1961-06", "territory": "Бийск", "kind": "worker", "kind_ru": "выступление рабочих", "event": "массовое выступление", "source": "Атлас російського імперіалізму та колоніалізму (УІФ, 2026), розд. 51, п. 21", "confidence": "низкая", "note": "", "paint": "none", "hold_from": "", "hold_to": "", "hold_note": "", "geometry_source": "city:Бийск", "approximate": true}, "geometry": {"type": "Polygon", "coordinates": [[[85.53, 52.534], [85.427, 52.287], [85.18, 52.184], [84.933, 52.287], [84.83, 52.534], [84.933, 52.781], [85.18, 52.884], [85.427, 52.781], [85.53, 52.534]]]}}, {"type": "Feature", "properties": {"name": "murom_1961", "name_ru": "Муром 1961", "people": "русские", "from": "1961-06-01", "to": "1961-06-01", "from_raw": "1961-06", "to_raw": "1961-06", "territory": "Муром", "kind": "worker", "kind_ru": "выступление рабочих", "event": "массовое выступление", "source": "Атлас російського імперіалізму та колоніалізму (УІФ, 2026), розд. 51, п. 22", "confidence": "низкая", "note": "", "paint": "none", "hold_from": "", "hold_to": "", "hold_note": "", "geometry_source": "city:Муром", "approximate": true}, "geometry": {"type": "Polygon", "coordinates": [[[42.39, 55.57], [42.287, 55.323], [42.04, 55.22], [41.793, 55.323], [41.69, 55.57], [41.793, 55.817], [42.04, 55.92], [42.287, 55.817], [42.39, 55.57]]]}}, {"type": "Feature", "properties": {"name": "aleksandrov_1961", "name_ru": "Александров 1961", "people": "русские", "from": "1961-07-01", "to": "1961-07-01", "from_raw": "1961-07", "to_raw": "1961-07", "territory": "Александров", "kind": "worker", "kind_ru": "выступление рабочих", "event": "массовое выступление", "source": "Атлас російського імперіалізму та колоніалізму (УІФ, 2026), розд. 51, п. 23", "confidence": "низкая", "note": "", "paint": "none", "hold_from": "", "hold_to": "", "hold_note": "", "geometry_source": "ne:Russia:Vladimir", "approximate": true}, "geometry": {"type": "Polygon", "coordinates": [[[39.272, 56.538], [39.337, 56.609], [39.31, 56.684], [39.356, 56.772], [39.679, 56.822], [39.859, 56.78], [39.88, 56.65], [39.828, 56.616], [39.948, 56.483], [40.156, 56.434], [40.458, 56.532], [40.505, 56.596], [40.837, 56.58], [40.914, 56.499], [40.963, 56.532], [41.085, 56.473], [41.901, 56.541], [41.967, 56.387], [42.066, 56.368], [42.289, 56.471], [42.588, 56.42], [42.761, 56.306], [42.755, 56.22], [42.948, 56.169], [42.698, 56.13], [42.694, 56.003], [42.645, 55.952], [42.575, 55.976], [42.392, 55.783], [42.263, 55.765], [42.107, 55.664], [42.117, 55.613], [42.04, 55.609], [42.068, 55.481], [42.134, 55.442], [41.933, 55.33], [41.954, 55.278], [41.859, 55.241], [41.903, 55.199], [41.87, 55.158], [41.658, 55.109], [41.497, 55.157], [41.422, 55.129], [41.197, 55.222], [41.096, 55.199], [41.081, 55.147], [40.965, 55.26], [40.621, 55.205], [40.536, 55.327], [40.4, 55.287], [40.323, 55.294], [40.345, 55.34], [40.206, 55.309], [40.143, 55.406], [40.183, 55.449], [40.143, 55.514], [40.036, 55.517], [40.085, 55.613], [39.9, 55.734], [39.857, 55.826], [39.358, 55.761], [39.325, 55.828], [39.054, 55.852], [39.016, 55.925], [38.839, 55.901], [38.598, 55.962], [38.506, 56.226], [38.403, 56.264], [38.393, 56.456], [38.293, 56.533], [38.323, 56.672], [38.374, 56.697], [38.533, 56.626], [38.562, 56.542], [38.759, 56.61], [39.0, 56.543], [39.121, 56.594], [39.272, 56.538]]]}}, {"type": "Feature", "properties": {"name": "beslan_1961", "name_ru": "Беслан 1961", "people": "осетины", "from": "1961-09-01", "to": "1961-09-01", "from_raw": "1961-09", "to_raw": "1961-09", "territory": "Беслан", "kind": "worker", "kind_ru": "выступление рабочих", "event": "массовое выступление", "source": "Атлас російського імперіалізму та колоніалізму (УІФ, 2026), розд. 51, п. 24", "confidence": "низкая", "note": "", "paint": "none", "hold_from": "", "hold_to": "", "hold_note": "", "geometry_source": "ne:Russia:North Ossetia", "approximate": true}, "geometry": {"type": "Polygon", "coordinates": [[[43.94, 42.552], [43.723, 42.625], [43.801, 42.746], [43.393, 42.9], [43.459, 42.96], [43.566, 42.939], [43.735, 43.11], [43.848, 43.31], [43.898, 43.254], [44.014, 43.253], [44.023, 43.209], [44.084, 43.274], [44.036, 43.365], [44.108, 43.431], [44.177, 43.356], [44.32, 43.431], [44.399, 43.424], [44.433, 43.654], [44.312, 43.675], [44.285, 43.819], [44.809, 43.799], [44.839, 43.584], [44.711, 43.615], [44.696, 43.562], [44.622, 43.548], [44.621, 43.61], [44.543, 43.597], [44.498, 43.397], [44.572, 43.392], [44.589, 43.227], [44.66, 43.209], [44.679, 43.25], [44.915, 43.071], [44.932, 42.914], [44.852, 42.836], [44.628, 42.883], [44.639, 42.74], [44.272, 42.702], [44.197, 42.629], [43.94, 42.552]]]}}, {"type": "Feature", "properties": {"name": "novocherkassk_1962", "name_ru": "Новочеркасск 1962", "people": "русские", "from": "1962-06-01", "to": "1962-06-02", "from_raw": "1962-06-01", "to_raw": "1962-06-02", "territory": "Новочеркасск, Ростовская область", "kind": "worker", "kind_ru": "выступление рабочих", "event": "рабочие протестовали против роста цен и низких зарплат; войска открыли огонь по демонстрации: погибли 24 человека, 39 ранены", "source": "Атлас російського імперіалізму та колоніалізму (УІФ, 2026), розд. 51, п. 25", "confidence": "высокая", "note": "", "paint": "none", "hold_from": "", "hold_to": "", "hold_note": "", "geometry_source": "city:Новочеркасск", "approximate": true}, "geometry": {"type": "Polygon", "coordinates": [[[40.43, 47.42], [40.327, 47.173], [40.08, 47.07], [39.833, 47.173], [39.73, 47.42], [39.833, 47.667], [40.08, 47.77], [40.327, 47.667], [40.43, 47.42]]]}}, {"type": "Feature", "properties": {"name": "kryvyi_rih_1963", "name_ru": "Кривой Рог 1963", "people": "украинцы", "from": "1963-06-01", "to": "1963-06-01", "from_raw": "1963-06", "to_raw": "1963-06", "territory": "Кривой Рог", "kind": "worker", "kind_ru": "выступление рабочих", "event": "массовое выступление", "source": "Атлас російського імперіалізму та колоніалізму (УІФ, 2026), розд. 51, п. 26", "confidence": "низкая", "note": "", "paint": "none", "hold_from": "", "hold_to": "", "hold_note": "", "geometry_source": "city:Кривой Рог", "approximate": true}, "geometry": {"type": "Polygon", "coordinates": [[[33.695, 47.928], [33.592, 47.681], [33.345, 47.578], [33.098, 47.681], [32.995, 47.928], [33.098, 48.175], [33.345, 48.278], [33.592, 48.175], [33.695, 47.928]]]}}, {"type": "Feature", "properties": {"name": "sumgait_1963", "name_ru": "Сумгаит 1963", "people": "азербайджанцы", "from": "1963-11-01", "to": "1963-11-01", "from_raw": "1963-11", "to_raw": "1963-11", "territory": "Сумгаит", "kind": "worker", "kind_ru": "выступление рабочих", "event": "массовое выступление", "source": "Атлас російського імперіалізму та колоніалізму (УІФ, 2026), розд. 51, п. 27", "confidence": "низкая", "note": "", "paint": "none", "hold_from": "", "hold_to": "", "hold_note": "", "geometry_source": "ne:Azerbaijan:Sumqayıt", "approximate": true}, "geometry": {"type": "Polygon", "coordinates": [[[49.532, 40.663], [49.668, 40.612], [49.707, 40.576], [49.589, 40.544], [49.483, 40.637], [49.532, 40.663]]]}}, {"type": "Feature", "properties": {"name": "bronnitsy_1964", "name_ru": "Бронницы 1964", "people": "русские", "from": "1964-04-01", "to": "1964-04-01", "from_raw": "1964-04", "to_raw": "1964-04", "territory": "Московская область", "kind": "worker", "kind_ru": "выступление рабочих", "event": "массовое выступление", "source": "Атлас російського імперіалізму та колоніалізму (УІФ, 2026), розд. 51, п. 28", "confidence": "низкая", "note": "", "paint": "none", "hold_from": "", "hold_to": "", "hold_note": "", "geometry_source": "ne:Russia:Moskovskaya", "approximate": true}, "geometry": {"type": "Polygon", "coordinates": [[[36.598, 55.273], [36.578, 55.317], [36.423, 55.319], [36.349, 55.296], [36.318, 55.225], [36.14, 55.185], [35.707, 55.294], [35.567, 55.29], [35.465, 55.22], [35.301, 55.299], [35.32, 55.499], [35.282, 55.559], [35.381, 55.564], [35.398, 55.611], [35.312, 55.717], [35.352, 55.785], [35.171, 55.96], [35.229, 56.034], [35.332, 56.062], [35.304, 56.112], [35.382, 56.179], [35.366, 56.232], [35.521, 56.256], [35.498, 56.349], [35.55, 56.366], [35.463, 56.459], [35.645, 56.474], [35.765, 56.394], [36.078, 56.344], [36.172, 56.408], [36.522, 56.437], [36.55, 56.487], [36.826, 56.583], [37.052, 56.516], [37.146, 56.576], [37.159, 56.682], [37.117, 56.709], [37.152, 56.754], [37.499, 56.785], [37.553, 56.906], [37.724, 56.954], [37.941, 56.877], [38.011, 56.775], [38.257, 56.77], [38.374, 56.697], [38.323, 56.672], [38.293, 56.533], [38.393, 56.456], [38.403, 56.264], [38.506, 56.226], [38.598, 55.962], [38.839, 55.901], [39.016, 55.925], [39.054, 55.852], [39.325, 55.828], [39.358, 55.761], [39.857, 55.826], [39.9, 55.734], [40.085, 55.613], [40.036, 55.517], [40.143, 55.514], [40.183, 55.449], [40.143, 55.406], [40.206, 55.309], [40.012, 55.204], [39.72, 55.126], [39.889, 55.085], [39.813, 54.997], [39.685, 55.021], [39.488, 54.941], [39.379, 54.853], [39.327, 54.752], [39.355, 54.729], [39.238, 54.711], [39.232, 54.635], [38.82, 54.602], [38.791, 54.464], [38.918, 54.405], [38.737, 54.345], [38.675, 54.245], [38.521, 54.289], [38.505, 54.389], [38.388, 54.472], [38.377, 54.515], [38.517, 54.586], [38.472, 54.638], [38.049, 54.709], [37.939, 54.832], [37.756, 54.823], [37.758, 54.736], [37.671, 54.714], [37.448, 54.83], [37.188, 54.868], [37.12, 54.991], [37.211, 55.016], [37.284, 55.149], [37.34, 55.119], [37.425, 55.184], [37.463, 55.281], [37.411, 55.32], [37.463, 55.379], [37.566, 55.358], [37.659, 55.569], [37.878, 55.715], [37.801, 55.838], [37.375, 55.923], [37.431, 55.878], [37.348, 55.744], [37.414, 55.66], [37.211, 55.602], [37.175, 55.448], [37.024, 55.448], [37.021, 55.519], [36.913, 55.517], [36.914, 55.426], [37.014, 55.301], [36.786, 55.191], [36.751, 55.256], [36.598, 55.273]], [[37.254, 55.96], [37.294, 56.03], [37.202, 56.06], [37.177, 55.991], [37.254, 55.96]], [[36.991, 55.68], [37.154, 55.697], [37.164, 55.732], [37.002, 55.732], [36.991, 55.68]]]}}, {"type": "Feature", "properties": {"name": "stavropol_1964", "name_ru": "Ставрополь 1964", "people": "русские", "from": "1964-04-01", "to": "1964-04-01", "from_raw": "1964-04", "to_raw": "1964-04", "territory": "Ставрополь", "kind": "worker", "kind_ru": "выступление рабочих", "event": "массовое выступление", "source": "Атлас російського імперіалізму та колоніалізму (УІФ, 2026), розд. 51, п. 29", "confidence": "низкая", "note": "", "paint": "none", "hold_from": "", "hold_to": "", "hold_note": "", "geometry_source": "city:Ставрополь", "approximate": true}, "geometry": {"type": "Polygon", "coordinates": [[[42.33, 45.05], [42.227, 44.803], [41.98, 44.7], [41.733, 44.803], [41.63, 45.05], [41.733, 45.297], [41.98, 45.4], [42.227, 45.297], [42.33, 45.05]]]}}, {"type": "Feature", "properties": {"name": "frunze_1967", "name_ru": "Фрунзе (Бишкек) 1967", "people": "киргизы", "from": "1967-05-01", "to": "1967-05-01", "from_raw": "1967-05", "to_raw": "1967-05", "territory": "Киргизская ССР", "kind": "worker", "kind_ru": "выступление рабочих", "event": "массовое выступление", "source": "Атлас російського імперіалізму та колоніалізму (УІФ, 2026), розд. 51, п. 30", "confidence": "низкая", "note": "", "paint": "none", "hold_from": "", "hold_to": "", "hold_note": "", "geometry_source": "city:Бишкек", "approximate": true}, "geometry": {"type": "Polygon", "coordinates": [[[74.933, 42.875], [74.83, 42.628], [74.583, 42.525], [74.336, 42.628], [74.233, 42.875], [74.336, 43.122], [74.583, 43.225], [74.83, 43.122], [74.933, 42.875]]]}}, {"type": "Feature", "properties": {"name": "chimkent_1967", "name_ru": "Чимкент (Шымкент) 1967", "people": "казахи", "from": "1967-06-01", "to": "1967-06-01", "from_raw": "1967-06", "to_raw": "1967-06", "territory": "Казахская ССР", "kind": "worker", "kind_ru": "выступление рабочих", "event": "массовое выступление", "source": "Атлас російського імперіалізму та колоніалізму (УІФ, 2026), розд. 51, п. 31", "confidence": "низкая", "note": "", "paint": "none", "hold_from": "", "hold_to": "", "hold_note": "", "geometry_source": "city:Шымкент", "approximate": true}, "geometry": {"type": "Polygon", "coordinates": [[[69.945, 42.32], [69.842, 42.073], [69.595, 41.97], [69.348, 42.073], [69.245, 42.32], [69.348, 42.567], [69.595, 42.67], [69.842, 42.567], [69.945, 42.32]]]}}, {"type": "Feature", "properties": {"name": "stepanakert_1967", "name_ru": "Степанакерт 1967", "people": "армяне", "from": "1967-07-01", "to": "1967-07-01", "from_raw": "1967-07", "to_raw": "1967-07", "territory": "Нагорный Карабах", "kind": "national", "kind_ru": "антиколониальное национальное выступление", "event": "массовое выступление", "source": "Атлас російського імперіалізму та колоніалізму (УІФ, 2026), розд. 51, п. 32", "confidence": "низкая", "note": "", "paint": "none", "hold_from": "", "hold_to": "", "hold_note": "", "geometry_source": "city:Степанакерт", "approximate": true}, "geometry": {"type": "Polygon", "coordinates": [[[47.102, 39.816], [46.999, 39.569], [46.752, 39.466], [46.505, 39.569], [46.402, 39.816], [46.505, 40.063], [46.752, 40.166], [46.999, 40.063], [47.102, 39.816]]]}}, {"type": "Feature", "properties": {"name": "slutsk_1967", "name_ru": "Слуцк 1967", "people": "белорусы", "from": "1967-10-01", "to": "1967-10-01", "from_raw": "1967-10", "to_raw": "1967-10", "territory": "Слуцк", "kind": "worker", "kind_ru": "выступление рабочих", "event": "массовое выступление", "source": "Атлас російського імперіалізму та колоніалізму (УІФ, 2026), розд. 51, п. 33", "confidence": "низкая", "note": "", "paint": "none", "hold_from": "", "hold_to": "", "hold_note": "", "geometry_source": "ne:Belarus:Minsk", "approximate": true}, "geometry": {"type": "Polygon", "coordinates": [[[27.106, 55.002], [27.259, 54.994], [27.25, 54.943], [27.319, 54.874], [27.675, 54.747], [27.707, 54.671], [27.813, 54.629], [28.227, 54.65], [28.412, 54.549], [28.481, 54.645], [28.566, 54.661], [28.65, 54.653], [28.665, 54.582], [28.841, 54.555], [28.879, 54.623], [29.042, 54.61], [29.136, 54.65], [29.212, 54.638], [29.232, 54.582], [29.485, 54.606], [29.355, 54.244], [29.463, 54.186], [29.421, 54.059], [29.338, 53.99], [29.385, 53.872], [29.357, 53.849], [29.401, 53.848], [29.36, 53.822], [29.482, 53.796], [29.4, 53.751], [29.43, 53.73], [29.21, 53.654], [29.104, 53.666], [29.059, 53.589], [28.947, 53.577], [28.949, 53.519], [28.894, 53.525], [28.868, 53.59], [28.617, 53.614], [28.547, 53.545], [28.575, 53.532], [28.402, 53.468], [28.362, 53.356], [28.449, 53.295], [28.089, 53.286], [28.229, 53.193], [28.523, 53.149], [28.538, 53.016], [28.453, 52.963], [28.489, 52.927], [28.292, 52.766], [28.469, 52.68], [28.406, 52.632], [28.408, 52.518], [28.341, 52.481], [28.122, 52.468], [27.988, 52.519], [27.941, 52.444], [27.706, 52.438], [27.528, 52.539], [27.338, 52.476], [27.271, 52.361], [27.128, 52.416], [27.148, 52.468], [27.041, 52.538], [27.052, 52.604], [27.185, 52.612], [27.168, 52.666], [26.586, 52.885], [26.448, 52.826], [26.407, 52.86], [26.442, 52.889], [26.372, 52.991], [26.515, 53.064], [26.267, 53.189], [26.397, 53.258], [26.377, 53.365], [26.568, 53.405], [26.474, 53.62], [26.262, 53.725], [26.257, 53.774], [26.31, 53.798], [26.214, 53.835], [26.433, 53.999], [26.334, 54.057], [26.195, 54.037], [26.179, 54.129], [26.076, 54.14], [26.108, 54.199], [26.469, 54.279], [26.61, 54.458], [26.585, 54.544], [26.638, 54.531], [26.683, 54.584], [26.675, 54.634], [26.586, 54.643], [26.539, 54.75], [26.344, 54.855], [26.316, 54.928], [26.383, 54.983], [26.984, 54.948], [27.076, 54.955], [27.106, 55.002]], [[27.556, 53.784], [27.831, 53.834], [27.776, 53.907], [27.836, 54.017], [27.503, 54.017], [27.386, 53.964], [27.383, 53.837], [27.556, 53.784]]]}}, {"type": "Feature", "properties": {"name": "nalchik_1968", "name_ru": "Нальчик 1968", "people": "кабардинцы, балкарцы", "from": "1968-07-01", "to": "1968-07-01", "from_raw": "1968-07", "to_raw": "1968-07", "territory": "Нальчик", "kind": "worker", "kind_ru": "выступление рабочих", "event": "массовое выступление", "source": "Атлас російського імперіалізму та колоніалізму (УІФ, 2026), розд. 51, п. 34", "confidence": "низкая", "note": "", "paint": "none", "hold_from": "", "hold_to": "", "hold_note": "", "geometry_source": "city:Нальчик", "approximate": true}, "geometry": {"type": "Polygon", "coordinates": [[[43.968, 43.498], [43.865, 43.251], [43.618, 43.148], [43.371, 43.251], [43.268, 43.498], [43.371, 43.745], [43.618, 43.848], [43.865, 43.745], [43.968, 43.498]]]}}, {"type": "Feature", "properties": {"name": "prague_1968", "name_ru": "Прага 1968", "people": "чехи, словаки", "from": "1968-08-21", "to": "1968-08-21", "from_raw": "1968-08-21", "to_raw": "1968-08-21", "territory": "Чехословакия", "kind": "satellite", "kind_ru": "выступление в стране под контролем империи", "event": "в ответ на попытку первого секретаря ЦК Компартии Чехословакии Александра Дубчека либерализовать режим советские войска вместе с армиями стран Варшавского договора вторглись в страну; погибли около ста мирных жителей, более пятисот ранены", "source": "Атлас російського імперіалізму та колоніалізму (УІФ, 2026), розд. 51, п. 35", "confidence": "высокая", "note": "Дубчека сместили, на его место назначили лояльного Москве Густава Гусака", "paint": "none", "hold_from": "", "hold_to": "", "hold_note": "", "geometry_source": "ne:Czech Republic:*", "approximate": true}, "geometry": {"type": "Polygon", "coordinates": [[[13.539, 48.967], [13.427, 48.96], [13.0, 49.295], [12.778, 49.333], [12.644, 49.429], [12.496, 49.67], [12.384, 49.743], [12.524, 49.905], [12.451, 49.981], [12.247, 50.045], [12.175, 50.183], [12.08, 50.243], [12.111, 50.277], [12.076, 50.315], [12.24, 50.257], [12.3, 50.161], [12.336, 50.259], [12.51, 50.389], [12.817, 50.443], [12.953, 50.404], [13.01, 50.493], [13.16, 50.497], [13.232, 50.582], [13.369, 50.628], [13.448, 50.597], [13.557, 50.707], [13.835, 50.724], [13.96, 50.802], [14.347, 50.88], [14.382, 50.921], [14.238, 50.982], [14.288, 51.037], [14.482, 51.037], [14.574, 50.975], [14.55, 50.912], [14.629, 50.921], [14.613, 50.846], [14.738, 50.811], [14.81, 50.858], [14.982, 50.859], [14.997, 50.959], [14.961, 50.993], [15.004, 51.021], [15.108, 50.981], [15.144, 51.012], [15.27, 50.953], [15.256, 50.9], [15.356, 50.775], [15.442, 50.8], [15.792, 50.743], [15.848, 50.675], [15.971, 50.679], [15.982, 50.604], [16.086, 50.647], [16.332, 50.644], [16.426, 50.568], [16.2, 50.406], [16.344, 50.37], [16.661, 50.093], [16.818, 50.187], [17.015, 50.218], [16.866, 50.408], [16.893, 50.433], [17.188, 50.378], [17.424, 50.241], [17.708, 50.311], [17.748, 50.218], [17.589, 50.163], [17.633, 50.106], [17.732, 50.095], [17.839, 49.974], [18.032, 50.003], [18.002, 50.047], [18.292, 49.908], [18.559, 49.907], [18.618, 49.714], [18.788, 49.669], [18.837, 49.527], [18.733, 49.48], [18.556, 49.49], [18.388, 49.39], [18.385, 49.342], [18.19, 49.277], [18.118, 49.203], [18.076, 49.047], [17.914, 49.01], [17.879, 48.934], [17.727, 48.863], [17.535, 48.813], [17.212, 48.866], [17.114, 48.834], [16.945, 48.604], [16.873, 48.719], [16.675, 48.734], [16.52, 48.806], [16.358, 48.727], [16.085, 48.743], [15.818, 48.872], [15.681, 48.858], [15.275, 48.987], [15.142, 48.937], [15.137, 48.993], [15.004, 49.01], [14.94, 48.763], [14.8, 48.777], [14.676, 48.576], [14.458, 48.643], [14.316, 48.558], [14.041, 48.601], [13.991, 48.7], [13.816, 48.766], [13.539, 48.967]]]}}, {"type": "Feature", "properties": {"name": "zarafshan_1969", "name_ru": "Лагерь Зарафшан 1969", "people": "узники", "from": "1969-07-01", "to": "1969-08-01", "from_raw": "1969-07", "to_raw": "1969-08", "territory": "Узбекская ССР", "kind": "camp", "kind_ru": "восстание в лагере", "event": "выступление в лагере", "source": "Атлас російського імперіалізму та колоніалізму (УІФ, 2026), розд. 51, п. 36", "confidence": "низкая", "note": "", "paint": "none", "hold_from": "", "hold_to": "", "hold_note": "", "geometry_source": "city:Зарафшан", "approximate": true}, "geometry": {"type": "Polygon", "coordinates": [[[64.552, 41.582], [64.449, 41.335], [64.202, 41.232], [63.955, 41.335], [63.852, 41.582], [63.955, 41.829], [64.202, 41.932], [64.449, 41.829], [64.552, 41.582]]]}}, {"type": "Feature", "properties": {"name": "prague_brno_1969", "name_ru": "Прага, Брно 1969", "people": "чехи", "from": "1969-08-01", "to": "1969-08-01", "from_raw": "1969-08", "to_raw": "1969-08", "territory": "Чехословакия", "kind": "satellite", "kind_ru": "выступление в стране под контролем империи", "event": "выступления к годовщине вторжения", "source": "Атлас російського імперіалізму та колоніалізму (УІФ, 2026), розд. 51, п. 37", "confidence": "средняя", "note": "", "paint": "none", "hold_from": "", "hold_to": "", "hold_note": "", "geometry_source": "ne:Czech Republic:Prague|Jihomoravský", "approximate": true}, "geometry": {"type": "MultiPolygon", "coordinates": [[[[15.544, 48.903], [15.578, 48.971], [15.736, 48.954], [15.948, 49.056], [16.114, 49.04], [16.249, 49.102], [16.273, 49.294], [16.392, 49.36], [16.392, 49.597], [16.617, 49.634], [16.789, 49.608], [16.727, 49.583], [16.791, 49.524], [16.789, 49.414], [16.87, 49.393], [16.876, 49.499], [16.94, 49.493], [17.038, 49.359], [17.137, 49.31], [17.13, 49.236], [17.202, 49.158], [17.116, 49.086], [17.221, 49.085], [17.228, 49.033], [17.424, 48.945], [17.523, 48.948], [17.646, 48.842], [17.535, 48.813], [17.167, 48.86], [17.025, 48.746], [16.945, 48.604], [16.873, 48.719], [16.675, 48.734], [16.52, 48.806], [16.358, 48.727], [16.085, 48.743], [15.818, 48.872], [15.544, 48.903]]], [[[14.683, 50.092], [14.647, 50.0], [14.326, 49.952], [14.213, 50.096], [14.538, 50.167], [14.683, 50.092]]]]}}, {"type": "Feature", "properties": {"name": "gdansk_1970", "name_ru": "Гданьск, Щецин 1970-1971", "people": "поляки", "from": "1970-12-01", "to": "1971-01-01", "from_raw": "1970-12", "to_raw": "1971-01", "territory": "Польша", "kind": "satellite", "kind_ru": "выступление в стране под контролем империи", "event": "рабочие выступления на побережье", "source": "Атлас російського імперіалізму та колоніалізму (УІФ, 2026), розд. 51, п. 38", "confidence": "высокая", "note": "", "paint": "none", "hold_from": "", "hold_to": "", "hold_note": "", "geometry_source": "city:Гданьск;ne:Poland:West Pomeranian", "approximate": true}, "geometry": {"type": "MultiPolygon", "coordinates": [[[[14.124, 52.851], [14.165, 52.896], [14.144, 52.96], [14.343, 53.049], [14.442, 53.252], [14.304, 53.509], [14.264, 53.7], [14.294, 53.749], [14.591, 53.598], [14.624, 53.653], [14.545, 53.704], [14.576, 53.77], [14.624, 53.77], [14.631, 53.852], [14.587, 53.813], [14.576, 53.855], [14.441, 53.87], [14.432, 53.906], [14.363, 53.879], [14.405, 53.844], [14.319, 53.818], [14.201, 53.878], [14.21, 53.938], [14.407, 53.922], [15.86, 54.25], [16.179, 54.263], [16.215, 54.3], [16.138, 54.29], [16.324, 54.35], [16.282, 54.359], [16.57, 54.557], [16.785, 54.577], [16.97, 54.387], [16.933, 54.278], [16.967, 54.223], [16.811, 54.189], [16.883, 53.965], [17.058, 53.826], [16.952, 53.817], [17.002, 53.753], [16.93, 53.697], [16.948, 53.588], [16.837, 53.585], [16.765, 53.461], [16.529, 53.442], [16.545, 53.366], [16.752, 53.282], [16.704, 53.206], [16.456, 53.125], [16.217, 52.979], [16.039, 53.007], [16.03, 53.103], [15.98, 53.11], [15.733, 52.989], [15.301, 52.952], [15.348, 52.933], [15.249, 52.846], [15.03, 52.875], [14.932, 52.843], [14.79, 52.691], [14.654, 52.67], [14.608, 52.596], [14.124, 52.851]]], [[[18.862, 54.089], [18.606, 54.012], [18.369, 54.138], [18.292, 54.394], [18.418, 54.631], [18.674, 54.708], [18.911, 54.582], [18.988, 54.326], [18.862, 54.089]]]]}}, {"type": "Feature", "properties": {"name": "kaunas_1972", "name_ru": "Каунас 1972", "people": "литовцы", "from": "1972-05-14", "to": "1972-05-18", "from_raw": "1972-05-14", "to_raw": "1972-05-18", "territory": "Литовская ССР", "kind": "national", "kind_ru": "антиколониальное национальное выступление", "event": "выступления после самосожжения Ромаса Каланты", "source": "Атлас російського імперіалізму та колоніалізму (УІФ, 2026), розд. 51, п. 39", "confidence": "высокая", "note": "", "paint": "none", "hold_from": "", "hold_to": "", "hold_note": "", "geometry_source": "city:Каунас", "approximate": true}, "geometry": {"type": "Polygon", "coordinates": [[[24.23, 54.95], [24.127, 54.703], [23.88, 54.6], [23.633, 54.703], [23.53, 54.95], [23.633, 55.197], [23.88, 55.3], [24.127, 55.197], [24.23, 54.95]]]}}, {"type": "Feature", "properties": {"name": "dniprodzerzhynsk_1972", "name_ru": "Днепродзержинск (Каменское) 1972", "people": "украинцы", "from": "1972-06-01", "to": "1972-06-01", "from_raw": "1972-06", "to_raw": "1972-06", "territory": "Днепродзержинск", "kind": "worker", "kind_ru": "выступление рабочих", "event": "массовое выступление", "source": "Атлас російського імперіалізму та колоніалізму (УІФ, 2026), розд. 51, п. 40", "confidence": "низкая", "note": "", "paint": "none", "hold_from": "", "hold_to": "", "hold_note": "", "geometry_source": "ne:Ukraine:Dnipropetrovs'k", "approximate": true}, "geometry": {"type": "Polygon", "coordinates": [[[34.784, 49.175], [35.17, 49.147], [35.462, 48.975], [35.794, 48.934], [35.953, 48.969], [36.022, 48.9], [35.962, 48.855], [36.164, 48.767], [36.133, 48.724], [36.286, 48.634], [36.284, 48.528], [36.375, 48.542], [36.477, 48.647], [36.787, 48.604], [36.751, 48.529], [36.883, 48.579], [36.809, 48.413], [36.814, 48.319], [36.914, 48.264], [36.927, 48.202], [36.87, 48.161], [36.893, 48.068], [36.829, 48.032], [36.589, 48.079], [36.577, 47.971], [36.634, 47.924], [36.534, 47.905], [36.576, 47.844], [36.286, 47.813], [36.203, 47.863], [36.079, 47.845], [36.118, 47.939], [36.021, 48.004], [36.045, 48.043], [35.975, 48.029], [35.959, 48.091], [35.809, 48.067], [35.674, 48.127], [35.515, 48.079], [35.118, 48.129], [34.886, 48.081], [34.851, 48.123], [34.813, 48.016], [34.916, 47.947], [34.808, 47.878], [34.902, 47.831], [34.886, 47.76], [34.945, 47.743], [34.898, 47.523], [34.595, 47.569], [34.157, 47.474], [33.902, 47.514], [33.654, 47.487], [33.563, 47.575], [33.339, 47.495], [32.994, 47.595], [33.021, 47.643], [32.984, 47.71], [33.087, 47.732], [33.083, 47.896], [33.032, 47.92], [33.057, 48.026], [33.222, 48.09], [33.242, 48.174], [33.269, 48.103], [33.348, 48.186], [33.513, 48.239], [33.445, 48.525], [33.821, 48.668], [33.599, 48.722], [33.572, 48.787], [33.76, 48.807], [33.826, 48.759], [33.919, 48.866], [34.237, 48.746], [34.316, 48.84], [34.278, 48.922], [34.408, 49.077], [34.784, 49.175]]]}}, {"type": "Feature", "properties": {"name": "rubtsovsk_1974", "name_ru": "Рубцовск 1974", "people": "русские", "from": "1974-05-01", "to": "1974-05-01", "from_raw": "1974-05", "to_raw": "1974-05", "territory": "Алтайский край", "kind": "worker", "kind_ru": "выступление рабочих", "event": "массовое выступление", "source": "Атлас російського імперіалізму та колоніалізму (УІФ, 2026), розд. 51, п. 41", "confidence": "низкая", "note": "", "paint": "none", "hold_from": "", "hold_to": "", "hold_note": "", "geometry_source": "city:Рубцовск", "approximate": true}, "geometry": {"type": "Polygon", "coordinates": [[[81.56, 51.52], [81.457, 51.273], [81.21, 51.17], [80.963, 51.273], [80.86, 51.52], [80.963, 51.767], [81.21, 51.87], [81.457, 51.767], [81.56, 51.52]]]}}, {"type": "Feature", "properties": {"name": "smolensk_camp_1978", "name_ru": "Лагерь под Смоленском 1978", "people": "узники", "from": "1978-01-01", "to": "1978-01-01", "from_raw": "1978", "to_raw": "1978", "territory": "Смоленская область", "kind": "camp", "kind_ru": "восстание в лагере", "event": "выступление в лагере", "source": "Атлас російського імперіалізму та колоніалізму (УІФ, 2026), розд. 51, п. 42", "confidence": "низкая", "note": "", "paint": "none", "hold_from": "", "hold_to": "", "hold_note": "", "geometry_source": "city:Смоленск", "approximate": true}, "geometry": {"type": "Polygon", "coordinates": [[[32.397, 54.783], [32.294, 54.536], [32.047, 54.433], [31.8, 54.536], [31.697, 54.783], [31.8, 55.03], [32.047, 55.133], [32.294, 55.03], [32.397, 54.783]]]}}, {"type": "Feature", "properties": {"name": "ordzhonikidze_1981", "name_ru": "Орджоникидзе (Владикавказ) 1981", "people": "осетины, ингуши", "from": "1981-10-01", "to": "1981-10-01", "from_raw": "1981-10", "to_raw": "1981-10", "territory": "Северная Осетия", "kind": "national", "kind_ru": "антиколониальное национальное выступление", "event": "массовое выступление", "source": "Атлас російського імперіалізму та колоніалізму (УІФ, 2026), розд. 51, п. 43", "confidence": "средняя", "note": "", "paint": "none", "hold_from": "", "hold_to": "", "hold_note": "", "geometry_source": "city:Владикавказ", "approximate": true}, "geometry": {"type": "Polygon", "coordinates": [[[45.02, 43.05], [44.917, 42.803], [44.67, 42.7], [44.423, 42.803], [44.32, 43.05], [44.423, 43.297], [44.67, 43.4], [44.917, 43.297], [45.02, 43.05]]]}}, {"type": "Feature", "properties": {"name": "katowice_1981", "name_ru": "Шахта «Вуек» - Катовице, Гданьск 1981", "people": "поляки", "from": "1981-12-13", "to": "1981-12-16", "from_raw": "1981-12-13", "to_raw": "1981-12-16", "territory": "Польша", "kind": "satellite", "kind_ru": "выступление в стране под контролем империи", "event": "выступления профсоюза «Солидарность» разбиты силой: с декабря 1981 г. по 1983 г. в Польше действовало чрезвычайное положение", "source": "Атлас російського імперіалізму та колоніалізму (УІФ, 2026), розд. 51, п. 44", "confidence": "высокая", "note": "профсоюз «Солидарность» во главе с Лехом Валенсой возник в начале 1980 г. и собрал 9 млн сторонников - первое независимое общественное движение в коммунистических странах Центральной и Восточной Европы", "paint": "none", "hold_from": "", "hold_to": "", "hold_note": "", "geometry_source": "city:Катовице;city:Гданьск", "approximate": true}, "geometry": {"type": "MultiPolygon", "coordinates": [[[[19.242, 49.989], [18.986, 49.912], [18.749, 50.038], [18.672, 50.294], [18.798, 50.531], [19.054, 50.608], [19.291, 50.482], [19.368, 50.226], [19.242, 49.989]]], [[[18.862, 54.089], [18.606, 54.012], [18.369, 54.138], [18.292, 54.394], [18.418, 54.631], [18.674, 54.708], [18.911, 54.582], [18.988, 54.326], [18.862, 54.089]]]]}}, {"type": "Feature", "properties": {"name": "leninogorsk_1984", "name_ru": "Лениногорск 1984", "people": "казахи", "from": "1984-08-01", "to": "1984-08-01", "from_raw": "1984-08", "to_raw": "1984-08", "territory": "Восточно-Казахстанская область", "kind": "worker", "kind_ru": "выступление рабочих", "event": "массовое выступление", "source": "Атлас російського імперіалізму та колоніалізму (УІФ, 2026), розд. 51, п. 45", "confidence": "низкая", "note": "", "paint": "none", "hold_from": "", "hold_to": "", "hold_note": "", "geometry_source": "city:Риддер", "approximate": true}, "geometry": {"type": "Polygon", "coordinates": [[[83.865, 50.355], [83.762, 50.108], [83.515, 50.005], [83.268, 50.108], [83.165, 50.355], [83.268, 50.602], [83.515, 50.705], [83.762, 50.602], [83.865, 50.355]]]}}, {"type": "Feature", "properties": {"name": "kardzhali_1984", "name_ru": "Кырджалийская и Сливенская области 1984-1985", "people": "турки Болгарии", "from": "1984-12-01", "to": "1985-01-01", "from_raw": "1984-12", "to_raw": "1985-01", "territory": "Болгария", "kind": "satellite", "kind_ru": "выступление в стране под контролем империи", "event": "выступления против насильственной смены имён", "source": "Атлас російського імперіалізму та колоніалізму (УІФ, 2026), розд. 51, п. 46", "confidence": "средняя", "note": "", "paint": "none", "hold_from": "", "hold_to": "", "hold_note": "", "geometry_source": "ne:Bulgaria:Kardzhali|Sliven", "approximate": true}, "geometry": {"type": "MultiPolygon", "coordinates": [[[[26.163, 41.529], [26.176, 41.432], [26.121, 41.358], [25.882, 41.304], [25.811, 41.341], [25.68, 41.297], [25.551, 41.316], [25.262, 41.238], [25.154, 41.308], [25.142, 41.523], [25.071, 41.492], [24.994, 41.578], [25.09, 41.622], [25.038, 41.761], [25.196, 41.909], [25.247, 41.817], [25.389, 41.847], [25.471, 41.77], [25.586, 41.761], [25.639, 41.62], [25.782, 41.665], [25.917, 41.563], [26.067, 41.635], [26.163, 41.529]]], [[[25.979, 42.271], [25.831, 42.539], [25.883, 42.568], [25.811, 42.783], [26.057, 42.817], [26.082, 42.886], [26.268, 42.991], [26.275, 43.035], [26.574, 42.987], [26.578, 42.771], [26.499, 42.73], [26.593, 42.676], [26.661, 42.696], [26.654, 42.633], [26.405, 42.563], [26.342, 42.461], [26.245, 42.463], [26.169, 42.405], [26.225, 42.358], [26.13, 42.157], [26.025, 42.153], [25.974, 42.198], [25.979, 42.271]]]]}}, {"type": "Feature", "properties": {"name": "ichkeria_1991", "name_ru": "Ичкерия 1991-1999", "people": "чеченцы", "from": "1991-11-01", "to": "1999-09-30", "from_raw": "1991-11-01", "to_raw": "1999-09-30", "territory": "Чечня", "kind": "national", "kind_ru": "антиколониальное национальное выступление", "event": "независимость, отстоянная в войне 1994-1996 годов и уничтоженная вторжением 1999 года", "source": "наша база: домен нохчи (кампания C1027 и соседние); слой постсоветских эпизодов data/postsoviet/registry.csv", "confidence": "высокая", "note": "УЖЕ ПОКАЗАНА на карте вырезом из контура: строки chechnya в data/postsoviet/registry.csv, kind=de_facto_independent. Второй раз то же самое не вычитаем", "paint": "shown_elsewhere", "hold_from": "1996-08-31", "hold_to": "1999-09-30", "hold_note": "удержание УЖЕ показано другим механизмом - слоем постсоветских эпизодов; строка нужна как учёт, геометрии в нашем слое у неё нет", "geometry_source": "ne:Russia:Chechnya", "approximate": true}, "geometry": {"type": "Polygon", "coordinates": [[[45.356, 42.52], [45.155, 42.693], [45.076, 42.691], [45.179, 42.804], [45.137, 42.835], [45.167, 43.138], [45.047, 43.494], [44.839, 43.584], [44.839, 43.661], [44.961, 43.671], [45.004, 43.758], [45.077, 43.781], [45.069, 43.945], [45.198, 43.95], [45.221, 43.883], [45.432, 43.879], [45.453, 43.994], [45.509, 44.015], [45.729, 43.952], [45.832, 43.979], [46.05, 43.931], [46.015, 43.881], [46.057, 43.82], [46.089, 43.858], [46.2, 43.848], [46.246, 43.943], [46.419, 44.0], [46.462, 43.962], [46.455, 43.881], [46.676, 43.815], [46.486, 43.676], [46.439, 43.541], [46.327, 43.435], [46.428, 43.306], [46.409, 43.217], [46.448, 43.181], [46.403, 43.114], [46.535, 43.08], [46.489, 43.008], [46.537, 42.941], [46.393, 42.872], [46.196, 42.904], [46.121, 42.838], [46.17, 42.73], [46.047, 42.69], [46.013, 42.592], [45.962, 42.616], [45.821, 42.487], [45.74, 42.471], [45.537, 42.541], [45.356, 42.52]]]}}]}