city,lat,lon,start,lost,liberated,changes,theatre,anchor,fronts,source,note
Айзенштадт,47.8500,16.5200,foreign,,1945-04-01,,Австрия,yes,,хроника наступательных операций РККА 1944-1945; где город есть в справочнике - сверено с ним,
Амштеттен,48.1200,14.8700,foreign,,1945-05-08,,Австрия,yes,,хроника наступательных операций РККА 1944-1945; где город есть в справочнике - сверено с ним,
Вена,48.2082,16.3738,foreign,,1945-04-13,,Австрия,yes,,https://ru.wikipedia.org/wiki/Венская_наступательная_операция,3-й Украинский фронт; советская зона оккупации Австрии - до 1955
Винер-Нойштадт,47.8121,16.2456,foreign,,1945-04-02,,Австрия,yes,,https://de.wikipedia.org/wiki/Wiener_Operation,Сдан без сопротивления в начале Венской операции
Грац,47.0707,15.4395,foreign,,1945-05-09,,Австрия,yes,,https://bik.lbg.ac.at/forschung/programmlinie-weltkriege/rote/?lang=en,"57-я армия 3-го Украинского фронта в ночь на 9 мая; последняя из земельных столиц Австрии,  занятая союзниками"
Санкт-Пёльтен,48.2000,15.6200,foreign,,1945-04-15,,Австрия,yes,,хроника наступательных операций РККА 1944-1945; где город есть в справочнике - сверено с ним,
Бургас,42.5048,27.4626,foreign,,1944-09-09,,Болгария,yes,,https://www.mediapool.bg/8-septemvri-1944-g-savetskite-voiski-okupirat-bulgaria-news224591.html,К исходу 9 сентября советские войска вышли на рубеж Русе-Разград-Тырговиште-Бургас
Варна,43.2141,27.9147,foreign,,1944-09-09,,Болгария,yes,,https://www.mediapool.bg/8-septemvri-1944-g-savetskite-voiski-okupirat-bulgaria-news224591.html,Черноморский флот; занята практически без боёв
Пловдив,42.1354,24.7453,foreign,,1944-09-09,,Болгария,yes,,https://bg.wikipedia.org/wiki/%D0%94%D0%B5%D0%B2%D0%B5%D1%82%D0%BE%D1%81%D0%B5%D0%BF%D1%82%D0%B5%D0%BC%D0%B2%D1%80%D0%B8%D0%B9%D1%81%D0%BA%D0%B8_%D0%BF%D1%80%D0%B5%D0%B2%D1%80%D0%B0%D1%82,Занят в дни всеобщего продвижения советских войск после капитуляции без боёв; точный час в источниках не детализирован
Русе,43.8564,25.9708,foreign,,1944-09-08,,Болгария,yes,,https://www.mediapool.bg/8-septemvri-1944-g-savetskite-voiski-okupirat-bulgaria-news224591.html,Дунайский порт; первый крупный город на пути советских войск
София,42.6977,23.3219,foreign,,1944-09-16,,Болгария,yes,,https://bg.wikipedia.org/wiki/%D0%A1%D1%8A%D0%B2%D0%B5%D1%82%D1%81%D0%BA%D0%BE-%D0%B1%D1%8A%D0%BB%D0%B3%D0%B0%D1%80%D1%81%D0%BA%D0%B0_%D0%B2%D0%BE%D0%B9%D0%BD%D0%B0,Вход без сопротивления после переворота Отечественного фронта 9 сентября
Будапешт (Буда),47.4950,19.0350,foreign,,1945-02-13,,Венгрия,yes,,https://ru.wikipedia.org/wiki/Будапештская_операция,Капитуляция гарнизона крепости Буды после 108-дневной осады
Будапешт (Пешт),47.5000,19.0850,foreign,,1945-01-18,,Венгрия,yes,,https://ru.wikipedia.org/wiki/Будапештская_операция,Левобережная (восточная) часть города
Дебрецен,47.5316,21.6273,foreign,,1944-10-20,,Венгрия,yes,,https://ru.wikipedia.org/wiki/Дебреценская_операция,2-й Украинский фронт
Дьёр,47.6875,17.6504,foreign,,1945-03-28,,Венгрия,yes,,https://ru.wikipedia.org/wiki/Венская_наступательная_операция,"Венская операция,  преследование отступающих немецких войск"
Кечкемет,46.9000,19.6900,foreign,,1944-10-31,,Венгрия,yes,,хроника наступательных операций РККА 1944-1945; где город есть в справочнике - сверено с ним,
Мишкольц,48.1035,20.7784,foreign,,1944-12-03,,Венгрия,yes,,https://ru.wikipedia.org/wiki/Дебреценская_операция,4-й Украинский фронт
Ньиредьхаза,47.9500,21.7200,foreign,,1944-10-31,,Венгрия,yes,,хроника наступательных операций РККА 1944-1945; где город есть в справочнике - сверено с ним,
Печ,46.0700,18.2300,foreign,,1944-11-29,,Венгрия,yes,,хроника наступательных операций РККА 1944-1945; где город есть в справочнике - сверено с ним,
Сегед,46.2530,20.1414,foreign,,1944-10-11,,Венгрия,yes,,https://ru.wikipedia.org/wiki/Дебреценская_операция,2-й Украинский фронт
Секешфехервар,47.1900,18.4200,foreign,,1945-03-22,1944-12-23:empire;1945-01-22:foreign;1945-03-22:empire,Венгрия,yes,,хроника Будапештской и Балатонской операций,"взят 23.12.1944, отбит немцами 22.01.1945, окончательно взят 22.03.1945"
Сомбатхей,47.2300,16.6200,foreign,,1945-03-29,,Венгрия,yes,,хроника наступательных операций РККА 1944-1945; где город есть в справочнике - сверено с ним,
Шопрон,47.6817,16.5845,foreign,,1945-04-01,,Венгрия,yes,,https://ru.wikipedia.org/wiki/Венская_наступательная_операция,Венская операция
Эгер,47.9000,20.3700,foreign,,1944-11-30,,Венгрия,yes,,хроника наступательных операций РККА 1944-1945; где город есть в справочнике - сверено с ним,
Баутцен,51.1800,14.4200,foreign,,1945-04-22,,Германия,yes,,хроника наступательных операций РККА 1944-1945; где город есть в справочнике - сверено с ним,
Берлин,52.5200,13.4050,foreign,,1945-04-25,,Германия,yes,,https://ru.wikipedia.org/wiki/Берлинская_операция,"кольцо вокруг Берлина замкнуто 25.04.1945, Рейхстаг взят 30.04, гарнизон капитулировал 02.05.1945 - ставим дату установления контроля над городом, а не капитуляции; Капитуляция берлинского гарнизона"
Виттенберг,51.8700,12.6500,foreign,,1945-05-08,,Германия,yes,,хроника наступательных операций РККА 1944-1945; где город есть в справочнике - сверено с ним,
Губен,51.9500,14.7100,foreign,,1945-04-19,,Германия,yes,,хроника наступательных операций РККА 1944-1945; где город есть в справочнике - сверено с ним,
Гёрлиц,51.1500,14.9900,foreign,,1945-05-08,,Германия,yes,,хроника наступательных операций РККА 1944-1945; где город есть в справочнике - сверено с ним,
Дрезден,51.0504,13.7373,foreign,,1945-05-08,,Германия,yes,,https://ru.wikipedia.org/wiki/Пражская_операция,1-й Украинский фронт на завершающем этапе Пражской операции
Котбус,51.7600,14.3300,foreign,,1945-04-22,,Германия,yes,,хроника наступательных операций РККА 1944-1945; где город есть в справочнике - сверено с ним,
Кюстрин,52.5875,14.6486,foreign,,1945-03-30,,Германия,yes,,https://berlin.museum-digital.de/object/72683,"Ноейштадт занят к 30.03; крепость на острове (цитадель) капитулировала позже,  23.04.1945"
Магдебург,52.1205,11.6276,foreign,,,,Германия,yes,,https://en.wikipedia.org/wiki/Battle_of_Magdeburg,занят западными союзниками; в советскую зону в окне слоя не входил. 9-я американская армия; передан советской зоне оккупации 1-4.07.1945
Нойбранденбург,53.5600,13.2600,foreign,,1945-04-29,,Германия,yes,,хроника наступательных операций РККА 1944-1945; где город есть в справочнике - сверено с ним,
Потсдам,52.3906,13.0645,foreign,,1945-04-27,,Германия,yes,,https://ru.wikipedia.org/wiki/Берлинская_операция,Взят до общей капитуляции Берлина
Пренцлау,53.3200,13.8600,foreign,,1945-04-27,,Германия,yes,,хроника наступательных операций РККА 1944-1945; где город есть в справочнике - сверено с ним,
Росток,54.0887,12.1400,foreign,,1945-05-01,,Германия,yes,,https://de.wikipedia.org/wiki/Stettin-Rostocker_Operation,Штеттин-Ростокская операция 20.04-05.05.1945
Рюген (Берген),54.4167,13.4333,foreign,,1945-05-05,,Германия,yes,,https://www.nd-aktuell.de/artikel/1136400.zweiter-weltkrieg-auf-ruegen-der-pfarrer-als-krieger.html,"Немцы взорвали дамбу Рюгендамм 02.05,  остров занят практически без боёв к 5 мая"
Свинемюнде,53.9100,14.2500,foreign,,1945-05-05,,Германия,yes,,хроника наступательных операций РККА 1944-1945; где город есть в справочнике - сверено с ним,
Торгау,51.5597,13.0022,foreign,,1945-04-25,,Германия,yes,,https://ru.wikipedia.org/wiki/Встреча_на_Эльбе,"Место встречи 1-го Украинского фронта и 1-й американской армии на Эльбе,  13:30 25.04.1945"
Франкфурт-на-Одере,52.3412,14.5511,foreign,,1945-04-23,,Германия,yes,,https://en.wikipedia.org/wiki/Battle_of_Frankfurt_an_der_Oder,"Берлинская операция,  взят в ходе прорыва обороны на Одере"
Хемниц,50.8278,12.9214,foreign,,1945-05-08,,Германия,yes,,https://www.mironde.com/litterata/8555/feature/am-14-april-1945-endete-der-krieg-in-der-region-chemnitz-zwickau,"Вермахт отошёл 6-7 мая,  город передан советскому коменданту 8 мая,  хотя первоначально к городу подходили и американцы"
Циттау,50.9000,14.8100,foreign,,1945-05-09,,Германия,yes,,хроника наступательных операций РККА 1944-1945; где город есть в справочнике - сверено с ним,
Штральзунд,54.3093,13.0818,foreign,,1945-05-01,,Германия,yes,,http://ino.blogsport.de/ueber-uns/der-zweite-weltkrieg/die-befreiung-mecklenburg-vorpommerns-im-april-1945/die-befreiung-stralsunds/,90-я гвардейская Ропшинская стрелковая дивизия вошла без боя рано утром 1 мая
Гумбиннен,54.5900,22.2000,foreign,,1945-01-21,,Германия (Вост. Пруссия),yes,,хроника наступательных операций РККА 1944-1945; где город есть в справочнике - сверено с ним,
Инстербург,54.6300,21.8200,foreign,,1945-01-22,,Германия (Вост. Пруссия),yes,,хроника наступательных операций РККА 1944-1945; где город есть в справочнике - сверено с ним,
Тильзит,55.0800,21.8800,foreign,,1945-01-20,,Германия (Вост. Пруссия),yes,,хроника наступательных операций РККА 1944-1945; где город есть в справочнике - сверено с ним,
Киркенес,69.7269,30.0450,foreign,,1944-10-25,,Норвегия,yes,,https://ria.ru/20191029/1560305536.html,Единственный занятый советскими войсками город Норвегии; войска выведены к 25.09.1945
Августов,53.8400,22.9800,foreign,,1944-10-23,,Польша,yes,,хроника наступательных операций РККА 1944-1945; где город есть в справочнике - сверено с ним,
Бельско-Бяла,49.8200,19.0500,foreign,,1945-02-12,,Польша,yes,,хроника наступательных операций РККА 1944-1945; где город есть в справочнике - сверено с ним,
Быдгощ,53.1235,18.0084,foreign,,1945-01-23,,Польша,yes,,https://pl.wikipedia.org/wiki/Bitwa_o_Bydgoszcz,"Бои 23-27.01.1945; официальная польская дата 24.01,  в русской традиции чаще 23.01"
Валбжих,50.7700,16.2800,foreign,,1945-05-08,,Польша,yes,,хроника наступательных операций РККА 1944-1945; где город есть в справочнике - сверено с ним,
Валч,53.2700,16.4700,foreign,,1945-02-11,,Польша,yes,,хроника наступательных операций РККА 1944-1945; где город есть в справочнике - сверено с ним,
Варшава,52.2297,21.0122,foreign,,1945-01-17,,Польша,yes,,https://ru.wikipedia.org/wiki/Варшавско-Познанская_операция,1-я армия Войска Польского и 47-я армия РККА
Варшава-Прага,52.2530,21.0450,foreign,,1944-09-14,,Польша,yes,,https://ru.wikipedia.org/wiki/Варшавско-Пражская_операция,Взято правобережное предместье; левобережная Варшава и Варшавское восстание в это время подавлялись немцами отдельно
Вроцлав (Бреслау),51.1079,17.0385,foreign,,1945-05-06,,Польша,yes,,https://ru.wikipedia.org/wiki/Осада_Бреслау,Крепость капитулировала на следующий день после падения Берлина
Гданьск (Данциг),54.3520,18.6466,foreign,,1945-03-30,,Польша,yes,,https://ru.wikipedia.org/wiki/Восточно-Померанская_операция,2-й Белорусский фронт
Гдыня,54.5189,18.5305,foreign,,1945-03-28,,Польша,yes,,https://en.wikipedia.org/wiki/Battle_of_Gdynia,Есть расхождение источников: 26 или 28 марта 1945
Гливице,50.2900,18.6700,foreign,,1945-01-24,,Польша,yes,,хроника наступательных операций РККА 1944-1945; где город есть в справочнике - сверено с ним,
Жешув,50.0413,21.9990,foreign,,1944-08-02,,Польша,yes,,https://pl.wikipedia.org/wiki/Bitwa_o_Rzesz%C3%B3w_(1944),Бои 29.07-02.08.1944; 102 стрелковый корпус 13-й армии совместно с партизанами АК
Замосць,50.7200,23.2500,foreign,,1944-07-25,,Польша,yes,,хроника наступательных операций РККА 1944-1945; где город есть в справочнике - сверено с ним,
Зелёна-Гура,51.9400,15.5100,foreign,,1945-02-14,,Польша,yes,,хроника наступательных операций РККА 1944-1945; где город есть в справочнике - сверено с ним,
Катовице,50.2649,19.0238,foreign,,1945-01-27,,Польша,yes,,https://dziennikzachodni.pl/27-stycznia-1945-wyzwolenie-katowic-przez-armie-czerwona/ar/c1-16017751,Верхнесилезская операция; город взят почти без боёв и разрушений
Кельце,50.8661,20.6286,foreign,,1945-01-15,,Польша,yes,,https://mhki.kielce.eu/aktualnosci/bitwa-o-kielce-15-16-stycznia-1945-r,1-й Украинский фронт
Клодзко,50.4400,16.6500,foreign,,1945-05-09,,Польша,yes,,хроника наступательных операций РККА 1944-1945; где город есть в справочнике - сверено с ним,
Кольберг (Колобжег),54.1755,15.5762,foreign,,1945-03-18,,Польша,yes,,https://pl.wikipedia.org/wiki/Bitwa_o_Ko%C5%82obrzeg,Бои 4-18.03.1945; 1-я армия Войска Польского при поддержке РККА
Кошалин,54.1900,16.1800,foreign,,1945-03-04,,Польша,yes,,хроника наступательных операций РККА 1944-1945; где город есть в справочнике - сверено с ним,
Краков,50.0647,19.9450,foreign,,1945-01-19,,Польша,yes,,https://ru.wikipedia.org/wiki/Висло-Одерская_операция,1-й Украинский фронт; город взят почти без разрушений
Легница,51.2100,16.1600,foreign,,1945-02-09,,Польша,yes,,хроника наступательных операций РККА 1944-1945; где город есть в справочнике - сверено с ним,
Лодзь,51.7592,19.4560,foreign,,1945-01-19,,Польша,yes,,https://ru.wikipedia.org/wiki/Висло-Одерская_операция,1-й Белорусский фронт
Ломжа,53.1781,22.0592,foreign,,1944-09-13,,Польша,yes,,https://historialomzy.pl/lomza-w-latach-ii-wojny-swiatowej/,49-я армия 2-го Белорусского фронта ген. Гришина
Люблин,51.2465,22.5684,foreign,,1944-07-24,,Польша,yes,,https://ru.wikipedia.org/wiki/Люблинско-Брестская_операция,2-я танковая армия и 8-я гв. армия; здесь создан ПКНО
Мелец,50.2900,21.4200,foreign,,1944-08-06,,Польша,yes,,хроника наступательных операций РККА 1944-1945; где город есть в справочнике - сверено с ним,
Млава,53.1100,20.3800,foreign,,1945-01-19,,Польша,yes,,хроника наступательных операций РККА 1944-1945; где город есть в справочнике - сверено с ним,
Новы-Сонч,49.6200,20.7000,foreign,,1945-01-20,,Польша,yes,,хроника наступательных операций РККА 1944-1945; где город есть в справочнике - сверено с ним,
Ольштын,53.7800,20.4900,foreign,,1945-01-22,,Польша,yes,,хроника наступательных операций РККА 1944-1945; где город есть в справочнике - сверено с ним,
Ополе,50.6751,17.9213,foreign,,1945-01-24,,Польша,yes,,https://opolska360.pl/festung-oppeln-padlo-80-lat-temu-ale-najgorsze-zaczelo-sie-potem,Правобережный Festung Oppeln пал после самоубийства коменданта фон Пфайля в ночь на 22.01; штурм 23-24.01.1945
Освенцим,50.0300,19.2100,foreign,,1945-01-27,,Польша,yes,,хроника наступательных операций РККА 1944-1945; где город есть в справочнике - сверено с ним,
Плоцк,52.5500,19.7100,foreign,,1945-01-21,,Польша,yes,,хроника наступательных операций РККА 1944-1945; где город есть в справочнике - сверено с ним,
Познань,52.4064,16.9252,foreign,,1945-02-23,,Польша,yes,,https://ru.wikipedia.org/wiki/Познанско-Мезеритцкая_операция,Крепость капитулировала после долгого штурма (цитадель)
Пшемысль,49.7838,22.7679,foreign,,1944-07-27,,Польша,yes,,https://archiwum.ipn.gov.pl/download/1/554587/Rzeszow1.pdf,69-я армия ген. В.Я. Колпакчи
Пётркув,51.4100,19.7000,foreign,,1945-01-18,,Польша,yes,,хроника наступательных операций РККА 1944-1945; где город есть в справочнике - сверено с ним,
Радом,51.4027,21.1471,foreign,,1945-01-16,,Польша,yes,,http://zwir.org.pl/?page_id=8334,"1-й Украинский фронт,  Висло-Одерская операция"
Рацибуж,50.0900,18.2200,foreign,,1945-03-31,,Польша,yes,,хроника наступательных операций РККА 1944-1945; где город есть в справочнике - сверено с ним,
Санок,49.5563,22.2077,foreign,,1944-08-03,,Польша,yes,,https://pl.wikipedia.org/wiki/Walki_o_Sanok,"38-я армия ген. Москаленко; город переходил из рук в руки,  окончательно занят к 10.08.1944"
Слупск,54.4600,17.0300,foreign,,1945-03-08,,Польша,yes,,хроника наступательных операций РККА 1944-1945; где город есть в справочнике - сверено с ним,
Сувалки,54.1115,22.9308,foreign,,1944-10-23,,Польша,yes,,https://www.radio.bialystok.pl/wiadomosci/suwalki/id/231877,3-й Белорусский фронт
Тарнув,50.0100,20.9900,foreign,,1945-01-18,,Польша,yes,,хроника наступательных операций РККА 1944-1945; где город есть в справочнике - сверено с ним,
Торунь,53.0138,18.5981,foreign,,1945-02-01,,Польша,yes,,https://toruntour.pl/6225/armia-czerwona-zajmuje-torun-1-lutego-1945-r,Гарнизон капитулировал 1 февраля 1945
Хелм,51.1333,23.4667,foreign,,1944-07-23,,Польша,yes,,https://ru.wikipedia.org/wiki/Люблинско-Брестская_операция,Первый крупный польский город западнее линии Керзона взятый 1-м Белорусским фронтом
Ченстохова,50.8118,19.1203,foreign,,1945-01-16,,Польша,yes,,https://pl.wikipedia.org/wiki/Wyzwolenie_Cz%C4%99stochowy,1-й Украинский фронт
Штеттин (Щецин),53.4285,14.5528,foreign,,1945-04-26,,Польша,yes,,https://ru.wikipedia.org/wiki/Восточно-Померанская_операция,2-й Белорусский фронт
Эльблонг (Эльбинг),54.1522,19.4088,foreign,,1945-02-10,,Польша,yes,,https://historia.bibliotekaelblaska.pl/artykul/zdobycie-elblaga-10-luty-1945,"Бои с конца января,  окончательно взят 10.02.1945"
Кёнигсберг,54.7104,20.4522,foreign,,1945-04-09,,Россия (быв. Германия),yes,,https://ru.wikipedia.org/wiki/Кёнигсбергская_операция,3-й Белорусский фронт; гарнизон капитулировал
Пиллау,54.6489,19.9106,foreign,,1945-04-25,,Россия (быв. Германия),yes,,https://warcats.ru/2021/03/19/poslednij-oplot-vostochnoj-prussii-srazhenie-za-pillau/,Последний оплот Восточной Пруссии; в источниках встречаются 25 и 26 апреля
Арад,46.1866,21.3123,foreign,,1944-10-09,,Румыния,yes,,https://ro.wikipedia.org/wiki/Istoria_Timi%C8%99oarei,57-й стрелковый корпус; далее наступление на Дебрецен
Бакэу,46.5700,26.9100,foreign,,1944-08-25,,Румыния,yes,,хроника наступательных операций РККА 1944-1945; где город есть в справочнике - сверено с ним,
Ботошани,47.7486,26.6694,foreign,,1944-04-07,,Румыния,yes,,https://guu.ru/%D0%B4%D0%B5%D0%BD%D1%8C-%D0%B2%D1%8B%D1%85%D0%BE%D0%B4%D0%B0-%D0%BA%D1%80%D0%B0%D1%81%D0%BD%D0%BE%D0%B9-%D0%B0%D1%80%D0%BC%D0%B8%D0%B8-%D0%BD%D0%B0-%D0%B3%D1%80%D0%B0%D0%BD%D0%B8%D1%86%D1%83-%D1%81/,"2-й Украинский фронт,  первая волна Румынии,  за пределами советских границ 1941"
Брашов,45.6427,25.5887,foreign,,1944-09-05,,Румыния,yes,,https://www.aesgs.ro/iesirea-romaniei-din-razboi-23-august-1944-si-participarea-la-victoria-natiunilor-unite-lectii-de-istorie/,Занят к 5 сентября 1944; после 23.08 Румыния воюет на стороне антигитлеровской коалиции
Бухарест,44.4268,26.1025,foreign,,1944-08-31,,Румыния,yes,,https://historyrussia.org/sobytiya/31-avgusta-1944-goda-ot-nemetsko-fashistskikh-zakhvatchikov-byl-osvobozhden-bukharest.html,После переворота 23.08.1944 и выхода Румынии из войны на стороне Оси
Галац,45.4353,28.0080,foreign,,1944-08-24,,Румыния,yes,,https://ru.wikipedia.org/wiki/Ясско-Кишинёвская_операция,3-й Украинский фронт; порт на Дунае
Дорохой,47.9600,26.4000,foreign,,1944-04-07,,Румыния,yes,,хроника наступательных операций РККА 1944-1945; где город есть в справочнике - сверено с ним,
Клуж,46.7712,23.6236,foreign,,1944-10-11,,Румыния,yes,,https://www.rador.ro/2015/05/11/eliberarea-transilvaniei-de-nord/,"Дебреценская операция,  2-й Украинский фронт совместно с румынской армией"
Констанца,44.1765,28.6348,foreign,,1944-08-29,,Румыния,yes,,https://ru.wikipedia.org/wiki/Ясско-Кишинёвская_операция,Черноморский флот и 3-й Украинский фронт
Крайова,44.3200,23.8000,foreign,,1944-09-05,,Румыния,yes,,хроника наступательных операций РККА 1944-1945; где город есть в справочнике - сверено с ним,
Орадя,47.0722,21.9211,foreign,,1944-10-12,,Румыния,yes,,https://www.rador.ro/2024/10/25/25-octombrie-1944-ziua-armatei-romane-eliberarea-careiului-si-sfarsitul-ocupatiei-in-transilvania-de-nord/,Дебреценская операция
Плоешти,44.9469,26.0189,foreign,,1944-08-30,,Румыния,yes,,https://ru.wikipedia.org/wiki/Ясско-Кишинёвская_операция,Крупнейший нефтепромысловый район Румынии
Роман,46.9300,26.9300,foreign,,1944-08-24,,Румыния,yes,,хроника наступательных операций РККА 1944-1945; где город есть в справочнике - сверено с ним,
Рэдэуци,47.8500,25.9200,foreign,,1944-04-02,,Румыния,yes,,хроника наступательных операций РККА 1944-1945; где город есть в справочнике - сверено с ним,
Сату-Маре,47.7900,22.8800,foreign,,1944-10-25,,Румыния,yes,,хроника наступательных операций РККА 1944-1945; где город есть в справочнике - сверено с ним,
Сибиу,45.7900,24.1500,foreign,,1944-09-08,,Румыния,yes,,хроника наступательных операций РККА 1944-1945; где город есть в справочнике - сверено с ним,
Сучава,47.6500,26.2600,foreign,,1944-08-25,,Румыния,yes,,хроника наступательных операций РККА 1944-1945; где город есть в справочнике - сверено с ним,
Тимишоара,45.7489,21.2087,foreign,,1944-08-26,,Румыния,yes,,http://www.ziuadevest.ro/timisoara-11-septembrie-1944-schimbarea-cursul-istoriei-timisoarei-pentru-patru-decenii/,Германский гарнизон капитулировал перед румынскими войсками без участия РККА на этом этапе
Тыргу-Муреш,46.5400,24.5600,foreign,,1944-09-28,,Румыния,yes,,хроника наступательных операций РККА 1944-1945; где город есть в справочнике - сверено с ним,
Яссы,47.1585,27.6014,foreign,,1944-08-21,,Румыния,yes,,https://ru.wikipedia.org/wiki/Ясско-Кишинёвская_операция,2-й Украинский фронт
Алакуртти,66.9700,30.3400,empire,1941-08-20,1944-09-19,,СССР,yes,,"хроники операций и справочная литература; освобождение сверено с «Освобождение городов: Справочник по освобождению городов в период Великой Отечественной войны 1941-1945» (М.: Воениздат, 1985), раздел «СССР»; оцифровка militera.lib.ru/enc/liberation/",финская оккупация 1941-1944; отход к границе 1940 г. по Московскому перемирию 19.09.1944
Алитус,54.4000,24.0500,empire,1941-06-23,1944-07-15,,СССР,yes,,"хроники операций и справочная литература; освобождение сверено с «Освобождение городов: Справочник по освобождению городов в период Великой Отечественной войны 1941-1945» (М.: Воениздат, 1985), раздел «СССР»; оцифровка militera.lib.ru/enc/liberation/",
Алушта,44.6766,34.4058,empire,1941-11-04,1944-04-15,,СССР,yes,,"общая хроника обороны Крыма 1941; хроники операций и справочная литература; освобождение сверено с «Освобождение городов: Справочник по освобождению городов в период Великой Отечественной войны 1941-1945» (М.: Воениздат, 1985), раздел «СССР»; оцифровка militera.lib.ru/enc/liberation/",
Анапа,44.8951,37.3169,empire,1942-08-31,1943-09-21,,СССР,yes,"СКФ, силы ЧФ; Новороссийско-Таманская операция","общая хроника Битвы за Кавказ 1942; «Освобождение городов: Справочник по освобождению городов в период Великой Отечественной войны 1941-1945» (М.: Воениздат, 1985), раздел «СССР»; оцифровка militera.lib.ru/enc/liberation/",
Апостолово,47.6667,33.7167,empire,1941-08-18,1944-02-05,,СССР,yes,,"хроники операций и справочная литература; освобождение сверено с «Освобождение городов: Справочник по освобождению городов в период Великой Отечественной войны 1941-1945» (М.: Воениздат, 1985), раздел «СССР»; оцифровка militera.lib.ru/enc/liberation/",
Армавир,44.9916,41.1257,empire,1942-08-07,1943-01-24,,СССР,yes,ЗакФ (Северная группа войск); Северо-Кавказская операция,"ru.wikipedia.org: Армавиро-Майкопская операция; «Освобождение городов: Справочник по освобождению городов в период Великой Отечественной войны 1941-1945» (М.: Воениздат, 1985), раздел «СССР»; оцифровка militera.lib.ru/enc/liberation/",встречается также дата 06.08
Артёмовск (Бахмут),48.5956,37.9997,empire,1941-11-01,1943-09-05,,СССР,yes,ЮЗФ; Донбасская операция,"«Освобождение городов: Справочник по освобождению городов в период Великой Отечественной войны 1941-1945» (М.: Воениздат, 1985), раздел «СССР»; оцифровка militera.lib.ru/enc/liberation/; хроники операций и справочная литература; освобождение сверено с «Освобождение городов: Справочник по освобождению городов в период Великой Отечественной войны 1941-1945» (М.: Воениздат, 1985), раздел «СССР»; оциф",
Ахтырка,50.3103,34.8917,empire,1941-10-11,1943-08-25,1941-10-11:foreign;1943-02-23:empire;1943-03-11:foreign;1943-08-25:empire,СССР,yes,ВорФ; Харьковская операция,"«Освобождение городов: Справочник по освобождению городов в период Великой Отечественной войны 1941-1945» (М.: Воениздат, 1985), раздел «СССР»; оцифровка militera.lib.ru/enc/liberation/; хроники операций и справочная литература; освобождение сверено с «Освобождение городов: Справочник по освобождению городов в период Великой Отечественной войны 1941-1945» (М.: Воениздат, 1985), раздел «СССР»; оциф","город вновь занят противником после освобождения; повторно занят немцами в марте 1943 г. (контрудар под Харьковом), окончательно освобождён в августе 1943 г."
Барановичи,53.1325,26.0064,empire,1941-06-27,1944-07-08,,СССР,yes,1 БФ; наступление на барановичско-слонимском направлении,"yadvashem.org: Барановичи; specreport.belta.by; «Освобождение городов: Справочник по освобождению городов в период Великой Отечественной войны 1941-1945» (М.: Воениздат, 1985), раздел «СССР»; оцифровка militera.lib.ru/enc/liberation/",
Белгород,50.5977,36.5858,empire,1941-10-24,1943-08-05,1941-10-24:foreign;1943-02-09:empire;1943-03-18:foreign;1943-08-05:empire,СССР,yes,ВорФ; Харьковская операция,"общая хроника Харьковской оборонительной операции 1941; «Освобождение городов: Справочник по освобождению городов в период Великой Отечественной войны 1941-1945» (М.: Воениздат, 1985), раздел «СССР»; оцифровка militera.lib.ru/enc/liberation/","город вновь занят противником после освобождения; повторно занят немцами в марте 1943 г., окончательно освобождён в августе 1943 г."
Белосток,53.1325,23.1688,empire,1941-06-27,1944-07-27,,СССР,yes,,"yadvashem.org: Белосток; хроники операций и справочная литература; освобождение сверено с «Освобождение городов: Справочник по освобождению городов в период Великой Отечественной войны 1941-1945» (М.: Воениздат, 1985), раздел «СССР»; оцифровка militera.lib.ru/enc/liberation/","советский с 17.09.1939; 20.09.1944 передан польской администрации, официально - договор о границе 16.08.1945"
Бельцы,47.7639,27.9294,empire,1941-07-09,1944-03-26,,СССР,yes,2 УФ; Уманско-Ботошанская операция,"«Освобождение городов: Справочник по освобождению городов в период Великой Отечественной войны 1941-1945» (М.: Воениздат, 1985), раздел «СССР»; оцифровка militera.lib.ru/enc/liberation/; хроники операций и справочная литература; освобождение сверено с «Освобождение городов: Справочник по освобождению городов в период Великой Отечественной войны 1941-1945» (М.: Воениздат, 1985), раздел «СССР»; оциф",
Бердичев,49.8944,28.6122,empire,1941-07-08,1944-01-05,,СССР,yes,1 УФ; Житомирско-Бердичевская операция,"yadvashem.org: Бердичев; «Освобождение городов: Справочник по освобождению городов в период Великой Отечественной войны 1941-1945» (М.: Воениздат, 1985), раздел «СССР»; оцифровка militera.lib.ru/enc/liberation/",
Бердянск,46.7800,36.7900,empire,1941-10-06,1943-09-17,,СССР,yes,,"общая хроника Донбасской операции 1941; хроники операций и справочная литература; освобождение сверено с «Освобождение городов: Справочник по освобождению городов в период Великой Отечественной войны 1941-1945» (М.: Воениздат, 1985), раздел «СССР»; оцифровка militera.lib.ru/enc/liberation/",координата сдвинута на 2 км вглубь: сам город стоит на урезе воды и выпадает даже из нетронутого контура источника (проверено на срезе 1946)
Бобруйск,53.1526,29.2214,empire,1941-06-28,1944-06-29,,СССР,yes,"1 БФ, Днепровская военная флотилия; Бобруйская операция","общая хроника Белостокско-Минского сражения; «Освобождение городов: Справочник по освобождению городов в период Великой Отечественной войны 1941-1945» (М.: Воениздат, 1985), раздел «СССР»; оцифровка militera.lib.ru/enc/liberation/",дата ориентировочная
Богучар,49.9333,40.5500,empire,1942-07-10,1942-12-19,,СССР,yes,,"хроники операций и справочная литература; освобождение сверено с «Освобождение городов: Справочник по освобождению городов в период Великой Отечественной войны 1941-1945» (М.: Воениздат, 1985), раздел «СССР»; оцифровка militera.lib.ru/enc/liberation/",
Борисов,54.2500,28.5000,empire,1941-07-02,1944-07-01,,СССР,yes,3 БФ; Минская операция,"«Освобождение городов: Справочник по освобождению городов в период Великой Отечественной войны 1941-1945» (М.: Воениздат, 1985), раздел «СССР»; оцифровка militera.lib.ru/enc/liberation/; хроники операций и справочная литература; освобождение сверено с «Освобождение городов: Справочник по освобождению городов в период Великой Отечественной войны 1941-1945» (М.: Воениздат, 1985), раздел «СССР»; оциф",
Боровск,55.2069,36.4864,empire,1941-10-17,1942-01-04,,СССР,yes,,"общая хроника битвы за Москву 1941; хроники операций и справочная литература; освобождение сверено с «Освобождение городов: Справочник по освобождению городов в период Великой Отечественной войны 1941-1945» (М.: Воениздат, 1985), раздел «СССР»; оцифровка militera.lib.ru/enc/liberation/",
Брест,52.0975,23.7341,empire,1941-06-22,1944-07-28,,СССР,yes,1 БФ; Люблин-Брестская операция,"Хроника ВОВ / оборона Брестской крепости (общеизвестная дата); «Освобождение городов: Справочник по освобождению городов в период Великой Отечественной войны 1941-1945» (М.: Воениздат, 1985), раздел «СССР»; оцифровка militera.lib.ru/enc/liberation/","город взят 22.06, крепость держалась до конца июля"
Брянск,53.2434,34.3641,empire,1941-10-06,1943-09-17,,СССР,yes,БрФ; Брянская операция,"общая хроника Орловско-Брянской операции 1941; «Освобождение городов: Справочник по освобождению городов в период Великой Отечественной войны 1941-1945» (М.: Воениздат, 1985), раздел «СССР»; оцифровка militera.lib.ru/enc/liberation/",
Валга,57.7833,26.0333,empire,1941-07-09,1944-09-19,,СССР,yes,3 ПрибФ; Рижская операция,"«Освобождение городов: Справочник по освобождению городов в период Великой Отечественной войны 1941-1945» (М.: Воениздат, 1985), раздел «СССР»; оцифровка militera.lib.ru/enc/liberation/; хроники операций и справочная литература; освобождение сверено с «Освобождение городов: Справочник по освобождению городов в период Великой Отечественной войны 1941-1945» (М.: Воениздат, 1985), раздел «СССР»; оциф",
Валмиера,57.5333,25.4167,empire,1941-07-04,1944-09-25,,СССР,yes,,"хроники операций и справочная литература; освобождение сверено с «Освобождение городов: Справочник по освобождению городов в период Великой Отечественной войны 1941-1945» (М.: Воениздат, 1985), раздел «СССР»; оцифровка militera.lib.ru/enc/liberation/",
Валуйки,50.2072,38.1094,empire,1942-07-05,1943-01-19,,СССР,yes,ВорФ; Острогожско-Россошанская операция,"«Освобождение городов: Справочник по освобождению городов в период Великой Отечественной войны 1941-1945» (М.: Воениздат, 1985), раздел «СССР»; оцифровка militera.lib.ru/enc/liberation/; хроники операций и справочная литература; освобождение сверено с «Освобождение городов: Справочник по освобождению городов в период Великой Отечественной войны 1941-1945» (М.: Воениздат, 1985), раздел «СССР»; оциф",
Великие Луки,56.3372,30.5158,empire,1941-07-19,1943-01-17,1941-07-19:foreign;1941-07-21:empire;1941-08-25:foreign;1943-01-17:empire,СССР,yes,ЗапФ; Смоленское сражение,"общая хроника Смоленского сражения 1941; «Освобождение городов: Справочник по освобождению городов в период Великой Отечественной войны 1941-1945» (М.: Воениздат, 1985), раздел «СССР»; оцифровка militera.lib.ru/enc/liberation/; хроники операций и справочная литература; освобождение сверено с «Освобождение городов: Справочник по освобождению городов в период Великой Отечественной войны 1941-1945» (","удерживался немцами до янв. 1943; кратковременное освобождение в ходе Смоленского сражения, город вскоре вновь оставлен; город вновь занят противником после освобождения; окончательное освобождение; первое взятие 19.07.1941, отбит 21.07, окончательно потерян 25.08.1941"
Вентспилс,57.3894,21.5606,empire,1941-07-01,1945-05-10,,СССР,yes,ЛенФ; капитуляция курляндской группировки противника,"«Освобождение городов: Справочник по освобождению городов в период Великой Отечественной войны 1941-1945» (М.: Воениздат, 1985), раздел «СССР»; оцифровка militera.lib.ru/enc/liberation/; хроники операций и справочная литература; освобождение сверено с «Освобождение городов: Справочник по освобождению городов в период Великой Отечественной войны 1941-1945» (М.: Воениздат, 1985), раздел «СССР»; оциф",Курляндский котёл
Вилейка,54.4864,26.9186,empire,1941-06-25,1944-07-02,,СССР,yes,,"общая хроника обороны Белоруссии 1941; хроники операций и справочная литература; освобождение сверено с «Освобождение городов: Справочник по освобождению городов в период Великой Отечественной войны 1941-1945» (М.: Воениздат, 1985), раздел «СССР»; оцифровка militera.lib.ru/enc/liberation/",
Вильнюс,54.6872,25.2797,empire,1941-06-24,1944-07-13,,СССР,yes,3 БФ; Вильнюсская операция,"ru.wikipedia.org: 1941 год; общеизвестная хроника; «Освобождение городов: Справочник по освобождению городов в период Великой Отечественной войны 1941-1945» (М.: Воениздат, 1985), раздел «СССР»; оцифровка militera.lib.ru/enc/liberation/",
Винница,49.2331,28.4682,empire,1941-07-19,1944-03-20,,СССР,yes,1 УФ; Проскуровско-Черновицкая операция,"общая хроника Уманской операции 1941; «Освобождение городов: Справочник по освобождению городов в период Великой Отечественной войны 1941-1945» (М.: Воениздат, 1985), раздел «СССР»; оцифровка militera.lib.ru/enc/liberation/",
Витебск,55.1904,30.2049,empire,1941-07-11,1944-06-26,,СССР,yes,"1 ПрибФ, 3 БФ; Витебско-Оршанская операция","ru.wikipedia.org: Витебское сражение; «Освобождение городов: Справочник по освобождению городов в период Великой Отечественной войны 1941-1945» (М.: Воениздат, 1985), раздел «СССР»; оцифровка militera.lib.ru/enc/liberation/","город фактически занят 9-11.07, оккупация считается с 11.07"
Владимир-Волынский,50.8508,24.3131,empire,1941-06-23,1944-07-20,,СССР,yes,,"общая хроника приграничного сражения 1941; хроники операций и справочная литература; освобождение сверено с «Освобождение городов: Справочник по освобождению городов в период Великой Отечественной войны 1941-1945» (М.: Воениздат, 1985), раздел «СССР»; оцифровка militera.lib.ru/enc/liberation/","приграничный город, взят на 2-й день войны"
Вознесенск,47.5667,31.3333,empire,1941-08-05,1944-03-24,,СССР,yes,3 УФ; частная наступательная операция,"«Освобождение городов: Справочник по освобождению городов в период Великой Отечественной войны 1941-1945» (М.: Воениздат, 1985), раздел «СССР»; оцифровка militera.lib.ru/enc/liberation/; хроники операций и справочная литература; освобождение сверено с «Освобождение городов: Справочник по освобождению городов в период Великой Отечественной войны 1941-1945» (М.: Воениздат, 1985), раздел «СССР»; оциф",
Вокнаволок,64.9800,30.3000,empire,1941-07-30,1944-09-19,,СССР,yes,,"хроники операций и справочная литература; освобождение сверено с «Освобождение городов: Справочник по освобождению городов в период Великой Отечественной войны 1941-1945» (М.: Воениздат, 1985), раздел «СССР»; оцифровка militera.lib.ru/enc/liberation/",
Волковыск,53.1667,24.4500,empire,1941-06-28,1944-07-14,,СССР,yes,,"хроники операций и справочная литература; освобождение сверено с «Освобождение городов: Справочник по освобождению городов в период Великой Отечественной войны 1941-1945» (М.: Воениздат, 1985), раздел «СССР»; оцифровка militera.lib.ru/enc/liberation/",
Волоколамск,56.0367,35.9578,empire,1941-10-27,1941-12-20,,СССР,yes,,"общая хроника битвы за Москву 1941; хроники операций и справочная литература; освобождение сверено с «Освобождение городов: Справочник по освобождению городов в период Великой Отечественной войны 1941-1945» (М.: Воениздат, 1985), раздел «СССР»; оцифровка militera.lib.ru/enc/liberation/",
Воронеж,51.6720,39.1843,empire,1942-07-06,1943-01-25,,СССР,yes,ВорФ; Воронежско-Касторненская операция,"общеизвестная хроника Воронежско-Ворошиловградской операции 1942; «Освобождение городов: Справочник по освобождению городов в период Великой Отечественной войны 1941-1945» (М.: Воениздат, 1985), раздел «СССР»; оцифровка militera.lib.ru/enc/liberation/",занята только правобережная (западная) часть города; левый берег и вост. районы удерживались РККА весь период; город был захвачен частично (не полностью оккупирован)
Выборг,60.7098,28.7539,empire,1941-08-29,1944-06-20,,СССР,yes,"ЛенФ, силы КБФ; Выборгская операция","ru.wikipedia.org: Сражение за Выборг (1941); «Освобождение городов: Справочник по освобождению городов в период Великой Отечественной войны 1941-1945» (М.: Воениздат, 1985), раздел «СССР»; оцифровка militera.lib.ru/enc/liberation/",
Выру,57.8347,26.9958,empire,1941-07-08,1944-08-13,,СССР,yes,3 ПрибФ; Тартуская операция,"«Освобождение городов: Справочник по освобождению городов в период Великой Отечественной войны 1941-1945» (М.: Воениздат, 1985), раздел «СССР»; оцифровка militera.lib.ru/enc/liberation/; хроники операций и справочная литература; освобождение сверено с «Освобождение городов: Справочник по освобождению городов в период Великой Отечественной войны 1941-1945» (М.: Воениздат, 1985), раздел «СССР»; оциф",
Вязьма,55.2093,34.2966,empire,1941-10-07,1943-03-12,,СССР,yes,ЗапФ; Ржевско-Вяземская операция,"общая хроника Вяземской операции 1941; «Освобождение городов: Справочник по освобождению городов в период Великой Отечественной войны 1941-1945» (М.: Воениздат, 1985), раздел «СССР»; оцифровка militera.lib.ru/enc/liberation/","окружение замкнуто 07.10, город занят к 12.10"
Гатчина (Красногвардейск),59.5645,30.1279,empire,1941-09-13,1944-01-26,,СССР,yes,"ЛенФ, силы КБФ; Красносельско-Ропшинская операция","общая хроника обороны Ленинграда 1941; «Освобождение городов: Справочник по освобождению городов в период Великой Отечественной войны 1941-1945» (М.: Воениздат, 1985), раздел «СССР»; оцифровка militera.lib.ru/enc/liberation/",
Гжатск (Гагарин),55.5539,35.0025,empire,1941-10-10,1943-03-06,,СССР,yes,,"общая хроника Вяземской операции 1941; хроники операций и справочная литература; освобождение сверено с «Освобождение городов: Справочник по освобождению городов в период Великой Отечественной войны 1941-1945» (М.: Воениздат, 1985), раздел «СССР»; оцифровка militera.lib.ru/enc/liberation/",
Глухов,51.6706,33.9083,empire,1941-09-10,1943-08-30,,СССР,yes,ЦФ; Черниговско-Припятская операция,"«Освобождение городов: Справочник по освобождению городов в период Великой Отечественной войны 1941-1945» (М.: Воениздат, 1985), раздел «СССР»; оцифровка militera.lib.ru/enc/liberation/; хроники операций и справочная литература; освобождение сверено с «Освобождение городов: Справочник по освобождению городов в период Великой Отечественной войны 1941-1945» (М.: Воениздат, 1985), раздел «СССР»; оциф",
Гомель,52.4345,30.9754,empire,1941-08-19,1943-11-26,,СССР,yes,БФ (Белорусский фронт); Гомельско-Речицкая операция,"общая хроника Смоленского сражения / Гомельско-Трубчевской операции 1941; «Освобождение городов: Справочник по освобождению городов в период Великой Отечественной войны 1941-1945» (М.: Воениздат, 1985), раздел «СССР»; оцифровка militera.lib.ru/enc/liberation/",
Городок,55.4667,29.9833,empire,1941-07-10,1943-12-24,,СССР,yes,,"хроники операций и справочная литература; освобождение сверено с «Освобождение городов: Справочник по освобождению городов в период Великой Отечественной войны 1941-1945» (М.: Воениздат, 1985), раздел «СССР»; оцифровка militera.lib.ru/enc/liberation/",
Гродно,53.6884,23.8258,empire,1941-06-23,1944-07-16,,СССР,yes,"3 БФ, 2 БФ; Белостокская и Вильнюсская операции","belarusenc.by: Гродненские оборонительные бои 1941 (22-27.06.1941); «Освобождение городов: Справочник по освобождению городов в период Великой Отечественной войны 1941-1945» (М.: Воениздат, 1985), раздел «СССР»; оцифровка militera.lib.ru/enc/liberation/","бои шли 22-27.06, город фактически пал 23.06"
Даугавпилс,55.8748,26.5361,empire,1941-06-26,1944-07-27,,СССР,yes,"2 ПрибФ, 1 ПрибФ; Режицко-Двинская и Шяуляйская операции","ru.wikipedia.org: Даугавпилс; «Освобождение городов: Справочник по освобождению городов в период Великой Отечественной войны 1941-1945» (М.: Воениздат, 1985), раздел «СССР»; оцифровка militera.lib.ru/enc/liberation/","дата ориентировочная, требует доп. уточнения по первоисточнику"
Демянск,57.6272,32.4694,empire,1941-09-09,1943-02-21,,СССР,yes,,"genproc.gov.ru: Демянский котёл в Новгородской области; хроники операций и справочная литература; освобождение сверено с «Освобождение городов: Справочник по освобождению городов в период Великой Отечественной войны 1941-1945» (М.: Воениздат, 1985), раздел «СССР»; оцифровка militera.lib.ru/enc/liberation/","город занят 8-9.09.1941; Демянский котёл: снабжался по воздуху, оставлен вермахтом 21.02.1943"
Джанкой,45.7086,34.3872,empire,1941-11-01,1944-04-11,,СССР,yes,4 УФ; Крымская операция,"«Освобождение городов: Справочник по освобождению городов в период Великой Отечественной войны 1941-1945» (М.: Воениздат, 1985), раздел «СССР»; оцифровка militera.lib.ru/enc/liberation/; хроники операций и справочная литература; освобождение сверено с «Освобождение городов: Справочник по освобождению городов в период Великой Отечественной войны 1941-1945» (М.: Воениздат, 1985), раздел «СССР»; оциф",
Днепропетровск,48.4647,35.0462,empire,1941-08-25,1943-10-25,,СССР,yes,3 УФ; Днепропетровская операция,"ru.wikipedia.org: Битва за Днепр; «Освобождение городов: Справочник по освобождению городов в период Великой Отечественной войны 1941-1945» (М.: Воениздат, 1985), раздел «СССР»; оцифровка militera.lib.ru/enc/liberation/",
Дно,57.8333,29.9667,empire,1941-07-19,1944-02-24,,СССР,yes,,"хроники операций и справочная литература; освобождение сверено с «Освобождение городов: Справочник по освобождению городов в период Великой Отечественной войны 1941-1945» (М.: Воениздат, 1985), раздел «СССР»; оцифровка militera.lib.ru/enc/liberation/",
Дорогобуж,54.9142,33.3025,empire,1941-10-09,1943-09-01,1941-10-09:foreign;1942-02-15:empire;1942-06-07:foreign;1943-09-01:empire,СССР,yes,советские партизаны; Ржевско-Вяземская операция,"общая хроника Вяземской операции 1941; «Освобождение городов: Справочник по освобождению городов в период Великой Отечественной войны 1941-1945» (М.: Воениздат, 1985), раздел «СССР»; оцифровка militera.lib.ru/enc/liberation/","город вновь занят противником после освобождения; между освобождениями город удерживался партизанами, затем вновь занят немцами"
Дрогобыч,49.3500,23.5000,empire,1941-06-30,1944-08-06,,СССР,yes,,"хроники операций и справочная литература; освобождение сверено с «Освобождение городов: Справочник по освобождению городов в период Великой Отечественной войны 1941-1945» (М.: Воениздат, 1985), раздел «СССР»; оцифровка militera.lib.ru/enc/liberation/",
Дубно,50.4211,25.7458,empire,1941-06-25,1944-03-17,,СССР,yes,,"ru.wikipedia.org: Сражение в районе Дубно-Луцк-Броды; хроники операций и справочная литература; освобождение сверено с «Освобождение городов: Справочник по освобождению городов в период Великой Отечественной войны 1941-1945» (М.: Воениздат, 1985), раздел «СССР»; оцифровка militera.lib.ru/enc/liberation/",
Евпатория,45.1914,33.3453,empire,1941-10-31,1944-04-13,,СССР,yes,4 УФ; Крымская операция,"общая хроника обороны Крыма 1941; «Освобождение городов: Справочник по освобождению городов в период Великой Отечественной войны 1941-1945» (М.: Воениздат, 1985), раздел «СССР»; оцифровка militera.lib.ru/enc/liberation/",
Ейск,46.7106,38.2775,empire,1942-08-09,1943-02-05,,СССР,yes,СКФ; Северо-Кавказская операция,"общая хроника Битвы за Кавказ 1942; «Освобождение городов: Справочник по освобождению городов в период Великой Отечественной войны 1941-1945» (М.: Воениздат, 1985), раздел «СССР»; оцифровка militera.lib.ru/enc/liberation/",
Елгава,56.6511,23.7214,empire,1941-06-29,1944-08-01,,СССР,yes,1 ПрибФ; Шяуляйская операция,"«Освобождение городов: Справочник по освобождению городов в период Великой Отечественной войны 1941-1945» (М.: Воениздат, 1985), раздел «СССР»; оцифровка militera.lib.ru/enc/liberation/; хроники операций и справочная литература; освобождение сверено с «Освобождение городов: Справочник по освобождению городов в период Великой Отечественной войны 1941-1945» (М.: Воениздат, 1985), раздел «СССР»; оциф",
Елец,52.6236,38.4342,empire,1941-12-04,1941-12-09,,СССР,yes,,общая хроника Елецкой операции 1941,
Ельня,54.5822,33.1758,empire,1941-07-19,1943-08-30,1941-07-19:foreign;1941-09-06:empire;1941-10-06:foreign;1943-08-30:empire,СССР,yes,РезФ; Ельнинская операция,"общая хроника Ельнинской операции 1941; ru.wikipedia.org: Ельнинская операция; «Освобождение городов: Справочник по освобождению городов в период Великой Отечественной войны 1941-1945» (М.: Воениздат, 1985), раздел «СССР»; оцифровка militera.lib.ru/enc/liberation/","первая крупная наступательная операция РККА; первое освобождение (Ельнинская наступательная операция 1941 г.); город вновь занят противником после освобождения; повторно занят немцами в октябре 1941 г., окончательно освобождён в 1943 г."
Жиздра,53.7500,34.7333,empire,1941-10-05,1943-08-16,,СССР,yes,,"хроники операций и справочная литература; освобождение сверено с «Освобождение городов: Справочник по освобождению городов в период Великой Отечественной войны 1941-1945» (М.: Воениздат, 1985), раздел «СССР»; оцифровка militera.lib.ru/enc/liberation/",
Житомир,50.2547,28.6587,empire,1941-07-09,1943-12-31,1941-07-09:foreign;1943-11-12:empire;1943-11-19:foreign;1943-12-31:empire,СССР,yes,1 УФ; Киевская операция,"Битва за Днепр / Киевская операция 1941 — bigenc.ru; «Освобождение городов: Справочник по освобождению городов в период Великой Отечественной войны 1941-1945» (М.: Воениздат, 1985), раздел «СССР»; оцифровка militera.lib.ru/enc/liberation/","город вновь занят противником после освобождения; повторно занят немцами в ноябре 1943 г., окончательно освобождён 31.12.1943"
Жлобин,52.9000,30.0333,empire,1941-08-14,1944-06-26,,СССР,yes,,"хроники операций и справочная литература; освобождение сверено с «Освобождение городов: Справочник по освобождению городов в период Великой Отечественной войны 1941-1945» (М.: Воениздат, 1985), раздел «СССР»; оцифровка militera.lib.ru/enc/liberation/",
Запорожье,47.8388,35.1396,empire,1941-10-03,1943-10-14,,СССР,yes,ЮЗФ; Запорожская операция,"общая хроника Донбасской операции 1941; «Освобождение городов: Справочник по освобождению городов в период Великой Отечественной войны 1941-1945» (М.: Воениздат, 1985), раздел «СССР»; оцифровка militera.lib.ru/enc/liberation/","занята только правобережная часть, левый берег и о.Хортица - линия фронта"
Идрица,56.3333,28.9000,empire,1941-07-16,1944-07-12,,СССР,yes,,"хроники операций и справочная литература; освобождение сверено с «Освобождение городов: Справочник по освобождению городов в период Великой Отечественной войны 1941-1945» (М.: Воениздат, 1985), раздел «СССР»; оцифровка militera.lib.ru/enc/liberation/",
Изюм,49.2158,37.2506,empire,1941-10-24,1943-09-05,1941-10-24:foreign;1942-01-24:empire;1942-05-26:foreign;1943-02-05:empire;1943-03-01:foreign;1943-09-05:empire,СССР,yes,ЮЗФ; Ворошиловградская операция,"«Освобождение городов: Справочник по освобождению городов в период Великой Отечественной войны 1941-1945» (М.: Воениздат, 1985), раздел «СССР»; оцифровка militera.lib.ru/enc/liberation/; хроники операций и справочная литература; освобождение сверено с «Освобождение городов: Справочник по освобождению городов в период Великой Отечественной войны 1941-1945» (М.: Воениздат, 1985), раздел «СССР»; оциф","Барвенково-Лозовская операция 01.1942 создала изюмский выступ, он срезан в мае 1942; повторная потеря в марте 1943 и окончательное освобождение в Донбасской операции - по хронике операций, справочник даёт только 05.02.1943"
Истра,55.9147,36.8608,empire,1941-11-27,1941-12-11,,СССР,yes,,"общая хроника битвы за Москву 1941; хроники операций и справочная литература; освобождение сверено с «Освобождение городов: Справочник по освобождению городов в период Великой Отечественной войны 1941-1945» (М.: Воениздат, 1985), раздел «СССР»; оцифровка militera.lib.ru/enc/liberation/",дата ориентировочная; отбита 11.12.1941
Кайралы,66.9000,29.4000,empire,1941-08-27,1944-09-19,,СССР,yes,,"хроники операций и справочная литература; освобождение сверено с «Освобождение городов: Справочник по освобождению городов в период Великой Отечественной войны 1941-1945» (М.: Воениздат, 1985), раздел «СССР»; оцифровка militera.lib.ru/enc/liberation/",
Калач-на-Дону,48.6889,43.5308,empire,1942-08-25,1942-11-23,,СССР,yes,,"хроники операций и справочная литература; освобождение сверено с «Освобождение городов: Справочник по освобождению городов в период Великой Отечественной войны 1941-1945» (М.: Воениздат, 1985), раздел «СССР»; оцифровка militera.lib.ru/enc/liberation/",замыкание кольца вокруг 6-й армии
Калинин (Тверь),56.8587,35.9176,empire,1941-10-14,1941-12-16,,СССР,yes,КалФ; Калининская операция,"общеизвестная хроника Калининской оборонительной операции 1941; «Освобождение городов: Справочник по освобождению городов в период Великой Отечественной войны 1941-1945» (М.: Воениздат, 1985), раздел «СССР»; оцифровка militera.lib.ru/enc/liberation/",
Калуга,54.5293,36.2754,empire,1941-10-12,1941-12-30,,СССР,yes,ЗапФ; Калужская операция,"общая хроника битвы за Москву 1941; «Освобождение городов: Справочник по освобождению городов в период Великой Отечественной войны 1941-1945» (М.: Воениздат, 1985), раздел «СССР»; оцифровка militera.lib.ru/enc/liberation/",
Каменец-Подольский,48.6833,26.5833,empire,1941-07-10,1944-03-26,,СССР,yes,,"хроники операций и справочная литература; освобождение сверено с «Освобождение городов: Справочник по освобождению городов в период Великой Отечественной войны 1941-1945» (М.: Воениздат, 1985), раздел «СССР»; оцифровка militera.lib.ru/enc/liberation/",
Каменск-Шахтинский,48.3186,40.2508,empire,1942-07-20,1943-02-13,,СССР,yes,ЮЗФ; Ворошиловградская операция,"«Освобождение городов: Справочник по освобождению городов в период Великой Отечественной войны 1941-1945» (М.: Воениздат, 1985), раздел «СССР»; оцифровка militera.lib.ru/enc/liberation/; хроники операций и справочная литература; освобождение сверено с «Освобождение городов: Справочник по освобождению городов в период Великой Отечественной войны 1941-1945» (М.: Воениздат, 1985), раздел «СССР»; оциф",
Карачев,53.1333,34.9833,empire,1941-10-06,1943-08-15,,СССР,yes,,"хроники операций и справочная литература; освобождение сверено с «Освобождение городов: Справочник по освобождению городов в период Великой Отечественной войны 1941-1945» (М.: Воениздат, 1985), раздел «СССР»; оцифровка militera.lib.ru/enc/liberation/",
Каунас,54.8985,23.9036,empire,1941-06-24,1944-08-01,,СССР,yes,3 БФ; Каунасская операция,"yadvashem.org: Каунас (Ковно); «Освобождение городов: Справочник по освобождению городов в период Великой Отечественной войны 1941-1945» (М.: Воениздат, 1985), раздел «СССР»; оцифровка militera.lib.ru/enc/liberation/",
Каховка,46.7833,33.4833,empire,1941-09-01,1943-11-02,,СССР,yes,4 УФ; Мелитопольская операция,"«Освобождение городов: Справочник по освобождению городов в период Великой Отечественной войны 1941-1945» (М.: Воениздат, 1985), раздел «СССР»; оцифровка militera.lib.ru/enc/liberation/; хроники операций и справочная литература; освобождение сверено с «Освобождение городов: Справочник по освобождению городов в период Великой Отечественной войны 1941-1945» (М.: Воениздат, 1985), раздел «СССР»; оциф",
Кексгольм (Приозерск),61.0428,30.1219,empire,1941-08-21,1944-09-24,,СССР,yes,ЛенФ; в результате перемирия с Финляндией,"library.karelia.ru: Хроника Петрозаводска (и Карелии); «Освобождение городов: Справочник по освобождению городов в период Великой Отечественной войны 1941-1945» (М.: Воениздат, 1985), раздел «СССР»; оцифровка militera.lib.ru/enc/liberation/",
Керчь,45.3417,36.4700,empire,1941-11-16,1944-04-11,1941-11-16:foreign;1941-12-30:empire;1942-05-15:foreign;1944-04-11:empire,СССР,yes,"ЗакФ, силы ЧФ; Керченско-Феодосийская десантная операция","общеизвестная хроника обороны Крыма 1941; pamyat-naroda.ru: Керченско-Феодосийская десантная операция; общеизвестная хроника Керченской операции 1942 (Operation Trappenjagd); «Освобождение городов: Справочник по освобождению городов в период Великой Отечественной войны 1941-1945» (М.: Воениздат, 1985), раздел «СССР»; оцифровка militera.lib.ru/enc/liberation/",кратковременное освобождение десантом; город вновь занят противником после освобождения; окончательное освобождение
Кестеньга,65.8833,31.7833,empire,1941-08-07,1944-09-19,,СССР,yes,,"хроники операций и справочная литература; освобождение сверено с «Освобождение городов: Справочник по освобождению городов в период Великой Отечественной войны 1941-1945» (М.: Воениздат, 1985), раздел «СССР»; оцифровка militera.lib.ru/enc/liberation/",
Киев,50.4501,30.5234,empire,1941-09-19,1943-11-06,,СССР,yes,1 УФ; Киевская операция,"общеизвестная хроника Киевской оборонительной операции 1941; «Освобождение городов: Справочник по освобождению городов в период Великой Отечественной войны 1941-1945» (М.: Воениздат, 1985), раздел «СССР»; оцифровка militera.lib.ru/enc/liberation/",
Кингисепп,59.3733,28.6142,empire,1941-08-16,1944-02-01,,СССР,yes,,"общая хроника Лужского рубежа 1941; хроники операций и справочная литература; освобождение сверено с «Освобождение городов: Справочник по освобождению городов в период Великой Отечественной войны 1941-1945» (М.: Воениздат, 1985), раздел «СССР»; оцифровка militera.lib.ru/enc/liberation/",
Кировоград,48.5079,32.2623,empire,1941-08-14,1944-01-08,,СССР,yes,2 УФ; Кировоградская операция,"yadvashem.org: Кировоград; «Освобождение городов: Справочник по освобождению городов в период Великой Отечественной войны 1941-1945» (М.: Воениздат, 1985), раздел «СССР»; оцифровка militera.lib.ru/enc/liberation/",
Кировоград-Знаменка,48.7167,32.6667,empire,1941-08-05,1943-12-09,,СССР,yes,,"хроники операций и справочная литература; освобождение сверено с «Освобождение городов: Справочник по освобождению городов в период Великой Отечественной войны 1941-1945» (М.: Воениздат, 1985), раздел «СССР»; оцифровка militera.lib.ru/enc/liberation/",
Кисловодск,43.9050,42.7139,empire,1942-08-14,1943-01-11,,СССР,yes,,"stapravda.ru: Пять месяцев оккупации Кисловодска; хроники операций и справочная литература; освобождение сверено с «Освобождение городов: Справочник по освобождению городов в период Великой Отечественной войны 1941-1945» (М.: Воениздат, 1985), раздел «СССР»; оцифровка militera.lib.ru/enc/liberation/",встречается также дата 10-11.08; освобождён 11.01.1943 (5 месяцев оккупации)
Кишинёв,47.0105,28.8638,empire,1941-07-16,1944-08-24,,СССР,yes,3 УФ; Ясско-Кишинёвская операция,"общая хроника Молдавской операции 1941; «Освобождение городов: Справочник по освобождению городов в период Великой Отечественной войны 1941-1945» (М.: Воениздат, 1985), раздел «СССР»; оцифровка militera.lib.ru/enc/liberation/",
Клайпеда (Мемель),55.7033,21.1443,empire,1941-06-22,1945-01-28,,СССР,yes,"1 ПрибФ, силы КБФ; Мемельская операция","«Освобождение городов: Справочник по освобождению городов в период Великой Отечественной войны 1941-1945» (М.: Воениздат, 1985), раздел «СССР»; оцифровка militera.lib.ru/enc/liberation/; хроники операций и справочная литература; освобождение сверено с «Освобождение городов: Справочник по освобождению городов в период Великой Отечественной войны 1941-1945» (М.: Воениздат, 1985), раздел «СССР»; оциф",оккупационная дата не указана в справочнике (город был в составе Германии с 1939 г.); советская с 1939 г. (передача Мемеля Германии 22.03.1939 - до того литовский); взята в первый день войны
Клин,56.3328,36.7280,empire,1941-11-23,1941-12-15,,СССР,yes,ЗапФ; Клинско-Солнечногорская операция,"общая хроника битвы за Москву 1941; «Освобождение городов: Справочник по освобождению городов в период Великой Отечественной войны 1941-1945» (М.: Воениздат, 1985), раздел «СССР»; оцифровка militera.lib.ru/enc/liberation/",
Кобрин,52.2139,24.3667,empire,1941-06-23,1944-07-20,,СССР,yes,1 БФ; Люблин-Брестская операция,"«Освобождение городов: Справочник по освобождению городов в период Великой Отечественной войны 1941-1945» (М.: Воениздат, 1985), раздел «СССР»; оцифровка militera.lib.ru/enc/liberation/; хроники операций и справочная литература; освобождение сверено с «Освобождение городов: Справочник по освобождению городов в период Великой Отечественной войны 1941-1945» (М.: Воениздат, 1985), раздел «СССР»; оциф",
Ковель,51.2189,24.7108,empire,1941-06-28,1944-07-06,,СССР,yes,,"общая хроника приграничного сражения 1941; хроники операций и справочная литература; освобождение сверено с «Освобождение городов: Справочник по освобождению городов в период Великой Отечественной войны 1941-1945» (М.: Воениздат, 1985), раздел «СССР»; оцифровка militera.lib.ru/enc/liberation/",
Козельск,54.0433,35.7847,empire,1941-10-08,1941-12-28,,СССР,yes,ЗапФ; Калужская операция,"«Освобождение городов: Справочник по освобождению городов в период Великой Отечественной войны 1941-1945» (М.: Воениздат, 1985), раздел «СССР»; оцифровка militera.lib.ru/enc/liberation/; хроники операций и справочная литература; освобождение сверено с «Освобождение городов: Справочник по освобождению городов в период Великой Отечественной войны 1941-1945» (М.: Воениздат, 1985), раздел «СССР»; оциф",
Коломыя,48.5333,25.0333,empire,1941-07-02,1944-03-29,,СССР,yes,,"хроники операций и справочная литература; освобождение сверено с «Освобождение городов: Справочник по освобождению городов в период Великой Отечественной войны 1941-1945» (М.: Воениздат, 1985), раздел «СССР»; оцифровка militera.lib.ru/enc/liberation/",
Конотоп,51.2378,33.2028,empire,1941-09-09,1943-09-06,,СССР,yes,ЦФ; Черниговско-Припятская операция,"«Освобождение городов: Справочник по освобождению городов в период Великой Отечественной войны 1941-1945» (М.: Воениздат, 1985), раздел «СССР»; оцифровка militera.lib.ru/enc/liberation/; хроники операций и справочная литература; освобождение сверено с «Освобождение городов: Справочник по освобождению городов в период Великой Отечественной войны 1941-1945» (М.: Воениздат, 1985), раздел «СССР»; оциф",
Коростень,50.9500,28.6500,empire,1941-08-07,1943-12-29,1941-08-07:foreign;1943-11-17:empire;1943-11-27:foreign;1943-12-29:empire,СССР,yes,1 УФ; Киевская оборонительная операция,"«Освобождение городов: Справочник по освобождению городов в период Великой Отечественной войны 1941-1945» (М.: Воениздат, 1985), раздел «СССР»; оцифровка militera.lib.ru/enc/liberation/; хроники операций и справочная литература; освобождение сверено с «Освобождение городов: Справочник по освобождению городов в период Великой Отечественной войны 1941-1945» (М.: Воениздат, 1985), раздел «СССР»; оциф","в ноябре 1943 г. кратковременно освобождён, затем вновь оставлен; город вновь занят противником после освобождения; окончательное освобождение"
Котельниково,47.6333,43.1333,empire,1942-08-02,1942-12-29,,СССР,yes,,"хроники операций и справочная литература; освобождение сверено с «Освобождение городов: Справочник по освобождению городов в период Великой Отечественной войны 1941-1945» (М.: Воениздат, 1985), раздел «СССР»; оцифровка militera.lib.ru/enc/liberation/",
Котовск,47.7500,29.5333,empire,1941-08-05,1944-03-30,,СССР,yes,,"хроники операций и справочная литература; освобождение сверено с «Освобождение городов: Справочник по освобождению городов в период Великой Отечественной войны 1941-1945» (М.: Воениздат, 1985), раздел «СССР»; оцифровка militera.lib.ru/enc/liberation/",
Краматорск,48.7389,37.5847,empire,1941-10-26,1943-09-06,1941-10-26:foreign;1943-02-05:empire;1943-02-27:foreign;1943-09-06:empire,СССР,yes,ЮЗФ; Ворошиловградская операция,"«Освобождение городов: Справочник по освобождению городов в период Великой Отечественной войны 1941-1945» (М.: Воениздат, 1985), раздел «СССР»; оцифровка militera.lib.ru/enc/liberation/; хроники операций и справочная литература; освобождение сверено с «Освобождение городов: Справочник по освобождению городов в период Великой Отечественной войны 1941-1945» (М.: Воениздат, 1985), раздел «СССР»; оциф","город вновь занят противником после освобождения; повторно занят немцами в феврале 1943 г. (контрудар под Харьковом), окончательно освобождён в сентябре 1943 г."
Краснодар,45.0355,38.9753,empire,1942-08-12,1943-02-12,,СССР,yes,СКФ; Краснодарская операция,"ru.wikipedia.org: Оборона Краснодара / Битва за Кавказ; «Освобождение городов: Справочник по освобождению городов в период Великой Отечественной войны 1941-1945» (М.: Воениздат, 1985), раздел «СССР»; оцифровка militera.lib.ru/enc/liberation/",
Кременчуг,49.0670,33.4204,empire,1941-09-09,1943-09-29,,СССР,yes,"СтепФ; наступление на полтавско-кременчугском направлении, форсирование Днепра","общая хроника Битвы за Днепр 1941; «Освобождение городов: Справочник по освобождению городов в период Великой Отечественной войны 1941-1945» (М.: Воениздат, 1985), раздел «СССР»; оцифровка militera.lib.ru/enc/liberation/",дата ориентировочная (плацдарм для киевского окружения)
Кривой Рог,47.9105,33.3918,empire,1941-08-15,1944-02-22,,СССР,yes,3 УФ; Никопольско-Криворожская операция,"общая хроника Битвы за Днепр 1941; «Освобождение городов: Справочник по освобождению городов в период Великой Отечественной войны 1941-1945» (М.: Воениздат, 1985), раздел «СССР»; оцифровка militera.lib.ru/enc/liberation/",
Кулдига,56.9667,21.9833,empire,1941-06-30,1945-05-08,,СССР,yes,,"хроники операций и справочная литература; освобождение сверено с «Освобождение городов: Справочник по освобождению городов в период Великой Отечественной войны 1941-1945» (М.: Воениздат, 1985), раздел «СССР»; оцифровка militera.lib.ru/enc/liberation/",Курляндский котёл
Куолаярви,66.9500,29.1000,empire,1941-07-08,1944-09-19,,СССР,yes,,"хроники операций и справочная литература; освобождение сверено с «Освобождение городов: Справочник по освобождению городов в период Великой Отечественной войны 1941-1945» (М.: Воениздат, 1985), раздел «СССР»; оцифровка militera.lib.ru/enc/liberation/",
Куолаярви-восток,66.9500,29.9000,empire,1941-07-08,1944-09-19,,СССР,yes,,"хроники операций и справочная литература; освобождение сверено с «Освобождение городов: Справочник по освобождению городов в период Великой Отечественной войны 1941-1945» (М.: Воениздат, 1985), раздел «СССР»; оцифровка militera.lib.ru/enc/liberation/",
Курск,51.7304,36.1926,empire,1941-11-02,1943-02-08,,СССР,yes,ВорФ; наступление на воронежско-курском направлении (Харьковская операция),"общая хроника Курско-Обоянской операции 1941; «Освобождение городов: Справочник по освобождению городов в период Великой Отечественной войны 1941-1945» (М.: Воениздат, 1985), раздел «СССР»; оцифровка militera.lib.ru/enc/liberation/",встречается также дата 03.11
Ливны,52.4167,37.6167,empire,1941-11-26,1941-12-25,,СССР,yes,БрФ; наступление на орловском направлении,"«Освобождение городов: Справочник по освобождению городов в период Великой Отечественной войны 1941-1945» (М.: Воениздат, 1985), раздел «СССР»; оцифровка militera.lib.ru/enc/liberation/; хроники операций и справочная литература; освобождение сверено с «Освобождение городов: Справочник по освобождению городов в период Великой Отечественной войны 1941-1945» (М.: Воениздат, 1985), раздел «СССР»; оциф",
Лида,53.8833,25.3000,empire,1941-06-27,1944-07-09,,СССР,yes,3 БФ; Вильнюсская операция,"«Освобождение городов: Справочник по освобождению городов в период Великой Отечественной войны 1941-1945» (М.: Воениздат, 1985), раздел «СССР»; оцифровка militera.lib.ru/enc/liberation/; хроники операций и справочная литература; освобождение сверено с «Освобождение городов: Справочник по освобождению городов в период Великой Отечественной войны 1941-1945» (М.: Воениздат, 1985), раздел «СССР»; оциф",
Лиепая,56.5053,21.0107,empire,1941-06-29,1945-05-09,,СССР,yes,51 А ЛенФ; капитуляция курляндской группировки противника,"ru.wikipedia.org: Оборона Лиепаи (1941); «Освобождение городов: Справочник по освобождению городов в период Великой Отечественной войны 1941-1945» (М.: Воениздат, 1985), раздел «СССР»; оцифровка militera.lib.ru/enc/liberation/; хроники операций и справочная литература; освобождение сверено с «Освобождение городов: Справочник по освобождению городов в период Великой Отечественной войны 1941-1945» (",оборона города 22-29.06.1941; Курляндский котёл: капитуляция группы армий «Курляндия» 08-09.05.1945
Лозовая,48.8894,36.3161,empire,1941-10-22,1943-09-16,1941-10-22:foreign;1942-01-27:empire;1942-05-23:foreign;1943-02-11:empire;1943-03-01:foreign;1943-09-16:empire,СССР,yes,ЮЗФ; Барвенково-Лозовская операция,"«Освобождение городов: Справочник по освобождению городов в период Великой Отечественной войны 1941-1945» (М.: Воениздат, 1985), раздел «СССР»; оцифровка militera.lib.ru/enc/liberation/; хроники операций и справочная литература; освобождение сверено с «Освобождение городов: Справочник по освобождению городов в период Великой Отечественной войны 1941-1945» (М.: Воениздат, 1985), раздел «СССР»; оциф","город вновь занят противником после освобождения; повторно занят немцами после неудачи Харьковского сражения в мае 1942 г.; повторно занят немцами в марте 1943 г. (контрудар под Харьковом), окончательно освобождён в сентябре 1943 г."
Лохвица,50.5175,33.2439,empire,1941-09-13,1943-09-13,,СССР,yes,ВорФ; наступление на киевском направлении,"«Освобождение городов: Справочник по освобождению городов в период Великой Отечественной войны 1941-1945» (М.: Воениздат, 1985), раздел «СССР»; оцифровка militera.lib.ru/enc/liberation/; хроники операций и справочная литература; освобождение сверено с «Освобождение городов: Справочник по освобождению городов в период Великой Отечественной войны 1941-1945» (М.: Воениздат, 1985), раздел «СССР»; оциф",
Луга,58.7375,29.8419,empire,1941-08-24,1944-02-12,,СССР,yes,ЛенФ; Новгородско-Лужская операция,"общая хроника Лужского оборонительного рубежа 1941; «Освобождение городов: Справочник по освобождению городов в период Великой Отечественной войны 1941-1945» (М.: Воениздат, 1985), раздел «СССР»; оцифровка militera.lib.ru/enc/liberation/",
Луганск (Ворошиловград),48.5740,39.3078,empire,1941-11-17,1943-02-14,,СССР,yes,ЮЗФ; Ворошиловградская операция,"«Освобождение городов: Справочник по освобождению городов в период Великой Отечественной войны 1941-1945» (М.: Воениздат, 1985), раздел «СССР»; оцифровка militera.lib.ru/enc/liberation/; хроники операций и справочная литература; освобождение сверено с «Освобождение городов: Справочник по освобождению городов в период Великой Отечественной войны 1941-1945» (М.: Воениздат, 1985), раздел «СССР»; оциф",
Луостари,69.5000,30.5000,empire,1941-06-29,1944-10-15,,СССР,yes,,"хроники операций и справочная литература; освобождение сверено с «Освобождение городов: Справочник по освобождению городов в период Великой Отечественной войны 1941-1945» (М.: Воениздат, 1985), раздел «СССР»; оцифровка militera.lib.ru/enc/liberation/",
Луцк,50.7472,25.3254,empire,1941-06-25,1944-02-02,,СССР,yes,1 УФ; Ровно-Луцкая операция,"history-map.world: Сражение в районе Дубно-Луцк-Броды (25.06-30.06.1941); «Освобождение городов: Справочник по освобождению городов в период Великой Отечественной войны 1941-1945» (М.: Воениздат, 1985), раздел «СССР»; оцифровка militera.lib.ru/enc/liberation/",встречается также 26.06
Львов,49.8397,24.0297,empire,1941-06-30,1944-07-27,,СССР,yes,1 УФ; Львовско-Сандомирская операция,"общеизвестная хроника Барбароссы; «Освобождение городов: Справочник по освобождению городов в период Великой Отечественной войны 1941-1945» (М.: Воениздат, 1985), раздел «СССР»; оцифровка militera.lib.ru/enc/liberation/",
Льгов,51.6667,35.2667,empire,1941-10-20,1943-03-03,,СССР,yes,ВорФ; Харьковская операция,"«Освобождение городов: Справочник по освобождению городов в период Великой Отечественной войны 1941-1945» (М.: Воениздат, 1985), раздел «СССР»; оцифровка militera.lib.ru/enc/liberation/; хроники операций и справочная литература; освобождение сверено с «Освобождение городов: Справочник по освобождению городов в период Великой Отечественной войны 1941-1945» (М.: Воениздат, 1985), раздел «СССР»; оциф",
Мадона,56.8500,26.2167,empire,1941-07-02,1944-08-13,,СССР,yes,,"хроники операций и справочная литература; освобождение сверено с «Освобождение городов: Справочник по освобождению городов в период Великой Отечественной войны 1941-1945» (М.: Воениздат, 1985), раздел «СССР»; оцифровка militera.lib.ru/enc/liberation/",
Майкоп,44.6098,40.1006,empire,1942-08-09,1943-01-29,,СССР,yes,ЗакФ; Северо-Кавказская операция,"ru.wikipedia.org: Армавиро-Майкопская операция; «Освобождение городов: Справочник по освобождению городов в период Великой Отечественной войны 1941-1945» (М.: Воениздат, 1985), раздел «СССР»; оцифровка militera.lib.ru/enc/liberation/",встречается также дата 10.08
Малгобек,43.5289,44.5647,empire,1942-09-12,1943-01-03,,СССР,yes,ЗакФ (Северная группа войск); Северо-Кавказская операция,"«Освобождение городов: Справочник по освобождению городов в период Великой Отечественной войны 1941-1945» (М.: Воениздат, 1985), раздел «СССР»; оцифровка militera.lib.ru/enc/liberation/; хроники операций и справочная литература; освобождение сверено с «Освобождение городов: Справочник по освобождению городов в период Великой Отечественной войны 1941-1945» (М.: Воениздат, 1985), раздел «СССР»; оциф",Малгобекская оборонительная операция: дальше на восток вермахт не прошёл
Малоярославец,55.0136,36.4653,empire,1941-10-18,1942-01-02,,СССР,yes,,"общая хроника Можайско-Малоярославецкой операции 1941; хроники операций и справочная литература; освобождение сверено с «Освобождение городов: Справочник по освобождению городов в период Великой Отечественной войны 1941-1945» (М.: Воениздат, 1985), раздел «СССР»; оцифровка militera.lib.ru/enc/liberation/",
Мариуполь,47.0971,37.5434,empire,1941-10-08,1943-09-10,,СССР,yes,"ЮФ, силы ЧФ; Донбасская операция","общая хроника Донбасской операции 1941; «Освобождение городов: Справочник по освобождению городов в период Великой Отечественной войны 1941-1945» (М.: Воениздат, 1985), раздел «СССР»; оцифровка militera.lib.ru/enc/liberation/",
Мариямполе,54.5500,23.3500,empire,1941-06-23,1944-07-31,,СССР,yes,,"хроники операций и справочная литература; освобождение сверено с «Освобождение городов: Справочник по освобождению городов в период Великой Отечественной войны 1941-1945» (М.: Воениздат, 1985), раздел «СССР»; оцифровка militera.lib.ru/enc/liberation/",
Мга,59.7539,31.0092,empire,1941-08-29,1944-01-21,,СССР,yes,,"общая хроника обороны Ленинграда 1941; хроники операций и справочная литература; освобождение сверено с «Освобождение городов: Справочник по освобождению городов в период Великой Отечественной войны 1941-1945» (М.: Воениздат, 1985), раздел «СССР»; оцифровка militera.lib.ru/enc/liberation/",перерезана последняя ж/д на Ленинград
Медвежьегорск,62.9153,34.4614,empire,1941-12-05,1944-06-23,,СССР,yes,КарФ; Свирско-Петрозаводская операция,"library.karelia.ru: Хроника Петрозаводска (и Карелии); «Освобождение городов: Справочник по освобождению городов в период Великой Отечественной войны 1941-1945» (М.: Воениздат, 1985), раздел «СССР»; оцифровка militera.lib.ru/enc/liberation/",
Мелитополь,46.8489,35.3650,empire,1941-10-06,1943-10-23,,СССР,yes,4 УФ; Мелитопольская операция,"общая хроника Донбасской операции 1941; «Освобождение городов: Справочник по освобождению городов в период Великой Отечественной войны 1941-1945» (М.: Воениздат, 1985), раздел «СССР»; оцифровка militera.lib.ru/enc/liberation/",
Миллерово,48.9291,40.3971,empire,1942-07-15,1943-01-17,,СССР,yes,ЮЗФ; наступление на ворошиловградском направлении,"«Освобождение городов: Справочник по освобождению городов в период Великой Отечественной войны 1941-1945» (М.: Воениздат, 1985), раздел «СССР»; оцифровка militera.lib.ru/enc/liberation/; хроники операций и справочная литература; освобождение сверено с «Освобождение городов: Справочник по освобождению городов в период Великой Отечественной войны 1941-1945» (М.: Воениздат, 1985), раздел «СССР»; оциф",
Минск,53.9006,27.5590,empire,1941-06-28,1944-07-03,,СССР,yes,"3 БФ, 2 БФ, 1 БФ; Минская операция","Белостокско-Минское сражение — ru.wikipedia.org; «Освобождение городов: Справочник по освобождению городов в период Великой Отечественной войны 1941-1945» (М.: Воениздат, 1985), раздел «СССР»; оцифровка militera.lib.ru/enc/liberation/",
Могилёв,53.9007,30.3313,empire,1941-07-26,1944-06-28,,СССР,yes,2 БФ; Могилёвская операция,"pamyat-naroda.ru: Смоленское оборонительное сражение; «Освобождение городов: Справочник по освобождению городов в период Великой Отечественной войны 1941-1945» (М.: Воениздат, 1985), раздел «СССР»; оцифровка militera.lib.ru/enc/liberation/",оборона на Буйничском поле до 26.07 после окружения 14.07
Могилёв-Подольский,48.4447,27.8022,empire,1941-07-19,1944-03-19,,СССР,yes,2 УФ; Уманско-Ботошанская операция,"«Освобождение городов: Справочник по освобождению городов в период Великой Отечественной войны 1941-1945» (М.: Воениздат, 1985), раздел «СССР»; оцифровка militera.lib.ru/enc/liberation/; хроники операций и справочная литература; освобождение сверено с «Освобождение городов: Справочник по освобождению городов в период Великой Отечественной войны 1941-1945» (М.: Воениздат, 1985), раздел «СССР»; оциф",
Можайск,55.5064,36.0165,empire,1941-10-18,1942-01-20,,СССР,yes,ЗапФ; Ржевско-Вяземская операция,"общая хроника Можайско-Малоярославецкой операции 1941; «Освобождение городов: Справочник по освобождению городов в период Великой Отечественной войны 1941-1945» (М.: Воениздат, 1985), раздел «СССР»; оцифровка militera.lib.ru/enc/liberation/",
Моздок,43.7455,44.6552,empire,1942-08-25,1943-01-03,,СССР,yes,ЗакФ (Северная группа войск); Северо-Кавказская операция,"ru.wikipedia.org: Битва за Кавказ (1942-1943); «Освобождение городов: Справочник по освобождению городов в период Великой Отечественной войны 1941-1945» (М.: Воениздат, 1985), раздел «СССР»; оцифровка militera.lib.ru/enc/liberation/",
Мозырь,52.0500,29.2500,empire,1941-08-22,1944-01-14,,СССР,yes,БФ (Белорусский фронт); Калинковичско-Мозырская операция,"«Освобождение городов: Справочник по освобождению городов в период Великой Отечественной войны 1941-1945» (М.: Воениздат, 1985), раздел «СССР»; оцифровка militera.lib.ru/enc/liberation/; хроники операций и справочная литература; освобождение сверено с «Освобождение городов: Справочник по освобождению городов в период Великой Отечественной войны 1941-1945» (М.: Воениздат, 1985), раздел «СССР»; оциф",
Молодечно,54.3153,26.8519,empire,1941-06-25,1944-07-05,,СССР,yes,3 БФ; Вильнюсская операция,"общая хроника обороны Белоруссии 1941; «Освобождение городов: Справочник по освобождению городов в период Великой Отечественной войны 1941-1945» (М.: Воениздат, 1985), раздел «СССР»; оцифровка militera.lib.ru/enc/liberation/",
Морозовск,48.3500,41.8256,empire,1942-07-19,1943-01-05,,СССР,yes,,"хроники операций и справочная литература; освобождение сверено с «Освобождение городов: Справочник по освобождению городов в период Великой Отечественной войны 1941-1945» (М.: Воениздат, 1985), раздел «СССР»; оцифровка militera.lib.ru/enc/liberation/",
Мценск,53.2833,36.5667,empire,1941-10-11,1943-07-20,,СССР,yes,БрФ; Орловская операция,"«Освобождение городов: Справочник по освобождению городов в период Великой Отечественной войны 1941-1945» (М.: Воениздат, 1985), раздел «СССР»; оцифровка militera.lib.ru/enc/liberation/; хроники операций и справочная литература; освобождение сверено с «Освобождение городов: Справочник по освобождению городов в период Великой Отечественной войны 1941-1945» (М.: Воениздат, 1985), раздел «СССР»; оциф",
Нальчик,43.4849,43.6070,empire,1942-10-28,1943-01-04,,СССР,yes,ЗакФ (Северная группа войск); Северо-Кавказская операция,"ru.wikipedia.org: Битва за Кавказ (1942-1943); «Освобождение городов: Справочник по освобождению городов в период Великой Отечественной войны 1941-1945» (М.: Воениздат, 1985), раздел «СССР»; оцифровка militera.lib.ru/enc/liberation/",встречается также дата 27.10
Нарва,59.3733,28.1903,empire,1941-08-17,1944-07-26,,СССР,yes,"ЛенФ, силы КБФ; Нарвская операция","общая хроника обороны Эстонии 1941; «Освобождение городов: Справочник по освобождению городов в период Великой Отечественной войны 1941-1945» (М.: Воениздат, 1985), раздел «СССР»; оцифровка militera.lib.ru/enc/liberation/",
Наро-Фоминск,55.3833,36.7333,empire,1941-12-01,1941-12-26,,СССР,yes,,"nfreg.ru: Наро-Фоминская оборонительная операция; хроники операций и справочная литература; освобождение сверено с «Освобождение городов: Справочник по освобождению городов в период Великой Отечественной войны 1941-1945» (М.: Воениздат, 1985), раздел «СССР»; оцифровка militera.lib.ru/enc/liberation/","занята частично зап. часть города, отбита к 04.12.1941"
Невель,56.0181,29.9184,empire,1941-07-15,1943-10-06,,СССР,yes,КалФ; Невельская операция,"общая хроника Смоленского сражения 1941; «Освобождение городов: Справочник по освобождению городов в период Великой Отечественной войны 1941-1945» (М.: Воениздат, 1985), раздел «СССР»; оцифровка militera.lib.ru/enc/liberation/",
Никель,69.4100,30.2200,empire,1941-06-29,1944-10-22,,СССР,yes,,"хроники операций и справочная литература; освобождение сверено с «Освобождение городов: Справочник по освобождению городов в период Великой Отечественной войны 1941-1945» (М.: Воениздат, 1985), раздел «СССР»; оцифровка militera.lib.ru/enc/liberation/",Колосйоки: никелевые рудники Петсамо
Николаев,46.9750,31.9946,empire,1941-08-16,1944-03-28,,СССР,yes,"3 УФ, силы ЧФ; Одесская операция","общая хроника обороны Николаева 1941; «Освобождение городов: Справочник по освобождению городов в период Великой Отечественной войны 1941-1945» (М.: Воениздат, 1985), раздел «СССР»; оцифровка militera.lib.ru/enc/liberation/",
Никополь,47.5734,34.3936,empire,1941-08-17,1944-02-08,,СССР,yes,"3 УФ, 4 УФ; Никопольско-Криворожская операция","«Освобождение городов: Справочник по освобождению городов в период Великой Отечественной войны 1941-1945» (М.: Воениздат, 1985), раздел «СССР»; оцифровка militera.lib.ru/enc/liberation/; хроники операций и справочная литература; освобождение сверено с «Освобождение городов: Справочник по освобождению городов в период Великой Отечественной войны 1941-1945» (М.: Воениздат, 1985), раздел «СССР»; оциф",
Новгород,58.5215,31.2755,empire,1941-08-19,1944-01-20,,СССР,yes,ВолхФ; Новгородско-Лужская операция,"общеизвестная хроника обороны Ленинграда 1941; «Освобождение городов: Справочник по освобождению городов в период Великой Отечественной войны 1941-1945» (М.: Воениздат, 1985), раздел «СССР»; оцифровка militera.lib.ru/enc/liberation/",
Новоград-Волынский,50.5928,27.6222,empire,1941-07-07,1944-01-03,,СССР,yes,,"общая хроника Киевской оборонительной операции 1941; хроники операций и справочная литература; освобождение сверено с «Освобождение городов: Справочник по освобождению городов в период Великой Отечественной войны 1941-1945» (М.: Воениздат, 1985), раздел «СССР»; оцифровка militera.lib.ru/enc/liberation/",
Новороссийск,44.7235,37.7686,empire,1942-09-10,1943-09-16,,СССР,yes,"СКФ, силы ЧФ; Новороссийско-Таманская операция","ru.wikipedia.org: Битва за Кавказ (1942-1943); «Освобождение городов: Справочник по освобождению городов в период Великой Отечественной войны 1941-1945» (М.: Воениздат, 1985), раздел «СССР»; оцифровка militera.lib.ru/enc/liberation/",занята большая часть города; порт и юго-вост. окраины (Малая земля с 02.1943) остались за РККА; город был захвачен частично (не полностью оккупирован)
Обоянь,51.2064,36.2649,empire,1941-10-25,1943-02-18,,СССР,yes,ВорФ; Харьковская операция,"«Освобождение городов: Справочник по освобождению городов в период Великой Отечественной войны 1941-1945» (М.: Воениздат, 1985), раздел «СССР»; оцифровка militera.lib.ru/enc/liberation/; хроники операций и справочная литература; освобождение сверено с «Освобождение городов: Справочник по освобождению городов в период Великой Отечественной войны 1941-1945» (М.: Воениздат, 1985), раздел «СССР»; оциф",
Овруч,51.3167,28.8000,empire,1941-08-22,1943-11-18,,СССР,yes,,"хроники операций и справочная литература; освобождение сверено с «Освобождение городов: Справочник по освобождению городов в период Великой Отечественной войны 1941-1945» (М.: Воениздат, 1985), раздел «СССР»; оцифровка militera.lib.ru/enc/liberation/",
Одесса,46.4825,30.7233,empire,1941-10-16,1944-04-10,,СССР,yes,3 УФ; Одесская операция,"общеизвестная хроника обороны Одессы 1941; «Освобождение городов: Справочник по освобождению городов в период Великой Отечественной войны 1941-1945» (М.: Воениздат, 1985), раздел «СССР»; оцифровка militera.lib.ru/enc/liberation/","осада с 08.08.1941, эвакуация гарнизона завершена к 16.10"
Олонец,61.0000,32.9667,empire,1941-09-05,1944-06-25,,СССР,yes,КарФ; Свирско-Петрозаводская операция,"«Освобождение городов: Справочник по освобождению городов в период Великой Отечественной войны 1941-1945» (М.: Воениздат, 1985), раздел «СССР»; оцифровка militera.lib.ru/enc/liberation/; хроники операций и справочная литература; освобождение сверено с «Освобождение городов: Справочник по освобождению городов в период Великой Отечественной войны 1941-1945» (М.: Воениздат, 1985), раздел «СССР»; оциф",
Орша,54.5081,30.4172,empire,1941-07-16,1944-06-27,,СССР,yes,3 БФ; Витебско-Оршанская операция,"общая хроника Смоленского сражения 1941; «Освобождение городов: Справочник по освобождению городов в период Великой Отечественной войны 1941-1945» (М.: Воениздат, 1985), раздел «СССР»; оцифровка militera.lib.ru/enc/liberation/",дата ориентировочная
Орёл,52.9700,36.0693,empire,1941-10-03,1943-08-05,,СССР,yes,БрФ; Орловская операция,"общеизвестная хроника Орловско-Брянской операции 1941; «Освобождение городов: Справочник по освобождению городов в период Великой Отечественной войны 1941-1945» (М.: Воениздат, 1985), раздел «СССР»; оцифровка militera.lib.ru/enc/liberation/",
Осиповичи,53.3000,28.6333,empire,1941-06-30,1944-06-28,,СССР,yes,,"хроники операций и справочная литература; освобождение сверено с «Освобождение городов: Справочник по освобождению городов в период Великой Отечественной войны 1941-1945» (М.: Воениздат, 1985), раздел «СССР»; оцифровка militera.lib.ru/enc/liberation/",
Остров,57.3392,28.3475,empire,1941-07-04,1944-07-21,,СССР,yes,,"общая хроника Псковского направления 1941; хроники операций и справочная литература; освобождение сверено с «Освобождение городов: Справочник по освобождению городов в период Великой Отечественной войны 1941-1945» (М.: Воениздат, 1985), раздел «СССР»; оцифровка militera.lib.ru/enc/liberation/",
Острогожск,50.8667,39.0667,empire,1942-07-05,1943-01-20,,СССР,yes,,"хроники операций и справочная литература; освобождение сверено с «Освобождение городов: Справочник по освобождению городов в период Великой Отечественной войны 1941-1945» (М.: Воениздат, 1985), раздел «СССР»; оцифровка militera.lib.ru/enc/liberation/",
Очаков,46.6167,31.5500,empire,1941-09-16,1944-03-30,,СССР,yes,"3 УФ, силы ЧФ; Одесская операция","«Освобождение городов: Справочник по освобождению городов в период Великой Отечественной войны 1941-1945» (М.: Воениздат, 1985), раздел «СССР»; оцифровка militera.lib.ru/enc/liberation/; хроники операций и справочная литература; освобождение сверено с «Освобождение городов: Справочник по освобождению городов в период Великой Отечественной войны 1941-1945» (М.: Воениздат, 1985), раздел «СССР»; оциф",
Павлоград,48.5350,35.8700,empire,1941-10-04,1943-09-18,1941-10-04:foreign;1943-02-17:empire;1943-02-22:foreign;1943-09-18:empire,СССР,yes,ЮЗФ; Ворошиловградская операция,"«Освобождение городов: Справочник по освобождению городов в период Великой Отечественной войны 1941-1945» (М.: Воениздат, 1985), раздел «СССР»; оцифровка militera.lib.ru/enc/liberation/; хроники операций и справочная литература; освобождение сверено с «Освобождение городов: Справочник по освобождению городов в период Великой Отечественной войны 1941-1945» (М.: Воениздат, 1985), раздел «СССР»; оциф","город вновь занят противником после освобождения; повторно занят немцами в феврале 1943 г. (контрудар под Харьковом), окончательно освобождён в сентябре 1943 г."
Паневежис,55.7333,24.3500,empire,1941-06-26,1944-07-22,,СССР,yes,,"хроники операций и справочная литература; освобождение сверено с «Освобождение городов: Справочник по освобождению городов в период Великой Отечественной войны 1941-1945» (М.: Воениздат, 1985), раздел «СССР»; оцифровка militera.lib.ru/enc/liberation/",
Первомайск,48.0464,30.8508,empire,1941-08-01,1944-03-22,,СССР,yes,2 УФ; Уманско-Ботошанская операция,"общая хроника Уманской операции 1941; «Освобождение городов: Справочник по освобождению городов в период Великой Отечественной войны 1941-1945» (М.: Воениздат, 1985), раздел «СССР»; оцифровка militera.lib.ru/enc/liberation/",Николаевская область
Петергоф,59.8858,29.9086,empire,1941-09-23,1944-01-19,,СССР,yes,,"общая хроника обороны Ленинграда 1941; хроники операций и справочная литература; освобождение сверено с «Освобождение городов: Справочник по освобождению городов в период Великой Отечественной войны 1941-1945» (М.: Воениздат, 1985), раздел «СССР»; оцифровка militera.lib.ru/enc/liberation/",
Петрозаводск,61.7849,34.3469,empire,1941-10-01,1944-06-28,,СССР,yes,"КарФ, Онежская военная флотилия; Свирско-Петрозаводская операция","library.karelia.ru: Хроника Петрозаводска (и Карелии); «Освобождение городов: Справочник по освобождению городов в период Великой Отечественной войны 1941-1945» (М.: Воениздат, 1985), раздел «СССР»; оцифровка militera.lib.ru/enc/liberation/",
Печенга (Петсамо),69.5486,31.1706,empire,1941-06-29,1944-10-15,,СССР,yes,"КарФ, силы СФ; Петсамо-Киркенесская операция","«Освобождение городов: Справочник по освобождению городов в период Великой Отечественной войны 1941-1945» (М.: Воениздат, 1985), раздел «СССР»; оцифровка militera.lib.ru/enc/liberation/; хроники операций и справочная литература; освобождение сверено с «Освобождение городов: Справочник по освобождению городов в период Великой Отечественной войны 1941-1945» (М.: Воениздат, 1985), раздел «СССР»; оциф","оккупационной даты нет: территория отошла к СССР по итогам войны, до этого финская; по Московскому миру 1940 г. Петсамо возвращалось Финляндии, но контур источника (CShapes) отдаёт его СССР уже с 12.03.1940 - ошибка источника, см. README, ограничение 16"
Пинск,52.1114,26.0975,empire,1941-07-04,1944-07-14,,СССР,yes,"1 БФ, Днепровская военная флотилия; наступление на барановичско-брестском направлении","общая хроника обороны Белоруссии 1941; «Освобождение городов: Справочник по освобождению городов в период Великой Отечественной войны 1941-1945» (М.: Воениздат, 1985), раздел «СССР»; оцифровка militera.lib.ru/enc/liberation/",
Питкяранта,61.5772,31.4783,empire,1941-09-10,1944-07-10,,СССР,yes,КарФ; Свирско-Петрозаводская операция,"«Освобождение городов: Справочник по освобождению городов в период Великой Отечественной войны 1941-1945» (М.: Воениздат, 1985), раздел «СССР»; оцифровка militera.lib.ru/enc/liberation/; хроники операций и справочная литература; освобождение сверено с «Освобождение городов: Справочник по освобождению городов в период Великой Отечественной войны 1941-1945» (М.: Воениздат, 1985), раздел «СССР»; оциф",
Полоцк,55.4842,28.7975,empire,1941-07-16,1944-07-04,,СССР,yes,1 ПрибФ; Полоцкая операция,"общая хроника обороны Полоцкого УРа 1941; «Освобождение городов: Справочник по освобождению городов в период Великой Отечественной войны 1941-1945» (М.: Воениздат, 1985), раздел «СССР»; оцифровка militera.lib.ru/enc/liberation/",держался с начала июля
Полтава,49.5883,34.5514,empire,1941-09-18,1943-09-23,,СССР,yes,"СтепФ, ВорФ; наступление на киевском и полтавско-кременчугском направлениях","общая хроника Киевской оборонительной операции 1941; «Освобождение городов: Справочник по освобождению городов в период Великой Отечественной войны 1941-1945» (М.: Воениздат, 1985), раздел «СССР»; оцифровка militera.lib.ru/enc/liberation/",
Поросозеро,62.7200,32.7200,empire,1941-07-20,1944-07-21,,СССР,yes,,"хроники операций и справочная литература; освобождение сверено с «Освобождение городов: Справочник по освобождению городов в период Великой Отечественной войны 1941-1945» (М.: Воениздат, 1985), раздел «СССР»; оцифровка militera.lib.ru/enc/liberation/",
Прилуки,50.5942,32.3903,empire,1941-09-18,1943-09-18,,СССР,yes,"ЦФ, ВорФ; Черниговско-Припятская операция и наступление на киевском направлении","«Освобождение городов: Справочник по освобождению городов в период Великой Отечественной войны 1941-1945» (М.: Воениздат, 1985), раздел «СССР»; оцифровка militera.lib.ru/enc/liberation/; хроники операций и справочная литература; освобождение сверено с «Освобождение городов: Справочник по освобождению городов в период Великой Отечественной войны 1941-1945» (М.: Воениздат, 1985), раздел «СССР»; оциф",
Проскуров (Хмельницкий),49.4229,26.9871,empire,1941-07-08,1944-03-25,,СССР,yes,1 УФ; Проскуровско-Черновицкая операция,"общая хроника Киевской оборонительной операции 1941; «Освобождение городов: Справочник по освобождению городов в период Великой Отечественной войны 1941-1945» (М.: Воениздат, 1985), раздел «СССР»; оцифровка militera.lib.ru/enc/liberation/",дата ориентировочная
Прохладный,43.7500,44.0333,empire,1942-08-25,1943-01-05,,СССР,yes,ЗакФ (Северная группа войск); Северо-Кавказская операция,"«Освобождение городов: Справочник по освобождению городов в период Великой Отечественной войны 1941-1945» (М.: Воениздат, 1985), раздел «СССР»; оцифровка militera.lib.ru/enc/liberation/; хроники операций и справочная литература; освобождение сверено с «Освобождение городов: Справочник по освобождению городов в период Великой Отечественной войны 1941-1945» (М.: Воениздат, 1985), раздел «СССР»; оциф",
Псков,57.8194,28.3319,empire,1941-07-09,1944-07-23,,СССР,yes,3 ПрибФ; Псковско-Островская операция,"ru.wikipedia.org: Оккупация Пскова (1941-1944); «Освобождение городов: Справочник по освобождению городов в период Великой Отечественной войны 1941-1945» (М.: Воениздат, 1985), раздел «СССР»; оцифровка militera.lib.ru/enc/liberation/",
Путивль,51.3350,33.8664,empire,1941-09-10,1943-09-02,,СССР,yes,ЦФ; Черниговско-Припятская операция,"«Освобождение городов: Справочник по освобождению городов в период Великой Отечественной войны 1941-1945» (М.: Воениздат, 1985), раздел «СССР»; оцифровка militera.lib.ru/enc/liberation/; хроники операций и справочная литература; освобождение сверено с «Освобождение городов: Справочник по освобождению городов в период Великой Отечественной войны 1941-1945» (М.: Воениздат, 1985), раздел «СССР»; оциф",
Пушкин (Царское Село),59.7156,30.3959,empire,1941-09-17,1944-01-24,,СССР,yes,,"общая хроника обороны Ленинграда 1941; хроники операций и справочная литература; освобождение сверено с «Освобождение городов: Справочник по освобождению городов в период Великой Отечественной войны 1941-1945» (М.: Воениздат, 1985), раздел «СССР»; оцифровка militera.lib.ru/enc/liberation/",
Пыталово,57.0667,27.9333,empire,1941-07-04,1944-07-22,,СССР,yes,,"хроники операций и справочная литература; освобождение сверено с «Освобождение городов: Справочник по освобождению городов в период Великой Отечественной войны 1941-1945» (М.: Воениздат, 1985), раздел «СССР»; оцифровка militera.lib.ru/enc/liberation/",
Пярну,58.3859,24.4971,empire,1941-07-08,1944-09-23,,СССР,yes,ЛенФ; Таллинская операция,"«Освобождение городов: Справочник по освобождению городов в период Великой Отечественной войны 1941-1945» (М.: Воениздат, 1985), раздел «СССР»; оцифровка militera.lib.ru/enc/liberation/; хроники операций и справочная литература; освобождение сверено с «Освобождение городов: Справочник по освобождению городов в период Великой Отечественной войны 1941-1945» (М.: Воениздат, 1985), раздел «СССР»; оциф",
Пятигорск,44.0406,43.0658,empire,1942-08-09,1943-01-11,,СССР,yes,ЗакФ (Северная группа войск); Северо-Кавказская операция,"world-war.ru / stapravda.ru: оборона и оккупация Пятигорска; «Освобождение городов: Справочник по освобождению городов в период Великой Отечественной войны 1941-1945» (М.: Воениздат, 1985), раздел «СССР»; оцифровка militera.lib.ru/enc/liberation/",танки вошли в город в середине дня 09.08.1942
Раздельная,46.8433,30.0803,empire,1941-08-08,1944-04-04,,СССР,yes,,"хроники операций и справочная литература; освобождение сверено с «Освобождение городов: Справочник по освобождению городов в период Великой Отечественной войны 1941-1945» (М.: Воениздат, 1985), раздел «СССР»; оцифровка militera.lib.ru/enc/liberation/",
Раквере,59.3467,26.3600,empire,1941-08-17,1944-09-20,,СССР,yes,ЛенФ; Таллинская операция,"«Освобождение городов: Справочник по освобождению городов в период Великой Отечественной войны 1941-1945» (М.: Воениздат, 1985), раздел «СССР»; оцифровка militera.lib.ru/enc/liberation/; хроники операций и справочная литература; освобождение сверено с «Освобождение городов: Справочник по освобождению городов в период Великой Отечественной войны 1941-1945» (М.: Воениздат, 1985), раздел «СССР»; оциф",
Раякоски,68.9000,28.9000,empire,1941-06-29,1944-10-20,,СССР,yes,,"хроники операций и справочная литература; освобождение сверено с «Освобождение городов: Справочник по освобождению городов в период Великой Отечественной войны 1941-1945» (М.: Воениздат, 1985), раздел «СССР»; оцифровка militera.lib.ru/enc/liberation/",коридор Петсамо; контур источника отдаёт этот участок СССР с 1940 г.
Реболы,63.8300,30.8000,empire,1941-07-24,1944-09-19,,СССР,yes,,"хроники операций и справочная литература; освобождение сверено с «Освобождение городов: Справочник по освобождению городов в период Великой Отечественной войны 1941-1945» (М.: Воениздат, 1985), раздел «СССР»; оцифровка militera.lib.ru/enc/liberation/",
Резекне,56.5097,27.3319,empire,1941-07-03,1944-07-27,,СССР,yes,2 ПрибФ; Режицко-Двинская операция,"«Освобождение городов: Справочник по освобождению городов в период Великой Отечественной войны 1941-1945» (М.: Воениздат, 1985), раздел «СССР»; оцифровка militera.lib.ru/enc/liberation/; хроники операций и справочная литература; освобождение сверено с «Освобождение городов: Справочник по освобождению городов в период Великой Отечественной войны 1941-1945» (М.: Воениздат, 1985), раздел «СССР»; оциф",
Речица,52.3667,30.4000,empire,1941-08-23,1943-11-18,,СССР,yes,,"хроники операций и справочная литература; освобождение сверено с «Освобождение городов: Справочник по освобождению городов в период Великой Отечественной войны 1941-1945» (М.: Воениздат, 1985), раздел «СССР»; оцифровка militera.lib.ru/enc/liberation/",
Ржев,56.2593,34.3247,empire,1941-10-14,1943-03-03,,СССР,yes,КалФ/ЗапФ; Ржевско-Вяземская операция,"«Освобождение городов: Справочник по освобождению городов в период Великой Отечественной войны 1941-1945» (М.: Воениздат, 1985), раздел «СССР»; оцифровка militera.lib.ru/enc/liberation/; хроники операций и справочная литература; освобождение сверено с «Освобождение городов: Справочник по освобождению городов в период Великой Отечественной войны 1941-1945» (М.: Воениздат, 1985), раздел «СССР»; оциф",Ржевский выступ: вермахт оставил его в марте 1943 г. (операция «Бюффель»)
Рига,56.9496,24.1052,empire,1941-07-01,1944-10-13,,СССР,yes,"3 ПрибФ, 2 ПрибФ; Рижская операция","общеизвестная хроника Барбароссы; «Освобождение городов: Справочник по освобождению городов в период Великой Отечественной войны 1941-1945» (М.: Воениздат, 1985), раздел «СССР»; оцифровка militera.lib.ru/enc/liberation/","восточная часть города; западная часть города, полное освобождение"
Ровно,50.6199,26.2516,empire,1941-06-28,1944-02-02,,СССР,yes,1 УФ; Ровно-Луцкая операция,"history-map.world: Сражение в районе Дубно-Луцк-Броды; «Освобождение городов: Справочник по освобождению городов в период Великой Отечественной войны 1941-1945» (М.: Воениздат, 1985), раздел «СССР»; оцифровка militera.lib.ru/enc/liberation/",
Рославль,53.9497,32.8586,empire,1941-08-03,1943-09-25,,СССР,yes,,"общая хроника Смоленского сражения 1941; хроники операций и справочная литература; освобождение сверено с «Освобождение городов: Справочник по освобождению городов в период Великой Отечественной войны 1941-1945» (М.: Воениздат, 1985), раздел «СССР»; оцифровка militera.lib.ru/enc/liberation/",
Россошь,50.2000,39.5667,empire,1942-07-07,1943-01-16,,СССР,yes,,"хроники операций и справочная литература; освобождение сверено с «Освобождение городов: Справочник по освобождению городов в период Великой Отечественной войны 1941-1945» (М.: Воениздат, 1985), раздел «СССР»; оцифровка militera.lib.ru/enc/liberation/",
Ростов-на-Дону,47.2357,39.7015,empire,1941-11-21,1943-02-14,1941-11-21:foreign;1941-11-29:empire;1942-07-23:foreign;1943-02-14:empire,СССР,yes,"ЮФ, ЗакФ; Ростовская операция","общеизвестная хроника Ростовской операции 1941; ru.wikipedia.org: Битва за Кавказ (1942-1943); «Освобождение городов: Справочник по освобождению городов в период Великой Отечественной войны 1941-1945» (М.: Воениздат, 1985), раздел «СССР»; оцифровка militera.lib.ru/enc/liberation/","первый крупный контрудар РККА, освобождён через 8 дней; встречается также дата 24.07; первое освобождение; город вновь занят противником после освобождения; повторно занят немцами в июле 1942 г., окончательно освобождён в феврале 1943 г."
Ругозеро,63.8500,32.7700,empire,1941-09-11,1944-09-19,,СССР,yes,,"хроники операций и справочная литература; освобождение сверено с «Освобождение городов: Справочник по освобождению городов в период Великой Отечественной войны 1941-1945» (М.: Воениздат, 1985), раздел «СССР»; оцифровка militera.lib.ru/enc/liberation/",фронт Рукаярви: дальше на восток финны не продвинулись
Рыльск,51.5667,34.6833,empire,1941-10-05,1943-08-31,,СССР,yes,,"хроники операций и справочная литература; освобождение сверено с «Освобождение городов: Справочник по освобождению городов в период Великой Отечественной войны 1941-1945» (М.: Воениздат, 1985), раздел «СССР»; оцифровка militera.lib.ru/enc/liberation/",
Салдус,56.6667,22.4833,empire,1941-06-30,1945-05-08,,СССР,yes,,"хроники операций и справочная литература; освобождение сверено с «Освобождение городов: Справочник по освобождению городов в период Великой Отечественной войны 1941-1945» (М.: Воениздат, 1985), раздел «СССР»; оцифровка militera.lib.ru/enc/liberation/",Курляндский котёл
Сальск,46.4711,41.5417,empire,1942-07-31,1943-01-22,,СССР,yes,,"общая хроника Битвы за Кавказ 1942; хроники операций и справочная литература; освобождение сверено с «Освобождение городов: Справочник по освобождению городов в период Великой Отечественной войны 1941-1945» (М.: Воениздат, 1985), раздел «СССР»; оцифровка militera.lib.ru/enc/liberation/",
Самбор,49.5167,23.2000,empire,1941-06-29,1944-08-07,,СССР,yes,,"хроники операций и справочная литература; освобождение сверено с «Освобождение городов: Справочник по освобождению городов в период Великой Отечественной войны 1941-1945» (М.: Воениздат, 1985), раздел «СССР»; оцифровка militera.lib.ru/enc/liberation/",
Сарны,51.3333,26.6000,empire,1941-07-05,1944-01-11,,СССР,yes,,"хроники операций и справочная литература; освобождение сверено с «Освобождение городов: Справочник по освобождению городов в период Великой Отечественной войны 1941-1945» (М.: Воениздат, 1985), раздел «СССР»; оцифровка militera.lib.ru/enc/liberation/",
Себеж,56.2833,28.4667,empire,1941-07-15,1944-07-17,,СССР,yes,,"хроники операций и справочная литература; освобождение сверено с «Освобождение городов: Справочник по освобождению городов в период Великой Отечественной войны 1941-1945» (М.: Воениздат, 1985), раздел «СССР»; оцифровка militera.lib.ru/enc/liberation/",
Севастополь,44.6054,33.5220,empire,1942-07-04,1944-05-09,,СССР,yes,"4 УФ, силы ЧФ; Крымская операция","общеизвестная хроника обороны Севастополя 1941-1942; «Освобождение городов: Справочник по освобождению городов в период Великой Отечественной войны 1941-1945» (М.: Воениздат, 1985), раздел «СССР»; оцифровка militera.lib.ru/enc/liberation/",
Севск,52.1500,34.4833,empire,1941-10-01,1943-08-27,,СССР,yes,,"хроники операций и справочная литература; освобождение сверено с «Освобождение городов: Справочник по освобождению городов в период Великой Отечественной войны 1941-1945» (М.: Воениздат, 1985), раздел «СССР»; оцифровка militera.lib.ru/enc/liberation/",
Симферополь,44.9521,34.1024,empire,1941-11-01,1944-04-13,,СССР,yes,4 УФ; Крымская операция,"общеизвестная хроника обороны Крыма 1941; «Освобождение городов: Справочник по освобождению городов в период Великой Отечественной войны 1941-1945» (М.: Воениздат, 1985), раздел «СССР»; оцифровка militera.lib.ru/enc/liberation/",
Слоним,53.0925,25.3192,empire,1941-06-24,1944-07-10,,СССР,yes,1 БФ; наступление на барановичско-брестском направлении,"общая хроника обороны Белоруссии 1941; «Освобождение городов: Справочник по освобождению городов в период Великой Отечественной войны 1941-1945» (М.: Воениздат, 1985), раздел «СССР»; оцифровка militera.lib.ru/enc/liberation/",
Смоленск,54.7818,32.0401,empire,1941-07-16,1943-09-25,,СССР,yes,ЗапФ; Смоленско-Рославльская операция,"ru.wikipedia.org: Смоленское сражение (1941); «Освобождение городов: Справочник по освобождению городов в период Великой Отечественной войны 1941-1945» (М.: Воениздат, 1985), раздел «СССР»; оцифровка militera.lib.ru/enc/liberation/","бои в городе с 15.07, восточнее города окружение сов. войск сохранялось до 05.08"
Сольцы,58.1333,30.3167,empire,1941-07-15,1944-02-21,,СССР,yes,,"хроники операций и справочная литература; освобождение сверено с «Освобождение городов: Справочник по освобождению городов в период Великой Отечественной войны 1941-1945» (М.: Воениздат, 1985), раздел «СССР»; оцифровка militera.lib.ru/enc/liberation/",
Сортавала,61.7000,30.6833,empire,1941-08-15,1944-09-24,,СССР,yes,КарФ; в результате перемирия с Финляндией,"library.karelia.ru: Хроника Петрозаводска (и Карелии); «Освобождение городов: Справочник по освобождению городов в период Великой Отечественной войны 1941-1945» (М.: Воениздат, 1985), раздел «СССР»; оцифровка militera.lib.ru/enc/liberation/",
Ставрополь,45.0428,41.9734,empire,1942-08-03,1943-01-21,,СССР,yes,ЗакФ (Северная группа войск); Северо-Кавказская операция,"ru.wikipedia.org: Битва за Кавказ (1942-1943); «Освобождение городов: Справочник по освобождению городов в период Великой Отечественной войны 1941-1945» (М.: Воениздат, 1985), раздел «СССР»; оцифровка militera.lib.ru/enc/liberation/",в оккупации переименован в Ворошиловск
Сталино (Донецк),48.0159,37.8028,empire,1941-10-21,1943-09-08,,СССР,yes,ЮФ; Донбасская операция,"общая хроника Донбасской операции 1941; «Освобождение городов: Справочник по освобождению городов в период Великой Отечественной войны 1941-1945» (М.: Воениздат, 1985), раздел «СССР»; оцифровка militera.lib.ru/enc/liberation/; хроники операций и справочная литература; освобождение сверено с «Освобождение городов: Справочник по освобождению городов в период Великой Отечественной войны 1941-1945» (М",
Станислав (Ивано-Франковск),48.9226,24.7111,empire,1941-07-02,1944-07-27,,СССР,yes,1 УФ; Львовско-Сандомирская операция,"«Освобождение городов: Справочник по освобождению городов в период Великой Отечественной войны 1941-1945» (М.: Воениздат, 1985), раздел «СССР»; оцифровка militera.lib.ru/enc/liberation/; хроники операций и справочная литература; освобождение сверено с «Освобождение городов: Справочник по освобождению городов в период Великой Отечественной войны 1941-1945» (М.: Воениздат, 1985), раздел «СССР»; оциф",
Старая Русса,57.9884,31.3536,empire,1941-08-09,1944-02-18,,СССР,yes,2 ПрибФ; Старорусско-Новоржевская операция,"«Освобождение городов: Справочник по освобождению городов в период Великой Отечественной войны 1941-1945» (М.: Воениздат, 1985), раздел «СССР»; оцифровка militera.lib.ru/enc/liberation/; хроники операций и справочная литература; освобождение сверено с «Освобождение городов: Справочник по освобождению городов в период Великой Отечественной войны 1941-1945» (М.: Воениздат, 1985), раздел «СССР»; оциф",
Сумы,50.9077,34.7981,empire,1941-10-10,1943-09-02,,СССР,yes,ВорФ; наступление на киевском направлении,"общая хроника Харьковской оборонительной операции 1941; «Освобождение городов: Справочник по освобождению городов в период Великой Отечественной войны 1941-1945» (М.: Воениздат, 1985), раздел «СССР»; оцифровка militera.lib.ru/enc/liberation/",
Суоярви,62.0833,32.3500,empire,1941-07-15,1944-07-14,,СССР,yes,,"хроники операций и справочная литература; освобождение сверено с «Освобождение городов: Справочник по освобождению городов в период Великой Отечественной войны 1941-1945» (М.: Воениздат, 1985), раздел «СССР»; оцифровка militera.lib.ru/enc/liberation/",
Сухиничи,54.1000,35.3500,empire,1941-10-07,1942-01-29,,СССР,yes,ЗапФ; Ржевско-Вяземская операция,"«Освобождение городов: Справочник по освобождению городов в период Великой Отечественной войны 1941-1945» (М.: Воениздат, 1985), раздел «СССР»; оцифровка militera.lib.ru/enc/liberation/; хроники операций и справочная литература; освобождение сверено с «Освобождение городов: Справочник по освобождению городов в период Великой Отечественной войны 1941-1945» (М.: Воениздат, 1985), раздел «СССР»; оциф",
Сычёвка,55.8286,34.2864,empire,1941-10-09,1943-03-08,,СССР,yes,,"общая хроника Вяземской операции 1941; хроники операций и справочная литература; освобождение сверено с «Освобождение городов: Справочник по освобождению городов в период Великой Отечественной войны 1941-1945» (М.: Воениздат, 1985), раздел «СССР»; оцифровка militera.lib.ru/enc/liberation/",
Таганрог,47.2362,38.8969,empire,1941-10-17,1943-08-30,,СССР,yes,"ЮФ, силы ЧФ; Донбасская операция","общая хроника Донбасской операции 1941; «Освобождение городов: Справочник по освобождению городов в период Великой Отечественной войны 1941-1945» (М.: Воениздат, 1985), раздел «СССР»; оцифровка militera.lib.ru/enc/liberation/",
Таллин,59.4370,24.7536,empire,1941-08-28,1944-09-22,,СССР,yes,"ЛенФ, силы КБФ; Таллинская операция","общеизвестная хроника обороны Таллина 1941; «Освобождение городов: Справочник по освобождению городов в период Великой Отечественной войны 1941-1945» (М.: Воениздат, 1985), раздел «СССР»; оцифровка militera.lib.ru/enc/liberation/",
Тарту,58.3776,26.7290,empire,1941-07-26,1944-08-25,,СССР,yes,3 ПрибФ; Тартуская операция,"ru.wikipedia.org: Тарту; «Освобождение городов: Справочник по освобождению городов в период Великой Отечественной войны 1941-1945» (М.: Воениздат, 1985), раздел «СССР»; оцифровка militera.lib.ru/enc/liberation/","эстонские ""лесные братья"" удерживали часть города до подхода немцев"
Таураге,55.2500,22.2833,empire,1941-06-22,1944-10-09,,СССР,yes,,"хроники операций и справочная литература; освобождение сверено с «Освобождение городов: Справочник по освобождению городов в период Великой Отечественной войны 1941-1945» (М.: Воениздат, 1985), раздел «СССР»; оцифровка militera.lib.ru/enc/liberation/",
Темрюк,45.2725,37.3781,empire,1942-08-27,1943-09-27,,СССР,yes,,"общая хроника Битвы за Кавказ 1942; хроники операций и справочная литература; освобождение сверено с «Освобождение городов: Справочник по освобождению городов в период Великой Отечественной войны 1941-1945» (М.: Воениздат, 1985), раздел «СССР»; оцифровка militera.lib.ru/enc/liberation/",Кубанский плацдарм вермахта («Готенкопф») держался до сентября 1943
Тернополь,49.5535,25.5948,empire,1941-07-02,1944-04-14,,СССР,yes,1 УФ; Проскуровско-Черновицкая операция,"общая хроника приграничного сражения 1941; «Освобождение городов: Справочник по освобождению городов в период Великой Отечественной войны 1941-1945» (М.: Воениздат, 1985), раздел «СССР»; оцифровка militera.lib.ru/enc/liberation/",
Тирасполь,46.8403,29.6433,empire,1941-08-08,1944-04-12,,СССР,yes,3 УФ; Одесская наступательная операция,"«Освобождение городов: Справочник по освобождению городов в период Великой Отечественной войны 1941-1945» (М.: Воениздат, 1985), раздел «СССР»; оцифровка militera.lib.ru/enc/liberation/; хроники операций и справочная литература; освобождение сверено с «Освобождение городов: Справочник по освобождению городов в период Великой Отечественной войны 1941-1945» (М.: Воениздат, 1985), раздел «СССР»; оциф",
Титовка,69.4667,31.8333,empire,1941-06-29,1944-10-10,,СССР,yes,,"хроники операций и справочная литература; освобождение сверено с «Освобождение городов: Справочник по освобождению городов в период Великой Отечественной войны 1941-1945» (М.: Воениздат, 1985), раздел «СССР»; оцифровка militera.lib.ru/enc/liberation/",рубеж на реке Западная Лица: дальше на восток вермахт не продвинулся
Тихвин,59.6396,33.5414,empire,1941-11-08,1941-12-09,,СССР,yes,4-я отдельная армия; Тихвинская операция,"общеизвестная хроника Тихвинской операции 1941; общеизвестная хроника Тихвинской наступательной операции 1941; «Освобождение городов: Справочник по освобождению городов в период Великой Отечественной войны 1941-1945» (М.: Воениздат, 1985), раздел «СССР»; оцифровка militera.lib.ru/enc/liberation/",
Тихорецк,45.8564,40.1147,empire,1942-08-04,1943-01-30,,СССР,yes,СКФ; Северо-Кавказская операция,"общая хроника Битвы за Кавказ 1942; «Освобождение городов: Справочник по освобождению городов в период Великой Отечественной войны 1941-1945» (М.: Воениздат, 1985), раздел «СССР»; оцифровка militera.lib.ru/enc/liberation/",
Торопец,56.5000,31.6333,empire,1941-08-29,1942-01-21,,СССР,yes,,"хроники операций и справочная литература; освобождение сверено с «Освобождение городов: Справочник по освобождению городов в период Великой Отечественной войны 1941-1945» (М.: Воениздат, 1985), раздел «СССР»; оцифровка militera.lib.ru/enc/liberation/",
Тосно,59.5417,30.8767,empire,1941-08-28,1944-01-26,,СССР,yes,,"общая хроника обороны Ленинграда 1941; хроники операций и справочная литература; освобождение сверено с «Освобождение городов: Справочник по освобождению городов в период Великой Отечественной войны 1941-1945» (М.: Воениздат, 1985), раздел «СССР»; оцифровка militera.lib.ru/enc/liberation/",
Тукумс,56.9667,23.1500,empire,1941-06-30,1945-05-08,1941-06-30:foreign;1944-07-30:empire;1944-08-21:foreign;1945-05-08:empire,СССР,yes,1 ПрибФ; Шяуляйская операция,"«Освобождение городов: Справочник по освобождению городов в период Великой Отечественной войны 1941-1945» (М.: Воениздат, 1985), раздел «СССР»; оцифровка militera.lib.ru/enc/liberation/; хроники операций и справочная литература; освобождение сверено с «Освобождение городов: Справочник по освобождению городов в период Великой Отечественной войны 1941-1945» (М.: Воениздат, 1985), раздел «СССР»; оциф","город вновь занят противником после освобождения; повторно занят немцами в августе 1944 г. в ходе контрудара, окончательно освобождён при капитуляции курляндской группировки; без этой строки город оставался бы красным всю оккупацию: справочник даёт ему только освобождение 30.07.1944, потерю 21.08.1944 и освобождение 08.05.1945 (курляндский коридор)"
Умань,48.7484,30.2214,empire,1941-08-01,1944-03-10,,СССР,yes,2 УФ; Уманско-Ботошанская операция,"ru.wikipedia.org: Сражение под Уманью; «Освобождение городов: Справочник по освобождению городов в период Великой Отечественной войны 1941-1945» (М.: Воениздат, 1985), раздел «СССР»; оцифровка militera.lib.ru/enc/liberation/","уманский котёл замкнут 03.08.1941, дата взятия самого города ориентировочная"
Утена,55.5000,25.6000,empire,1941-06-26,1944-07-30,,СССР,yes,,"хроники операций и справочная литература; освобождение сверено с «Освобождение городов: Справочник по освобождению городов в период Великой Отечественной войны 1941-1945» (М.: Воениздат, 1985), раздел «СССР»; оцифровка militera.lib.ru/enc/liberation/",
Ухта-Калевала,65.2000,31.1667,empire,1941-07-14,1944-09-19,,СССР,yes,,"хроники операций и справочная литература; освобождение сверено с «Освобождение городов: Справочник по освобождению городов в период Великой Отечественной войны 1941-1945» (М.: Воениздат, 1985), раздел «СССР»; оцифровка militera.lib.ru/enc/liberation/",
Феодосия,45.0333,35.3833,empire,1941-11-03,1944-04-13,1941-11-03:foreign;1941-12-29:empire;1942-01-18:foreign;1944-04-13:empire,СССР,yes,"ЗакФ, силы ЧФ; Керченско-Феодосийская десантная операция","общая хроника обороны Крыма 1941; pamyat-naroda.ru: Керченско-Феодосийская десантная операция; warspot.ru: Феодосийский десант; «Освобождение городов: Справочник по освобождению городов в период Великой Отечественной войны 1941-1945» (М.: Воениздат, 1985), раздел «СССР»; оцифровка militera.lib.ru/enc/liberation/",вновь занята немцами после провала советского контрудара; город вновь занят противником после освобождения; окончательное освобождение
Харьков,49.9935,36.2304,empire,1941-10-24,1943-08-23,1941-10-24:foreign;1943-02-16:empire;1943-03-16:foreign;1943-08-23:empire,СССР,yes,ВорФ; Харьковская операция,"общеизвестная хроника Харьковской оборонительной операции 1941; «Освобождение городов: Справочник по освобождению городов в период Великой Отечественной войны 1941-1945» (М.: Воениздат, 1985), раздел «СССР»; оцифровка militera.lib.ru/enc/liberation/","город вновь занят противником после освобождения; город менял хозяев 4 раза: занят немцами 25.10.1941, освобождён 16.02.1943, вновь занят 16.03.1943, окончательно освобождён 23.08.1943"
Херсон,46.6354,32.6169,empire,1941-08-19,1944-03-13,,СССР,yes,3 УФ; Березнеговато-Снигирёвская операция,"общая хроника Битвы за Днепр 1941; «Освобождение городов: Справочник по освобождению городов в период Великой Отечественной войны 1941-1945» (М.: Воениздат, 1985), раздел «СССР»; оцифровка militera.lib.ru/enc/liberation/",
Холм,57.1442,31.1800,empire,1941-08-02,1944-02-21,,СССР,yes,,"хроники операций и справочная литература; освобождение сверено с «Освобождение городов: Справочник по освобождению городов в период Великой Отечественной войны 1941-1945» (М.: Воениздат, 1985), раздел «СССР»; оцифровка militera.lib.ru/enc/liberation/","Холмский котёл, деблокирован вермахтом 05.05.1942"
Цесис,57.3167,25.2667,empire,1941-07-04,1944-09-26,,СССР,yes,,"хроники операций и справочная литература; освобождение сверено с «Освобождение городов: Справочник по освобождению городов в период Великой Отечественной войны 1941-1945» (М.: Воениздат, 1985), раздел «СССР»; оцифровка militera.lib.ru/enc/liberation/",
Черкассы,49.4444,32.0598,empire,1941-08-20,1943-12-14,,СССР,yes,2 УФ; операция по расширению плацдарма на правом берегу Днепра,"общая хроника Битвы за Днепр 1941; «Освобождение городов: Справочник по освобождению городов в период Великой Отечественной войны 1941-1945» (М.: Воениздат, 1985), раздел «СССР»; оцифровка militera.lib.ru/enc/liberation/","дата ориентировочная, требует уточнения по первоисточнику"
Чернигов,51.4982,31.2893,empire,1941-09-09,1943-09-21,,СССР,yes,ЦФ; Черниговско-Припятская операция,"ru.wikipedia.org: Битва за Чернигов (1941); «Освобождение городов: Справочник по освобождению городов в период Великой Отечественной войны 1941-1945» (М.: Воениздат, 1985), раздел «СССР»; оцифровка militera.lib.ru/enc/liberation/",бои за город начались 28.08.1941
Черновцы,48.2921,25.9358,empire,1941-07-05,1944-03-29,,СССР,yes,1 УФ; Проскуровско-Черновицкая операция,"«Освобождение городов: Справочник по освобождению городов в период Великой Отечественной войны 1941-1945» (М.: Воениздат, 1985), раздел «СССР»; оцифровка militera.lib.ru/enc/liberation/; хроники операций и справочная литература; освобождение сверено с «Освобождение городов: Справочник по освобождению городов в период Великой Отечественной войны 1941-1945» (М.: Воениздат, 1985), раздел «СССР»; оциф",
Чудово,59.1214,31.6767,empire,1941-08-20,1944-01-29,,СССР,yes,,"общая хроника обороны Ленинграда 1941; хроники операций и справочная литература; освобождение сверено с «Освобождение городов: Справочник по освобождению городов в период Великой Отечественной войны 1941-1945» (М.: Воениздат, 1985), раздел «СССР»; оцифровка militera.lib.ru/enc/liberation/",
Шепетовка,50.1833,27.0667,empire,1941-07-06,1944-02-11,,СССР,yes,,"хроники операций и справочная литература; освобождение сверено с «Освобождение городов: Справочник по освобождению городов в период Великой Отечественной войны 1941-1945» (М.: Воениздат, 1985), раздел «СССР»; оцифровка militera.lib.ru/enc/liberation/",
Шлиссельбург,59.9508,31.0362,empire,1941-09-08,1943-01-18,,СССР,yes,,"общеизвестная хроника обороны Ленинграда 1941; хроники операций и справочная литература; освобождение сверено с «Освобождение городов: Справочник по освобождению городов в период Великой Отечественной войны 1941-1945» (М.: Воениздат, 1985), раздел «СССР»; оцифровка militera.lib.ru/enc/liberation/",начало сухопутной блокады Ленинграда; взятие 08.09.1941 замкнуло блокаду Ленинграда; операция «Искра»
Шостка,51.8667,33.4833,empire,1941-09-25,1943-09-03,,СССР,yes,,"хроники операций и справочная литература; освобождение сверено с «Освобождение городов: Справочник по освобождению городов в период Великой Отечественной войны 1941-1945» (М.: Воениздат, 1985), раздел «СССР»; оцифровка militera.lib.ru/enc/liberation/",
Шяуляй,55.9349,23.3140,empire,1941-06-26,1944-07-27,,СССР,yes,1 ПрибФ; Шяуляйская операция,"общая хроника обороны Прибалтики 1941; «Освобождение городов: Справочник по освобождению городов в период Великой Отечественной войны 1941-1945» (М.: Воениздат, 1985), раздел «СССР»; оцифровка militera.lib.ru/enc/liberation/",
Элиста,46.3155,44.2708,empire,1942-08-12,1942-12-31,,СССР,yes,Сталинградский фронт; контрнаступление под Сталинградом,"ru.wikipedia.org: Битва за Кавказ (1942-1943); «Освобождение городов: Справочник по освобождению городов в период Великой Отечественной войны 1941-1945» (М.: Воениздат, 1985), раздел «СССР»; оцифровка militera.lib.ru/enc/liberation/",
Юхнов,54.7461,35.2417,empire,1941-10-05,1942-03-05,,СССР,yes,,"общая хроника Вяземской операции 1941; хроники операций и справочная литература; освобождение сверено с «Освобождение городов: Справочник по освобождению городов в период Великой Отечественной войны 1941-1945» (М.: Воениздат, 1985), раздел «СССР»; оцифровка militera.lib.ru/enc/liberation/",
Ялта,44.4952,34.1668,empire,1941-11-08,1944-04-15,,СССР,yes,Отдельная Приморская армия; Крымская операция,"общая хроника обороны Крыма 1941; «Освобождение городов: Справочник по освобождению городов в период Великой Отечественной войны 1941-1945» (М.: Воениздат, 1985), раздел «СССР»; оцифровка militera.lib.ru/enc/liberation/",
Астрахань,46.3497,48.0408,empire,,,,СССР (не оккупирован),yes,,общая хроника Сталинградской битвы 1942,не была достигнута немецкими войсками
Владикавказ (Орджоникидзе),43.0225,44.6820,empire,,,,СССР (не оккупирован),yes,,общая хроника Битвы за Кавказ 1942,"немецкое наступление остановлено под Гизелью, пригород Владикавказа, ноябрь 1942"
Геленджик,44.5622,38.0764,empire,,,,СССР (не оккупирован),yes,,общая хроника Битвы за Кавказ 1942,
Грозный,43.3169,45.6981,empire,,,,СССР (не оккупирован),yes,,общая хроника Битвы за Кавказ 1942,не был достигнут немецкими войсками
Кандалакша,67.1522,32.4098,empire,,,,СССР (не оккупирован),yes,,общая хроника обороны Заполярья 1941-1944,немецко-финское наступление остановлено на дальних подступах
Ленинград,59.9343,30.3351,empire,,,,СССР (не оккупирован),yes,,общеизвестная хроника блокады Ленинграда 1941-1944,"город не был взят, блокада 08.09.1941-27.01.1944"
Лоухи,66.0667,33.0333,empire,,,,СССР (не оккупирован),yes,,"хроники операций и справочная литература; освобождение сверено с «Освобождение городов: Справочник по освобождению городов в период Великой Отечественной войны 1941-1945» (М.: Воениздат, 1985), раздел «СССР»; оцифровка militera.lib.ru/enc/liberation/",мурманская дорога здесь удержана
Москва,55.7558,37.6173,empire,,,,СССР (не оккупирован),yes,,общеизвестная хроника битвы за Москву 1941-1942,
Мурманск,68.9585,33.0827,empire,,,,СССР (не оккупирован),yes,,общая хроника обороны Заполярья 1941-1944,
Сталинград,48.7080,44.5133,empire,,,,СССР (не оккупирован),yes,ДонФ; операция «Кольцо» по уничтожению окружённой группировки противника,"общеизвестная хроника Сталинградской битвы 1942-1943; «Освобождение городов: Справочник по освобождению городов в период Великой Отечественной войны 1941-1945» (М.: Воениздат, 1985), раздел «СССР»; оцифровка militera.lib.ru/enc/liberation/","город частично занят вермахтом (большая часть застройки к нояб.1942), но полностью не взят; окружён и деблокирован операциями Уран/Кольцо; город не был оккупирован полностью; 11 ноября 1942 г. - дата максимального продвижения немцев (частичный захват)"
Туапсе,44.1069,39.0742,empire,,,,СССР (не оккупирован),yes,,общая хроника Туапсинской оборонительной операции 1942,"устоял, несмотря на наступление сент-дек. 1942"
Тула,54.1961,37.6182,empire,,,,СССР (не оккупирован),yes,,общеизвестная хроника обороны Тулы 1941,"город устоял, несмотря на осаду"
Актюбинск,50.2800,57.1700,empire,,,,СССР (тыл),yes,,тыловой опорный якорь: линия фронта сюда не доходила,"опора поля, не событие"
Архангельск,64.5400,40.5400,empire,,,,СССР (тыл),yes,,тыловой опорный якорь: линия фронта сюда не доходила,"опора поля, не событие"
Баку,40.4100,49.8700,empire,,,,СССР (тыл),yes,,тыловой опорный якорь: линия фронта сюда не доходила,"опора поля, не событие"
Батуми,41.6400,41.6400,empire,,,,СССР (тыл),yes,,тыловой опорный якорь: линия фронта сюда не доходила,"опора поля, не событие"
Беломорск,64.5300,34.7700,empire,,,,СССР (тыл),yes,,тыловой опорный якорь: линия фронта сюда не доходила,"опора поля, не событие"
Бологое,57.8800,34.0600,empire,,,,СССР (тыл),yes,,тыловой опорный якорь: линия фронта сюда не доходила,"опора поля, не событие"
Борисоглебск,51.3700,42.0800,empire,,,,СССР (тыл),yes,,тыловой опорный якорь: линия фронта сюда не доходила,"опора поля, не событие"
Валдай,57.9800,33.2500,empire,,,,СССР (тыл),yes,,тыловой опорный якорь: линия фронта сюда не доходила,"опора поля, не событие"
Владимир,56.1300,40.4100,empire,,,,СССР (тыл),yes,,тыловой опорный якорь: линия фронта сюда не доходила,"опора поля, не событие"
Вологда,59.2200,39.8900,empire,,,,СССР (тыл),yes,,тыловой опорный якорь: линия фронта сюда не доходила,"опора поля, не событие"
Волхов,59.9200,32.3400,empire,,,,СССР (тыл),yes,,тыловой опорный якорь: линия фронта сюда не доходила,"опора поля, не событие"
Горький,56.3300,44.0000,empire,,,,СССР (тыл),yes,,тыловой опорный якорь: линия фронта сюда не доходила,"опора поля, не событие"
Гурьев,47.1000,51.9200,empire,,,,СССР (тыл),yes,,тыловой опорный якорь: линия фронта сюда не доходила,"опора поля, не событие"
Дербент,42.0600,48.2900,empire,,,,СССР (тыл),yes,,тыловой опорный якорь: линия фронта сюда не доходила,"опора поля, не событие"
Ереван,40.1800,44.5100,empire,,,,СССР (тыл),yes,,тыловой опорный якорь: линия фронта сюда не доходила,"опора поля, не событие"
Загорск,56.3100,38.1300,empire,,,,СССР (тыл),yes,,тыловой опорный якорь: линия фронта сюда не доходила,"опора поля, не событие"
Иваново,56.9900,40.9700,empire,,,,СССР (тыл),yes,,тыловой опорный якорь: линия фронта сюда не доходила,"опора поля, не событие"
Казань,55.7900,49.1100,empire,,,,СССР (тыл),yes,,тыловой опорный якорь: линия фронта сюда не доходила,"опора поля, не событие"
Камышин,50.0900,45.4000,empire,,,,СССР (тыл),yes,,тыловой опорный якорь: линия фронта сюда не доходила,"опора поля, не событие"
Кемь,64.9500,34.5900,empire,,,,СССР (тыл),yes,,тыловой опорный якорь: линия фронта сюда не доходила,"опора поля, не событие"
Кизляр,43.8500,46.7200,empire,,,,СССР (тыл),yes,,тыловой опорный якорь: линия фронта сюда не доходила,"опора поля, не событие"
Киров,58.6000,49.6600,empire,,,,СССР (тыл),yes,,тыловой опорный якорь: линия фронта сюда не доходила,"опора поля, не событие"
Кировабад,40.6800,46.3600,empire,,,,СССР (тыл),yes,,тыловой опорный якорь: линия фронта сюда не доходила,"опора поля, не событие"
Коломна,55.0900,38.7600,empire,,,,СССР (тыл),yes,,тыловой опорный якорь: линия фронта сюда не доходила,"опора поля, не событие"
Кострома,57.7700,40.9300,empire,,,,СССР (тыл),yes,,тыловой опорный якорь: линия фронта сюда не доходила,"опора поля, не событие"
Котлас,61.2500,46.6500,empire,,,,СССР (тыл),yes,,тыловой опорный якорь: линия фронта сюда не доходила,"опора поля, не событие"
Красноводск,40.0200,53.0000,empire,,,,СССР (тыл),yes,,тыловой опорный якорь: линия фронта сюда не доходила,"опора поля, не событие"
Кронштадт,59.9900,29.7700,empire,,,,СССР (тыл),yes,,тыловой опорный якорь: линия фронта сюда не доходила,"опора поля, не событие"
Куйбышев,53.2000,50.1500,empire,,,,СССР (тыл),yes,,тыловой опорный якорь: линия фронта сюда не доходила,"опора поля, не событие"
Кутаиси,42.2700,42.7000,empire,,,,СССР (тыл),yes,,тыловой опорный якорь: линия фронта сюда не доходила,"опора поля, не событие"
Ленкорань,38.7500,48.8500,empire,,,,СССР (тыл),yes,,тыловой опорный якорь: линия фронта сюда не доходила,"опора поля, не событие"
Липецк,52.6100,39.6000,empire,,,,СССР (тыл),yes,,тыловой опорный якорь: линия фронта сюда не доходила,"опора поля, не событие"
Лодейное Поле,60.7300,33.5500,empire,,,,СССР (тыл),yes,,тыловой опорный якорь: линия фронта сюда не доходила,"опора поля, не событие"
Махачкала,42.9800,47.5000,empire,,,,СССР (тыл),yes,,тыловой опорный якорь: линия фронта сюда не доходила,"опора поля, не событие"
Мичуринск,52.9000,40.4900,empire,,,,СССР (тыл),yes,,тыловой опорный якорь: линия фронта сюда не доходила,"опора поля, не событие"
Нарьян-Мар,67.6400,53.0100,empire,,,,СССР (тыл),yes,,тыловой опорный якорь: линия фронта сюда не доходила,"опора поля, не событие"
Нахичевань,39.2100,45.4100,empire,,,,СССР (тыл),yes,,тыловой опорный якорь: линия фронта сюда не доходила,"опора поля, не событие"
Нукус,42.4600,59.6100,empire,,,,СССР (тыл),yes,,тыловой опорный якорь: линия фронта сюда не доходила,"опора поля, не событие"
Ораниенбаум,59.9100,29.7600,empire,,,,СССР (тыл),yes,,тыловой опорный якорь: линия фронта сюда не доходила,"опора поля, не событие"
Оренбург,51.7700,55.1000,empire,,,,СССР (тыл),yes,,тыловой опорный якорь: линия фронта сюда не доходила,"опора поля, не событие"
Осташков,57.1500,33.1100,empire,,,,СССР (тыл),yes,,тыловой опорный якорь: линия фронта сюда не доходила,"опора поля, не событие"
Пенза,53.2000,45.0000,empire,,,,СССР (тыл),yes,,тыловой опорный якорь: линия фронта сюда не доходила,"опора поля, не событие"
Пермь,58.0100,56.2500,empire,,,,СССР (тыл),yes,,тыловой опорный якорь: линия фронта сюда не доходила,"опора поля, не событие"
Полярный,69.1990,33.4500,empire,,,,СССР (тыл),yes,,тыловой опорный якорь: линия фронта сюда не доходила,"опора поля, не событие"
Пудож,61.8100,36.5300,empire,,,,СССР (тыл),yes,,тыловой опорный якорь: линия фронта сюда не доходила,"опора поля, не событие"
Рыбинск,58.0500,38.8600,empire,,,,СССР (тыл),yes,,тыловой опорный якорь: линия фронта сюда не доходила,"опора поля, не событие"
Рязань,54.6300,39.7400,empire,,,,СССР (тыл),yes,,тыловой опорный якорь: линия фронта сюда не доходила,"опора поля, не событие"
Саратов,51.5300,46.0300,empire,,,,СССР (тыл),yes,,тыловой опорный якорь: линия фронта сюда не доходила,"опора поля, не событие"
Сегежа,63.7400,34.3100,empire,,,,СССР (тыл),yes,,тыловой опорный якорь: линия фронта сюда не доходила,"опора поля, не событие"
Серпухов,54.9200,37.4100,empire,,,,СССР (тыл),yes,,тыловой опорный якорь: линия фронта сюда не доходила,"опора поля, не событие"
Сочи,43.6000,39.7300,empire,,,,СССР (тыл),yes,,тыловой опорный якорь: линия фронта сюда не доходила,"опора поля, не событие"
Сухуми,43.0000,41.0200,empire,,,,СССР (тыл),yes,,тыловой опорный якорь: линия фронта сюда не доходила,"опора поля, не событие"
Сыктывкар,61.6700,50.8100,empire,,,,СССР (тыл),yes,,тыловой опорный якорь: линия фронта сюда не доходила,"опора поля, не событие"
Тамбов,52.7200,41.4500,empire,,,,СССР (тыл),yes,,тыловой опорный якорь: линия фронта сюда не доходила,"опора поля, не событие"
Тбилиси,41.7200,44.7900,empire,,,,СССР (тыл),yes,,тыловой опорный якорь: линия фронта сюда не доходила,"опора поля, не событие"
Уральск,51.2300,51.3700,empire,,,,СССР (тыл),yes,,тыловой опорный якорь: линия фронта сюда не доходила,"опора поля, не событие"
Урюпинск,50.7900,42.0100,empire,,,,СССР (тыл),yes,,тыловой опорный якорь: линия фронта сюда не доходила,"опора поля, не событие"
Уфа,54.7400,55.9700,empire,,,,СССР (тыл),yes,,тыловой опорный якорь: линия фронта сюда не доходила,"опора поля, не событие"
Ухта,63.5700,53.6900,empire,,,,СССР (тыл),yes,,тыловой опорный якорь: линия фронта сюда не доходила,"опора поля, не событие"
Череповец,59.1300,37.9100,empire,,,,СССР (тыл),yes,,тыловой опорный якорь: линия фронта сюда не доходила,"опора поля, не событие"
Черкесск,44.2300,42.0600,empire,,,,СССР (тыл),yes,,тыловой опорный якорь: линия фронта сюда не доходила,"опора поля, не событие"
Элиста-восток,46.3000,45.5000,empire,,,,СССР (тыл),yes,,тыловой опорный якорь: линия фронта сюда не доходила,"опора поля, не событие"
Ярославль,57.6300,39.8700,empire,,,,СССР (тыл),yes,,тыловой опорный якорь: линия фронта сюда не доходила,"опора поля, не событие"
Прага,50.0755,14.4378,foreign,,1945-05-09,,Чехия,yes,,https://ru.wikipedia.org/wiki/Пражская_операция,"1-й,  2-й и 4-й Украинские фронты; после капитуляции Германии 8.05,  уже в ходе Пражского восстания"
Банска-Бистрица,48.7395,19.1535,foreign,,1945-03-25,,Чехословакия,yes,,https://ru.wikipedia.org/wiki/Западно-Карпатская_операция,Западно-Карпатская операция
Братислава,48.1486,17.1077,foreign,,1945-04-04,,Чехословакия,yes,,https://ru.wikipedia.org/wiki/Братиславско-Брновская_операция,2-й Украинский фронт
Брно,49.1951,16.6068,foreign,,1945-04-26,,Чехословакия,yes,,https://ru.wikipedia.org/wiki/Братиславско-Брновская_операция,2-й Украинский фронт
Градец-Кралове,50.2100,15.8300,foreign,,1945-05-09,,Чехословакия,yes,,хроника наступательных операций РККА 1944-1945; где город есть в справочнике - сверено с ним,
Жилина,49.2200,18.7400,foreign,,1945-04-30,,Чехословакия,yes,,хроника наступательных операций РККА 1944-1945; где город есть в справочнике - сверено с ним,
Зволен,48.5700,19.1300,foreign,,1945-03-14,,Чехословакия,yes,,хроника наступательных операций РККА 1944-1945; где город есть в справочнике - сверено с ним,
Йиглава,49.4000,15.5900,foreign,,1945-05-09,,Чехословакия,yes,,хроника наступательных операций РККА 1944-1945; где город есть в справочнике - сверено с ним,
Кошице,48.7164,21.2611,foreign,,1945-01-19,,Чехословакия,yes,,https://www.kosice.sk/mesto/z-historie-mesta-kosice-20-storocie-1945,237-я и 318-я стрелковые дивизии 18-й армии 4-го Украинского фронта
Михаловце,48.7500,21.9200,foreign,,1944-11-26,,Чехословакия,yes,,хроника наступательных операций РККА 1944-1945; где город есть в справочнике - сверено с ним,
Мукачево,48.4400,22.7147,foreign,,1944-10-27,,Чехословакия,yes,,https://ru.wikipedia.org/wiki/Восточно-Карпатская_операция,"Закарпатская Украина,  4-й Украинский фронт"
Нитра,48.3100,18.0900,foreign,,1945-03-30,,Чехословакия,yes,,хроника наступательных операций РККА 1944-1945; где город есть в справочнике - сверено с ним,
Оломоуц,49.5938,17.2509,foreign,,1945-05-08,,Чехословакия,yes,,https://ru.wikipedia.org/wiki/Пражская_операция,Накануне общей капитуляции Германии
Острава,49.8209,18.2625,foreign,,1945-04-30,,Чехословакия,yes,,https://www.denik.cz/regiony/osvobozeni-ostravy-76-let-vyroci/,4-й Украинский фронт совместно с чехословацкими частями; итог 2-месячной Моравско-Остравской операции
Пардубице,50.0400,15.7800,foreign,,1945-05-09,,Чехословакия,yes,,хроника наступательных операций РККА 1944-1945; где город есть в справочнике - сверено с ним,
Прешов,49.0018,21.2393,foreign,,1945-01-19,,Чехословакия,yes,,https://sk.wikipedia.org/wiki/Oslobodenie_%C4%8Cesko-Slovenska,Взят одновременно с Кошице
Табор,49.4100,14.6600,foreign,,1945-05-09,,Чехословакия,yes,,хроника наступательных операций РККА 1944-1945; где город есть в справочнике - сверено с ним,
Тренчин,48.8900,18.0400,foreign,,1945-04-10,,Чехословакия,yes,,хроника наступательных операций РККА 1944-1945; где город есть в справочнике - сверено с ним,
Ужгород,48.6208,22.2879,foreign,,1944-10-28,,Чехословакия,yes,,https://ru.wikipedia.org/wiki/Восточно-Карпатская_операция,"Закарпатская Украина,  4-й Украинский фронт"
Усти-над-Лабем,50.6600,14.0400,foreign,,1945-05-09,,Чехословакия,yes,,хроника наступательных операций РККА 1944-1945; где город есть в справочнике - сверено с ним,
Белград,44.7866,20.4489,foreign,,1944-10-20,1944-10-20:empire;1945-05-15:foreign,Югославия,yes,,https://ru.wikipedia.org/wiki/Белградская_операция,советские войска выведены в мае 1945 - Югославия дальше не под советским контролем. 3-й Украинский фронт совместно с НОАЮ; СССР вывел войска из Югославии к маю 1945
Неготин,44.2286,22.5300,foreign,,1944-09-30,1944-09-30:empire;1945-05-15:foreign,Югославия,yes,,https://www.subnor.org.rs/obelezeni-dan-stradanja-kpo-i-dan-oslobodjenja-negotina-i-krajine-od-fasizma-1944-godine,"советские войска выведены в мае 1945 - Югославия дальше не под советским контролем. Восточная Сербия,  начало Белградской операции"
Ниш,43.3209,21.8958,foreign,,1944-10-14,1944-10-14:empire;1945-05-15:foreign,Югославия,yes,,https://ru.wikipedia.org/wiki/Белградская_операция,советские войска выведены в мае 1945 - Югославия дальше не под советским контролем. Перерезан путь отхода немецкой группы армий Е с Балкан
Нови-Сад,45.2671,19.8335,foreign,,1944-10-23,1944-10-23:empire;1945-05-15:foreign,Югославия,yes,,https://www.dnevnik.rs/novi-sad/23-oktobar-1944-godine-dan-kada-je-sloboda-stigla-u-novi-sad-23-10-2020,советские войска выведены в мае 1945 - Югославия дальше не под советским контролем. Флаг на ратуше водружён партизанами Новисадского отряда 23.10.1944
Суботица,46.1000,19.6650,foreign,,1944-10-10,1944-10-10:empire;1945-05-15:foreign,Югославия,yes,,https://www.subnor.org.rs/subotica-3,советские войска выведены в мае 1945 - Югославия дальше не под советским контролем. Суботицкий партизанский отряд совместно с частями Красной армии
Аугсбург,48.3700,10.9000,foreign,,,,вне советской зоны,yes,,в зону советского контроля в окне 1941-1945 не входил,"опора поля, не событие"
Бад-Ишль,47.7100,13.6200,foreign,,,,вне советской зоны,yes,,в зону советского контроля в окне 1941-1945 не входил,"опора поля, не событие"
Байройт,49.9500,11.5800,foreign,,,,вне советской зоны,yes,,в зону советского контроля в окне 1941-1945 не входил,"опора поля, не событие"
Баня-Лука,44.7700,17.1900,foreign,,,,вне советской зоны,yes,,в зону советского контроля в окне 1941-1945 не входил,"опора поля, не событие"
Брауншвейг,52.2700,10.5200,foreign,,,,вне советской зоны,yes,,в зону советского контроля в окне 1941-1945 не входил,"опора поля, не событие"
Брегенц,47.5000,9.7500,foreign,,,,вне советской зоны,yes,,в зону советского контроля в окне 1941-1945 не входил,"опора поля, не событие"
Бремен,53.0800,8.8100,foreign,,,,вне советской зоны,yes,,в зону советского контроля в окне 1941-1945 не входил,"опора поля, не событие"
Веймар,50.9800,11.3200,foreign,,,,вне советской зоны,yes,,в зону советского контроля в окне 1941-1945 не входил,"опора поля, не событие"
Висмар,53.8900,11.4600,foreign,,,,вне советской зоны,yes,,в зону советского контроля в окне 1941-1945 не входил,"опора поля, не событие"
Галле,51.5000,11.9700,foreign,,,,вне советской зоны,yes,,в зону советского контроля в окне 1941-1945 не входил,"опора поля, не событие"
Гамбург,53.5500,9.9900,foreign,,,,вне советской зоны,yes,,в зону советского контроля в окне 1941-1945 не входил,"опора поля, не событие"
Ганновер,52.3700,9.7300,foreign,,,,вне советской зоны,yes,,в зону советского контроля в окне 1941-1945 не входил,"опора поля, не событие"
Гера,50.8800,12.0800,foreign,,,,вне советской зоны,yes,,в зону советского контроля в окне 1941-1945 не входил,"опора поля, не событие"
Гёттинген,51.5300,9.9400,foreign,,,,вне советской зоны,yes,,в зону советского контроля в окне 1941-1945 не входил,"опора поля, не событие"
Дортмунд,51.5100,7.4700,foreign,,,,вне советской зоны,yes,,в зону советского контроля в окне 1941-1945 не входил,"опора поля, не событие"
Загреб,45.8100,15.9800,foreign,,,,вне советской зоны,yes,,в зону советского контроля в окне 1941-1945 не входил,"опора поля, не событие"
Зальцбург,47.8000,13.0400,foreign,,,,вне советской зоны,yes,,в зону советского контроля в окне 1941-1945 не входил,"опора поля, не событие"
Ивало,68.6600,27.5400,foreign,,,,вне советской зоны,yes,,в зону советского контроля в окне 1941-1945 не входил,"опора поля, не событие"
Инсбрук,47.2700,11.3900,foreign,,,,вне советской зоны,yes,,в зону советского контроля в окне 1941-1945 не входил,"опора поля, не событие"
Йена,50.9300,11.5900,foreign,,,,вне советской зоны,yes,,в зону советского контроля в окне 1941-1945 не входил,"опора поля, не событие"
Йоэнсуу,62.6000,29.7600,foreign,,,,вне советской зоны,yes,,в зону советского контроля в окне 1941-1945 не входил,"опора поля, не событие"
Йювяскюля,62.2400,25.7500,foreign,,,,вне советской зоны,yes,,в зону советского контроля в окне 1941-1945 не входил,"опора поля, не событие"
Карловы Вары,50.2300,12.8700,foreign,,,,вне советской зоны,yes,,в зону советского контроля в окне 1941-1945 не входил,"опора поля, не событие"
Кассель,51.3100,9.4900,foreign,,,,вне советской зоны,yes,,в зону советского контроля в окне 1941-1945 не входил,"опора поля, не событие"
Каяани,64.2200,27.7300,foreign,,,,вне советской зоны,yes,,в зону советского контроля в окне 1941-1945 не входил,"опора поля, не событие"
Кеми,65.7400,24.5600,foreign,,,,вне советской зоны,yes,,в зону советского контроля в окне 1941-1945 не входил,"опора поля, не событие"
Киль,54.3200,10.1300,foreign,,,,вне советской зоны,yes,,в зону советского контроля в окне 1941-1945 не входил,"опора поля, не событие"
Клагенфурт,46.6200,14.3100,foreign,,,,вне советской зоны,yes,,в зону советского контроля в окне 1941-1945 не входил,"опора поля, не событие"
Клатовы,49.4000,13.2900,foreign,,,,вне советской зоны,yes,,в зону советского контроля в окне 1941-1945 не входил,"опора поля, не событие"
Куопио,62.8900,27.6800,foreign,,,,вне советской зоны,yes,,в зону советского контроля в окне 1941-1945 не входил,"опора поля, не событие"
Куусамо,65.9600,29.1900,foreign,,,,вне советской зоны,yes,,в зону советского контроля в окне 1941-1945 не входил,"опора поля, не событие"
Кёльн,50.9400,6.9600,foreign,,,,вне советской зоны,yes,,в зону советского контроля в окне 1941-1945 не входил,"опора поля, не событие"
Лаппеенранта,61.0600,28.1900,foreign,,,,вне советской зоны,yes,,в зону советского контроля в окне 1941-1945 не входил,"опора поля, не событие"
Лейпциг,51.3400,12.3700,foreign,,,,вне советской зоны,yes,,в зону советского контроля в окне 1941-1945 не входил,"опора поля, не событие"
Линц,48.3100,14.2900,foreign,,,,вне советской зоны,yes,,в зону советского контроля в окне 1941-1945 не входил,"опора поля, не событие"
Любек,53.8700,10.6900,foreign,,,,вне советской зоны,yes,,в зону советского контроля в окне 1941-1945 не входил,"опора поля, не событие"
Любляна,46.0600,14.5100,foreign,,,,вне советской зоны,yes,,в зону советского контроля в окне 1941-1945 не входил,"опора поля, не событие"
Магдебург,52.1300,11.6300,foreign,,,,вне советской зоны,yes,,в зону советского контроля в окне 1941-1945 не входил,"опора поля, не событие"
Мангейм,49.4900,8.4700,foreign,,,,вне советской зоны,yes,,в зону советского контроля в окне 1941-1945 не входил,"опора поля, не событие"
Миккели,61.6900,27.2700,foreign,,,,вне советской зоны,yes,,в зону советского контроля в окне 1941-1945 не входил,"опора поля, не событие"
Мюнстер,51.9600,7.6300,foreign,,,,вне советской зоны,yes,,в зону советского контроля в окне 1941-1945 не входил,"опора поля, не событие"
Мюнхен,48.1400,11.5800,foreign,,,,вне советской зоны,yes,,в зону советского контроля в окне 1941-1945 не входил,"опора поля, не событие"
Нюрнберг,49.4500,11.0800,foreign,,,,вне советской зоны,yes,,в зону советского контроля в окне 1941-1945 не входил,"опора поля, не событие"
Ольденбург,53.1400,8.2100,foreign,,,,вне советской зоны,yes,,в зону советского контроля в окне 1941-1945 не входил,"опора поля, не событие"
Оулу,65.0100,25.4700,foreign,,,,вне советской зоны,yes,,в зону советского контроля в окне 1941-1945 не входил,"опора поля, не событие"
Пассау,48.5700,13.4600,foreign,,,,вне советской зоны,yes,,в зону советского контроля в окне 1941-1945 не входил,"опора поля, не событие"
Плауэн,50.4900,12.1400,foreign,,,,вне советской зоны,yes,,в зону советского контроля в окне 1941-1945 не входил,"опора поля, не событие"
Пльзень,49.7400,13.3700,foreign,,,,вне советской зоны,yes,,в зону советского контроля в окне 1941-1945 не входил,"опора поля, не событие"
Подгорица,42.4400,19.2600,foreign,,,,вне советской зоны,yes,,в зону советского контроля в окне 1941-1945 не входил,"опора поля, не событие"
Регенсбург,49.0200,12.1000,foreign,,,,вне советской зоны,yes,,в зону советского контроля в окне 1941-1945 не входил,"опора поля, не событие"
Риека,45.3300,14.4400,foreign,,,,вне советской зоны,yes,,в зону советского контроля в окне 1941-1945 не входил,"опора поля, не событие"
Рованиеми,66.5000,25.7300,foreign,,,,вне советской зоны,yes,,в зону советского контроля в окне 1941-1945 не входил,"опора поля, не событие"
Салоники,40.6400,22.9400,foreign,,,,вне советской зоны,yes,,в зону советского контроля в окне 1941-1945 не входил,"опора поля, не событие"
Сараево,43.8600,18.4100,foreign,,,,вне советской зоны,yes,,в зону советского контроля в окне 1941-1945 не входил,"опора поля, не событие"
Скопье,41.9900,21.4300,foreign,,,,вне советской зоны,yes,,в зону советского контроля в окне 1941-1945 не входил,"опора поля, не событие"
Соданкюля,67.4200,26.5900,foreign,,,,вне советской зоны,yes,,в зону советского контроля в окне 1941-1945 не входил,"опора поля, не событие"
Сплит,43.5100,16.4400,foreign,,,,вне советской зоны,yes,,в зону советского контроля в окне 1941-1945 не входил,"опора поля, не событие"
Тампере,61.5000,23.7600,foreign,,,,вне советской зоны,yes,,в зону советского контроля в окне 1941-1945 не входил,"опора поля, не событие"
Тирана,41.3300,19.8200,foreign,,,,вне советской зоны,yes,,в зону советского контроля в окне 1941-1945 не входил,"опора поля, не событие"
Турку,60.4500,22.2700,foreign,,,,вне советской зоны,yes,,в зону советского контроля в окне 1941-1945 не входил,"опора поля, не событие"
Ульм,48.4000,9.9900,foreign,,,,вне советской зоны,yes,,в зону советского контроля в окне 1941-1945 не входил,"опора поля, не событие"
Филлах,46.6100,13.8500,foreign,,,,вне советской зоны,yes,,в зону советского контроля в окне 1941-1945 не входил,"опора поля, не событие"
Фленсбург,54.7800,9.4400,foreign,,,,вне советской зоны,yes,,в зону советского контроля в окне 1941-1945 не входил,"опора поля, не событие"
Фрайбург,47.9900,7.8500,foreign,,,,вне советской зоны,yes,,в зону советского контроля в окне 1941-1945 не входил,"опора поля, не событие"
Франкфурт-на-Майне,50.1100,8.6800,foreign,,,,вне советской зоны,yes,,в зону советского контроля в окне 1941-1945 не входил,"опора поля, не событие"
Хеб,50.0800,12.3700,foreign,,,,вне советской зоны,yes,,в зону советского контроля в окне 1941-1945 не входил,"опора поля, не событие"
Хельсинки,60.1700,24.9400,foreign,,,,вне советской зоны,yes,,в зону советского контроля в окне 1941-1945 не входил,"опора поля, не событие"
Хоф,50.3100,11.9200,foreign,,,,вне советской зоны,yes,,в зону советского контроля в окне 1941-1945 не входил,"опора поля, не событие"
Ческе-Будеёвице,48.9700,14.4700,foreign,,,,вне советской зоны,yes,,в зону советского контроля в окне 1941-1945 не входил,"опора поля, не событие"
Шверин,53.6300,11.4200,foreign,,,,вне советской зоны,yes,,в зону советского контроля в окне 1941-1945 не входил,"опора поля, не событие"
Штутгарт,48.7800,9.1800,foreign,,,,вне советской зоны,yes,,в зону советского контроля в окне 1941-1945 не входил,"опора поля, не событие"
Эрфурт,50.9800,11.0300,foreign,,,,вне советской зоны,yes,,в зону советского контроля в окне 1941-1945 не входил,"опора поля, не событие"
