{"type": "FeatureCollection", "features": [{"type": "Feature", "geometry": {"type": "Polygon", "coordinates": [[[13.3669281, 52.6253558], [13.366971, 52.6258247], [13.3676255, 52.6259648], [13.3679205, 52.6256196], [13.3686554, 52.6256359], [13.3695298, 52.6261308], [13.3753395, 52.628192], [13.3767557, 52.6294424], [13.3762407, 52.631995], [13.3784293, 52.634261], [13.382635, 52.6351987], [13.38212, 52.6363446], [13.3890723, 52.6374905], [13.3901881, 52.6398865], [13.3906173, 52.6425948], [13.394587, 52.6475291], [13.3963895, 52.6473859], [13.3971405, 52.648128], [13.3978486, 52.6482451], [13.4034919, 52.6451206], [13.4065389, 52.6438967], [13.408041, 52.6426989], [13.4122896, 52.6435582], [13.4165382, 52.6394958], [13.4243059, 52.6355112], [13.427782, 52.6375687], [13.4329319, 52.6373603], [13.4341764, 52.6379593], [13.4335756, 52.6416312], [13.4340906, 52.6443394], [13.4397554, 52.645381], [13.4409141, 52.6492345], [13.4479522, 52.6500156], [13.4519863, 52.6496251], [13.452115, 52.6487398], [13.4594965, 52.6480108], [13.462286, 52.6489221], [13.4631443, 52.6499896], [13.4670496, 52.6516559], [13.4696245, 52.6518121], [13.4722852, 52.6535564], [13.473916, 52.6542072], [13.4742593, 52.6557171], [13.4736156, 52.656446], [13.4623289, 52.6574613], [13.4539604, 52.6619124], [13.4506988, 52.6625892], [13.4553766, 52.6657645], [13.4594965, 52.6689917], [13.4658908, 52.66717], [13.4753322, 52.675029], [13.4771347, 52.6739622], [13.4794521, 52.6755495], [13.4800315, 52.6748989], [13.4763193, 52.6711517], [13.4745597, 52.6682891], [13.4758043, 52.6664152], [13.4780359, 52.6677425], [13.4882497, 52.6707093], [13.4852457, 52.6594136], [13.490653, 52.654832], [13.4918927, 52.6543506], [13.5030555, 52.6500156], [13.5047292, 52.649599], [13.5129261, 52.6454591], [13.5194063, 52.6470214], [13.5203075, 52.644756], [13.523097, 52.6450425], [13.5222816, 52.6404594], [13.5176038, 52.6295987], [13.5107803, 52.6275408], [13.5055875, 52.6256392], [13.5053729, 52.6198816], [13.5031413, 52.6192042], [13.5004806, 52.6139409], [13.4988498, 52.6115957], [13.496704, 52.6051327], [13.4988498, 52.6052369], [13.5079478, 52.5922558], [13.5223674, 52.5927772], [13.5287189, 52.5919429], [13.5472583, 52.5877193], [13.5497474, 52.5865981], [13.5551547, 52.5843818], [13.5618495, 52.5804704], [13.5641669, 52.5781755], [13.5682654, 52.5738332], [13.5684371, 52.5731811], [13.5691452, 52.573129], [13.5691023, 52.5733637], [13.5713982, 52.5732594], [13.5749388, 52.5738332], [13.5769558, 52.5729073], [13.5777712, 52.5711598], [13.5813975, 52.5710685], [13.5834145, 52.5676906], [13.5830712, 52.5659298], [13.5839295, 52.563882], [13.5837793, 52.5628516], [13.5844445, 52.5597861], [13.5863971, 52.5577772], [13.5877704, 52.5552203], [13.5877275, 52.5531589], [13.5862254, 52.5495839], [13.610773, 52.5455128], [13.6191845, 52.5441035], [13.6337757, 52.5429029], [13.6354065, 52.5422243], [13.6374235, 52.5421721], [13.6377239, 52.5407888], [13.6342907, 52.5376043], [13.6318016, 52.5379959], [13.6306858, 52.5377087], [13.6289262, 52.5378915], [13.6278963, 52.5374738], [13.6247634, 52.5380481], [13.6258363, 52.5339759], [13.6246776, 52.5335321], [13.6255359, 52.5301644], [13.6266946, 52.5301383], [13.6317157, 52.5306082], [13.6407709, 52.5304255], [13.6436462, 52.5299294], [13.647809, 52.5296683], [13.656907, 52.5298511], [13.6580658, 52.5262742], [13.6587524, 52.5259087], [13.6553192, 52.5239765], [13.6479806, 52.5210259], [13.6424446, 52.5185451], [13.6372089, 52.5152807], [13.6345481, 52.5132436], [13.6327457, 52.5111281], [13.6293125, 52.5063742], [13.6265659, 52.4986155], [13.6239481, 52.4942522], [13.6257934, 52.4936512], [13.6296987, 52.4930764], [13.6149358, 52.4808723], [13.6134338, 52.4756186], [13.6152792, 52.4753049], [13.616395, 52.4748605], [13.6115026, 52.4706517], [13.6150646, 52.4697367], [13.6171674, 52.4712007], [13.6209869, 52.4704164], [13.6206865, 52.4687171], [13.6217594, 52.4685864], [13.6217165, 52.466704], [13.6232614, 52.4666256], [13.6228752, 52.468691], [13.624978, 52.4688217], [13.6254072, 52.4736058], [13.6283683, 52.4735273], [13.6309862, 52.4750696], [13.6359644, 52.4760368], [13.6426162, 52.4786768], [13.6430454, 52.4791734], [13.6481523, 52.4788598], [13.6558771, 52.4766119], [13.6584091, 52.4750435], [13.6636018, 52.4735796], [13.6672496, 52.474207], [13.6674642, 52.4737626], [13.6700391, 52.4732398], [13.6784076, 52.4692923], [13.6823988, 52.4660765], [13.6863899, 52.4652399], [13.6951446, 52.4642463], [13.6973762, 52.4614747], [13.6975908, 52.4584676], [13.6985349, 52.4569509], [13.6984491, 52.4552772], [13.7048435, 52.4548064], [13.7056589, 52.4575785], [13.7053585, 52.4598796], [13.7031269, 52.4600888], [13.7028694, 52.4632789], [13.6989212, 52.4682727], [13.7011528, 52.4682204], [13.7020111, 52.4674099], [13.7104654, 52.4634881], [13.7125682, 52.4630697], [13.7158727, 52.4627821], [13.7206792, 52.4568201], [13.7290156, 52.4508181], [13.7326634, 52.45038], [13.7343585, 52.4507331], [13.7355602, 52.4506154], [13.7356138, 52.4502753], [13.7364399, 52.4499549], [13.7377918, 52.4496411], [13.7433278, 52.4489414], [13.744787, 52.4492291], [13.7492609, 52.4486472], [13.7502372, 52.4483333], [13.7528014, 52.447856], [13.7541211, 52.4472282], [13.7550437, 52.4465808], [13.7554192, 52.4459923], [13.7565136, 52.4461493], [13.7543678, 52.4432849], [13.7571358, 52.4429841], [13.7553334, 52.438393], [13.7611913, 52.4378566], [13.7605702, 52.436889], [13.7600326, 52.4360514], [13.7544107, 52.4366793], [13.7561702, 52.4415977], [13.7505054, 52.4415454], [13.744111, 52.4380921], [13.7428236, 52.4329902], [13.7400341, 52.4324931], [13.7389183, 52.4289083], [13.7416648, 52.4282279], [13.7414503, 52.4267625], [13.7407636, 52.4263962], [13.737545, 52.4267887], [13.7311506, 52.4205339], [13.7315368, 52.4196702], [13.7305927, 52.4180736], [13.7298631, 52.4167126], [13.7298417, 52.4161891], [13.7300777, 52.4153777], [13.7327385, 52.4132181], [13.7346482, 52.4105349], [13.7360215, 52.410247], [13.7374162, 52.4094878], [13.737781, 52.4086239], [13.7389398, 52.4073345], [13.7380707, 52.4067454], [13.7353992, 52.4060582], [13.7341118, 52.4033615], [13.7343478, 52.4021963], [13.7332964, 52.4012799], [13.7313866, 52.4000623], [13.7300348, 52.399591], [13.7294554, 52.4001933], [13.7290692, 52.4001016], [13.7288332, 52.3997612], [13.7275243, 52.4002587], [13.7271595, 52.399866], [13.7259364, 52.3995256], [13.7253999, 52.3996172], [13.724606, 52.3988578], [13.7233186, 52.3983472], [13.7226963, 52.398308], [13.719263, 52.3990673], [13.7181472, 52.3988055], [13.7163019, 52.3997481], [13.714199, 52.3990935], [13.7087059, 52.3953227], [13.706603, 52.3951132], [13.7035131, 52.3933848], [13.7022686, 52.3934372], [13.7001657, 52.3911325], [13.6985778, 52.3905563], [13.6989212, 52.3920492], [13.6979341, 52.391892], [13.6969471, 52.3896921], [13.6902093, 52.3855275], [13.6895227, 52.3852918], [13.6877203, 52.3862609], [13.6859607, 52.3841131], [13.6876344, 52.3829081], [13.6896511, 52.3831441], [13.6949729, 52.3811007], [13.6991357, 52.3815198], [13.6980199, 52.3797647], [13.697462, 52.3774855], [13.6991787, 52.3777999], [13.7007665, 52.3773545], [13.6998653, 52.3753372], [13.6951443, 52.3705689], [13.6930418, 52.3691538], [13.6925697, 52.3678698], [13.69066, 52.3676078], [13.6875486, 52.3671885], [13.682785, 52.3695206], [13.6787939, 52.3692848], [13.6751461, 52.3676078], [13.6723566, 52.3667692], [13.6700391, 52.3647777], [13.6662197, 52.3616853], [13.6657047, 52.3583044], [13.6639452, 52.3573609], [13.661499, 52.3544515], [13.6572504, 52.351804], [13.656907, 52.3498642], [13.6515426, 52.3427858], [13.6516285, 52.3392461], [13.6480236, 52.3383284], [13.6456632, 52.3387479], [13.6448049, 52.3397443], [13.6429596, 52.3398754], [13.6384105, 52.343415], [13.636136, 52.3463776], [13.6363506, 52.3480554], [13.6378097, 52.3484486], [13.638753, 52.3601165], [13.6412859, 52.3630219], [13.6471223, 52.3661665], [13.646779, 52.3700971], [13.6421012, 52.3707783], [13.6428737, 52.3720098], [13.6426162, 52.3775641], [13.6332178, 52.3762804], [13.62854, 52.3813888], [13.6075544, 52.3742106], [13.6057949, 52.3736211], [13.6067819, 52.3757302], [13.6066961, 52.3765686], [13.6056232, 52.3777737], [13.6065673, 52.3789264], [13.6049366, 52.3810221], [13.6038637, 52.3814674], [13.603177, 52.3828034], [13.600645, 52.3841131], [13.5992717, 52.3852918], [13.5962247, 52.385999], [13.5950231, 52.3873872], [13.5951089, 52.3888278], [13.5941648, 52.3890373], [13.5937357, 52.3900063], [13.5941219, 52.3923634], [13.5927486, 52.3937776], [13.5792303, 52.3907659], [13.5636949, 52.3880944], [13.535521, 52.3890373], [13.5347485, 52.3909099], [13.5349846, 52.3933979], [13.5357356, 52.3955453], [13.5367226, 52.3972605], [13.5362935, 52.397889], [13.5371732, 52.3980854], [13.537066, 52.3983079], [13.5381603, 52.3998921], [13.5384822, 52.4006384], [13.5352206, 52.399303], [13.5337829, 52.3989102], [13.529694, 52.3973022], [13.5263851, 52.398934], [13.5246005, 52.3993814], [13.522804, 52.4000608], [13.5217971, 52.4005711], [13.5210592, 52.4007054], [13.520866, 52.400724], [13.5186338, 52.4010966], [13.5160267, 52.4018363], [13.516016, 52.4022094], [13.517046, 52.4028771], [13.5167241, 52.4033484], [13.5188484, 52.4047491], [13.5193097, 52.4049389], [13.5190093, 52.4051746], [13.5207796, 52.4063331], [13.5206401, 52.4064116], [13.521713, 52.4072887], [13.5231399, 52.4101946], [13.5234725, 52.411726], [13.5230112, 52.4122037], [13.5233974, 52.4124655], [13.5231507, 52.4126815], [13.524127, 52.4136173], [13.5223567, 52.4144091], [13.5229683, 52.4154954], [13.5220885, 52.4170528], [13.5220456, 52.4185971], [13.5208654, 52.4195655], [13.5205221, 52.4207564], [13.5200071, 52.4213714], [13.5194063, 52.421463], [13.5186338, 52.4222482], [13.5191917, 52.4235305], [13.5207152, 52.4264877], [13.5197496, 52.4267494], [13.5178399, 52.4268672], [13.5129905, 52.4274036], [13.507862, 52.428542], [13.4654403, 52.4493011], [13.4639168, 52.4503473], [13.4621572, 52.4520996], [13.4603977, 52.4547149], [13.4570718, 52.4590494], [13.4573078, 52.4592913], [13.474946, 52.458801], [13.4758365, 52.460906], [13.4770381, 52.4618212], [13.4774351, 52.4622722], [13.4786689, 52.4639783], [13.4787226, 52.4646908], [13.4785616, 52.4650895], [13.4780359, 52.4657366], [13.4699678, 52.473096], [13.469646, 52.4737364], [13.4706223, 52.4768667], [13.4581125, 52.4858249], [13.4560633, 52.4842765], [13.4512031, 52.4867984], [13.4467399, 52.4890327], [13.444283, 52.4875105], [13.4396481, 52.4898232], [13.4396803, 52.4903393], [13.4449481, 52.4946442], [13.4476089, 52.4946964], [13.4505915, 52.4972046], [13.452158, 52.4975704], [13.4540248, 52.4975704], [13.4528768, 52.4980603], [13.4524691, 52.498413], [13.4513962, 52.4989355], [13.4507525, 52.4988441], [13.4503877, 52.4989486], [13.4504521, 52.4991314], [13.4494972, 52.4995625], [13.4464073, 52.500601], [13.4417295, 52.5028346], [13.4374809, 52.504402], [13.4356355, 52.5055906], [13.4292599, 52.5085536], [13.4284955, 52.5077717], [13.4281388, 52.5071937], [13.4271169, 52.505682], [13.426618, 52.5057751], [13.4258723, 52.5054599], [13.4249282, 52.5051857], [13.4244105, 52.5050844], [13.4238178, 52.5050126], [13.423174, 52.5049987], [13.4224954, 52.5050044], [13.4214413, 52.5051008], [13.4195208, 52.5056559], [13.4190863, 52.5051171], [13.4185861, 52.5050061], [13.4182334, 52.5050322], [13.4175843, 52.5041342], [13.4149718, 52.5048526], [13.4146661, 52.5048689], [13.4146768, 52.504575], [13.4141282, 52.5040452], [13.411442, 52.504931], [13.4099829, 52.5069097], [13.4079659, 52.5061979], [13.4053051, 52.5082721], [13.4044214, 52.5078762], [13.4027678, 52.5085732], [13.4023574, 52.5087055], [13.4001553, 52.5094238], [13.3991682, 52.5080851], [13.3989322, 52.5081243], [13.391068, 52.5076607], [13.3850901, 52.5073001], [13.3847067, 52.507277], [13.3842976, 52.5072523], [13.3791792, 52.5069435], [13.3789444, 52.5069293], [13.378816, 52.5070332], [13.3786175, 52.507194], [13.3777545, 52.5078929], [13.3776462, 52.5079806], [13.3757901, 52.5083594], [13.3763156, 52.5098184], [13.3765304, 52.5102922], [13.3769511, 52.5125658], [13.3775121, 52.5155974], [13.376981, 52.515976], [13.3767879, 52.5162568], [13.3768469, 52.5165277], [13.3771741, 52.5168672], [13.3768684, 52.5178433], [13.3769757, 52.5196125], [13.3765519, 52.5199357], [13.3761871, 52.5204187], [13.3760154, 52.5212674], [13.3754468, 52.5218419], [13.3745885, 52.5223184], [13.3737624, 52.5226514], [13.3727538, 52.5228211], [13.3717775, 52.5228603], [13.3716982, 52.5248282], [13.3710397, 52.5252252], [13.3710372, 52.5254022], [13.3710694, 52.5265223], [13.3733989, 52.5265094], [13.3734298, 52.5265092], [13.3737302, 52.5268813], [13.3737731, 52.5275144], [13.3735907, 52.5279191], [13.3730328, 52.5284151], [13.3695137, 52.5323704], [13.3685267, 52.5332906], [13.3682907, 52.5333167], [13.3658123, 52.5356988], [13.3663487, 52.5358619], [13.3667725, 52.5362176], [13.3677649, 52.5366711], [13.3686823, 52.5359109], [13.3730435, 52.5380676], [13.3745456, 52.537265], [13.3794594, 52.5401232], [13.3799636, 52.5400905], [13.3842122, 52.5361752], [13.3874738, 52.5335517], [13.3898556, 52.5353268], [13.3931921, 52.5374217], [13.4035241, 52.5404233], [13.3994579, 52.5483378], [13.3989215, 52.5508756], [13.3967972, 52.5506929], [13.3976877, 52.5514693], [13.3980203, 52.5522847], [13.3971941, 52.5563878], [13.3972156, 52.557875], [13.3962929, 52.5611102], [13.3958101, 52.5619515], [13.3945441, 52.5633211], [13.3935785, 52.5642538], [13.3916259, 52.5654668], [13.3911216, 52.5655777], [13.3907889, 52.5657082], [13.3906227, 52.5660505], [13.3887881, 52.5671135], [13.3890617, 52.5673906], [13.3884716, 52.5677591], [13.3892709, 52.5682775], [13.3876884, 52.5691905], [13.3882463, 52.5694513], [13.3831608, 52.5723987], [13.3822918, 52.5720661], [13.3801919, 52.5726138], [13.3797276, 52.5727051], [13.3787298, 52.5737158], [13.3769596, 52.5749221], [13.3710265, 52.5772301], [13.3640742, 52.5813896], [13.3634198, 52.5813896], [13.3599329, 52.5833062], [13.359729, 52.5836191], [13.3587527, 52.5841602], [13.3578086, 52.5844209], [13.3507275, 52.5884037], [13.3505666, 52.5892184], [13.3494508, 52.5890685], [13.3474231, 52.5900658], [13.3503735, 52.5906719], [13.3527338, 52.5908805], [13.3561671, 52.5909522], [13.3604048, 52.5911609], [13.3681083, 52.5973066], [13.3711338, 52.6000045], [13.3754897, 52.6067419], [13.3758116, 52.607185], [13.3762407, 52.6078365], [13.3763373, 52.6111136], [13.3756828, 52.6134198], [13.3743953, 52.6159473], [13.3669281, 52.6253558]]]}, "properties": {"name": "Ostberlin", "relation": 2693415, "source": "OpenHistoricalMap (CC0), relation 2693415, «Ostberlin» 1951-1990", "area_deg2": 0.0537}}, {"type": "Feature", "geometry": {"type": "Polygon", "coordinates": [[[12.0217133, 51.4204083], [12.0214292, 51.4199364], [12.0207301, 51.4192381], [12.0203298, 51.4187515], [12.0196974, 51.4184675], [12.0189171, 51.4182161], [12.0183642, 51.4180608], [12.0175523, 51.4178552], [12.0174377, 51.417857], [12.0171694, 51.417885], [12.0167778, 51.4179056], [12.0163035, 51.4178497], [12.0156213, 51.4177459], [12.0152621, 51.4176652], [12.0149702, 51.4175826], [12.0148515, 51.4175268], [12.0147385, 51.4174933], [12.0145724, 51.4174608], [12.0146356, 51.4174193], [12.0144745, 51.417326], [12.0143396, 51.4172817], [12.01389, 51.4172817], [12.0134201, 51.4172147], [12.0128254, 51.4170275], [12.0123229, 51.4168895], [12.0114388, 51.4169063], [12.0113388, 51.4168954], [12.01114, 51.4168195], [12.0103571, 51.416515], [12.0103757, 51.4164866], [12.010409, 51.4162559], [12.0105309, 51.4160958], [12.0110037, 51.4157476], [12.0110661, 51.4157557], [12.0112256, 51.4158588], [12.0115128, 51.4159927], [12.0116419, 51.4160072], [12.0117594, 51.4159457], [12.0118652, 51.415848], [12.0119175, 51.4156707], [12.012122, 51.4153667], [12.0122322, 51.4152546], [12.0123388, 51.4150782], [12.0123185, 51.4149732], [12.0122518, 51.4149705], [12.0119661, 51.4150357], [12.0114026, 51.4152084], [12.0112604, 51.4152193], [12.0109174, 51.4151818], [12.0108848, 51.415198], [12.0106875, 51.4154147], [12.0106353, 51.415416], [12.010169, 51.4152794], [12.0101385, 51.4152512], [12.0103996, 51.4148932], [12.0104235, 51.4147914], [12.0103808, 51.4146878], [12.0102974, 51.4145838], [12.0100805, 51.4143835], [12.0099761, 51.4143373], [12.0098296, 51.414307], [12.0096759, 51.4143097], [12.0096099, 51.4142812], [12.0081947, 51.4134976], [12.0082049, 51.413412], [12.0082862, 51.4132167], [12.0091575, 51.4129716], [12.0093555, 51.4129256], [12.0098254, 51.4128876], [12.0102446, 51.4129729], [12.0105583, 51.4130367], [12.0108013, 51.4131967], [12.0111812, 51.4134947], [12.0113432, 51.4136127], [12.0116802, 51.4135977], [12.0119121, 51.4134787], [12.0123591, 51.4132277], [12.012983, 51.4129186], [12.013089, 51.4127968], [12.013146, 51.4123078], [12.0132719, 51.4119718], [12.0134119, 51.4117468], [12.0136789, 51.4115799], [12.0140728, 51.4114269], [12.0155456, 51.411137], [12.0162875, 51.411118], [12.0168984, 51.411122], [12.0172864, 51.41103], [12.0174573, 51.4108969], [12.0174913, 51.410752], [12.0173234, 51.410439], [12.0172644, 51.4102251], [12.0172424, 51.410034], [12.0172744, 51.4098661], [12.0173994, 51.4097411], [12.0174514, 51.409603], [12.0175484, 51.4087722], [12.0149869, 51.4081679], [12.0143946, 51.4081828], [12.0133835, 51.4083246], [12.0130728, 51.4083196], [12.0131302, 51.4081865], [12.0136248, 51.4074775], [12.0132339, 51.4073469], [12.0133237, 51.4071167], [12.0136248, 51.406542], [12.0139528, 51.4059663], [12.0141892, 51.4055356], [12.0140296, 51.4053789], [12.0138482, 51.4053428], [12.0129827, 51.4050629], [12.0124054, 51.4049398], [12.0118659, 51.4048377], [12.010657, 51.4045946], [12.0109436, 51.4043121], [12.0110553, 51.4041859], [12.0112607, 51.4039302], [12.011504, 51.4037044], [12.0116273, 51.4036019], [12.0115339, 51.4035688], [12.0107222, 51.4034028], [12.0098369, 51.4032063], [12.0092455, 51.4030749], [12.0087131, 51.4029561], [12.0086463, 51.4029369], [12.0085127, 51.4033163], [12.0084239, 51.403376], [12.0082305, 51.4031882], [12.0076182, 51.4028149], [12.0072385, 51.4027208], [12.0071177, 51.4026706], [12.0064297, 51.4021008], [12.0062841, 51.4023273], [12.0061984, 51.402739], [12.0060668, 51.4034009], [12.0056579, 51.403473], [12.0054346, 51.4035751], [12.0053448, 51.4038052], [12.0053565, 51.4043228], [12.0073159, 51.4063573], [12.0061571, 51.4068144], [12.0061571, 51.4080391], [12.0055652, 51.4083672], [11.9969025, 51.4077612], [11.9939856, 51.4064572], [11.9929296, 51.4060121], [11.9919306, 51.4056293], [11.990863, 51.4053415], [11.9895854, 51.405429], [11.9891255, 51.4054879], [11.9881009, 51.4056329], [11.9874375, 51.4056864], [11.986375, 51.4056329], [11.9859876, 51.4056242], [11.9856349, 51.4058066], [11.984365, 51.406211], [11.9838232, 51.4064737], [11.983394, 51.406588], [11.9828597, 51.4067945], [11.9825098, 51.4069297], [11.9821552, 51.4068977], [11.9818515, 51.4069516], [11.9820403, 51.4065618], [11.9823524, 51.4059238], [11.9825078, 51.405617], [11.982756, 51.4052957], [11.9828279, 51.4052291], [11.983155, 51.4050005], [11.983858, 51.4047198], [11.984366, 51.4045461], [11.9845883, 51.4044455], [11.9847155, 51.4043814], [11.9851443, 51.4042994], [11.9853473, 51.4042625], [11.9856094, 51.4042241], [11.9859818, 51.4042407], [11.9860061, 51.4042118], [11.9856442, 51.4040432], [11.9852893, 51.4038847], [11.9839948, 51.403316], [11.9827537, 51.4027704], [11.9823813, 51.4030946], [11.9817991, 51.403612], [11.981414, 51.4039528], [11.9805197, 51.4044253], [11.9801775, 51.4046054], [11.9800871, 51.4046807], [11.9796649, 51.405062], [11.9791664, 51.4055104], [11.9790397, 51.4054467], [11.9789265, 51.4055088], [11.9786166, 51.4056189], [11.9783473, 51.4057289], [11.9779785, 51.4058976], [11.9777118, 51.4059776], [11.9775867, 51.4062655], [11.9770429, 51.4061771], [11.9768099, 51.406103], [11.9767058, 51.406218], [11.9771693, 51.4063003], [11.9769251, 51.4067602], [11.9766149, 51.4070801], [11.9763033, 51.4072889], [11.9756548, 51.4074883], [11.9754135, 51.4075348], [11.9749873, 51.4075773], [11.9736796, 51.4076733], [11.9732764, 51.4076871], [11.9721108, 51.407832], [11.9714412, 51.407959], [11.9713047, 51.4080251], [11.9707158, 51.4083106], [11.9703348, 51.4086168], [11.9693344, 51.4092442], [11.9684749, 51.4094667], [11.9683777, 51.4094919], [11.9677378, 51.4095538], [11.9670539, 51.4096757], [11.9649282, 51.4098357], [11.9642788, 51.4097888], [11.9631707, 51.4097006], [11.9621799, 51.4095613], [11.9601776, 51.4086688], [11.9577779, 51.4073711], [11.9562007, 51.4070266], [11.9553332, 51.4068857], [11.9547177, 51.4069392], [11.9541868, 51.407055], [11.9534819, 51.4071959], [11.9531034, 51.4073255], [11.9521252, 51.4076811], [11.9515171, 51.4080192], [11.9510148, 51.4085386], [11.9506315, 51.4091157], [11.9505613, 51.4095888], [11.9507081, 51.4103122], [11.950833, 51.4111101], [11.9509741, 51.4112735], [11.9518343, 51.4119666], [11.9520525, 51.4121322], [11.9523166, 51.4122934], [11.9523953, 51.4123414], [11.9543123, 51.4129358], [11.954771, 51.413272], [11.9547674, 51.4140283], [11.9546007, 51.4145655], [11.9543002, 51.4150118], [11.953865, 51.4153773], [11.9531878, 51.4158139], [11.9529178, 51.416066], [11.9522489, 51.4164889], [11.951869, 51.4166188], [11.951648, 51.4166638], [11.9514361, 51.4167058], [11.9511018, 51.4166725], [11.9507485, 51.4166113], [11.9499054, 51.4163493], [11.9483846, 51.4158997], [11.9471674, 51.4155427], [11.9458799, 51.4152869], [11.9448571, 51.415158], [11.9441522, 51.415211], [11.9435742, 51.4153709], [11.9430143, 51.4155699], [11.9419815, 51.4161188], [11.9413586, 51.4165577], [11.9412404, 51.4169993], [11.9414395, 51.4175437], [11.9417278, 51.4178214], [11.941885, 51.4179728], [11.9422489, 51.4184487], [11.9428008, 51.4190836], [11.9438462, 51.4196016], [11.944639, 51.4201623], [11.9449049, 51.4210267], [11.9444575, 51.4216111], [11.9440486, 51.4222611], [11.9437226, 51.4227045], [11.9436781, 51.4231908], [11.943918, 51.4236662], [11.9451443, 51.4244636], [11.9463182, 51.4247566], [11.9465606, 51.4249808], [11.9474425, 51.4249608], [11.9478404, 51.4249538], [11.9485423, 51.4248548], [11.9489563, 51.4247629], [11.9495162, 51.4245529], [11.9503321, 51.4240379], [11.950678, 51.423687], [11.950861, 51.423443], [11.9513385, 51.4229932], [11.9514969, 51.4224529], [11.951366, 51.4215516], [11.9490079, 51.4200469], [11.9483204, 51.4195724], [11.948182, 51.4188695], [11.948445, 51.4183055], [11.948606, 51.418089], [11.9488249, 51.4179194], [11.9491234, 51.4177246], [11.9493933, 51.4176828], [11.9498253, 51.4176528], [11.9506352, 51.417345], [11.9514691, 51.4174277], [11.9519869, 51.4173821], [11.9520565, 51.4178632], [11.9520659, 51.4181326], [11.9526708, 51.4184837], [11.9540466, 51.4190405], [11.9544936, 51.4192546], [11.9547065, 51.4194455], [11.9547755, 51.4196706], [11.9548425, 51.4201664], [11.9548165, 51.4206014], [11.9545925, 51.4214633], [11.9544075, 51.4217533], [11.9530427, 51.4228901], [11.9526428, 51.4233931], [11.9523848, 51.4238131], [11.9522168, 51.4242059], [11.9520678, 51.4247129], [11.9520261, 51.4249815], [11.9519878, 51.4252278], [11.9519984, 51.4256539], [11.9520118, 51.4261937], [11.9519508, 51.4266057], [11.9519021, 51.4272935], [11.9518804, 51.4276872], [11.9520069, 51.4282254], [11.9520334, 51.4283382], [11.9522528, 51.4287579], [11.9524633, 51.4291437], [11.9525349, 51.4293152], [11.9526311, 51.4294532], [11.9527584, 51.4298868], [11.9528838, 51.4302676], [11.952949, 51.4304822], [11.9529554, 51.4309383], [11.9529043, 51.4312885], [11.9526773, 51.4318904], [11.9523102, 51.4322838], [11.9521212, 51.4324888], [11.9517879, 51.432928], [11.9518975, 51.4329741], [11.9522237, 51.4330667], [11.9520834, 51.4331702], [11.9517552, 51.4336632], [11.9515191, 51.4339042], [11.9510232, 51.4341493], [11.950668, 51.4342841], [11.9502423, 51.4344386], [11.9495093, 51.4346515], [11.9489139, 51.4347682], [11.9477733, 51.4348986], [11.9475693, 51.4349216], [11.9469592, 51.4349679], [11.9459214, 51.4350781], [11.9452169, 51.4352753], [11.9448199, 51.4353922], [11.9433561, 51.4359258], [11.9429337, 51.4360387], [11.9419091, 51.4363817], [11.9412135, 51.4366368], [11.9398783, 51.4371109], [11.9394434, 51.4372278], [11.9389993, 51.4373911], [11.9386012, 51.4375138], [11.9376842, 51.4376706], [11.9365525, 51.4378874], [11.9347771, 51.4381295], [11.933905, 51.4382936], [11.932334, 51.4386319], [11.931137, 51.4389398], [11.93017, 51.4392555], [11.9293895, 51.4394297], [11.9288379, 51.4395577], [11.9283556, 51.4396155], [11.9278019, 51.4396053], [11.9273892, 51.4395816], [11.9269927, 51.4395645], [11.9263038, 51.4394795], [11.9252043, 51.4392655], [11.9243908, 51.4391513], [11.9238585, 51.4391214], [11.92361, 51.4390982], [11.9233548, 51.4390928], [11.9229684, 51.4391233], [11.9225954, 51.4391642], [11.9216469, 51.4393309], [11.9211654, 51.4394232], [11.920197, 51.4397852], [11.9193256, 51.4401157], [11.9190256, 51.440228], [11.9187704, 51.4403449], [11.9181649, 51.4405654], [11.9174536, 51.4408989], [11.9170343, 51.4411048], [11.9164022, 51.4415372], [11.9159392, 51.4419561], [11.9156234, 51.4422756], [11.9152358, 51.4428028], [11.9149039, 51.443425], [11.9147609, 51.4437513], [11.9146786, 51.4441292], [11.9146953, 51.44457], [11.9147596, 51.4450144], [11.9148577, 51.4454127], [11.9150104, 51.4457648], [11.915154, 51.4459821], [11.9157176, 51.4465779], [11.9163267, 51.4470879], [11.9167574, 51.4473864], [11.9176998, 51.4479507], [11.9183898, 51.4483695], [11.9194356, 51.448906], [11.9208284, 51.449523], [11.9216179, 51.4498003], [11.9229491, 51.4500499], [11.9234923, 51.4501524], [11.9241836, 51.4502245], [11.924942, 51.4502493], [11.9257297, 51.4502382], [11.9262912, 51.4502012], [11.9272482, 51.4501401], [11.9278203, 51.4501361], [11.9282329, 51.4501414], [11.928737, 51.4501666], [11.9291109, 51.4502227], [11.9294367, 51.4503164], [11.9295685, 51.450384], [11.9297812, 51.4505497], [11.9299216, 51.450722], [11.9302087, 51.4509605], [11.9304241, 51.4512561], [11.9304299, 51.4514456], [11.930395, 51.4516693], [11.930347, 51.451944], [11.9302285, 51.4522539], [11.9301471, 51.4523807], [11.9300216, 51.4525175], [11.9296515, 51.4529207], [11.9289837, 51.4535304], [11.9277544, 51.4545403], [11.9276263, 51.4546597], [11.9270203, 51.4552244], [11.9266156, 51.4557329], [11.9262954, 51.4562843], [11.9261963, 51.4565092], [11.9261763, 51.4565547], [11.926098, 51.4570337], [11.9241296, 51.4564481], [11.9240708, 51.4587068], [11.9240044, 51.4589598], [11.9239463, 51.4590761], [11.9231541, 51.4602055], [11.9231292, 51.46025], [11.9233532, 51.4603011], [11.9234278, 51.4611888], [11.9246453, 51.4612541], [11.9245976, 51.4612822], [11.9246956, 51.4613251], [11.9234241, 51.4612677], [11.922424, 51.4610841], [11.9211423, 51.4610402], [11.9210858, 51.4610509], [11.9204206, 51.4611772], [11.9198627, 51.4612495], [11.9191306, 51.4612831], [11.9188776, 51.4612754], [11.9182388, 51.4612327], [11.9172047, 51.4610531], [11.9171655, 51.461159], [11.9170563, 51.461275], [11.9168904, 51.461406], [11.9169976, 51.4619063], [11.9172729, 51.4628357], [11.9165715, 51.4631109], [11.9156699, 51.463211], [11.915587, 51.4629981], [11.9155324, 51.4627858], [11.9154039, 51.4627612], [11.9153696, 51.4627813], [11.915405, 51.4628847], [11.9154636, 51.4630289], [11.9155152, 51.4634555], [11.9155657, 51.4636035], [11.9155991, 51.463836], [11.9156303, 51.4639874], [11.9156507, 51.4641277], [11.9157065, 51.4642362], [11.9150008, 51.4644443], [11.9135959, 51.4647098], [11.9134094, 51.4647447], [11.9130984, 51.464803], [11.9125361, 51.4649214], [11.9123298, 51.4649391], [11.9119537, 51.4649277], [11.9114379, 51.4643872], [11.9082486, 51.464231], [11.9067014, 51.4641579], [11.9067156, 51.4640458], [11.9058499, 51.4640054], [11.9049985, 51.463955], [11.9034149, 51.463858], [11.9017022, 51.4637796], [11.9007874, 51.4637432], [11.8919573, 51.4633395], [11.8898256, 51.4632365], [11.889792, 51.4634098], [11.8877653, 51.463342], [11.887739, 51.4636358], [11.8877324, 51.4638645], [11.8873769, 51.4644937], [11.8873268, 51.4653117], [11.8874816, 51.4659063], [11.8877725, 51.467167], [11.8877824, 51.4684398], [11.8876197, 51.4690259], [11.8871751, 51.4703608], [11.8868443, 51.4711743], [11.8866746, 51.4716712], [11.8866327, 51.4716645], [11.8867327, 51.4718188], [11.8839018, 51.4713623], [11.8828959, 51.4738101], [11.8800246, 51.4733521], [11.8802016, 51.4737067], [11.8778361, 51.4739845], [11.876254, 51.4741706], [11.8728877, 51.4745596], [11.8721069, 51.4747165], [11.8721203, 51.4747644], [11.8720088, 51.4750975], [11.8721607, 51.4756245], [11.8722222, 51.4759779], [11.8722742, 51.4761492], [11.8721703, 51.4766199], [11.8721626, 51.4766583], [11.8721742, 51.4767289], [11.8726127, 51.477014], [11.8740185, 51.477456], [11.8729492, 51.4776453], [11.8726434, 51.4777099], [11.8722126, 51.4778429], [11.871953, 51.4778896], [11.870926, 51.4780106], [11.8694355, 51.478225], [11.8691528, 51.4782765], [11.8686817, 51.4783232], [11.8680739, 51.4783472], [11.8680566, 51.4785855], [11.8679881, 51.4788114], [11.8679181, 51.4790754], [11.867722, 51.479606], [11.8673423, 51.4805082], [11.866926, 51.4814239], [11.8666562, 51.4819623], [11.8663773, 51.4824775], [11.8661515, 51.482891], [11.8655813, 51.4831139], [11.8652137, 51.4839909], [11.8649812, 51.4845901], [11.864773, 51.4852686], [11.8644345, 51.4870158], [11.8658146, 51.4869868], [11.8668424, 51.4868991], [11.8678871, 51.4867937], [11.8683311, 51.4867533], [11.869048, 51.4867169], [11.869293, 51.4867169], [11.869454, 51.486734], [11.8702147, 51.4869401], [11.8708896, 51.4871018], [11.8714736, 51.4874846], [11.871057, 51.4876075], [11.8700959, 51.4878967], [11.8695234, 51.4881005], [11.8689968, 51.4883818], [11.8686621, 51.4885321], [11.8670308, 51.4889614], [11.8663477, 51.4890513], [11.8653958, 51.4891743], [11.8648225, 51.4892148], [11.864636, 51.4892011], [11.8644293, 51.4891738], [11.8642711, 51.4891174], [11.8638325, 51.4888871], [11.8636621, 51.4897551], [11.863624, 51.48996], [11.8635012, 51.4906205], [11.8633147, 51.491659], [11.8632916, 51.4922064], [11.8632748, 51.4926341], [11.8643498, 51.492579], [11.8658914, 51.4925027], [11.8685371, 51.492366], [11.8687141, 51.492357], [11.8700003, 51.4922919], [11.8716063, 51.4922106], [11.8727382, 51.4921072], [11.8730651, 51.4920774], [11.8739163, 51.4919052], [11.8741164, 51.4918547], [11.8741797, 51.4918504], [11.8750456, 51.491792], [11.8761753, 51.4917176], [11.8785514, 51.4915617], [11.8781776, 51.492029], [11.8781164, 51.4921055], [11.8784238, 51.4920815], [11.8792838, 51.4920118], [11.8787149, 51.4925404], [11.8782012, 51.4930445], [11.8776448, 51.4936507], [11.8764607, 51.4948288], [11.8762538, 51.4950653], [11.8759488, 51.4953784], [11.8754424, 51.4959146], [11.8750322, 51.4965475], [11.8747486, 51.4969383], [11.8745709, 51.4972628], [11.874483, 51.4974687], [11.8754098, 51.4977677], [11.874943, 51.4980519], [11.8736411, 51.4989056], [11.8725417, 51.4995823], [11.8713905, 51.5002895], [11.8708118, 51.5006397], [11.87023, 51.5009874], [11.8693259, 51.5013917], [11.8689044, 51.5015854], [11.8685437, 51.5017511], [11.8681128, 51.5019508], [11.867438, 51.5025185], [11.867185, 51.5030436], [11.8667832, 51.5035284], [11.8665774, 51.5037748], [11.8662288, 51.5041523], [11.8658972, 51.5045136], [11.8656268, 51.5047707], [11.8654746, 51.5049185], [11.8653155, 51.505096], [11.8651781, 51.5052167], [11.8650108, 51.5053824], [11.8645407, 51.5058467], [11.8639529, 51.5064171], [11.8635877, 51.5067018], [11.8629686, 51.5071418], [11.8625851, 51.5074731], [11.8620217, 51.5079498], [11.8616269, 51.5082838], [11.8611209, 51.5088103], [11.8608357, 51.5090939], [11.8605476, 51.5093088], [11.8601236, 51.5096231], [11.85988, 51.5097583], [11.8595974, 51.5099122], [11.8592566, 51.5101314], [11.8586702, 51.5105133], [11.8582755, 51.5107694], [11.8574514, 51.5114091], [11.8570132, 51.5117668], [11.8566976, 51.5120962], [11.8562244, 51.5125622], [11.8561494, 51.5126891], [11.8560667, 51.5128292], [11.8557954, 51.5134096], [11.8552541, 51.5142685], [11.8552641, 51.5144607], [11.8554664, 51.5144682], [11.8563957, 51.5145315], [11.8585074, 51.5145883], [11.8601865, 51.5149188], [11.8637216, 51.5154362], [11.8647912, 51.5155724], [11.8656743, 51.5156849], [11.866664, 51.5158535], [11.8677138, 51.5159188], [11.8684047, 51.515977], [11.8688714, 51.5160188], [11.8693784, 51.5160989], [11.8699528, 51.5162557], [11.8699786, 51.5166379], [11.8710011, 51.5169702], [11.8724668, 51.5174639], [11.8722293, 51.5177423], [11.8723928, 51.5179265], [11.8726336, 51.5181365], [11.8728879, 51.5182789], [11.8736748, 51.518662], [11.8739665, 51.5187843], [11.8757267, 51.5195226], [11.8750608, 51.5202625], [11.8743159, 51.5210901], [11.8727285, 51.5228868], [11.872765, 51.5229288], [11.8733236, 51.5228914], [11.8759365, 51.5230405], [11.8765739, 51.5308134], [11.8795544, 51.5303278], [11.879685, 51.5314078], [11.8798444, 51.5326685], [11.880114, 51.5347948], [11.8804672, 51.534875], [11.8807471, 51.5349512], [11.8809806, 51.5350326], [11.8812754, 51.5350439], [11.8815221, 51.5350656], [11.8821217, 51.5351572], [11.8823336, 51.5351768], [11.8825042, 51.5352118], [11.8828421, 51.5352211], [11.8831832, 51.535217], [11.8836082, 51.5352345], [11.8840362, 51.5352736], [11.884485, 51.5353087], [11.884894, 51.5353138], [11.885424, 51.5353386], [11.8861742, 51.5354024], [11.8862895, 51.5354137], [11.886527, 51.5355003], [11.8868566, 51.535558], [11.8870056, 51.5355889], [11.8880098, 51.5356076], [11.8884846, 51.5355899], [11.8897101, 51.535558], [11.8901921, 51.5355075], [11.8904719, 51.5354869], [11.8908545, 51.5354828], [11.891358, 51.53549], [11.8919542, 51.5354776], [11.8924212, 51.5354395], [11.8932708, 51.5353973], [11.8935557, 51.5354055], [11.8941353, 51.5353643], [11.8944483, 51.5352675], [11.8951485, 51.5351607], [11.8953617, 51.5351289], [11.8958285, 51.5350121], [11.8963344, 51.5349023], [11.8967386, 51.5347955], [11.8970657, 51.53471], [11.8975649, 51.5345786], [11.8983683, 51.5343583], [11.8990263, 51.5342259], [11.8994855, 51.5341293], [11.9015423, 51.5332245], [11.9039241, 51.5321767], [11.9065257, 51.5310321], [11.9078522, 51.5304922], [11.9092723, 51.5299143], [11.9104684, 51.5289981], [11.9106326, 51.5288277], [11.9107948, 51.5286318], [11.9109442, 51.5284072], [11.9111206, 51.5281063], [11.911434, 51.5275393], [11.9116933, 51.5270704], [11.9118885, 51.5267145], [11.9120689, 51.5264048], [11.9121373, 51.5262511], [11.9122538, 51.525838], [11.9123248, 51.5256331], [11.9123854, 51.5254912], [11.9124578, 51.5253477], [11.9127629, 51.5251471], [11.9133569, 51.5248333], [11.9134628, 51.5247782], [11.9138221, 51.5246284], [11.9141148, 51.5245211], [11.9144636, 51.5244038], [11.9149799, 51.5243451], [11.9152507, 51.5243075], [11.9158769, 51.5242984], [11.9166916, 51.5242945], [11.9169529, 51.5242826], [11.9173728, 51.5243129], [11.9177049, 51.5243498], [11.9182742, 51.5244873], [11.9187639, 51.5245484], [11.9194733, 51.5247352], [11.9198414, 51.5248731], [11.9205125, 51.5251494], [11.9209833, 51.5253445], [11.9213481, 51.5254943], [11.9220252, 51.5258225], [11.9223643, 51.5261038], [11.922538, 51.5265641], [11.9227811, 51.526911], [11.9228347, 51.5272823], [11.922706, 51.527627], [11.9226238, 51.5279649], [11.9228753, 51.5287741], [11.922988, 51.5290378], [11.9236412, 51.5295441], [11.9241574, 51.5298962], [11.9247131, 51.5300737], [11.9253375, 51.5301488], [11.9256364, 51.5301846], [11.9259952, 51.5301757], [11.9263473, 51.530169], [11.9269185, 51.530032], [11.9271742, 51.5303439], [11.9271404, 51.5303523], [11.9272226, 51.5303977], [11.9272762, 51.5304432], [11.9273087, 51.5304999], [11.9273397, 51.5305074], [11.9274782, 51.5305012], [11.927581, 51.5305259], [11.9276858, 51.5305407], [11.9277795, 51.530538], [11.9278359, 51.5305261], [11.9279081, 51.5304876], [11.9280073, 51.530496], [11.9281447, 51.5304881], [11.928201, 51.5304617], [11.9282558, 51.5304222], [11.9283678, 51.5303854], [11.9284023, 51.5303841], [11.9285111, 51.5303575], [11.928571, 51.5303528], [11.9286174, 51.5303365], [11.9286897, 51.5302587], [11.9288921, 51.5301705], [11.9290537, 51.5301061], [11.9291747, 51.530071], [11.9292811, 51.530051], [11.9294228, 51.5300493], [11.9295903, 51.5300157], [11.9296999, 51.5300001], [11.9297632, 51.5299968], [11.9298029, 51.5299971], [11.9298978, 51.5300224], [11.9300139, 51.5300201], [11.93021, 51.5299443], [11.9302648, 51.5299303], [11.9302965, 51.5299268], [11.9303322, 51.5299303], [11.9303866, 51.5299609], [11.9305029, 51.5299369], [11.930595, 51.5299537], [11.9306411, 51.529954], [11.9306546, 51.5299394], [11.9306586, 51.5298946], [11.9306988, 51.5298778], [11.9307917, 51.5298893], [11.931015, 51.5298478], [11.9311638, 51.5298021], [11.9312448, 51.5297853], [11.9313516, 51.5297465], [11.9313996, 51.5297384], [11.9316013, 51.5297401], [11.9317554, 51.5296848], [11.9320105, 51.5296218], [11.9320756, 51.5296013], [11.9321296, 51.5295887], [11.9321931, 51.5295791], [11.9322364, 51.5295839], [11.9323648, 51.5296182], [11.9323981, 51.5296232], [11.9326109, 51.52962], [11.9326504, 51.5296126], [11.9326907, 51.5295978], [11.9327568, 51.529557], [11.9328026, 51.5295514], [11.9328812, 51.5295533], [11.9330114, 51.5295203], [11.9331357, 51.5295189], [11.9331293, 51.5294544], [11.9331555, 51.5293725], [11.933219, 51.5293704], [11.9332494, 51.5293643], [11.9333379, 51.5293383], [11.9333925, 51.5293083], [11.9334631, 51.5292664], [11.9334911, 51.529258], [11.9335713, 51.5292664], [11.93361, 51.5292599], [11.933813, 51.529196], [11.9338678, 51.5291898], [11.9339289, 51.5292054], [11.9339661, 51.5292065], [11.9339964, 51.5291967], [11.9340318, 51.5291892], [11.9341302, 51.5291181], [11.9341852, 51.5290897], [11.9343219, 51.5289987], [11.934438, 51.5289215], [11.9344884, 51.528871], [11.9345196, 51.5288147], [11.9345311, 51.5287485], [11.9345619, 51.5287534], [11.93457, 51.5287406], [11.9345831, 51.52874], [11.9346554, 51.5287279], [11.9346804, 51.5287137], [11.9347328, 51.5286631], [11.9350739, 51.5286668], [11.9351767, 51.5286515], [11.9352512, 51.5286348], [11.9353446, 51.5286121], [11.9354246, 51.5286211], [11.9354733, 51.5286332], [11.9356104, 51.5286428], [11.9356791, 51.5286485], [11.9358688, 51.5287044], [11.9360113, 51.5287696], [11.936203, 51.5287906], [11.9362237, 51.5288062], [11.936265, 51.5288565], [11.9363027, 51.5288765], [11.9364773, 51.5288733], [11.9365422, 51.5288993], [11.9365954, 51.5289056], [11.936707, 51.5289022], [11.9367504, 51.5289189], [11.9367812, 51.5289709], [11.9367937, 51.5290116], [11.9368118, 51.5290303], [11.9368405, 51.5290373], [11.9368663, 51.529032], [11.9368921, 51.5290226], [11.9369292, 51.529], [11.9369626, 51.5289903], [11.936986, 51.5289916], [11.9370878, 51.529023], [11.9373061, 51.5290583], [11.9374109, 51.5290526], [11.9375241, 51.5290677], [11.9375562, 51.5290623], [11.937586, 51.5290363], [11.9376177, 51.5289958], [11.9376396, 51.5289911], [11.9376908, 51.5289953], [11.9377352, 51.5290148], [11.9377841, 51.529064], [11.9378198, 51.5290771], [11.9379405, 51.5290788], [11.9380079, 51.529119], [11.9380337, 51.5291282], [11.9380925, 51.5291299], [11.9383148, 51.5291003], [11.938337, 51.5291005], [11.9383576, 51.5291084], [11.9383731, 51.5291608], [11.938366, 51.5292203], [11.9384176, 51.52943], [11.9384616, 51.5295072], [11.9384569, 51.5295803], [11.9384982, 51.5296455], [11.9384827, 51.5296843], [11.9384386, 51.5297391], [11.9384382, 51.5297663], [11.9385144, 51.529914], [11.9385176, 51.5299443], [11.9385041, 51.5300238], [11.9385371, 51.5301752], [11.9386478, 51.5302412], [11.9386581, 51.5302661], [11.9386498, 51.5302962], [11.9386105, 51.5303387], [11.9385934, 51.5303668], [11.9386014, 51.530396], [11.9386034, 51.5304115], [11.9386188, 51.5304348], [11.9386986, 51.530478], [11.9387788, 51.5305037], [11.9389158, 51.530534], [11.939104, 51.5305952], [11.9391863, 51.5306374], [11.9392659, 51.5306687], [11.9394232, 51.5306891], [11.9395373, 51.5307323], [11.9396662, 51.5307617], [11.939767, 51.5307603], [11.9398152, 51.5307518], [11.9399522, 51.5307636], [11.9401292, 51.5307778], [11.9401999, 51.5307794], [11.9403678, 51.5307548], [11.9404726, 51.5307506], [11.9405718, 51.5307523], [11.940729, 51.5307444], [11.9409421, 51.5307733], [11.9411212, 51.5307807], [11.9412474, 51.5308], [11.9413701, 51.5308657], [11.9414756, 51.5309479], [11.9415864, 51.5310269], [11.94164, 51.5310896], [11.9416967, 51.5311328], [11.9417773, 51.5311763], [11.9418265, 51.531202], [11.9419083, 51.5312627], [11.942, 51.5313385], [11.9421604, 51.5313845], [11.9421882, 51.5314185], [11.942183, 51.5314645], [11.9422017, 51.531525], [11.9422382, 51.5315751], [11.9423167, 51.5316612], [11.9423873, 51.531744], [11.9424707, 51.5318211], [11.9424427, 51.5318487], [11.9427375, 51.5320003], [11.942941, 51.5318066], [11.943372, 51.5321777], [11.9435351, 51.5323351], [11.9439859, 51.5327526], [11.9471819, 51.5320073], [11.9469234, 51.531607], [11.9462486, 51.5305784], [11.9454171, 51.5293693], [11.9457253, 51.5290611], [11.9486263, 51.5262097], [11.9491293, 51.5267243], [11.9500961, 51.5264066], [11.9502627, 51.5266517], [11.9505599, 51.5270115], [11.9508474, 51.5273413], [11.9511494, 51.5276794], [11.9511277, 51.5276866], [11.9514233, 51.528003], [11.9516388, 51.5279784], [11.9525679, 51.5292832], [11.9534628, 51.5307126], [11.9530337, 51.5308834], [11.9540738, 51.5328189], [11.954121, 51.5338156], [11.9539987, 51.5343555], [11.9535907, 51.5362652], [11.9543236, 51.5363246], [11.9551193, 51.5363902], [11.9553898, 51.5364124], [11.9556117, 51.5364537], [11.9563493, 51.5365265], [11.9573107, 51.536623], [11.9577011, 51.5367218], [11.9576846, 51.5367424], [11.9579898, 51.5368326], [11.9586968, 51.5369837], [11.9589054, 51.5370137], [11.9591941, 51.5370375], [11.9591966, 51.5370114], [11.959423, 51.5370382], [11.959597, 51.5370407], [11.9595766, 51.5370949], [11.9595552, 51.5372811], [11.9595153, 51.5375756], [11.9594408, 51.5380586], [11.9605243, 51.5380784], [11.961272, 51.5382872], [11.9615579, 51.5383648], [11.9615028, 51.5387624], [11.9615165, 51.5390344], [11.9628944, 51.5390679], [11.9636184, 51.5390869], [11.9642978, 51.5391051], [11.9647935, 51.5391201], [11.9651798, 51.5388324], [11.9657234, 51.5384408], [11.9674481, 51.5387077], [11.9685587, 51.5388395], [11.9709542, 51.5390837], [11.9720863, 51.5390619], [11.9819773, 51.5391846], [11.9855512, 51.5397057], [11.987495, 51.5400684], [11.9894944, 51.5403972], [11.9900027, 51.5404441], [11.9903877, 51.5404677], [11.9905311, 51.5402637], [11.9906705, 51.5400602], [11.993286, 51.5407712], [11.9944606, 51.5410889], [11.9952772, 51.5413278], [11.9957941, 51.5415169], [11.9965413, 51.5418009], [11.9974139, 51.542049], [11.9986593, 51.5423668], [11.9989315, 51.5424734], [11.9994014, 51.5427053], [12.0000315, 51.543146], [12.0006254, 51.5435116], [12.0014523, 51.5426195], [12.0017841, 51.542165], [12.0023341, 51.5412466], [12.0028413, 51.5404128], [12.0031172, 51.5400116], [12.0035908, 51.5393993], [12.0039394, 51.5390387], [12.0040737, 51.5389239], [12.0042964, 51.5387671], [12.0056844, 51.5394795], [12.0057658, 51.5395489], [12.0058488, 51.5395257], [12.0057647, 51.5394832], [12.0059085, 51.5394794], [12.0082015, 51.538867], [12.0093486, 51.5385587], [12.0096802, 51.5384652], [12.0097158, 51.5384913], [12.0104064, 51.5382992], [12.01055, 51.5383019], [12.0126833, 51.5413091], [12.0175961, 51.5399749], [12.017528, 51.5399342], [12.017517, 51.5399366], [12.0170233, 51.5393462], [12.0168255, 51.5390896], [12.0163116, 51.5383493], [12.0155386, 51.5370363], [12.0152622, 51.5365668], [12.0148621, 51.5358866], [12.0143297, 51.5349902], [12.0133134, 51.533546], [12.0123874, 51.5321615], [12.0117456, 51.531209], [12.0105156, 51.5294831], [12.0099303, 51.5286021], [12.0098291, 51.5282966], [12.0099089, 51.5281952], [12.0100536, 51.5281294], [12.0109998, 51.5279352], [12.0112617, 51.5279082], [12.0121886, 51.5276806], [12.0121209, 51.5270438], [12.0121334, 51.5268461], [12.0121414, 51.5266001], [12.0121414, 51.5263558], [12.012242, 51.5262472], [12.0124068, 51.5261984], [12.0126586, 51.5261673], [12.0128164, 51.5261502], [12.0129749, 51.5261724], [12.0135412, 51.5261945], [12.0148201, 51.5262416], [12.0162938, 51.5262526], [12.0174509, 51.5262444], [12.0192414, 51.526154], [12.0200515, 51.5261391], [12.0205879, 51.5261227], [12.0219997, 51.5261403], [12.02306, 51.52618], [12.0247449, 51.5262594], [12.025583, 51.5262936], [12.0255786, 51.5262672], [12.0255078, 51.5257348], [12.0254117, 51.5253089], [12.0251928, 51.5242676], [12.0249884, 51.5232977], [12.0248087, 51.5222188], [12.0247102, 51.5217476], [12.0246394, 51.5214118], [12.0245184, 51.5210071], [12.0234652, 51.5180469], [12.0227971, 51.5161495], [12.0236153, 51.5160126], [12.0246502, 51.5158436], [12.0253904, 51.515693], [12.026479, 51.5154038], [12.0263476, 51.5146589], [12.0264044, 51.5139457], [12.0266107, 51.5137759], [12.0267744, 51.5137148], [12.0269589, 51.5136074], [12.0276642, 51.513413], [12.0269796, 51.5112171], [12.0268696, 51.5108831], [12.0269424, 51.5107908], [12.0273368, 51.5106423], [12.0279409, 51.5103941], [12.0288836, 51.5099375], [12.0296937, 51.5097274], [12.0296253, 51.5095477], [12.0293426, 51.5084309], [12.0292503, 51.5081197], [12.029042, 51.5076955], [12.0289498, 51.5070433], [12.0288575, 51.5066829], [12.0288739, 51.5058658], [12.0289483, 51.5056147], [12.029008, 51.5055588], [12.0265847, 51.5046818], [12.0247085, 51.5039279], [12.0238255, 51.5036105], [12.0228655, 51.5032642], [12.0228711, 51.5032149], [12.0229352, 51.5030492], [12.0239644, 51.5031772], [12.024586, 51.5032228], [12.0260247, 51.5032323], [12.027161, 51.5031734], [12.0279552, 51.5031316], [12.0284805, 51.503104], [12.0289151, 51.5030799], [12.0294412, 51.5030736], [12.0297177, 51.5030593], [12.0296902, 51.5028939], [12.0299957, 51.5025215], [12.0315411, 51.5030035], [12.0319705, 51.5024664], [12.0328125, 51.5027226], [12.0330455, 51.5027243], [12.0333636, 51.5027286], [12.0338257, 51.5028634], [12.0340336, 51.5014092], [12.0341197, 51.5014098], [12.0341726, 51.5010184], [12.0341751, 51.5008507], [12.0342141, 51.5008521], [12.0341835, 51.5006798], [12.0341855, 51.5005737], [12.03419, 51.5002923], [12.0341953, 51.4997234], [12.0341752, 51.4996831], [12.0342104, 51.4988085], [12.0342415, 51.4982178], [12.034271, 51.497623], [12.0342925, 51.4972499], [12.0350082, 51.4972371], [12.0361465, 51.4971821], [12.0383311, 51.4970447], [12.0393774, 51.4969485], [12.040027, 51.49689], [12.0404335, 51.4968428], [12.042024, 51.4966586], [12.0434956, 51.4964662], [12.0450369, 51.4962136], [12.045909, 51.4960684], [12.0466012, 51.4959271], [12.0462154, 51.4955138], [12.0462498, 51.4954866], [12.0457517, 51.495219], [12.0454202, 51.4950666], [12.0449684, 51.494748], [12.0448166, 51.4946416], [12.0444293, 51.4943682], [12.0442095, 51.4942519], [12.0442354, 51.4942338], [12.0441548, 51.4941807], [12.0441513, 51.4941448], [12.0443373, 51.4941025], [12.0445361, 51.4940144], [12.0446339, 51.4939966], [12.0454314, 51.4939833], [12.0483875, 51.4938956], [12.0490202, 51.4938806], [12.0496528, 51.4938589], [12.0504435, 51.4938311], [12.0522466, 51.4937615], [12.0538835, 51.4936881], [12.0590063, 51.4933198], [12.0610391, 51.4931595], [12.0635112, 51.4930043], [12.0683664, 51.4927324], [12.0690905, 51.4927165], [12.069732, 51.4926907], [12.0722152, 51.4925509], [12.0697717, 51.4946164], [12.0722276, 51.4953662], [12.0761734, 51.4965374], [12.0767458, 51.4960406], [12.0810489, 51.4980518], [12.0832034, 51.4962035], [12.0859054, 51.4974515], [12.0873191, 51.4962799], [12.0873186, 51.4960041], [12.0806829, 51.49287], [12.0815819, 51.4921163], [12.0829029, 51.4920034], [12.0837851, 51.4919255], [12.0855466, 51.4917706], [12.0863412, 51.4917045], [12.0873789, 51.4916843], [12.0880928, 51.4916676], [12.0891518, 51.4916315], [12.0892171, 51.4916226], [12.0890585, 51.4911905], [12.0889128, 51.4907407], [12.0887828, 51.4903023], [12.0884039, 51.4889572], [12.0876978, 51.4862644], [12.0876249, 51.4861097], [12.087521, 51.4858875], [12.08735, 51.4855799], [12.0872701, 51.4854321], [12.087191, 51.4852817], [12.0870806, 51.4850709], [12.0869833, 51.484971], [12.0869123, 51.4850401], [12.0865815, 51.4851215], [12.085951, 51.4852377], [12.0852909, 51.4853049], [12.0848377, 51.4853398], [12.0846885, 51.4853055], [12.0844821, 51.4852413], [12.0841654, 51.4851647], [12.083935, 51.4851557], [12.0835999, 51.4852351], [12.0832634, 51.4854077], [12.0829887, 51.4855002], [12.0823685, 51.4856647], [12.0821748, 51.4856867], [12.0817323, 51.4857352], [12.0808212, 51.4858332], [12.0803906, 51.4858839], [12.0793812, 51.4859425], [12.0779688, 51.4860838], [12.0779137, 51.4860811], [12.0771842, 51.4861604], [12.0767304, 51.4862026], [12.072374, 51.4866056], [12.0718135, 51.4831678], [12.0764035, 51.4792936], [12.0765142, 51.4793221], [12.0771854, 51.4788922], [12.0827204, 51.4782007], [12.0825245, 51.4779612], [12.0820868, 51.4774147], [12.0817059, 51.4774684], [12.0803848, 51.4760124], [12.0803947, 51.476001], [12.0799223, 51.4757578], [12.079903, 51.4757723], [12.0790919, 51.4754066], [12.078429, 51.4748974], [12.0763301, 51.4756094], [12.0750643, 51.4760418], [12.0718978, 51.4761941], [12.0709297, 51.4748047], [12.0682288, 51.4750403], [12.0626395, 51.4755223], [12.0599459, 51.4757492], [12.0585729, 51.4758816], [12.0572147, 51.4760125], [12.0571975, 51.4759641], [12.0570417, 51.4759733], [12.0565864, 51.4756866], [12.0563475, 51.4755273], [12.0555572, 51.4759442], [12.0553904, 51.4758755], [12.0541591, 51.4753669], [12.0540985, 51.4756262], [12.054071, 51.4756873], [12.0540048, 51.475989], [12.0540114, 51.4762072], [12.053902, 51.4762096], [12.0529143, 51.4761478], [12.0530818, 51.4755436], [12.0531104, 51.475412], [12.0531903, 51.4750413], [12.0532726, 51.4745383], [12.0533228, 51.4740943], [12.0533845, 51.47328], [12.0532493, 51.4708434], [12.0531976, 51.470252], [12.0532147, 51.4697977], [12.0532835, 51.4689614], [12.0534496, 51.467912], [12.0537027, 51.4670877], [12.0538902, 51.4665474], [12.0540222, 51.4662489], [12.0540972, 51.46614], [12.0540882, 51.4661021], [12.0540828, 51.465916], [12.0540419, 51.4658854], [12.0538266, 51.4658345], [12.0537445, 51.4657322], [12.0536145, 51.4655729], [12.0534066, 51.4652109], [12.0531028, 51.4646873], [12.0535328, 51.4646183], [12.0542794, 51.4644993], [12.0555292, 51.4643022], [12.0558892, 51.4642536], [12.0562621, 51.4642407], [12.0565201, 51.4609705], [12.0559574, 51.4609064], [12.0563884, 51.4600791], [12.0561318, 51.4599737], [12.0558646, 51.4598651], [12.0550744, 51.4596136], [12.0547788, 51.4595074], [12.0539507, 51.4592075], [12.0531928, 51.4589654], [12.0522548, 51.4586467], [12.0515442, 51.4584944], [12.0510212, 51.4584058], [12.0506152, 51.4583719], [12.049624, 51.4584721], [12.0482983, 51.4585676], [12.0480349, 51.4585923], [12.0472599, 51.458665], [12.0466232, 51.4587364], [12.0458889, 51.4588196], [12.0451515, 51.4588442], [12.0445833, 51.4588631], [12.0437358, 51.4589066], [12.0436962, 51.4589009], [12.0428392, 51.4585581], [12.042356, 51.4583256], [12.0418603, 51.458179], [12.0416644, 51.4581108], [12.0411178, 51.4578601], [12.0409477, 51.4572673], [12.0409448, 51.4571453], [12.0409489, 51.4568348], [12.0409555, 51.456746], [12.0409582, 51.4563364], [12.0405636, 51.4555697], [12.0405802, 51.4551726], [12.0411211, 51.4531687], [12.0411525, 51.4525004], [12.0411313, 51.4523922], [12.0410042, 51.4524047], [12.0409215, 51.4521942], [12.0410164, 51.4521843], [12.0409949, 51.4520801], [12.0409867, 51.4519904], [12.0412496, 51.450095], [12.0411388, 51.4498886], [12.0406027, 51.449412], [12.0402877, 51.4488673], [12.0400931, 51.448475], [12.0398911, 51.4481634], [12.0396623, 51.4479554], [12.0398156, 51.447806], [12.0403259, 51.4472767], [12.0402834, 51.4472516], [12.0397486, 51.4478033], [12.0396104, 51.4479289], [12.0391973, 51.4477186], [12.0389859, 51.4476031], [12.0387467, 51.4475284], [12.0384869, 51.4474198], [12.0382593, 51.4473458], [12.0381062, 51.4472722], [12.0378326, 51.4471534], [12.0373591, 51.4469645], [12.0371957, 51.446908], [12.0371824, 51.4469344], [12.0369436, 51.4468858], [12.034141, 51.4464914], [12.0329012, 51.446365], [12.0326307, 51.4460325], [12.0325287, 51.4453551], [12.0320114, 51.4447122], [12.0317876, 51.4445325], [12.0315804, 51.4442978], [12.0315002, 51.4441752], [12.0314448, 51.4441921], [12.0313842, 51.4441077], [12.0314608, 51.4440799], [12.0314949, 51.443965], [12.0317141, 51.4433913], [12.0305945, 51.4423422], [12.0305553, 51.4420197], [12.0307609, 51.4416073], [12.0312701, 51.4411253], [12.0317709, 51.4406132], [12.0320074, 51.4398709], [12.032062, 51.4396029], [12.032013, 51.4394779], [12.0319519, 51.4393612], [12.0319857, 51.439211], [12.0321819, 51.4391873], [12.0323941, 51.4388703], [12.0323977, 51.438749], [12.0326019, 51.438219], [12.0326581, 51.438018], [12.0328129, 51.4375009], [12.0329187, 51.4373809], [12.0328844, 51.437365], [12.0282071, 51.4373964], [12.0263871, 51.4374094], [12.0245697, 51.43742], [12.0237216, 51.4348053], [12.023919, 51.4345746], [12.025518, 51.4332908], [12.0261663, 51.4327716], [12.0266881, 51.4323783], [12.0271636, 51.4319979], [12.0273118, 51.4318873], [12.0274475, 51.4317465], [12.0275204, 51.4316384], [12.0275986, 51.43145], [12.0276303, 51.4312985], [12.0276673, 51.4311445], [12.0279085, 51.4306358], [12.028173, 51.4299891], [12.0282904, 51.429637], [12.0283668, 51.4293274], [12.028615, 51.4286356], [12.0286383, 51.4284753], [12.028628, 51.4282855], [12.0285763, 51.4281416], [12.0284731, 51.428002], [12.0283593, 51.4278872], [12.0282459, 51.4278058], [12.0281571, 51.4277507], [12.0279287, 51.4276308], [12.0276115, 51.4274667], [12.0269799, 51.4271336], [12.026828, 51.4270336], [12.0267078, 51.4269327], [12.0266197, 51.4268437], [12.0265374, 51.4267239], [12.0264839, 51.426614], [12.0263875, 51.426418], [12.026397, 51.4264025], [12.0263605, 51.426339], [12.0262811, 51.4263115], [12.0261154, 51.4260499], [12.0260244, 51.4259062], [12.0259175, 51.4257333], [12.025823, 51.4255992], [12.0257638, 51.425517], [12.025574, 51.4252926], [12.0253469, 51.4250732], [12.0249702, 51.4248079], [12.0245806, 51.4245375], [12.0242063, 51.4242798], [12.0239762, 51.424113], [12.0237779, 51.423939], [12.0236577, 51.4237799], [12.0235905, 51.4236846], [12.0233908, 51.4233988], [12.0230172, 51.4228584], [12.0221616, 51.4216528], [12.0217976, 51.4211647], [12.0220397, 51.4210606], [12.0217133, 51.4204083]]]}, "properties": {"name": "Halle (Saale)", "relation": 62638, "source": "OpenStreetMap (ODbL), relation 62638 — нынешняя граница, приближение городского округа 1953 года", "area_deg2": 0.0175}}, {"type": "Feature", "geometry": {"type": "Polygon", "coordinates": [[[12.4567584, 51.409784], [12.461625, 51.4076503], [12.4655464, 51.4042996], [12.466237, 51.4034179], [12.4702388, 51.4038038], [12.470325, 51.4037814], [12.4703465, 51.4036614], [12.4704074, 51.4034774], [12.4710268, 51.4033827], [12.47121, 51.4026169], [12.4712245, 51.4021364], [12.4698908, 51.4020187], [12.4688805, 51.4017838], [12.4685241, 51.4015836], [12.4680388, 51.4008054], [12.4685676, 51.3970215], [12.4692494, 51.3959338], [12.4699535, 51.3941506], [12.4696048, 51.3941767], [12.4692589, 51.3941663], [12.4690682, 51.3941275], [12.468891, 51.3940629], [12.4684721, 51.3938279], [12.4684446, 51.3937202], [12.4687697, 51.3935006], [12.4687794, 51.3934219], [12.4686072, 51.393378], [12.4680054, 51.3933962], [12.4676779, 51.3934764], [12.4674449, 51.3934507], [12.4673419, 51.3932334], [12.4660974, 51.3930296], [12.4654825, 51.3929901], [12.4653437, 51.3930586], [12.4652126, 51.3932145], [12.4652151, 51.3933447], [12.4654698, 51.3935309], [12.4655184, 51.3936324], [12.4653922, 51.3936339], [12.4649166, 51.3933992], [12.4648996, 51.393101], [12.4645211, 51.3928269], [12.4646522, 51.3927103], [12.465444, 51.39252], [12.4656017, 51.3928853], [12.4658786, 51.3928317], [12.4654604, 51.3922911], [12.4648738, 51.3919636], [12.4645306, 51.3918181], [12.4642202, 51.3917988], [12.4640291, 51.3917307], [12.4641306, 51.3915971], [12.4638956, 51.3915887], [12.4637043, 51.3917065], [12.4635497, 51.3916606], [12.4635498, 51.391423], [12.4633371, 51.3913441], [12.4643163, 51.3906467], [12.464967, 51.3908756], [12.4667032, 51.3831422], [12.4766128, 51.3824297], [12.4765514, 51.3823414], [12.4761246, 51.3823663], [12.4755363, 51.381666], [12.4751959, 51.3812177], [12.4750914, 51.380866], [12.475139, 51.3805451], [12.47512, 51.3802687], [12.4749105, 51.379823], [12.4749438, 51.3793891], [12.4746516, 51.3789589], [12.473606, 51.3782302], [12.4732047, 51.37769], [12.4731931, 51.3772195], [12.4732607, 51.3768072], [12.4733728, 51.3760746], [12.4731462, 51.375343], [12.4723742, 51.374454], [12.4716091, 51.3734115], [12.4710581, 51.3729813], [12.4707445, 51.3726282], [12.4706623, 51.3723134], [12.4705582, 51.3718509], [12.4705623, 51.3717517], [12.4706525, 51.3716297], [12.4711945, 51.3712398], [12.4713343, 51.3710728], [12.4714826, 51.3709647], [12.4716757, 51.3709193], [12.4711975, 51.3706692], [12.4671101, 51.3690525], [12.467935, 51.3684059], [12.4681562, 51.368257], [12.468488, 51.3681565], [12.468838, 51.3681461], [12.4695481, 51.3683331], [12.4698113, 51.3683879], [12.4700109, 51.3683799], [12.4704474, 51.3682189], [12.4709317, 51.367998], [12.4713427, 51.367777], [12.4721676, 51.367334], [12.4739824, 51.3663652], [12.4748943, 51.3658352], [12.4756931, 51.3654383], [12.4805545, 51.3627606], [12.4837328, 51.3610099], [12.4872913, 51.3608963], [12.4915532, 51.3606687], [12.4919607, 51.3606173], [12.494066, 51.3606098], [12.4962386, 51.3604145], [12.4978285, 51.3604567], [12.4988815, 51.3605566], [12.4989043, 51.3605269], [12.5042543, 51.3535457], [12.5055746, 51.3518544], [12.5068734, 51.3500614], [12.5085476, 51.3480051], [12.5091068, 51.3473183], [12.5122687, 51.3470891], [12.5139188, 51.3472482], [12.5179494, 51.3478724], [12.5226367, 51.3483994], [12.5257598, 51.3488945], [12.5272787, 51.3480565], [12.5265721, 51.346973], [12.5265348, 51.3451889], [12.5261581, 51.3446252], [12.5265438, 51.3445241], [12.5269151, 51.3445925], [12.5275436, 51.3443843], [12.5278197, 51.3441761], [12.5277513, 51.3440875], [12.5276034, 51.3438957], [12.528059, 51.3439728], [12.528089, 51.3438523], [12.5276073, 51.3435995], [12.5278303, 51.3432348], [12.5281892, 51.3429477], [12.5287811, 51.3425952], [12.5299134, 51.3419209], [12.5306128, 51.3416721], [12.5316445, 51.3413892], [12.53251, 51.34097], [12.5336081, 51.3410254], [12.5350826, 51.3416557], [12.5365228, 51.3418446], [12.536874, 51.3415995], [12.5372679, 51.3413245], [12.5384023, 51.3408773], [12.5385882, 51.3406139], [12.5360518, 51.3393627], [12.5373017, 51.3387898], [12.536896, 51.3386016], [12.537627, 51.3380722], [12.5374698, 51.3379194], [12.5368389, 51.3379231], [12.5366902, 51.3376703], [12.5371186, 51.3377372], [12.5373091, 51.3375141], [12.5369818, 51.3372836], [12.537446, 51.3370866], [12.5374162, 51.337555], [12.5376126, 51.3375513], [12.5377673, 51.3371423], [12.5379816, 51.3371423], [12.5382554, 51.3375152], [12.5384934, 51.3375327], [12.5389043, 51.3370831], [12.5375939, 51.3350639], [12.5360148, 51.3347233], [12.5350808, 51.3341859], [12.5336462, 51.3333604], [12.5318453, 51.3328688], [12.5299089, 51.3323825], [12.5277866, 51.3318495], [12.526657, 51.3312631], [12.5267666, 51.3311988], [12.532482, 51.3291596], [12.5389145, 51.326114], [12.5424918, 51.3241335], [12.5422794, 51.32398], [12.5421018, 51.3238222], [12.542041, 51.3238039], [12.5419741, 51.3236782], [12.5419378, 51.323649], [12.5417619, 51.3235351], [12.5415558, 51.3233796], [12.5413864, 51.3232636], [12.541134, 51.3230132], [12.5404846, 51.3224337], [12.5402499, 51.3222318], [12.5401805, 51.322179], [12.5400453, 51.3220826], [12.5398972, 51.3219575], [12.5397317, 51.3218119], [12.5391113, 51.3212823], [12.5389645, 51.3211487], [12.5388591, 51.3210771], [12.5387553, 51.3209708], [12.5386685, 51.3208899], [12.5383635, 51.320619], [12.5375839, 51.3199072], [12.5373138, 51.3196662], [12.5371792, 51.3195505], [12.5368556, 51.319245], [12.5367818, 51.3192017], [12.5365714, 51.3191075], [12.5361948, 51.3189021], [12.5360626, 51.3188074], [12.5360513, 51.318591], [12.536003, 51.3183868], [12.5359449, 51.3182834], [12.535755, 51.3180872], [12.5354528, 51.3178972], [12.5350463, 51.3177142], [12.5347716, 51.3175957], [12.5346374, 51.3175497], [12.5345146, 51.317511], [12.5344122, 51.3174592], [12.5342707, 51.3173338], [12.5341644, 51.3172029], [12.5340331, 51.3168662], [12.5339401, 51.3167773], [12.5337894, 51.3166892], [12.5335695, 51.3166225], [12.5334284, 51.3165998], [12.5332471, 51.3165932], [12.5330935, 51.3166098], [12.5329669, 51.3166443], [12.5326856, 51.3167649], [12.5315423, 51.3173409], [12.5313728, 51.3174717], [12.5313147, 51.3175338], [12.5312613, 51.3176204], [12.5310716, 51.3177607], [12.5308454, 51.3178419], [12.5313224, 51.3173375], [12.5314472, 51.3171977], [12.5316611, 51.3169379], [12.5318005, 51.3167219], [12.5320237, 51.3164766], [12.5321659, 51.3162897], [12.532614, 51.3157481], [12.5328171, 51.3154928], [12.5331801, 51.3150148], [12.533698, 51.3144045], [12.5339807, 51.3140894], [12.535147, 51.3129619], [12.5353593, 51.3127361], [12.5355398, 51.3124859], [12.5356541, 51.3123581], [12.5357629, 51.3122096], [12.5363201, 51.3115395], [12.5365993, 51.3111967], [12.5366709, 51.3110988], [12.5367944, 51.3109618], [12.5369926, 51.3106984], [12.5371286, 51.3105529], [12.5374437, 51.3101809], [12.5374726, 51.3101519], [12.5377197, 51.3098749], [12.5379083, 51.3096848], [12.5380973, 51.3094731], [12.5385103, 51.3090728], [12.5393323, 51.3082175], [12.539515, 51.3080122], [12.5396929, 51.3077904], [12.5397192, 51.3077644], [12.5397516, 51.3077385], [12.5397843, 51.3077167], [12.5396994, 51.3075453], [12.539652, 51.3074626], [12.5396182, 51.3074158], [12.5395986, 51.3073269], [12.5395688, 51.3072769], [12.5394677, 51.3071833], [12.5393948, 51.3071283], [12.5393428, 51.3070743], [12.5392212, 51.3069786], [12.5391877, 51.3069244], [12.539122, 51.3068698], [12.5390357, 51.3067876], [12.5389953, 51.3067092], [12.5389506, 51.3065486], [12.5389304, 51.306463], [12.5389085, 51.3063872], [12.5389023, 51.3063102], [12.5389048, 51.3062438], [12.5389026, 51.306178], [12.53882, 51.3060992], [12.5385869, 51.3061017], [12.5383785, 51.3060853], [12.5378684, 51.306056], [12.5371372, 51.3060297], [12.5365809, 51.3059802], [12.5362379, 51.3059771], [12.5360415, 51.3059552], [12.5357052, 51.30593], [12.5353489, 51.3058991], [12.5349794, 51.3058743], [12.534437, 51.30582], [12.5341769, 51.3058054], [12.5339117, 51.3057942], [12.5335989, 51.3057655], [12.5335261, 51.3057546], [12.5335024, 51.3057478], [12.5334085, 51.3057203], [12.533255, 51.3057101], [12.5324796, 51.305657], [12.5320117, 51.3056286], [12.5317274, 51.3056057], [12.5308769, 51.3055419], [12.5302558, 51.3054829], [12.5299975, 51.3054495], [12.5297067, 51.3054141], [12.5291838, 51.3053494], [12.5291174, 51.3053412], [12.5282755, 51.305237], [12.5278089, 51.3051768], [12.5274171, 51.3051262], [12.5268291, 51.3050502], [12.5258551, 51.3049344], [12.5252751, 51.3048666], [12.5250167, 51.3048358], [12.5246488, 51.3047876], [12.5243823, 51.3047508], [12.5239408, 51.3046869], [12.5238627, 51.3046774], [12.5232341, 51.3046342], [12.5226833, 51.3045889], [12.5221092, 51.3045388], [12.521585, 51.3044927], [12.5213178, 51.3044676], [12.5211633, 51.3044521], [12.5207208, 51.3043876], [12.5197134, 51.3042757], [12.5196314, 51.3042731], [12.5193523, 51.3042618], [12.5190205, 51.3042544], [12.5187337, 51.3042515], [12.5184307, 51.3042524], [12.5181664, 51.3042438], [12.517949, 51.3042513], [12.5178729, 51.3042537], [12.5171244, 51.3042866], [12.5170188, 51.3042867], [12.5169835, 51.3042867], [12.5160782, 51.3043099], [12.5152397, 51.3043247], [12.51507, 51.3043114], [12.5146644, 51.3043209], [12.5146077, 51.3043222], [12.5143775, 51.3043175], [12.5142561, 51.3043152], [12.5140898, 51.304293], [12.5138516, 51.3042613], [12.5136404, 51.3042221], [12.5134732, 51.3041583], [12.5134416, 51.3041462], [12.5132504, 51.3040518], [12.5128993, 51.3039542], [12.5128189, 51.3039319], [12.5127433, 51.3039409], [12.5124988, 51.3039243], [12.5119651, 51.303886], [12.5118325, 51.3038788], [12.5116792, 51.3038705], [12.5113995, 51.3038743], [12.5111365, 51.3038834], [12.5109242, 51.3038735], [12.5107592, 51.3038414], [12.5103295, 51.3037059], [12.5101495, 51.3036336], [12.5099283, 51.30352], [12.509873, 51.3035025], [12.5092449, 51.3035171], [12.5077737, 51.3036062], [12.507488, 51.3036236], [12.5071806, 51.303644], [12.5066064, 51.3036907], [12.5049129, 51.3038197], [12.5048946, 51.3028808], [12.5048713, 51.3024357], [12.5048764, 51.3022293], [12.5048819, 51.3017655], [12.5049146, 51.3015242], [12.5049971, 51.3009216], [12.5051759, 51.3003071], [12.5052261, 51.2997844], [12.5052113, 51.2997591], [12.5052051, 51.2997361], [12.5050875, 51.2995026], [12.5049367, 51.2993033], [12.5048388, 51.2991775], [12.5047507, 51.2990642], [12.5045222, 51.2987577], [12.504479, 51.2986665], [12.5042751, 51.2983373], [12.5041531, 51.2981286], [12.5039129, 51.2977383], [12.5038279, 51.2975958], [12.5037497, 51.2974647], [12.503629, 51.2972195], [12.503379, 51.2967014], [12.5032947, 51.2965438], [12.5030721, 51.2961061], [12.50301, 51.2960033], [12.5028739, 51.2956183], [12.5027928, 51.2953915], [12.5027215, 51.2952056], [12.5025991, 51.294824], [12.5023851, 51.2942315], [12.5023267, 51.2940696], [12.5022243, 51.2936796], [12.5021458, 51.2934529], [12.5021012, 51.2933239], [12.5020564, 51.2931944], [12.5020114, 51.293064], [12.5019738, 51.2929424], [12.5018289, 51.2925992], [12.5016584, 51.2921931], [12.5015975, 51.2920553], [12.5013859, 51.2916139], [12.5012149, 51.2910692], [12.5010417, 51.2904956], [12.5008209, 51.2904963], [12.5006465, 51.2904441], [12.5005693, 51.2903823], [12.5005046, 51.2897392], [12.5004234, 51.2892139], [12.4996305, 51.2893008], [12.4995207, 51.2893128], [12.4988313, 51.2893668], [12.4979645, 51.2894211], [12.4976932, 51.2893633], [12.4965777, 51.2891254], [12.4966237, 51.2889978], [12.4967022, 51.2887805], [12.4967656, 51.2886048], [12.4967743, 51.2885764], [12.4968175, 51.2884355], [12.4969196, 51.2881029], [12.4969708, 51.2879346], [12.4970112, 51.2877907], [12.4970207, 51.287757], [12.4970809, 51.2875813], [12.4971372, 51.287412], [12.4971778, 51.2872796], [12.4971965, 51.2872343], [12.497273, 51.2870682], [12.4973496, 51.286894], [12.4974233, 51.2867247], [12.4974981, 51.2865532], [12.4975201, 51.2865176], [12.4976039, 51.2863901], [12.4977084, 51.2862241], [12.4978197, 51.2860589], [12.4979241, 51.2858937], [12.49801, 51.28576], [12.498036, 51.2857331], [12.4981636, 51.2855696], [12.4982517, 51.2854538], [12.4982865, 51.2854088], [12.4985635, 51.2850948], [12.4985817, 51.2850721], [12.4987063, 51.2849349], [12.4988498, 51.2847794], [12.4989899, 51.2846204], [12.4990695, 51.2845347], [12.4991513, 51.2844663], [12.4992424, 51.28439], [12.4992967, 51.2843446], [12.4993355, 51.2843121], [12.4995166, 51.2841605], [12.499695, 51.284012], [12.4998816, 51.2838568], [12.4999032, 51.2838389], [12.4999895, 51.2837671], [12.5000776, 51.2836939], [12.5001742, 51.2836129], [12.5002314, 51.2835648], [12.500333, 51.2834797], [12.5003112, 51.2834316], [12.5002798, 51.2833623], [12.5001561, 51.2833773], [12.4999559, 51.283348], [12.4997939, 51.2833278], [12.4995582, 51.2832985], [12.4994848, 51.2832873], [12.4992969, 51.2832587], [12.4990393, 51.2832195], [12.498801, 51.2831833], [12.4986569, 51.2831614], [12.4986127, 51.2831552], [12.4984184, 51.2831279], [12.4979445, 51.2830613], [12.4978331, 51.2830457], [12.4978451, 51.2827964], [12.497848, 51.2827354], [12.4978524, 51.2826426], [12.4978594, 51.2824968], [12.4978644, 51.2821084], [12.4975873, 51.2820646], [12.4972723, 51.2820149], [12.49698, 51.2819766], [12.4967603, 51.2819431], [12.4966362, 51.2819241], [12.496502, 51.2819037], [12.496337, 51.2818784], [12.4962862, 51.2818732], [12.4962274, 51.2818672], [12.4959826, 51.2818422], [12.4959534, 51.2818367], [12.4958587, 51.2818189], [12.4955138, 51.2817541], [12.4954723, 51.2817463], [12.4953845, 51.2817298], [12.4951371, 51.2816833], [12.495069, 51.2816725], [12.4949904, 51.28166], [12.4949068, 51.2816468], [12.4946486, 51.2816057], [12.4944152, 51.2815794], [12.4941031, 51.2815441], [12.4940598, 51.2815798], [12.493971, 51.2813048], [12.4939369, 51.2811991], [12.4938183, 51.2808119], [12.4936467, 51.2803491], [12.4936064, 51.2802235], [12.4935983, 51.2801979], [12.4935178, 51.2799458], [12.4934271, 51.2796895], [12.4933671, 51.2795202], [12.4933781, 51.2794247], [12.493467, 51.2786528], [12.4934713, 51.2785818], [12.4934901, 51.2782745], [12.4935039, 51.2780499], [12.4935088, 51.277969], [12.4935255, 51.2777467], [12.4935538, 51.2773681], [12.4934041, 51.2773552], [12.4931549, 51.2773339], [12.4928896, 51.2773277], [12.4922768, 51.2773136], [12.4920724, 51.2772928], [12.4919483, 51.2772802], [12.491844, 51.2772805], [12.4917532, 51.2772809], [12.4914722, 51.2767121], [12.491002, 51.2759215], [12.4909685, 51.2757983], [12.4909212, 51.2756242], [12.4908183, 51.2756227], [12.490593, 51.2752556], [12.4905144, 51.2751867], [12.4900073, 51.2742317], [12.4895019, 51.2731669], [12.4894982, 51.2731615], [12.4893909, 51.2730044], [12.4893837, 51.2729824], [12.489367, 51.2729306], [12.4892677, 51.2726239], [12.4892106, 51.2724913], [12.4889075, 51.2718104], [12.4887142, 51.271448], [12.4876687, 51.2695702], [12.4875639, 51.2693612], [12.4875006, 51.269235], [12.4874572, 51.2691608], [12.4874105, 51.2690674], [12.4873912, 51.269026], [12.487381, 51.269003], [12.4873701, 51.2689791], [12.4873519, 51.2689394], [12.4872208, 51.2688474], [12.4867713, 51.2680664], [12.4867301, 51.2679948], [12.4866791, 51.2679054], [12.4866001, 51.2677726], [12.4865627, 51.2677096], [12.4863384, 51.2673101], [12.4859249, 51.2666053], [12.4858628, 51.2664994], [12.4854477, 51.2657863], [12.4854177, 51.2657347], [12.484961, 51.265461], [12.4847017, 51.2651291], [12.4844931, 51.2648539], [12.4842398, 51.264529], [12.4842281, 51.2645005], [12.484485, 51.2643827], [12.4850489, 51.2642165], [12.4851379, 51.2633846], [12.485219, 51.2626363], [12.4855133, 51.2617718], [12.4860445, 51.2617566], [12.4865655, 51.2617664], [12.4869347, 51.2618001], [12.4873941, 51.2618843], [12.4877811, 51.2620041], [12.4881576, 51.2621218], [12.4882431, 51.2621486], [12.4886746, 51.2622754], [12.4888838, 51.2623369], [12.4897105, 51.262602], [12.4898198, 51.262637], [12.4903988, 51.2627709], [12.49103, 51.2628937], [12.4923711, 51.2614265], [12.4934828, 51.2601969], [12.4927952, 51.2602163], [12.4925657, 51.2601832], [12.4923311, 51.2600335], [12.4922001, 51.2599929], [12.4921712, 51.2598926], [12.4920455, 51.2597979], [12.4918371, 51.2597682], [12.491658, 51.2597045], [12.4913857, 51.2595253], [12.4908503, 51.259327], [12.4905677, 51.2591538], [12.4901922, 51.2588706], [12.489642, 51.2586924], [12.4890037, 51.2585873], [12.4889041, 51.2583707], [12.4887639, 51.258209], [12.4886101, 51.2580764], [12.4885062, 51.2579939], [12.4881637, 51.2576254], [12.4879553, 51.2576035], [12.4865522, 51.25763], [12.486482, 51.2576314], [12.4863972, 51.2576327], [12.4848284, 51.257658], [12.4839171, 51.2576726], [12.4830933, 51.2576858], [12.4823126, 51.2577153], [12.4817614, 51.2576816], [12.4811715, 51.2576342], [12.4807408, 51.2576107], [12.4793314, 51.257683], [12.478718, 51.2577145], [12.4785467, 51.2577644], [12.4783179, 51.2578377], [12.4779466, 51.2579235], [12.477876, 51.2579494], [12.4778167, 51.2579963], [12.4777846, 51.2580615], [12.4777512, 51.2581127], [12.4775931, 51.2582214], [12.4773977, 51.2583868], [12.4770924, 51.2586701], [12.4769988, 51.2588218], [12.4771284, 51.2592059], [12.4771637, 51.2594074], [12.4772328, 51.259696], [12.4772686, 51.2597881], [12.477316, 51.2599097], [12.477497, 51.2604341], [12.4775582, 51.2606112], [12.4776867, 51.2609352], [12.4776934, 51.260952], [12.477785, 51.2611829], [12.4778706, 51.2613659], [12.4779882, 51.2616918], [12.4780637, 51.2620424], [12.4780757, 51.2622102], [12.4780769, 51.2622329], [12.4780847, 51.2623751], [12.4780512, 51.2625908], [12.4780544, 51.2628401], [12.478067, 51.263047], [12.4780867, 51.2631036], [12.4781292, 51.263139], [12.4780191, 51.2631508], [12.4771958, 51.2628627], [12.4771395, 51.2628491], [12.4766483, 51.2626816], [12.4760004, 51.2624796], [12.4759592, 51.2624672], [12.4757264, 51.2624043], [12.4753893, 51.2623132], [12.4753528, 51.2623031], [12.4747742, 51.2621497], [12.4745701, 51.262102], [12.4742831, 51.2620372], [12.4742146, 51.2620205], [12.4736028, 51.2619166], [12.473119, 51.2618132], [12.4729922, 51.261786], [12.4723646, 51.2616656], [12.4721702, 51.2616423], [12.4716532, 51.2615804], [12.4713362, 51.2615763], [12.4710656, 51.2615729], [12.4705429, 51.2615693], [12.4705, 51.2615697], [12.4698715, 51.2615943], [12.4698117, 51.2616002], [12.4693364, 51.2616471], [12.4690857, 51.26169], [12.4687804, 51.2617422], [12.4685596, 51.2617849], [12.4683975, 51.2618035], [12.4682738, 51.2618066], [12.4681383, 51.2618171], [12.4680402, 51.2618174], [12.4679736, 51.26183], [12.4677977, 51.2618761], [12.4677615, 51.2618843], [12.4676155, 51.2620292], [12.4674216, 51.2621594], [12.4673152, 51.2622151], [12.4669663, 51.26234], [12.4664336, 51.2624945], [12.466248, 51.2625483], [12.4659949, 51.2626525], [12.465857, 51.2626855], [12.4658138, 51.2627018], [12.4655299, 51.2628084], [12.4654018, 51.2628782], [12.4652022, 51.2629869], [12.4649828, 51.2631004], [12.4648278, 51.2631611], [12.4647239, 51.2632018], [12.4643558, 51.2632997], [12.4634986, 51.2635826], [12.4633304, 51.2636381], [12.4632193, 51.2636651], [12.4630827, 51.2636983], [12.4629978, 51.263719], [12.4628639, 51.2637516], [12.4626226, 51.2637973], [12.4625992, 51.2638017], [12.4623839, 51.2638423], [12.4622182, 51.2638875], [12.4621645, 51.2639094], [12.4616064, 51.2641368], [12.4613004, 51.2642471], [12.4609997, 51.2643531], [12.4606698, 51.2644616], [12.4603952, 51.264549], [12.4602811, 51.264576], [12.4601625, 51.2646083], [12.4600227, 51.2646382], [12.4598837, 51.2646695], [12.4597462, 51.2646975], [12.4595504, 51.2647474], [12.4594159, 51.2647816], [12.4592966, 51.2648121], [12.4592673, 51.2648195], [12.4589633, 51.2648968], [12.4587677, 51.2649585], [12.4585487, 51.2650288], [12.4584006, 51.2650763], [12.4580872, 51.2651911], [12.4578385, 51.2652873], [12.457065, 51.2655893], [12.4569457, 51.2656378], [12.4568335, 51.2656783], [12.4565646, 51.2657757], [12.4565416, 51.265784], [12.4562326, 51.265895], [12.4561835, 51.2659118], [12.4558428, 51.2660122], [12.4556733, 51.2660621], [12.4552672, 51.2661842], [12.455197, 51.2662063], [12.4551078, 51.2662382], [12.4543237, 51.2665174], [12.4541584, 51.2665718], [12.4535726, 51.2667785], [12.4530873, 51.2669497], [12.4529915, 51.2669835], [12.45298, 51.2669875], [12.4526836, 51.2670654], [12.4524788, 51.2671192], [12.4524502, 51.2671266], [12.452319, 51.267169], [12.4518008, 51.2673361], [12.4517032, 51.2673674], [12.4516894, 51.2673719], [12.4508738, 51.2676268], [12.4507651, 51.2676606], [12.4504763, 51.2677489], [12.4502026, 51.2678352], [12.4499005, 51.2679014], [12.4497182, 51.2679617], [12.4495651, 51.2680177], [12.449248, 51.2681003], [12.4491549, 51.2681247], [12.4488702, 51.2681989], [12.4486492, 51.2682256], [12.4485741, 51.2682276], [12.4484247, 51.2682399], [12.4481198, 51.2682701], [12.4480533, 51.2682767], [12.4487421, 51.2712694], [12.4486428, 51.2712887], [12.4488376, 51.2725199], [12.4492932, 51.2742494], [12.4491243, 51.2750661], [12.4489461, 51.2758088], [12.4488722, 51.2761218], [12.4487281, 51.2767325], [12.4478205, 51.2805772], [12.4477483, 51.2808046], [12.4475486, 51.2814271], [12.4473588, 51.2820039], [12.447185, 51.2825034], [12.4470672, 51.2828685], [12.4467043, 51.2828543], [12.4463641, 51.2828214], [12.4458775, 51.2827798], [12.4453907, 51.2827504], [12.4449161, 51.2827375], [12.4442724, 51.2827509], [12.4437053, 51.2827811], [12.44321, 51.2828306], [12.4428139, 51.282883], [12.4424823, 51.2829333], [12.442132, 51.2829875], [12.441442, 51.2830966], [12.4406696, 51.2832301], [12.4393116, 51.283492], [12.4379155, 51.28376], [12.4367658, 51.2840075], [12.4359366, 51.2841105], [12.4356792, 51.2841486], [12.4354278, 51.2841763], [12.4350208, 51.28424], [12.434548, 51.2843415], [12.4342529, 51.284416], [12.434188, 51.2844326], [12.4339952, 51.2844798], [12.4337299, 51.2845521], [12.433394, 51.2846141], [12.4330876, 51.2846775], [12.4327677, 51.2847559], [12.432409, 51.2848758], [12.4322078, 51.2849446], [12.4320034, 51.2850269], [12.4319162, 51.2857113], [12.4308825, 51.2859012], [12.4303431, 51.2859935], [12.4300387, 51.2860579], [12.4297629, 51.2860661], [12.4295569, 51.2860174], [12.4251985, 51.2855674], [12.4232628, 51.2853597], [12.4228783, 51.2853185], [12.4211515, 51.2851309], [12.4210241, 51.2851176], [12.4193513, 51.2849385], [12.4189998, 51.2849015], [12.4187668, 51.2848756], [12.417764, 51.2847849], [12.4172283, 51.2847485], [12.4166492, 51.2847997], [12.4166549, 51.2847271], [12.4167249, 51.2836994], [12.4167448, 51.283472], [12.4157351, 51.2836678], [12.4143666, 51.2837832], [12.4149179, 51.2801303], [12.4137125, 51.280017], [12.4137932, 51.2795997], [12.4138496, 51.2794202], [12.4139357, 51.2792684], [12.4137986, 51.2792557], [12.4134617, 51.2790831], [12.4133024, 51.2790896], [12.413238, 51.2790376], [12.4130824, 51.279036], [12.4128947, 51.2791232], [12.4128464, 51.2789789], [12.4126908, 51.2790192], [12.4125119, 51.2790151], [12.4125902, 51.279978], [12.4123002, 51.279983], [12.4122886, 51.2804303], [12.4110708, 51.2804017], [12.4098796, 51.2803818], [12.4097215, 51.2813446], [12.4096575, 51.2816719], [12.4096104, 51.2818624], [12.4095964, 51.2819189], [12.4095097, 51.2823173], [12.4088222, 51.2822706], [12.4085238, 51.2822509], [12.4083648, 51.282243], [12.4078727, 51.282201], [12.4076474, 51.2821792], [12.4074429, 51.2821628], [12.4072941, 51.2821503], [12.4069863, 51.2821268], [12.4067791, 51.2821152], [12.4061924, 51.2820572], [12.4061018, 51.2820442], [12.4060405, 51.2820358], [12.4060145, 51.2820323], [12.4050263, 51.2815013], [12.40403, 51.2821593], [12.4036981, 51.282373], [12.4034929, 51.2824573], [12.40323, 51.2825069], [12.4029249, 51.2825189], [12.4013852, 51.2823377], [12.4011899, 51.2829138], [12.3992193, 51.2826855], [12.3962326, 51.2825603], [12.3955286, 51.2825106], [12.3954655, 51.2825061], [12.3953896, 51.2825137], [12.3952919, 51.2825238], [12.3952746, 51.2825256], [12.3940279, 51.2824191], [12.3938355, 51.2819044], [12.3937228, 51.2814389], [12.3934914, 51.2812203], [12.3933338, 51.2808569], [12.3932449, 51.2804637], [12.3932487, 51.2800219], [12.3932081, 51.2798228], [12.3931079, 51.2796834], [12.3915367, 51.2795402], [12.3911823, 51.2799102], [12.3914552, 51.281442], [12.3914288, 51.2816644], [12.3898746, 51.2815435], [12.3898747, 51.2808281], [12.3888617, 51.2808759], [12.3881965, 51.2809072], [12.3876424, 51.2808847], [12.3871123, 51.2808491], [12.3870969, 51.2807343], [12.3862414, 51.2807218], [12.3851898, 51.2807681], [12.3848596, 51.2808079], [12.384652, 51.2808916], [12.3846055, 51.2809619], [12.3845589, 51.2810321], [12.3848133, 51.2813551], [12.3846534, 51.2814052], [12.3848286, 51.2816648], [12.3851752, 51.2819507], [12.385118, 51.2819888], [12.3844667, 51.2816077], [12.3840516, 51.2817244], [12.3840059, 51.2821365], [12.3842119, 51.2825406], [12.3838044, 51.2826945], [12.3833921, 51.282682], [12.3824831, 51.2827993], [12.382233, 51.2828967], [12.3819172, 51.282968], [12.3816697, 51.283113], [12.3813798, 51.2832145], [12.3811481, 51.2833274], [12.3810183, 51.2834598], [12.3809033, 51.2835404], [12.3808176, 51.2837587], [12.3805571, 51.2840544], [12.3802861, 51.2843018], [12.3797709, 51.2850033], [12.3793765, 51.2854496], [12.3776079, 51.2874511], [12.3772109, 51.2879604], [12.377079, 51.2881876], [12.3769821, 51.2884001], [12.3765482, 51.2897184], [12.3764761, 51.2901152], [12.3764645, 51.2914273], [12.3763704, 51.2914249], [12.3759036, 51.2910572], [12.3754274, 51.291145], [12.3753742, 51.2910737], [12.3752415, 51.2913029], [12.3749476, 51.2915836], [12.3747692, 51.2917731], [12.3746754, 51.2918897], [12.3744999, 51.2921264], [12.3741232, 51.2925988], [12.3740575, 51.2927061], [12.3738323, 51.2931655], [12.3737485, 51.2936325], [12.3717642, 51.2936568], [12.3717264, 51.2935133], [12.371618, 51.293065], [12.3715846, 51.2929506], [12.3715485, 51.2928685], [12.3714894, 51.2927883], [12.3712669, 51.2924898], [12.3711654, 51.2923522], [12.3711382, 51.2923589], [12.3709121, 51.2920673], [12.3696396, 51.2904181], [12.3688567, 51.2894039], [12.3686488, 51.2891363], [12.3685601, 51.2890019], [12.3685797, 51.2889961], [12.3668332, 51.2867317], [12.3665812, 51.2868084], [12.3657025, 51.2870756], [12.3656123, 51.2871381], [12.3653195, 51.2874233], [12.3648722, 51.2878579], [12.3646676, 51.288058], [12.3644894, 51.2880994], [12.3642459, 51.2881778], [12.3640957, 51.2882206], [12.363792, 51.2883194], [12.3636236, 51.2883657], [12.3634459, 51.2884074], [12.3632388, 51.2884326], [12.3631934, 51.2884715], [12.3631804, 51.2886892], [12.3630536, 51.289224], [12.3630781, 51.289274], [12.3635144, 51.2895334], [12.3641136, 51.2897684], [12.3644188, 51.289993], [12.3643768, 51.2902046], [12.364396, 51.2907137], [12.3643958, 51.290819], [12.3641534, 51.2909302], [12.3637632, 51.2911122], [12.3632768, 51.2913133], [12.3627845, 51.2915837], [12.3625338, 51.2917895], [12.3621013, 51.2922487], [12.3618141, 51.2924847], [12.3614589, 51.292671], [12.3614005, 51.2926541], [12.3612785, 51.2926189], [12.3609978, 51.2927262], [12.3609709, 51.2928091], [12.3609114, 51.2928632], [12.3606316, 51.2929634], [12.3595497, 51.2932134], [12.3594704, 51.2932349], [12.3563892, 51.2939629], [12.3561432, 51.2942777], [12.3560039, 51.2945617], [12.3559027, 51.2954237], [12.3557186, 51.2954873], [12.3554952, 51.2954585], [12.355228, 51.2953631], [12.3550725, 51.2955707], [12.3546955, 51.2957713], [12.3549226, 51.2960611], [12.35513, 51.2961618], [12.355172, 51.2962929], [12.3551202, 51.296324], [12.3545312, 51.2963335], [12.3544157, 51.2962945], [12.354245, 51.2960792], [12.3540777, 51.2960631], [12.3538819, 51.2960933], [12.3536727, 51.2961117], [12.3535278, 51.296095], [12.353258, 51.2961357], [12.3530504, 51.2961671], [12.3528354, 51.2961721], [12.3527715, 51.2961319], [12.3527956, 51.2959121], [12.3527299, 51.2958233], [12.3527119, 51.2957514], [12.35264, 51.2957411], [12.352408, 51.2958107], [12.3523519, 51.2958792], [12.3521595, 51.2961141], [12.3516511, 51.2962334], [12.351384, 51.2964713], [12.3511648, 51.2964572], [12.3509525, 51.2964189], [12.3507625, 51.2963373], [12.3506144, 51.2962339], [12.350391, 51.2962426], [12.350159, 51.2962845], [12.349994, 51.2962665], [12.3497006, 51.2961426], [12.3495534, 51.29605], [12.3494982, 51.2960074], [12.3493914, 51.2959203], [12.3494199, 51.2954796], [12.3496896, 51.2953178], [12.3500436, 51.2956101], [12.3505011, 51.2953759], [12.3509536, 51.295391], [12.3514417, 51.2952556], [12.3509069, 51.2950216], [12.3508033, 51.294867], [12.350734, 51.2946798], [12.3507258, 51.2946155], [12.3506999, 51.2944108], [12.3510397, 51.2935028], [12.3510858, 51.2930505], [12.3511154, 51.2927599], [12.3510419, 51.2923256], [12.3509926, 51.2920343], [12.3510813, 51.2916611], [12.3519221, 51.2908338], [12.3512001, 51.2904977], [12.3514964, 51.2903269], [12.3518154, 51.2904871], [12.3520552, 51.2903574], [12.3527854, 51.2908072], [12.353471, 51.2906931], [12.3527974, 51.2905057], [12.3532377, 51.2902266], [12.3531604, 51.2900368], [12.3528379, 51.289729], [12.3518339, 51.2899159], [12.3508171, 51.2898895], [12.3498549, 51.2898683], [12.3504674, 51.2883748], [12.3508913, 51.2884243], [12.3516488, 51.2864004], [12.3520812, 51.2861199], [12.3519284, 51.2860095], [12.3515932, 51.286], [12.3511326, 51.2857128], [12.3519627, 51.2852616], [12.3519253, 51.2848546], [12.3515887, 51.2845628], [12.3515522, 51.2839467], [12.3517558, 51.2835218], [12.3519791, 51.2834415], [12.3528602, 51.2833721], [12.3532623, 51.2834709], [12.3535523, 51.2832006], [12.3529589, 51.2827324], [12.3525925, 51.2810412], [12.3525862, 51.2810136], [12.3520556, 51.2810701], [12.351007, 51.2810289], [12.3507887, 51.280834], [12.3506253, 51.2803917], [12.3501797, 51.2804085], [12.3500046, 51.2799832], [12.3487575, 51.2789188], [12.3484647, 51.27894], [12.3483152, 51.2770146], [12.3483991, 51.2768707], [12.3471993, 51.2762288], [12.3466291, 51.2758029], [12.3468517, 51.2753843], [12.3478723, 51.2747208], [12.3483261, 51.2741576], [12.3482045, 51.2736858], [12.3470986, 51.2737062], [12.3463637, 51.2735204], [12.3459138, 51.2738219], [12.3458431, 51.2741073], [12.3453295, 51.2743012], [12.3452547, 51.2737744], [12.3449149, 51.2738651], [12.3445964, 51.2735886], [12.3444201, 51.2731434], [12.345422, 51.2731733], [12.3463006, 51.2722745], [12.3453537, 51.2715423], [12.345038, 51.2718632], [12.3453119, 51.2720179], [12.3443474, 51.2723722], [12.3437064, 51.2719027], [12.3437506, 51.2716636], [12.3432865, 51.2714298], [12.34263, 51.2716433], [12.3423114, 51.271419], [12.3415416, 51.2713652], [12.3409857, 51.2711856], [12.3406924, 51.2708422], [12.3409233, 51.2704473], [12.3413621, 51.2704716], [12.341637, 51.2709149], [12.3419314, 51.2709169], [12.3420029, 51.2706764], [12.3425013, 51.2707462], [12.342531, 51.2704763], [12.3431336, 51.2705275], [12.3433493, 51.2703646], [12.342903, 51.2702296], [12.3431146, 51.2700441], [12.3437641, 51.2702973], [12.3452988, 51.2694542], [12.3449712, 51.2691035], [12.3450605, 51.2687922], [12.3453201, 51.2687422], [12.345149, 51.2685048], [12.3443977, 51.2682395], [12.3437343, 51.2682305], [12.3433636, 51.2683931], [12.3424784, 51.2683698], [12.3423793, 51.2686904], [12.3415184, 51.2690475], [12.3411181, 51.2689543], [12.3409858, 51.268734], [12.3414907, 51.2681213], [12.3414952, 51.2679017], [12.3409399, 51.2674787], [12.3406829, 51.2677545], [12.3400556, 51.2673817], [12.3384275, 51.2676767], [12.3378269, 51.2676351], [12.3373205, 51.2674279], [12.3371899, 51.2671472], [12.3360541, 51.2671032], [12.3367368, 51.2681203], [12.3361396, 51.268694], [12.3353633, 51.2683207], [12.3337423, 51.2685224], [12.3321591, 51.2684127], [12.3318788, 51.2710114], [12.3273608, 51.2712493], [12.3272677, 51.2711176], [12.3269845, 51.2709265], [12.3266988, 51.2709776], [12.3261251, 51.2708655], [12.3258384, 51.2704653], [12.3257125, 51.2701147], [12.3255762, 51.2699504], [12.3254039, 51.2695038], [12.3255755, 51.2692432], [12.3253991, 51.2692749], [12.3250157, 51.2694939], [12.3246325, 51.2695785], [12.3245392, 51.2694295], [12.3234893, 51.2696094], [12.3233284, 51.2695769], [12.3231249, 51.2691276], [12.3232485, 51.2680308], [12.3231253, 51.2674762], [12.3222057, 51.2648811], [12.3225892, 51.2630119], [12.3226032, 51.2626867], [12.3222542, 51.2624994], [12.3229699, 51.2594132], [12.3226926, 51.259442], [12.3228958, 51.2573519], [12.3229069, 51.257297], [12.3229306, 51.2570597], [12.3228843, 51.2570633], [12.3180319, 51.2572315], [12.3177877, 51.2570873], [12.3172426, 51.256771], [12.3166966, 51.2564525], [12.3161185, 51.2561176], [12.3155321, 51.2557744], [12.3151084, 51.2555324], [12.3149275, 51.2554286], [12.3149449, 51.2554227], [12.3151514, 51.2552747], [12.3152893, 51.2551862], [12.3153771, 51.2550623], [12.3153931, 51.2550398], [12.315418, 51.2549985], [12.315443, 51.2549393], [12.3154216, 51.2549121], [12.3156663, 51.2545595], [12.3156262, 51.2543434], [12.3153839, 51.2541733], [12.3152713, 51.2541453], [12.3150719, 51.2540995], [12.3149251, 51.2540989], [12.3144368, 51.2541699], [12.3141637, 51.2541565], [12.3139581, 51.254035], [12.3139441, 51.2539109], [12.3142089, 51.2537513], [12.3145392, 51.2534545], [12.3147362, 51.2531795], [12.3148673, 51.2529082], [12.3148743, 51.2527826], [12.3148387, 51.2526477], [12.3145621, 51.2523228], [12.3140954, 51.2520639], [12.3131726, 51.2519919], [12.3130469, 51.2519343], [12.3129428, 51.2517845], [12.3128992, 51.2515947], [12.3129179, 51.2514522], [12.3129864, 51.2513791], [12.313179, 51.2512697], [12.3140506, 51.2509671], [12.3146858, 51.2509893], [12.314803, 51.2509604], [12.3149159, 51.2509416], [12.3150435, 51.2508954], [12.3151376, 51.2508331], [12.3151817, 51.2507809], [12.3152, 51.2507147], [12.3151889, 51.2506214], [12.3151235, 51.2505159], [12.31504, 51.2504329], [12.314933, 51.2503689], [12.3148088, 51.2503319], [12.3142035, 51.2502952], [12.3132062, 51.250112], [12.3127223, 51.2500645], [12.3122213, 51.2500694], [12.3118882, 51.250017], [12.3113405, 51.2497355], [12.3112056, 51.2495181], [12.3113282, 51.249229], [12.3115816, 51.2490218], [12.3119535, 51.2488094], [12.3124208, 51.2487132], [12.3131424, 51.2487771], [12.313615, 51.248925], [12.3140685, 51.2488371], [12.3141898, 51.2482774], [12.3144267, 51.2476262], [12.3157538, 51.2461602], [12.3159707, 51.245218], [12.3155114, 51.244327], [12.3135828, 51.2430081], [12.3132507, 51.242781], [12.3089617, 51.2428968], [12.3086162, 51.2424075], [12.3074984, 51.2423134], [12.3073912, 51.2424075], [12.3074126, 51.2427164], [12.3074448, 51.2428037], [12.3074448, 51.2430657], [12.3075092, 51.243153], [12.3076594, 51.2432067], [12.3077559, 51.2433209], [12.3074341, 51.2433478], [12.3069191, 51.243341], [12.3064363, 51.2433142], [12.3060501, 51.2433545], [12.3057496, 51.2433612], [12.3048377, 51.2434821], [12.3036682, 51.243341], [12.3025632, 51.243247], [12.3022091, 51.2432], [12.3018765, 51.2430119], [12.3012113, 51.2427231], [12.300868, 51.2424478], [12.3002887, 51.242394], [12.3001921, 51.2424343], [12.2996523, 51.2423358], [12.2992079, 51.2421688], [12.299063, 51.2421233], [12.2988801, 51.2420966], [12.298633, 51.2420448], [12.2979665, 51.2419771], [12.2976928, 51.2419598], [12.2973281, 51.2419248], [12.2971829, 51.2419044], [12.2961723, 51.2417353], [12.2949564, 51.2415477], [12.294774, 51.2414738], [12.2918987, 51.2422194], [12.2903001, 51.2427836], [12.2892809, 51.2431933], [12.2891551, 51.24327], [12.2881651, 51.2433679], [12.2867489, 51.2434619], [12.2860622, 51.2435694], [12.2824788, 51.244456], [12.2830152, 51.243059], [12.2782654, 51.242695], [12.2773266, 51.2425628], [12.2755099, 51.2422752], [12.274827, 51.2421566], [12.2744112, 51.2419922], [12.2744021, 51.2420169], [12.2742556, 51.2420239], [12.2741376, 51.2420087], [12.2730131, 51.2419422], [12.2713017, 51.241704], [12.2699598, 51.24144], [12.2694569, 51.241326], [12.2686564, 51.2411138], [12.2675781, 51.2406892], [12.2671699, 51.2405896], [12.2664112, 51.2403955], [12.2641164, 51.2398267], [12.2626668, 51.2392239], [12.2612429, 51.2387262], [12.258809, 51.2384027], [12.2580129, 51.2382835], [12.2576721, 51.239239], [12.2575032, 51.2393951], [12.256583, 51.239098], [12.2555908, 51.2388599], [12.2539374, 51.2385389], [12.2516545, 51.2381704], [12.2512755, 51.2387204], [12.2536014, 51.2391822], [12.2532948, 51.2397081], [12.251478, 51.243389], [12.2548852, 51.2443009], [12.2561144, 51.2447051], [12.2551368, 51.2464616], [12.2547632, 51.2471754], [12.2542479, 51.2480133], [12.2537091, 51.2488153], [12.2547045, 51.2491457], [12.2556102, 51.2495125], [12.2563521, 51.2497679], [12.2583164, 51.2502119], [12.2576705, 51.2508944], [12.2589041, 51.2512565], [12.2563978, 51.2539357], [12.255548, 51.2549158], [12.2551615, 51.2554976], [12.2547785, 51.2564285], [12.2543019, 51.2579268], [12.2537827, 51.2592503], [12.2535666, 51.2597263], [12.2533305, 51.2601602], [12.2522094, 51.2597486], [12.2503811, 51.2654539], [12.2487496, 51.2651929], [12.2474717, 51.265875], [12.2519411, 51.2672127], [12.2519848, 51.2689481], [12.2499515, 51.273332], [12.2500359, 51.2734589], [12.2478249, 51.2781591], [12.2488522, 51.2782598], [12.2486728, 51.2790824], [12.2499437, 51.2791738], [12.250405, 51.2792061], [12.2509032, 51.2792643], [12.2517858, 51.2794284], [12.2521216, 51.279493], [12.2524548, 51.2795874], [12.2527358, 51.2796691], [12.25303, 51.2798116], [12.2530802, 51.2798875], [12.2530147, 51.2800953], [12.2527653, 51.280602], [12.2527593, 51.280753], [12.2521376, 51.2822255], [12.2522374, 51.2823798], [12.2513813, 51.2826303], [12.250421, 51.2828467], [12.2499218, 51.2830084], [12.2497827, 51.2833551], [12.2497746, 51.2836285], [12.2498139, 51.2838784], [12.2501009, 51.2843837], [12.2502314, 51.2845523], [12.2502789, 51.2846519], [12.2503266, 51.2850244], [12.2500086, 51.2860967], [12.2519238, 51.2861407], [12.2542351, 51.2861751], [12.2543062, 51.2860616], [12.256161, 51.2860241], [12.2583604, 51.2859151], [12.2599563, 51.2858211], [12.2604994, 51.2858111], [12.2616394, 51.2856953], [12.2623099, 51.2857045], [12.2626131, 51.2857633], [12.262674, 51.2853383], [12.2626948, 51.2850511], [12.262786, 51.284599], [12.2630838, 51.284438], [12.2630703, 51.284271], [12.2631425, 51.2841173], [12.2632761, 51.2829055], [12.2633037, 51.2824021], [12.2633117, 51.2818955], [12.2633412, 51.2816455], [12.2633037, 51.2814425], [12.263345, 51.281354], [12.2700382, 51.2813597], [12.281317, 51.2808149], [12.2805752, 51.2813464], [12.2784724, 51.2828567], [12.2773645, 51.2837648], [12.2766098, 51.2843833], [12.2750595, 51.285413], [12.2735182, 51.2862932], [12.2730899, 51.2865053], [12.2720726, 51.286772], [12.2701375, 51.2872723], [12.2683519, 51.2878783], [12.2665625, 51.28832], [12.2643917, 51.2889349], [12.2622307, 51.2894557], [12.2611533, 51.2985636], [12.2610552, 51.2985597], [12.2610245, 51.298557], [12.2594855, 51.2984221], [12.2594147, 51.2984158], [12.2567985, 51.2981684], [12.2554041, 51.2980705], [12.2552943, 51.298054], [12.2543758, 51.2979978], [12.254328, 51.2979101], [12.2528605, 51.2978243], [12.2504139, 51.2977321], [12.2503179, 51.2977728], [12.2504693, 51.2981993], [12.2509724, 51.298702], [12.2516367, 51.2991873], [12.249133, 51.3055016], [12.2490788, 51.3055471], [12.2477794, 51.3051073], [12.2462705, 51.307918], [12.2461915, 51.30797], [12.2462129, 51.3080479], [12.2462254, 51.3081503], [12.2467461, 51.3082929], [12.2445674, 51.3123522], [12.2440409, 51.3133093], [12.2439022, 51.3134239], [12.2427955, 51.3141203], [12.2418457, 51.3147616], [12.2408768, 51.315381], [12.2405169, 51.3156315], [12.2402454, 51.3158231], [12.2401696, 51.3158753], [12.2400419, 51.3159633], [12.2400068, 51.3159875], [12.2398976, 51.3160603], [12.2398703, 51.3160789], [12.242655, 51.3177535], [12.2428653, 51.3177744], [12.243051, 51.3178874], [12.2428535, 51.3178726], [12.2428159, 51.3178713], [12.2426795, 51.3178683], [12.2426009, 51.3179218], [12.2413354, 51.3177567], [12.2399198, 51.3176008], [12.2379704, 51.3171026], [12.2366519, 51.3197803], [12.239511, 51.3203278], [12.2381864, 51.3229501], [12.238491, 51.3229889], [12.2369914, 51.3264257], [12.2428881, 51.3271868], [12.2439835, 51.3273352], [12.2437577, 51.3314683], [12.2448186, 51.3317856], [12.2449965, 51.3295415], [12.247691, 51.3298243], [12.2472035, 51.3308086], [12.2492175, 51.331314], [12.2511941, 51.3317094], [12.2571467, 51.3328638], [12.2571602, 51.332838], [12.2574977, 51.3326393], [12.2578486, 51.3324503], [12.2593354, 51.3336215], [12.2597101, 51.3346858], [12.2595884, 51.3350672], [12.2595254, 51.3352293], [12.2593053, 51.3355221], [12.2565189, 51.3364984], [12.2558048, 51.3366911], [12.2541285, 51.3370545], [12.2535301, 51.337269], [12.2525557, 51.3372619], [12.2520347, 51.337292], [12.2515301, 51.3373955], [12.2510964, 51.337525], [12.2499412, 51.3382091], [12.2497457, 51.3383941], [12.2495889, 51.3387115], [12.2495818, 51.3391581], [12.2498285, 51.3401014], [12.2500313, 51.341102], [12.2499877, 51.3415287], [12.2498045, 51.3420056], [12.2485507, 51.3436622], [12.2481139, 51.3442668], [12.2478978, 51.3448318], [12.2477941, 51.3453332], [12.247722, 51.3454203], [12.2466531, 51.3462382], [12.2461692, 51.3466751], [12.2459018, 51.3468708], [12.2458533, 51.3469196], [12.2457781, 51.3469895], [12.2457309, 51.3470387], [12.2454965, 51.3473577], [12.2435492, 51.3479273], [12.2429591, 51.348202], [12.2424066, 51.3486342], [12.2419677, 51.3490751], [12.241809, 51.3496522], [12.2426497, 51.3516831], [12.24256, 51.3528334], [12.2416129, 51.3541205], [12.2415038, 51.355087], [12.2412196, 51.3575651], [12.2413973, 51.3588932], [12.2410531, 51.3601434], [12.2416034, 51.3652579], [12.2416503, 51.365271], [12.2416871, 51.3652911], [12.2416886, 51.3653282], [12.2417059, 51.365405], [12.2417238, 51.3654304], [12.2418108, 51.3655116], [12.2418756, 51.3655899], [12.2418891, 51.3656163], [12.2418866, 51.365681], [12.2419123, 51.3657111], [12.2419884, 51.3658551], [12.241994, 51.3659174], [12.2424574, 51.3659927], [12.2420355, 51.3663197], [12.2419854, 51.3663818], [12.2419683, 51.3664505], [12.2419861, 51.3665191], [12.2420367, 51.366581], [12.2422297, 51.3667781], [12.2427155, 51.3674618], [12.2429151, 51.3678413], [12.2429522, 51.3680259], [12.2427248, 51.368976], [12.2429275, 51.3697602], [12.2431447, 51.3700927], [12.243391, 51.3711715], [12.2420849, 51.3717371], [12.2412959, 51.3718796], [12.2411992, 51.3718374], [12.2410563, 51.3719324], [12.240094, 51.3719783], [12.2391095, 51.3720483], [12.2379388, 51.3719917], [12.2377596, 51.372446], [12.2376696, 51.3727011], [12.2383623, 51.372801], [12.2387887, 51.3728699], [12.2394669, 51.3730057], [12.2401397, 51.3731497], [12.2416762, 51.3735187], [12.242661, 51.3738161], [12.2434528, 51.3740871], [12.244843, 51.3746774], [12.2453839, 51.3749302], [12.2461271, 51.3753053], [12.2466745, 51.3756048], [12.247195, 51.3759063], [12.2478225, 51.3763291], [12.248199, 51.3766006], [12.2490556, 51.3772617], [12.2490129, 51.377287], [12.2494614, 51.3776447], [12.2501947, 51.3781683], [12.2509723, 51.3786542], [12.2519965, 51.3792077], [12.2523229, 51.3793693], [12.2528144, 51.3795934], [12.2524135, 51.3797846], [12.2524167, 51.3797951], [12.2528272, 51.3795993], [12.2537609, 51.3799685], [12.254621, 51.380275], [12.2549776, 51.3803758], [12.2551386, 51.3804339], [12.2561941, 51.3807219], [12.2567287, 51.3808475], [12.2568789, 51.380868], [12.2569014, 51.3808424], [12.2571927, 51.3806594], [12.2574201, 51.3805785], [12.2578201, 51.3805046], [12.2580393, 51.3805088], [12.2581949, 51.3805044], [12.2583158, 51.3805224], [12.258519, 51.3805765], [12.258646, 51.3806006], [12.2587235, 51.3806262], [12.2587332, 51.3806342], [12.2586747, 51.3806753], [12.2586133, 51.3807124], [12.2585948, 51.3807369], [12.2585827, 51.3807766], [12.2585963, 51.3807994], [12.2586526, 51.3808715], [12.2587905, 51.3810159], [12.258903, 51.3811184], [12.2589979, 51.3812162], [12.2590654, 51.3812769], [12.2592297, 51.381449], [12.2593287, 51.3817949], [12.2584657, 51.3823364], [12.2579666, 51.3828974], [12.257414, 51.3830118], [12.2573391, 51.3835392], [12.2570956, 51.3839789], [12.256489, 51.38382], [12.2558086, 51.3837535], [12.2556259, 51.3838274], [12.2558001, 51.384015], [12.2559115, 51.3842224], [12.2562761, 51.3846185], [12.2565817, 51.3848357], [12.256732, 51.3848907], [12.2569118, 51.3849316], [12.2572162, 51.3849496], [12.2572477, 51.3850793], [12.2571141, 51.3858471], [12.2569014, 51.3858668], [12.2562889, 51.3860162], [12.2562724, 51.3860739], [12.2564197, 51.3870094], [12.2564577, 51.3872396], [12.2565596, 51.3875373], [12.2566231, 51.3877456], [12.2568448, 51.3880353], [12.2571262, 51.3883916], [12.2578359, 51.3892639], [12.2585303, 51.3898267], [12.2590168, 51.3902209], [12.2598967, 51.3905432], [12.2613198, 51.3914089], [12.2619979, 51.3918071], [12.2627326, 51.3922879], [12.2636768, 51.3926191], [12.2647359, 51.3932051], [12.2652183, 51.3936293], [12.265987, 51.3944313], [12.2662854, 51.3951595], [12.266555, 51.3955347], [12.267152, 51.3959892], [12.2674187, 51.3961583], [12.2676036, 51.3963061], [12.2676806, 51.3963885], [12.2676691, 51.396609], [12.2677038, 51.3968704], [12.2677274, 51.396903], [12.2678399, 51.3973911], [12.2659908, 51.3981588], [12.2650261, 51.3983901], [12.2640335, 51.3995897], [12.2637701, 51.3998865], [12.2634826, 51.4002106], [12.2633118, 51.4003367], [12.26228, 51.4001367], [12.2609531, 51.3999393], [12.2605024, 51.3999561], [12.2579008, 51.4001151], [12.2573989, 51.4001189], [12.2567826, 51.4000543], [12.255732, 51.3998389], [12.2548753, 51.4009904], [12.2541198, 51.4020391], [12.253687, 51.4025957], [12.2536446, 51.4026285], [12.2523259, 51.4036478], [12.2527756, 51.4035823], [12.2552056, 51.403149], [12.2574331, 51.4026225], [12.2619942, 51.401182], [12.2610489, 51.4023734], [12.2645487, 51.40221], [12.2643797, 51.4035948], [12.2639669, 51.4069772], [12.2638148, 51.40825], [12.2637899, 51.4084584], [12.2634244, 51.411517], [12.263452, 51.4115388], [12.2708155, 51.4130766], [12.2725342, 51.4134337], [12.2716347, 51.4160932], [12.2742593, 51.4157876], [12.2738495, 51.416999], [12.2712044, 51.4173654], [12.2710348, 51.4178669], [12.2778576, 51.4169517], [12.2779728, 51.4170309], [12.278097, 51.4170177], [12.2782573, 51.4171014], [12.2783828, 51.4171192], [12.2785416, 51.4170776], [12.2788809, 51.4169077], [12.2790822, 51.4168333], [12.2793095, 51.4167674], [12.2812864, 51.416525], [12.2815775, 51.4165379], [12.2818625, 51.4165716], [12.2816143, 51.416473], [12.2825178, 51.4163665], [12.2843055, 51.4161934], [12.2853557, 51.4160998], [12.2868281, 51.4159903], [12.2877579, 51.4159312], [12.2901201, 51.4158191], [12.2922113, 51.4157588], [12.2992067, 51.4155258], [12.2993382, 51.4156133], [12.3013182, 51.4154685], [12.3034312, 51.4154041], [12.305579, 51.4153628], [12.3076643, 51.415287], [12.3077245, 51.4153691], [12.3077124, 51.4154774], [12.307631, 51.4155262], [12.3077584, 51.4155827], [12.3083698, 51.415266], [12.3095029, 51.4152328], [12.309588, 51.4153137], [12.3098026, 51.4153087], [12.3099664, 51.4153444], [12.3101217, 51.4152133], [12.3125815, 51.4151562], [12.3125503, 51.4157031], [12.3123291, 51.4167954], [12.3122251, 51.4171477], [12.3119468, 51.4178024], [12.3126884, 51.4180849], [12.3136704, 51.4183545], [12.3142959, 51.4184727], [12.3154605, 51.4186193], [12.3167792, 51.4187351], [12.317477, 51.4188371], [12.3175073, 51.4187444], [12.318217, 51.4187501], [12.3184566, 51.4187312], [12.3185264, 51.4186858], [12.3188502, 51.4186934], [12.3206018, 51.418881], [12.3237219, 51.4192493], [12.3246467, 51.4193186], [12.3266648, 51.4192937], [12.3287594, 51.4192913], [12.3330167, 51.4196399], [12.3333825, 51.4181365], [12.3367826, 51.4181147], [12.3383159, 51.4180363], [12.3413213, 51.4178847], [12.3504829, 51.417761], [12.3518623, 51.4177336], [12.3541722, 51.4177866], [12.3542012, 51.4176262], [12.3580592, 51.4176292], [12.3599656, 51.4176946], [12.3598038, 51.416539], [12.3597568, 51.4153495], [12.3600422, 51.4153532], [12.3602111, 51.4175713], [12.3603594, 51.4185996], [12.3602655, 51.4189176], [12.364212, 51.4219915], [12.3734482, 51.4236549], [12.373473, 51.4244177], [12.3731794, 51.424804], [12.373531, 51.4248829], [12.3738818, 51.4244532], [12.3749912, 51.4235014], [12.3759157, 51.4229812], [12.3768569, 51.4224773], [12.3780831, 51.4221355], [12.3803942, 51.4216943], [12.3809252, 51.4215512], [12.3884365, 51.4196229], [12.388693, 51.4198678], [12.3892374, 51.4193225], [12.3929833, 51.4183991], [12.3929569, 51.4183059], [12.3933735, 51.4181424], [12.3940412, 51.4178229], [12.3944663, 51.4175928], [12.3945753, 51.4174921], [12.3949341, 51.4172139], [12.395276, 51.4169382], [12.3956627, 51.4165315], [12.3958939, 51.4162123], [12.3961555, 51.4157915], [12.3962253, 51.415655], [12.3964472, 51.4156937], [12.3974329, 51.415871], [12.3980111, 51.4160631], [12.3985181, 51.416403], [12.3988008, 51.4167872], [12.3989013, 51.4170237], [12.3991469, 51.4181738], [12.3993523, 51.4189517], [12.3996981, 51.4199122], [12.4003298, 51.4216172], [12.4005351, 51.4219342], [12.4017245, 51.4235837], [12.4033566, 51.4248665], [12.403573, 51.4251107], [12.4036971, 51.4253226], [12.4037209, 51.4253781], [12.4038012, 51.4254436], [12.4053436, 51.4272719], [12.4056197, 51.4276239], [12.4055611, 51.4280306], [12.4058581, 51.4288643], [12.4079939, 51.4289442], [12.4097452, 51.4290284], [12.4132333, 51.4291331], [12.4161651, 51.4290212], [12.4170868, 51.4284001], [12.4174002, 51.4278338], [12.4191626, 51.4277009], [12.4206771, 51.4279856], [12.4213748, 51.4278682], [12.4221523, 51.4275854], [12.4232167, 51.426916], [12.4239188, 51.4267505], [12.4250884, 51.4270892], [12.4258704, 51.4272702], [12.426483, 51.4272025], [12.4277897, 51.4274734], [12.4290041, 51.4280348], [12.430171, 51.4283598], [12.4311942, 51.4288173], [12.4324806, 51.429137], [12.4341165, 51.4296156], [12.4377372, 51.4295399], [12.4396932, 51.4297608], [12.439639, 51.43017], [12.4422033, 51.4306081], [12.4422164, 51.4314924], [12.4416005, 51.4373153], [12.4403955, 51.4431664], [12.4404845, 51.4444137], [12.4407354, 51.4456421], [12.4411946, 51.4481145], [12.4432886, 51.4477359], [12.4449682, 51.447295], [12.4482967, 51.4447549], [12.4506675, 51.4441283], [12.4532245, 51.4437072], [12.4566381, 51.4435575], [12.4580539, 51.4436082], [12.4608965, 51.4435897], [12.4650986, 51.4432879], [12.4709171, 51.4428041], [12.4712521, 51.4426104], [12.4694701, 51.43771], [12.4716612, 51.4375698], [12.4713673, 51.4351998], [12.4720911, 51.4351643], [12.4719951, 51.4348371], [12.4722076, 51.4348141], [12.4721164, 51.4344786], [12.4724015, 51.4344644], [12.472298, 51.4340559], [12.4726186, 51.4340479], [12.472376, 51.4323285], [12.4791973, 51.4321664], [12.4891158, 51.4316073], [12.4891142, 51.431424], [12.489993, 51.431408], [12.4928074, 51.4315166], [12.4928495, 51.4311631], [12.4930134, 51.4311692], [12.4930426, 51.4310409], [12.4931862, 51.4304963], [12.4933354, 51.429591], [12.4934361, 51.4286321], [12.4934221, 51.4281016], [12.4920242, 51.4280225], [12.4921874, 51.4256657], [12.4927062, 51.4256889], [12.4931278, 51.4242146], [12.493481, 51.4241945], [12.4941179, 51.4223919], [12.4924314, 51.4223974], [12.4927785, 51.4211258], [12.491043, 51.4210807], [12.4910014, 51.4204626], [12.4891383, 51.4203937], [12.489325, 51.4192893], [12.4892999, 51.4189396], [12.4892158, 51.4188315], [12.4887874, 51.4176373], [12.4877412, 51.4177383], [12.486588, 51.4177537], [12.486436, 51.4171081], [12.4848027, 51.4171046], [12.4836851, 51.4169891], [12.4836389, 51.4174402], [12.4824659, 51.4174729], [12.481059, 51.4176253], [12.4793926, 51.417588], [12.4759423, 51.4172466], [12.4753167, 51.4172595], [12.4754043, 51.4198151], [12.4739493, 51.4199933], [12.4659936, 51.4203598], [12.4643193, 51.4203973], [12.4625085, 51.4204624], [12.4621799, 51.4204708], [12.4616335, 51.4204451], [12.4610809, 51.418665], [12.4586464, 51.4187912], [12.4582228, 51.4171826], [12.4572919, 51.4148343], [12.4572362, 51.4143987], [12.4567553, 51.4144075], [12.4566752, 51.4113938], [12.4567584, 51.409784]]]}, "properties": {"name": "Leipzig", "relation": 62649, "source": "OpenStreetMap (ODbL), relation 62649 — нынешняя граница, приближение городского округа 1953 года", "area_deg2": 0.0384}}]}