{"type": "FeatureCollection", "features": [{"type": "Feature", "geometry": {"type": "Polygon", "coordinates": [[[22.1888269, 51.653545], [22.1875668, 51.6527849], [22.1875077, 51.652147], [22.1895483, 51.6526857], [22.1902687, 51.6527375], [22.1914173, 51.6528652], [22.1913255, 51.6525318], [22.1912643, 51.6525396], [22.1897048, 51.6467344], [22.1891499, 51.6445957], [22.1889588, 51.6440042], [22.1895213, 51.6438971], [22.1901031, 51.6438701], [22.1906807, 51.6438745], [22.1910819, 51.6438529], [22.1924862, 51.6437567], [22.1942519, 51.6439734], [22.1962329, 51.6426539], [22.1982806, 51.641314], [22.2004598, 51.6398657], [22.2017476, 51.6389759], [22.2021114, 51.638223], [22.2025579, 51.6372975], [22.2026125, 51.6371241], [22.2026935, 51.6369325], [22.2027624, 51.6368042], [22.2028305, 51.6366489], [22.2030365, 51.636125], [22.2031016, 51.6359323], [22.2032727, 51.6355429], [22.2035092, 51.6349641], [22.2038763, 51.6341725], [22.203984, 51.633976], [22.20439, 51.6332385], [22.2046901, 51.6326437], [22.2049101, 51.6323125], [22.2051235, 51.631983], [22.2055498, 51.6317912], [22.206444, 51.63138], [22.2078316, 51.6307664], [22.2091637, 51.6301936], [22.2100519, 51.629748], [22.210787, 51.6294139], [22.2108189, 51.6294437], [22.2111217, 51.6294381], [22.2112401, 51.629378], [22.2108299, 51.6290419], [22.2103239, 51.6286312], [22.2093304, 51.62782], [22.2078943, 51.6266749], [22.207806, 51.6266244], [22.2076741, 51.6265688], [22.2076102, 51.6265354], [22.2075428, 51.6264821], [22.2073706, 51.6262995], [22.2071559, 51.6261426], [22.2069979, 51.6260162], [22.2077802, 51.6256523], [22.2085196, 51.6253076], [22.2098351, 51.6246984], [22.2123808, 51.6235344], [22.214738, 51.6224495], [22.2145712, 51.6224009], [22.2145056, 51.622372], [22.2143294, 51.6221169], [22.2142329, 51.6219406], [22.2142394, 51.6219382], [22.2142507, 51.6219264], [22.216841, 51.6208049], [22.2196256, 51.6195912], [22.2204648, 51.6191703], [22.2222984, 51.6183569], [22.2247671, 51.6173029], [22.2252164, 51.617121], [22.2256594, 51.6169791], [22.2271014, 51.6167458], [22.2285314, 51.6163679], [22.2297974, 51.6160749], [22.2320776, 51.6155423], [22.2335525, 51.6152224], [22.2352507, 51.6150319], [22.2367488, 51.6148882], [22.2386741, 51.614815], [22.2404689, 51.6130841], [22.2430467, 51.6129423], [22.2423796, 51.6105652], [22.2417128, 51.6082034], [22.2411526, 51.6060761], [22.2368065, 51.6051863], [22.235806, 51.6049456], [22.2352009, 51.6053818], [22.2341372, 51.6049499], [22.2344844, 51.6046264], [22.2341903, 51.6045634], [22.2286154, 51.6050445], [22.2251448, 51.6053474], [22.222813, 51.6055633], [22.2214714, 51.6069405], [22.219694, 51.6075678], [22.2185556, 51.6086037], [22.21777, 51.6088596], [22.2150983, 51.6077046], [22.215317, 51.6075034], [22.2159247, 51.6067986], [22.2163419, 51.6063101], [22.2169461, 51.6055599], [22.217202, 51.6052736], [22.2172778, 51.6051807], [22.2170736, 51.6051448], [22.2164023, 51.6049822], [22.2151817, 51.6047015], [22.2132301, 51.6042723], [22.2122577, 51.6042599], [22.2121137, 51.6042687], [22.2131481, 51.6033108], [22.2141846, 51.6023498], [22.2151871, 51.6014214], [22.2165381, 51.6004346], [22.2179442, 51.5992975], [22.2119606, 51.5971837], [22.2078016, 51.5971821], [22.2037516, 51.5971648], [22.1956339, 51.6053004], [22.1934592, 51.6041176], [22.1925995, 51.6037124], [22.1921719, 51.6035712], [22.1916853, 51.603469], [22.1909839, 51.6034567], [22.1903393, 51.6034838], [22.1900452, 51.6035036], [22.189297, 51.6035592], [22.1892821, 51.6035564], [22.1892782, 51.603555], [22.1892769, 51.6035466], [22.1895179, 51.6033486], [22.1897585, 51.6030124], [22.1898595, 51.6028359], [22.189876, 51.6027832], [22.18985, 51.6027313], [22.1896482, 51.6026737], [22.1894983, 51.6025639], [22.189486, 51.6024963], [22.1893635, 51.6022254], [22.1894905, 51.6020769], [22.1893065, 51.6019534], [22.189205, 51.6019043], [22.1891396, 51.6018087], [22.1891823, 51.6016899], [22.189144, 51.6015436], [22.1891509, 51.6013956], [22.18916, 51.601372], [22.1889905, 51.60127], [22.1890255, 51.6010416], [22.1890892, 51.6008663], [22.1891022, 51.6006103], [22.189141, 51.6005048], [22.189018, 51.6002344], [22.1890653, 51.6000598], [22.1891178, 51.599742], [22.189306, 51.5997258], [22.1898645, 51.5992218], [22.1900402, 51.5990703], [22.1904042, 51.5985742], [22.1914707, 51.5972181], [22.1917321, 51.5968236], [22.1919273, 51.596817], [22.1920273, 51.5967326], [22.1920372, 51.5967221], [22.1920732, 51.5959205], [22.1927902, 51.5921194], [22.1920694, 51.5909846], [22.1905538, 51.590153], [22.190519, 51.5901202], [22.1904807, 51.5889347], [22.1904477, 51.5889193], [22.1899961, 51.5885388], [22.1899961, 51.5876554], [22.1899804, 51.5867846], [22.1877908, 51.5850672], [22.1877881, 51.585055], [22.1878466, 51.5844116], [22.1877845, 51.5843772], [22.187538, 51.5844622], [22.1871435, 51.5846284], [22.1866937, 51.5846454], [22.186433, 51.5847239], [22.1862396, 51.5847545], [22.1858584, 51.5848556], [22.1857681, 51.5848246], [22.1854268, 51.5847596], [22.1845334, 51.5847271], [22.1837372, 51.5846509], [22.1828387, 51.5844608], [22.1825392, 51.5843743], [22.182415, 51.584314], [22.1821963, 51.5841539], [22.1818765, 51.5840695], [22.1807526, 51.5835868], [22.1805767, 51.5835223], [22.1798029, 51.5833792], [22.1791032, 51.583301], [22.1775625, 51.5833551], [22.1769122, 51.5832989], [22.1766888, 51.5832201], [22.1763162, 51.5830119], [22.1758479, 51.5826612], [22.1756521, 51.5825536], [22.1752947, 51.5822123], [22.174815, 51.5816622], [22.174686, 51.5815958], [22.1738844, 51.5815239], [22.1734809, 51.5817489], [22.1733263, 51.5819373], [22.1732727, 51.5823526], [22.1731926, 51.582425], [22.172963, 51.5825177], [22.1729535, 51.5825272], [22.1726007, 51.582513], [22.1717775, 51.5822666], [22.1715098, 51.5820874], [22.1709975, 51.5818131], [22.1709559, 51.5817742], [22.1708496, 51.5814913], [22.170799, 51.5813275], [22.1706796, 51.5811177], [22.1705782, 51.5808865], [22.1705863, 51.5805913], [22.1707131, 51.5803809], [22.1708531, 51.5802431], [22.170994, 51.5801206], [22.1713542, 51.5798894], [22.1716407, 51.5798189], [22.1716438, 51.5798079], [22.1715856, 51.579588], [22.1711051, 51.5794502], [22.1703143, 51.5793234], [22.1698292, 51.5793062], [22.1688393, 51.5795362], [22.168498, 51.5796588], [22.1681193, 51.5796632], [22.1678275, 51.5795941], [22.1677618, 51.5795492], [22.1675998, 51.579407], [22.1675541, 51.5792625], [22.1675878, 51.5790762], [22.1676668, 51.5788684], [22.1677575, 51.5786906], [22.1679215, 51.5785507], [22.1680175, 51.578481], [22.1683488, 51.5782161], [22.1687024, 51.5779973], [22.1685095, 51.5774439], [22.168004, 51.5775236], [22.1678381, 51.5775164], [22.1675979, 51.5775349], [22.1673229, 51.5775191], [22.1670779, 51.5774145], [22.166941, 51.5772572], [22.1668429, 51.5771558], [22.1667704, 51.576883], [22.1670461, 51.5764088], [22.1670519, 51.5763947], [22.1666147, 51.5761202], [22.1666287, 51.5760693], [22.1665201, 51.5759479], [22.1665564, 51.5757965], [22.1666522, 51.5757561], [22.1667795, 51.5757117], [22.1672103, 51.5754271], [22.167486, 51.5752362], [22.1675712, 51.5752339], [22.1683116, 51.5752003], [22.1685266, 51.574999], [22.1680993, 51.5746809], [22.166796, 51.5741059], [22.166245, 51.5738908], [22.1659416, 51.5737988], [22.1654295, 51.5736207], [22.1652686, 51.5735791], [22.1645545, 51.5733383], [22.1639059, 51.5733008], [22.1629985, 51.5735448], [22.1625883, 51.5738417], [22.162637, 51.5742141], [22.1626469, 51.5742653], [22.1630189, 51.5745237], [22.1638951, 51.5747158], [22.1647123, 51.5748158], [22.1651105, 51.5749645], [22.1653206, 51.5751469], [22.1653475, 51.5752064], [22.1654628, 51.5753819], [22.165485, 51.575624], [22.1654234, 51.5757723], [22.1652822, 51.5758954], [22.164979, 51.5760688], [22.1646591, 51.5761961], [22.1644305, 51.5762967], [22.1640207, 51.576361], [22.1639861, 51.5764071], [22.1638192, 51.5764338], [22.1636409, 51.5764512], [22.1631734, 51.5765189], [22.1629824, 51.5765002], [22.1627893, 51.5764712], [22.1623988, 51.5763862], [22.1622285, 51.5763141], [22.162097, 51.5762487], [22.1620265, 51.5761453], [22.1619539, 51.5760629], [22.1619396, 51.5759294], [22.1618649, 51.5757941], [22.1618201, 51.575691], [22.1617613, 51.5755555], [22.1618378, 51.5752846], [22.1619005, 51.5750624], [22.1617456, 51.5750313], [22.1615892, 51.575092], [22.1613738, 51.5750907], [22.1609046, 51.574962], [22.1604052, 51.5747654], [22.1601141, 51.5745743], [22.1599054, 51.5742903], [22.1597991, 51.5739955], [22.1596384, 51.5739926], [22.1593285, 51.574192], [22.1590378, 51.5743098], [22.1586527, 51.5743869], [22.1582987, 51.5744526], [22.1577298, 51.5744934], [22.1572641, 51.5744728], [22.1566227, 51.5743659], [22.1562942, 51.5742362], [22.1559381, 51.5739374], [22.1554831, 51.5734462], [22.155339, 51.5733256], [22.154751, 51.5735852], [22.1541286, 51.5738096], [22.1537967, 51.5739215], [22.1535515, 51.5739246], [22.1532722, 51.5738589], [22.1529466, 51.5737083], [22.1528941, 51.5736453], [22.1527993, 51.5734833], [22.152802, 51.5732239], [22.1527921, 51.5731718], [22.1527178, 51.5727827], [22.1524918, 51.5723529], [22.1522439, 51.5720486], [22.1521519, 51.5718813], [22.1521619, 51.5716285], [22.1522449, 51.5713076], [22.1522385, 51.5712029], [22.1524128, 51.5708533], [22.152529, 51.5706771], [22.152808, 51.5704657], [22.15328, 51.5702798], [22.1534304, 51.5701819], [22.1534555, 51.5699094], [22.1534109, 51.5696148], [22.153224, 51.5693552], [22.1528705, 51.5691815], [22.1526342, 51.5691502], [22.1523721, 51.5691779], [22.1520801, 51.5692835], [22.1516924, 51.5695345], [22.1515564, 51.5700791], [22.1513336, 51.5708946], [22.1515077, 51.5712405], [22.1514523, 51.571585], [22.1514392, 51.5718052], [22.1514172, 51.5720002], [22.1512952, 51.5721213], [22.1511263, 51.5721978], [22.150842, 51.5722508], [22.1505109, 51.5722698], [22.1502155, 51.5722506], [22.1495766, 51.5721163], [22.1493722, 51.571977], [22.1490973, 51.5718779], [22.1483472, 51.5718592], [22.1482064, 51.5719555], [22.1481476, 51.5720377], [22.1481588, 51.572129], [22.1482485, 51.5721903], [22.1488102, 51.5724032], [22.1490502, 51.5724294], [22.1493674, 51.5724333], [22.1495467, 51.5724883], [22.1497281, 51.5725628], [22.14982, 51.5726972], [22.1498333, 51.5728266], [22.1498022, 51.5729766], [22.1496867, 51.5730889], [22.1493991, 51.5732401], [22.1490608, 51.5733476], [22.1486655, 51.573416], [22.147771, 51.5734935], [22.1472947, 51.5735038], [22.1471562, 51.5734842], [22.1469002, 51.5734479], [22.1465632, 51.5733481], [22.1461091, 51.5731489], [22.1456201, 51.5729063], [22.1453498, 51.5727716], [22.1450684, 51.5725733], [22.1447309, 51.572271], [22.1445134, 51.5723482], [22.1441152, 51.5726537], [22.1440645, 51.5727137], [22.1438022, 51.5730239], [22.1435587, 51.5731291], [22.1434102, 51.5731814], [22.1431617, 51.5732688], [22.143, 51.5732947], [22.1427067, 51.5732896], [22.1424057, 51.5732541], [22.1421306, 51.5731333], [22.1418144, 51.573082], [22.1405114, 51.5730787], [22.140139, 51.573109], [22.139498, 51.5730035], [22.1387187, 51.5728596], [22.1382918, 51.5726462], [22.1378588, 51.5724785], [22.1374286, 51.5721668], [22.1372617, 51.571923], [22.1370389, 51.5713013], [22.136993, 51.5712236], [22.13686, 51.5709956], [22.1368455, 51.5709478], [22.1366001, 51.5705545], [22.1365391, 51.5701582], [22.1364097, 51.5696167], [22.136098, 51.5692562], [22.1360109, 51.5690785], [22.1357461, 51.568785], [22.1353603, 51.5684931], [22.1349875, 51.5683094], [22.1345534, 51.5682099], [22.1340942, 51.5681804], [22.1337628, 51.5682233], [22.133353, 51.568327], [22.1327353, 51.5687154], [22.1322015, 51.5689747], [22.1311694, 51.5695052], [22.1306852, 51.5695773], [22.1298225, 51.5695595], [22.1291424, 51.5693595], [22.1288427, 51.5692025], [22.1285365, 51.5687785], [22.1282803, 51.5685793], [22.1279032, 51.5678863], [22.1280056, 51.5675513], [22.1283635, 51.5670582], [22.1283777, 51.5667808], [22.1282647, 51.5664629], [22.1281849, 51.5663342], [22.1282347, 51.5662885], [22.1274684, 51.5656849], [22.126962, 51.5654142], [22.1266559, 51.5653003], [22.1262953, 51.5652542], [22.1258643, 51.5652389], [22.1253671, 51.5653189], [22.1245281, 51.5655715], [22.1239519, 51.5658318], [22.1235092, 51.5662393], [22.1233493, 51.5664559], [22.1233163, 51.5666713], [22.1233743, 51.5669421], [22.1237337, 51.5673851], [22.1241172, 51.5676331], [22.1246331, 51.5677858], [22.1249759, 51.5677802], [22.1250623, 51.5677204], [22.1249233, 51.5675918], [22.1249106, 51.567488], [22.1251257, 51.5673852], [22.1253663, 51.5674073], [22.1257166, 51.5676006], [22.1258292, 51.5678574], [22.1257414, 51.5681074], [22.1255419, 51.5684368], [22.1253412, 51.5685698], [22.1251184, 51.5686747], [22.1249182, 51.5687244], [22.1245223, 51.5687837], [22.1239491, 51.568807], [22.1237428, 51.5688393], [22.1235276, 51.568797], [22.1231018, 51.5685428], [22.1226973, 51.5685026], [22.1221625, 51.5686019], [22.1217518, 51.5687017], [22.1210001, 51.5690364], [22.1207038, 51.5692688], [22.1206235, 51.5695259], [22.1206543, 51.5698023], [22.120961, 51.5703767], [22.1210159, 51.5704414], [22.1214064, 51.5707291], [22.1215727, 51.5710286], [22.1217413, 51.5711719], [22.1222291, 51.5715275], [22.1223816, 51.571817], [22.122506, 51.5725006], [22.1225199, 51.5726885], [22.1223549, 51.5729523], [22.1221727, 51.5731074], [22.121726, 51.573363], [22.1212697, 51.5734914], [22.1208432, 51.5735484], [22.1204932, 51.5735371], [22.1203277, 51.5735112], [22.1201579, 51.5734512], [22.119739, 51.573265], [22.119513, 51.573097], [22.1194729, 51.5728796], [22.1195687, 51.5727263], [22.11979, 51.5724885], [22.1190302, 51.5726565], [22.1185218, 51.5727963], [22.1177432, 51.5731764], [22.1174583, 51.5732816], [22.1171499, 51.5733218], [22.1168846, 51.5733201], [22.1164375, 51.5732871], [22.1162123, 51.5732137], [22.1160058, 51.5731299], [22.1158089, 51.5729779], [22.1156034, 51.572709], [22.1154779, 51.5724688], [22.1155064, 51.5722578], [22.1156233, 51.5721158], [22.1158453, 51.5719631], [22.1158439, 51.5719177], [22.1159083, 51.571915], [22.1162659, 51.5717229], [22.1165707, 51.5715995], [22.1164809, 51.5714315], [22.1163288, 51.5710394], [22.1163218, 51.5708716], [22.1162723, 51.5705356], [22.1161877, 51.5703112], [22.1162657, 51.5701728], [22.1164361, 51.5700371], [22.1160418, 51.569777], [22.1155396, 51.5696475], [22.1152969, 51.5696504], [22.1149992, 51.5697805], [22.1147784, 51.5699724], [22.1145623, 51.570216], [22.1143828, 51.5704961], [22.1142546, 51.5706295], [22.1140342, 51.5711128], [22.1138639, 51.5713061], [22.1135979, 51.5714164], [22.1132945, 51.5714739], [22.1129047, 51.5714626], [22.1125509, 51.5714022], [22.1121668, 51.571248], [22.111693, 51.5709734], [22.1115759, 51.5707165], [22.1115718, 51.5704604], [22.1116803, 51.5701869], [22.1112301, 51.5698562], [22.110875, 51.5697095], [22.1104394, 51.5696187], [22.1100049, 51.5695943], [22.1096687, 51.5696437], [22.1093221, 51.5698159], [22.1092666, 51.5701502], [22.1093925, 51.570424], [22.1096439, 51.570658], [22.1102725, 51.5709198], [22.1107298, 51.5711449], [22.1109596, 51.571331], [22.1117071, 51.5715001], [22.111999, 51.5717796], [22.1120342, 51.5722851], [22.1119906, 51.5724487], [22.1116566, 51.5726457], [22.1111093, 51.5728253], [22.1101722, 51.5729646], [22.1095255, 51.5730043], [22.1091107, 51.5729643], [22.1084251, 51.5727819], [22.1081118, 51.5726778], [22.1078688, 51.5725368], [22.10773, 51.5724125], [22.1075262, 51.5720911], [22.1070337, 51.571723], [22.1063605, 51.5714391], [22.105322, 51.5711796], [22.1052769, 51.5711732], [22.1050229, 51.5711356], [22.1046438, 51.5711048], [22.1039275, 51.5711101], [22.1035272, 51.5711302], [22.1030335, 51.5713949], [22.102547, 51.5713774], [22.1015448, 51.5715359], [22.1011514, 51.5715567], [22.1007741, 51.5715061], [22.1003213, 51.5713914], [22.1000411, 51.5712328], [22.0997563, 51.5712886], [22.0995435, 51.571361], [22.0994086, 51.5714178], [22.0993552, 51.5714389], [22.099175, 51.5717187], [22.0988695, 51.5717696], [22.0984466, 51.5717083], [22.0981906, 51.5716499], [22.0978799, 51.5716719], [22.0976797, 51.5716669], [22.0975043, 51.5716626], [22.097223, 51.5715851], [22.0969742, 51.5714564], [22.0968525, 51.5713028], [22.0968106, 51.5710867], [22.0968611, 51.5709456], [22.0970217, 51.5708553], [22.0970864, 51.5706423], [22.0972186, 51.5703821], [22.0974949, 51.570164], [22.097976, 51.569987], [22.098417, 51.5697872], [22.0982917, 51.5697178], [22.0981795, 51.5696657], [22.0979943, 51.5695994], [22.0974921, 51.5695705], [22.0972106, 51.5696028], [22.0969278, 51.5696816], [22.0966717, 51.5698053], [22.096448, 51.5699684], [22.0964417, 51.5699654], [22.0962513, 51.570159], [22.0961486, 51.5703398], [22.0960328, 51.5705061], [22.0959, 51.5706696], [22.0958001, 51.5708348], [22.0957833, 51.5710388], [22.0948585, 51.5715491], [22.0944102, 51.5716621], [22.093911, 51.5717308], [22.0935855, 51.571699], [22.0931723, 51.5715975], [22.0925465, 51.5712384], [22.0922024, 51.5708446], [22.0921341, 51.5703749], [22.0920451, 51.5702835], [22.0918288, 51.570126], [22.0916009, 51.5699072], [22.0915109, 51.569864], [22.0914987, 51.5698458], [22.0911935, 51.5696135], [22.0908862, 51.5695566], [22.090612, 51.5694379], [22.090253, 51.56932], [22.0898487, 51.5692428], [22.089701, 51.569262], [22.0891462, 51.5692731], [22.0887449, 51.5693037], [22.088354, 51.5693629], [22.0880743, 51.56942], [22.0877246, 51.5695132], [22.0875409, 51.5695753], [22.08722, 51.5697356], [22.0869039, 51.5699618], [22.0865326, 51.5702898], [22.0863241, 51.5704527], [22.0859804, 51.5707139], [22.0858061, 51.5708316], [22.0856641, 51.5709552], [22.0847375, 51.5713048], [22.0836269, 51.5715556], [22.0834117, 51.5715837], [22.0828171, 51.5716652], [22.0821166, 51.5715944], [22.0815484, 51.5714563], [22.0811574, 51.5712666], [22.0810946, 51.5712672], [22.0810757, 51.571227], [22.0809916, 51.5711879], [22.0807875, 51.5710203], [22.0807266, 51.5708595], [22.0807662, 51.5707469], [22.080695, 51.5704742], [22.080646, 51.5696556], [22.0807225, 51.5690714], [22.0808571, 51.5686905], [22.0811824, 51.568362], [22.0816459, 51.5681258], [22.0821851, 51.5679907], [22.0828114, 51.5679537], [22.0833136, 51.5680097], [22.0836224, 51.568133], [22.083513, 51.5679707], [22.0834591, 51.5678906], [22.0830312, 51.567653], [22.082488, 51.5674998], [22.0820328, 51.567433], [22.0818295, 51.5674352], [22.0816937, 51.56749], [22.0815697, 51.567665], [22.0812321, 51.5679682], [22.0808859, 51.5681333], [22.080515, 51.5682675], [22.0802668, 51.5685826], [22.0795998, 51.56894], [22.0795845, 51.5689858], [22.0795282, 51.5691544], [22.0794104, 51.5694962], [22.0793591, 51.5700681], [22.0792587, 51.5704445], [22.0792934, 51.5706909], [22.0792699, 51.5709652], [22.0792503, 51.5711945], [22.0791584, 51.571572], [22.0788125, 51.5721273], [22.0784401, 51.5724694], [22.0776473, 51.5727489], [22.0765642, 51.5729517], [22.0761466, 51.5729607], [22.0754674, 51.5727616], [22.0751475, 51.5724895], [22.0744533, 51.5721847], [22.0736727, 51.5720888], [22.0730746, 51.5720886], [22.0726196, 51.5721571], [22.0719514, 51.5723053], [22.0712762, 51.5725769], [22.0706307, 51.5727811], [22.0699664, 51.572854], [22.0692616, 51.5729599], [22.068542, 51.5733886], [22.0681717, 51.573569], [22.0679729, 51.5737158], [22.0679084, 51.5739319], [22.067847, 51.5743909], [22.0676743, 51.5746648], [22.0676417, 51.5749761], [22.0674532, 51.5752635], [22.0675353, 51.5754305], [22.0674034, 51.5755711], [22.0670132, 51.5756831], [22.0668109, 51.5757742], [22.0666075, 51.5758659], [22.0659847, 51.5759219], [22.06541, 51.5758836], [22.06469, 51.5756287], [22.0644014, 51.5754666], [22.0640714, 51.5751668], [22.0638025, 51.5747647], [22.0636524, 51.5742535], [22.0632372, 51.5737864], [22.0630847, 51.5736867], [22.0623409, 51.57342], [22.061869, 51.5733821], [22.0613185, 51.5734091], [22.060648, 51.5735512], [22.060651, 51.5734995], [22.059782, 51.5734805], [22.0593925, 51.5734389], [22.0591772, 51.5733805], [22.059006, 51.5732975], [22.0587929, 51.5730982], [22.058509, 51.5724906], [22.0584734, 51.5723487], [22.0584567, 51.5718497], [22.0585161, 51.5715008], [22.0587264, 51.5711632], [22.0593999, 51.570035], [22.0593984, 51.5700301], [22.0594925, 51.569732], [22.059349, 51.5691604], [22.0591133, 51.5688179], [22.0586637, 51.5685416], [22.0584028, 51.5684838], [22.0579821, 51.5684907], [22.0573963, 51.5686017], [22.0556393, 51.5690125], [22.0553363, 51.5691635], [22.0548196, 51.5693715], [22.0545907, 51.5694913], [22.0540608, 51.5699643], [22.05364, 51.5704], [22.0531455, 51.570989], [22.0529484, 51.5711341], [22.0525786, 51.5713094], [22.0522661, 51.5713718], [22.051867, 51.5713077], [22.0514372, 51.5710992], [22.0509757, 51.5707918], [22.0509199, 51.5706815], [22.0507551, 51.5699385], [22.050555, 51.5697448], [22.0502032, 51.5695549], [22.0497697, 51.5694158], [22.049276, 51.5694202], [22.0489602, 51.5695149], [22.0486124, 51.5698587], [22.0482846, 51.5701333], [22.0479378, 51.5702832], [22.0475226, 51.5703889], [22.0467242, 51.5703361], [22.0463037, 51.5702187], [22.0460433, 51.5700894], [22.0458803, 51.5699529], [22.0457389, 51.5696021], [22.0457177, 51.5693261], [22.0456055, 51.5691047], [22.0453816, 51.5689193], [22.0451845, 51.5688495], [22.044984, 51.5688355], [22.0446288, 51.5688551], [22.0441426, 51.5689327], [22.0438056, 51.5690263], [22.0433303, 51.5692412], [22.0430162, 51.5695238], [22.0428798, 51.5697027], [22.0428555, 51.5698987], [22.0428911, 51.5701017], [22.043058, 51.5702891], [22.0434536, 51.5705521], [22.044078, 51.5708812], [22.0442128, 51.5710165], [22.0442318, 51.571249], [22.0441744, 51.5713987], [22.0440635, 51.5715474], [22.0439093, 51.571602], [22.0434325, 51.5717064], [22.0431285, 51.5717327], [22.0427129, 51.5716712], [22.0421672, 51.5715695], [22.0415523, 51.5716006], [22.04105, 51.5716967], [22.0407579, 51.5718232], [22.0405354, 51.5720567], [22.0405181, 51.5721703], [22.0406671, 51.5724525], [22.0409636, 51.5727629], [22.0411327, 51.5729518], [22.041121, 51.5730555], [22.0410599, 51.5731613], [22.0406533, 51.5733359], [22.0401206, 51.5734172], [22.0393394, 51.5734877], [22.0390116, 51.5735923], [22.0384852, 51.5738111], [22.0382328, 51.5739885], [22.0381527, 51.5741913], [22.0381648, 51.5744021], [22.0382065, 51.5745269], [22.0381581, 51.5746528], [22.037968, 51.5748585], [22.0376511, 51.5749887], [22.0375239, 51.5750409], [22.037022, 51.5750534], [22.0365035, 51.575003], [22.0356352, 51.5746411], [22.0353726, 51.5744688], [22.0352654, 51.5742832], [22.0352552, 51.574113], [22.0352114, 51.5739804], [22.0350895, 51.5739032], [22.0348684, 51.5738505], [22.0346107, 51.5738356], [22.0343199, 51.5738986], [22.0342508, 51.5740017], [22.0343415, 51.5745356], [22.0343683, 51.5748064], [22.0343672, 51.5748137], [22.0343654, 51.574867], [22.0343547, 51.5748855], [22.0341824, 51.5750494], [22.0338565, 51.5751495], [22.0335362, 51.575182], [22.0334084, 51.5751467], [22.0331943, 51.5751005], [22.0326574, 51.5747401], [22.0322912, 51.5743196], [22.0323639, 51.573684], [22.0323966, 51.5733886], [22.0327026, 51.5729466], [22.0327116, 51.5729302], [22.0327331, 51.5726652], [22.0326301, 51.5724674], [22.0325801, 51.5723715], [22.0323576, 51.5721601], [22.0317313, 51.571709], [22.0315065, 51.5715272], [22.0313492, 51.5712499], [22.031257, 51.5708157], [22.0311969, 51.5703025], [22.0312979, 51.5700531], [22.0315431, 51.5696738], [22.0316033, 51.5695161], [22.0315462, 51.5692505], [22.0314535, 51.5691061], [22.0309161, 51.5686784], [22.0306344, 51.5683565], [22.0305405, 51.5681773], [22.0305798, 51.5679741], [22.0309206, 51.5676255], [22.0310443, 51.567563], [22.0310758, 51.5674034], [22.0310527, 51.5673658], [22.0308931, 51.5671134], [22.0306442, 51.5668635], [22.0302712, 51.5666293], [22.0298943, 51.5664669], [22.0294047, 51.5663982], [22.0274629, 51.5665398], [22.027207, 51.5667329], [22.0269202, 51.5670782], [22.0267816, 51.56727], [22.0267047, 51.567429], [22.0266448, 51.5676315], [22.02662, 51.5677382], [22.0266071, 51.5684383], [22.0265969, 51.5684889], [22.0266198, 51.5690111], [22.0265726, 51.5693611], [22.0264706, 51.5695278], [22.0263506, 51.5696654], [22.0261385, 51.5698285], [22.0261102, 51.5698464], [22.0260153, 51.5698931], [22.0255929, 51.5700292], [22.025392, 51.5701142], [22.0252941, 51.5702433], [22.025239, 51.5703242], [22.0251982, 51.570478], [22.0251927, 51.5705826], [22.0252316, 51.5707604], [22.0253174, 51.5709261], [22.0254128, 51.5710792], [22.0254233, 51.5710905], [22.0257245, 51.5713364], [22.0261049, 51.5715266], [22.026493, 51.5717581], [22.02657, 51.571878], [22.0266363, 51.5720043], [22.026726, 51.5722903], [22.0267411, 51.5724313], [22.026728, 51.5726755], [22.0266807, 51.5728826], [22.0265814, 51.5730312], [22.0265155, 51.5731456], [22.0264012, 51.5732453], [22.0261356, 51.5734052], [22.0260189, 51.5734592], [22.0257457, 51.5735338], [22.0254645, 51.5735777], [22.0251061, 51.5736182], [22.0248942, 51.573618], [22.0243856, 51.5737159], [22.024211, 51.5737559], [22.0239712, 51.5737929], [22.0238619, 51.5737901], [22.0237701, 51.5737877], [22.0233274, 51.5737505], [22.0232475, 51.5737474], [22.0229788, 51.5737134], [22.0228151, 51.5736445], [22.0226702, 51.5735965], [22.0223963, 51.5734937], [22.022164, 51.5733429], [22.0220982, 51.5733087], [22.0217183, 51.5731805], [22.021234, 51.5729522], [22.0210065, 51.5728258], [22.020951, 51.5727813], [22.02084, 51.5727195], [22.0205207, 51.572481], [22.0203518, 51.5722787], [22.0202632, 51.5720881], [22.0202387, 51.5720138], [22.0202642, 51.5718896], [22.0202766, 51.5717809], [22.0202483, 51.5716496], [22.020235, 51.5713691], [22.0202206, 51.5713183], [22.0201817, 51.571311], [22.0201495, 51.5713546], [22.0200235, 51.5713697], [22.0198809, 51.571439], [22.0198687, 51.5714983], [22.0198194, 51.5715178], [22.0197589, 51.571525], [22.0196305, 51.5715846], [22.019463, 51.5716428], [22.0193155, 51.5716846], [22.0191489, 51.5717224], [22.0189769, 51.5717402], [22.0188016, 51.5717715], [22.0185977, 51.5718269], [22.0183284, 51.5718644], [22.0181479, 51.571897], [22.0175005, 51.5719441], [22.0169243, 51.5719487], [22.0167118, 51.5719398], [22.0165951, 51.5719386], [22.016293, 51.5719091], [22.0160892, 51.5718697], [22.0158806, 51.57182], [22.0156424, 51.5717173], [22.0154002, 51.5715986], [22.015291, 51.5715327], [22.0151364, 51.5714518], [22.0151047, 51.5714201], [22.0149812, 51.5713454], [22.0148659, 51.5712506], [22.0148152, 51.5712325], [22.0146198, 51.5711191], [22.0144114, 51.5710761], [22.0144979, 51.5712691], [22.0144545, 51.5714661], [22.0144402, 51.5716627], [22.0143731, 51.5718439], [22.0142487, 51.5721171], [22.014078, 51.5725172], [22.0140864, 51.572621], [22.0140029, 51.5727099], [22.0139388, 51.5728237], [22.0138644, 51.572928], [22.0137511, 51.5730387], [22.01365, 51.5731579], [22.0134425, 51.5733182], [22.0132932, 51.5735413], [22.0132454, 51.5735989], [22.012947, 51.5738866], [22.0127661, 51.5739788], [22.0125143, 51.5741373], [22.0120799, 51.574324], [22.0114025, 51.5745082], [22.0111173, 51.5745337], [22.0108076, 51.5745895], [22.0105229, 51.5746183], [22.0103612, 51.5746002], [22.0100693, 51.5744686], [22.0099542, 51.574436], [22.0098598, 51.5744367], [22.0098094, 51.5744646], [22.0097978, 51.5745711], [22.0096875, 51.5748499], [22.0096784, 51.5749411], [22.0095468, 51.5752696], [22.0094939, 51.575337], [22.0093757, 51.5754281], [22.0092047, 51.5754802], [22.0090615, 51.5755097], [22.0090568, 51.5755132], [22.0089487, 51.5755074], [22.0088956, 51.5754974], [22.0088322, 51.5754947], [22.0087844, 51.5754764], [22.0086861, 51.5754577], [22.0085554, 51.5754], [22.0085317, 51.575399], [22.0084209, 51.575351], [22.0083274, 51.5752641], [22.0082719, 51.5751086], [22.0082938, 51.5750694], [22.0083216, 51.57504], [22.0083471, 51.575031], [22.0083767, 51.5749508], [22.0084134, 51.5749115], [22.0084592, 51.5749042], [22.0085057, 51.5749168], [22.0084454, 51.5748565], [22.0082866, 51.5747191], [22.0082123, 51.5745848], [22.0080118, 51.5744172], [22.0077119, 51.5742391], [22.0074572, 51.5741178], [22.0071991, 51.5740075], [22.0067587, 51.5739596], [22.0065305, 51.57396], [22.0062365, 51.5740083], [22.0058468, 51.5740497], [22.0057272, 51.5740499], [22.0055266, 51.5741563], [22.0052663, 51.5742376], [22.0049266, 51.574262], [22.004622, 51.5742635], [22.0042845, 51.5742952], [22.0040909, 51.5742574], [22.0038242, 51.5742351], [22.0037781, 51.5742415], [22.003569, 51.5742078], [22.0035079, 51.5741916], [22.0030972, 51.5741223], [22.0027506, 51.5740417], [22.002613, 51.573988], [22.0023756, 51.5739217], [22.0020529, 51.573848], [22.0018763, 51.5737945], [22.0016111, 51.5737277], [22.0013905, 51.5736931], [22.001251, 51.5736559], [22.0011268, 51.5736231], [22.0007532, 51.5734991], [21.999875, 51.5731924], [21.9992829, 51.5729308], [21.998176, 51.5722666], [21.9976979, 51.5719152], [21.9970383, 51.5712585], [21.9966397, 51.570642], [21.9962465, 51.570452], [21.9953956, 51.5703339], [21.9947983, 51.5703576], [21.9937437, 51.570571], [21.9930924, 51.5707709], [21.9918716, 51.5712398], [21.9913113, 51.5714357], [21.9909234, 51.5715956], [21.990118, 51.5718272], [21.9894239, 51.57194], [21.9888233, 51.5721257], [21.9884974, 51.5721447], [21.9879066, 51.5720853], [21.9874299, 51.5720651], [21.9867651, 51.5718896], [21.9865501, 51.5717081], [21.9863743, 51.5712735], [21.9865421, 51.5708449], [21.9869414, 51.5703636], [21.9873375, 51.5701131], [21.9878352, 51.5699266], [21.9883171, 51.5697832], [21.9887286, 51.5697327], [21.9893495, 51.569771], [21.9896524, 51.5696875], [21.9897651, 51.5696123], [21.9898124, 51.5695178], [21.9898117, 51.5694906], [21.9898033, 51.5691676], [21.9896857, 51.5688165], [21.9894401, 51.5684971], [21.9891391, 51.5682889], [21.9885285, 51.5681807], [21.9879291, 51.5681202], [21.9874802, 51.5680482], [21.9873742, 51.5680282], [21.9871583, 51.5679777], [21.987055, 51.5679542], [21.9863054, 51.5676892], [21.9859869, 51.5674728], [21.98578, 51.5672954], [21.9856236, 51.5669591], [21.9855973, 51.5667283], [21.9856791, 51.5665557], [21.9858257, 51.5663424], [21.9860852, 51.5658806], [21.9860669, 51.5657526], [21.9859991, 51.5652783], [21.9859035, 51.5650739], [21.9857212, 51.5648557], [21.9855673, 51.564468], [21.9853428, 51.5640777], [21.9847951, 51.5638424], [21.9845113, 51.5637856], [21.9842341, 51.5637603], [21.9837665, 51.5637446], [21.983196, 51.5638942], [21.9829553, 51.5639963], [21.9824597, 51.564473], [21.9824277, 51.5649156], [21.9825234, 51.5655164], [21.9823359, 51.5658631], [21.9822018, 51.5659289], [21.9819401, 51.5660059], [21.9813731, 51.5659862], [21.9803997, 51.5657811], [21.979746, 51.5660491], [21.9793402, 51.5660547], [21.9787979, 51.5660823], [21.9783904, 51.5659601], [21.9780636, 51.5659574], [21.9777349, 51.5658238], [21.9775552, 51.5657212], [21.9774187, 51.5656852], [21.9768285, 51.5654526], [21.976465, 51.5652909], [21.9759484, 51.5648646], [21.9755383, 51.5644108], [21.9756302, 51.5642176], [21.9756125, 51.5640107], [21.9755516, 51.5638181], [21.9755081, 51.5635814], [21.9755547, 51.563362], [21.9756541, 51.563152], [21.9759179, 51.5628926], [21.9764648, 51.5625049], [21.9768994, 51.5622633], [21.9773902, 51.5620871], [21.978465, 51.5617536], [21.9789678, 51.5614853], [21.9791741, 51.5613537], [21.9798995, 51.5605206], [21.9801572, 51.5600532], [21.9802198, 51.5593636], [21.980145, 51.5588962], [21.9801973, 51.5583588], [21.979853, 51.5578053], [21.9793968, 51.5573042], [21.9792458, 51.5572301], [21.9791329, 51.5571379], [21.978794, 51.5570749], [21.9787005, 51.5569583], [21.9783391, 51.5568299], [21.9779085, 51.5565767], [21.9775935, 51.5563992], [21.9770104, 51.5562121], [21.9770022, 51.5561639], [21.976722, 51.5560252], [21.9763534, 51.5558658], [21.9761027, 51.5557071], [21.9757617, 51.5554917], [21.9757051, 51.5554286], [21.9754017, 51.5552337], [21.9744041, 51.5549466], [21.973625, 51.554669], [21.9733246, 51.5545495], [21.9725621, 51.5542789], [21.9719921, 51.5533123], [21.971979, 51.5529575], [21.9721012, 51.5527993], [21.9722453, 51.5526306], [21.9724452, 51.5522256], [21.9724937, 51.5519812], [21.9725122, 51.5518153], [21.9725028, 51.5516444], [21.9724114, 51.5512251], [21.9722966, 51.5509332], [21.9721459, 51.5507345], [21.9724474, 51.5505714], [21.9724908, 51.5503687], [21.9723905, 51.5501447], [21.9721678, 51.5498259], [21.9721518, 51.5497388], [21.9720203, 51.5496072], [21.9715858, 51.5492015], [21.9715923, 51.5490652], [21.9713569, 51.5488619], [21.971364, 51.5487939], [21.9711253, 51.5485898], [21.9707251, 51.5483702], [21.9696424, 51.5479438], [21.9692146, 51.54788], [21.9685303, 51.5478159], [21.9680058, 51.5478569], [21.9677095, 51.5479156], [21.9674314, 51.5481634], [21.9668901, 51.5480573], [21.9668202, 51.5480332], [21.9663506, 51.5479332], [21.9654672, 51.5476116], [21.9653907, 51.5475582], [21.9650402, 51.5473448], [21.9648661, 51.5471001], [21.9647168, 51.5468063], [21.9646931, 51.5465788], [21.9646637, 51.5464988], [21.9646923, 51.5464264], [21.9647101, 51.5462643], [21.96475, 51.5461739], [21.9647713, 51.5461257], [21.9647777, 51.5461212], [21.9648366, 51.5460841], [21.9648401, 51.5460752], [21.964915, 51.5459977], [21.9649192, 51.5459948], [21.965035, 51.5457355], [21.9650224, 51.5454471], [21.9649652, 51.545374], [21.9648477, 51.5452238], [21.9643962, 51.5447765], [21.9643355, 51.5447402], [21.9641685, 51.5445782], [21.9637378, 51.5444098], [21.9630292, 51.5442639], [21.9628757, 51.544215], [21.9621665, 51.5443852], [21.9618036, 51.5446685], [21.9615977, 51.5450144], [21.961353, 51.5452406], [21.9610567, 51.5452834], [21.9609983, 51.5453242], [21.9608482, 51.5453166], [21.9604346, 51.5453432], [21.9602504, 51.5453225], [21.9600688, 51.5452844], [21.9596239, 51.5452797], [21.9593388, 51.5451731], [21.9590502, 51.5449176], [21.9590452, 51.5449127], [21.9590591, 51.5448664], [21.9590608, 51.544853], [21.9590277, 51.5447403], [21.9590229, 51.5447353], [21.9590278, 51.5446325], [21.9590228, 51.5446241], [21.9589487, 51.5445643], [21.9588698, 51.5444557], [21.9588789, 51.5442288], [21.9590515, 51.5440983], [21.9591842, 51.5439811], [21.9593353, 51.5437631], [21.959305, 51.5435594], [21.9593218, 51.5434383], [21.9593612, 51.5433819], [21.9596195, 51.5430124], [21.9597797, 51.5427285], [21.9597436, 51.5426584], [21.9593069, 51.5422626], [21.9589937, 51.5420581], [21.958987, 51.5420564], [21.9587111, 51.5419898], [21.9576416, 51.5419507], [21.9571324, 51.5419352], [21.9568194, 51.5419082], [21.9567832, 51.5419047], [21.9564901, 51.5418552], [21.9563574, 51.5418193], [21.9563527, 51.5418211], [21.9560383, 51.5416842], [21.9560266, 51.5416816], [21.9557373, 51.5414746], [21.9555444, 51.5413347], [21.9555493, 51.5413319], [21.95557, 51.5413182], [21.9552916, 51.5411574], [21.9551354, 51.5410001], [21.955066, 51.5408254], [21.9550171, 51.5405562], [21.9550337, 51.540441], [21.9553193, 51.5401584], [21.9555636, 51.5397814], [21.9556774, 51.5396262], [21.9558305, 51.5394831], [21.9558277, 51.5393714], [21.9558326, 51.5392457], [21.9557106, 51.5388232], [21.9555868, 51.5385731], [21.9554982, 51.5384381], [21.9552296, 51.5382007], [21.9550586, 51.5380616], [21.9548763, 51.5379554], [21.9545766, 51.5378098], [21.9541651, 51.5376027], [21.9539178, 51.5375132], [21.9536169, 51.537345], [21.9533957, 51.5371475], [21.9531965, 51.5371025], [21.9530932, 51.5370924], [21.9529923, 51.5370005], [21.9528879, 51.5368735], [21.9525516, 51.5366576], [21.9523226, 51.5365511], [21.9521424, 51.5364754], [21.9516039, 51.5362512], [21.9513884, 51.5361288], [21.9509333, 51.5359067], [21.9503366, 51.535538], [21.9499445, 51.5353858], [21.949675, 51.5353306], [21.9491654, 51.535274], [21.9488294, 51.5352639], [21.9485454, 51.5352737], [21.9482468, 51.5351964], [21.9477928, 51.5352176], [21.9475401, 51.5352971], [21.9470515, 51.535657], [21.9469805, 51.5358656], [21.947042, 51.5360478], [21.9471285, 51.5362133], [21.9473395, 51.5364413], [21.9475234, 51.5365969], [21.9476561, 51.536776], [21.9476663, 51.5368858], [21.9477775, 51.5370572], [21.947839, 51.5372092], [21.9478591, 51.5373168], [21.9478401, 51.5374348], [21.9475959, 51.5377762], [21.9474804, 51.5379602], [21.947329, 51.538128], [21.9469365, 51.5384065], [21.9467397, 51.5385864], [21.946537, 51.5387137], [21.9463405, 51.5388471], [21.9463506, 51.538774], [21.9460794, 51.5391252], [21.9459433, 51.5392306], [21.9458238, 51.5393779], [21.9457225, 51.5395487], [21.9455902, 51.5397108], [21.9454645, 51.5398404], [21.9454123, 51.5399112], [21.9448819, 51.5401359], [21.9446408, 51.5402597], [21.9444165, 51.5403996], [21.9439222, 51.5406124], [21.9436041, 51.5407095], [21.9431705, 51.5409467], [21.9429266, 51.5410377], [21.9417744, 51.541676], [21.940593, 51.5421251], [21.9396308, 51.5425181], [21.9389682, 51.5428714], [21.9386237, 51.5431121], [21.9381082, 51.5432751], [21.9376109, 51.5434737], [21.9370966, 51.5436536], [21.9363493, 51.5438745], [21.935887, 51.544031], [21.9358219, 51.5439411], [21.9353238, 51.5441251], [21.9350495, 51.5441605], [21.9350391, 51.5441606], [21.9343212, 51.5444114], [21.9337741, 51.5445984], [21.9332077, 51.5446936], [21.9320288, 51.5442204], [21.9317567, 51.5442104], [21.9316648, 51.5442334], [21.9304659, 51.5441032], [21.9304416, 51.5440981], [21.930427, 51.544094], [21.9288853, 51.5439448], [21.9288713, 51.5439424], [21.9275636, 51.5439058], [21.9268008, 51.5436911], [21.926516, 51.5437194], [21.9240284, 51.5431806], [21.9235689, 51.5430999], [21.9231782, 51.5429778], [21.9227398, 51.542748], [21.9217643, 51.5425349], [21.9213527, 51.542344], [21.9207671, 51.5419671], [21.9201658, 51.5414835], [21.9200433, 51.5414736], [21.9199047, 51.5413662], [21.9196075, 51.5409046], [21.919607, 51.5408997], [21.9195457, 51.5407627], [21.9195404, 51.5407589], [21.9194147, 51.5406426], [21.9194101, 51.5406408], [21.9189713, 51.5401607], [21.9187077, 51.5396174], [21.918346, 51.5392821], [21.9183425, 51.5392749], [21.9181674, 51.5390014], [21.918164, 51.538996], [21.9180271, 51.5386321], [21.9180246, 51.538626], [21.9172529, 51.5379828], [21.9170712, 51.5379006], [21.9169496, 51.5379632], [21.9169447, 51.5379628], [21.9164357, 51.5378664], [21.9164296, 51.5378651], [21.9161644, 51.5377635], [21.9139646, 51.5374341], [21.913665, 51.537317], [21.912414, 51.5371261], [21.911809, 51.5371763], [21.9118032, 51.5371747], [21.9111787, 51.537153], [21.9106561, 51.5372353], [21.9106496, 51.5372344], [21.9100695, 51.5374383], [21.9100621, 51.5374411], [21.909743, 51.5375231], [21.9097375, 51.5375257], [21.9081089, 51.5370986], [21.9080997, 51.537099], [21.9079889, 51.5370963], [21.9079833, 51.5370949], [21.9075766, 51.5372855], [21.9069488, 51.5374812], [21.9037859, 51.5384408], [21.9026517, 51.5387747], [21.9022265, 51.5389236], [21.902221, 51.5389235], [21.9016622, 51.5389273], [21.9016528, 51.5389288], [21.9013289, 51.5389044], [21.9013208, 51.5389021], [21.9010534, 51.5388535], [21.9010449, 51.5388494], [21.9001006, 51.5385568], [21.9000941, 51.5385563], [21.899626, 51.5385247], [21.8989363, 51.5383307], [21.8988524, 51.53828], [21.8988391, 51.5382658], [21.8983063, 51.5378166], [21.8982978, 51.5378121], [21.8983451, 51.5375619], [21.8974501, 51.536966], [21.8960994, 51.5366476], [21.8952865, 51.536456], [21.8944729, 51.5364692], [21.8933275, 51.536503], [21.8933214, 51.5365001], [21.8932499, 51.536544], [21.892423, 51.5364587], [21.8914731, 51.5360973], [21.8903089, 51.5361582], [21.8903027, 51.5361572], [21.8895132, 51.5359596], [21.8893786, 51.5358901], [21.8893731, 51.5358853], [21.8891296, 51.5358182], [21.888984, 51.5357501], [21.8887529, 51.5355449], [21.8887791, 51.5353944], [21.8881968, 51.5345742], [21.8881929, 51.534566], [21.8878504, 51.5339468], [21.8878472, 51.5339402], [21.8877668, 51.533595], [21.8878031, 51.5331231], [21.8880056, 51.5327388], [21.8879551, 51.5325053], [21.8878905, 51.5323031], [21.8875232, 51.5322834], [21.887494, 51.5322287], [21.8873802, 51.5317795], [21.8872473, 51.5310801], [21.8871244, 51.5303648], [21.8869002, 51.5300253], [21.8864836, 51.5295403], [21.8857324, 51.5292264], [21.8850854, 51.5291811], [21.8845652, 51.5293416], [21.8842157, 51.5296105], [21.8840542, 51.529692], [21.8835051, 51.5303006], [21.8831323, 51.5306947], [21.8830139, 51.5310165], [21.8831447, 51.5310539], [21.8830776, 51.5311433], [21.8829502, 51.5312525], [21.8827664, 51.5313863], [21.8823037, 51.5318028], [21.8817987, 51.5323798], [21.8815699, 51.5325668], [21.8802924, 51.5337475], [21.8802241, 51.5337855], [21.8799272, 51.5339958], [21.8790322, 51.5344781], [21.8785493, 51.5346919], [21.8783128, 51.5349667], [21.8779853, 51.5353206], [21.8778001, 51.5354641], [21.8777074, 51.535487], [21.8775506, 51.535579], [21.8765164, 51.536026], [21.8761815, 51.5361448], [21.8757478, 51.5362664], [21.8755736, 51.5363283], [21.8754893, 51.5363314], [21.8751479, 51.5364562], [21.8747519, 51.5365579], [21.874614, 51.5365574], [21.8744539, 51.5366289], [21.8742684, 51.5366429], [21.8740543, 51.5367381], [21.8738729, 51.5368563], [21.8735681, 51.536977], [21.8726655, 51.537259], [21.8723999, 51.5374343], [21.871766, 51.5376698], [21.871285, 51.537896], [21.8707175, 51.5383056], [21.870147, 51.5386187], [21.869478, 51.5390537], [21.8694433, 51.5394011], [21.8691223, 51.5396321], [21.8688922, 51.5398613], [21.8679407, 51.5401469], [21.8676645, 51.5404773], [21.8673595, 51.5406277], [21.8670381, 51.540778], [21.8658792, 51.5410111], [21.8651651, 51.541131], [21.8644047, 51.5411936], [21.8643107, 51.5411903], [21.8640869, 51.5411133], [21.8635915, 51.541156], [21.863219, 51.5411669], [21.8626286, 51.5412165], [21.8621343, 51.5412894], [21.8614202, 51.5414414], [21.8605294, 51.541523], [21.8603907, 51.5415834], [21.859829, 51.5417426], [21.8590872, 51.5418654], [21.8588616, 51.5418539], [21.8581579, 51.5421238], [21.8572762, 51.542298], [21.8555662, 51.5440021], [21.8557866, 51.5445344], [21.8554816, 51.5451538], [21.8552988, 51.545805], [21.8550709, 51.5459859], [21.8542382, 51.5465913], [21.8536233, 51.5469358], [21.8529898, 51.5471616], [21.851599, 51.5478422], [21.8513386, 51.5479041], [21.8512322, 51.5478764], [21.8511923, 51.5479037], [21.8511342, 51.5479056], [21.8510736, 51.5479193], [21.8505615, 51.5479894], [21.850166, 51.5479665], [21.8501346, 51.5478672], [21.8500796, 51.5478658], [21.8500525, 51.5479379], [21.8499069, 51.5479531], [21.8495375, 51.5479504], [21.848964, 51.5479876], [21.8487569, 51.547959], [21.8482177, 51.5479846], [21.8478088, 51.547985], [21.8475466, 51.5479862], [21.8469023, 51.5480142], [21.8467025, 51.5480191], [21.8466907, 51.5480036], [21.8460408, 51.5480098], [21.8458645, 51.5476889], [21.8458643, 51.5476278], [21.8457991, 51.547581], [21.8456889, 51.5475271], [21.8457144, 51.547508], [21.8456374, 51.5474319], [21.8452969, 51.5473502], [21.84433, 51.5471524], [21.8439237, 51.5470687], [21.8438288, 51.5470293], [21.8433529, 51.5468709], [21.8429867, 51.5467179], [21.8426661, 51.5466185], [21.8425663, 51.5466083], [21.8425574, 51.5464716], [21.8424085, 51.5464772], [21.8415698, 51.5463403], [21.8409969, 51.5462412], [21.8407935, 51.5462016], [21.8400063, 51.5460475], [21.8389723, 51.5460144], [21.8382595, 51.5461812], [21.8376094, 51.5462797], [21.8371587, 51.5462983], [21.8371126, 51.5463116], [21.8368049, 51.5464549], [21.8364466, 51.5467628], [21.83648, 51.5462203], [21.836167, 51.5463304], [21.8357682, 51.5465018], [21.8353916, 51.5467146], [21.8351291, 51.546879], [21.8346114, 51.5472225], [21.8340057, 51.5476922], [21.8330955, 51.5483641], [21.8330813, 51.5493174], [21.8330034, 51.5502258], [21.832941, 51.5506252], [21.8328967, 51.550929], [21.8325759, 51.5524434], [21.8320504, 51.5537974], [21.8308258, 51.5560888], [21.8300238, 51.5572051], [21.8285764, 51.5588518], [21.8277685, 51.5596065], [21.8273423, 51.5599508], [21.8268975, 51.5603105], [21.8266984, 51.5604411], [21.8259363, 51.5609749], [21.8250067, 51.5615382], [21.8232966, 51.5623986], [21.821359, 51.5631297], [21.8204418, 51.5633968], [21.8200539, 51.5635266], [21.818703, 51.5638682], [21.8173532, 51.5641564], [21.815951, 51.5644086], [21.814776, 51.56457], [21.8122158, 51.5648325], [21.8087206, 51.5651113], [21.8050986, 51.5655355], [21.8004883, 51.5664561], [21.7964078, 51.5674319], [21.7950939, 51.5677264], [21.7937529, 51.5680048], [21.7923417, 51.5682664], [21.7909441, 51.5684862], [21.7895323, 51.5686605], [21.7887421, 51.5687287], [21.7881015, 51.5687832], [21.7866673, 51.5688441], [21.785224, 51.5688358], [21.7837898, 51.5687502], [21.782376, 51.5685795], [21.7809985, 51.5683195], [21.7796685, 51.5679752], [21.7783924, 51.5675619], [21.7780418, 51.5674281], [21.7771632, 51.5670915], [21.7730627, 51.5651733], [21.7699118, 51.5636238], [21.7691451, 51.5632736], [21.7643487, 51.561438], [21.7617524, 51.5608447], [21.759463, 51.5604905], [21.7572607, 51.5603908], [21.7550279, 51.5605201], [21.752242, 51.5609468], [21.7506214, 51.5613208], [21.7483308, 51.5618951], [21.7435766, 51.5630624], [21.7408678, 51.5636182], [21.7381148, 51.5640715], [21.73561, 51.5643323], [21.7332779, 51.5645316], [21.7284225, 51.5650299], [21.7252609, 51.565524], [21.7238957, 51.5658144], [21.7227081, 51.5661042], [21.7181937, 51.5672656], [21.7162691, 51.5677275], [21.7155176, 51.5678746], [21.7146166, 51.5680812], [21.7126905, 51.5684282], [21.7115204, 51.5686068], [21.7090729, 51.5688998], [21.7020766, 51.5693275], [21.7017294, 51.5693544], [21.7002964, 51.569495], [21.6988936, 51.5696675], [21.6985998, 51.5697128], [21.6974915, 51.5698856], [21.6961109, 51.5701505], [21.6947627, 51.5704731], [21.6934525, 51.5708557], [21.6921944, 51.5713068], [21.6910613, 51.5717965], [21.6901129, 51.5722488], [21.689781, 51.5724087], [21.6868744, 51.5739061], [21.6866382, 51.574029], [21.6853852, 51.5746478], [21.6853291, 51.574674], [21.68426, 51.575177], [21.6841917, 51.5752068], [21.6830786, 51.5756894], [21.6830801, 51.5756941], [21.6818973, 51.5761668], [21.6818666, 51.5761799], [21.6814588, 51.5763249], [21.6806137, 51.5766269], [21.6805848, 51.5766356], [21.6793205, 51.5770265], [21.6793097, 51.5770308], [21.6779945, 51.5773676], [21.6778978, 51.5773866], [21.6765993, 51.5776501], [21.675325, 51.5778459], [21.6752076, 51.5778596], [21.6737736, 51.5780193], [21.6737669, 51.5780188], [21.6723547, 51.5781416], [21.6700722, 51.5783133], [21.6686099, 51.5784345], [21.6680474, 51.5784826], [21.6667546, 51.5786101], [21.6652409, 51.5787996], [21.6652117, 51.5788032], [21.6638682, 51.5790139], [21.663839, 51.5790203], [21.6624597, 51.5792949], [21.6624479, 51.5792973], [21.6611238, 51.5796297], [21.6598348, 51.5800366], [21.6590207, 51.5803587], [21.6586249, 51.5805164], [21.6574976, 51.5810791], [21.6564933, 51.5817237], [21.6564769, 51.5817311], [21.6556173, 51.5824485], [21.6553283, 51.5827686], [21.6549137, 51.5832185], [21.6543104, 51.584052], [21.6538977, 51.5848487], [21.653548, 51.5857705], [21.653327, 51.5866784], [21.6532024, 51.5875672], [21.6531347, 51.5891459], [21.6532811, 51.5935983], [21.6532506, 51.5947412], [21.653081, 51.5961994], [21.6527972, 51.5974393], [21.652506, 51.598288], [21.652103, 51.5991729], [21.6516151, 51.5999897], [21.65097, 51.6008343], [21.650253, 51.6015845], [21.6493994, 51.6023061], [21.6483897, 51.6029665], [21.6473094, 51.6035457], [21.6460965, 51.6040685], [21.644877, 51.6044957], [21.6435868, 51.6048777], [21.6431337, 51.6050014], [21.6429222, 51.6050628], [21.6422091, 51.6052497], [21.6417276, 51.605368], [21.6407729, 51.6055737], [21.6368328, 51.6063823], [21.6354491, 51.6066766], [21.6338975, 51.6070123], [21.6317069, 51.6075991], [21.6304999, 51.6079546], [21.6289868, 51.6084679], [21.6276047, 51.609019], [21.6264, 51.60959], [21.6253704, 51.6101436], [21.6243707, 51.610785], [21.6225422, 51.6121764], [21.6216479, 51.6129388], [21.6199463, 51.6143813], [21.6182298, 51.6157526], [21.6172756, 51.6164496], [21.6162914, 51.617109], [21.6159083, 51.61735], [21.6155463, 51.6175626], [21.6136985, 51.6184989], [21.6080725, 51.6189645], [21.5998907, 51.6199877], [21.5965072, 51.6204133], [21.585992, 51.6246327], [21.5793999, 51.6286344], [21.570942, 51.6347], [21.5705101, 51.6350059], [21.5660554, 51.6384832], [21.5596529, 51.6434612], [21.5594222, 51.6455695], [21.5561673, 51.6524653], [21.5521579, 51.6577017], [21.5507419, 51.6595678], [21.5431581, 51.6641363], [21.5356541, 51.664932], [21.5218094, 51.6663427], [21.5137028, 51.6661143], [21.5126502, 51.666085], [21.5116025, 51.6660551], [21.5088119, 51.6658759], [21.5024177, 51.6654657], [21.4837567, 51.6615852], [21.4772813, 51.6625894], [21.4728185, 51.6648419], [21.4711997, 51.6664611], [21.4700329, 51.6684059], [21.4696697, 51.6707114], [21.4689974, 51.674909], [21.4685745, 51.677794], [21.467172, 51.6804664], [21.4636021, 51.6872678], [21.4603488, 51.6915948], [21.4564277, 51.6965893], [21.4543282, 51.6991803], [21.4477371, 51.7017097], [21.4450864, 51.7043174], [21.4452761, 51.7059523], [21.4454907, 51.7075642], [21.4455709, 51.7081923], [21.4468835, 51.7123629], [21.4463951, 51.7152946], [21.4461073, 51.7169411], [21.4454396, 51.7208338], [21.4401747, 51.725211], [21.4388606, 51.7263169], [21.435289, 51.7283276], [21.4285379, 51.7289152], [21.4248554, 51.7313012], [21.4214844, 51.7334595], [21.4175765, 51.7366375], [21.4167771, 51.7372818], [21.4145636, 51.7390658], [21.4138065, 51.7396991], [21.41035, 51.7450497], [21.4125741, 51.753835], [21.4138852, 51.7552466], [21.415154, 51.7566391], [21.4164138, 51.758025], [21.4247395, 51.7626082], [21.4274959, 51.7649302], [21.4292278, 51.7663789], [21.4314847, 51.7687503], [21.4327961, 51.7701441], [21.4348208, 51.7736576], [21.4358031, 51.7753652], [21.4356164, 51.7793773], [21.4353903, 51.7818495], [21.4351517, 51.7837587], [21.4302588, 51.7879385], [21.4295245, 51.7885641], [21.4287244, 51.7893595], [21.4267594, 51.7913044], [21.4250389, 51.7936044], [21.4216854, 51.796504], [21.4166746, 51.8007741], [21.414985, 51.8021872], [21.4132994, 51.8035963], [21.4132058, 51.8036732], [21.4118202, 51.804461], [21.4102325, 51.8053432], [21.4067985, 51.8072536], [21.4047544, 51.8083858], [21.3989175, 51.8121349], [21.3941376, 51.8142006], [21.3909321, 51.8155807], [21.3885963, 51.8173457], [21.3873185, 51.8183102], [21.3847361, 51.8202568], [21.382273, 51.8221404], [21.3717263, 51.8243996], [21.3623425, 51.8273493], [21.3602981, 51.827959], [21.3543574, 51.829643], [21.3536419, 51.8297998], [21.3515573, 51.830418], [21.3451663, 51.8324048], [21.3423621, 51.8332892], [21.3331957, 51.8362012], [21.3292052, 51.8374684], [21.321838, 51.83991], [21.3155051, 51.8414024], [21.3145076, 51.8416376], [21.3105233, 51.8427279], [21.3093472, 51.8432791], [21.3072188, 51.8442767], [21.3039017, 51.845833], [21.3021358, 51.8466595], [21.2989239, 51.8484933], [21.2963686, 51.8501787], [21.2916324, 51.8538847], [21.2883918, 51.8575699], [21.2870118, 51.8604235], [21.2864086, 51.8616735], [21.2862361, 51.8620725], [21.2862307, 51.8620721], [21.285703, 51.8628193], [21.2846277, 51.8643988], [21.2831505, 51.8665452], [21.2823545, 51.8683602], [21.2815447, 51.8701987], [21.2812078, 51.8710491], [21.2781661, 51.8747143], [21.2758044, 51.8767921], [21.2757639, 51.8768268], [21.2727604, 51.8794007], [21.2675192, 51.8845088], [21.263393, 51.8867021], [21.260771, 51.8878761], [21.2607651, 51.8878791], [21.2495583, 51.8928161], [21.2495566, 51.8928168], [21.2481514, 51.8935207], [21.2451116, 51.8955315], [21.2428184, 51.9012342], [21.2391109, 51.90163], [21.2358583, 51.9078028], [21.2364555, 51.9108035], [21.2390136, 51.9163885], [21.2430052, 51.9207842], [21.2445978, 51.9222997], [21.2545048, 51.9289205], [21.2572198, 51.9308379], [21.2575699, 51.9310348], [21.2615231, 51.933327], [21.2672599, 51.9371965], [21.2674793, 51.9373937], [21.2710622, 51.940765], [21.2732874, 51.9432224], [21.2739937, 51.9445688], [21.2794632, 51.9518268], [21.2812625, 51.9580687], [21.2807699, 51.959494], [21.2802054, 51.9611266], [21.2793904, 51.9634837], [21.2749608, 51.9671341], [21.2731196, 51.9686449], [21.272145, 51.9694446], [21.2717364, 51.9697798], [21.2711247, 51.9702817], [21.2692707, 51.9718029], [21.2638577, 51.9762887], [21.263295, 51.9767582], [21.2608904, 51.978994], [21.2589481, 51.9796931], [21.2588271, 51.9797366], [21.258648, 51.9798534], [21.2550335, 51.9811018], [21.248932, 51.983137], [21.2480456, 51.9834895], [21.2456784, 51.9845813], [21.2452463, 51.984812], [21.2428137, 51.9860892], [21.2407048, 51.987197], [21.2390421, 51.9879908], [21.2372266, 51.9888617], [21.2343699, 51.990231], [21.2312647, 51.9921688], [21.2307851, 51.9924939], [21.2295543, 51.9936376], [21.2277527, 51.9956395], [21.225819, 51.9977882], [21.2244603, 51.9997139], [21.223724, 52.0010006], [21.2216841, 52.0040782], [21.2229065, 52.0094052], [21.2245083, 52.0165371], [21.2269261, 52.0207089], [21.2250175, 52.0237807], [21.2251059, 52.0246322], [21.2252758, 52.0270763], [21.2254741, 52.0281786], [21.225638, 52.0297571], [21.2261371, 52.0345627], [21.22432, 52.0414169], [21.2223402, 52.0445536], [21.2212168, 52.0454256], [21.2180981, 52.0478462], [21.2159645, 52.0494265], [21.2135651, 52.0511849], [21.212271, 52.0524701], [21.2102106, 52.0545185], [21.2078219, 52.0573342], [21.2073122, 52.0579339], [21.2062985, 52.0591068], [21.2058542, 52.0598284], [21.2056511, 52.0602297], [21.2055173, 52.0606216], [21.2053339, 52.0612095], [21.2050883, 52.0623112], [21.2049825, 52.0644445], [21.2049978, 52.0648551], [21.2051342, 52.0654788], [21.2058929, 52.0687255], [21.2067656, 52.0711554], [21.2074401, 52.0724606], [21.2103726, 52.075805], [21.2131077, 52.078971], [21.2167286, 52.0831091], [21.214226, 52.0893563], [21.2111305, 52.0967344], [21.2105966, 52.0977529], [21.2104504, 52.0980362], [21.2103287, 52.0982382], [21.2090215, 52.1007747], [21.2079966, 52.1027345], [21.2074833, 52.1037179], [21.2052039, 52.1057276], [21.2039597, 52.1068246], [21.2028894, 52.1077701], [21.2011708, 52.1092447], [21.1960581, 52.1134918], [21.1901297, 52.1186847], [21.1847616, 52.124371], [21.1796807, 52.1293132], [21.1784433, 52.1305167], [21.1710686, 52.1376043], [21.1706523, 52.1380918], [21.1692178, 52.1397642], [21.1685566, 52.1405355], [21.1657805, 52.1437733], [21.1649579, 52.1447269], [21.1681698, 52.1450819], [21.1714229, 52.1454415], [21.1736957, 52.1460949], [21.1759238, 52.1467344], [21.1758534, 52.1484592], [21.1783362, 52.1488724], [21.1833561, 52.1496827], [21.18586, 52.1500902], [21.1884023, 52.1505113], [21.1886233, 52.1494776], [21.1888722, 52.1495018], [21.1910249, 52.1497117], [21.1925082, 52.1498506], [21.1944371, 52.1500306], [21.19597, 52.1501715], [21.1973011, 52.1502938], [21.2011486, 52.1506473], [21.2017741, 52.1507414], [21.202705, 52.1508797], [21.2042506, 52.1510324], [21.2085513, 52.1514424], [21.2120774, 52.1518599], [21.2130722, 52.1519777], [21.2147367, 52.1521748], [21.2150705, 52.1518354], [21.2189825, 52.1533177], [21.2195387, 52.1538321], [21.2238999, 52.1554039], [21.2285927, 52.1569396], [21.2308892, 52.1576728], [21.2321985, 52.1580979], [21.2347234, 52.1589097], [21.2349627, 52.1588066], [21.2357484, 52.1584682], [21.23647, 52.1581573], [21.2378465, 52.1575975], [21.2391889, 52.1570308], [21.2395318, 52.1568878], [21.2413768, 52.1561182], [21.2417644, 52.1559559], [21.2424528, 52.1556678], [21.2450716, 52.1545636], [21.2469781, 52.1537726], [21.2487517, 52.153036], [21.2471387, 52.1516416], [21.251401, 52.1494508], [21.254925, 52.1476024], [21.2554002, 52.1473566], [21.2557405, 52.1471717], [21.2563994, 52.147722], [21.2620742, 52.1524619], [21.262131, 52.1525189], [21.2624304, 52.1527931], [21.2625793, 52.1531019], [21.25405, 52.1573786], [21.2550656, 52.1582347], [21.2555531, 52.15865], [21.255901, 52.1592419], [21.2561067, 52.1596882], [21.2565365, 52.1605737], [21.2590347, 52.1615063], [21.2603685, 52.1620232], [21.2606826, 52.162967], [21.261037, 52.1643864], [21.2610566, 52.1645059], [21.2611601, 52.1650467], [21.2612432, 52.1653839], [21.2614586, 52.1657492], [21.2623503, 52.1666219], [21.2631138, 52.1673823], [21.2676862, 52.1674483], [21.2676167, 52.1684102], [21.2707912, 52.1685378], [21.270317, 52.1695548], [21.2675262, 52.170125], [21.2673353, 52.1733167], [21.2695689, 52.1733596], [21.2699594, 52.1720427], [21.2711512, 52.1721505], [21.2710231, 52.1740099], [21.2700372, 52.1739435], [21.2641222, 52.1789028], [21.2606317, 52.1818287], [21.259765, 52.1825552], [21.2633792, 52.1839754], [21.2642151, 52.1848201], [21.2653835, 52.1860007], [21.2402289, 52.19588], [21.2429848, 52.1983838], [21.2430056, 52.1993298], [21.2451649, 52.2003041], [21.2457331, 52.2008629], [21.2509495, 52.2024936], [21.2503126, 52.2030372], [21.2485905, 52.2042334], [21.2482352, 52.20598], [21.2490897, 52.2069595], [21.25059, 52.2077556], [21.2522244, 52.2084657], [21.2541429, 52.2094346], [21.2568022, 52.2095773], [21.2598216, 52.2098999], [21.2612073, 52.2098553], [21.2614423, 52.2099588], [21.2615385, 52.2100012], [21.2617274, 52.2100733], [21.2610023, 52.2108311], [21.260592, 52.2112599], [21.256188, 52.2160372], [21.2543146, 52.2180693], [21.2541555, 52.2182434], [21.2539061, 52.2185162], [21.2538837, 52.2185491], [21.2513972, 52.2212608], [21.2509702, 52.221721], [21.2506625, 52.2220526], [21.2505312, 52.2222011], [21.2505001, 52.2222358], [21.2503208, 52.2224848], [21.2504899, 52.2225607], [21.2494574, 52.2225582], [21.2494649, 52.222825], [21.2494716, 52.2229802], [21.2495922, 52.2239362], [21.2502548, 52.2302776], [21.2504281, 52.2319276], [21.2514769, 52.2328153], [21.2527977, 52.2339331], [21.2543814, 52.2352734], [21.2547692, 52.2387333], [21.2542492, 52.238674], [21.2537241, 52.2385853], [21.253135, 52.2384371], [21.2525524, 52.2382691], [21.252272, 52.2381728], [21.2521285, 52.2381235], [21.2515872, 52.2379293], [21.2512576, 52.2377874], [21.249771, 52.2370417], [21.2493509, 52.2368369], [21.2487816, 52.2366022], [21.2482534, 52.2365348], [21.2476468, 52.2364791], [21.2464646, 52.236227], [21.24597, 52.2361546], [21.2452727, 52.236068], [21.2446048, 52.2360356], [21.2439746, 52.2360234], [21.2436626, 52.2360427], [21.2420959, 52.2362042], [21.2394668, 52.236256], [21.2385398, 52.2418478], [21.2382563, 52.2433816], [21.2381873, 52.2437515], [21.2379493, 52.2450274], [21.2416832, 52.2452217], [21.2434404, 52.2453262], [21.2461235, 52.2454397], [21.2480871, 52.2455414], [21.2496927, 52.2456219], [21.2524854, 52.2457095], [21.2537169, 52.2457622], [21.2541342, 52.2489692], [21.2545701, 52.2525767], [21.2545834, 52.2526825], [21.2546321, 52.2530713], [21.2546444, 52.2531691], [21.2524298, 52.2532707], [21.2504688, 52.2626919], [21.1924317, 52.2563868], [21.1904832, 52.2561751], [21.1793435, 52.2567023], [21.1805486, 52.257042], [21.1811787, 52.2572374], [21.1817417, 52.2574773], [21.1823375, 52.2578002], [21.1827875, 52.2580954], [21.1832313, 52.2584421], [21.1834476, 52.2586654], [21.1835858, 52.2588095], [21.1838955, 52.2591744], [21.1841129, 52.2595487], [21.1842894, 52.2599215], [21.1844221, 52.2604327], [21.1845595, 52.2611816], [21.1850892, 52.2651573], [21.1850954, 52.2653617], [21.1850698, 52.265797], [21.1849832, 52.2662504], [21.1848139, 52.266677], [21.1847411, 52.2668129], [21.1845931, 52.2670645], [21.184395, 52.267337], [21.1842162, 52.2675561], [21.1839913, 52.2677867], [21.1835244, 52.268139], [21.1829866, 52.2685141], [21.1816636, 52.2692251], [21.1803611, 52.2698988], [21.1789441, 52.2706353], [21.1777568, 52.2712825], [21.1774507, 52.2714528], [21.1768586, 52.2718346], [21.1759749, 52.2724546], [21.1753473, 52.272946], [21.1730183, 52.2749737], [21.1723122, 52.2755575], [21.1716538, 52.2760655], [21.1712433, 52.2764364], [21.1711802, 52.276495], [21.1706708, 52.2769674], [21.1710249, 52.2772388], [21.171183, 52.2773209], [21.1712117, 52.2775385], [21.1717378, 52.2815339], [21.1724498, 52.2867604], [21.1722248, 52.28678], [21.1714656, 52.28925], [21.1692161, 52.2911062], [21.1686153, 52.2910178], [21.1675872, 52.2908174], [21.1665203, 52.2906318], [21.166079, 52.2905099], [21.1655424, 52.2903855], [21.1651537, 52.2902287], [21.1644746, 52.2898063], [21.1643189, 52.2897155], [21.1640212, 52.2893644], [21.1638146, 52.2891183], [21.1631982, 52.2884196], [21.1630548, 52.2881756], [21.1627659, 52.2875909], [21.1621946, 52.2866327], [21.1620095, 52.2863734], [21.1614268, 52.2857443], [21.1614918, 52.2856786], [21.1612111, 52.2854939], [21.1608749, 52.2852961], [21.1605866, 52.2851265], [21.1597149, 52.2847712], [21.1591302, 52.2846178], [21.1581699, 52.2843684], [21.1570622, 52.2840739], [21.1560805, 52.2838187], [21.1556218, 52.283699], [21.1542565, 52.2827657], [21.1528672, 52.2820864], [21.1515582, 52.2814579], [21.1507455, 52.2806128], [21.1490504, 52.2793525], [21.1418726, 52.2785083], [21.1414622, 52.2784582], [21.1403628, 52.2783246], [21.1371421, 52.277933], [21.1278388, 52.2767648], [21.123895, 52.2762753], [21.1230168, 52.2761657], [21.1219738, 52.2760333], [21.121645, 52.2759915], [21.1205085, 52.2758525], [21.1198203, 52.275767], [21.1166622, 52.2754013], [21.1127593, 52.274919], [21.1078749, 52.274346], [21.1050091, 52.2739945], [21.1041795, 52.2758708], [21.1041477, 52.2759422], [21.1037838, 52.2767606], [21.102837, 52.2788902], [21.1025733, 52.27949], [21.1017289, 52.2813829], [21.1007507, 52.2835992], [21.1005241, 52.2840927], [21.1002832, 52.2847835], [21.0991361, 52.2862175], [21.098925, 52.2864846], [21.0983012, 52.2862194], [21.0980905, 52.2861418], [21.0980692, 52.2861769], [21.0958373, 52.2862598], [21.0957128, 52.2865167], [21.0950453, 52.2878344], [21.0949382, 52.288063], [21.0949168, 52.288097], [21.0952012, 52.2881613], [21.0935139, 52.2898527], [21.0913277, 52.2920206], [21.0895718, 52.2937873], [21.0882509, 52.2951054], [21.0877959, 52.2955571], [21.0875736, 52.2955137], [21.0856606, 52.2989915], [21.0855643, 52.2991666], [21.0855082, 52.2992832], [21.0853939, 52.2995151], [21.0842806, 52.3015579], [21.0835702, 52.3028548], [21.0855129, 52.3032476], [21.0854736, 52.3033], [21.0848887, 52.3045743], [21.0846185, 52.3051525], [21.0842251, 52.3059979], [21.0835975, 52.3073934], [21.0834276, 52.3077712], [21.0828283, 52.3090565], [21.0826685, 52.3097865], [21.0820196, 52.3113365], [21.0820137, 52.3113774], [21.082006, 52.3114273], [21.0821201, 52.3114355], [21.0810458, 52.3140293], [21.0799741, 52.3166107], [21.0789964, 52.3189941], [21.0786656, 52.3198669], [21.077784, 52.3219659], [21.0791273, 52.3221712], [21.0796391, 52.3222623], [21.0810725, 52.3224607], [21.0813864, 52.3225373], [21.0815555, 52.3225507], [21.082498, 52.322691], [21.0828604, 52.3227526], [21.083153, 52.3228058], [21.0837862, 52.3228811], [21.0841961, 52.3229433], [21.0846927, 52.3230186], [21.0852647, 52.3231179], [21.0858515, 52.3232061], [21.0873191, 52.3234084], [21.0873727, 52.3234252], [21.0874454, 52.3234419], [21.0877893, 52.323495], [21.0878365, 52.3235203], [21.0882267, 52.3235565], [21.0885116, 52.3236128], [21.0885713, 52.3236174], [21.0888027, 52.3236604], [21.0891262, 52.3237061], [21.0895164, 52.3237659], [21.0894899, 52.3238499], [21.0888993, 52.3253327], [21.0888748, 52.325381], [21.0888694, 52.3254125], [21.088439, 52.3264856], [21.0883389, 52.3266588], [21.0883143, 52.326754], [21.0883187, 52.3267755], [21.0883035, 52.3267901], [21.0877994, 52.3280173], [21.0877373, 52.3282191], [21.0875304, 52.3285605], [21.0874228, 52.328797], [21.0873802, 52.3289234], [21.0871029, 52.3295858], [21.0869694, 52.3299105], [21.0868585, 52.3301671], [21.0868043, 52.330253], [21.0867439, 52.330305], [21.0867669, 52.3303513], [21.0865276, 52.3308553], [21.0863082, 52.3313021], [21.0862801, 52.3313594], [21.0861817, 52.3317538], [21.0860688, 52.3319306], [21.0860413, 52.3319736], [21.0877646, 52.3322995], [21.0875156, 52.3328634], [21.086677, 52.3327395], [21.085996, 52.3340275], [21.0857287, 52.3346014], [21.0852024, 52.3374025], [21.084017, 52.3373804], [21.0832829, 52.3373521], [21.082453, 52.3373499], [21.0815352, 52.3409255], [21.0808788, 52.3431249], [21.0820505, 52.3432059], [21.0846747, 52.343429], [21.0858974, 52.3435134], [21.0816998, 52.3541398], [21.0786595, 52.3536633], [21.0786365, 52.3537167], [21.0762346, 52.3593014], [21.0771067, 52.3594388], [21.0738087, 52.3672883], [21.0703674, 52.3667503], [21.0659794, 52.3660104], [21.0660352, 52.3661799], [21.063705, 52.3655857], [21.061263, 52.3658247], [21.0610813, 52.3646646], [21.0606487, 52.3625502], [21.0574775, 52.3627618], [21.0539696, 52.3630639], [21.0492175, 52.3616987], [21.0490626, 52.3622059], [21.0486286, 52.3636262], [21.0464621, 52.3638125], [21.0462641, 52.3638062], [21.044568, 52.3640013], [21.0445219, 52.3639866], [21.0408435, 52.3628231], [21.0379555, 52.3624782], [21.037805, 52.3624602], [21.0338561, 52.3619774], [21.0332353, 52.3619085], [21.0328286, 52.3618634], [21.0321935, 52.3617929], [21.030674, 52.3616041], [21.0294883, 52.362946], [21.0294354, 52.3630058], [21.0282301, 52.3643698], [21.0281525, 52.3644597], [21.0275749, 52.3651292], [21.0266704, 52.3645283], [21.0259645, 52.3639157], [21.0254924, 52.3635743], [21.0254413, 52.3635178], [21.0252516, 52.3632491], [21.0252196, 52.3631201], [21.0251632, 52.362329], [21.0252084, 52.3621023], [21.0252259, 52.3619454], [21.0252126, 52.3618561], [21.0251203, 52.3615855], [21.0248627, 52.3609037], [21.0245898, 52.3604543], [21.0243872, 52.3601442], [21.0241823, 52.3598822], [21.0241572, 52.3598071], [21.0239756, 52.3590538], [21.0239399, 52.358931], [21.023857, 52.3588095], [21.023612, 52.3584626], [21.0234029, 52.3578637], [21.0233318, 52.357635], [21.0233445, 52.3574076], [21.0225153, 52.3571363], [21.0210171, 52.3564915], [21.0208247, 52.3568203], [21.0206887, 52.3569547], [21.017104, 52.3565171], [21.014466, 52.3561582], [21.013416, 52.3560796], [21.0134859, 52.3565048], [21.0133272, 52.3568668], [21.013258, 52.3568632], [21.0121228, 52.3568049], [21.0116673, 52.3567815], [21.0108638, 52.3568233], [21.0094879, 52.3567963], [21.0087791, 52.3570342], [21.0080694, 52.3582501], [21.0082206, 52.3601628], [21.0079387, 52.3606898], [21.0056654, 52.3641038], [21.004381, 52.3638585], [21.003228, 52.3636586], [21.0021346, 52.3635917], [20.9999789, 52.3632862], [20.9994128, 52.3631547], [20.9992236, 52.3630272], [20.9989654, 52.3628832], [20.9985903, 52.3626628], [20.997041, 52.3622964], [20.9963739, 52.3620981], [20.994668, 52.3618295], [20.9930043, 52.3623725], [20.9919343, 52.362774], [20.9833162, 52.3603886], [20.9818347, 52.3599785], [20.9781299, 52.3589788], [20.9712735, 52.3589815], [20.9708235, 52.3598531], [20.9661016, 52.3681531], [20.9542357, 52.3678606], [20.9542594, 52.3676793], [20.9535342, 52.3677632], [20.9533624, 52.3676854], [20.9532211, 52.3676073], [20.9529861, 52.367261], [20.9529102, 52.3670902], [20.9528889, 52.3668623], [20.9528263, 52.3667797], [20.9527787, 52.3666696], [20.9526585, 52.3665243], [20.9525227, 52.3664337], [20.9517383, 52.3664923], [20.9508935, 52.3664513], [20.9504134, 52.3664158], [20.9498028, 52.3663974], [20.9487975, 52.366437], [20.9481869, 52.3664744], [20.9448909, 52.3666969], [20.9451611, 52.366219], [20.9439878, 52.3659747], [20.9436208, 52.3663596], [20.9409535, 52.363773], [20.9407609, 52.3635363], [20.9399104, 52.3624911], [20.9392904, 52.3617696], [20.9357033, 52.3629727], [20.9354782, 52.3629998], [20.9350882, 52.3632403], [20.9358587, 52.3623196], [20.939195, 52.3583559], [20.9390309, 52.3583043], [20.9388728, 52.3582542], [20.938499, 52.3581135], [20.93592, 52.3589097], [20.935542, 52.3590572], [20.9351044, 52.3592713], [20.9350334, 52.359295], [20.9339728, 52.3597683], [20.9334264, 52.3593944], [20.9330934, 52.3591665], [20.933017, 52.3591769], [20.9329009, 52.3591926], [20.93167, 52.3584223], [20.9314188, 52.3582394], [20.9309265, 52.357937], [20.9301357, 52.358443], [20.9292689, 52.358941], [20.9283676, 52.3591949], [20.9274905, 52.3594681], [20.9268633, 52.3595706], [20.9263431, 52.3596268], [20.924082, 52.3595777], [20.9229716, 52.3570414], [20.915136, 52.3540304], [20.9151607, 52.3560544], [20.9139362, 52.3584796], [20.9120281, 52.3625779], [20.9083257, 52.3673799], [20.9068413, 52.3692488], [20.9044484, 52.3683129], [20.900496, 52.3724681], [20.8968318, 52.3745873], [20.8857764, 52.377643], [20.8760988, 52.3793232], [20.8661979, 52.3792614], [20.8590112, 52.3790608], [20.8504099, 52.3786079], [20.8482644, 52.3781666], [20.8464646, 52.3779738], [20.8453808, 52.3779086], [20.8443275, 52.3776741], [20.8414812, 52.3768438], [20.8291705, 52.3781257], [20.8205027, 52.3788651], [20.8198436, 52.3771251], [20.8196543, 52.3766407], [20.8195172, 52.3762899], [20.8195089, 52.3762686], [20.8195096, 52.3762414], [20.8194398, 52.3760828], [20.8194276, 52.376055], [20.8194134, 52.3760071], [20.8189546, 52.3749365], [20.8187966, 52.3745678], [20.8186384, 52.3741984], [20.8185819, 52.3740663], [20.8184804, 52.3738304], [20.8183226, 52.3734633], [20.8181709, 52.3731104], [20.8181339, 52.3730247], [20.8181259, 52.3730061], [20.817898, 52.3724787], [20.8175499, 52.3716736], [20.8174898, 52.3715347], [20.817325, 52.3711535], [20.8171973, 52.3708578], [20.8164986, 52.3692423], [20.8162415, 52.3686466], [20.8154136, 52.3667278], [20.8151688, 52.3661595], [20.8151491, 52.3661144], [20.8144539, 52.3644999], [20.8145072, 52.3644828], [20.8148362, 52.3643773], [20.8150953, 52.3642942], [20.8152288, 52.3642515], [20.815554, 52.3641472], [20.815655, 52.3641148], [20.8156788, 52.3641073], [20.8158179, 52.3640629], [20.8158355, 52.3641079], [20.8160068, 52.3640367], [20.8160456, 52.3640206], [20.8161453, 52.3639793], [20.816318, 52.3639078], [20.8163336, 52.3639006], [20.8164723, 52.3638785], [20.8165143, 52.3638672], [20.81653, 52.363863], [20.816913, 52.3637616], [20.8169711, 52.3637464], [20.8170782, 52.3637679], [20.8171403, 52.3637578], [20.8171829, 52.363751], [20.8172499, 52.3637403], [20.8172698, 52.3636497], [20.8173644, 52.3636075], [20.8174784, 52.363557], [20.817611, 52.3634982], [20.817696, 52.3634607], [20.8179784, 52.3633709], [20.8182641, 52.3632803], [20.8185378, 52.3631938], [20.8190704, 52.3630225], [20.8195108, 52.362881], [20.8199328, 52.3627453], [20.8203305, 52.3626179], [20.820477, 52.3625709], [20.8205135, 52.3625593], [20.8207748, 52.362476], [20.8211438, 52.3623585], [20.8215225, 52.3622379], [20.8215824, 52.3622188], [20.8216024, 52.3622124], [20.8218846, 52.3621224], [20.8221488, 52.3620385], [20.822424, 52.361949], [20.823137, 52.3617192], [20.8231451, 52.3617168], [20.8232038, 52.3616978], [20.8235939, 52.3615734], [20.8238204, 52.361501], [20.8240325, 52.3614332], [20.8240725, 52.3614204], [20.8242955, 52.3613494], [20.8244367, 52.3613043], [20.8248584, 52.3611699], [20.8251346, 52.361082], [20.8254226, 52.3609906], [20.8256701, 52.360912], [20.8259489, 52.3608237], [20.8262093, 52.3607371], [20.8262807, 52.3607142], [20.826458, 52.3606569], [20.8265451, 52.3606259], [20.826756, 52.360563], [20.8271701, 52.3604292], [20.8272221, 52.3604124], [20.8272324, 52.3604091], [20.8276131, 52.360287], [20.8278267, 52.3602187], [20.8278533, 52.3602101], [20.82788, 52.3602015], [20.8280044, 52.3601617], [20.8280951, 52.3601326], [20.8281994, 52.3600991], [20.8283946, 52.3600369], [20.8283981, 52.3600354], [20.8283193, 52.3598123], [20.8282002, 52.359557], [20.8279137, 52.3589022], [20.8273954, 52.3577174], [20.8273607, 52.3576388], [20.8270097, 52.3568451], [20.8268339, 52.3564472], [20.8267994, 52.3563693], [20.8267551, 52.3562688], [20.8265646, 52.3558353], [20.8263295, 52.3553002], [20.8262914, 52.3552132], [20.8261853, 52.3549752], [20.8260411, 52.3546516], [20.8260065, 52.3545735], [20.8258798, 52.3542891], [20.8257538, 52.3540059], [20.8256343, 52.3537379], [20.8254846, 52.353401], [20.825448, 52.353318], [20.825325, 52.3530378], [20.8251957, 52.3527429], [20.8251742, 52.3526947], [20.8251583, 52.3526586], [20.8250021, 52.3522962], [20.8248515, 52.3519452], [20.8247691, 52.3517403], [20.8247084, 52.3516064], [20.8246692, 52.3515525], [20.8242749, 52.3516327], [20.8238678, 52.3517138], [20.8232728, 52.3518595], [20.82288, 52.3519392], [20.8226458, 52.3519788], [20.8225127, 52.3519792], [20.822342, 52.3519621], [20.8222987, 52.3519577], [20.8222775, 52.3519536], [20.8219623, 52.3518939], [20.8219553, 52.3518756], [20.821941, 52.3518631], [20.8215881, 52.3513364], [20.821578, 52.3513213], [20.8214371, 52.3505729], [20.8214335, 52.3505541], [20.821412, 52.3504438], [20.8213949, 52.3503529], [20.8213912, 52.3503335], [20.8212667, 52.3496941], [20.8211144, 52.3489446], [20.8210989, 52.3488381], [20.8210822, 52.3487145], [20.8210665, 52.3486126], [20.8210612, 52.3485639], [20.8210584, 52.3485477], [20.8210459, 52.3484695], [20.8210214, 52.3483174], [20.8209988, 52.348175], [20.8209851, 52.3481439], [20.8209549, 52.3480734], [20.8209346, 52.3480723], [20.8208674, 52.3477576], [20.820768, 52.3472899], [20.8207463, 52.347188], [20.8206473, 52.3467229], [20.8205472, 52.3462855], [20.8205103, 52.3461234], [20.8202118, 52.3460584], [20.8199085, 52.3460037], [20.8197161, 52.3459907], [20.819595, 52.345983], [20.8195962, 52.3459889], [20.8192767, 52.3459764], [20.81921, 52.3459704], [20.8191431, 52.3459644], [20.8190697, 52.345959], [20.8188341, 52.3459414], [20.8188058, 52.3459394], [20.8186843, 52.3459303], [20.81839, 52.3459083], [20.8183873, 52.3458948], [20.8181347, 52.3458753], [20.8178284, 52.3458515], [20.8176979, 52.3458414], [20.8175241, 52.3458279], [20.8174004, 52.3458183], [20.8172688, 52.3458081], [20.8171273, 52.3457971], [20.8169949, 52.3457869], [20.8169985, 52.3458047], [20.8167101, 52.3457833], [20.8167062, 52.3457645], [20.8166276, 52.3457584], [20.8165601, 52.3457532], [20.8164777, 52.3457468], [20.8162283, 52.3457274], [20.8160917, 52.3457168], [20.8159595, 52.3457066], [20.8157271, 52.3456885], [20.8155222, 52.3456727], [20.8155272, 52.3456969], [20.8153713, 52.345685], [20.8153661, 52.3456606], [20.8151669, 52.3456451], [20.8150422, 52.3456354], [20.8149103, 52.3456253], [20.8147778, 52.345615], [20.8146587, 52.3456057], [20.8146003, 52.3456012], [20.8137011, 52.3455009], [20.8128399, 52.3453895], [20.8111743, 52.3452651], [20.8102159, 52.3455495], [20.809858, 52.3455994], [20.8093557, 52.3456659], [20.8084155, 52.3457637], [20.8082507, 52.3457607], [20.8073881, 52.3456144], [20.8063551, 52.3454563], [20.8058205, 52.3453912], [20.8052124, 52.3452387], [20.8045473, 52.3451582], [20.8037339, 52.3449502], [20.802889, 52.3447963], [20.8027578, 52.3447676], [20.8026213, 52.3447091], [20.8020415, 52.3444321], [20.8018928, 52.3443872], [20.8018852, 52.3443841], [20.8018134, 52.3443546], [20.7910941, 52.3472762], [20.7788917, 52.3506879], [20.7790226, 52.3503426], [20.7790301, 52.3500806], [20.779137, 52.349454], [20.7791324, 52.3487785], [20.7790848, 52.3480219], [20.778474, 52.3476745], [20.7781943, 52.3474583], [20.7779413, 52.3463191], [20.7777799, 52.3449411], [20.7777511, 52.3449732], [20.7774955, 52.3437486], [20.7772093, 52.3425481], [20.7756585, 52.3412886], [20.7741568, 52.3400689], [20.7734004, 52.3391445], [20.772837, 52.3385523], [20.7720393, 52.3377137], [20.7704981, 52.3364252], [20.7696548, 52.3357154], [20.7693468, 52.3354016], [20.7690355, 52.3350844], [20.7688339, 52.334879], [20.7687254, 52.3347684], [20.768624, 52.3345147], [20.7683812, 52.3339077], [20.7683064, 52.3337219], [20.7681007, 52.3333751], [20.7680472, 52.3326532], [20.7681127, 52.3321407], [20.7680891, 52.3317892], [20.7681724, 52.3314093], [20.7681926, 52.3312032], [20.7680675, 52.3309551], [20.767899, 52.3308255], [20.767744, 52.3307397], [20.7675135, 52.3306307], [20.7673826, 52.3305862], [20.7672385, 52.3305373], [20.7667943, 52.3304082], [20.7663021, 52.3302377], [20.7661019, 52.330196], [20.7658653, 52.3301744], [20.7654755, 52.3301731], [20.7653222, 52.3301675], [20.7652465, 52.3301647], [20.765074, 52.3301295], [20.7649308, 52.3300634], [20.7649125, 52.3300458], [20.7648109, 52.3299482], [20.764685, 52.3296879], [20.7646217, 52.329596], [20.7644667, 52.3294639], [20.7641619, 52.3292724], [20.7640662, 52.3292206], [20.763621, 52.3289923], [20.7632684, 52.328854], [20.7629883, 52.3287013], [20.7629435, 52.3286389], [20.7628363, 52.3284896], [20.7655847, 52.328084], [20.7643263, 52.3261935], [20.7642443, 52.3260767], [20.7638103, 52.3254549], [20.7638067, 52.3254502], [20.7634333, 52.3249153], [20.7625492, 52.3235992], [20.7622168, 52.3230935], [20.7620079, 52.323089], [20.7590355, 52.3229917], [20.7558715, 52.3228943], [20.75461, 52.3228538], [20.7539039, 52.3228312], [20.7507328, 52.3227375], [20.7497304, 52.3227281], [20.7481994, 52.3225935], [20.7479835, 52.3225816], [20.7473391, 52.3225459], [20.7463104, 52.3224411], [20.7461861, 52.3224587], [20.7460211, 52.322485], [20.745745, 52.3225273], [20.7455539, 52.3225566], [20.7450628, 52.3226005], [20.7445243, 52.3225937], [20.7441916, 52.3225892], [20.7439789, 52.322579], [20.7404938, 52.3223381], [20.7401771, 52.3229764], [20.7400991, 52.3231798], [20.7400022, 52.3234325], [20.7398936, 52.3236919], [20.7398418, 52.3240785], [20.7398249, 52.3245018], [20.739708, 52.3246782], [20.7396372, 52.3247492], [20.7390125, 52.325059], [20.7387463, 52.3253031], [20.738539, 52.3255858], [20.7384148, 52.3258994], [20.7384442, 52.3262484], [20.7387246, 52.3268691], [20.7387306, 52.3268822], [20.7387429, 52.3269096], [20.7389323, 52.3275672], [20.7388758, 52.3277438], [20.7387004, 52.3282926], [20.7387288, 52.3287337], [20.7381592, 52.3295479], [20.7381159, 52.3296981], [20.7384719, 52.3303712], [20.7382561, 52.3308177], [20.7378919, 52.3311352], [20.7378611, 52.331162], [20.7365286, 52.332248], [20.7362259, 52.332971], [20.7351209, 52.3339019], [20.735078, 52.3339226], [20.7346574, 52.3346181], [20.7337244, 52.3361364], [20.7331825, 52.3375633], [20.7331922, 52.3383073], [20.7331965, 52.3386416], [20.7332115, 52.3397918], [20.7333023, 52.3408687], [20.7333969, 52.3419917], [20.7330255, 52.3430918], [20.7326532, 52.3441946], [20.7325858, 52.3450025], [20.7327336, 52.3453793], [20.7328923, 52.3457836], [20.7331803, 52.3467722], [20.733414, 52.3473476], [20.7334623, 52.3479281], [20.7334611, 52.3480809], [20.7334584, 52.3484827], [20.7331273, 52.3491149], [20.732774, 52.3499517], [20.7326737, 52.3497427], [20.7324748, 52.3494581], [20.7323018, 52.3492104], [20.7322081, 52.3490763], [20.7317725, 52.3484645], [20.7312258, 52.3481268], [20.7308875, 52.3480065], [20.7302729, 52.3477959], [20.7295459, 52.3476883], [20.7293354, 52.347646], [20.7285779, 52.3474293], [20.7280341, 52.3472183], [20.7274122, 52.3468094], [20.7268121, 52.3464022], [20.726094, 52.3461001], [20.7253768, 52.3457842], [20.7246904, 52.3456816], [20.7243699, 52.345628], [20.7229535, 52.3450367], [20.7227282, 52.3449428], [20.7226161, 52.344896], [20.7224815, 52.3448398], [20.7222285, 52.3447916], [20.7219112, 52.3447314], [20.7216099, 52.3446741], [20.7216013, 52.3446725], [20.7203974, 52.3443828], [20.7199931, 52.3443042], [20.7193579, 52.3441321], [20.7186262, 52.3440305], [20.7178374, 52.3438995], [20.7170648, 52.3437706], [20.7160512, 52.343516], [20.7153742, 52.3433741], [20.7148727, 52.3432416], [20.7142267, 52.3431068], [20.7134872, 52.3429153], [20.7132122, 52.3428482], [20.7119096, 52.3425316], [20.7109741, 52.342403], [20.710088, 52.3423119], [20.70925, 52.3422501], [20.7088061, 52.3422425], [20.7084755, 52.3422407], [20.7078874, 52.3421098], [20.7070635, 52.3419446], [20.7065405, 52.3418621], [20.7055004, 52.3417891], [20.7032853, 52.3410638], [20.7012809, 52.3403974], [20.7005009, 52.3400638], [20.6994847, 52.3397854], [20.6989875, 52.3396222], [20.6985623, 52.3394572], [20.6979268, 52.3391884], [20.6976175, 52.3390727], [20.6974641, 52.3390373], [20.6973159, 52.3390318], [20.6968198, 52.338725], [20.6965748, 52.3385826], [20.6963823, 52.3384421], [20.695646, 52.3379448], [20.6948465, 52.3372846], [20.6940896, 52.3366337], [20.6934812, 52.3361643], [20.6928723, 52.3356944], [20.6924159, 52.335353], [20.691831, 52.3348658], [20.6917312, 52.3347825], [20.6918674, 52.3341645], [20.6918518, 52.333694], [20.6918832, 52.3335101], [20.6921779, 52.3330593], [20.6925454, 52.3316263], [20.692883, 52.331153], [20.6928856, 52.3309027], [20.6926304, 52.3305265], [20.6926369, 52.3300747], [20.6926363, 52.3299763], [20.692638, 52.3298639], [20.6930176, 52.3290643], [20.6932959, 52.3284293], [20.6932297, 52.3284099], [20.6932259, 52.3284089], [20.69276, 52.3282724], [20.6922478, 52.3281223], [20.6915369, 52.327914], [20.6903095, 52.3276414], [20.6895866, 52.3274808], [20.689333, 52.3274273], [20.6889877, 52.3273505], [20.6886676, 52.3272795], [20.6883444, 52.3272077], [20.6874403, 52.3270027], [20.6878009, 52.3281264], [20.6881519, 52.3292225], [20.6881745, 52.3292923], [20.6885301, 52.3304093], [20.6885423, 52.3304452], [20.6888787, 52.3314415], [20.688236, 52.3309439], [20.6880039, 52.330752], [20.6877892, 52.3305764], [20.6875698, 52.3303969], [20.6874854, 52.3303515], [20.6870744, 52.3301688], [20.6869848, 52.3301309], [20.6865539, 52.3299911], [20.6863599, 52.3299282], [20.6863073, 52.3298653], [20.6861748, 52.3298682], [20.6857744, 52.3297695], [20.6852911, 52.3296532], [20.6848074, 52.3295366], [20.6845822, 52.3294824], [20.6842567, 52.3293959], [20.6841548, 52.3293688], [20.6837536, 52.3293615], [20.6833225, 52.3293537], [20.6830818, 52.3293493], [20.6828881, 52.3293458], [20.6824971, 52.3292412], [20.6823088, 52.3291909], [20.6819486, 52.3290944], [20.6816677, 52.3290193], [20.6813517, 52.3289347], [20.681247, 52.3289067], [20.6812202, 52.3288973], [20.6810239, 52.3288287], [20.6807609, 52.3287368], [20.6800862, 52.3285008], [20.6797021, 52.3283667], [20.6796922, 52.3283631], [20.6796737, 52.3283567], [20.6786506, 52.328022], [20.6780505, 52.3277913], [20.677452, 52.3275798], [20.6772294, 52.3274997], [20.6765849, 52.3272704], [20.6763188, 52.3271729], [20.6759864, 52.3270077], [20.6753952, 52.326714], [20.6749423, 52.3264923], [20.6746444, 52.3263395], [20.6743387, 52.3261826], [20.6740739, 52.3260427], [20.6737136, 52.3258582], [20.6735409, 52.3257952], [20.6734202, 52.3257512], [20.6733104, 52.3257118], [20.6730592, 52.3256196], [20.6728807, 52.3255546], [20.6728718, 52.3255514], [20.6725365, 52.3254292], [20.6722041, 52.3253081], [20.671865, 52.3251847], [20.6717746, 52.3251521], [20.6715533, 52.3250713], [20.6711753, 52.3249334], [20.6708963, 52.3248322], [20.6708468, 52.3247982], [20.6705128, 52.3246102], [20.6702276, 52.3244528], [20.6699594, 52.3243034], [20.6699036, 52.3242571], [20.669313, 52.32377], [20.6691362, 52.3236241], [20.66908, 52.3235778], [20.6687539, 52.3233088], [20.6686845, 52.3232518], [20.66819, 52.3228291], [20.6679318, 52.3226085], [20.6680424, 52.3225671], [20.6675205, 52.3221134], [20.6665205, 52.3215695], [20.6662828, 52.3214401], [20.665475, 52.3210806], [20.6639844, 52.3205073], [20.662473, 52.3199262], [20.6611445, 52.3196709], [20.6594543, 52.3193461], [20.6580524, 52.3186973], [20.6566481, 52.3180473], [20.654443, 52.3172532], [20.6527629, 52.3169979], [20.6523034, 52.3169281], [20.6521705, 52.3168767], [20.6512736, 52.3165317], [20.6496849, 52.3160654], [20.6487832, 52.315733], [20.6479393, 52.315415], [20.6469095, 52.314979], [20.646403, 52.3148074], [20.6460021, 52.3147237], [20.6454416, 52.3147087], [20.6452903, 52.3147294], [20.6451646, 52.3147466], [20.6444068, 52.3148505], [20.6434546, 52.3148783], [20.6428964, 52.3147922], [20.6422544, 52.3145616], [20.6419867, 52.3144187], [20.6418747, 52.3143591], [20.6408725, 52.3136006], [20.6403576, 52.3134527], [20.6399844, 52.313425], [20.6380537, 52.3135771], [20.6376647, 52.3135593], [20.6367377, 52.3135076], [20.6363395, 52.3134571], [20.6339038, 52.3131487], [20.6324087, 52.3128535], [20.6310191, 52.3124307], [20.6296419, 52.3123767], [20.6267684, 52.3122253], [20.6256317, 52.3120608], [20.6247858, 52.3120966], [20.6235795, 52.3123239], [20.622156, 52.3122552], [20.6220614, 52.312235], [20.6212479, 52.3119533], [20.6209454, 52.3118486], [20.6201054, 52.3113341], [20.6200723, 52.3113819], [20.6200673, 52.3113895], [20.6198425, 52.3117252], [20.6197629, 52.3118453], [20.6196072, 52.3120794], [20.6194693, 52.3122875], [20.6194462, 52.3123233], [20.6183651, 52.3139941], [20.6173188, 52.3156059], [20.6169325, 52.316188], [20.6169011, 52.316235], [20.6167386, 52.3164781], [20.616707, 52.316525], [20.6159887, 52.3175986], [20.615635, 52.3181275], [20.6149315, 52.3191785], [20.6140621, 52.3204776], [20.613809, 52.3208556], [20.6126974, 52.3225188], [20.6124406, 52.3229029], [20.6124338, 52.3229133], [20.6124057, 52.3229553], [20.6123785, 52.322996], [20.6116844, 52.3240345], [20.6112268, 52.3239273], [20.6112113, 52.3239237], [20.6109437, 52.323861], [20.6100054, 52.3252268], [20.6090279, 52.3266591], [20.6083905, 52.3275834], [20.607851, 52.3283762], [20.6077588, 52.32851], [20.6075707, 52.3287881], [20.6075677, 52.3287923], [20.6064229, 52.3304558], [20.6063965, 52.3304944], [20.6063703, 52.3305325], [20.606318, 52.3306084], [20.6062854, 52.3306557], [20.606085, 52.3309471], [20.6055527, 52.3317229], [20.6045295, 52.3332145], [20.6041341, 52.3337205], [20.6039096, 52.3336804], [20.6036237, 52.3336293], [20.6031167, 52.333539], [20.6021499, 52.3333666], [20.6020581, 52.3333502], [20.6019822, 52.3333359], [20.6008396, 52.3331328], [20.6002964, 52.3330359], [20.6002198, 52.3330223], [20.5997006, 52.3329294], [20.5995219, 52.3328974], [20.5987828, 52.3327615], [20.5984991, 52.3327094], [20.5980268, 52.3326226], [20.5977901, 52.3325797], [20.5974034, 52.3325096], [20.5967802, 52.3323968], [20.5962877, 52.3323077], [20.5949003, 52.3320563], [20.5937766, 52.331854], [20.5930548, 52.3317241], [20.5928004, 52.3316783], [20.5919112, 52.3315182], [20.5917388, 52.3314877], [20.591222, 52.3313961], [20.5908499, 52.3313302], [20.5907067, 52.3313049], [20.5900744, 52.3311928], [20.5893504, 52.3310646], [20.5891946, 52.3310385], [20.5887034, 52.3309565], [20.5880376, 52.3308452], [20.5876857, 52.3307865], [20.5865185, 52.3305914], [20.5861183, 52.3305246], [20.5856861, 52.3304523], [20.5852809, 52.3303849], [20.5849417, 52.3303279], [20.5834891, 52.3300852], [20.5832183, 52.3300383], [20.5830489, 52.330009], [20.5825966, 52.3299306], [20.5806624, 52.3295955], [20.5802046, 52.3295162], [20.5795983, 52.3294112], [20.5786295, 52.3292433], [20.5781693, 52.3291636], [20.5776929, 52.3290809], [20.5776142, 52.3290673], [20.5774314, 52.3290364], [20.5771253, 52.3289845], [20.5765165, 52.3288812], [20.5745822, 52.3285532], [20.5745017, 52.3285397], [20.5744643, 52.3285333], [20.5743978, 52.328522], [20.5739171, 52.3284375], [20.5733884, 52.3283445], [20.5721011, 52.3281182], [20.5718271, 52.3280705], [20.5710168, 52.3279293], [20.5704707, 52.3278342], [20.5703642, 52.3278156], [20.5699338, 52.3277433], [20.5688736, 52.3275652], [20.5686657, 52.3275303], [20.567695, 52.3273535], [20.5671459, 52.3272535], [20.5665987, 52.3271451], [20.5657566, 52.3270069], [20.5654647, 52.3269589], [20.5643419, 52.3267746], [20.5631122, 52.3265727], [20.5625108, 52.3264703], [20.5610312, 52.3262184], [20.560192, 52.3262096], [20.559752, 52.3262051], [20.5593267, 52.3262005], [20.5588207, 52.3261953], [20.5586345, 52.3261934], [20.5584471, 52.3261908], [20.557613, 52.3261796], [20.5573375, 52.3261758], [20.5567023, 52.3261666], [20.5558128, 52.3261537], [20.5555192, 52.3261493], [20.5552418, 52.3261454], [20.5549568, 52.3261413], [20.5542338, 52.3261307], [20.5537532, 52.3261237], [20.5539472, 52.3258095], [20.5542023, 52.3255088], [20.5544403, 52.3252005], [20.5546685, 52.3249089], [20.5548996, 52.3246264], [20.5549018, 52.3246235], [20.5548809, 52.3246212], [20.5549199, 52.3245729], [20.5550162, 52.3244536], [20.5550475, 52.3244148], [20.5550605, 52.3244164], [20.5550787, 52.3243927], [20.555082, 52.3243884], [20.5554869, 52.3238541], [20.5555036, 52.3238337], [20.5557126, 52.3235647], [20.5559399, 52.3232851], [20.5566135, 52.3224053], [20.5570544, 52.3218297], [20.5572993, 52.3215415], [20.5575039, 52.3212474], [20.5576159, 52.3210947], [20.5577545, 52.3209156], [20.5578163, 52.3208263], [20.5580598, 52.3205213], [20.5581812, 52.320355], [20.5582696, 52.3202406], [20.5582767, 52.3202313], [20.5582937, 52.3202084], [20.5583381, 52.3201514], [20.558347, 52.3201362], [20.5585046, 52.3199232], [20.5586962, 52.319668], [20.5591121, 52.3191569], [20.559262, 52.3189506], [20.5593442, 52.318858], [20.5595258, 52.3186273], [20.5597148, 52.3183873], [20.5597856, 52.3182957], [20.5598634, 52.3182], [20.5599056, 52.3181363], [20.5602417, 52.3176767], [20.5603139, 52.3176207], [20.5603773, 52.3175248], [20.5604528, 52.317436], [20.5605095, 52.3173545], [20.5605743, 52.3172798], [20.5606301, 52.3172047], [20.56067, 52.3171509], [20.5607471, 52.3170424], [20.560898, 52.3168321], [20.5609693, 52.3167396], [20.5610592, 52.3166276], [20.5610977, 52.3165684], [20.5612601, 52.3163579], [20.5614272, 52.316145], [20.5618815, 52.3155664], [20.5619373, 52.3154903], [20.5621061, 52.3152697], [20.5624157, 52.3148584], [20.5625057, 52.3147532], [20.5626371, 52.3145839], [20.5627653, 52.3144173], [20.5628359, 52.3143251], [20.562909, 52.31423], [20.5630282, 52.3140654], [20.5631215, 52.3139539], [20.5634278, 52.313549], [20.5640055, 52.3127968], [20.564611, 52.3120166], [20.5617935, 52.3120186], [20.55879, 52.3120205], [20.5586341, 52.312021], [20.5565186, 52.3120266], [20.5562732, 52.3120273], [20.556039, 52.3120348], [20.5529386, 52.3120349], [20.5500387, 52.3120379], [20.5471066, 52.3120408], [20.5439203, 52.3120473], [20.5412151, 52.3120244], [20.5382337, 52.3120328], [20.5353764, 52.3120407], [20.5328679, 52.3120151], [20.5328603, 52.3120387], [20.5328531, 52.3120728], [20.5312474, 52.3120373], [20.53069, 52.3120368], [20.5303566, 52.3120027], [20.529515, 52.3119121], [20.5306411, 52.3077722], [20.5311845, 52.3057745], [20.5315317, 52.3044975], [20.5341595, 52.2948293], [20.5341702, 52.2947902], [20.533197, 52.2947211], [20.5324059, 52.2951266], [20.5314778, 52.2952481], [20.5308143, 52.2952044], [20.5297053, 52.295202], [20.5295366, 52.2951416], [20.5281584, 52.294981], [20.5282217, 52.2947063], [20.5281592, 52.2947205], [20.5273135, 52.2949117], [20.5262012, 52.2949245], [20.525239, 52.2948564], [20.5245474, 52.2949159], [20.5240891, 52.2949589], [20.5233559, 52.2950728], [20.5227501, 52.2952041], [20.5226637, 52.2952068], [20.5224591, 52.2952133], [20.5222541, 52.2952197], [20.5222043, 52.2952213], [20.5214579, 52.295245], [20.5198607, 52.2951419], [20.5176974, 52.2954095], [20.5165273, 52.2953476], [20.5163239, 52.2953556], [20.5148124, 52.2954147], [20.5142567, 52.2953981], [20.5133123, 52.2935993], [20.5126382, 52.2923162], [20.5121074, 52.2913056], [20.5110796, 52.2893514], [20.5100669, 52.2892777], [20.5072928, 52.2886494], [20.5045773, 52.288119], [20.5035684, 52.2892724], [20.5051946, 52.2913725], [20.506471, 52.2930423], [20.507712, 52.2946651], [20.5077463, 52.2947102], [20.5050382, 52.294654], [20.5047176, 52.294675], [20.5020008, 52.2948528], [20.4987723, 52.295131], [20.4972555, 52.2952617], [20.4952737, 52.2952207], [20.4932795, 52.295054], [20.4929897, 52.2950481], [20.492862, 52.2950455], [20.4924785, 52.2949844], [20.4922671, 52.2949508], [20.4919816, 52.2949054], [20.491672, 52.2948562], [20.4914083, 52.2948142], [20.491236, 52.2947868], [20.4907407, 52.2946926], [20.4897133, 52.294601], [20.4891437, 52.2945761], [20.4872777, 52.294551], [20.4864498, 52.2945399], [20.4842526, 52.2943381], [20.4823154, 52.2942025], [20.4815669, 52.2941501], [20.4815087, 52.2941455], [20.4811321, 52.2941156], [20.4800804, 52.2940322], [20.4789806, 52.2939431], [20.475985, 52.2936974], [20.475959, 52.2936364], [20.4753716, 52.2925913], [20.4748031, 52.2915663], [20.4741278, 52.2903421], [20.4734637, 52.2891357], [20.4725087, 52.2873897], [20.4720693, 52.286589], [20.471576, 52.2856894], [20.4712278, 52.2850825], [20.4703238, 52.285104], [20.4692324, 52.2852127], [20.4690893, 52.28523], [20.4682929, 52.2853104], [20.4681615, 52.2853149], [20.4671538, 52.2854714], [20.4664173, 52.285568], [20.4642939, 52.2857983], [20.4634446, 52.2859177], [20.4617991, 52.2860827], [20.4604194, 52.286216], [20.4591502, 52.2863384], [20.4575858, 52.2865005], [20.4572925, 52.2865401], [20.4561255, 52.2866468], [20.4566291, 52.2888444], [20.4547386, 52.2889884], [20.4527079, 52.2891431], [20.4519917, 52.2892138], [20.4502295, 52.2895818], [20.4501535, 52.2894946], [20.4488478, 52.2896462], [20.4487042, 52.2896629], [20.4479448, 52.2888809], [20.4473079, 52.2879703], [20.4471292, 52.2875138], [20.4470048, 52.2875612], [20.4461346, 52.287639], [20.4459171, 52.2876584], [20.4453467, 52.2877092], [20.4432886, 52.2878776], [20.4415173, 52.2880238], [20.4391553, 52.2882442], [20.4397058, 52.2898593], [20.4397252, 52.289916], [20.4403635, 52.2917826], [20.4404405, 52.2920068], [20.4384696, 52.2934912], [20.4371975, 52.2943973], [20.4362781, 52.2949773], [20.4353018, 52.2955935], [20.4369154, 52.2973403], [20.4368564, 52.2973464], [20.435612, 52.2974744], [20.4350546, 52.2975317], [20.4348441, 52.2975533], [20.4346603, 52.2975738], [20.4345178, 52.2975897], [20.4338924, 52.2976596], [20.4337432, 52.2976762], [20.4335797, 52.2976945], [20.4332332, 52.2977331], [20.4331049, 52.2977474], [20.4319654, 52.2978745], [20.4316053, 52.2979142], [20.4313004, 52.297948], [20.4311709, 52.2979623], [20.4298261, 52.2981108], [20.4299893, 52.2985489], [20.430643, 52.3003009], [20.4312967, 52.3020529], [20.4318543, 52.3038195], [20.4318792, 52.3038712], [20.4323234, 52.3048038], [20.4340596, 52.3046557], [20.4364338, 52.3044659], [20.4364931, 52.3044612], [20.4371787, 52.3044071], [20.43763, 52.3043715], [20.4384856, 52.3043041], [20.4402374, 52.3041651], [20.4436807, 52.3038891], [20.4439706, 52.3038663], [20.4444923, 52.3038258], [20.4450174, 52.3037849], [20.4458954, 52.3037163], [20.4469288, 52.3036456], [20.4485232, 52.3035364], [20.4474703, 52.3047793], [20.4475102, 52.3049573], [20.4481975, 52.3050062], [20.4488316, 52.3058943], [20.4499717, 52.3076006], [20.450781, 52.3087549], [20.4516015, 52.3099714], [20.4519952, 52.3105554], [20.453191, 52.312319], [20.4543052, 52.3140233], [20.4522513, 52.3145177], [20.4529999, 52.3156117], [20.4535449, 52.3164081], [20.4548462, 52.3182956], [20.4561549, 52.320183], [20.4570516, 52.321475], [20.4574898, 52.3221351], [20.4539646, 52.3221585], [20.4524881, 52.3221694], [20.4502649, 52.3221859], [20.4409415, 52.3222531], [20.4352297, 52.3223223], [20.4347928, 52.3223354], [20.4343754, 52.3223309], [20.4317053, 52.3226497], [20.4285996, 52.3219354], [20.4278437, 52.3218272], [20.4255247, 52.3216006], [20.4224187, 52.3213035], [20.4222235, 52.3213036], [20.4222799, 52.321386], [20.4232794, 52.3228586], [20.4239315, 52.3238273], [20.4239727, 52.3238884], [20.4239917, 52.323917], [20.4251567, 52.3255801], [20.4264247, 52.3274317], [20.4272986, 52.3287078], [20.4222954, 52.328286], [20.4218832, 52.3297033], [20.4217292, 52.330234], [20.4217126, 52.3302911], [20.4214822, 52.3310836], [20.4222466, 52.3310852], [20.4222034, 52.331359], [20.4220242, 52.3325002], [20.4217393, 52.3334973], [20.4207836, 52.3364539], [20.4187883, 52.3362711], [20.4184983, 52.3372307], [20.4192365, 52.3375581], [20.418979, 52.3380361], [20.4209992, 52.3383418], [20.4221826, 52.3384461], [20.4234263, 52.3384719], [20.4239342, 52.338529], [20.4234478, 52.3452562], [20.4229699, 52.3517502], [20.4225088, 52.3582558], [20.4223125, 52.3606733], [20.4222706, 52.36117], [20.4221228, 52.3628284], [20.4211959, 52.3629968], [20.4192576, 52.363523], [20.4188014, 52.3636465], [20.4188189, 52.3636863], [20.4185698, 52.3637489], [20.4189942, 52.3647925], [20.4194704, 52.3662427], [20.4197069, 52.367105], [20.4197069, 52.3675314], [20.4197012, 52.3685074], [20.4196084, 52.3690679], [20.4196573, 52.369225], [20.4196201, 52.3692972], [20.419372, 52.3697799], [20.4193342, 52.3698533], [20.4187166, 52.3710549], [20.418394, 52.3710446], [20.4180744, 52.3710342], [20.4177188, 52.3710229], [20.4176771, 52.3710215], [20.417042, 52.3710011], [20.4169591, 52.3709984], [20.4169671, 52.3710258], [20.4163749, 52.3710067], [20.4158063, 52.3709884], [20.4154603, 52.3709776], [20.4143828, 52.3709429], [20.4143771, 52.3709425], [20.4138494, 52.3709848], [20.4136776, 52.3710052], [20.4134163, 52.3710364], [20.4127589, 52.3709563], [20.4123476, 52.3709061], [20.4122146, 52.3709114], [20.4119548, 52.3709247], [20.4118426, 52.3709297], [20.4100232, 52.3712144], [20.4099075, 52.3713674], [20.4098112, 52.3714947], [20.409633, 52.3718859], [20.4092776, 52.3718675], [20.4084556, 52.3718422], [20.4083573, 52.371839], [20.408212, 52.3718584], [20.4074797, 52.3721445], [20.4073313, 52.3721817], [20.4069783, 52.3722701], [20.4068885, 52.3722613], [20.4060899, 52.3721817], [20.4054843, 52.3721215], [20.4052518, 52.3720982], [20.4052623, 52.3719737], [20.4049293, 52.3719751], [20.4044488, 52.3719768], [20.4042723, 52.3719111], [20.4041982, 52.3718832], [20.4037536, 52.3717208], [20.4036733, 52.3716913], [20.4036135, 52.3716749], [20.4034558, 52.3716311], [20.4033069, 52.3715896], [20.4032552, 52.3715794], [20.4028391, 52.3714952], [20.4026902, 52.371465], [20.40249, 52.3714244], [20.4024328, 52.3714108], [20.4023249, 52.3713848], [20.4021885, 52.3713518], [20.4014453, 52.3712259], [20.4013909, 52.3712231], [20.4008882, 52.3711937], [20.4008609, 52.3711945], [20.400527, 52.3712039], [20.4002661, 52.3712113], [20.4000052, 52.3712186], [20.3996262, 52.3712293], [20.3992148, 52.3712545], [20.3991615, 52.3713683], [20.3991414, 52.3714099], [20.3990298, 52.3716399], [20.3986579, 52.3718007], [20.3978015, 52.372363], [20.3976232, 52.3725343], [20.3975865, 52.3725724], [20.3979286, 52.3726058], [20.3988938, 52.3726479], [20.4000731, 52.37279], [20.4002845, 52.3728234], [20.4004552, 52.3728505], [20.400485, 52.372855], [20.4008351, 52.3729407], [20.4009281, 52.3729649], [20.4014719, 52.3731056], [20.4016119, 52.373142], [20.4024564, 52.3733608], [20.4024823, 52.3733678], [20.4027008, 52.373426], [20.4029317, 52.3735098], [20.4036362, 52.3739569], [20.4046574, 52.3743632], [20.4056939, 52.3747504], [20.4057177, 52.374848], [20.4058126, 52.3752192], [20.4058249, 52.3752668], [20.4058237, 52.3752755], [20.4058206, 52.3753028], [20.4058096, 52.3753964], [20.4058048, 52.3754369], [20.4057918, 52.3755456], [20.4057908, 52.3755542], [20.4057866, 52.3755902], [20.405668, 52.3765904], [20.4056465, 52.3767734], [20.4051612, 52.3808782], [20.4051133, 52.3812837], [20.4050742, 52.3816117], [20.4050719, 52.3816327], [20.4050431, 52.3819372], [20.4048141, 52.3843424], [20.402823, 52.3839768], [20.3991474, 52.3832137], [20.3966116, 52.3811427], [20.3933333, 52.3815132], [20.3881099, 52.3830434], [20.3829248, 52.3846642], [20.3772434, 52.3873287], [20.3718757, 52.3885039], [20.3669286, 52.3890075], [20.3637114, 52.3890876], [20.3584775, 52.3887767], [20.3528398, 52.3886623], [20.350504, 52.3885538], [20.3491343, 52.3886564], [20.34676, 52.3892959], [20.3410887, 52.3899881], [20.3386353, 52.3902096], [20.3366357, 52.3903332], [20.3297169, 52.3893865], [20.3243215, 52.3896794], [20.3185768, 52.3907337], [20.31337, 52.391171], [20.307156, 52.3911977], [20.3016606, 52.3903474], [20.297158, 52.3899074], [20.2910369, 52.3901095], [20.2845733, 52.3905185], [20.2784623, 52.3903794], [20.2705784, 52.3893487], [20.2655001, 52.3892993], [20.2577761, 52.3887107], [20.2510234, 52.3880883], [20.2510111, 52.3920715], [20.2510138, 52.393858], [20.2510075, 52.3954969], [20.2510347, 52.3957592], [20.2509937, 52.3963492], [20.25103, 52.3969754], [20.2509149, 52.3970456], [20.2508816, 52.3971286], [20.2510799, 52.3977103], [20.2511464, 52.3979304], [20.251029, 52.398093], [20.2509803, 52.3985843], [20.2512337, 52.398811], [20.2515819, 52.3989564], [20.2515542, 52.3989978], [20.2514424, 52.3991141], [20.2513719, 52.3993596], [20.2518192, 52.3996245], [20.2512563, 52.3995065], [20.2498954, 52.4000988], [20.2492495, 52.4002672], [20.2488273, 52.400571], [20.2482923, 52.4013437], [20.24803, 52.4015184], [20.2480539, 52.4020734], [20.2478401, 52.4025239], [20.2472496, 52.4025239], [20.2472237, 52.4026114], [20.2471275, 52.4026867], [20.2464513, 52.4042322], [20.2459887, 52.4053248], [20.2449853, 52.4076986], [20.2448645, 52.4079845], [20.2437618, 52.4106505], [20.2433252, 52.4116878], [20.2432579, 52.4118477], [20.2430369, 52.4123726], [20.2427592, 52.413032], [20.2417859, 52.4137535], [20.2412161, 52.4140821], [20.2408452, 52.4142603], [20.2405868, 52.4142922], [20.2399403, 52.4145846], [20.2394286, 52.4148243], [20.2388621, 52.4150628], [20.2381001, 52.4155387], [20.2375318, 52.4159054], [20.2368411, 52.4163301], [20.2359384, 52.4167302], [20.2353773, 52.416894], [20.2350027, 52.4169787], [20.2349845, 52.4170211], [20.2348547, 52.4170177], [20.2345623, 52.4169787], [20.2341494, 52.4169631], [20.2332174, 52.4170813], [20.2324158, 52.4172502], [20.2325303, 52.417322], [20.2327277, 52.41738], [20.232947, 52.4174379], [20.2329908, 52.4175159], [20.2329543, 52.4175962], [20.2328373, 52.4176497], [20.2329104, 52.4177032], [20.2329543, 52.4178525], [20.2330018, 52.4178926], [20.2330968, 52.417906], [20.2331918, 52.4179796], [20.2331626, 52.4180598], [20.2331882, 52.4180754], [20.2333234, 52.4180442], [20.2334148, 52.4180464], [20.2334001, 52.4181534], [20.2334221, 52.4182069], [20.2335281, 52.4182292], [20.2335905, 52.4182867], [20.2336088, 52.4184338], [20.2337751, 52.4184951], [20.2339651, 52.418542], [20.2341113, 52.4186857], [20.2342466, 52.4186902], [20.2343197, 52.4187515], [20.2345335, 52.4188886], [20.2345791, 52.4189331], [20.2347564, 52.4190379], [20.2349921, 52.4190535], [20.2351383, 52.4191126], [20.2354947, 52.4191393], [20.2356335, 52.4191605], [20.2357286, 52.4193132], [20.2358419, 52.419389], [20.2359186, 52.4193878], [20.2361086, 52.4193488], [20.2362989, 52.4193496], [20.2364035, 52.4193842], [20.2364481, 52.4194236], [20.2364339, 52.4194662], [20.2364029, 52.4195001], [20.2363267, 52.4195237], [20.2363202, 52.4195434], [20.2363473, 52.4195694], [20.2366174, 52.419623], [20.2367272, 52.4196498], [20.2367686, 52.4196782], [20.2367763, 52.4197341], [20.2367518, 52.4197916], [20.2367195, 52.4198429], [20.2367259, 52.4198712], [20.2367479, 52.4199012], [20.2367905, 52.4199162], [20.2370012, 52.4199106], [20.2370554, 52.4199296], [20.2371007, 52.4199879], [20.2371032, 52.4200753], [20.2370683, 52.4201242], [20.2369818, 52.4201581], [20.2367983, 52.4201289], [20.2367518, 52.4201549], [20.2367595, 52.4201833], [20.2368706, 52.4203023], [20.236881, 52.4203661], [20.236828, 52.4204418], [20.2367686, 52.4204875], [20.2367763, 52.4205513], [20.2367078, 52.4205718], [20.2366329, 52.4205836], [20.2365515, 52.4205702], [20.236545, 52.4206278], [20.2365127, 52.4207294], [20.2364016, 52.4208752], [20.2364068, 52.4209453], [20.2364494, 52.4209832], [20.2364921, 52.4210438], [20.2364455, 52.421069], [20.2364442, 52.4211124], [20.2364236, 52.4211896], [20.2363486, 52.4212479], [20.2362776, 52.4213252], [20.2361884, 52.4213543], [20.2361574, 52.421385], [20.2361535, 52.421415], [20.2361664, 52.4214457], [20.2362194, 52.4214615], [20.2362349, 52.4215261], [20.2362685, 52.4215466], [20.2363654, 52.4215529], [20.2364649, 52.4215686], [20.2365373, 52.4215947], [20.2365631, 52.4216577], [20.2365825, 52.4216727], [20.236598, 52.4217207], [20.2365786, 52.4217499], [20.2365838, 52.4218098], [20.2366988, 52.421902], [20.236704, 52.4219674], [20.2366549, 52.4221147], [20.2366885, 52.422177], [20.2366962, 52.4222329], [20.2366562, 52.422281], [20.2366045, 52.4223267], [20.2364882, 52.4223448], [20.236474, 52.422389], [20.2365024, 52.422415], [20.2365179, 52.4224512], [20.236461, 52.4225213], [20.2364158, 52.4225284], [20.2362543, 52.4225032], [20.2361897, 52.4225064], [20.2361432, 52.4225458], [20.2361496, 52.4225726], [20.2362052, 52.4226001], [20.2363215, 52.4226435], [20.236359, 52.4226923], [20.2363163, 52.4228239], [20.2363422, 52.4228878], [20.2363835, 52.4229224], [20.2364533, 52.422987], [20.2364068, 52.4230595], [20.2363938, 52.4231305], [20.2363512, 52.4231793], [20.2362207, 52.4232006], [20.2360992, 52.4232242], [20.2360915, 52.4232723], [20.2361096, 52.4233369], [20.2360514, 52.4233913], [20.2358589, 52.4234354], [20.2356638, 52.4236277], [20.2355643, 52.4238128], [20.2353989, 52.4239145], [20.2347709, 52.4246764], [20.2348316, 52.4248136], [20.2348394, 52.4249688], [20.2347192, 52.4251815], [20.2345758, 52.4252603], [20.2344401, 52.4254313], [20.2343316, 52.4255716], [20.2341055, 52.4256756], [20.2339775, 52.4258198], [20.2337165, 52.425871], [20.2333586, 52.4260766], [20.2331596, 52.4261767], [20.2318378, 52.4268299], [20.2330304, 52.4290328], [20.2325316, 52.429474], [20.2313223, 52.4305497], [20.2312665, 52.430631], [20.2310997, 52.4315194], [20.2299154, 52.4319274], [20.229772, 52.432031], [20.2298816, 52.432402], [20.2302007, 52.4329889], [20.2307848, 52.4340517], [20.2308623, 52.434184], [20.2309825, 52.4343313], [20.2311776, 52.4345385], [20.2312861, 52.4355737], [20.2313934, 52.4357257], [20.2328858, 52.4353035], [20.2331688, 52.4352987], [20.2345333, 52.4354531], [20.2358371, 52.4355051], [20.236092, 52.4355384], [20.2368689, 52.4357852], [20.2371699, 52.4359288], [20.2374421, 52.4361352], [20.2377318, 52.4362618], [20.2380957, 52.4366584], [20.2383839, 52.4369632], [20.2391915, 52.4378487], [20.2392561, 52.4380346], [20.239676, 52.4392177], [20.2399138, 52.4398864], [20.2399664, 52.4400212], [20.2399215, 52.4403417], [20.2398943, 52.4405968], [20.2399177, 52.4408799], [20.2399396, 52.4411278], [20.2400934, 52.4417067], [20.2400581, 52.4419331], [20.2400426, 52.442386], [20.2400854, 52.4424111], [20.2399254, 52.442722], [20.2394215, 52.4436262], [20.2393, 52.4436301], [20.2378657, 52.4437947], [20.2355786, 52.4440027], [20.2340069, 52.4440736], [20.2321772, 52.4439901], [20.230907, 52.4438956], [20.2306059, 52.4438908], [20.2301731, 52.443957], [20.2301123, 52.4440137], [20.2301705, 52.4445217], [20.2294107, 52.4445721], [20.2282516, 52.4447989], [20.2281005, 52.4449368], [20.2281819, 52.4452739], [20.2281418, 52.445318], [20.2274285, 52.4454652], [20.2269673, 52.4456196], [20.2268264, 52.4457606], [20.2263858, 52.4458472], [20.2239902, 52.4463064], [20.2240935, 52.4463536], [20.2241, 52.4465773], [20.2238118, 52.4467482], [20.2238144, 52.4468695], [20.2237369, 52.4469104], [20.2237201, 52.447101], [20.2235844, 52.447153], [20.2234759, 52.4471428], [20.2233673, 52.4470656], [20.2231231, 52.4470679], [20.2229257, 52.4471671], [20.222844, 52.4472231], [20.2229935, 52.447291], [20.2229956, 52.4473973], [20.2230948, 52.4474718], [20.2232372, 52.4474764], [20.2233092, 52.4474586], [20.2233325, 52.447431], [20.2232839, 52.447408], [20.2232263, 52.4473953], [20.2231554, 52.4473727], [20.2231412, 52.4473428], [20.2231632, 52.4473097], [20.2233583, 52.4473168], [20.2235248, 52.4474231], [20.2235767, 52.4475168], [20.2236723, 52.4475121], [20.2236387, 52.4476476], [20.2237162, 52.4477043], [20.2238209, 52.4477003], [20.2238842, 52.4477421], [20.2237989, 52.4478775], [20.2236994, 52.4479216], [20.2234358, 52.4478941], [20.2233079, 52.4479366], [20.2230818, 52.4480839], [20.2230456, 52.448161], [20.2230895, 52.4482713], [20.2230172, 52.448432], [20.2230172, 52.4485005], [20.2230792, 52.448569], [20.2231205, 52.448584], [20.2235663, 52.4486068], [20.2236154, 52.4486674], [20.2238687, 52.4486895], [20.2238622, 52.4488509], [20.2238286, 52.4489037], [20.2235211, 52.4489423], [20.2234022, 52.4489667], [20.2233725, 52.4490313], [20.2232562, 52.4491037], [20.2231257, 52.4491069], [20.2225029, 52.4494061], [20.2224525, 52.449466], [20.2226037, 52.4496896], [20.2226463, 52.4504842], [20.2223737, 52.4509575], [20.2239281, 52.4516851], [20.2253443, 52.4523513], [20.2272115, 52.4532254], [20.2291019, 52.4541341], [20.2291393, 52.4541191], [20.2315401, 52.455242], [20.2316694, 52.4552924], [20.2317831, 52.4552766], [20.2320725, 52.4551443], [20.2323103, 52.4551569], [20.2324858, 52.4552245], [20.2326357, 52.4552446], [20.2329719, 52.4553582], [20.2331327, 52.4553827], [20.2332533, 52.4553515], [20.233469, 52.4554027], [20.233679, 52.4554241], [20.2336971, 52.4554509], [20.2336867, 52.455473], [20.2335834, 52.455495], [20.2334748, 52.4555816], [20.2334774, 52.455673], [20.2337126, 52.4557879], [20.2337565, 52.4557533], [20.2338237, 52.4558241], [20.2339555, 52.4558541], [20.2341312, 52.455832], [20.2340744, 52.4559029], [20.2341106, 52.4559627], [20.2342527, 52.4559548], [20.2342759, 52.455895], [20.2342501, 52.4558399], [20.2342759, 52.4558084], [20.2344594, 52.4558635], [20.2345008, 52.4558667], [20.2345706, 52.4558793], [20.2346352, 52.4559155], [20.234692, 52.4559186], [20.2347437, 52.4558903], [20.2348238, 52.4558871], [20.234966, 52.4559454], [20.2350331, 52.4559958], [20.2351469, 52.45598], [20.2352554, 52.4560556], [20.23532, 52.4560541], [20.2353613, 52.4560446], [20.2354466, 52.4560572], [20.2355035, 52.456117], [20.2355888, 52.4561312], [20.2357051, 52.4560856], [20.2358808, 52.4560856], [20.2359842, 52.455969], [20.2363124, 52.4559422], [20.2364519, 52.4559737], [20.2364648, 52.4560021], [20.2363899, 52.4560572], [20.2363641, 52.4561013], [20.2364002, 52.4561218], [20.2365656, 52.456117], [20.2366535, 52.4561627], [20.2366561, 52.4562005], [20.2366432, 52.4562226], [20.2364984, 52.4562115], [20.2364312, 52.4562367], [20.2364312, 52.4562761], [20.2364803, 52.4562997], [20.2365605, 52.4563218], [20.2365682, 52.4563753], [20.2365114, 52.4564493], [20.2364338, 52.4564603], [20.2363666, 52.4564415], [20.2363253, 52.4563816], [20.2362426, 52.4563958], [20.236178, 52.4564714], [20.2361935, 52.4565202], [20.2362839, 52.4565611], [20.2363563, 52.4565926], [20.2364002, 52.4566399], [20.2364571, 52.456643], [20.2365785, 52.4565926], [20.2366225, 52.4566021], [20.2366793, 52.4566383], [20.2367026, 52.4566934], [20.236762, 52.456695], [20.2368421, 52.4566509], [20.2369378, 52.4566635], [20.2370877, 52.4567139], [20.237266, 52.4567926], [20.2374701, 52.4568036], [20.2375968, 52.4568651], [20.2376691, 52.4569265], [20.2376588, 52.4569973], [20.237465, 52.4571186], [20.2374339, 52.4571769], [20.2374055, 52.4572493], [20.2374779, 52.4573076], [20.2376019, 52.4573391], [20.2377441, 52.4573517], [20.2378862, 52.457358], [20.2380438, 52.457306], [20.2381007, 52.4573107], [20.2381575, 52.4574021], [20.2382402, 52.4574083], [20.2383333, 52.4573643], [20.2384806, 52.4573674], [20.2386408, 52.4574493], [20.2387468, 52.4574587], [20.2388243, 52.4574209], [20.2389509, 52.4573469], [20.2390285, 52.4573611], [20.2390595, 52.4574335], [20.2391086, 52.4575091], [20.2393282, 52.4575028], [20.2394342, 52.4575249], [20.2395091, 52.4575265], [20.2395324, 52.4575013], [20.2394859, 52.45738], [20.2395453, 52.4572887], [20.2397159, 52.4572178], [20.2397831, 52.4572414], [20.2398115, 52.4573564], [20.2398709, 52.4573847], [20.2399469, 52.4574261], [20.2399835, 52.4574851], [20.2400364, 52.4574929], [20.2400803, 52.457474], [20.2402064, 52.457356], [20.2403745, 52.4573337], [20.2405079, 52.457268], [20.240634, 52.4570475], [20.2406651, 52.4570375], [20.2408496, 52.4570664], [20.240899, 52.4570831], [20.24093, 52.4571143], [20.2411786, 52.4571733], [20.2412169, 52.4572157], [20.2412224, 52.457278], [20.2412425, 52.4573671], [20.2413174, 52.4573871], [20.2413649, 52.4573693], [20.2413905, 52.4572936], [20.2414271, 52.4572301], [20.2415239, 52.4572157], [20.2418309, 52.4572301], [20.2419661, 52.4572825], [20.2420648, 52.4573827], [20.2421471, 52.4574205], [20.2422494, 52.4574194], [20.242571, 52.4573014], [20.2426916, 52.4573047], [20.2428177, 52.4573426], [20.242931, 52.4573615], [20.243068, 52.4573649], [20.2431539, 52.4574083], [20.2431466, 52.4575219], [20.2432599, 52.4576399], [20.2433897, 52.4576811], [20.2435742, 52.4577446], [20.2436857, 52.4577925], [20.2437515, 52.457857], [20.2437862, 52.4579272], [20.2438374, 52.4580018], [20.2439123, 52.4580508], [20.2440055, 52.4580942], [20.2440969, 52.4581766], [20.244148, 52.4582534], [20.2441882, 52.4583225], [20.2442321, 52.4583559], [20.244307, 52.4583815], [20.2444039, 52.458377], [20.2445336, 52.4583525], [20.2445884, 52.4583559], [20.2447437, 52.4584182], [20.2448845, 52.4584205], [20.2449228, 52.4584093], [20.2449484, 52.4583447], [20.244985, 52.4583125], [20.2451366, 52.4582601], [20.245292, 52.4582401], [20.2454436, 52.4582468], [20.2455789, 52.4583069], [20.2456739, 52.4583069], [20.2458329, 52.4582601], [20.2460083, 52.4582557], [20.2461453, 52.4582824], [20.2462678, 52.4583403], [20.2463317, 52.4584193], [20.2463591, 52.4585318], [20.2464267, 52.4585897], [20.246456, 52.4586465], [20.2465072, 52.4586844], [20.2465784, 52.4586899], [20.2465821, 52.4587423], [20.2465382, 52.4588157], [20.2465583, 52.4588614], [20.2466241, 52.458916], [20.2466497, 52.4589883], [20.2466442, 52.459122], [20.2466844, 52.459181], [20.2467776, 52.4592344], [20.2468288, 52.4593947], [20.2468891, 52.4594526], [20.2469914, 52.459515], [20.2470364, 52.4595742], [20.2467784, 52.4596937], [20.2467855, 52.459754], [20.24682, 52.4598344], [20.247108, 52.4603624], [20.2474526, 52.4610111], [20.2463602, 52.4615684], [20.2442371, 52.4625224], [20.2441738, 52.4625581], [20.2442815, 52.4627629], [20.2443645, 52.4629499], [20.2445273, 52.4632258], [20.2445841, 52.4633514], [20.2446118, 52.4635162], [20.2447906, 52.463901], [20.2449241, 52.464377], [20.2449647, 52.4646535], [20.2449872, 52.4648991], [20.2449779, 52.465121], [20.2450151, 52.4653155], [20.2450117, 52.4654693], [20.2450403, 52.4658184], [20.2451461, 52.4660864], [20.2453295, 52.4664112], [20.2455053, 52.4667492], [20.2456267, 52.4668791], [20.2458653, 52.4670812], [20.2460523, 52.4672836], [20.2462222, 52.4675191], [20.2462954, 52.4676323], [20.2464379, 52.4679008], [20.2466155, 52.4683288], [20.2466933, 52.468699], [20.2467382, 52.4688784], [20.2467664, 52.4690765], [20.2467595, 52.46932], [20.2467216, 52.4694607], [20.2465974, 52.469685], [20.2462855, 52.4701411], [20.2461729, 52.4702756], [20.245853, 52.4705985], [20.2456971, 52.4707478], [20.2455647, 52.4709523], [20.2450354, 52.4715983], [20.2449144, 52.4718155], [20.244817, 52.4720302], [20.2448234, 52.472166], [20.24455, 52.4729263], [20.2444292, 52.4738023], [20.2442757, 52.4740748], [20.244118, 52.4742826], [20.2438682, 52.474581], [20.2436634, 52.4748377], [20.243154, 52.4755586], [20.2430407, 52.4758136], [20.2428287, 52.4760235], [20.2424473, 52.4763358], [20.2421213, 52.4765473], [20.2420675, 52.4766923], [20.2418265, 52.4770358], [20.2416937, 52.477304], [20.2414524, 52.4778957], [20.2414291, 52.4779579], [20.2413638, 52.4779569], [20.2413365, 52.4781568], [20.2413272, 52.4785954], [20.2413455, 52.4787289], [20.2414588, 52.4792565], [20.2416086, 52.4796839], [20.2416671, 52.4801068], [20.2417987, 52.4803093], [20.242091, 52.4809882], [20.2421386, 52.481282], [20.2419997, 52.4817316], [20.242007, 52.4820188], [20.2417822, 52.4829002], [20.2417895, 52.4830326], [20.2417438, 52.4830982], [20.2416598, 52.4832563], [20.2415373, 52.4835923], [20.2412724, 52.4840275], [20.2411664, 52.484141], [20.2411353, 52.4843112], [20.2411682, 52.4847219], [20.2412322, 52.4853606], [20.2411865, 52.4854663], [20.2411043, 52.4855976], [20.2411006, 52.4859415], [20.2411847, 52.4860773], [20.2413382, 52.4865469], [20.241329, 52.4868295], [20.2412212, 52.4872924], [20.2411152, 52.4876418], [20.2411416, 52.4878172], [20.2410422, 52.4878282], [20.2408754, 52.4876605], [20.240573, 52.4875269], [20.2403901, 52.4874789], [20.2400335, 52.487418], [20.2390335, 52.4872707], [20.2384087, 52.4872429], [20.237508, 52.4872468], [20.2371224, 52.4872713], [20.2362325, 52.4873918], [20.2358074, 52.4874256], [20.2351434, 52.4874109], [20.2353316, 52.4876318], [20.235825, 52.488127], [20.2360425, 52.488572], [20.2364737, 52.4891151], [20.2361594, 52.4891896], [20.2375299, 52.4903401], [20.239646, 52.4899952], [20.2403513, 52.4899057], [20.2410787, 52.4907307], [20.2422537, 52.492166], [20.2398799, 52.4922695], [20.2420684, 52.4940566], [20.2413436, 52.4941041], [20.2399147, 52.4943904], [20.2389236, 52.4946028], [20.2382272, 52.4947712], [20.2380372, 52.4948412], [20.2363264, 52.4952747], [20.2342797, 52.4957805], [20.2334217, 52.4959622], [20.2336, 52.496284], [20.234228, 52.4974569], [20.2347681, 52.4984394], [20.2352203, 52.4992756], [20.2357333, 52.5002148], [20.236183, 52.5010266], [20.2362902, 52.5012342], [20.2368368, 52.5024298], [20.2374041, 52.503649], [20.2378783, 52.5047588], [20.238147, 52.5053872], [20.2385631, 52.5063703], [20.2371539, 52.5069888], [20.2370563, 52.50698], [20.2363525, 52.5069332], [20.2360746, 52.5061327], [20.2355985, 52.504772], [20.2352074, 52.5041658], [20.2351197, 52.5040601], [20.2345386, 52.5037798], [20.2341219, 52.5035429], [20.2330438, 52.502732], [20.2328117, 52.5024361], [20.2305462, 52.5014488], [20.2295599, 52.5016093], [20.2287266, 52.5017773], [20.2283027, 52.5018896], [20.2276887, 52.5020531], [20.2266051, 52.5023958], [20.2260349, 52.5025326], [20.2254757, 52.502636], [20.2246169, 52.5027117], [20.2235894, 52.502767], [20.22361, 52.5032311], [20.2236036, 52.5033026], [20.2235764, 52.5035433], [20.2234175, 52.504053], [20.2233387, 52.5047939], [20.2233206, 52.5055434], [20.2233335, 52.5065502], [20.2235092, 52.5075828], [20.2235777, 52.5077464], [20.2239227, 52.5085439], [20.2247842, 52.5099994], [20.2249624, 52.5104098], [20.2255234, 52.5116421], [20.2259368, 52.5134003], [20.21817, 52.514537], [20.2164537, 52.5147883], [20.2118116, 52.5157176], [20.2116836, 52.5157587], [20.2092569, 52.5162035], [20.2089956, 52.5162514], [20.2078469, 52.5165629], [20.2076176, 52.5165205], [20.2049535, 52.5160901], [20.2024183, 52.5157303], [20.2004208, 52.5154036], [20.1985192, 52.5150325], [20.198523, 52.5150904], [20.198059, 52.5149625], [20.196332, 52.5145368], [20.19543, 52.5141543], [20.1942995, 52.5138751], [20.1929616, 52.513583], [20.1911182, 52.5130955], [20.1904879, 52.5129454], [20.1900792, 52.5129388], [20.1895677, 52.5129502], [20.189333, 52.5129813], [20.188842, 52.5131069], [20.1881503, 52.5132822], [20.1884866, 52.5137418], [20.1894216, 52.515077], [20.1910996, 52.5174198], [20.1926712, 52.5196177], [20.1936946, 52.5210698], [20.194221, 52.5240965], [20.1946087, 52.5263229], [20.1948522, 52.5278363], [20.1949653, 52.5285397], [20.1954124, 52.5313956], [20.1956811, 52.5328837], [20.1956684, 52.5329568], [20.1963431, 52.5369538], [20.1969016, 52.5372337], [20.1971751, 52.5373192], [20.1988933, 52.5380661], [20.1990182, 52.5387442], [20.1992816, 52.5401428], [20.200147, 52.5447128], [20.2005975, 52.5471785], [20.1999409, 52.5472667], [20.1999795, 52.5475147], [20.1993656, 52.547648], [20.1989601, 52.5477667], [20.1988296, 52.5478554], [20.1986015, 52.5484016], [20.1968094, 52.5511564], [20.1961044, 52.5514594], [20.1959003, 52.5515304], [20.1952001, 52.5518414], [20.1947026, 52.5520559], [20.1934781, 52.5524056], [20.1934768, 52.5524544], [20.1935291, 52.5531169], [20.193422, 52.5533509], [20.1933744, 52.5534699], [20.1918428, 52.5550002], [20.1916664, 52.5550354], [20.1917055, 52.555097], [20.1917373, 52.5553552], [20.1919531, 52.5566995], [20.1919913, 52.5568111], [20.1921524, 52.5570997], [20.1925263, 52.5574401], [20.1917334, 52.5577005], [20.1903834, 52.5584245], [20.1897164, 52.5590188], [20.189445, 52.5594253], [20.1893242, 52.5597713], [20.1886734, 52.5605315], [20.1885188, 52.5607755], [20.1884288, 52.5609836], [20.1883574, 52.5612648], [20.1881773, 52.5617727], [20.1880691, 52.5619855], [20.1879014, 52.562344], [20.1877742, 52.562443], [20.1876795, 52.5623853], [20.187346, 52.5623524], [20.1868529, 52.5623498], [20.1865243, 52.5623861], [20.1851939, 52.5627179], [20.1810282, 52.5636957], [20.1790287, 52.5641806], [20.1769504, 52.5646661], [20.176457369446673, 52.56478574417879], [20.173638203932487, 52.57769295441179], [20.1736784, 52.5777031], [20.1737985, 52.5777467], [20.1736693, 52.5781718], [20.1730217, 52.5807631], [20.172930931932743, 52.58093111419584], [20.16014674474814, 52.63946197760892], [20.1604079, 52.6399865], [20.1606266, 52.6403828], [20.1613931, 52.6412667], [20.1613804, 52.6412714], [20.16214, 52.641492], [20.1631265, 52.6416325], [20.1635189, 52.6420514], [20.163707, 52.6422958], [20.1639693, 52.6426984], [20.1641144, 52.6430511], [20.1650669, 52.6446928], [20.1652771, 52.6451593], [20.1656809, 52.6462008], [20.1657955, 52.6466794], [20.1661259, 52.6479669], [20.1664288, 52.6479983], [20.1665795, 52.6483721], [20.1667305, 52.6484587], [20.1669236, 52.6489356], [20.1664689, 52.6490281], [20.166823, 52.6500313], [20.1648847, 52.6503023], [20.1649045, 52.6503549], [20.1629844, 52.6511785], [20.1613875, 52.6519763], [20.1611278, 52.6520565], [20.1600031, 52.6523455], [20.1596179, 52.6524573], [20.1580285, 52.6528298], [20.15718393189378, 52.65302685991178], [20.154486618558757, 52.66537618459821], [20.1549915, 52.6663776], [20.157349, 52.6649175], [20.1584257, 52.6666374], [20.1596518, 52.668578], [20.1607081, 52.6702278], [20.1618632, 52.6719966], [20.1619198, 52.6720846], [20.16175, 52.672111], [20.1615847, 52.6721708], [20.1612139, 52.6724134], [20.1609363, 52.672516], [20.1603662, 52.6725957], [20.1598076, 52.672705], [20.1594831, 52.6727925], [20.1590392, 52.6729677], [20.158021, 52.6735859], [20.1566334, 52.6739422], [20.155988, 52.6740486], [20.1552953, 52.6741433], [20.1531426, 52.6745087], [20.15246195112469, 52.67464588092924], [20.119145307514238, 52.82718212655728], [20.1192367, 52.8271869], [20.1198737, 52.8272584], [20.1207813, 52.8274032], [20.1221184, 52.8275453], [20.1266742, 52.8260677], [20.126994, 52.8264615], [20.127746, 52.8280253], [20.1289873, 52.8302889], [20.1291394, 52.8302929], [20.1291895, 52.8304281], [20.1294423, 52.8310328], [20.1294902, 52.8311838], [20.1298181, 52.8324539], [20.1301932, 52.8333259], [20.1308362, 52.8344404], [20.1310322, 52.8353565], [20.1310765, 52.8353957], [20.1311475, 52.8355186], [20.1313808, 52.8358865], [20.1317929, 52.836833], [20.131913, 52.8371991], [20.1320629, 52.8376928], [20.1320239, 52.8383381], [20.1320289, 52.8384757], [20.1319932, 52.8386727], [20.13245, 52.8399294], [20.1328058, 52.8404894], [20.1335375, 52.8410522], [20.1340125, 52.8415935], [20.1341205, 52.8418245], [20.1343562, 52.8421869], [20.1357184, 52.8433714], [20.1378263, 52.8443695], [20.1388044, 52.8451451], [20.1393459, 52.8456955], [20.1396456, 52.8460104], [20.1404933, 52.8468668], [20.1413718, 52.8477667], [20.1417395, 52.8482113], [20.1426988, 52.8491148], [20.1431252, 52.8495383], [20.1440865, 52.8504653], [20.144314, 52.8507977], [20.1445556, 52.8514091], [20.1440696, 52.8515293], [20.142506, 52.8519157], [20.1405934, 52.8523944], [20.1379639, 52.8530625], [20.1353716, 52.8536907], [20.1332638, 52.8542155], [20.1316071, 52.8546338], [20.1311953, 52.8547547], [20.1302993, 52.8549739], [20.1299843, 52.8550424], [20.128994, 52.8552891], [20.1283433, 52.8553708], [20.1284926, 52.8557203], [20.1288751, 52.8562463], [20.129234, 52.8566154], [20.1295268, 52.856873], [20.130503, 52.8576298], [20.1307725, 52.8578223], [20.1310448, 52.8579727], [20.1318569, 52.8584086], [20.1330276, 52.8591713], [20.1345016, 52.8599757], [20.1349596, 52.860301], [20.1354995, 52.8607574], [20.1359377, 52.861142], [20.1363808, 52.8615029], [20.1369198, 52.8619923], [20.1372892, 52.8624851], [20.1412577, 52.8635233], [20.1421211, 52.8637453], [20.1440791, 52.8639624], [20.1441773, 52.8639541], [20.144187, 52.8640957], [20.1442378, 52.8662312], [20.1441131, 52.8696025], [20.1439536, 52.8715137], [20.1438068, 52.8735328], [20.1434204, 52.8737013], [20.1428552, 52.8739584], [20.1419001, 52.8743161], [20.1403519, 52.8748083], [20.1399618, 52.8749156], [20.1394181, 52.8750351], [20.1389932, 52.8751438], [20.13859, 52.8752998], [20.1383878, 52.8753918], [20.1381344, 52.8755583], [20.1389631, 52.8761041], [20.1395236, 52.8762747], [20.1402372, 52.8764384], [20.1404423, 52.876528], [20.1411474, 52.8770548], [20.1419158, 52.8775003], [20.1419973, 52.877571], [20.1423046, 52.8779886], [20.1425468, 52.8785468], [20.1424257, 52.8799677], [20.1423667, 52.8800054], [20.1423563, 52.8800424], [20.1422028, 52.8810544], [20.1422264, 52.8813096], [20.1427483, 52.8831757], [20.1428312, 52.8832989], [20.1430733, 52.8834973], [20.1434317, 52.8837599], [20.1439537, 52.8840541], [20.1446806, 52.8845052], [20.1467303, 52.885641], [20.147795, 52.8861641], [20.1472913, 52.8866135], [20.146896, 52.886826], [20.1463277, 52.8870757], [20.1454567, 52.8875714], [20.1449996, 52.8877466], [20.1432576, 52.8881939], [20.1424484, 52.888492], [20.1418802, 52.8887306], [20.1413613, 52.8890362], [20.1409103, 52.8892076], [20.1391561, 52.8896921], [20.1375438, 52.8896139], [20.1361107, 52.8893716], [20.1351286, 52.8893418], [20.1341402, 52.8892598], [20.1310366, 52.8889853], [20.1288354, 52.8874086], [20.1275949, 52.8867443], [20.1267809, 52.8862406], [20.1263596, 52.8859755], [20.1262847, 52.8859023], [20.1258531, 52.8856434], [20.1250391, 52.8849058], [20.1233076, 52.8833744], [20.1223979, 52.8830407], [20.1217467, 52.8818976], [20.121142, 52.8814516], [20.1207828, 52.8796924], [20.1186481, 52.8795333], [20.1185551, 52.8780751], [20.1183923, 52.8777039], [20.1183354, 52.8773997], [20.1182734, 52.8766339], [20.1181881, 52.8764499], [20.1175963, 52.8760584], [20.1166841, 52.8758587], [20.1134072, 52.8755827], [20.1134408, 52.875344], [20.1136088, 52.8749229], [20.1128387, 52.874926], [20.1122081, 52.8748683], [20.110611, 52.8745392], [20.1099546, 52.8743115], [20.1091948, 52.8740915], [20.108899602177726, 52.874090856143496], [20.10354818828343, 52.89859166101993], [20.1040101, 52.8993157], [20.1046304, 52.9001809], [20.1051498, 52.9008184], [20.1052402, 52.9009837], [20.1054496, 52.9016789], [20.105615, 52.9021278], [20.10276552763606, 52.90217497865981], [20.101859234755153, 52.90632433161112], [20.1019789, 52.9064813], [20.1020021, 52.9066637], [20.1017851, 52.9075365], [20.1017876, 52.9076425], [20.1019117, 52.907884], [20.1021339, 52.9081209], [20.1044184, 52.9098182], [20.1060181, 52.9107767], [20.1061137, 52.9109668], [20.1058811, 52.9110291], [20.1062042, 52.9118567], [20.1066461, 52.9117491], [20.1068192, 52.9127356], [20.1069045, 52.9128634], [20.1071474, 52.9130426], [20.1074472, 52.9132608], [20.1079176, 52.9134385], [20.108313, 52.9135039], [20.108574, 52.9135086], [20.1090908, 52.9133559], [20.1109153, 52.9131548], [20.1105587, 52.9139044], [20.1103856, 52.9144779], [20.1100263, 52.9157962], [20.1095379, 52.9163058], [20.1090133, 52.9165925], [20.1086386, 52.9168512], [20.1076204, 52.9176833], [20.1072663, 52.9178703], [20.1068606, 52.9182068], [20.1068528, 52.9182847], [20.1064058, 52.9183502], [20.1052919, 52.9189143], [20.105248, 52.9183595], [20.1039455, 52.9172361], [20.1038137, 52.917046], [20.1033589, 52.9166283], [20.1029945, 52.9161312], [20.1026508, 52.915444], [20.1016197, 52.9133886], [20.1017876, 52.913105], [20.1018135, 52.9130192], [20.1016869, 52.9120546], [20.1017721, 52.9120203], [20.1018522, 52.9118816], [20.1019815, 52.9113112], [20.1017282, 52.9111289], [20.1016584, 52.9107845], [20.1011519, 52.9101439], [20.1010439335137, 52.91005709028517], [20.0857516, 52.9800712], [20.27531785902315, 53.1426609639839], [20.2753796, 53.1426823], [20.2755574, 53.1419687], [20.2765529, 53.1417156], [20.2795914, 53.1420199], [20.2810682, 53.1403557], [20.2848303, 53.1409375], [20.2869911, 53.1408083], [20.2890272, 53.1396433], [20.2899782, 53.13963], [20.2902507, 53.1391185], [20.2928652, 53.139285], [20.2939743, 53.1396388], [20.2938349, 53.1399827], [20.2964101, 53.1404406], [20.297447, 53.1404733], [20.2979923, 53.1403978], [20.2981197, 53.1402273], [20.2982464, 53.1402208], [20.2996083, 53.1405595], [20.3017174, 53.1411019], [20.3030281, 53.1414565], [20.3042592, 53.1417396], [20.3051457, 53.1419511], [20.3051417, 53.141303], [20.3049998, 53.1407602], [20.305069, 53.1400763], [20.3058873, 53.1402256], [20.3064036, 53.1403447], [20.3071252, 53.1404969], [20.3075664, 53.1405531], [20.3077944, 53.1405466], [20.3082342, 53.1404903], [20.3085235, 53.1404833], [20.3089142, 53.1405579], [20.3091556, 53.1406263], [20.309401, 53.1407075], [20.3098288, 53.1409159], [20.3104893, 53.1410329], [20.310713, 53.1410678], [20.3111404, 53.1411122], [20.3121439, 53.1411844], [20.3129268, 53.1413036], [20.3131481, 53.141364], [20.3133318, 53.1414283], [20.3145872, 53.142041], [20.3149275, 53.1422035], [20.3152227, 53.1424379], [20.3156609, 53.1427588], [20.3158651, 53.1428546], [20.31632, 53.14302], [20.3166644, 53.143108], [20.3169226, 53.1431609], [20.3175636, 53.1432534], [20.3181007, 53.1432942], [20.3184012, 53.1433123], [20.3191482, 53.1433147], [20.3194888, 53.1433163], [20.3209868, 53.1435062], [20.321, 53.1434529], [20.321715, 53.1435174], [20.3222541, 53.1436775], [20.3228362, 53.1439011], [20.3235094, 53.1440137], [20.3242645, 53.1442382], [20.3247325, 53.1443781], [20.3252408, 53.1444996], [20.3255416, 53.1444957], [20.3262213, 53.1444749], [20.3270218, 53.1444669], [20.3280622, 53.1444608], [20.3287188, 53.1444711], [20.3298247, 53.1444945], [20.3314877, 53.1446717], [20.3323137, 53.1447682], [20.3344106, 53.1451595], [20.3344903, 53.1453723], [20.3351261, 53.145735], [20.3356455, 53.1458776], [20.3365358, 53.1459912], [20.3386264, 53.1461924], [20.3393606, 53.145006], [20.3393849, 53.1450154], [20.339162, 53.1454293], [20.3389573, 53.145852], [20.3396753, 53.1459527], [20.3396468, 53.1462396], [20.3426115, 53.1464028], [20.3537982, 53.1470743], [20.3527495, 53.1500423], [20.3550239, 53.1514987], [20.3546132, 53.1516336], [20.3532124, 53.1526938], [20.3536751, 53.1531701], [20.3536967, 53.1533484], [20.3548163, 53.1540879], [20.3558071, 53.1540747], [20.3570611, 53.1539046], [20.3571123, 53.1539692], [20.3582581, 53.1536015], [20.3587697, 53.1537939], [20.3586637, 53.1539024], [20.3600722, 53.154561], [20.3608223, 53.155013], [20.3610461, 53.1554517], [20.3579302, 53.1556218], [20.3559768, 53.1561821], [20.3540027, 53.1564892], [20.3513778, 53.1566199], [20.3495168, 53.1571484], [20.3488682, 53.1571817], [20.345739, 53.1568985], [20.3448868, 53.1569025], [20.3402848, 53.1583191], [20.3393808, 53.1579021], [20.3296448, 53.1596534], [20.3253827, 53.1602967], [20.3276719, 53.1613861], [20.329931, 53.1629216], [20.335157229754547, 53.16504775293955], [20.3356504, 53.1652471], [20.3410148, 53.1666107], [20.341061811956713, 53.166629018182014], [20.3414055, 53.1667155], [20.3494724, 53.1698422], [20.3498992, 53.1700144], [20.354423974292143, 53.17169708657645], [20.3575801, 53.1728363], [20.36481277411581, 53.1754432920298], [20.3671206, 53.1762057], [20.3701171, 53.1772925], [20.3724906, 53.1773487], [20.3736538, 53.1774118], [20.374535731602723, 53.17753235535634], [20.3747892, 53.1775434], [20.375026154649788, 53.17753087912857], [20.3763319, 53.1774125], [20.3766949, 53.1783006], [20.3767218, 53.178356], [20.3770785, 53.1791067], [20.3775009, 53.1800013], [20.3775385, 53.1800583], [20.3776525, 53.1802946], [20.3779355, 53.1809304], [20.3780588, 53.1812285], [20.37812175068155, 53.18137934227952], [20.378664034497355, 53.18251200059801], [20.3787958, 53.1827199], [20.3790043, 53.1830561], [20.3791532, 53.1832836], [20.3793329, 53.1835568], [20.3794979, 53.1837055], [20.3798895, 53.1840382], [20.3803253, 53.1843894], [20.3804498, 53.1844909], [20.380666, 53.1846172], [20.3807337, 53.1846582], [20.3808128, 53.1847044], [20.3808691, 53.1847374], [20.3809302, 53.1847727], [20.381069, 53.1848559], [20.3812768, 53.1849491], [20.3814042, 53.1850195], [20.3815786, 53.1852079], [20.3816476, 53.185281], [20.3817053, 53.1853305], [20.382277199927003, 53.18592944670263], [20.3823423, 53.185979], [20.382339762272338, 53.18599496779938], [20.3824644, 53.1861255], [20.3825093, 53.1862378], [20.3823678, 53.1869264], [20.3821646, 53.1879418], [20.3821267, 53.1881343], [20.3821231, 53.1882451], [20.3821781, 53.1884195], [20.382229, 53.1885183], [20.3822981, 53.1886059], [20.3823987, 53.18871], [20.3826313, 53.1888952], [20.3830579, 53.1891949], [20.3837304, 53.1894657], [20.384071, 53.1895979], [20.3841334, 53.1896216], [20.384242, 53.1896638], [20.3852975, 53.1900817], [20.3858212, 53.1903034], [20.3865004, 53.1906361], [20.38696007104437, 53.1908614617744], [20.3893804, 53.1918675], [20.3910565441967, 53.192253734645895], [20.3912949, 53.192297], [20.3922397, 53.1924895], [20.3927339, 53.1926071], [20.3929022, 53.1926445], [20.3932817, 53.192757], [20.3934238, 53.192806], [20.393493, 53.1928353], [20.3937652, 53.1929626], [20.3938577, 53.1930028], [20.3944632, 53.1933061], [20.3952837, 53.1937344], [20.3955857, 53.1938995], [20.3957225, 53.1939831], [20.395730679923787, 53.19398809263137], [20.3968906, 53.1945672], [20.399458868869168, 53.196771219003416], [20.3998344, 53.1969566], [20.400289, 53.1973848], [20.4003955, 53.1975172], [20.4005505, 53.1977238], [20.400649, 53.1978542], [20.4052505, 53.2040904], [20.4078538, 53.206742], [20.4115582, 53.209273], [20.41214, 53.2097509], [20.4121283, 53.2097688], [20.4127613, 53.2103313], [20.4127939, 53.2103152], [20.4142114, 53.2116247], [20.4141623, 53.2116579], [20.414224122926793, 53.21172093119246], [20.4143142, 53.2117898], [20.4149556, 53.2123776], [20.4214381, 53.2183172], [20.4216098, 53.2206812], [20.42350795005988, 53.22197861879287], [20.4236296, 53.2218658], [20.4237608, 53.2219698], [20.4249195, 53.2228556], [20.4249557, 53.222883], [20.4258737, 53.2235866], [20.4260292645068, 53.22370179969404], [20.4313087, 53.22731], [20.43848962563898, 53.232384970426025], [20.43875, 53.2325348], [20.4388998, 53.2326226], [20.439117041385508, 53.23282838350653], [20.442392417065832, 53.23514318741169], [20.4428702, 53.2354444], [20.4442785, 53.2363214], [20.4451424, 53.2369097], [20.4459696, 53.2374666], [20.4472881, 53.2383268], [20.448817, 53.2395327], [20.449417, 53.2399658], [20.4507838, 53.2409495], [20.4525283, 53.2420447], [20.4536252, 53.242763], [20.4541242, 53.2430896], [20.45527, 53.2441512], [20.4558202, 53.2446219], [20.4581376, 53.2465235], [20.458396, 53.2467592], [20.4642253, 53.2433192], [20.4606508, 53.2416015], [20.463549, 53.2405702], [20.4658613, 53.2389055], [20.4670783, 53.2377505], [20.4683947, 53.2367407], [20.4692267, 53.2364262], [20.4704969, 53.235946], [20.4735352, 53.2342609], [20.475377, 53.2340199], [20.4845234, 53.2341376], [20.4952111, 53.2340488], [20.4984263, 53.2342991], [20.507371, 53.2345423], [20.5083299, 53.2333649], [20.5081332, 53.2310985], [20.507371, 53.2296414], [20.5072912, 53.2287126], [20.5255249, 53.2227477], [20.5265721, 53.2231903], [20.5359473, 53.2271524], [20.5298167, 53.2278487], [20.5317986, 53.2322821], [20.5464721, 53.2291808], [20.5440729, 53.2273699], [20.5547128, 53.2245181], [20.5620676, 53.2264742], [20.5672627, 53.2336498], [20.5749093, 53.24036], [20.5781547, 53.240257], [20.5795562, 53.2398892], [20.5822853, 53.2359161], [20.5824575, 53.2331641], [20.584154, 53.2331789], [20.5871754, 53.2327103], [20.5909395, 53.2337005], [20.5942833, 53.2340095], [20.5982152, 53.2354185], [20.5988236, 53.236102], [20.6012047, 53.2381336], [20.6024236, 53.2383671], [20.6052374, 53.2386167], [20.6067895, 53.238823], [20.6090749, 53.2390123], [20.6092242, 53.2390903], [20.6092293, 53.2393218], [20.6099839, 53.2395634], [20.6095746, 53.2399351], [20.6094187, 53.2401436], [20.6096855, 53.24027], [20.6100272, 53.2402757], [20.6105078, 53.2404978], [20.6111998, 53.2409201], [20.6113319, 53.2411269], [20.6113699, 53.2414971], [20.6102993, 53.2418276], [20.611287, 53.2423738], [20.612123, 53.2420869], [20.6131556, 53.2422414], [20.6135736, 53.242543], [20.6134876, 53.2430212], [20.6123443, 53.2430654], [20.6119263, 53.2436686], [20.6113332, 53.2438456], [20.6119263, 53.2443895], [20.6115452, 53.2450222], [20.6108117, 53.2451877], [20.6108317, 53.2460443], [20.6117294, 53.246066], [20.6128359, 53.2473386], [20.6125531, 53.2475887], [20.6126637, 53.2483832], [20.6119261, 53.2486553], [20.6124503, 53.2492512], [20.612216, 53.2494776], [20.6110482, 53.2496961], [20.6107274, 53.2515368], [20.6109634, 53.2518942], [20.6117263, 53.2519045], [20.6119471, 53.2519558], [20.6120831, 53.2520331], [20.6118737, 53.25226], [20.6117986, 53.2523249], [20.6119074, 53.2523386], [20.6151184, 53.2522809], [20.6573417, 53.2515138], [20.6576812, 53.2528512], [20.6623538, 53.2567934], [20.6632977, 53.258013], [20.6642327, 53.2603233], [20.6640534, 53.2622848], [20.6641471, 53.2623232], [20.6657951, 53.2641919], [20.6662625, 53.2653677], [20.6674834, 53.2661405], [20.6703465, 53.2672094], [20.6750511, 53.2688], [20.6754329, 53.2689689], [20.6759523, 53.2695271], [20.6760742, 53.2696618], [20.6765683, 53.2711738], [20.6839137, 53.2801424], [20.6870608, 53.2870953], [20.6870189, 53.2877498], [20.6909282, 53.2874558], [20.6911986, 53.2886316], [20.6921187, 53.2885266], [20.6933559, 53.2919228], [20.6923451, 53.2986477], [20.692239, 53.2994989], [20.6922518, 53.3020218], [20.6923682, 53.3026253], [20.7057667, 53.300227], [20.7111911, 53.299562], [20.7138337, 53.2998529], [20.713625, 53.3092446], [20.7165796, 53.312097], [20.7179335, 53.3119591], [20.7193939, 53.3115064], [20.7214691, 53.3086708], [20.7213707, 53.3076131], [20.723821, 53.3068051], [20.7260584, 53.3066581], [20.7287138, 53.3058648], [20.7316151, 53.3057473], [20.7338771, 53.3049686], [20.7367131, 53.3045075], [20.7388375, 53.3046439], [20.7410995, 53.3051288], [20.7444679, 53.3068624], [20.7470741, 53.3076704], [20.746476, 53.3081728], [20.7458849, 53.3102503], [20.745033, 53.3109359], [20.7430858, 53.3121512], [20.7404953, 53.3132626], [20.7395391, 53.3149764], [20.7425322, 53.3179575], [20.7454408, 53.3167839], [20.746512468400216, 53.316598540251015], [20.747825884492936, 53.31613287545021], [20.7479101923654, 53.31607936331052], [20.7484531, 53.3150315], [20.74867377317252, 53.314899660339385], [20.7487355, 53.3147862], [20.7517843, 53.3128767], [20.7552756, 53.3128179], [20.75542392861881, 53.312888215109616], [20.7556849, 53.3128713], [20.75569352146265, 53.31301601546613], [20.7575376, 53.3138902], [20.7602422, 53.3141252], [20.7612011, 53.3149331], [20.7631434, 53.3152416], [20.7643482, 53.31555], [20.76449814536073, 53.315485276461445], [20.76694634802142, 53.31372836974096], [20.7668806, 53.3133173], [20.7673478, 53.3127151], [20.7686755, 53.3123919], [20.769201643902434, 53.312109898952706], [20.7699537, 53.3115702], [20.77018923154694, 53.311580574658045], [20.7703474, 53.3114958], [20.7717109724714, 53.31164760407274], [20.77329464031715, 53.31171736123511], [20.7748714, 53.3115105], [20.775651343608335, 53.311821168946175], [20.7792663, 53.3119804], [20.78087958717213, 53.31068061136605], [20.7808952, 53.3104382], [20.7818295, 53.3097037], [20.7828867, 53.3093217], [20.7843240169849, 53.309087520427155], [20.7852745, 53.3088266], [20.786690728917765, 53.31011155854082], [20.7867572, 53.3101353], [20.7873396, 53.3100678], [20.7876004, 53.3103327], [20.7871049, 53.3104314], [20.787098762321314, 53.310481771294036], [20.787369128758563, 53.31072707744358], [20.788086402046815, 53.310751249971766], [20.788973206166943, 53.31043212729223], [20.7897301, 53.3100626], [20.790040441538377, 53.310048075162015], [20.7913684, 53.3095702], [20.791745141391303, 53.30936397459764], [20.7920395, 53.3089803], [20.79248798025917, 53.308957350191726], [20.793016289982923, 53.308668157424826], [20.7931112, 53.3082362], [20.7932274, 53.3080684], [20.79404920107976, 53.30810274966377], [20.7948113288687, 53.30768556664762], [20.7949709, 53.307507], [20.7953099, 53.3073276], [20.79552830495387, 53.30729309933432], [20.79678303779484, 53.30660626801988], [20.7968306, 53.3065231], [20.7971405, 53.306089], [20.797867, 53.3059385], [20.797985864682957, 53.3059478496334], [20.7980203, 53.305929], [20.79814603031238, 53.305960447908014], [20.7986031, 53.3059964], [20.79904948178715, 53.30618642093182], [20.803137988787054, 53.30720904618114], [20.80384871304693, 53.30719040818784], [20.80621200125026, 53.306193620366344], [20.8069465, 53.3057283], [20.807692849185546, 53.30556902824707], [20.8079338, 53.3054674], [20.80811969716562, 53.30547793840958], [20.8084807, 53.3054009], [20.8098231, 53.3053518], [20.813322520772143, 53.30577288366047], [20.8138132, 53.3058007], [20.813965865001965, 53.305779567262974], [20.8146294, 53.3056221], [20.8166704, 53.3047627], [20.8187251, 53.3049591], [20.8194004, 53.3049424], [20.8225585, 53.3042118], [20.8237639, 53.3042937], [20.824301875622186, 53.304348799297145], [20.8249282, 53.3042621], [20.825111881186697, 53.304170409455566], [20.8264487, 53.3034096], [20.826654596658074, 53.30340031196205], [20.84279054065703, 53.29534552139331], [20.8429719, 53.2950167], [20.844685021313488, 53.29439982866376], [20.845929839494307, 53.293778436463626], [20.8462731, 53.2933301], [20.846958, 53.2927406], [20.8477114, 53.2924212], [20.8486839, 53.2923312], [20.8501359, 53.2925441], [20.851405447595216, 53.29255056105494], [20.851409, 53.2925501], [20.8531451, 53.2923196], [20.858488, 53.2903604], [20.8657836, 53.286307], [20.8695602, 53.2826125], [20.8708476, 53.2811243], [20.8721351, 53.2783531], [20.8735942, 53.2770187], [20.8743667, 53.2752737], [20.8728217, 53.2725535], [20.8754825, 53.2719375], [20.8796023, 53.2732207], [20.8894729, 53.2751711], [20.8969401, 53.2787636], [20.9100722, 53.2833822], [20.9177112, 53.2867175], [20.9485244, 53.2953368], [20.9777066, 53.301749], [20.9929847, 53.3102113], [20.998435, 53.3096728], [21.0144424, 53.3174158], [21.023755, 53.3230555], [21.0307073, 53.3272336], [21.0418653, 53.3303092], [21.0458135, 53.3327951], [21.0532808, 53.3342815], [21.053367172815094, 53.33430784603889], [21.0535433, 53.334275], [21.0538853, 53.3343221], [21.0558096, 53.3345945], [21.0558862, 53.3347622], [21.0562874, 53.3349014], [21.0618916, 53.336776], [21.06913387830899, 53.339117116590415], [21.0710907, 53.339714], [21.0818194, 53.3436855], [21.0818194, 53.34632072789452], [21.087506, 53.3478804], [21.091748517499827, 53.349722474046985], [21.0917758, 53.3497316], [21.092362554362815, 53.34982240290248], [21.1051567, 53.3516691], [21.105603504965575, 53.35187150014419], [21.1056804, 53.3518834], [21.1122546840204, 53.3539426178247], [21.1141498, 53.3543752], [21.1203701, 53.3577976], [21.1241507, 53.3609695], [21.126167537371426, 53.36192454556919], [21.1363219, 53.3655602], [21.1411285, 53.3711936], [21.141258585318415, 53.372357774552164], [21.141935, 53.3748429], [21.141664575038202, 53.37599110463114], [21.1418151, 53.3773382], [21.166271413306628, 53.38902228698269], [21.1680612, 53.3898119], [21.170004, 53.3906814], [21.1719565, 53.3916858], [21.175515916452298, 53.39342488982107], [21.188713769865654, 53.396386308665285], [21.1893132, 53.3964453], [21.1962992, 53.3978502], [21.19844601495471, 53.398570092126164], [21.2000941, 53.3989399], [21.20163988881336, 53.40036932370451], [21.204244, 53.4025217], [21.209778, 53.40489], [21.211020745934956, 53.40536653817142], [21.2197494, 53.4086621], [21.2335681, 53.4128062], [21.235750101963905, 53.41406409035423], [21.238963463900273, 53.415880064905664], [21.23985150788101, 53.41618911460274], [21.2502696, 53.4197309], [21.2570885, 53.4214857], [21.2710673, 53.4251378], [21.2813523, 53.4267015], [21.282169, 53.4261813], [21.2832672, 53.4257839], [21.2833608, 53.4249978], [21.2851826, 53.4244999], [21.2865604, 53.4249297], [21.2874838, 53.4244428], [21.2885112, 53.4242632], [21.2892509, 53.4243938], [21.2897303, 53.4242551], [21.2891276, 53.4239612], [21.2890728, 53.423651], [21.2894837, 53.4236184], [21.2890728, 53.4232266], [21.2903008, 53.4223386], [21.2911709, 53.4228981], [21.2913469, 53.4220269], [21.2918602, 53.422102], [21.2921001, 53.4216267], [21.2904077, 53.4210419], [21.2886406, 53.4206419], [21.2866681, 53.419099], [21.285863, 53.4180725], [21.2860941, 53.4168719], [21.2855323, 53.4163754], [21.2843506, 53.4160175], [21.2840794, 53.4150477], [21.2843312, 53.4143607], [21.2847574, 53.4141644], [21.2853967, 53.4133619], [21.2885603, 53.4122805], [21.2886281, 53.4119099], [21.2877926, 53.411714], [21.2888534, 53.4110117], [21.2892932, 53.4109565], [21.2896638, 53.4107924], [21.2896788, 53.4105722], [21.2897549, 53.410403], [21.2905364, 53.4098407], [21.2905633, 53.4097243], [21.2907326, 53.4096007], [21.2907056, 53.4088613], [21.2914666, 53.4085225], [21.2922144, 53.4090404], [21.2929256, 53.4094055], [21.293142, 53.4093894], [21.2947533, 53.4086089], [21.2949025, 53.4088877], [21.2951169, 53.4091011], [21.2952037, 53.4094023], [21.2950671, 53.4097217], [21.2942291, 53.4103489], [21.2939976, 53.4107081], [21.2936524, 53.4111401], [21.2925921, 53.4113679], [21.292667, 53.41191], [21.2929813, 53.4118323], [21.2936899, 53.4116916], [21.2938916, 53.4116598], [21.2949697, 53.4116778], [21.2951128, 53.4117975], [21.2951427, 53.4122803], [21.2957389, 53.4126058], [21.2954293, 53.4129891], [21.295164, 53.4133175], [21.2947599, 53.4136924], [21.2944097, 53.4138976], [21.2937099, 53.4145535], [21.2936929, 53.4147548], [21.294133, 53.4151053], [21.2953941, 53.4154834], [21.2961047, 53.4161985], [21.2963472, 53.4167252], [21.2963036, 53.4168947], [21.2962523, 53.4170943], [21.2968488, 53.4175284], [21.2975089, 53.4177417], [21.2977177, 53.4177952], [21.2982235, 53.4182859], [21.2984599, 53.4183093], [21.2987368, 53.4184369], [21.2989534, 53.4187139], [21.29972, 53.4189285], [21.2998889, 53.419085], [21.2995122, 53.4193525], [21.2999565, 53.4198577], [21.2995985, 53.420997], [21.2999779, 53.4213733], [21.3006483, 53.4219568], [21.3013774, 53.422689], [21.3015354, 53.4232414], [21.3025228, 53.4238908], [21.3031044, 53.4240475], [21.3044833, 53.4239972], [21.3059322, 53.4235214], [21.3075595, 53.4234522], [21.3083099, 53.4226856], [21.3097187, 53.4230777], [21.3112259, 53.4232085], [21.3260551, 53.4203525], [21.3280311, 53.4201678], [21.329697, 53.4191288], [21.337562, 53.417397], [21.3387243, 53.4175356], [21.3393442, 53.419429], [21.3473361, 53.4154448], [21.3478275, 53.4157517], [21.3509463, 53.4146895], [21.3510468, 53.4145312], [21.3511441, 53.4143753], [21.3516253, 53.4142947], [21.3525686, 53.4155769], [21.3528971, 53.4160937], [21.3531179, 53.4165194], [21.3531708, 53.4166457], [21.3545657, 53.4178353], [21.3546795, 53.4178974], [21.3548623, 53.4180657], [21.3539116, 53.4186391], [21.3549603, 53.4202041], [21.3551138, 53.4201962], [21.3579808, 53.4202076], [21.3579917, 53.4202902], [21.3581262, 53.4202898], [21.3581928, 53.4207001], [21.3585058, 53.4209216], [21.3588208, 53.4211331], [21.360395, 53.42122], [21.3610556, 53.4212699], [21.3617672, 53.4215614], [21.36289, 53.4218758], [21.3647435, 53.4216003], [21.3651404, 53.4214136], [21.3666355, 53.4211325], [21.3669532, 53.420953], [21.3672118, 53.4208337], [21.3683143, 53.4207084], [21.3691296, 53.4206262], [21.3700675, 53.4209017], [21.370592, 53.4209797], [21.3710396, 53.421045], [21.3714334, 53.4210914], [21.3735757, 53.4212619], [21.3739919, 53.4213364], [21.3741124, 53.421363], [21.3747035, 53.421614], [21.3749556, 53.421726], [21.37539, 53.4218938], [21.3757478, 53.4220419], [21.3763076, 53.4229167], [21.3770383, 53.4233593], [21.3770363, 53.4236149], [21.3771961, 53.424159], [21.3772473, 53.4243623], [21.3773516, 53.4246985], [21.3777224, 53.4246749], [21.3781176, 53.4247406], [21.3785279, 53.424826], [21.3792355, 53.4257685], [21.379442, 53.4258312], [21.3793203, 53.4259377], [21.3793262, 53.4259924], [21.3794956, 53.4260909], [21.3812224, 53.4266399], [21.3812501, 53.426679], [21.3817461, 53.4272389], [21.3823416, 53.4276148], [21.3831285, 53.4279375], [21.3842107, 53.4281147], [21.3846624, 53.4281369], [21.3862326, 53.4294893], [21.3877408, 53.4308348], [21.3901682, 53.4304699], [21.3927895, 53.4300402], [21.3993898, 53.4290027], [21.399161, 53.428363], [21.3982995, 53.4283502], [21.3972033, 53.4284881], [21.3958154, 53.4279509], [21.3948401, 53.4273895], [21.3957629, 53.4269649], [21.3960128, 53.4268984], [21.3966696, 53.4267099], [21.3973165, 53.4264049], [21.3978607, 53.4262136], [21.398053, 53.4262148], [21.399211, 53.4264459], [21.399788, 53.4264607], [21.4010378, 53.4270439], [21.4010661, 53.4269433], [21.4014834, 53.4268389], [21.4022055, 53.4275824], [21.4033137, 53.427263], [21.4036528, 53.4272319], [21.4037542, 53.4273791], [21.4040018, 53.4273702], [21.4041383, 53.4275818], [21.4059101, 53.4271486], [21.4078924, 53.4269034], [21.4099885, 53.4267102], [21.4109089, 53.4277066], [21.4140264, 53.4281609], [21.4184899, 53.4287938], [21.4220002, 53.4292804], [21.4225842, 53.4295754], [21.423375, 53.4295894], [21.4235581, 53.4295223], [21.4235728, 53.4296738], [21.4234461, 53.4300851], [21.4234017, 53.4301682], [21.4229867, 53.4310497], [21.4227636, 53.4314937], [21.4229442, 53.4315982], [21.4234803, 53.4318284], [21.4251518, 53.4323987], [21.4250832, 53.4325202], [21.4254443, 53.432604], [21.4259993, 53.4327225], [21.4264433, 53.4330035], [21.4260545, 53.4337386], [21.4278951, 53.4337254], [21.4278983, 53.4337861], [21.4281498, 53.433798], [21.4284285, 53.4337061], [21.4288001, 53.4337101], [21.4294032, 53.4333701], [21.4295404, 53.4334475], [21.4303442, 53.4340677], [21.4318165, 53.4338023], [21.4310029, 53.4349332], [21.4335406, 53.4358565], [21.4346834, 53.434552], [21.4365737, 53.433075], [21.4374778, 53.4330342], [21.4372153, 53.4333098], [21.4374284, 53.4336272], [21.4364598, 53.4346659], [21.4356655, 53.4352256], [21.4351619, 53.4360969], [21.4359464, 53.4362931], [21.4370216, 53.4357276], [21.4374504, 53.4357353], [21.4355769, 53.4369672], [21.4341629, 53.4384118], [21.4351217, 53.4390808], [21.4362355, 53.4386522], [21.4422214, 53.4377175], [21.4432835, 53.4370597], [21.4440339, 53.437113], [21.4450065, 53.4373822], [21.4461023, 53.4386715], [21.4459516, 53.4393242], [21.4452394, 53.4396833], [21.4437052, 53.4398301], [21.4432869, 53.4401523], [21.4418727, 53.4401062], [21.4402261, 53.4403946], [21.4394706, 53.4402446], [21.4387345, 53.4402216], [21.4380952, 53.4404985], [21.4375528, 53.440487], [21.4374753, 53.4408447], [21.436836, 53.4410985], [21.4366811, 53.4415254], [21.4353638, 53.443037], [21.4362881, 53.4438311], [21.4350871, 53.4438196], [21.4345834, 53.4434849], [21.4345253, 53.4426888], [21.4334986, 53.4423888], [21.4325106, 53.4437619], [21.434719, 53.4449503], [21.4330918, 53.445931], [21.431174, 53.446104], [21.4305347, 53.4447426], [21.4292196, 53.4450215], [21.4297598, 53.4455387], [21.4276095, 53.4469924], [21.4279001, 53.4472693], [21.4267184, 53.4479846], [21.4266603, 53.4486537], [21.4255755, 53.4493459], [21.42482, 53.4493921], [21.4251902, 53.4503055], [21.4264279, 53.4502573], [21.4346824, 53.4478713], [21.4362494, 53.4486422], [21.4379154, 53.4480538], [21.4372664, 53.4476246], [21.4379735, 53.4474515], [21.4386418, 53.4475784], [21.4389442, 53.4471675], [21.4459827, 53.4459091], [21.4459189, 53.4467938], [21.446146, 53.4471048], [21.4462852, 53.4472029], [21.4463911, 53.4473465], [21.4464567, 53.4475251], [21.4461896, 53.4476619], [21.4448278, 53.4483835], [21.4444817, 53.4486064], [21.4443243, 53.4487171], [21.4430476, 53.4499089], [21.4426773, 53.4502442], [21.4425187, 53.4504464], [21.4416353, 53.4516652], [21.4408154, 53.45273], [21.4406213, 53.4528591], [21.4405351, 53.4529352], [21.4404586, 53.4530354], [21.4404646, 53.4532182], [21.4403653, 53.4535496], [21.4401413, 53.4537401], [21.4399191, 53.4538213], [21.4397131, 53.4539651], [21.4393699, 53.4543051], [21.4387491, 53.4548795], [21.4374969, 53.4560764], [21.4374181, 53.456174], [21.4373588, 53.456263], [21.4372988, 53.456398], [21.4372787, 53.4565036], [21.4371988, 53.4580324], [21.437162, 53.4583252], [21.4371112, 53.4584978], [21.4369824, 53.458726], [21.4367891, 53.4589297], [21.4360934, 53.4597301], [21.4358626, 53.459963], [21.4356272, 53.4600753], [21.4350676, 53.460366], [21.4335102, 53.4611558], [21.431118831556592, 53.4623606799013], [21.431129, 53.4623631], [21.4327383, 53.4628102], [21.435564336649552, 53.4632992786849], [21.4405606, 53.4640823], [21.4417838, 53.4643001], [21.4428133, 53.4645184], [21.4448805, 53.4648919], [21.4473082, 53.4652889], [21.4562947, 53.4667801], [21.4585588, 53.4671706], [21.4605675, 53.4675251], [21.4629736, 53.467934], [21.4659732, 53.4684524], [21.4675424, 53.4686913], [21.470725, 53.4692917], [21.4719273, 53.4695307], [21.4719171, 53.4695474], [21.4724459, 53.4696111], [21.4727545, 53.4696542], [21.474611862189903, 53.469954130931704], [21.491057655102782, 53.47215167395693], [21.4910624, 53.4721515], [21.4936128, 53.4724576], [21.49435997391136, 53.47266583870113], [21.511698984840525, 53.47593619329923], [21.5123147, 53.4760425], [21.5162597, 53.4767636], [21.517874516025852, 53.476998233086434], [21.5314864, 53.4765536], [21.532030562931986, 53.476598477948315], [21.5324799, 53.4766059], [21.533045, 53.4766723], [21.5349113, 53.4768219], [21.537733897364674, 53.47706884065188], [21.539104852128805, 53.47718190538567], [21.543684770928728, 53.477532479041365], [21.54954029754433, 53.47780060638729], [21.550205, 53.4778293], [21.5516898, 53.478128], [21.5528202, 53.4783761], [21.5555058, 53.478901], [21.5581958, 53.4794177], [21.5609815, 53.479974], [21.5619497, 53.480163], [21.5639091, 53.4805859], [21.5658903, 53.480948], [21.571536, 53.4800652], [21.5743192, 53.4799882], [21.5773912, 53.480067], [21.5836382, 53.4801819], [21.585630043222743, 53.480256751768174], [21.5875339, 53.4802825], [21.588390708013907, 53.48040997062005], [21.5893524, 53.4804892], [21.5932304, 53.4808799], [21.5956329, 53.4813244], [21.5980722, 53.4818055], [21.6001719, 53.4817929], [21.6023909, 53.4817534], [21.6041122, 53.4817716], [21.6068662, 53.4814711], [21.6107689, 53.4809554], [21.6122566, 53.4808418], [21.6129526, 53.4808337], [21.6179547, 53.4807724], [21.6212811, 53.4808187], [21.6229454, 53.4808104], [21.6259405, 53.4808134], [21.6305864, 53.4807908], [21.6309221, 53.4807928], [21.6346953, 53.4807793], [21.6357371, 53.4807505], [21.6373029, 53.4807165], [21.6397616, 53.4807581], [21.640449946480217, 53.48080205835404], [21.6461561, 53.4807933], [21.647406808966064, 53.481145668929436], [21.6478932, 53.4811803], [21.649378, 53.4815958], [21.6510045, 53.4821162], [21.6532131, 53.4826548], [21.6550636, 53.4831913], [21.6562753, 53.4836192], [21.656929045405754, 53.48382841955415], [21.659403337415828, 53.48452551508185], [21.6603949, 53.48472], [21.6619514, 53.4852188], [21.6625796, 53.4854092], [21.663242549741128, 53.4856071569135], [21.6671847, 53.4867178], [21.67526220180545, 53.48973467012528], [21.677002, 53.4903117], [21.678352508185586, 53.490888870176335], [21.67853965535636, 53.490958767865266], [21.6794091, 53.4912085], [21.68660941053575, 53.49273020042064], [21.690287212988668, 53.49248207156052], [21.6920564, 53.4923453], [21.693403, 53.4922073], [21.694669, 53.492144], [21.6990622, 53.4913419], [21.7008936, 53.491017], [21.7031362, 53.490752], [21.7046615, 53.4905426], [21.7061267, 53.4903633], [21.7069897, 53.4902121], [21.7094535, 53.4898977], [21.7101025, 53.4898004], [21.711947, 53.4894998], [21.7122994, 53.4894497], [21.7141538, 53.4890457], [21.7169227, 53.4889203], [21.718482, 53.4888771], [21.7189357, 53.4888826], [21.7211337, 53.4888148], [21.722303223195453, 53.48883937783128], [21.72470900899731, 53.48874019076907], [21.7259984, 53.4886378], [21.72681541244564, 53.48865334680743], [21.7316433, 53.4884543], [21.749559528779937, 53.48385379042627], [21.7507558, 53.4835116], [21.7521263, 53.483152], [21.7553127, 53.4828649], [21.7590607, 53.4825335], [21.7611116, 53.4823565], [21.7636596, 53.482165], [21.7654517, 53.4820496], [21.7671201, 53.4818914], [21.7684876, 53.4818389], [21.7689228, 53.4818024], [21.7690389, 53.4817928], [21.771046, 53.4816542], [21.7719901, 53.4815362], [21.7748902, 53.4814973], [21.776109120612173, 53.48163451563463], [21.7801379, 53.4804357], [21.786117795371023, 53.479886079137955], [21.7876164, 53.4797023], [21.7906104, 53.4792694], [21.7921264, 53.4788087], [21.7933221, 53.4783937], [21.7956116, 53.4775665], [21.7972903, 53.4770113], [21.80006134762862, 53.47602234140694], [21.8023681, 53.4751744], [21.80683118159235, 53.47318191900707], [21.8076855, 53.4727895], [21.8093121, 53.4720043], [21.8109771, 53.4712774], [21.8143313, 53.469772], [21.8167593, 53.4686941], [21.8187136, 53.4677791], [21.8191855, 53.4675215], [21.8197004, 53.4672277], [21.8206018, 53.4668103], [21.8218513, 53.4663968], [21.822604599284883, 53.46614009503508], [21.8270872, 53.4641389], [21.835165634433622, 53.46258413221251], [21.8364796, 53.4622788], [21.8390465, 53.46176], [21.8410916, 53.461315], [21.8425607, 53.4611087], [21.8452142, 53.4607798], [21.8456466, 53.4606494], [21.8465316, 53.4606516], [21.849253, 53.4604189], [21.8504483, 53.4602379], [21.852524605492526, 53.45988554896333], [21.85343864444923, 53.45967002944188], [21.854103, 53.4594591], [21.8565632, 53.4591115], [21.8584547, 53.4589162], [21.858583062066995, 53.458918840108325], [21.8589305, 53.4588755], [21.85979573200056, 53.45894378190046], [21.8608857, 53.4589662], [21.8635878, 53.4592119], [21.864129, 53.4592438], [21.86411162120233, 53.45928438085739], [21.8660544, 53.4594377], [21.867939234914175, 53.46010679661734], [21.868168, 53.4601695], [21.8686624, 53.4602868], [21.8691816, 53.4604529], [21.8699553, 53.4607148], [21.8706831, 53.4609693], [21.8711356, 53.4611627], [21.871590043404385, 53.46140279532416], [21.87181192060758, 53.46148155940318], [21.8719253, 53.4615168], [21.871999661095966, 53.461548205306634], [21.87282065529518, 53.46183964963283], [21.87305682127301, 53.46188172950773], [21.880002, 53.4612262], [21.880065889056173, 53.461239513011414], [21.8803964, 53.4612282], [21.8808412, 53.4612794], [21.8809861, 53.4613158], [21.8811326, 53.4613433], [21.8812756, 53.4613887], [21.8814646, 53.4614325], [21.8816101, 53.4614782], [21.8818194, 53.4615702], [21.8820453, 53.4616888], [21.882708, 53.4620552], [21.8864885, 53.4640897], [21.8875087, 53.4646386], [21.888003300300976, 53.46490272127022], [21.8919752, 53.4670002], [21.89485610131261, 53.47065573187038], [21.8950847, 53.4709109], [21.8966064, 53.4726879], [21.8976354, 53.4739031], [21.8976614, 53.4739727], [21.8976748, 53.4740085], [21.8977348, 53.4741385], [21.8979441, 53.4752338], [21.8982, 53.4766603], [21.8987108, 53.4774964], [21.8994976, 53.4785232], [21.900661, 53.4801516], [21.9008761, 53.4804772], [21.9023555, 53.4825847], [21.9032918, 53.4857963], [21.9033047, 53.4860561], [21.9031685, 53.4865016], [21.9029699, 53.4869357], [21.90177749017162, 53.48830945247248], [21.9013309, 53.4890159], [21.90139306520955, 53.49014011696992], [21.9016678, 53.4925587], [21.901983, 53.4931624], [21.904650013480556, 53.49529082700861], [21.907101622496597, 53.49718137064313], [21.9073048, 53.4972818], [21.907582, 53.4973912], [21.9115953, 53.4985852], [21.9117676, 53.4986228], [21.9141216, 53.4993159], [21.914489773464634, 53.499454830158626], [21.9148492, 53.4995599], [21.9203424, 53.5030315], [21.92050293439591, 53.50348022580329], [21.9207542, 53.5039498], [21.9208379, 53.5045047], [21.9209252, 53.5052079], [21.9211824, 53.5068022], [21.921219622560567, 53.506867742550156], [21.9220161, 53.5077024], [21.923284954520792, 53.508409772767145], [21.9233973, 53.5084682], [21.923407388686144, 53.50847248230156], [21.924272331802534, 53.50868800309345], [21.9268262, 53.5092483], [21.9309573, 53.5103516], [21.931073238821703, 53.51038255646847], [21.934719, 53.5111988], [21.93596652202123, 53.51134350291233], [21.9363697, 53.5112963], [21.9370545, 53.5112082], [21.9374245, 53.5111324], [21.9390994, 53.510725], [21.939665816498277, 53.51059294037924], [21.9414997, 53.5101269], [21.944440176419686, 53.509961020026985], [21.9488756, 53.5096315], [21.9491753, 53.5096178], [21.9503727, 53.5095313], [21.9515707, 53.5094494], [21.9521706, 53.5094128], [21.9525733, 53.509438], [21.9530549, 53.509558], [21.9538683, 53.5097941], [21.95459147438622, 53.510050545476545], [21.9548034, 53.5101014], [21.9551920310492, 53.51034571416002], [21.9557363, 53.5106419], [21.9563476, 53.5109842], [21.957807312378073, 53.51135062894121], [21.9598245, 53.5117602], [21.961130622425834, 53.51260157109664], [21.9620928, 53.5131368], [21.9659804, 53.5145883], [21.9718688, 53.514731], [21.9728928, 53.5147555], [21.9734221, 53.5147703], [21.9737321, 53.5148366], [21.974692, 53.5150886], [21.974869385736337, 53.515133597823535], [21.9761323, 53.5153839], [21.9780206, 53.5180632], [21.978836, 53.5182928], [21.97990053366176, 53.5182305439537], [21.9810135, 53.5180801], [21.981359353032556, 53.518145229294745], [21.9814539, 53.5181397], [21.981534262512536, 53.51817816736382], [21.9818111, 53.5182303], [21.98229716586479, 53.518543348589304], [21.984000914413432, 53.519358886994105], [21.9842611, 53.5193812], [21.984635407220587, 53.51966260156056], [21.984664244247487, 53.51967640506633], [21.9857293, 53.5198189], [21.9860262, 53.5201866], [21.986150718729455, 53.5203879402449], [21.9865179, 53.5205637], [21.986635321783954, 53.52062219089021], [21.98692, 53.5206592], [21.9872902, 53.5207948], [21.9885352, 53.5214228], [21.9887783, 53.5215917], [21.989072, 53.5218152], [21.989172865623736, 53.52188620846119], [21.989565008606284, 53.522081545232325], [21.9896548, 53.5221139], [21.98982700859985, 53.52210936656048], [21.992455874956896, 53.52139537308282], [21.9930536, 53.5211369], [21.994404794117063, 53.51981023933465], [21.9948005, 53.5193645], [21.994895312707605, 53.51932862702487], [21.9949482, 53.5192767], [21.995166, 53.5191494], [21.9985319, 53.517843], [21.99934075897429, 53.517320713464365], [22.000637, 53.516277], [22.004380413855777, 53.51548110823897], [22.0077631, 53.5146736], [22.0080542, 53.5145301], [22.0089423, 53.5139793], [22.0096582, 53.5135538], [22.0098797, 53.5133166], [22.0108644, 53.5117998], [22.0114991, 53.5108197], [22.0122362, 53.5100245], [22.0131551336161, 53.509032637718875], [22.0140266, 53.507881], [22.0144128, 53.5048948], [22.014911604673987, 53.50431796225825], [22.0157182, 53.5032424], [22.0158358, 53.502988], [22.0157390136262, 53.502081412933094], [22.0155716, 53.5012958], [22.01687641382022, 53.50032812757904], [22.01886, 53.4987263], [22.0192037, 53.4982936], [22.0195856, 53.4976163], [22.0198214, 53.4973888], [22.02005, 53.4972609], [22.02353, 53.4958254], [22.0239268, 53.4957249], [22.0242727, 53.4956969], [22.0246028, 53.4957189], [22.0260994, 53.4959505], [22.026478, 53.4960432], [22.0280933, 53.4965774], [22.0285942, 53.4966835], [22.0296848, 53.4967872], [22.03005640062888, 53.496846201846175], [22.0303773, 53.496854], [22.0306163226688, 53.49707222119453], [22.0307347, 53.4971446], [22.0313622, 53.4977205], [22.0317939, 53.4981214], [22.0321686, 53.4984597], [22.0322407, 53.498542], [22.0323878, 53.498818], [22.0323946, 53.4988863], [22.0323691, 53.4992555], [22.0323898, 53.4993696], [22.0324327, 53.4994498], [22.032575, 53.4996296], [22.0327111, 53.4997227], [22.0329637, 53.4998675], [22.0331064, 53.4999711], [22.033596, 53.500591], [22.0338019, 53.5008309], [22.0347464, 53.5014832], [22.0354214, 53.501937], [22.0356949, 53.502127], [22.0358201, 53.5022795], [22.0358949, 53.5024802], [22.0360426, 53.5026848], [22.0361877, 53.5028412], [22.0363103, 53.5029501], [22.0379613, 53.5045439], [22.0411265, 53.507608], [22.0419753, 53.5084402], [22.04203074538821, 53.50860296016276], [22.0420503, 53.5086212], [22.042046167727335, 53.50864823250204], [22.042135, 53.508909], [22.041807091124813, 53.510212223862204], [22.041707, 53.510867], [22.0446682, 53.5142611], [22.04627992287812, 53.51480875849795], [22.0474518, 53.5151264], [22.0478765, 53.5152415], [22.0479886, 53.5152849], [22.048112, 53.5153504], [22.0482288, 53.515435], [22.048262108371222, 53.5154822990579], [22.048273, 53.515486], [22.04827751027542, 53.51550417030323], [22.0483426, 53.5155966], [22.0483543, 53.5157486], [22.04834607710997, 53.515780401809884], [22.049424181627415, 53.52012370330759], [22.0504156, 53.5209267], [22.0505356, 53.5210474], [22.0510646, 53.5217745], [22.0510755, 53.5217894], [22.0511191, 53.5219702], [22.0511587, 53.5220325], [22.0512988, 53.5220982], [22.0514271, 53.5225307], [22.0508544, 53.5239564], [22.050555582878143, 53.52468171847892], [22.05073689815134, 53.52541217353674], [22.0507612, 53.525441], [22.05146111660482, 53.525883708558275], [22.05513726987874, 53.527831421750626], [22.0557214, 53.5279422], [22.0559199, 53.5279982], [22.0565403, 53.5282882], [22.0584583, 53.529478], [22.06003222203849, 53.52988691370427], [22.0660399, 53.5307174], [22.066183778783106, 53.53079341298473], [22.0663425, 53.5308038], [22.0684223, 53.531869], [22.0696588, 53.5325821], [22.0703774, 53.5329811], [22.070914798084225, 53.533292870445415], [22.0753096, 53.5356147], [22.081496037631855, 53.535835327577345], [22.0823376, 53.5358379], [22.0836695, 53.5356657], [22.0851995, 53.5354437], [22.0854721, 53.5353805], [22.0857783, 53.535274], [22.0862734, 53.5351203], [22.0864411, 53.5350596], [22.086796, 53.5349497], [22.0887796, 53.5342871], [22.0899412, 53.5339106], [22.0906661, 53.5337769], [22.090954209255617, 53.533731091833836], [22.09383579849659, 53.532837537883246], [22.0947071, 53.5324355], [22.0948114, 53.532396], [22.09491, 53.5323506], [22.0950824, 53.5322953], [22.0952474, 53.5322611], [22.0955508, 53.5322462], [22.095698899305827, 53.53225980769715], [22.0957373, 53.5322479], [22.096046587918465, 53.532335067661585], [22.0975285, 53.5327146], [22.0984903, 53.5329748], [22.098921, 53.5330591], [22.0990215, 53.5330735], [22.1008083, 53.5332677], [22.1010037, 53.5333036], [22.1043107, 53.5343646], [22.1055082, 53.5347106], [22.1076995, 53.5351947], [22.1086266, 53.5353555], [22.1096363, 53.5356424], [22.1102076, 53.5357337], [22.1109441, 53.5361321], [22.112937, 53.5368568], [22.1168986, 53.5381396], [22.1187918, 53.5387218], [22.119049531398762, 53.53881806513092], [22.1290396, 53.5416336], [22.14130234470657, 53.54690819124614], [22.1415278, 53.546973], [22.1426757, 53.5474135], [22.1439932, 53.5479282], [22.1450199, 53.5483396], [22.1469226, 53.5489084], [22.1482809, 53.5493693], [22.150316, 53.5504773], [22.1516578, 53.5508857], [22.1523841, 53.5510925], [22.1532402, 53.5514036], [22.1538676, 53.551686], [22.1548766, 53.5520683], [22.1570433, 53.5528759], [22.1577391, 53.5532229], [22.1589828, 53.553681], [22.1594862, 53.5539282], [22.1600466, 53.5542511], [22.1600712, 53.5544059], [22.1606989, 53.5547004], [22.1616599, 53.5554161], [22.1621476, 53.5555035], [22.1642822, 53.5560392], [22.1642784, 53.5560528], [22.1653941, 53.5563065], [22.16540616699708, 53.55630941734801], [22.1745299, 53.5576458], [22.187286121576754, 53.56328547033063], [22.188004, 53.5635635], [22.190263876707036, 53.564601969668544], [22.193223906766818, 53.56591063255163], [22.1943273, 53.5662263], [22.19552254814142, 53.56692688799083], [22.1973608, 53.5677396], [22.198841559242677, 53.56887264155778], [22.1994098, 53.5691974], [22.200149945119843, 53.56987378713885], [22.212659753338077, 53.579445993195435], [22.215289848822334, 53.58094162715242], [22.22237660262902, 53.58349785852728], [22.2241831, 53.5840887], [22.224731284249177, 53.58434720523798], [22.2275732, 53.5853723], [22.22917647721843, 53.58680663665461], [22.229825, 53.5873528], [22.2323008, 53.5895881], [22.23249541634107, 53.589775852447914], [22.2394179, 53.5959689], [22.2725485, 53.6106366], [22.278585573619534, 53.620060787420144], [22.2788704, 53.620329], [22.280060965025545, 53.62116625128036], [22.28629673932736, 53.62335175679885], [22.28845000646927, 53.623553296646996], [22.2994993, 53.6240775], [22.30566407756198, 53.62676869838617], [22.305872, 53.6268462], [22.3061268, 53.6269411], [22.30640926599262, 53.62705611701198], [22.313430980809883, 53.62975699199302], [22.3179831, 53.6314834], [22.3224948, 53.633212], [22.32477550257343, 53.63405007431073], [22.3265361, 53.6317633], [22.332419600835802, 53.635183923051], [22.3349205, 53.6366231], [22.3366461, 53.6376077], [22.3381565, 53.6384812], [22.3388377, 53.6388867], [22.3398777, 53.6394883], [22.34210539195654, 53.640815169021614], [22.3531436, 53.6472327], [22.34998335774204, 53.648397104530034], [22.3521022, 53.6499261], [22.352086537950903, 53.65028641248097], [22.3535728, 53.6516078], [22.354662474877692, 53.65234649925355], [22.3558261, 53.6527136], [22.3558373, 53.6530975], [22.3568033, 53.6534366], [22.357006628096556, 53.653935619337354], [22.35846189837716, 53.65492215861801], [22.3592155, 53.6550888], [22.359902762079038, 53.65583713664375], [22.360196021327937, 53.65575437716343], [22.3616938, 53.6552812], [22.3624142, 53.6550391], [22.3712358, 53.6582045], [22.371445116314376, 53.65828078044353], [22.3861885, 53.6635609], [22.387250770907297, 53.66419684955235], [22.3896759, 53.6656026], [22.3906041, 53.6661326], [22.392822, 53.6669131], [22.3944329, 53.6674109], [22.3953775, 53.6678026], [22.396209727625102, 53.668090442524814], [22.3976469, 53.6671207], [22.397793465245783, 53.66712783457609], [22.400688, 53.6671081], [22.4036874, 53.6688987], [22.404382763636736, 53.669461608386385], [22.409028336392158, 53.672283210057216], [22.4111817, 53.6734188], [22.411033421404287, 53.673506359170766], [22.413491997685316, 53.675326772991795], [22.4144595, 53.6758834], [22.414675151952768, 53.67688706658419], [22.414783021595774, 53.677142651757464], [22.4150487, 53.6776063], [22.414999111677318, 53.67765465327518], [22.4150705, 53.6778238], [22.41799989242038, 53.679196798927904], [22.4182312, 53.6790689], [22.4192896, 53.6795085], [22.4230416, 53.6815356], [22.4231493, 53.6815202], [22.4237383, 53.6811925], [22.4243862, 53.6809172], [22.4250094, 53.6807095], [22.4254745, 53.6806677], [22.4259671, 53.6804903], [22.4265804, 53.68015], [22.4273074, 53.6798157], [22.4277699, 53.6796736], [22.4281771, 53.6795981], [22.428557, 53.6793806], [22.4292896, 53.6789917], [22.4295941, 53.6787987], [22.4302838, 53.6782169], [22.4320112, 53.6770374], [22.4329932, 53.6763966], [22.4345236, 53.6770575], [22.4359991, 53.6777563], [22.4360392, 53.6775594], [22.4363354, 53.6772223], [22.4365457, 53.6769481], [22.4367848, 53.6764751], [22.4369951, 53.6762828], [22.4373799, 53.6760257], [22.4377689, 53.675805], [22.4364001, 53.6752344], [22.4369037, 53.6748135], [22.4383423, 53.6750872], [22.4403874, 53.6743584], [22.4405856, 53.6732253], [22.4413925, 53.6731423], [22.44151, 53.673121], [22.4427517, 53.6729399], [22.4437679, 53.6726315], [22.4439865, 53.6725727], [22.4448263, 53.672329], [22.4447699, 53.6721356], [22.4446689, 53.6719054], [22.444224, 53.6711989], [22.4438483, 53.6705574], [22.4433295, 53.6697032], [22.4429156, 53.6689657], [22.4422958, 53.6679446], [22.4418098, 53.6678905], [22.4402475, 53.6676996], [22.4376321, 53.6673921], [22.4379365, 53.6671782], [22.4383973, 53.6668041], [22.4384724, 53.666619], [22.438959, 53.6660058], [22.4392002, 53.665863], [22.4395647, 53.6657313], [22.4397474, 53.6656405], [22.4399203, 53.6654927], [22.4402046, 53.6651051], [22.4406111, 53.664788], [22.4410883, 53.66456], [22.4415292, 53.6645025], [22.4421123, 53.664395], [22.4425259, 53.6642478], [22.4447145, 53.6642195], [22.4451529, 53.6641597], [22.4456328, 53.6638944], [22.4459743, 53.6639979], [22.4463671, 53.6641623], [22.4466169, 53.6642557], [22.4468198, 53.6642568], [22.4470906, 53.6641961], [22.4474271, 53.6640907], [22.447619, 53.6640045], [22.4478005, 53.6639083], [22.4481872, 53.6637837], [22.4490923, 53.6636212], [22.4492308, 53.6635963], [22.4502455, 53.6633905], [22.4509479, 53.6628763], [22.4537468, 53.6633652], [22.4538612, 53.663306], [22.4539904, 53.6632371], [22.4593408, 53.6651189], [22.4592957, 53.6645113], [22.4634302, 53.6640618], [22.4681549, 53.6637783], [22.4688885, 53.6637579], [22.4692988, 53.6638575], [22.4692891, 53.6633787], [22.4705601, 53.663214], [22.4732517, 53.6630401], [22.4738201, 53.6633284], [22.4748241, 53.6636855], [22.4755256, 53.663159], [22.4756053, 53.6632145], [22.4755652, 53.6634089], [22.4754647, 53.6635824], [22.4752433, 53.6638311], [22.4748989, 53.6640864], [22.4746678, 53.6642158], [22.4745855, 53.6642533], [22.4738295, 53.6645826], [22.4733672, 53.6647641], [22.4731974, 53.6648308], [22.4726426, 53.6651106], [22.4710823, 53.6658654], [22.4703629, 53.6662352], [22.4697505, 53.6665901], [22.4691227, 53.6668809], [22.4688577, 53.6670756], [22.4685417, 53.6674909], [22.4684956, 53.667568], [22.468484, 53.6676178], [22.4684747, 53.6677758], [22.4684893, 53.6679351], [22.4685706, 53.6681308], [22.4694812, 53.6696436], [22.4697757, 53.6700625], [22.4697288, 53.6702365], [22.4694795, 53.6704387], [22.4684167, 53.6710816], [22.4681082, 53.6712459], [22.4678106, 53.6714309], [22.4675239, 53.6716227], [22.467372, 53.6717761], [22.4672569, 53.6718696], [22.4671237, 53.6720468], [22.4670654, 53.6721819], [22.4670338, 53.6723787], [22.4670205, 53.6730286], [22.4670403, 53.6738476], [22.4670409, 53.6741473], [22.4669701, 53.674286], [22.467366, 53.6743553], [22.4673359, 53.6744041], [22.4678274, 53.6747332], [22.4679912, 53.674775], [22.4681613, 53.6747959], [22.4683434, 53.6748909], [22.4684435, 53.6750637], [22.46827, 53.6751657], [22.4684917, 53.6753658], [22.4686705, 53.6754458], [22.4688425, 53.6755468], [22.4690265, 53.6756465], [22.4693808, 53.6757111], [22.4696546, 53.6757207], [22.4699642, 53.6757164], [22.4701492, 53.6757645], [22.4702659, 53.6758556], [22.4703689, 53.6759544], [22.4704672, 53.6761388], [22.4707749, 53.6764813], [22.4708897, 53.6766788], [22.4710495, 53.6769745], [22.4713338, 53.6772662], [22.4713842, 53.6774052], [22.4713247, 53.6776063], [22.4713278, 53.6777893], [22.4714264, 53.6779223], [22.4716202, 53.6782921], [22.4715459, 53.6784332], [22.4712647, 53.6785842], [22.4710513, 53.6786506], [22.4707895, 53.6787515], [22.4706133, 53.6787776], [22.470358, 53.6789182], [22.4700957, 53.6791034], [22.4699294, 53.6792833], [22.4698878, 53.6793332], [22.469824, 53.6794475], [22.4698102, 53.679537], [22.469827, 53.6795913], [22.4698277, 53.6796274], [22.4697565, 53.6797398], [22.4697494, 53.6798745], [22.4698678, 53.6799545], [22.4699466, 53.6799958], [22.4699488, 53.6801221], [22.4698625, 53.6802894], [22.4697095, 53.6805293], [22.4695599, 53.6807871], [22.4694607, 53.6808781], [22.4694131, 53.6809142], [22.4692952, 53.6809493], [22.4692432, 53.6810344], [22.4691576, 53.6811094], [22.4690116, 53.6813073], [22.4689255, 53.6813469], [22.4688769, 53.6814782], [22.4687359, 53.6816424], [22.4685664, 53.6816583], [22.4684424, 53.6820096], [22.4684193, 53.6822702], [22.4683405, 53.6825982], [22.4682907, 53.6826663], [22.4682778, 53.6827196], [22.4682744, 53.6828731], [22.4683504, 53.6830302], [22.468475, 53.6831836], [22.4685896, 53.6833096], [22.4688056, 53.6835865], [22.4689476, 53.6836829], [22.4690503, 53.6837411], [22.4691053, 53.6837999], [22.46935, 53.6839546], [22.4694706, 53.6841349], [22.4695009, 53.684171], [22.4695497, 53.6843418], [22.4695821, 53.6844903], [22.4695695, 53.6845847], [22.469569, 53.6846746], [22.4695323, 53.6847376], [22.4694999, 53.6848723], [22.4695157, 53.6850162], [22.4695153, 53.6850972], [22.4695673, 53.6852727], [22.469579, 53.6853491], [22.469574, 53.6854392], [22.4695644, 53.6854671], [22.4694784, 53.6856064], [22.4694236, 53.6856757], [22.4693175, 53.6857673], [22.4693017, 53.6857926], [22.4692603, 53.6858122], [22.469243, 53.6859811], [22.46911, 53.6862393], [22.4691046, 53.6862812], [22.4690038, 53.6865755], [22.4689426, 53.6866961], [22.468806, 53.6867743], [22.4686716, 53.6867957], [22.4683584, 53.6869056], [22.4683096, 53.6869086], [22.467857, 53.6870498], [22.4677908, 53.6869791], [22.4670061, 53.6872242], [22.4667447, 53.6872751], [22.4665451, 53.6873393], [22.46645, 53.6874127], [22.4663733, 53.6874474], [22.4662289, 53.6875519], [22.4661927, 53.6876299], [22.4660917, 53.6880523], [22.4660596, 53.6881403], [22.4660103, 53.6882249], [22.4658439, 53.6883907], [22.4656825, 53.6886325], [22.465607, 53.6888076], [22.4655141, 53.6893332], [22.465445, 53.6898886], [22.4654385, 53.6900675], [22.4656572, 53.6905766], [22.4662692, 53.6913267], [22.4664668, 53.6915068], [22.4666721, 53.6916402], [22.4667521, 53.6916854], [22.4674123, 53.692009], [22.467588, 53.6921131], [22.4678257, 53.6922075], [22.4685102, 53.6925293], [22.4688823, 53.6926959], [22.4693989, 53.6928834], [22.4695907, 53.6929267], [22.4702112, 53.6931221], [22.4710261, 53.6933577], [22.4716651, 53.6934575], [22.4721601, 53.6934851], [22.4727816, 53.6934657], [22.4733379, 53.6934225], [22.4736298, 53.6933697], [22.4737786, 53.6933363], [22.4739094, 53.6933006], [22.474361, 53.6931515], [22.4745592, 53.6930547], [22.474655, 53.6929995], [22.4749354, 53.6928018], [22.4750974, 53.6926516], [22.4751936, 53.6925832], [22.4752596, 53.6925015], [22.4754397, 53.6923592], [22.4756022, 53.6922013], [22.4755647, 53.6919697], [22.475846, 53.69212], [22.4758864, 53.6920933], [22.4758772, 53.6922461], [22.4757456, 53.6924728], [22.4756868, 53.6925449], [22.4757005, 53.6925952], [22.4758809, 53.6927327], [22.4758009, 53.6927816], [22.475697, 53.6929552], [22.4757227, 53.6930662], [22.4754667, 53.6932174], [22.4749992, 53.6934795], [22.4749375, 53.6935522], [22.4749001, 53.6936288], [22.4748391, 53.6938955], [22.4749178, 53.6941096], [22.4747052, 53.6942526], [22.4746743, 53.6943248], [22.4746539, 53.6944642], [22.4744397, 53.6945268], [22.4744281, 53.6945952], [22.4743499, 53.6946536], [22.4744458, 53.6952488], [22.4748265, 53.6956738], [22.4746857, 53.696077], [22.4745309, 53.6961441], [22.4743496, 53.6962431], [22.4738966, 53.6963002], [22.4732579, 53.6961703], [22.4731538, 53.6961613], [22.4731125, 53.6962552], [22.4729908, 53.6962999], [22.4727788, 53.6968614], [22.4726924, 53.6970147], [22.4725082, 53.6972282], [22.4723605, 53.6973127], [22.472327, 53.6973816], [22.4721119, 53.6974108], [22.471867, 53.697417], [22.471264, 53.6974053], [22.4709776, 53.6974715], [22.4706384, 53.6975203], [22.4696917, 53.6975638], [22.4690394, 53.6976032], [22.4689046, 53.6976525], [22.4687857, 53.6977294], [22.4684862, 53.6977936], [22.468124, 53.6981647], [22.4681315, 53.6982138], [22.4675743, 53.6988737], [22.4675853, 53.6989595], [22.467939934976073, 53.69905217403835], [22.471051007275214, 53.69949073442992], [22.47192757920058, 53.69952586823955], [22.4725341, 53.6989424], [22.474071621025534, 53.699210802464975], [22.4757783, 53.6994762], [22.479394, 53.7000409], [22.485848, 53.7001892], [22.4916469, 53.7002016], [22.4952506, 53.6989792], [22.5020904, 53.6970147], [22.5044441, 53.6963467], [22.5069385, 53.6963649], [22.5089791, 53.6965893], [22.510173, 53.6967354], [22.5125277, 53.6973325], [22.5132419, 53.697519], [22.5137268, 53.6976293], [22.5139118, 53.697679], [22.5140572, 53.6977318], [22.5150964, 53.6982803], [22.5150235, 53.698332], [22.5140879, 53.6991218], [22.5154013, 53.6996804], [22.5159168, 53.6999085], [22.5166619, 53.7002296], [22.5171939, 53.7004734], [22.5189856, 53.7012418], [22.5217565, 53.7024765], [22.5226652, 53.7028879], [22.5231533, 53.7030797], [22.5235713, 53.7032578], [22.5249275, 53.7038553], [22.525843805435315, 53.70425436025859], [22.558970153278285, 53.71832752224854], [22.5598884, 53.7187105], [22.5629797, 53.7199892], [22.5640491, 53.7204517], [22.5655454, 53.7210673], [22.5663696, 53.7214144], [22.566300492163784, 53.72144169127997], [22.5664328, 53.7214979], [22.56561071874043, 53.721714088748065], [22.564978186836665, 53.721963881046875], [22.571334555332953, 53.72616089402142], [22.5719851, 53.726561], [22.5737914, 53.7276883], [22.5747783, 53.7282719], [22.5772908, 53.7298005], [22.5804156, 53.7317167], [22.5822838, 53.7328512], [22.58420510802881, 53.734028485473594], [22.58478099445085, 53.73042689485749], [22.5847965, 53.7299896], [22.5848258, 53.7268971], [22.5921811, 53.7215208], [22.5925236, 53.7212425], [22.594359, 53.7199154], [22.5948555, 53.7196031], [22.5952843, 53.7192534], [22.5969865, 53.7182817], [22.5983774, 53.7182319], [22.599218, 53.7180977], [22.5997431, 53.7180026], [22.6013444, 53.7175922], [22.603413694631268, 53.717432702284974], [22.6066015, 53.7168252], [22.607254607611775, 53.717248490694374], [22.609271, 53.718355], [22.6108391, 53.7191937], [22.6111068, 53.7207235], [22.6118046, 53.7236773], [22.6121784, 53.7247569], [22.6124321, 53.7254407], [22.6141936, 53.7283471], [22.6146823, 53.7290405], [22.6147451, 53.7290978], [22.6154629, 53.7300892], [22.6157358, 53.7306842], [22.6157039, 53.7307385], [22.6158, 53.7310108], [22.615709416209594, 53.73120636196855], [22.6163862, 53.7322634], [22.617143841531288, 53.73277558749049], [22.6176813, 53.733012], [22.6183633, 53.7334377], [22.6193827, 53.7342245], [22.6207943, 53.7350592], [22.6209157, 53.735131], [22.6210006, 53.7353407], [22.6209877, 53.735346], [22.6209938, 53.7353522], [22.620987579730738, 53.73537406518892], [22.6211928, 53.7355128], [22.62116848775187, 53.73617527330029], [22.6212056, 53.7363027], [22.6212139, 53.7363808], [22.6212253, 53.7365495], [22.621149935602563, 53.736680792309095], [22.621147750042628, 53.73674034562961], [22.6212428, 53.7368326], [22.621135859983536, 53.73706433239724], [22.62113231546269, 53.73716091542033], [22.6211393, 53.7371962], [22.6211303507373, 53.73721445132156], [22.62111018487587, 53.737763941632075], [22.6211565, 53.7378391], [22.6214172, 53.7380819], [22.6215612, 53.7381864], [22.62172119377928, 53.73832930127615], [22.621722822537283, 53.73833057782923], [22.6218494, 53.7384074], [22.6219892, 53.7385022], [22.6221659, 53.7386013], [22.6223272, 53.7386592], [22.6225385, 53.7387618], [22.6227214, 53.7389306], [22.6229539, 53.7390478], [22.6231246, 53.7391746], [22.6232048, 53.7392757], [22.6233104, 53.7394595], [22.6233601, 53.7396511], [22.6233769, 53.7397686], [22.623429074599837, 53.73986478447222], [22.623429638325792, 53.739865409666685], [22.6234648, 53.7398872], [22.6235888, 53.7400295], [22.6237758, 53.7401932], [22.6242009, 53.7404757], [22.6243815, 53.7405524], [22.6246201, 53.7406317], [22.6250621, 53.7407295], [22.6253268, 53.7407971], [22.6255251, 53.740864], [22.6257623, 53.7409618], [22.6259354, 53.7410874], [22.6260896, 53.7412678], [22.6262455, 53.7414228], [22.626349663658743, 53.741537642307215], [22.6268577, 53.7417823], [22.626303930120926, 53.74201770596267], [22.6262165, 53.7420774], [22.6261131, 53.7421562], [22.6259649, 53.7421928], [22.6257678, 53.7422698], [22.62564914943784, 53.74229605132392], [22.624752721082658, 53.74267712040675], [22.6245712, 53.742861], [22.6243047, 53.74298], [22.6239842, 53.7430371], [22.623886656360927, 53.743045281997446], [22.6227377, 53.7435337], [22.6227377, 53.7452595], [22.623442461261373, 53.745738783640064], [22.6235798, 53.745747], [22.6238667, 53.7458044], [22.6240233, 53.7457621], [22.6243882, 53.745813], [22.6245342, 53.7458467], [22.6249368, 53.7460656], [22.6250547, 53.7461084], [22.6252374, 53.746231], [22.6253147, 53.74626], [22.6254782, 53.7463519], [22.6256927, 53.7464912], [22.625932, 53.7466772], [22.6262089, 53.7469202], [22.6262949, 53.7470158], [22.6263088, 53.7470471], [22.6264135, 53.7471554], [22.6265005, 53.7472752], [22.6265322, 53.7474032], [22.6265586, 53.7475192], [22.6265638, 53.7476549], [22.626553, 53.7477804], [22.6265205, 53.7478685], [22.6264736, 53.7479539], [22.6264161, 53.7480297], [22.6263265, 53.7481761], [22.6262105, 53.7483335], [22.6259914, 53.7484702], [22.6258094, 53.7485927], [22.6257255, 53.7486362], [22.6255415, 53.7487675], [22.6254527, 53.7488535], [22.6252997, 53.748975], [22.6250595, 53.7491283], [22.62493, 53.7492434], [22.6247929, 53.7493422], [22.6246462, 53.7494129], [22.6245264, 53.749461], [22.62442414684013, 53.749501200899836], [22.6239393, 53.7500305], [22.624317491678227, 53.7521175305816], [22.6243754, 53.7521885], [22.6244692, 53.75234], [22.6245096, 53.7524305], [22.6246059, 53.752555], [22.6246869, 53.752691], [22.624712, 53.7528582], [22.624620994839816, 53.75301819438054], [22.6284025, 53.7563233], [22.62953497238031, 53.75638417352033], [22.6296487, 53.7563597], [22.6298592, 53.7563061], [22.6301332, 53.7563826], [22.6306997, 53.7564148], [22.6309301, 53.7564044], [22.6309424, 53.7564122], [22.6311971, 53.7563804], [22.6314675, 53.7563612], [22.6319886, 53.756342], [22.6322467, 53.7563416], [22.6324495, 53.7563486], [22.6328739, 53.7563458], [22.6331087, 53.7563397], [22.6333526, 53.7563425], [22.6335935, 53.756359], [22.6338393, 53.7563857], [22.6344512, 53.7564783], [22.6347276, 53.7565149], [22.6349443, 53.7565376], [22.6353904, 53.7565757], [22.636022, 53.7565191], [22.6362062, 53.7565102], [22.63646, 53.7564543], [22.636735, 53.7564011], [22.6369452, 53.7563312], [22.6373371, 53.7562193], [22.6375671, 53.7561303], [22.6379865, 53.7559374], [22.6382012, 53.7558233], [22.6387587, 53.7555106], [22.6389088, 53.7554349], [22.6391298, 53.755344], [22.639349, 53.7552809], [22.639655, 53.7551813], [22.6398918, 53.7551266], [22.6401152, 53.7550157], [22.6403835, 53.754914], [22.640675, 53.7547515], [22.6408229, 53.7546152], [22.6408791, 53.7544969], [22.6409066, 53.7544899], [22.6409668, 53.7543172], [22.6410132, 53.7541054], [22.641013, 53.7540517], [22.6409921, 53.7540256], [22.6409654, 53.7538551], [22.6408302, 53.7535765], [22.6409126, 53.7533942], [22.6409212, 53.7532468], [22.640946446927604, 53.7531624993065], [22.640914701799662, 53.75281523553292], [22.6409033, 53.7528013], [22.6408682, 53.7526408], [22.6407673, 53.7524447], [22.6406957, 53.7522583], [22.6407307, 53.7522135], [22.6407444, 53.7520295], [22.6408011, 53.7519814], [22.640820235364735, 53.751781855836676], [22.640810690553128, 53.75167744399421], [22.6406656, 53.7514301], [22.6404289, 53.7509748], [22.640272195280723, 53.75079040936364], [22.639210026276462, 53.750017438193666], [22.6391326, 53.750004], [22.6388186, 53.7499723], [22.6386544, 53.7499138], [22.6385796, 53.7498082], [22.6384829, 53.7497095], [22.6384953, 53.7496097], [22.63853370328674, 53.74952525835171], [22.6385306, 53.749523], [22.638538606022788, 53.749514478151674], [22.6385627, 53.7494615], [22.6386425, 53.7493949], [22.638654726896387, 53.74939087564658], [22.6402472, 53.7476958], [22.6407743212207, 53.7476458880559], [22.6408499, 53.747612], [22.6409605, 53.7475908], [22.641115999035765, 53.747613535338274], [22.6413202, 53.7475942], [22.641373089866082, 53.74762457001091], [22.6415419, 53.7475782], [22.6416782, 53.7476359], [22.6418456, 53.7478089], [22.6426496, 53.7483145], [22.642834338902578, 53.74846363716053], [22.643376130026613, 53.74877474028039], [22.643737, 53.7489473], [22.6439487, 53.749022], [22.6439527, 53.7490471], [22.6441097, 53.7491128], [22.6443577, 53.7491885], [22.6449098, 53.7492524], [22.6452951, 53.7492694], [22.6456594, 53.7493402], [22.6463178, 53.7495557], [22.6466651, 53.7496213], [22.646959, 53.7496657], [22.6476172, 53.7496547], [22.6479089, 53.7496895], [22.648321, 53.749764], [22.6484879, 53.7498094], [22.6488275, 53.7498588], [22.6491303, 53.7499175], [22.6495652, 53.7500272], [22.6499106, 53.750066], [22.6502133, 53.7500937], [22.6505988, 53.750146], [22.6509692, 53.7502284], [22.6514188, 53.7502139], [22.6517198, 53.7502452], [22.6521548, 53.7504422], [22.6523692, 53.7505937], [22.6525868, 53.7507254], [22.652756, 53.7508412], [22.6528636, 53.750928], [22.6532135, 53.7512563], [22.6534318, 53.7514282], [22.653439446210623, 53.75143621135397], [22.654451251598932, 53.75203450025149], [22.6549239, 53.7522921], [22.6554361, 53.7524425], [22.6557234, 53.7526338], [22.6560844, 53.7529525], [22.6568823, 53.753303], [22.6575121, 53.7537028], [22.6591541, 53.754395], [22.6595088, 53.7544249], [22.6598422, 53.7544327], [22.6600119, 53.7543903], [22.6602916, 53.7543696], [22.6606552, 53.75436], [22.6609878, 53.754343], [22.661685, 53.7543395], [22.6621712, 53.7543681], [22.6622839, 53.7544146], [22.662704585128992, 53.7544965], [22.6632498, 53.7544965], [22.6643638229899, 53.755001464050125], [22.664653, 53.7550192], [22.6649433, 53.7551126], [22.665213, 53.755211], [22.6654668, 53.7553249], [22.6658072, 53.7554154], [22.666016, 53.7555956], [22.6660704, 53.7557165], [22.666238499764756, 53.755851217049376], [22.668057853391083, 53.756675893186305], [22.6681516, 53.7566939], [22.6684537, 53.7567374], [22.6687521, 53.7567879], [22.6691809, 53.7568348], [22.66940457569821, 53.75688360649802], [22.67019648312849, 53.75692521731331], [22.6712642, 53.7568276], [22.6715733, 53.7567026], [22.6719466, 53.7567851], [22.672695, 53.756776], [22.6730748, 53.7567812], [22.6736275, 53.7568194], [22.6740223, 53.7568188], [22.6745938, 53.756926], [22.674884, 53.7570568], [22.67514321798323, 53.757185143742156], [22.6761244, 53.7572367], [22.678088819167908, 53.756883241873034], [22.6782768, 53.7567648], [22.6784607, 53.7566313], [22.6786212, 53.7565622], [22.6786656, 53.7565376], [22.6789294, 53.7565551], [22.6789043, 53.7564393], [22.6790944, 53.7564339], [22.6793024, 53.7564064], [22.6794553, 53.7564065], [22.6797755, 53.7564727], [22.6802509, 53.7564095], [22.6802604, 53.7564541], [22.6870876, 53.7580432], [22.6871834, 53.7580573], [22.687563501571656, 53.7581929467718], [22.688055, 53.7583023], [22.68918492781579, 53.759179121351956], [22.6898421, 53.7593726], [22.6904185, 53.759629], [22.69087092655845, 53.759889671207915], [22.694770465221513, 53.761299964091634], [22.6967425, 53.7615804], [22.6968016, 53.7615888], [22.6968293, 53.7615811], [22.6981233, 53.7612235], [22.6993273, 53.7607967], [22.7006122, 53.7603619], [22.7025619, 53.7596648], [22.7033445, 53.7593287], [22.7047757, 53.759034], [22.7049664, 53.7588487], [22.7051995, 53.7587892], [22.7070644, 53.758124], [22.7072292, 53.7580696], [22.7073485, 53.7579986], [22.7076289, 53.7578672], [22.7080149, 53.7577902], [22.709192, 53.7573392], [22.7094339, 53.7572595], [22.7098434, 53.7570616], [22.7099123, 53.7569979], [22.7132023, 53.7559604], [22.7152283, 53.7553556], [22.7187942, 53.754042], [22.7225877, 53.7528548], [22.7232533, 53.7526463], [22.7237219, 53.7525274], [22.723988, 53.7524346], [22.7242035, 53.7523745], [22.7243606, 53.7522879], [22.7245366, 53.7522166], [22.7254913, 53.7519218], [22.7252387, 53.7538312], [22.7249944, 53.7554444], [22.7248021, 53.7570537], [22.7247642, 53.7572321], [22.724761, 53.7575527], [22.7253661, 53.7565776], [22.7255737, 53.7563359], [22.725843, 53.7559174], [22.7261085, 53.7554624], [22.7270328, 53.754977], [22.7272295, 53.7548377], [22.7286747, 53.753867], [22.7301267, 53.7528781], [22.7323851, 53.7514638], [22.7324422, 53.7513944], [22.7320861, 53.7512852], [22.7341134, 53.7498934], [22.7342774, 53.7498249], [22.7348992, 53.7488022], [22.7351083, 53.7479946], [22.7352465, 53.7477308], [22.7361961, 53.7440742], [22.7364983, 53.7430062], [22.7368798, 53.7416191], [22.7369192, 53.7412547], [22.737407, 53.7395019], [22.7396198, 53.7382428], [22.7443722, 53.7355598], [22.7445355, 53.7347989], [22.7443203, 53.7343195], [22.7441258, 53.7337814], [22.7441016, 53.7336023], [22.7441678, 53.733309], [22.7442405, 53.7330622], [22.7442729, 53.7328535], [22.7442358, 53.7326931], [22.7441587, 53.7324625], [22.7439614, 53.732354], [22.7439521, 53.7321763], [22.7440331, 53.7319997], [22.7442953, 53.7318303], [22.7442997, 53.7315713], [22.744654, 53.7312554], [22.7449143, 53.7311158], [22.7450287, 53.7309532], [22.7449966, 53.7308454], [22.7448466, 53.7307439], [22.7445787, 53.7306868], [22.7443862, 53.7305725], [22.7442363, 53.7305346], [22.744065, 53.7303821], [22.7438809, 53.7298536], [22.7441631, 53.7295125], [22.7442059, 53.7294523], [22.7438349, 53.7294038], [22.7437192, 53.7293579], [22.7436496, 53.7293427], [22.7432173, 53.7289536], [22.7429863, 53.7288671], [22.7426509, 53.7288183], [22.7421682, 53.7286241], [22.7420299, 53.7284251], [22.7424127, 53.7281281], [22.7423406, 53.7281068], [22.741943, 53.7280405], [22.7417064, 53.7279626], [22.7414274, 53.7277795], [22.7413161, 53.727418], [22.7412015, 53.7273041], [22.7408571, 53.7270123], [22.740685, 53.7267822], [22.740313, 53.7266182], [22.739992, 53.7265878], [22.7398342, 53.7265979], [22.7392903, 53.7265748], [22.7390055, 53.7266015], [22.738213, 53.7268113], [22.7376199, 53.7268859], [22.7372069, 53.7268259], [22.736685, 53.7263966], [22.7357945, 53.726148], [22.7355353, 53.7260098], [22.7352493, 53.725905], [22.7347462, 53.7255105], [22.7346375, 53.7253922], [22.7344858, 53.7248556], [22.7341498, 53.7246752], [22.7339577, 53.7246234], [22.7335456, 53.7242969], [22.7329541, 53.7241379], [22.7319436, 53.7233389], [22.7316633, 53.7228207], [22.7315796, 53.722494], [22.732088, 53.7222668], [22.7315792, 53.722013], [22.7314581, 53.7217787], [22.7313674, 53.7216638], [22.7308998, 53.7215118], [22.7307492, 53.7214049], [22.7304133, 53.7212201], [22.7301311, 53.7211459], [22.7298731, 53.7210048], [22.7296716, 53.7208479], [22.7295578, 53.7208287], [22.7293549, 53.7207476], [22.7292768, 53.7205838], [22.7292343, 53.7205466], [22.7291371, 53.7205098], [22.7290979, 53.7204279], [22.7290625, 53.7203011], [22.7289773, 53.7202268], [22.7287764, 53.720155], [22.7284525, 53.7199934], [22.7282934, 53.719809], [22.7283153, 53.71974], [22.7282275, 53.7196436], [22.7282347, 53.7196401], [22.7281322, 53.7195383], [22.7279572, 53.719414], [22.7275213, 53.7191547], [22.7273956, 53.7190425], [22.7273202, 53.7189105], [22.7271612, 53.7187037], [22.7269057, 53.7184269], [22.7264736, 53.7181306], [22.7263841, 53.7180158], [22.7262465, 53.718002], [22.726052, 53.7178617], [22.7259975, 53.7178078], [22.7261275, 53.7177616], [22.7255983, 53.7172379], [22.7255467, 53.7170992], [22.7252094, 53.716905], [22.7252122, 53.7168202], [22.7248073, 53.7166292], [22.7246042, 53.7163504], [22.7246576, 53.7162304], [22.7244672, 53.7159559], [22.7238298, 53.7153406], [22.7235843, 53.7150605], [22.7234704, 53.7148573], [22.7234362, 53.7145432], [22.7233184, 53.714416], [22.7233235, 53.7141442], [22.7232867, 53.713966], [22.7233408, 53.7137844], [22.7234586, 53.7136577], [22.7236916, 53.7135346], [22.7239324, 53.7131975], [22.724054, 53.7131585], [22.724558, 53.712959], [22.7245652, 53.7129016], [22.7247074, 53.7127784], [22.7249434, 53.7127477], [22.7252889, 53.7126617], [22.7253746, 53.7125723], [22.7252274, 53.7125538], [22.7251393, 53.7124527], [22.7251294, 53.7123854], [22.7252629, 53.712223], [22.725136, 53.71188], [22.725177, 53.7117215], [22.7251686, 53.7116314], [22.7251957, 53.7115015], [22.7248873, 53.7112028], [22.7248894, 53.7110661], [22.7249211, 53.7110111], [22.7249194, 53.7109178], [22.7250078, 53.7108459], [22.7249031, 53.7108556], [22.7244519, 53.7108343], [22.7245249, 53.7107793], [22.7244206, 53.7107002], [22.7244531, 53.7106047], [22.7243606, 53.7105242], [22.7244219, 53.7102421], [22.7241531, 53.7098712], [22.7241226, 53.7096687], [22.7239404, 53.7093837], [22.7239919, 53.7091952], [22.7239802, 53.7091267], [22.7243232, 53.7086556], [22.7244825, 53.7085124], [22.7245649, 53.7084569], [22.7246136, 53.708401], [22.7245837, 53.7083585], [22.7240564, 53.708008], [22.7236328, 53.7079552], [22.7231967, 53.7076888], [22.7230082, 53.7077524], [22.7224447, 53.7075245], [22.7220596, 53.7074338], [22.7218476, 53.7072989], [22.7213871, 53.7070505], [22.7212163, 53.7069024], [22.7209656, 53.706645], [22.720809, 53.7063931], [22.7207022, 53.7062734], [22.7203617, 53.7060415], [22.7194347, 53.7053407], [22.7190309, 53.704903], [22.7189382, 53.7047534], [22.7188922, 53.7046399], [22.7189723, 53.7043717], [22.718621, 53.7038111], [22.718593, 53.7033788], [22.7185541, 53.7033194], [22.7185569, 53.7030643], [22.7186378, 53.7027081], [22.7187154, 53.7026342], [22.718676, 53.7025298], [22.7186805, 53.7024117], [22.7187657, 53.7022566], [22.7187928, 53.7021408], [22.7188105, 53.7020044], [22.7188754, 53.7019321], [22.7191065, 53.7014931], [22.7193393, 53.7013783], [22.7193508, 53.7011321], [22.7193023, 53.7010896], [22.7190271, 53.7010314], [22.7187726, 53.7009032], [22.7185605, 53.7008404], [22.7179907, 53.7007912], [22.7173647, 53.7007773], [22.7171758, 53.7008512], [22.7164622, 53.7006641], [22.7160226, 53.7006965], [22.7158354, 53.7007593], [22.7157262, 53.7007437], [22.7156789, 53.7007452], [22.7154907, 53.7006873], [22.7147001, 53.7006834], [22.7145584, 53.7006208], [22.7140214, 53.7006029], [22.7139491, 53.7006257], [22.7138466, 53.7006017], [22.7135655, 53.7004633], [22.7132637, 53.7005403], [22.713021, 53.7005352], [22.7128516, 53.7005026], [22.712556, 53.700404], [22.7122099, 53.7002458], [22.7121219, 53.7001595], [22.7119799, 53.6999877], [22.7117799, 53.6995712], [22.7117748, 53.6994804], [22.7117227, 53.6993857], [22.7117604, 53.6991077], [22.7118623, 53.699013], [22.7121239, 53.6990375], [22.7123298, 53.6989168], [22.7123851, 53.6988756], [22.7124585, 53.6983627], [22.7126292, 53.6981529], [22.7128077, 53.6981127], [22.7129303, 53.6979824], [22.7135392, 53.6978247], [22.7136034, 53.6977305], [22.7137565, 53.6976917], [22.7144103, 53.6975704], [22.7145201, 53.6974939], [22.7146774, 53.6974834], [22.7148376, 53.6974088], [22.7149603, 53.6973729], [22.7155035, 53.6973042], [22.7155743, 53.6972881], [22.7155256, 53.6972203], [22.7154706, 53.697076], [22.7153399, 53.6969914], [22.7152806, 53.6968244], [22.7154053, 53.6966528], [22.7152365, 53.6965482], [22.715029, 53.6964609], [22.7147448, 53.6962655], [22.7143279, 53.6958892], [22.7143053, 53.6958271], [22.7142867, 53.6958097], [22.7139786, 53.6956798], [22.71367, 53.6955659], [22.7135145, 53.6955314], [22.7131254, 53.6954564], [22.7125019, 53.6953451], [22.7118798, 53.6952623], [22.7118185, 53.6952349], [22.7114573, 53.6951614], [22.7111836, 53.6950847], [22.7099131, 53.6947054], [22.7095652, 53.6945763], [22.7091685, 53.6944651], [22.7087559, 53.69433], [22.7084356, 53.6942098], [22.7070331, 53.6935987], [22.7059766, 53.6931636], [22.7055707, 53.6929689], [22.7052266, 53.6927648], [22.7048827, 53.6924907], [22.7047536, 53.6924015], [22.7044572, 53.6920893], [22.7041074, 53.6915897], [22.7038532, 53.6912468], [22.7038194, 53.6910929], [22.7037495, 53.6909113], [22.7037003, 53.6905505], [22.7037211, 53.6900657], [22.7037409, 53.6900032], [22.703708, 53.6898317], [22.7037325, 53.6894998], [22.7038786, 53.689162], [22.7039019, 53.6888478], [22.7041327, 53.6883878], [22.7042846, 53.6879832], [22.7044408, 53.6877296], [22.7045681, 53.6875373], [22.7045834, 53.6874726], [22.7046724, 53.6873978], [22.7050039, 53.687043], [22.7052232, 53.6867717], [22.7055568, 53.6864836], [22.7061156, 53.686059], [22.7067682, 53.6856421], [22.707465, 53.6853045], [22.7080826, 53.6850944], [22.708734, 53.6848929], [22.7091385, 53.6847567], [22.7094868, 53.6846811], [22.7100665, 53.6845773], [22.7104322, 53.6845169], [22.7118376, 53.6843733], [22.7119719, 53.6843263], [22.7124072, 53.6842497], [22.7128534, 53.6841948], [22.7135408, 53.6841488], [22.7139374, 53.6841247], [22.7151996, 53.6841711], [22.7181142, 53.6846644], [22.7196811, 53.6848478], [22.7215854, 53.6851758], [22.7218784, 53.6852395], [22.7222414, 53.6853613], [22.7225966, 53.6854619], [22.722896, 53.6855066], [22.7231824, 53.6855676], [22.7234166, 53.6856937], [22.7238721, 53.6859618], [22.724278, 53.6862602], [22.7251946, 53.6868777], [22.7256953, 53.6874346], [22.7260258, 53.6878923], [22.7262628, 53.6884024], [22.7263783, 53.6888009], [22.7264042, 53.6895273], [22.7261889, 53.6902694], [22.7259479, 53.6908307], [22.7254148, 53.6914561], [22.7249272, 53.6919131], [22.7245639, 53.6921777], [22.7235255, 53.692796], [22.7229253, 53.6929787], [22.7224889, 53.6931573], [22.722063, 53.6934203], [22.7209962, 53.693906], [22.72079, 53.6939399], [22.7208598, 53.6940878], [22.7211731, 53.6941488], [22.7238916, 53.6944633], [22.7252791, 53.6947578], [22.7259856, 53.6949939], [22.7271884, 53.6954832], [22.7275102, 53.6956819], [22.7277971, 53.6959001], [22.7280291, 53.6961335], [22.7282336, 53.6963743], [22.7284011, 53.6966747], [22.7284958, 53.6969457], [22.7284459, 53.6978186], [22.7284705, 53.6985832], [22.7285598, 53.6986032], [22.7300196, 53.6992897], [22.7301112, 53.6991769], [22.730055, 53.6990106], [22.7301818, 53.6988284], [22.7303618, 53.6986535], [22.7311484, 53.6985589], [22.7315102, 53.6983934], [22.7321984, 53.6979957], [22.732277, 53.697844], [22.7325417, 53.697431], [22.7324796, 53.6971744], [22.7326496, 53.6969836], [22.7330617, 53.6963036], [22.7330453, 53.6962192], [22.7333388, 53.6958542], [22.733467, 53.6958407], [22.7341624, 53.6956118], [22.7342276, 53.6954852], [22.7341521, 53.6954223], [22.7344335, 53.6949379], [22.7345101, 53.6946397], [22.7346615, 53.6942963], [22.7345013, 53.6940966], [22.7342551, 53.6939826], [22.7339207, 53.693758], [22.7338306, 53.6935145], [22.7347701, 53.6933364], [22.7349595, 53.6933318], [22.7355591, 53.6932573], [22.7361534, 53.6931291], [22.7368101, 53.6933318], [22.737985, 53.6932468], [22.7382916, 53.6932814], [22.7389505, 53.693187], [22.7391959, 53.6931381], [22.7395459, 53.6930781], [22.7398066, 53.6928381], [22.7400412, 53.6926401], [22.7403061, 53.6924663], [22.7425154, 53.6927929], [22.7427311, 53.6928613], [22.7430178, 53.6928558], [22.7432119, 53.6928806], [22.7437439, 53.6931055], [22.7439752, 53.693333], [22.7444712, 53.6935693], [22.7446638, 53.693601], [22.7467518, 53.6928179], [22.7468362, 53.6927936], [22.7470027, 53.6927712], [22.7480174, 53.6928788], [22.7508797, 53.6928839], [22.7509702, 53.6928689], [22.7511929, 53.6928078], [22.7587906, 53.6914853], [22.7655829, 53.6902654], [22.7698028, 53.6895377], [22.7720354, 53.6891513], [22.7736363, 53.6882642], [22.7752298, 53.6874085], [22.7806603, 53.6844539], [22.7837983, 53.6827652], [22.7853638, 53.6819292], [22.7858929, 53.6815363], [22.7867588, 53.681022], [22.7871341, 53.6812856], [22.7939439, 53.6798076], [22.7959286, 53.6836395], [22.7973144, 53.6838499], [22.8025715, 53.6846782], [22.802376, 53.6853447], [22.8029517, 53.6858535], [22.8039648, 53.6859456], [22.8035663, 53.6865497], [22.8047703, 53.6867215], [22.8046296, 53.6870257], [22.8051542, 53.6872422], [22.8101125, 53.687598], [22.8101906, 53.6874929], [22.8159056, 53.6833113], [22.8166661, 53.6827179], [22.8179295, 53.6807956], [22.8221421, 53.6865325], [22.8233202, 53.6880491], [22.8256686, 53.6882588], [22.8345945, 53.6891487], [22.8358943, 53.6892808], [22.8358001, 53.6892089], [22.8352619, 53.6888506], [22.8349524, 53.6887658], [22.8338755, 53.6887038], [22.8328698, 53.6884406], [22.8321729, 53.6878302], [22.830518, 53.6871947], [22.8299512, 53.6870163], [22.8291788, 53.6864974], [22.830213, 53.6847545], [22.830957, 53.6844151], [22.8318505, 53.6842105], [22.8324937, 53.68401], [22.8327372, 53.6840984], [22.8330282, 53.6840222], [22.8333127, 53.6838676], [22.8335931, 53.6836138], [22.8335553, 53.6835072], [22.8337729, 53.6832305], [22.8338829, 53.6829014], [22.8336061, 53.6823199], [22.8342645, 53.6810748], [22.8344713, 53.6807619], [22.8346476, 53.6803121], [22.8347196, 53.6802896], [22.8350622, 53.6800744], [22.8357051, 53.6799669], [22.8361201, 53.680036], [22.8369593, 53.6800067], [22.8371452, 53.6804049], [22.8370836, 53.6807286], [22.8368083, 53.6809827], [22.8365017, 53.6810547], [22.8364366, 53.6811838], [22.8369076, 53.6813146], [22.8370988, 53.6811705], [22.8376474, 53.6812728], [22.8380757, 53.6813631], [22.8384799, 53.6815007], [22.8387286, 53.6816341], [22.8390211, 53.6819116], [22.8395359, 53.6822106], [22.8397362, 53.6825076], [22.8396926, 53.6827165], [22.8397132, 53.6828758], [22.8399737, 53.6833738], [22.8397457, 53.6835735], [22.8395872, 53.6837987], [22.8397052, 53.6839979], [22.83953, 53.6842533], [22.8392767, 53.6846533], [22.8390559, 53.6848586], [22.8386655, 53.6850027], [22.8377217, 53.6858473], [22.8375417, 53.6859896], [22.8375758, 53.6861922], [22.8376985, 53.6863219], [22.8377955, 53.6862417], [22.8379995, 53.6862734], [22.8384748, 53.6864042], [22.838723, 53.6865378], [22.838848, 53.6866962], [22.8390467, 53.686917], [22.8389937, 53.6871557], [22.8399415, 53.6869321], [22.8404548, 53.6868738], [22.8405455, 53.6868731], [22.8412082, 53.6870002], [22.8421864, 53.687289], [22.8425107, 53.6874052], [22.8427539, 53.6874527], [22.8432525, 53.6873085], [22.8433915, 53.6869937], [22.8436716, 53.6867656], [22.8439387, 53.6866653], [22.8440534, 53.686605], [22.8441768, 53.6865971], [22.8447889, 53.6866257], [22.8450943, 53.6867008], [22.8454996, 53.6866922], [22.8457095, 53.6867879], [22.8459785, 53.6868153], [22.8469823, 53.6871068], [22.8474599, 53.6873432], [22.8476615, 53.6874778], [22.8480214, 53.6879027], [22.8482638, 53.6881416], [22.8485501, 53.6883345], [22.8485862, 53.6884606], [22.8485065, 53.6886487], [22.848366, 53.6887768], [22.8481114, 53.6889308], [22.8481216, 53.6890681], [22.8484355, 53.6893784], [22.8486193, 53.6895215], [22.8489091, 53.6895642], [22.8493888, 53.6896053], [22.849668, 53.6896746], [22.8500512, 53.6898525], [22.8503574, 53.6898603], [22.8504767, 53.6899239], [22.8508419, 53.690036], [22.8512021, 53.6900768], [22.8518829, 53.6898464], [22.8521037, 53.6897052], [22.854117, 53.6883533], [22.8578595, 53.6857749], [22.8630224, 53.682272], [22.8672888, 53.6793846], [22.8758274, 53.675557], [22.8774831, 53.6748184], [22.8776372, 53.6747538], [22.8728056, 53.6725699], [22.8681931, 53.6704763], [22.8691881, 53.6698551], [22.8714221, 53.6684332], [22.882846, 53.6612171], [22.8827897, 53.6606245], [22.8826858, 53.6593293], [22.882346, 53.654807], [22.8820353, 53.6509268], [22.8818934, 53.6489835], [22.8817369, 53.6470486], [22.8813795, 53.6423941], [22.8811803, 53.6400194], [22.880729, 53.634248], [22.880481, 53.6312488], [22.8803073, 53.628921], [22.8812929, 53.6289046], [22.8814953, 53.6280213], [22.8842303, 53.6165021], [22.8846794, 53.6145765], [22.8860608, 53.6088092], [22.8874072, 53.6030383], [22.8899192, 53.6032373], [22.8963848, 53.603773], [22.9001721, 53.6040984], [22.9092972, 53.6048479], [22.9125227, 53.6051226], [22.915064, 53.6053344], [22.9191708, 53.6056767], [22.9192031, 53.6056795], [22.9193328, 53.6055379], [22.9193284, 53.6054175], [22.9195006, 53.6053269], [22.9195307, 53.6052261], [22.9193881, 53.6050893], [22.9192978, 53.6049856], [22.9192228, 53.6049129], [22.9190641, 53.6049275], [22.9189716, 53.6048814], [22.9187568, 53.6048798], [22.9181053, 53.6044661], [22.917803, 53.6045282], [22.9177438, 53.6044591], [22.9177075, 53.6042036], [22.9177481, 53.6041129], [22.9176178, 53.6039356], [22.917714, 53.6037541], [22.9176768, 53.6036199], [22.9175794, 53.6034363], [22.9173064, 53.603277], [22.9172044, 53.6032101], [22.9170157, 53.6031517], [22.9168675, 53.6032], [22.9167742, 53.6031571], [22.9165628, 53.6031617], [22.9164236, 53.6031108], [22.9162609, 53.6031683], [22.9162335, 53.6032139], [22.9159618, 53.6032198], [22.9158704, 53.6031862], [22.9159123, 53.603044], [22.915822, 53.6029635], [22.9157836, 53.6028898], [22.9155185, 53.6029761], [22.9155404, 53.6029998], [22.9150574, 53.6033771], [22.9150195, 53.6035678], [22.9148472, 53.6035243], [22.9144085, 53.6033533], [22.9143719, 53.6032642], [22.9144004, 53.6032129], [22.9144459, 53.6031649], [22.914609, 53.6031387], [22.9146028, 53.6030678], [22.9145129, 53.6029631], [22.9139246, 53.602879], [22.9133977, 53.6028291], [22.9132041, 53.6028608], [22.9127473, 53.6030006], [22.9122474, 53.6032057], [22.9119876, 53.6034091], [22.9117476, 53.6034109], [22.9116033, 53.6033289], [22.9114154, 53.6031464], [22.9113853, 53.6029615], [22.9114101, 53.6029338], [22.9115454, 53.6028344], [22.9117706, 53.6027421], [22.9117091, 53.6026431], [22.9116348, 53.6025537], [22.9115044, 53.6025403], [22.9107063, 53.6027867], [22.9101538, 53.6031715], [22.9097342, 53.603391], [22.9095171, 53.6034209], [22.9094128, 53.6034092], [22.9092185, 53.6030929], [22.9092486, 53.6029476], [22.9092505, 53.6029063], [22.9092721, 53.6028656], [22.9094113, 53.6027663], [22.9096278, 53.6026412], [22.9098154, 53.6026141], [22.9100212, 53.6024952], [22.9100604, 53.6024507], [22.9100391, 53.6023113], [22.9099372, 53.602256], [22.9096682, 53.6022045], [22.9095706, 53.6021704], [22.9092252, 53.6021937], [22.9090738, 53.6022763], [22.9087736, 53.6022964], [22.9086111, 53.6020768], [22.9087806, 53.6020362], [22.9087894, 53.6019644], [22.9087998, 53.6019531], [22.908959, 53.6018427], [22.9090951, 53.6018268], [22.9095891, 53.601576], [22.909691, 53.6014947], [22.9096908, 53.6013812], [22.9097094, 53.6013165], [22.9094951, 53.6012185], [22.9088949, 53.6011605], [22.9086223, 53.6010731], [22.9083315, 53.6010246], [22.9080304, 53.6009978], [22.9077232, 53.6009839], [22.9074009, 53.6010021], [22.907253, 53.6009662], [22.9071464, 53.6008349], [22.9068039, 53.6003578], [22.9067777, 53.6001735], [22.9066682, 53.6000201], [22.9064956, 53.60001], [22.9063125, 53.6000275], [22.9060082, 53.6000481], [22.9057048, 53.6000554], [22.9056272, 53.5999466], [22.9056801, 53.5997696], [22.9057093, 53.59959], [22.9058123, 53.5994189], [22.9058488, 53.5994002], [22.9060273, 53.5992536], [22.906449, 53.5989939], [22.9066324, 53.5990247], [22.9066415, 53.5989636], [22.9065954, 53.5988533], [22.9065944, 53.5987685], [22.9060792, 53.5985373], [22.9059544, 53.5985103], [22.9051182, 53.5978946], [22.9048263, 53.5977733], [22.9046873, 53.5977682], [22.9037769, 53.5981269], [22.9027651, 53.5984879], [22.9024829, 53.5984063], [22.9018845, 53.5979137], [22.9016421, 53.597469], [22.9015761, 53.5974549], [22.9004547, 53.5974755], [22.9001718, 53.5973768], [22.9000961, 53.5972083], [22.9009012, 53.5966673], [22.9014941, 53.5964176], [22.9015207, 53.5963606], [22.9014771, 53.5962927], [22.9010319, 53.5960657], [22.9006456, 53.5958084], [22.9005362, 53.595715], [22.900676, 53.5955431], [22.9016073, 53.5949122], [22.9015963, 53.594831], [22.9014674, 53.5947216], [22.9007592, 53.5944808], [22.9001855, 53.5943407], [22.899729, 53.5942682], [22.899352, 53.5942258], [22.8992614, 53.5942278], [22.8992088, 53.5936567], [22.8990697, 53.5935379], [22.8983128, 53.5936561], [22.8976656, 53.5936948], [22.8975144, 53.5936013], [22.8976112, 53.5931719], [22.897573, 53.5930561], [22.8966672, 53.5926484], [22.8964264, 53.5923259], [22.8962294, 53.5923143], [22.8951474, 53.5925923], [22.8949559, 53.592542], [22.8945053, 53.5919143], [22.894144, 53.5918848], [22.8935087, 53.5921859], [22.8930482, 53.5925329], [22.8928114, 53.5923014], [22.8932048, 53.5911513], [22.8934776, 53.5903843], [22.8930272, 53.5902616], [22.892102, 53.5904686], [22.8918597, 53.5904996], [22.8917299, 53.5902638], [22.892315, 53.5898247], [22.8924221, 53.5897952], [22.8927347, 53.5897391], [22.8929458, 53.5892858], [22.8928503, 53.5892588], [22.8901649, 53.5893987], [22.8899278, 53.5893388], [22.889407, 53.5886791], [22.8890281, 53.5886583], [22.8886427, 53.5889186], [22.8884995, 53.588913], [22.8883821, 53.5887864], [22.8884433, 53.5885739], [22.8882006, 53.587919], [22.8880574, 53.587911], [22.8872011, 53.5880103], [22.8870865, 53.5879864], [22.8870642, 53.5878347], [22.8872782, 53.5875065], [22.8870063, 53.5874112], [22.8865371, 53.5869153], [22.8860904, 53.5866098], [22.8859699, 53.5866597], [22.8854468, 53.5871007], [22.8851197, 53.5874897], [22.8848644, 53.5874971], [22.8844019, 53.5873344], [22.8843542, 53.5870859], [22.8836819, 53.586953], [22.8830794, 53.587317], [22.8827236, 53.5871957], [22.8825838, 53.5871536], [22.8824708, 53.5870291], [22.8828193, 53.5864704], [22.8829985, 53.5862664], [22.8828817, 53.5861872], [22.8819777, 53.5859062], [22.8811939, 53.5856958], [22.8807976, 53.5853873], [22.8806846, 53.5853425], [22.880325, 53.5855279], [22.8802471, 53.5855562], [22.8799392, 53.5854783], [22.8801507, 53.5851582], [22.8801776, 53.5850603], [22.8801078, 53.584996], [22.8799787, 53.5849963], [22.8787212, 53.5853556], [22.878607, 53.5853552], [22.8782547, 53.5852994], [22.8777564, 53.5848414], [22.8776001, 53.5848511], [22.8767651, 53.5850625], [22.8766544, 53.585075], [22.8764015, 53.5849715], [22.8766783, 53.5846336], [22.8770991, 53.5843031], [22.8769693, 53.5842246], [22.8761391, 53.5842668], [22.8756, 53.5839458], [22.8755865, 53.5834551], [22.8750011, 53.5834058], [22.8750824, 53.5829267], [22.8748873, 53.5828649], [22.8738558, 53.5828788], [22.8738203, 53.5828359], [22.8739416, 53.5824924], [22.8734319, 53.5822721], [22.8734551, 53.5819843], [22.8733495, 53.5819062], [22.8725511, 53.5820671], [22.8724502, 53.5819949], [22.8730442, 53.5814127], [22.8734744, 53.5811238], [22.8733684, 53.5808771], [22.8734433, 53.5807771], [22.8739188, 53.5806847], [22.874343, 53.5804499], [22.8743665, 53.5803496], [22.8739582, 53.5798378], [22.8742026, 53.5793206], [22.8740822, 53.5791599], [22.8735395, 53.5789697], [22.8730179, 53.5788472], [22.8729356, 53.5787968], [22.872767, 53.5785494], [22.8727664, 53.5783689], [22.8729453, 53.5782149], [22.874134, 53.5779565], [22.8742699, 53.5778721], [22.8744253, 53.5776129], [22.8744048, 53.5772931], [22.8743041, 53.5765744], [22.8741976, 53.5764719], [22.8736772, 53.5764649], [22.8727794, 53.576584], [22.872512, 53.5765382], [22.8724912, 53.5764807], [22.8725529, 53.5756596], [22.8725484, 53.5754166], [22.8723907, 53.5752318], [22.8724029, 53.5750324], [22.8719131, 53.5747522], [22.8717859, 53.5742142], [22.8711594, 53.5738828], [22.8711544, 53.5737296], [22.8714453, 53.573635], [22.8712707, 53.5735704], [22.8706337, 53.5735267], [22.870575, 53.5734782], [22.8705952, 53.5734369], [22.8709916, 53.5731658], [22.8715143, 53.5731363], [22.8716603, 53.5729488], [22.8715562, 53.5725033], [22.8713478, 53.572434], [22.8708829, 53.5724289], [22.8700924, 53.5725298], [22.8698543, 53.5725382], [22.8697884, 53.572511], [22.8698085, 53.5723428], [22.8701498, 53.5717846], [22.8702275, 53.5714003], [22.8738962, 53.5723979], [22.877604, 53.5734139], [22.8765145, 53.5748478], [22.8791626, 53.5756026], [22.8804976, 53.5741658], [22.8829071, 53.5748413], [22.8839707, 53.5759092], [22.8858504, 53.5720151], [22.8888745, 53.5728618], [22.886387, 53.5776149], [22.8879212, 53.5780362], [22.8893165, 53.5770547], [22.8915799, 53.575449], [22.893188, 53.5743272], [22.8952642, 53.5728547], [22.8992703, 53.5700635], [22.903367, 53.5720641], [22.9031533, 53.5722542], [22.907603, 53.5744285], [22.9080082, 53.5743075], [22.9128406, 53.5766642], [22.9143909, 53.577418], [22.9163481, 53.5758976], [22.9176479, 53.5748879], [22.923297, 53.5777398], [22.9222416, 53.5785756], [22.9177381, 53.5769365], [22.9174219, 53.5771868], [22.9149607, 53.5791355], [22.9155795, 53.5797963], [22.9292999, 53.5847014], [22.9297988, 53.5848797], [22.9298155, 53.5848339], [22.929939, 53.5844862], [22.9300044, 53.5841064], [22.9300385, 53.5839518], [22.9301829, 53.5837332], [22.9303346, 53.5834743], [22.930441, 53.5830707], [22.9304431, 53.5830337], [22.9304173, 53.5828731], [22.9303381, 53.5826176], [22.9301492, 53.5822035], [22.9299221, 53.5817603], [22.9299407, 53.5816769], [22.9299729, 53.5815324], [22.9300431, 53.5814011], [22.9302234, 53.5812988], [22.9309411, 53.5813356], [22.9312654, 53.5812414], [22.9316774, 53.5810645], [22.9320888, 53.5809119], [22.9325312, 53.5808481], [22.9326064, 53.5810696], [22.9326033, 53.5811508], [22.9327529, 53.5815674], [22.9328431, 53.5816732], [22.9327523, 53.581861], [22.93288, 53.5820436], [22.9328961, 53.5820497], [22.9333619, 53.5820242], [22.9333731, 53.5821114], [22.9333967, 53.5821766], [22.933715, 53.5822246], [22.9338293, 53.58222], [22.9340193, 53.5821683], [22.9340317, 53.5820741], [22.9338765, 53.5820787], [22.9339715, 53.581861], [22.9341343, 53.5818108], [22.9343707, 53.5818235], [22.9349404, 53.5821303], [22.9350489, 53.5821435], [22.9351242, 53.5821041], [22.9353647, 53.5818922], [22.9354394, 53.581807], [22.9355649, 53.5816078], [22.93559, 53.5813754], [22.9357122, 53.5812827], [22.9359261, 53.5811656], [22.9360967, 53.5811711], [22.936343, 53.581262], [22.9364067, 53.5813716], [22.9363303, 53.5815164], [22.936431, 53.581716], [22.9364386, 53.5820194], [22.9364318, 53.5822177], [22.9364638, 53.5822842], [22.9367439, 53.582278], [22.9366951, 53.5822075], [22.9371788, 53.582133], [22.937327, 53.5820828], [22.9376077, 53.5819577], [22.9376916, 53.5819624], [22.9377314, 53.5820826], [22.9375557, 53.5822857], [22.9374579, 53.5823792], [22.9373798, 53.5824432], [22.9372535, 53.582678], [22.9372989, 53.5827354], [22.937481, 53.5827582], [22.9375429, 53.5827006], [22.9375197, 53.5826541], [22.9376456, 53.5826282], [22.9378075, 53.5826438], [22.9379491, 53.5827107], [22.938361, 53.5826198], [22.938487, 53.5825631], [22.9385087, 53.5825257], [22.938872, 53.5826536], [22.9386512, 53.5829074], [22.9383863, 53.5829623], [22.9382821, 53.5830018], [22.9381945, 53.5830673], [22.9380146, 53.583303], [22.9380064, 53.5833916], [22.9380227, 53.5835697], [22.9381783, 53.5836457], [22.9382403, 53.5836699], [22.9383685, 53.5836847], [22.9384231, 53.5836065], [22.938625, 53.583497], [22.9390516, 53.5833467], [22.9391686, 53.5833177], [22.9392197, 53.5833857], [22.9391878, 53.5835172], [22.9393088, 53.5837013], [22.9394974, 53.5837059], [22.939516, 53.5837119], [22.9394946, 53.5836688], [22.9398018, 53.583644], [22.9400242, 53.5835651], [22.9402711, 53.5835553], [22.9403335, 53.5835638], [22.940549, 53.5838176], [22.9407474, 53.5838742], [22.9409198, 53.5839705], [22.9406047, 53.5840864], [22.9404588, 53.5841171], [22.9398866, 53.5845127], [22.9398285, 53.5845773], [22.9397416, 53.5847152], [22.9397938, 53.5847596], [22.940113, 53.5848316], [22.9404938, 53.5848354], [22.9405229, 53.5849463], [22.9405749, 53.5849747], [22.9406527, 53.5849925], [22.9408284, 53.5849941], [22.9408576, 53.5850003], [22.9411983, 53.5850107], [22.9412998, 53.5850572], [22.9412731, 53.5851767], [22.9412194, 53.5853096], [22.9410932, 53.5855013], [22.9411165, 53.5856139], [22.9411863, 53.5857192], [22.9413355, 53.5857809], [22.9416394, 53.5857293], [22.9417119, 53.5856744], [22.9415913, 53.5855819], [22.9418636, 53.5855142], [22.9420419, 53.5854399], [22.9421678, 53.5854227], [22.9423429, 53.5854987], [22.9427745, 53.585727], [22.9431332, 53.5859381], [22.9432935, 53.5860987], [22.943749, 53.5864191], [22.9439315, 53.5864969], [22.9440843, 53.5865209], [22.9442146, 53.586555], [22.9442079, 53.5864216], [22.9447975, 53.5861234], [22.9448718, 53.5860638], [22.9450724, 53.5860456], [22.9452551, 53.5859563], [22.9456481, 53.5860302], [22.9457438, 53.5861904], [22.9458235, 53.5862411], [22.9459008, 53.5864365], [22.9459621, 53.5865108], [22.9460327, 53.5865519], [22.9460704, 53.5865626], [22.9462261, 53.5865811], [22.9463521, 53.5865509], [22.9467627, 53.5863461], [22.9468184, 53.5862862], [22.9471708, 53.5863176], [22.9472049, 53.5863755], [22.9471664, 53.5864457], [22.9470972, 53.5866923], [22.9470851, 53.586765], [22.9471692, 53.587184], [22.9472507, 53.5873044], [22.9473842, 53.5873526], [22.9476224, 53.5872712], [22.9476601, 53.5871868], [22.9475538, 53.5871763], [22.9475004, 53.5871796], [22.9476461, 53.5870064], [22.9476891, 53.5869874], [22.9480068, 53.5871008], [22.9481164, 53.5871617], [22.9481404, 53.5872221], [22.9484017, 53.5874586], [22.9487785, 53.5876853], [22.9490617, 53.58769], [22.9491583, 53.5876667], [22.9491102, 53.5876463], [22.9492824, 53.5874928], [22.9494123, 53.5874151], [22.9495027, 53.5873176], [22.9496277, 53.5872589], [22.9497255, 53.5873597], [22.9497854, 53.5876117], [22.9497616, 53.5877781], [22.9498829, 53.5878831], [22.9499732, 53.5879325], [22.9500217, 53.5879434], [22.9502435, 53.5879331], [22.9502929, 53.5879141], [22.9502649, 53.5878517], [22.9504256, 53.5877713], [22.9506367, 53.5877414], [22.950864, 53.5877472], [22.9509615, 53.5877575], [22.9510789, 53.5877858], [22.9510842, 53.5879781], [22.9510988, 53.5881321], [22.9512256, 53.5882775], [22.9513421, 53.5882415], [22.9513587, 53.5881766], [22.9514225, 53.5882167], [22.9514416, 53.5882988], [22.9516688, 53.5886094], [22.9522996, 53.5888345], [22.9523924, 53.5889932], [22.9522479, 53.5893519], [22.9522852, 53.5894841], [22.9524399, 53.5895893], [22.9525977, 53.5896002], [22.9527411, 53.5897563], [22.9527447, 53.5899223], [22.9527003, 53.5900525], [22.95268, 53.5900841], [22.9527435, 53.5901607], [22.9528327, 53.590204], [22.9529469, 53.5902315], [22.9530011, 53.5902856], [22.9530866, 53.5904749], [22.9531661, 53.5905088], [22.9534297, 53.5905244], [22.9535505, 53.5905067], [22.9535498, 53.5904866], [22.9535912, 53.5904278], [22.9539793, 53.5900667], [22.9542018, 53.5899559], [22.9544737, 53.589906], [22.9548242, 53.589946], [22.955183, 53.5901242], [22.9553847, 53.590335], [22.9553996, 53.5904561], [22.9553347, 53.5905248], [22.9551482, 53.5905925], [22.9549672, 53.5906087], [22.95491, 53.5907145], [22.9549157, 53.5908204], [22.9550889, 53.5909772], [22.9553742, 53.5911127], [22.955522, 53.5911523], [22.9556238, 53.5911432], [22.9557655, 53.5910885], [22.9558348, 53.5910451], [22.9558215, 53.5910144], [22.9556785, 53.5909641], [22.9557482, 53.5907415], [22.9558313, 53.5906381], [22.9561373, 53.5904819], [22.956255, 53.5904924], [22.9563185, 53.5905846], [22.9564731, 53.5906831], [22.9565971, 53.5906963], [22.9568074, 53.5907479], [22.9570264, 53.5908642], [22.9573425, 53.5911855], [22.9576762, 53.5914056], [22.9576924, 53.5914103], [22.9631643, 53.5880603], [22.9635552, 53.587821], [22.968026, 53.5850837], [22.9690327, 53.5855227], [22.9691723, 53.5854778], [22.9692692, 53.5854834], [22.9665719, 53.589667], [22.9667598, 53.5897353], [22.9669503, 53.5898936], [22.9668934, 53.5899056], [22.9669029, 53.5900295], [22.9669739, 53.5900146], [22.9672174, 53.5903431], [22.9672654, 53.5903684], [22.9673605, 53.5903794], [22.9674768, 53.5903584], [22.9677517, 53.5902832], [22.9678427, 53.5902701], [22.9683715, 53.5900956], [22.9684845, 53.59003], [22.9687066, 53.5899979], [22.9682182, 53.588449], [22.970172, 53.5850196], [22.9741319, 53.5828202], [22.9763407, 53.5810583], [22.9774313, 53.5806212], [22.9781074, 53.5801552], [22.9785382, 53.5800101], [22.982464, 53.5793033], [22.9839944, 53.5788978], [22.9856233, 53.5788168], [22.9866524, 53.5788268], [22.9896242, 53.5786171], [22.9906679, 53.5784778], [22.9937704, 53.5783744], [22.9971608, 53.5781187], [22.9984738, 53.5731826], [22.9984725, 53.5731197], [22.9990174, 53.5711381], [23.0006239, 53.565089], [23.0019879, 53.5600689], [23.0030348, 53.556161], [22.9917709, 53.5496262], [22.9921291, 53.5492387], [22.9916486, 53.5489245], [22.9947587, 53.547137], [22.9962394, 53.5462112], [22.9989212, 53.5447552], [23.0014843, 53.5436887], [23.003656, 53.5425507], [23.0071985, 53.541153], [23.0093842, 53.540164], [23.0125619, 53.5383539], [23.0178885, 53.536222], [23.020337826959825, 53.535158239954214], [23.0108615, 53.4978512], [23.064887781605748, 53.472127142381204], [23.0648715, 53.4720933], [23.0649602, 53.4720472], [23.0650529, 53.4720424], [23.06506597510181, 53.47204229738311], [23.06747723659941, 53.47089420005243], [23.0674717, 53.470879], [23.0672129, 53.4706464], [23.0666831, 53.470691], [23.0666042, 53.470719], [23.0665726, 53.470794], [23.0665761, 53.4711227], [23.0663954, 53.471114], [23.0663117, 53.4711942], [23.0660941, 53.4712258], [23.0659743, 53.4710874], [23.0662322, 53.4709519], [23.0662868, 53.4708581], [23.0661346, 53.4707354], [23.0663222, 53.4705103], [23.0668335, 53.4702975], [23.0668916, 53.4702245], [23.0668935, 53.4701173], [23.0668189, 53.4700796], [23.0667088, 53.4701132], [23.0666696, 53.4700042], [23.0664272, 53.4695737], [23.0663723, 53.4695098], [23.0662123, 53.4694705], [23.0661147, 53.4694389], [23.0659232, 53.469467], [23.0660546, 53.4696428], [23.0659658, 53.4696676], [23.0657176, 53.469786], [23.0649813, 53.4694823], [23.064795, 53.4693829], [23.064768, 53.469336], [23.0647541, 53.4692086], [23.0648154, 53.4689256], [23.0651627, 53.4688752], [23.0654242, 53.4687715], [23.0654386, 53.468761], [23.0656952, 53.4688869], [23.0659419, 53.4688433], [23.0661371, 53.4689045], [23.0663996, 53.4686853], [23.0664119, 53.4686132], [23.0663648, 53.4683281], [23.0662079, 53.4682862], [23.0660387, 53.468316], [23.0660271, 53.4684281], [23.0659401, 53.4684653], [23.064975, 53.4684564], [23.0646253, 53.4682634], [23.0644961, 53.4681719], [23.0645178, 53.4680916], [23.0646931, 53.4675701], [23.0646821, 53.4673585], [23.0649644, 53.4670371], [23.0652498, 53.4669758], [23.0658873, 53.4668169], [23.0661588, 53.4668066], [23.0661316, 53.4665206], [23.066097, 53.4663279], [23.0657876, 53.4661986], [23.0656994, 53.4663966], [23.0654073, 53.4665641], [23.0652035, 53.4665334], [23.0650347, 53.4662194], [23.0646322, 53.4661954], [23.0645108, 53.4660252], [23.0645833, 53.4655756], [23.0644212, 53.4654213], [23.0646115, 53.4651312], [23.0645889, 53.4650462], [23.0643769, 53.4650062], [23.0641373, 53.4650559], [23.0640154, 53.4650981], [23.0638512, 53.4651146], [23.0635565, 53.4651088], [23.0635301, 53.4650277], [23.0638432, 53.4648069], [23.0638404, 53.4647628], [23.0637564, 53.4647206], [23.0636892, 53.4647224], [23.0636708, 53.464747], [23.063554, 53.4647157], [23.0634448, 53.4646963], [23.0634362, 53.4646695], [23.0634302, 53.4645861], [23.0634605, 53.464515], [23.0638689, 53.4645917], [23.0641862, 53.4645347], [23.0642733, 53.4645049], [23.0643887, 53.4644373], [23.064393, 53.4643705], [23.064374, 53.4643446], [23.0642225, 53.4642816], [23.0640101, 53.4642835], [23.0639403, 53.4642666], [23.0638191, 53.4642178], [23.0637248, 53.4640757], [23.0637914, 53.4640136], [23.0638602, 53.4640083], [23.0639297, 53.4640172], [23.0639875, 53.4640334], [23.0640338, 53.464057], [23.0641039, 53.4640802], [23.0642081, 53.4640671], [23.0642661, 53.4640308], [23.0643092, 53.4640359], [23.0644677, 53.4640066], [23.0646578, 53.463937], [23.0646378, 53.463863], [23.0646462, 53.4638381], [23.0645798, 53.4638105], [23.064473, 53.4638526], [23.0644084, 53.463835], [23.0643758, 53.4637078], [23.064253, 53.463654], [23.0641867, 53.4635939], [23.0640674, 53.4634203], [23.0641129, 53.4632729], [23.0645062, 53.463146], [23.0643892, 53.4627503], [23.0648006, 53.4625553], [23.0645481, 53.4623621], [23.0641671, 53.4621875], [23.0640716, 53.462064], [23.0638344, 53.4619412], [23.0637139, 53.4618274], [23.0636949, 53.4617263], [23.0640593, 53.4616192], [23.0639648, 53.4614235], [23.0641671, 53.4612339], [23.0646082, 53.4611887], [23.0645561, 53.4610869], [23.0645771, 53.4610387], [23.0645914, 53.460665], [23.0649236, 53.460068], [23.0654586, 53.4599787], [23.0652389, 53.4597946], [23.0652278, 53.4596647], [23.0651373, 53.4594924], [23.0648888, 53.4592136], [23.0649463, 53.459111], [23.0646024, 53.4590422], [23.0645971, 53.4589085], [23.0646159, 53.4585574], [23.0648126, 53.4583918], [23.0645952, 53.4581158], [23.0640253, 53.4579404], [23.0641008, 53.4578471], [23.0639598, 53.4576645], [23.0639938, 53.4573054], [23.0641491, 53.4572184], [23.0640845, 53.4570121], [23.0637117, 53.4567087], [23.0634988, 53.4569319], [23.0630685, 53.456993], [23.063078, 53.4568278], [23.062846, 53.4567134], [23.0625105, 53.4566588], [23.0624522, 53.4567562], [23.0623793, 53.4567878], [23.0621663, 53.4569985], [23.0620234, 53.4569719], [23.0620304, 53.456946], [23.0621326, 53.4567759], [23.0621489, 53.4566504], [23.0621963, 53.4566202], [23.0622622, 53.4565408], [23.0622667, 53.4564779], [23.0622113, 53.4564091], [23.0622164, 53.4563372], [23.0621183, 53.4561741], [23.0620014, 53.456149], [23.0619367, 53.4561502], [23.0619075, 53.4561764], [23.0618802, 53.4561764], [23.0618626, 53.456103], [23.0617989, 53.4560164], [23.061763, 53.4559236], [23.0617202, 53.4558947], [23.0616992, 53.455837], [23.0616576, 53.4557665], [23.0615865, 53.4556973], [23.0614974, 53.4556299], [23.0614342, 53.4555914], [23.0613071, 53.4555524], [23.0610654, 53.4555568], [23.0610148, 53.4555959], [23.060983, 53.4556945], [23.0609001, 53.455781], [23.0607809, 53.4558736], [23.0606002, 53.4558841], [23.0605779, 53.455857], [23.0605785, 53.4558042], [23.0606795, 53.455611], [23.060706, 53.4554876], [23.0606817, 53.4554171], [23.0606104, 53.4553667], [23.0604088, 53.4553933], [23.0603287, 53.455368], [23.0602761, 53.4553209], [23.0602465, 53.4552794], [23.0603634, 53.4551655], [23.0603734, 53.455089], [23.060338, 53.4550483], [23.0603757, 53.4549911], [23.060552, 53.4547672], [23.0609031, 53.4547732], [23.0610271, 53.4547214], [23.06113, 53.454674], [23.061235, 53.4546126], [23.0613505, 53.4544915], [23.0613889, 53.4544047], [23.061411, 53.4543838], [23.0612423, 53.4543018], [23.061071, 53.4544414], [23.0609092, 53.4544183], [23.0605629, 53.4543943], [23.0603708, 53.4543551], [23.0605745, 53.4542354], [23.060709, 53.4541396], [23.0607722, 53.4540291], [23.060654, 53.453986], [23.0607385, 53.4538101], [23.0609208, 53.4537774], [23.0611073, 53.4538219], [23.061264, 53.45393], [23.0613064, 53.4539397], [23.0614172, 53.4539424], [23.0615067, 53.4538768], [23.0614489, 53.4538214], [23.0616092, 53.4537628], [23.0617873, 53.4536655], [23.0617721, 53.4536088], [23.0618338, 53.4535817], [23.0621077, 53.4535483], [23.0621693, 53.4534577], [23.0622281, 53.4532275], [23.0622215, 53.4532146], [23.0619058, 53.4531318], [23.0617455, 53.4530057], [23.0616553, 53.4527827], [23.0618493, 53.4525385], [23.0619937, 53.4524827], [23.0620579, 53.4524113], [23.062523, 53.4524175], [23.0624149, 53.4522062], [23.0625545, 53.4520496], [23.0625496, 53.4519029], [23.0623218, 53.4519322], [23.0623752, 53.452037], [23.0622942, 53.452061], [23.0621462, 53.4519842], [23.0621197, 53.4519218], [23.0619514, 53.4518409], [23.0618369, 53.4518045], [23.0618038, 53.4517139], [23.0618655, 53.4515449], [23.0619795, 53.4514896], [23.062136, 53.4514825], [23.0624812, 53.4515187], [23.062546, 53.4514942], [23.0628319, 53.4515632], [23.0630118, 53.45157], [23.0631341, 53.4515324], [23.063159, 53.451296], [23.0633415, 53.4512542], [23.0635259, 53.4512408], [23.0636305, 53.4513033], [23.0637152, 53.4513098], [23.0638775, 53.451312], [23.0640605, 53.4512462], [23.0640945, 53.4512137], [23.064277, 53.4509927], [23.0643893, 53.4508417], [23.0643713, 53.4507254], [23.0642793, 53.4506673], [23.0642433, 53.4506289], [23.0642509, 53.4506283], [23.063796, 53.4503424], [23.0638015, 53.4502487], [23.0639931, 53.4500291], [23.0639707, 53.4499974], [23.0634862, 53.449826], [23.0630451, 53.4494314], [23.0630822, 53.449184], [23.0634717, 53.4491253], [23.0637159, 53.4493097], [23.0641704, 53.4494922], [23.0644978, 53.4492405], [23.0644301, 53.4491704], [23.0638839, 53.4491159], [23.0638645, 53.4489442], [23.063934, 53.4488176], [23.0640928, 53.4488159], [23.0648249, 53.4487548], [23.0648034, 53.4486969], [23.0646755, 53.4486404], [23.0642155, 53.4482294], [23.0641878, 53.4480337], [23.0644084, 53.4479276], [23.0645809, 53.4477576], [23.0644349, 53.4475449], [23.0646773, 53.4474083], [23.0647851, 53.4472413], [23.0649881, 53.4471404], [23.0650043, 53.44709], [23.0649804, 53.4470185], [23.0647859, 53.4469659], [23.0644613, 53.4468653], [23.0644378, 53.4466521], [23.0642041, 53.4464977], [23.0639662, 53.4464605], [23.0638149, 53.4463536], [23.0638514, 53.4462955], [23.0640443, 53.4461572], [23.0642705, 53.4460948], [23.0643419, 53.44599], [23.0642011, 53.4458149], [23.063823, 53.4455881], [23.0636232, 53.4453293], [23.0635915, 53.4452034], [23.0636096, 53.4451499], [23.0639961, 53.4451864], [23.0641768, 53.4451828], [23.0643623, 53.445073], [23.0645142, 53.4449214], [23.0645611, 53.4448032], [23.0645118, 53.4446894], [23.0644589, 53.444657], [23.0642912, 53.4445775], [23.0638209, 53.4445486], [23.0635902, 53.4445102], [23.063403, 53.4443385], [23.0633567, 53.4442317], [23.0633789, 53.4441053], [23.0637099, 53.4440939], [23.064356, 53.4438292], [23.0645774, 53.4437523], [23.0646051, 53.4437115], [23.0645224, 53.4433223], [23.0643474, 53.4432851], [23.0635401, 53.4433753], [23.0635544, 53.4432239], [23.0637719, 53.4430057], [23.0640522, 53.4427841], [23.0640739, 53.4426433], [23.064075, 53.4425739], [23.063844, 53.4424881], [23.0637703, 53.4424048], [23.063535, 53.4421939], [23.0635307, 53.4421723], [23.063383, 53.4420095], [23.0634721, 53.4418336], [23.0634298, 53.4417984], [23.0635333, 53.4416391], [23.0639131, 53.4419399], [23.0639665, 53.4419508], [23.0642532, 53.4418406], [23.0648346, 53.4416006], [23.0647465, 53.441153], [23.0647282, 53.4406764], [23.064923, 53.4403311], [23.0648756, 53.4402326], [23.0645311, 53.4398188], [23.0647083, 53.4397029], [23.0648356, 53.439534], [23.0651068, 53.4392924], [23.0652156, 53.4391278], [23.0649258, 53.4389849], [23.065004, 53.4386042], [23.0644593, 53.4380221], [23.0651307, 53.4378977], [23.064871, 53.4377587], [23.0647932, 53.4372991], [23.0649541, 53.4371611], [23.0654955, 53.4372596], [23.0657828, 53.4370646], [23.065871, 53.4367853], [23.0655566, 53.4365389], [23.065451, 53.4362754], [23.0653732, 53.4362], [23.0651873, 53.436601], [23.064885, 53.436968], [23.0648332, 53.4369832], [23.0644098, 53.436687], [23.0642327, 53.4365225], [23.0639031, 53.4365557], [23.0637083, 53.4369061], [23.0635094, 53.4370016], [23.063435, 53.4369656], [23.0633181, 53.4366592], [23.0627815, 53.4363806], [23.0628055, 53.4363226], [23.0630612, 53.4362979], [23.0633222, 53.4362345], [23.0633794, 53.4362066], [23.063641, 53.4359254], [23.0635384, 53.4358179], [23.0631314, 53.4357883], [23.0630228, 53.4357105], [23.0631532, 53.4354902], [23.0631437, 53.4354429], [23.062546, 53.4354898], [23.0625174, 53.4354605], [23.0625622, 53.4354304], [23.0630633, 53.4352272], [23.0631312, 53.4351672], [23.0630517, 53.4350966], [23.0626243, 53.4350895], [23.0626852, 53.4348208], [23.0621427, 53.4346032], [23.0621157, 53.4343793], [23.0623706, 53.4342899], [23.0619442, 53.4340813], [23.0618163, 53.4337761], [23.0621079, 53.4335703], [23.0613566, 53.4332612], [23.0613612, 53.4332013], [23.0614338, 53.4331777], [23.0617212, 53.4332229], [23.0620182, 53.4332235], [23.0621023, 53.4331899], [23.0620701, 53.4331357], [23.0618564, 53.4330887], [23.0617506, 53.4329658], [23.0617398, 53.4328771], [23.061996, 53.4325492], [23.0620396, 53.4323872], [23.0619279, 53.4322888], [23.0616278, 53.4322578], [23.0615289, 53.4322353], [23.0616105, 53.4320184], [23.061277, 53.4319083], [23.0609835, 53.4315238], [23.0609946, 53.4314417], [23.0612196, 53.4313874], [23.061598, 53.4314564], [23.0618573, 53.4312913], [23.0617743, 53.4311647], [23.0615171, 53.4309709], [23.0615079, 53.4308765], [23.0615366, 53.4308293], [23.0615726, 53.4307378], [23.06169, 53.4307431], [23.0617571, 53.4307802], [23.0624549, 53.4308176], [23.0625426, 53.4307131], [23.062482, 53.4304916], [23.062565, 53.4303381], [23.062782, 53.4301402], [23.062991, 53.4298803], [23.0628912, 53.4297079], [23.0627544, 53.429539], [23.0626106, 53.4292911], [23.0627903, 53.4292506], [23.063098, 53.4292278], [23.0638368, 53.4291152], [23.0638781, 53.4288725], [23.0634474, 53.4286778], [23.0633107, 53.4285126], [23.0635169, 53.428495], [23.0639565, 53.428434], [23.0642674, 53.4284401], [23.064476, 53.4283429], [23.0645613, 53.4281845], [23.0645247, 53.4280398], [23.0638534, 53.4279356], [23.0636902, 53.4277416], [23.0636569, 53.427723], [23.0637613, 53.427595], [23.0640395, 53.4274724], [23.0645649, 53.4275197], [23.0649984, 53.4277193], [23.0648387, 53.4272876], [23.0649927, 53.4271548], [23.0651271, 53.4272059], [23.0652942, 53.4273536], [23.0655428, 53.4274871], [23.0656508, 53.4272788], [23.0660375, 53.4270028], [23.0663454, 53.4267447], [23.0663995, 53.4266499], [23.066093, 53.4263375], [23.0661085, 53.4261574], [23.0665028, 53.4258764], [23.06636, 53.4254954], [23.0664343, 53.4254883], [23.0667436, 53.4254393], [23.0669265, 53.4253759], [23.0670687, 53.4252582], [23.0669446, 53.4248973], [23.0665053, 53.4246215], [23.0664804, 53.4244566], [23.0671078, 53.4245447], [23.067643, 53.4244686], [23.0677493, 53.4244061], [23.0677354, 53.4243036], [23.0675653, 53.4241255], [23.0671112, 53.4241385], [23.0667631, 53.423938], [23.0666955, 53.4238082], [23.0666197, 53.4236386], [23.0666205, 53.4234585], [23.0669082, 53.4230903], [23.0668798, 53.4227309], [23.0667822, 53.4224473], [23.0668372, 53.4220939], [23.0667622, 53.4215576], [23.0666979, 53.4213914], [23.0668359, 53.421369], [23.0665206, 53.4213271], [23.0661239, 53.4212484], [23.0661097, 53.4212035], [23.0661814, 53.4210864], [23.0664249, 53.4209877], [23.0665757, 53.4209541], [23.0666913, 53.4208754], [23.0668188, 53.4206759], [23.0666743, 53.4205495], [23.0664042, 53.4204498], [23.0663864, 53.4199833], [23.0662943, 53.4198675], [23.0659917, 53.41973], [23.0658463, 53.4195734], [23.0656285, 53.4193731], [23.0652866, 53.4191196], [23.0652901, 53.4190362], [23.0654567, 53.4189204], [23.0656828, 53.4186593], [23.0657659, 53.4185874], [23.0657159, 53.4185166], [23.0655665, 53.4183549], [23.0656187, 53.4182522], [23.0656094, 53.4182496], [23.065708, 53.4181514], [23.065594, 53.4179645], [23.0656452, 53.4178785], [23.0656579, 53.4177949], [23.0657986, 53.4175732], [23.0656677, 53.4173684], [23.065655, 53.417197], [23.0656131, 53.4170646], [23.0654905, 53.4170121], [23.0653538, 53.4169811], [23.0650706, 53.4169367], [23.0646405, 53.4167336], [23.0646304, 53.4164974], [23.0644312, 53.4162742], [23.0644292, 53.4161285], [23.0645976, 53.4154977], [23.0648437, 53.4152705], [23.0648039, 53.4150258], [23.0647775, 53.4149283], [23.064607, 53.4147789], [23.0645905, 53.4147251], [23.0646272, 53.4146973], [23.0648275, 53.4146005], [23.064893, 53.4145501], [23.0648963, 53.4144417], [23.0648458, 53.4143788], [23.0645446, 53.414278], [23.0643552, 53.4141794], [23.0643205, 53.4141203], [23.0643514, 53.4140485], [23.0644086, 53.4140038], [23.064543, 53.413963], [23.064833, 53.4139104], [23.0649362, 53.4138829], [23.0650659, 53.4138139], [23.0650291, 53.4137646], [23.0648388, 53.4136462], [23.0646968, 53.4136162], [23.0646206, 53.4136261], [23.0646478, 53.4133884], [23.0646447, 53.4132255], [23.0645617, 53.4129696], [23.0644966, 53.4128608], [23.0644051, 53.4128362], [23.0640706, 53.4127803], [23.0639642, 53.4127377], [23.0638133, 53.4126412], [23.0638076, 53.412616], [23.0638632, 53.4125739], [23.0641037, 53.4124511], [23.0645763, 53.4122591], [23.0646877, 53.4122044], [23.0647719, 53.4121236], [23.0647527, 53.4119375], [23.0646997, 53.4119114], [23.0646499, 53.4118657], [23.0644834, 53.4118657], [23.0643037, 53.4118993], [23.0639423, 53.4120212], [23.0638147, 53.4121259], [23.0636864, 53.4121389], [23.0634378, 53.4121516], [23.0632718, 53.4121399], [23.0632573, 53.4121179], [23.0633586, 53.4120498], [23.0635981, 53.4119477], [23.0636856, 53.4118279], [23.0637248, 53.4116735], [23.0635931, 53.411593], [23.063336, 53.4115861], [23.0630706, 53.411398], [23.0628855, 53.411292], [23.0626451, 53.411211], [23.0626197, 53.4111804], [23.0626493, 53.4111516], [23.062852, 53.4111351], [23.0629796, 53.4111394], [23.0631191, 53.4111057], [23.0632577, 53.4110279], [23.0635908, 53.4110401], [23.0637455, 53.4110791], [23.0638705, 53.4109968], [23.0639339, 53.4107648], [23.0638381, 53.4106653], [23.0636051, 53.4105705], [23.063524, 53.4106237], [23.0634209, 53.410671], [23.0633066, 53.4107856], [23.0632325, 53.4107783], [23.062917, 53.410654], [23.0627068, 53.4106033], [23.0624016, 53.4105177], [23.0622049, 53.4104047], [23.0621882, 53.4103698], [23.0622028, 53.4103439], [23.0623573, 53.4102722], [23.0624873, 53.4102496], [23.0626639, 53.4101962], [23.0628227, 53.4101668], [23.0628626, 53.4100227], [23.0628187, 53.4099861], [23.0627508, 53.4099842], [23.0627014, 53.4099338], [23.0626696, 53.4098274], [23.062707, 53.4097246], [23.0625947, 53.4093625], [23.0624774, 53.4091672], [23.0622328, 53.408934], [23.0621566, 53.4088462], [23.06198, 53.4084958], [23.0619281, 53.4084461], [23.0618206, 53.40841], [23.0615763, 53.4083727], [23.0614505, 53.4083978], [23.0611333, 53.4085575], [23.0609418, 53.4085808], [23.0608524, 53.4085536], [23.0607643, 53.4084916], [23.0609785, 53.4081062], [23.0608723, 53.4080062], [23.0606715, 53.4079266], [23.060498, 53.4078267], [23.0602171, 53.4076504], [23.0601898, 53.4076056], [23.0601266, 53.4074574], [23.0600693, 53.4072264], [23.0600019, 53.4069066], [23.0599682, 53.4066526], [23.0599595, 53.4064899], [23.0599875, 53.4063921], [23.0600439, 53.4062501], [23.0600458, 53.4061785], [23.0599509, 53.4060975], [23.0598909, 53.4060947], [23.0593435, 53.4061857], [23.0593489, 53.4058466], [23.0592457, 53.4058335], [23.0588045, 53.4059183], [23.0587611, 53.4059301], [23.0586914, 53.4059403], [23.0582741, 53.4058527], [23.0582188, 53.405822], [23.0582318, 53.4057271], [23.0582437, 53.4055149], [23.0585077, 53.4054002], [23.0588141, 53.4054926], [23.0588914, 53.4054765], [23.059023, 53.4054346], [23.0591874, 53.4053311], [23.059187, 53.4052165], [23.0590979, 53.4051508], [23.0588734, 53.4049329], [23.0591583, 53.4047037], [23.059228, 53.404604], [23.0592443, 53.4045329], [23.059181, 53.4044999], [23.0588555, 53.4040259], [23.0588134, 53.4039294], [23.0587171, 53.4038365], [23.0587877, 53.4036619], [23.0588808, 53.4034853], [23.058984, 53.4033748], [23.0591442, 53.4033185], [23.0591476, 53.4031366], [23.0587049, 53.4028707], [23.0586689, 53.4026672], [23.0583197, 53.4025476], [23.0582613, 53.4024645], [23.0583787, 53.4021642], [23.0583949, 53.4020657], [23.0583918, 53.4019932], [23.0582429, 53.4019076], [23.0582252, 53.4018925], [23.0632776, 53.4014635], [23.0651896, 53.4012966], [23.0653224, 53.4012897], [23.065544, 53.4012662], [23.0688342, 53.4009844], [23.0754625, 53.4004309], [23.0845958, 53.3996605], [23.0859249, 53.3995709], [23.0859199, 53.3995442], [23.0860168, 53.3995445], [23.086135, 53.3995296], [23.0862134, 53.3995447], [23.0864058, 53.3995227], [23.0865875, 53.3995097], [23.0868059, 53.3994782], [23.0870322, 53.399476], [23.0873147, 53.3994502], [23.0874172, 53.3994324], [23.0875005, 53.3994332], [23.0875819, 53.3994232], [23.0876557, 53.3994227], [23.0879677, 53.3993876], [23.0881647, 53.3993855], [23.0883846, 53.3993524], [23.0889667, 53.3993094], [23.0891023, 53.3993044], [23.0896088, 53.399263], [23.089748, 53.3992735], [23.0898522, 53.3992646], [23.0899379, 53.3992422], [23.0901185, 53.3992352], [23.0902044, 53.3992137], [23.0904865, 53.399187], [23.0906673, 53.3991804], [23.0908462, 53.399166], [23.0908886, 53.3991532], [23.0913352, 53.3991151], [23.0914411, 53.3991135], [23.0916506, 53.3991], [23.0916925, 53.3990851], [23.091768, 53.3990835], [23.0918938, 53.3990699], [23.0921013, 53.3990792], [23.0922967, 53.3990714], [23.0925204, 53.3990535], [23.0925999, 53.3990683], [23.092669, 53.3990211], [23.0929771, 53.3989944], [23.093168, 53.3989792], [23.0975628, 53.3986291], [23.1051719, 53.3979936], [23.1092912, 53.3976359], [23.1070369, 53.3882169], [23.1069895, 53.3880155], [23.1066799, 53.3867013], [23.1060293, 53.3840004], [23.1056598, 53.3824585], [23.1024043, 53.368879], [23.1021103, 53.367645], [23.1003251, 53.3677932], [23.094686, 53.3617778], [23.0913974, 53.3583976], [23.0974209, 53.3588607], [23.0967689, 53.3561887], [23.0964366, 53.3550553], [23.094229, 53.3460636], [23.0942942, 53.3459868], [23.0944973, 53.3458819], [23.0945212, 53.3459195], [23.0946602, 53.3459439], [23.0948979, 53.3458344], [23.0950039, 53.3460306], [23.0949899, 53.3460456], [23.0949085, 53.3460361], [23.0948236, 53.3461346], [23.0948784, 53.3462103], [23.0950181, 53.3462311], [23.0950287, 53.3461715], [23.0950475, 53.3461485], [23.0953848, 53.3461626], [23.0955415, 53.3461297], [23.0959186, 53.3462182], [23.0961632, 53.3461565], [23.0961745, 53.3460917], [23.0963612, 53.3461031], [23.09641, 53.3460836], [23.0964862, 53.3461222], [23.096565, 53.3461474], [23.0970088, 53.3461996], [23.0972864, 53.3461657], [23.0974189, 53.3461843], [23.0974496, 53.3461817], [23.0975136, 53.3461609], [23.0977538, 53.3461689], [23.0979141, 53.3462014], [23.0981715, 53.3461969], [23.0982488, 53.346231], [23.0983097, 53.3462709], [23.0985111, 53.3463285], [23.0987007, 53.3464115], [23.0989397, 53.3464701], [23.0989833, 53.3464947], [23.0990599, 53.3464863], [23.0992371, 53.3467726], [23.099374, 53.3468557], [23.0998792, 53.3467809], [23.1004119, 53.3468142], [23.1009055, 53.3469372], [23.1011917, 53.3469192], [23.1014326, 53.3468963], [23.1017648, 53.3468314], [23.1020199, 53.3468536], [23.1025036, 53.3467965], [23.1027022, 53.3467189], [23.1028101, 53.3466377], [23.1030392, 53.346427], [23.103038, 53.3463995], [23.1031131, 53.3463644], [23.103175, 53.3462759], [23.1032831, 53.3462271], [23.1032932, 53.3461934], [23.1033932, 53.3462008], [23.1035282, 53.3460872], [23.1037545, 53.3459722], [23.103609, 53.3458066], [23.1037151, 53.3457841], [23.1038586, 53.3455122], [23.1038367, 53.3454711], [23.1039269, 53.3453937], [23.1041131, 53.3453598], [23.104187, 53.3453298], [23.1042033, 53.3452824], [23.1041988, 53.3452052], [23.1041492, 53.3450264], [23.104156, 53.3449404], [23.1042775, 53.3449143], [23.104229, 53.3448359], [23.1042306, 53.3446261], [23.1042777, 53.3443539], [23.1043424, 53.3442995], [23.1044188, 53.3441629], [23.1045539, 53.3441083], [23.1045986, 53.34403], [23.1045179, 53.3439369], [23.1045711, 53.3438245], [23.1045857, 53.3437522], [23.1045753, 53.3436758], [23.1046597, 53.3435219], [23.1047929, 53.3433809], [23.1047896, 53.3433384], [23.104845, 53.3432871], [23.1047923, 53.3432501], [23.1048354, 53.3431594], [23.1049125, 53.3431117], [23.1050346, 53.343109], [23.1051796, 53.3429842], [23.1051721, 53.3429176], [23.1052938, 53.3427941], [23.1052822, 53.3428225], [23.1054925, 53.3425806], [23.1058835, 53.3416101], [23.1059457, 53.3415435], [23.1060007, 53.3415135], [23.1060564, 53.341501], [23.1072801, 53.3415263], [23.1073605, 53.3415157], [23.1075884, 53.3414492], [23.1078198, 53.341342], [23.108015, 53.3411829], [23.1083137, 53.3410939], [23.1089907, 53.3411922], [23.1092221, 53.3411482], [23.1096221, 53.3410175], [23.110686, 53.3409171], [23.1109139, 53.340834], [23.1125236, 53.3403761], [23.1141369, 53.3396207], [23.1148495, 53.3392541], [23.1149495, 53.3392313], [23.11530795816557, 53.33922003521861], [23.1179782, 53.3029814], [23.2388278, 53.1714745], [23.5203539, 53.1360623], [23.7469469, 53.1055687], [23.81621452096037, 53.151298653954065], [23.8166169, 53.1512707], [23.8201931, 53.1509958], [23.8232676, 53.1507799], [23.8379534, 53.149728], [23.8383503, 53.1510212], [23.8389118, 53.1509794], [23.8391739, 53.1519478], [23.8402355, 53.1561873], [23.8402755, 53.1563433], [23.8418078, 53.1626267], [23.846837, 53.1621236], [23.8520132, 53.1615635], [23.8560324, 53.1611962], [23.8579528, 53.1610449], [23.8581478, 53.1610141], [23.859901, 53.1608022], [23.8667461, 53.1601977], [23.8702494, 53.1598516], [23.8711392, 53.1633729], [23.8722117, 53.1678507], [23.8752741, 53.1671082], [23.8768952, 53.1667474], [23.8788641, 53.1663003], [23.888918, 53.1640089], [23.8916988, 53.1634002], [23.8965251, 53.1623807], [23.8968081, 53.1631049], [23.8964223, 53.163918], [23.8972018, 53.1648567], [23.8990068, 53.1656625], [23.8988076, 53.1659769], [23.8983682, 53.1661392], [23.8972853, 53.1658745], [23.896743, 53.1665939], [23.8974187, 53.1667759], [23.8973303, 53.1673161], [23.8977999, 53.1674271], [23.8981466, 53.167285], [23.8986756, 53.1664694], [23.8994257, 53.1665978], [23.8995218, 53.1664524], [23.899789, 53.1664987], [23.9004683, 53.1662736], [23.900904, 53.1662384], [23.9031406, 53.1668139], [23.9068514, 53.1677567], [23.9073115, 53.1668949], [23.9093344, 53.1673453], [23.9094588, 53.1673496], [23.9093912, 53.1672566], [23.9097925, 53.1669107], [23.9104287, 53.1666779], [23.9113027, 53.1667316], [23.9119691, 53.167109], [23.9126775, 53.1670916], [23.9137322, 53.1668973], [23.9141139, 53.1664749], [23.9137927, 53.1662828], [23.9132572, 53.1663133], [23.9129604, 53.1664732], [23.9126757, 53.1666427], [23.9122526, 53.1666251], [23.9120825, 53.1664291], [23.9123877, 53.1660741], [23.9130113, 53.1659227], [23.9131461, 53.16562], [23.9130066, 53.1648685], [23.9122183, 53.1646034], [23.9114916, 53.164556], [23.9108173, 53.1645243], [23.9105123, 53.1642142], [23.9102559, 53.1638861], [23.9104106, 53.1635498], [23.911377, 53.1635539], [23.9119347, 53.1641162], [23.9123599, 53.1644123], [23.9128158, 53.1643095], [23.9131934, 53.163904], [23.9139644, 53.163647], [23.9148108, 53.1629404], [23.9151545, 53.1622826], [23.9149283, 53.1617781], [23.9147799, 53.1612948], [23.914859, 53.1606711], [23.9151998, 53.1604201], [23.9149213, 53.1600386], [23.9144854, 53.1598215], [23.9146473, 53.1591509], [23.9147131, 53.158704], [23.914331, 53.1582828], [23.9135693, 53.1580494], [23.9138668, 53.1573428], [23.9144042, 53.1571569], [23.9149396, 53.1574122], [23.9149011, 53.1580884], [23.9152789, 53.1583168], [23.9156958, 53.1581508], [23.9159926, 53.1577759], [23.9165094, 53.1576694], [23.9170995, 53.157901], [23.9176561, 53.1579779], [23.9182613, 53.157623], [23.9182048, 53.1573717], [23.9173779, 53.1568118], [23.9174676, 53.1560465], [23.9170714, 53.1554765], [23.9164585, 53.1553488], [23.9161002, 53.1556363], [23.9152488, 53.155337], [23.9145322, 53.1551606], [23.9143996, 53.1548065], [23.9146124, 53.1545452], [23.9156375, 53.1537234], [23.9161202, 53.1536826], [23.9159611, 53.1530378], [23.9153201, 53.1529232], [23.914423, 53.1530294], [23.914221, 53.1526841], [23.9143655, 53.1522328], [23.9140896, 53.1517524], [23.9134415, 53.1514892], [23.9125789, 53.1520179], [23.912055, 53.1520872], [23.9117527, 53.1518514], [23.911844, 53.1514719], [23.9122386, 53.1509561], [23.9122583, 53.1505052], [23.9120275, 53.1500116], [23.9114958, 53.1498311], [23.910582, 53.1501886], [23.9100413, 53.1502414], [23.9097186, 53.1499225], [23.9097518, 53.1493811], [23.9098284, 53.1489427], [23.9109485, 53.1485701], [23.9112418, 53.1478786], [23.9119214, 53.1474826], [23.9122695, 53.147002], [23.9121391, 53.1467537], [23.9116995, 53.1466243], [23.9113589, 53.1464085], [23.9128196, 53.1461927], [23.9133324, 53.1460173], [23.9133169, 53.1456917], [23.9129582, 53.1452915], [23.9130752, 53.1449812], [23.9134552, 53.1446071], [23.9142602, 53.1445286], [23.9152297, 53.1441908], [23.9158782, 53.1437144], [23.9157202, 53.1433982], [23.9157859, 53.1429686], [23.9148547, 53.141736], [23.9137794, 53.1417281], [23.913519, 53.1414685], [23.9136596, 53.1405684], [23.9139025, 53.1402422], [23.9119316, 53.1401945], [23.9110432, 53.1388416], [23.9111002, 53.1383873], [23.912206, 53.1378403], [23.9116527, 53.137522], [23.9108016, 53.1371095], [23.9103591, 53.1372915], [23.9101578, 53.137947], [23.9087863, 53.1381365], [23.9086763, 53.1371652], [23.9078196, 53.1367814], [23.9072723, 53.1367998], [23.9072752, 53.1370861], [23.9076935, 53.1374802], [23.9059433, 53.1381759], [23.905716, 53.1376506], [23.9055917, 53.1376015], [23.9052112, 53.137453], [23.9042714, 53.1372774], [23.9042655, 53.1369312], [23.9049144, 53.1363358], [23.9049831, 53.1359751], [23.9051537, 53.1351976], [23.9039504, 53.1349425], [23.9036525, 53.1345874], [23.9030309, 53.1342856], [23.9025358, 53.1339637], [23.9022195, 53.1335254], [23.9017571, 53.1336898], [23.9018188, 53.1340391], [23.9015862, 53.134422], [23.9009798, 53.1343911], [23.9006997, 53.1340531], [23.9007525, 53.1337003], [23.9001555, 53.1330926], [23.9000678, 53.1327056], [23.9002117, 53.1322746], [23.9004405, 53.1318585], [23.9003938, 53.1315193], [23.8997864, 53.1314359], [23.8991536, 53.1317466], [23.8986394, 53.1322114], [23.8980632, 53.132203], [23.898157, 53.1318878], [23.8988338, 53.1315723], [23.8985103, 53.131279], [23.897802, 53.131257], [23.8972605, 53.1311966], [23.8968118, 53.1306733], [23.8969105, 53.1302363], [23.8972932, 53.1296508], [23.8968933, 53.1291558], [23.896565, 53.1288985], [23.8966973, 53.1285649], [23.8972239, 53.128339], [23.8975887, 53.1280048], [23.8974235, 53.127346], [23.8969821, 53.1269385], [23.8954815, 53.1269206], [23.8946062, 53.1267792], [23.8938651, 53.1263823], [23.894006, 53.1261151], [23.8946038, 53.1260893], [23.8955044, 53.1260789], [23.8964265, 53.1257194], [23.8973057, 53.1255647], [23.8978702, 53.1253247], [23.8979315, 53.1249768], [23.8974723, 53.1247082], [23.8968281, 53.1247008], [23.8961524, 53.1247906], [23.8955497, 53.1246779], [23.8949006, 53.1247582], [23.8940633, 53.1250452], [23.8935966, 53.1247542], [23.893406, 53.1244358], [23.8934162, 53.1240132], [23.8929837, 53.1234492], [23.8928095, 53.123222], [23.8922217, 53.1225704], [23.8917031, 53.1224316], [23.8912232, 53.122181], [23.8908853, 53.1218032], [23.8911883, 53.121387], [23.8905748, 53.1207097], [23.8904831, 53.1200253], [23.8901217, 53.1193536], [23.8893999, 53.1187939], [23.8890084, 53.1182932], [23.8895743, 53.1171339], [23.8896658, 53.1168599], [23.8884176, 53.1164742], [23.8878238, 53.1165171], [23.8872079, 53.1164615], [23.886866, 53.1161618], [23.8865822, 53.1155191], [23.8866794, 53.1151549], [23.886652, 53.1148185], [23.887205, 53.114504], [23.8878289, 53.1142991], [23.8876198, 53.1140177], [23.8857976, 53.1144922], [23.8856122, 53.1144328], [23.8853991, 53.1143645], [23.8855149, 53.1140859], [23.8860444, 53.1138254], [23.8862582, 53.1135213], [23.8861639, 53.1132143], [23.8856197, 53.1126312], [23.8856548, 53.1123214], [23.8858738, 53.1119408], [23.8862889, 53.1117362], [23.8865575, 53.1114709], [23.886908, 53.1117774], [23.8874008, 53.1114987], [23.8879874, 53.1117324], [23.8885914, 53.1119713], [23.8890494, 53.1118483], [23.8889782, 53.1115529], [23.8885932, 53.1112907], [23.8878221, 53.1110355], [23.887225, 53.1107528], [23.8870234, 53.1104938], [23.8872582, 53.1101834], [23.8882045, 53.110126], [23.8877332, 53.1095048], [23.8885181, 53.1092028], [23.8884732, 53.1089206], [23.888001, 53.1085127], [23.8876631, 53.1084404], [23.8872262, 53.1084099], [23.8869671, 53.1083115], [23.8864537, 53.1081332], [23.8860294, 53.1079878], [23.8860412, 53.1076841], [23.886619, 53.1075448], [23.8871535, 53.1077734], [23.8873107, 53.1081986], [23.8877861, 53.1082297], [23.8880699, 53.1080102], [23.8883071, 53.1074297], [23.8890798, 53.1068454], [23.8890524, 53.1067677], [23.8889266, 53.1067037], [23.8883827, 53.1064362], [23.8887493, 53.105718], [23.887778, 53.1055115], [23.8878768, 53.1052663], [23.8883933, 53.1051974], [23.8887731, 53.1050228], [23.8884385, 53.1049472], [23.8876865, 53.1047409], [23.8875819, 53.1046236], [23.8876348, 53.1044828], [23.887739, 53.1043765], [23.8876974, 53.1042186], [23.8872676, 53.1039106], [23.88665, 53.1038295], [23.8861977, 53.1031918], [23.8859595, 53.1027939], [23.8852348, 53.1030149], [23.8845082, 53.1029673], [23.8840617, 53.1025028], [23.8834863, 53.1022098], [23.8821989, 53.1012392], [23.8821033, 53.1007192], [23.8818887, 53.100188], [23.8819348, 53.0998274], [23.8820036, 53.0992134], [23.8822918, 53.0985276], [23.8831826, 53.0985934], [23.883275, 53.0982222], [23.8825272, 53.0982833], [23.8809332, 53.0974772], [23.8812496, 53.0972147], [23.8820067, 53.0975581], [23.8825498, 53.0975322], [23.8825383, 53.0972915], [23.8816389, 53.0971588], [23.8818257, 53.0969303], [23.8824296, 53.0968655], [23.8821591, 53.096417], [23.8815672, 53.0962824], [23.8813424, 53.0957921], [23.8813115, 53.0954933], [23.882263, 53.0959638], [23.882737, 53.0958086], [23.8823797, 53.0956149], [23.8818776, 53.0953658], [23.8818469, 53.0950426], [23.8814104, 53.0948915], [23.8809663, 53.0947609], [23.8808148, 53.094489], [23.8813521, 53.0944217], [23.8816195, 53.0941279], [23.882207, 53.0943282], [23.8822837, 53.0939934], [23.8827981, 53.0938806], [23.8828028, 53.0935303], [23.8814877, 53.0938904], [23.8811361, 53.0936858], [23.8813594, 53.0934313], [23.8813734, 53.0931092], [23.8815039, 53.0927252], [23.8813862, 53.0924293], [23.8809056, 53.0924473], [23.8800768, 53.0927523], [23.8798339, 53.0924509], [23.8805751, 53.0920536], [23.8809976, 53.0915582], [23.8806326, 53.0912957], [23.8798735, 53.0915794], [23.8789998, 53.092116], [23.8785902, 53.0917405], [23.8775488, 53.0917493], [23.8778109, 53.0912348], [23.8778273, 53.0909514], [23.8769068, 53.0904831], [23.8760853, 53.089744], [23.8759723, 53.0894712], [23.876371, 53.0890101], [23.8762048, 53.088512], [23.875834, 53.0880492], [23.8758218, 53.0877061], [23.8749978, 53.0875911], [23.8746836, 53.0872182], [23.8737914, 53.0870155], [23.8738069, 53.0867594], [23.8745606, 53.0866124], [23.8745812, 53.0862525], [23.8742153, 53.0859121], [23.8742893, 53.0856131], [23.8748293, 53.0852302], [23.874637, 53.0848939], [23.8741513, 53.0847096], [23.8730074, 53.0846852], [23.8723303, 53.0847838], [23.8720017, 53.0845627], [23.871878, 53.0840897], [23.8725029, 53.0838711], [23.8726435, 53.0833831], [23.8731749, 53.0831333], [23.873033, 53.0828848], [23.872596, 53.0828236], [23.8722892, 53.0827165], [23.8723304, 53.0823647], [23.8720659, 53.0820285], [23.8726411, 53.0818251], [23.8726859, 53.0812076], [23.8729931, 53.0810563], [23.873503, 53.081027], [23.8735454, 53.0807812], [23.8731049, 53.0806373], [23.8726881, 53.0805014], [23.8726602, 53.0802287], [23.8731234, 53.079875], [23.8735498, 53.0800427], [23.8740909, 53.0802289], [23.8743164, 53.0798886], [23.8740012, 53.0793579], [23.8741168, 53.0789855], [23.8741654, 53.0789737], [23.8745436, 53.0788909], [23.8749282, 53.0790484], [23.8752934, 53.0790864], [23.8756989, 53.0791834], [23.8754442, 53.0795184], [23.8756598, 53.0797548], [23.8765833, 53.0797336], [23.8770318, 53.0793016], [23.8775145, 53.0792648], [23.8773404, 53.0796828], [23.8777606, 53.0798567], [23.8779619, 53.0796001], [23.8784737, 53.0794398], [23.8781335, 53.0790644], [23.8782612, 53.0787513], [23.8782051, 53.0782654], [23.8780534, 53.0779388], [23.8779025, 53.0775842], [23.87838, 53.0774961], [23.8790873, 53.0778046], [23.8791503, 53.0773055], [23.8793476, 53.0769354], [23.8793661, 53.0761993], [23.8787003, 53.0760915], [23.8781008, 53.0760441], [23.8776951, 53.0756315], [23.8771761, 53.0753956], [23.8778122, 53.0751022], [23.8786867, 53.0755872], [23.8793077, 53.075754], [23.8798104, 53.0755666], [23.8788949, 53.0751476], [23.8787802, 53.0748332], [23.8791888, 53.0746437], [23.8808444, 53.0743881], [23.8816176, 53.073961], [23.8804368, 53.0736178], [23.8795214, 53.0737751], [23.8788075, 53.0735031], [23.8789015, 53.0731468], [23.8794229, 53.072836], [23.8803757, 53.0727909], [23.8812861, 53.0728422], [23.8809538, 53.0724569], [23.881371, 53.0722743], [23.8816047, 53.0719985], [23.8806983, 53.0718078], [23.8809865, 53.0714375], [23.8813989, 53.0711335], [23.8807344, 53.0704428], [23.8810287, 53.0701616], [23.8818327, 53.0703739], [23.8821255, 53.0701921], [23.8816032, 53.0697796], [23.8813927, 53.069431], [23.8823203, 53.0689022], [23.8827956, 53.0685171], [23.8828605, 53.067956], [23.8824971, 53.067497], [23.8822102, 53.0669628], [23.8821588, 53.0664577], [23.8823025, 53.0660594], [23.8843931, 53.065075], [23.884761, 53.0646847], [23.8849028, 53.0645408], [23.8856275, 53.0645776], [23.8860578, 53.0643194], [23.8859745, 53.0639155], [23.8864479, 53.0635847], [23.8860491, 53.0630134], [23.8859078, 53.0625435], [23.8861673, 53.0621822], [23.8867082, 53.0621671], [23.887154, 53.0624202], [23.8874116, 53.0627573], [23.8876373, 53.0630648], [23.8880437, 53.0632403], [23.8885995, 53.0631478], [23.889547, 53.0629796], [23.8900682, 53.0626342], [23.8905104, 53.0621849], [23.8910683, 53.062546], [23.8916331, 53.0627936], [23.8923869, 53.0626512], [23.8918282, 53.0624051], [23.8918423, 53.062164], [23.8923204, 53.0620835], [23.8927252, 53.0623669], [23.8930109, 53.0621932], [23.8929352, 53.0617361], [23.8933432, 53.0616562], [23.8936771, 53.0618282], [23.8937662, 53.062221], [23.8940302, 53.0623441], [23.8943712, 53.0619091], [23.8948014, 53.0619461], [23.8950184, 53.0622736], [23.895523, 53.0624433], [23.895946, 53.0623645], [23.8957324, 53.0619548], [23.8958877, 53.0616173], [23.89651, 53.0615964], [23.8970649, 53.0612264], [23.897504, 53.0607076], [23.8982409, 53.0607564], [23.8986297, 53.0604641], [23.8991984, 53.0603721], [23.9001236, 53.0603476], [23.9008672, 53.0599341], [23.900984, 53.0593791], [23.902072, 53.0585703], [23.9025996, 53.0581567], [23.9028783, 53.0577445], [23.9024303, 53.0574469], [23.9026127, 53.0569047], [23.9020707, 53.0568312], [23.9015705, 53.0564643], [23.9018822, 53.0559554], [23.9012631, 53.0559345], [23.9013204, 53.0556297], [23.9016779, 53.0552541], [23.9016998, 53.054865], [23.9012489, 53.054758], [23.9006235, 53.0548285], [23.9001041, 53.05471], [23.9003361, 53.0542128], [23.900799, 53.0540776], [23.9009094, 53.0538153], [23.8998513, 53.0537297], [23.9002652, 53.0533554], [23.8997461, 53.0528481], [23.8999548, 53.0522328], [23.8995584, 53.0517449], [23.9001486, 53.0514258], [23.9001936, 53.0514049], [23.8994864, 53.0512507], [23.899795, 53.0507926], [23.8992936, 53.0505888], [23.898714, 53.0504276], [23.8983836, 53.0500239], [23.8984848, 53.049619], [23.8989908, 53.0494117], [23.8995446, 53.0495901], [23.9004969, 53.0496752], [23.900737, 53.0494748], [23.900428, 53.0488255], [23.8997062, 53.0483956], [23.8996904, 53.0480742], [23.900062, 53.0478314], [23.9005232, 53.0479338], [23.9009094, 53.0483495], [23.9013164, 53.0484012], [23.9019098, 53.0480588], [23.9023262, 53.0480285], [23.9027874, 53.048361], [23.9031539, 53.0480821], [23.9031284, 53.047541], [23.9036632, 53.0473049], [23.9044085, 53.0472512], [23.9046929, 53.046864], [23.9051841, 53.0467523], [23.9058458, 53.0464332], [23.9055987, 53.045946], [23.9055895, 53.0455269], [23.9048299, 53.0454305], [23.9043538, 53.0451731], [23.9049289, 53.0448005], [23.9065847, 53.0443364], [23.9071709, 53.0444131], [23.9078807, 53.0448895], [23.9085098, 53.0449093], [23.9092973, 53.0451182], [23.9094868, 53.0449433], [23.909333, 53.0446032], [23.9095901, 53.0443711], [23.9101541, 53.0443876], [23.9108425, 53.0446681], [23.9112912, 53.0445957], [23.9113134, 53.0443176], [23.9107559, 53.0436476], [23.910868, 53.043309], [23.9114581, 53.043078], [23.911318, 53.0427798], [23.9104182, 53.0424738], [23.9101327, 53.0421959], [23.9104192, 53.0420186], [23.9112745, 53.0421207], [23.9124166, 53.0420175], [23.9129865, 53.0418153], [23.9132879, 53.0414926], [23.9139009, 53.041216], [23.9140059, 53.0407502], [23.9144892, 53.0405533], [23.9150924, 53.0409398], [23.91573, 53.0409437], [23.9157768, 53.0404095], [23.9164299, 53.0399859], [23.9163089, 53.0395402], [23.916769, 53.039038], [23.9167419, 53.0388898], [23.9166449, 53.038408], [23.9161163, 53.0380615], [23.9162552, 53.0377403], [23.9160761, 53.037488], [23.9143713, 53.0365804], [23.9138038, 53.035836], [23.9133662, 53.0357844], [23.9129653, 53.0361855], [23.9122545, 53.0363077], [23.9117673, 53.0360974], [23.9113633, 53.0357224], [23.9115923, 53.0351054], [23.9113212, 53.0346583], [23.9104883, 53.0341954], [23.9106352, 53.0335344], [23.9100022, 53.0328225], [23.9103063, 53.032624], [23.9104182, 53.0325506], [23.9107373, 53.0321195], [23.9111524, 53.0319274], [23.9114234, 53.0314994], [23.9112352, 53.0310794], [23.9115764, 53.0308674], [23.9118299, 53.0298501], [23.9123642, 53.0294704], [23.9125652, 53.0290875], [23.9136878, 53.0289169], [23.914203, 53.0287297], [23.9143412, 53.0283605], [23.9147973, 53.0280474], [23.9154817, 53.028091], [23.9160003, 53.0278364], [23.9169452, 53.0277545], [23.9173783, 53.0273994], [23.917654, 53.0270439], [23.9182804, 53.0270661], [23.9188404, 53.0270185], [23.919193, 53.0266877], [23.9197149, 53.0264756], [23.9199862, 53.0265574], [23.9204873, 53.0264384], [23.9203375, 53.0258824], [23.9207862, 53.0255626], [23.9207893, 53.0252423], [23.9216579, 53.025054], [23.9221363, 53.0250923], [23.9224994, 53.0248035], [23.922915, 53.0247281], [23.9233203, 53.0249054], [23.9236631, 53.0246077], [23.9238439, 53.024274], [23.9243184, 53.0242004], [23.9245885, 53.0244258], [23.9252167, 53.0246709], [23.925382, 53.0246258], [23.9267844, 53.0184554], [23.9281598, 53.0124177], [23.9282878, 53.0118313], [23.9284857, 53.0109212], [23.9287826, 53.0097122], [23.9301144, 53.0038055], [23.9307379, 53.0010716], [23.9313467, 52.9983837], [23.9315069, 52.9977048], [23.9321238, 52.9950017], [23.9321943, 52.9946462], [23.9327393, 52.9916983], [23.9330682, 52.9899212], [23.9333425, 52.9884316], [23.9293711, 52.9825438], [23.9311037, 52.9762265], [23.9390477, 52.9670787], [23.9462763, 52.9587295], [23.9392943, 52.9540956], [23.9333884, 52.9501662], [23.9325116, 52.9495828], [23.928297, 52.946777], [23.92099, 52.9419126], [23.9179456, 52.9398849], [23.9168211, 52.9391359], [23.9166911, 52.9390305], [23.9166024, 52.9389586], [23.9164612, 52.9388441], [23.9164599, 52.9374396], [23.9164377, 52.9351408], [23.9164135, 52.9293379], [23.9163745, 52.9235205], [23.9163585, 52.9199454], [23.9163451, 52.9181237], [23.9163454, 52.9176857], [23.9163143, 52.9135988], [23.9163106, 52.9118007], [23.9162969, 52.909279], [23.9162761, 52.9062069], [23.916265, 52.9057324], [23.9162434, 52.9048149], [23.9163481, 52.9047644], [23.9164215, 52.9048306], [23.9165077, 52.9048698], [23.9166483, 52.9048738], [23.9167826, 52.9048065], [23.9169274, 52.9047709], [23.917266, 52.9047631], [23.9176409, 52.9048], [23.9178501, 52.9048583], [23.9180325, 52.9048518], [23.9183061, 52.9047289], [23.9184992, 52.9046544], [23.9186548, 52.9046383], [23.918864, 52.9046027], [23.9192878, 52.9045671], [23.9195882, 52.9045671], [23.9197869, 52.9045066], [23.9198296, 52.9043665], [23.919792, 52.9042856], [23.9198081, 52.9042241], [23.9199476, 52.9041173], [23.9200978, 52.9038941], [23.9202265, 52.9038229], [23.9203499, 52.9037129], [23.9204948, 52.9036547], [23.9206503, 52.9036547], [23.9207201, 52.9036255], [23.9208005, 52.9035285], [23.9208166, 52.9033667], [23.9207844, 52.9033084], [23.9207725, 52.9032907], [23.9207561, 52.9032664], [23.9207147, 52.9032049], [23.9207576, 52.9031111], [23.9209346, 52.9030075], [23.92094, 52.9029461], [23.9208381, 52.9028878], [23.9207952, 52.9028263], [23.9208435, 52.9027552], [23.921058, 52.902671], [23.9212565, 52.9026031], [23.9213906, 52.9025934], [23.9217179, 52.9026193], [23.9219056, 52.902629], [23.9220987, 52.9025545], [23.9223079, 52.9024607], [23.9224635, 52.9023733], [23.9225118, 52.9023022], [23.9225118, 52.9021598], [23.9225332, 52.9020401], [23.9225332, 52.9019495], [23.9225225, 52.9019042], [23.9225816, 52.9018524], [23.9226647, 52.9018119], [23.9228337, 52.901765], [23.9229168, 52.9017262], [23.9229678, 52.9016842], [23.9229731, 52.9016324], [23.9229517, 52.9015838], [23.9228766, 52.9015353], [23.9228142, 52.9014985], [23.9227626, 52.9014229], [23.9226486, 52.9013622], [23.9226244, 52.9013249], [23.9226566, 52.9012893], [23.9227263, 52.9012667], [23.9228497, 52.9012603], [23.9230482, 52.9012522], [23.9231287, 52.9012506], [23.9232065, 52.9011972], [23.9232414, 52.9011179], [23.9232145, 52.9010564], [23.9231555, 52.9009917], [23.9231314, 52.9009157], [23.9231609, 52.9008396], [23.9231877, 52.9007975], [23.923244, 52.9007053], [23.9232789, 52.9006713], [23.9233486, 52.9006632], [23.9235042, 52.9006681], [23.9236544, 52.9006163], [23.923869, 52.9004545], [23.9240299, 52.900283], [23.9245395, 52.9001795], [23.9247058, 52.9001957], [23.9248775, 52.900118], [23.925076, 52.8999077], [23.9251779, 52.8997329], [23.9253174, 52.8996488], [23.9255373, 52.8996132], [23.9257787, 52.8996132], [23.9258216, 52.8995712], [23.9257626, 52.8995064], [23.9254783, 52.8993543], [23.925312, 52.8992767], [23.925312, 52.8992217], [23.9254193, 52.8991343], [23.9254508, 52.8990402], [23.9255067, 52.8989872], [23.9256476, 52.8989142], [23.925744, 52.8988824], [23.9257796, 52.8988388], [23.9255641, 52.8961707], [23.9255319, 52.8956511], [23.9254698, 52.8946677], [23.9253939, 52.8934534], [23.9251222, 52.8890999], [23.9248361, 52.8845971], [23.9246088, 52.8808997], [23.9244186, 52.8770128], [23.9243812, 52.8754125], [23.9236573, 52.8549203], [23.9240311, 52.8518834], [23.9246286, 52.8469725], [23.9249181, 52.842108], [23.9248507, 52.8372365], [23.9246069, 52.8306753], [23.9246512, 52.8306251], [23.9250824, 52.8301199], [23.925424, 52.8297198], [23.9267808, 52.8281315], [23.927919, 52.8267992], [23.9290576, 52.8254656], [23.9298256, 52.8245676], [23.9305719, 52.8236925], [23.9306535, 52.8235974], [23.9317587, 52.8223027], [23.9324831, 52.8214553], [23.9333764, 52.8204082], [23.9358499, 52.8175707], [23.9365828, 52.8166627], [23.9367333, 52.8165086], [23.9395973, 52.8131931], [23.9395292, 52.8087338], [23.9395243, 52.808401], [23.9395057, 52.8064141], [23.939469, 52.8022472], [23.9394518, 52.7949895], [23.9392968, 52.7844925], [23.9391278, 52.7823448], [23.9391983, 52.780393], [23.9390322, 52.7761293], [23.9390124, 52.7660941], [23.9390162, 52.7641124], [23.9389733, 52.761125], [23.9389064, 52.7539924], [23.9389078, 52.7538869], [23.9388731, 52.7427677], [23.9387852, 52.7295244], [23.9387327, 52.7244443], [23.938652, 52.716972], [23.9386401, 52.7129159], [23.9307334, 52.7084669], [23.9125097, 52.6982323], [23.91031, 52.696997], [23.903018, 52.692844], [23.9014921, 52.6919849], [23.900084, 52.691168], [23.8995099, 52.6902965], [23.8988276, 52.6892607], [23.8934132, 52.6810169], [23.8932962, 52.6808388], [23.8932418, 52.6807559], [23.892546, 52.679697], [23.892011, 52.6796969], [23.8794089, 52.679696], [23.8584427, 52.6684571], [23.8560681, 52.667184], [23.854003, 52.6660471], [23.847116, 52.662347], [23.8355145, 52.6560414], [23.8166601, 52.6460919], [23.7983782, 52.6364425], [23.7957709, 52.6350661], [23.7809625, 52.6272332], [23.7808286, 52.6271553], [23.7806972, 52.6270671], [23.7805912, 52.6269787], [23.7784007, 52.6249028], [23.7772401, 52.6238597], [23.7765638, 52.6232486], [23.7765021, 52.6231889], [23.776387, 52.6230744], [23.7763287, 52.6229984], [23.7762973, 52.6229174], [23.7762817, 52.6228386], [23.7762713, 52.6227621], [23.7762673, 52.6226857], [23.776269, 52.6226322], [23.776267, 52.62259], [23.7762588, 52.6225661], [23.7762421, 52.6225444], [23.7762161, 52.6225271], [23.7761809, 52.6225132], [23.7761417, 52.6225054], [23.7761033, 52.6225005], [23.7760631, 52.6224981], [23.7760229, 52.6224983], [23.7759813, 52.6225017], [23.7759404, 52.6225091], [23.7759055, 52.6225202], [23.7758753, 52.6225337], [23.7758483, 52.6225495], [23.7758252, 52.622566], [23.7758019, 52.6225811], [23.7757755, 52.6225956], [23.7757469, 52.6226084], [23.7757113, 52.6226193], [23.7756728, 52.6226283], [23.7756308, 52.6226361], [23.7755944, 52.6226427], [23.7755658, 52.6226495], [23.7755393, 52.622658], [23.7755142, 52.6226679], [23.7754898, 52.6226799], [23.7754652, 52.6226937], [23.7754415, 52.6227081], [23.775421, 52.6227233], [23.7754035, 52.6227326], [23.7753838, 52.6227396], [23.7753639, 52.6227441], [23.7753417, 52.6227462], [23.7753189, 52.6227456], [23.7752976, 52.6227425], [23.7752765, 52.6227356], [23.7752574, 52.6227256], [23.7752422, 52.6227131], [23.7752296, 52.6226992], [23.7751886, 52.6226419], [23.7751664, 52.6226176], [23.7751395, 52.6225943], [23.7751051, 52.622571], [23.7750643, 52.6225498], [23.7750132, 52.6225304], [23.7749578, 52.6225164], [23.7749234, 52.622509], [23.7748855, 52.6225044], [23.7748471, 52.6225034], [23.7748145, 52.6225057], [23.7747845, 52.6225101], [23.7747586, 52.6225159], [23.7747408, 52.622522], [23.7747242, 52.6225312], [23.7747145, 52.622542], [23.7747085, 52.6225527], [23.7747055, 52.6225639], [23.7747056, 52.6225748], [23.7747089, 52.6225869], [23.7747155, 52.6225986], [23.7747242, 52.6226086], [23.7747351, 52.6226188], [23.7747453, 52.622629], [23.7747608, 52.6226505], [23.7747703, 52.6226736], [23.7747734, 52.6227001], [23.7747685, 52.622728], [23.77476, 52.6227538], [23.7747432, 52.62278], [23.7747203, 52.6228029], [23.7746878, 52.6228218], [23.7746491, 52.6228375], [23.7746074, 52.6228494], [23.7745622, 52.6228583], [23.774517, 52.6228639], [23.7744758, 52.6228693], [23.7744394, 52.6228777], [23.7744076, 52.6228908], [23.7743786, 52.6229085], [23.7743593, 52.6229279], [23.7743476, 52.6229503], [23.7743353, 52.6229718], [23.7743267, 52.6229855], [23.7743147, 52.6229981], [23.7742979, 52.6230099], [23.7742779, 52.6230198], [23.7742565, 52.6230271], [23.7742308, 52.6230321], [23.7742062, 52.6230349], [23.7741773, 52.6230361], [23.7741473, 52.6230349], [23.7741105, 52.6230311], [23.7740713, 52.6230236], [23.7740307, 52.6230102], [23.7739896, 52.6229945], [23.7739427, 52.6229765], [23.7738901, 52.6229611], [23.7738322, 52.6229508], [23.7737662, 52.6229426], [23.7737072, 52.6229402], [23.7736516, 52.6229425], [23.7736087, 52.622948], [23.7735726, 52.6229543], [23.7735394, 52.6229626], [23.7735069, 52.6229734], [23.7734766, 52.6229859], [23.7734492, 52.6229986], [23.7734239, 52.6230097], [23.7733971, 52.6230194], [23.7733666, 52.6230256], [23.7733337, 52.6230282], [23.7732981, 52.6230279], [23.7732584, 52.6230232], [23.7732179, 52.6230148], [23.7731726, 52.6230003], [23.77313, 52.6229841], [23.7730966, 52.622968], [23.7730662, 52.6229506], [23.7730422, 52.6229312], [23.7730243, 52.6229082], [23.7730121, 52.62288], [23.7730039, 52.6228475], [23.7729944, 52.6228235], [23.7729758, 52.6227993], [23.7729423, 52.6227763], [23.7728954, 52.6227601], [23.7728403, 52.6227523], [23.7727725, 52.6227496], [23.7726922, 52.6227482], [23.7726442, 52.6227431], [23.7725928, 52.6227316], [23.7725435, 52.6227135], [23.7724982, 52.6226905], [23.7723351, 52.6225937], [23.7722968, 52.6225765], [23.7722543, 52.6225622], [23.7722137, 52.6225542], [23.7721673, 52.6225512], [23.7721165, 52.6225535], [23.7720751, 52.6225545], [23.7720342, 52.6225539], [23.771992, 52.622549], [23.7719509, 52.6225409], [23.7719118, 52.6225272], [23.7718787, 52.6225095], [23.7718506, 52.6224881], [23.7718284, 52.6224635], [23.7718085, 52.6224363], [23.7717926, 52.6224082], [23.7717843, 52.6223882], [23.771778, 52.6223665], [23.7717723, 52.6223415], [23.7717718, 52.6223174], [23.7717767, 52.6222914], [23.7717881, 52.6222625], [23.7718013, 52.6222365], [23.7718176, 52.6222119], [23.7719324, 52.6220574], [23.7719587, 52.622017], [23.7719716, 52.6219736], [23.7719685, 52.6219327], [23.7719523, 52.6218901], [23.7719227, 52.6218481], [23.7718849, 52.6218097], [23.7718383, 52.6217674], [23.7716706, 52.6216282], [23.7716198, 52.6215979], [23.7715602, 52.6215734], [23.7714961, 52.6215556], [23.7714585, 52.6215412], [23.7714306, 52.62152], [23.7714139, 52.6214939], [23.7714073, 52.6214665], [23.7714146, 52.6214383], [23.7714314, 52.6214132], [23.7714448, 52.6213892], [23.771445, 52.6213656], [23.7714326, 52.6213403], [23.7714063, 52.6213172], [23.7713686, 52.6212987], [23.7713181, 52.6212849], [23.7712613, 52.6212773], [23.7711993, 52.6212752], [23.7711301, 52.6212763], [23.7710177, 52.6212774], [23.7709242, 52.6212773], [23.7708422, 52.6212741], [23.770776, 52.6212682], [23.7707197, 52.6212567], [23.770667, 52.6212412], [23.7706287, 52.6212166], [23.7705969, 52.621187], [23.7705704, 52.6211528], [23.7705579, 52.6211287], [23.7705525, 52.6211095], [23.7705506, 52.6210882], [23.770559, 52.6210665], [23.7705776, 52.6210459], [23.7706044, 52.6210278], [23.7706409, 52.6210135], [23.7706695, 52.6209971], [23.770691, 52.6209759], [23.7706989, 52.6209522], [23.7706998, 52.620925], [23.7706916, 52.6208955], [23.77069, 52.6208686], [23.7706946, 52.6208413], [23.7707055, 52.6208149], [23.7707229, 52.6207891], [23.7707339, 52.6207628], [23.770733, 52.6207365], [23.770718, 52.6207069], [23.7706937, 52.6206826], [23.7706607, 52.6206608], [23.77062, 52.6206418], [23.770569, 52.6206228], [23.7705075, 52.6206035], [23.7704458, 52.6205867], [23.7703966, 52.6205694], [23.7703528, 52.6205497], [23.7703108, 52.6205269], [23.7702612, 52.6204963], [23.7702356, 52.6204823], [23.7702059, 52.6204695], [23.77017, 52.6204601], [23.7701324, 52.6204572], [23.7700969, 52.6204572], [23.7700582, 52.6204605], [23.7700213, 52.620467], [23.7699599, 52.6204771], [23.7699316, 52.6204806], [23.7699006, 52.6204819], [23.7698699, 52.6204806], [23.7698436, 52.6204751], [23.7698176, 52.6204653], [23.7697933, 52.6204522], [23.7697737, 52.6204328], [23.7697599, 52.6204106], [23.7697499, 52.6203864], [23.7697437, 52.6203613], [23.7697405, 52.6203355], [23.7697367, 52.6203096], [23.7697308, 52.6202818], [23.7697199, 52.6202476], [23.7697044, 52.6202126], [23.7696872, 52.6201771], [23.7696771, 52.6201461], [23.7696693, 52.6201102], [23.7696671, 52.6200715], [23.7696688, 52.6200306], [23.7696767, 52.6199826], [23.7696879, 52.6199325], [23.7696906, 52.6199076], [23.7696903, 52.6198842], [23.7696868, 52.6198648], [23.7696797, 52.6198506], [23.7696707, 52.6198404], [23.7696553, 52.6198324], [23.7696339, 52.619828], [23.7696129, 52.6198272], [23.7695915, 52.6198281], [23.7695699, 52.6198322], [23.7695482, 52.6198385], [23.769514, 52.6198485], [23.7694858, 52.6198553], [23.7694565, 52.6198592], [23.7694248, 52.6198609], [23.7693985, 52.6198598], [23.7693727, 52.6198534], [23.769352, 52.6198439], [23.7693351, 52.6198302], [23.769323, 52.6198147], [23.7693109, 52.6197962], [23.7692996, 52.6197829], [23.769285, 52.6197694], [23.7692704, 52.6197571], [23.7692507, 52.619746], [23.7692326, 52.6197387], [23.7692131, 52.6197343], [23.7691928, 52.6197322], [23.7691734, 52.6197325], [23.7691538, 52.6197352], [23.7691339, 52.6197395], [23.7691131, 52.6197461], [23.7690954, 52.6197553], [23.7690777, 52.6197683], [23.7690592, 52.6197888], [23.7690416, 52.6198137], [23.7690232, 52.6198386], [23.7690045, 52.6198637], [23.7689892, 52.619879], [23.7689711, 52.61989], [23.768953, 52.6198965], [23.7689337, 52.6198997], [23.7689142, 52.6198997], [23.7688961, 52.6198974], [23.7688798, 52.6198927], [23.7688652, 52.619884], [23.7688521, 52.6198729], [23.7688231, 52.6198411], [23.7688024, 52.6198209], [23.768779, 52.6198062], [23.7687505, 52.6197959], [23.7687162, 52.6197916], [23.7686787, 52.619791], [23.7686378, 52.6197932], [23.7685896, 52.619798], [23.7685438, 52.6198032], [23.7685039, 52.6198052], [23.7684655, 52.6198036], [23.7684272, 52.6197974], [23.7683846, 52.6197854], [23.7683447, 52.6197697], [23.7683017, 52.6197493], [23.768262, 52.6197301], [23.768221, 52.6197135], [23.7681747, 52.6196975], [23.7681168, 52.6196779], [23.7680613, 52.6196562], [23.7680094, 52.6196318], [23.7679628, 52.6196059], [23.7679161, 52.6195742], [23.7678824, 52.6195433], [23.7678524, 52.6195068], [23.7678271, 52.6194687], [23.7678021, 52.6194223], [23.7677815, 52.6193731], [23.7677599, 52.6193198], [23.7677421, 52.6192619], [23.7677245, 52.6192153], [23.767695, 52.6191666], [23.7676569, 52.6191212], [23.7676082, 52.619085], [23.7675509, 52.6190558], [23.7674856, 52.6190293], [23.7674088, 52.6189938], [23.767339, 52.6189564], [23.7672798, 52.6189211], [23.767221, 52.6188883], [23.7671579, 52.6188629], [23.7670857, 52.6188408], [23.7670076, 52.6188232], [23.7669247, 52.6188131], [23.7668358, 52.6188056], [23.7667813, 52.6187996], [23.7667281, 52.6187909], [23.7666782, 52.6187744], [23.7666333, 52.6187484], [23.7666011, 52.6187165], [23.7665785, 52.6186805], [23.7665624, 52.6186399], [23.7665527, 52.6185987], [23.7665504, 52.6185528], [23.7665551, 52.6184807], [23.766551, 52.6184325], [23.7665399, 52.6183856], [23.7665207, 52.6183411], [23.7665093, 52.6183035], [23.7665109, 52.6182729], [23.7665257, 52.6182413], [23.7665489, 52.6182107], [23.7665784, 52.6181802], [23.766594, 52.6181628], [23.7666019, 52.6181456], [23.7666009, 52.6181284], [23.766593, 52.6181113], [23.7665768, 52.6180927], [23.7665546, 52.6180751], [23.7665267, 52.6180595], [23.766491, 52.6180445], [23.7664454, 52.6180276], [23.7663267, 52.6179861], [23.766255, 52.6179579], [23.7661863, 52.6179264], [23.7661157, 52.6178944], [23.7660519, 52.6178694], [23.7659792, 52.6178412], [23.7658938, 52.6178149], [23.765792, 52.6177891], [23.7656818, 52.617767], [23.765582, 52.6177519], [23.7654733, 52.6177421], [23.7653646, 52.6177384], [23.7652476, 52.6177417], [23.7651311, 52.6177502], [23.7650164, 52.6177562], [23.7648976, 52.6177545], [23.7647839, 52.6177461], [23.7646618, 52.6177264], [23.7645321, 52.6176994], [23.7643937, 52.6176649], [23.7642697, 52.6176297], [23.764134, 52.6175856], [23.7639766, 52.6175289], [23.763799, 52.6174551], [23.7636409, 52.6173781], [23.7635839, 52.6173467], [23.7635398, 52.6173075], [23.7635168, 52.6172604], [23.763509, 52.6172109], [23.7634987, 52.6171808], [23.763472, 52.6171613], [23.7634282, 52.6171506], [23.7633758, 52.6171483], [23.7633115, 52.6171532], [23.7632461, 52.6171671], [23.7631924, 52.6171904], [23.7631505, 52.6172179], [23.7631169, 52.617247], [23.7630909, 52.6172618], [23.7630606, 52.6172731], [23.7630251, 52.6172782], [23.7629837, 52.6172794], [23.7629393, 52.6172766], [23.7628965, 52.6172693], [23.7628512, 52.6172577], [23.7628031, 52.6172384], [23.7627541, 52.6172133], [23.762729, 52.6172025], [23.762703, 52.6171971], [23.7626737, 52.6171968], [23.7626473, 52.6172026], [23.7626248, 52.6172121], [23.7626059, 52.6172258], [23.7625933, 52.6172432], [23.7625626, 52.6172991], [23.7625422, 52.6173262], [23.7625217, 52.6173445], [23.762496, 52.6173583], [23.7624678, 52.6173666], [23.7624359, 52.617372], [23.7623987, 52.6173755], [23.7623563, 52.6173759], [23.7623101, 52.6173734], [23.7622727, 52.6173686], [23.7622385, 52.6173621], [23.7622039, 52.617352], [23.7621713, 52.6173383], [23.7621451, 52.6173223], [23.7621278, 52.6173021], [23.7621157, 52.61728], [23.7621083, 52.6172542], [23.7621059, 52.6172261], [23.7621099, 52.6171976], [23.7621253, 52.6171616], [23.7621509, 52.6171232], [23.7621683, 52.6170848], [23.762172, 52.617044], [23.7621625, 52.6170089], [23.7621381, 52.6169737], [23.7621004, 52.6169412], [23.762048, 52.6169094], [23.7619894, 52.6168817], [23.761713, 52.6167562], [23.7616575, 52.6167273], [23.7616054, 52.6166953], [23.7615587, 52.6166644], [23.7615129, 52.6166359], [23.7614583, 52.6166035], [23.7614144, 52.6165701], [23.761382, 52.6165334], [23.7613598, 52.6164893], [23.7613549, 52.6164438], [23.7613652, 52.6163947], [23.7613929, 52.6163472], [23.761434, 52.6162962], [23.7614588, 52.6162595], [23.7614694, 52.6162227], [23.7614621, 52.6161876], [23.7614394, 52.6161549], [23.7614051, 52.6161226], [23.7613507, 52.6160891], [23.7612731, 52.6160571], [23.7611699, 52.6160294], [23.7610501, 52.6160059], [23.7609274, 52.6159891], [23.7607999, 52.6159796], [23.7606539, 52.6159753], [23.760584, 52.6159784], [23.7605157, 52.6159862], [23.7604545, 52.616001], [23.7604011, 52.6160221], [23.7603662, 52.6160425], [23.7603429, 52.6160645], [23.7603264, 52.6160859], [23.7603086, 52.6160986], [23.7602858, 52.6161073], [23.7602579, 52.6161109], [23.7602257, 52.6161112], [23.7601925, 52.6161059], [23.7601614, 52.6160939], [23.7601347, 52.6160771], [23.7601036, 52.6160507], [23.7600498, 52.616006], [23.7600177, 52.6159887], [23.7599824, 52.6159758], [23.7599442, 52.6159693], [23.7599046, 52.6159688], [23.7598648, 52.615974], [23.7598238, 52.6159836], [23.7597836, 52.6159972], [23.7597437, 52.6160165], [23.7597103, 52.616036], [23.7596771, 52.6160528], [23.7596426, 52.6160648], [23.7596071, 52.6160729], [23.7595708, 52.6160781], [23.7595324, 52.61608], [23.759495, 52.6160782], [23.7594545, 52.6160734], [23.7594207, 52.6160675], [23.759388, 52.61606], [23.7593595, 52.6160506], [23.7593292, 52.6160394], [23.7592989, 52.6160253], [23.7592709, 52.6160086], [23.7592416, 52.6159894], [23.7591439, 52.6159155], [23.7591106, 52.615898], [23.7590695, 52.615884], [23.7590179, 52.6158802], [23.7589681, 52.6158834], [23.7589156, 52.6158906], [23.7588603, 52.615905], [23.7588098, 52.6159268], [23.758768, 52.6159561], [23.7587421, 52.6159869], [23.7587237, 52.6160165], [23.7587082, 52.6160384], [23.7586927, 52.6160565], [23.7586712, 52.6160723], [23.7586464, 52.6160824], [23.7586178, 52.6160876], [23.7585816, 52.6160891], [23.7585334, 52.6160852], [23.7582797, 52.6160582], [23.7581817, 52.6160425], [23.7580885, 52.6160218], [23.7579928, 52.6159947], [23.7579508, 52.6159778], [23.757914, 52.6159556], [23.7578861, 52.6159286], [23.7578666, 52.6158945], [23.7578566, 52.6158579], [23.7578526, 52.6158168], [23.757854, 52.6157735], [23.7578642, 52.6156877], [23.7578622, 52.6156686], [23.7578544, 52.6156496], [23.7578378, 52.6156324], [23.75781, 52.6156185], [23.7577728, 52.6156068], [23.7577317, 52.6156004], [23.7576867, 52.6155976], [23.7576411, 52.6155989], [23.7575925, 52.6156031], [23.7575463, 52.6156129], [23.7575017, 52.6156254], [23.7574566, 52.6156347], [23.7574198, 52.6156354], [23.7573866, 52.6156287], [23.7573608, 52.6156138], [23.7573477, 52.6155939], [23.7573439, 52.6155699], [23.7573421, 52.6155427], [23.7573299, 52.6155181], [23.7573071, 52.6154966], [23.7572692, 52.6154791], [23.757224, 52.6154721], [23.7571771, 52.6154751], [23.757137, 52.6154867], [23.7571053, 52.6155061], [23.7570875, 52.6155329], [23.7570795, 52.6155621], [23.7570688, 52.6155897], [23.757047, 52.615616], [23.7570186, 52.6156353], [23.7569837, 52.6156469], [23.7569396, 52.6156519], [23.7568975, 52.6156518], [23.7568551, 52.6156464], [23.7568212, 52.6156355], [23.756797, 52.6156204], [23.7567832, 52.6156009], [23.7567792, 52.6155785], [23.7567806, 52.6155542], [23.7568134, 52.6154008], [23.7568275, 52.6153668], [23.7568482, 52.6153357], [23.7568772, 52.6153042], [23.7569135, 52.6152726], [23.75697, 52.6152287], [23.7569988, 52.6151981], [23.7570193, 52.6151698], [23.7570374, 52.6151407], [23.7570614, 52.6151142], [23.7571006, 52.6150863], [23.7571479, 52.6150636], [23.7571837, 52.61504], [23.7572065, 52.6150104], [23.7572139, 52.6149785], [23.757207, 52.6149454], [23.757185, 52.6149152], [23.7571482, 52.614888], [23.7571001, 52.6148676], [23.7570391, 52.6148551], [23.7569735, 52.6148506], [23.7569067, 52.6148554], [23.7568361, 52.6148648], [23.7567583, 52.6148728], [23.7566848, 52.6148756], [23.7566172, 52.6148691], [23.7565527, 52.6148534], [23.7564891, 52.6148239], [23.7564384, 52.614789], [23.7563285, 52.6146938], [23.7562841, 52.6146488], [23.7562467, 52.6146001], [23.7562113, 52.6145478], [23.7561813, 52.6144925], [23.7561632, 52.6144605], [23.7561408, 52.6144327], [23.7561104, 52.6144082], [23.7560708, 52.6143904], [23.7560258, 52.6143783], [23.7559737, 52.6143754], [23.7559215, 52.6143782], [23.7558719, 52.614386], [23.7558192, 52.6143983], [23.7557238, 52.6144245], [23.7556712, 52.6144365], [23.7556159, 52.614444], [23.7555593, 52.6144464], [23.7555009, 52.6144433], [23.75544, 52.6144325], [23.7553778, 52.6144149], [23.7552681, 52.6143848], [23.7552257, 52.6143746], [23.7551795, 52.6143693], [23.7551294, 52.6143692], [23.7550771, 52.6143749], [23.7550292, 52.6143826], [23.7549972, 52.6143852], [23.7549652, 52.6143845], [23.7549339, 52.614379], [23.7549108, 52.6143688], [23.7548942, 52.6143542], [23.754886, 52.6143373], [23.7548871, 52.6143194], [23.7548972, 52.6143009], [23.754906, 52.6142821], [23.7549105, 52.6142633], [23.7549058, 52.6142441], [23.7548894, 52.6142268], [23.7548633, 52.6142128], [23.7548299, 52.6142013], [23.7547892, 52.614193], [23.7547433, 52.6141878], [23.7546469, 52.6141812], [23.754602, 52.6141763], [23.7545591, 52.6141656], [23.7545184, 52.614149], [23.7544784, 52.6141258], [23.7544036, 52.6140767], [23.754356, 52.6140504], [23.754301, 52.6140252], [23.7542374, 52.6140036], [23.7541687, 52.6139855], [23.7540987, 52.6139623], [23.7540591, 52.613948], [23.7540255, 52.6139263], [23.7540033, 52.6139003], [23.7539906, 52.6138726], [23.7539765, 52.6138513], [23.7539594, 52.6138376], [23.753937, 52.6138286], [23.7539099, 52.6138237], [23.7538812, 52.6138233], [23.753852, 52.6138283], [23.7538244, 52.6138377], [23.7538019, 52.6138518], [23.7537822, 52.6138719], [23.75377, 52.6138935], [23.7537608, 52.6139182], [23.7537339, 52.6139991], [23.7537273, 52.614018], [23.7537161, 52.6140349], [23.7536975, 52.6140459], [23.7536702, 52.6140512], [23.753643, 52.6140484], [23.7536216, 52.6140402], [23.7536037, 52.6140267], [23.7535905, 52.6140087], [23.7535819, 52.6139875], [23.7535751, 52.6139644], [23.7535413, 52.6137878], [23.7535409, 52.6137469], [23.7535458, 52.6137083], [23.7535428, 52.6136802], [23.7535293, 52.6136585], [23.7535055, 52.6136382], [23.7534691, 52.6136219], [23.7534315, 52.6136125], [23.7533929, 52.6136077], [23.7533536, 52.6136078], [23.7533082, 52.6136123], [23.7532618, 52.6136224], [23.7532146, 52.6136364], [23.7531504, 52.6136573], [23.7531132, 52.6136657], [23.7530758, 52.6136687], [23.7530343, 52.6136664], [23.7529984, 52.613659], [23.7529638, 52.6136456], [23.752932, 52.613625], [23.7529054, 52.6135996], [23.7528681, 52.6135588], [23.7528441, 52.6135416], [23.7528101, 52.6135287], [23.7527702, 52.6135217], [23.7527274, 52.6135197], [23.7526845, 52.6135228], [23.7526433, 52.6135324], [23.7526029, 52.6135476], [23.7525701, 52.6135664], [23.7525387, 52.61359], [23.7525084, 52.6136179], [23.7524803, 52.6136482], [23.752436, 52.6136971], [23.7523946, 52.6137381], [23.7523452, 52.6137769], [23.7522901, 52.6138111], [23.7522338, 52.6138411], [23.7521744, 52.6138619], [23.7521072, 52.613877], [23.7520372, 52.6138864], [23.7519566, 52.6138948], [23.7518939, 52.6139041], [23.7518415, 52.6139153], [23.7518003, 52.6139313], [23.7517631, 52.6139521], [23.7517367, 52.6139761], [23.7517195, 52.614005], [23.7517003, 52.6140304], [23.7516812, 52.6140518], [23.7516561, 52.6140684], [23.7516234, 52.6140808], [23.7515803, 52.6140904], [23.7515341, 52.6140949], [23.7514849, 52.6140959], [23.7514342, 52.6140924], [23.7513756, 52.6140859], [23.7513115, 52.6140736], [23.7512461, 52.6140568], [23.7511808, 52.6140373], [23.7511154, 52.6140154], [23.751076, 52.6140024], [23.7510366, 52.6139951], [23.7509912, 52.6139914], [23.7509443, 52.6139931], [23.7508946, 52.6140012], [23.7508457, 52.6140137], [23.7507939, 52.614034], [23.7507463, 52.6140602], [23.7506363, 52.6141219], [23.7506004, 52.6141476], [23.7505753, 52.614177], [23.7505613, 52.6142063], [23.7505515, 52.614237], [23.750545, 52.6142621], [23.7505362, 52.6142816], [23.7505187, 52.6142995], [23.7504931, 52.614315], [23.7504608, 52.6143235], [23.7504226, 52.6143277], [23.7503873, 52.6143286], [23.7503548, 52.6143269], [23.7503264, 52.6143215], [23.7502973, 52.6143126], [23.7502705, 52.614301], [23.7502397, 52.6142806], [23.7502042, 52.6142544], [23.7500736, 52.614151], [23.7500347, 52.6141283], [23.7499849, 52.6141078], [23.749925, 52.6140912], [23.7498612, 52.6140786], [23.7498102, 52.6140674], [23.7497694, 52.614051], [23.7497356, 52.6140289], [23.749712, 52.6140038], [23.7497012, 52.6139766], [23.7496974, 52.613948], [23.7497022, 52.6139143], [23.7497138, 52.6138797], [23.7497325, 52.6138454], [23.7497617, 52.6138049], [23.7497991, 52.6137601], [23.7498669, 52.613689], [23.7498877, 52.6136584], [23.7499017, 52.6136275], [23.7499074, 52.6135994], [23.7499058, 52.6135712], [23.7498933, 52.6135436], [23.7498683, 52.6135184], [23.7498329, 52.6134954], [23.7497902, 52.6134737], [23.7497363, 52.6134528], [23.7496766, 52.6134359], [23.7495995, 52.61342], [23.7495185, 52.6134071], [23.7494466, 52.6133929], [23.7493766, 52.6133732], [23.7493021, 52.6133429], [23.7492418, 52.6132986], [23.7491861, 52.6132451], [23.7491452, 52.6132003], [23.7491243, 52.6131565], [23.7491174, 52.6131038], [23.749129, 52.6130648], [23.7491548, 52.613027], [23.7491837, 52.6129996], [23.7492037, 52.6129753], [23.7492102, 52.6129504], [23.7492018, 52.6129216], [23.7491777, 52.6128931], [23.7491435, 52.6128667], [23.7491007, 52.6128465], [23.7490486, 52.6128305], [23.7488115, 52.6127656], [23.74873, 52.612748], [23.7486528, 52.6127406], [23.7485767, 52.6127425], [23.7485018, 52.6127547], [23.7484405, 52.6127762], [23.7483974, 52.6128037], [23.7483609, 52.6128437], [23.7483303, 52.6128883], [23.7483112, 52.6129323], [23.7482925, 52.6129701], [23.7482689, 52.6130004], [23.7482395, 52.6130235], [23.7481993, 52.6130396], [23.7481524, 52.6130475], [23.7481027, 52.6130464], [23.7480506, 52.6130386], [23.7479926, 52.6130227], [23.7475353, 52.6128718], [23.7474368, 52.6128492], [23.7473142, 52.6128321], [23.7472189, 52.6128289], [23.747143, 52.6128338], [23.7470803, 52.6128466], [23.7470349, 52.6128693], [23.7470004, 52.6129001], [23.7469749, 52.6129354], [23.746962, 52.6129728], [23.7469409, 52.6130039], [23.7469072, 52.6130278], [23.746853, 52.6130431], [23.7467938, 52.6130483], [23.7467305, 52.6130442], [23.7466692, 52.6130314], [23.7466028, 52.6130093], [23.7465254, 52.6129807], [23.7464376, 52.6129415], [23.746353, 52.6128971], [23.7462826, 52.6128477], [23.7462181, 52.6127917], [23.7461535, 52.6127234], [23.746094, 52.6126545], [23.7460225, 52.6125934], [23.7459413, 52.6125362], [23.7458447, 52.6124781], [23.7457799, 52.6124189], [23.7457308, 52.6123507], [23.7456936, 52.6122841], [23.7456597, 52.6122368], [23.7455996, 52.6121848], [23.7455201, 52.6121372], [23.745437, 52.6121018], [23.7454054, 52.6120771], [23.7453952, 52.6120453], [23.7454078, 52.6120111], [23.7454239, 52.6119823], [23.7454204, 52.6119526], [23.7453975, 52.611926], [23.7453594, 52.611903], [23.7453085, 52.6118882], [23.7452495, 52.6118809], [23.7451993, 52.6118692], [23.7451569, 52.6118493], [23.7451251, 52.6118211], [23.7450915, 52.6118004], [23.7450483, 52.6117837], [23.7450024, 52.6117766], [23.7449513, 52.6117778], [23.7449029, 52.6117889], [23.7448553, 52.6118113], [23.7448141, 52.6118423], [23.7447464, 52.6119022], [23.7447085, 52.6119291], [23.7446631, 52.6119505], [23.7446065, 52.6119646], [23.7445425, 52.6119719], [23.7444765, 52.6119731], [23.7443521, 52.6119709], [23.7442863, 52.6119676], [23.744224, 52.611961], [23.7441575, 52.6119495], [23.7440956, 52.6119319], [23.7440408, 52.6119091], [23.7439924, 52.6118832], [23.7439509, 52.6118529], [23.7438494, 52.6117714], [23.7438287, 52.6117602], [23.7438072, 52.6117524], [23.7437807, 52.6117473], [23.743755, 52.6117465], [23.7437321, 52.611749], [23.7437136, 52.6117552], [23.7436989, 52.6117638], [23.7436897, 52.6117745], [23.7436865, 52.6117875], [23.7436882, 52.6118012], [23.7436955, 52.6118161], [23.743705, 52.6118308], [23.7437286, 52.6118618], [23.7437359, 52.6118756], [23.7437404, 52.6118908], [23.7437385, 52.6119054], [23.7437299, 52.6119187], [23.7437173, 52.6119307], [23.7436992, 52.6119396], [23.7436763, 52.6119446], [23.7436498, 52.6119477], [23.7436224, 52.6119486], [23.7435913, 52.6119467], [23.7435623, 52.6119398], [23.7435347, 52.6119285], [23.7435089, 52.6119134], [23.7434819, 52.6118952], [23.7433766, 52.6118175], [23.7433404, 52.611796], [23.743298, 52.6117788], [23.7432435, 52.6117668], [23.7431821, 52.6117609], [23.7431298, 52.6117612], [23.7430848, 52.611769], [23.7430434, 52.6117816], [23.7430074, 52.6117994], [23.7429805, 52.6118199], [23.7429557, 52.611845], [23.7429357, 52.6118602], [23.7429118, 52.6118744], [23.7428869, 52.6118852], [23.7428545, 52.6118946], [23.7428206, 52.6118999], [23.7427812, 52.6119025], [23.7427409, 52.6119027], [23.7426923, 52.611904], [23.7426525, 52.6119069], [23.7426161, 52.6119109], [23.7425861, 52.6119158], [23.7425562, 52.611922], [23.7425346, 52.6119287], [23.7425164, 52.6119371], [23.7425011, 52.6119463], [23.7424914, 52.6119559], [23.7424864, 52.6119659], [23.7424864, 52.6119761], [23.7424912, 52.6119859], [23.7424988, 52.6119942], [23.7425105, 52.6120022], [23.7425255, 52.6120094], [23.7425443, 52.6120153], [23.7425671, 52.6120201], [23.7425868, 52.6120252], [23.7426052, 52.6120329], [23.7426189, 52.6120441], [23.7426244, 52.6120571], [23.7426236, 52.6120702], [23.7426169, 52.6120827], [23.7426063, 52.6120939], [23.742593, 52.6121049], [23.7425767, 52.6121166], [23.7425085, 52.6121569], [23.742477, 52.612169], [23.7424429, 52.6121777], [23.7424078, 52.6121821], [23.7423728, 52.6121849], [23.7423378, 52.6121852], [23.7423023, 52.6121811], [23.7422699, 52.6121736], [23.7422388, 52.6121626], [23.7422094, 52.6121479], [23.7421772, 52.6121295], [23.7421507, 52.6121088], [23.742126, 52.612087], [23.7421025, 52.6120626], [23.7420836, 52.6120462], [23.7420607, 52.6120298], [23.7420331, 52.6120169], [23.7419996, 52.612008], [23.7419625, 52.6120061], [23.7419228, 52.6120095], [23.7418842, 52.6120197], [23.7418522, 52.612036], [23.741823, 52.6120556], [23.7417973, 52.6120798], [23.7417752, 52.612103], [23.7417476, 52.612123], [23.7417187, 52.6121344], [23.7416884, 52.6121383], [23.7416599, 52.6121354], [23.7416372, 52.6121262], [23.7416173, 52.6121095], [23.7416036, 52.612091], [23.7415919, 52.6120696], [23.7415832, 52.6120573], [23.7415678, 52.6120465], [23.7415465, 52.6120406], [23.7415216, 52.612039], [23.7414953, 52.6120411], [23.7414744, 52.6120469], [23.7414561, 52.6120563], [23.74144, 52.6120683], [23.7414285, 52.6120827], [23.7414221, 52.6120975], [23.7414213, 52.6121126], [23.7414227, 52.6121266], [23.7414236, 52.6121368], [23.7414217, 52.6121464], [23.7414168, 52.6121556], [23.7414087, 52.6121635], [23.7413979, 52.6121694], [23.7413825, 52.6121729], [23.7413668, 52.6121739], [23.7413498, 52.6121725], [23.7413349, 52.6121691], [23.7413212, 52.612163], [23.7413099, 52.6121546], [23.7413, 52.6121445], [23.7412494, 52.6120822], [23.7412302, 52.6120646], [23.7412028, 52.6120496], [23.7411715, 52.6120408], [23.7411328, 52.6120366], [23.7410911, 52.6120378], [23.7410479, 52.612043], [23.740814, 52.6120803], [23.7407556, 52.6120871], [23.7407046, 52.6120916], [23.7406529, 52.6120922], [23.7406002, 52.6120852], [23.740556, 52.6120728], [23.7405132, 52.6120529], [23.7404716, 52.6120301], [23.7404295, 52.6120115], [23.7403893, 52.6119988], [23.7403426, 52.6119907], [23.7402945, 52.6119885], [23.7402421, 52.6119935], [23.7401981, 52.6120058], [23.7401559, 52.6120236], [23.7401176, 52.6120455], [23.7400748, 52.6120684], [23.7400363, 52.6120843], [23.739996, 52.6120948], [23.7399586, 52.6121005], [23.7399234, 52.6121028], [23.7398878, 52.6120995], [23.7398558, 52.6120917], [23.7398293, 52.6120794], [23.7398086, 52.612062], [23.7397886, 52.6120337], [23.7397707, 52.6119921], [23.7397572, 52.611947], [23.7397482, 52.6118932], [23.7397399, 52.6118382], [23.7397355, 52.6118177], [23.7397268, 52.6118005], [23.7397103, 52.6117868], [23.7396888, 52.6117777], [23.7396637, 52.6117733], [23.7396359, 52.6117733], [23.7396052, 52.6117788], [23.7395741, 52.6117898], [23.739544, 52.6118069], [23.7395181, 52.6118268], [23.7394284, 52.6119073], [23.7394057, 52.6119234], [23.7393799, 52.6119355], [23.7393537, 52.611943], [23.7393279, 52.611946], [23.7393031, 52.6119456], [23.7392768, 52.611941], [23.739252, 52.6119322], [23.739228, 52.6119178], [23.7392095, 52.6119012], [23.7391184, 52.6118035], [23.7390861, 52.6117633], [23.7390648, 52.611731], [23.7390411, 52.6116872], [23.7389938, 52.611593], [23.7389698, 52.6115524], [23.7389428, 52.6115194], [23.7389132, 52.6114907], [23.7388758, 52.611468], [23.7388338, 52.611454], [23.738784, 52.6114404], [23.7387356, 52.611425], [23.7386748, 52.6114111], [23.7386108, 52.6114015], [23.7385424, 52.611397], [23.738468, 52.6113943], [23.7383812, 52.6113908], [23.738337, 52.6113844], [23.7383005, 52.6113738], [23.7382729, 52.6113591], [23.738258, 52.6113402], [23.7382558, 52.6113193], [23.7382653, 52.6112954], [23.7383188, 52.6111921], [23.7383377, 52.6111653], [23.7383602, 52.6111399], [23.7383885, 52.6111131], [23.7384085, 52.6110907], [23.7384231, 52.6110669], [23.73843, 52.6110435], [23.7384282, 52.6110196], [23.7384186, 52.6109966], [23.7384001, 52.6109761], [23.7383736, 52.6109548], [23.7383415, 52.6109366], [23.7383042, 52.6109117], [23.7382711, 52.610885], [23.7382414, 52.6108535], [23.7382185, 52.6108184], [23.7381949, 52.610773], [23.7381762, 52.6107454], [23.7381541, 52.6107233], [23.7381209, 52.6107004], [23.7380749, 52.6106784], [23.7380184, 52.6106567], [23.7379595, 52.6106401], [23.737901, 52.6106292], [23.7378396, 52.610625], [23.737779, 52.6106257], [23.7377101, 52.6106311], [23.7376019, 52.6106414], [23.7375319, 52.6106487], [23.7374717, 52.6106537], [23.7374202, 52.610656], [23.7373737, 52.6106561], [23.7373332, 52.6106536], [23.737293, 52.6106478], [23.7372581, 52.6106393], [23.7372254, 52.6106287], [23.7371929, 52.6106141], [23.7371616, 52.6105967], [23.736938, 52.6104333], [23.7368956, 52.6103853], [23.7368823, 52.6103367], [23.7368915, 52.6102853], [23.7369211, 52.6102434], [23.7369701, 52.6102077], [23.7370509, 52.6101756], [23.7371419, 52.6101569], [23.7372491, 52.61015], [23.737346, 52.6101562], [23.7374429, 52.6101552], [23.7375278, 52.6101406], [23.7376093, 52.6101102], [23.7376651, 52.6100661], [23.7376986, 52.6100085], [23.7377187, 52.6099525], [23.7377424, 52.6098458], [23.7377438, 52.6097753], [23.7377324, 52.6097052], [23.7377103, 52.6096323], [23.7376694, 52.6095691], [23.737617, 52.6095096], [23.7375566, 52.6094625], [23.7374817, 52.6094238], [23.7373966, 52.6093924], [23.737307, 52.6093669], [23.7371984, 52.609348], [23.737085, 52.6093409], [23.7369548, 52.6093419], [23.7368353, 52.6093455], [23.736771, 52.6093469], [23.7366982, 52.6093463], [23.7366281, 52.6093397], [23.7365717, 52.609328], [23.7365337, 52.6093146], [23.7365105, 52.6092981], [23.736494, 52.6092772], [23.7364877, 52.6092531], [23.7364919, 52.6092277], [23.7364923, 52.6092081], [23.736486, 52.6091879], [23.7364719, 52.6091691], [23.7364464, 52.609153], [23.7364131, 52.6091424], [23.7363767, 52.6091347], [23.7363356, 52.6091289], [23.736291, 52.6091207], [23.7362499, 52.6091081], [23.7362161, 52.6090917], [23.7361809, 52.6090673], [23.7361474, 52.6090383], [23.7360406, 52.6089429], [23.736011, 52.608921], [23.7359771, 52.6089035], [23.7359345, 52.6088879], [23.7358858, 52.6088738], [23.7358234, 52.6088584], [23.7357691, 52.6088411], [23.7357355, 52.6088251], [23.7357012, 52.6088036], [23.7356767, 52.6087799], [23.7356589, 52.6087527], [23.7356463, 52.6087167], [23.735639, 52.6086762], [23.7356369, 52.6086321], [23.7356378, 52.6085406], [23.7356328, 52.6085039], [23.7356237, 52.6084631], [23.7356125, 52.6084175], [23.7355958, 52.6083691], [23.7355272, 52.6082021], [23.7355055, 52.6081605], [23.7354813, 52.6081227], [23.7354498, 52.6080849], [23.7354145, 52.6080505], [23.7353689, 52.6080155], [23.7353161, 52.6079805], [23.7352211, 52.6079248], [23.7351846, 52.6078991], [23.7351542, 52.6078697], [23.7351347, 52.6078351], [23.7351229, 52.6077939], [23.7351175, 52.6077526], [23.7351103, 52.6076854], [23.7351028, 52.6076573], [23.7350888, 52.6076304], [23.735063, 52.6076011], [23.7350293, 52.6075688], [23.7350044, 52.6075424], [23.7349791, 52.6075073], [23.7349581, 52.6074681], [23.7349347, 52.6074175], [23.7349134, 52.6073504], [23.7348208, 52.6070594], [23.7347865, 52.6069816], [23.7347355, 52.6069167], [23.7346734, 52.6068647], [23.7345925, 52.6068179], [23.7344862, 52.6067874], [23.7343472, 52.6067602], [23.7340359, 52.6067106], [23.7340011, 52.6070467], [23.7339773, 52.6071749], [23.7339594, 52.6072992], [23.7339536, 52.6074203], [23.733955, 52.6075629], [23.733949, 52.6076217], [23.7339319, 52.607674], [23.7339015, 52.6077155], [23.7338519, 52.6077564], [23.7337821, 52.6077938], [23.7335415, 52.607906], [23.7334972, 52.6079316], [23.7334581, 52.6079607], [23.7334224, 52.6079935], [23.7333985, 52.608026], [23.7333821, 52.6080604], [23.7333756, 52.608094], [23.7333747, 52.6081265], [23.733378, 52.6081603], [23.7333854, 52.6081925], [23.7334167, 52.6083063], [23.733427, 52.6083486], [23.7334344, 52.6083923], [23.7334411, 52.6084365], [23.7334446, 52.6084768], [23.7334425, 52.6085125], [23.7334344, 52.6085466], [23.7334199, 52.6085864], [23.7334035, 52.6086268], [23.7333964, 52.6086546], [23.7333931, 52.6086837], [23.7333896, 52.6087118], [23.733383, 52.6087381], [23.733371, 52.6087621], [23.7333533, 52.6087853], [23.7333286, 52.6088081], [23.7332971, 52.6088294], [23.7332582, 52.6088518], [23.7332174, 52.608872], [23.7329391, 52.6089958], [23.73287, 52.6090172], [23.7327856, 52.609033], [23.7326941, 52.6090394], [23.7326087, 52.6090337], [23.7325366, 52.6090148], [23.7324727, 52.6089826], [23.7324196, 52.6089437], [23.7323572, 52.6089029], [23.7322854, 52.6088618], [23.7322096, 52.6088309], [23.7321197, 52.6088025], [23.7320634, 52.6087832], [23.732017, 52.6087603], [23.7319801, 52.6087341], [23.7319494, 52.6087005], [23.7319343, 52.6086673], [23.7319299, 52.6086266], [23.7319244, 52.6085608], [23.7319136, 52.6085212], [23.7318761, 52.6084866], [23.7318157, 52.6084638], [23.7317534, 52.6084543], [23.7316875, 52.6084594], [23.7316093, 52.6084781], [23.7315404, 52.608492], [23.7314598, 52.6084981], [23.7313773, 52.6084962], [23.7312942, 52.6084875], [23.7312368, 52.6084865], [23.7311743, 52.6084901], [23.731111, 52.6085006], [23.7310496, 52.6085182], [23.7309928, 52.6085422], [23.7309226, 52.6085781], [23.730894, 52.6086023], [23.7308737, 52.6086299], [23.7308553, 52.6086637], [23.7308361, 52.6086901], [23.7308105, 52.6087106], [23.7307765, 52.6087283], [23.7307319, 52.6087375], [23.7306816, 52.6087388], [23.7306297, 52.6087346], [23.7304368, 52.6087086], [23.7304074, 52.6087081], [23.7303753, 52.6087123], [23.7303482, 52.6087233], [23.7303247, 52.6087405], [23.7303081, 52.6087597], [23.730296, 52.6087828], [23.7302602, 52.6088641], [23.7302415, 52.6088974], [23.7302187, 52.6089283], [23.7301908, 52.6089556], [23.730151, 52.6089856], [23.7301169, 52.6090162], [23.7300861, 52.6090488], [23.7300556, 52.6090837], [23.730029, 52.6091216], [23.7300015, 52.6091655], [23.729981, 52.6092097], [23.7299635, 52.6092524], [23.7299416, 52.6093019], [23.7299185, 52.6093334], [23.7298876, 52.6093599], [23.7298495, 52.6093845], [23.7298006, 52.6094059], [23.7297492, 52.6094252], [23.7294994, 52.6095091], [23.7294444, 52.6095234], [23.7293834, 52.6095351], [23.7293139, 52.6095448], [23.7292433, 52.6095522], [23.7290905, 52.6095641], [23.7290327, 52.6095719], [23.7289687, 52.6095867], [23.7289094, 52.6096036], [23.7288488, 52.6096235], [23.7287837, 52.6096502], [23.7280419, 52.6099608], [23.7279757, 52.609998], [23.7279217, 52.6100364], [23.7278744, 52.6100788], [23.7278368, 52.610129], [23.7278093, 52.6101813], [23.7277642, 52.6103107], [23.7277124, 52.6104302], [23.7276456, 52.6105425], [23.7275681, 52.6106327], [23.7274692, 52.6107178], [23.7273679, 52.6107847], [23.7271131, 52.6109331], [23.7265203, 52.6113046], [23.7264069, 52.6113869], [23.7263142, 52.6114715], [23.7262785, 52.6115236], [23.7262564, 52.6115825], [23.7262459, 52.6116525], [23.7262339, 52.6117253], [23.7262192, 52.6117921], [23.7261971, 52.6118482], [23.7261694, 52.6118902], [23.7261308, 52.6119271], [23.7260875, 52.6119567], [23.7260311, 52.611981], [23.7259705, 52.611996], [23.7258964, 52.6120046], [23.7257612, 52.6120099], [23.7256677, 52.6120135], [23.7255569, 52.6120296], [23.7254429, 52.6120632], [23.7253272, 52.6121053], [23.7252296, 52.6121461], [23.7251348, 52.6121998], [23.7250454, 52.612233], [23.7249266, 52.6122578], [23.7247991, 52.6122716], [23.7246589, 52.6122858], [23.7245562, 52.6123053], [23.7244675, 52.6123333], [23.7243827, 52.612376], [23.7240791, 52.6125591], [23.7239966, 52.6125981], [23.7238976, 52.6126299], [23.723795, 52.6126566], [23.7236897, 52.6126747], [23.723569, 52.6126885], [23.7234571, 52.6126968], [23.7233365, 52.6126983], [23.7232188, 52.6127053], [23.7230993, 52.6127134], [23.7229818, 52.612727], [23.7228688, 52.6127467], [23.7227687, 52.6127742], [23.7226621, 52.6128121], [23.7225695, 52.6128571], [23.7221779, 52.6130707], [23.7221379, 52.6130988], [23.7221001, 52.6131328], [23.7220725, 52.6131768], [23.7220677, 52.6132245], [23.7220728, 52.6132752], [23.7220859, 52.6133317], [23.7221044, 52.6134162], [23.7221152, 52.6134802], [23.7221178, 52.6135416], [23.7221157, 52.6135863], [23.7221018, 52.6136216], [23.7220732, 52.6136534], [23.722031, 52.6136777], [23.7219772, 52.6136862], [23.721922, 52.6136849], [23.7218649, 52.6136762], [23.7217815, 52.6136618], [23.7217045, 52.6136537], [23.7216301, 52.6136514], [23.7215544, 52.6136543], [23.7214849, 52.6136631], [23.7213992, 52.6136809], [23.7212951, 52.6137093], [23.7211293, 52.6137671], [23.7210706, 52.6137911], [23.7210245, 52.6138182], [23.7209934, 52.6138508], [23.7209672, 52.6138856], [23.7209501, 52.6139201], [23.7209388, 52.6139575], [23.7209336, 52.6139968], [23.7209269, 52.6140227], [23.720909, 52.6140467], [23.7208825, 52.614066], [23.7208412, 52.6140814], [23.7207944, 52.6140935], [23.7204622, 52.614177], [23.7203682, 52.6142034], [23.7202801, 52.6142313], [23.7201945, 52.6142618], [23.7200245, 52.6143276], [23.7199178, 52.614369], [23.7198293, 52.6143989], [23.7197419, 52.6144231], [23.7196517, 52.6144398], [23.7195623, 52.6144506], [23.7194662, 52.6144589], [23.7192155, 52.6144773], [23.7191319, 52.6144892], [23.7190369, 52.6145008], [23.7189704, 52.6145236], [23.7189296, 52.6145672], [23.7188898, 52.6146163], [23.7188528, 52.6146599], [23.7100789, 52.6138231], [23.7026629, 52.613564], [23.697966, 52.6130231], [23.6938599, 52.612531], [23.679803, 52.611156], [23.6761051, 52.610806], [23.6685431, 52.61008], [23.6629689, 52.609557], [23.6592248, 52.6091593], [23.6505231, 52.608235], [23.6414109, 52.6074559], [23.623972, 52.602894], [23.6215036, 52.6022646], [23.6070235, 52.5984391], [23.6045619, 52.59779], [23.587686, 52.594106], [23.5780417, 52.5912964], [23.5612449, 52.5864067], [23.5608557, 52.5862934], [23.548337, 52.582645], [23.540169, 52.5802431], [23.5138034, 52.5699465], [23.504124, 52.566166], [23.5015909, 52.565038], [23.5005675, 52.5645938], [23.495584, 52.562372], [23.4855539, 52.557888], [23.4666281, 52.549448], [23.4636871, 52.546389], [23.4610407, 52.5436457], [23.457879, 52.540368], [23.4515899, 52.537408], [23.443676, 52.5336969], [23.4407652, 52.5323376], [23.4406282, 52.5322736], [23.4357941, 52.530016], [23.429023, 52.525479], [23.4272513, 52.524296], [23.4260221, 52.523475], [23.4217521, 52.5206087], [23.4175319, 52.517796], [23.4127098, 52.5145696], [23.408147, 52.5115173], [23.4081469, 52.511517], [23.4049251, 52.5088474], [23.4023129, 52.5066869], [23.3987208, 52.503717], [23.3959193, 52.501402], [23.3900278, 52.496528], [23.3855333, 52.4928082], [23.378716, 52.4871681], [23.3647147, 52.4755797], [23.364166, 52.4751251], [23.3637873, 52.4748112], [23.3621393, 52.4734475], [23.3581645, 52.4701561], [23.3580576, 52.4700683], [23.3579551, 52.4699831], [23.3578819, 52.4699222], [23.356691, 52.468946], [23.3523497, 52.4644397], [23.3519501, 52.4640249], [23.3502561, 52.462362], [23.3481569, 52.4602974], [23.3453431, 52.4575367], [23.3414592, 52.4537221], [23.3391597, 52.4514624], [23.336288, 52.4486406], [23.3329819, 52.445392], [23.3329737, 52.4453844], [23.3272619, 52.4398109], [23.3255839, 52.438117], [23.325435, 52.4379672], [23.319209, 52.431863], [23.3139214, 52.4266895], [23.3139161, 52.42669], [23.3122381, 52.4250172], [23.3102521, 52.413985], [23.299877, 52.4038132], [23.2874988, 52.3976124], [23.2794833, 52.3935805], [23.2785876, 52.3931401], [23.2779689, 52.392829], [23.2756829, 52.3906132], [23.2720961, 52.3870868], [23.266732, 52.3818531], [23.2506131, 52.366072], [23.2486448, 52.364161], [23.2465158, 52.3622576], [23.2412889, 52.3574188], [23.2385984, 52.3545905], [23.238381, 52.3543629], [23.236661, 52.3524942], [23.2361596, 52.3519493], [23.2361071, 52.3518922], [23.233708, 52.3492854], [23.232691, 52.34818], [23.229272, 52.3444651], [23.2246867, 52.3395078], [23.2217459, 52.3363265], [23.2191359, 52.3335011], [23.2189012, 52.3332497], [23.2155789, 52.329655], [23.213821, 52.327502], [23.2072135, 52.31944], [23.2054643, 52.3172714], [23.2054146, 52.3172108], [23.2010968, 52.3118598], [23.199504, 52.3098832], [23.1971866, 52.3070076], [23.1945982, 52.3038079], [23.1910507, 52.2992877], [23.1896077, 52.297446], [23.1886781, 52.2962607], [23.1881901, 52.2956391], [23.184846, 52.2913654], [23.1828699, 52.2888491], [23.1798301, 52.2849766], [23.1791935, 52.2841638], [23.1786854, 52.2835584], [23.1791967, 52.2834729], [23.1803375, 52.2834892], [23.1815664, 52.283237], [23.1828209, 52.283102], [23.1843733, 52.2827235], [23.1856468, 52.2823497], [23.1875846, 52.2816834], [23.188369, 52.2813981], [23.189524, 52.281059], [23.1905387, 52.280728], [23.1914753, 52.2804617], [23.1928437, 52.2802585], [23.1940721, 52.279993], [23.1953773, 52.2796241], [23.1965656, 52.2794266], [23.1977902, 52.2791501], [23.1989104, 52.2787842], [23.2001661, 52.2783847], [23.2011996, 52.278089], [23.202743, 52.277548], [23.2036207, 52.2769523], [23.2040579, 52.2764972], [23.2044258, 52.2756673], [23.204516, 52.2749692], [23.2041871, 52.2735605], [23.2037328, 52.2730596], [23.2023161, 52.2722085], [23.2013607, 52.2715847], [23.2007065, 52.2710667], [23.2001693, 52.2704138], [23.1998168, 52.2698537], [23.1996996, 52.269333], [23.1997276, 52.2678315], [23.2000716, 52.2661433], [23.2007713, 52.2644476], [23.2013975, 52.263585], [23.2020976, 52.2625743], [23.2025415, 52.2617632], [23.203252, 52.2610023], [23.2039093, 52.2602393], [23.2046555, 52.2592068], [23.2053128, 52.2584148], [23.2055401, 52.2578935], [23.2056259, 52.2572319], [23.2053037, 52.2561609], [23.2045786, 52.255232], [23.2039707, 52.2537557], [23.2031883, 52.2519606], [23.2023418, 52.2509033], [23.2015946, 52.249783], [23.2005913, 52.2490975], [23.1998102, 52.2485392], [23.1986604, 52.2477709], [23.1979034, 52.2472026], [23.1970522, 52.2458586], [23.1963032, 52.2447126], [23.1957687, 52.2436994], [23.1954971, 52.2428939], [23.1952474, 52.242295], [23.1949211, 52.241748], [23.1945244, 52.2412317], [23.1942761, 52.2406892], [23.1941624, 52.240144], [23.1941095, 52.2395379], [23.1943365, 52.2389986], [23.1949655, 52.2381811], [23.1955401, 52.2374122], [23.1968882, 52.2359914], [23.1970558, 52.2355917], [23.1972094, 52.2352242], [23.1976789, 52.234523], [23.1980478, 52.233776], [23.198292, 52.2332146], [23.1987188, 52.2328246], [23.1989558, 52.2323425], [23.198975, 52.231831], [23.1993556, 52.2311197], [23.199683, 52.2304621], [23.1998167, 52.2301938], [23.2000468, 52.2296785], [23.2004598, 52.2290306], [23.2006331, 52.2288343], [23.2009462, 52.2284822], [23.201673, 52.228102], [23.202447, 52.2273316], [23.2030457, 52.226859], [23.2036658, 52.2265544], [23.2048995, 52.2262632], [23.2062145, 52.2259922], [23.2073197, 52.2257482], [23.2091031, 52.2256758], [23.2104228, 52.2256354], [23.2113263, 52.225608], [23.2117954, 52.2255789], [23.2127838, 52.2255175], [23.2130332, 52.2255021], [23.2137389, 52.2254474], [23.214047, 52.2254231], [23.2153699, 52.2252814], [23.2174976, 52.2251943], [23.2190107, 52.2251612], [23.2215045, 52.2247033], [23.2227099, 52.2244825], [23.2236295, 52.2242597], [23.2245753, 52.2240304], [23.2257126, 52.2235502], [23.225853, 52.2234799], [23.2261079, 52.2233524], [23.2263678, 52.2232223], [23.2267467, 52.2230328], [23.2274534, 52.2227191], [23.2281533, 52.2224079], [23.2296534, 52.2218862], [23.230688, 52.2216829], [23.2310016, 52.2216216], [23.2322002, 52.2214372], [23.2344157, 52.2207205], [23.2353348, 52.2204791], [23.2362371, 52.2201927], [23.2377004, 52.2199602], [23.2389815, 52.2196449], [23.2400965, 52.219523], [23.2413835, 52.2194527], [23.2432123, 52.2194272], [23.2448826, 52.2195157], [23.2481174, 52.2192683], [23.2488941, 52.2192752], [23.2498085, 52.2191497], [23.2509489, 52.2189239], [23.2522968, 52.2187236], [23.2535257, 52.2185104], [23.2551035, 52.2181726], [23.2561049, 52.2177496], [23.2570776, 52.21725], [23.258706, 52.2162692], [23.2599024, 52.2158524], [23.2611181, 52.2156063], [23.2630659, 52.2153709], [23.2648002, 52.2151511], [23.2662689, 52.2149815], [23.2675068, 52.2148619], [23.268451, 52.2148785], [23.2707472, 52.2148665], [23.2723971, 52.2148345], [23.2733791, 52.2149316], [23.2745223, 52.215252], [23.2750899, 52.2154268], [23.2799428, 52.2169237], [23.2838107, 52.2180469], [23.2854938, 52.218554], [23.2914226, 52.2200775], [23.2925187, 52.2204658], [23.2937054, 52.2207832], [23.2948204, 52.2210486], [23.2958131, 52.2211561], [23.2969312, 52.2212546], [23.2980681, 52.221377], [23.2992264, 52.2214548], [23.3003281, 52.221528], [23.3016433, 52.2215463], [23.3025831, 52.2214458], [23.3034569, 52.2214673], [23.3045985, 52.221548], [23.3054449, 52.2214588], [23.3061712, 52.221187], [23.3068673, 52.2207418], [23.3073353, 52.2203291], [23.3075838, 52.2197973], [23.307742, 52.2190932], [23.3077324, 52.2183764], [23.3070476, 52.2175856], [23.3068373, 52.217141], [23.3065718, 52.2161201], [23.3062345, 52.2157308], [23.3058064, 52.2153097], [23.3051611, 52.2149947], [23.3043712, 52.2147624], [23.3030878, 52.2144952], [23.3018554, 52.2143598], [23.3005698, 52.2141988], [23.2996739, 52.2139638], [23.2990625, 52.2137058], [23.2980569, 52.2130572], [23.2979939, 52.2125607], [23.2984042, 52.2122711], [23.2993185, 52.2121513], [23.300425, 52.212023], [23.3019254, 52.2118782], [23.3033778, 52.2116038], [23.3048583, 52.2111296], [23.3057029, 52.210442], [23.3070359, 52.2098782], [23.3081868, 52.2092643], [23.3092804, 52.208826], [23.3105317, 52.2085469], [23.3117537, 52.2083417], [23.3132634, 52.2081483], [23.3147319, 52.208], [23.3157087, 52.2080141], [23.3167936, 52.2080119], [23.3176111, 52.2082128], [23.3188827, 52.2087879], [23.3199855, 52.2092414], [23.3212348, 52.2096534], [23.3222383, 52.2098476], [23.3239509, 52.2103572], [23.3247553, 52.2105975], [23.3255842, 52.2107233], [23.3263787, 52.2107045], [23.3271228, 52.2105514], [23.3280361, 52.2101993], [23.3294049, 52.2095992], [23.3305545, 52.2089268], [23.3311846, 52.2084241], [23.3319509, 52.2078608], [23.3325697, 52.2073089], [23.3337111, 52.2067746], [23.3349037, 52.2063375], [23.3373925, 52.2059571], [23.3393472, 52.2063385], [23.3402326, 52.2068442], [23.3407927, 52.2072103], [23.3422039, 52.2084456], [23.3430795, 52.2090396], [23.3447251, 52.2099377], [23.3457448, 52.2101816], [23.3475214, 52.2104884], [23.3491039, 52.2107603], [23.350843, 52.2107355], [23.3525457, 52.2106725], [23.3536997, 52.2103094], [23.354499, 52.2097066], [23.3547941, 52.2091483], [23.3543791, 52.2082197], [23.3536681, 52.2076521], [23.3525963, 52.2069957], [23.3520333, 52.2064979], [23.3516901, 52.205698], [23.3519473, 52.2050591], [23.3524205, 52.2045489], [23.3530732, 52.2043641], [23.3540574, 52.2044537], [23.3554823, 52.204838], [23.3565376, 52.2053615], [23.3585106, 52.2060837], [23.3598359, 52.206838], [23.3604887, 52.207748], [23.3617563, 52.2082215], [23.3635387, 52.2084487], [23.3654331, 52.20847], [23.3663113, 52.2081767], [23.3682284, 52.2072909], [23.3693252, 52.2065968], [23.3701783, 52.2060352], [23.370897, 52.2051788], [23.3719763, 52.2039346], [23.3720101, 52.2030225], [23.3716631, 52.2019858], [23.3715214, 52.200706], [23.3708936, 52.1995773], [23.3701707, 52.1979102], [23.3709229, 52.1969087], [23.3712305, 52.1965045], [23.3721316, 52.1960858], [23.3731708, 52.1956981], [23.3743751, 52.195387], [23.3750856, 52.1952053], [23.3767755, 52.1949099], [23.3778429, 52.1949464], [23.3792257, 52.1948805], [23.3803296, 52.1948974], [23.3820726, 52.1953314], [23.3832389, 52.1955703], [23.3838504, 52.1957747], [23.3853456, 52.1962903], [23.3863374, 52.1968097], [23.3876618, 52.1970071], [23.3883798, 52.197696], [23.3890727, 52.19834], [23.3891942, 52.1989542], [23.3892394, 52.199599], [23.389545, 52.2000722], [23.3902029, 52.2003451], [23.3908674, 52.2004254], [23.3920065, 52.200194], [23.392628, 52.2002335], [23.3931826, 52.2004863], [23.3934827, 52.2007013], [23.3938854, 52.2011012], [23.3946472, 52.2012196], [23.3954671, 52.2010743], [23.396401, 52.200641], [23.3969491, 52.2000389], [23.397123, 52.1994441], [23.3969456, 52.1988175], [23.396294, 52.1982966], [23.3955638, 52.1978848], [23.3943364, 52.1976702], [23.3936681, 52.1975206], [23.3932024, 52.1972886], [23.3929117, 52.1969813], [23.392748, 52.1966483], [23.3928371, 52.1961657], [23.3931631, 52.1958635], [23.3938398, 52.195403], [23.3947809, 52.1952628], [23.3964094, 52.1950405], [23.3987194, 52.1947447], [23.399151, 52.1946926], [23.4001134, 52.1943539], [23.401038, 52.1936325], [23.4014492, 52.1931308], [23.4015799, 52.1926152], [23.4015049, 52.1922407], [23.4013029, 52.1916286], [23.4008357, 52.1910837], [23.3999352, 52.190135], [23.3992026, 52.1896039], [23.398774, 52.1892449], [23.397619, 52.1883587], [23.397051, 52.1874353], [23.3969064, 52.1863818], [23.3975581, 52.1852507], [23.3979594, 52.1841095], [23.3974275, 52.1829111], [23.3973073, 52.1811333], [23.3975921, 52.1796936], [23.3985417, 52.1784331], [23.3999311, 52.1777845], [23.4013484, 52.1773704], [23.4029875, 52.1773982], [23.4041736, 52.1776001], [23.4048073, 52.1777187], [23.4056525, 52.178034], [23.4060894, 52.1782253], [23.4064129, 52.1783816], [23.4070539, 52.1788321], [23.4076852, 52.1793937], [23.4089203, 52.1810332], [23.4102883, 52.1819432], [23.412113, 52.182453], [23.4135912, 52.1825517], [23.4145388, 52.1823519], [23.4152785, 52.1820388], [23.4161814, 52.1814392], [23.417752, 52.1804362], [23.4188512, 52.1791172], [23.4195005, 52.1777715], [23.4201973, 52.1764457], [23.420636, 52.1752725], [23.4212111, 52.1741819], [23.4222074, 52.1730869], [23.4242781, 52.1722941], [23.4257286, 52.1721031], [23.4271818, 52.1721053], [23.4285717, 52.1720932], [23.4301113, 52.1723498], [23.4311198, 52.172771], [23.4317353, 52.1731924], [23.43282, 52.1739032], [23.4332265, 52.174383], [23.4337055, 52.1749093], [23.4344691, 52.1754008], [23.436279, 52.1762561], [23.4374619, 52.1765853], [23.4391114, 52.1773194], [23.4399624, 52.1778906], [23.4410387, 52.1788521], [23.4414466, 52.1796135], [23.4426389, 52.1807101], [23.4438298, 52.1818108], [23.4447463, 52.182796], [23.4450234, 52.1830556], [23.4455491, 52.183138], [23.4460111, 52.1830799], [23.4465101, 52.1828278], [23.4472355, 52.182472], [23.4482892, 52.1821417], [23.4492125, 52.1821293], [23.4501088, 52.1821946], [23.4515582, 52.1827263], [23.4530968, 52.1833814], [23.4547203, 52.1841047], [23.4564039, 52.1845781], [23.4581071, 52.1847941], [23.459863, 52.1847896], [23.4610181, 52.1844533], [23.4618623, 52.1840656], [23.462133, 52.1836295], [23.4625345, 52.1830489], [23.462418, 52.1818566], [23.4619804, 52.1811043], [23.461547, 52.1802513], [23.4612367, 52.1790543], [23.4613106, 52.1780461], [23.4619213, 52.1768224], [23.4627184, 52.1759729], [23.4639964, 52.1752197], [23.4652943, 52.1746489], [23.4670243, 52.174156], [23.4687251, 52.1740855], [23.4713573, 52.174319], [23.4723959, 52.174732], [23.4767799, 52.1771624], [23.4783128, 52.1780769], [23.4791765, 52.178817], [23.4800808, 52.1795735], [23.4810488, 52.1801339], [23.4824211, 52.180685], [23.4840865, 52.1811177], [23.4855736, 52.1813504], [23.4869871, 52.1813202], [23.4883937, 52.1813014], [23.4893075, 52.1811921], [23.4922329, 52.1808274], [23.4942183, 52.1805801], [23.4947628, 52.1804901], [23.4955024, 52.1803678], [23.4968048, 52.1801481], [23.4969577, 52.1800893], [23.4980612, 52.1796649], [23.4996257, 52.1793795], [23.5007152, 52.179053], [23.5024956, 52.1784387], [23.5030691, 52.1781107], [23.5037208, 52.1778455], [23.5042655, 52.1774735], [23.5058421, 52.1763249], [23.5058834, 52.1762879], [23.5067496, 52.175511], [23.5070733, 52.175052], [23.5075356, 52.1743531], [23.5071718, 52.1732829], [23.506373, 52.1725939], [23.5051741, 52.1721653], [23.5017232, 52.171684], [23.5007629, 52.1713098], [23.4998175, 52.1709764], [23.49888, 52.1707209], [23.4979681, 52.1709315], [23.4976086, 52.1715553], [23.4979377, 52.1721282], [23.4989809, 52.173254], [23.4986494, 52.1738332], [23.4981306, 52.1741544], [23.497525, 52.1742763], [23.4969698, 52.1744018], [23.4959602, 52.1745455], [23.495339, 52.17481], [23.4947749, 52.1752945], [23.4941772, 52.1755113], [23.4930957, 52.1754095], [23.4925324, 52.174821], [23.492755, 52.1737637], [23.4933416, 52.1726495], [23.4940229, 52.1721227], [23.4952054, 52.1715467], [23.4956402, 52.1708832], [23.4956026, 52.1703489], [23.4944899, 52.1695155], [23.4901114, 52.1684363], [23.4888232, 52.1674164], [23.4883443, 52.1669898], [23.4859625, 52.1659336], [23.485395, 52.1650332], [23.4855513, 52.1639501], [23.4861645, 52.1631791], [23.4866224, 52.1629806], [23.4879934, 52.16222], [23.4890615, 52.1610808], [23.489339, 52.1598861], [23.4885787, 52.1580145], [23.4872837, 52.1565168], [23.4870173, 52.1561845], [23.4867243, 52.1554656], [23.4863314, 52.1547152], [23.4863852, 52.1538002], [23.4867851, 52.1528793], [23.4875826, 52.1523354], [23.4881654, 52.1515716], [23.4893412, 52.1507423], [23.4913483, 52.1497887], [23.4925403, 52.1492515], [23.4945004, 52.1485089], [23.4953373, 52.148253], [23.496646, 52.1477261], [23.4986343, 52.1473355], [23.5008032, 52.1469623], [23.5017174, 52.1471584], [23.5026888, 52.1483001], [23.5036877, 52.1493577], [23.5046025, 52.1502651], [23.5059503, 52.1509137], [23.5071341, 52.1508911], [23.5081647, 52.1506721], [23.510317, 52.1498209], [23.5123291, 52.1483992], [23.513202, 52.147263], [23.5140846, 52.1461184], [23.5143986, 52.145418], [23.5147088, 52.144474], [23.5149923, 52.1436186], [23.5151972, 52.1426984], [23.5153317, 52.1416366], [23.5152893, 52.141146], [23.515171, 52.1404173], [23.5147937, 52.1397574], [23.5142859, 52.1390279], [23.513612, 52.138282], [23.5135333, 52.1377396], [23.5138439, 52.1375286], [23.5141008, 52.1373926], [23.5145876, 52.1373603], [23.5150976, 52.1373056], [23.5157405, 52.1375077], [23.5160499, 52.1378625], [23.5164478, 52.1386328], [23.5170406, 52.1391881], [23.5179527, 52.1391576], [23.5190616, 52.1386124], [23.5195354, 52.1380971], [23.5197033, 52.1379462], [23.5198149, 52.137866], [23.5198596, 52.1368617], [23.5199293, 52.1358342], [23.5203243, 52.134491], [23.5207674, 52.1337417], [23.5210086, 52.1332455], [23.5219572, 52.132959], [23.5242122, 52.1327387], [23.5254538, 52.1321192], [23.5259992, 52.1318126], [23.5260876, 52.1317775], [23.5263261, 52.131408], [23.5271713, 52.1312407], [23.5275675, 52.1313747], [23.5285674, 52.1318188], [23.5298323, 52.1325153], [23.5301781, 52.1325987], [23.5310678, 52.132788], [23.532146, 52.1329536], [23.5331118, 52.1329066], [23.5341856, 52.1325806], [23.5350583, 52.1319422], [23.5352367, 52.1313615], [23.5354164, 52.1309592], [23.5358562, 52.1302874], [23.5365114, 52.1297798], [23.5372171, 52.1294367], [23.5386742, 52.129231], [23.5398957, 52.1291216], [23.5407985, 52.1288009], [23.5412642, 52.1285694], [23.5419744, 52.1279064], [23.5423509, 52.1271472], [23.5428797, 52.1261511], [23.5430928, 52.1255946], [23.5433611, 52.1249062], [23.5432862, 52.1243984], [23.5428988, 52.1232184], [23.5425767, 52.1227197], [23.5425592, 52.1217538], [23.5425421, 52.1214349], [23.5425175, 52.1210913], [23.5425041, 52.1208189], [23.5425314, 52.120583], [23.5426073, 52.1203281], [23.5427068, 52.1200673], [23.5428508, 52.1197596], [23.5430281, 52.1194357], [23.5431908, 52.1191526], [23.5433631, 52.1189092], [23.5435525, 52.1186951], [23.5437811, 52.1184889], [23.5440708, 52.1182307], [23.5443765, 52.117984], [23.5447096, 52.1177547], [23.5449799, 52.1175874], [23.5451706, 52.1174657], [23.5453831, 52.1173605], [23.5456252, 52.1172646], [23.545889, 52.1171781], [23.5461728, 52.1170854], [23.5464432, 52.1170076], [23.5467265, 52.1169243], [23.546991, 52.1168339], [23.5472452, 52.1167275], [23.547471, 52.1165946], [23.5476591, 52.1164464], [23.5478371, 52.1162785], [23.5480178, 52.1160937], [23.548175, 52.115887], [23.5482726, 52.1157248], [23.5483498, 52.1155271], [23.5483959, 52.1153349], [23.5484067, 52.1151608], [23.5483744, 52.1149892], [23.5483033, 52.114823], [23.5482101, 52.1146385], [23.5480887, 52.1144436], [23.5478421, 52.1140162], [23.5475533, 52.1134989], [23.5473835, 52.1131522], [23.5472778, 52.1129298], [23.5471941, 52.1127265], [23.5471361, 52.112539], [23.5470932, 52.1123379], [23.5470728, 52.1121139], [23.5470782, 52.1119205], [23.5471221, 52.1117029], [23.5471879, 52.1114994], [23.5472864, 52.1112821], [23.5473941, 52.1110874], [23.5475101, 52.1109169], [23.5476761, 52.110708], [23.5478833, 52.1104897], [23.5481511, 52.1102636], [23.5484129, 52.1100837], [23.5487008, 52.1099147], [23.5490386, 52.1097534], [23.549395, 52.1096225], [23.5498285, 52.1094958], [23.5502216, 52.109403], [23.5506556, 52.109318], [23.5510509, 52.1092555], [23.5514651, 52.1092106], [23.5519252, 52.1091867], [23.5523432, 52.1091854], [23.5527077, 52.1091944], [23.5531136, 52.1092273], [23.5535174, 52.1092743], [23.553919, 52.1093423], [23.5542846, 52.1094266], [23.5546076, 52.1095263], [23.554908, 52.1096259], [23.5551834, 52.1097357], [23.5554404, 52.1098409], [23.5556898, 52.1099671], [23.5558891, 52.1100881], [23.5560781, 52.11022], [23.5562404, 52.1103624], [23.5564067, 52.1105354], [23.5565463, 52.1107044], [23.5566751, 52.1108874], [23.5567877, 52.1110765], [23.556868, 52.1112979], [23.5569191, 52.1115081], [23.5569524, 52.1117507], [23.5569483, 52.1121167], [23.5569024, 52.1125012], [23.5568173, 52.1129222], [23.5566972, 52.1133729], [23.5565679, 52.1137644], [23.5564378, 52.1141561], [23.5563462, 52.1144783], [23.5562367, 52.1148262], [23.5561258, 52.1151657], [23.5559586, 52.1157062], [23.5558702, 52.1159764], [23.5557759, 52.1163008], [23.5556964, 52.1166951], [23.5556537, 52.1169791], [23.5556397, 52.1172043], [23.5556304, 52.1174631], [23.5556548, 52.1176465], [23.5556923, 52.1178056], [23.5557406, 52.1179705], [23.5558157, 52.1181273], [23.5559068, 52.1182793], [23.5560039, 52.1184168], [23.5561247, 52.1185508], [23.5562861, 52.1186646], [23.5564873, 52.11877], [23.5566858, 52.1188821], [23.5569508, 52.1190129], [23.557412, 52.1192178], [23.5578661, 52.11944], [23.5581855, 52.1195949], [23.5584909, 52.1197269], [23.558794, 52.119829], [23.558967, 52.1198776], [23.5591292, 52.1199023], [23.5593167, 52.119924], [23.5595675, 52.1199385], [23.5598942, 52.1199339], [23.5602827, 52.1198953], [23.5606903, 52.1198323], [23.561106, 52.1197137], [23.5613765, 52.1196017], [23.5616049, 52.1194733], [23.5618302, 52.1193267], [23.5620475, 52.1191488], [23.5622004, 52.1189973], [23.5623526, 52.1188077], [23.5624585, 52.1186127], [23.5626698, 52.1182595], [23.5628166, 52.1180351], [23.5629846, 52.1178143], [23.5631529, 52.117624], [23.5633487, 52.1174351], [23.5635794, 52.1172491], [23.563851, 52.1170421], [23.5640638, 52.1168972], [23.5642695, 52.1167762], [23.5644864, 52.1166594], [23.5647361, 52.1165456], [23.5650667, 52.1164157], [23.565437, 52.1162779], [23.5657247, 52.1161796], [23.565979, 52.1160976], [23.5663291, 52.1159813], [23.5665591, 52.115908], [23.5668169, 52.1158348], [23.5670941, 52.115773], [23.5674386, 52.1157234], [23.5677591, 52.1156997], [23.568054, 52.1156966], [23.5683501, 52.1157096], [23.5686483, 52.1157343], [23.5689478, 52.1157729], [23.5692739, 52.1158301], [23.5695432, 52.1158834], [23.5698041, 52.1159459], [23.5700419, 52.1160102], [23.5703114, 52.1160871], [23.5705691, 52.1161724], [23.5708481, 52.1162691], [23.5711042, 52.1163681], [23.5713464, 52.1164744], [23.5723096, 52.1169007], [23.5729533, 52.1172071], [23.5733905, 52.1174228], [23.5737647, 52.1175807], [23.5741389, 52.1177275], [23.5753351, 52.1181393], [23.5758555, 52.1183171], [23.576007, 52.1183674], [23.5761143, 52.1184044], [23.5762203, 52.118467], [23.5762873, 52.1185263], [23.5764107, 52.1186795], [23.5767953, 52.1192294], [23.576946, 52.119429], [23.5771948, 52.1196219], [23.5774727, 52.119782], [23.5778108, 52.1199311], [23.578189, 52.1200217], [23.5785781, 52.120105], [23.5790469, 52.1201502], [23.5794447, 52.1201416], [23.5798137, 52.1201046], [23.5801661, 52.1200532], [23.5805368, 52.1199624], [23.5809892, 52.1198076], [23.5813594, 52.1196396], [23.5819012, 52.1193959], [23.5823196, 52.1191686], [23.5826602, 52.1189561], [23.5830008, 52.1187035], [23.5834902, 52.1183554], [23.5839342, 52.1180645], [23.5843201, 52.1178555], [23.5846875, 52.1176936], [23.585118, 52.1175477], [23.5856282, 52.1174127], [23.5860806, 52.1173114], [23.5865446, 52.117229], [23.5870071, 52.1171614], [23.587391, 52.1171213], [23.5877611, 52.1171002], [23.5881812, 52.1170868], [23.5887789, 52.1170827], [23.589554, 52.1170993], [23.5904086, 52.1171388], [23.5913089, 52.1172078], [23.5922465, 52.1173026], [23.5935167, 52.1174476], [23.593837, 52.117492], [23.5941938, 52.1175744], [23.5944834, 52.1176567], [23.5948133, 52.1177588], [23.5952532, 52.1178576], [23.5956421, 52.1179153], [23.596015, 52.1179433], [23.5963905, 52.1179285], [23.5967419, 52.117879], [23.5970128, 52.1177975], [23.5972702, 52.1176863], [23.5977611, 52.1174755], [23.5984826, 52.1170868], [23.599872, 52.116405], [23.6007523, 52.1159998], [23.6014846, 52.1156098], [23.6023021, 52.1151598], [23.6028492, 52.1148337], [23.603241, 52.1145935], [23.6036324, 52.1143297], [23.6039138, 52.1141207], [23.6041474, 52.1139475], [23.6045664, 52.1135808], [23.6049521, 52.113236], [23.6051929, 52.1130127], [23.6054832, 52.1127155], [23.6058184, 52.1123061], [23.606092, 52.1119168], [23.6063003, 52.1116164], [23.6065015, 52.1113006], [23.6068994, 52.1106334], [23.6071032, 52.1102282], [23.607232, 52.1099086], [23.6073446, 52.1096384], [23.6075216, 52.1093287], [23.6076611, 52.1091146], [23.6078542, 52.1088675], [23.6080505, 52.1086534], [23.608305, 52.1084607], [23.6086178, 52.1082953], [23.6089925, 52.1081599], [23.6094528, 52.108055], [23.6098493, 52.1079943], [23.6103068, 52.1079514], [23.6108387, 52.1079577], [23.611384, 52.1080076], [23.6117665, 52.108058], [23.612123, 52.1081274], [23.6125951, 52.1082427], [23.6130326, 52.1083728], [23.6134654, 52.1085315], [23.6137988, 52.1086847], [23.6140453, 52.1088235], [23.6142824, 52.1089709], [23.6145418, 52.1091626], [23.6148574, 52.1093466], [23.6151552, 52.1094638], [23.6154717, 52.1095297], [23.6159009, 52.109589], [23.6163432, 52.1096025], [23.6167806, 52.1095758], [23.6172205, 52.1095231], [23.6176088, 52.1094415], [23.6179393, 52.1093353], [23.6183041, 52.1091607], [23.6187118, 52.1089202], [23.6190981, 52.1086534], [23.6194363, 52.1084187], [23.6197257, 52.1081855], [23.6199563, 52.1079869], [23.620125, 52.1077836], [23.6202625, 52.1075742], [23.6203802, 52.1073256], [23.6205278, 52.1069132], [23.620643, 52.1066007], [23.6207111, 52.1062306], [23.6207128, 52.1060176], [23.6206859, 52.1058396], [23.6205947, 52.1055695], [23.6204553, 52.1053355], [23.6202407, 52.1051807], [23.6199886, 52.1050653], [23.6197472, 52.1049599], [23.6194467, 52.1048808], [23.6191142, 52.1048446], [23.6187517, 52.1048483], [23.6178518, 52.1048966], [23.6172259, 52.1049204], [23.6165397, 52.1049184], [23.6159116, 52.1048874], [23.6153912, 52.1048215], [23.6148763, 52.1047194], [23.6144257, 52.1046139], [23.613924, 52.1044734], [23.6135141, 52.1043487], [23.6131024, 52.1042034], [23.6126918, 52.1040295], [23.6122934, 52.1038162], [23.6119284, 52.1035804], [23.6116797, 52.103367], [23.611486, 52.1031773], [23.611325, 52.1029566], [23.6111641, 52.1027259], [23.61103, 52.1024886], [23.6109227, 52.1022745], [23.6107188, 52.101856], [23.6106116, 52.1015759], [23.6105217, 52.1013074], [23.610469, 52.1010383], [23.6104503, 52.1007719], [23.6104509, 52.1004941], [23.6104909, 52.1002265], [23.6105633, 52.0999514], [23.6106598, 52.0996713], [23.6107886, 52.0993285], [23.6109656, 52.09891], [23.6112714, 52.0983894], [23.6116093, 52.097895], [23.6118281, 52.0976274], [23.6120606, 52.0973577], [23.6122902, 52.0970911], [23.6125414, 52.0968306], [23.6128145, 52.0965941], [23.613226, 52.0962809], [23.6135945, 52.0959719], [23.6139367, 52.0956722], [23.6142875, 52.0953295], [23.6145701, 52.0950027], [23.61478, 52.0947233], [23.6150128, 52.0944354], [23.615282, 52.0941531], [23.6156079, 52.0938408], [23.6158971, 52.0935618], [23.6161423, 52.0933193], [23.6164048, 52.0930431], [23.6164212, 52.0930258], [23.6166192, 52.0927961], [23.6167853, 52.0926026], [23.6170176, 52.092352], [23.6172162, 52.0921713], [23.6174766, 52.0919711], [23.6177464, 52.0917822], [23.618016, 52.0916119], [23.6183066, 52.0914453], [23.6187153, 52.0912466], [23.6192272, 52.0910137], [23.6201743, 52.0905876], [23.6208194, 52.0902965], [23.6214509, 52.0900192], [23.6219429, 52.0898019], [23.6224841, 52.0895813], [23.6229837, 52.0893931], [23.6237271, 52.0891479], [23.6248378, 52.0888157], [23.6256213, 52.0885765], [23.6261544, 52.0883993], [23.6265103, 52.0882702], [23.6268621, 52.0881594], [23.6272004, 52.0880714], [23.6275278, 52.0880076], [23.6279013, 52.0879532], [23.6282874, 52.0879076], [23.6286549, 52.0878746], [23.6290368, 52.0878417], [23.6301934, 52.087746], [23.6306335, 52.0877062], [23.631034, 52.0876598], [23.631439, 52.0876008], [23.6318439, 52.087533], [23.6324072, 52.0874143], [23.6327237, 52.0873286], [23.6331153, 52.0872034], [23.6334788, 52.087062], [23.6337901, 52.0869294], [23.634156, 52.0867722], [23.6345218, 52.0866412], [23.6349606, 52.0865276], [23.6354005, 52.0864353], [23.6359048, 52.0863364], [23.6366075, 52.0862178], [23.637844, 52.085987], [23.6402365, 52.0855657], [23.6401992, 52.0854494], [23.6401653, 52.0853585], [23.6401129, 52.0852658], [23.6400322, 52.0851513], [23.6399597, 52.0850627], [23.6397478, 52.084865], [23.6396446, 52.0847659], [23.639583, 52.0846978], [23.6395337, 52.0846258], [23.6394967, 52.0845425], [23.6394813, 52.0844649], [23.6394936, 52.084374], [23.6396631, 52.0839291], [23.6397154, 52.0838325], [23.6397771, 52.0837454], [23.6398418, 52.0836735], [23.6399126, 52.0836053], [23.640002, 52.0835429], [23.6406952, 52.0830771], [23.6407907, 52.0830108], [23.640877, 52.0829389], [23.6409417, 52.0828575], [23.6409848, 52.0827666], [23.6410002, 52.0826719], [23.6409853, 52.0825765], [23.6403633, 52.0807677], [23.640347, 52.0806503], [23.6403714, 52.0805329], [23.6404324, 52.0804304], [23.6405259, 52.080343], [23.6406397, 52.080268], [23.6420667, 52.0795335], [23.6422131, 52.0794485], [23.6423513, 52.0793561], [23.6424651, 52.0792586], [23.642583, 52.0791487], [23.6426765, 52.0790388], [23.6427416, 52.0789338], [23.6427854, 52.0788259], [23.6431475, 52.0773605], [23.6431717, 52.0772863], [23.6432039, 52.077217], [23.6432548, 52.0771527], [23.643338, 52.0771], [23.6434426, 52.0770555], [23.6435525, 52.0770221], [23.6456067, 52.0765566], [23.6458506, 52.0764892], [23.6460742, 52.0764067], [23.6462816, 52.0763118], [23.6464848, 52.0761993], [23.6466719, 52.0760719], [23.6468223, 52.0759545], [23.6469727, 52.075822], [23.6476638, 52.0751149], [23.6477695, 52.0750074], [23.6478915, 52.0749225], [23.6480338, 52.07486], [23.6482086, 52.0748275], [23.6484485, 52.0748175], [23.6486883, 52.074835], [23.6489526, 52.0748725], [23.6492209, 52.0749275], [23.6494689, 52.0749875], [23.6497047, 52.0750574], [23.6499398, 52.0751306], [23.6505232, 52.0753246], [23.6511565, 52.0755218], [23.6512704, 52.0754012], [23.6513947, 52.0752758], [23.6515534, 52.0751256], [23.6517395, 52.0749601], [23.6519358, 52.0748], [23.6521164, 52.0746608], [23.6526658, 52.0742236], [23.6528336, 52.07408], [23.6529759, 52.0739505], [23.6531208, 52.0738097], [23.6532462, 52.0736729], [23.653374, 52.0735361], [23.6534817, 52.0734016], [23.653566, 52.0732655], [23.6536457, 52.0731207], [23.6537097, 52.0729519], [23.6537667, 52.0727537], [23.6538185, 52.0725379], [23.6538517, 52.0723679], [23.6538806, 52.0721709], [23.6538833, 52.0719717], [23.6538632, 52.0718034], [23.6538262, 52.0716521], [23.6537741, 52.0715062], [23.6536998, 52.0713578], [23.6535922, 52.0712053], [23.6534846, 52.0710768], [23.6533486, 52.0709441], [23.6531902, 52.0707977], [23.6530079, 52.0706531], [23.6527978, 52.0704988], [23.6522851, 52.0701387], [23.6515679, 52.0696522], [23.6513848, 52.0695305], [23.6512224, 52.0694058], [23.6510805, 52.0692853], [23.6509625, 52.0691686], [23.6508759, 52.0690562], [23.6508085, 52.0689616], [23.6507359, 52.0688573], [23.6503632, 52.0683515], [23.6501728, 52.0681487], [23.6499502, 52.0679789], [23.6497056, 52.067807], [23.6494395, 52.0676482], [23.649171, 52.067537], [23.648829, 52.0674356], [23.6485058, 52.0673697], [23.6481744, 52.0673199], [23.6477905, 52.0672892], [23.6472003, 52.0672525], [23.6463041, 52.0671985], [23.6459552, 52.0671517], [23.6456063, 52.0670918], [23.6452335, 52.0669814], [23.6449136, 52.0668541], [23.6446381, 52.0667077], [23.6443886, 52.0665642], [23.6441579, 52.0663878], [23.6440035, 52.0661784], [23.6439138, 52.0659162], [23.643879, 52.0656408], [23.6438935, 52.0653543], [23.6439617, 52.0650776], [23.6440774, 52.0648098], [23.6442424, 52.0645187], [23.6444852, 52.0642244], [23.6447452, 52.0639479], [23.6450242, 52.0636962], [23.6453515, 52.0634609], [23.6456519, 52.0633092], [23.6459936, 52.0631708], [23.6463842, 52.0630635], [23.6468442, 52.0629489], [23.6471916, 52.0628871], [23.6476006, 52.0628483], [23.6480323, 52.062822], [23.6484521, 52.0628194], [23.6488491, 52.0628549], [23.6491831, 52.0629114], [23.6495331, 52.0629876], [23.649991, 52.0631139], [23.6508769, 52.0633768], [23.6513006, 52.0634651], [23.651735, 52.0635204], [23.6521885, 52.0635351], [23.6525855, 52.0635054], [23.6529556, 52.0634296], [23.6532971, 52.0633295], [23.6535752, 52.0632103], [23.6538246, 52.063075], [23.6540687, 52.0629316], [23.654582, 52.0625443], [23.6548657, 52.0623227], [23.6550985, 52.0620757], [23.6552668, 52.0618452], [23.6553843, 52.0615975], [23.6554849, 52.0612265], [23.6557869, 52.0606194], [23.6560262, 52.0601022], [23.6562159, 52.0597184], [23.6563278, 52.0594527], [23.6563344, 52.0592267], [23.6563118, 52.0589454], [23.6561891, 52.0587393], [23.6559827, 52.0585405], [23.6557156, 52.0583881], [23.6552886, 52.0582584], [23.6549812, 52.0582021], [23.6546668, 52.0581839], [23.6543323, 52.0581631], [23.6540231, 52.0581905], [23.6536556, 52.0582366], [23.6533687, 52.0583075], [23.6530661, 52.0584195], [23.6528043, 52.0585458], [23.6525103, 52.0587017], [23.6520338, 52.0590456], [23.6517718, 52.0592562], [23.6515045, 52.0594438], [23.6511884, 52.0596703], [23.6508996, 52.0598513], [23.6506087, 52.0600135], [23.650191, 52.0601613], [23.6496462, 52.0603086], [23.6490235, 52.0604646], [23.6484072, 52.0605715], [23.6477091, 52.0606732], [23.6474104, 52.0607023], [23.6469951, 52.0607304], [23.6466115, 52.0607519], [23.6462486, 52.0607912], [23.6458821, 52.0608652], [23.6455648, 52.060942], [23.645267, 52.0610219], [23.644916, 52.0610975], [23.6445654, 52.061147], [23.6442663, 52.0611699], [23.6439906, 52.0611567], [23.6437047, 52.0611187], [23.643404, 52.0610525], [23.6430792, 52.0609567], [23.6427686, 52.0608521], [23.6424605, 52.0607269], [23.642218, 52.0606165], [23.6420126, 52.0605149], [23.6418189, 52.0603816], [23.6416592, 52.0602363], [23.641489, 52.0600713], [23.6413666, 52.0599122], [23.6412828, 52.059756], [23.6412131, 52.0595542], [23.6411775, 52.0593608], [23.6411561, 52.0591448], [23.6411639, 52.0589602], [23.6412154, 52.058782], [23.641293, 52.058606], [23.6413968, 52.0584352], [23.6415671, 52.0582283], [23.6417471, 52.0580752], [23.6420209, 52.0579321], [23.6424058, 52.0577804], [23.6427872, 52.0576569], [23.6432101, 52.0575548], [23.6436117, 52.0574702], [23.6440332, 52.0574112], [23.6445026, 52.0573666], [23.645433, 52.0573182], [23.6468241, 52.0572537], [23.6474249, 52.0571929], [23.6479827, 52.0571057], [23.6486436, 52.0569525], [23.64921, 52.0568001], [23.6495507, 52.0566972], [23.649857, 52.0566047], [23.6505078, 52.0563693], [23.6511371, 52.0561338], [23.6519203, 52.0558254], [23.6523092, 52.0556539], [23.6525774, 52.0555154], [23.6529314, 52.0553207], [23.6533016, 52.0550965], [23.6536019, 52.0548887], [23.653897, 52.0546445], [23.6541411, 52.0543707], [23.6543745, 52.0540739], [23.6545945, 52.0537638], [23.6549699, 52.0531568], [23.6553401, 52.0525532], [23.6556566, 52.0519132], [23.6557639, 52.0515932], [23.6558607, 52.0512716], [23.6560106, 52.0505788], [23.6560401, 52.0504468], [23.656075, 52.0501813], [23.6560857, 52.0500674], [23.656083, 52.0499734], [23.6560482, 52.0497392], [23.6559623, 52.0494918], [23.6557692, 52.048987], [23.6556405, 52.0484988], [23.6556137, 52.0483239], [23.6556297, 52.048159], [23.6556888, 52.0479709], [23.6557585, 52.0477862], [23.6561876, 52.0469878], [23.6566544, 52.0461234], [23.6568099, 52.0457901], [23.656944, 52.0454998], [23.6572176, 52.044731], [23.6574268, 52.0442196], [23.6574858, 52.0440316], [23.6575288, 52.0437874], [23.657577, 52.0435367], [23.6577062, 52.0431412], [23.6578184, 52.0429362], [23.6580867, 52.0424511], [23.6582476, 52.04224], [23.658371, 52.0421278], [23.6585319, 52.0420321], [23.6587036, 52.0419727], [23.6590469, 52.0418737], [23.6593741, 52.0417846], [23.6601734, 52.0415701], [23.6604416, 52.0414812], [23.6606881, 52.0413704], [23.6608976, 52.0412468], [23.6611551, 52.0410983], [23.6617559, 52.0406875], [23.662338, 52.0403031], [23.6624909, 52.0402057], [23.6626383, 52.0401051], [23.6627376, 52.0400193], [23.6628047, 52.0399352], [23.6628368, 52.0398494], [23.6628583, 52.0397586], [23.662869, 52.0396497], [23.6628583, 52.0395078], [23.6628288, 52.0392538], [23.6627752, 52.0389997], [23.6624731, 52.0379305], [23.6623715, 52.0375637], [23.6623264, 52.0373787], [23.6622772, 52.0372137], [23.6620446, 52.0366899], [23.6617018, 52.0358147], [23.6614704, 52.0352238], [23.6613623, 52.0348549], [23.6606782, 52.0325698], [23.6606547, 52.0324613], [23.660636, 52.0323591], [23.6606294, 52.0322544], [23.6606348, 52.0320894], [23.6606669, 52.0318485], [23.6607957, 52.0313534], [23.6607903, 52.0311257], [23.6607742, 52.0310003], [23.6605704, 52.0304557], [23.6605114, 52.0301224], [23.6604845, 52.029921], [23.6604792, 52.0298187], [23.660506, 52.0296735], [23.6605811, 52.0295085], [23.6606401, 52.0293831], [23.6608815, 52.0289507], [23.6612087, 52.0285579], [23.6618954, 52.0278549], [23.6622548, 52.0274786], [23.6625713, 52.0270364], [23.662928, 52.0264241], [23.662979, 52.0263201], [23.6630487, 52.0261386], [23.6631238, 52.0256897], [23.6631936, 52.0252143], [23.6632311, 52.0249503], [23.663215, 52.0247126], [23.6632043, 52.0245311], [23.6631775, 52.0243297], [23.6631453, 52.0242142], [23.6630595, 52.0240723], [23.6629897, 52.0239699], [23.6626518, 52.0236134], [23.6621531, 52.0230102], [23.6618748, 52.022707], [23.6617054, 52.022549], [23.661536, 52.0224185], [23.6610264, 52.0220834], [23.6603424, 52.0216675], [23.6599025, 52.0214034], [23.6597162, 52.0213061], [23.6594798, 52.0211974], [23.6592051, 52.0210898], [23.6589396, 52.0209974], [23.6583495, 52.020834], [23.658084, 52.0207415], [23.6578158, 52.0206177], [23.6576092, 52.0204824], [23.6574081, 52.0203206], [23.6572659, 52.0201737], [23.6571505, 52.0200582], [23.6570781, 52.019936], [23.6570084, 52.0197776], [23.6569601, 52.0196158], [23.6569333, 52.0193913], [23.6569226, 52.019256], [23.6569414, 52.0191322], [23.6569789, 52.0189787], [23.6570272, 52.0188037], [23.6572015, 52.0184802], [23.6573493, 52.0182925], [23.6574268, 52.0181682], [23.6575529, 52.018018], [23.657856, 52.0177737], [23.6581564, 52.0175525], [23.6586285, 52.0172785], [23.6590791, 52.0170672], [23.6595672, 52.0169253], [23.6600971, 52.0167898], [23.6608922, 52.0166004], [23.6618798, 52.0163643], [23.6624037, 52.0162417], [23.6627564, 52.0161544], [23.6636322, 52.0158922], [23.6640027, 52.0157747], [23.6643158, 52.0156678], [23.6645982, 52.0155484], [23.6648712, 52.0153987], [23.6651246, 52.0152502], [23.665466, 52.0150314], [23.6656363, 52.014903], [23.6657541, 52.0148065], [23.6658368, 52.0146998], [23.6659131, 52.0145832], [23.6659629, 52.0144541], [23.6660823, 52.0140975], [23.6662352, 52.0137013], [23.6664605, 52.0132143], [23.6666902, 52.0128204], [23.666954, 52.0124318], [23.667241, 52.012095], [23.6675656, 52.0117681], [23.6678284, 52.0115057], [23.6682281, 52.0112052], [23.6685795, 52.0109988], [23.6691771, 52.0107203], [23.6696736, 52.0104584], [23.6701139, 52.0101889], [23.6704356, 52.0099301], [23.6707282, 52.0096262], [23.6710556, 52.0092088], [23.6713411, 52.0087961], [23.6716146, 52.0083397], [23.6720108, 52.0076738], [23.672205, 52.0074103], [23.6724356, 52.0071227], [23.6727327, 52.0068119], [23.6731505, 52.0063809], [23.6733756, 52.0060896], [23.6735864, 52.0057959], [23.6738118, 52.005484], [23.6740854, 52.0051409], [23.6743934, 52.0048129], [23.674779, 52.0044066], [23.6754222, 52.0037413], [23.6756982, 52.0034893], [23.6759697, 52.0032697], [23.6761964, 52.003105], [23.6765313, 52.0028953], [23.6769977, 52.0026522], [23.6776404, 52.0023589], [23.6782843, 52.0021004], [23.679027, 52.0018425], [23.6797276, 52.001618], [23.6800648, 52.0015292], [23.6804036, 52.0014598], [23.6807072, 52.0014179], [23.6809257, 52.0014084], [23.6812288, 52.0014241], [23.6814674, 52.0014521], [23.6817741, 52.0015104], [23.6820779, 52.0015648], [23.6824249, 52.0016101], [23.6826429, 52.0016151], [23.6828414, 52.0015981], [23.6830417, 52.0015648], [23.6832672, 52.0014835], [23.6834872, 52.0013564], [23.6836423, 52.0012264], [23.6837397, 52.0010999], [23.6838734, 52.0008197], [23.6839431, 52.0006628], [23.6840082, 52.0004842], [23.684041, 52.000337], [23.6840467, 52.0001954], [23.6840397, 52.0000485], [23.6839935, 51.9998913], [23.6839175, 51.9997278], [23.6836401, 51.9992014], [23.6835381, 51.9989513], [23.6834508, 51.9987138], [23.6833933, 51.9984946], [23.683404, 51.9983625], [23.683463, 51.9982386], [23.6836937, 51.997943], [23.6839569, 51.9976553], [23.684235, 51.997363], [23.6844899, 51.997137], [23.6847705, 51.9969032], [23.6850922, 51.9966554], [23.6854455, 51.9964037], [23.6867306, 51.9955659], [23.6871045, 51.9953257], [23.6874783, 51.9950645], [23.6877706, 51.9948494], [23.688063, 51.9946186], [23.688401, 51.9943304], [23.6886166, 51.9941206], [23.6887425, 51.9939607], [23.6888518, 51.9937832], [23.6889332, 51.9935892], [23.6889879, 51.993407], [23.689013, 51.9932644], [23.6890255, 51.9931043], [23.6890165, 51.9929758], [23.6890001, 51.9928519], [23.6889622, 51.9926899], [23.6888798, 51.9924431], [23.6888243, 51.9922897], [23.6887434, 51.9920637], [23.6886767, 51.9918195], [23.6886247, 51.9916368], [23.6885882, 51.9914159], [23.6885562, 51.9911588], [23.6883997, 51.990343], [23.6883548, 51.9901036], [23.6882864, 51.9898427], [23.6881659, 51.9894226], [23.6880215, 51.9891136], [23.6879153, 51.9889047], [23.6877357, 51.988563], [23.6874861, 51.9881398], [23.6873274, 51.9879264], [23.6871942, 51.9877234], [23.6870501, 51.9874773], [23.6868902, 51.9872487], [23.6867126, 51.9870449], [23.6864541, 51.9868301], [23.686149, 51.986623], [23.6858781, 51.9864568], [23.6855162, 51.9862706], [23.6851794, 51.9861221], [23.6848956, 51.9860078], [23.6845449, 51.9858897], [23.6842124, 51.9858009], [23.6838205, 51.9857189], [23.6833926, 51.9856438], [23.6814577, 51.9852837], [23.6811037, 51.9852009], [23.6806904, 51.9851045], [23.6795391, 51.9848207], [23.6790276, 51.9846974], [23.6786225, 51.9845863], [23.6781384, 51.9844303], [23.6776969, 51.9842612], [23.677299, 51.9840705], [23.677088, 51.9839367], [23.6768719, 51.983754], [23.6767077, 51.983574], [23.676331, 51.9829788], [23.6761711, 51.9827894], [23.6759482, 51.9825758], [23.6756828, 51.9823477], [23.6753933, 51.9821413], [23.6751135, 51.9819807], [23.674767, 51.9818272], [23.6743275, 51.9817058], [23.6738331, 51.9816119], [23.6721136, 51.9813831], [23.6713682, 51.9812866], [23.6707565, 51.981197], [23.6701772, 51.9810935], [23.6696768, 51.9809874], [23.6691646, 51.9808568], [23.6686817, 51.9806935], [23.6683059, 51.9805492], [23.667942, 51.980387], [23.667544, 51.9801766], [23.6665245, 51.9796111], [23.6660746, 51.9793175], [23.6656685, 51.9790316], [23.6654405, 51.978803], [23.6652342, 51.9785374], [23.6650918, 51.9782686], [23.665026, 51.9780084], [23.6649803, 51.9775769], [23.6649748, 51.9773027], [23.6650037, 51.9770704], [23.6652017, 51.9761833], [23.6653643, 51.9754566], [23.6655416, 51.9746379], [23.665654, 51.9743606], [23.6657978, 51.9740845], [23.6659875, 51.973779], [23.6662148, 51.9734206], [23.6664858, 51.9729694], [23.6666169, 51.9727112], [23.6667362, 51.9724432], [23.6668501, 51.9721476], [23.6669511, 51.9718021], [23.6670163, 51.9714691], [23.6671058, 51.9711698], [23.6672297, 51.9709173], [23.6674281, 51.9706527], [23.6676587, 51.9703887], [23.6679464, 51.9701152], [23.6682914, 51.9698149], [23.6693439, 51.968958], [23.6695875, 51.9687032], [23.6698463, 51.9684229], [23.6700651, 51.9681442], [23.6702628, 51.9677483], [23.6703677, 51.9674455], [23.6704556, 51.9671496], [23.6704949, 51.9668872], [23.6704947, 51.9666214], [23.6704737, 51.9663523], [23.6704385, 51.9661041], [23.670381, 51.9658826], [23.670292, 51.9656681], [23.6701831, 51.9654667], [23.6700315, 51.9652445], [23.6698208, 51.9650185], [23.6695861, 51.9648229], [23.6692863, 51.9646374], [23.6689249, 51.964484], [23.6685649, 51.9643645], [23.6682126, 51.9642711], [23.6678456, 51.9642009], [23.6666757, 51.964045], [23.6659455, 51.9639619], [23.6652186, 51.9639107], [23.6645051, 51.9638786], [23.6638918, 51.9638675], [23.6632433, 51.9638752], [23.6626561, 51.9638972], [23.6621001, 51.9639414], [23.6603686, 51.9641067], [23.658799, 51.9642538], [23.6570837, 51.96443], [23.6561655, 51.9645517], [23.655744, 51.9646151], [23.6553756, 51.9646902], [23.6551037, 51.9647425], [23.6548469, 51.9647717], [23.6545799, 51.9647681], [23.6543469, 51.9647488], [23.6540772, 51.9646941], [23.6537426, 51.9646153], [23.6533901, 51.9645135], [23.6517111, 51.9639224], [23.6513214, 51.9637526], [23.6510614, 51.9635916], [23.6508271, 51.9633964], [23.6505977, 51.9631357], [23.6503895, 51.9628598], [23.64966, 51.961878], [23.6494131, 51.9616068], [23.6491329, 51.9613353], [23.6488766, 51.9611013], [23.6485417, 51.96081], [23.6482233, 51.9605519], [23.6480462, 51.9603901], [23.6478561, 51.9601811], [23.647364, 51.9596124], [23.6462803, 51.9583266], [23.6454892, 51.9574718], [23.6445972, 51.9565744], [23.6439167, 51.9559391], [23.64337, 51.955462], [23.6426912, 51.9549259], [23.6421161, 51.9544906], [23.6418016, 51.9542835], [23.6414847, 51.9540886], [23.6409972, 51.953867], [23.6406805, 51.9537224], [23.6402279, 51.9535686], [23.6398048, 51.9534495], [23.6392894, 51.9534177], [23.638696, 51.9533896], [23.6381092, 51.9533959], [23.6358874, 51.9534572], [23.6344363, 51.9534682], [23.6336257, 51.9534686], [23.6328852, 51.9534264], [23.6323517, 51.953383], [23.6317272, 51.9533216], [23.6312163, 51.9532352], [23.6307322, 51.9531273], [23.6301348, 51.9529515], [23.6295345, 51.9527457], [23.6290345, 51.9525239], [23.6285296, 51.9522357], [23.6280444, 51.9518798], [23.6276982, 51.9515975], [23.6274127, 51.9512936], [23.6271652, 51.9509355], [23.6269571, 51.9504847], [23.6267284, 51.9499258], [23.6266457, 51.94953], [23.6266181, 51.9492616], [23.6266066, 51.9489818], [23.6266156, 51.9487777], [23.6266536, 51.9485944], [23.6267162, 51.9484342], [23.6268214, 51.9482608], [23.6269488, 51.9481182], [23.6270664, 51.9480116], [23.627214, 51.9479077], [23.627402, 51.94781], [23.628148, 51.9475581], [23.6289199, 51.947533], [23.6299859, 51.947747], [23.6311029, 51.947997], [23.6320969, 51.9481641], [23.6330249, 51.9484771], [23.634231, 51.9488741], [23.6352609, 51.9492201], [23.636124, 51.949548], [23.637078, 51.9500741], [23.6378659, 51.950224], [23.638765, 51.950225], [23.639504, 51.950118], [23.640355, 51.949663], [23.64091, 51.949106], [23.641513, 51.948363], [23.6415669, 51.9476871], [23.6414251, 51.9470841], [23.6407471, 51.9461681], [23.6404151, 51.9455491], [23.6401279, 51.9446481], [23.6400781, 51.944219], [23.6400907, 51.9440846], [23.6401971, 51.9429461], [23.6404642, 51.9425901], [23.641205, 51.942031], [23.641988, 51.9414741], [23.643167, 51.9407611], [23.6445039, 51.9399301], [23.644968, 51.9394361], [23.645432, 51.9388261], [23.64571, 51.9380991], [23.645758, 51.9372591], [23.6459309, 51.936571], [23.6460087, 51.9357326], [23.6459282, 51.9345369], [23.6456868, 51.9337878], [23.64514, 51.9332411], [23.644959, 51.932802], [23.6446669, 51.932371], [23.644216, 51.932022], [23.6436861, 51.9318111], [23.643078, 51.9317632], [23.642317, 51.9317831], [23.641227, 51.931739], [23.6399889, 51.9318101], [23.6383009, 51.931985], [23.636831, 51.932156], [23.6357641, 51.932139], [23.6345929, 51.932011], [23.6330409, 51.931619], [23.632247, 51.9313181], [23.6318241, 51.9308401], [23.6311831, 51.9300531], [23.630731, 51.9295021], [23.630551, 51.9288701], [23.6304541, 51.9283321], [23.630483, 51.9276611], [23.6307209, 51.927031], [23.6310909, 51.9262199], [23.6312431, 51.9250087], [23.631345, 51.9240625], [23.631227, 51.9230701], [23.6310393, 51.9222463], [23.630417, 51.9219617], [23.6295081, 51.9218701], [23.6286569, 51.9219651], [23.6274331, 51.922225], [23.6263431, 51.9226471], [23.6250438, 51.9229039], [23.6233731, 51.9234337], [23.6222082, 51.9239349], [23.6217821, 51.9244305], [23.621452, 51.9247455], [23.6208, 51.9250811], [23.6198629, 51.9252], [23.6188451, 51.9249661], [23.6177512, 51.924538], [23.617203, 51.9241431], [23.6163399, 51.9234261], [23.6159231, 51.9228541], [23.6150192, 51.921629], [23.614526, 51.9211771], [23.613766, 51.920539], [23.6127779, 51.920007], [23.612254, 51.919333], [23.612061, 51.9187712], [23.6120709, 51.917943], [23.612044, 51.9173811], [23.612544, 51.9169241], [23.6129869, 51.916443], [23.6135179, 51.9161161], [23.614309, 51.9157801], [23.6155651, 51.9153431], [23.616022, 51.914937], [23.616321, 51.914428], [23.616664, 51.913928], [23.617279, 51.913304], [23.6182681, 51.912632], [23.618954, 51.9121591], [23.619681, 51.9115131], [23.6203701, 51.910974], [23.620485, 51.910277], [23.6203361, 51.9094541], [23.620248, 51.908648], [23.619954, 51.907861], [23.619858, 51.907333], [23.619458, 51.906938], [23.6186351, 51.9064], [23.6178381, 51.905865], [23.617534, 51.905375], [23.617512, 51.9048401], [23.617776, 51.904139], [23.6183561, 51.9034841], [23.619406, 51.9028911], [23.6205571, 51.9024301], [23.6217861, 51.902023], [23.623058, 51.9017171], [23.62395, 51.901628], [23.625614, 51.901339], [23.626722, 51.901135], [23.627896, 51.9009031], [23.629006, 51.900647], [23.630104, 51.9002991], [23.631014, 51.9000421], [23.631764, 51.899724], [23.632445, 51.8992439], [23.6331101, 51.8986621], [23.633798, 51.8978161], [23.634558, 51.896995], [23.6354693, 51.8963144], [23.6354831, 51.8963042], [23.6364129, 51.8956331], [23.6375131, 51.895038], [23.6380161, 51.8944971], [23.638097, 51.8937551], [23.63797, 51.892995], [23.6375161, 51.892213], [23.636945, 51.8918061], [23.635814, 51.8914321], [23.6342409, 51.890902], [23.632967, 51.8905101], [23.6314601, 51.890101], [23.6284199, 51.889127], [23.6268959, 51.8885211], [23.626052, 51.888186], [23.6252559, 51.887808], [23.6243829, 51.887389], [23.6235201, 51.8869091], [23.6230782, 51.886304], [23.622762, 51.8858261], [23.6225161, 51.8852801], [23.622278, 51.884859], [23.6222281, 51.8843751], [23.6224039, 51.8839111], [23.6227439, 51.8834591], [23.6233439, 51.8828861], [23.6240689, 51.8823031], [23.624978, 51.881616], [23.6257119, 51.8812791], [23.6265711, 51.880987], [23.6272269, 51.8806101], [23.628121, 51.880219], [23.6289481, 51.8798071], [23.6295419, 51.8793], [23.630128, 51.878564], [23.6306689, 51.877964], [23.6310701, 51.877339], [23.6314179, 51.876627], [23.63166, 51.875842], [23.631656, 51.8752691], [23.6314921, 51.8747411], [23.6312771, 51.874346], [23.6309181, 51.8738591], [23.630341, 51.8734351], [23.6296279, 51.873161], [23.6287359, 51.8730561], [23.6276059, 51.8731621], [23.626661, 51.873533], [23.625709, 51.8738991], [23.6249478, 51.8741931], [23.624264, 51.8746511], [23.623314, 51.8754381], [23.620365, 51.8775601], [23.619661, 51.877918], [23.6189799, 51.8780901], [23.6179731, 51.8782401], [23.616983, 51.8782891], [23.616091, 51.878225], [23.61519, 51.8782541], [23.614129, 51.878295], [23.6131069, 51.878406], [23.612232, 51.87827], [23.6111181, 51.877918], [23.6102159, 51.877653], [23.60935, 51.8773971], [23.6083519, 51.8769031], [23.607078, 51.8763211], [23.606768, 51.875834], [23.606487, 51.875458], [23.6064099, 51.875101], [23.606555, 51.874617], [23.607081, 51.8739491], [23.6074111, 51.873426], [23.607603, 51.872848], [23.6077759, 51.8721019], [23.607977, 51.8708011], [23.6081679, 51.86924], [23.6084361, 51.8677491], [23.6085989, 51.8668751], [23.608752, 51.8661791], [23.6089291, 51.865601], [23.6091301, 51.8648711], [23.6091781, 51.8639211], [23.6093251, 51.8631921], [23.6096961, 51.862197], [23.6100391, 51.8613301], [23.6103329, 51.8606891], [23.610654, 51.8603701], [23.6111829, 51.8600071], [23.6120339, 51.8595171], [23.61297, 51.859088], [23.614009, 51.8586501], [23.614987, 51.8584], [23.6159559, 51.8580561], [23.616593, 51.857756], [23.6170449, 51.857409], [23.6173812, 51.85699], [23.617503, 51.8565701], [23.617491, 51.856109], [23.61731, 51.855677], [23.6168181, 51.8550921], [23.615708, 51.854586], [23.614746, 51.8541631], [23.614161, 51.853871], [23.6136871, 51.8534611], [23.6132959, 51.853097], [23.6130069, 51.8526161], [23.612672, 51.852122], [23.612256, 51.851664], [23.612045, 51.8511001], [23.612166, 51.8505541], [23.6124219, 51.8496851], [23.6125511, 51.848803], [23.6125779, 51.8478851], [23.6122549, 51.846097], [23.61203, 51.8453521], [23.6115411, 51.8449211], [23.610842, 51.8445671], [23.610144, 51.844204], [23.6092659, 51.84378], [23.6088431, 51.843417], [23.608312, 51.8431041], [23.6074979, 51.8428501], [23.60686, 51.8428811], [23.60629, 51.8427], [23.6055839, 51.842483], [23.6046101, 51.8423], [23.6036611, 51.842188], [23.602668, 51.842228], [23.601986, 51.8422811], [23.6013711, 51.842108], [23.6007139, 51.8417721], [23.600405, 51.8412841], [23.600148, 51.84048], [23.6002301, 51.8398601], [23.600983, 51.83955], [23.601692, 51.8394381], [23.6024861, 51.8392771], [23.603054, 51.838956], [23.603822, 51.839145], [23.604989, 51.8393431], [23.6058232, 51.839566], [23.606451, 51.8398351], [23.6071149, 51.8397872], [23.607878, 51.83964], [23.6085001, 51.839403], [23.6089689, 51.8390731], [23.6093229, 51.8387001], [23.609378, 51.838069], [23.6092289, 51.837297], [23.609051, 51.836863], [23.60871, 51.8365751], [23.6082041, 51.836345], [23.607567, 51.8360381], [23.60689, 51.835845], [23.6063271, 51.8357431], [23.605619, 51.8355841], [23.604918, 51.8354741], [23.604268, 51.835328], [23.6036239, 51.8351011], [23.603054, 51.8348231], [23.6026051, 51.8345391], [23.6020901, 51.8342231], [23.601805, 51.8337781], [23.601504, 51.8331361], [23.601495, 51.832604], [23.6016179, 51.8319931], [23.601924, 51.831245], [23.6023911, 51.8307801], [23.602884, 51.8303451], [23.6038361, 51.8299539], [23.605612, 51.8298], [23.606667, 51.8297511], [23.607432, 51.829804], [23.608346, 51.829965], [23.609838, 51.8301621], [23.6109251, 51.8304401], [23.6117951, 51.830485], [23.612845, 51.830605], [23.613806, 51.8308051], [23.614599, 51.831046], [23.6155489, 51.831273], [23.616583, 51.8315301], [23.617412, 51.8316501], [23.618241, 51.8316631], [23.619718, 51.8316091], [23.620325, 51.8314591], [23.6214589, 51.830725], [23.622134, 51.8300981], [23.622461, 51.8294141], [23.622718, 51.8287141], [23.622918, 51.8280591], [23.6231761, 51.827484], [23.6235449, 51.8271211], [23.6240559, 51.826833], [23.624417, 51.8265311], [23.6244559, 51.8261281], [23.624114, 51.825409], [23.6234429, 51.824725], [23.6227269, 51.8240651], [23.6222801, 51.8233631], [23.6218469, 51.822519], [23.621623, 51.8219851], [23.6214311, 51.8213481], [23.621524, 51.820887], [23.622083, 51.8204661], [23.622796, 51.8200821], [23.6237734, 51.8200835], [23.624174, 51.8200841], [23.6256099, 51.820033], [23.6265151, 51.8198711], [23.627733, 51.81941], [23.628466, 51.8189771], [23.6285911, 51.818525], [23.628692, 51.8180482], [23.6292501, 51.817036], [23.6295418, 51.8165381], [23.6298722, 51.815974], [23.6299537, 51.8158349], [23.6302517, 51.8151847], [23.6307222, 51.8143481], [23.6308381, 51.8141875], [23.631469, 51.8133309], [23.6319634, 51.8127721], [23.6324371, 51.8122376], [23.632935, 51.811593], [23.6333135, 51.8112437], [23.6349258, 51.8097556], [23.63611, 51.8088761], [23.6365071, 51.8087043], [23.6373776, 51.8083276], [23.6387408, 51.8064928], [23.6399616, 51.8056438], [23.6401214, 51.8045959], [23.6399844, 51.8033577], [23.640117, 51.8027375], [23.6406008, 51.8020711], [23.6412797, 51.8015958], [23.6417487, 51.8008822], [23.6413477, 51.8000919], [23.6406702, 51.7994625], [23.6396549, 51.7986941], [23.6388922, 51.7982923], [23.6369473, 51.7970203], [23.6363161, 51.7966963], [23.6348425, 51.7963797], [23.634206, 51.796033], [23.6340561, 51.7956332], [23.6342812, 51.7953073], [23.6349438, 51.7948872], [23.6362422, 51.7946237], [23.6369002, 51.7942333], [23.6375018, 51.7936425], [23.637926, 51.7927481], [23.638024, 51.7923739], [23.6379917, 51.7920112], [23.6378103, 51.791763], [23.6375916, 51.7915454], [23.6373775, 51.7914151], [23.6371137, 51.7912848], [23.6366972, 51.7911409], [23.6362807, 51.7910545], [23.6358447, 51.7910164], [23.6353964, 51.7910434], [23.6351038, 51.7911442], [23.6348919, 51.7912642], [23.6336693, 51.7919762], [23.6320538, 51.7925167], [23.6309099, 51.7925413], [23.6295235, 51.7921418], [23.6287586, 51.7915013], [23.6280578, 51.7905817], [23.6279492, 51.7899858], [23.628506, 51.7891374], [23.6292742, 51.7884601], [23.6301648, 51.7880523], [23.6310587, 51.7874708], [23.6313329, 51.7867904], [23.6309683, 51.7856671], [23.6307435, 51.7847344], [23.6307588, 51.7844266], [23.6312393, 51.7831294], [23.6312281, 51.7828213], [23.6312514, 51.7807478], [23.6313628, 51.7804073], [23.6313658, 51.779963], [23.6309523, 51.7796424], [23.6304639, 51.7795611], [23.6298835, 51.7796822], [23.6287764, 51.779975], [23.6280698, 51.7800702], [23.627601, 51.7801172], [23.6271629, 51.7802515], [23.6266331, 51.7804709], [23.626216, 51.7805491], [23.6256108, 51.7805287], [23.6251108, 51.7803719], [23.624759, 51.7802234], [23.6244398, 51.7798454], [23.6243932, 51.7793559], [23.6244647, 51.7788996], [23.6242977, 51.7785291], [23.6239912, 51.7782217], [23.6235213, 51.7779861], [23.6229441, 51.7778367], [23.6213734, 51.7778945], [23.6188221, 51.778012], [23.6168673, 51.7778055], [23.6156495, 51.7777431], [23.6151721, 51.77739], [23.6149638, 51.7769073], [23.6149704, 51.7764108], [23.6155493, 51.7759849], [23.6163523, 51.7755784], [23.6164547, 51.7754085], [23.6168115, 51.774817], [23.6167471, 51.7739028], [23.6160733, 51.773069], [23.6145327, 51.7724171], [23.612962, 51.7720719], [23.6113312, 51.7720739], [23.610165, 51.7724078], [23.6088094, 51.7728537], [23.6082842, 51.7730265], [23.6062103, 51.7733147], [23.6029949, 51.7733644], [23.6011292, 51.7731579], [23.5999372, 51.7730259], [23.597726, 51.77254], [23.5965535, 51.7719384], [23.5961434, 51.771728], [23.595323, 51.7711356], [23.5949877, 51.7706561], [23.5948082, 51.7700838], [23.5948616, 51.7696388], [23.5950811, 51.7692486], [23.5954264, 51.7684509], [23.5954086, 51.7679881], [23.5953452, 51.7678486], [23.5952343, 51.7676048], [23.5949424, 51.7671662], [23.5942062, 51.7664717], [23.5932409, 51.7657036], [23.5927878, 51.7655018], [23.5925507, 51.7653482], [23.5916762, 51.7650082], [23.5901204, 51.764444], [23.5893192, 51.7641207], [23.5893059, 51.7641154], [23.5887142, 51.7637559], [23.5885694, 51.7636196], [23.588317, 51.7633049], [23.5883002, 51.7631454], [23.588197, 51.7621662], [23.5882803, 51.7614729], [23.5883199, 51.7613532], [23.5885448, 51.7606732], [23.5884627, 51.7600229], [23.5883476, 51.7598079], [23.5879592, 51.7593724], [23.5878559, 51.7593486], [23.5873338, 51.759118], [23.5857722, 51.7591493], [23.5849597, 51.7593047], [23.5842854, 51.7595218], [23.5827467, 51.7602147], [23.5826522, 51.7602619], [23.5820625, 51.7602939], [23.5814121, 51.7603358], [23.5807826, 51.760253], [23.5800063, 51.7598897], [23.5792563, 51.759397], [23.5787601, 51.759207], [23.5780081, 51.7590591], [23.5775862, 51.7589718], [23.5771362, 51.758791], [23.5768624, 51.7584189], [23.5768912, 51.7575678], [23.5764354, 51.757155], [23.5759385, 51.7569623], [23.5752931, 51.7568909], [23.5746925, 51.7569302], [23.5728963, 51.7571364], [23.5716022, 51.7574103], [23.5709617, 51.7575804], [23.570086, 51.7576922], [23.5691042, 51.7577585], [23.568358, 51.7578232], [23.567604, 51.7577874], [23.5672968, 51.7576577], [23.5669706, 51.7574587], [23.5666342, 51.757338], [23.5661495, 51.7572934], [23.5657262, 51.7573645], [23.5655846, 51.7573974], [23.5654413, 51.7574306], [23.5652824, 51.7574869], [23.5649008, 51.7577131], [23.5647174, 51.7579051], [23.5645725, 51.7580569], [23.5639003, 51.7585282], [23.5635093, 51.7588499], [23.5632134, 51.7592583], [23.5630407, 51.759858], [23.5629695, 51.760218], [23.562765, 51.7605881], [23.5623372, 51.7610995], [23.5617778, 51.7614281], [23.5610197, 51.7617214], [23.560533, 51.7618201], [23.5604809, 51.7618307], [23.5598535, 51.761835], [23.5593553, 51.7617511], [23.5589503, 51.7615824], [23.5587231, 51.7613474], [23.5585257, 51.7611606], [23.558361, 51.7608721], [23.5583193, 51.7605676], [23.558482, 51.7600885], [23.5586776, 51.7596539], [23.5587563, 51.7592854], [23.5587166, 51.7590657], [23.5585491, 51.7588464], [23.5580618, 51.7584207], [23.5566953, 51.7575229], [23.555347, 51.7569265], [23.553377, 51.7561005], [23.552871, 51.7559592], [23.5522376, 51.7557823], [23.5517116, 51.7555671], [23.550756, 51.7550976], [23.5504195, 51.7549518], [23.5501521, 51.7547131], [23.549646, 51.7541067], [23.5493056, 51.753583], [23.5490736, 51.7531592], [23.5490774, 51.75307], [23.5490837, 51.7529535], [23.5491291, 51.752119], [23.5491358, 51.7516355], [23.5489966, 51.7513557], [23.5481094, 51.750186], [23.5464189, 51.748833], [23.5462888, 51.7487288], [23.5456771, 51.748212], [23.543383, 51.7468413], [23.5430893, 51.746637], [23.5406743, 51.7453961], [23.5386159, 51.7448798], [23.5373433, 51.7447811], [23.5335938, 51.7445136], [23.5318271, 51.7440075], [23.5312751, 51.7437795], [23.5311512, 51.743694], [23.5310837, 51.7436474], [23.5307654, 51.7434172], [23.530625, 51.7431706], [23.530395, 51.7426602], [23.5304129, 51.7425513], [23.5303859, 51.7422331], [23.530719, 51.7410801], [23.5307497, 51.7409576], [23.5313584, 51.7399175], [23.5320227, 51.7387692], [23.5323655, 51.7381759], [23.5326223, 51.7379482], [23.5326347, 51.7375051], [23.5326459, 51.7371058], [23.5317794, 51.7350433], [23.5314162, 51.7344905], [23.5306546, 51.7333311], [23.5289394, 51.7311783], [23.5289074, 51.7311592], [23.5281709, 51.7305011], [23.5276881, 51.7302134], [23.5271903, 51.7296804], [23.5273158, 51.7291555], [23.5278244, 51.7287009], [23.5279236, 51.7286787], [23.5287191, 51.7285009], [23.5320022, 51.7285687], [23.5331738, 51.7286564], [23.5341447, 51.7286072], [23.5347488, 51.7282896], [23.5351833, 51.7277002], [23.5350815, 51.7267206], [23.5347413, 51.7262555], [23.5344085, 51.7258004], [23.534131, 51.7248949], [23.5341847, 51.7240043], [23.5343458, 51.7233827], [23.5345924, 51.723034], [23.5348564, 51.7227393], [23.5349483, 51.7226367], [23.5354545, 51.7224111], [23.5359579, 51.7222512], [23.5368454, 51.7220238], [23.537457, 51.7219972], [23.5379505, 51.7221966], [23.5383046, 51.7228812], [23.5387552, 51.7233065], [23.5394566, 51.7234894], [23.5403063, 51.7233578], [23.5412762, 51.7228933], [23.5421731, 51.7227869], [23.543246, 51.7229325], [23.5438024, 51.723594], [23.5438949, 51.7241131], [23.5433475, 51.724701], [23.5428029, 51.7254134], [23.5427205, 51.7258056], [23.5428476, 51.7262838], [23.5433149, 51.7269237], [23.5439518, 51.7273202], [23.5448245, 51.727558], [23.5459787, 51.7275588], [23.5471057, 51.727278], [23.5478045, 51.7266468], [23.5477078, 51.725894], [23.5472277, 51.7250833], [23.5472337, 51.7247472], [23.5472451, 51.7241016], [23.5472907, 51.7234297], [23.5476026, 51.7229482], [23.547912, 51.7226256], [23.5483081, 51.7222125], [23.5485011, 51.7211539], [23.5479236, 51.7200831], [23.5478906, 51.7194244], [23.5481957, 51.7187814], [23.5490517, 51.7180926], [23.5511296, 51.7172693], [23.5521525, 51.7167829], [23.5527246, 51.7166201], [23.5531523, 51.7163569], [23.5533139, 51.7160515], [23.55327, 51.7156335], [23.5529883, 51.715161], [23.5526428, 51.7147525], [23.5522788, 51.7144577], [23.5514882, 51.7139461], [23.5509997, 51.7135897], [23.5505541, 51.713143], [23.5502315, 51.7126283], [23.5495343, 51.7121503], [23.5494381, 51.7120662], [23.5480726, 51.711635], [23.5478578, 51.711506], [23.5474645, 51.7112699], [23.5472015, 51.7109747], [23.5471799, 51.7104338], [23.5474153, 51.7099887], [23.5476591, 51.7097171], [23.5478774, 51.7095852], [23.5485714, 51.7093514], [23.5496839, 51.7093474], [23.5499251, 51.7093923], [23.550404, 51.7096417], [23.551046, 51.7100668], [23.5521387, 51.7103098], [23.5529637, 51.7103136], [23.5533263, 51.7103152], [23.5543004, 51.7099723], [23.5543422, 51.7099576], [23.5547447, 51.7096523], [23.5551354, 51.7093559], [23.5555319, 51.708575], [23.5559163, 51.7082845], [23.5563845, 51.7080314], [23.5566393, 51.7076225], [23.5566181, 51.7073113], [23.5564765, 51.7069292], [23.5561096, 51.7065445], [23.5552897, 51.7061495], [23.5544589, 51.7059427], [23.5531892, 51.7059403], [23.552533, 51.7059663], [23.5515477, 51.7060053], [23.5507037, 51.7059276], [23.5496437, 51.7056288], [23.5493955, 51.7054468], [23.5485011, 51.7048311], [23.5484107, 51.7045371], [23.5484985, 51.7041733], [23.5489426, 51.7034665], [23.5498466, 51.7029365], [23.5505183, 51.7028507], [23.5549898, 51.7023695], [23.5560588, 51.702238], [23.5575151, 51.7018963], [23.5584947, 51.701711], [23.5588923, 51.7015167], [23.5593836, 51.701191], [23.5596709, 51.7008333], [23.55983, 51.7004939], [23.5601943, 51.7002343], [23.5605693, 51.7001817], [23.5611661, 51.7002665], [23.5615591, 51.70004], [23.5618823, 51.6997419], [23.5618379, 51.6992346], [23.5615681, 51.6986369], [23.5608176, 51.698239], [23.5602912, 51.6980731], [23.5597218, 51.6979497], [23.5587902, 51.6978854], [23.5573902, 51.6975698], [23.5567066, 51.6972289], [23.5560499, 51.6966981], [23.5557934, 51.6961427], [23.5555362, 51.6955858], [23.5554011, 51.6948983], [23.5554642, 51.6941844], [23.555923, 51.6932902], [23.5559291, 51.692566], [23.5557, 51.6920184], [23.5551393, 51.691338], [23.554339, 51.6907682], [23.553616, 51.6902535], [23.5518248, 51.6893767], [23.5508243, 51.688714], [23.5500887, 51.6879682], [23.5493697, 51.6862798], [23.5488027, 51.6854944], [23.5489154, 51.6848343], [23.549106, 51.6844861], [23.5491291, 51.6840985], [23.5492454, 51.6837746], [23.5501865, 51.6830719], [23.551383, 51.6823614], [23.5520697, 51.6821186], [23.5533947, 51.6819955], [23.5543871, 51.6821685], [23.555455, 51.6821246], [23.5559611, 51.681484], [23.555842, 51.6808149], [23.5545422, 51.6796838], [23.5545099, 51.6796654], [23.5530462, 51.6774138], [23.5524165, 51.6763338], [23.552304, 51.6757587], [23.5522593, 51.6755302], [23.5522479, 51.675252], [23.5522918, 51.6749253], [23.5524043, 51.6746735], [23.5537602, 51.6726642], [23.5554671, 51.669603], [23.5555703, 51.6688632], [23.5553931, 51.6683033], [23.5554916, 51.6679217], [23.5559795, 51.6673216], [23.5565925, 51.6671607], [23.5573129, 51.6670469], [23.5578463, 51.6668596], [23.5583995, 51.6664374], [23.5584879, 51.66577], [23.5580684, 51.6651469], [23.5575544, 51.6644697], [23.5559669, 51.6635289], [23.5552181, 51.6632273], [23.5544704, 51.6631048], [23.5540297, 51.6630931], [23.5534578, 51.663097], [23.5522775, 51.6631958], [23.5518627, 51.6633141], [23.5505888, 51.6636773], [23.5492155, 51.6637411], [23.5484317, 51.6637539], [23.5472988, 51.6634919], [23.5460613, 51.6628927], [23.5456707, 51.6627036], [23.5449441, 51.6621038], [23.5443687, 51.6614954], [23.5440657, 51.660763], [23.5439521, 51.660144], [23.5438358, 51.6594341], [23.54383, 51.658919], [23.5434987, 51.6584669], [23.542981, 51.6581574], [23.5428999, 51.6582118], [23.5409114, 51.6576955], [23.5402788, 51.6574431], [23.5397698, 51.6573274], [23.5392508, 51.6568974], [23.5390816, 51.656384], [23.5391444, 51.6557799], [23.5396282, 51.6550637], [23.5400283, 51.6547186], [23.5421346, 51.6535398], [23.542807, 51.6530099], [23.5430882, 51.6528555], [23.5437051, 51.6525167], [23.5439666, 51.6521752], [23.5440024, 51.6515798], [23.5437765, 51.6510821], [23.5431718, 51.6505906], [23.5412702, 51.6499971], [23.5402838, 51.6495475], [23.539828, 51.6491352], [23.5396552, 51.6488798], [23.5394462, 51.6480425], [23.5392755, 51.6473722], [23.5390402, 51.6468478], [23.538499, 51.6464203], [23.5378321, 51.6460159], [23.5372462, 51.6453214], [23.5370236, 51.6447977], [23.537159, 51.6443309], [23.537529, 51.6438853], [23.5380406, 51.6436972], [23.5385881, 51.643602], [23.5392632, 51.6437313], [23.5396994, 51.6440916], [23.5398448, 51.6447051], [23.5402081, 51.6452935], [23.5407526, 51.6456079], [23.5412035, 51.6457034], [23.5419631, 51.6457135], [23.5426444, 51.6454605], [23.5431486, 51.6450377], [23.543492, 51.643603], [23.5438245, 51.6431669], [23.5443932, 51.6428174], [23.5451925, 51.6426875], [23.5460454, 51.6426809], [23.5467562, 51.6426606], [23.547358, 51.642502], [23.5478143, 51.6422684], [23.5482938, 51.6418787], [23.5486443, 51.6413439], [23.5486096, 51.6405869], [23.5484701, 51.6399311], [23.5484433, 51.638899], [23.5484755, 51.6379568], [23.5483199, 51.6373542], [23.547864, 51.6368881], [23.547407, 51.636621], [23.5465173, 51.6362], [23.5456163, 51.6359892], [23.5443229, 51.635822], [23.543137, 51.6357765], [23.5419685, 51.6357828], [23.541432, 51.6357128], [23.5409048, 51.6355624], [23.5402297, 51.6352084], [23.5397583, 51.6348904], [23.5395283, 51.6346381], [23.5393077, 51.634391], [23.5392219, 51.6340148], [23.5392188, 51.6334661], [23.539297, 51.6332323], [23.5395276, 51.6328827], [23.539989, 51.6326996], [23.5409331, 51.632593], [23.5414636, 51.6325905], [23.5421191, 51.6325471], [23.5427005, 51.6323454], [23.5435431, 51.631657], [23.5439589, 51.6309877], [23.5440445, 51.6301423], [23.5439748, 51.6296561], [23.5438085, 51.6292032], [23.5433525, 51.6286638], [23.5427544, 51.6278159], [23.5426075, 51.6270136], [23.5426359, 51.6264557], [23.5427463, 51.6259797], [23.5431446, 51.6253152], [23.5436979, 51.6247007], [23.5441611, 51.624216], [23.5448009, 51.6237085], [23.5454553, 51.6232489], [23.5458013, 51.6231207], [23.546201, 51.6229974], [23.5466036, 51.6227578], [23.5468715, 51.6222664], [23.5468286, 51.6216536], [23.546724, 51.6212173], [23.5463512, 51.6203447], [23.5460434, 51.6197728], [23.544994, 51.6186361], [23.5444683, 51.6181864], [23.5443288, 51.6178267], [23.5443983, 51.6175024], [23.5446989, 51.6170473], [23.5448331, 51.6166942], [23.5447687, 51.6163212], [23.5445914, 51.6160615], [23.5441679, 51.6155617], [23.5432855, 51.6148698], [23.5425586, 51.6143759], [23.5401875, 51.6124305], [23.5400426, 51.6121307], [23.5401338, 51.6118775], [23.5405093, 51.6117243], [23.5410404, 51.6117376], [23.5414978, 51.6118678], [23.5420821, 51.6121836], [23.5428099, 51.6121289], [23.543362, 51.6118747], [23.5435513, 51.6115228], [23.5434823, 51.6108755], [23.5432259, 51.6105681], [23.5427892, 51.6098621], [23.5425371, 51.609479], [23.5422689, 51.6089493], [23.5421401, 51.608223], [23.5422206, 51.6075001], [23.54258, 51.6070103], [23.5431594, 51.6067338], [23.5437119, 51.6065073], [23.5442593, 51.6061972], [23.5444575, 51.6059309], [23.5445273, 51.6054511], [23.5442438, 51.6049622], [23.5436207, 51.6044849], [23.5429072, 51.6040685], [23.5417271, 51.603682], [23.5411155, 51.6033788], [23.5407454, 51.6030256], [23.5404126, 51.6025446], [23.5401607, 51.602116], [23.5402411, 51.6016062], [23.540799, 51.6010697], [23.5416995, 51.6006574], [23.5443932, 51.5997802], [23.5459328, 51.5994937], [23.547231, 51.5992937], [23.5482234, 51.5988206], [23.5488886, 51.5980942], [23.5492158, 51.5973877], [23.5492694, 51.5961947], [23.5496449, 51.5942486], [23.5502136, 51.5923623], [23.5505354, 51.5912226], [23.5512543, 51.5904694], [23.5525525, 51.5897495], [23.5540867, 51.5895728], [23.554607, 51.5892929], [23.554945, 51.5888696], [23.5549037, 51.5882978], [23.553974, 51.5868198], [23.5536683, 51.5862432], [23.5533035, 51.5848332], [23.5533518, 51.5839899], [23.5538131, 51.5831999], [23.5543581, 51.5826906], [23.5544622, 51.5825933], [23.555063, 51.5822333], [23.555789, 51.5819763], [23.5586749, 51.5815119], [23.5594538, 51.5813582], [23.5607654, 51.5813366], [23.5623854, 51.5816433], [23.563056, 51.5816899], [23.5641674, 51.5813975], [23.5645195, 51.5811888], [23.5657519, 51.580458], [23.5661037, 51.5800765], [23.567561, 51.5784961], [23.5676489, 51.5782309], [23.5682026, 51.5771597], [23.5682076, 51.5765681], [23.5682107, 51.5762034], [23.5675017, 51.5746726], [23.5640528, 51.5709431], [23.563766, 51.5702242], [23.5642144, 51.5690539], [23.565225, 51.5685611], [23.5661703, 51.5686498], [23.5672357, 51.5687585], [23.5684802, 51.568293], [23.5686673, 51.5679604], [23.568886, 51.5675718], [23.5689674, 51.5670353], [23.5689101, 51.5662502], [23.5681458, 51.5646748], [23.5676825, 51.5636351], [23.5680086, 51.5619004], [23.5686623, 51.5610899], [23.5696113, 51.5606143], [23.5697264, 51.5605395], [23.5701975, 51.5602331], [23.570395, 51.5602561], [23.5709377, 51.5603194], [23.5719592, 51.5604386], [23.5736817, 51.5603402], [23.5752642, 51.559835], [23.5768133, 51.5588281], [23.5772327, 51.5584468], [23.5781047, 51.557654], [23.577717, 51.5569451], [23.5760725, 51.5561308], [23.5728269, 51.5553252], [23.5711886, 51.5546138], [23.570189, 51.5541797], [23.5688468, 51.5532651], [23.568621, 51.5531113], [23.5684991, 51.5530041], [23.5675256, 51.5521497], [23.5665647, 51.5513064], [23.5663691, 51.55115], [23.5658013, 51.5507602], [23.5655155, 51.5503691], [23.5653546, 51.550004], [23.565273, 51.5496337], [23.5652705, 51.5494566], [23.5652689, 51.5493424], [23.5652514, 51.5492077], [23.5652497, 51.5491742], [23.5651825, 51.5488236], [23.5650641, 51.5482238], [23.564893, 51.5475778], [23.5642586, 51.5462851], [23.5636378, 51.5454671], [23.5628185, 51.5444038], [23.5626866, 51.5441759], [23.5625603, 51.5439351], [23.5624806, 51.5437201], [23.562466, 51.5435548], [23.5625059, 51.5432285], [23.5626712, 51.542802], [23.5630159, 51.5423711], [23.5635295, 51.5419637], [23.5643871, 51.5414363], [23.5647142, 51.5411196], [23.5649478, 51.5407477], [23.5649629, 51.5398601], [23.5649499, 51.5389696], [23.5649383, 51.5388242], [23.5648652, 51.5385945], [23.5644684, 51.5371812], [23.5643653, 51.5367292], [23.5643515, 51.535947], [23.5643769, 51.5355555], [23.564514, 51.5350875], [23.5646822, 51.5347566], [23.5654167, 51.534074], [23.5666774, 51.5334567], [23.5685297, 51.5327014], [23.571024, 51.5322798], [23.5723532, 51.5320019], [23.5745992, 51.5322263], [23.5760661, 51.532535], [23.5771688, 51.5324829], [23.5783786, 51.5321041], [23.5788344, 51.5319113], [23.5800175, 51.5311684], [23.5804517, 51.5305944], [23.5807366, 51.5302507], [23.5824819, 51.5294523], [23.5853087, 51.528821], [23.5862818, 51.5288036], [23.5868799, 51.5289044], [23.5872243, 51.5291146], [23.5873785, 51.5292087], [23.5878082, 51.5296755], [23.5883417, 51.53028], [23.5881046, 51.5311734], [23.5881845, 51.5321238], [23.5883396, 51.5328445], [23.588883, 51.5336322], [23.5907194, 51.5349325], [23.5919468, 51.5354066], [23.5932254, 51.5355729], [23.5936178, 51.5356239], [23.5948428, 51.535227], [23.5949824, 51.5351818], [23.5967492, 51.5334138], [23.5970503, 51.5326744], [23.598411, 51.5312882], [23.6002659, 51.530296], [23.6017418, 51.5292308], [23.602663, 51.5287364], [23.6039868, 51.5284801], [23.6050591, 51.528421], [23.6059543, 51.5285185], [23.6074677, 51.5287146], [23.6115879, 51.5288709], [23.6122853, 51.5289276], [23.6130202, 51.5287975], [23.6133796, 51.5283937], [23.6132888, 51.5272454], [23.6130437, 51.5265439], [23.6135083, 51.5236711], [23.6140072, 51.5225029], [23.6183792, 51.5202098], [23.619833, 51.5191917], [23.622091, 51.5162881], [23.6228843, 51.5152879], [23.62342, 51.5148997], [23.6241251, 51.514694], [23.6244981, 51.5144356], [23.6245698, 51.5141983], [23.6246444, 51.5133967], [23.6245455, 51.5129967], [23.6244516, 51.5127085], [23.6239896, 51.5125579], [23.6234328, 51.5125127], [23.6221922, 51.5125406], [23.6210371, 51.5126223], [23.6203655, 51.5125889], [23.6190608, 51.5123443], [23.6183783, 51.5120659], [23.6177591, 51.5116103], [23.6173328, 51.5109392], [23.6172043, 51.5103757], [23.6173467, 51.5097565], [23.6175458, 51.5094099], [23.6178219, 51.5087839], [23.6178349, 51.5081817], [23.6174223, 51.5069665], [23.6166078, 51.5049573], [23.6163568, 51.5041003], [23.6163674, 51.5033894], [23.6164718, 51.5030887], [23.6168082, 51.5026873], [23.617316, 51.5023305], [23.6184123, 51.5018814], [23.6198682, 51.5016615], [23.6214754, 51.5015857], [23.6229704, 51.5016606], [23.6236061, 51.5016051], [23.6242019, 51.501385], [23.624643, 51.5010125], [23.6248265, 51.5006399], [23.6248422, 51.5001618], [23.6245556, 51.499566], [23.6240076, 51.4990698], [23.6233825, 51.4988417], [23.6226413, 51.4986563], [23.6218108, 51.4986094], [23.6208369, 51.4984705], [23.6200971, 51.4981819], [23.6196072, 51.4977421], [23.6194964, 51.4973928], [23.6195856, 51.4969588], [23.6201303, 51.4963662], [23.6210594, 51.4958912], [23.6220639, 51.4955665], [23.622983, 51.4953663], [23.6241057, 51.4951585], [23.6250687, 51.4950378], [23.6262189, 51.494918], [23.6268366, 51.4946848], [23.6273204, 51.4943745], [23.6278854, 51.4939168], [23.6284054, 51.4934434], [23.6292799, 51.4921849], [23.6302407, 51.491374], [23.6315046, 51.4910217], [23.6320805, 51.4910269], [23.6326684, 51.4911057], [23.6333028, 51.4912065], [23.6340816, 51.4911934], [23.6346801, 51.4910289], [23.6360891, 51.4902849], [23.6362984, 51.4899674], [23.6365173, 51.4894332], [23.6366528, 51.4884134], [23.6365041, 51.4871356], [23.6366685, 51.4867508], [23.6370999, 51.4862363], [23.6376111, 51.4858551], [23.6382372, 51.485589], [23.639103, 51.4854775], [23.640443, 51.4855646], [23.6412806, 51.4853875], [23.641743, 51.4850703], [23.6425083, 51.4848842], [23.6432999, 51.4848909], [23.6441213, 51.4850396], [23.6446721, 51.4852296], [23.6450673, 51.4854525], [23.6455908, 51.485693], [23.6463768, 51.4858546], [23.64724, 51.4858588], [23.6495875, 51.4857861], [23.6509261, 51.4857703], [23.6517751, 51.4859672], [23.6529553, 51.4864585], [23.6533703, 51.486745], [23.6537126, 51.4870798], [23.6539572, 51.4875124], [23.6540414, 51.4879493], [23.6540569, 51.4887179], [23.6543276, 51.4891195], [23.655234, 51.4897643], [23.656252, 51.4902003], [23.6571761, 51.4904473], [23.6580327, 51.4906353], [23.6585417, 51.490695], [23.6590117, 51.4906706], [23.6595617, 51.4905985], [23.6602866, 51.4902504], [23.6619524, 51.4890743], [23.6631161, 51.4881234], [23.6634346, 51.487622], [23.6635733, 51.4868783], [23.6634995, 51.4865605], [23.6632617, 51.4861707], [23.6632701, 51.4857859], [23.6639145, 51.4852053], [23.665035, 51.4846783], [23.6665563, 51.4842498], [23.6686455, 51.4837503], [23.6693532, 51.4833871], [23.6698193, 51.4830266], [23.6702733, 51.4825442], [23.6706894, 51.4816345], [23.6711133, 51.4806723], [23.6711935, 51.4804891], [23.6714974, 51.4794893], [23.6716182, 51.4787372], [23.6713978, 51.4777881], [23.6712217, 51.4774804], [23.6709527, 51.47639], [23.6712031, 51.4759232], [23.6713677, 51.4752716], [23.6714412, 51.4747842], [23.6716527, 51.4745445], [23.6721425, 51.4743221], [23.673271, 51.4741198], [23.6743288, 51.4738344], [23.6750659, 51.4734025], [23.6756149, 51.4728007], [23.6757875, 51.4725368], [23.6760916, 51.4720758], [23.676332, 51.4714406], [23.6763093, 51.471005], [23.6760478, 51.4706818], [23.6756629, 51.4704105], [23.6745929, 51.4699953], [23.6741368, 51.4698702], [23.6729077, 51.4699894], [23.6716068, 51.470358], [23.6709824, 51.4706874], [23.6701356, 51.4711864], [23.6693383, 51.4714386], [23.6686633, 51.4714531], [23.6678144, 51.4712977], [23.6668299, 51.4708766], [23.6658285, 51.4702108], [23.6656687, 51.4697473], [23.665655, 51.4691725], [23.665665, 51.4675322], [23.6654462, 51.4670792], [23.6650438, 51.4666681], [23.6643862, 51.4663159], [23.6633707, 51.4659396], [23.661881, 51.4654802], [23.660812, 51.465123], [23.6600597, 51.464768], [23.6594306, 51.4641666], [23.6590841, 51.4630297], [23.6587, 51.4623999], [23.6581472, 51.461949], [23.6570314, 51.4612623], [23.6550996, 51.4602135], [23.6543941, 51.4596816], [23.6534059, 51.4593137], [23.6524291, 51.4590595], [23.6515014, 51.4588969], [23.6506637, 51.4589033], [23.6500163, 51.4590815], [23.6490475, 51.4594288], [23.6483591, 51.4596162], [23.6477323, 51.4596226], [23.6472068, 51.4594586], [23.6467054, 51.4591035], [23.6463634, 51.4584722], [23.6462814, 51.4576676], [23.6466917, 51.4569603], [23.647722, 51.4559234], [23.6490829, 51.4548553], [23.6495935, 51.4546933], [23.6500482, 51.4545136], [23.6506181, 51.4541095], [23.650854, 51.4537416], [23.6509042, 51.4533389], [23.6508882, 51.4528098], [23.6505885, 51.452422], [23.6491068, 51.4516571], [23.6488355, 51.4513382], [23.6487204, 51.4509511], [23.6487797, 51.450667], [23.6490202, 51.4504425], [23.6494613, 51.4502756], [23.6499229, 51.4501499], [23.6505235, 51.4500788], [23.6508187, 51.4499347], [23.6510603, 51.4497244], [23.6511025, 51.4493274], [23.6510831, 51.4490376], [23.6507116, 51.4485652], [23.6498112, 51.4480076], [23.649329, 51.4475459], [23.6492384, 51.4467874], [23.6494419, 51.4462588], [23.649957, 51.4458489], [23.6512712, 51.44552], [23.6527927, 51.4455186], [23.6540271, 51.4456266], [23.6548249, 51.4455989], [23.655307, 51.4455378], [23.657346, 51.44501], [23.6586955, 51.4445042], [23.6596243, 51.4442612], [23.6607789, 51.4440773], [23.661775, 51.4441483], [23.6638904, 51.4447315], [23.6645207, 51.4449127], [23.6667033, 51.445358], [23.6677496, 51.4454419], [23.6685542, 51.4451918], [23.6701339, 51.4443074], [23.6708805, 51.4440474], [23.6714549, 51.4438684], [23.6720863, 51.443423], [23.6726983, 51.4426842], [23.6734141, 51.4421372], [23.674172, 51.4416782], [23.6751363, 51.441296], [23.6759227, 51.4412122], [23.6765005, 51.4412264], [23.6771354, 51.4413323], [23.6780722, 51.4416029], [23.6789293, 51.4420882], [23.6798286, 51.4427197], [23.6804213, 51.4431793], [23.6811154, 51.443872], [23.6818437, 51.4444879], [23.6824158, 51.4449531], [23.6831088, 51.445265], [23.6838177, 51.4453481], [23.6846315, 51.4452309], [23.6858635, 51.4445681], [23.6863263, 51.4440176], [23.686406, 51.4435665], [23.6858658, 51.4422856], [23.6848606, 51.4416548], [23.6840627, 51.4410914], [23.6831475, 51.4405679], [23.6825093, 51.4400919], [23.68214, 51.4396102], [23.6819873, 51.4391527], [23.6818927, 51.4386973], [23.6815906, 51.4382319], [23.6814447, 51.4379513], [23.6812555, 51.4373864], [23.6814333, 51.4369744], [23.6817, 51.4366816], [23.6821883, 51.4363853], [23.6828186, 51.4361768], [23.6837236, 51.4356935], [23.6845054, 51.4351936], [23.6851025, 51.4349389], [23.6855071, 51.4345666], [23.6857698, 51.4341737], [23.6857416, 51.4338039], [23.6853798, 51.4333764], [23.6849591, 51.4331362], [23.6846061, 51.4330116], [23.6836825, 51.432883], [23.6824252, 51.4328968], [23.681119, 51.4332037], [23.6799132, 51.4335206], [23.6792977, 51.433576], [23.6785158, 51.433441], [23.6777302, 51.433005], [23.6772378, 51.4322493], [23.6768735, 51.4309716], [23.6767534, 51.4305455], [23.6769879, 51.4296733], [23.6775827, 51.4289844], [23.6782443, 51.4284773], [23.6785764, 51.4281668], [23.6791211, 51.4278834], [23.680145, 51.4277541], [23.6808489, 51.4277739], [23.6817501, 51.4277478], [23.6824586, 51.4275686], [23.6833015, 51.427274], [23.6839883, 51.426966], [23.6845445, 51.4264733], [23.6850814, 51.4259308], [23.6852989, 51.4255835], [23.6856873, 51.4248675], [23.68588, 51.4241147], [23.6862071, 51.4235072], [23.6870414, 51.4223518], [23.6873825, 51.4218684], [23.6878766, 51.420743], [23.6879722, 51.4198796], [23.6880258, 51.4196807], [23.6884593, 51.4192518], [23.688727, 51.4191156], [23.6890886, 51.4190381], [23.6896108, 51.4189544], [23.6916481, 51.4188799], [23.6921916, 51.4188611], [23.6934999, 51.4187374], [23.6940692, 51.4187524], [23.6948482, 51.4188762], [23.695964, 51.4191233], [23.697141, 51.4195753], [23.6980242, 51.4198272], [23.6985989, 51.4200684], [23.6995086, 51.4206075], [23.7001245, 51.4207793], [23.7008464, 51.4208895], [23.701384, 51.4208072], [23.7023914, 51.4202506], [23.7027735, 51.4198944], [23.7029331, 51.4195452], [23.702823, 51.4192224], [23.7024026, 51.4188788], [23.701762, 51.418303], [23.7010896, 51.4177617], [23.6999526, 51.4172513], [23.6990193, 51.4169374], [23.6983275, 51.4166036], [23.6978823, 51.4162992], [23.6974837, 51.4161262], [23.6968802, 51.4159481], [23.6962808, 51.4158438], [23.695407, 51.4158402], [23.6940698, 51.4156066], [23.6931713, 51.415076], [23.6927804, 51.4145222], [23.6928475, 51.4138744], [23.6931007, 51.4132843], [23.6936518, 51.4128252], [23.6943001, 51.4124492], [23.6949872, 51.4121524], [23.6958433, 51.4119861], [23.6964928, 51.4118638], [23.697343, 51.4117253], [23.6980407, 51.4116673], [23.6987102, 51.4117844], [23.6992366, 51.4119743], [23.6999649, 51.4121454], [23.7007999, 51.4121675], [23.7018279, 51.4119137], [23.7021635, 51.4116045], [23.7022424, 51.4111631], [23.7019357, 51.4106717], [23.7015129, 51.4102945], [23.7008322, 51.4100213], [23.7005102, 51.4098931], [23.6999225, 51.4097227], [23.6990158, 51.409459], [23.6975385, 51.4090649], [23.6966164, 51.4084684], [23.6963279, 51.4078848], [23.6964324, 51.4070782], [23.6966101, 51.4065337], [23.6970413, 51.4059626], [23.6974491, 51.405735], [23.6979777, 51.4055863], [23.698538, 51.4054809], [23.6989477, 51.4054038], [23.6993942, 51.4055218], [23.6997524, 51.4055935], [23.7001019, 51.4055991], [23.7011386, 51.4054145], [23.7016046, 51.4052116], [23.7019571, 51.4049303], [23.7025328, 51.4042158], [23.7027105, 51.4038989], [23.702745, 51.4035486], [23.702311, 51.4033289], [23.7019238, 51.4031924], [23.7013905, 51.4031408], [23.7009362, 51.4030841], [23.7001723, 51.4030207], [23.6993299, 51.4030834], [23.6983095, 51.4031069], [23.6975085, 51.4031015], [23.6969263, 51.4029647], [23.6962005, 51.4025381], [23.6956753, 51.4020622], [23.6949867, 51.4013203], [23.6942276, 51.4008216], [23.6929266, 51.4001837], [23.6923126, 51.3998845], [23.6919492, 51.3995977], [23.6915294, 51.3991064], [23.6909735, 51.3987022], [23.6902897, 51.3986237], [23.689701, 51.3988401], [23.6891113, 51.3992191], [23.6880425, 51.3997373], [23.6875528, 51.3997799], [23.6860679, 51.3997225], [23.6849599, 51.3994518], [23.6841869, 51.3991017], [23.6834966, 51.3988515], [23.682473, 51.3985218], [23.6819048, 51.3981106], [23.6817962, 51.3975031], [23.682495, 51.3970507], [23.6829484, 51.3969549], [23.6841094, 51.3968339], [23.6846985, 51.3967968], [23.6853137, 51.3965567], [23.6858827, 51.3963466], [23.6863209, 51.396088], [23.6869048, 51.3957179], [23.6871162, 51.3954832], [23.6873004, 51.3951087], [23.6872881, 51.394826], [23.6872968, 51.3942964], [23.6866724, 51.393828], [23.6859017, 51.3936299], [23.6851649, 51.3936699], [23.6844255, 51.3937858], [23.6836297, 51.3940627], [23.6830883, 51.3944876], [23.6821812, 51.395075], [23.6819549, 51.3952197], [23.6812986, 51.3954615], [23.6804181, 51.3955415], [23.6789373, 51.3953689], [23.6780245, 51.3950257], [23.6773087, 51.3945404], [23.6768977, 51.3940502], [23.6767941, 51.3935495], [23.676869, 51.3930036], [23.6770677, 51.3924405], [23.6776713, 51.3917196], [23.6786949, 51.3910922], [23.6793254, 51.3908192], [23.68, 51.3904423], [23.6802803, 51.3903433], [23.6806563, 51.3902105], [23.6814071, 51.3901046], [23.6822575, 51.3901173], [23.6832654, 51.3899606], [23.6836348, 51.3899025], [23.6844264, 51.3896833], [23.6855806, 51.3894453], [23.686017, 51.38935], [23.6863755, 51.3892296], [23.6869516, 51.3891444], [23.6875889, 51.3890983], [23.6880199, 51.3890499], [23.6885905, 51.3887858], [23.6889733, 51.3884755], [23.6891631, 51.3882024], [23.6891831, 51.3878406], [23.6888681, 51.3875626], [23.6882606, 51.3873849], [23.6874601, 51.3873001], [23.6867315, 51.387326], [23.6862497, 51.3873519], [23.6855268, 51.3873196], [23.685107, 51.3872158], [23.6848233, 51.387018], [23.6846109, 51.3866862], [23.6845185, 51.3860705], [23.6845493, 51.3857211], [23.6848869, 51.3849747], [23.684989, 51.3847525], [23.6849988, 51.3840758], [23.6843682, 51.3836579], [23.6839269, 51.383623], [23.6835144, 51.3836698], [23.6828535, 51.3838754], [23.6815358, 51.3845289], [23.6808606, 51.3848335], [23.6803177, 51.384935], [23.6797656, 51.3849161], [23.6793567, 51.3847912], [23.6789775, 51.3845084], [23.6787107, 51.384233], [23.6786209, 51.383826], [23.6787117, 51.3837117], [23.6789534, 51.3833489], [23.6793988, 51.3830918], [23.6800755, 51.3827584], [23.6805794, 51.382466], [23.6809288, 51.3820612], [23.6811561, 51.3814191], [23.6810104, 51.3808955], [23.6806005, 51.3801404], [23.6796764, 51.379146], [23.6786439, 51.378248], [23.6781469, 51.3777544], [23.6779139, 51.3773218], [23.6779517, 51.3770324], [23.6782477, 51.3766419], [23.6785808, 51.3763258], [23.6790641, 51.3759625], [23.6793159, 51.3758991], [23.6801271, 51.3759729], [23.6804711, 51.3762153], [23.6807156, 51.3765966], [23.6808092, 51.3771705], [23.6808484, 51.3775519], [23.6809957, 51.3778694], [23.6814899, 51.3781982], [23.6821401, 51.378455], [23.6829825, 51.3785538], [23.6838097, 51.3784827], [23.6843692, 51.3781104], [23.6846007, 51.3776873], [23.6846058, 51.3769332], [23.684354, 51.3760925], [23.6838322, 51.3752546], [23.6833598, 51.3746331], [23.6833248, 51.3742575], [23.6833149, 51.37415], [23.683226, 51.3734917], [23.6829498, 51.3731212], [23.6826755, 51.3726845], [23.6827075, 51.3724173], [23.682804, 51.3721976], [23.6831345, 51.371956], [23.6837243, 51.3717736], [23.6841866, 51.3716711], [23.6847376, 51.371459], [23.6850752, 51.3712396], [23.6852912, 51.3710766], [23.6854457, 51.3708328], [23.6854878, 51.3705432], [23.685282, 51.3700717], [23.6852789, 51.3696809], [23.6854442, 51.369514], [23.6858162, 51.369524], [23.6861394, 51.3695954], [23.686436, 51.369531], [23.6866818, 51.3693475], [23.6867598, 51.3689881], [23.6865786, 51.3686162], [23.6859742, 51.3682029], [23.6854755, 51.3680069], [23.6849429, 51.3679044], [23.6839633, 51.3677557], [23.6833866, 51.3677343], [23.6827026, 51.3677942], [23.6818119, 51.3679944], [23.6805394, 51.3683948], [23.6799206, 51.3686908], [23.6792864, 51.3689394], [23.6787174, 51.3690159], [23.6781791, 51.3689413], [23.6778564, 51.3687847], [23.6773043, 51.3680943], [23.6771693, 51.3676676], [23.6771185, 51.367454], [23.6765346, 51.3668165], [23.6756429, 51.3664708], [23.6745541, 51.3664032], [23.6737269, 51.3665288], [23.6734632, 51.3665692], [23.6719008, 51.3670593], [23.6716104, 51.3671493], [23.6702671, 51.3673803], [23.6693091, 51.36752], [23.668915, 51.3676276], [23.6681423, 51.3678028], [23.6675261, 51.3678057], [23.666779, 51.3677541], [23.6663947, 51.3676209], [23.6653177, 51.3668242], [23.6650098, 51.366268], [23.6649693, 51.3656398], [23.6651324, 51.3650526], [23.6655062, 51.3645388], [23.6660543, 51.364101], [23.6671436, 51.363509], [23.6682191, 51.3628288], [23.6687278, 51.3625775], [23.6693046, 51.3624389], [23.6697662, 51.3621579], [23.67009, 51.3619233], [23.670136, 51.3615575], [23.6699697, 51.3610082], [23.6694297, 51.3606569], [23.6688238, 51.3604195], [23.6680021, 51.3602565], [23.6674869, 51.3602267], [23.6667542, 51.3602843], [23.6658286, 51.3605685], [23.6647772, 51.361216], [23.6637105, 51.3619254], [23.6632215, 51.3622727], [23.6628341, 51.3625149], [23.6624236, 51.3625799], [23.661988, 51.3625757], [23.6614694, 51.3624725], [23.6610977, 51.3623271], [23.6609056, 51.3621208], [23.6608269, 51.3617891], [23.6608669, 51.3615335], [23.6608773, 51.3613256], [23.6611869, 51.3610804], [23.6616418, 51.3608521], [23.6622628, 51.3605815], [23.6628648, 51.3602218], [23.6632673, 51.3597725], [23.6635135, 51.3592329], [23.6635258, 51.3586645], [23.6631775, 51.358076], [23.6623607, 51.3577843], [23.6613962, 51.357855], [23.6606798, 51.3581917], [23.6602951, 51.358505], [23.6599356, 51.3589143], [23.6598462, 51.3590174], [23.6594218, 51.3593256], [23.6587833, 51.3595465], [23.6582828, 51.3596101], [23.657707, 51.3596055], [23.6572183, 51.3594786], [23.6566947, 51.3590916], [23.6563339, 51.3585913], [23.6562508, 51.3581064], [23.6564262, 51.35763], [23.656595, 51.3570003], [23.6566242, 51.3565665], [23.656588, 51.3562208], [23.6565511, 51.3558661], [23.6564305, 51.3553084], [23.6565243, 51.3546519], [23.6564872, 51.3542744], [23.6562735, 51.3539586], [23.655937, 51.353716], [23.6555271, 51.3535481], [23.6550429, 51.3532272], [23.6548697, 51.3528985], [23.6548673, 51.3525895], [23.6549893, 51.3522701], [23.6552673, 51.3520666], [23.6555931, 51.3519749], [23.655956, 51.3519044], [23.6564764, 51.3519415], [23.6571891, 51.3520331], [23.6576798, 51.352029], [23.6580807, 51.3517771], [23.6583067, 51.3513336], [23.6582168, 51.3509962], [23.6578184, 51.3507824], [23.6572897, 51.3506578], [23.6562851, 51.3506526], [23.6551741, 51.3505949], [23.6546091, 51.3504538], [23.6542033, 51.3502714], [23.6540557, 51.3500576], [23.6540713, 51.3498176], [23.6542553, 51.3494807], [23.6546149, 51.3489583], [23.6547287, 51.3485895], [23.6546767, 51.3483922], [23.6544837, 51.3478894], [23.6536507, 51.346909], [23.6535896, 51.3468389], [23.6535863, 51.3465463], [23.6539179, 51.3462918], [23.6544177, 51.3460899], [23.6552269, 51.3459539], [23.6556714, 51.3458251], [23.6558953, 51.345586], [23.6559898, 51.3453009], [23.6558684, 51.3448344], [23.6554034, 51.3445328], [23.6548679, 51.3444251], [23.6532963, 51.3444641], [23.652186, 51.3445407], [23.6509997, 51.3445088], [23.6504047, 51.3444182], [23.6501339, 51.3443241], [23.6498081, 51.3439667], [23.6497574, 51.3435793], [23.6500274, 51.3431741], [23.650693, 51.3428573], [23.6516496, 51.3426047], [23.6525861, 51.3423441], [23.6528486, 51.3422655], [23.653331, 51.3421215], [23.6534321, 51.3420912], [23.6539093, 51.3420527], [23.6546035, 51.3421208], [23.6555014, 51.3422], [23.656662, 51.3422768], [23.6567433, 51.3422826], [23.6572606, 51.3422983], [23.6575868, 51.3422107], [23.6577813, 51.3419681], [23.6577208, 51.341589], [23.6574243, 51.3410357], [23.6569462, 51.3404424], [23.6568548, 51.3403284], [23.6566667, 51.3399477], [23.6565308, 51.3394094], [23.6561954, 51.3391238], [23.6556635, 51.3391049], [23.6551039, 51.3392523], [23.6547524, 51.3394719], [23.6543796, 51.3398591], [23.6540398, 51.3398983], [23.6535179, 51.3400527], [23.6533514, 51.3401017], [23.6529255, 51.3401894], [23.6523816, 51.3402192], [23.6516897, 51.3401271], [23.650992, 51.3399652], [23.6504268, 51.3398628], [23.6497415, 51.3399023], [23.64875, 51.3399836], [23.6480088, 51.3399485], [23.6474871, 51.3397872], [23.646951, 51.3392926], [23.6468163, 51.3385905], [23.6469537, 51.3382797], [23.6473095, 51.3378729], [23.6474748, 51.337614], [23.647497, 51.3374633], [23.6474556, 51.3370409], [23.6472163, 51.3366359], [23.6468947, 51.3363561], [23.6464565, 51.336073], [23.6462529, 51.3357111], [23.646017, 51.3351272], [23.6453551, 51.334445], [23.6448201, 51.3342461], [23.6437188, 51.3339811], [23.6435464, 51.3339396], [23.6427378, 51.3336265], [23.6424583, 51.3334055], [23.6421942, 51.3332828], [23.6419719, 51.332985], [23.6417782, 51.3325767], [23.641512, 51.3325005], [23.6411095, 51.3323843], [23.640406, 51.3322932], [23.6398602, 51.3319773], [23.6394667, 51.3313961], [23.6391955, 51.3310915], [23.6385849, 51.3307253], [23.6377402, 51.3303856], [23.6370027, 51.3299427], [23.6363034, 51.3293344], [23.6359705, 51.3288164], [23.6357728, 51.3285152], [23.6355325, 51.3276672], [23.6356905, 51.3272912], [23.6359895, 51.3270777], [23.6368073, 51.3267099], [23.6376931, 51.3266516], [23.6386456, 51.3267909], [23.6397693, 51.3270966], [23.6404216, 51.3272209], [23.6408824, 51.3271634], [23.641825, 51.3267774], [23.6421839, 51.3263891], [23.6421987, 51.3259741], [23.6419782, 51.3256213], [23.6416317, 51.3253256], [23.6401912, 51.3247385], [23.639404, 51.3244158], [23.6390699, 51.3242788], [23.6380552, 51.3237782], [23.6373746, 51.3232958], [23.6370634, 51.3226866], [23.6369853, 51.322559], [23.6370798, 51.3221352], [23.6372765, 51.3214568], [23.6372335, 51.3211306], [23.6369538, 51.3207938], [23.6365887, 51.3204597], [23.6358022, 51.3199114], [23.6355933, 51.3196661], [23.6355721, 51.319357], [23.6359917, 51.3188145], [23.6364421, 51.3184774], [23.6367328, 51.3182613], [23.6376592, 51.3177863], [23.638479, 51.3174533], [23.639139, 51.3172361], [23.6395192, 51.3170514], [23.6397076, 51.3168887], [23.639845, 51.3167029], [23.6398844, 51.3165651], [23.6398983, 51.3162253], [23.6398444, 51.3156069], [23.6398837, 51.3152073], [23.6399467, 51.3150074], [23.6401756, 51.3148413], [23.640551, 51.3147524], [23.6411541, 51.3147047], [23.6419267, 51.3146839], [23.6423366, 51.3146114], [23.6429245, 51.3144117], [23.643288, 51.3141701], [23.6436378, 51.3138364], [23.6438715, 51.3133785], [23.643943, 51.312619], [23.6439507, 51.311857], [23.6437479, 51.3111458], [23.6437467, 51.310981], [23.6436801, 51.3107127], [23.6434172, 51.3105061], [23.6431791, 51.3104507], [23.6429544, 51.3104668], [23.6426808, 51.3107202], [23.6422308, 51.3111969], [23.6415342, 51.3114519], [23.6407426, 51.3114118], [23.6400109, 51.3111859], [23.6398379, 51.3110219], [23.6396238, 51.3108168], [23.6394958, 51.3104079], [23.639529, 51.3099245], [23.6396443, 51.3097291], [23.6398126, 51.3095393], [23.640296, 51.3091399], [23.6406389, 51.3087978], [23.6408837, 51.3083754], [23.6408247, 51.3075965], [23.6407698, 51.3071266], [23.6409672, 51.3067533], [23.6414222, 51.3065322], [23.6419454, 51.3065238], [23.6424871, 51.3065666], [23.6430026, 51.3065351], [23.6433618, 51.3064233], [23.6436421, 51.3061404], [23.6435906, 51.3057929], [23.6431278, 51.3052796], [23.6430029, 51.3049782], [23.6430248, 51.3046753], [23.6433822, 51.3043159], [23.6440241, 51.3042255], [23.6448365, 51.3042758], [23.6454078, 51.3042174], [23.6459454, 51.3040437], [23.6463925, 51.3037862], [23.6467585, 51.3036008], [23.6473359, 51.3031599], [23.647454, 51.3030703], [23.6478341, 51.3027156], [23.6484903, 51.3021079], [23.6488553, 51.3018465], [23.6496212, 51.3013592], [23.6502612, 51.3010527], [23.6510721, 51.300735], [23.6515684, 51.3005172], [23.6519409, 51.3003017], [23.65214, 51.3000114], [23.6523392, 51.2995854], [23.652399, 51.2992526], [23.652235, 51.299019], [23.6513674, 51.298588], [23.6505825, 51.2985058], [23.6497278, 51.2985112], [23.648806, 51.2986053], [23.6477991, 51.2986211], [23.6473989, 51.2986053], [23.6470301, 51.2984966], [23.6468988, 51.2983088], [23.6468334, 51.2980686], [23.6468772, 51.2977926], [23.6471177, 51.2974834], [23.6472438, 51.2973926], [23.6474787, 51.297339], [23.6482452, 51.2974394], [23.6485809, 51.2973669], [23.6488106, 51.2972133], [23.648859, 51.2970037], [23.6487357, 51.2966804], [23.6486682, 51.296473], [23.6483562, 51.2961242], [23.648358, 51.2958655], [23.6485575, 51.295505], [23.6492864, 51.2949526], [23.6497526, 51.2947891], [23.6500812, 51.2945158], [23.6502114, 51.294289], [23.6501744, 51.2940349], [23.6497187, 51.2937222], [23.6489485, 51.2934812], [23.6484552, 51.2933767], [23.6478842, 51.2933409], [23.6473028, 51.2933725], [23.6467928, 51.2933089], [23.6463452, 51.2930987], [23.6459748, 51.2926589], [23.6458987, 51.292267], [23.6459585, 51.2918187], [23.6461602, 51.2916324], [23.6464724, 51.2914432], [23.6466688, 51.2912908], [23.6474588, 51.2910631], [23.6479622, 51.290912], [23.6485769, 51.2906819], [23.6491788, 51.2903606], [23.6493413, 51.2902603], [23.6494105, 51.2901361], [23.6494399, 51.2895832], [23.6492548, 51.2892482], [23.649008, 51.2889014], [23.648373, 51.288094], [23.6482902, 51.2877975], [23.6484099, 51.2874239], [23.6489591, 51.2872037], [23.6495196, 51.2873025], [23.6500742, 51.2876681], [23.6503383, 51.288157], [23.6505264, 51.2884497], [23.6508108, 51.2887104], [23.6517622, 51.2889318], [23.6524351, 51.2890253], [23.6531299, 51.2890559], [23.6539109, 51.2889624], [23.6544451, 51.2887807], [23.6548478, 51.2885059], [23.6553149, 51.2877117], [23.6554559, 51.2874841], [23.656179, 51.2870429], [23.6567573, 51.2870166], [23.6573707, 51.287168], [23.6577346, 51.2873566], [23.6579006, 51.2876102], [23.6577846, 51.2879985], [23.6575851, 51.2883618], [23.6576239, 51.2888017], [23.6577633, 51.2891301], [23.6580958, 51.2894801], [23.6586135, 51.2898461], [23.6591253, 51.290083], [23.6597207, 51.290268], [23.6603942, 51.2903575], [23.6608688, 51.2904776], [23.6612625, 51.2907378], [23.6614306, 51.2910156], [23.6614157, 51.2913167], [23.6615386, 51.2917193], [23.6619525, 51.292016], [23.6624606, 51.2922479], [23.6630102, 51.2923807], [23.6634438, 51.292398], [23.6639199, 51.2923344], [23.664362, 51.2922107], [23.6649393, 51.2919908], [23.665391, 51.291874], [23.6658437, 51.2919013], [23.6661927, 51.2919668], [23.6671009, 51.2922143], [23.6677569, 51.2923754], [23.6683602, 51.2924542], [23.6687741, 51.2923561], [23.6689806, 51.2921169], [23.6688635, 51.2918224], [23.6685885, 51.2915619], [23.6683453, 51.2911174], [23.6683959, 51.2906653], [23.6689428, 51.290245], [23.6698089, 51.2900028], [23.6706889, 51.2899742], [23.6712252, 51.2900407], [23.6722679, 51.2901698], [23.673291, 51.2903016], [23.6735906, 51.2904749], [23.6738513, 51.2907135], [23.6743343, 51.2910006], [23.6746174, 51.2911048], [23.674893, 51.2910815], [23.6756075, 51.2909464], [23.6760102, 51.2909337], [23.6761624, 51.2911643], [23.6762672, 51.2915379], [23.6765018, 51.2919372], [23.6768205, 51.2921438], [23.6773983, 51.2924356], [23.6778393, 51.2924665], [23.6781474, 51.2923617], [23.6782612, 51.2920929], [23.6779952, 51.2917266], [23.6774376, 51.2912488], [23.6771344, 51.2909208], [23.6771477, 51.2905631], [23.6773818, 51.2903941], [23.6777595, 51.2903681], [23.6780644, 51.2905132], [23.6784134, 51.2908779], [23.6787682, 51.2911766], [23.6793013, 51.2914195], [23.67996, 51.2916511], [23.6804931, 51.2917725], [23.6808107, 51.2918354], [23.6810246, 51.2917928], [23.681157, 51.2916837], [23.6811645, 51.2915226], [23.6811384, 51.2911021], [23.6811831, 51.2907198], [23.6813571, 51.2905079], [23.68163, 51.2903555], [23.6821801, 51.2902906], [23.6826403, 51.2903705], [23.6832926, 51.2906849], [23.6837852, 51.290994], [23.6842827, 51.2911553], [23.6847588, 51.2911919], [23.6851254, 51.2911131], [23.6853318, 51.2910129], [23.6855409, 51.2908359], [23.6856904, 51.2906393], [23.6856686, 51.2903625], [23.6854122, 51.2900594], [23.6849105, 51.2896608], [23.6846892, 51.2894415], [23.6843423, 51.2891021], [23.6841699, 51.2888463], [23.6841992, 51.2886696], [23.6843455, 51.2884084], [23.6846604, 51.2882896], [23.6849706, 51.2883948], [23.68555, 51.2885076], [23.6860687, 51.2884403], [23.686373, 51.2882048], [23.6865959, 51.2877772], [23.6867699, 51.2875992], [23.6869944, 51.2872705], [23.6874669, 51.2867228], [23.6879467, 51.2864376], [23.6884623, 51.2863568], [23.6891066, 51.2864908], [23.6895657, 51.286802], [23.6899179, 51.2868985], [23.6907, 51.286768], [23.691523, 51.2865564], [23.6922796, 51.2866219], [23.6927579, 51.2867677], [23.6931191, 51.2870485], [23.6935468, 51.2876172], [23.6938836, 51.2878824], [23.6944779, 51.2882018], [23.694953, 51.2884503], [23.6951642, 51.2887701], [23.6950466, 51.2891158], [23.6944231, 51.2899446], [23.6940406, 51.2905165], [23.6939826, 51.2910442], [23.6942098, 51.2914475], [23.6945614, 51.2916734], [23.6947237, 51.2917], [23.6950112, 51.2916376], [23.6953233, 51.2914119], [23.6953946, 51.2910705], [23.6953914, 51.2905777], [23.6954441, 51.2901446], [23.6955877, 51.2897742], [23.6959064, 51.289542], [23.6966188, 51.2891341], [23.6968874, 51.2889374], [23.6968427, 51.2887242], [23.6965379, 51.2885335], [23.6962048, 51.2883695], [23.6955935, 51.2879832], [23.695252, 51.2875117], [23.6951748, 51.2870811], [23.6952999, 51.2866416], [23.6955191, 51.2862979], [23.6961155, 51.2857009], [23.6964459, 51.2851945], [23.6965984, 51.284465], [23.6968841, 51.2836647], [23.6972953, 51.2832021], [23.6977114, 51.2829506], [23.6983673, 51.282704], [23.6993915, 51.2824155], [23.6997692, 51.2822721], [23.6999655, 51.2820884], [23.7002528, 51.2817037], [23.7006167, 51.2814937], [23.7009891, 51.2815483], [23.701228, 51.2817513], [23.7014908, 51.2820358], [23.7018202, 51.2821922], [23.7021601, 51.2822488], [23.7026624, 51.2822698], [23.7031662, 51.2821986], [23.7036535, 51.2819932], [23.7040839, 51.2817816], [23.7044888, 51.2814209], [23.7047202, 51.2810648], [23.7048165, 51.2809134], [23.7050213, 51.2803008], [23.7052847, 51.2796607], [23.7055044, 51.2792748], [23.7058715, 51.2789449], [23.7066443, 51.2786465], [23.7077601, 51.2783918], [23.7084575, 51.2781753], [23.7090978, 51.2778388], [23.709313, 51.2774967], [23.7093115, 51.2770971], [23.7090768, 51.2766523], [23.7088092, 51.2764207], [23.7083719, 51.2761967], [23.7077952, 51.2760862], [23.7072291, 51.2761398], [23.7066779, 51.2762603], [23.7059784, 51.2762243], [23.7041555, 51.2759022], [23.7040864, 51.2749946], [23.7031193, 51.2745192], [23.7017376, 51.274087], [23.6998723, 51.2742599], [23.6962799, 51.2713641], [23.6944146, 51.2731794], [23.6905459, 51.2740438], [23.6874371, 51.2745624], [23.6805286, 51.2742599], [23.6744492, 51.2742167], [23.6706496, 51.2742167], [23.6642938, 51.2748649], [23.658698, 51.2762479], [23.6531712, 51.2769394], [23.6531712, 51.2751675], [23.652204, 51.2749514], [23.6526185, 51.274087], [23.6517204, 51.2738277], [23.6515823, 51.2730497], [23.6524113, 51.2725743], [23.6508223, 51.2717099], [23.6514441, 51.2708455], [23.6525495, 51.2708023], [23.6535857, 51.2701539], [23.6516514, 51.2696352], [23.6510296, 51.268036], [23.6483353, 51.269203], [23.6441212, 51.2690301], [23.6280936, 51.2647075], [23.6102007, 51.2652695], [23.6052957, 51.2655289], [23.6056119, 51.2698027], [23.6056411, 51.2701971], [23.6058484, 51.2749082], [23.6054339, 51.2761615], [23.6023251, 51.2763343], [23.6021813, 51.2758392], [23.6021869, 51.2757725], [23.5992085, 51.2757909], [23.5975583, 51.2743895], [23.5954857, 51.2732226], [23.5942422, 51.2712777], [23.5931112, 51.2710689], [23.5923282, 51.2750992], [23.5926079, 51.2762558], [23.592841, 51.2762709], [23.5927472, 51.2765788], [23.5927313, 51.2766294], [23.5934564, 51.2768265], [23.5933802, 51.2770333], [23.5922163, 51.2790642], [23.5921246, 51.2791889], [23.591913, 51.2797415], [23.5915786, 51.2804619], [23.5914951, 51.2807377], [23.5914376, 51.2811003], [23.5915807, 51.2819343], [23.5916019, 51.2823857], [23.5915434, 51.2826951], [23.591341, 51.2832213], [23.5909591, 51.2838679], [23.590369, 51.2844555], [23.5898445, 51.285202], [23.589602, 51.2857719], [23.589466, 51.2859227], [23.5885683, 51.2878579], [23.5884286, 51.2882227], [23.5876663, 51.2896083], [23.5863261, 51.2922759], [23.5857191, 51.2933426], [23.5834899, 51.2963679], [23.5824379, 51.2972123], [23.5820091, 51.2975998], [23.5796973, 51.3006904], [23.5694079, 51.2995007], [23.5670815, 51.2992749], [23.5655797, 51.2993256], [23.5636609, 51.2994668], [23.5598307, 51.2957999], [23.5595179, 51.2957909], [23.5589367, 51.2949343], [23.5575989, 51.2949297], [23.5564256, 51.2944184], [23.555807, 51.2945294], [23.5557189, 51.2953047], [23.5557247, 51.2953422], [23.554521, 51.2954373], [23.5552987, 51.2987863], [23.5594955, 51.3167894], [23.5589735, 51.3168567], [23.5584814, 51.3169541], [23.5581235, 51.3170504], [23.5568661, 51.3173103], [23.5557967, 51.3175163], [23.5536522, 51.3178951], [23.5532421, 51.3179441], [23.5525055, 51.3180975], [23.5450824, 51.3193728], [23.5420485, 51.3198497], [23.5415622, 51.3199371], [23.539427, 51.320321], [23.5381372, 51.3205237], [23.5341663, 51.3211477], [23.5218302, 51.3233668], [23.5209917, 51.3241445], [23.5133995, 51.3248408], [23.5124421, 51.3248816], [23.5122313, 51.3248714], [23.5109066, 51.3249651], [23.5086537, 51.3250565], [23.5079536, 51.3251882], [23.5075084, 51.3253841], [23.5071365, 51.3255916], [23.5063814, 51.3262197], [23.5055635, 51.3272847], [23.5046801, 51.3282582], [23.5030076, 51.3320347], [23.503395, 51.3337194], [23.5036725, 51.3345536], [23.5044118, 51.3365864], [23.5044818, 51.3377342], [23.5040608, 51.3391928], [23.5033408, 51.3408389], [23.5027665, 51.3420078], [23.5015594, 51.3439629], [23.4999719, 51.3474218], [23.4995436, 51.3479969], [23.5014942, 51.3478636], [23.505658, 51.34749], [23.5111362, 51.3470481], [23.5062402, 51.3552471], [23.507937, 51.3577153], [23.5086999, 51.3578375], [23.5086209, 51.3581272], [23.5086801, 51.3583734], [23.5074509, 51.3597591], [23.5071343, 51.3601853], [23.5060885, 51.3604608], [23.5063351, 51.3609241], [23.5029921, 51.3611959], [23.4972539, 51.3631859], [23.4948676, 51.3642197], [23.4949352, 51.364521], [23.49361, 51.3650585], [23.4933413, 51.3653874], [23.4932642, 51.3656783], [23.4929827, 51.3659749], [23.4926092, 51.3659683], [23.4926488, 51.3661853], [23.4919943, 51.3664106], [23.4913881, 51.3671872], [23.4909056, 51.3674789], [23.4905202, 51.3675656], [23.4905363, 51.3677955], [23.4901355, 51.3679638], [23.4886896, 51.3683193], [23.4883808, 51.368695], [23.4878231, 51.3687815], [23.4874467, 51.3688947], [23.4847878, 51.3694309], [23.4844113, 51.3698083], [23.4840556, 51.3702027], [23.4811823, 51.3716924], [23.4810795, 51.3718166], [23.4800541, 51.3721215], [23.4800654, 51.3726329], [23.4796871, 51.3730402], [23.4792431, 51.3734726], [23.4780606, 51.3740434], [23.4779578, 51.3741065], [23.476732, 51.3735068], [23.4752731, 51.3726744], [23.470252, 51.3711841], [23.4667733, 51.3701596], [23.4658326, 51.3696922], [23.4650745, 51.3687641], [23.4649267, 51.3681247], [23.4652118, 51.3642148], [23.4650122, 51.3636072], [23.4624012, 51.3608181], [23.4616398, 51.3585172], [23.4627929, 51.3561726], [23.4604032, 51.3554128], [23.4605506, 51.3552318], [23.4581388, 51.354462], [23.4580429, 51.3544258], [23.459003, 51.3537343], [23.4596154, 51.3533748], [23.4618306, 51.3523061], [23.463889, 51.3509139], [23.4632415, 51.350045], [23.4623171, 51.3487358], [23.4619623, 51.3482187], [23.4619622, 51.3480132], [23.461521, 51.3478025], [23.461271, 51.3477805], [23.4606763, 51.3478059], [23.4601455, 51.3479017], [23.4596694, 51.3478731], [23.4593229, 51.3480469], [23.4580971, 51.348261], [23.4580712, 51.348567], [23.4577217, 51.3486867], [23.457341, 51.3487443], [23.4568904, 51.3488293], [23.4563558, 51.3492798], [23.45476, 51.349852], [23.4543994, 51.349805], [23.4533647, 51.3501288], [23.4519868, 51.349392], [23.4515408, 51.3495217], [23.4515537, 51.3496043], [23.4514461, 51.3500485], [23.4507281, 51.3507313], [23.4505698, 51.3507944], [23.4503565, 51.3510451], [23.4496485, 51.3515065], [23.4488322, 51.3518794], [23.4483397, 51.3523187], [23.4481921, 51.3524134], [23.4478895, 51.3525263], [23.4473677, 51.3529434], [23.4468464, 51.3531237], [23.4465963, 51.3533103], [23.4462909, 51.3538079], [23.4461126, 51.3538869], [23.4460854, 51.3539298], [23.4458274, 51.3540931], [23.445615, 51.3541533], [23.4451825, 51.3545506], [23.4445956, 51.3549069], [23.4432962, 51.3557572], [23.4421279, 51.3562865], [23.4417564, 51.356314], [23.4416493, 51.3563363], [23.4408171, 51.3567075], [23.440271, 51.3568221], [23.4395939, 51.3569577], [23.4392155, 51.3570541], [23.4388236, 51.3571194], [23.4381716, 51.3571795], [23.4373625, 51.3572091], [23.4372114, 51.3578675], [23.4370793, 51.3582877], [23.4361346, 51.3593127], [23.4358626, 51.3595794], [23.4355687, 51.3602449], [23.435385, 51.3607145], [23.4350668, 51.3613797], [23.4346408, 51.3618977], [23.4318238, 51.3639081], [23.43119, 51.3636509], [23.4298963, 51.3637953], [23.4267117, 51.3617121], [23.4246766, 51.3618845], [23.4209181, 51.3612962], [23.4199134, 51.3611225], [23.4186272, 51.3609218], [23.4158691, 51.3606769], [23.4140489, 51.3603945], [23.4114709, 51.3596571], [23.4093748, 51.3591282], [23.4028226, 51.3569801], [23.4018172, 51.3566614], [23.4007313, 51.3568056], [23.3998833, 51.3568448], [23.3984525, 51.3566592], [23.3964191, 51.3548736], [23.3953564, 51.3542718], [23.3937494, 51.3538436], [23.3929595, 51.3533361], [23.3908908, 51.3532379], [23.3891227, 51.3529006], [23.3858568, 51.3529293], [23.375913, 51.3546458], [23.3730277, 51.354671], [23.3704157, 51.3548548], [23.3690593, 51.3550781], [23.3675393, 51.3549187], [23.3669092, 51.3546134], [23.3653727, 51.3540717], [23.3651631, 51.3539184], [23.3634329, 51.3527186], [23.3620435, 51.3527129], [23.3548632, 51.3512716], [23.3541815, 51.349997], [23.3531508, 51.3496553], [23.3523352, 51.3496287], [23.350412, 51.3499086], [23.3503191, 51.3499221], [23.3502995, 51.350605], [23.3474754, 51.3513267], [23.3472701, 51.3513792], [23.3443107, 51.3522678], [23.341043, 51.353139], [23.3372133, 51.3531468], [23.3333828, 51.353024], [23.3318289, 51.3540861], [23.329837, 51.3549405], [23.3256188, 51.3576113], [23.324368, 51.3580379], [23.3229766, 51.3585975], [23.3219912, 51.3588152], [23.3193272, 51.358855], [23.3161732, 51.3593738], [23.3161559, 51.3590848], [23.3157333, 51.3591202], [23.3124981, 51.3594217], [23.3056613, 51.3600678], [23.3032724, 51.3603175], [23.2963602, 51.3610671], [23.2924193, 51.3614816], [23.2879431, 51.3619932], [23.2850077, 51.3623178], [23.2850173, 51.3617637], [23.2846625, 51.3604613], [23.2847386, 51.3599933], [23.2847891, 51.3567461], [23.2844795, 51.3534932], [23.2842685, 51.3506315], [23.2841357, 51.3483557], [23.2840134, 51.3469163], [23.2840164, 51.3463502], [23.283714, 51.3453019], [23.282996, 51.3444442], [23.2821284, 51.3433823], [23.2812061, 51.3423029], [23.2746156, 51.3336047], [23.2743108, 51.3334271], [23.2731771, 51.332956], [23.2722511, 51.3325973], [23.2719817, 51.3322979], [23.2712597, 51.3317538], [23.2711733, 51.3316833], [23.2707813, 51.3315998], [23.2701713, 51.3311533], [23.2701364, 51.3308383], [23.2699509, 51.3303805], [23.2695101, 51.3300231], [23.2692038, 51.3298032], [23.2680391, 51.3306138], [23.2675196, 51.3303259], [23.2676801, 51.3301903], [23.2671677, 51.3295545], [23.2662199, 51.3290979], [23.2654925, 51.3288274], [23.2631603, 51.3284249], [23.2626123, 51.3282209], [23.2619078, 51.3281513], [23.261202, 51.328227], [23.2602188, 51.3279459], [23.2597296, 51.327742], [23.2589082, 51.3276354], [23.2579807, 51.3275405], [23.25637, 51.3276102], [23.2553522, 51.3275868], [23.2540654, 51.3273672], [23.2528451, 51.3272013], [23.2517028, 51.3271538], [23.251118, 51.3272021], [23.2504538, 51.3272569], [23.2502767, 51.3272619], [23.2497825, 51.3272757], [23.247548, 51.327444], [23.2460338, 51.3276325], [23.2455042, 51.3276714], [23.2415192, 51.3270185], [23.2403785, 51.3269302], [23.2397968, 51.3270785], [23.2380474, 51.3274046], [23.237648, 51.3275564], [23.2371222, 51.3276244], [23.2357086, 51.3278072], [23.2345078, 51.3280438], [23.2340366, 51.3281652], [23.2327161, 51.3299266], [23.2320663, 51.3305558], [23.2315279, 51.3308712], [23.2308959, 51.3315473], [23.2296511, 51.3326911], [23.2289963, 51.3330983], [23.2282953, 51.3338492], [23.2273414, 51.3352684], [23.2267132, 51.3360827], [23.2260153, 51.3366643], [23.2250614, 51.3379568], [23.2223828, 51.3416972], [23.2212995, 51.3432228], [23.2210638, 51.34345], [23.2199962, 51.3447087], [23.2194544, 51.3453423], [23.2187332, 51.346366], [23.2166655, 51.3489947], [23.2153872, 51.3496907], [23.2150435, 51.3500747], [23.2148074, 51.3502441], [23.2146238, 51.3502693], [23.21434, 51.3503699], [23.2133623, 51.3505974], [23.2125446, 51.3510424], [23.2111021, 51.3514611], [23.210218, 51.3517403], [23.2095204, 51.3521435], [23.2088464, 51.3523703], [23.2082789, 51.3524761], [23.2074854, 51.3527039], [23.207045, 51.3528693], [23.2067868, 51.3529882], [23.2065717, 51.3530731], [23.2062943, 51.3531373], [23.2056612, 51.3532024], [23.2051486, 51.353347], [23.2046108, 51.3534651], [23.2037155, 51.3535715], [23.2031411, 51.3536007], [23.2027152, 51.3536458], [23.2023379, 51.3537254], [23.2019356, 51.3538575], [23.2010631, 51.3542102], [23.2000417, 51.3548942], [23.1996951, 51.3550503], [23.1994113, 51.3551695], [23.1992593, 51.3552758], [23.1983974, 51.3562467], [23.1978191, 51.3567379], [23.1974989, 51.3569566], [23.1962961, 51.3574391], [23.19591, 51.3576077], [23.1952342, 51.3580119], [23.1951974, 51.3580341], [23.1945998, 51.3579063], [23.194002, 51.3576963], [23.1937927, 51.3575334], [23.1912554, 51.3577246], [23.1872615, 51.3553271], [23.1872237, 51.3552966], [23.185946, 51.3558768], [23.1839514, 51.3544856], [23.1828149, 51.3546685], [23.1816997, 51.3539042], [23.1805054, 51.3539339], [23.1802822, 51.3539654], [23.1801771, 51.3540697], [23.1801688, 51.3543502], [23.1794146, 51.3549975], [23.1786346, 51.355554], [23.1801183, 51.3574121], [23.1785892, 51.3579662], [23.1753, 51.3558261], [23.1660409, 51.3619411], [23.1718886, 51.368161], [23.1641673, 51.3734315], [23.1641382, 51.3734513], [23.163334, 51.3730857], [23.1623921, 51.3724773], [23.1622667, 51.3717221], [23.1601526, 51.3699396], [23.1588047, 51.3698324], [23.1559744, 51.3691531], [23.15467, 51.36794], [23.1553017, 51.3660075], [23.1553324, 51.3648014], [23.1548028, 51.3635072], [23.1422707, 51.3610962], [23.1418177, 51.3636755], [23.1398659, 51.3662992], [23.1372809, 51.3651875], [23.1365131, 51.3647922], [23.1360656, 51.3645721], [23.1357837, 51.3644293], [23.1338072, 51.3632611], [23.131114, 51.3619193], [23.1283552, 51.360634], [23.1263413, 51.359756], [23.1262938, 51.3607199], [23.1266007, 51.3623731], [23.1276452, 51.3624323], [23.128014, 51.3638897], [23.1285109, 51.3643355], [23.1279868, 51.3656493], [23.1281447, 51.3660304], [23.1280025, 51.3667259], [23.1270074, 51.3666724], [23.1256482, 51.3659555], [23.1182963, 51.3645363], [23.1189943, 51.3717253], [23.1188547, 51.3729351], [23.1153416, 51.371609], [23.1138293, 51.3710041], [23.1126893, 51.3703294], [23.1119448, 51.3698641], [23.1117587, 51.3696314], [23.1106652, 51.3692359], [23.1097346, 51.3687474], [23.1086179, 51.3679796], [23.1074779, 51.367491], [23.1071291, 51.3627909], [23.1040134, 51.362834], [23.1003236, 51.3621755], [23.099505, 51.3618526], [23.0997414, 51.3677], [23.0914571, 51.3670557], [23.0911288, 51.3688187], [23.0911123, 51.3689099], [23.0906864, 51.3712613], [23.0908634, 51.3713642], [23.0919793, 51.3715476], [23.0926172, 51.3719187], [23.0929304, 51.37216], [23.0931611, 51.3725326], [23.093549, 51.3729252], [23.0938759, 51.3734301], [23.0941174, 51.3740779], [23.0942074, 51.374716], [23.094335, 51.3749338], [23.0943979, 51.3752982], [23.0943486, 51.3765057], [23.0942166, 51.376867], [23.0938795, 51.377777], [23.0935541, 51.3782179], [23.0931776, 51.3785516], [23.0931631, 51.3785806], [23.0929681, 51.3786585], [23.0925496, 51.3787781], [23.091768, 51.3785819], [23.0913643, 51.3789524], [23.0898427, 51.3797286], [23.0896282, 51.3798296], [23.0893905, 51.3799749], [23.0892678, 51.3800668], [23.0890806, 51.3801281], [23.0886665, 51.3801859], [23.0878231, 51.3807478], [23.0871909, 51.3810454], [23.0866309, 51.3811844], [23.0860498, 51.3812753], [23.0858174, 51.38128], [23.0855284, 51.381143], [23.0847244, 51.3813275], [23.0837378, 51.3817695], [23.0834409, 51.3819121], [23.0832235, 51.3820329], [23.0839559, 51.3824106], [23.0855705, 51.3832513], [23.0881714, 51.3846418], [23.0876386, 51.3862077], [23.0871746, 51.3875879], [23.08681, 51.3886768], [23.0864754, 51.3899935], [23.0860798, 51.390788], [23.0858414, 51.3912873], [23.0851684, 51.3919342], [23.0841597, 51.3926778], [23.0830366, 51.393701], [23.0826114, 51.3941424], [23.0821291, 51.3945382], [23.0816325, 51.3948106], [23.0800415, 51.395548], [23.0794131, 51.3957859], [23.0789412, 51.3958993], [23.0780986, 51.3960901], [23.0776008, 51.3961756], [23.0758198, 51.3962825], [23.07531, 51.396325], [23.0735004, 51.3965088], [23.0718617, 51.3967266], [23.0713211, 51.3968156], [23.0696559, 51.397153], [23.0683945, 51.3974801], [23.0680287, 51.3975889], [23.0659413, 51.3977668], [23.0650882, 51.3977675], [23.0642254, 51.3977011], [23.062951, 51.3975094], [23.0624997, 51.3974942], [23.0616309, 51.397465], [23.0609312, 51.3974301], [23.0577007, 51.3983249], [23.0572178, 51.3986443], [23.0565525, 51.3992166], [23.0562633, 51.3995005], [23.0564984, 51.3995535], [23.0573164, 51.3995866], [23.0575726, 51.3996199], [23.0582213, 51.3998044], [23.0588594, 51.3999039], [23.0592944, 51.4002224], [23.0605354, 51.4012393], [23.0607982, 51.4014829], [23.0623092, 51.4027348], [23.0624998, 51.4028913], [23.063467, 51.4036863], [23.0649312, 51.4048818], [23.0662331, 51.4059722], [23.0680945, 51.4075306], [23.0692096, 51.4084846], [23.0700517, 51.4094775], [23.0721932, 51.412157], [23.0736422, 51.4138778], [23.0716294, 51.415853], [23.0709709, 51.4164181], [23.0706895, 51.4166686], [23.0691718, 51.4180202], [23.0684416, 51.418661], [23.0668848, 51.4196404], [23.0636444, 51.4214976], [23.0624999, 51.4202173], [23.0617811, 51.4194132], [23.0602568, 51.4177052], [23.0601821, 51.4174367], [23.0624493, 51.4166668], [23.063714, 51.4162372], [23.0615952, 51.413845], [23.0584667, 51.4153659], [23.0546349, 51.4112723], [23.0524888, 51.4090446], [23.0516626, 51.4089445], [23.0539959, 51.4114242], [23.0530421, 51.4116496], [23.0524826, 51.4118819], [23.0499122, 51.4092337], [23.0443511, 51.4114791], [23.0462741, 51.4129855], [23.0486145, 51.4148051], [23.0509787, 51.4166365], [23.0510207, 51.4166692], [23.0533518, 51.4184829], [23.0509076, 51.4195253], [23.051301, 51.420005], [23.0483828, 51.4212841], [23.0478118, 51.4215829], [23.0465012, 51.4221623], [23.0452763, 51.4226793], [23.0444974, 51.4230147], [23.0444919, 51.4230867], [23.0443829, 51.423129], [23.0398112, 51.425131], [23.0365986, 51.4265411], [23.0355831, 51.4269779], [23.033185, 51.4280237], [23.0313435, 51.428492], [23.0311647, 51.4284824], [23.0297673, 51.4288355], [23.0297635, 51.4289201], [23.029142, 51.4290868], [23.0292038, 51.429458], [23.0288651, 51.4300544], [23.0294488, 51.4318872], [23.0292165, 51.4333018], [23.0281139, 51.4340681], [23.0270586, 51.4345575], [23.0248773, 51.4349576], [23.0232929, 51.4347734], [23.0224796, 51.4350326], [23.0218081, 51.4352464], [23.0198434, 51.4345379], [23.0186554, 51.4330063], [23.0178197, 51.4321487], [23.0175051, 51.4306217], [23.017718, 51.4302081], [23.0175937, 51.4298847], [23.0174134, 51.4294984], [23.0163724, 51.4285803], [23.0161756, 51.4288596], [23.0148869, 51.4276992], [23.0136132, 51.426615], [23.0123633, 51.4254459], [23.0108109, 51.4240281], [23.0096275, 51.4229289], [23.0085509, 51.4218801], [23.0039169, 51.4174912], [23.0033935, 51.4176727], [23.0015995, 51.418126], [23.0, 51.4185376], [22.9984791, 51.4189288], [22.9982193, 51.4189435], [22.9961514, 51.4196022], [22.9935779, 51.4203812], [22.9913324, 51.4209553], [22.9895061, 51.4214128], [22.9872743, 51.4216917], [22.9839918, 51.4220953], [22.9812203, 51.4238639], [22.9812636, 51.4242992], [22.9814991, 51.4248717], [22.9817816, 51.4254443], [22.9816403, 51.4261343], [22.9808163, 51.4265894], [22.9805102, 51.4271472], [22.9807221, 51.4277491], [22.9812872, 51.4289235], [22.9826805, 51.4301696], [22.9829824, 51.4312429], [22.9829118, 51.4323878], [22.9828882, 51.4345749], [22.9825586, 51.4356024], [22.9818287, 51.4381856], [22.9806515, 51.4407393], [22.9800864, 51.4411208], [22.9801806, 51.4416785], [22.9797568, 51.4419133], [22.979592, 51.4423683], [22.9791681, 51.4429553], [22.9789562, 51.443557], [22.9787914, 51.444144], [22.9779674, 51.4447456], [22.9771433, 51.4451859], [22.977002, 51.4455674], [22.9765076, 51.4458609], [22.9761309, 51.4462718], [22.9764369, 51.4478419], [22.9761073, 51.4488104], [22.9757071, 51.449544], [22.975919, 51.4501897], [22.9757306, 51.4505565], [22.9775436, 51.4505418], [22.9781086, 51.450938], [22.9783676, 51.4519357], [22.9782028, 51.4525079], [22.9786266, 51.4531975], [22.9785795, 51.4540191], [22.9782734, 51.4543859], [22.9775671, 51.4544446], [22.9776377, 51.4551782], [22.9771904, 51.4555303], [22.9758954, 51.4598435], [22.9757306, 51.460665], [22.9754245, 51.4610757], [22.975401, 51.4616332], [22.9750495, 51.4620754], [22.9750836, 51.4623164], [22.9749536, 51.4625133], [22.9756835, 51.4647136], [22.9745298, 51.4652563], [22.9737764, 51.4654177], [22.9723402, 51.4661071], [22.972246, 51.4670165], [22.9724108, 51.4679259], [22.9728346, 51.4683219], [22.972764, 51.4689672], [22.9729578, 51.4697126], [22.9747417, 51.4692899], [22.979898, 51.4687032], [22.9851485, 51.4682779], [22.9855488, 51.4692459], [22.9892218, 51.4689086], [22.9900336, 51.4707604], [22.9909641, 51.4728831], [22.9945664, 51.4720178], [22.9944252, 51.4715925], [22.9945344, 51.4715853], [22.9948725, 51.4715632], [22.9948961, 51.4711965], [22.9946371, 51.4707272], [22.9952728, 51.4703606], [22.9973918, 51.4757869], [22.9996992, 51.4765201], [23.0013003, 51.4766374], [23.0054912, 51.4762561], [23.0066685, 51.4757869], [23.0096351, 51.4700086], [23.0076103, 51.4671925], [23.0093526, 51.4674858], [23.0122721, 51.4673392], [23.0159451, 51.4717685], [23.0173578, 51.4759628], [23.0139203, 51.477048], [23.0145795, 51.4781332], [23.0139203, 51.4791889], [23.014815, 51.4811538], [23.0130256, 51.4807433], [23.0114716, 51.4809192], [23.0116129, 51.4814471], [23.0067626, 51.4799808], [23.0054912, 51.4799808], [23.004832, 51.4801567], [23.0052087, 51.480538], [23.0024775, 51.4815351], [23.001159, 51.4813298], [23.0036547, 51.4874292], [23.0025246, 51.4947005], [23.0072335, 51.497896], [23.0088817, 51.4992738], [23.0097293, 51.4992444], [23.0107182, 51.4981891], [23.0118954, 51.497896], [23.0139674, 51.4978373], [23.0144853, 51.4982477], [23.0145795, 51.498834], [23.0138261, 51.4999187], [23.0163218, 51.499391], [23.0171694, 51.4998894], [23.0235736, 51.4984529], [23.02428, 51.499479], [23.018535, 51.5007395], [23.0170282, 51.5029965], [23.0143773, 51.5065411], [23.0121376, 51.5095356], [23.0119425, 51.5097964], [23.0033519, 51.5132673], [23.0031933, 51.5132316], [23.0031275, 51.5134138], [23.0056145, 51.514045], [23.0068465, 51.5153711], [23.0065469, 51.5164486], [23.0056478, 51.5169045], [23.005781, 51.517381], [23.0065136, 51.5180648], [23.0071462, 51.5192458], [23.0074459, 51.5205926], [23.0011705, 51.5229842], [22.9936843, 51.5258406], [22.9702986, 51.5254543], [22.969339, 51.5258992], [22.9677479, 51.5258068], [22.9676181, 51.5258371], [22.9671497, 51.5262202], [22.9655708, 51.5265506], [22.965367, 51.5265304], [22.9648199, 51.5269633], [22.9628937, 51.5277289], [22.9626307, 51.528081], [22.9626485, 51.528172], [22.9629964, 51.5286151], [22.9624702, 51.5296154], [22.9623264, 51.5296898], [22.9613343, 51.5299749], [22.9610715, 51.5310013], [22.9610017, 51.531104], [22.9604179, 51.5314198], [22.9602094, 51.5315013], [22.9585846, 51.5315642], [22.9572923, 51.5313689], [22.9556504, 51.5312582], [22.9553142, 51.5311325], [22.9533966, 51.5309721], [22.9530236, 51.5310546], [22.9520932, 51.5315084], [22.9508685, 51.5314393], [22.9501358, 51.5317332], [22.949891, 51.5319927], [22.9496462, 51.5322833], [22.9493687, 51.5329156], [22.9486376, 51.5323359], [22.9486465, 51.5323196], [22.9432899, 51.5349206], [22.9420875, 51.5363744], [22.9436428, 51.5367968], [22.9429681, 51.5372269], [22.9410662, 51.5377282], [22.939182, 51.5387715], [22.9381514, 51.5399325], [22.9352751, 51.5408938], [22.9344832, 51.5406433], [22.9337802, 51.5408011], [22.9328054, 51.5407355], [22.9321948, 51.5403405], [22.9310264, 51.5400154], [22.9309168, 51.5400275], [22.9296144, 51.5406396], [22.9285884, 51.5413467], [22.9237814, 51.5426741], [22.9227218, 51.5433885], [22.9211715, 51.5439194], [22.9215849, 51.5445231], [22.920908, 51.5461182], [22.9187739, 51.5474714], [22.9145319, 51.547948], [22.9133603, 51.5490365], [22.9126454, 51.5507827], [22.9129888, 51.5516891], [22.9135226, 51.5523768], [22.9137023, 51.5523084], [22.9161571, 51.5513732], [22.9160526, 51.5512557], [22.9168507, 51.5509555], [22.9175238, 51.5515579], [22.9174529, 51.5517926], [22.9169886, 51.5520648], [22.9173521, 51.5524349], [22.916498, 51.5546764], [22.915095, 51.5533858], [22.9149165, 51.5533448], [22.914752, 51.5534498], [22.9141972, 51.553804], [22.9150911, 51.5541405], [22.9150758, 51.5542082], [22.9122748, 51.5557531], [22.9108418, 51.5557195], [22.9076516, 51.557178], [22.9066156, 51.5580563], [22.9062272, 51.5588818], [22.9042141, 51.5598714], [22.9024694, 51.5579113], [22.8999289, 51.5589346], [22.8990597, 51.5595887], [22.8984904, 51.5600256], [22.8979841, 51.5602029], [22.8976792, 51.5602653], [22.8947491, 51.560252], [22.8906096, 51.560193], [22.887245, 51.5597463], [22.8829204, 51.5618246], [22.8815208, 51.5624631], [22.8813299, 51.5624414], [22.8804196, 51.5616731], [22.880399, 51.5616084], [22.8787561, 51.5618262], [22.8791989, 51.537747], [22.8781001, 51.5359658], [22.8777306, 51.5359371], [22.8774947, 51.5359187], [22.8768785, 51.5358708], [22.8763813, 51.5358322], [22.8763268, 51.5358279], [22.875966, 51.5357999], [22.8757106, 51.53578], [22.8751699, 51.535738], [22.8754363, 51.5342467], [22.8788659, 51.5345367], [22.8805053, 51.529412], [22.8726393, 51.5313676], [22.8682441, 51.5306012], [22.8643816, 51.5307048], [22.8626168, 51.5303319], [22.8588209, 51.5304976], [22.8508961, 51.5304976], [22.8482323, 51.5304562], [22.8464636, 51.5308208], [22.8439118, 51.5281841], [22.8435026, 51.5277614], [22.8409571, 51.5251311], [22.8404145, 51.5245703], [22.8399729, 51.524114], [22.839575, 51.5237028], [22.8395893, 51.5225954], [22.8395905, 51.5225033], [22.8400407, 51.5221206], [22.8412622, 51.5210823], [22.8418272, 51.5204962], [22.8418273, 51.5204958], [22.8421333, 51.5188554], [22.842068, 51.5188503], [22.8418723, 51.5188352], [22.8422467, 51.5169677], [22.8412928, 51.5169256], [22.836994, 51.5167361], [22.8345519, 51.5166284], [22.8238626, 51.5170679], [22.8230011, 51.5172679], [22.8210082, 51.5177307], [22.8207076, 51.5178005], [22.8183003, 51.5180769], [22.809806, 51.5190522], [22.8055209, 51.5194917], [22.8052669, 51.5195032], [22.8022847, 51.5196382], [22.8022814, 51.5196383], [22.800341, 51.5197261], [22.79874, 51.5195796], [22.7976597, 51.5197837], [22.7961029, 51.5200777], [22.7926089, 51.5203164], [22.7852519, 51.5208191], [22.7853001, 51.5212031], [22.7850604, 51.5228966], [22.785343, 51.5235998], [22.7857197, 51.5252112], [22.7846837, 51.5271741], [22.7847333, 51.528058], [22.7842087, 51.5288059], [22.7840396, 51.5295114], [22.7840715, 51.5308067], [22.7840791, 51.532392], [22.7844813, 51.5337841], [22.7848564, 51.5354139], [22.7849882, 51.5361493], [22.7855525, 51.5370598], [22.7855784, 51.5384225], [22.7860964, 51.5402091], [22.7858139, 51.5421128], [22.7845424, 51.5465056], [22.7852959, 51.5479991], [22.7854371, 51.549229], [22.7855313, 51.5510444], [22.7858435, 51.5539321], [22.785908, 51.5545288], [22.7856255, 51.5566954], [22.7852097, 51.5575178], [22.7847859, 51.5583559], [22.7847712, 51.5587708], [22.7850459, 51.5594537], [22.785051, 51.5597009], [22.7850621, 51.5602446], [22.7850721, 51.5607326], [22.7828472, 51.5609111], [22.7798377, 51.5615673], [22.7784115, 51.5618457], [22.7777411, 51.5619031], [22.7771145, 51.5620016], [22.7769076, 51.5620656], [22.7755425, 51.5625426], [22.7711219, 51.5638385], [22.7610918, 51.5656534], [22.7537458, 51.5665608], [22.7485189, 51.5670584], [22.7466353, 51.5675267], [22.7424914, 51.5681414], [22.7384888, 51.5692829], [22.7261984, 51.5711854], [22.7224206, 51.5729394], [22.7193756, 51.5743259], [22.719142, 51.5744244], [22.7189115, 51.5744628], [22.717438, 51.5743463], [22.7178165, 51.5757217], [22.7172514, 51.5766875], [22.7164509, 51.5777703], [22.7152266, 51.5780922], [22.7135313, 51.578736], [22.7110827, 51.5801698], [22.7075162, 51.5832724], [22.6894721, 51.5892193], [22.6774234, 51.5931899], [22.6771761, 51.5932923], [22.663739, 51.5910922], [22.6552452, 51.5973783], [22.6357053, 51.6119838], [22.6272916, 51.6153091], [22.6245934, 51.6163692], [22.610325, 51.6218844], [22.6156859, 51.6276724], [22.6079942, 51.6345963], [22.598281, 51.6382704], [22.5909792, 51.6397834], [22.5802908, 51.6476765], [22.5734648, 51.6527795], [22.5654401, 51.6550932], [22.5714004, 51.658832], [22.5650073, 51.6604019], [22.5524209, 51.6597615], [22.5477259, 51.6570763], [22.5462941, 51.6573448], [22.5460611, 51.6581091], [22.5468602, 51.6581091], [22.5480589, 51.6587701], [22.5361314, 51.6599071], [22.5355135, 51.6601645], [22.5336572, 51.6608638], [22.537679, 51.6628328], [22.5398011, 51.6638718], [22.5351062, 51.6658751], [22.5346066, 51.6651521], [22.5336078, 51.6637065], [22.5330418, 51.6635413], [22.5323542, 51.6637114], [22.5276492, 51.6648752], [22.5276143, 51.6648838], [22.5267819, 51.6645533], [22.5208549, 51.6663708], [22.5211546, 51.6668871], [22.5116982, 51.6697783], [22.5139957, 51.6721737], [22.5138497, 51.6722236], [22.5071745, 51.6745039], [22.5070903, 51.6745327], [22.5069651, 51.6745744], [22.5010265, 51.6765539], [22.4996928, 51.6770052], [22.4997111, 51.6778727], [22.4972138, 51.6791528], [22.4951827, 51.6797309], [22.492663, 51.6809782], [22.4929881, 51.6811659], [22.4938733, 51.6825068], [22.4918655, 51.6830563], [22.4911727, 51.6831765], [22.4785346, 51.6866698], [22.4784494, 51.6866925], [22.4834475, 51.6944947], [22.4807475, 51.6950477], [22.4671386, 51.698054], [22.4595894, 51.6998155], [22.4539535, 51.7010017], [22.4507985, 51.701994], [22.4490562, 51.7024025], [22.4471255, 51.7033072], [22.4390261, 51.7060212], [22.4358507, 51.7069704], [22.4353102, 51.707132], [22.4318557, 51.7081646], [22.431475, 51.7082784], [22.4310973, 51.7083913], [22.4309575, 51.7084331], [22.4262427, 51.7098392], [22.4257822, 51.70998], [22.4255322, 51.7100547], [22.4245317, 51.7103538], [22.4187596, 51.712079], [22.418233, 51.7122364], [22.4176474, 51.7124114], [22.4055644, 51.7132963], [22.4054083, 51.7133078], [22.405098, 51.7133305], [22.3984076, 51.713809], [22.3983746, 51.7135152], [22.3983815, 51.7130455], [22.3984052, 51.7127296], [22.398552, 51.7118717], [22.398743, 51.7111791], [22.3989635, 51.7104851], [22.3992483, 51.7095571], [22.399677, 51.7082277], [22.3997214, 51.7080956], [22.3997912, 51.7079572], [22.3996496, 51.7079571], [22.399275, 51.7070637], [22.3988993, 51.7063261], [22.3986032, 51.7058175], [22.3978115, 51.7047187], [22.3969417, 51.7034341], [22.3962329, 51.7024137], [22.3957612, 51.701645], [22.3954839, 51.7012523], [22.3949479, 51.7004813], [22.3942753, 51.6993835], [22.3939122, 51.698816], [22.3935239, 51.6982876], [22.3928253, 51.6972346], [22.3914558, 51.6951858], [22.3906158, 51.6939761], [22.3899517, 51.6930035], [22.3890325, 51.6915826], [22.3876965, 51.6897015], [22.3858041, 51.6869858], [22.3851663, 51.686059], [22.3839405, 51.6842688], [22.3828425, 51.6826999], [22.3822307, 51.6818307], [22.3817308, 51.6810811], [22.3810475, 51.6800295], [22.3796913, 51.6781191], [22.3795714, 51.6779502], [22.3794615, 51.6778578], [22.3783587, 51.6763537], [22.3768531, 51.6746075], [22.3763435, 51.6739435], [22.3758881, 51.6733382], [22.3758278, 51.673317], [22.3754393, 51.6727391], [22.3729238, 51.6682226], [22.372866, 51.668204], [22.3707885, 51.6675474], [22.3701602, 51.6673158], [22.3681719, 51.6666621], [22.3676394, 51.6630514], [22.3683843, 51.6630038], [22.3682632, 51.6621382], [22.3679975, 51.6604484], [22.3678172, 51.6590621], [22.3676427, 51.6577509], [22.3651063, 51.6578329], [22.362179, 51.6579538], [22.3621752, 51.6579214], [22.3602758, 51.658018], [22.3589057, 51.6581268], [22.3558135, 51.6582612], [22.3555283, 51.6582802], [22.3552209, 51.6582939], [22.3549029, 51.6582992], [22.3537028, 51.6583516], [22.3525576, 51.6584113], [22.3497513, 51.6585575], [22.3486709, 51.6585989], [22.3480967, 51.6586323], [22.3471682, 51.6586724], [22.3457813, 51.6587436], [22.3454554, 51.6587459], [22.342885, 51.6588825], [22.3418777, 51.6523835], [22.3413048, 51.6490276], [22.3412883, 51.6489318], [22.3401497, 51.642028], [22.3400297, 51.642], [22.3358875, 51.6422321], [22.3362909, 51.6447359], [22.3365215, 51.6458912], [22.336694, 51.6467711], [22.336773, 51.6477756], [22.3371189, 51.6498821], [22.3336009, 51.6501119], [22.3292821, 51.6504077], [22.3245712, 51.6507426], [22.3258471, 51.6594473], [22.3257745, 51.659473], [22.3244339, 51.6594175], [22.3241374, 51.6593752], [22.321328, 51.6592554], [22.3230346, 51.6683805], [22.3233575, 51.670213], [22.3237073, 51.672043], [22.3237315, 51.6720294], [22.3237584, 51.6721084], [22.3241483, 51.6740625], [22.323531, 51.6743658], [22.3221565, 51.6748151], [22.3212536, 51.6753398], [22.3210009, 51.6754705], [22.3209338, 51.6753863], [22.3203593, 51.6748414], [22.3200022, 51.6746452], [22.3186352, 51.6740014], [22.3181832, 51.6734812], [22.3177322, 51.673328], [22.317108, 51.672631], [22.3170396, 51.6724898], [22.3171149, 51.6714266], [22.3165364, 51.6706494], [22.3159842, 51.6703074], [22.3069531, 51.6730719], [22.3072255, 51.6707654], [22.3036473, 51.6718578], [22.3036414, 51.6715514], [22.3034714, 51.670208], [22.3032952, 51.6692654], [22.3031808, 51.6690079], [22.3034508, 51.6687242], [22.303661, 51.6684623], [22.3038196, 51.6681961], [22.3038854, 51.6679836], [22.3039348, 51.6677871], [22.3040061, 51.6672829], [22.3040752, 51.6671749], [22.302392, 51.6673846], [22.3017192, 51.6657097], [22.3010884, 51.6640799], [22.2995841, 51.6625232], [22.300339, 51.6621284], [22.3009711, 51.660668], [22.3009062, 51.6604074], [22.3008692, 51.6601769], [22.3008516, 51.6594206], [22.3001677, 51.6585882], [22.299919, 51.6575388], [22.2992871, 51.6563973], [22.2989113, 51.6554433], [22.2982008, 51.6551448], [22.2977433, 51.6544904], [22.2973073, 51.6538175], [22.2961346, 51.6519784], [22.2955634, 51.6523452], [22.2953221, 51.6526105], [22.2946954, 51.6529533], [22.2945194, 51.6533187], [22.2940462, 51.6537554], [22.2936262, 51.6538435], [22.2934753, 51.6537116], [22.2915626, 51.6543022], [22.2910871, 51.6528036], [22.2898189, 51.648507], [22.2895032, 51.6474283], [22.289446, 51.6464483], [22.2893966, 51.6461761], [22.2893692, 51.6458], [22.2892568, 51.6449918], [22.2892184, 51.6442006], [22.289028, 51.6423976], [22.2890066, 51.6423361], [22.2889936, 51.6419631], [22.288936, 51.641439], [22.2889154, 51.6406477], [22.2888894, 51.6403031], [22.288936, 51.640047], [22.2888647, 51.6394531], [22.2889468, 51.6382122], [22.2891118, 51.6376223], [22.2881052, 51.6374535], [22.287639, 51.637388], [22.2871883, 51.6373382], [22.2857049, 51.6372566], [22.2848199, 51.637351], [22.2837416, 51.637366], [22.2824562, 51.6375296], [22.2810032, 51.6377971], [22.2798213, 51.6380509], [22.2777772, 51.6386778], [22.2753167, 51.6393954], [22.2737757, 51.6398651], [22.2728154, 51.640037], [22.2722458, 51.6400019], [22.2719843, 51.6401644], [22.271626, 51.6401948], [22.2698781, 51.6405344], [22.26933, 51.6405638], [22.268192, 51.6405052], [22.267225, 51.6403884], [22.2660173, 51.6402721], [22.2650678, 51.6402942], [22.2638192, 51.6402495], [22.2628946, 51.6403907], [22.2614031, 51.6407856], [22.2616071, 51.6470255], [22.2606555, 51.647224], [22.259348, 51.6474842], [22.2569447, 51.6479703], [22.2520946, 51.6489431], [22.2496359, 51.6494353], [22.2494605, 51.6494872], [22.2480198, 51.6497511], [22.2477587, 51.6498256], [22.2471449, 51.6499606], [22.2455308, 51.6502514], [22.2452045, 51.6502854], [22.2449612, 51.6503394], [22.2447706, 51.6504061], [22.2441535, 51.6505464], [22.2431658, 51.6507366], [22.2427927, 51.6508421], [22.2427639, 51.6508493], [22.2425921, 51.6508467], [22.2418334, 51.6510208], [22.2416433, 51.6510798], [22.2412776, 51.6511308], [22.2406326, 51.6512541], [22.2401394, 51.6513408], [22.2384963, 51.651628], [22.2365077, 51.6520232], [22.2337965, 51.6525943], [22.2323829, 51.6528651], [22.2308611, 51.6531531], [22.2295168, 51.6534377], [22.2238111, 51.6447166], [22.2236148, 51.6449225], [22.223488, 51.6451467], [22.2233546, 51.6453352], [22.2231431, 51.6455208], [22.2230894, 51.6455453], [22.2248936, 51.6481578], [22.2090585, 51.6527002], [22.2096343, 51.6540527], [22.2017373, 51.6567319], [22.1933032, 51.6596962], [22.1924571, 51.6567275], [22.1892278, 51.6554477], [22.1873369, 51.6546599], [22.1887208, 51.654246], [22.1888269, 51.653545]]]}, "properties": {"name": "зона российских войск после подавления восстания: правобережная Мазовия, Подляшье, Люблинщина севернее Вепржа", "source": "повяты OpenStreetMap (ODbL), relations 1753834, 2598346, 1994181, 2695490, 2694646, 2694458, 2703676, 2705938, 1386760, 1386747, 2517728, 2705413, 2704689, 2704641, 2024340, 2705185, 2676719, 2703338, 2703337, 2702535, 295873, 2803334, 1429268, 2803335, 2803337, 2705937, 2706011, 2704834, 2704647, 2670362, 2707289, 2803336, 2803338, 2696345, 2799914, 2706319, 1692832, 2799913, 2792592, 2617226; в пределах контура Речи Посполитой OHM 1793-1795; нарезка 22.09.2026"}}]}